# 
# Wavefront OBJ file
# Created with Kaydara FBX
# 
mtllib donja_klema.mtl

g donja_klema
v 14.673230 -115.224683 -1.450000
v 14.669242 -115.000000 -1.450000
v 14.670239 -115.112381 1.677214
v 14.669242 -115.000000 1.677688
v 14.678214 -115.336941 1.673428
v 14.685190 -115.449084 1.670121
v 14.673230 -115.224683 1.675793
v 14.685190 -115.449084 -1.450000
v 14.694173 -115.561287 1.665869
v 14.705107 -115.672918 1.660704
v 14.705107 -115.672918 -1.450000
v 14.718061 -115.784695 1.654598
v 14.732955 -115.895905 1.647598
v 14.732955 -115.895905 -1.450000
v 14.749862 -116.007115 1.639675
v 14.768699 -116.117763 1.630879
v 14.768699 -116.117763 -1.450000
v 14.789536 -116.228266 1.621187
v 14.812295 -116.338212 1.610646
v 14.812295 -116.338212 -1.450000
v 14.844071 -116.477511 1.596007
v 14.863688 -116.556976 1.587015
v 14.837032 -116.447871 1.599242
v 14.863688 -116.556976 -1.450000
v 14.892291 -116.665651 1.573966
v 14.922812 -116.773777 1.560123
v 14.922812 -116.773777 -1.450000
v 14.955243 -116.881334 1.545506
v 14.989593 -116.988344 1.530126
v 14.989593 -116.988344 -1.450000
v 15.025809 -117.094646 1.514024
v 15.063947 -117.200405 1.497194
v 15.063947 -117.200405 -1.450000
v 15.103900 -117.305320 1.479700
v 15.145781 -117.409694 1.461513
v 15.145781 -117.409694 -1.450000
v 15.189475 -117.513225 1.442703
v 15.234991 -117.615947 1.423286
v 15.157650 -117.438329 1.456387
v 15.234991 -117.615947 -1.450000
v 15.282409 -117.718024 1.403249
v 15.331465 -117.818903 1.382724
v 15.331465 -117.818903 -1.450000
v 15.382457 -117.919197 1.361609
v 15.435081 -118.018308 1.340052
v 15.435081 -118.018308 -1.450000
v 15.489580 -118.116693 1.317976
v 15.545709 -118.213910 1.295504
v 15.474391 -118.089684 1.324103
v 15.545709 -118.213910 -1.450000
v 15.603645 -118.310264 1.272588
v 15.663210 -118.405462 1.249321
v 15.663210 -118.405462 -1.450000
v 15.724506 -118.499666 1.225688
v 15.787434 -118.592723 1.201752
v 15.787434 -118.592723 -1.450000
v 15.852012 -118.684660 1.177529
v 15.918227 -118.775458 1.153048
v 15.794204 -118.602525 1.199196
v 15.918227 -118.775458 -1.450000
v 15.986002 -118.865013 1.128363
v 16.055422 -118.953435 1.103466
v 16.055422 -118.953435 -1.450000
v 16.126307 -119.040497 1.078448
v 16.198847 -119.126431 1.053264
v 16.116734 -119.028922 1.081803
v 16.198847 -119.126431 -1.450000
v 16.272751 -119.210892 1.028042
v 16.348322 -119.294228 1.002700
v 16.348322 -119.294228 -1.450000
v 16.441892 -119.393421 0.971951
v 16.503658 -119.456615 0.952032
v 16.425353 -119.376197 0.977336
v 16.503658 -119.456615 -1.450000
v 16.583535 -119.535784 0.926715
v 16.664660 -119.613386 0.901513
v 16.664660 -119.613386 -1.450000
v 16.769535 -119.709742 0.869690
v 16.831124 -119.764344 0.851397
v 16.747266 -119.689644 0.876376
v 16.831124 -119.764344 -1.450000
v 16.916354 -119.837596 0.826562
v 17.002840 -119.909299 0.801929
v 17.002840 -119.909299 -1.450000
v 17.099546 -119.986477 0.775059
v 17.179593 -120.048068 0.753352
v 17.090585 -119.979455 0.777519
v 17.179593 -120.048068 -1.450000
v 17.269741 -120.115043 0.729483
v 17.361160 -120.180477 0.705898
v 17.361160 -120.180477 -1.450000
v 17.453594 -120.244188 0.682685
v 17.547311 -120.306359 0.659796
v 17.431558 -120.229218 0.688161
v 17.547311 -120.306359 -1.450000
v 17.641915 -120.366728 0.637348
v 17.737813 -120.425554 0.615264
v 17.737813 -120.425554 -1.450000
v 17.834465 -120.482508 0.593686
v 17.932426 -120.537914 0.572509
v 17.765544 -120.442132 0.609003
v 17.932426 -120.537914 -1.450000
v 18.101290 -120.628142 0.537636
v 18.130903 -120.643295 0.531732
v 18.031276 -120.591527 0.551845
v 18.130903 -120.643295 -1.450000
v 18.231572 -120.693356 0.512132
v 18.332995 -120.741567 0.493119
v 18.332995 -120.741567 -1.450000
v 18.435343 -120.788008 0.474676
v 18.438678 -120.789484 0.474088
v 18.538448 -120.832604 -1.450000
v 18.538448 -120.832604 0.456848
v 18.642345 -120.875369 0.439644
v 18.747002 -120.916291 0.423083
v 18.747002 -120.916291 -1.450000
v 18.852317 -120.955330 0.407195
v 18.958396 -120.992525 0.391976
v 18.777317 -120.927747 0.418430
v 18.958396 -120.992525 -1.450000
v 19.117214 -121.044305 0.370659
v 19.172361 -121.061208 0.363667
v 19.064994 -121.027790 0.377475
v 19.172361 -121.061208 -1.450000
v 19.280108 -121.092657 0.350615
v 19.388629 -121.122253 0.338282
v 19.388629 -121.122253 -1.450000
v 19.497388 -121.149850 0.326737
v 19.606928 -121.175585 0.315932
v 19.458150 -121.140130 0.330808
v 19.606928 -121.175585 -1.450000
v 19.799924 -121.215973 0.298901
v 19.826982 -121.221136 0.296717
v 19.716584 -121.199302 0.305942
v 19.826982 -121.221136 -1.450000
v 19.937711 -121.240997 0.288303
v 20.048514 -121.258848 0.280721
v 20.048514 -121.258848 -1.450000
v 20.159842 -121.274762 0.273947
v 20.271244 -121.288674 0.268014
v 20.142345 -121.272394 0.274956
v 20.271244 -121.288674 -1.450000
v 20.383032 -121.300623 0.262909
v 20.485225 -121.309795 0.258986
v 20.494893 -121.310576 -1.450000
v 20.719179 -121.324527 -1.450000
v 20.607000 -121.318548 0.255236
v 20.494893 -121.310576 0.258651
v 20.943818 -121.330509 -1.450000
v 20.831462 -121.328515 0.250963
v 20.719179 -121.324527 0.252673
v 20.828379 -121.328432 0.250998
v 20.943818 -121.330509 0.250107
v 21.056136 -121.330510 0.250107
v 21.168528 -121.328515 -1.450000
v 21.168528 -121.328515 0.250963
v 21.171621 -121.328432 0.250998
v 21.393026 -121.318547 -1.450000
v 21.280740 -121.324531 0.252672
v 21.617028 -121.300617 -1.450000
v 21.504990 -121.310585 0.258647
v 21.514775 -121.309795 0.258986
v 21.393026 -121.318547 0.255237
v 21.840253 -121.274749 -1.450000
v 21.617028 -121.300617 0.262912
v 21.728607 -121.288691 0.268007
v 21.840253 -121.274749 0.273953
v 21.857655 -121.272394 0.274956
v 22.062420 -121.240975 -1.450000
v 21.951687 -121.258817 0.280734
v 22.283247 -121.199337 -1.450000
v 22.173181 -121.221105 0.296730
v 22.200076 -121.215973 0.298901
v 22.062420 -121.240975 0.288312
v 22.502458 -121.149888 -1.450000
v 22.283247 -121.199337 0.305927
v 22.393198 -121.175557 0.315944
v 22.719776 -121.092690 -1.450000
v 22.502458 -121.149888 0.326721
v 22.541850 -121.140130 0.330808
v 22.611459 -121.122230 0.338291
v 22.934926 -121.027816 -1.450000
v 22.827692 -121.061192 0.363674
v 22.882786 -121.044305 0.370659
v 22.719776 -121.092690 0.350602
v 23.147639 -120.955346 -1.450000
v 22.934926 -121.027816 0.377464
v 23.041622 -120.992519 0.391979
v 23.357646 -120.875373 -1.450000
v 23.147639 -120.955346 0.407189
v 23.222683 -120.927747 0.418430
v 23.252980 -120.916298 0.423081
v 23.564682 -120.787997 -1.450000
v 23.461501 -120.832625 0.456840
v 23.561323 -120.789484 0.474088
v 23.357646 -120.875373 0.439643
v 23.768487 -120.693328 -1.450000
v 23.564682 -120.787997 0.474681
v 23.666920 -120.741606 0.493104
v 23.968803 -120.591485 -1.450000
v 23.869037 -120.643326 0.531720
v 23.898710 -120.628142 0.537636
v 23.768487 -120.693328 0.512144
v 24.165379 -120.482598 -1.450000
v 23.968803 -120.591485 0.551861
v 24.067739 -120.537823 0.572544
v 24.357967 -120.366802 -1.450000
v 24.165379 -120.482598 0.593652
v 24.234456 -120.442131 0.609003
v 24.262313 -120.425478 0.615292
v 24.546323 -120.244244 -1.450000
v 24.357967 -120.366802 0.637321
v 24.452779 -120.306300 0.659818
v 24.730211 -120.115078 -1.450000
v 24.546323 -120.244244 0.682665
v 24.568442 -120.229218 0.688162
v 24.638896 -120.180438 0.705913
v 24.909399 -119.979468 -1.450000
v 24.820429 -120.048051 0.753358
v 24.900454 -119.986478 0.775059
v 24.730211 -120.115078 0.729470
v 25.083661 -119.837583 -1.450000
v 24.909399 -119.979468 0.777514
v 24.997151 -119.909306 0.801927
v 25.252778 -119.689603 -1.450000
v 25.168838 -119.764378 0.851385
v 25.230465 -119.709741 0.869690
v 25.083661 -119.837583 0.826567
v 25.416537 -119.535715 -1.450000
v 25.252778 -119.689603 0.876389
v 25.335273 -119.613448 0.901493
v 25.574730 -119.376111 -1.450000
v 25.496248 -119.456709 0.952002
v 25.558109 -119.393420 0.971952
v 25.416537 -119.535715 0.926738
v 25.727160 -119.210993 -1.450000
v 25.574730 -119.376111 0.977363
v 25.651737 -119.294164 1.002720
v 25.873633 -119.040570 -1.450000
v 25.727160 -119.210993 1.028012
v 25.801217 -119.126356 1.053287
v 26.013966 -118.865055 -1.450000
v 25.883267 -119.028921 1.081803
v 25.944615 -118.953389 1.103479
v 25.873633 -119.040570 1.078427
v 26.147981 -118.684671 -1.450000
v 26.013966 -118.865055 1.128351
v 26.081784 -118.775443 1.153052
v 26.275509 -118.499644 -1.450000
v 26.205796 -118.602525 1.199196
v 26.212553 -118.592741 1.201747
v 26.147981 -118.684671 1.177526
v 26.396391 -118.310207 -1.450000
v 26.275509 -118.499644 1.225694
v 26.336757 -118.405514 1.249308
v 26.510473 -118.116600 -1.450000
v 26.396391 -118.310207 1.272602
v 26.454239 -118.213998 1.295483
v 26.617612 -117.919065 -1.450000
v 26.525608 -118.089686 1.324103
v 26.564850 -118.018434 1.340024
v 26.510473 -118.116600 1.317998
v 26.717672 -117.717853 -1.450000
v 26.617612 -117.919065 1.361637
v 26.668453 -117.819068 1.382690
v 26.810529 -117.513216 -1.450000
v 26.717672 -117.717853 1.403283
v 26.765047 -117.615863 1.423302
v 26.896064 -117.305413 -1.450000
v 26.842350 -117.438328 1.456387
v 26.854242 -117.409638 1.461523
v 26.810529 -117.513216 1.442705
v 26.974171 -117.094704 -1.450000
v 26.896064 -117.305413 1.479685
v 26.936060 -117.200384 1.497197
v 27.044750 -116.881357 -1.450000
v 26.974171 -117.094704 1.514015
v 27.010402 -116.988358 1.530124
v 27.107712 -116.665639 -1.450000
v 27.044750 -116.881357 1.545503
v 27.077174 -116.773828 1.560117
v 27.162979 -116.447822 -1.450000
v 27.107712 -116.665639 1.573967
v 27.136290 -116.557063 1.587005
v 27.155930 -116.477509 1.596007
v 27.210481 -116.228181 -1.450000
v 27.162979 -116.447822 1.599247
v 27.187678 -116.338337 1.610633
v 27.250157 -116.006993 -1.450000
v 27.210481 -116.228181 1.621195
v 27.231272 -116.117925 1.630866
v 27.281959 -115.784535 -1.450000
v 27.250157 -116.006993 1.639684
v 27.267029 -115.896019 1.647590
v 27.305845 -115.561089 -1.450000
v 27.281959 -115.784535 1.654608
v 27.294908 -115.672778 1.660711
v 27.321786 -115.336937 -1.450000
v 27.305845 -115.561089 1.665878
v 27.314818 -115.448979 1.670125
v 27.329761 -115.112359 -1.450000
v 27.321786 -115.336937 1.673428
v 27.326773 -115.224614 1.675795
v 27.329761 -115.112359 1.677214
v 27.330758 -114.999966 1.677688
v 27.329761 -114.887641 -1.450000
v 27.326770 -114.775318 1.675793
v 27.321786 -114.663063 1.673428
v 27.329761 -114.887641 1.677214
v 27.321786 -114.663063 -1.450000
v 27.314813 -114.550953 1.670122
v 27.305845 -114.438911 1.665878
v 27.305845 -114.438911 -1.450000
v 27.294901 -114.327153 1.660708
v 27.281959 -114.215465 1.654608
v 27.281959 -114.215465 -1.450000
v 27.267061 -114.104202 1.647605
v 27.250157 -113.993007 1.639684
v 27.250157 -113.993007 -1.450000
v 27.231325 -113.882375 1.630891
v 27.210481 -113.771819 1.621195
v 27.210481 -113.771819 -1.450000
v 27.187659 -113.661574 1.610624
v 27.162979 -113.552178 1.599247
v 27.162979 -113.552178 -1.450000
v 27.136268 -113.442851 1.586995
v 27.107712 -113.334361 1.573967
v 27.155930 -113.522492 1.596007
v 27.107712 -113.334361 -1.450000
v 27.077149 -113.226088 1.560106
v 27.044750 -113.118643 1.545503
v 27.044750 -113.118643 -1.450000
v 27.010375 -113.011559 1.530112
v 26.974171 -112.905296 1.514015
v 26.974171 -112.905296 -1.450000
v 26.936030 -112.799535 1.497184
v 26.896064 -112.694587 1.479685
v 26.896064 -112.694587 -1.450000
v 26.842350 -112.561671 1.456387
v 26.810529 -112.486784 1.442705
v 26.854209 -112.590283 1.461509
v 26.810529 -112.486784 -1.450000
v 26.765014 -112.384065 1.423288
v 26.717672 -112.282147 1.403283
v 26.717672 -112.282147 -1.450000
v 26.668558 -112.181143 1.382733
v 26.617612 -112.080935 1.361637
v 26.617612 -112.080935 -1.450000
v 26.525608 -111.910315 1.324103
v 26.510473 -111.883400 1.317998
v 26.564962 -111.981772 1.340070
v 26.510473 -111.883400 -1.450000
v 26.454338 -111.786170 1.295523
v 26.396391 -111.689793 1.272602
v 26.396391 -111.689793 -1.450000
v 26.336698 -111.594394 1.249285
v 26.275509 -111.500356 1.225694
v 26.275509 -111.500356 -1.450000
v 26.205796 -111.397474 1.199196
v 26.147981 -111.315329 1.177526
v 26.212492 -111.407170 1.201724
v 26.147981 -111.315329 -1.450000
v 26.081720 -111.224471 1.153028
v 26.013966 -111.134945 1.128351
v 26.013966 -111.134945 -1.450000
v 25.883267 -110.971079 1.081803
v 25.873633 -110.959430 1.078427
v 25.944548 -111.046527 1.103456
v 25.873633 -110.959430 -1.450000
v 25.801147 -110.873562 1.053263
v 25.727160 -110.789007 1.028012
v 25.727160 -110.789007 -1.450000
v 25.651700 -110.705795 1.002708
v 25.574730 -110.623889 0.977363
v 25.574730 -110.623889 -1.450000
v 25.496393 -110.543437 0.952048
v 25.416537 -110.464285 0.926738
v 25.558109 -110.606579 0.971952
v 25.416537 -110.464285 -1.450000
v 25.335423 -110.386692 0.901539
v 25.252778 -110.310397 0.876389
v 25.252778 -110.310397 -1.450000
v 25.168993 -110.235758 0.851431
v 25.083661 -110.162417 0.826567
v 25.230465 -110.290258 0.869690
v 25.083661 -110.162417 -1.450000
v 24.997079 -110.090636 0.801907
v 24.909399 -110.020532 0.777514
v 24.909399 -110.020532 -1.450000
v 24.820345 -109.951885 0.753335
v 24.730211 -109.884922 0.729470
v 24.900454 -110.013522 0.775059
v 24.730211 -109.884922 -1.450000
v 24.568442 -109.770782 0.688162
v 24.546323 -109.755756 0.682665
v 24.638809 -109.819501 0.705890
v 24.546323 -109.755756 -1.450000
v 24.452690 -109.693642 0.659797
v 24.357967 -109.633198 0.637321
v 24.357967 -109.633198 -1.450000
v 24.234456 -109.557868 0.609003
v 24.165379 -109.517402 0.593652
v 24.262221 -109.574466 0.615271
v 24.165379 -109.517402 -1.450000
v 24.067643 -109.462124 0.572524
v 23.968803 -109.408515 0.551861
v 23.968803 -109.408515 -1.450000
v 23.869202 -109.356758 0.531753
v 23.768487 -109.306672 0.512144
v 23.898710 -109.371858 0.537636
v 23.768487 -109.306672 -1.450000
v 23.667147 -109.258499 0.493146
v 23.564682 -109.212003 0.474681
v 23.564682 -109.212003 -1.450000
v 23.461729 -109.167471 0.456878
v 23.357646 -109.124627 0.439643
v 23.561322 -109.210516 0.474088
v 23.357646 -109.124627 -1.450000
v 23.222682 -109.072253 0.418430
v 23.147639 -109.044654 0.407189
v 23.252902 -109.083672 0.423068
v 23.147639 -109.044654 -1.450000
v 23.041542 -109.007454 0.391968
v 22.934926 -108.972184 0.377464
v 22.934926 -108.972184 -1.450000
v 22.827611 -108.938784 0.363664
v 22.719776 -108.907310 0.350602
v 22.882786 -108.955695 0.370659
v 22.719776 -108.907310 -1.450000
v 22.541850 -108.859870 0.330808
v 22.502458 -108.850112 0.326721
v 22.611378 -108.877748 0.338282
v 22.502458 -108.850112 -1.450000
v 22.393115 -108.824424 0.315936
v 22.283247 -108.800663 0.305927
v 22.283247 -108.800663 -1.450000
v 22.173097 -108.778879 0.296723
v 22.062420 -108.759025 0.288312
v 22.200076 -108.784027 0.298901
v 21.840253 -108.725251 -1.450000
v 22.062420 -108.759025 -1.450000
v 21.857655 -108.727606 0.274956
v 21.951601 -108.741170 0.280728
v 21.728907 -108.711344 0.268021
v 21.617028 -108.699383 0.262912
v 21.840253 -108.725251 0.273953
v 21.393026 -108.681453 -1.450000
v 21.617028 -108.699383 -1.450000
v 21.505218 -108.689433 0.258655
v 21.514774 -108.690205 0.258986
v 21.168528 -108.671485 -1.450000
v 21.280666 -108.675466 0.252671
v 21.171621 -108.671568 0.250998
v 21.393026 -108.681453 0.255237
v 20.943818 -108.669491 0.250107
v 20.943818 -108.669491 -1.450000
v 21.000000 -108.669242 -1.450000
v 21.168528 -108.671485 0.250963
v 21.056063 -108.669490 0.250107
v 20.719179 -108.675473 -1.450000
v 20.831388 -108.671487 0.250964
v 20.828379 -108.671568 0.250998
v 20.719179 -108.675473 0.252673
v 20.606926 -108.681456 0.255238
v 20.494893 -108.689424 -1.450000
v 20.271244 -108.711326 -1.450000
v 20.485225 -108.690205 0.258986
v 20.494893 -108.689424 0.258651
v 20.382960 -108.699384 0.262912
v 20.048514 -108.741152 -1.450000
v 20.159770 -108.725248 0.273951
v 20.142345 -108.727606 0.274956
v 20.271244 -108.711326 0.268014
v 19.826982 -108.778864 -1.450000
v 20.048514 -108.741152 0.280721
v 19.937639 -108.759015 0.288308
v 19.606928 -108.824415 -1.450000
v 19.826982 -108.778864 0.296717
v 19.799924 -108.784027 0.298901
v 19.716846 -108.800644 0.305919
v 19.388629 -108.877747 -1.450000
v 19.497669 -108.850081 0.326708
v 19.458150 -108.859870 0.330808
v 19.606928 -108.824415 0.315932
v 19.172361 -108.938792 -1.450000
v 19.388629 -108.877747 0.338282
v 19.280019 -108.907368 0.350626
v 18.958396 -109.007475 -1.450000
v 19.172361 -108.938792 0.363667
v 19.117214 -108.955695 0.370659
v 19.064902 -108.972239 0.377487
v 18.747002 -109.083709 -1.450000
v 18.852228 -109.044702 0.407208
v 18.777318 -109.072253 0.418430
v 18.958396 -109.007475 0.391976
v 18.538448 -109.167396 -1.450000
v 18.747002 -109.083709 0.423083
v 18.642258 -109.124666 0.439658
v 18.332995 -109.258433 -1.450000
v 18.538448 -109.167396 0.456848
v 18.438677 -109.210516 0.474088
v 18.435258 -109.212030 0.474691
v 18.130903 -109.356705 -1.450000
v 18.332995 -109.258433 0.493119
v 18.231488 -109.306684 0.512148
v 17.932426 -109.462086 -1.450000
v 18.130903 -109.356705 0.531732
v 18.101290 -109.371858 0.537636
v 18.031206 -109.408510 0.551860
v 17.737813 -109.574446 -1.450000
v 17.834663 -109.517378 0.593642
v 17.765544 -109.557868 0.609003
v 17.932426 -109.462086 0.572509
v 17.547311 -109.693641 -1.450000
v 17.737813 -109.574446 0.615264
v 17.642107 -109.633152 0.637303
v 17.361160 -109.819523 -1.450000
v 17.453777 -109.755689 0.682640
v 17.431557 -109.770782 0.688162
v 17.547311 -109.693641 0.659796
v 17.179593 -109.951932 -1.450000
v 17.361160 -109.819523 0.705898
v 17.269651 -109.885022 0.729506
v 17.002840 -110.090701 -1.450000
v 17.179593 -109.951932 0.753352
v 17.099545 -110.013523 0.775059
v 17.090498 -110.020613 0.777543
v 16.831124 -110.235656 -1.450000
v 17.002840 -110.090701 0.801929
v 16.916270 -110.162475 0.826587
v 16.664660 -110.386614 -1.450000
v 16.831124 -110.235656 0.851397
v 16.769534 -110.290259 0.869690
v 16.747185 -110.310430 0.876400
v 16.503658 -110.543385 -1.450000
v 16.664660 -110.386614 0.901513
v 16.583457 -110.464292 0.926740
v 16.348322 -110.705772 -1.450000
v 16.441891 -110.606579 0.971952
v 16.425291 -110.623867 0.977356
v 16.503658 -110.543385 0.952032
v 16.198847 -110.873569 -1.450000
v 16.348322 -110.705772 1.002700
v 16.272888 -110.788953 1.027995
v 16.055422 -111.046565 -1.450000
v 16.126439 -110.959343 1.078402
v 16.116732 -110.971080 1.081803
v 16.198847 -110.873569 1.053264
v 15.918227 -111.224542 -1.450000
v 16.055422 -111.046565 1.103466
v 15.986129 -111.134823 1.128317
v 15.787434 -111.407277 -1.450000
v 15.918227 -111.224542 1.153048
v 15.851965 -111.315405 1.177546
v 15.794204 -111.397475 1.199196
v 15.663210 -111.594538 -1.450000
v 15.787434 -111.407277 1.201752
v 15.724448 -111.500421 1.225711
v 15.545709 -111.786090 -1.450000
v 15.663210 -111.594538 1.249321
v 15.603589 -111.689825 1.272609
v 15.435081 -111.981692 -1.450000
v 15.545709 -111.786090 1.295504
v 15.489528 -111.883399 1.317997
v 15.474392 -111.910315 1.324103
v 15.331465 -112.181097 -1.450000
v 15.435081 -111.981692 1.340052
v 15.382407 -112.080898 1.361629
v 15.234991 -112.384053 -1.450000
v 15.331465 -112.181097 1.382724
v 15.282362 -112.282074 1.403268
v 15.145781 -112.590306 -1.450000
v 15.234991 -112.384053 1.423286
v 15.189519 -112.486674 1.442684
v 15.157650 -112.561672 1.456387
v 15.063947 -112.799595 -1.450000
v 15.145781 -112.590306 1.461513
v 15.103994 -112.694438 1.479659
v 14.989593 -113.011656 -1.450000
v 15.063947 -112.799595 1.497194
v 15.025895 -112.905107 1.513986
v 14.922812 -113.226223 -1.450000
v 14.989593 -113.011656 1.530126
v 14.955217 -113.118752 1.545518
v 14.863688 -113.443024 -1.450000
v 14.922812 -113.226223 1.560123
v 14.892267 -113.334436 1.573977
v 14.812295 -113.661788 -1.450000
v 14.844070 -113.522491 1.596007
v 14.837011 -113.552217 1.599251
v 14.863688 -113.443024 1.587015
v 14.768699 -113.882237 -1.450000
v 14.812295 -113.661788 1.610646
v 14.789518 -113.771823 1.621195
v 14.732955 -114.104095 -1.450000
v 14.768699 -113.882237 1.630879
v 14.749848 -113.992976 1.639682
v 14.705107 -114.327082 -1.450000
v 14.732955 -114.104095 1.647598
v 14.718050 -114.215397 1.654604
v 14.685190 -114.550916 -1.450000
v 14.705107 -114.327082 1.660704
v 14.694164 -114.438807 1.665873
v 14.673230 -114.775317 -1.450000
v 14.685190 -114.550916 1.670121
v 14.678222 -114.662923 1.673424
v 14.673230 -114.775317 1.675793
v 14.670242 -114.887464 1.677213
v 18.250000 -115.000000 -1.450000
v 18.250991 -114.926168 -1.450000
v 18.250991 -115.073832 -1.450000
v 18.258917 -114.778717 -1.450000
v 18.274747 -114.631904 -1.450000
v 18.258917 -115.221283 -1.450000
v 18.274747 -115.368096 -1.450000
v 18.757971 -113.407579 -1.450000
v 18.846679 -113.289530 -1.450000
v 18.600185 -113.657097 -1.450000
v 18.675727 -113.530219 -1.450000
v 18.470057 -113.922092 -1.450000
v 18.531562 -113.787847 -1.450000
v 18.298434 -114.486152 -1.450000
v 18.329910 -114.341882 -1.450000
v 23.106622 -116.767666 -1.450000
v 18.369085 -114.199509 -1.450000
v 18.415845 -114.059445 -1.450000
v 18.329910 -115.658118 -1.450000
v 22.904992 -116.983307 -1.450000
v 23.008703 -116.878194 -1.450000
v 23.198468 -116.652041 -1.450000
v 23.283974 -116.531653 -1.450000
v 20.889269 -112.252230 -1.450000
v 18.941595 -113.176413 -1.450000
v 19.042447 -113.068553 -1.450000
v 18.298434 -115.513848 -1.450000
v 18.369085 -115.800491 -1.450000
v 18.415845 -115.940555 -1.450000
v 18.675727 -116.469781 -1.450000
v 21.036919 -117.749752 -1.450000
v 20.889269 -117.747770 -1.450000
v 22.795788 -117.082701 -1.450000
v 22.681407 -117.176090 -1.450000
v 23.362896 -116.406849 -1.450000
v 23.435004 -116.277989 -1.450000
v 23.557971 -116.009596 -1.450000
v 21.036919 -112.250248 -1.450000
v 18.531562 -116.212153 -1.450000
v 18.600185 -116.342903 -1.450000
v 18.757971 -116.592421 -1.450000
v 20.741937 -117.737865 -1.450000
v 20.595350 -117.720066 -1.450000
v 23.500092 -116.145444 -1.450000
v 23.608475 -115.870837 -1.450000
v 23.500092 -113.854556 -1.450000
v 23.557971 -113.990404 -1.450000
v 23.198468 -113.347959 -1.450000
v 23.283974 -113.468347 -1.450000
v 22.795788 -112.917299 -1.450000
v 22.904992 -113.016693 -1.450000
v 20.741937 -112.262135 -1.450000
v 20.595350 -112.279934 -1.450000
v 18.470057 -116.077908 -1.450000
v 20.164261 -117.619931 -1.450000
v 20.024837 -117.571295 -1.450000
v 23.714388 -115.441131 -1.450000
v 23.734154 -114.705204 -1.450000
v 23.746036 -114.852389 -1.450000
v 23.686797 -114.413806 -1.450000
v 23.714388 -114.558869 -1.450000
v 23.362896 -113.593151 -1.450000
v 23.435004 -113.722011 -1.450000
v 23.008703 -113.121806 -1.450000
v 23.106622 -113.232334 -1.450000
v 22.681407 -112.823910 -1.450000
v 20.024837 -112.428705 -1.450000
v 18.846679 -116.710470 -1.450000
v 19.260775 -117.130164 -1.450000
v 19.625000 -117.381570 -1.450000
v 19.499148 -117.304331 -1.450000
v 19.888224 -117.515244 -1.450000
v 19.754817 -117.451942 -1.450000
v 20.306095 -117.661014 -1.450000
v 20.449929 -117.694424 -1.450000
v 21.184464 -117.743806 -1.450000
v 22.178905 -117.484489 -1.450000
v 22.043846 -117.544187 -1.450000
v 22.562178 -117.263206 -1.450000
v 22.438445 -117.343795 -1.450000
v 23.651458 -115.729567 -1.450000
v 23.686797 -115.586194 -1.450000
v 23.651458 -114.270433 -1.450000
v 23.608475 -114.129163 -1.450000
v 22.043846 -112.455813 -1.450000
v 21.765098 -112.358575 -1.450000
v 21.477532 -112.291779 -1.450000
v 21.184464 -112.256194 -1.450000
v 20.306095 -112.338986 -1.450000
v 20.164261 -112.380069 -1.450000
v 19.754817 -112.548058 -1.450000
v 19.499148 -112.695669 -1.450000
v 19.148943 -112.966263 -1.450000
v 19.260775 -112.869836 -1.450000
v 18.941595 -116.823587 -1.450000
v 19.042447 -116.931447 -1.450000
v 19.148943 -117.033737 -1.450000
v 19.377623 -117.220448 -1.450000
v 21.331476 -117.729949 -1.450000
v 21.622212 -117.678685 -1.450000
v 21.477532 -117.708221 -1.450000
v 21.905778 -117.596549 -1.450000
v 21.765098 -117.641425 -1.450000
v 22.310564 -117.417627 -1.450000
v 23.746036 -115.147611 -1.450000
v 22.310564 -112.582373 -1.450000
v 22.438445 -112.656205 -1.450000
v 22.178905 -112.515511 -1.450000
v 21.905778 -112.403451 -1.450000
v 21.622212 -112.321315 -1.450000
v 20.449929 -112.305576 -1.450000
v 19.888224 -112.484756 -1.450000
v 19.625000 -112.618430 -1.450000
v 19.377623 -112.779552 -1.450000
v 23.734154 -115.294796 -1.450000
v 23.750000 -115.000000 -1.450000
v 22.562178 -112.736794 -1.450000
v 21.331476 -112.270051 -1.450000
v 23.750000 -115.000000 -9.000000
v 23.746036 -115.147611 -9.000000
v 23.734154 -115.294796 -9.000000
v 23.714388 -115.441131 -9.000000
v 23.686797 -115.586194 -9.000000
v 23.651458 -115.729567 -9.000000
v 23.608475 -115.870837 -9.000000
v 23.557971 -116.009596 -9.000000
v 23.500092 -116.145444 -9.000000
v 23.435004 -116.277989 -9.000000
v 23.362896 -116.406849 -9.000000
v 23.283974 -116.531653 -9.000000
v 23.198468 -116.652041 -9.000000
v 23.106622 -116.767666 -9.000000
v 23.008703 -116.878194 -9.000000
v 22.904992 -116.983307 -9.000000
v 22.795788 -117.082701 -9.000000
v 22.681407 -117.176090 -9.000000
v 22.562178 -117.263206 -9.000000
v 22.438445 -117.343795 -9.000000
v 22.310564 -117.417627 -9.000000
v 22.178905 -117.484489 -9.000000
v 22.043846 -117.544187 -9.000000
v 21.905778 -117.596549 -9.000000
v 21.765098 -117.641425 -9.000000
v 21.622212 -117.678685 -9.000000
v 21.477532 -117.708221 -9.000000
v 21.331476 -117.729949 -9.000000
v 21.184464 -117.743806 -9.000000
v 21.036919 -117.749752 -9.000000
v 20.889269 -117.747770 -9.000000
v 20.741937 -117.737865 -9.000000
v 20.595350 -117.720066 -9.000000
v 20.449929 -117.694424 -9.000000
v 20.306095 -117.661014 -9.000000
v 20.164261 -117.619931 -9.000000
v 20.024837 -117.571295 -9.000000
v 19.888224 -117.515244 -9.000000
v 19.754817 -117.451942 -9.000000
v 19.625000 -117.381570 -9.000000
v 19.499148 -117.304331 -9.000000
v 19.377623 -117.220448 -9.000000
v 19.260775 -117.130164 -9.000000
v 19.148943 -117.033737 -9.000000
v 19.042447 -116.931447 -9.000000
v 18.941595 -116.823587 -9.000000
v 18.846679 -116.710470 -9.000000
v 18.757971 -116.592421 -9.000000
v 18.675727 -116.469781 -9.000000
v 18.600185 -116.342903 -9.000000
v 18.531562 -116.212153 -9.000000
v 18.470057 -116.077908 -9.000000
v 18.415845 -115.940555 -9.000000
v 18.369085 -115.800491 -9.000000
v 18.329910 -115.658118 -9.000000
v 18.298434 -115.513848 -9.000000
v 18.274747 -115.368096 -9.000000
v 18.258917 -115.221283 -9.000000
v 18.250991 -114.926168 -9.000000
v 18.250991 -115.073832 -9.000000
v 18.258917 -114.778717 -9.000000
v 18.274747 -114.631904 -9.000000
v 18.298434 -114.486152 -9.000000
v 18.329910 -114.341882 -9.000000
v 18.369085 -114.199509 -9.000000
v 18.415845 -114.059445 -9.000000
v 18.470057 -113.922092 -9.000000
v 18.531562 -113.787847 -9.000000
v 18.600185 -113.657097 -9.000000
v 18.675727 -113.530219 -9.000000
v 18.757971 -113.407579 -9.000000
v 18.846679 -113.289530 -9.000000
v 18.941595 -113.176413 -9.000000
v 19.042447 -113.068553 -9.000000
v 19.148943 -112.966263 -9.000000
v 19.260775 -112.869836 -9.000000
v 19.377623 -112.779552 -9.000000
v 19.499148 -112.695669 -9.000000
v 19.625000 -112.618430 -9.000000
v 19.754817 -112.548058 -9.000000
v 19.888224 -112.484756 -9.000000
v 20.024837 -112.428705 -9.000000
v 20.164261 -112.380069 -9.000000
v 20.306095 -112.338986 -9.000000
v 20.449929 -112.305576 -9.000000
v 20.595350 -112.279934 -9.000000
v 20.741937 -112.262135 -9.000000
v 20.889269 -112.252230 -9.000000
v 21.036919 -112.250248 -9.000000
v 21.184464 -112.256194 -9.000000
v 21.331476 -112.270051 -9.000000
v 21.477532 -112.291779 -9.000000
v 21.622212 -112.321315 -9.000000
v 21.765098 -112.358575 -9.000000
v 21.905778 -112.403451 -9.000000
v 22.043846 -112.455813 -9.000000
v 22.178905 -112.515511 -9.000000
v 22.310564 -112.582373 -9.000000
v 22.438445 -112.656205 -9.000000
v 22.562178 -112.736794 -9.000000
v 22.681407 -112.823910 -9.000000
v 22.795788 -112.917299 -9.000000
v 22.904992 -113.016693 -9.000000
v 23.008703 -113.121806 -9.000000
v 23.106622 -113.232334 -9.000000
v 23.198468 -113.347959 -9.000000
v 23.283974 -113.468347 -9.000000
v 23.362896 -113.593151 -9.000000
v 23.435004 -113.722011 -9.000000
v 23.500092 -113.854556 -9.000000
v 23.557971 -113.990404 -9.000000
v 23.608475 -114.129163 -9.000000
v 23.651458 -114.270433 -9.000000
v 23.686797 -114.413806 -9.000000
v 23.714388 -114.558869 -9.000000
v 23.734154 -114.705204 -9.000000
v 23.746036 -114.852389 -9.000000
v 32.000000 -123.750000 -9.000000
v 10.000000 -123.750000 -9.000000
v 32.000000 -66.750000 -9.000000
v 10.000000 -66.750000 -9.000000
v 10.000000 -123.750000 -4.385483
v 10.000000 -66.750000 -4.384106
v 32.000000 -66.750000 -5.000000
v 32.000000 -123.750000 -5.000000
v 20.990054 -66.750000 -5.000000
v 20.990054 -66.750000 -4.998067
v 20.994811 -55.749996 -5.000000
v 20.994811 -55.749996 -4.998067
v 32.000000 -43.750000 -5.000000
v 22.916800 -49.875428 -5.000000
v 22.784660 -49.783847 -5.000000
v 23.044250 -49.973433 -5.000000
v 23.860301 -50.956894 -5.000000
v 23.780489 -50.817329 -5.000000
v 24.234103 -52.178944 -5.000000
v 24.214269 -52.019399 -5.000000
v 24.214269 -52.980601 -5.000000
v 24.234103 -52.821056 -5.000000
v 21.000000 -43.750000 -5.000000
v 22.215815 -49.485984 -5.000000
v 22.065273 -49.429545 -5.000000
v 22.363381 -49.549798 -5.000000
v 23.166697 -50.077620 -5.000000
v 23.395397 -50.303509 -5.000000
v 23.283841 -50.187735 -5.000000
v 23.600664 -50.550885 -5.000000
v 23.501091 -50.424658 -5.000000
v 23.693872 -50.681883 -5.000000
v 24.151070 -51.704223 -5.000000
v 24.107860 -51.549365 -5.000000
v 24.246023 -52.339275 -5.000000
v 24.246023 -52.660725 -5.000000
v 24.250000 -52.500000 -5.000000
v 24.186568 -53.138971 -5.000000
v 21.912124 -49.380620 -5.000000
v 22.507612 -49.620832 -5.000000
v 23.998748 -51.247000 -5.000000
v 23.933114 -51.100234 -5.000000
v 24.057045 -51.396833 -5.000000
v 21.912124 -55.619380 -5.000000
v 22.065273 -55.570455 -5.000000
v 21.756743 -49.339329 -5.000000
v 21.599510 -49.305773 -5.000000
v 21.756743 -55.660671 -5.000000
v 21.440810 -55.719967 -5.000000
v 21.599510 -55.694227 -5.000000
v 21.120565 -55.747763 -5.000000
v 24.186568 -51.861029 -5.000000
v 23.860301 -54.043106 -5.000000
v 23.933114 -53.899766 -5.000000
v 23.600664 -54.449115 -5.000000
v 23.693872 -54.318117 -5.000000
v 23.044250 -55.026567 -5.000000
v 23.166697 -54.922380 -5.000000
v 22.215815 -55.514016 -5.000000
v 22.363381 -55.450202 -5.000000
v 21.281031 -55.737827 -5.000000
v 21.281031 -49.262173 -5.000000
v 21.120565 -49.252237 -5.000000
v 22.648153 -49.698912 -5.000000
v 24.107860 -53.450635 -5.000000
v 24.151070 -53.295777 -5.000000
v 23.998748 -53.753000 -5.000000
v 23.780489 -54.182671 -5.000000
v 23.395397 -54.696491 -5.000000
v 23.501091 -54.575342 -5.000000
v 23.283841 -54.812265 -5.000000
v 22.507612 -55.379168 -5.000000
v 21.440810 -49.280033 -5.000000
v 24.057045 -53.603167 -5.000000
v 22.784660 -55.216153 -5.000000
v 22.916800 -55.124572 -5.000000
v 22.648153 -55.301088 -5.000000
v 20.997622 -49.250001 -5.000000
v 21.000000 -43.750000 -4.998067
v 20.997622 -49.250001 -4.998067
v 24.246023 -52.660725 -1.450000
v 24.250000 -52.500000 -1.450000
v 24.234103 -52.821056 -1.450000
v 24.214269 -52.980601 -1.450000
v 24.186568 -53.138971 -1.450000
v 24.151070 -53.295777 -1.450000
v 24.107860 -53.450635 -1.450000
v 24.057045 -53.603167 -1.450000
v 23.998748 -53.753000 -1.450000
v 23.933114 -53.899766 -1.450000
v 23.860301 -54.043106 -1.450000
v 23.780489 -54.182671 -1.450000
v 23.693872 -54.318117 -1.450000
v 23.600664 -54.449115 -1.450000
v 23.501091 -54.575342 -1.450000
v 23.395397 -54.696491 -1.450000
v 23.283841 -54.812265 -1.450000
v 23.166697 -54.922380 -1.450000
v 23.044250 -55.026567 -1.450000
v 22.916800 -55.124572 -1.450000
v 22.784660 -55.216153 -1.450000
v 22.648153 -55.301088 -1.450000
v 22.507612 -55.379168 -1.450000
v 22.363381 -55.450202 -1.450000
v 22.215815 -55.514016 -1.450000
v 22.065273 -55.570455 -1.450000
v 21.912124 -55.619380 -1.450000
v 21.756743 -55.660671 -1.450000
v 21.599510 -55.694227 -1.450000
v 21.440810 -55.719967 -1.450000
v 21.281031 -55.737827 -1.450000
v 21.120565 -55.747763 -1.450000
v 21.281031 -49.262173 -1.450000
v 21.120565 -49.252237 -1.450000
v 21.440810 -49.280033 -1.450000
v 21.599510 -49.305773 -1.450000
v 21.756743 -49.339329 -1.450000
v 21.912124 -49.380620 -1.450000
v 22.065273 -49.429545 -1.450000
v 22.215815 -49.485984 -1.450000
v 22.363381 -49.549798 -1.450000
v 22.507612 -49.620832 -1.450000
v 22.648153 -49.698912 -1.450000
v 22.784660 -49.783847 -1.450000
v 22.916800 -49.875428 -1.450000
v 23.044250 -49.973433 -1.450000
v 23.166697 -50.077620 -1.450000
v 23.283841 -50.187735 -1.450000
v 23.395397 -50.303509 -1.450000
v 23.501091 -50.424658 -1.450000
v 23.600664 -50.550885 -1.450000
v 23.693872 -50.681883 -1.450000
v 23.780489 -50.817329 -1.450000
v 23.860301 -50.956894 -1.450000
v 23.933114 -51.100234 -1.450000
v 23.998748 -51.247000 -1.450000
v 24.057045 -51.396833 -1.450000
v 24.107860 -51.549365 -1.450000
v 24.151070 -51.704223 -1.450000
v 24.186568 -51.861029 -1.450000
v 24.214269 -52.019399 -1.450000
v 24.234103 -52.178944 -1.450000
v 24.246023 -52.339275 -1.450000
v 20.959803 -55.749751 -4.996112
v 20.959803 -55.749751 -1.450000
v 20.799140 -55.743787 -4.987136
v 20.799140 -55.743787 -1.450000
v 20.638969 -55.729885 -4.978188
v 20.638969 -55.729885 -1.450000
v 20.479681 -55.708079 -4.969288
v 20.479681 -55.708079 -1.450000
v 20.321666 -55.678421 -4.960460
v 20.321666 -55.678421 -1.450000
v 20.165311 -55.640986 -4.951725
v 20.165311 -55.640986 -1.450000
v 20.010999 -55.595865 -4.943103
v 20.010999 -55.595865 -1.450000
v 19.859107 -55.543167 -4.934616
v 19.859107 -55.543167 -1.450000
v 19.710007 -55.483022 -4.926285
v 19.710007 -55.483022 -1.450000
v 19.564064 -55.415577 -4.918130
v 19.564064 -55.415577 -1.450000
v 19.421635 -55.340997 -4.910172
v 19.421635 -55.340997 -1.450000
v 19.283068 -55.259465 -4.902429
v 19.283068 -55.259465 -1.450000
v 19.148703 -55.171180 -4.894920
v 19.148703 -55.171180 -1.450000
v 19.018869 -55.076358 -4.887665
v 19.018869 -55.076358 -1.450000
v 18.893882 -54.975231 -4.880680
v 18.893882 -54.975231 -1.450000
v 18.774050 -54.868047 -4.873983
v 18.774050 -54.868047 -1.450000
v 18.659665 -54.755068 -4.867590
v 18.659665 -54.755068 -1.450000
v 18.551007 -54.636571 -4.861517
v 18.551007 -54.636571 -1.450000
v 18.448342 -54.512844 -4.855778
v 18.448342 -54.512844 -1.450000
v 18.351922 -54.384193 -4.850389
v 18.351922 -54.384193 -1.450000
v 18.261982 -54.250930 -4.845361
v 18.261982 -54.250930 -1.450000
v 18.178742 -54.113382 -4.840708
v 18.178742 -54.113382 -1.450000
v 18.102406 -53.971886 -4.836440
v 18.102406 -53.971886 -1.450000
v 18.033161 -53.826789 -4.832568
v 18.033161 -53.826789 -1.450000
v 17.971177 -53.678444 -4.829101
v 17.971177 -53.678444 -1.450000
v 17.916604 -53.527215 -4.826049
v 17.916604 -53.527215 -1.450000
v 17.869578 -53.373473 -4.823418
v 17.869578 -53.373473 -1.450000
v 17.830211 -53.217593 -4.821215
v 17.830211 -53.217593 -1.450000
v 17.798602 -53.059958 -4.819445
v 17.798602 -53.059958 -1.450000
v 17.774827 -52.900951 -4.818113
v 17.774827 -52.900951 -1.450000
v 17.758945 -52.740964 -4.817222
v 17.758945 -52.740964 -1.450000
v 17.750994 -52.580387 -4.816774
v 17.750994 -52.419613 -4.816770
v 17.750994 -52.419613 -1.450000
v 17.750000 -52.500000 -1.450000
v 17.758945 -52.259036 -1.450000
v 17.774827 -52.099049 -1.450000
v 17.758945 -52.259036 -4.817211
v 17.798602 -51.940042 -1.450000
v 17.774827 -52.099049 -4.818094
v 17.830211 -51.782407 -1.450000
v 17.798602 -51.940042 -4.819418
v 17.869578 -51.626527 -1.450000
v 17.830211 -51.782407 -4.821180
v 17.916604 -51.472785 -1.450000
v 17.869578 -51.626527 -4.823376
v 17.971177 -51.321556 -1.450000
v 17.916604 -51.472785 -4.825999
v 18.033161 -51.173211 -1.450000
v 17.971177 -51.321556 -4.829044
v 18.102406 -51.028114 -1.450000
v 18.033161 -51.173211 -4.832504
v 18.178742 -50.886618 -1.450000
v 18.102406 -51.028114 -4.836368
v 18.261982 -50.749070 -1.450000
v 18.178742 -50.886618 -4.840630
v 18.351922 -50.615807 -1.450000
v 18.261982 -50.749070 -4.845276
v 18.448342 -50.487156 -1.450000
v 18.351922 -50.615807 -4.850298
v 18.551007 -50.363429 -1.450000
v 18.448342 -50.487156 -4.855681
v 18.659665 -50.244932 -1.450000
v 18.551007 -50.363429 -4.861414
v 18.774050 -50.131953 -1.450000
v 18.659665 -50.244932 -4.867481
v 18.893882 -50.024769 -1.450000
v 18.774050 -50.131953 -4.873868
v 19.018869 -49.923642 -1.450000
v 18.893882 -50.024769 -4.880560
v 19.148703 -49.828820 -1.450000
v 19.018869 -49.923642 -4.887540
v 19.283068 -49.740535 -1.450000
v 19.148703 -49.828820 -4.894791
v 19.421635 -49.659003 -1.450000
v 19.283068 -49.740535 -4.902295
v 19.564064 -49.584423 -1.450000
v 19.421635 -49.659003 -4.910034
v 19.710007 -49.516978 -1.450000
v 19.564064 -49.584423 -4.917989
v 19.859107 -49.456833 -1.450000
v 19.710007 -49.516978 -4.926141
v 20.010999 -49.404135 -1.450000
v 19.859107 -49.456833 -4.934469
v 20.165311 -49.359014 -1.450000
v 20.010999 -49.404135 -4.942953
v 20.321666 -49.321579 -1.450000
v 20.165311 -49.359014 -4.951573
v 20.479681 -49.291921 -1.450000
v 20.321666 -49.321579 -4.960307
v 20.638969 -49.270115 -1.450000
v 20.479681 -49.291921 -4.969133
v 20.799140 -49.256213 -1.450000
v 20.638969 -49.270115 -4.978032
v 20.959803 -49.250249 -1.450000
v 20.799140 -49.256213 -4.986979
v 20.959803 -49.250249 -4.995955
v 17.750994 -52.580387 -1.450000
v 14.670000 -52.500000 -1.450000
v 14.673988 -52.724657 -1.450000
v 14.685946 -52.949030 -1.450000
v 14.673988 -52.275343 -1.450000
v 14.705861 -51.827162 -1.450000
v 14.685946 -52.050970 -1.450000
v 14.733706 -51.604202 -1.450000
v 14.705861 -53.172838 -1.450000
v 14.864423 -50.943211 -1.450000
v 14.813037 -51.161948 -1.450000
v 14.769446 -51.382371 -1.450000
v 14.733706 -53.395798 -1.450000
v 14.769446 -53.617629 -1.450000
v 24.357564 -47.133841 -1.450000
v 24.165000 -47.018059 -1.450000
v 14.923540 -50.726435 -1.450000
v 14.864423 -54.056789 -1.450000
v 26.509813 -49.383774 -1.450000
v 26.395744 -49.190190 -1.450000
v 24.545898 -47.256384 -1.450000
v 15.918835 -48.724995 -1.450000
v 15.435748 -49.482054 -1.450000
v 15.332144 -49.681435 -1.450000
v 14.813037 -53.838052 -1.450000
v 19.827122 -58.720391 -1.450000
v 20.048628 -58.758098 -1.450000
v 27.281206 -51.715559 -1.450000
v 27.106981 -50.834561 -1.450000
v 27.044026 -50.618869 -1.450000
v 26.616939 -49.581284 -1.450000
v 26.274877 -49.000776 -1.450000
v 26.147364 -48.815771 -1.450000
v 25.574182 -48.124413 -1.450000
v 25.416008 -47.964829 -1.450000
v 25.083172 -47.662996 -1.450000
v 24.908931 -47.521129 -1.450000
v 24.729764 -47.385534 -1.450000
v 22.934695 -46.472906 -1.450000
v 22.719570 -46.408040 -1.450000
v 17.003319 -47.591289 -1.450000
v 16.056014 -48.547038 -1.450000
v 15.788059 -48.907707 -1.450000
v 15.663849 -49.094946 -1.450000
v 15.546363 -49.286475 -1.450000
v 15.235682 -49.884367 -1.450000
v 15.146483 -50.090595 -1.450000
v 15.064659 -50.299859 -1.450000
v 14.990313 -50.511894 -1.450000
v 14.923540 -54.273565 -1.450000
v 18.958640 -58.491807 -1.450000
v 19.607095 -58.674845 -1.450000
v 20.494954 -58.809820 -1.450000
v 27.305090 -51.938978 -1.450000
v 27.249409 -51.493128 -1.450000
v 27.209737 -51.271966 -1.450000
v 27.162241 -51.052351 -1.450000
v 26.973455 -50.405547 -1.450000
v 26.895358 -50.194864 -1.450000
v 26.013365 -48.635408 -1.450000
v 25.873049 -48.459914 -1.450000
v 25.726593 -48.289511 -1.450000
v 25.252269 -47.810958 -1.450000
v 23.768155 -46.807354 -1.450000
v 23.147382 -46.545367 -1.450000
v 20.494954 -46.190180 -1.450000
v 20.271332 -46.212080 -1.450000
v 18.131247 -46.857381 -1.450000
v 17.932793 -46.962750 -1.450000
v 17.738204 -47.075096 -1.450000
v 17.547725 -47.194277 -1.450000
v 17.361596 -47.320143 -1.450000
v 17.180051 -47.452536 -1.450000
v 16.831623 -47.736227 -1.450000
v 16.665179 -47.887167 -1.450000
v 16.348880 -48.206286 -1.450000
v 16.199423 -48.374063 -1.450000
v 14.990313 -54.488106 -1.450000
v 15.064659 -54.700141 -1.450000
v 18.333315 -58.240879 -1.450000
v 18.538743 -58.331905 -1.450000
v 18.747272 -58.415583 -1.450000
v 20.271332 -58.787920 -1.450000
v 20.719212 -58.823769 -1.450000
v 20.943825 -58.829751 -1.450000
v 21.392979 -58.817790 -1.450000
v 26.809833 -49.987085 -1.450000
v 26.716987 -49.782473 -1.450000
v 23.968448 -46.909185 -1.450000
v 23.564375 -46.712697 -1.450000
v 23.357364 -46.625331 -1.450000
v 22.502278 -46.350849 -1.450000
v 22.283093 -46.301406 -1.450000
v 21.392979 -46.182210 -1.450000
v 21.168508 -46.172243 -1.450000
v 21.000000 -46.170000 -1.450000
v 20.719212 -46.176231 -1.450000
v 19.827122 -46.279609 -1.450000
v 18.958640 -46.508193 -1.450000
v 18.747272 -46.584417 -1.450000
v 16.504197 -48.043919 -1.450000
v 15.146483 -54.909405 -1.450000
v 15.235682 -55.115633 -1.450000
v 16.348880 -56.793714 -1.450000
v 17.003319 -57.408711 -1.450000
v 17.180051 -57.547464 -1.450000
v 18.131247 -58.142619 -1.450000
v 19.172580 -58.560482 -1.450000
v 19.388822 -58.621520 -1.450000
v 21.168508 -58.827757 -1.450000
v 21.616954 -58.799862 -1.450000
v 21.840153 -58.773997 -1.450000
v 22.283093 -58.698594 -1.450000
v 22.502278 -58.649151 -1.450000
v 22.934695 -58.527094 -1.450000
v 27.329003 -52.387654 -1.450000
v 27.321028 -52.163104 -1.450000
v 22.062292 -46.259773 -1.450000
v 21.840153 -46.226003 -1.450000
v 21.616954 -46.200138 -1.450000
v 20.048628 -46.241902 -1.450000
v 19.607095 -46.325155 -1.450000
v 19.388822 -46.378480 -1.450000
v 19.172580 -46.439518 -1.450000
v 18.538743 -46.668095 -1.450000
v 18.333315 -46.759121 -1.450000
v 15.332144 -55.318565 -1.450000
v 16.199423 -56.625937 -1.450000
v 16.504197 -56.956081 -1.450000
v 16.665179 -57.112833 -1.450000
v 16.831623 -57.263773 -1.450000
v 22.062292 -58.740227 -1.450000
v 22.719570 -58.591960 -1.450000
v 23.768155 -58.192646 -1.450000
v 23.968448 -58.090815 -1.450000
v 20.943825 -46.170249 -1.450000
v 15.435748 -55.517946 -1.450000
v 15.546363 -55.713525 -1.450000
v 15.663849 -55.905054 -1.450000
v 15.788059 -56.092293 -1.450000
v 15.918835 -56.275005 -1.450000
v 16.056014 -56.452962 -1.450000
v 23.147382 -58.454633 -1.450000
v 23.564375 -58.287303 -1.450000
v 17.361596 -57.679857 -1.450000
v 24.165000 -57.981941 -1.450000
v 24.357564 -57.866159 -1.450000
v 25.083172 -57.337004 -1.450000
v 25.252269 -57.189042 -1.450000
v 26.147364 -56.184229 -1.450000
v 26.274877 -55.999224 -1.450000
v 17.547725 -57.805723 -1.450000
v 17.738204 -57.924904 -1.450000
v 17.932793 -58.037250 -1.450000
v 23.357364 -58.374669 -1.450000
v 24.908931 -57.478871 -1.450000
v 25.416008 -57.035171 -1.450000
v 25.574182 -56.875587 -1.450000
v 26.013365 -56.364592 -1.450000
v 26.395744 -55.809810 -1.450000
v 26.509813 -55.616226 -1.450000
v 26.616939 -55.418716 -1.450000
v 26.716987 -55.217527 -1.450000
v 26.809833 -55.012915 -1.450000
v 26.895358 -54.805136 -1.450000
v 26.973455 -54.594453 -1.450000
v 27.106981 -54.165439 -1.450000
v 27.281206 -53.284441 -1.450000
v 27.305090 -53.061022 -1.450000
v 24.545898 -57.743616 -1.450000
v 25.726593 -56.710489 -1.450000
v 25.873049 -56.540086 -1.450000
v 27.044026 -54.381131 -1.450000
v 27.162241 -53.947649 -1.450000
v 27.209737 -53.728034 -1.450000
v 27.249409 -53.506872 -1.450000
v 24.729764 -57.614466 -1.450000
v 27.321028 -52.836896 -1.450000
v 27.329003 -52.612346 -1.450000
v 14.670997 -52.612367 1.676854
v 14.670000 -52.500000 1.677328
v 14.678972 -52.836901 1.673069
v 14.685946 -52.949030 1.669763
v 14.673988 -52.724657 1.675434
v 14.694928 -53.061219 1.665512
v 14.705861 -53.172838 1.660348
v 14.718814 -53.284601 1.654244
v 14.733706 -53.395798 1.647245
v 14.750611 -53.506994 1.639325
v 14.769446 -53.617629 1.630531
v 14.790280 -53.728119 1.620842
v 14.813037 -53.838052 1.610303
v 14.844084 -53.974311 1.596001
v 14.864423 -54.056789 1.586679
v 14.837770 -53.947697 1.598902
v 14.893023 -54.165452 1.573633
v 14.923540 -54.273565 1.559794
v 14.955967 -54.381108 1.545180
v 14.990313 -54.488106 1.529805
v 15.026525 -54.594395 1.513707
v 15.064659 -54.700141 1.496881
v 15.104606 -54.805044 1.479392
v 15.146483 -54.909405 1.461210
v 15.190171 -55.012924 1.442405
v 15.235682 -55.115633 1.422992
v 15.157656 -54.936375 1.456384
v 15.283094 -55.217698 1.402961
v 15.332144 -55.318565 1.382441
v 15.383130 -55.418847 1.361332
v 15.435748 -55.517946 1.339780
v 15.490240 -55.616320 1.317710
v 15.546363 -55.713525 1.295244
v 15.474387 -55.588122 1.324105
v 15.604291 -55.809868 1.272334
v 15.663849 -55.905054 1.249073
v 15.725138 -55.999247 1.225446
v 15.788059 -56.092293 1.201516
v 15.852628 -56.184218 1.177299
v 15.918835 -56.275005 1.152825
v 15.794209 -56.101200 1.199194
v 15.986602 -56.364550 1.128146
v 16.056014 -56.452962 1.103256
v 16.126891 -56.540013 1.078243
v 16.199423 -56.625937 1.053066
v 16.116729 -56.527725 1.081804
v 16.273317 -56.710388 1.027850
v 16.348880 -56.793714 1.002515
v 16.441894 -56.892331 0.971951
v 16.504197 -56.956081 0.951859
v 16.425901 -56.875673 0.977157
v 16.584064 -57.035241 0.926549
v 16.665179 -57.112833 0.901354
v 16.769537 -57.208724 0.869689
v 16.831623 -57.263773 0.851250
v 16.747776 -57.189082 0.876223
v 16.916843 -57.337016 0.826421
v 17.003319 -57.408711 0.801794
v 17.091053 -57.478859 0.777390
v 17.099548 -57.485516 0.775058
v 17.180051 -57.547464 0.753229
v 17.270187 -57.614430 0.729366
v 17.361596 -57.679857 0.705787
v 17.454019 -57.743560 0.682580
v 17.547725 -57.805723 0.659697
v 17.431557 -57.728299 0.688162
v 17.642317 -57.866085 0.637254
v 17.738204 -57.924904 0.615175
v 17.834844 -57.981851 0.593602
v 17.932793 -58.037250 0.572431
v 17.765545 -57.941250 0.609003
v 18.101290 -58.127289 0.537636
v 18.131247 -58.142619 0.531664
v 18.031632 -58.090858 0.551772
v 18.231904 -58.192674 0.512069
v 18.333315 -58.240879 0.493061
v 18.435650 -58.287315 0.474622
v 18.438679 -58.288656 0.474088
v 18.538743 -58.331905 0.456798
v 18.642628 -58.374666 0.439598
v 18.747272 -58.415583 0.423042
v 18.852574 -58.454617 0.407157
v 18.958640 -58.491807 0.391942
v 18.777318 -58.426937 0.418430
v 19.117214 -58.543510 0.370659
v 19.172580 -58.560482 0.363640
v 19.065226 -58.527068 0.377444
v 19.280314 -58.591927 0.350591
v 19.388822 -58.621520 0.338260
v 19.497568 -58.649114 0.326718
v 19.607095 -58.674845 0.315916
v 19.458150 -58.639348 0.330808
v 19.799924 -58.715201 0.298901
v 19.827122 -58.720391 0.296706
v 19.716738 -58.698559 0.305928
v 19.937838 -58.740249 0.288293
v 20.048628 -58.758098 0.280714
v 20.159943 -58.774010 0.273941
v 20.271332 -58.787920 0.268010
v 20.142345 -58.771629 0.274956
v 20.383106 -58.799868 0.262906
v 20.485225 -58.809034 0.258986
v 20.607047 -58.817791 0.255235
v 20.494954 -58.809820 0.258649
v 20.831482 -58.827756 0.250963
v 20.719212 -58.823769 0.252673
v 20.828379 -58.827673 0.250998
v 20.943825 -58.829751 0.250107
v 21.056130 -58.829751 0.250107
v 21.168508 -58.827757 0.250963
v 21.171621 -58.827673 0.250998
v 21.280707 -58.823773 0.252671
v 21.504930 -58.809829 0.258645
v 21.514775 -58.809034 0.258986
v 21.392979 -58.817790 0.255236
v 21.616954 -58.799862 0.262908
v 21.728520 -58.787938 0.268002
v 21.840153 -58.773997 0.273947
v 21.857655 -58.771629 0.274956
v 21.951573 -58.758067 0.280727
v 22.173041 -58.720360 0.296719
v 22.200076 -58.715201 0.298901
v 22.062292 -58.740227 0.288303
v 22.283093 -58.698594 0.305914
v 22.393031 -58.674817 0.315928
v 22.502278 -58.649151 0.326702
v 22.541850 -58.639348 0.330808
v 22.611266 -58.621497 0.338270
v 22.827473 -58.560466 0.363647
v 22.882786 -58.543510 0.370659
v 22.719570 -58.591960 0.350577
v 22.934695 -58.527094 0.377433
v 23.041377 -58.491801 0.391945
v 23.147382 -58.454633 0.407151
v 23.222682 -58.426937 0.418430
v 23.252710 -58.415589 0.423039
v 23.461206 -58.331927 0.456790
v 23.561321 -58.288655 0.474088
v 23.357364 -58.374669 0.439597
v 23.564375 -58.287303 0.474626
v 23.666601 -58.240918 0.493045
v 23.868694 -58.142650 0.531652
v 23.898711 -58.127289 0.537636
v 23.768155 -58.192646 0.512080
v 23.968448 -58.090815 0.551788
v 24.067371 -58.037159 0.572466
v 24.165000 -57.981941 0.593568
v 24.234456 -57.941250 0.609003
v 24.261922 -57.924828 0.615204
v 24.357564 -57.866159 0.637227
v 24.452365 -57.805664 0.659718
v 24.545898 -57.743616 0.682559
v 24.568444 -57.728299 0.688162
v 24.638460 -57.679818 0.705802
v 24.819972 -57.547447 0.753235
v 24.900452 -57.485516 0.775058
v 24.729764 -57.614466 0.729353
v 24.908931 -57.478871 0.777386
v 24.996672 -57.408718 0.801792
v 25.168338 -57.263807 0.851238
v 25.230464 -57.208723 0.869689
v 25.083172 -57.337004 0.826426
v 25.252269 -57.189042 0.876236
v 25.334754 -57.112896 0.901333
v 25.495710 -56.956175 0.951830
v 25.558107 -56.892330 0.971951
v 25.416008 -57.035171 0.926572
v 25.574182 -56.875587 0.977184
v 25.651180 -56.793649 1.002535
v 25.726593 -56.710489 1.027820
v 25.800642 -56.625862 1.053089
v 25.883271 -56.527724 1.081805
v 25.944022 -56.452916 1.103269
v 25.873049 -56.540086 1.078222
v 26.013365 -56.364592 1.128134
v 26.081176 -56.274991 1.152829
v 26.205790 -56.101201 1.199194
v 26.211929 -56.092311 1.201511
v 26.147364 -56.184229 1.177296
v 26.274877 -55.999224 1.225452
v 26.336118 -55.905106 1.249060
v 26.395744 -55.809810 1.272347
v 26.453585 -55.713613 1.295223
v 26.525612 -55.588124 1.324105
v 26.564184 -55.518072 1.339753
v 26.509813 -55.616226 1.317732
v 26.616939 -55.418716 1.361360
v 26.667774 -55.318730 1.382407
v 26.716987 -55.217527 1.402995
v 26.764356 -55.115549 1.423008
v 26.842344 -54.936374 1.456385
v 26.853540 -54.909349 1.461220
v 26.809833 -55.012915 1.442406
v 26.895358 -54.805136 1.479377
v 26.935349 -54.700120 1.496884
v 26.973455 -54.594453 1.513698
v 27.009682 -54.488120 1.529803
v 27.044026 -54.381131 1.545177
v 27.076445 -54.273615 1.559788
v 27.106981 -54.165439 1.573635
v 27.135555 -54.056876 1.586668
v 27.155917 -53.974309 1.596001
v 27.162241 -53.947649 1.598907
v 27.186937 -53.838177 1.610291
v 27.209737 -53.728034 1.620850
v 27.230525 -53.617791 1.630518
v 27.249409 -53.506872 1.639334
v 27.266278 -53.395911 1.647238
v 27.281206 -53.284441 1.654254
v 27.294154 -53.172697 1.660355
v 27.305090 -53.061022 1.665520
v 27.314061 -52.948925 1.669766
v 27.321028 -52.836896 1.673069
v 27.326015 -52.724587 1.675435
v 27.329003 -52.612346 1.676854
v 27.330000 -52.499966 1.677328
v 27.326012 -52.275345 1.675434
v 27.321028 -52.163104 1.673069
v 27.329003 -52.387654 1.676854
v 27.314056 -52.051006 1.669764
v 27.305090 -51.938978 1.665520
v 27.294147 -51.827234 1.660352
v 27.281206 -51.715559 1.654254
v 27.266310 -51.604309 1.647253
v 27.249409 -51.493128 1.639334
v 27.230579 -51.382509 1.630543
v 27.209737 -51.271966 1.620850
v 27.186917 -51.161735 1.610282
v 27.162241 -51.052351 1.598907
v 27.135533 -50.943037 1.586658
v 27.106981 -50.834561 1.573635
v 27.155917 -51.025691 1.596001
v 27.076421 -50.726300 1.559776
v 27.044026 -50.618869 1.545177
v 27.009655 -50.511797 1.529790
v 26.973455 -50.405547 1.513698
v 26.935319 -50.299799 1.496871
v 26.895358 -50.194864 1.479377
v 26.842343 -50.063625 1.456384
v 26.809833 -49.987085 1.442406
v 26.853508 -50.090571 1.461206
v 26.764324 -49.884379 1.422995
v 26.716987 -49.782473 1.402995
v 26.667879 -49.681481 1.382451
v 26.616939 -49.581284 1.361360
v 26.525613 -49.411877 1.324105
v 26.509813 -49.383774 1.317732
v 26.564295 -49.482134 1.339798
v 26.453684 -49.286555 1.295263
v 26.395744 -49.190190 1.272347
v 26.336059 -49.094802 1.249037
v 26.274877 -49.000776 1.225452
v 26.205790 -48.898798 1.199194
v 26.147364 -48.815771 1.177296
v 26.211867 -48.907600 1.201488
v 26.081111 -48.724923 1.152805
v 26.013365 -48.635408 1.128134
v 25.883271 -48.472276 1.081805
v 25.873049 -48.459914 1.078222
v 25.943955 -48.547000 1.103245
v 25.800572 -48.374057 1.053065
v 25.726593 -48.289511 1.027820
v 25.651142 -48.206310 1.002523
v 25.574182 -48.124413 0.977184
v 25.495854 -48.043971 0.951876
v 25.416008 -47.964829 0.926572
v 25.558106 -48.107670 0.971951
v 25.334904 -47.887245 0.901379
v 25.252269 -47.810958 0.876236
v 25.168493 -47.736329 0.851284
v 25.083172 -47.662996 0.826426
v 25.230463 -47.791276 0.869689
v 24.996600 -47.591224 0.801772
v 24.908931 -47.521129 0.777386
v 24.819887 -47.452490 0.753212
v 24.729764 -47.385534 0.729353
v 24.900452 -47.514484 0.775058
v 24.568443 -47.271701 0.688162
v 24.545898 -47.256384 0.682559
v 24.638373 -47.320122 0.705779
v 24.452276 -47.194278 0.659697
v 24.357564 -47.133841 0.637227
v 24.234455 -47.058750 0.609003
v 24.165000 -47.018059 0.593568
v 24.261830 -47.075116 0.615183
v 24.067276 -46.962788 0.572446
v 23.968448 -46.909185 0.551788
v 23.868858 -46.857434 0.531685
v 23.768155 -46.807354 0.512080
v 23.898710 -46.872711 0.537636
v 23.666827 -46.759187 0.493087
v 23.564375 -46.712697 0.474626
v 23.461434 -46.668170 0.456828
v 23.357364 -46.625331 0.439597
v 23.561321 -46.711345 0.474088
v 23.222682 -46.573063 0.418430
v 23.147382 -46.545367 0.407151
v 23.252632 -46.584381 0.423027
v 23.041298 -46.508172 0.391934
v 22.934695 -46.472906 0.377433
v 22.827392 -46.439510 0.363636
v 22.719570 -46.408040 0.350577
v 22.882786 -46.456490 0.370659
v 22.541850 -46.360652 0.330808
v 22.502278 -46.350849 0.326702
v 22.611185 -46.378482 0.338261
v 22.392948 -46.325164 0.315920
v 22.283093 -46.301406 0.305914
v 22.172956 -46.279624 0.296712
v 22.062292 -46.259773 0.288303
v 22.200076 -46.284799 0.298901
v 21.857655 -46.228371 0.274956
v 21.951487 -46.241919 0.280721
v 21.728820 -46.212097 0.268017
v 21.616954 -46.200138 0.262908
v 21.840153 -46.226003 0.273947
v 21.505158 -46.190189 0.258653
v 21.514774 -46.190966 0.258986
v 21.280632 -46.176224 0.252670
v 21.171621 -46.172327 0.250998
v 21.392979 -46.182210 0.255236
v 20.943825 -46.170249 0.250107
v 21.168508 -46.172243 0.250963
v 21.056056 -46.170248 0.250107
v 20.831409 -46.172246 0.250964
v 20.828379 -46.172327 0.250998
v 20.719212 -46.176231 0.252673
v 20.606974 -46.182213 0.255237
v 20.485225 -46.190966 0.258986
v 20.494954 -46.190180 0.258649
v 20.383033 -46.200139 0.262909
v 20.159870 -46.225999 0.273945
v 20.142345 -46.228371 0.274956
v 20.271332 -46.212080 0.268010
v 20.048628 -46.241902 0.280714
v 19.937766 -46.259763 0.288299
v 19.827122 -46.279609 0.296706
v 19.799924 -46.284799 0.298901
v 19.716999 -46.301386 0.305906
v 19.497849 -46.350818 0.326689
v 19.458149 -46.360652 0.330808
v 19.607095 -46.325155 0.315916
v 19.388822 -46.378480 0.338260
v 19.280225 -46.408098 0.350602
v 19.172580 -46.439518 0.363640
v 19.117214 -46.456490 0.370659
v 19.065134 -46.472961 0.377456
v 18.852485 -46.545415 0.407170
v 18.777318 -46.573063 0.418430
v 18.958640 -46.508193 0.391942
v 18.747272 -46.584417 0.423042
v 18.642540 -46.625369 0.439613
v 18.538743 -46.668095 0.456798
v 18.438678 -46.711345 0.474088
v 18.435565 -46.712723 0.474637
v 18.333315 -46.759121 0.493061
v 18.231820 -46.807366 0.512085
v 18.131247 -46.857381 0.531664
v 18.101290 -46.872711 0.537636
v 18.031561 -46.909180 0.551787
v 17.835042 -47.018035 0.593559
v 17.765545 -47.058750 0.609003
v 17.932793 -46.962750 0.572431
v 17.738204 -47.075096 0.615175
v 17.642510 -47.133795 0.637209
v 17.454201 -47.256317 0.682535
v 17.431556 -47.271701 0.688162
v 17.547725 -47.194277 0.659697
v 17.361596 -47.320143 0.705787
v 17.270098 -47.385635 0.729389
v 17.180051 -47.452536 0.753229
v 17.099547 -47.514484 0.775058
v 17.090967 -47.521209 0.777414
v 17.003319 -47.591289 0.801794
v 16.916759 -47.663054 0.826446
v 16.831623 -47.736227 0.851250
v 16.769536 -47.791277 0.869689
v 16.747695 -47.810992 0.876247
v 16.665179 -47.887167 0.901354
v 16.583986 -47.964835 0.926574
v 16.441894 -48.107669 0.971951
v 16.425839 -48.124391 0.977177
v 16.504197 -48.043919 0.951859
v 16.348880 -48.206286 1.002515
v 16.273454 -48.289458 1.027804
v 16.199423 -48.374063 1.053066
v 16.127023 -48.459828 1.078197
v 16.116728 -48.472276 1.081805
v 16.056014 -48.547038 1.103256
v 15.986729 -48.635286 1.128100
v 15.918835 -48.724995 1.152825
v 15.852582 -48.815846 1.177316
v 15.794210 -48.898799 1.199194
v 15.788059 -48.907707 1.201516
v 15.725080 -49.000841 1.225469
v 15.663849 -49.094946 1.249073
v 15.604236 -49.190222 1.272355
v 15.546363 -49.286475 1.295244
v 15.490188 -49.383772 1.317731
v 15.474387 -49.411877 1.324105
v 15.435748 -49.482054 1.339780
v 15.383080 -49.581248 1.361352
v 15.332144 -49.681435 1.382441
v 15.283047 -49.782400 1.402980
v 15.235682 -49.884367 1.422992
v 15.190215 -49.986975 1.442386
v 15.157656 -50.063626 1.456385
v 15.146483 -50.090595 1.461210
v 15.104700 -50.194715 1.479351
v 15.064659 -50.299859 1.496881
v 15.026611 -50.405358 1.513669
v 14.990313 -50.511894 1.529805
v 14.955941 -50.618977 1.545192
v 14.923540 -50.726435 1.559794
v 14.892999 -50.834635 1.573644
v 14.844083 -51.025691 1.596001
v 14.837750 -51.052391 1.598912
v 14.864423 -50.943211 1.586679
v 14.813037 -51.161948 1.610303
v 14.790262 -51.271970 1.620850
v 14.769446 -51.382371 1.630531
v 14.750596 -51.493097 1.639332
v 14.733706 -51.604202 1.647245
v 14.718802 -51.715491 1.654250
v 14.705861 -51.827162 1.660348
v 14.694920 -51.938874 1.665516
v 14.685946 -52.050970 1.669763
v 14.678979 -52.162963 1.673065
v 14.673988 -52.275343 1.675434
v 14.671000 -52.387477 1.676852
v 32.372043 -123.750000 -4.790822
v 32.372043 -43.750000 -4.790822
v 32.740109 -43.750000 -4.574725
v 32.740109 -123.750000 -4.574725
v 33.104070 -43.750000 -4.351783
v 33.104070 -123.750000 -4.351783
v 33.463799 -43.750000 -4.122074
v 33.463799 -123.750000 -4.122074
v 33.819170 -43.750000 -3.885679
v 33.819170 -123.750000 -3.885679
v 34.170058 -43.750000 -3.642681
v 39.079846 -43.750000 1.067334
v 39.337202 -43.750000 1.407832
v 39.337202 -73.016827 1.407832
v 39.251267 -73.055077 1.292657
v 39.164972 -73.094622 1.178502
v 38.816168 -43.750000 0.731708
v 39.079846 -73.134767 1.067334
v 39.001717 -73.172621 0.966534
v 38.923334 -73.211587 0.866561
v 38.546261 -43.750000 0.401071
v 38.686434 -73.335560 0.571207
v 38.616423 -73.374038 0.485812
v 38.816168 -73.266496 0.731708
v 38.270218 -43.750000 0.075538
v 38.546261 -73.413469 0.401071
v 38.454431 -73.466419 0.291403
v 38.362426 -73.521030 0.182910
v 37.988137 -43.750000 -0.244776
v 38.116742 -73.674831 -0.100236
v 38.005784 -73.748265 -0.225089
v 38.270218 -73.577370 0.075538
v 38.227493 -73.604033 0.026240
v 37.700116 -43.750000 -0.559760
v 37.888855 -73.828460 -0.354693
v 37.789472 -73.898970 -0.463300
v 37.988079 -73.760220 -0.244841
v 37.406256 -43.750000 -0.869303
v 37.700116 -73.964275 -0.559760
v 37.639424 -74.009694 -0.624647
v 37.578723 -74.056000 -0.689039
v 37.492479 -74.123347 -0.779674
v 37.106659 -43.750000 -1.173297
v 37.274084 -74.302467 -1.004818
v 37.174572 -74.388398 -1.105379
v 37.406256 -74.192561 -0.869303
v 37.373702 -74.219196 -0.902889
v 36.801430 -43.750000 -1.471637
v 37.106659 -74.448682 -1.173297
v 37.043920 -74.505598 -1.235536
v 36.981493 -74.563435 -1.296990
v 36.891101 -74.649388 -1.385143
v 36.490676 -43.750000 -1.764216
v 36.703953 -74.836148 -1.564596
v 36.614114 -74.930313 -1.649307
v 36.552178 -74.997052 -1.707177
v 36.490676 -75.064858 -1.764216
v 36.801430 -74.737343 -1.471637
v 36.794655 -74.744101 -1.478133
v 36.174506 -43.750000 -2.050935
v 36.355983 -75.219009 -1.887681
v 36.272777 -75.318368 -1.962968
v 36.223464 -75.378841 -2.007238
v 36.174506 -75.440101 -2.050935
v 36.440117 -75.121788 -1.810793
v 35.853030 -43.750000 -2.331691
v 36.034919 -75.621888 -2.174144
v 35.958623 -75.726053 -2.240638
v 35.905556 -75.800670 -2.286538
v 35.853030 -75.876379 -2.331691
v 36.112234 -75.519857 -2.106151
v 35.526360 -43.750000 -2.606387
v 35.605920 -76.260529 -2.540442
v 35.540661 -76.370813 -2.594578
v 35.812075 -75.936752 -2.366705
v 35.741639 -76.043493 -2.426534
v 35.672714 -76.151744 -2.484606
v 35.194611 -43.750000 -2.874927
v 35.298921 -76.820308 -2.791595
v 35.246039 -76.928975 -2.833967
v 35.356682 -76.706284 -2.745019
v 35.194611 -77.038977 -2.874927
v 35.526193 -76.395833 -2.606525
v 35.470578 -76.494055 -2.652263
v 35.416027 -76.593742 -2.696840
v 34.857899 -43.750000 -3.137217
v 34.907692 -77.758381 -3.099063
v 34.882411 -77.833596 -3.118462
v 34.949803 -77.638431 -3.066626
v 34.857899 -77.909082 -3.137217
v 35.189455 -77.050260 -2.879020
v 35.137749 -77.166129 -2.919935
v 35.087688 -77.283446 -2.959317
v 35.039887 -77.400764 -2.996710
v 34.993744 -77.519556 -3.032613
v 34.516342 -43.750000 -3.393165
v 34.531736 -79.485879 -3.381842
v 34.523544 -79.573548 -3.387870
v 34.545276 -79.360021 -3.371867
v 34.516342 -79.661545 -3.393165
v 34.829608 -77.999681 -3.158798
v 34.793598 -78.121108 -3.186167
v 34.759559 -78.243218 -3.211934
v 34.727594 -78.365643 -3.236040
v 34.697607 -78.488748 -3.258575
v 34.669714 -78.612048 -3.279467
v 34.643805 -78.736026 -3.298814
v 34.620006 -78.860078 -3.316535
v 34.598201 -78.984806 -3.332729
v 34.578514 -79.109485 -3.347314
v 34.560833 -79.234840 -3.360387
v 39.079846 -87.350495 1.067334
v 39.244525 -102.069569 1.283685
v 39.151430 -102.112189 1.160723
v 39.251256 -87.430191 1.292643
v 39.337202 -87.468451 1.407832
v 39.164972 -87.390645 1.178502
v 39.337202 -102.028454 1.407832
v 38.994988 -102.186860 0.957906
v 39.001708 -87.312631 0.966522
v 38.923334 -87.273665 0.866561
v 39.079846 -102.145876 1.067334
v 38.909830 -102.229153 0.849453
v 38.816168 -102.277046 0.731708
v 38.816168 -87.218748 0.731708
v 38.744654 -102.314602 0.642868
v 38.686434 -87.149676 0.571207
v 38.672964 -102.353127 0.554712
v 38.546261 -87.071759 0.401071
v 38.616415 -87.111190 0.485803
v 38.270218 -86.907842 0.075538
v 38.440993 -102.483986 0.275471
v 38.355693 -102.534570 0.175023
v 38.454431 -87.018803 0.291403
v 38.362412 -86.964178 0.182893
v 38.546261 -102.423408 0.401071
v 37.988137 -86.725015 -0.244776
v 38.103345 -102.692398 -0.115409
v 37.992401 -102.765831 -0.240023
v 38.214083 -102.621600 0.010826
v 38.227493 -86.881176 0.026240
v 38.116721 -86.810358 -0.100260
v 38.270218 -102.586637 0.075538
v 38.005784 -86.736932 -0.225089
v 37.700116 -86.520904 -0.559760
v 37.882183 -102.841353 -0.362028
v 37.776114 -102.916537 -0.477791
v 37.888837 -86.656718 -0.354712
v 37.789472 -86.586214 -0.463300
v 37.988122 -102.768715 -0.244793
v 37.632757 -103.022222 -0.631743
v 37.639417 -86.475477 -0.624654
v 37.578723 -86.429173 -0.689039
v 37.700116 -102.971968 -0.559760
v 37.565388 -103.073567 -0.703118
v 37.485814 -103.135646 -0.786638
v 37.492465 -86.361810 -0.779689
v 37.406256 -103.199312 -0.869303
v 37.406256 -86.292602 -0.869303
v 37.106659 -86.036467 -1.173297
v 37.260780 -103.320035 -1.018334
v 37.161278 -103.405964 -1.118719
v 37.360388 -103.236763 -0.916586
v 37.373702 -86.265966 -0.902889
v 37.274064 -86.182672 -1.004838
v 37.174572 -86.096754 -1.105379
v 37.037248 -103.517112 -1.242127
v 36.981493 -85.921707 -1.296990
v 37.044028 -85.979647 -1.235429
v 37.106659 -103.454346 -1.173297
v 36.968218 -103.581002 -1.309997
v 36.884515 -103.660510 -1.391528
v 36.891202 -85.835848 -1.385045
v 36.801430 -103.741730 -1.471637
v 36.801388 -85.747749 -1.471676
v 36.490676 -85.420260 -1.764216
v 36.600873 -103.947880 -1.661716
v 36.545602 -104.007368 -1.713296
v 36.690702 -103.853716 -1.577149
v 36.781365 -103.761700 -1.490862
v 36.794623 -85.741000 -1.478164
v 36.703894 -85.648920 -1.564652
v 36.552149 -85.488038 -1.707203
v 36.614114 -85.554811 -1.649307
v 36.426891 -104.139355 -1.822932
v 36.440117 -85.363328 -1.810793
v 36.355928 -85.266038 -1.887732
v 36.490676 -104.067704 -1.764216
v 36.342762 -104.236578 -1.899694
v 36.259565 -104.335935 -1.974855
v 36.174506 -85.045002 -2.050935
v 36.223444 -85.106240 -2.007256
v 36.272777 -85.166740 -1.962968
v 36.034867 -84.863139 -2.174189
v 35.945436 -104.743620 -2.252071
v 35.899027 -104.808780 -2.292166
v 36.021725 -104.639457 -2.185686
v 36.099034 -104.537424 -2.117803
v 36.112234 -84.965244 -2.106151
v 36.174506 -104.441022 -2.050935
v 35.853030 -104.874771 -2.331691
v 35.853030 -84.608710 -2.331691
v 35.905530 -84.684385 -2.286560
v 35.958623 -84.759040 -2.240638
v 35.741794 -84.441831 -2.426403
v 35.812075 -84.548335 -2.366705
v 35.606068 -84.224795 -2.540319
v 35.672714 -84.333338 -2.484606
v 35.526360 -84.089533 -2.606387
v 35.592758 -105.278098 -2.551393
v 35.527506 -105.388380 -2.605442
v 35.798899 -104.954319 -2.377934
v 35.540661 -84.114263 -2.594578
v 35.728467 -105.061062 -2.437668
v 35.659549 -105.169310 -2.495646
v 35.526345 -105.390379 -2.606399
v 35.356608 -83.778641 -2.745078
v 35.343539 -105.723853 -2.755644
v 35.285783 -105.837875 -2.802146
v 35.239646 -105.932446 -2.839072
v 35.194611 -106.028027 -2.874927
v 35.416027 -83.891328 -2.696840
v 35.470516 -83.990907 -2.652313
v 35.463853 -105.500101 -2.657773
v 35.402881 -105.611309 -2.707541
v 35.194529 -83.445904 -2.874992
v 35.245976 -83.555957 -2.834017
v 35.298921 -83.664757 -2.791595
v 35.087688 -83.201611 -2.959317
v 35.137684 -83.318782 -2.919986
v 35.189443 -83.434775 -2.879030
v 34.993744 -82.965497 -3.032613
v 35.039827 -83.084140 -2.996757
v 34.949820 -82.846667 -3.066613
v 34.857899 -82.575966 -3.137217
v 34.936698 -106.655975 -3.076738
v 34.894582 -106.775947 -3.109130
v 35.176313 -106.067853 -2.889443
v 34.882442 -82.651546 -3.118439
v 34.907692 -82.726669 -3.099063
v 35.124621 -106.183698 -2.930284
v 35.074565 -106.301013 -2.969603
v 35.026766 -106.418333 -3.006939
v 34.980627 -106.537123 -3.042784
v 34.857899 -106.885952 -3.137217
v 34.516342 -80.823490 -3.393165
v 34.532188 -108.377590 -3.381509
v 34.518650 -108.503446 -3.391468
v 34.816503 -107.017248 -3.168771
v 34.780494 -107.138677 -3.196098
v 34.746459 -107.260785 -3.221824
v 34.714495 -107.383212 -3.245893
v 34.684510 -107.506315 -3.268393
v 34.656618 -107.629617 -3.289253
v 34.630712 -107.753593 -3.308569
v 34.606914 -107.877647 -3.326263
v 34.585110 -108.002373 -3.342431
v 34.565425 -108.127054 -3.356994
v 34.547745 -108.252407 -3.370046
v 34.793667 -82.364179 -3.186114
v 34.829608 -82.485365 -3.158798
v 34.727656 -82.119644 -3.235993
v 34.759559 -82.241826 -3.211934
v 34.697607 -81.996293 -3.258575
v 34.669723 -81.873037 -3.279460
v 34.598201 -81.500231 -3.332729
v 34.619964 -81.624733 -3.316566
v 34.643805 -81.749013 -3.298814
v 34.578480 -81.375323 -3.347340
v 34.560833 -81.250196 -3.360387
v 34.545249 -81.124785 -3.371887
v 34.523534 -80.911376 -3.387877
v 34.531736 -80.999156 -3.381842
v 34.516155 -108.529026 -3.393302
v 34.503652 -80.621323 -3.402483
v 34.510934 -80.747362 -3.397138
v 34.498445 -80.495065 -3.406303
v 34.516342 -123.750000 -3.393165
v 34.497849 -109.764929 -3.406740
v 34.506245 -109.879103 -3.400580
v 34.490568 -109.638892 -3.412077
v 34.516342 -109.993094 -3.393165
v 34.485361 -109.512632 -3.415891
v 34.170058 -123.750000 -3.642681
v 34.482240 -109.386469 -3.418176
v 34.495324 -80.368900 -3.408591
v 34.482236 -109.133921 -3.418179
v 34.481197 -109.260084 -3.418939
v 34.506253 -108.640966 -3.400574
v 34.497849 -108.755239 -3.406740
v 34.490557 -108.881499 -3.412085
v 34.485361 -109.007535 -3.415891
v 34.495320 -80.116352 -3.408594
v 34.494281 -80.242517 -3.409356
v 34.510934 -79.737672 -3.397138
v 34.503642 -79.863930 -3.402491
v 34.498445 -79.989968 -3.406303
v 34.816503 -111.502932 -3.168771
v 34.857899 -111.634230 -3.137217
v 34.714558 -111.137213 -3.245846
v 34.746459 -111.259392 -3.221824
v 34.780565 -111.381748 -3.196045
v 34.656619 -110.890561 -3.289252
v 34.684510 -111.013860 -3.268393
v 34.585110 -110.517798 -3.342431
v 34.606873 -110.642302 -3.326293
v 34.630712 -110.766580 -3.308569
v 34.547745 -110.267763 -3.370046
v 34.565392 -110.392892 -3.357019
v 34.532162 -110.142354 -3.381528
v 34.518651 -110.016736 -3.391468
v 35.194611 -123.750000 -2.874927
v 35.124559 -112.336351 -2.930333
v 35.176313 -112.452342 -2.889443
v 35.074565 -112.219178 -2.969603
v 34.980627 -111.983064 -3.042784
v 35.026708 -112.101709 -3.006984
v 35.194358 -112.491620 -2.875128
v 34.857899 -123.750000 -3.137217
v 34.936707 -111.864236 -3.076731
v 34.894582 -111.744236 -3.109130
v 35.463778 -113.019971 -2.657835
v 35.526360 -113.129856 -2.606387
v 35.402881 -112.908895 -2.707541
v 35.343467 -112.796210 -2.755702
v 35.239600 -112.587654 -2.839109
v 35.285783 -112.682324 -2.802146
v 35.526360 -123.750000 -2.606387
v 35.798899 -113.565902 -2.377934
v 35.853030 -113.645453 -2.331691
v 35.728625 -113.459399 -2.437535
v 35.659549 -113.350904 -2.495646
v 35.592908 -113.242362 -2.551269
v 35.527509 -113.131835 -2.605439
v 35.853030 -123.750000 -2.331691
v 36.099034 -113.982811 -2.117803
v 36.174506 -114.079216 -2.050935
v 36.021675 -113.880707 -2.185729
v 35.899008 -113.711419 -2.292182
v 35.945436 -113.776607 -2.252071
v 36.174506 -123.750000 -2.050935
v 36.426891 -114.380894 -1.822932
v 36.490676 -114.452548 -1.764216
v 36.342710 -114.283606 -1.899742
v 36.259565 -114.184307 -1.974855
v 36.490676 -123.750000 -1.764216
v 36.781365 -114.758566 -1.490862
v 36.801317 -114.778425 -1.471745
v 36.690646 -114.666488 -1.577202
v 36.545580 -114.512863 -1.713316
v 36.600873 -114.572378 -1.661716
v 36.801430 -123.750000 -1.471637
v 37.037381 -115.003289 -1.241995
v 37.106659 -115.065937 -1.173297
v 36.968218 -114.939274 -1.309997
v 36.884590 -114.859834 -1.391455
v 37.106659 -123.750000 -1.173297
v 37.360388 -115.283532 -0.916586
v 37.406256 -115.320986 -0.869303
v 37.260761 -115.200239 -1.018354
v 37.161278 -115.114321 -1.118719
v 37.406256 -123.750000 -0.869303
v 37.632749 -115.498082 -0.631751
v 37.700116 -115.548345 -0.559760
v 37.565388 -115.446740 -0.703118
v 37.485802 -115.384647 -0.786650
v 37.700116 -123.750000 -0.559760
v 37.882164 -115.678958 -0.362049
v 37.988137 -115.751625 -0.244776
v 37.776114 -115.603781 -0.477791
v 37.988137 -123.750000 -0.244776
v 38.214083 -115.898743 0.010826
v 38.270218 -115.933708 0.075538
v 38.103325 -115.827925 -0.115432
v 37.992430 -115.754518 -0.239991
v 38.270218 -123.750000 0.075538
v 38.440993 -116.036370 0.275471
v 38.546261 -116.096955 0.401071
v 38.355681 -115.985774 0.175010
v 38.546261 -123.750000 0.401071
v 38.744647 -116.205769 0.642859
v 38.816168 -116.243333 0.731708
v 38.672964 -116.167243 0.554712
v 38.816168 -123.750000 0.731708
v 38.994978 -116.333525 0.957892
v 39.079846 -116.374519 1.067334
v 38.909830 -116.291231 0.849453
v 39.079846 -123.750000 1.067334
v 39.244513 -116.450832 1.283669
v 39.337202 -116.491958 1.407832
v 39.151430 -116.408211 1.160723
v 39.337202 -123.750000 1.407832
v 29.808089 -43.750000 3.168683
v 30.081007 -43.750000 3.376841
v 30.349007 -43.750000 3.591294
v 29.530402 -43.750000 2.966931
v 29.248095 -43.750000 2.771696
v 28.961322 -43.750000 2.583082
v 26.842177 -43.750000 1.456312
v 27.155742 -43.750000 1.595921
v 26.205726 -43.750000 1.199170
v 26.525447 -43.750000 1.324038
v 23.898620 -43.750000 0.537618
v 24.234360 -43.750000 0.608981
v 28.670238 -43.750000 2.401192
v 28.375000 -43.750000 2.226125
v 28.075768 -43.750000 2.057975
v 23.561311 -43.750000 0.474086
v 31.845808 -43.750000 5.003453
v 27.465974 -43.750000 1.742788
v 27.772705 -43.750000 1.896834
v 25.883185 -43.750000 1.081775
v 25.230348 -43.750000 0.869655
v 25.558001 -43.750000 0.971916
v 24.568348 -43.750000 0.688138
v 24.900404 -43.750000 0.775045
v 49.825425 -43.750000 12.000000
v 34.610746 -43.750000 9.315803
v 34.739326 -43.750000 9.634050
v 32.075480 -43.750000 5.258530
v 31.610262 -43.750000 4.753789
v 31.368971 -43.750000 4.509674
v 31.122064 -43.750000 4.271239
v 30.869676 -43.750000 4.038614
v 21.171620 -43.750000 0.250998
v 35.269374 -43.750000 11.265371
v 35.352412 -43.750000 11.598416
v 34.974100 -43.750000 10.279087
v 35.080168 -43.750000 10.605528
v 34.860466 -43.750000 9.955203
v 34.023477 -43.750000 8.075294
v 34.181081 -43.750000 8.380212
v 33.687200 -43.750000 7.476872
v 33.858820 -43.750000 7.774127
v 30.611944 -43.750000 3.811925
v 22.541795 -43.750000 0.330802
v 22.882714 -43.750000 0.370650
v 21.000000 -43.750000 0.250000
v 35.606454 -43.750000 12.947197
v 35.650266 -43.750000 13.287630
v 35.427677 -43.750000 11.933303
v 35.495130 -43.750000 12.269850
v 35.178610 -43.750000 10.934349
v 34.474796 -43.750000 9.000635
v 32.299156 -43.750000 5.518883
v 32.516712 -43.750000 5.784369
v 23.222614 -43.750000 0.418420
v 21.857636 -43.750000 0.274955
v 22.200040 -43.750000 0.298898
v 21.514768 -43.750000 0.258985
v 35.714070 -43.750000 13.971092
v 35.734027 -43.750000 14.313752
v 35.686144 -43.750000 13.628990
v 35.554733 -43.750000 12.607876
v 34.331548 -43.750000 8.688714
v 33.508709 -43.750000 7.183691
v 33.131508 -43.750000 6.610183
v 33.323445 -43.750000 6.894743
v 32.728032 -43.750000 6.054846
v 49.825425 -43.750000 15.000000
v 32.933001 -43.750000 6.330168
v 35.746006 -43.750000 14.656783
v 35.750000 -43.750000 15.000000
v 49.825425 -123.750000 15.000000
v 49.825425 -123.750000 12.000000
v 35.746006 -123.750000 14.656783
v 35.750000 -123.750000 15.000000
v 35.734027 -123.750000 14.313752
v 35.714070 -123.750000 13.971092
v 35.686144 -123.750000 13.628990
v 35.650266 -123.750000 13.287630
v 35.606454 -123.750000 12.947197
v 35.554733 -123.750000 12.607876
v 35.495130 -123.750000 12.269850
v 35.427677 -123.750000 11.933303
v 35.352412 -123.750000 11.598416
v 35.269374 -123.750000 11.265371
v 35.178610 -123.750000 10.934349
v 35.080168 -123.750000 10.605528
v 34.974100 -123.750000 10.279087
v 34.860466 -123.750000 9.955203
v 34.739326 -123.750000 9.634050
v 34.610746 -123.750000 9.315803
v 34.474796 -123.750000 9.000635
v 34.331548 -123.750000 8.688714
v 34.181081 -123.750000 8.380212
v 34.023477 -123.750000 8.075294
v 33.858820 -123.750000 7.774127
v 33.687200 -123.750000 7.476872
v 33.508709 -123.750000 7.183691
v 33.323445 -123.750000 6.894743
v 33.131508 -123.750000 6.610183
v 32.933001 -123.750000 6.330168
v 32.728032 -123.750000 6.054846
v 32.516712 -123.750000 5.784369
v 32.299156 -123.750000 5.518883
v 32.075480 -123.750000 5.258530
v 31.845808 -123.750000 5.003453
v 31.610262 -123.750000 4.753789
v 31.368971 -123.750000 4.509674
v 31.122064 -123.750000 4.271239
v 30.869676 -123.750000 4.038614
v 30.611944 -123.750000 3.811925
v 30.349007 -123.750000 3.591294
v 30.081007 -123.750000 3.376841
v 29.808089 -123.750000 3.168683
v 29.530402 -123.750000 2.966931
v 29.248095 -123.750000 2.771696
v 28.961322 -123.750000 2.583082
v 28.670238 -123.750000 2.401192
v 28.375000 -123.750000 2.226125
v 28.075768 -123.750000 2.057975
v 27.772705 -123.750000 1.896834
v 27.465974 -123.750000 1.742788
v 14.227295 -123.750000 1.896834
v 14.534026 -123.750000 1.742788
v 14.534026 -43.747204 1.742788
v 13.924232 -123.750000 2.057975
v 14.227295 -43.747071 1.896834
v 13.625000 -123.750000 2.226125
v 13.924232 -43.746940 2.057975
v 13.329762 -123.750000 2.401192
v 13.625000 -43.746811 2.226125
v 13.038678 -123.750000 2.583082
v 13.329762 -43.746683 2.401192
v 12.751905 -123.750000 2.771696
v 13.038678 -43.746557 2.583082
v 12.469598 -123.750000 2.966931
v 12.751905 -43.746433 2.771696
v 12.191911 -123.750000 3.168683
v 12.469598 -43.746311 2.966931
v 11.918993 -123.750000 3.376841
v 12.191911 -43.746191 3.168683
v 11.650993 -123.750000 3.591294
v 11.918993 -43.746073 3.376841
v 11.388056 -123.750000 3.811925
v 11.650993 -43.745957 3.591294
v 11.130324 -123.750000 4.038614
v 11.388056 -43.745843 3.811925
v 10.877936 -123.750000 4.271239
v 11.130324 -43.745732 4.038614
v 10.631029 -123.750000 4.509674
v 10.877936 -43.745623 4.271239
v 10.389738 -123.750000 4.753789
v 10.631029 -43.745516 4.509674
v 10.154192 -123.750000 5.003453
v 10.389738 -43.745412 4.753789
v 9.924520 -123.750000 5.258530
v 10.154192 -43.745310 5.003453
v 9.700844 -123.750000 5.518883
v 9.924520 -43.745211 5.258530
v 9.483288 -123.750000 5.784369
v 9.700844 -43.745114 5.518883
v 9.271968 -123.750000 6.054846
v 9.483288 -43.745020 5.784369
v 9.066999 -123.750000 6.330168
v 9.271968 -43.744928 6.054846
v 8.868492 -123.750000 6.610183
v 9.066999 -43.744840 6.330168
v 8.676555 -123.750000 6.894743
v 8.868492 -43.744754 6.610183
v 8.491291 -123.750000 7.183691
v 8.676555 -43.744671 6.894743
v 8.312800 -123.750000 7.476872
v 8.491291 -43.744591 7.183691
v 8.141180 -123.750000 7.774127
v 8.312800 -43.744514 7.476872
v 7.976523 -123.750000 8.075294
v 8.141180 -43.744439 7.774127
v 7.818919 -123.750000 8.380212
v 7.976523 -43.744368 8.075294
v 7.668452 -123.750000 8.688714
v 7.818919 -43.744300 8.380212
v 7.525204 -123.750000 9.000635
v 7.668452 -43.744235 8.688714
v 7.389254 -123.750000 9.315803
v 7.525204 -43.744173 9.000635
v 7.260674 -123.750000 9.634050
v 7.389254 -43.744114 9.315803
v 7.139534 -123.750000 9.955203
v 7.260674 -43.744059 9.634050
v 7.025900 -123.750000 10.279087
v 7.139534 -43.744006 9.955203
v 6.919832 -123.750000 10.605528
v 7.025900 -43.743957 10.279087
v 6.821390 -123.750000 10.934349
v 6.919832 -43.743911 10.605528
v 6.730626 -123.750000 11.265371
v 6.821390 -43.743869 10.934349
v 6.647588 -123.750000 11.598416
v 6.730626 -43.743829 11.265371
v 6.572323 -123.750000 11.933303
v 6.647588 -43.743793 11.598416
v 6.504870 -123.750000 12.269850
v 6.572323 -43.743761 11.933303
v 6.445267 -123.750000 12.607876
v 6.504870 -43.743732 12.269850
v 6.393546 -123.750000 12.947197
v 6.445267 -43.743706 12.607876
v 6.349734 -123.750000 13.287630
v 6.393546 -43.743684 12.947197
v 6.313856 -123.750000 13.628990
v 6.349734 -43.743665 13.287630
v 6.285930 -123.750000 13.971092
v 6.313856 -43.743649 13.628990
v 6.265973 -123.750000 14.313752
v 6.285930 -43.743637 13.971092
v 6.253994 -123.750000 14.656783
v 6.265973 -43.743628 14.313752
v 6.250000 -123.750000 15.000000
v 6.253994 -43.743623 14.656783
v 26.842177 -123.750000 1.456312
v 27.155742 -123.750000 1.595921
v 26.525447 -123.750000 1.324038
v 26.205726 -123.750000 1.199170
v 25.883185 -123.750000 1.081775
v 25.558001 -123.750000 0.971916
v 25.230348 -123.750000 0.869655
v 24.900404 -123.750000 0.775045
v 24.568348 -123.750000 0.688138
v 24.234360 -123.750000 0.608981
v 23.898620 -123.750000 0.537618
v 23.561311 -123.750000 0.474086
v 23.222614 -123.750000 0.418420
v 22.882714 -123.750000 0.370650
v 22.541795 -123.750000 0.330802
v 22.200040 -123.750000 0.298898
v 21.857636 -123.750000 0.274955
v 21.171620 -123.750000 0.250998
v 21.514768 -123.750000 0.258985
v 20.828380 -123.750000 0.250998
v 20.485232 -123.750000 0.258985
v 20.142364 -123.750000 0.274955
v 19.799960 -123.750000 0.298898
v 19.458205 -123.750000 0.330802
v 19.117286 -123.750000 0.370650
v 18.777386 -123.750000 0.418420
v 18.438689 -123.750000 0.474086
v 18.101380 -123.750000 0.537618
v 17.765640 -123.750000 0.608981
v 17.431652 -123.750000 0.688138
v 17.099596 -123.750000 0.775045
v 16.769652 -123.750000 0.869655
v 16.441999 -123.750000 0.971916
v 16.116815 -123.750000 1.081775
v 15.794274 -123.750000 1.199170
v 15.474553 -123.750000 1.324038
v 15.157823 -123.750000 1.456312
v 14.844258 -123.750000 1.595921
v 15.157823 -43.747474 1.456312
v 14.844258 -43.747338 1.595921
v 15.474553 -43.747611 1.324038
v 15.794274 -43.747749 1.199170
v 16.116815 -43.747888 1.081775
v 16.441999 -43.748029 0.971916
v 16.769652 -43.748171 0.869655
v 17.099596 -43.748313 0.775045
v 17.431652 -43.748457 0.688138
v 17.765640 -43.748601 0.608981
v 18.101380 -43.748747 0.537618
v 18.438689 -43.748892 0.474086
v 18.777386 -43.749039 0.418420
v 19.117286 -43.749186 0.370650
v 19.458205 -43.749333 0.330802
v 19.799960 -43.749481 0.298898
v 20.142364 -43.749629 0.274955
v 20.828380 -43.749926 0.250998
v 20.485232 -43.749777 0.258985
v 6.250000 -43.743622 15.000000
v 5.028920 -123.749957 -1.307287
v 5.174819 -123.749958 -1.448869
v 5.470810 -123.749959 -1.728547
v 8.334455 -123.749981 -3.989109
v 8.504144 -123.749983 -4.101170
v 4.320185 -123.749956 -0.581824
v 4.459186 -123.749956 -0.729272
v 4.884414 -123.749957 -1.164541
v 5.620736 -123.749960 -1.866485
v 6.230993 -123.749963 -2.403471
v 6.386216 -123.749964 -2.534052
v 6.699890 -123.749966 -2.790861
v 7.503189 -123.749973 -3.407725
v 8.165922 -123.749979 -3.875647
v 3.256684 -123.749957 0.641039
v 3.384955 -123.749956 0.483917
v 3.645472 -123.749956 0.173361
v 3.911321 -123.749956 -0.132324
v 4.046258 -123.749956 -0.283355
v 4.182544 -123.749956 -0.433186
v 4.741294 -123.749957 -1.020626
v 5.322118 -123.749959 -1.589292
v 6.858352 -123.749968 -2.917099
v 7.340319 -123.749971 -3.287208
v 7.998536 -123.749978 -3.760781
v 8.674995 -123.749985 -4.211834
v 8.846962 -123.749993 -4.321068
v -7.825425 -123.749966 12.000000
v 2.662798 -123.749979 1.407832
v 3.004097 -123.749957 0.959003
v 3.777727 -123.749956 0.019912
v 4.599554 -123.749956 -0.875538
v 5.771716 -123.749961 -2.002943
v 5.923748 -123.749961 -2.137922
v 6.076839 -123.749962 -2.271429
v 6.542513 -123.749965 -2.663181
v 7.017907 -123.749969 -3.041899
v 7.178561 -123.749970 -3.165267
v 7.667177 -123.749974 -3.526824
v 7.832290 -123.749976 -3.644508
v -7.825425 -123.750000 15.000000
v 2.756754 -123.749958 1.281976
v 2.879772 -123.749958 1.119860
v 3.129733 -123.749957 0.799398
v 3.514549 -123.749956 0.328027
v -8.849571 -123.749557 -3.332447
v 42.861191 -111.490387 15.000000
v 42.727633 -111.490387 15.000000
v 42.994515 -111.482487 15.000000
v 43.127135 -111.466715 15.000000
v 42.594310 -111.482487 15.000000
v 43.258587 -111.443126 15.000000
v 42.461690 -111.466716 15.000000
v 43.388408 -111.411804 15.000000
v 42.330238 -111.443128 15.000000
v 43.516143 -111.372858 15.000000
v 42.200416 -111.411806 15.000000
v 43.641343 -111.326425 15.000000
v 42.072682 -111.372860 15.000000
v 43.763568 -111.272669 15.000000
v 41.947482 -111.326428 15.000000
v 43.882389 -111.211777 15.000000
v 41.825257 -111.272671 15.000000
v 42.715093 -77.993960 15.000000
v 42.848651 -77.993960 15.000000
v 42.449150 -78.017632 15.000000
v 42.581770 -78.001860 15.000000
v 43.997388 -111.143964 15.000000
v 42.981975 -78.001860 15.000000
v 41.706436 -111.211780 15.000000
v 44.108161 -111.069469 15.000000
v 43.114595 -78.017631 15.000000
v 42.187876 -78.072543 15.000000
v 42.317698 -78.041221 15.000000
v 41.591437 -111.143968 15.000000
v 43.246047 -78.041220 15.000000
v 44.214321 -110.988552 15.000000
v 40.540904 -109.241378 15.000000
v 40.544862 -109.108087 15.000000
v 41.480663 -111.069472 15.000000
v 43.375868 -78.072541 15.000000
v 41.934942 -78.157922 15.000000
v 42.060142 -78.111489 15.000000
v 42.581770 -82.484085 15.000000
v 42.449150 -82.468313 15.000000
v 44.315492 -110.901498 15.000000
v 43.503603 -78.111487 15.000000
v 42.715093 -82.491984 15.000000
v 41.374504 -110.988556 15.000000
v 44.411321 -110.808613 15.000000
v 43.628803 -78.157920 15.000000
v 41.693896 -78.272570 15.000000
v 41.812717 -78.211678 15.000000
v 42.317698 -82.444725 15.000000
v 41.273333 -110.901502 15.000000
v 43.751028 -78.211676 15.000000
v 42.187876 -82.413403 15.000000
v 44.501470 -110.710222 15.000000
v 42.060142 -82.374458 15.000000
v 41.177504 -110.808617 15.000000
v 43.869849 -78.272567 15.000000
v 41.468123 -78.414879 15.000000
v 41.578897 -78.340383 15.000000
v 41.934942 -82.328025 15.000000
v 44.585623 -110.606673 15.000000
v 43.984848 -78.340380 15.000000
v 41.361964 -78.495795 15.000000
v 41.812717 -82.274269 15.000000
v 41.087354 -110.710227 15.000000
v 44.095621 -78.414875 15.000000
v 41.693896 -82.213377 15.000000
v 44.663485 -110.498328 15.000000
v 41.578897 -82.145565 15.000000
v 41.003201 -110.606678 15.000000
v 45.035380 -80.241998 15.000000
v 45.035381 -80.242969 15.000000
v 44.201781 -78.495792 15.000000
v 41.164964 -78.675735 15.000000
v 41.260793 -78.582849 15.000000
v 41.468123 -82.071070 15.000000
v 44.734781 -110.385567 15.000000
v 45.031423 -80.109678 15.000000
v 44.411321 -107.674133 15.000000
v 44.302952 -78.582845 15.000000
v 41.074814 -78.774125 15.000000
v 41.361964 -81.990153 15.000000
v 40.925340 -110.498333 15.000000
v 45.019563 -79.976855 15.000000
v 44.398781 -78.675730 15.000000
v 45.031423 -80.376261 15.000000
v 42.861191 -106.992363 15.000000
v 42.994515 -107.000263 15.000000
v 41.260793 -81.903099 15.000000
v 44.799262 -110.268788 15.000000
v 44.501470 -107.772523 15.000000
v 43.127135 -107.016034 15.000000
v 41.164964 -81.810214 15.000000
v 40.854043 -110.385573 15.000000
v 44.488930 -78.774120 15.000000
v 40.912800 -78.986020 15.000000
v 40.990661 -78.877674 15.000000
v 40.556721 -108.975263 15.000000
v 43.114595 -82.468312 15.000000
v 42.981975 -82.484084 15.000000
v 43.258587 -107.039622 15.000000
v 41.074814 -81.711824 15.000000
v 44.856701 -110.148400 15.000000
v 44.585623 -107.876072 15.000000
v 44.573083 -78.877670 15.000000
v 40.841503 -79.098780 15.000000
v 44.999844 -80.640972 15.000000
v 40.732124 -108.334350 15.000000
v 40.789563 -108.213962 15.000000
v 40.576441 -108.843375 15.000000
v 44.844161 -81.149997 15.000000
v 44.786722 -81.270385 15.000000
v 42.848651 -82.491984 15.000000
v 43.375868 -82.413402 15.000000
v 43.246047 -82.444724 15.000000
v 45.019563 -80.509084 15.000000
v 42.461690 -107.016035 15.000000
v 42.594310 -107.000263 15.000000
v 43.388408 -107.070944 15.000000
v 40.990661 -81.608275 15.000000
v 40.789563 -110.268793 15.000000
v 44.663485 -107.984417 15.000000
v 44.650945 -78.986015 15.000000
v 40.777023 -79.215559 15.000000
v 40.681929 -108.457924 15.000000
v 40.854043 -108.097183 15.000000
v 44.894355 -81.026423 15.000000
v 44.722241 -81.387165 15.000000
v 43.628803 -82.328023 15.000000
v 43.503603 -82.374456 15.000000
v 42.727633 -106.992363 15.000000
v 42.200416 -107.070946 15.000000
v 42.330238 -107.039623 15.000000
v 43.516143 -107.109890 15.000000
v 40.912800 -81.499930 15.000000
v 44.906895 -110.024826 15.000000
v 44.734781 -108.097177 15.000000
v 44.722241 -79.098775 15.000000
v 40.719584 -79.335947 15.000000
v 41.087354 -107.772527 15.000000
v 40.639155 -108.584250 15.000000
v 44.488930 -81.711820 15.000000
v 44.937130 -80.900097 15.000000
v 43.869849 -82.213374 15.000000
v 43.751028 -82.274266 15.000000
v 41.947482 -107.156324 15.000000
v 42.072682 -107.109892 15.000000
v 43.641343 -107.156322 15.000000
v 40.841503 -81.387170 15.000000
v 40.732124 -110.148405 15.000000
v 44.799262 -108.213956 15.000000
v 44.786722 -79.215554 15.000000
v 40.669389 -79.459521 15.000000
v 40.925340 -107.984422 15.000000
v 41.003201 -107.876077 15.000000
v 40.603951 -108.712884 15.000000
v 44.650945 -81.499925 15.000000
v 44.573083 -81.608270 15.000000
v 44.972334 -80.771463 15.000000
v 44.095621 -82.071066 15.000000
v 43.984848 -82.145562 15.000000
v 41.706436 -107.270973 15.000000
v 41.825257 -107.210081 15.000000
v 43.763568 -107.210079 15.000000
v 40.777023 -81.270391 15.000000
v 44.949670 -109.898500 15.000000
v 44.856701 -108.334344 15.000000
v 44.844161 -79.335942 15.000000
v 40.626615 -79.585847 15.000000
v 44.302952 -81.903095 15.000000
v 44.201781 -81.990149 15.000000
v 41.480663 -107.413281 15.000000
v 41.591437 -107.338786 15.000000
v 43.882389 -107.270970 15.000000
v 40.719584 -81.150003 15.000000
v 40.681929 -110.024831 15.000000
v 44.906895 -108.457918 15.000000
v 44.894355 -79.459516 15.000000
v 40.591411 -79.714482 15.000000
v 44.398781 -81.810210 15.000000
v 41.273333 -107.581252 15.000000
v 41.374504 -107.494198 15.000000
v 43.997388 -107.338782 15.000000
v 40.669389 -81.026429 15.000000
v 44.984874 -109.769866 15.000000
v 44.949670 -108.584244 15.000000
v 44.937130 -79.585842 15.000000
v 41.177504 -107.674137 15.000000
v 44.108161 -107.413278 15.000000
v 40.626615 -80.900103 15.000000
v 40.639155 -109.898506 15.000000
v 45.043963 -109.108081 15.000000
v 45.047920 -109.240400 15.000000
v 45.012384 -108.843369 15.000000
v 45.032103 -108.975257 15.000000
v 44.984874 -108.712878 15.000000
v 40.563901 -79.844972 15.000000
v 44.214321 -107.494194 15.000000
v 40.591411 -80.771469 15.000000
v 40.603951 -109.769871 15.000000
v 45.032103 -109.507487 15.000000
v 45.012384 -109.639375 15.000000
v 45.047921 -109.241372 15.000000
v 44.972334 -79.714476 15.000000
v 40.544181 -79.976861 15.000000
v 44.315492 -107.581248 15.000000
v 40.563901 -80.640978 15.000000
v 40.576441 -109.639381 15.000000
v 44.999844 -79.844966 15.000000
v 40.532322 -80.109684 15.000000
v 40.544181 -80.509090 15.000000
v 40.528364 -80.242975 15.000000
v 40.532322 -80.376267 15.000000
v 40.556721 -109.507493 15.000000
v 45.043963 -109.374663 15.000000
v 40.544862 -109.374669 15.000000
v -30.325425 -64.778857 15.000000
v -30.255344 -64.778887 16.254477
v -31.279490 -64.778444 -2.077970
v -7.809351 -86.579310 15.000000
v -29.108026 -66.887455 -2.199331
v -30.325425 -64.778857 -2.131270
v 41.861411 -107.413117 8.184533
v 41.971840 -107.338621 8.190704
v 41.940618 -107.357783 8.214810
v 41.899194 -107.384993 8.227324
v 41.755582 -107.494033 8.178619
v 41.831639 -107.432259 8.246430
v 41.790781 -107.462686 8.257301
v 41.858365 -107.413118 8.239050
v 41.654725 -107.581087 8.172982
v 41.726974 -107.513183 8.273395
v 41.687157 -107.546659 8.282960
v 41.750614 -107.494036 8.267549
v 41.559195 -107.673972 8.167643
v 41.627103 -107.600242 8.296794
v 41.588689 -107.636617 8.305317
v 41.648074 -107.581090 8.292038
v 41.469326 -107.772362 8.162620
v 41.532422 -107.693130 8.317418
v 41.495723 -107.732242 8.325101
v 41.551049 -107.673976 8.313458
v 41.385435 -107.875912 8.157931
v 41.443300 -107.791522 8.335849
v 41.408541 -107.833260 8.342859
v 41.459837 -107.772366 8.332484
v 41.307816 -107.984257 8.153592
v 41.360078 -107.895073 8.352527
v 41.327452 -107.939330 8.358995
v 41.374726 -107.875916 8.349614
v 41.236741 -108.097017 8.149619
v 41.283068 -108.003420 8.367790
v 41.252889 -108.049881 8.373796
v 41.295993 -107.984262 8.365226
v 41.172461 -108.213796 8.146025
v 41.212560 -108.116181 8.381904
v 41.185012 -108.164648 8.387528
v 41.223893 -108.097023 8.379613
v 41.115202 -108.334184 8.142823
v 41.148815 -108.232961 8.395081
v 41.124059 -108.283229 8.400391
v 41.158664 -108.213802 8.393004
v 41.065163 -108.457758 8.140025
v 41.092069 -108.353349 8.407495
v 41.070245 -108.405206 8.412547
v 41.100522 -108.334191 8.405586
v 41.022522 -108.584084 8.137640
v 41.042534 -108.476924 8.419289
v 41.023690 -108.530358 8.424150
v 41.049661 -108.457765 8.417514
v 40.987428 -108.712718 8.135676
v 41.000390 -108.603250 8.430586
v 40.984702 -108.657862 8.435280
v 41.006250 -108.584091 8.428915
v 40.960003 -108.843209 8.134141
v 40.965795 -108.731885 8.441491
v 40.953351 -108.787426 8.446053
v 40.970432 -108.712726 8.439899
v 40.940345 -108.975097 8.133040
v 40.938877 -108.862376 8.452097
v 40.929738 -108.918616 8.456561
v 40.942326 -108.843217 8.450563
v 40.928523 -109.107921 8.132376
v 40.919739 -108.994264 8.462487
v 40.913948 -109.050972 8.466884
v 40.922024 -108.975105 8.460994
v 40.924578 -109.241212 8.132152
v 40.908452 -109.127088 8.472740
v 40.906035 -109.184029 8.477098
v 40.909591 -109.107929 8.471270
v 40.928523 -109.374503 8.132369
v 40.905063 -109.260380 8.482928
v 40.906035 -109.317567 8.487295
v 40.905063 -109.241221 8.481466
v 40.940346 -109.507327 8.133027
v 40.909591 -109.393672 8.493124
v 40.913948 -109.450624 8.497510
v 40.908452 -109.374512 8.491654
v 40.960004 -109.639215 8.134122
v 40.922024 -109.526496 8.503400
v 40.929738 -109.582981 8.507833
v 40.919739 -109.507336 8.501906
v 40.987429 -109.769706 8.135651
v 40.942327 -109.658385 8.513830
v 40.953350 -109.714171 8.518340
v 40.938878 -109.639224 8.512297
v 41.022524 -109.898340 8.137608
v 40.970433 -109.788876 8.524495
v 40.965795 -109.769715 8.522902
v 40.984702 -109.843734 8.529113
v 41.065165 -110.024666 8.139987
v 41.006251 -109.917511 8.535479
v 41.000390 -109.898349 8.533807
v 41.023697 -109.971259 8.540245
v 41.115204 -110.148240 8.142780
v 41.049663 -110.043837 8.546880
v 41.042533 -110.024676 8.545104
v 41.070242 -110.096385 8.551846
v 41.172464 -110.268628 8.145976
v 41.100524 -110.167412 8.558808
v 41.092069 -110.148250 8.556899
v 41.124055 -110.218363 8.564002
v 41.236744 -110.385407 8.149564
v 41.158666 -110.287802 8.571390
v 41.148814 -110.268638 8.569313
v 41.185008 -110.336944 8.576864
v 41.307819 -110.498167 8.153532
v 41.223896 -110.404582 8.584782
v 41.212559 -110.385418 8.582490
v 41.252885 -110.451712 8.590597
v 41.385439 -110.606512 8.157865
v 41.295997 -110.517344 8.599168
v 41.283067 -110.498178 8.596603
v 41.327448 -110.562263 8.605397
v 41.469330 -110.710062 8.162549
v 41.374733 -110.625691 8.614781
v 41.360076 -110.606523 8.611866
v 41.408571 -110.668377 8.621541
v 41.443297 -110.710073 8.628544
v 41.459846 -110.729244 8.631912
v 41.559199 -110.808452 8.167568
v 41.495704 -110.769336 8.639288
v 41.532417 -110.808463 8.646975
v 41.551063 -110.827638 8.650939
v 41.654730 -110.901337 8.172902
v 41.588669 -110.864963 8.659072
v 41.755587 -110.988391 8.178535
v 41.627094 -110.901349 8.667598
v 41.648096 -110.920529 8.672361
v 41.687136 -110.954922 8.681428
v 41.861416 -111.069308 8.184445
v 41.726958 -110.988403 8.690995
v 41.750647 -111.007591 8.696853
v 41.790759 -111.038897 8.707087
v 41.971845 -111.143803 8.190612
v 41.831611 -111.069320 8.717956
v 41.858420 -111.088520 8.725359
v 41.899279 -111.116664 8.737095
v 42.086486 -111.211616 8.197015
v 41.940618 -111.143817 8.749583
v 41.971031 -111.162978 8.759208
v 42.012163 -111.187834 8.772879
v 42.204937 -111.272507 8.203631
v 42.053501 -111.211630 8.787460
v 42.088335 -111.230792 8.800478
v 42.128995 -111.252161 8.816620
v 42.326782 -111.326264 8.210436
v 42.169725 -111.272522 8.833940
v 42.210055 -111.291685 8.852374
v 42.249413 -111.309453 8.871764
v 42.451593 -111.372696 8.217408
v 42.336078 -111.345443 8.920348
v 42.373254 -111.359603 8.944195
v 42.288669 -111.326280 8.892675
v 42.578930 -111.411642 8.224521
v 42.409571 -111.372715 8.969611
v 42.438388 -111.382621 8.991485
v 42.466538 -111.391878 9.014505
v 42.499530 -111.402207 9.043854
v 42.708348 -111.442964 8.231750
v 42.602197 -111.430827 9.156363
v 42.628221 -111.437250 9.191531
v 42.568003 -111.421880 9.114716
v 42.531417 -111.411663 9.075009
v 42.839390 -111.466552 8.239070
v 42.702681 -111.453796 9.313650
v 42.725090 -111.458248 9.358405
v 42.745861 -111.462156 9.404138
v 42.678587 -111.448738 9.270093
v 42.652702 -111.442988 9.227816
v 42.971598 -111.482324 8.246455
v 42.834303 -111.476423 9.663207
v 42.847309 -111.478190 9.713539
v 42.820275 -111.474420 9.613206
v 42.805112 -111.472144 9.563574
v 42.859391 -111.479752 9.764171
v 42.788691 -111.469549 9.514351
v 42.770871 -111.466582 9.465585
v 43.104507 -111.490224 8.253880
v 42.948340 -111.488683 10.314003
v 42.962370 -111.489608 10.445831
v 42.932205 -111.487434 10.182457
v 42.913464 -111.485760 10.051260
v 42.898258 -111.484240 9.958585
v 42.881113 -111.482363 9.866171
v 43.237649 -111.490224 8.261318
v 42.997541 -111.491111 10.876423
v 43.006985 -111.491259 11.025792
v 42.986857 -111.490798 10.727113
v 43.015392 -111.491271 11.175212
v 43.029713 -111.490964 11.474173
v 42.974676 -111.490280 10.577889
v 45.397324 -108.994271 8.501918
v 45.403110 -109.050935 8.497522
v 45.395037 -108.975100 8.503414
v 45.378185 -108.862383 8.512315
v 45.387318 -108.918580 8.507852
v 45.374734 -108.843212 8.513850
v 45.351268 -108.731893 8.522927
v 45.363703 -108.787391 8.518366
v 45.346628 -108.712722 8.524521
v 45.316673 -108.603258 8.533838
v 45.332349 -108.657828 8.529145
v 45.310810 -108.584088 8.535512
v 45.274530 -108.476932 8.545141
v 45.293367 -108.530348 8.540280
v 45.267398 -108.457763 8.546919
v 45.224995 -108.353358 8.556942
v 45.246869 -108.405340 8.551875
v 45.216537 -108.334189 8.558852
v 45.168250 -108.232970 8.569361
v 45.192987 -108.283200 8.564053
v 45.158395 -108.213801 8.571441
v 45.104505 -108.116191 8.582544
v 45.132032 -108.164621 8.576921
v 45.093166 -108.097022 8.584837
v 45.033997 -108.003430 8.596663
v 45.064153 -108.049856 8.590659
v 45.021065 -107.984263 8.599229
v 44.956988 -107.895085 8.611932
v 44.989588 -107.939307 8.605466
v 44.942331 -107.875918 8.614846
v 44.873765 -107.791534 8.628615
v 44.908600 -107.833364 8.621587
v 44.857221 -107.772369 8.631982
v 44.784644 -107.693143 8.647050
v 44.821339 -107.732251 8.639366
v 44.766008 -107.673980 8.651013
v 44.689963 -107.600255 8.667679
v 44.728354 -107.636606 8.659158
v 44.668983 -107.581095 8.672437
v 44.590093 -107.513197 8.691081
v 44.629884 -107.546651 8.681520
v 44.566443 -107.494042 8.696931
v 44.485428 -107.432274 8.718050
v 44.526260 -107.462681 8.707184
v 44.458691 -107.413126 8.725434
v 44.376449 -107.357799 8.749673
v 44.417846 -107.384991 8.737166
v 44.346026 -107.338632 8.759303
v 44.228721 -107.270820 8.800575
v 44.263566 -107.289987 8.787553
v 44.305027 -107.313855 8.772929
v 44.107001 -107.209930 8.852475
v 44.147342 -107.229097 8.834035
v 44.188004 -107.249423 8.816743
v 43.980978 -107.156175 8.920453
v 44.028398 -107.175341 8.892772
v 44.067577 -107.192134 8.871900
v 43.907497 -107.128910 8.969710
v 43.943842 -107.142032 8.944274
v 43.878625 -107.118987 8.991626
v 43.850518 -107.109745 9.014613
v 43.714858 -107.070803 9.156476
v 43.749291 -107.079812 9.114554
v 43.785650 -107.089967 9.075108
v 43.817462 -107.099398 9.044022
v 43.638397 -107.052883 9.270333
v 43.664365 -107.058648 9.227914
v 43.614295 -107.047826 9.313919
v 43.688806 -107.064376 9.191686
v 43.591935 -107.043387 9.358589
v 43.571194 -107.039487 9.404261
v 43.528250 -107.032081 9.514802
v 43.546196 -107.035066 9.465679
v 43.511765 -107.029480 9.564259
v 43.496583 -107.027204 9.614012
v 43.482566 -107.025207 9.664031
v 43.469593 -107.023448 9.714288
v 43.418815 -107.017432 9.958626
v 43.435954 -107.019303 9.866255
v 43.457561 -107.021896 9.764758
v 43.403588 -107.015915 10.051428
v 43.275610 -107.011449 11.773301
v 43.287353 -107.010780 11.474178
v 43.301675 -107.010459 11.175204
v 43.263635 -107.012669 12.146303
v 43.368725 -107.013005 10.314078
v 43.384870 -107.014249 10.182464
v 43.354689 -107.012086 10.445966
v 43.342390 -107.011421 10.577955
v 43.330210 -107.010910 10.727151
v 43.319527 -107.010604 10.876435
v 43.310084 -107.010463 11.025790
v 43.153594 -107.000194 12.152451
v 43.019853 -106.992294 12.159923
v 42.885877 -106.992295 12.167407
v 42.752136 -107.000195 12.174878
v 42.619100 -107.015967 12.182310
v 42.487237 -107.039556 12.189676
v 42.357009 -107.070878 12.196951
v 42.228875 -107.109824 12.204108
v 42.103283 -107.156257 12.211123
v 41.980675 -107.210014 12.217971
v 41.861483 -107.270906 12.224628
v 41.746124 -107.338719 12.231071
v 41.635003 -107.413214 12.237277
v 41.528512 -107.494132 12.243224
v 41.427024 -107.581186 12.248892
v 41.330895 -107.674071 12.254260
v 41.240464 -107.772461 12.259310
v 41.156047 -107.876011 12.264023
v 41.077942 -107.984356 12.268384
v 41.006423 -108.097117 12.272377
v 40.941740 -108.213896 12.275987
v 40.884122 -108.334284 12.279203
v 40.833770 -108.457858 12.282013
v 40.790862 -108.584185 12.284407
v 40.755548 -108.712819 12.286377
v 40.727952 -108.843309 12.287915
v 40.708171 -108.975198 12.289017
v 40.696274 -109.108021 12.289679
v 40.692305 -109.241313 12.289897
v 40.696275 -109.374604 12.289672
v 40.708172 -109.507427 12.289004
v 40.727953 -109.639316 12.287896
v 40.755549 -109.769806 12.286351
v 40.790864 -109.898440 12.284375
v 40.833772 -110.024766 12.281975
v 40.884124 -110.148340 12.279159
v 40.941743 -110.268728 12.275937
v 41.006426 -110.385507 12.272321
v 41.077945 -110.498267 12.268323
v 41.156051 -110.606612 12.263957
v 41.240468 -110.710161 12.259238
v 41.330899 -110.808551 12.254184
v 41.427028 -110.901435 12.248812
v 41.528517 -110.988489 12.243140
v 41.635008 -111.069405 12.237189
v 41.746129 -111.143901 12.230979
v 41.861488 -111.211713 12.224533
v 41.980681 -111.272604 12.217873
v 42.103289 -111.326360 12.211022
v 42.228880 -111.372793 12.204005
v 42.357015 -111.411738 12.196845
v 42.487243 -111.443060 12.189569
v 42.619106 -111.466648 12.182202
v 42.752142 -111.482419 12.174770
v 42.885883 -111.490318 12.167298
v 43.019859 -111.490318 12.159814
v 43.053764 -111.489064 12.157919
v 43.370558 -111.482324 8.268743
v 43.041454 -111.490309 11.773259
v 43.502766 -111.466552 8.276130
v 43.633808 -111.442964 8.283451
v 43.763226 -111.411642 8.290681
v 43.890563 -111.372696 8.297796
v 44.015373 -111.326264 8.304770
v 44.137218 -111.272507 8.311578
v 44.255669 -111.211616 8.318197
v 44.370310 -111.143803 8.324603
v 44.480739 -111.069308 8.330774
v 44.586568 -110.988391 8.336688
v 44.687425 -110.901337 8.342324
v 44.782955 -110.808452 8.347663
v 44.872824 -110.710062 8.352686
v 45.021061 -110.517343 8.365164
v 44.991593 -110.559497 8.359325
v 45.033998 -110.498167 8.367731
v 45.104506 -110.385407 8.381850
v 45.093162 -110.404582 8.379556
v 45.064193 -110.451680 8.373742
v 45.168250 -110.268628 8.395032
v 45.158393 -110.287803 8.392953
v 45.132069 -110.336912 8.387480
v 45.224995 -110.148241 8.407452
v 45.216535 -110.167414 8.405541
v 45.193020 -110.218331 8.400348
v 45.274530 -110.024667 8.419252
v 45.267397 -110.043840 8.417475
v 45.246831 -110.096352 8.412510
v 45.316673 -109.898341 8.430556
v 45.310809 -109.917514 8.428882
v 45.293314 -109.971406 8.424100
v 45.351268 -109.769707 8.441467
v 45.346628 -109.788880 8.439872
v 45.332366 -109.843709 8.435254
v 45.374734 -109.658389 8.450543
v 45.363719 -109.714132 8.446034
v 45.378185 -109.639217 8.452079
v 45.395036 -109.526501 8.460980
v 45.387329 -109.582942 8.456548
v 45.397324 -109.507329 8.462475
v 45.407470 -109.393677 8.471262
v 45.403117 -109.450586 8.466877
v 45.408610 -109.374506 8.472734
v 45.411998 -109.260386 8.481465
v 45.411027 -109.317528 8.477098
v 45.411998 -109.241214 8.482929
v 45.408610 -109.127095 8.491659
v 45.411032 -109.184237 8.487283
v 45.407470 -109.107923 8.493131
v 44.956715 -110.606512 8.357375
v 42.008530 -107.315913 8.192754
v 43.333616 -107.014262 11.098866
v 42.945176 -111.501488 8.244979
v 42.812141 -111.485716 8.237547
v 42.680277 -111.462127 8.230181
v 42.550050 -111.430805 8.222907
v 40.920992 -109.658374 8.131942
v 40.901211 -109.526485 8.130840
v 43.078917 -111.509388 8.252450
v 40.889315 -109.393662 8.130179
v 42.421915 -111.391859 8.215749
v 42.296323 -111.345426 8.208734
v 42.173716 -111.291669 8.201886
v 40.885345 -109.260370 8.129960
v 40.889315 -109.127079 8.130185
v 40.901212 -108.994256 8.130853
v 42.054523 -111.230777 8.195229
v 41.939164 -111.162964 8.188786
v 41.721552 -111.007551 8.176633
v 41.620064 -110.920497 8.170965
v 41.523935 -110.827612 8.165597
v 41.433504 -110.729222 8.160548
v 41.349087 -110.625672 8.155834
v 41.199463 -110.404566 8.147481
v 41.134780 -110.287787 8.143870
v 41.077162 -110.167399 8.140654
v 41.026810 -110.043824 8.137844
v 40.983902 -109.917498 8.135450
v 44.767877 -110.827621 8.346821
v 44.671748 -110.920505 8.341448
v 44.570259 -111.007559 8.335776
v 43.479669 -111.485718 8.274839
v 43.346634 -111.501489 8.267406
v 43.212893 -111.509388 8.259935
v 41.828044 -111.088468 8.182580
v 41.270982 -110.517327 8.151473
v 40.948588 -109.788864 8.133480
v 44.463768 -111.088475 8.329825
v 44.352647 -111.162971 8.323616
v 44.237288 -111.230783 8.317169
v 40.920993 -108.862367 8.131961
v 40.948589 -108.731877 8.133506
v 40.983904 -108.603243 8.135482
v 41.077165 -108.353343 8.140698
v 41.134783 -108.232955 8.143920
v 41.199466 -108.116176 8.147536
v 41.270986 -108.003416 8.151534
v 41.349091 -107.895071 8.155900
v 41.433508 -107.791522 8.160619
v 41.523940 -107.693132 8.165673
v 41.620068 -107.600247 8.171046
v 44.118095 -111.291674 8.310509
v 43.995487 -111.345430 8.303658
v 43.869895 -111.391863 8.296641
v 43.741761 -111.430808 8.289482
v 43.611533 -111.462130 8.282206
v 41.026813 -108.476917 8.137882
v 41.721557 -107.513194 8.176717
v 41.828049 -107.432277 8.182669
v 41.939169 -107.357782 8.188878
v 44.942725 -110.625682 8.356593
v 44.858308 -110.729231 8.351875
v 41.428584 -108.116275 12.248792
v 41.499658 -108.003515 12.244824
v 42.053255 -107.432375 12.213911
v 42.163684 -107.357879 12.207744
v 41.577278 -107.895170 12.240490
v 42.278325 -107.290067 12.201341
v 41.661169 -107.791621 12.235806
v 41.132185 -108.994356 12.265329
v 41.151843 -108.862467 12.264234
v 41.120362 -109.127179 12.265986
v 41.132184 -109.526585 12.265316
v 42.900187 -107.058718 12.166606
v 43.031229 -107.035130 12.159286
v 42.770769 -107.090040 12.173835
v 42.396776 -107.229175 12.194725
v 41.846569 -107.600345 12.225454
v 41.947426 -107.513292 12.219821
v 41.751038 -107.693230 12.230788
v 41.179268 -108.731977 12.262705
v 41.116417 -109.260470 12.266204
v 41.120362 -109.393762 12.265980
v 41.947421 -111.007649 12.219737
v 42.643432 -107.128986 12.180948
v 42.518621 -107.175419 12.187920
v 41.214363 -108.603343 12.260748
v 41.428580 -110.404665 12.248737
v 41.499655 -110.517426 12.244764
v 41.846564 -110.920595 12.225374
v 42.053250 -111.088566 12.213823
v 42.518616 -111.345522 12.187819
v 42.900181 -111.462222 12.166500
v 41.364303 -108.233054 12.252380
v 41.307043 -108.353443 12.255576
v 41.257004 -108.477017 12.258369
v 41.151842 -109.658473 12.264215
v 41.179267 -109.788964 12.262680
v 41.214361 -109.917598 12.260716
v 41.257002 -110.043924 12.258331
v 41.364301 -110.287886 12.252331
v 41.577274 -110.625771 12.240425
v 41.661165 -110.729320 12.235736
v 41.751034 -110.827710 12.230713
v 42.163679 -111.163061 12.207652
v 42.278320 -111.230874 12.201246
v 42.643426 -111.391955 12.180845
v 42.770763 -111.430900 12.173731
v 43.031223 -111.485811 12.159179
v 41.307041 -110.167498 12.255532
v 42.396771 -111.291765 12.194627
v 43.163437 -107.019358 12.151900
v 42.007083 -107.034687 -6.173161
v 42.139291 -107.018915 -6.180547
v 41.876041 -107.058275 -6.165841
v 41.746623 -107.089597 -6.158612
v 41.619285 -107.128543 -6.151499
v 41.494475 -107.174976 -6.144528
v 41.372630 -107.228732 -6.137722
v 41.254179 -107.289624 -6.131106
v 41.139538 -107.357436 -6.124704
v 41.029109 -107.431932 -6.118536
v 40.923280 -107.512849 -6.112626
v 40.822423 -107.599903 -6.106994
v 40.726892 -107.692788 -6.101659
v 40.637023 -107.791178 -6.096641
v 40.553132 -107.894727 -6.091957
v 40.475512 -108.003072 -6.087623
v 40.404437 -108.115832 -6.083655
v 40.340157 -108.232612 -6.080067
v 40.282897 -108.353000 -6.076871
v 40.232858 -108.476574 -6.074079
v 40.190217 -108.602900 -6.071700
v 40.155122 -108.731534 -6.069742
v 40.127697 -108.862024 -6.068213
v 40.108039 -108.993913 -6.067118
v 40.092271 -109.260027 -6.066244
v 40.092271 -109.259056 -6.066244
v 40.096216 -109.126736 -6.066461
v 40.096216 -109.393319 -6.066467
v 40.108038 -109.526142 -6.067131
v 40.127696 -109.658031 -6.068232
v 40.155121 -109.788521 -6.069768
v 40.190215 -109.917155 -6.071731
v 40.232856 -110.043481 -6.074116
v 40.282895 -110.167055 -6.076915
v 40.340154 -110.287443 -6.080117
v 40.404434 -110.404222 -6.083710
v 40.475509 -110.516983 -6.087684
v 40.553128 -110.625328 -6.092023
v 40.637019 -110.728877 -6.096712
v 40.726888 -110.827267 -6.101735
v 40.822418 -110.920152 -6.107074
v 40.923275 -111.007206 -6.112710
v 41.029104 -111.088123 -6.118624
v 41.139533 -111.162618 -6.124795
v 41.254174 -111.230431 -6.131201
v 41.372625 -111.291323 -6.137820
v 41.494470 -111.345079 -6.144628
v 41.619280 -111.391512 -6.151602
v 41.746617 -111.430457 -6.158717
v 41.876035 -111.461780 -6.165947
v 42.007077 -111.485368 -6.173269
v 42.139285 -111.501140 -6.180655
v 42.272194 -111.509039 -6.188080
v 42.405336 -111.509039 -6.195518
v 42.538245 -111.501140 -6.202943
v 42.670453 -111.485368 -6.210328
v 42.801495 -111.461780 -6.217648
v 42.930913 -111.430457 -6.224878
v 43.058250 -111.391512 -6.231990
v 43.183061 -111.345079 -6.238962
v 43.304905 -111.291323 -6.245767
v 43.423357 -111.230431 -6.252383
v 43.537998 -111.162618 -6.258786
v 43.648427 -111.088123 -6.264953
v 43.754256 -111.007206 -6.270864
v 43.855113 -110.920152 -6.276496
v 43.950644 -110.827267 -6.281830
v 44.040513 -110.728877 -6.286849
v 44.124404 -110.625328 -6.291533
v 44.202024 -110.516983 -6.295866
v 44.273098 -110.404222 -6.299834
v 44.337379 -110.287443 -6.303422
v 44.394639 -110.167055 -6.306618
v 44.444677 -110.043481 -6.309411
v 44.487319 -109.917155 -6.311790
v 44.522414 -109.788521 -6.313747
v 44.549839 -109.658031 -6.315276
v 44.569497 -109.526142 -6.316371
v 44.581319 -109.393319 -6.317029
v 44.585265 -109.260027 -6.317246
v 44.581320 -109.126736 -6.317022
v 44.569497 -108.993913 -6.316359
v 44.549840 -108.862024 -6.315257
v 44.522415 -108.731534 -6.313722
v 44.487321 -108.602900 -6.311758
v 44.444680 -108.476574 -6.309373
v 44.394641 -108.353000 -6.306575
v 44.337381 -108.232612 -6.303373
v 44.273101 -108.115832 -6.299779
v 44.202027 -108.003072 -6.295806
v 44.124408 -107.894727 -6.291467
v 44.040517 -107.791178 -6.286778
v 43.950648 -107.692788 -6.281755
v 43.855118 -107.599903 -6.276416
v 43.754261 -107.512849 -6.270779
v 43.648432 -107.431932 -6.264865
v 43.538003 -107.357436 -6.258694
v 43.423362 -107.289624 -6.252288
v 43.304911 -107.228732 -6.245669
v 43.183066 -107.174976 -6.238861
v 43.058256 -107.128543 -6.231888
v 42.930919 -107.089597 -6.224773
v 42.801501 -107.058275 -6.217542
v 42.670459 -107.034687 -6.210221
v 42.538251 -107.018915 -6.202835
v 42.405342 -107.011016 -6.195410
v 42.272200 -107.011016 -6.187972
v 40.896598 -101.391506 -6.110988
v 41.145328 -101.349830 -6.124882
v 41.395248 -101.316038 -6.138843
v 40.403697 -101.498341 -6.083454
v 40.649306 -101.441027 -6.097174
v 39.918511 -101.636116 -6.056352
v 40.160018 -101.563392 -6.069843
v 41.646108 -101.290165 -6.152857
v 41.897658 -101.272236 -6.166909
v 43.656758 -101.369685 -6.265184
v 43.904800 -101.415289 -6.279042
v 39.442972 -101.804282 -6.029790
v 39.679416 -101.716439 -6.042997
v 43.407403 -101.331946 -6.251253
v 44.151281 -101.468713 -6.292813
v 44.395955 -101.529904 -6.306483
v 42.149649 -101.262270 -6.180986
v 42.401827 -101.260277 -6.195074
v 42.905745 -101.280206 -6.223226
v 45.116709 -101.759426 -6.346754
v 45.351738 -101.850997 -6.359886
v 45.583765 -101.949952 -6.372851
v 41.395226 -117.204017 -6.139226
v 41.145307 -117.170225 -6.125263
v 40.896577 -117.128548 -6.111367
v 42.653943 -101.266257 -6.209159
v 44.638579 -101.598800 -6.320039
v 44.878910 -101.675333 -6.333467
v 43.656737 -117.150370 -6.265564
v 41.646086 -117.229890 -6.153241
v 40.403677 -117.021714 -6.083828
v 39.209394 -116.620497 -6.017099
v 38.978956 -116.517885 -6.004224
v 34.355204 -109.007479 -5.745735
v 35.606855 -104.954236 -5.815561
v 35.891570 -104.537334 -5.831457
v 37.881495 -102.621456 -5.942578
v 38.308658 -102.352969 -5.966435
v 38.751887 -102.112016 -5.991190
v 39.209414 -101.899557 -6.016745
v 43.156982 -101.302110 -6.237262
v 45.812557 -102.056195 -6.385635
v 46.477260 -102.417550 -6.422777
v 47.499854 -103.154281 -6.479922
v 47.689731 -103.320506 -6.490534
v 47.874274 -103.492652 -6.500848
v 48.053299 -103.670546 -6.510853
v 49.137720 -105.061210 -6.571468
v 49.712255 -106.183981 -6.603592
v 49.805535 -106.418647 -6.608809
v 49.891372 -106.656146 -6.613610
v 49.969680 -106.896240 -6.617990
v 43.904779 -117.104766 -6.279420
v 43.407381 -117.188109 -6.251635
v 43.156960 -117.217945 -6.237646
v 42.905724 -117.239849 -6.223611
v 42.653922 -117.253798 -6.209544
v 41.897637 -117.247818 -6.167294
v 40.649285 -117.079028 -6.097550
v 39.918490 -116.883939 -6.056720
v 39.442951 -116.715772 -6.030149
v 38.308640 -116.167086 -5.966768
v 38.092942 -116.036220 -5.954715
v 37.881477 -115.898599 -5.942898
v 37.674455 -115.754361 -5.931329
v 37.472082 -115.603649 -5.920020
v 37.082088 -115.283412 -5.898225
v 34.351222 -109.260027 -5.745519
v 34.387029 -108.503389 -5.747501
v 35.474494 -105.169230 -5.808172
v 35.745927 -104.743534 -5.823325
v 36.201986 -104.139258 -5.848788
v 37.472100 -102.916406 -5.919714
v 37.674473 -102.765694 -5.931016
v 38.092961 -102.483835 -5.954388
v 38.528374 -102.228988 -5.978706
v 38.978976 -102.002169 -6.003874
v 46.037886 -102.169619 -6.398225
v 46.259527 -102.290110 -6.410610
v 46.900138 -102.692756 -6.446408
v 47.104861 -102.840250 -6.457848
v 47.304833 -102.994142 -6.469024
v 49.001987 -104.848335 -6.563880
v 49.388724 -105.499300 -6.585501
v 49.503746 -105.724078 -6.591932
v 49.611626 -105.952381 -6.597965
v 50.040382 -107.138690 -6.621946
v 50.103406 -107.383255 -6.625473
v 50.301443 -108.629207 -6.636566
v 50.325318 -109.133737 -6.637912
v 50.158686 -110.890364 -6.628646
v 50.103401 -111.136799 -6.625563
v 50.040376 -111.381365 -6.622048
v 48.555498 -114.283131 -6.539165
v 48.394074 -114.477187 -6.530152
v 48.226614 -114.666042 -6.520801
v 47.874259 -115.027403 -6.501125
v 47.499838 -115.365774 -6.480217
v 45.116688 -116.760629 -6.347115
v 44.638558 -116.921255 -6.320408
v 44.151260 -117.051342 -6.293188
v 42.149627 -117.257784 -6.181372
v 40.159997 -116.956662 -6.070213
v 38.751868 -116.408039 -5.991535
v 38.528355 -116.291066 -5.979045
v 37.274561 -115.446614 -5.908981
v 36.713048 -114.939164 -5.877600
v 34.367144 -108.755182 -5.746396
v 34.450553 -108.002315 -5.751038
v 34.545521 -107.506255 -5.756331
v 34.746070 -106.775883 -5.767517
v 34.828154 -106.537057 -5.772097
v 34.917724 -106.300945 -5.777095
v 35.014691 -106.067783 -5.782507
v 35.118960 -105.837803 -5.788326
v 35.230425 -105.611234 -5.794548
v 35.348976 -105.388303 -5.801165
v 36.043640 -104.335841 -5.839947
v 36.713063 -103.580891 -5.877326
v 36.894870 -103.405849 -5.887479
v 37.082104 -103.236643 -5.897935
v 37.274578 -103.073441 -5.908683
v 46.690868 -102.551810 -6.434714
v 48.555511 -104.236924 -6.538923
v 48.859612 -104.639858 -6.555922
v 49.266675 -105.278270 -6.578678
v 50.158691 -107.629691 -6.628567
v 50.245827 -108.127191 -6.633447
v 50.277592 -108.377759 -6.635228
v 50.317357 -108.881283 -6.637461
v 50.325318 -109.386317 -6.637918
v 50.317356 -109.638771 -6.637479
v 50.301442 -109.890848 -6.636596
v 50.277590 -110.142295 -6.635270
v 50.245824 -110.392864 -6.633502
v 50.206176 -110.642302 -6.631293
v 49.891365 -111.863909 -6.613735
v 49.712247 -112.336074 -6.603740
v 49.503736 -112.795977 -6.592103
v 49.137708 -113.458845 -6.571670
v 49.001975 -113.671719 -6.564093
v 48.859600 -113.880197 -6.556144
v 48.710725 -114.084068 -6.547832
v 48.053284 -114.849509 -6.511122
v 47.689715 -115.199549 -6.490820
v 45.351719 -116.669058 -6.360243
v 44.878889 -116.844722 -6.333832
v 44.395934 -116.990151 -6.306856
v 42.401806 -117.259778 -6.195460
v 39.679395 -116.803615 -6.043361
v 36.894855 -115.114206 -5.887761
v 36.201972 -114.380797 -5.849035
v 36.043627 -114.184213 -5.840184
v 35.606844 -113.565819 -5.815768
v 35.474483 -113.350824 -5.808369
v 35.348965 -113.131752 -5.801351
v 35.230415 -112.908821 -5.794723
v 34.414842 -108.252350 -5.749049
v 34.494127 -107.753534 -5.753466
v 34.604684 -107.260724 -5.759630
v 34.671555 -107.017186 -5.763360
v 36.366448 -103.947778 -5.857972
v 36.536864 -103.761594 -5.867487
v 48.226628 -103.854013 -6.520541
v 48.394088 -104.042868 -6.529900
v 48.710738 -104.435987 -6.547600
v 50.206180 -107.877752 -6.631226
v 50.326313 -109.263482 -6.637971
v 49.969674 -111.623815 -6.618104
v 49.805528 -112.101408 -6.608946
v 49.611617 -112.567674 -6.598124
v 49.266664 -113.241784 -6.578869
v 47.304816 -115.525912 -6.469325
v 47.104844 -115.679805 -6.458158
v 46.477242 -116.102505 -6.423107
v 46.259508 -116.229945 -6.410946
v 46.037866 -116.350436 -6.398567
v 45.812537 -116.463860 -6.385982
v 45.583745 -116.570102 -6.373203
v 36.536849 -114.758461 -5.867752
v 36.366434 -114.572277 -5.858227
v 35.891558 -113.982721 -5.831684
v 35.745915 -113.776521 -5.823543
v 49.388714 -113.020755 -6.585682
v 46.900120 -115.827298 -6.446724
v 46.690850 -115.968245 -6.435037
v 35.118950 -112.682252 -5.788491
v 34.917716 -112.219110 -5.777238
v 34.746064 -111.744172 -5.767637
v 35.014683 -112.452272 -5.782660
v 34.828146 -111.982998 -5.772228
v 34.387027 -110.016666 -5.747537
v 34.367142 -109.764872 -5.746420
v 34.355203 -109.512576 -5.745747
v 34.671549 -111.502869 -5.763468
v 34.604678 -111.259331 -5.759726
v 34.545516 -111.013800 -5.756415
v 34.494123 -110.766521 -5.753538
v 34.450549 -110.517740 -5.751098
v 34.414839 -110.267705 -5.749097
v 49.734884 -104.436429 11.784848
v 49.883758 -104.640301 11.776526
v 50.026133 -104.848778 11.768567
v 50.161866 -105.061653 11.760979
v 50.290821 -105.278713 11.753770
v 50.412870 -105.499743 11.746946
v 50.527892 -105.724521 11.740515
v 50.635772 -105.952824 11.734483
v 50.736402 -106.184424 11.728855
v 50.829681 -106.419090 11.723639
v 50.915518 -106.656588 11.718838
v 50.993826 -106.896683 11.714457
v 51.064528 -107.139133 11.710501
v 51.127552 -107.383698 11.706975
v 51.182837 -107.630134 11.703880
v 51.230326 -107.878195 11.701221
v 51.269973 -108.127634 11.699000
v 51.301738 -108.378202 11.697220
v 51.325589 -108.629650 11.695881
v 51.341503 -108.881726 11.694986
v 51.349464 -109.134180 11.694535
v 51.349464 -109.386760 11.694529
v 51.341502 -109.639214 11.694968
v 51.325588 -109.891291 11.695851
v 51.301736 -110.142738 11.697177
v 51.269970 -110.393306 11.698946
v 51.230322 -110.642745 11.701155
v 51.182832 -110.890806 11.703802
v 51.127547 -111.137242 11.706884
v 51.064522 -111.381807 11.710399
v 50.993820 -111.624258 11.714343
v 50.915511 -111.864352 11.718712
v 50.829674 -112.101851 11.723502
v 50.736393 -112.336517 11.728707
v 50.635763 -112.568117 11.734323
v 50.527883 -112.796420 11.740345
v 50.412860 -113.021198 11.746765
v 50.290810 -113.242227 11.753578
v 50.161854 -113.459288 11.760777
v 50.026121 -113.672162 11.768354
v 49.883746 -113.880639 11.776303
v 49.734871 -114.084511 11.784615
v 43.209362 -101.260626 8.259985
v 43.336233 -101.262620 8.267073
v 43.463057 -101.266607 8.274158
v 43.589801 -101.272587 8.281238
v 43.716435 -101.280557 8.288312
v 43.842927 -101.290516 8.295379
v 43.969245 -101.302461 8.302435
v 44.095358 -101.316389 8.309480
v 44.221234 -101.332298 8.316512
v 44.346842 -101.350182 8.323528
v 44.472151 -101.370037 8.330528
v 44.597129 -101.391859 8.337510
v 44.721746 -101.415642 8.344471
v 44.845970 -101.441380 8.351410
v 44.969770 -101.469067 8.358326
v 45.093116 -101.498695 8.365216
v 45.215976 -101.530258 8.372078
v 45.338321 -101.563747 8.378912
v 45.460119 -101.599155 8.385716
v 45.581340 -101.636472 8.392487
v 45.701955 -101.675689 8.399224
v 45.821932 -101.716796 8.405926
v 45.941243 -101.759783 8.412590
v 46.059856 -101.804639 8.419215
v 46.177740 -101.851352 8.425800
v 46.292655 -101.898974 8.432218
v 46.417921 -101.950313 8.558725
v 46.539980 -102.002533 8.681994
v 46.661149 -102.056562 8.804364
v 46.781398 -102.112386 8.925805
v 46.900696 -102.169992 9.046285
v 47.019015 -102.229365 9.165777
v 47.136324 -102.290489 9.284248
v 47.252594 -102.353351 9.401670
v 47.367796 -102.417935 9.518014
v 47.481902 -102.484223 9.633251
v 47.594883 -102.552200 9.747352
v 47.706711 -102.621850 9.860288
v 47.817358 -102.693153 9.972031
v 47.926796 -102.766093 10.082554
v 48.034999 -102.840652 10.191829
v 48.141939 -102.916811 10.299829
v 48.247589 -102.994550 10.406527
v 48.351924 -103.073851 10.511895
v 48.454917 -103.154694 10.615909
v 48.556542 -103.237059 10.718542
v 48.656775 -103.320924 10.819768
v 48.755590 -103.406270 10.919562
v 48.852963 -103.493075 11.017900
v 48.948869 -103.581317 11.114757
v 49.043285 -103.670974 11.210108
v 49.136186 -103.762025 11.303930
v 49.227551 -103.854445 11.396200
v 49.317355 -103.948213 11.486895
v 49.405577 -104.043305 11.575991
v 49.492195 -104.139697 11.663467
v 49.577050 -104.237205 11.749163
v 49.618809 -104.286365 11.791336
v 49.618583 -114.234843 11.791108
v 49.577187 -114.283573 11.749301
v 49.492195 -114.381237 11.663467
v 49.405577 -114.477624 11.575991
v 49.317355 -114.572712 11.486895
v 49.227551 -114.666475 11.396200
v 49.136186 -114.758891 11.303930
v 49.043285 -114.849937 11.210108
v 48.948869 -114.939589 11.114757
v 48.852963 -115.027826 11.017900
v 48.755590 -115.114626 10.919562
v 48.656775 -115.199967 10.819768
v 48.556542 -115.283828 10.718542
v 48.454917 -115.366187 10.615909
v 48.351924 -115.447024 10.511895
v 48.247589 -115.526320 10.406527
v 48.141939 -115.604054 10.299829
v 48.034999 -115.680207 10.191829
v 47.926796 -115.754760 10.082554
v 47.817358 -115.827695 9.972031
v 47.706711 -115.898993 9.860288
v 47.594883 -115.968636 9.747352
v 47.481902 -116.036608 9.633251
v 47.367796 -116.102890 9.518014
v 47.252594 -116.167468 9.401670
v 47.136324 -116.230324 9.284248
v 47.019015 -116.291443 9.165777
v 46.900696 -116.350809 9.046285
v 46.781398 -116.408409 8.925805
v 46.661149 -116.464227 8.804364
v 46.539980 -116.518249 8.681994
v 46.417921 -116.570463 8.558725
v 46.295001 -116.620855 8.434588
v 46.171253 -116.669413 8.309613
v 46.046707 -116.716124 8.183832
v 45.921311 -116.761005 8.057194
v 45.868702 -116.779202 8.004063
v 45.773260 -116.812772 7.984407
v 45.677602 -116.845068 7.963305
v 45.544915 -116.887661 7.931392
v 45.433082 -116.921599 7.901751
v 45.656823 -116.851906 7.958519
v 45.201756 -116.986209 7.830614
v 45.185360 -116.990507 7.824979
v 45.429947 -116.922524 7.900880
v 45.315468 -116.955383 7.867415
v 45.258505 -116.971049 7.849460
v 44.972723 -117.042903 7.743000
v 44.934263 -117.051725 7.726139
v 45.078531 -117.017601 7.785993
v 45.025480 -117.030477 7.765028
v 45.131850 -117.004274 7.805962
v 44.743468 -117.092555 7.630713
v 44.679802 -117.105101 7.593667
v 44.790681 -117.082903 7.656356
v 44.838269 -117.072875 7.680775
v 44.886203 -117.062468 7.704042
v 44.466991 -117.143164 7.444179
v 44.420439 -117.150700 7.404865
v 44.514869 -117.135119 7.481834
v 44.554874 -117.128166 7.511346
v 44.595713 -117.120852 7.539804
v 44.637364 -117.113167 7.567236
v 44.185513 -117.184430 7.152812
v 44.153820 -117.188432 7.109795
v 44.288287 -117.170556 7.275843
v 44.252917 -117.175486 7.236085
v 44.218612 -117.180112 7.195015
v 44.320128 -117.165980 7.309583
v 44.352773 -117.161151 7.342328
v 44.386213 -117.156061 7.374084
v 43.892333 -117.216448 6.614242
v 43.871924 -117.218254 6.560372
v 44.108467 -117.193932 7.043284
v 44.066040 -117.198834 6.975094
v 44.037555 -117.201994 6.925642
v 44.010395 -117.204908 6.875432
v 43.984498 -117.207597 6.824499
v 43.959802 -117.210079 6.772880
v 43.936247 -117.212371 6.720608
v 43.913776 -117.214489 6.667718
v 43.666928 -117.233186 5.780468
v 43.570917 -117.240136 5.683506
v 43.852453 -117.219926 6.506037
v 43.822746 -117.222376 6.417028
v 43.795299 -117.224533 6.327434
v 43.769880 -117.226436 6.237315
v 43.746288 -117.228121 6.146722
v 43.724345 -117.229616 6.055703
v 43.703894 -117.230945 5.964297
v 43.684796 -117.232129 5.872542
v 43.437130 -117.248103 5.548393
v 43.303227 -117.254078 5.413163
v 43.169240 -117.258062 5.277848
v 43.035202 -117.260052 5.142482
v 42.901148 -117.260049 5.007099
v 42.767111 -117.258051 4.871734
v 42.633124 -117.254061 4.736419
v 42.499220 -117.248079 4.601188
v 42.365434 -117.240105 4.466075
v 42.231797 -117.230143 4.331114
v 42.098344 -117.218195 4.196339
v 41.965108 -117.204263 4.061782
v 41.832121 -117.188352 3.927478
v 41.699418 -117.170465 3.793459
v 41.567031 -117.150606 3.659760
v 41.434994 -117.128781 3.526414
v 41.303338 -117.104995 3.393454
v 41.172097 -117.079254 3.260912
v 41.041304 -117.051565 3.128823
v 40.910991 -117.021933 2.997219
v 40.781191 -116.990367 2.866132
v 40.651936 -116.956875 2.735596
v 40.523258 -116.921465 2.605643
v 40.395189 -116.884145 2.476305
v 40.267762 -116.844925 2.347615
v 40.141008 -116.803815 2.219604
v 40.014958 -116.760825 2.092305
v 39.889644 -116.715966 1.965749
v 39.765098 -116.669248 1.839969
v 39.641349 -116.620684 1.714994
v 39.518430 -116.570286 1.590857
v 39.396481 -116.518114 1.467699
v 39.396371 -102.002350 1.467587
v 39.518430 -101.950136 1.590857
v 39.641349 -101.899744 1.714994
v 39.765098 -101.851187 1.839969
v 39.889644 -101.804476 1.965749
v 40.014958 -101.759623 2.092305
v 40.141008 -101.716639 2.219604
v 40.267762 -101.675536 2.347615
v 40.395189 -101.636322 2.476305
v 40.523258 -101.599009 2.605643
v 40.651936 -101.563605 2.735596
v 40.781191 -101.530120 2.866132
v 40.910991 -101.498560 2.997219
v 41.041304 -101.468936 3.128823
v 41.172097 -101.441253 3.260912
v 41.303338 -101.415518 3.393454
v 41.434994 -101.391739 3.526414
v 41.567031 -101.369921 3.659760
v 41.699418 -101.350069 3.793459
v 41.832121 -101.332189 3.927478
v 41.965108 -101.316284 4.061782
v 42.098344 -101.302360 4.196339
v 42.231797 -101.290418 4.331114
v 42.365434 -101.280463 4.466075
v 42.499220 -101.272497 4.601188
v 42.633124 -101.266521 4.736419
v 43.082476 -101.260625 8.252896
v 42.776823 -101.262326 4.881542
v 42.770958 -101.262533 4.936124
v 42.955605 -101.262619 8.245809
v 42.767112 -101.262537 4.871735
v 42.828781 -101.266605 8.238724
v 42.615414 -101.270390 5.954221
v 42.582836 -101.272533 6.097928
v 42.702036 -101.272584 8.231643
v 42.754163 -101.263167 5.083676
v 42.736075 -101.263915 5.229504
v 42.716331 -101.264804 5.375090
v 42.694698 -101.265859 5.520399
v 42.670901 -101.267112 5.665392
v 42.644606 -101.268606 5.810019
v 42.575403 -101.280554 8.224568
v 42.402511 -101.287095 6.669978
v 42.367037 -101.290477 6.751943
v 42.448911 -101.290512 8.217502
v 42.562926 -101.273918 6.178036
v 42.541649 -101.275462 6.257945
v 42.518867 -101.277185 6.337632
v 42.494423 -101.279114 6.417076
v 42.466090 -101.281453 6.502164
v 42.435462 -101.284103 6.586673
v 42.322593 -101.302456 8.210444
v 42.174006 -101.311771 7.094942
v 42.137379 -101.316359 7.145481
v 42.196480 -101.316384 8.203399
v 42.208765 -101.307578 7.043406
v 42.252602 -101.302514 6.972815
v 42.331533 -101.294028 6.826972
v 42.293455 -101.298020 6.900632
v 42.070604 -101.332292 8.196366
v 41.941160 -101.343900 7.364858
v 41.900978 -101.350156 7.401422
v 41.944996 -101.350175 8.189349
v 41.993389 -101.336081 7.313610
v 42.091518 -101.322348 7.203907
v 42.043513 -101.328910 7.259963
v 41.819687 -101.370030 8.182348
v 41.681521 -101.388047 7.566446
v 41.661403 -101.391837 7.579190
v 41.694708 -101.391851 8.175365
v 41.738917 -101.377528 7.528140
v 41.794667 -101.367725 7.487897
v 41.848703 -101.358611 7.445673
v 41.570091 -101.415634 8.168403
v 41.426844 -101.439979 7.706311
v 41.420633 -101.441354 7.709220
v 41.445867 -101.441371 8.161463
v 41.486495 -101.427042 7.677293
v 41.545512 -101.414709 7.646521
v 41.603835 -101.402976 7.613866
v 41.322067 -101.469057 8.154546
v 41.240650 -101.483443 7.785553
v 41.179764 -101.498677 7.808318
v 41.301114 -101.468814 7.761514
v 41.361114 -101.454788 7.736109
v 41.075861 -101.530247 8.140790
v 40.999127 -101.546875 7.868544
v 40.939681 -101.563730 7.886296
v 41.058370 -101.530570 7.849893
v 41.198721 -101.498685 8.147654
v 41.117326 -101.514827 7.830298
v 41.175980 -101.499640 7.809688
v 40.831718 -101.599142 8.127149
v 40.814643 -101.600805 7.920816
v 40.700939 -101.636454 7.949292
v 40.953516 -101.563736 8.133954
v 40.928404 -101.566983 7.889561
v 40.589882 -101.675675 8.113637
v 40.573900 -101.678497 7.978292
v 40.464003 -101.716779 8.001295
v 40.684028 -101.641916 7.953315
v 40.710497 -101.636459 8.120376
v 40.350594 -101.759768 8.100267
v 40.335843 -101.763701 8.025997
v 40.229263 -101.804622 8.045005
v 40.442728 -101.724397 8.005546
v 40.469904 -101.716781 8.106934
v 40.231980 -101.804624 8.093640
v 40.105045 -101.854534 8.065609
v 40.005789 -101.896162 8.081001
v 40.202210 -101.814343 8.091976
v 40.437132 -101.724412 8.105103
v 40.674764 -101.641934 8.118380
v 40.914871 -101.566989 8.131795
v 41.157215 -101.499652 8.145336
v 41.401556 -101.439990 8.158987
v 41.647650 -101.388062 8.172737
v 41.895255 -101.343919 8.186570
v 42.144125 -101.307606 8.200474
v 42.394013 -101.279158 8.214435
v 42.828719 -101.258524 4.933952
v 42.644671 -101.258603 8.228438
v 42.947925 -101.251216 5.054340
v 43.067226 -101.245888 5.174823
v 42.895851 -101.245962 8.242471
v 43.186592 -101.242542 5.295372
v 43.305993 -101.241179 5.415956
v 43.147304 -101.241247 8.256519
v 43.425400 -101.241798 5.536546
v 43.544782 -101.244401 5.657112
v 43.398781 -101.244464 8.270567
v 43.664111 -101.248985 5.777624
v 43.783357 -101.255550 5.898051
v 43.650032 -101.255608 8.284603
v 43.902490 -101.264095 6.018365
v 44.021481 -101.274617 6.138535
v 43.900808 -101.274669 8.298612
v 44.140300 -101.287113 6.258532
v 44.258918 -101.301581 6.378325
v 44.150860 -101.301627 8.312581
v 44.377305 -101.318016 6.497886
v 44.495433 -101.336416 6.617184
v 44.399942 -101.336457 8.326495
v 44.613271 -101.356775 6.736190
v 44.730790 -101.379088 6.854874
v 44.647805 -101.379124 8.340341
v 44.847963 -101.403350 6.973208
v 44.964758 -101.429554 7.091161
v 44.894203 -101.429584 8.354105
v 45.081148 -101.457695 7.208704
v 45.197104 -101.487764 7.325809
v 45.138894 -101.487790 8.367773
v 45.312596 -101.519756 7.442446
v 45.427597 -101.553661 7.558587
v 45.381634 -101.553681 8.381332
v 45.542077 -101.589472 7.674202
v 45.656009 -101.627179 7.789262
v 45.622182 -101.627194 8.394769
v 45.769364 -101.666774 7.903741
v 45.882114 -101.708246 8.017608
v 45.860301 -101.708255 8.408069
v 45.994231 -101.751585 8.130836
v 46.105687 -101.796780 8.243397
v 46.292656 -101.877432 8.432219
v 46.095753 -101.796784 8.421221
v 43.773965 -117.227347 5.888566
v 43.880914 -117.219913 5.996575
v 44.107899 -117.198816 6.225810
v 43.994482 -117.210264 6.111268
v 44.334181 -117.170536 6.454334
v 44.221141 -117.185573 6.340174
v 44.559555 -117.135099 6.681942
v 44.446994 -117.153711 6.568266
v 44.783818 -117.092537 6.908428
v 44.671838 -117.114707 6.795338
v 45.006768 -117.042888 7.133587
v 44.895470 -117.068596 7.021186
v 45.228203 -116.986198 7.357216
v 45.117687 -117.015420 7.245606
v 45.447923 -116.922517 7.579114
v 45.338290 -116.955228 7.468394
v 45.665730 -116.851902 7.799080
v 45.557078 -116.888072 7.689351
v 45.767460 -116.816309 7.901818
v 42.512519 -88.230512 4.614618
v 42.646423 -88.236494 4.749849
v 42.378732 -88.222539 4.479506
v 42.245096 -88.212577 4.344545
v 42.111643 -88.200628 4.209769
v 41.978406 -88.186697 4.075212
v 41.845420 -88.170785 3.940908
v 41.712717 -88.152898 3.806890
v 41.580330 -88.133040 3.673191
v 41.448292 -88.111215 3.539845
v 41.316636 -88.087429 3.406884
v 41.185396 -88.061688 3.274343
v 41.054603 -88.033998 3.142253
v 40.924290 -88.004366 3.010649
v 40.794490 -87.972801 2.879562
v 40.665234 -87.939308 2.749026
v 40.536556 -87.903898 2.619073
v 40.408488 -87.866578 2.489735
v 40.281061 -87.827358 2.361045
v 40.154306 -87.786248 2.233034
v 40.028256 -87.743258 2.105735
v 39.902943 -87.698399 1.979180
v 39.778396 -87.651681 1.853399
v 43.158535 -88.240998 5.267037
v 43.267341 -88.242571 5.376921
v 43.376158 -88.242496 5.486816
v 43.048501 -88.242485 5.155912
v 43.494047 -88.240557 5.605874
v 43.267355 -72.242909 5.376935
v 43.158535 -72.244477 5.267037
v 39.654648 -87.603117 1.728424
v 42.914447 -88.242482 5.020530
v 43.611893 -88.236686 5.724888
v 43.048501 -72.242984 5.155912
v 42.780410 -88.240485 4.885164
v 43.729668 -88.230882 5.843831
v 42.914447 -72.242980 5.020530
v 39.531729 -87.552719 1.604287
v 43.847344 -88.223148 5.962672
v 42.780410 -72.244971 4.885164
v 39.409805 -87.500558 1.481155
v 43.964891 -88.213486 6.081384
v 42.646423 -72.248954 4.749849
v 44.082281 -88.201897 6.199938
v 42.512519 -72.254930 4.614618
v 44.199487 -88.188386 6.318305
v 42.378732 -72.262896 4.479506
v 44.316479 -88.172954 6.436457
v 44.433229 -88.155605 6.554364
v 42.245096 -72.272851 4.344545
v 44.549710 -88.136345 6.671999
v 42.111643 -72.284793 4.209769
v 44.665893 -88.115177 6.789333
v 41.978406 -72.298717 4.075212
v 44.781749 -88.092106 6.906338
v 41.845420 -72.314622 3.940908
v 41.712717 -72.332502 3.806890
v 44.897252 -88.067139 7.022985
v 41.580330 -72.352354 3.673191
v 43.376185 -72.242989 5.486844
v 41.448292 -72.374172 3.539845
v 45.012372 -88.040281 7.139247
v 41.316636 -72.397952 3.406884
v 41.185396 -72.423686 3.274343
v 45.127083 -88.011539 7.255095
v 41.054603 -72.451369 3.142253
v 40.924290 -72.480994 3.010649
v 40.794490 -72.512553 2.879562
v 46.018227 -87.718112 8.155070
v 46.119626 -87.676464 8.257474
v 45.241357 -87.980919 7.370501
v 40.665234 -72.546038 2.749026
v 46.184442 -87.651888 8.322933
v 40.536556 -72.581442 2.619073
v 45.916272 -87.758222 8.052105
v 45.355165 -87.948429 7.485437
v 40.408488 -72.618756 2.489735
v 46.308300 -87.603288 8.448018
v 40.281061 -72.657969 2.361045
v 46.431219 -87.552896 8.572155
v 45.468481 -87.914077 7.599876
v 43.494089 -72.244934 5.605917
v 46.553278 -87.500683 8.695424
v 40.154306 -72.699072 2.233034
v 46.674448 -87.446660 8.817794
v 45.581276 -87.877872 7.713789
v 40.028256 -72.742056 2.105735
v 45.805199 -87.799935 7.939931
v 39.902943 -72.786909 1.979180
v 46.794697 -87.390842 8.939235
v 39.778396 -72.833620 1.853399
v 49.619241 -85.232240 11.791772
v 46.913995 -87.333242 9.059716
v 45.693525 -87.839821 7.827150
v 39.531729 -72.932569 1.604287
v 39.409669 -72.984783 1.481018
v 39.654648 -72.882177 1.728424
v 47.032313 -87.273876 9.179207
v 47.149622 -87.212757 9.297678
v 43.611951 -72.248812 5.724946
v 43.729740 -72.254623 5.843903
v 47.265892 -87.149901 9.415101
v 43.847431 -72.262364 5.962760
v 43.964992 -72.272035 6.081487
v 44.082397 -72.283632 6.200055
v 47.381095 -87.085324 9.531445
v 44.199617 -72.297153 6.318437
v 44.316624 -72.312595 6.436603
v 44.433389 -72.329953 6.554526
v 47.495201 -87.019041 9.646682
v 44.549884 -72.349224 6.672175
v 46.308300 -72.882348 8.448018
v 46.184552 -72.833784 8.323043
v 44.666081 -72.370403 6.789523
v 46.018571 -72.767632 8.155418
v 46.119981 -72.809296 8.257833
v 47.608182 -86.951069 9.760782
v 44.781952 -72.393485 6.906543
v 46.553278 -72.984966 8.695424
v 46.431219 -72.932746 8.572155
v 47.720009 -86.881426 9.873718
v 44.897468 -72.418464 7.023204
v 45.127327 -72.474090 7.255341
v 45.012603 -72.445335 7.139479
v 45.916605 -72.727508 8.052442
v 46.794697 -73.094820 8.939235
v 46.674448 -73.038995 8.817794
v 47.830656 -86.810128 9.985462
v 45.355436 -72.537226 7.485710
v 45.241614 -72.504723 7.370760
v 47.940095 -86.737194 10.095985
v 45.581573 -72.607812 7.714089
v 45.468764 -72.571592 7.600162
v 47.032313 -73.211798 9.179207
v 46.913995 -73.152425 9.059716
v 48.048297 -86.662641 10.205260
v 45.805521 -72.685780 7.940256
v 45.693834 -72.645878 7.827462
v 47.265892 -73.335785 9.415101
v 47.149622 -73.272923 9.297678
v 48.155237 -86.586487 10.313260
v 48.260888 -86.508753 10.419957
v 47.495201 -73.466656 9.646682
v 47.381095 -73.400368 9.531445
v 48.365222 -86.429458 10.525326
v 47.720009 -73.604283 9.873718
v 47.608182 -73.534634 9.760782
v 48.468215 -86.348620 10.629339
v 47.940095 -73.748526 10.095985
v 47.830656 -73.675586 9.985462
v 48.569841 -86.266261 10.731972
v 48.155237 -73.899244 10.313260
v 48.048297 -73.823085 10.205260
v 48.670074 -86.182400 10.833198
v 48.365222 -74.056284 10.525326
v 48.260888 -73.976983 10.419957
v 48.768889 -86.097060 10.932993
v 48.569841 -74.219492 10.731972
v 48.468215 -74.137127 10.629339
v 48.866262 -86.010260 11.031330
v 48.768889 -74.388703 10.932993
v 48.670074 -74.303357 10.833198
v 48.962168 -85.922023 11.128187
v 48.962168 -74.563750 11.128187
v 48.866262 -74.475508 11.031330
v 49.056583 -85.832370 11.223538
v 49.149485 -74.744458 11.317361
v 49.056583 -74.653408 11.223538
v 49.330654 -74.930647 11.500325
v 49.240849 -74.836879 11.409631
v 49.149485 -85.741324 11.317361
v 49.418876 -75.025738 11.589421
v 49.240849 -85.648908 11.409631
v 49.505493 -75.122130 11.676898
v 49.330654 -85.555145 11.500325
v 49.505493 -85.363670 11.676898
v 49.619467 -75.253834 11.792000
v 49.590390 -75.219687 11.762635
v 49.418876 -85.460058 11.589421
v 49.590485 -85.266006 11.762732
v 45.945145 -72.742212 8.257834
v 45.905131 -72.727513 8.257835
v 45.706604 -72.658118 8.257837
v 45.669791 -72.645888 8.257837
v 45.465523 -72.581585 8.257838
v 45.432023 -72.571608 8.257839
v 45.222142 -72.512688 8.257840
v 45.192057 -72.504744 8.257840
v 44.976705 -72.451497 8.257842
v 44.950125 -72.445362 8.257842
v 44.729455 -72.398073 8.257843
v 44.706461 -72.393518 8.257843
v 44.480639 -72.352468 8.257844
v 44.461300 -72.349262 8.257844
v 44.230505 -72.314729 8.257845
v 44.214880 -72.312639 8.257845
v 43.979302 -72.284893 8.257846
v 43.967439 -72.283682 8.257846
v 43.727282 -72.262989 8.257846
v 43.719215 -72.262420 8.257846
v 43.474694 -72.249040 8.257846
v 43.470450 -72.248873 8.257846
v 43.221791 -72.243059 8.257847
v 43.221382 -72.243055 8.257847
v 43.158535 -72.243586 6.196248
v 43.158535 -72.242858 7.691692
v 43.158535 -72.242809 8.257847
v 43.158535 -72.243031 7.125546
v 45.904798 -87.758227 8.257472
v 45.945125 -87.743414 8.257472
v 45.706584 -87.827508 8.257470
v 45.669485 -87.839832 8.257470
v 45.465503 -87.904040 8.257468
v 45.431744 -87.914093 8.257468
v 45.222122 -87.972936 8.257467
v 45.191806 -87.980940 8.257466
v 44.976684 -88.034126 8.257465
v 44.949903 -88.040308 8.257465
v 44.729434 -88.087550 8.257464
v 44.706268 -88.092139 8.257464
v 44.480617 -88.133154 8.257463
v 44.461137 -88.136383 8.257463
v 44.230483 -88.170892 8.257462
v 44.214748 -88.172998 8.257462
v 43.979281 -88.200728 8.257461
v 43.967337 -88.201947 8.257461
v 43.719145 -88.223204 8.257461
v 43.727260 -88.222631 8.257461
v 43.474672 -88.236580 8.257460
v 43.221770 -88.242560 8.257460
v 43.158535 -88.242533 7.125546
v 43.158535 -88.242733 7.691499
v 43.158535 -88.241933 6.196248
v 43.158535 -88.242809 8.257460
v 51.362012 -80.369193 11.694529
v 51.338138 -79.612083 11.695881
v 51.314286 -79.360635 11.697220
v 51.362013 -80.116613 11.694535
v 51.354052 -79.864159 11.694986
v 51.195385 -78.612567 11.703880
v 51.282518 -81.375739 11.698946
v 51.314284 -81.125171 11.697177
v 51.006368 -82.606691 11.714343
v 51.077070 -82.364240 11.710399
v 50.540431 -83.778853 11.740345
v 50.648311 -83.550550 11.734323
v 49.747419 -85.066944 11.784615
v 50.540440 -76.706954 11.740515
v 50.425419 -76.482176 11.746946
v 51.282521 -79.110067 11.699000
v 51.242874 -78.860628 11.701221
v 51.338136 -80.873724 11.695851
v 51.195381 -81.873239 11.703802
v 51.242871 -81.625178 11.701155
v 51.140096 -82.119675 11.706884
v 50.748942 -83.318950 11.728707
v 50.842222 -83.084284 11.723502
v 50.425408 -84.003631 11.746765
v 50.303369 -76.261146 11.753770
v 50.748950 -77.166857 11.728855
v 50.648320 -76.935257 11.734483
v 51.354051 -80.621647 11.694968
v 50.174403 -84.441721 11.760777
v 50.303359 -84.224660 11.753578
v 49.896294 -84.863072 11.776303
v 50.038669 -84.654595 11.768354
v 51.077076 -78.121566 11.710501
v 51.006375 -77.879116 11.714457
v 50.928059 -82.846785 11.718712
v 50.174414 -76.044086 11.760979
v 50.038681 -75.831211 11.768567
v 50.842230 -77.401523 11.723639
v 50.928066 -77.639021 11.718838
v 49.896307 -75.622734 11.776526
v 51.140101 -78.366131 11.706975
v 49.747432 -75.418862 11.784848
v 48.723286 -75.418419 -6.547600
v 48.872161 -75.622291 -6.555922
v 49.014535 -75.830768 -6.563880
v 49.150268 -76.043643 -6.571468
v 49.279223 -76.260703 -6.578678
v 49.401273 -76.481733 -6.585501
v 49.516294 -76.706511 -6.591932
v 49.624174 -76.934814 -6.597965
v 49.724804 -77.166414 -6.603592
v 49.818084 -77.401080 -6.608809
v 49.903920 -77.638579 -6.613610
v 49.982229 -77.878673 -6.617990
v 50.052930 -78.121123 -6.621946
v 50.115954 -78.365688 -6.625473
v 50.171239 -78.612124 -6.628567
v 50.218728 -78.860185 -6.631226
v 50.258375 -79.109624 -6.633447
v 50.290140 -79.360192 -6.635228
v 50.313992 -79.611640 -6.636566
v 50.329906 -79.863716 -6.637461
v 50.338861 -80.245914 -6.637971
v 50.337866 -80.368750 -6.637918
v 50.329905 -80.621204 -6.637479
v 50.313990 -80.873281 -6.636596
v 50.290138 -81.124728 -6.635270
v 50.258372 -81.375296 -6.633502
v 50.218725 -81.624735 -6.631293
v 50.171235 -81.872796 -6.628646
v 50.115949 -82.119232 -6.625563
v 50.052924 -82.363797 -6.622048
v 49.982222 -82.606248 -6.618104
v 49.903913 -82.846342 -6.613735
v 49.818076 -83.083841 -6.608946
v 49.724796 -83.318507 -6.603740
v 49.624165 -83.550107 -6.598124
v 49.516285 -83.778410 -6.592103
v 49.401262 -84.003188 -6.585682
v 49.279212 -84.224217 -6.578869
v 49.150257 -84.441278 -6.571670
v 49.014523 -84.654152 -6.564093
v 48.872148 -84.862630 -6.556144
v 42.918293 -72.262639 -6.223226
v 42.666492 -72.248690 -6.209159
v 43.169530 -72.284543 -6.237262
v 43.419951 -72.314379 -6.251253
v 43.669307 -72.352118 -6.265184
v 43.917349 -72.397722 -6.279042
v 44.163829 -72.451146 -6.292813
v 44.408504 -72.512336 -6.306483
v 44.651127 -72.581233 -6.320039
v 44.891458 -72.657766 -6.333467
v 45.129257 -72.741859 -6.346754
v 45.364287 -72.833430 -6.359886
v 45.596313 -72.932385 -6.372851
v 45.825105 -73.038628 -6.385635
v 46.050434 -73.152052 -6.398225
v 46.272075 -73.272543 -6.410610
v 46.489809 -73.399982 -6.422777
v 46.703417 -73.534242 -6.434714
v 46.912686 -73.675189 -6.446408
v 47.117409 -73.822683 -6.457848
v 47.317381 -73.976575 -6.469024
v 47.512403 -74.136714 -6.479922
v 47.702280 -74.302939 -6.490534
v 47.886823 -74.475084 -6.500848
v 48.065848 -74.652979 -6.510853
v 48.239176 -74.836446 -6.520541
v 48.406636 -75.025301 -6.529900
v 48.568059 -75.219357 -6.538923
v 48.723273 -85.066501 -6.547832
v 48.568046 -85.265564 -6.539165
v 48.406622 -85.459620 -6.530152
v 48.239162 -85.648475 -6.520801
v 48.065833 -85.831941 -6.511122
v 47.886807 -86.009836 -6.501125
v 47.702264 -86.181982 -6.490820
v 47.512386 -86.348207 -6.480217
v 47.317364 -86.508345 -6.469325
v 47.117392 -86.662238 -6.458158
v 46.912669 -86.809731 -6.446724
v 46.703399 -86.950678 -6.435037
v 46.489790 -87.084938 -6.423107
v 46.272057 -87.212377 -6.410946
v 46.050415 -87.332869 -6.398567
v 45.825085 -87.446293 -6.385982
v 45.596293 -87.552535 -6.373203
v 45.364267 -87.651491 -6.360243
v 45.129237 -87.743061 -6.347115
v 44.891438 -87.827155 -6.333832
v 44.651106 -87.903688 -6.320408
v 44.408483 -87.972584 -6.306856
v 44.163808 -88.033775 -6.293188
v 43.917327 -88.087199 -6.279420
v 43.669285 -88.132803 -6.265564
v 43.419930 -88.170542 -6.251635
v 43.169509 -88.200378 -6.237646
v 42.918272 -88.222281 -6.223611
v 42.666470 -88.236230 -6.209544
v 42.414354 -88.242211 -6.195460
v 42.162175 -88.240217 -6.181372
v 41.910185 -88.230251 -6.167294
v 41.658635 -88.212323 -6.153241
v 41.407774 -88.186450 -6.139226
v 41.157855 -88.152658 -6.125263
v 40.909125 -88.110981 -6.111367
v 40.661833 -88.061461 -6.097550
v 40.416225 -88.004147 -6.083828
v 40.172546 -87.939095 -6.070213
v 39.931038 -87.866372 -6.056720
v 39.691944 -87.786048 -6.043361
v 39.455500 -87.698205 -6.030149
v 39.221943 -87.602930 -6.017099
v 38.991505 -87.500318 -6.004224
v 38.764416 -87.390471 -5.991535
v 38.540903 -87.273499 -5.979045
v 38.321188 -87.149519 -5.966768
v 38.105491 -87.018653 -5.954715
v 37.894025 -86.881032 -5.942898
v 37.687003 -86.736794 -5.931329
v 37.484631 -86.586082 -5.920020
v 37.287109 -86.429047 -5.908981
v 37.094636 -86.265845 -5.898225
v 36.907403 -86.096638 -5.887761
v 36.725596 -85.921596 -5.877600
v 36.549397 -85.740893 -5.867752
v 36.378982 -85.554709 -5.858227
v 36.214520 -85.363230 -5.849035
v 36.056175 -85.166646 -5.840184
v 35.904106 -84.965154 -5.831684
v 35.758463 -84.758954 -5.823543
v 35.619392 -84.548252 -5.815768
v 35.487032 -84.333257 -5.808369
v 35.361514 -84.114185 -5.801351
v 35.242963 -83.891254 -5.794723
v 35.131499 -83.664685 -5.788491
v 35.027231 -83.434705 -5.782660
v 34.930264 -83.201543 -5.777238
v 34.840695 -82.965431 -5.772228
v 34.758612 -82.726605 -5.767637
v 34.684098 -82.485302 -5.763468
v 34.617226 -82.241764 -5.759726
v 34.558065 -81.996233 -5.756415
v 34.506671 -81.748954 -5.753538
v 34.463098 -81.500173 -5.751098
v 34.427387 -81.250138 -5.749097
v 34.399576 -80.999099 -5.747537
v 34.379690 -80.747305 -5.746420
v 34.363771 -80.242460 -5.745519
v 34.367752 -80.495009 -5.745747
v 34.367752 -79.989912 -5.745735
v 34.379692 -79.737615 -5.746396
v 34.399578 -79.485822 -5.747501
v 34.427390 -79.234783 -5.749049
v 34.463101 -78.984748 -5.751038
v 34.506675 -78.735967 -5.753466
v 34.558069 -78.488688 -5.756331
v 34.617232 -78.243157 -5.759630
v 34.684104 -77.999618 -5.763360
v 34.758619 -77.758316 -5.767517
v 34.840702 -77.519490 -5.772097
v 34.930272 -77.283378 -5.777095
v 35.027240 -77.050216 -5.782507
v 35.131508 -76.820236 -5.788326
v 35.242973 -76.593667 -5.794548
v 35.361524 -76.370736 -5.801165
v 35.487043 -76.151663 -5.808172
v 35.619404 -75.936669 -5.815561
v 35.758475 -75.725967 -5.823325
v 35.904119 -75.519767 -5.831457
v 36.056189 -75.318274 -5.839947
v 36.214534 -75.121691 -5.848788
v 36.378996 -74.930211 -5.857972
v 36.549412 -74.744027 -5.867487
v 36.725612 -74.563324 -5.877326
v 36.907419 -74.388282 -5.887479
v 37.094652 -74.219076 -5.897935
v 37.287126 -74.055874 -5.908683
v 37.484648 -73.898838 -5.919714
v 37.687021 -73.748127 -5.931016
v 37.894043 -73.603889 -5.942578
v 38.105509 -73.466268 -5.954388
v 38.321207 -73.335402 -5.966435
v 38.540922 -73.211421 -5.978706
v 38.764435 -73.094449 -5.991190
v 38.991524 -72.984602 -6.003874
v 39.221962 -72.881990 -6.016745
v 39.455520 -72.786715 -6.029790
v 39.691964 -72.698872 -6.042997
v 39.931059 -72.618549 -6.056352
v 40.172566 -72.545825 -6.069843
v 40.416246 -72.480774 -6.083454
v 40.661854 -72.423460 -6.097174
v 40.909146 -72.373939 -6.110988
v 41.157876 -72.332262 -6.124882
v 41.407796 -72.298471 -6.138843
v 41.658656 -72.272598 -6.152857
v 41.910207 -72.254669 -6.166909
v 42.162197 -72.244703 -6.180986
v 42.414376 -72.242710 -6.195074
v 50.337867 -80.116170 -6.637912
v 42.683001 -82.467801 -6.210328
v 42.814044 -82.444212 -6.217648
v 42.943461 -82.412890 -6.224878
v 42.550793 -82.483572 -6.202943
v 42.019626 -82.467801 -6.173269
v 41.888583 -82.444212 -6.165947
v 42.417884 -82.491472 -6.195518
v 42.151834 -82.483572 -6.180655
v 41.759166 -82.412890 -6.158717
v 42.284742 -82.491472 -6.188080
v 41.385173 -82.273755 -6.137820
v 40.834967 -81.902585 -6.107074
v 40.935823 -81.989639 -6.112710
v 40.739436 -81.809700 -6.101735
v 42.019632 -78.017120 -6.173161
v 42.151840 -78.001348 -6.180547
v 44.053061 -81.711310 -6.286849
v 43.963192 -81.809700 -6.281830
v 43.867661 -81.902585 -6.276496
v 43.766804 -81.989639 -6.270864
v 43.070799 -82.373945 -6.231990
v 43.195609 -82.327512 -6.238962
v 41.631828 -82.373945 -6.151602
v 41.507018 -82.327512 -6.144628
v 40.565676 -81.607761 -6.092023
v 40.488057 -81.499416 -6.087684
v 41.888589 -78.040708 -6.165841
v 44.214572 -81.499416 -6.295866
v 44.136953 -81.607761 -6.291533
v 40.649567 -81.711310 -6.096712
v 41.759171 -78.072030 -6.158612
v 42.284748 -77.993448 -6.187972
v 44.136956 -78.877160 -6.291467
v 44.053065 -78.773611 -6.286778
v 44.214575 -78.985505 -6.295806
v 44.593868 -80.109169 -6.317022
v 44.582046 -79.976346 -6.316359
v 44.597813 -80.242460 -6.317246
v 44.457226 -81.025914 -6.309411
v 44.499867 -80.899588 -6.311790
v 44.407187 -81.149488 -6.306618
v 44.285647 -81.386655 -6.299834
v 43.660976 -82.070556 -6.264953
v 43.317454 -82.273755 -6.245767
v 40.416983 -81.386655 -6.083710
v 41.631834 -78.110976 -6.151499
v 44.407189 -79.335433 -6.306575
v 44.457228 -79.459007 -6.309373
v 44.499869 -79.585333 -6.311758
v 44.593868 -80.375752 -6.317029
v 44.582045 -80.508575 -6.316371
v 44.562387 -80.640463 -6.315276
v 44.349927 -81.269876 -6.303422
v 43.435905 -82.212864 -6.252383
v 41.266722 -82.212864 -6.131201
v 41.152081 -82.145051 -6.124795
v 41.041652 -82.070556 -6.118624
v 40.352703 -81.269876 -6.080117
v 40.295443 -81.149488 -6.076915
v 40.245405 -81.025914 -6.074116
v 40.202763 -80.899588 -6.071731
v 40.108765 -80.109169 -6.066461
v 40.104819 -80.241489 -6.066244
v 40.488060 -78.985505 -6.087623
v 40.416986 -79.098265 -6.083655
v 40.565680 -78.877160 -6.091957
v 42.417890 -77.993448 -6.195410
v 42.550799 -78.001348 -6.202835
v 43.766809 -78.495282 -6.270779
v 43.867666 -78.582335 -6.276416
v 43.963196 -78.675221 -6.281755
v 44.285650 -79.098265 -6.299779
v 44.349930 -79.215045 -6.303373
v 44.534964 -79.713967 -6.313722
v 44.562388 -79.844457 -6.315257
v 44.534962 -80.770954 -6.313747
v 43.550546 -82.145051 -6.258786
v 40.140245 -80.640463 -6.068232
v 40.120587 -80.508575 -6.067131
v 40.120587 -79.976346 -6.067118
v 40.649571 -78.773611 -6.096641
v 41.152086 -78.339869 -6.124704
v 41.041657 -78.414365 -6.118536
v 41.266728 -78.272057 -6.131106
v 41.385179 -78.211165 -6.137722
v 41.507023 -78.157409 -6.144528
v 42.683007 -78.017120 -6.210221
v 43.195615 -78.157409 -6.238861
v 43.317459 -78.211165 -6.245669
v 43.660980 -78.414365 -6.264865
v 40.167669 -80.770954 -6.069768
v 40.108764 -80.375752 -6.066467
v 40.104819 -80.242460 -6.066244
v 40.140246 -79.844457 -6.068213
v 40.167670 -79.713967 -6.069742
v 40.245407 -79.459007 -6.074079
v 40.295445 -79.335433 -6.076871
v 40.352705 -79.215045 -6.080067
v 40.834971 -78.582335 -6.106994
v 40.935828 -78.495282 -6.112626
v 43.070804 -78.110976 -6.231888
v 43.435910 -78.272057 -6.252288
v 43.550552 -78.339869 -6.258694
v 40.202765 -79.585333 -6.071700
v 40.739440 -78.675221 -6.101659
v 42.814050 -78.040708 -6.217542
v 42.943467 -78.072030 -6.224773
v 43.225526 -77.993798 8.261450
v 43.158535 -77.994651 9.871866
v 43.158535 -77.993826 9.453012
v 43.158535 -78.001784 11.839530
v 43.158535 -77.999497 11.348233
v 43.158535 -77.997546 10.856474
v 43.158535 -77.995931 10.364328
v 43.225103 -77.993798 8.261426
v 43.358012 -78.001697 8.268851
v 43.158535 -77.993387 9.154243
v 43.158535 -77.993071 8.855425
v 43.158535 -77.992878 8.556575
v 43.225109 -82.491821 8.261318
v 43.158535 -82.492577 8.855371
v 43.158535 -82.492275 9.154216
v 43.158535 -82.492755 8.556493
v 43.158535 -82.492809 8.257599
v 43.358018 -82.483922 8.268743
v 43.158535 -82.488198 10.856420
v 43.158535 -82.486270 11.348206
v 43.158535 -82.489790 10.364246
v 43.158535 -82.491046 9.871758
v 43.225520 -82.491821 8.261341
v 43.158535 -82.491850 9.453012
v 43.158535 -82.484008 11.839530
v 45.389264 -79.976695 8.382280
v 45.401086 -80.109518 8.382937
v 45.369606 -79.844806 8.381185
v 45.342181 -79.714316 8.379656
v 45.307086 -79.585682 8.377698
v 45.264445 -79.459356 8.375319
v 45.214406 -79.335782 8.372527
v 45.157146 -79.215394 8.369331
v 45.092865 -79.098614 8.365743
v 45.021791 -78.985854 8.361775
v 44.944171 -78.877509 8.357441
v 44.860280 -78.773960 8.352757
v 44.770411 -78.675570 8.347739
v 44.674880 -78.582685 8.342404
v 44.574023 -78.495631 8.336772
v 44.468194 -78.414714 8.330862
v 44.357765 -78.340218 8.324695
v 44.243124 -78.272406 8.318292
v 44.124672 -78.211514 8.311676
v 44.002828 -78.157758 8.304870
v 43.878017 -78.111325 8.297899
v 43.750680 -78.072379 8.290786
v 43.621262 -78.041057 8.283557
v 43.490220 -78.017469 8.276237
v 43.158535 -78.003418 12.152875
v 43.140975 -78.001791 12.153856
v 43.007234 -77.993892 12.161328
v 42.873258 -77.993892 12.168813
v 42.739518 -78.001792 12.176284
v 42.606482 -78.017564 12.183716
v 42.474619 -78.041153 12.191082
v 42.344391 -78.072475 12.198356
v 42.216256 -78.111421 12.205513
v 42.090664 -78.157854 12.212528
v 41.968057 -78.211611 12.219377
v 41.848864 -78.272503 12.226034
v 41.733505 -78.340316 12.232477
v 41.622385 -78.414812 12.238683
v 41.515893 -78.495729 12.244630
v 41.414405 -78.582783 12.250298
v 41.318277 -78.675668 12.255666
v 41.227845 -78.774059 12.260715
v 41.143429 -78.877608 12.265429
v 41.065324 -78.985954 12.269789
v 40.993804 -79.098714 12.273782
v 40.929122 -79.215493 12.277393
v 40.871503 -79.335882 12.280609
v 40.821152 -79.459456 12.283419
v 40.778243 -79.585782 12.285813
v 40.742929 -79.714416 12.287782
v 40.715333 -79.844907 12.289321
v 40.695552 -79.976795 12.290423
v 40.683656 -80.109618 12.291084
v 40.679686 -80.242910 12.291303
v 40.683656 -80.376201 12.291078
v 40.695553 -80.509024 12.290410
v 40.715334 -80.640913 12.289302
v 40.742931 -80.771403 12.287757
v 40.778245 -80.900037 12.285781
v 40.821154 -81.026363 12.283381
v 40.871506 -81.149937 12.280565
v 40.929124 -81.270325 12.277343
v 40.993807 -81.387104 12.273727
v 41.065327 -81.499864 12.269728
v 41.143432 -81.608209 12.265362
v 41.227849 -81.711758 12.260644
v 41.318281 -81.810148 12.255590
v 41.414410 -81.903033 12.250217
v 41.515898 -81.990086 12.244545
v 41.622390 -82.071003 12.238594
v 41.733510 -82.145498 12.232385
v 41.848870 -82.213310 12.225938
v 41.968062 -82.274202 12.219278
v 42.090670 -82.327958 12.212427
v 42.216262 -82.374390 12.205410
v 42.344397 -82.413335 12.198251
v 42.474625 -82.444657 12.190975
v 42.606488 -82.468245 12.183608
v 42.739524 -82.484016 12.176175
v 42.873264 -82.491916 12.168704
v 43.007240 -82.491915 12.161219
v 43.140981 -82.484015 12.153748
v 43.158535 -82.482389 12.152767
v 43.490226 -82.468150 8.276130
v 43.621268 -82.444562 8.283451
v 43.750686 -82.413239 8.290681
v 43.878023 -82.374294 8.297796
v 44.002833 -82.327861 8.304770
v 44.124678 -82.274105 8.311578
v 44.243129 -82.213213 8.318197
v 44.357770 -82.145400 8.324603
v 44.468199 -82.070905 8.330774
v 44.574028 -81.989988 8.336688
v 44.674885 -81.902934 8.342324
v 44.770415 -81.810049 8.347663
v 44.860284 -81.711659 8.352686
v 44.944175 -81.608110 8.357375
v 45.021794 -81.499765 8.361714
v 45.092869 -81.387004 8.365688
v 45.157148 -81.270225 8.369281
v 45.214408 -81.149837 8.372483
v 45.264447 -81.026263 8.375282
v 45.307088 -80.899937 8.377667
v 45.342182 -80.771303 8.379630
v 45.369607 -80.640813 8.381166
v 45.389265 -80.508924 8.382267
v 45.401087 -80.376101 8.382931
v 45.405032 -80.242809 8.383154
v 43.158535 -77.992809 8.257708
v 45.383451 -79.844812 8.381958
v 45.403232 -79.976701 8.383060
v 45.227278 -81.149843 8.373202
v 45.169660 -81.270231 8.369980
v 45.104977 -81.387010 8.366364
v 45.033457 -81.499770 8.362366
v 44.955352 -81.608115 8.358000
v 45.415128 -80.109524 8.383722
v 45.419098 -80.242815 8.383940
v 45.415128 -80.376107 8.383715
v 45.403231 -80.508930 8.383047
v 45.383450 -80.640818 8.381939
v 45.355854 -80.771309 8.380394
v 44.870935 -81.711664 8.353281
v 44.780503 -81.810054 8.348227
v 44.684375 -81.902938 8.342855
v 44.582886 -81.989992 8.337183
v 45.320541 -79.585687 8.378450
v 45.355855 -79.714322 8.380420
v 45.320539 -80.899943 8.378418
v 45.277630 -81.026269 8.376018
v 44.476395 -82.070908 8.331232
v 44.365274 -82.145404 8.325022
v 44.249915 -82.213216 8.318576
v 44.582891 -78.495635 8.337267
v 44.684379 -78.582689 8.342935
v 44.780508 -78.675574 8.348303
v 44.870939 -78.773964 8.353353
v 45.169663 -79.215399 8.370030
v 45.227281 -79.335787 8.373246
v 44.130722 -82.274107 8.311916
v 44.008114 -82.327863 8.305065
v 43.882522 -82.374296 8.298048
v 43.492302 -78.017470 8.276353
v 43.624166 -78.041059 8.283719
v 44.955356 -78.877514 8.358066
v 45.033461 -78.985859 8.362427
v 45.104980 -79.098620 8.366420
v 45.277633 -79.459361 8.376056
v 43.754388 -82.413241 8.290888
v 43.624160 -82.444563 8.283612
v 43.492296 -82.468151 8.276245
v 43.754393 -78.072381 8.290993
v 43.882528 -78.111327 8.298151
v 44.008120 -78.157760 8.305166
v 44.130727 -78.211517 8.312014
v 44.249920 -78.272409 8.318671
v 44.365279 -78.340222 8.325114
v 44.476399 -78.414717 8.331320
v 43.359267 -78.001698 8.268921
v 43.359261 -82.483922 8.268813
v 41.666703 -78.782245 12.236198
v 41.755478 -78.684072 12.231241
v 41.583850 -78.885479 12.240824
v 41.507205 -78.993417 12.245103
v 41.267682 -79.464511 12.258473
v 41.317065 -79.341641 12.255717
v 41.225604 -79.590079 12.260821
v 41.437035 -81.380127 12.248966
v 41.507205 -81.492394 12.245043
v 41.583850 -81.600332 12.240759
v 41.849867 -78.591302 12.225970
v 41.373581 -79.221894 12.252563
v 41.437035 -79.105685 12.249021
v 41.144522 -79.978577 12.265341
v 41.163916 -79.847558 12.264261
v 41.373581 -81.263918 12.252513
v 41.666703 -81.703566 12.236127
v 42.054159 -82.062577 12.214473
v 41.190975 -79.717909 12.262752
v 41.132858 -80.375300 12.265983
v 41.128965 -80.242906 12.266204
v 41.144522 -80.507235 12.265328
v 41.267682 -81.021301 12.258435
v 41.317065 -81.144171 12.255674
v 41.755478 -81.801739 12.231166
v 41.849867 -81.894509 12.225890
v 41.949542 -81.981556 12.220320
v 42.163354 -82.137294 12.208371
v 42.393953 -78.219014 12.195584
v 42.514558 -78.164677 12.188847
v 42.276750 -78.280365 12.202130
v 41.949542 -78.504255 12.220404
v 42.054159 -78.423232 12.214561
v 41.163916 -80.638255 12.264241
v 42.393953 -82.266795 12.195486
v 42.514558 -82.321132 12.188747
v 43.022484 -82.464956 12.160368
v 43.022484 -78.020851 12.160475
v 43.153641 -78.003899 12.153149
v 42.764289 -78.077771 12.174898
v 42.892549 -78.045504 12.167734
v 42.638146 -78.117541 12.181944
v 42.163354 -78.348516 12.208463
v 41.132858 -80.110512 12.265989
v 41.190975 -80.767904 12.262727
v 41.225604 -80.895733 12.260789
v 42.276750 -82.205445 12.202035
v 42.892549 -82.440304 12.167627
v 43.153641 -82.481908 12.153041
v 42.638146 -82.368267 12.181842
v 42.764289 -82.408037 12.174794
v 43.068360 -82.491007 8.257599
v 42.936022 -82.481814 8.257599
v 42.804455 -82.464862 8.257600
v 42.674115 -82.440210 8.257600
v 42.545454 -82.407942 8.257601
v 42.418917 -82.368172 8.257602
v 42.294944 -82.321037 8.257603
v 42.173963 -82.266700 8.257604
v 42.056394 -82.205349 8.257606
v 41.942644 -82.137198 8.257608
v 41.833108 -82.062482 8.257609
v 41.728164 -81.981460 8.257611
v 41.628178 -81.894413 8.257613
v 41.533495 -81.801643 8.257616
v 41.444443 -81.703470 8.257618
v 41.361331 -81.600236 8.257621
v 41.284447 -81.492298 8.257623
v 41.214058 -81.380030 8.257626
v 41.150406 -81.263821 8.257629
v 41.093714 -81.144074 8.257632
v 41.044177 -81.021204 8.257634
v 41.001967 -80.895637 8.257638
v 40.967230 -80.767807 8.257641
v 40.940087 -80.638158 8.257644
v 40.920632 -80.507139 8.257647
v 40.908931 -80.375203 8.257650
v 40.905027 -80.242809 8.257653
v 40.908931 -80.110415 8.257656
v 40.920632 -79.978480 8.257660
v 40.940087 -79.847461 8.257663
v 40.967230 -79.717812 8.257666
v 41.001967 -79.589982 8.257669
v 41.044177 -79.464414 8.257672
v 41.093714 -79.341544 8.257675
v 41.150406 -79.221797 8.257678
v 41.214058 -79.105589 8.257681
v 41.284447 -78.993321 8.257683
v 41.361331 -78.885383 8.257686
v 41.444443 -78.782149 8.257689
v 41.533495 -78.683976 8.257691
v 41.628178 -78.591206 8.257693
v 41.728164 -78.504159 8.257695
v 41.833108 -78.423137 8.257697
v 41.942644 -78.348421 8.257699
v 42.056394 -78.280269 8.257701
v 42.173963 -78.218919 8.257702
v 42.294944 -78.164582 8.257704
v 42.418917 -78.117446 8.257705
v 42.545454 -78.077676 8.257706
v 42.674115 -78.045409 8.257706
v 42.804455 -78.020757 8.257707
v 42.936022 -78.003805 8.257707
v 43.068360 -77.994612 8.257708
v 43.091550 -77.993797 8.253966
v 43.068640 -77.994611 8.252686
v 43.013180 -77.997465 8.249587
v 42.985482 -77.999412 8.248040
v 42.957809 -78.001697 8.246494
v 42.924466 -78.004903 8.244631
v 42.891174 -78.008601 8.242771
v 42.824774 -78.017468 8.239061
v 42.758666 -78.028290 8.235368
v 42.692910 -78.041056 8.231694
v 42.562682 -78.072378 8.224418
v 42.434548 -78.111323 8.217259
v 42.308956 -78.157755 8.210242
v 42.186348 -78.211512 8.203391
v 42.067155 -78.272403 8.196731
v 41.951796 -78.340215 8.190285
v 41.840675 -78.414710 8.184075
v 41.734184 -78.495627 8.178124
v 41.632695 -78.582680 8.172452
v 41.536566 -78.675565 8.167080
v 41.446135 -78.773955 8.162025
v 41.361718 -78.877504 8.157307
v 41.283613 -78.985849 8.152941
v 41.212093 -79.098609 8.148943
v 41.147410 -79.215388 8.145326
v 41.089792 -79.335776 8.142104
v 41.039439 -79.459350 8.139289
v 40.996531 -79.585676 8.136888
v 40.961216 -79.714310 8.134912
v 40.933620 -79.844800 8.133368
v 40.913839 -79.976689 8.132259
v 40.901942 -80.109512 8.131591
v 40.897972 -80.242803 8.131366
v 40.901942 -80.376095 8.131585
v 40.913838 -80.508918 8.132246
v 40.933619 -80.640807 8.133348
v 40.961215 -80.771297 8.134887
v 40.996529 -80.899931 8.136857
v 41.039437 -81.026257 8.139251
v 41.089789 -81.149832 8.142060
v 41.147407 -81.270220 8.145276
v 41.212090 -81.386999 8.148887
v 41.283609 -81.499760 8.152880
v 41.361714 -81.608105 8.157241
v 41.446131 -81.711655 8.161954
v 41.536562 -81.810045 8.167004
v 41.632691 -81.902930 8.172372
v 41.734179 -81.989984 8.178039
v 41.840670 -82.070901 8.183986
v 41.951791 -82.145397 8.190192
v 42.067150 -82.213210 8.196635
v 42.186343 -82.274102 8.203292
v 42.308950 -82.327859 8.210141
v 42.434542 -82.374292 8.217156
v 42.562677 -82.413238 8.224313
v 42.692904 -82.444560 8.231588
v 42.758660 -82.457327 8.235261
v 42.891168 -82.477016 8.242663
v 42.924460 -82.480714 8.244523
v 42.824768 -82.468149 8.238954
v 42.957803 -82.483921 8.246385
v 43.068640 -82.491007 8.252577
v 43.091544 -82.491821 8.253857
v 43.002610 -77.998235 8.248997
v 42.969641 -78.000777 8.247155
v 42.953172 -78.002230 8.246235
v 42.961405 -78.001488 8.246695
v 42.936714 -78.003804 8.245315
v 42.871011 -78.011314 8.241645
v 42.805556 -78.020756 8.237988
v 42.675622 -78.045409 8.230728
v 42.547361 -78.077676 8.223562
v 42.421218 -78.117446 8.216514
v 42.297630 -78.164581 8.209609
v 42.177026 -78.218917 8.202870
v 42.059823 -78.280268 8.196321
v 41.946427 -78.348419 8.189984
v 41.837231 -78.423135 8.183882
v 41.732615 -78.504157 8.178036
v 41.632939 -78.591204 8.172465
v 41.538551 -78.683974 8.167190
v 41.449776 -78.782146 8.162228
v 41.366923 -78.885380 8.157597
v 41.290278 -78.993318 8.153313
v 41.220107 -79.105586 8.149390
v 41.156654 -79.221795 8.145842
v 41.100138 -79.341542 8.142682
v 41.050755 -79.464412 8.139921
v 41.008676 -79.589979 8.137567
v 40.974048 -79.717809 8.135629
v 40.946989 -79.847458 8.134114
v 40.927594 -79.978477 8.133028
v 40.915930 -80.110412 8.132373
v 40.912038 -80.242806 8.132152
v 40.915930 -80.375200 8.132367
v 40.927594 -80.507136 8.133015
v 40.946989 -80.638155 8.134095
v 40.974048 -80.767804 8.135604
v 41.008676 -80.895634 8.137535
v 41.050755 -81.021201 8.139883
v 41.100138 -81.144072 8.142639
v 41.156654 -81.263819 8.145793
v 41.220107 -81.380028 8.149335
v 41.290278 -81.492296 8.153253
v 41.366923 -81.600234 8.157532
v 41.449776 -81.703468 8.162158
v 41.538551 -81.801640 8.167115
v 41.632939 -81.894411 8.172386
v 41.732615 -81.981458 8.177952
v 41.837231 -82.062480 8.183794
v 41.946427 -82.137196 8.189893
v 42.059823 -82.205348 8.196226
v 42.177026 -82.266699 8.202772
v 42.297630 -82.321036 8.209508
v 42.421218 -82.368171 8.216412
v 42.547361 -82.407942 8.223458
v 42.805556 -82.464861 8.237880
v 42.740408 -82.453493 8.234241
v 42.903835 -82.478301 8.243370
v 42.871011 -82.474304 8.241537
v 42.936714 -82.481814 8.245207
v 42.675622 -82.440209 8.230622
v 0.093920 -108.096728 -3.831699
v 5.600160 -83.183957 -4.138705
v 5.688809 -82.948641 -4.143651
v 4.779859 -84.737130 -4.092916
v 4.917661 -84.526873 -4.100609
v 3.995834 -85.717782 -4.049140
v 4.164801 -85.531724 -4.058575
v 3.640803 -86.073485 -4.029315
v 3.821110 -85.898429 -4.039383
v 6.019118 -81.736680 -4.162075
v 6.062136 -81.488889 -4.164472
v 5.504170 -83.416365 -4.133348
v 5.770028 -82.710650 -4.148183
v 5.173133 -84.093866 -4.114871
v 5.290551 -83.871545 -4.121425
v 5.048795 -84.312381 -4.107930
v 4.484806 -85.144114 -4.076442
v 4.635527 -84.942945 -4.084858
v 4.327845 -85.340439 -4.067679
v 3.455091 -86.242778 -4.018944
v -20.175442 -56.275053 -2.698095
v -20.002967 -56.257164 -2.707730
v -9.346894 -82.942139 -3.303678
v -30.325425 -43.727805 -2.130761
v 5.968344 -81.982994 -4.159244
v 6.097355 -81.239866 -4.166434
v 5.843738 -82.470220 -4.152295
v 5.400933 -83.645637 -4.127586
v 0.022845 -107.983967 -3.827726
v -6.925234 -86.401734 -3.439049
v -6.729403 -86.559174 -3.449992
v -8.949434 -83.865387 -3.325905
v -8.832209 -84.087810 -3.332459
v -9.258449 -83.177531 -3.308625
v -9.162660 -83.410023 -3.313982
v 6.124741 -80.989858 -4.167957
v 6.144267 -80.739111 -4.169042
v 5.909865 -82.227588 -4.155983
v -1.079052 -88.207286 -3.765690
v -5.459782 -87.367697 -3.520940
v -5.234358 -87.478521 -3.533536
v -5.899641 -87.125037 -3.496361
v -5.681616 -87.249830 -3.508544
v -6.528728 -86.710370 -3.461207
v -9.059621 -83.639383 -3.319744
v -8.708060 -84.306432 -3.339400
v -4.074363 -80.223356 -3.598164
v -7.649498 -85.700847 -3.398570
v -7.818283 -85.515141 -3.389137
v -5.454660 -87.351145 -3.521225
v -5.676244 -87.233622 -3.508844
v -4.769359 -87.661142 -3.559517
v -5.000994 -87.565010 -3.546575
v 6.155914 -80.487872 -4.169687
v 2.019807 -87.253160 -3.938786
v 2.237940 -87.128556 -3.950969
v 1.572351 -87.481465 -3.913794
v 1.797871 -87.370835 -3.926390
v -1.329403 -88.226926 -3.751705
v -4.061303 -87.923423 -3.599079
v -3.819129 -87.989943 -3.612610
v -6.323407 -86.855174 -3.472681
v -6.113642 -86.993442 -3.484403
v -7.116026 -86.238206 -3.428386
v -7.481747 -85.893541 -3.407947
v -7.301592 -86.068753 -3.418015
v -8.943350 -83.858178 -3.326245
v -9.053752 -83.632707 -3.320072
v -8.701628 -84.298157 -3.339759
v -8.825937 -84.080068 -3.332809
v -7.981165 -85.324220 -3.380033
v -8.137984 -85.128274 -3.371267
v -7.474977 -85.881155 -3.408324
v -5.229503 -87.461644 -3.533807
v -4.534825 -87.749946 -3.572622
v -9.815409 -80.229484 -3.277439
v -16.722288 -52.933482 -2.890926
v -16.706405 -52.760544 -2.891809
v -19.162762 -56.050536 -2.754663
v -19.001629 -55.986382 -2.763663
v 2.661938 -86.859059 -3.974649
v 2.867385 -86.714433 -3.986123
v 1.111456 -87.681157 -3.888051
v 1.343471 -87.584939 -3.901010
v 0.638943 -87.851447 -3.861658
v 0.876536 -87.770022 -3.874929
v 0.156680 -87.991663 -3.834720
v 0.398912 -87.925352 -3.848250
v -0.333428 -88.101249 -3.807342
v -0.087514 -88.050315 -3.821079
v -0.829442 -88.179774 -3.779634
v -0.580818 -88.144417 -3.793523
v -1.580246 -88.238674 -3.737692
v -2.583584 -88.206635 -3.681639
v -2.333251 -88.226492 -3.695625
v -4.301271 -87.849311 -3.585672
v -8.295337 -84.937353 -3.362472
v -8.144790 -85.138653 -3.370887
v -8.577111 -84.521037 -3.346721
v -8.439492 -84.731413 -3.354414
v -7.109418 -86.224875 -3.428755
v -7.294891 -86.055889 -3.418389
v -6.723047 -86.544945 -3.450347
v -6.918741 -86.387947 -3.439411
v -6.317386 -86.840105 -3.473017
v -6.522530 -86.695714 -3.461553
v -5.894035 -87.109192 -3.496674
v -6.107819 -86.977977 -3.484728
v -16.698455 -52.587059 -2.892249
v -16.698455 -52.413392 -2.892244
v -16.817117 -53.445383 -2.885640
v -16.777702 -53.276261 -2.887838
v -17.050707 -54.098502 -2.872606
v -16.981150 -53.939420 -2.876488
v -17.211287 -54.406255 -2.863643
v -17.127473 -54.254223 -2.868322
v -9.811871 -80.480967 -3.277643
v 3.068191 -86.563410 -3.997337
v 3.264157 -86.406140 -4.008281
v 2.452054 -86.997146 -3.962927
v -1.831333 -88.242519 -3.723665
v -2.082418 -88.238457 -3.709638
v -3.081763 -88.143335 -3.653807
v -2.833170 -88.178907 -3.667696
v -3.574986 -88.048807 -3.626251
v -3.329116 -88.099954 -3.639987
v -4.538793 -87.767680 -3.572401
v -5.005568 -87.582194 -3.546320
v -4.773636 -87.678612 -3.559279
v -7.825121 -85.526539 -3.388755
v -7.656314 -85.712744 -3.398190
v -7.988000 -85.335113 -3.379651
v -22.637474 -55.609271 -2.560537
v -22.492887 -55.705134 -2.568617
v -9.157034 -83.403876 -3.314296
v -9.253094 -83.171911 -3.308924
v -8.570546 -84.512231 -3.347087
v -8.288585 -84.927494 -3.362849
v -8.432819 -84.722079 -3.354786
v -16.746068 -51.894943 -2.889572
v -16.777700 -51.724190 -2.887801
v -16.706404 -52.239907 -2.891796
v -16.722286 -52.066969 -2.890905
v -16.746070 -53.105508 -2.889601
v -16.918948 -53.777311 -2.879959
v -16.864232 -53.612516 -2.883012
v -17.399337 -54.697983 -2.853145
v -17.301972 -54.554279 -2.858581
v -9.781133 -80.982979 -3.279372
v -9.753963 -81.233012 -3.280896
v -9.800442 -80.732215 -3.278288
v -19.326661 -56.107223 -2.745508
v -9.625595 -81.976251 -3.288085
v -9.567327 -82.220895 -3.291346
v -22.344064 -55.794257 -2.576933
v -22.191317 -55.876452 -2.585468
v -1.235721 -82.393786 -3.756798
v 2.861199 -86.699772 -3.985777
v 2.655931 -86.843986 -3.974313
v 6.159669 -80.236392 -4.169891
v 0.418632 -80.223356 -3.849166
v 0.414686 -80.090064 -3.848942
v 0.402863 -80.489470 -3.848291
v 0.414686 -80.356647 -3.848949
v -16.817114 -51.555068 -2.885595
v -17.503178 -54.837065 -2.847347
v -17.729400 -55.100204 -2.834715
v -17.613276 -54.971233 -2.841200
v -18.843602 -55.914898 -2.772490
v -9.676155 -81.729893 -3.285255
v -9.501410 -82.463584 -3.295035
v -9.718959 -81.482065 -3.282858
v -22.034969 -55.951547 -2.594204
v -24.117451 -53.529220 -2.477808
v -24.066522 -53.695228 -2.480657
v 1.567511 -87.464583 -3.913523
v 1.338912 -87.567752 -3.900755
v 3.061847 -86.549177 -3.996983
v 3.634113 -86.060615 -4.028941
v 3.448494 -86.229440 -4.018575
v 3.989027 -85.705880 -4.048759
v 3.814350 -85.886037 -4.039005
v 4.321020 -85.329540 -4.067297
v 4.157973 -85.520320 -4.058193
v 0.402864 -79.957241 -3.848279
v 0.383206 -79.825352 -3.847177
v -4.297623 -87.831332 -3.585875
v -17.851305 -55.223708 -2.827908
v -18.111424 -55.453285 -2.813382
v -17.978736 -55.341484 -2.820792
v -18.689014 -55.836232 -2.781124
v -18.538189 -55.750550 -2.789548
v -9.427908 -82.704078 -3.299147
v -19.661379 -56.197737 -2.726811
v -19.492984 -56.156324 -2.736218
v -19.831493 -56.231374 -2.717309
v -21.547634 -56.132729 -2.621434
v -21.380231 -56.177997 -2.630787
v -23.868971 -54.176803 -2.491705
v -23.788661 -54.330720 -2.496195
v -23.942152 -54.019360 -2.487613
v -24.008048 -53.858722 -2.483927
v -24.196259 -53.191066 -2.473397
v -24.160727 -53.361048 -2.475386
v 1.792763 -87.354279 -3.926104
v 2.232347 -87.112706 -3.950656
v 2.014448 -87.236948 -3.938486
v 3.257676 -86.392348 -4.007919
v 4.478008 -85.133730 -4.076062
v 4.773195 -84.727790 -4.092543
v 4.628783 -84.933080 -4.084481
v 5.498549 -83.410214 -4.133034
v 5.395070 -83.638955 -4.127258
v 5.839362 -82.466145 -4.152050
v 5.765300 -82.706065 -4.147919
v -2.831643 -88.159936 -3.667780
v -2.159556 -82.448696 -3.705189
v -2.027348 -82.464468 -3.712575
v -3.326853 -88.081221 -3.640113
v -2.290599 -82.425108 -3.697867
v -17.301966 -50.446172 -2.858482
v -17.399331 -50.302468 -2.853039
v 0.355780 -80.751849 -3.845668
v 0.383205 -80.621359 -3.847196
v -0.042229 -81.588656 -3.823453
v 0.035390 -81.480311 -3.827786
v -0.412377 -81.970534 -3.802784
v -0.311520 -81.883480 -3.808416
v -24.255729 -52.326604 -2.470054
v -24.259705 -52.498590 -2.469836
v -21.712788 -56.079820 -2.612206
v -21.210933 -56.215532 -2.640246
v -21.875347 -56.019384 -2.603123
v -23.399714 -54.904781 -2.517937
v -23.286573 -55.036386 -2.524261
v -23.701389 -54.480788 -2.501074
v -24.243811 -52.847104 -2.470732
v -24.223973 -53.019631 -2.471844
v -24.259705 -52.500225 -2.469836
v -24.255730 -52.673847 -2.470062
v 5.042370 -84.304100 -4.107571
v 4.911103 -84.518061 -4.100243
v 5.284473 -83.864331 -4.121085
v 5.166868 -84.086119 -4.114520
v 5.594809 -83.178332 -4.138406
v 5.683756 -82.943539 -4.143369
v 6.123049 -80.988627 -4.167863
v 6.095150 -81.238193 -4.166310
v 6.155325 -80.487480 -4.169654
v 6.143114 -80.738307 -4.168978
v -0.335675 -88.082515 -3.807216
v -0.582700 -88.125551 -3.793417
v -1.496181 -82.448696 -3.742248
v -0.830952 -88.160801 -3.779549
v -1.080187 -88.188229 -3.765627
v -1.628389 -82.464468 -3.734863
v -2.582433 -88.187580 -3.681703
v -3.079865 -88.124471 -3.653913
v -17.851298 -49.776743 -2.827777
v -17.978729 -49.658967 -2.820655
v -17.503171 -50.163386 -2.847234
v -17.613269 -50.029218 -2.841080
v 0.355782 -79.694862 -3.845642
v 0.320687 -79.566228 -3.843678
v -0.126121 -81.692205 -3.818769
v -0.215990 -81.790595 -3.813751
v -9.341837 -82.937041 -3.303961
v -4.074363 -80.222384 -3.598164
v -24.243810 -52.153347 -2.470715
v -24.196257 -51.809385 -2.473363
v -24.223972 -51.980820 -2.471819
v -18.391445 -55.658033 -2.797744
v -18.249090 -55.558875 -2.805694
v -20.521940 -56.286995 -2.678738
v -20.348554 -56.285003 -2.688424
v -20.868074 -56.267099 -2.659401
v -20.695235 -56.281022 -2.669057
v -21.040094 -56.245253 -2.649790
v -23.167527 -55.162656 -2.530915
v -23.042827 -55.283328 -2.537884
v -23.506711 -54.768120 -2.511957
v 1.107194 -87.663684 -3.887812
v 0.872583 -87.752284 -3.874708
v 2.446245 -86.981676 -3.962602
v -1.365138 -82.425108 -3.749568
v -0.090120 -88.031734 -3.820933
v -1.330158 -88.207809 -3.751662
v -1.580620 -88.219522 -3.737670
v -1.761297 -82.472367 -3.727438
v -2.332478 -88.207376 -3.695667
v -1.894440 -82.472367 -3.720000
v -3.572364 -88.030229 -3.626397
v -3.816155 -87.971543 -3.612776
v -2.420016 -82.393786 -3.690637
v -2.290593 -78.021603 -3.697761
v -16.864229 -51.387935 -2.882959
v -16.918945 -51.223140 -2.879898
v -17.729393 -49.900247 -2.834590
v -18.111416 -49.547166 -2.813240
v -17.211282 -50.594196 -2.863551
v -1.496175 -77.998015 -3.742141
v 0.278046 -79.439902 -3.841293
v 0.228008 -79.316328 -3.838495
v 0.278044 -81.006809 -3.841331
v 0.320686 -80.880483 -3.843710
v 0.170745 -81.250771 -3.835343
v 0.228005 -81.130383 -3.838538
v -4.057988 -87.905222 -3.599264
v -24.117448 -51.471231 -2.477758
v -24.160725 -51.639403 -2.475344
v -20.002957 -48.743287 -2.707549
v -20.175432 -48.725398 -2.697913
v -19.661369 -48.802714 -2.726633
v -19.831483 -48.769077 -2.717129
v -22.912733 -55.398146 -2.545154
v -22.777521 -55.506870 -2.552711
v -23.607340 -54.626690 -2.506332
v 0.402138 -109.107631 -3.848942
v 0.390316 -108.974808 -3.848279
v -0.755825 -111.211326 -3.784303
v -0.641184 -111.143514 -3.790706
v 0.635311 -87.833466 -3.861455
v 6.015964 -81.734080 -4.161899
v 5.964756 -81.979913 -4.159044
v 6.059443 -81.486759 -4.164322
v -1.831325 -88.223355 -3.723665
v -2.082027 -88.219305 -3.709659
v -2.547354 -82.354840 -3.683522
v -2.794009 -82.254651 -3.669740
v -2.672164 -82.308407 -3.676548
v -16.981146 -51.061031 -2.876419
v -17.050703 -50.901949 -2.872529
v -18.249082 -49.441576 -2.805546
v -1.628383 -77.982243 -3.734755
v 0.106465 -81.367551 -3.831754
v -0.518206 -82.051451 -3.796873
v -4.070417 -80.090064 -3.598381
v -3.691121 -78.966400 -3.619543
v -3.762196 -79.079161 -3.615575
v -3.529610 -78.754506 -3.628561
v -3.613502 -78.858055 -3.623877
v -24.008045 -51.141728 -2.483862
v -24.066519 -51.305223 -2.480599
v -23.788656 -50.669731 -2.496107
v -23.868967 -50.823648 -2.491624
v -23.399707 -50.095670 -2.517822
v -23.506705 -50.232330 -2.511847
v -23.167520 -49.837795 -2.530786
v -23.286566 -49.964065 -2.524139
v 0.370658 -108.842919 -3.847177
v 0.402138 -109.374214 -3.848949
v 0.406083 -109.240923 -3.849166
v -0.424926 -110.988101 -3.802784
v -0.874276 -111.272218 -3.777687
v -4.082966 -109.374214 -3.598387
v -4.071143 -109.507037 -3.599051
v 0.395612 -87.907148 -3.848066
v 5.905870 -82.224014 -4.155760
v -3.027101 -82.125947 -3.656715
v -2.912460 -82.193759 -3.663121
v -3.976419 -80.880483 -3.603651
v -3.933777 -81.006809 -3.606037
v -17.127469 -50.746228 -2.868237
v -2.420010 -78.052925 -3.690532
v -1.761291 -77.974344 -3.727330
v -18.391437 -49.342418 -2.797591
v -18.538180 -49.249901 -2.789391
v -1.235715 -78.052925 -3.756693
v -1.365132 -78.021603 -3.749462
v -0.311516 -78.563231 -3.808336
v -0.412373 -78.476177 -3.802699
v -0.126117 -78.754506 -3.818698
v -0.215985 -78.656116 -3.813675
v 0.035394 -78.966400 -3.827726
v -0.042225 -78.858055 -3.823387
v 0.170748 -79.195940 -3.835293
v 0.106468 -79.079161 -3.831699
v -0.983573 -82.308407 -3.770882
v -0.861728 -82.254651 -3.777687
v -4.058594 -79.957241 -3.599038
v -4.011512 -79.694862 -3.601662
v -4.038936 -79.825352 -3.600133
v -3.826476 -79.195940 -3.611987
v -3.883736 -79.316328 -3.608791
v -3.344211 -78.563231 -3.638914
v -3.439741 -78.656116 -3.633579
v -3.137525 -78.395260 -3.650456
v -3.243354 -78.476177 -3.644546
v -9.622003 -81.973172 -3.288286
v -2.912454 -78.252952 -3.663027
v -3.027096 -78.320765 -3.656624
v -9.716264 -81.479937 -3.283008
v -2.794003 -78.192060 -3.669642
v -23.942148 -50.981091 -2.487539
v -23.607334 -50.373761 -2.506229
v -23.701384 -50.519663 -2.500979
v -22.492878 -49.295317 -2.568462
v -22.637466 -49.391180 -2.560387
v -22.191308 -49.123999 -2.585306
v -22.344055 -49.206194 -2.576774
v -21.040083 -48.755198 -2.649610
v -21.210923 -48.784919 -2.640067
v -20.521930 -48.713456 -2.678556
v -20.695225 -48.719429 -2.668875
v -20.348544 -48.715448 -2.688242
v -19.001619 -49.014069 -2.763495
v -19.162752 -48.949915 -2.754492
v 0.265498 -108.457469 -3.841293
v 0.215459 -108.333895 -3.838495
v 0.370657 -109.638926 -3.847196
v 0.390315 -109.507037 -3.848291
v -0.530755 -111.069018 -3.796873
v -1.248269 -111.411353 -3.756798
v -1.120931 -111.372407 -3.763910
v -1.508729 -111.466263 -3.742248
v -1.377686 -111.442675 -3.749568
v -3.626054 -110.606223 -3.623943
v -3.542163 -110.709772 -3.628632
v -3.896287 -110.147950 -3.608835
v -3.839027 -110.268338 -3.612037
v -3.988967 -109.898050 -3.603651
v -3.946326 -110.024376 -3.606037
v -4.051486 -109.638926 -3.600153
v -4.024061 -109.769416 -3.601688
v -4.086911 -109.240923 -3.598164
v -4.082965 -109.107631 -3.598381
v -4.086911 -109.239951 -3.598164
v -3.839025 -108.213507 -3.611987
v -3.896285 -108.333895 -3.608791
v -3.150073 -107.412827 -3.650456
v -2.806551 -107.209628 -3.669642
v -2.925003 -107.270519 -3.663027
v -3.137530 -82.051451 -3.650544
v -3.344215 -81.883480 -3.638994
v -3.243358 -81.970534 -3.644630
v -3.883739 -81.130383 -3.608835
v -4.070417 -80.356647 -3.598387
v -4.058595 -80.489470 -3.599051
v -2.027342 -77.982243 -3.712467
v -2.159550 -77.998015 -3.705081
v -1.894434 -77.974344 -3.719892
v -1.108377 -78.091871 -3.763808
v -0.861723 -78.192060 -3.777590
v -0.983567 -78.138304 -3.770781
v -0.628630 -78.320765 -3.790614
v -0.743272 -78.252952 -3.784208
v -0.743277 -82.193759 -3.784303
v -0.628635 -82.125947 -3.790706
v -1.108383 -82.354840 -3.763910
v -3.933775 -79.439902 -3.605999
v -3.976417 -79.566228 -3.603620
v -9.497030 -82.459512 -3.295279
v -9.563328 -82.217325 -3.291570
v -9.672999 -81.727296 -3.285431
v -9.779439 -80.981750 -3.279467
v -2.672158 -78.138304 -3.676448
v -22.912726 -49.602305 -2.545015
v -23.042819 -49.717123 -2.537750
v -22.777513 -49.493581 -2.552566
v -22.034960 -49.048904 -2.594038
v -21.712779 -48.920631 -2.612034
v -21.875338 -48.981067 -2.602954
v -20.868064 -48.733352 -2.659219
v -19.326652 -48.893228 -2.745335
v -19.492974 -48.844127 -2.736042
v -18.843593 -49.085553 -2.772325
v 0.308139 -108.583795 -3.843678
v 0.158200 -108.213507 -3.835293
v 0.343234 -108.712429 -3.845642
v 0.093917 -110.385118 -3.831754
v 0.158197 -110.268338 -3.835343
v -0.228538 -110.808162 -3.813751
v -0.138669 -110.709772 -3.818769
v -0.996121 -111.325974 -3.770882
v -1.773846 -111.489934 -3.727438
v -1.640937 -111.482035 -3.734863
v -3.703673 -110.497878 -3.619604
v -3.774747 -110.385118 -3.615631
v -4.071143 -108.974808 -3.599038
v -3.988965 -108.583795 -3.603620
v -4.024060 -108.712429 -3.601662
v -3.946323 -108.457469 -3.605999
v -3.039644 -107.338332 -3.656624
v -1.906982 -106.991911 -3.719892
v -2.039891 -106.999810 -3.712467
v -0.874271 -107.209628 -3.777590
v -0.996115 -107.155871 -3.770781
v 0.153722 -87.973260 -3.834554
v -3.826479 -81.250771 -3.612037
v -3.762199 -81.367551 -3.615631
v -4.011513 -80.751849 -3.601688
v -4.038937 -80.621359 -3.600153
v -0.518201 -78.395260 -3.796785
v -9.423176 -82.699497 -3.299411
v -9.751755 -81.231340 -3.281019
v -9.799288 -80.731413 -3.278352
v -2.547348 -78.091871 -3.683419
v -21.380221 -48.822453 -2.630610
v -21.547624 -48.867722 -2.621259
v -18.689005 -49.164219 -2.780963
v 0.308137 -109.898050 -3.843710
v 0.343232 -109.769416 -3.845668
v 0.215457 -110.147950 -3.838538
v -0.054777 -110.606223 -3.823453
v -2.172104 -111.466263 -3.705189
v -2.039897 -111.482035 -3.712575
v -2.432565 -111.411353 -3.690637
v -2.303147 -111.442675 -3.697867
v -2.684712 -111.325974 -3.676548
v -2.559902 -111.372407 -3.683522
v -3.452294 -110.808162 -3.633655
v -3.356764 -110.901047 -3.638994
v -4.051485 -108.842919 -3.600133
v -3.626050 -107.875622 -3.623877
v -3.703670 -107.983967 -3.619543
v -3.255902 -107.493744 -3.644546
v -3.356759 -107.580798 -3.638914
v -2.432559 -107.070493 -3.690532
v -2.559896 -107.109438 -3.683419
v -2.172098 -107.015582 -3.705081
v -2.303141 -107.039171 -3.697761
v -1.773840 -106.991911 -3.727330
v -1.508723 -107.015582 -3.742141
v -1.640931 -106.999810 -3.734755
v -1.120926 -107.109438 -3.763808
v -1.248263 -107.070493 -3.756693
v -9.811282 -80.480575 -3.277676
v 0.265496 -110.024376 -3.841331
v 0.022842 -110.497878 -3.827786
v -2.806557 -111.272218 -3.669740
v -3.039649 -111.143514 -3.656715
v -2.925008 -111.211326 -3.663121
v -3.255907 -110.988101 -3.644630
v -3.774744 -108.096728 -3.615575
v -3.452290 -107.673683 -3.633579
v -3.542159 -107.772073 -3.628561
v -2.684707 -107.155871 -3.676448
v -1.377681 -107.039171 -3.749462
v -0.324064 -107.580798 -3.808336
v -0.424921 -107.493744 -3.802699
v -0.054774 -107.875622 -3.823387
v -0.138665 -107.772073 -3.818698
v -3.529614 -81.692205 -3.628632
v -3.439746 -81.790595 -3.633655
v -3.691125 -81.480311 -3.619604
v -3.613506 -81.588656 -3.623943
v -1.906988 -111.489934 -3.720000
v -3.150078 -111.069018 -3.650544
v -0.641179 -107.338332 -3.790614
v -0.755820 -107.270519 -3.784208
v -0.530750 -107.412827 -3.796785
v -0.228534 -107.673683 -3.813675
v -0.324069 -110.901047 -3.808416
v -3.047921 -109.241372 15.000000
v -3.043963 -109.374663 15.000000
v -3.032103 -109.507487 15.000000
v -3.012384 -109.639375 15.000000
v -2.984874 -109.769866 15.000000
v -2.949670 -109.898500 15.000000
v -2.906895 -110.024826 15.000000
v -2.856701 -110.148400 15.000000
v -2.799262 -110.268788 15.000000
v -2.734781 -110.385567 15.000000
v -2.663485 -110.498328 15.000000
v -2.585623 -110.606673 15.000000
v -2.501470 -110.710222 15.000000
v -2.411321 -110.808613 15.000000
v -2.315492 -110.901498 15.000000
v -2.214321 -110.988552 15.000000
v -2.108161 -111.069469 15.000000
v -1.997388 -111.143964 15.000000
v -1.882389 -111.211777 15.000000
v -1.763568 -111.272669 15.000000
v -1.641343 -111.326425 15.000000
v -1.516143 -111.372858 15.000000
v -1.388408 -111.411804 15.000000
v -1.258587 -111.443126 15.000000
v -1.127135 -111.466715 15.000000
v -0.994515 -111.482487 15.000000
v -0.861191 -111.490387 15.000000
v -0.727633 -111.490387 15.000000
v -0.594310 -111.482487 15.000000
v -0.461690 -111.466716 15.000000
v -0.330238 -111.443128 15.000000
v -0.200416 -111.411806 15.000000
v -0.072682 -111.372860 15.000000
v 0.052518 -111.326428 15.000000
v 0.174743 -111.272671 15.000000
v 0.293564 -111.211780 15.000000
v 0.408563 -111.143968 15.000000
v 0.519337 -111.069472 15.000000
v 0.625496 -110.988556 15.000000
v 0.726667 -110.901502 15.000000
v 0.822496 -110.808617 15.000000
v 0.912646 -110.710227 15.000000
v 0.996799 -110.606678 15.000000
v 1.074660 -110.498333 15.000000
v 1.145957 -110.385573 15.000000
v 1.210437 -110.268793 15.000000
v 1.267876 -110.148405 15.000000
v 1.318071 -110.024831 15.000000
v 1.360845 -109.898506 15.000000
v 1.396049 -109.769871 15.000000
v 1.423559 -109.639381 15.000000
v 1.443279 -109.507493 15.000000
v 1.455138 -109.374669 15.000000
v 1.459096 -109.241378 15.000000
v 1.455138 -109.108087 15.000000
v 1.443279 -108.975263 15.000000
v 1.423559 -108.843375 15.000000
v 1.396049 -108.712884 15.000000
v 1.360845 -108.584250 15.000000
v 1.318071 -108.457924 15.000000
v 1.267876 -108.334350 15.000000
v 1.210437 -108.213962 15.000000
v 1.145957 -108.097183 15.000000
v 1.074660 -107.984422 15.000000
v 0.996799 -107.876077 15.000000
v 0.912646 -107.772527 15.000000
v 0.822496 -107.674137 15.000000
v 0.726667 -107.581252 15.000000
v 0.625496 -107.494198 15.000000
v 0.519337 -107.413281 15.000000
v 0.408563 -107.338786 15.000000
v 0.293564 -107.270973 15.000000
v 0.174743 -107.210081 15.000000
v 0.052518 -107.156324 15.000000
v -0.072682 -107.109892 15.000000
v -0.200416 -107.070946 15.000000
v -0.330238 -107.039623 15.000000
v -0.461690 -107.016035 15.000000
v -0.594310 -107.000263 15.000000
v -0.727633 -106.992363 15.000000
v -0.861191 -106.992363 15.000000
v -0.994515 -107.000263 15.000000
v -1.127135 -107.016034 15.000000
v -1.258587 -107.039622 15.000000
v -1.388408 -107.070944 15.000000
v -1.516143 -107.109890 15.000000
v -1.641343 -107.156322 15.000000
v -1.763568 -107.210079 15.000000
v -1.882389 -107.270970 15.000000
v -1.997388 -107.338782 15.000000
v -2.108161 -107.413278 15.000000
v -2.214321 -107.494194 15.000000
v -2.315492 -107.581248 15.000000
v -2.411321 -107.674133 15.000000
v -2.501470 -107.772523 15.000000
v -2.585623 -107.876072 15.000000
v -2.663485 -107.984417 15.000000
v -2.734781 -108.097177 15.000000
v -2.799262 -108.213956 15.000000
v -2.856701 -108.334344 15.000000
v -2.906895 -108.457918 15.000000
v -2.949670 -108.584244 15.000000
v -2.984874 -108.712878 15.000000
v -3.012384 -108.843369 15.000000
v -3.032103 -108.975257 15.000000
v -3.043963 -109.108081 15.000000
v -3.047920 -109.240400 15.000000
v -9.146070 -80.229773 8.703879
v -9.142532 -80.481257 8.703675
v -9.131103 -80.732505 8.703031
v -9.111794 -80.983269 8.701946
v -9.084624 -81.233301 8.700422
v -9.049620 -81.482354 8.698460
v -9.006816 -81.730182 8.696063
v -8.956256 -81.976540 8.693233
v -8.897988 -82.221185 8.689972
v -8.832071 -82.463874 8.686283
v -8.758569 -82.704367 8.682171
v -8.677556 -82.942428 8.677640
v -8.589110 -83.177821 8.672693
v -8.493321 -83.410312 8.667336
v -8.390282 -83.639673 8.661574
v -8.280095 -83.865676 8.655413
v -8.162870 -84.088099 8.648859
v -8.038721 -84.306721 8.641918
v -7.907772 -84.521326 8.634598
v -7.770153 -84.731703 8.626904
v -7.625998 -84.937643 8.618846
v -7.475451 -85.138942 8.610431
v -7.318661 -85.335402 8.601667
v -7.155782 -85.526829 8.592563
v -6.986976 -85.713033 8.583128
v -6.812408 -85.893830 8.573372
v -6.632253 -86.069042 8.563303
v -6.446687 -86.238496 8.552932
v -6.255895 -86.402023 8.542270
v -6.060064 -86.559463 8.531326
v -5.859389 -86.710659 8.520111
v -5.654068 -86.855463 8.508637
v -5.444303 -86.993731 8.496916
v -5.230303 -87.125326 8.484957
v -5.012277 -87.250119 8.472774
v -4.790443 -87.367986 8.460379
v -4.565020 -87.478811 8.447782
v -4.336229 -87.582483 8.434999
v -4.104297 -87.678901 8.422039
v -3.869454 -87.767970 8.408918
v -3.631932 -87.849600 8.395646
v -3.391965 -87.923712 8.382239
v -3.149790 -87.990233 8.368708
v -2.905647 -88.049096 8.355068
v -2.659777 -88.100243 8.341331
v -2.412424 -88.143625 8.327511
v -2.163831 -88.179197 8.313623
v -1.914245 -88.206925 8.299679
v -1.663912 -88.226781 8.285693
v -1.413079 -88.238747 8.271680
v -1.161994 -88.242809 8.257653
v -0.910907 -88.238964 8.243626
v -0.660064 -88.227215 8.229613
v -0.409713 -88.207576 8.215628
v -0.160103 -88.180063 8.201684
v 0.088520 -88.144706 8.187795
v 0.335911 -88.101539 8.173976
v 0.581825 -88.050604 8.160239
v 0.826019 -87.991952 8.146599
v 1.068251 -87.925641 8.133068
v 1.308282 -87.851737 8.119660
v 1.545875 -87.770311 8.106389
v 1.780795 -87.681446 8.093267
v 2.012810 -87.585229 8.080308
v 2.241690 -87.481754 8.067524
v 2.467210 -87.371125 8.054928
v 2.689146 -87.253450 8.042532
v 2.907279 -87.128845 8.030349
v 3.121393 -86.997435 8.018391
v 3.331277 -86.859349 8.006669
v 3.536724 -86.714723 7.995195
v 3.737529 -86.563700 7.983981
v 3.933496 -86.406430 7.973037
v 4.124430 -86.243067 7.962374
v 4.310142 -86.073774 7.952004
v 4.490449 -85.898718 7.941935
v 4.665172 -85.718072 7.932178
v 4.834140 -85.532014 7.922743
v 4.997184 -85.340728 7.913640
v 5.154145 -85.144404 7.904876
v 5.304865 -84.943234 7.896460
v 5.449198 -84.737419 7.888402
v 5.587000 -84.527162 7.880709
v 5.718134 -84.312670 7.873388
v 5.842472 -84.094155 7.866448
v 5.959889 -83.871834 7.859893
v 6.070272 -83.645926 7.853732
v 6.173509 -83.416655 7.847970
v 6.269499 -83.184246 7.842614
v 6.358148 -82.948930 7.837667
v 6.439367 -82.710939 7.833135
v 6.513077 -82.470509 7.829023
v 6.579204 -82.227878 7.825335
v 6.637683 -81.983284 7.822074
v 6.688457 -81.736970 7.819243
v 6.731475 -81.489179 7.816846
v 6.766694 -81.240156 7.814885
v 6.794080 -80.990147 7.813361
v 6.813606 -80.739400 7.812276
v 6.825253 -80.488162 7.811631
v 6.829008 -80.236681 7.811428
v 6.824664 -80.487769 7.811664
v 6.812453 -80.738597 7.812340
v 6.792388 -80.988917 7.813455
v 6.764489 -81.238483 7.815008
v 6.728782 -81.487049 7.816997
v 6.685303 -81.734370 7.819420
v 6.634095 -81.980202 7.822274
v 6.575208 -82.224304 7.825558
v 6.508701 -82.466434 7.829268
v 6.434639 -82.706354 7.833400
v 6.353095 -82.943828 7.837949
v 6.264148 -83.178621 7.842913
v 6.167888 -83.410503 7.848285
v 6.064409 -83.639244 7.854060
v 5.953812 -83.864620 7.860233
v 5.836207 -84.086408 7.866798
v 5.711709 -84.304390 7.873748
v 5.580442 -84.518351 7.881076
v 5.442534 -84.728079 7.888775
v 5.298122 -84.933370 7.896837
v 5.147347 -85.134019 7.905256
v 4.990359 -85.329830 7.914021
v 4.827312 -85.520609 7.923125
v 4.658366 -85.706169 7.932559
v 4.483689 -85.886326 7.942313
v 4.303452 -86.060904 7.952378
v 4.117833 -86.229730 7.962743
v 3.927015 -86.392637 7.973399
v 3.731186 -86.549466 7.984336
v 3.530538 -86.700061 7.995541
v 3.325270 -86.844275 8.007005
v 3.115584 -86.981965 8.018716
v 2.901686 -87.112996 8.030662
v 2.683787 -87.237237 8.042832
v 2.462102 -87.354568 8.055214
v 2.236850 -87.464872 8.067795
v 2.008251 -87.568041 8.080563
v 1.776533 -87.663973 8.093506
v 1.541922 -87.752573 8.106610
v 1.304650 -87.833755 8.119864
v 1.064951 -87.907438 8.133253
v 0.823061 -87.973549 8.146764
v 0.579219 -88.032024 8.160385
v 0.333664 -88.082804 8.174102
v 0.086639 -88.125841 8.187901
v -0.161613 -88.161090 8.201769
v -0.410848 -88.188519 8.215692
v -0.660819 -88.208099 8.229656
v -0.911281 -88.219811 8.243648
v -1.161986 -88.223644 8.257653
v -1.412688 -88.219594 8.271659
v -1.663140 -88.207665 8.285651
v -1.913094 -88.187869 8.299615
v -2.162304 -88.160225 8.313538
v -2.410526 -88.124761 8.327406
v -2.657514 -88.081511 8.341205
v -2.903025 -88.030518 8.354921
v -3.146817 -87.971832 8.368542
v -3.388649 -87.905512 8.382054
v -3.628284 -87.831622 8.395443
v -3.865486 -87.750235 8.408696
v -4.100020 -87.661432 8.421801
v -4.331656 -87.565300 8.434743
v -4.560164 -87.461933 8.447512
v -4.785322 -87.351434 8.460093
v -5.006905 -87.233912 8.472474
v -5.224696 -87.109481 8.484644
v -5.438480 -86.978266 8.496591
v -5.648048 -86.840395 8.508301
v -5.853191 -86.696004 8.519765
v -6.053708 -86.545235 8.530971
v -6.249402 -86.388237 8.541907
v -6.440079 -86.225164 8.552563
v -6.625552 -86.056178 8.562929
v -6.805638 -85.881445 8.572994
v -6.980159 -85.701136 8.582748
v -7.148944 -85.515430 8.592181
v -7.311826 -85.324510 8.601285
v -7.468645 -85.128563 8.610051
v -7.619246 -84.927784 8.618469
v -7.763480 -84.722369 8.626532
v -7.901207 -84.512521 8.634231
v -8.032289 -84.298446 8.641559
v -8.156598 -84.080357 8.648509
v -8.274011 -83.858468 8.655074
v -8.384413 -83.632996 8.661247
v -8.487695 -83.404165 8.667022
v -8.583755 -83.172201 8.672394
v -8.672498 -82.937330 8.677357
v -8.753837 -82.699786 8.681907
v -8.827691 -82.459802 8.686039
v -8.893989 -82.217614 8.689748
v -8.952665 -81.973462 8.693032
v -9.003660 -81.727585 8.695887
v -9.046925 -81.480227 8.698310
v -9.082417 -81.231630 8.700299
v -9.110100 -80.982040 8.701851
v -9.129949 -80.731702 8.702966
v -9.141943 -80.480865 8.703642
v -23.618940 -52.500503 9.000000
v -23.614952 -52.674124 9.000000
v -23.602996 -52.847381 9.000000
v -23.583096 -53.019908 9.000000
v -23.555295 -53.191343 9.000000
v -23.519652 -53.361326 9.000000
v -23.476241 -53.529497 9.000000
v -23.425153 -53.695505 9.000000
v -23.366496 -53.859000 9.000000
v -23.300394 -54.019638 9.000000
v -23.226985 -54.177081 9.000000
v -23.146423 -54.330998 9.000000
v -23.058879 -54.481066 9.000000
v -22.964536 -54.626968 9.000000
v -22.863593 -54.768399 9.000000
v -22.756262 -54.905060 9.000000
v -22.642768 -55.036664 9.000000
v -22.523350 -55.162935 9.000000
v -22.398260 -55.283606 9.000000
v -22.267761 -55.398425 9.000000
v -22.132126 -55.507149 9.000000
v -21.991642 -55.609551 9.000000
v -21.846604 -55.705414 9.000000
v -21.697316 -55.794537 9.000000
v -21.544093 -55.876732 9.000000
v -21.387256 -55.951827 9.000000
v -21.227136 -56.019665 9.000000
v -21.064070 -56.080101 9.000000
v -20.898400 -56.133009 9.000000
v -20.730475 -56.178278 9.000000
v -20.560648 -56.215813 9.000000
v -20.389276 -56.245535 9.000000
v -20.216719 -56.267380 9.000000
v -20.043340 -56.281304 9.000000
v -19.869505 -56.287277 9.000000
v -19.695578 -56.285286 9.000000
v -19.521926 -56.275335 9.000000
v -19.348912 -56.257446 9.000000
v -19.176903 -56.231657 9.000000
v -19.006258 -56.198020 9.000000
v -18.837338 -56.156608 9.000000
v -18.670496 -56.107507 9.000000
v -18.506085 -56.050820 9.000000
v -18.344449 -55.986667 9.000000
v -18.185930 -55.915182 9.000000
v -18.030859 -55.836516 9.000000
v -17.879564 -55.750835 9.000000
v -17.732362 -55.658318 9.000000
v -17.589563 -55.559160 9.000000
v -17.451467 -55.453570 9.000000
v -17.318365 -55.341769 9.000000
v -17.190537 -55.223994 9.000000
v -17.068251 -55.100490 9.000000
v -16.951765 -54.971519 9.000000
v -16.841323 -54.837352 9.000000
v -16.737158 -54.698269 9.000000
v -16.639490 -54.554565 9.000000
v -16.548522 -54.406542 9.000000
v -16.464447 -54.254510 9.000000
v -16.387442 -54.098789 9.000000
v -16.317668 -53.939707 9.000000
v -16.255272 -53.777598 9.000000
v -16.200385 -53.612803 9.000000
v -16.153123 -53.445670 9.000000
v -16.113585 -53.276548 9.000000
v -16.081855 -53.105795 9.000000
v -16.057999 -52.933769 9.000000
v -16.042066 -52.760831 9.000000
v -16.034092 -52.587347 9.000000
v -16.034092 -52.413679 9.000000
v -16.042066 -52.240194 9.000000
v -16.057999 -52.067257 9.000000
v -16.081855 -51.895230 9.000000
v -16.113585 -51.724477 9.000000
v -16.153123 -51.555355 9.000000
v -16.200385 -51.388222 9.000000
v -16.255272 -51.223427 9.000000
v -16.317668 -51.061318 9.000000
v -16.387442 -50.902236 9.000000
v -16.464447 -50.746515 9.000000
v -16.548522 -50.594482 9.000000
v -16.639490 -50.446458 9.000000
v -16.737158 -50.302754 9.000000
v -16.841323 -50.163672 9.000000
v -16.951765 -50.029504 9.000000
v -17.068251 -49.900532 9.000000
v -17.190537 -49.777029 9.000000
v -17.318365 -49.659253 9.000000
v -17.451467 -49.547452 9.000000
v -17.589563 -49.441861 9.000000
v -17.732362 -49.342703 9.000000
v -17.879564 -49.250186 9.000000
v -18.030859 -49.164504 9.000000
v -18.185930 -49.085838 9.000000
v -18.344449 -49.014353 9.000000
v -18.506085 -48.950199 9.000000
v -18.670496 -48.893512 9.000000
v -18.837338 -48.844410 9.000000
v -19.006258 -48.802997 9.000000
v -19.176903 -48.769360 9.000000
v -19.348912 -48.743570 9.000000
v -19.521926 -48.725681 9.000000
v -19.695578 -48.715730 9.000000
v -19.869505 -48.713739 9.000000
v -20.043340 -48.719711 9.000000
v -20.216719 -48.733634 9.000000
v -20.389276 -48.755479 9.000000
v -20.560648 -48.785200 9.000000
v -20.730475 -48.822734 9.000000
v -20.898400 -48.868003 9.000000
v -21.064070 -48.920911 9.000000
v -21.227136 -48.981347 9.000000
v -21.387256 -49.049184 9.000000
v -21.544093 -49.124279 9.000000
v -21.697316 -49.206474 9.000000
v -21.846604 -49.295596 9.000000
v -21.991642 -49.391459 9.000000
v -22.132126 -49.493860 9.000000
v -22.267761 -49.602584 9.000000
v -22.398260 -49.717402 9.000000
v -22.523350 -49.838073 9.000000
v -22.642768 -49.964344 9.000000
v -22.756262 -50.095948 9.000000
v -22.863593 -50.232609 9.000000
v -22.964536 -50.374039 9.000000
v -23.058879 -50.519941 9.000000
v -23.146423 -50.670008 9.000000
v -23.226985 -50.823925 9.000000
v -23.300394 -50.981368 9.000000
v -23.366496 -51.142006 9.000000
v -23.425153 -51.305500 9.000000
v -23.476241 -51.471508 9.000000
v -23.519652 -51.639680 9.000000
v -23.555295 -51.809662 9.000000
v -23.583096 -51.981097 9.000000
v -23.602996 -52.153624 9.000000
v -23.614952 -52.326881 9.000000
v -23.618940 -52.498867 9.000000
v -3.046271 -80.357090 14.734060
v -3.034449 -80.489913 14.733396
v -3.014791 -80.621802 14.732295
v -2.987367 -80.752292 14.730760
v -2.952272 -80.880926 14.728796
v -2.909631 -81.007252 14.726411
v -2.859593 -81.130826 14.723612
v -2.802333 -81.251214 14.720411
v -2.738053 -81.367993 14.716817
v -2.666979 -81.480754 14.712843
v -2.589360 -81.589099 14.708505
v -2.505468 -81.692648 14.703816
v -2.415600 -81.791038 14.698793
v -2.320069 -81.883923 14.693454
v -2.219212 -81.970977 14.687817
v -2.113384 -82.051894 14.681903
v -2.002955 -82.126389 14.675732
v -1.888313 -82.194202 14.669326
v -1.769862 -82.255094 14.662707
v -1.648018 -82.308850 14.655899
v -1.523208 -82.355283 14.648925
v -1.395870 -82.394228 14.641811
v -1.266453 -82.425551 14.634580
v -1.135410 -82.449139 14.627259
v -1.003202 -82.464911 14.619872
v -0.870294 -82.472810 14.612447
v -0.737151 -82.472810 14.605009
v -0.604243 -82.464911 14.597584
v -0.472035 -82.449139 14.590199
v -0.340992 -82.425551 14.582879
v -0.211575 -82.394228 14.575650
v -0.084237 -82.355283 14.568537
v 0.040573 -82.308850 14.561565
v 0.162418 -82.255094 14.554760
v 0.280869 -82.194202 14.548144
v 0.395511 -82.126389 14.541741
v 0.505940 -82.051894 14.535574
v 0.611769 -81.970977 14.529664
v 0.712626 -81.883923 14.524031
v 0.808156 -81.791038 14.518697
v 0.898025 -81.692648 14.513679
v 0.981917 -81.589099 14.508994
v 1.059536 -81.480754 14.504661
v 1.130611 -81.367993 14.500693
v 1.194891 -81.251214 14.497105
v 1.252151 -81.130826 14.493909
v 1.302190 -81.007252 14.491116
v 1.344832 -80.880926 14.488737
v 1.379927 -80.752292 14.486780
v 1.407351 -80.621802 14.485251
v 1.427009 -80.489913 14.484156
v 1.087946 -80.234199 8.132153
v 1.438832 -80.357090 14.483499
v 1.442753 -80.234352 14.483283
v 1.087970 -80.223645 8.132152
v 1.084025 -80.090354 8.132376
v 1.072203 -79.957530 8.133040
v 1.052545 -79.825642 8.134141
v 1.025121 -79.695151 8.135676
v 0.990026 -79.566517 8.137640
v 0.947385 -79.440191 8.140025
v 0.897347 -79.316617 8.142823
v 0.840087 -79.196229 8.146025
v 0.775807 -79.079450 8.149619
v 0.704733 -78.966690 8.153592
v 0.627113 -78.858345 8.157931
v 0.543222 -78.754795 8.162620
v 0.453353 -78.656405 8.167643
v 0.357823 -78.563520 8.172982
v 0.256966 -78.476466 8.178619
v 0.151138 -78.395550 8.184533
v 0.040709 -78.321054 8.190704
v -0.073933 -78.253241 8.197110
v -0.192384 -78.192350 8.203729
v -0.314228 -78.138593 8.210537
v -0.439038 -78.092161 8.217510
v -0.566376 -78.053215 8.224625
v -0.695793 -78.021893 8.231856
v -0.826836 -77.998305 8.239177
v -0.959044 -77.982533 8.246563
v -1.091952 -77.974633 8.253988
v -1.225095 -77.974633 8.261426
v -1.358003 -77.982533 8.268851
v -1.490211 -77.998305 8.276237
v -1.621254 -78.021893 8.283557
v -1.750672 -78.053215 8.290786
v -1.878009 -78.092161 8.297899
v -2.002819 -78.138593 8.304870
v -2.124664 -78.192350 8.311676
v -2.243115 -78.253241 8.318292
v -2.357757 -78.321054 8.324695
v -2.468186 -78.395550 8.330862
v -2.574015 -78.476466 8.336772
v -2.674872 -78.563520 8.342404
v -2.770403 -78.656405 8.347739
v -2.860272 -78.754795 8.352757
v -2.944163 -78.858345 8.357441
v -3.021782 -78.966690 8.361775
v -3.092857 -79.079450 8.365743
v -3.157137 -79.196229 8.369331
v -3.214397 -79.316617 8.372527
v -3.264436 -79.440191 8.375319
v -3.307078 -79.566517 8.377698
v -3.342173 -79.695151 8.379656
v -3.369597 -79.825642 8.381185
v -3.389256 -79.957530 8.382280
v -3.405024 -80.223645 8.383154
v -3.401078 -80.090354 8.382937
v -3.405007 -80.232256 8.383153
v -3.050200 -80.232409 14.734282
v -3.046280 -80.376254 14.734060
v -3.050225 -80.242963 14.734283
v -3.035381 -80.242969 15.000000
v -3.034457 -80.509077 14.733396
v -3.031423 -80.376261 15.000000
v -3.014800 -80.640966 14.732295
v -3.019563 -80.509084 15.000000
v -2.987375 -80.771456 14.730760
v -2.999844 -80.640972 15.000000
v -2.952281 -80.900091 14.728796
v -2.972334 -80.771463 15.000000
v -2.909639 -81.026417 14.726411
v -2.937130 -80.900097 15.000000
v -2.859601 -81.149991 14.723612
v -2.894355 -81.026423 15.000000
v -2.802341 -81.270379 14.720411
v -2.844161 -81.149997 15.000000
v -2.738061 -81.387158 14.716817
v -2.786722 -81.270385 15.000000
v -2.666987 -81.499918 14.712843
v -2.722241 -81.387165 15.000000
v -2.589368 -81.608263 14.708505
v -2.650945 -81.499925 15.000000
v -2.505477 -81.711813 14.703816
v -2.573083 -81.608270 15.000000
v -2.415608 -81.810203 14.698793
v -2.488930 -81.711820 15.000000
v -2.320077 -81.903088 14.693454
v -2.398781 -81.810210 15.000000
v -2.219221 -81.990142 14.687817
v -2.302952 -81.903095 15.000000
v -2.113392 -82.071058 14.681903
v -2.201781 -81.990149 15.000000
v -2.002963 -82.145554 14.675732
v -2.095621 -82.071066 15.000000
v -1.888322 -82.213366 14.669326
v -1.984848 -82.145562 15.000000
v -1.769871 -82.274258 14.662707
v -1.869849 -82.213374 15.000000
v -1.648026 -82.328014 14.655899
v -1.751028 -82.274266 15.000000
v -1.523216 -82.374447 14.648925
v -1.628803 -82.328023 15.000000
v -1.395879 -82.413393 14.641811
v -1.503603 -82.374456 15.000000
v -1.266461 -82.444715 14.634580
v -1.375868 -82.413402 15.000000
v -1.135418 -82.468303 14.627259
v -1.246047 -82.444724 15.000000
v -1.003211 -82.484075 14.619872
v -1.114595 -82.468312 15.000000
v -0.870302 -82.491975 14.612447
v -0.981975 -82.484084 15.000000
v -0.737160 -82.491975 14.605009
v -0.848651 -82.491984 15.000000
v -0.604251 -82.484075 14.597584
v -0.715093 -82.491984 15.000000
v -0.472043 -82.468303 14.590199
v -0.581770 -82.484085 15.000000
v -0.341000 -82.444715 14.582879
v -0.449150 -82.468313 15.000000
v -0.211583 -82.413393 14.575650
v -0.317698 -82.444725 15.000000
v -0.084245 -82.374447 14.568537
v -0.187876 -82.413403 15.000000
v 0.040565 -82.328014 14.561565
v -0.060142 -82.374458 15.000000
v 0.162410 -82.274258 14.554760
v 0.065058 -82.328025 15.000000
v 0.280861 -82.213366 14.548144
v 0.187283 -82.274269 15.000000
v 0.395502 -82.145554 14.541741
v 0.306104 -82.213377 15.000000
v 0.505932 -82.071058 14.535574
v 0.421103 -82.145565 15.000000
v 0.611760 -81.990142 14.529664
v 0.531877 -82.071070 15.000000
v 0.712617 -81.903088 14.524031
v 0.638036 -81.990153 15.000000
v 0.808148 -81.810203 14.518697
v 0.739207 -81.903099 15.000000
v 0.898017 -81.711813 14.513679
v 0.835036 -81.810214 15.000000
v 0.981909 -81.608263 14.508994
v 0.925186 -81.711824 15.000000
v 1.059528 -81.499918 14.504661
v 1.009339 -81.608275 15.000000
v 1.130603 -81.387158 14.500693
v 1.087200 -81.499930 15.000000
v 1.194883 -81.270379 14.497105
v 1.158497 -81.387170 15.000000
v 1.252143 -81.149991 14.493909
v 1.222977 -81.270391 15.000000
v 1.302182 -81.026417 14.491116
v 1.280416 -81.150003 15.000000
v 1.344823 -80.900091 14.488737
v 1.330611 -81.026429 15.000000
v 1.379918 -80.771456 14.486780
v 1.373385 -80.900103 15.000000
v 1.407343 -80.640966 14.485251
v 1.408589 -80.771469 15.000000
v 1.427001 -80.509077 14.484156
v 1.436099 -80.640978 15.000000
v 1.438824 -80.376254 14.483499
v 1.455819 -80.509090 15.000000
v 1.442769 -80.242963 14.483281
v 1.467678 -80.376267 15.000000
v 1.471636 -80.242975 15.000000
v 1.467678 -80.109684 15.000000
v 1.084017 -80.109518 8.132376
v 1.455819 -79.976861 15.000000
v 1.072195 -79.976695 8.133040
v 1.436099 -79.844972 15.000000
v 1.052537 -79.844806 8.134141
v 1.408589 -79.714482 15.000000
v 1.025112 -79.714316 8.135676
v 1.373385 -79.585847 15.000000
v 0.990018 -79.585682 8.137640
v 1.330611 -79.459521 15.000000
v 0.947377 -79.459356 8.140025
v 1.280416 -79.335947 15.000000
v 0.897338 -79.335782 8.142823
v 1.222977 -79.215559 15.000000
v 0.840079 -79.215394 8.146025
v 1.158497 -79.098780 15.000000
v 0.775799 -79.098614 8.149619
v 1.087200 -78.986020 15.000000
v 0.704724 -78.985854 8.153592
v 1.009339 -78.877674 15.000000
v 0.627105 -78.877509 8.157931
v 0.925186 -78.774125 15.000000
v 0.543214 -78.773960 8.162620
v 0.835036 -78.675735 15.000000
v 0.453345 -78.675570 8.167643
v 0.739207 -78.582849 15.000000
v 0.357815 -78.582685 8.172982
v 0.638036 -78.495795 15.000000
v 0.256958 -78.495631 8.178619
v 0.531877 -78.414879 15.000000
v 0.151129 -78.414714 8.184533
v 0.421103 -78.340383 15.000000
v 0.040700 -78.340218 8.190704
v 0.306104 -78.272570 15.000000
v -0.073941 -78.272406 8.197110
v 0.187283 -78.211678 15.000000
v -0.192392 -78.211514 8.203729
v 0.065058 -78.157922 15.000000
v -0.314237 -78.157758 8.210537
v -0.060142 -78.111489 15.000000
v -0.439047 -78.111325 8.217510
v -0.187876 -78.072543 15.000000
v -0.566384 -78.072379 8.224625
v -0.317698 -78.041221 15.000000
v -0.695802 -78.041057 8.231856
v -0.449150 -78.017632 15.000000
v -0.826844 -78.017469 8.239177
v -0.581770 -78.001860 15.000000
v -0.959052 -78.001697 8.246563
v -0.715093 -77.993960 15.000000
v -1.091961 -77.993798 8.253988
v -0.848651 -77.993960 15.000000
v -1.225103 -77.993798 8.261426
v -0.981975 -78.001860 15.000000
v -1.358012 -78.001697 8.268851
v -1.114595 -78.017631 15.000000
v -1.490220 -78.017469 8.276237
v -1.246047 -78.041220 15.000000
v -1.621262 -78.041057 8.283557
v -1.375868 -78.072541 15.000000
v -1.750680 -78.072379 8.290786
v -1.503603 -78.111487 15.000000
v -1.878017 -78.111325 8.297899
v -1.628803 -78.157920 15.000000
v -2.002828 -78.157758 8.304870
v -1.751028 -78.211676 15.000000
v -2.124672 -78.211514 8.311676
v -1.869849 -78.272567 15.000000
v -2.243124 -78.272406 8.318292
v -1.984848 -78.340380 15.000000
v -2.357765 -78.340218 8.324695
v -2.095621 -78.414875 15.000000
v -2.468194 -78.414714 8.330862
v -2.201781 -78.495792 15.000000
v -2.574023 -78.495631 8.336772
v -2.302952 -78.582845 15.000000
v -2.674880 -78.582685 8.342404
v -2.398781 -78.675730 15.000000
v -2.770411 -78.675570 8.347739
v -2.488930 -78.774120 15.000000
v -2.860280 -78.773960 8.352757
v -2.573083 -78.877670 15.000000
v -2.944171 -78.877509 8.357441
v -2.650945 -78.986015 15.000000
v -3.021791 -78.985854 8.361775
v -2.722241 -79.098775 15.000000
v -3.092865 -79.098614 8.365743
v -2.786722 -79.215554 15.000000
v -3.157146 -79.215394 8.369331
v -2.844161 -79.335942 15.000000
v -3.214406 -79.335782 8.372527
v -2.894355 -79.459516 15.000000
v -3.264445 -79.459356 8.375319
v -2.937130 -79.585842 15.000000
v -3.307086 -79.585682 8.377698
v -2.972334 -79.714476 15.000000
v -3.342181 -79.714316 8.379656
v -2.999844 -79.844966 15.000000
v -3.369606 -79.844806 8.381185
v -3.019563 -79.976855 15.000000
v -3.389264 -79.976695 8.382280
v -3.031423 -80.109678 15.000000
v -3.401086 -80.109518 8.382937
v -3.035380 -80.241998 15.000000
v -7.804937 -76.372838 15.000000
v -9.298113 -48.364399 15.000000
v -9.190828 -48.639301 15.000000
v -9.116301 -56.157048 15.000000
v -9.218115 -56.434023 15.000000
v -8.784360 -55.024853 15.000000
v -8.855923 -55.311140 15.000000
v -8.575593 -53.863619 15.000000
v -8.616081 -54.155924 15.000000
v -8.998568 -49.197243 15.000000
v -8.913731 -49.479881 15.000000
v -9.090956 -48.916983 15.000000
v -9.327322 -56.708168 15.000000
v -9.021953 -55.877441 15.000000
v -8.935140 -55.595404 15.000000
v -8.664396 -54.447037 15.000000
v -8.535739 -51.507649 15.000000
v -8.513044 -51.801870 15.000000
v -8.604759 -50.921561 15.000000
v -8.566318 -51.214142 15.000000
v -8.766950 -50.051474 15.000000
v -8.705111 -50.340017 15.000000
v -8.720503 -54.736750 15.000000
v -8.542960 -53.570333 15.000000
v -8.651034 -50.630116 15.000000
v -9.412733 -48.092473 15.000000
v -9.663646 -47.558333 15.000000
v -9.534607 -47.823720 15.000000
v -9.942843 -47.038418 15.000000
v -9.799757 -47.296503 15.000000
v -10.412893 -46.288478 15.000000
v -10.249521 -46.534224 15.000000
v -8.518206 -53.276278 15.000000
v -8.836507 -49.764693 15.000000
v -10.092800 -46.784264 15.000000
v -9.443844 -56.979284 15.000000
v -9.567596 -57.247178 15.000000
v -8.492400 -52.686704 15.000000
v -8.501348 -52.981664 15.000000
v -8.498250 -52.096595 15.000000
v -8.491367 -52.391610 15.000000
v -10.941713 -45.578755 15.000000
v -10.759113 -45.810571 15.000000
v -13.887970 -61.966803 15.000000
v -14.143910 -62.113690 15.000000
v -10.582797 -46.047202 15.000000
v -14.934070 -62.512444 15.000000
v -7.898254 -76.547584 15.000000
v -14.403699 -62.253659 15.000000
v -13.388367 -61.652701 15.000000
v -13.636061 -61.813103 15.000000
v -9.836431 -57.772526 15.000000
v -9.981320 -58.029603 15.000000
v -14.667148 -62.386609 15.000000
v -12.906328 -61.312258 15.000000
v -13.145064 -61.485712 15.000000
v -12.000438 -60.556339 15.000000
v -12.219223 -60.754366 15.000000
v -10.628199 -59.016313 15.000000
v -10.806167 -59.251704 15.000000
v -9.698490 -57.511655 15.000000
v -28.020842 -59.446071 15.000000
v -28.204080 -59.214758 15.000000
v -27.636086 -59.893537 15.000000
v -27.831465 -59.672384 15.000000
v -27.227887 -60.319725 15.000000
v -27.434845 -60.109369 15.000000
v -26.797419 -60.723408 15.000000
v -27.015360 -60.524454 15.000000
v -15.204270 -62.631074 15.000000
v -15.477556 -62.742413 15.000000
v -12.672331 -61.132461 15.000000
v -12.443241 -60.946453 15.000000
v -10.990385 -59.482236 15.000000
v -10.133053 -58.282701 15.000000
v -10.291521 -58.531637 15.000000
v -29.672108 -56.664964 15.000000
v -29.780150 -56.390359 15.000000
v -26.345920 -61.103424 15.000000
v -26.574218 -60.916445 15.000000
v -25.874692 -61.458680 15.000000
v -26.112689 -61.284213 15.000000
v -24.090063 -62.493001 15.000000
v -24.356447 -62.366033 15.000000
v -15.753730 -62.846382 15.000000
v -16.032593 -62.942904 15.000000
v -11.579194 -60.143039 15.000000
v -11.787044 -60.352515 15.000000
v -10.456609 -58.776234 15.000000
v -29.880787 -56.112953 15.000000
v -29.304357 -57.470021 15.000000
v -29.434126 -57.204990 15.000000
v -29.023729 -57.989165 15.000000
v -29.167525 -57.731475 15.000000
v -24.878522 -62.090894 15.000000
v -25.133836 -61.942921 15.000000
v -24.619330 -62.231965 15.000000
v -19.514185 -63.500628 15.000000
v -19.809245 -63.496043 15.000000
v -18.629754 -63.466899 15.000000
v -18.924227 -63.486050 15.000000
v -11.180721 -59.707743 15.000000
v -11.377038 -59.928064 15.000000
v -7.808265 -84.068702 15.000000
v -29.556739 -56.936573 15.000000
v -28.381047 -58.978614 15.000000
v -28.551615 -58.737808 15.000000
v -25.385089 -61.788153 15.000000
v -25.632101 -61.626701 15.000000
v -20.104076 -63.483545 15.000000
v -19.219109 -63.497296 15.000000
v -11.325235 -45.130231 15.000000
v -11.130466 -45.351921 15.000000
v -12.384281 -44.104402 15.000000
v -12.161614 -44.298053 15.000000
v -12.844796 -43.735364 15.000000
v -12.612063 -43.916794 15.000000
v -30.059561 -55.550545 15.000000
v -30.137570 -55.265947 15.000000
v -28.715663 -58.492512 15.000000
v -28.873072 -58.242905 15.000000
v -23.547558 -62.725276 15.000000
v -23.820369 -62.612777 15.000000
v -22.993378 -62.928123 15.000000
v -23.271829 -62.830416 15.000000
v -22.429116 -63.100957 15.000000
v -22.712406 -63.018325 15.000000
v -22.143711 -63.175961 15.000000
v -21.276870 -63.354686 15.000000
v -21.567381 -63.302871 15.000000
v -16.313945 -63.031912 15.000000
v -16.597584 -63.113341 15.000000
v -11.525881 -44.913846 15.000000
v -11.944221 -44.497607 15.000000
v -11.732259 -44.702920 15.000000
v -29.973946 -55.832948 15.000000
v -21.856397 -63.243281 15.000000
v -20.692202 -63.434851 15.000000
v -20.985074 -63.398690 15.000000
v -20.398466 -63.463143 15.000000
v -18.042878 -63.404938 15.000000
v -18.335900 -63.439855 15.000000
v -17.170902 -63.253231 15.000000
v -17.460169 -63.311593 15.000000
v -16.883304 -63.187131 15.000000
v -30.207916 -54.979359 15.000000
v -30.270550 -54.690987 15.000000
v -17.750897 -63.362174 15.000000
v -7.901431 -83.893876 15.000000
v -8.011169 -83.673400 15.000000
v -8.008182 -76.767964 15.000000
v -8.111267 -76.991618 15.000000
v -8.114060 -83.449658 15.000000
v -8.207409 -77.218332 15.000000
v -8.210006 -83.222860 15.000000
v -8.296519 -77.447894 15.000000
v -8.298917 -82.993222 15.000000
v -8.378512 -77.680084 15.000000
v -8.380709 -82.760961 15.000000
v -8.453310 -77.914683 15.000000
v -8.455305 -82.526297 15.000000
v -8.520843 -78.151469 15.000000
v -8.522632 -82.289452 15.000000
v -8.581046 -78.390218 15.000000
v -8.582629 -82.050651 15.000000
v -8.633862 -78.630704 15.000000
v -8.635237 -81.810120 15.000000
v -8.679242 -78.872699 15.000000
v -8.680407 -81.568086 15.000000
v -8.717142 -79.115973 15.000000
v -8.718097 -81.324780 15.000000
v -8.747526 -79.360296 15.000000
v -8.748270 -81.080430 15.000000
v -8.770367 -79.605437 15.000000
v -8.770899 -80.835269 15.000000
v -8.785641 -79.851164 15.000000
v -8.785961 -80.589529 15.000000
v -8.793335 -80.097244 15.000000
v -8.793442 -80.343443 15.000000
v -30.325425 -54.401038 15.000000
v -12.844796 -43.735364 9.000000
v -12.612063 -43.916794 9.000000
v -12.384281 -44.104402 9.000000
v -12.161614 -44.298053 9.000000
v -11.944221 -44.497607 9.000000
v -11.732259 -44.702920 9.000000
v -11.525881 -44.913846 9.000000
v -11.325235 -45.130231 9.000000
v -11.130466 -45.351921 9.000000
v -10.941713 -45.578755 9.000000
v -10.759113 -45.810571 9.000000
v -10.582797 -46.047202 9.000000
v -10.412893 -46.288478 9.000000
v -10.249521 -46.534224 9.000000
v -10.092800 -46.784264 9.000000
v -9.942843 -47.038418 9.000000
v -9.799757 -47.296503 9.000000
v -9.663646 -47.558333 9.000000
v -9.534607 -47.823720 9.000000
v -9.412733 -48.092473 9.000000
v -9.298113 -48.364399 9.000000
v -9.190828 -48.639301 9.000000
v -9.090956 -48.916983 9.000000
v -8.998568 -49.197243 9.000000
v -8.913731 -49.479881 9.000000
v -8.836507 -49.764693 9.000000
v -8.766950 -50.051474 9.000000
v -8.705111 -50.340017 9.000000
v -8.651034 -50.630116 9.000000
v -8.604759 -50.921561 9.000000
v -8.566318 -51.214142 9.000000
v -8.535739 -51.507649 9.000000
v -8.513044 -51.801870 9.000000
v -8.498250 -52.096595 9.000000
v -8.491367 -52.391610 9.000000
v -8.492400 -52.686704 9.000000
v -8.501348 -52.981664 9.000000
v -8.518206 -53.276278 9.000000
v -8.542960 -53.570333 9.000000
v -8.575593 -53.863619 9.000000
v -8.616081 -54.155924 9.000000
v -8.664396 -54.447037 9.000000
v -8.720503 -54.736750 9.000000
v -8.784360 -55.024853 9.000000
v -8.855923 -55.311140 9.000000
v -8.935140 -55.595404 9.000000
v -9.021953 -55.877441 9.000000
v -9.116301 -56.157048 9.000000
v -9.218115 -56.434023 9.000000
v -9.327322 -56.708168 9.000000
v -9.443844 -56.979284 9.000000
v -9.567596 -57.247178 9.000000
v -9.698490 -57.511655 9.000000
v -9.836431 -57.772526 9.000000
v -9.981320 -58.029603 9.000000
v -10.133053 -58.282701 9.000000
v -10.291521 -58.531637 9.000000
v -10.456609 -58.776234 9.000000
v -10.628199 -59.016313 9.000000
v -10.806167 -59.251704 9.000000
v -10.990385 -59.482236 9.000000
v -11.180721 -59.707743 9.000000
v -11.377038 -59.928064 9.000000
v -11.579194 -60.143039 9.000000
v -11.787044 -60.352515 9.000000
v -12.000438 -60.556339 9.000000
v -12.219223 -60.754366 9.000000
v -12.443241 -60.946453 9.000000
v -12.672331 -61.132461 9.000000
v -12.906328 -61.312258 9.000000
v -13.145064 -61.485712 9.000000
v -13.388367 -61.652701 9.000000
v -13.636061 -61.813103 9.000000
v -13.887970 -61.966803 9.000000
v -14.143910 -62.113690 9.000000
v -14.403699 -62.253659 9.000000
v -14.667148 -62.386609 9.000000
v -14.934070 -62.512444 9.000000
v -15.204270 -62.631074 9.000000
v -15.477556 -62.742413 9.000000
v -15.753730 -62.846382 9.000000
v -16.032593 -62.942904 9.000000
v -16.313945 -63.031912 9.000000
v -16.597584 -63.113341 9.000000
v -16.883304 -63.187131 9.000000
v -17.170902 -63.253231 9.000000
v -17.460169 -63.311593 9.000000
v -17.750897 -63.362174 9.000000
v -18.042878 -63.404938 9.000000
v -18.335900 -63.439855 9.000000
v -18.629754 -63.466899 9.000000
v -18.924227 -63.486050 9.000000
v -19.219109 -63.497296 9.000000
v -19.514185 -63.500628 9.000000
v -19.809245 -63.496043 9.000000
v -20.104076 -63.483545 9.000000
v -20.398466 -63.463143 9.000000
v -20.692202 -63.434851 9.000000
v -20.985074 -63.398690 9.000000
v -21.276870 -63.354686 9.000000
v -21.567381 -63.302871 9.000000
v -21.856397 -63.243281 9.000000
v -22.143711 -63.175961 9.000000
v -22.429116 -63.100957 9.000000
v -22.712406 -63.018325 9.000000
v -22.993378 -62.928123 9.000000
v -23.271829 -62.830416 9.000000
v -23.547558 -62.725276 9.000000
v -23.820369 -62.612777 9.000000
v -24.090063 -62.493001 9.000000
v -24.356447 -62.366033 9.000000
v -24.619330 -62.231965 9.000000
v -24.878522 -62.090894 9.000000
v -25.133836 -61.942921 9.000000
v -25.385089 -61.788153 9.000000
v -25.632101 -61.626701 9.000000
v -25.874692 -61.458680 9.000000
v -26.112689 -61.284213 9.000000
v -26.345920 -61.103424 9.000000
v -26.574218 -60.916445 9.000000
v -26.797419 -60.723408 9.000000
v -27.015360 -60.524454 9.000000
v -27.227887 -60.319725 9.000000
v -27.434845 -60.109369 9.000000
v -27.636086 -59.893537 9.000000
v -27.831465 -59.672384 9.000000
v -28.020842 -59.446071 9.000000
v -28.204080 -59.214758 9.000000
v -28.381047 -58.978614 9.000000
v -28.551615 -58.737808 9.000000
v -28.715663 -58.492512 9.000000
v -28.873072 -58.242905 9.000000
v -29.023729 -57.989165 9.000000
v -29.167525 -57.731475 9.000000
v -29.304357 -57.470021 9.000000
v -29.434126 -57.204990 9.000000
v -29.556739 -56.936573 9.000000
v -29.672108 -56.664964 9.000000
v -29.780150 -56.390359 9.000000
v -29.880787 -56.112953 9.000000
v -29.973946 -55.832948 9.000000
v -30.059561 -55.550545 9.000000
v -30.137570 -55.265947 9.000000
v -30.207916 -54.979359 9.000000
v -30.270550 -54.690987 9.000000
v -30.325425 -54.401038 9.000000
v -8.007551 -76.767965 15.011309
v -7.897964 -76.547584 15.005193
v -8.110315 -76.991618 15.017045
v -8.206158 -77.218333 15.022394
v -8.294991 -77.447894 15.027351
v -8.376730 -77.680084 15.031912
v -8.451295 -77.914684 15.036072
v -8.518618 -78.151470 15.039827
v -8.578634 -78.390219 15.043174
v -8.631286 -78.630705 15.046110
v -8.676525 -78.872700 15.048631
v -8.714307 -79.115974 15.050736
v -8.744598 -79.360297 15.052422
v -8.767367 -79.605438 15.053688
v -8.782595 -79.851165 15.054533
v -8.790265 -80.097245 15.054956
v -8.790372 -80.343445 15.054956
v -8.782914 -80.589531 15.054533
v -8.767899 -80.835271 15.053688
v -8.745342 -81.080431 15.052422
v -8.715263 -81.324781 15.050736
v -8.677691 -81.568088 15.048631
v -8.632661 -81.810121 15.046110
v -8.580217 -82.050652 15.043174
v -8.520407 -82.289453 15.039827
v -8.453289 -82.526298 15.036072
v -8.378927 -82.760962 15.031912
v -8.297389 -82.993223 15.027351
v -8.208755 -83.222861 15.022394
v -8.113107 -83.449658 15.017045
v -8.010537 -83.673401 15.011309
v -7.901141 -83.893876 15.005193
v -19.631605 -41.501554 9.000000
v -19.922575 -41.509129 9.000000
v -20.213244 -41.524400 9.000000
v -20.503406 -41.547357 9.000000
v -19.340535 -41.501679 9.000000
v -19.049571 -41.509506 9.000000
v -20.792860 -41.577983 9.000000
v -21.081402 -41.616257 9.000000
v -18.758916 -41.525029 9.000000
v -18.468773 -41.548237 9.000000
v -18.179346 -41.579113 9.000000
v -21.368830 -41.662152 9.000000
v -17.890838 -41.617637 9.000000
v -21.654944 -41.715635 9.000000
v -21.939542 -41.776670 9.000000
v -17.603449 -41.663780 9.000000
v -17.317382 -41.717511 9.000000
v -22.222425 -41.845214 9.000000
v -22.503396 -41.921219 9.000000
v -17.032837 -41.778792 9.000000
v -16.750013 -41.847581 9.000000
v -22.782258 -42.004631 9.000000
v -16.469108 -41.923828 9.000000
v -23.058815 -42.095392 9.000000
v -23.332874 -42.193438 9.000000
v -16.190318 -42.007481 9.000000
v -15.913840 -42.098481 9.000000
v -23.604242 -42.298701 9.000000
v -23.872731 -42.411108 9.000000
v -15.639866 -42.196765 9.000000
v -15.368588 -42.302263 9.000000
v -24.138152 -42.530579 9.000000
v -24.400318 -42.657031 9.000000
v -15.100197 -42.414902 9.000000
v -14.834880 -42.534602 9.000000
v -24.659047 -42.790375 9.000000
v -14.572823 -42.661281 9.000000
v -24.914158 -42.930518 9.000000
v -25.165471 -43.077362 9.000000
v -14.314209 -42.794848 9.000000
v -14.059220 -42.935212 9.000000
v -25.412810 -43.230803 9.000000
v -25.656004 -43.390736 9.000000
v -13.808034 -43.082273 9.000000
v -13.560827 -43.235929 9.000000
v -25.894880 -43.557047 9.000000
v -13.317772 -43.396071 9.000000
v -26.129273 -43.729619 9.000000
v -26.361583 -43.910385 9.000000
v -13.079039 -43.562589 9.000000
v -26.588973 -44.097301 9.000000
v -26.811280 -44.290235 9.000000
v -27.028345 -44.489048 9.000000
v -27.240013 -44.693598 9.000000
v -27.446132 -44.903738 9.000000
v -27.646554 -45.119318 9.000000
v -27.841137 -45.340184 9.000000
v -28.029740 -45.566177 9.000000
v -28.212228 -45.797135 9.000000
v -28.388472 -46.032894 9.000000
v -28.558344 -46.273284 9.000000
v -28.721723 -46.518133 9.000000
v -28.878493 -46.767266 9.000000
v -29.028540 -47.020505 9.000000
v -29.171757 -47.277668 9.000000
v -29.308043 -47.538570 9.000000
v -29.437298 -47.803026 9.000000
v -29.559432 -48.070846 9.000000
v -29.674355 -48.341838 9.000000
v -29.781986 -48.615807 9.000000
v -29.882249 -48.892559 9.000000
v -29.975070 -49.171894 9.000000
v -30.060384 -49.453613 9.000000
v -30.138129 -49.737513 9.000000
v -30.208251 -50.023393 9.000000
v -30.270697 -50.311046 9.000000
v -30.325425 -50.600267 9.000000
v -30.372318 -50.890333 9.000000
v -30.372318 -54.110972 9.000000
v -30.411447 -53.819756 9.000000
v -30.411447 -51.181549 9.000000
v -30.489845 -52.353736 9.000000
v -30.489845 -52.647569 9.000000
v -30.442784 -51.473706 9.000000
v -30.466306 -51.766595 9.000000
v -30.481997 -52.060009 9.000000
v -30.481997 -52.941297 9.000000
v -30.466306 -53.234710 9.000000
v -30.442784 -53.527600 9.000000
v -30.270697 -50.311046 15.000000
v -30.325425 -50.600267 15.000000
v -30.208251 -50.023393 15.000000
v -30.138129 -49.737513 15.000000
v -30.060384 -49.453613 15.000000
v -29.975070 -49.171894 15.000000
v -29.882249 -48.892559 15.000000
v -29.781986 -48.615807 15.000000
v -29.674355 -48.341838 15.000000
v -29.559432 -48.070846 15.000000
v -29.437298 -47.803026 15.000000
v -29.308043 -47.538570 15.000000
v -29.171757 -47.277668 15.000000
v -29.028540 -47.020505 15.000000
v -28.878493 -46.767266 15.000000
v -28.721723 -46.518133 15.000000
v -28.558344 -46.273284 15.000000
v -28.388472 -46.032894 15.000000
v -28.212228 -45.797135 15.000000
v -28.029740 -45.566177 15.000000
v -27.841137 -45.340184 15.000000
v -27.646554 -45.119318 15.000000
v -27.446132 -44.903738 15.000000
v -27.240013 -44.693598 15.000000
v -27.028345 -44.489048 15.000000
v -26.811280 -44.290235 15.000000
v -26.588973 -44.097301 15.000000
v -26.361583 -43.910385 15.000000
v -26.129273 -43.729619 15.000000
v -30.325425 -43.727805 15.000000
v -12.844796 -43.735364 -2.130761
v -26.129273 -43.729619 -2.130761
v -13.079039 -43.562589 -2.130761
v -13.317772 -43.396071 -2.130761
v -13.560827 -43.235929 -2.130761
v -13.808034 -43.082273 -2.130761
v -14.059220 -42.935212 -2.130761
v -14.314209 -42.794848 -2.130761
v -14.572823 -42.661281 -2.130761
v -14.834880 -42.534602 -2.130761
v -15.100197 -42.414902 -2.130761
v -15.368588 -42.302263 -2.130761
v -15.639866 -42.196765 -2.130761
v -15.913840 -42.098481 -2.130761
v -16.190318 -42.007481 -2.130761
v -16.469108 -41.923828 -2.130761
v -16.750013 -41.847581 -2.130761
v -17.032837 -41.778792 -2.130761
v -17.317382 -41.717511 -2.130761
v -17.603449 -41.663780 -2.130761
v -17.890838 -41.617637 -2.130761
v -18.179346 -41.579113 -2.130761
v -18.468773 -41.548237 -2.130761
v -18.758916 -41.525029 -2.130761
v -19.049571 -41.509506 -2.130761
v -19.340535 -41.501679 -2.130761
v -19.631605 -41.501554 -2.130761
v -19.922575 -41.509129 -2.130761
v -20.213244 -41.524400 -2.130761
v -20.503406 -41.547357 -2.130761
v -20.792860 -41.577983 -2.130761
v -21.081402 -41.616257 -2.130761
v -21.368830 -41.662152 -2.130761
v -21.654944 -41.715635 -2.130761
v -21.939542 -41.776670 -2.130761
v -22.222425 -41.845214 -2.130761
v -22.503396 -41.921219 -2.130761
v -22.782258 -42.004631 -2.130761
v -23.058815 -42.095392 -2.130761
v -23.332874 -42.193438 -2.130761
v -23.604242 -42.298701 -2.130761
v -23.872731 -42.411108 -2.130761
v -24.138152 -42.530579 -2.130761
v -24.400318 -42.657031 -2.130761
v -24.659047 -42.790375 -2.130761
v -24.914158 -42.930518 -2.130761
v -25.165471 -43.077362 -2.130761
v -25.412810 -43.230803 -2.130761
v -25.656004 -43.390736 -2.130761
v -25.894880 -43.557047 -2.130761
v -30.325425 -50.600267 -2.130761
v -30.325425 -54.401038 -2.130761
v -30.372318 -50.890333 -2.130761
v -30.411447 -51.181549 -2.130761
v -30.442784 -51.473706 -2.130761
v -30.466306 -51.766595 -2.130761
v -30.481997 -52.060009 -2.130761
v -30.489845 -52.353736 -2.130761
v -30.489845 -52.647569 -2.130761
v -30.481997 -52.941297 -2.130761
v -30.466306 -53.234710 -2.130761
v -30.442784 -53.527600 -2.130761
v -30.411447 -53.819756 -2.130761
v -30.372318 -54.110972 -2.130761
usemtl donja_klemaMaterial0
f 1 2 3
f 2 4 3
f 1 5 6
f 1 7 5
f 8 9 10
f 8 6 9
f 11 12 13
f 11 10 12
f 14 15 16
f 14 13 15
f 17 18 19
f 17 16 18
f 20 21 22
f 20 19 23
f 23 21 20
f 24 25 26
f 24 22 25
f 27 28 29
f 27 26 28
f 30 31 32
f 30 29 31
f 33 34 35
f 33 32 34
f 36 37 38
f 36 39 37
f 36 35 39
f 40 41 42
f 40 38 41
f 43 44 45
f 43 42 44
f 46 47 48
f 46 49 47
f 46 45 49
f 50 51 52
f 50 48 51
f 53 54 55
f 53 52 54
f 56 57 58
f 56 59 57
f 56 55 59
f 60 61 62
f 60 58 61
f 63 64 65
f 63 62 66
f 66 64 63
f 67 68 69
f 67 65 68
f 70 71 72
f 70 69 73
f 73 71 70
f 74 75 76
f 74 72 75
f 77 78 79
f 77 80 78
f 77 76 80
f 81 82 83
f 81 79 82
f 84 85 86
f 84 87 85
f 84 83 87
f 88 89 90
f 88 86 89
f 91 92 93
f 91 90 94
f 94 92 91
f 95 96 97
f 95 93 96
f 98 99 100
f 98 97 101
f 101 99 98
f 102 103 104
f 102 105 103
f 102 100 105
f 106 107 108
f 106 104 107
f 109 110 111
f 111 112 109
f 111 113 112
f 109 108 110
f 112 114 115
f 112 113 114
f 116 117 118
f 116 115 119
f 119 117 116
f 120 121 122
f 120 123 121
f 120 118 123
f 124 125 126
f 124 122 125
f 127 128 129
f 127 126 130
f 130 128 127
f 131 132 133
f 131 134 132
f 131 129 134
f 135 136 137
f 135 133 136
f 138 139 140
f 138 137 141
f 141 139 138
f 142 143 144
f 144 145 142
f 142 140 143
f 146 145 147
f 145 148 147
f 149 146 150
f 146 151 152
f 152 150 146
f 149 153 154
f 154 155 149
f 155 156 157
f 157 158 155
f 157 159 158
f 160 161 162
f 158 163 161
f 161 160 158
f 164 160 165
f 165 166 164
f 164 167 168
f 168 169 164
f 168 170 169
f 171 172 173
f 171 169 174
f 174 172 171
f 175 171 176
f 176 177 175
f 178 175 179
f 179 180 178
f 180 181 178
f 182 183 184
f 182 178 185
f 185 183 182
f 186 182 187
f 187 188 186
f 189 186 190
f 190 191 189
f 191 192 189
f 193 194 195
f 193 189 196
f 196 194 193
f 197 193 198
f 198 199 197
f 200 201 202
f 200 197 203
f 203 201 200
f 204 200 205
f 205 206 204
f 207 204 208
f 208 209 207
f 209 210 207
f 211 207 212
f 212 213 211
f 214 211 215
f 215 216 214
f 216 217 214
f 218 219 220
f 218 214 221
f 221 219 218
f 222 218 223
f 223 224 222
f 225 226 227
f 225 222 228
f 228 226 225
f 229 225 230
f 230 231 229
f 232 233 234
f 232 229 235
f 235 233 232
f 236 232 237
f 237 238 236
f 239 236 240
f 240 241 239
f 242 243 244
f 242 239 245
f 245 243 242
f 246 242 247
f 247 248 246
f 249 250 251
f 249 246 252
f 252 250 249
f 253 249 254
f 254 255 253
f 256 253 257
f 257 258 256
f 259 260 261
f 259 256 262
f 262 260 259
f 263 259 264
f 264 265 263
f 266 263 267
f 267 268 266
f 269 270 271
f 269 266 272
f 272 270 269
f 273 269 274
f 274 275 273
f 276 273 277
f 277 278 276
f 279 276 280
f 280 281 279
f 282 279 283
f 283 284 282
f 284 285 282
f 286 282 287
f 287 288 286
f 289 286 290
f 290 291 289
f 292 289 293
f 293 294 292
f 295 292 296
f 296 297 295
f 298 295 299
f 299 300 298
f 301 298 302
f 302 303 301
f 301 304 305
f 305 306 301
f 306 307 308
f 306 309 307
f 310 311 312
f 310 308 311
f 313 314 315
f 313 312 314
f 316 317 318
f 316 315 317
f 319 320 321
f 319 318 320
f 322 323 324
f 322 321 323
f 325 326 327
f 325 328 326
f 325 324 328
f 329 330 331
f 329 327 330
f 332 333 334
f 332 331 333
f 335 336 337
f 335 334 336
f 338 339 340
f 338 337 341
f 341 339 338
f 342 343 344
f 342 340 343
f 345 346 347
f 345 344 346
f 348 349 350
f 348 347 351
f 351 349 348
f 352 353 354
f 352 350 353
f 355 356 357
f 355 354 356
f 358 359 360
f 358 357 361
f 361 359 358
f 362 363 364
f 362 360 363
f 365 366 367
f 365 364 368
f 368 366 365
f 369 370 371
f 369 367 370
f 372 373 374
f 372 371 373
f 375 376 377
f 375 374 378
f 378 376 375
f 379 380 381
f 379 377 380
f 382 383 384
f 382 381 385
f 385 383 382
f 386 387 388
f 386 384 387
f 389 390 391
f 389 388 392
f 392 390 389
f 393 394 395
f 393 396 394
f 393 391 396
f 397 398 399
f 397 395 398
f 400 401 402
f 400 403 401
f 400 399 403
f 404 405 406
f 404 402 405
f 407 408 409
f 407 406 410
f 410 408 407
f 411 412 413
f 411 409 412
f 414 415 416
f 414 413 417
f 417 415 414
f 418 419 420
f 418 421 419
f 418 416 421
f 422 423 424
f 422 420 423
f 425 426 427
f 425 424 428
f 428 426 425
f 429 430 431
f 429 432 430
f 429 427 432
f 433 434 435
f 433 431 434
f 436 437 438
f 436 435 439
f 439 437 436
f 440 441 442
f 441 443 442
f 441 438 443
f 440 444 445
f 440 446 444
f 447 448 449
f 448 445 450
f 450 449 448
f 451 447 452
f 452 453 451
f 447 454 452
f 455 456 457
f 451 458 459
f 459 457 451
f 460 461 462
f 456 455 461
f 461 460 456
f 460 463 464
f 464 465 460
f 466 465 467
f 465 468 467
f 467 469 466
f 470 471 472
f 470 466 473
f 473 471 470
f 474 470 475
f 475 476 474
f 477 474 478
f 478 479 477
f 479 480 477
f 481 482 483
f 481 477 484
f 484 482 481
f 485 481 486
f 486 487 485
f 488 485 489
f 489 490 488
f 490 491 488
f 492 493 494
f 492 488 495
f 495 493 492
f 496 492 497
f 497 498 496
f 499 496 500
f 500 501 499
f 501 502 499
f 503 499 504
f 504 505 503
f 506 503 507
f 507 508 506
f 508 509 506
f 510 511 512
f 510 506 513
f 513 511 510
f 514 510 515
f 515 516 514
f 517 518 519
f 517 514 520
f 520 518 517
f 521 517 522
f 522 523 521
f 524 521 525
f 525 526 524
f 526 527 524
f 528 524 529
f 529 530 528
f 531 528 532
f 532 533 531
f 533 534 531
f 535 531 536
f 536 537 535
f 538 539 540
f 538 535 541
f 541 539 538
f 542 538 543
f 543 544 542
f 545 546 547
f 545 542 548
f 548 546 545
f 549 545 550
f 550 551 549
f 552 549 553
f 553 554 552
f 554 555 552
f 556 552 557
f 557 558 556
f 559 556 560
f 560 561 559
f 562 559 563
f 563 564 562
f 564 565 562
f 566 562 567
f 567 568 566
f 569 566 570
f 570 571 569
f 572 569 573
f 573 574 572
f 574 575 572
f 576 572 577
f 577 578 576
f 579 576 580
f 580 581 579
f 582 579 583
f 583 584 582
f 585 582 586
f 586 587 585
f 588 589 590
f 588 585 591
f 591 589 588
f 592 588 593
f 593 594 592
f 595 592 596
f 596 597 595
f 598 595 599
f 599 600 598
f 601 598 602
f 602 603 601
f 604 601 605
f 605 606 604
f 604 607 608
f 608 2 604
f 608 4 2
f 606 607 604
f 603 605 601
f 600 602 598
f 597 599 595
f 594 596 592
f 590 593 588
f 587 591 585
f 584 586 582
f 581 583 579
f 578 580 576
f 575 577 572
f 571 573 569
f 568 570 566
f 565 567 562
f 561 563 559
f 558 560 556
f 555 557 552
f 551 553 549
f 547 550 545
f 544 548 542
f 540 543 538
f 537 541 535
f 534 536 531
f 530 532 528
f 527 529 524
f 523 525 521
f 519 522 517
f 516 520 514
f 512 515 510
f 509 513 506
f 505 507 503
f 502 504 499
f 498 500 496
f 494 497 492
f 491 495 488
f 487 489 485
f 483 486 481
f 480 484 477
f 476 478 474
f 472 475 470
f 469 473 466
f 464 468 465
f 462 463 460
f 457 459 455
f 453 458 451
f 449 454 447
f 445 448 440
f 442 446 440
f 438 441 436
f 435 436 433
f 431 433 429
f 427 429 425
f 424 425 422
f 420 422 418
f 416 418 414
f 413 414 411
f 409 411 407
f 406 407 404
f 402 404 400
f 399 400 397
f 395 397 393
f 391 393 389
f 388 389 386
f 384 386 382
f 381 382 379
f 377 379 375
f 374 375 372
f 371 372 369
f 367 369 365
f 364 365 362
f 360 362 358
f 357 358 355
f 354 355 352
f 350 352 348
f 347 348 345
f 344 345 342
f 340 342 338
f 337 338 335
f 334 335 332
f 331 332 329
f 327 329 325
f 324 325 322
f 321 322 319
f 318 319 316
f 315 316 313
f 312 313 310
f 308 310 306
f 305 309 306
f 303 304 301
f 300 302 298
f 297 299 295
f 294 296 292
f 291 293 289
f 288 290 286
f 285 287 282
f 281 283 279
f 278 280 276
f 275 277 273
f 271 274 269
f 268 272 266
f 265 267 263
f 261 264 259
f 258 262 256
f 255 257 253
f 251 254 249
f 248 252 246
f 244 247 242
f 241 245 239
f 238 240 236
f 234 237 232
f 231 235 229
f 227 230 225
f 224 228 222
f 220 223 218
f 217 221 214
f 213 215 211
f 210 212 207
f 206 208 204
f 202 205 200
f 199 203 197
f 195 198 193
f 192 196 189
f 188 190 186
f 184 187 182
f 181 185 178
f 177 179 175
f 173 176 171
f 170 174 169
f 166 167 164
f 162 165 160
f 159 163 158
f 154 156 155
f 150 153 149
f 147 151 146
f 144 148 145
f 140 142 138
f 137 138 135
f 133 135 131
f 129 131 127
f 126 127 124
f 122 124 120
f 118 120 116
f 115 116 112
f 108 109 106
f 104 106 102
f 100 102 98
f 97 98 95
f 93 95 91
f 90 91 88
f 86 88 84
f 83 84 81
f 79 81 77
f 76 77 74
f 72 74 70
f 69 70 67
f 65 67 63
f 62 63 60
f 58 60 56
f 55 56 53
f 52 53 50
f 48 50 46
f 45 46 43
f 42 43 40
f 38 40 36
f 35 36 33
f 32 33 30
f 29 30 27
f 26 27 24
f 22 24 20
f 19 20 17
f 16 17 14
f 13 14 11
f 10 11 8
f 6 8 1
f 3 7 1
f 2 609 610
f 2 1 611
f 601 604 610
f 611 609 2
f 598 612 613
f 610 604 2
f 8 614 611
f 613 595 598
f 611 1 8
f 11 14 615
f 549 616 617
f 559 618 619
f 569 620 621
f 588 622 623
f 610 612 601
f 614 8 11
f 236 239 624
f 542 545 617
f 617 545 549
f 552 556 619
f 619 556 559
f 562 566 621
f 621 566 569
f 579 625 626
f 582 585 623
f 623 585 588
f 592 595 613
f 615 614 11
f 20 24 627
f 225 229 628
f 629 232 236
f 242 630 624
f 246 249 631
f 456 460 632
f 538 633 634
f 549 552 616
f 559 562 618
f 569 572 620
f 572 576 626
f 626 576 579
f 588 592 622
f 598 601 612
f 17 635 615
f 635 17 20
f 27 636 627
f 30 33 637
f 50 53 638
f 149 639 640
f 222 641 642
f 641 222 225
f 232 629 628
f 624 239 242
f 630 242 246
f 253 643 631
f 256 259 644
f 266 269 645
f 646 457 456
f 531 535 634
f 634 535 538
f 619 616 552
f 626 620 572
f 623 625 582
f 615 14 17
f 627 24 27
f 636 27 30
f 40 43 647
f 648 46 50
f 56 649 638
f 142 650 651
f 145 146 640
f 640 146 149
f 628 641 225
f 624 629 236
f 631 249 253
f 643 253 256
f 652 263 266
f 273 653 645
f 342 654 655
f 362 656 657
f 382 658 659
f 646 451 457
f 465 660 632
f 466 470 661
f 538 542 633
f 621 618 562
f 613 622 592
f 637 636 30
f 36 662 637
f 662 36 40
f 46 648 647
f 638 53 56
f 120 663 664
f 651 138 142
f 149 155 639
f 214 218 642
f 628 229 232
f 644 643 256
f 263 652 644
f 645 269 273
f 286 289 665
f 313 666 667
f 322 668 669
f 335 338 655
f 655 338 342
f 352 670 671
f 355 358 657
f 657 358 362
f 372 672 673
f 659 379 382
f 386 389 674
f 632 460 465
f 660 465 466
f 488 492 675
f 617 633 542
f 627 635 20
f 647 662 40
f 638 648 50
f 60 63 676
f 81 84 677
f 98 678 679
f 109 680 681
f 664 116 120
f 124 127 682
f 131 683 682
f 640 650 145
f 155 158 684
f 193 685 686
f 211 687 688
f 687 211 214
f 631 630 246
f 645 652 266
f 276 279 689
f 282 690 689
f 690 282 286
f 306 310 667
f 667 310 313
f 669 319 322
f 325 329 691
f 332 692 691
f 342 345 654
f 345 348 671
f 671 348 352
f 362 365 656
f 365 369 673
f 673 369 372
f 375 379 659
f 674 658 386
f 414 418 693
f 425 429 694
f 436 441 695
f 451 646 696
f 661 660 466
f 477 481 697
f 485 698 697
f 698 485 488
f 499 503 699
f 510 514 700
f 528 701 702
f 579 582 625
f 647 43 46
f 649 56 60
f 67 703 676
f 70 74 704
f 705 77 81
f 88 706 677
f 91 95 679
f 679 95 98
f 102 106 681
f 681 106 109
f 112 116 664
f 682 663 124
f 682 127 131
f 135 138 651
f 684 639 155
f 160 707 684
f 171 708 709
f 182 710 711
f 686 189 193
f 197 200 712
f 204 688 712
f 642 687 214
f 644 259 263
f 653 273 276
f 665 690 286
f 295 298 713
f 313 316 666
f 316 319 669
f 691 668 325
f 691 329 332
f 671 654 345
f 657 670 355
f 372 375 672
f 382 386 658
f 404 714 715
f 411 716 714
f 716 411 414
f 422 717 693
f 717 422 425
f 433 718 694
f 718 433 436
f 448 447 696
f 632 646 456
f 474 719 661
f 719 474 477
f 675 698 488
f 496 720 675
f 720 496 499
f 506 721 699
f 721 506 510
f 517 722 700
f 521 524 702
f 702 524 528
f 637 33 36
f 676 63 67
f 703 67 70
f 77 705 704
f 677 84 88
f 706 88 91
f 681 678 102
f 664 680 112
f 131 135 683
f 142 145 650
f 684 158 160
f 164 169 709
f 709 169 171
f 175 178 711
f 711 178 182
f 186 189 686
f 712 685 197
f 712 200 204
f 642 218 222
f 689 279 282
f 292 723 665
f 723 292 295
f 301 724 713
f 669 666 316
f 332 335 692
f 352 355 670
f 659 672 375
f 393 725 674
f 715 400 404
f 693 716 414
f 694 717 425
f 695 718 436
f 440 726 695
f 726 440 448
f 661 470 474
f 697 481 485
f 699 720 499
f 700 721 510
f 700 514 517
f 528 531 701
f 676 649 60
f 704 74 77
f 679 706 91
f 109 112 680
f 651 683 135
f 709 707 164
f 711 708 175
f 686 710 186
f 204 207 688
f 689 653 276
f 713 723 295
f 713 298 301
f 322 325 668
f 673 656 365
f 674 389 393
f 397 400 715
f 714 407 411
f 694 429 433
f 696 726 448
f 697 719 477
f 699 503 506
f 702 722 521
f 704 703 70
f 98 102 678
f 160 164 707
f 182 186 710
f 688 207 211
f 301 306 724
f 655 692 335
f 715 725 397
f 693 418 422
f 696 447 451
f 517 521 722
f 677 705 81
f 171 175 708
f 665 289 292
f 393 397 725
f 695 441 440
f 634 701 531
f 193 197 685
f 404 407 714
f 120 124 663
f 675 492 496
f 667 724 306
f 713 724 727
f 723 713 728
f 665 723 729
f 690 665 730
f 689 690 731
f 653 689 732
f 645 653 733
f 652 645 734
f 644 652 735
f 643 644 736
f 631 643 737
f 630 631 738
f 624 630 739
f 629 624 740
f 628 629 741
f 641 628 742
f 642 641 743
f 687 642 744
f 688 687 745
f 712 688 746
f 685 712 747
f 686 685 748
f 710 686 749
f 711 710 750
f 708 711 751
f 709 708 752
f 707 709 753
f 684 707 754
f 639 684 755
f 640 639 756
f 650 640 757
f 651 650 758
f 683 651 759
f 682 683 760
f 663 682 761
f 664 663 762
f 680 664 763
f 681 680 764
f 678 681 765
f 679 678 766
f 706 679 767
f 677 706 768
f 705 677 769
f 704 705 770
f 703 704 771
f 676 703 772
f 649 676 773
f 638 649 774
f 648 638 775
f 647 648 776
f 662 647 777
f 637 662 778
f 636 637 779
f 627 636 780
f 635 627 781
f 615 635 782
f 614 615 783
f 611 614 784
f 785 610 609
f 609 786 785
f 612 610 785
f 613 612 787
f 622 613 788
f 623 622 789
f 625 623 790
f 626 625 791
f 620 626 792
f 621 620 793
f 618 621 794
f 619 618 795
f 616 619 796
f 617 616 797
f 633 617 798
f 634 633 799
f 701 634 800
f 702 701 801
f 722 702 802
f 700 722 803
f 721 700 804
f 699 721 805
f 720 699 806
f 675 720 807
f 698 675 808
f 697 698 809
f 719 697 810
f 661 719 811
f 660 661 812
f 632 660 813
f 646 632 814
f 696 646 815
f 726 696 816
f 695 726 817
f 718 695 818
f 694 718 819
f 717 694 820
f 693 717 821
f 716 693 822
f 714 716 823
f 715 714 824
f 725 715 825
f 674 725 826
f 658 674 827
f 659 658 828
f 672 659 829
f 673 672 830
f 656 673 831
f 657 656 832
f 670 657 833
f 671 670 834
f 654 671 835
f 655 654 836
f 692 655 837
f 691 692 838
f 668 691 839
f 669 668 840
f 666 669 841
f 667 666 842
f 724 667 843
f 843 727 724
f 842 843 667
f 841 842 666
f 840 841 669
f 839 840 668
f 838 839 691
f 837 838 692
f 836 837 655
f 835 836 654
f 834 835 671
f 833 834 670
f 832 833 657
f 831 832 656
f 830 831 673
f 829 830 672
f 828 829 659
f 827 828 658
f 826 827 674
f 825 826 725
f 824 825 715
f 823 824 714
f 822 823 716
f 821 822 693
f 820 821 717
f 819 820 694
f 818 819 718
f 817 818 695
f 816 817 726
f 815 816 696
f 814 815 646
f 813 814 632
f 812 813 660
f 811 812 661
f 810 811 719
f 809 810 697
f 808 809 698
f 807 808 675
f 806 807 720
f 805 806 699
f 804 805 721
f 803 804 700
f 802 803 722
f 801 802 702
f 800 801 701
f 799 800 634
f 798 799 633
f 797 798 617
f 796 797 616
f 795 796 619
f 794 795 618
f 793 794 621
f 792 793 620
f 791 792 626
f 790 791 625
f 789 790 623
f 788 789 622
f 787 788 613
f 785 787 612
f 609 611 786
f 784 786 611
f 783 784 614
f 782 783 615
f 781 782 635
f 780 781 627
f 779 780 636
f 778 779 637
f 777 778 662
f 776 777 647
f 775 776 648
f 774 775 638
f 773 774 649
f 772 773 676
f 771 772 703
f 770 771 704
f 769 770 705
f 768 769 677
f 767 768 706
f 766 767 679
f 765 766 678
f 764 765 681
f 763 764 680
f 762 763 664
f 761 762 663
f 760 761 682
f 759 760 683
f 758 759 651
f 757 758 650
f 756 757 640
f 755 756 639
f 754 755 684
f 753 754 707
f 752 753 709
f 751 752 708
f 750 751 711
f 749 750 710
f 748 749 686
f 747 748 685
f 746 747 712
f 745 746 688
f 744 745 687
f 743 744 642
f 742 743 641
f 741 742 628
f 740 741 629
f 739 740 624
f 738 739 630
f 737 738 631
f 736 737 643
f 735 736 644
f 734 735 652
f 733 734 645
f 732 733 653
f 731 732 689
f 730 731 690
f 729 730 665
f 728 729 723
f 727 728 713
f 844 741 740
f 844 739 738
f 844 742 741
f 844 744 743
f 845 757 756
f 844 728 727
f 844 735 734
f 738 737 844
f 743 742 844
f 845 758 757
f 846 832 831
f 846 834 833
f 846 838 837
f 727 843 844
f 844 736 735
f 740 739 844
f 845 759 758
f 847 815 814
f 846 829 828
f 831 830 846
f 830 829 846
f 846 835 834
f 833 832 846
f 837 836 846
f 836 835 846
f 846 844 839
f 844 841 840
f 843 842 844
f 844 730 729
f 844 732 731
f 737 736 844
f 844 746 745
f 756 844 845
f 845 763 762
f 845 785 786
f 814 813 847
f 846 816 815
f 828 827 846
f 840 839 844
f 729 728 844
f 844 733 732
f 745 744 844
f 844 749 748
f 845 760 759
f 762 761 845
f 845 776 775
f 845 782 781
f 786 784 845
f 847 799 798
f 847 811 810
f 815 847 846
f 813 812 847
f 842 841 844
f 734 733 844
f 748 747 844
f 844 751 750
f 844 753 752
f 844 755 754
f 761 760 845
f 845 777 776
f 845 779 778
f 781 780 845
f 784 783 845
f 847 795 794
f 798 797 847
f 797 796 847
f 810 809 847
f 809 808 847
f 846 820 819
f 846 822 821
f 846 825 824
f 839 838 846
f 747 746 844
f 752 751 844
f 756 755 844
f 778 777 845
f 783 782 845
f 845 788 787
f 845 791 790
f 847 792 791
f 794 793 847
f 793 792 847
f 796 795 847
f 812 811 847
f 846 818 817
f 821 820 846
f 824 823 846
f 823 822 846
f 731 730 844
f 754 753 844
f 845 765 764
f 845 767 766
f 845 770 769
f 845 774 773
f 780 779 845
f 845 789 788
f 791 845 847
f 790 789 845
f 847 801 800
f 847 804 803
f 847 806 805
f 847 808 807
f 817 816 846
f 846 827 826
f 750 749 844
f 766 765 845
f 769 768 845
f 845 772 771
f 775 774 845
f 800 799 847
f 803 802 847
f 802 801 847
f 807 806 847
f 819 818 846
f 768 767 845
f 773 772 845
f 805 804 847
f 826 825 846
f 771 770 845
f 764 763 845
f 787 785 845
f 847 845 848
f 848 849 847
f 844 846 850
f 850 851 844
f 846 847 852
f 849 853 852
f 852 847 849
f 852 850 846
f 854 852 853
f 853 855 854
f 856 857 858
f 856 859 857
f 856 860 861
f 856 862 863
f 850 864 865
f 866 867 868
f 866 856 869
f 856 870 859
f 856 871 872
f 856 873 874
f 861 875 856
f 856 876 877
f 856 878 862
f 856 879 880
f 850 881 864
f 868 882 866
f 856 883 869
f 872 870 856
f 875 873 856
f 856 884 885
f 877 886 856
f 880 878 856
f 865 856 850
f 852 887 888
f 866 889 890
f 869 867 866
f 874 871 856
f 886 884 856
f 865 879 856
f 852 891 887
f 852 892 893
f 852 854 894
f 882 889 866
f 885 860 856
f 863 895 856
f 850 896 897
f 850 898 899
f 850 900 901
f 850 902 903
f 893 891 852
f 894 904 852
f 866 905 906
f 856 907 883
f 895 876 856
f 850 908 909
f 897 910 850
f 899 911 850
f 850 912 913
f 901 914 850
f 903 915 850
f 904 892 852
f 866 916 905
f 858 907 856
f 850 917 908
f 911 896 850
f 914 912 850
f 850 918 919
f 915 920 850
f 888 850 852
f 890 916 866
f 910 917 850
f 919 900 850
f 888 902 850
f 909 881 850
f 920 918 850
f 913 898 850
f 906 921 866
f 922 866 921
f 921 923 922
f 924 925 880
f 926 924 879
f 927 926 865
f 928 927 864
f 929 928 881
f 930 929 909
f 931 930 908
f 932 931 917
f 933 932 910
f 934 933 897
f 935 934 896
f 936 935 911
f 937 936 899
f 938 937 898
f 939 938 913
f 940 939 912
f 941 940 914
f 942 941 901
f 943 942 900
f 944 943 919
f 945 944 918
f 946 945 920
f 947 946 915
f 948 947 903
f 949 948 902
f 950 949 888
f 951 950 887
f 952 951 891
f 953 952 893
f 954 953 892
f 955 954 904
f 956 957 906
f 958 956 905
f 959 958 916
f 960 959 890
f 961 960 889
f 962 961 882
f 963 962 868
f 964 963 867
f 965 964 869
f 966 965 883
f 967 966 907
f 968 967 858
f 969 968 857
f 970 969 859
f 971 970 870
f 972 971 872
f 973 972 871
f 974 973 874
f 975 974 873
f 976 975 875
f 977 976 861
f 978 977 860
f 979 978 885
f 980 979 884
f 981 980 886
f 982 981 877
f 983 982 876
f 984 983 895
f 985 984 863
f 986 985 862
f 925 986 878
f 955 855 987
f 955 894 855
f 894 854 855
f 988 987 989
f 990 989 991
f 992 991 993
f 994 993 995
f 996 995 997
f 998 997 999
f 1000 999 1001
f 1002 1001 1003
f 1004 1003 1005
f 1006 1005 1007
f 1008 1007 1009
f 1010 1009 1011
f 1012 1011 1013
f 1014 1013 1015
f 1016 1015 1017
f 1018 1017 1019
f 1020 1019 1021
f 1022 1021 1023
f 1024 1023 1025
f 1026 1025 1027
f 1028 1027 1029
f 1030 1029 1031
f 1032 1031 1033
f 1034 1033 1035
f 1036 1035 1037
f 1038 1037 1039
f 1040 1039 1041
f 1042 1041 1043
f 1044 1043 1045
f 1046 1045 1047
f 1048 1047 1049
f 1050 1051 1052
f 1052 1049 1050
f 1053 1051 1050
f 1054 1053 1055
f 1056 1054 1057
f 1058 1056 1059
f 1060 1058 1061
f 1062 1060 1063
f 1064 1062 1065
f 1066 1064 1067
f 1068 1066 1069
f 1070 1068 1071
f 1072 1070 1073
f 1074 1072 1075
f 1076 1074 1077
f 1078 1076 1079
f 1080 1078 1081
f 1082 1080 1083
f 1084 1082 1085
f 1086 1084 1087
f 1088 1086 1089
f 1090 1088 1091
f 1092 1090 1093
f 1094 1092 1095
f 1096 1094 1097
f 1098 1096 1099
f 1100 1098 1101
f 1102 1100 1103
f 1104 1102 1105
f 1106 1104 1107
f 1108 1106 1109
f 1110 1108 1111
f 1112 1110 1113
f 957 1112 1114
f 1114 923 957
f 923 906 957
f 923 921 906
f 1113 1114 1112
f 1111 1113 1110
f 1109 1111 1108
f 1107 1109 1106
f 1105 1107 1104
f 1103 1105 1102
f 1101 1103 1100
f 1099 1101 1098
f 1097 1099 1096
f 1095 1097 1094
f 1093 1095 1092
f 1091 1093 1090
f 1089 1091 1088
f 1087 1089 1086
f 1085 1087 1084
f 1083 1085 1082
f 1081 1083 1080
f 1079 1081 1078
f 1077 1079 1076
f 1075 1077 1074
f 1073 1075 1072
f 1071 1073 1070
f 1069 1071 1068
f 1067 1069 1066
f 1065 1067 1064
f 1063 1065 1062
f 1061 1063 1060
f 1059 1061 1058
f 1057 1059 1056
f 1055 1057 1054
f 1050 1055 1053
f 1052 1115 1049
f 1049 1115 1048
f 1047 1048 1046
f 1045 1046 1044
f 1043 1044 1042
f 1041 1042 1040
f 1039 1040 1038
f 1037 1038 1036
f 1035 1036 1034
f 1033 1034 1032
f 1031 1032 1030
f 1029 1030 1028
f 1027 1028 1026
f 1025 1026 1024
f 1023 1024 1022
f 1021 1022 1020
f 1019 1020 1018
f 1017 1018 1016
f 1015 1016 1014
f 1013 1014 1012
f 1011 1012 1010
f 1009 1010 1008
f 1007 1008 1006
f 1005 1006 1004
f 1003 1004 1002
f 1001 1002 1000
f 999 1000 998
f 997 998 996
f 995 996 994
f 993 994 992
f 991 992 990
f 989 990 988
f 987 988 955
f 878 880 925
f 862 878 986
f 863 862 985
f 895 863 984
f 876 895 983
f 877 876 982
f 886 877 981
f 884 886 980
f 885 884 979
f 860 885 978
f 861 860 977
f 875 861 976
f 873 875 975
f 874 873 974
f 871 874 973
f 872 871 972
f 870 872 971
f 859 870 970
f 857 859 969
f 858 857 968
f 907 858 967
f 883 907 966
f 869 883 965
f 867 869 964
f 868 867 963
f 882 868 962
f 889 882 961
f 890 889 960
f 916 890 959
f 905 916 958
f 906 905 956
f 904 894 955
f 892 904 954
f 893 892 953
f 891 893 952
f 887 891 951
f 888 887 950
f 902 888 949
f 903 902 948
f 915 903 947
f 920 915 946
f 918 920 945
f 919 918 944
f 900 919 943
f 901 900 942
f 914 901 941
f 912 914 940
f 913 912 939
f 898 913 938
f 899 898 937
f 911 899 936
f 896 911 935
f 897 896 934
f 910 897 933
f 917 910 932
f 908 917 931
f 909 908 930
f 881 909 929
f 864 881 928
f 865 864 927
f 879 865 926
f 880 879 924
f 1116 1052 1051
f 1116 1117 1115
f 1115 1052 1116
f 1117 1118 1048
f 1119 1051 1053
f 1048 1115 1117
f 1120 1121 1053
f 1051 1119 1116
f 1122 1054 1056
f 1053 1121 1119
f 1123 1046 1048
f 1124 1125 1058
f 1056 1126 1122
f 1048 1118 1123
f 1127 1128 1044
f 1129 1130 966
f 1060 1131 1124
f 1125 1126 1056
f 1053 1054 1120
f 1046 1123 1127
f 1132 1040 1042
f 1133 1134 976
f 1135 967 968
f 967 1135 1129
f 1136 1074 1076
f 1137 1138 1068
f 1056 1058 1125
f 1044 1046 1127
f 1139 1042 1044
f 1042 1139 1132
f 1140 1141 994
f 1142 984 985
f 1143 1144 981
f 977 1145 1133
f 1146 975 976
f 1147 974 975
f 1148 1149 971
f 1150 969 970
f 1151 1152 968
f 966 967 1129
f 1153 1154 961
f 1155 1084 1086
f 1076 1156 1136
f 1157 1158 1072
f 1070 1159 1137
f 1138 1160 1066
f 1161 1064 1066
f 1162 1163 1062
f 1131 1060 1062
f 1122 1120 1054
f 1132 1164 1040
f 1165 1000 1002
f 1166 996 998
f 996 1166 1140
f 1167 990 992
f 985 1168 1142
f 1169 1170 983
f 982 1171 1143
f 1172 980 981
f 1173 979 980
f 976 1134 1146
f 975 1146 1147
f 1174 1175 973
f 1176 972 973
f 972 1176 1148
f 1149 1177 970
f 970 1177 1150
f 968 1152 1135
f 1178 964 965
f 1179 962 963
f 962 1179 1153
f 1180 1181 1108
f 1182 1183 1092
f 1184 1090 1092
f 1185 1186 1088
f 1086 1187 1155
f 1188 1189 1082
f 1190 1191 1078
f 1072 1074 1157
f 1159 1070 1072
f 1066 1068 1138
f 1066 1160 1161
f 1062 1163 1131
f 1044 1128 1139
f 1164 1192 1038
f 1193 1036 1038
f 1194 1195 1004
f 1195 1196 1002
f 1002 1196 1165
f 994 996 1140
f 1141 1197 992
f 992 1197 1167
f 1198 1199 988
f 1200 954 955
f 1168 985 986
f 983 984 1169
f 981 1144 1172
f 980 1172 1173
f 1201 1202 978
f 1145 977 978
f 1147 1174 974
f 973 1175 1176
f 970 971 1149
f 968 969 1151
f 965 1203 1178
f 1204 1205 963
f 961 962 1153
f 1154 1206 960
f 1207 959 960
f 1208 1209 957
f 1210 1112 957
f 1211 1110 1112
f 1110 1211 1180
f 1212 1104 1106
f 1213 1214 1098
f 1092 1183 1184
f 1090 1184 1185
f 1082 1084 1188
f 1215 1080 1082
f 1080 1215 1190
f 1191 1156 1076
f 1072 1158 1159
f 1161 1162 1064
f 1058 1060 1124
f 1038 1192 1193
f 1216 1217 1034
f 1218 1020 1022
f 1219 1220 1014
f 1006 1221 1194
f 1165 1222 1000
f 1222 1223 998
f 992 994 1141
f 988 990 1198
f 1224 955 988
f 955 1224 1200
f 1225 1226 953
f 1227 1228 951
f 1229 949 950
f 1230 1231 986
f 1142 1169 984
f 1173 1201 979
f 978 1202 1145
f 973 974 1174
f 1150 1151 969
f 963 964 1204
f 960 961 1154
f 960 1206 1207
f 1232 1233 958
f 1234 956 958
f 956 1234 1208
f 957 1209 1210
f 1108 1110 1180
f 1106 1235 1212
f 1236 1237 1102
f 1100 1238 1213
f 1239 1096 1098
f 1240 1094 1096
f 1088 1090 1185
f 1187 1086 1088
f 1082 1189 1215
f 1076 1078 1191
f 1068 1070 1137
f 1038 1040 1164
f 1036 1193 1216
f 1241 1032 1034
f 1022 1242 1218
f 1243 1244 1018
f 1245 1016 1018
f 1016 1245 1219
f 1002 1004 1195
f 998 1223 1166
f 988 1199 1224
f 953 954 1225
f 1246 952 953
f 952 1246 1227
f 1247 950 951
f 950 1247 1229
f 1248 1249 946
f 986 1231 1168
f 1171 982 983
f 978 979 1201
f 971 972 1148
f 963 1205 1179
f 958 959 1232
f 957 956 1208
f 1112 1250 1211
f 1235 1106 1108
f 1102 1104 1236
f 1098 1214 1239
f 1096 1239 1240
f 1088 1186 1187
f 1078 1080 1190
f 1062 1064 1162
f 1034 1217 1241
f 1251 1030 1032
f 1252 1253 1028
f 1254 1026 1028
f 1255 1256 1024
f 1018 1020 1243
f 1014 1016 1219
f 998 1000 1222
f 1200 1225 954
f 951 952 1227
f 1229 1257 949
f 1258 947 948
f 947 1258 1248
f 983 1170 1171
f 976 977 1133
f 1130 1203 965
f 1207 1232 959
f 1210 1250 1112
f 1212 1236 1104
f 1238 1100 1102
f 1240 1182 1094
f 1155 1188 1084
f 1034 1036 1216
f 1032 1241 1251
f 1028 1253 1254
f 1026 1254 1255
f 1242 1022 1024
f 1018 1244 1245
f 1220 1259 1012
f 1167 1198 990
f 951 1228 1247
f 946 947 1248
f 1260 945 946
f 1261 944 945
f 1262 1263 941
f 1264 1265 936
f 981 982 1143
f 1178 1204 964
f 1108 1181 1235
f 1098 1100 1213
f 1136 1157 1074
f 1028 1030 1252
f 1024 1256 1242
f 1012 1014 1220
f 1266 1010 1012
f 1267 1268 1008
f 1221 1006 1008
f 953 1226 1246
f 1257 1269 948
f 946 1249 1260
f 945 1260 1261
f 942 1270 1262
f 1271 940 941
f 1272 939 940
f 937 1273 1264
f 1265 1274 935
f 1275 934 935
f 1276 1277 933
f 1278 932 933
f 1279 1280 931
f 1281 929 930
f 1282 1283 926
f 965 966 1130
f 1102 1237 1238
f 1251 1252 1030
f 1218 1243 1020
f 1012 1259 1266
f 1008 1268 1221
f 948 949 1257
f 1261 1284 944
f 941 1263 1271
f 940 1271 1272
f 1285 1286 938
f 1273 937 938
f 935 936 1265
f 935 1274 1275
f 933 1277 1278
f 932 1278 1279
f 930 1287 1281
f 1288 1289 928
f 1290 927 928
f 927 1290 1282
f 958 1233 1234
f 1024 1026 1255
f 1008 1010 1267
f 948 1269 1258
f 1284 1291 943
f 1270 942 943
f 1272 1285 939
f 938 1286 1273
f 1275 1276 934
f 931 932 1279
f 1280 1287 930
f 928 929 1288
f 926 927 1282
f 1283 1292 924
f 1293 925 924
f 1092 1094 1182
f 1004 1006 1194
f 943 1291 1270
f 938 939 1285
f 933 934 1276
f 1281 1288 929
f 924 926 1283
f 924 1292 1293
f 1266 1267 1010
f 941 942 1262
f 930 931 1280
f 1293 1230 925
f 943 944 1284
f 928 1289 1290
f 936 937 1264
f 986 925 1230
f 1117 1116 1294
f 1116 1295 1294
f 1117 1296 1297
f 1117 1298 1296
f 1118 1299 1300
f 1118 1297 1299
f 1123 1301 1302
f 1123 1300 1301
f 1127 1303 1304
f 1127 1302 1303
f 1128 1305 1306
f 1128 1304 1305
f 1139 1307 1308
f 1139 1306 1309
f 1309 1307 1139
f 1132 1310 1311
f 1132 1308 1310
f 1164 1312 1313
f 1164 1311 1312
f 1192 1314 1315
f 1192 1313 1314
f 1193 1316 1317
f 1193 1315 1316
f 1216 1318 1319
f 1216 1320 1318
f 1216 1317 1320
f 1217 1321 1322
f 1217 1319 1321
f 1241 1323 1324
f 1241 1322 1323
f 1251 1325 1326
f 1251 1327 1325
f 1251 1324 1327
f 1252 1328 1329
f 1252 1326 1328
f 1253 1330 1331
f 1253 1329 1330
f 1254 1332 1333
f 1254 1334 1332
f 1254 1331 1334
f 1255 1335 1336
f 1255 1333 1335
f 1256 1337 1338
f 1256 1339 1337
f 1256 1336 1339
f 1242 1340 1341
f 1242 1338 1340
f 1218 1342 1343
f 1218 1341 1344
f 1344 1342 1218
f 1243 1345 1346
f 1243 1343 1345
f 1244 1347 1348
f 1244 1349 1347
f 1244 1346 1349
f 1245 1350 1351
f 1245 1348 1350
f 1219 1352 1353
f 1353 1220 1219
f 1353 1354 1220
f 1219 1351 1352
f 1220 1355 1356
f 1220 1354 1355
f 1259 1357 1358
f 1259 1356 1359
f 1359 1357 1259
f 1266 1360 1361
f 1266 1358 1360
f 1267 1362 1363
f 1267 1361 1364
f 1364 1362 1267
f 1268 1365 1366
f 1268 1367 1365
f 1268 1363 1367
f 1221 1368 1369
f 1221 1366 1368
f 1194 1370 1371
f 1371 1195 1194
f 1371 1372 1195
f 1194 1369 1370
f 1195 1373 1374
f 1195 1372 1373
f 1196 1375 1376
f 1196 1374 1377
f 1377 1375 1196
f 1165 1378 1379
f 1165 1380 1378
f 1165 1376 1380
f 1222 1381 1382
f 1222 1379 1381
f 1223 1383 1384
f 1223 1382 1385
f 1385 1383 1223
f 1166 1386 1387
f 1166 1388 1386
f 1166 1384 1388
f 1140 1389 1390
f 1140 1387 1389
f 1141 1391 1392
f 1141 1390 1393
f 1393 1391 1141
f 1197 1394 1395
f 1395 1167 1197
f 1197 1392 1394
f 1198 1167 1396
f 1167 1397 1396
f 1199 1198 1398
f 1198 1399 1400
f 1400 1398 1198
f 1199 1401 1402
f 1402 1224 1199
f 1224 1403 1404
f 1404 1200 1224
f 1404 1405 1200
f 1225 1406 1407
f 1200 1408 1406
f 1406 1225 1200
f 1226 1225 1409
f 1409 1410 1226
f 1226 1411 1412
f 1412 1246 1226
f 1412 1413 1246
f 1227 1414 1415
f 1227 1246 1416
f 1416 1414 1227
f 1228 1227 1417
f 1417 1418 1228
f 1247 1228 1419
f 1419 1420 1247
f 1420 1421 1247
f 1229 1422 1423
f 1229 1247 1424
f 1424 1422 1229
f 1257 1229 1425
f 1425 1426 1257
f 1269 1257 1427
f 1427 1428 1269
f 1428 1429 1269
f 1258 1430 1431
f 1258 1269 1432
f 1432 1430 1258
f 1248 1258 1433
f 1433 1434 1248
f 1249 1435 1436
f 1249 1248 1437
f 1437 1435 1249
f 1260 1249 1438
f 1438 1439 1260
f 1261 1260 1440
f 1440 1441 1261
f 1441 1442 1261
f 1284 1261 1443
f 1443 1444 1284
f 1291 1284 1445
f 1445 1446 1291
f 1446 1447 1291
f 1270 1448 1449
f 1270 1291 1450
f 1450 1448 1270
f 1262 1270 1451
f 1451 1452 1262
f 1263 1453 1454
f 1263 1262 1455
f 1455 1453 1263
f 1271 1263 1456
f 1456 1457 1271
f 1272 1458 1459
f 1272 1271 1460
f 1460 1458 1272
f 1285 1272 1461
f 1461 1462 1285
f 1286 1285 1463
f 1463 1464 1286
f 1273 1465 1466
f 1273 1286 1467
f 1467 1465 1273
f 1264 1273 1468
f 1468 1469 1264
f 1265 1470 1471
f 1265 1264 1472
f 1472 1470 1265
f 1274 1265 1473
f 1473 1474 1274
f 1275 1274 1475
f 1475 1476 1275
f 1276 1477 1478
f 1276 1275 1479
f 1479 1477 1276
f 1277 1276 1480
f 1480 1481 1277
f 1278 1277 1482
f 1482 1483 1278
f 1279 1484 1485
f 1279 1278 1486
f 1486 1484 1279
f 1280 1279 1487
f 1487 1488 1280
f 1287 1280 1489
f 1489 1490 1287
f 1281 1287 1491
f 1491 1492 1281
f 1288 1281 1493
f 1493 1494 1288
f 1494 1495 1288
f 1289 1288 1496
f 1496 1497 1289
f 1290 1289 1498
f 1498 1499 1290
f 1282 1290 1500
f 1500 1501 1282
f 1283 1282 1502
f 1502 1503 1283
f 1292 1283 1504
f 1504 1505 1292
f 1293 1292 1506
f 1506 1507 1293
f 1293 1508 1509
f 1509 1230 1293
f 1230 1510 1511
f 1230 1512 1510
f 1231 1513 1514
f 1231 1511 1513
f 1168 1515 1516
f 1168 1514 1515
f 1142 1517 1518
f 1142 1516 1517
f 1169 1519 1520
f 1169 1518 1519
f 1170 1521 1522
f 1170 1520 1521
f 1171 1523 1524
f 1171 1525 1523
f 1171 1522 1525
f 1143 1526 1527
f 1143 1524 1526
f 1144 1528 1529
f 1144 1527 1528
f 1172 1530 1531
f 1172 1529 1530
f 1173 1532 1533
f 1173 1531 1534
f 1534 1532 1173
f 1201 1535 1536
f 1201 1533 1535
f 1202 1537 1538
f 1202 1536 1537
f 1145 1539 1540
f 1145 1538 1541
f 1541 1539 1145
f 1133 1542 1543
f 1133 1540 1542
f 1134 1544 1545
f 1134 1543 1544
f 1146 1546 1547
f 1146 1545 1548
f 1548 1546 1146
f 1147 1549 1550
f 1147 1547 1549
f 1174 1551 1552
f 1174 1550 1553
f 1553 1551 1174
f 1175 1554 1555
f 1175 1552 1554
f 1176 1556 1557
f 1176 1555 1556
f 1148 1558 1559
f 1148 1557 1560
f 1560 1558 1148
f 1149 1561 1562
f 1149 1559 1561
f 1177 1563 1564
f 1177 1562 1565
f 1565 1563 1177
f 1150 1566 1567
f 1150 1564 1566
f 1151 1568 1569
f 1151 1567 1570
f 1570 1568 1151
f 1152 1571 1572
f 1152 1573 1571
f 1152 1569 1573
f 1135 1574 1575
f 1135 1572 1574
f 1129 1576 1577
f 1129 1578 1576
f 1129 1575 1578
f 1130 1579 1580
f 1130 1577 1579
f 1203 1581 1582
f 1203 1580 1583
f 1583 1581 1203
f 1178 1584 1585
f 1178 1582 1584
f 1204 1586 1587
f 1204 1585 1588
f 1588 1586 1204
f 1205 1589 1590
f 1205 1591 1589
f 1205 1587 1591
f 1179 1592 1593
f 1179 1590 1592
f 1153 1594 1595
f 1153 1593 1596
f 1596 1594 1153
f 1154 1597 1598
f 1154 1599 1597
f 1154 1595 1599
f 1206 1600 1601
f 1206 1598 1600
f 1207 1602 1603
f 1207 1601 1604
f 1604 1602 1207
f 1233 1232 1605
f 1232 1606 1605
f 1232 1603 1606
f 1233 1607 1608
f 1233 1609 1607
f 1208 1234 1610
f 1234 1608 1611
f 1611 1610 1234
f 1209 1208 1612
f 1612 1613 1209
f 1208 1614 1612
f 1615 1250 1210
f 1209 1616 1617
f 1617 1210 1209
f 1211 1618 1619
f 1250 1615 1618
f 1618 1211 1250
f 1211 1620 1621
f 1621 1180 1211
f 1181 1180 1622
f 1180 1623 1622
f 1622 1624 1181
f 1235 1625 1626
f 1235 1181 1627
f 1627 1625 1235
f 1212 1235 1628
f 1628 1629 1212
f 1236 1212 1630
f 1630 1631 1236
f 1631 1632 1236
f 1237 1633 1634
f 1237 1236 1635
f 1635 1633 1237
f 1238 1237 1636
f 1636 1637 1238
f 1213 1238 1638
f 1638 1639 1213
f 1639 1640 1213
f 1214 1641 1642
f 1214 1213 1643
f 1643 1641 1214
f 1239 1214 1644
f 1644 1645 1239
f 1240 1239 1646
f 1646 1647 1240
f 1647 1648 1240
f 1182 1240 1649
f 1649 1650 1182
f 1183 1182 1651
f 1651 1652 1183
f 1652 1653 1183
f 1184 1654 1655
f 1184 1183 1656
f 1656 1654 1184
f 1185 1184 1657
f 1657 1658 1185
f 1186 1659 1660
f 1186 1185 1661
f 1661 1659 1186
f 1187 1186 1662
f 1662 1663 1187
f 1155 1187 1664
f 1664 1665 1155
f 1665 1666 1155
f 1188 1155 1667
f 1667 1668 1188
f 1189 1188 1669
f 1669 1670 1189
f 1670 1671 1189
f 1215 1189 1672
f 1672 1673 1215
f 1190 1674 1675
f 1190 1215 1676
f 1676 1674 1190
f 1191 1190 1677
f 1677 1678 1191
f 1156 1191 1679
f 1679 1680 1156
f 1680 1681 1156
f 1136 1156 1682
f 1682 1683 1136
f 1157 1136 1684
f 1684 1685 1157
f 1685 1686 1157
f 1158 1157 1687
f 1687 1688 1158
f 1159 1158 1689
f 1689 1690 1159
f 1137 1159 1691
f 1691 1692 1137
f 1692 1693 1137
f 1138 1137 1694
f 1694 1695 1138
f 1160 1138 1696
f 1696 1697 1160
f 1161 1160 1698
f 1698 1699 1161
f 1699 1700 1161
f 1162 1161 1701
f 1701 1702 1162
f 1163 1162 1703
f 1703 1704 1163
f 1131 1163 1705
f 1705 1706 1131
f 1124 1131 1707
f 1707 1708 1124
f 1125 1709 1710
f 1125 1124 1711
f 1711 1709 1125
f 1126 1125 1712
f 1712 1713 1126
f 1122 1126 1714
f 1714 1715 1122
f 1120 1122 1716
f 1716 1717 1120
f 1121 1120 1718
f 1718 1719 1121
f 1119 1121 1720
f 1720 1721 1119
f 1119 1722 1723
f 1723 1116 1119
f 1723 1295 1116
f 1721 1722 1119
f 1719 1720 1121
f 1717 1718 1120
f 1715 1716 1122
f 1713 1714 1126
f 1710 1712 1125
f 1708 1711 1124
f 1706 1707 1131
f 1704 1705 1163
f 1702 1703 1162
f 1700 1701 1161
f 1697 1698 1160
f 1695 1696 1138
f 1693 1694 1137
f 1690 1691 1159
f 1688 1689 1158
f 1686 1687 1157
f 1683 1684 1136
f 1681 1682 1156
f 1678 1679 1191
f 1675 1677 1190
f 1673 1676 1215
f 1671 1672 1189
f 1668 1669 1188
f 1666 1667 1155
f 1663 1664 1187
f 1660 1662 1186
f 1658 1661 1185
f 1655 1657 1184
f 1653 1656 1183
f 1650 1651 1182
f 1648 1649 1240
f 1645 1646 1239
f 1642 1644 1214
f 1640 1643 1213
f 1637 1638 1238
f 1634 1636 1237
f 1632 1635 1236
f 1629 1630 1212
f 1626 1628 1235
f 1624 1627 1181
f 1621 1623 1180
f 1619 1620 1211
f 1210 1617 1615
f 1613 1616 1209
f 1610 1614 1208
f 1608 1234 1233
f 1605 1609 1233
f 1603 1232 1207
f 1601 1207 1206
f 1598 1206 1154
f 1595 1154 1153
f 1593 1153 1179
f 1590 1179 1205
f 1587 1205 1204
f 1585 1204 1178
f 1582 1178 1203
f 1580 1203 1130
f 1577 1130 1129
f 1575 1129 1135
f 1572 1135 1152
f 1569 1152 1151
f 1567 1151 1150
f 1564 1150 1177
f 1562 1177 1149
f 1559 1149 1148
f 1557 1148 1176
f 1555 1176 1175
f 1552 1175 1174
f 1550 1174 1147
f 1547 1147 1146
f 1545 1146 1134
f 1543 1134 1133
f 1540 1133 1145
f 1538 1145 1202
f 1536 1202 1201
f 1533 1201 1173
f 1531 1173 1172
f 1529 1172 1144
f 1527 1144 1143
f 1524 1143 1171
f 1522 1171 1170
f 1520 1170 1169
f 1518 1169 1142
f 1516 1142 1168
f 1514 1168 1231
f 1511 1231 1230
f 1509 1512 1230
f 1507 1508 1293
f 1505 1506 1292
f 1503 1504 1283
f 1501 1502 1282
f 1499 1500 1290
f 1497 1498 1289
f 1495 1496 1288
f 1492 1493 1281
f 1490 1491 1287
f 1488 1489 1280
f 1485 1487 1279
f 1483 1486 1278
f 1481 1482 1277
f 1478 1480 1276
f 1476 1479 1275
f 1474 1475 1274
f 1471 1473 1265
f 1469 1472 1264
f 1466 1468 1273
f 1464 1467 1286
f 1462 1463 1285
f 1459 1461 1272
f 1457 1460 1271
f 1454 1456 1263
f 1452 1455 1262
f 1449 1451 1270
f 1447 1450 1291
f 1444 1445 1284
f 1442 1443 1261
f 1439 1440 1260
f 1436 1438 1249
f 1434 1437 1248
f 1431 1433 1258
f 1429 1432 1269
f 1426 1427 1257
f 1423 1425 1229
f 1421 1424 1247
f 1418 1419 1228
f 1415 1417 1227
f 1413 1416 1246
f 1410 1411 1226
f 1407 1409 1225
f 1405 1408 1200
f 1402 1403 1224
f 1398 1401 1199
f 1396 1399 1198
f 1395 1397 1167
f 1392 1197 1141
f 1390 1141 1140
f 1387 1140 1166
f 1384 1166 1223
f 1382 1223 1222
f 1379 1222 1165
f 1376 1165 1196
f 1374 1196 1195
f 1369 1194 1221
f 1366 1221 1268
f 1363 1268 1267
f 1361 1267 1266
f 1358 1266 1259
f 1356 1259 1220
f 1351 1219 1245
f 1348 1245 1244
f 1346 1244 1243
f 1343 1243 1218
f 1341 1218 1242
f 1338 1242 1256
f 1336 1256 1255
f 1333 1255 1254
f 1331 1254 1253
f 1329 1253 1252
f 1326 1252 1251
f 1324 1251 1241
f 1322 1241 1217
f 1319 1217 1216
f 1317 1216 1193
f 1315 1193 1192
f 1313 1192 1164
f 1311 1164 1132
f 1308 1132 1139
f 1306 1139 1128
f 1304 1128 1127
f 1302 1127 1123
f 1300 1123 1118
f 1297 1118 1117
f 1294 1298 1117
f 1724 851 850
f 850 1725 1724
f 1724 1725 1726
f 1727 1726 1728
f 1729 1728 1730
f 1731 1730 1732
f 1733 1732 1734
f 1735 1736 1737
f 1737 1738 1735
f 1738 1739 1735
f 1740 1735 1741
f 1741 1742 1740
f 1742 1743 1740
f 1744 1745 1746
f 1744 1740 1747
f 1747 1745 1744
f 1748 1744 1749
f 1749 1750 1748
f 1750 1751 1748
f 1752 1753 1754
f 1752 1748 1755
f 1755 1756 1752
f 1756 1753 1752
f 1757 1758 1759
f 1757 1752 1760
f 1760 1758 1757
f 1761 1757 1762
f 1762 1763 1761
f 1763 1764 1761
f 1764 1765 1761
f 1766 1767 1768
f 1766 1761 1769
f 1769 1770 1766
f 1770 1767 1766
f 1771 1766 1772
f 1772 1773 1771
f 1773 1774 1771
f 1774 1775 1771
f 1776 1777 1778
f 1778 1779 1776
f 1779 1780 1776
f 1776 1771 1781
f 1781 1782 1776
f 1782 1777 1776
f 1783 1784 1785
f 1785 1786 1783
f 1786 1787 1783
f 1783 1776 1780
f 1780 1788 1783
f 1788 1784 1783
f 1789 1790 1791
f 1791 1792 1789
f 1792 1793 1789
f 1789 1783 1787
f 1787 1794 1789
f 1794 1790 1789
f 1795 1796 1797
f 1795 1789 1793
f 1793 1798 1795
f 1798 1799 1795
f 1799 1800 1795
f 1800 1796 1795
f 1801 1802 1803
f 1801 1804 1802
f 1803 1805 1801
f 1801 1795 1806
f 1806 1807 1801
f 1807 1808 1801
f 1808 1804 1801
f 1809 1810 1811
f 1809 1812 1810
f 1811 1813 1809
f 1809 1801 1805
f 1805 1814 1809
f 1814 1815 1809
f 1815 1816 1809
f 1816 1817 1809
f 1817 1818 1809
f 1818 1812 1809
f 1819 1820 1821
f 1819 1822 1820
f 1821 1823 1819
f 1819 1809 1813
f 1813 1824 1819
f 1824 1825 1819
f 1825 1826 1819
f 1826 1827 1819
f 1827 1828 1819
f 1828 1829 1819
f 1829 1830 1819
f 1830 1831 1819
f 1831 1832 1819
f 1832 1833 1819
f 1833 1834 1819
f 1834 1822 1819
f 1835 1836 1837
f 1836 1838 1839
f 1836 1840 1838
f 1836 1835 1840
f 1839 1841 1836
f 1842 1843 1835
f 1842 1844 1843
f 1835 1845 1842
f 1842 1846 1844
f 1847 1848 1844
f 1849 1850 1848
f 1848 1847 1849
f 1851 1852 1853
f 1853 1850 1851
f 1849 1851 1850
f 1854 1855 1856
f 1855 1857 1852
f 1855 1858 1857
f 1855 1854 1858
f 1852 1859 1855
f 1860 1861 1862
f 1863 1864 1854
f 1863 1865 1864
f 1854 1866 1863
f 1861 1860 1867
f 1867 1865 1861
f 1863 1861 1865
f 1868 1869 1870
f 1869 1871 1860
f 1869 1868 1872
f 1872 1871 1869
f 1860 1873 1869
f 1874 1875 1868
f 1874 1876 1875
f 1868 1877 1874
f 1874 1878 1876
f 1879 1880 1876
f 1878 1879 1876
f 1881 1882 1880
f 1883 1884 1885
f 1886 1887 1882
f 1886 1888 1887
f 1882 1881 1886
f 1884 1883 1889
f 1889 1888 1884
f 1886 1884 1888
f 1890 1891 1892
f 1892 1893 1890
f 1892 1883 1893
f 1890 1894 1891
f 1895 1896 1891
f 1894 1895 1891
f 1897 1898 1896
f 1899 1900 1901
f 1899 1902 1900
f 1903 1904 1898
f 1903 1905 1904
f 1898 1897 1903
f 1902 1899 1906
f 1906 1907 1902
f 1907 1905 1902
f 1903 1902 1905
f 1908 1909 1899
f 1908 1910 1909
f 1899 1911 1908
f 1908 1912 1910
f 1913 1914 1915
f 1915 1916 1913
f 1916 1910 1913
f 1912 1913 1910
f 1917 1918 1919
f 1917 1920 1918
f 1921 1922 1914
f 1921 1917 1922
f 1914 1923 1921
f 1921 1920 1917
f 1924 1925 1926
f 1926 1927 1924
f 1927 1917 1924
f 1924 1928 1929
f 1924 1930 1931
f 1931 1928 1924
f 1929 1925 1924
f 1932 1933 1934
f 1935 1932 1936
f 1936 1924 1935
f 1936 1930 1924
f 1935 1937 1932
f 1937 1938 1932
f 1938 1933 1932
f 1934 1939 1932
f 1940 1941 1942
f 1942 1943 1940
f 1943 1944 1940
f 1939 1945 1946
f 1947 1940 1945
f 1945 1939 1947
f 1946 1932 1939
f 1947 1948 1940
f 1948 1941 1940
f 1944 1949 1950
f 1950 1951 1944
f 1951 1940 1944
f 1944 1952 1953
f 1953 1954 1944
f 1954 1949 1944
f 1944 1955 1956
f 1944 1957 1955
f 1956 1952 1944
f 1958 1959 1960
f 1961 1958 1962
f 1962 1944 1961
f 1962 1963 1944
f 1961 1964 1958
f 1963 1957 1944
f 1964 1965 1958
f 1965 1966 1958
f 1966 1967 1958
f 1967 1959 1958
f 1960 1968 1958
f 1969 1970 1971
f 1969 1972 1973
f 1973 1974 1969
f 1974 1975 1969
f 1975 1976 1969
f 1976 1977 1969
f 1977 1978 1969
f 1978 1979 1969
f 1979 1980 1969
f 1980 1981 1969
f 1981 1982 1969
f 1982 1970 1969
f 1968 1983 1984
f 1968 1985 1986
f 1968 1987 1985
f 1986 1983 1968
f 1968 1988 1987
f 1984 1958 1968
f 1968 1989 1990
f 1990 1991 1968
f 1991 1988 1968
f 1968 1992 1989
f 1968 1993 1992
f 1968 1994 1993
f 1972 1969 1995
f 1995 1968 1972
f 1995 1996 1968
f 1996 1994 1968
f 1997 1998 1999
f 1997 2000 1998
f 1999 1969 1997
f 2001 2002 2003
f 2001 2004 2002
f 2003 2005 2001
f 2001 2006 2004
f 2007 2008 2006
f 2006 2001 2007
f 2007 2009 2010
f 2010 2011 2007
f 2011 2008 2007
f 2012 2009 2000
f 2000 1997 2012
f 2012 2013 2009
f 2013 2014 2009
f 2014 2015 2009
f 2015 2010 2009
f 1734 2016 2017
f 2017 2007 1734
f 2017 2009 2007
f 1734 1819 1823
f 1823 2018 1734
f 2018 2019 1734
f 2019 2020 1734
f 2020 2016 1734
f 2001 2021 2022
f 2001 2023 2024
f 2024 2025 2001
f 2025 2021 2001
f 2001 2026 2027
f 2027 2023 2001
f 2001 2028 2029
f 2029 2030 2001
f 2030 2026 2001
f 2001 2031 2032
f 2001 2033 2031
f 2032 2028 2001
f 2001 2005 2034
f 2034 2033 2001
f 2035 2036 2037
f 2035 2038 2036
f 2035 2039 2040
f 2040 2038 2035
f 2037 2041 2035
f 2042 2043 2039
f 2039 2035 2042
f 2042 2022 2044
f 2044 2043 2042
f 2035 2045 2046
f 2035 2047 2045
f 2035 2048 2047
f 2035 2041 2049
f 2049 2050 2035
f 2050 2048 2035
f 2051 2052 2053
f 2051 2054 2052
f 2051 2055 2054
f 2051 2056 2055
f 2051 2046 2057
f 2057 2056 2051
f 2058 2059 2060
f 2058 2061 2059
f 2058 2053 2062
f 2062 2063 2058
f 2063 2061 2058
f 2064 2065 2066
f 2064 2067 2065
f 2064 2068 2067
f 2064 2060 2068
f 2069 2070 2071
f 2069 2072 2070
f 2069 2066 2073
f 2073 2074 2069
f 2074 2072 2069
f 2075 2076 2077
f 2075 2078 2076
f 2075 2079 2078
f 2075 2071 2079
f 2080 2081 2082
f 2080 2083 2081
f 2080 2077 2084
f 2084 2083 2080
f 2085 2086 2087
f 2085 2088 2086
f 2085 2089 2088
f 2085 2082 2089
f 2090 2091 2092
f 2090 2087 2093
f 2093 2091 2090
f 2094 2095 2096
f 2094 2097 2095
f 2094 2092 2098
f 2098 2097 2094
f 2099 2100 2101
f 2099 2096 2102
f 2102 2100 2099
f 2103 2104 2105
f 2103 2106 2104
f 2103 2101 2106
f 2107 2108 2109
f 2107 2110 2108
f 2107 2105 2110
f 2111 2112 2113
f 2111 2109 2114
f 2114 2112 2111
f 2113 2115 2111
f 2109 2111 2107
f 2105 2107 2103
f 2101 2103 2099
f 2096 2099 2094
f 2092 2094 2090
f 2087 2090 2085
f 2082 2085 2080
f 2077 2080 2075
f 2071 2075 2069
f 2066 2069 2064
f 2060 2064 2058
f 2053 2058 2051
f 2046 2051 2035
f 2022 2042 2001
f 1971 1997 1969
f 1919 1924 1917
f 1913 1923 1914
f 1901 1911 1899
f 1895 1897 1896
f 1885 1893 1883
f 1879 1881 1880
f 1870 1877 1868
f 1862 1873 1860
f 1856 1866 1854
f 1851 1859 1852
f 1846 1847 1844
f 1837 1845 1835
f 1797 1806 1795
f 1775 1781 1771
f 1768 1772 1766
f 1765 1769 1761
f 1759 1762 1757
f 1754 1760 1752
f 1751 1755 1748
f 1746 1749 1744
f 1743 1747 1740
f 1739 1741 1735
f 1734 2007 1733
f 1732 1733 1731
f 1730 1731 1729
f 1728 1729 1727
f 1726 1727 1724
f 850 856 1725
f 1809 1819 2116
f 1801 2117 2118
f 2117 1801 1809
f 2116 2117 1809
f 1819 1734 2119
f 1732 2120 2119
f 1730 2121 2120
f 856 2122 2123
f 856 2124 2125
f 866 2126 2127
f 2119 2116 1819
f 2120 1732 1730
f 1728 1726 2128
f 1726 1725 2129
f 856 2130 2129
f 2125 2122 856
f 866 2131 2126
f 1752 1757 2132
f 2119 1734 1732
f 2121 1730 1728
f 2129 1725 856
f 856 2133 2134
f 856 2135 2124
f 856 2136 2137
f 856 2138 2139
f 2127 856 866
f 2140 2141 2142
f 2143 1748 1752
f 1757 1761 2144
f 1766 2145 2144
f 1771 2146 2145
f 1776 1783 2147
f 2128 2121 1728
f 2134 2130 856
f 2137 2135 856
f 2127 2138 856
f 2148 866 922
f 2140 2149 2150
f 2140 2151 2152
f 2142 2153 2140
f 1736 2154 2155
f 1736 2156 2157
f 2144 2132 1757
f 2145 1766 1771
f 2146 1771 1776
f 1783 1789 2158
f 2129 2128 1726
f 2139 2136 856
f 866 2159 2160
f 922 2161 2148
f 2140 2162 2163
f 2140 2164 2165
f 2140 2166 2149
f 2153 2151 2140
f 2140 1736 2167
f 2157 2154 1736
f 1744 2168 2169
f 1748 2143 2168
f 2144 1761 1766
f 2158 2147 1783
f 2123 2133 856
f 2160 2170 866
f 866 2171 2172
f 2148 2173 866
f 2140 2174 2175
f 2163 2176 2140
f 2165 2177 2140
f 2152 2166 2140
f 1736 2178 2167
f 1736 2179 2156
f 1736 2180 2181
f 1736 1735 2182
f 1735 1740 2169
f 2168 1744 1748
f 2147 2146 1776
f 1795 2118 2158
f 2170 2131 866
f 2173 2171 866
f 2175 2183 2140
f 2177 2162 2140
f 2167 2141 2140
f 2181 2179 1736
f 2182 2184 1736
f 2169 1740 1744
f 2158 1789 1795
f 2172 2159 866
f 2176 2174 2140
f 2155 2178 1736
f 2169 2182 1735
f 2118 1795 1801
f 2150 2164 2140
f 2132 2143 1752
f 2175 2185 2183
f 2185 2186 2183
f 2184 2180 1736
f 2183 2187 2188
f 2188 2140 2183
f 2189 2190 2186
f 2191 2189 2185
f 2192 2191 2175
f 2193 2192 2174
f 2194 2193 2176
f 2195 2194 2163
f 2196 2195 2162
f 2197 2196 2177
f 2198 2197 2165
f 2199 2198 2164
f 2200 2199 2150
f 2201 2200 2149
f 2202 2201 2166
f 2203 2202 2152
f 2204 2203 2151
f 2205 2204 2153
f 2206 2205 2142
f 2207 2206 2141
f 2208 2207 2167
f 2209 2208 2178
f 2210 2209 2155
f 2211 2210 2154
f 2212 2211 2157
f 2213 2212 2156
f 2214 2213 2179
f 2215 2214 2181
f 2216 2215 2180
f 2217 2216 2184
f 2218 2217 2182
f 2219 2218 2169
f 2220 2219 2168
f 2221 2220 2143
f 2222 2221 2132
f 2223 2222 2144
f 2224 2223 2145
f 2225 2224 2146
f 2226 2225 2147
f 2227 2226 2158
f 2228 2227 2118
f 2229 2228 2117
f 2230 2229 2116
f 2231 2230 2119
f 2232 2231 2120
f 2233 2232 2121
f 2234 2233 2128
f 2235 2234 2129
f 2236 2235 2130
f 2237 2236 2134
f 2238 2239 2240
f 2241 2238 2242
f 2243 2241 2244
f 2245 2243 2246
f 2247 2245 2248
f 2249 2247 2250
f 2251 2249 2252
f 2253 2251 2254
f 2255 2253 2256
f 2257 2255 2258
f 2259 2257 2260
f 2261 2259 2262
f 2263 2261 2264
f 2265 2263 2266
f 2267 2265 2268
f 2269 2267 2270
f 2271 2269 2272
f 2273 2271 2274
f 2275 2273 2276
f 2277 2275 2278
f 2279 2277 2280
f 2281 2279 2282
f 2283 2281 2284
f 2285 2283 2286
f 2287 2285 2288
f 2289 2287 2290
f 2291 2289 2292
f 2293 2291 2294
f 2295 2293 2296
f 2297 2295 2298
f 2299 2297 2300
f 2301 2299 2302
f 2303 2301 2304
f 2305 2303 2306
f 2307 2305 2308
f 2309 2307 2310
f 2311 2309 2312
f 2313 2311 2314
f 2315 2313 2316
f 2317 2315 2318
f 2319 2317 2320
f 2321 2319 2322
f 2323 2321 2324
f 2325 2323 2326
f 2327 2325 2328
f 2329 2327 2330
f 2331 2329 2332
f 2333 2331 2334
f 2335 274 271
f 2335 275 274
f 2335 277 275
f 2335 278 277
f 2335 281 280
f 280 278 2335
f 271 270 2335
f 2336 283 281
f 281 2335 2336
f 2336 285 284
f 284 283 2336
f 2335 261 260
f 2335 264 261
f 2335 265 264
f 2335 267 265
f 2335 268 267
f 2335 270 272
f 272 268 2335
f 2337 251 250
f 2337 254 251
f 2337 255 254
f 2337 257 255
f 2337 258 257
f 2337 260 262
f 262 258 2337
f 2338 244 243
f 2338 247 244
f 2338 248 247
f 2338 250 252
f 252 248 2338
f 2339 237 234
f 2339 238 237
f 2339 240 238
f 2339 241 240
f 2339 243 245
f 245 241 2339
f 2340 230 227
f 2340 231 230
f 2340 235 231
f 2340 234 233
f 233 235 2340
f 2341 223 220
f 2341 224 223
f 2341 228 224
f 2341 227 226
f 226 228 2341
f 2342 217 216
f 2342 221 217
f 2342 220 219
f 219 221 2342
f 2343 210 209
f 2343 212 210
f 2343 213 212
f 2343 216 215
f 215 213 2343
f 2344 205 202
f 2344 206 205
f 2344 209 208
f 208 206 2344
f 2345 198 195
f 2345 199 198
f 2345 202 201
f 201 203 2345
f 203 199 2345
f 2346 192 191
f 2346 196 192
f 2346 195 194
f 194 196 2346
f 2347 187 184
f 2347 188 187
f 2347 191 190
f 190 188 2347
f 2348 181 180
f 2348 185 181
f 2348 184 183
f 183 185 2348
f 2349 176 173
f 2349 177 176
f 2349 180 179
f 179 177 2349
f 2350 170 168
f 2350 174 170
f 2350 173 172
f 172 174 2350
f 2351 165 162
f 2351 166 165
f 2351 168 167
f 167 166 2351
f 2352 2353 159
f 2353 163 159
f 2353 162 161
f 161 163 2353
f 2354 153 150
f 2354 2352 154
f 154 153 2354
f 2352 157 156
f 156 154 2352
f 2355 147 148
f 2354 152 151
f 151 2355 2354
f 151 147 2355
f 2356 140 139
f 2356 2355 144
f 144 143 2356
f 143 140 2356
f 2357 136 133
f 2357 2356 141
f 141 137 2357
f 137 136 2357
f 2358 129 128
f 2358 2357 132
f 132 134 2358
f 134 129 2358
f 2359 125 122
f 2359 2358 130
f 130 126 2359
f 126 125 2359
f 2360 118 117
f 2360 2359 121
f 121 123 2360
f 123 118 2360
f 2361 114 113
f 2361 2360 119
f 119 115 2361
f 115 114 2361
f 2362 107 104
f 2362 108 107
f 2362 2361 111
f 111 110 2362
f 110 108 2362
f 2363 100 99
f 2363 2362 103
f 103 105 2363
f 105 100 2363
f 2364 93 92
f 2364 96 93
f 2364 2363 101
f 101 97 2364
f 97 96 2364
f 2365 89 86
f 2365 2364 94
f 94 90 2365
f 90 89 2365
f 2366 82 79
f 2366 2365 85
f 85 87 2366
f 87 83 2366
f 83 82 2366
f 2367 75 72
f 2367 2366 78
f 78 80 2367
f 80 76 2367
f 76 75 2367
f 2368 65 64
f 2368 2367 71
f 71 73 2368
f 73 69 2368
f 69 68 2368
f 68 65 2368
f 2369 58 57
f 2369 2368 66
f 66 62 2369
f 62 61 2369
f 61 58 2369
f 2370 48 47
f 2370 2369 59
f 59 55 2370
f 55 54 2370
f 54 52 2370
f 52 51 2370
f 51 48 2370
f 2371 38 37
f 2371 2370 49
f 49 45 2371
f 45 44 2371
f 44 42 2371
f 42 41 2371
f 41 38 2371
f 2372 25 22
f 2372 2371 39
f 39 35 2372
f 35 34 2372
f 34 32 2372
f 32 31 2372
f 31 29 2372
f 29 28 2372
f 28 26 2372
f 26 25 2372
f 2373 1702 1701
f 2373 1703 1702
f 2373 1704 1703
f 2373 1705 1704
f 2373 1707 1706
f 1706 1705 2373
f 1701 1700 2373
f 2374 1708 1707
f 1707 2373 2374
f 2374 1709 1711
f 1711 1708 2374
f 2373 1694 1693
f 2373 1695 1694
f 2373 1696 1695
f 2373 1697 1696
f 2373 1698 1697
f 2373 1700 1699
f 1699 1698 2373
f 2375 1687 1686
f 2375 1688 1687
f 2375 1689 1688
f 2375 1690 1689
f 2375 1691 1690
f 2375 1693 1692
f 1692 1691 2375
f 2376 1682 1681
f 2376 1683 1682
f 2376 1684 1683
f 2376 1686 1685
f 1685 1684 2376
f 2377 1675 1674
f 2377 1677 1675
f 2377 1678 1677
f 2377 1679 1678
f 2377 1681 1680
f 1680 1679 2377
f 2378 1671 1670
f 2378 1672 1671
f 2378 1673 1672
f 2378 1674 1676
f 1676 1673 2378
f 2379 1666 1665
f 2379 1667 1666
f 2379 1668 1667
f 2379 1670 1669
f 1669 1668 2379
f 2380 1662 1660
f 2380 1663 1662
f 2380 1665 1664
f 1664 1663 2380
f 2381 1657 1655
f 2381 1658 1657
f 2381 1660 1659
f 1659 1661 2381
f 1661 1658 2381
f 2382 1653 1652
f 2382 1656 1653
f 2382 1655 1654
f 1654 1656 2382
f 2383 1648 1647
f 2383 1649 1648
f 2383 1652 1651
f 1651 1650 2383
f 1650 1649 2383
f 2384 1644 1642
f 2384 1645 1644
f 2384 1647 1646
f 1646 1645 2384
f 2385 1640 1639
f 2385 1643 1640
f 2385 1642 1641
f 1641 1643 2385
f 2386 1636 1634
f 2386 1637 1636
f 2386 1639 1638
f 1638 1637 2386
f 2387 1632 1631
f 2387 1635 1632
f 2387 1634 1633
f 1633 1635 2387
f 2388 1628 1626
f 2388 1629 1628
f 2388 1631 1630
f 1630 1629 2388
f 2389 1624 1622
f 2389 1627 1624
f 2389 1626 1625
f 1625 1627 2389
f 2390 2391 1620
f 2391 1621 1620
f 2391 1622 1623
f 1623 1621 2391
f 2148 2161 1617
f 1617 1616 2148
f 2390 1619 1618
f 1618 2161 2390
f 1618 1615 2161
f 1615 1617 2161
f 2173 1614 1610
f 2148 1613 1612
f 1612 2173 2148
f 1612 1614 2173
f 2171 1607 1609
f 2171 2173 1611
f 1611 1608 2171
f 1608 1607 2171
f 2172 1603 1602
f 2172 2171 1605
f 1605 1606 2172
f 1606 1603 2172
f 2159 1600 1598
f 2159 2172 1604
f 1604 1601 2159
f 1601 1600 2159
f 2160 1595 1594
f 2160 2159 1597
f 1597 1599 2160
f 1599 1595 2160
f 2170 1592 1590
f 2170 2160 1596
f 1596 1593 2170
f 1593 1592 2170
f 2131 1587 1586
f 2131 2170 1589
f 1589 1591 2131
f 1591 1587 2131
f 2126 1582 1581
f 2126 1584 1582
f 2126 2131 1588
f 1588 1585 2126
f 1585 1584 2126
f 2127 1579 1577
f 2127 2126 1583
f 1583 1580 2127
f 1580 1579 2127
f 2138 1574 1572
f 2138 2127 1576
f 1576 1578 2138
f 1578 1575 2138
f 1575 1574 2138
f 2139 1569 1568
f 2139 2138 1571
f 1571 1573 2139
f 1573 1569 2139
f 2136 1564 1563
f 2136 2139 1570
f 1570 1567 2136
f 1567 1566 2136
f 1566 1564 2136
f 2137 1559 1558
f 2137 2136 1565
f 1565 1562 2137
f 1562 1561 2137
f 1561 1559 2137
f 2135 1554 1552
f 2135 2137 1560
f 1560 1557 2135
f 1557 1556 2135
f 1556 1555 2135
f 1555 1554 2135
f 2124 1549 1547
f 2124 2135 1551
f 1551 1553 2124
f 1553 1550 2124
f 1550 1549 2124
f 2125 1542 1540
f 2125 2124 1546
f 1546 1548 2125
f 1548 1545 2125
f 1545 1544 2125
f 1544 1543 2125
f 1543 1542 2125
f 2122 1535 1533
f 2122 2125 1539
f 1539 1541 2122
f 1541 1538 2122
f 1538 1537 2122
f 1537 1536 2122
f 1536 1535 2122
f 2123 1524 1523
f 2123 2122 1532
f 1532 1534 2123
f 1534 1531 2123
f 1531 1530 2123
f 1530 1529 2123
f 1529 1528 2123
f 1528 1527 2123
f 1527 1526 2123
f 1526 1524 2123
f 2336 290 288
f 288 287 2336
f 287 285 2336
f 2336 293 291
f 2336 294 293
f 291 290 2336
f 2336 297 296
f 2336 299 297
f 296 294 2336
f 2336 300 299
f 2336 302 300
f 2336 303 302
f 2336 304 303
f 2237 305 304
f 304 2336 2237
f 2133 309 305
f 328 1497 1496
f 328 1498 1497
f 1496 1495 328
f 328 1499 1498
f 328 1500 1499
f 328 1501 1500
f 328 1502 1501
f 328 1503 1502
f 328 1504 1503
f 328 1505 1504
f 328 1506 1505
f 328 1507 1506
f 328 1508 1507
f 324 2133 1508
f 2133 1509 1508
f 1508 328 324
f 324 323 2133
f 323 321 2133
f 321 320 2133
f 320 318 2133
f 318 317 2133
f 317 315 2133
f 315 314 2133
f 314 312 2133
f 312 311 2133
f 311 308 2133
f 308 307 2133
f 307 309 2133
f 2133 2123 1525
f 1525 1522 2133
f 1522 1521 2133
f 1521 1520 2133
f 1520 1519 2133
f 1519 1518 2133
f 1518 1517 2133
f 1517 1516 2133
f 1516 1515 2133
f 1515 1514 2133
f 1514 1513 2133
f 1513 1511 2133
f 1511 1510 2133
f 1510 1512 2133
f 1512 1509 2133
f 305 2237 2133
f 1495 327 326
f 339 1487 1485
f 339 1488 1487
f 1485 1484 339
f 339 1489 1488
f 339 1490 1489
f 339 1491 1490
f 339 1492 1491
f 339 1493 1492
f 341 1495 1494
f 1494 339 341
f 341 337 1495
f 1494 1493 339
f 337 336 1495
f 336 334 1495
f 334 333 1495
f 333 331 1495
f 331 330 1495
f 330 327 1495
f 1484 343 340
f 349 1480 1478
f 349 1481 1480
f 1478 1477 349
f 349 1482 1481
f 349 1483 1482
f 351 1484 1486
f 1486 349 351
f 351 347 1484
f 1486 1483 349
f 347 346 1484
f 346 344 1484
f 344 343 1484
f 1477 353 350
f 359 1473 1471
f 359 1474 1473
f 1471 1470 359
f 359 1475 1474
f 359 1476 1475
f 361 1477 1479
f 1479 359 361
f 361 357 1477
f 1479 1476 359
f 357 356 1477
f 356 354 1477
f 354 353 1477
f 366 1468 1466
f 366 1469 1468
f 1466 1465 366
f 1470 363 360
f 368 1470 1472
f 1472 366 368
f 368 364 1470
f 1472 1469 366
f 364 363 1470
f 360 359 1470
f 378 1462 1461
f 378 1463 1462
f 1461 1459 378
f 378 1464 1463
f 1465 370 367
f 374 1465 1467
f 1467 378 374
f 1467 1464 378
f 374 373 1465
f 373 371 1465
f 371 370 1465
f 367 366 1465
f 385 1457 1456
f 385 1460 1457
f 1456 1454 385
f 1459 377 376
f 381 1459 1458
f 1458 385 381
f 381 380 1459
f 1458 1460 385
f 380 377 1459
f 376 378 1459
f 1454 384 383
f 392 1452 1451
f 392 1455 1452
f 1451 1449 392
f 388 1454 1453
f 1453 392 388
f 388 387 1454
f 1453 1455 392
f 387 384 1454
f 394 1450 1447
f 1449 391 390
f 396 1449 1448
f 1448 394 396
f 396 391 1449
f 1448 1450 394
f 390 392 1449
f 1447 1446 394
f 401 1443 1442
f 401 1444 1443
f 1442 1441 401
f 1446 398 395
f 1446 399 398
f 395 394 1446
f 403 1446 1445
f 1445 401 403
f 1445 1444 401
f 403 399 1446
f 410 1439 1438
f 1441 405 402
f 406 1441 1440
f 1440 410 406
f 406 405 1441
f 1440 1439 410
f 402 401 1441
f 1438 1436 410
f 417 1434 1433
f 1436 409 408
f 1436 412 409
f 408 410 1436
f 413 1436 1435
f 1435 417 413
f 413 412 1436
f 1435 1437 417
f 1437 1434 417
f 1433 1431 417
f 1431 416 415
f 419 1432 1429
f 421 1431 1430
f 1430 419 421
f 421 416 1431
f 1430 1432 419
f 1429 1428 419
f 428 1426 1425
f 1428 423 420
f 424 1428 1427
f 1427 428 424
f 424 423 1428
f 1427 1426 428
f 420 419 1428
f 1425 1423 428
f 430 1424 1421
f 1423 427 426
f 432 1423 1422
f 1422 430 432
f 1422 1424 430
f 432 427 1423
f 426 428 1423
f 1421 1420 430
f 439 1418 1417
f 1420 434 431
f 435 1420 1419
f 1419 439 435
f 1419 1418 439
f 435 434 1420
f 431 430 1420
f 1417 1415 439
f 1415 438 437
f 442 1416 1413
f 443 1415 1414
f 1414 442 443
f 1414 1416 442
f 443 438 1415
f 1413 1412 442
f 450 1410 1409
f 1412 444 446
f 445 1412 1411
f 1411 450 445
f 1411 1410 450
f 445 444 1412
f 446 442 1412
f 1409 1407 450
f 1407 454 449
f 453 1408 1405
f 452 1407 1406
f 1406 453 452
f 1406 1408 453
f 452 454 1407
f 1405 1404 453
f 1404 459 458
f 462 1401 1398
f 462 1402 1401
f 1398 1400 462
f 1403 462 461
f 461 1404 1403
f 461 455 1404
f 1403 1402 462
f 455 459 1404
f 467 1396 1397
f 1400 464 463
f 1399 467 468
f 468 1400 1399
f 468 464 1400
f 1399 1396 467
f 463 462 1400
f 472 1392 1391
f 1395 473 469
f 1394 472 471
f 471 1395 1394
f 471 473 1395
f 1394 1392 472
f 469 467 1395
f 479 1389 1387
f 1393 476 475
f 1390 479 478
f 478 1393 1390
f 478 476 1393
f 1390 1389 479
f 475 472 1393
f 483 1384 1383
f 1386 484 480
f 1388 483 482
f 482 1386 1388
f 482 484 1386
f 1388 1384 483
f 480 479 1386
f 490 1381 1379
f 1385 487 486
f 1382 490 489
f 489 1385 1382
f 489 487 1385
f 1382 1381 490
f 486 483 1385
f 494 1376 1375
f 1378 495 491
f 1380 494 493
f 493 1378 1380
f 1380 1376 494
f 493 495 1378
f 491 490 1378
f 501 1373 1372
f 1377 498 497
f 1374 501 500
f 500 1377 1374
f 1374 1373 501
f 500 498 1377
f 497 494 1377
f 508 1368 1366
f 508 1369 1368
f 1366 1365 508
f 1371 504 502
f 1370 508 507
f 507 1371 1370
f 1370 1369 508
f 507 505 1371
f 505 504 1371
f 502 501 1371
f 512 1363 1362
f 1365 513 509
f 1367 512 511
f 511 1365 1367
f 1367 1363 512
f 511 513 1365
f 509 508 1365
f 519 1358 1357
f 519 1360 1358
f 1357 1359 519
f 1364 516 515
f 1361 519 518
f 518 1364 1361
f 518 520 1364
f 1361 1360 519
f 520 516 1364
f 515 512 1364
f 526 1355 1354
f 1359 523 522
f 1356 526 525
f 525 1359 1356
f 1356 1355 526
f 525 523 1359
f 522 519 1359
f 533 1350 1348
f 1353 529 527
f 1353 530 529
f 527 526 1353
f 1352 533 532
f 532 1353 1352
f 1352 1351 533
f 532 530 1353
f 1351 1350 533
f 539 1345 1343
f 1347 536 534
f 1347 537 536
f 534 533 1347
f 1349 539 541
f 541 1347 1349
f 1349 1346 539
f 541 537 1347
f 1346 1345 539
f 547 1338 1337
f 1342 543 540
f 1342 544 543
f 540 539 1342
f 1342 548 544
f 1344 547 546
f 546 1342 1344
f 546 548 1342
f 1344 1341 547
f 1341 1340 547
f 1340 1338 547
f 1339 551 550
f 1339 553 551
f 550 547 1339
f 555 1333 1332
f 1336 555 554
f 554 1339 1336
f 1336 1335 555
f 554 553 1339
f 1335 1333 555
f 1332 1334 555
f 1334 558 557
f 1334 560 558
f 557 555 1334
f 1334 561 560
f 1334 563 561
f 565 1326 1325
f 1331 565 564
f 564 1334 1331
f 1331 1330 565
f 564 563 1334
f 1330 1329 565
f 1329 1328 565
f 1328 1326 565
f 1325 1327 565
f 575 1319 1318
f 1327 568 567
f 1327 570 568
f 567 565 1327
f 1327 571 570
f 1327 573 571
f 1324 575 574
f 574 1327 1324
f 1324 1323 575
f 574 573 1327
f 1323 1322 575
f 1322 1321 575
f 1321 1319 575
f 1320 578 577
f 1320 580 578
f 577 575 1320
f 1320 581 580
f 1320 583 581
f 1320 584 583
f 1320 586 584
f 1320 587 586
f 589 1310 1308
f 1317 589 591
f 591 1320 1317
f 1317 1316 589
f 591 587 1320
f 1316 1315 589
f 1315 1314 589
f 1314 1313 589
f 1313 1312 589
f 1312 1311 589
f 1311 1310 589
f 1308 1307 589
f 2374 1713 1712
f 1712 1710 2374
f 1710 1709 2374
f 2374 1715 1714
f 2374 1716 1715
f 1714 1713 2374
f 2374 1718 1717
f 2374 1719 1718
f 1717 1716 2374
f 2374 1720 1719
f 2374 1721 1720
f 2374 1722 1721
f 2374 1723 1722
f 2240 1295 1723
f 1723 2374 2240
f 1307 593 590
f 1307 594 593
f 590 589 1307
f 1307 596 594
f 1307 597 596
f 1307 599 597
f 1307 600 599
f 1307 602 600
f 1307 603 602
f 1307 605 603
f 1307 606 605
f 1307 607 606
f 1307 608 607
f 2239 1294 1295
f 1309 2239 608
f 2239 4 608
f 608 1307 1309
f 1309 1306 2239
f 1306 1305 2239
f 1305 1304 2239
f 1304 1303 2239
f 1303 1302 2239
f 1302 1301 2239
f 1301 1300 2239
f 1300 1299 2239
f 1299 1297 2239
f 1297 1296 2239
f 1296 1298 2239
f 1298 1294 2239
f 1295 2240 2239
f 2239 2372 21
f 21 23 2239
f 23 19 2239
f 19 18 2239
f 18 16 2239
f 16 15 2239
f 15 13 2239
f 13 12 2239
f 12 10 2239
f 10 9 2239
f 9 6 2239
f 6 5 2239
f 5 7 2239
f 7 3 2239
f 3 4 2239
f 1318 1320 575
f 1337 1339 547
f 1343 1342 539
f 1348 1347 533
f 1354 1353 526
f 1362 1364 512
f 1372 1371 501
f 1375 1377 494
f 1379 1378 490
f 1383 1385 483
f 1387 1386 479
f 1391 1393 472
f 1397 1395 467
f 458 453 1404
f 449 450 1407
f 437 439 1415
f 415 417 1431
f 383 385 1454
f 350 349 1477
f 340 339 1484
f 326 328 1495
f 1523 1525 2123
f 1533 1532 2122
f 1540 1539 2125
f 1547 1546 2124
f 1552 1551 2135
f 1558 1560 2137
f 1563 1565 2136
f 1568 1570 2139
f 1572 1571 2138
f 1577 1576 2127
f 1581 1583 2126
f 1586 1588 2131
f 1590 1589 2170
f 1594 1596 2160
f 1598 1597 2159
f 1602 1604 2172
f 1609 1605 2171
f 1610 1611 2173
f 1616 1613 2148
f 1620 1619 2390
f 1622 2391 2389
f 1626 2389 2388
f 1631 2388 2387
f 1634 2387 2386
f 1639 2386 2385
f 1642 2385 2384
f 1647 2384 2383
f 1652 2383 2382
f 1655 2382 2381
f 1660 2381 2380
f 1665 2380 2379
f 1670 2379 2378
f 1674 2378 2377
f 1681 2377 2376
f 1686 2376 2375
f 1693 2375 2373
f 22 21 2372
f 37 39 2371
f 47 49 2370
f 57 59 2369
f 64 66 2368
f 72 71 2367
f 79 78 2366
f 86 85 2365
f 92 94 2364
f 99 101 2363
f 104 103 2362
f 113 111 2361
f 117 119 2360
f 122 121 2359
f 128 130 2358
f 133 132 2357
f 139 141 2356
f 148 144 2355
f 150 152 2354
f 159 157 2352
f 162 2353 2351
f 168 2351 2350
f 173 2350 2349
f 180 2349 2348
f 184 2348 2347
f 191 2347 2346
f 195 2346 2345
f 202 2345 2344
f 209 2344 2343
f 216 2343 2342
f 220 2342 2341
f 227 2341 2340
f 234 2340 2339
f 243 2339 2338
f 250 2338 2337
f 260 2337 2335
f 2334 2392 2333
f 2332 2334 2331
f 2330 2332 2329
f 2328 2330 2327
f 2326 2328 2325
f 2324 2326 2323
f 2322 2324 2321
f 2320 2322 2319
f 2318 2320 2317
f 2316 2318 2315
f 2314 2316 2313
f 2312 2314 2311
f 2310 2312 2309
f 2308 2310 2307
f 2306 2308 2305
f 2304 2306 2303
f 2302 2304 2301
f 2300 2302 2299
f 2298 2300 2297
f 2296 2298 2295
f 2294 2296 2293
f 2292 2294 2291
f 2290 2292 2289
f 2288 2290 2287
f 2286 2288 2285
f 2284 2286 2283
f 2282 2284 2281
f 2280 2282 2279
f 2278 2280 2277
f 2276 2278 2275
f 2274 2276 2273
f 2272 2274 2271
f 2270 2272 2269
f 2268 2270 2267
f 2266 2268 2265
f 2264 2266 2263
f 2262 2264 2261
f 2260 2262 2259
f 2258 2260 2257
f 2256 2258 2255
f 2254 2256 2253
f 2252 2254 2251
f 2250 2252 2249
f 2248 2250 2247
f 2246 2248 2245
f 2244 2246 2243
f 2242 2244 2241
f 2240 2242 2238
f 2134 2133 2237
f 2130 2134 2236
f 2129 2130 2235
f 2128 2129 2234
f 2121 2128 2233
f 2120 2121 2232
f 2119 2120 2231
f 2116 2119 2230
f 2117 2116 2229
f 2118 2117 2228
f 2158 2118 2227
f 2147 2158 2226
f 2146 2147 2225
f 2145 2146 2224
f 2144 2145 2223
f 2132 2144 2222
f 2143 2132 2221
f 2168 2143 2220
f 2169 2168 2219
f 2182 2169 2218
f 2184 2182 2217
f 2180 2184 2216
f 2181 2180 2215
f 2179 2181 2214
f 2156 2179 2213
f 2157 2156 2212
f 2154 2157 2211
f 2155 2154 2210
f 2178 2155 2209
f 2167 2178 2208
f 2141 2167 2207
f 2142 2141 2206
f 2153 2142 2205
f 2151 2153 2204
f 2152 2151 2203
f 2166 2152 2202
f 2149 2166 2201
f 2150 2149 2200
f 2164 2150 2199
f 2165 2164 2198
f 2177 2165 2197
f 2162 2177 2196
f 2163 2162 2195
f 2176 2163 2194
f 2174 2176 2193
f 2175 2174 2192
f 2185 2175 2191
f 2186 2185 2189
f 851 2335 2337
f 851 2237 2336
f 2042 2228 2229
f 2188 2204 2205
f 851 2344 2345
f 2336 2335 851
f 851 1724 2234
f 1727 2233 2234
f 2229 2001 2042
f 2035 2051 2227
f 2069 2224 2225
f 2265 2393 2394
f 2261 2263 2395
f 2249 2396 2397
f 2115 2210 2211
f 2115 2208 2209
f 2188 2203 2204
f 2188 2201 2202
f 2188 2198 2199
f 851 2343 2344
f 851 2341 2342
f 851 2339 2340
f 2337 2338 851
f 851 2235 2236
f 2234 1724 1727
f 1729 2232 2233
f 1731 1733 2231
f 1733 2007 2230
f 2001 2229 2230
f 2227 2228 2035
f 2064 2225 2226
f 2225 2064 2069
f 2075 2080 2223
f 2080 2085 2222
f 2094 2220 2221
f 845 844 2352
f 2269 2398 2399
f 2265 2400 2393
f 2395 2401 2261
f 2259 2402 2403
f 2255 2257 2404
f 2251 2253 2405
f 2249 2406 2396
f 2209 2210 2115
f 2188 2206 2207
f 2202 2203 2188
f 2199 2200 2188
f 2188 2196 2197
f 2188 2193 2194
f 2342 2343 851
f 2338 2339 851
f 2234 2235 851
f 2233 1727 1729
f 2230 2231 1733
f 2042 2035 2228
f 2069 2075 2224
f 2222 2223 2080
f 2090 2221 2222
f 2221 2090 2094
f 845 2359 2360
f 844 2353 2352
f 2275 2407 2408
f 2271 2273 2409
f 2271 2410 2411
f 2269 2412 2398
f 2265 2267 2413
f 2394 2263 2265
f 2263 2414 2395
f 2403 2257 2259
f 2404 2415 2255
f 2253 2416 2405
f 2249 2251 2417
f 2397 2247 2249
f 2247 2418 2419
f 2245 2419 848
f 2420 2327 2329
f 2420 2323 2325
f 2420 2421 2297
f 2115 2213 2214
f 2211 2212 2115
f 2207 2115 2188
f 2200 2201 2188
f 2188 2195 2196
f 2188 2192 2193
f 2188 2187 2191
f 851 2346 2347
f 2340 2341 851
f 1729 1731 2232
f 2230 2007 2001
f 2223 2224 2075
f 2094 2099 2220
f 2099 2103 2219
f 2103 2107 2218
f 2360 2361 845
f 844 2351 2353
f 844 2349 2350
f 2277 2279 2421
f 2275 2277 2422
f 2408 2273 2275
f 2409 2423 2271
f 2411 2269 2271
f 2399 2267 2269
f 2267 2424 2413
f 2401 2425 2261
f 2259 2261 2426
f 2259 2427 2402
f 2257 2428 2404
f 2255 2429 2430
f 2405 2431 2251
f 2251 2432 2417
f 2419 2245 2247
f 848 2241 2243
f 848 2371 2372
f 2329 2433 2420
f 2420 2321 2323
f 2420 2313 2315
f 2421 2295 2297
f 2421 2289 2291
f 2212 2213 2115
f 2205 2206 2188
f 2194 2195 2188
f 2187 2189 2191
f 2345 2346 851
f 2231 2232 1731
f 2051 2058 2226
f 2222 2085 2090
f 2218 2219 2103
f 2111 2217 2218
f 2115 2216 2217
f 2368 2369 848
f 845 2364 2365
f 845 2358 2359
f 845 2356 2357
f 845 2354 2355
f 2350 2351 844
f 2421 2434 2277
f 2277 2435 2422
f 2275 2436 2407
f 2273 2437 2409
f 2399 2424 2267
f 2394 2414 2263
f 2261 2425 2426
f 2415 2429 2255
f 2430 2253 2255
f 2417 2406 2249
f 848 2243 2245
f 848 2239 2238
f 848 2370 2371
f 2325 2327 2420
f 2315 2317 2420
f 2420 2301 2303
f 2421 2293 2295
f 2421 2287 2289
f 2421 2281 2283
f 2207 2208 2115
f 2191 2192 2188
f 2236 2237 851
f 2226 2058 2064
f 2218 2107 2111
f 2115 2215 2216
f 845 2367 2368
f 2365 2366 845
f 2357 2358 845
f 2352 2354 845
f 2422 2436 2275
f 2423 2410 2271
f 2413 2400 2265
f 2403 2428 2257
f 2431 2432 2251
f 2238 2241 848
f 848 2369 2370
f 2329 2331 2433
f 2317 2319 2420
f 2420 2309 2311
f 2303 2305 2420
f 2291 2293 2421
f 2283 2285 2421
f 2197 2198 2188
f 2226 2227 2051
f 2217 2111 2115
f 2366 2367 845
f 845 2362 2363
f 2355 2356 845
f 844 851 2348
f 2434 2435 2277
f 2411 2412 2269
f 2430 2416 2253
f 2372 2239 848
f 2319 2321 2420
f 2420 2307 2309
f 2420 2299 2301
f 2285 2287 2421
f 2187 2190 2189
f 2219 2220 2099
f 2363 2364 845
f 2348 2349 844
f 2408 2437 2273
f 2397 2418 2247
f 2311 2313 2420
f 2297 2299 2420
f 2347 2348 851
f 2361 2362 845
f 2426 2427 2259
f 2305 2307 2420
f 848 845 2368
f 2331 2333 2433
f 2279 2281 2421
f 2214 2215 2115
f 2438 2401 2395
f 2438 2425 2401
f 2438 2426 2425
f 2395 2414 2438
f 2438 2427 2426
f 2414 2394 2438
f 2438 2402 2427
f 2394 2393 2438
f 2438 2403 2402
f 2393 2400 2438
f 2438 2434 2421
f 2438 2428 2403
f 2438 2419 2418
f 2438 2435 2434
f 2400 2413 2438
f 2418 2397 2438
f 2438 2422 2435
f 2438 2404 2428
f 2397 2396 2438
f 2438 2436 2422
f 2413 2424 2438
f 2396 2406 2438
f 2438 2407 2436
f 2438 2415 2404
f 2406 2417 2438
f 2438 2408 2407
f 2424 2399 2438
f 2417 2432 2438
f 2438 2437 2408
f 2438 2429 2415
f 2432 2431 2438
f 2438 2409 2437
f 2399 2398 2438
f 2431 2405 2438
f 2438 2423 2409
f 2438 2430 2429
f 2405 2416 2438
f 2438 2410 2423
f 2416 2430 2438
f 2438 2411 2410
f 2398 2412 2438
f 2412 2411 2438
f 2421 2420 2438
f 2420 2433 2438
f 2187 2439 2440
f 2187 2441 2439
f 2440 2190 2187
f 2187 2442 2441
f 2440 2443 2190
f 2187 2444 2442
f 2443 2445 2190
f 2187 2446 2444
f 2445 2447 2190
f 2187 2448 2446
f 2447 2449 2190
f 2187 2450 2448
f 2449 2451 2190
f 2187 2452 2450
f 2451 2453 2190
f 2187 2454 2452
f 2453 2455 2190
f 2183 2456 2457
f 2183 2458 2459
f 2187 2460 2454
f 2459 2456 2183
f 2457 2461 2183
f 2455 2462 2190
f 2187 2463 2460
f 2461 2464 2183
f 2183 2465 2466
f 2462 2467 2190
f 2466 2458 2183
f 2464 2468 2183
f 2187 2469 2463
f 2190 2470 2471
f 2467 2472 2190
f 2468 2473 2183
f 2183 2474 2475
f 2471 2476 2190
f 2476 2477 2190
f 2187 2478 2469
f 2475 2465 2183
f 2473 2479 2183
f 2471 2480 2476
f 2472 2481 2190
f 2187 2482 2478
f 2479 2483 2183
f 2183 2484 2485
f 2477 2486 2190
f 2481 2487 2190
f 2485 2474 2183
f 2483 2488 2183
f 2486 2489 2190
f 2187 2490 2482
f 2489 2491 2190
f 2487 2492 2190
f 2488 2493 2183
f 2183 2494 2495
f 2491 2496 2190
f 2187 2497 2490
f 2493 2498 2183
f 2183 2499 2494
f 2495 2484 2183
f 2496 2500 2190
f 2492 2501 2190
f 2498 2502 2183
f 2500 2503 2190
f 2187 2504 2497
f 2503 2505 2190
f 2501 2506 2190
f 2183 2507 2508
f 2502 2509 2183
f 2183 2510 2511
f 2505 2512 2190
f 2187 2513 2504
f 2183 2514 2507
f 2508 2515 2183
f 2509 2516 2183
f 2183 2517 2510
f 2511 2499 2183
f 2512 2518 2190
f 2506 2519 2190
f 2183 2520 2514
f 2516 2521 2183
f 2522 2523 2524
f 2518 2525 2190
f 2187 2526 2513
f 2515 2527 2183
f 2524 2528 2522
f 2525 2529 2190
f 2519 2530 2190
f 2521 2531 2183
f 2183 2532 2533
f 2480 2471 2534
f 2534 2535 2536
f 2528 2537 2522
f 2529 2538 2190
f 2187 2539 2526
f 2527 2540 2183
f 2531 2541 2183
f 2183 2542 2532
f 2533 2517 2183
f 2543 2544 2545
f 2546 2547 2548
f 2536 2549 2534
f 2534 2549 2480
f 2534 2550 2551
f 2523 2522 2552
f 2552 2553 2554
f 2537 2555 2522
f 2538 2556 2190
f 2530 2557 2190
f 2540 2558 2183
f 2541 2559 2183
f 2183 2560 2542
f 2543 2561 2544
f 2545 2562 2543
f 2546 2563 2547
f 2548 2564 2546
f 2551 2535 2534
f 2534 2565 2566
f 2554 2567 2552
f 2552 2567 2523
f 2552 2568 2569
f 2555 2570 2522
f 2556 2571 2190
f 2187 2572 2539
f 2558 2573 2183
f 2559 2574 2183
f 2183 2575 2560
f 2576 2552 2543
f 2543 2577 2561
f 2578 2534 2546
f 2546 2579 2563
f 2566 2550 2534
f 2534 2580 2581
f 2569 2553 2552
f 2552 2582 2583
f 2570 2584 2522
f 2571 2585 2190
f 2557 2586 2190
f 2573 2587 2183
f 2574 2588 2183
f 2183 2589 2575
f 2543 2590 2591
f 2543 2591 2576
f 2543 2592 2577
f 2546 2593 2594
f 2546 2594 2578
f 2546 2595 2579
f 2581 2565 2534
f 2534 2596 2597
f 2583 2568 2552
f 2552 2598 2599
f 2584 2600 2522
f 2585 2601 2190
f 2187 2602 2572
f 2587 2603 2183
f 2588 2604 2183
f 2183 2605 2589
f 2543 2562 2590
f 2543 2546 2592
f 2546 2564 2593
f 2546 2543 2595
f 2597 2580 2534
f 2534 2606 2607
f 2599 2582 2552
f 2552 2608 2609
f 2600 2610 2522
f 2601 2611 2190
f 2586 2612 2190
f 2603 2613 2183
f 2604 2614 2183
f 2183 2615 2605
f 2607 2596 2534
f 2534 2578 2616
f 2609 2598 2552
f 2552 2617 2618
f 2610 2619 2522
f 2611 2620 2190
f 2187 2621 2602
f 2613 2622 2183
f 2614 2623 2183
f 2616 2606 2534
f 2618 2608 2552
f 2552 2576 2624
f 2619 2625 2522
f 2620 2626 2190
f 2612 2627 2190
f 2187 2628 2629
f 2183 2630 2631
f 2622 2632 2183
f 2186 2633 2615
f 2624 2617 2552
f 2515 2508 2522
f 2625 2634 2522
f 2626 2635 2190
f 2627 2636 2190
f 2187 2637 2638
f 2187 2631 2628
f 2629 2639 2187
f 2632 2630 2183
f 2623 2640 2183
f 2186 2641 2633
f 2615 2183 2186
f 2634 2642 2522
f 2522 2642 2515
f 2635 2643 2190
f 2638 2621 2187
f 2636 2644 2190
f 2631 2187 2183
f 2640 2645 2183
f 2186 2646 2641
f 2643 2647 2190
f 2645 2520 2183
f 2186 2648 2646
f 2190 2649 2648
f 2647 2649 2190
f 2644 2650 2190
f 2187 2639 2651
f 2651 2637 2187
f 2650 2652 2190
f 2648 2186 2190
f 2652 2470 2190
f 2438 2433 2653
f 2433 2654 2653
f 2653 2655 2438
f 2656 2654 2433
f 2656 2653 2654
f 2653 2657 2655
f 2653 2658 2657
f 2659 2660 2661
f 2661 2662 2659
f 2663 2659 2664
f 2664 2665 2663
f 2659 2666 2664
f 2667 2663 2668
f 2668 2669 2667
f 2663 2670 2668
f 2671 2667 2672
f 2672 2673 2671
f 2667 2674 2672
f 2675 2671 2676
f 2676 2677 2675
f 2671 2678 2676
f 2679 2675 2680
f 2680 2681 2679
f 2675 2682 2680
f 2683 2679 2684
f 2684 2685 2683
f 2679 2686 2684
f 2687 2683 2688
f 2688 2689 2687
f 2683 2690 2688
f 2691 2687 2692
f 2692 2693 2691
f 2687 2694 2692
f 2695 2691 2696
f 2696 2697 2695
f 2691 2698 2696
f 2699 2695 2700
f 2700 2701 2699
f 2695 2702 2700
f 2703 2699 2704
f 2704 2705 2703
f 2699 2706 2704
f 2707 2703 2708
f 2708 2709 2707
f 2703 2710 2708
f 2711 2707 2712
f 2712 2713 2711
f 2707 2714 2712
f 2715 2711 2716
f 2716 2717 2715
f 2711 2718 2716
f 2719 2715 2720
f 2720 2721 2719
f 2715 2722 2720
f 2723 2719 2724
f 2724 2725 2723
f 2719 2726 2724
f 2727 2723 2728
f 2728 2729 2727
f 2723 2730 2728
f 2731 2727 2732
f 2732 2733 2731
f 2727 2734 2732
f 2735 2731 2736
f 2736 2737 2735
f 2731 2738 2736
f 2739 2735 2740
f 2740 2741 2739
f 2735 2742 2740
f 2743 2739 2744
f 2739 2745 2744
f 2744 2746 2743
f 2747 2743 2748
f 2743 2749 2748
f 2748 2750 2747
f 2751 2747 2752
f 2747 2753 2752
f 2752 2754 2751
f 2755 2751 2756
f 2751 2757 2756
f 2756 2758 2755
f 2759 2755 2760
f 2755 2761 2760
f 2760 2762 2759
f 2763 2759 2764
f 2759 2765 2764
f 2764 2766 2763
f 2767 2763 2768
f 2763 2769 2768
f 2768 2770 2767
f 2771 2767 2772
f 2767 2773 2772
f 2772 2774 2771
f 2771 2775 2776
f 2776 2777 2771
f 2776 2778 2777
f 2777 2779 2780
f 2780 2781 2777
f 2780 2782 2781
f 2783 2781 2784
f 2784 2785 2783
f 2785 2786 2783
f 2787 2783 2788
f 2788 2789 2787
f 2789 2790 2787
f 2791 2787 2792
f 2792 2793 2791
f 2793 2794 2791
f 2795 2791 2796
f 2796 2797 2795
f 2797 2798 2795
f 2799 2795 2800
f 2800 2801 2799
f 2801 2802 2799
f 2803 2799 2804
f 2804 2805 2803
f 2805 2806 2803
f 2807 2808 2809
f 2807 2803 2810
f 2810 2808 2807
f 2811 2807 2812
f 2812 2813 2811
f 2813 2814 2811
f 2814 2815 2811
f 2816 2817 2818
f 2816 2819 2817
f 2816 2811 2820
f 2820 2819 2816
f 2821 2822 2823
f 2823 2824 2821
f 2821 2825 2822
f 2821 2816 2826
f 2826 2825 2821
f 2827 2828 2829
f 2827 2830 2828
f 2827 2831 2830
f 2829 2832 2827
f 2827 2833 2831
f 2827 2821 2834
f 2834 2833 2827
f 2835 2836 2837
f 2835 2838 2836
f 2835 2839 2838
f 2835 2840 2839
f 2835 2827 2841
f 2841 2840 2835
f 2842 2843 2844
f 2842 2845 2843
f 2844 2846 2842
f 2846 2847 2842
f 2842 2835 2848
f 2848 2845 2842
f 2628 2849 2850
f 2628 2631 2851
f 2851 2849 2628
f 2631 2852 2853
f 2631 2630 2854
f 2854 2852 2631
f 2630 2855 2856
f 2630 2632 2857
f 2857 2855 2630
f 2632 2858 2859
f 2632 2622 2860
f 2860 2858 2632
f 2622 2861 2862
f 2622 2613 2863
f 2863 2861 2622
f 2613 2864 2865
f 2613 2603 2866
f 2866 2864 2613
f 2603 2867 2868
f 2603 2587 2869
f 2869 2867 2603
f 2587 2870 2871
f 2587 2573 2872
f 2872 2870 2587
f 2573 2873 2874
f 2573 2558 2875
f 2875 2873 2573
f 2558 2876 2877
f 2558 2540 2878
f 2878 2876 2558
f 2540 2879 2880
f 2540 2527 2881
f 2881 2879 2540
f 2527 2882 2883
f 2527 2515 2884
f 2884 2882 2527
f 2515 2885 2886
f 2515 2642 2887
f 2887 2885 2515
f 2642 2888 2889
f 2642 2634 2890
f 2890 2888 2642
f 2634 2891 2892
f 2634 2625 2893
f 2893 2891 2634
f 2625 2894 2895
f 2625 2619 2896
f 2896 2894 2625
f 2619 2610 2897
f 2897 2898 2619
f 2898 2899 2619
f 2610 2600 2900
f 2900 2901 2610
f 2901 2902 2610
f 2600 2584 2903
f 2903 2904 2600
f 2904 2905 2600
f 2584 2906 2907
f 2584 2908 2906
f 2584 2570 2909
f 2909 2908 2584
f 2570 2555 2910
f 2910 2911 2570
f 2911 2912 2570
f 2912 2913 2570
f 2555 2914 2915
f 2555 2916 2914
f 2915 2917 2555
f 2555 2918 2916
f 2555 2537 2919
f 2919 2918 2555
f 2537 2920 2921
f 2537 2922 2920
f 2537 2923 2922
f 2537 2924 2923
f 2537 2925 2924
f 2537 2926 2927
f 2927 2928 2537
f 2537 2528 2929
f 2929 2926 2537
f 2928 2925 2537
f 3051 2930 2931
f 2931 2932 3051
f 3051 2933 2930
f 3051 2934 2935
f 3051 2936 2934
f 3051 2937 2936
f 3051 2938 2937
f 3051 2939 2938
f 3051 2940 2939
f 2935 2929 3051
f 2528 2933 3051
f 3051 2929 2528
f 2528 2524 2941
f 2941 2933 2528
f 2524 2523 2942
f 2523 2567 2943
f 2567 2554 2944
f 2554 2553 2945
f 2553 2569 2946
f 2569 2568 2947
f 2568 2583 2948
f 2583 2582 2949
f 2582 2599 2950
f 2599 2598 2951
f 2598 2609 2952
f 2609 2608 2953
f 2608 2618 2954
f 2618 2617 2955
f 2617 2624 2956
f 2624 2576 2957
f 2576 2591 2958
f 2591 2590 2959
f 2590 2562 2960
f 2562 2545 2961
f 2545 2544 2962
f 2544 2561 2963
f 2561 2577 2964
f 2577 2592 2965
f 2592 2546 2966
f 2546 2534 2967
f 2534 2471 2968
f 2471 2470 2969
f 2652 2970 2969
f 2650 2971 2970
f 2644 2972 2971
f 2636 2973 2972
f 2627 2974 2973
f 2612 2975 2974
f 2586 2976 2975
f 2557 2977 2976
f 2530 2978 2977
f 2519 2979 2978
f 2506 2980 2979
f 2501 2981 2980
f 2492 2982 2981
f 2487 2983 2982
f 2481 2984 2983
f 2472 2985 2984
f 2467 2986 2985
f 2462 2987 2986
f 2455 2988 2987
f 2453 2989 2988
f 2451 2990 2989
f 2449 2991 2990
f 2447 2992 2991
f 2445 2993 2992
f 2443 2994 2993
f 2440 2995 2994
f 2439 2996 2995
f 2441 2997 2996
f 2998 2842 2999
f 2999 2997 2998
f 2997 2441 2998
f 2998 2441 2442
f 3000 2442 2444
f 3001 2444 2446
f 3002 2446 2448
f 3003 2448 2450
f 3004 2450 2452
f 3005 2452 2454
f 3006 2454 2460
f 3007 2460 2463
f 3008 2463 2469
f 3009 2469 2478
f 3010 2478 2482
f 3011 2482 2490
f 3012 2490 2497
f 2497 3013 3014
f 2497 2504 3015
f 3015 3013 2497
f 2504 2513 3016
f 3016 3017 2504
f 3017 3018 2504
f 2513 2526 3019
f 3019 3020 2513
f 3020 3021 2513
f 2526 2539 3022
f 3022 3023 2526
f 3023 3024 2526
f 2539 2572 3025
f 3025 3026 2539
f 3026 3027 2539
f 2572 2602 3028
f 3028 3029 2572
f 3029 3030 2572
f 2602 2621 3031
f 3031 3032 2602
f 3032 3033 2602
f 2621 3034 3035
f 2621 2638 3036
f 3036 3034 2621
f 2638 3037 3038
f 2638 2637 3039
f 3039 3037 2638
f 2637 3040 3041
f 2637 2651 3042
f 3042 3040 2637
f 2651 3043 3044
f 2651 2639 3045
f 3045 3043 2651
f 2639 3046 3047
f 2639 2629 3048
f 3048 3046 2639
f 3047 3045 2639
f 2629 2628 3048
f 3044 3042 2651
f 3041 3039 2637
f 3038 3036 2638
f 3035 3031 2621
f 3033 3028 2602
f 3030 3025 2572
f 3027 3022 2539
f 3024 3019 2526
f 3021 3016 2513
f 3018 3015 2504
f 3014 3049 2497
f 2497 3049 3012
f 2490 3012 3011
f 2482 3011 3010
f 2478 3010 3009
f 2469 3009 3008
f 2463 3008 3007
f 2460 3007 3006
f 2454 3006 3005
f 2452 3005 3004
f 2450 3004 3003
f 2448 3003 3002
f 2446 3002 3001
f 2444 3001 3000
f 2442 3000 2998
f 2996 2439 2441
f 2995 2440 2439
f 2994 2443 2440
f 2993 2445 2443
f 2992 2447 2445
f 2991 2449 2447
f 2990 2451 2449
f 2989 2453 2451
f 2988 2455 2453
f 2987 2462 2455
f 2986 2467 2462
f 2985 2472 2467
f 2984 2481 2472
f 2983 2487 2481
f 2982 2492 2487
f 2981 2501 2492
f 2980 2506 2501
f 2979 2519 2506
f 2978 2530 2519
f 2977 2557 2530
f 2976 2586 2557
f 2975 2612 2586
f 2974 2627 2612
f 2973 2636 2627
f 2972 2644 2636
f 2971 2650 2644
f 2970 2652 2650
f 2969 2470 2652
f 2969 2968 2471
f 2968 2967 2534
f 2967 2966 2546
f 2966 2965 2592
f 2965 2964 2577
f 2964 2963 2561
f 2963 2962 2544
f 2962 2961 2545
f 2961 2960 2562
f 2960 2959 2590
f 2959 2958 2591
f 2958 2957 2576
f 2957 2956 2624
f 2956 2955 2617
f 2955 2954 2618
f 2954 2953 2608
f 2953 2952 2609
f 2952 2951 2598
f 2951 2950 2599
f 2950 2949 2582
f 2949 2948 2583
f 2948 2947 2568
f 2947 2946 2569
f 2946 2945 2553
f 2945 2944 2554
f 2944 2943 2567
f 2943 2942 2523
f 2942 2941 2524
f 2932 2940 3051
f 2921 2919 2537
f 2917 2910 2555
f 2913 2909 2570
f 2907 2903 2584
f 2905 2900 2600
f 2902 2897 2610
f 2899 2896 2619
f 2895 2893 2625
f 2892 2890 2634
f 2889 2887 2642
f 2886 2884 2515
f 2883 2881 2527
f 2880 2878 2540
f 2877 2875 2558
f 2874 2872 2573
f 2871 2869 2587
f 2868 2866 2603
f 2865 2863 2613
f 2862 2860 2622
f 2859 2857 2632
f 2856 2854 2630
f 2853 2851 2631
f 2850 3048 2628
f 2847 2999 2842
f 2837 2848 2835
f 2832 2841 2827
f 2824 2834 2821
f 2818 2826 2816
f 2815 2820 2811
f 2809 2812 2807
f 2806 2810 2803
f 2802 2804 2799
f 2798 2800 2795
f 2794 2796 2791
f 2790 2792 2787
f 2786 2788 2783
f 2782 2784 2781
f 2778 2779 2777
f 2774 2775 2771
f 2770 2773 2767
f 2766 2769 2763
f 2762 2765 2759
f 2758 2761 2755
f 2754 2757 2751
f 2750 2753 2747
f 2746 2749 2743
f 2741 2745 2739
f 2737 2742 2735
f 2733 2738 2731
f 2729 2734 2727
f 2725 2730 2723
f 2721 2726 2719
f 2717 2722 2715
f 2713 2718 2711
f 2709 2714 2707
f 2705 2710 2703
f 2701 2706 2699
f 2697 2702 2695
f 2693 2698 2691
f 2689 2694 2687
f 2685 2690 2683
f 2681 2686 2679
f 2677 2682 2675
f 2673 2678 2671
f 2669 2674 2667
f 2665 2670 2663
f 2662 2666 2659
f 2661 2660 3050
f 3052 3053 2821
f 3053 3054 2816
f 2816 2821 3053
f 3054 3055 2811
f 3056 2735 2739
f 3057 2731 2735
f 3058 3052 2827
f 2811 2816 3054
f 2735 3056 3057
f 3059 2727 2731
f 2821 2827 3052
f 3055 3060 2807
f 3060 3061 2803
f 3061 3062 2799
f 2731 3057 3059
f 3063 2723 2727
f 2723 3063 3064
f 2719 3064 3065
f 2807 2811 3055
f 2799 2803 3061
f 3062 3066 2795
f 3066 3067 2791
f 3068 3069 2781
f 3069 3070 2777
f 3070 3071 2771
f 3071 3072 2767
f 3073 3074 2755
f 3075 2751 2755
f 3076 2747 2751
f 3077 2743 2747
f 2727 3059 3063
f 3065 2715 2719
f 3078 3079 3010
f 3079 3080 3009
f 3081 3082 2998
f 3082 3083 2842
f 3083 3058 2835
f 2803 2807 3060
f 2791 2795 3066
f 3067 3084 2787
f 2777 2781 3069
f 2767 2771 3071
f 3072 3085 2763
f 3085 3073 2759
f 2755 3074 3075
f 2747 3076 3077
f 3086 2739 2743
f 3064 2719 2723
f 3009 3010 3079
f 3080 3087 3008
f 3087 3088 3007
f 3088 3089 3006
f 2842 2998 3082
f 2827 2835 3058
f 2787 2791 3067
f 3084 3068 2783
f 2771 2777 3070
f 2759 2763 3085
f 2751 3075 3076
f 2739 3086 3056
f 2711 3090 3091
f 2707 3091 3092
f 2695 3093 3094
f 2691 3094 3095
f 2683 3096 3097
f 2679 3097 3098
f 2675 3098 3099
f 2671 3099 3100
f 3008 3009 3080
f 3006 3007 3088
f 3089 3101 3005
f 3101 3102 3004
f 3102 3103 3003
f 3103 3104 3002
f 3104 3105 3001
f 3105 3081 3000
f 2835 2842 3083
f 2783 2787 3084
f 2763 2767 3072
f 2743 3077 3086
f 2715 3065 3090
f 3092 2703 2707
f 2703 3092 3106
f 2699 3106 3093
f 3095 2687 2691
f 2687 3095 3096
f 3098 2675 2679
f 3100 2667 2671
f 2667 3100 3107
f 2663 3107 3108
f 2659 3108 3109
f 3110 3111 3012
f 3007 3008 3087
f 3004 3005 3101
f 3002 3003 3103
f 3000 3001 3105
f 2795 2799 3062
f 2755 2759 3073
f 3091 2707 2711
f 3093 2695 2699
f 3096 2683 2687
f 3099 2671 2675
f 3108 2659 2663
f 3109 3050 2660
f 3012 3049 3110
f 3111 3078 3011
f 3005 3006 3089
f 3001 3002 3104
f 2781 2783 3068
f 3106 2699 2703
f 3097 2679 2683
f 3109 2660 2659
f 3011 3012 3111
f 3003 3004 3102
f 3090 2711 2715
f 3107 2663 2667
f 3010 3011 3078
f 3094 2691 2695
f 2998 3000 3081
f 3049 3014 3110
f 2958 3112 3113
f 2950 3114 3115
f 2957 3113 3116
f 3113 2957 2958
f 2949 3115 3117
f 3115 2949 2950
f 3116 3118 2955
f 2958 2959 3112
f 3119 3120 2966
f 3121 3119 2967
f 2971 2972 3122
f 3123 3124 2942
f 3125 3123 2943
f 2948 3117 3126
f 2950 2951 3114
f 3127 3128 2952
f 3129 3127 2953
f 3118 3129 2954
f 3116 2956 2957
f 2965 3120 3130
f 2967 2968 3121
f 2969 3131 3121
f 3131 2969 2970
f 3132 2970 2971
f 2986 2987 3133
f 2943 2944 3125
f 2945 3134 3125
f 2946 3135 3134
f 2947 3126 3135
f 3117 2948 2949
f 3128 3114 2951
f 2953 2954 3129
f 2955 2956 3116
f 2964 3130 3136
f 3130 2964 2965
f 3121 2968 2969
f 3122 3132 2971
f 2979 2980 3137
f 2980 2981 3138
f 3139 2985 2986
f 2987 2988 3140
f 2991 2992 3141
f 3141 2992 2993
f 3142 2995 2996
f 3125 2944 2945
f 3135 2946 2947
f 2951 2952 3128
f 2954 2955 3118
f 3143 3112 2959
f 3144 3143 2960
f 3145 3144 2961
f 2963 3136 3145
f 2965 2966 3120
f 2970 3132 3131
f 2972 2973 3146
f 2973 2974 3147
f 3148 2975 2976
f 3149 2976 2977
f 2978 2979 3150
f 3138 3137 2980
f 3138 2981 2982
f 3151 2982 2983
f 3152 2983 2984
f 3153 2984 2985
f 3140 3133 2987
f 2988 2989 3154
f 2989 2990 3155
f 2993 3156 3141
f 3156 2993 2994
f 3157 2994 2995
f 2996 2997 3158
f 3134 2945 2946
f 2952 2953 3127
f 2960 2961 3144
f 3145 2962 2963
f 2966 2967 3119
f 3147 3146 2973
f 3147 2974 2975
f 2977 3159 3149
f 3159 2977 2978
f 2982 3151 3138
f 2984 3153 3152
f 3133 3139 2986
f 3155 3154 2989
f 2990 2991 3160
f 2994 3157 3156
f 2996 3158 3142
f 3126 2947 2948
f 2961 2962 3145
f 3146 3122 2972
f 2976 3149 3148
f 3137 3150 2979
f 2985 3139 3153
f 3160 3155 2990
f 2995 3142 3157
f 2959 2960 3143
f 2975 3148 3147
f 2983 3152 3151
f 3141 3160 2991
f 3124 3161 2941
f 3136 2963 2964
f 3154 3140 2988
f 2941 2942 3124
f 3150 3159 2978
f 2942 2943 3123
f 3161 2933 2941
f 3162 3163 3161
f 3164 3162 3124
f 3165 3164 3123
f 3166 3165 3125
f 3167 3166 3134
f 3168 3167 3135
f 3169 3168 3126
f 3170 3109 3108
f 3171 3108 3107
f 3172 3107 3100
f 3173 3100 3099
f 3174 3099 3098
f 3175 3098 3097
f 3176 3097 3096
f 3177 3096 3095
f 3178 3095 3094
f 3179 3094 3093
f 3180 3093 3106
f 3181 3106 3092
f 3182 3092 3091
f 3183 3091 3090
f 3184 3090 3065
f 3185 3065 3064
f 3063 3186 3187
f 3187 3064 3063
f 3187 3188 3064
f 3189 3186 3063
f 3190 3189 3059
f 3191 3190 3057
f 3192 3191 3056
f 3193 3192 3086
f 3194 3193 3077
f 3195 3194 3076
f 3196 3195 3075
f 3197 3196 3074
f 3198 3197 3073
f 3199 3198 3085
f 3200 3199 3072
f 3201 3200 3071
f 3202 3201 3070
f 3203 3202 3069
f 3204 3203 3068
f 3205 3204 3084
f 3206 3205 3067
f 3207 3206 3066
f 3208 3207 3062
f 3209 3208 3061
f 3210 3209 3060
f 3211 3210 3055
f 3212 3211 3054
f 3213 3212 3053
f 3214 3213 3052
f 3215 3214 3058
f 3216 3215 3083
f 3217 3216 3082
f 3218 3217 3081
f 3219 3218 3105
f 3220 3219 3104
f 3221 3220 3103
f 3222 3221 3102
f 3223 3222 3101
f 3224 3223 3089
f 3225 3224 3088
f 3226 3225 3087
f 3227 3226 3080
f 3228 3227 3079
f 3229 3228 3078
f 3230 3229 3111
f 3231 3230 3110
f 3110 3014 3231
f 3232 3015 3018
f 3232 3231 3013
f 3013 3015 3232
f 3233 3016 3021
f 3233 3232 3017
f 3017 3016 3233
f 3234 3019 3024
f 3234 3233 3020
f 3020 3019 3234
f 3235 3022 3027
f 3235 3234 3023
f 3023 3022 3235
f 3236 3025 3030
f 3236 3235 3026
f 3026 3025 3236
f 3237 3028 3033
f 3237 3236 3029
f 3029 3028 3237
f 3238 3031 3035
f 3238 3237 3032
f 3032 3031 3238
f 3239 3036 3038
f 3239 3238 3034
f 3034 3036 3239
f 3240 3039 3041
f 3240 3239 3037
f 3037 3039 3240
f 3241 3042 3044
f 3241 3240 3040
f 3040 3042 3241
f 3242 3045 3047
f 3242 3241 3043
f 3043 3045 3242
f 3243 3048 2850
f 3243 3242 3046
f 3046 3048 3243
f 3244 2851 2853
f 3244 3243 2849
f 2849 2851 3244
f 3245 2854 2856
f 3245 3244 2852
f 2852 2854 3245
f 3246 3245 2855
f 2855 2857 3246
f 2857 2859 3246
f 3247 3246 2858
f 2858 2860 3247
f 2860 2862 3247
f 3248 3247 2861
f 2861 2863 3248
f 2863 2865 3248
f 3249 3248 2864
f 2864 2866 3249
f 2866 2868 3249
f 3250 3249 2867
f 2867 2869 3250
f 2869 2871 3250
f 3251 3250 2870
f 2870 2872 3251
f 2872 2874 3251
f 3252 3251 2873
f 2873 2875 3252
f 2875 2877 3252
f 3253 3252 2876
f 2876 2878 3253
f 2878 2880 3253
f 3254 3253 2879
f 2879 2881 3254
f 2881 2883 3254
f 3255 3254 2882
f 2882 2884 3255
f 2884 2886 3255
f 3256 3255 2885
f 2885 2887 3256
f 2887 2889 3256
f 3257 3256 2888
f 2888 2890 3257
f 2890 2892 3257
f 3258 3257 2891
f 2891 2893 3258
f 2893 2895 3258
f 3259 3258 2894
f 2894 2896 3259
f 2896 2899 3259
f 3260 3259 2898
f 2898 2897 3260
f 2897 2902 3260
f 3261 3260 2901
f 2901 2900 3261
f 2900 2905 3261
f 3262 2903 2907
f 3262 3261 2904
f 2904 2903 3262
f 3263 3262 2906
f 2906 2908 3263
f 2908 2909 3263
f 2909 2913 3263
f 3264 2910 2917
f 3264 2911 2910
f 2917 2915 3264
f 3264 3263 2912
f 2912 2911 3264
f 3265 2916 2918
f 2918 2919 3265
f 2919 2921 3265
f 3265 2914 2916
f 3265 3264 2915
f 2915 2914 3265
f 3266 2924 2925
f 3266 2923 2924
f 2925 2928 3266
f 3266 2922 2923
f 3266 2920 2922
f 2928 2927 3266
f 3266 3265 2921
f 2921 2920 3266
f 3267 2935 2934
f 3267 2929 2935
f 2934 2936 3267
f 3267 2926 2929
f 2936 2937 3267
f 3267 3266 2927
f 2927 2926 3267
f 3268 2939 2940
f 3268 2938 2939
f 2940 2932 3268
f 2932 2931 3268
f 3268 3267 2937
f 2937 2938 3268
f 3163 3268 2930
f 2930 3161 3163
f 3158 2836 2838
f 3158 2837 2836
f 3158 2848 2837
f 3158 2845 2848
f 3158 2843 2845
f 3158 2844 2843
f 3158 2999 2847
f 2847 2846 3158
f 3158 2997 2999
f 2846 2844 3158
f 3142 2833 2834
f 3142 2831 2833
f 3142 2830 2831
f 3142 2828 2830
f 3142 2829 2828
f 3142 2840 2841
f 2841 2832 3142
f 3142 3158 2839
f 2839 2840 3142
f 2832 2829 3142
f 3157 2825 2826
f 3157 2822 2825
f 2826 2818 3157
f 3157 2823 2822
f 3157 3142 2824
f 2824 2823 3157
f 3156 3157 2817
f 2817 2819 3156
f 2819 2820 3156
f 2820 2815 3156
f 3141 2812 2809
f 3141 2813 2812
f 3141 3156 2814
f 2814 2813 3141
f 3160 3141 2808
f 2808 2810 3160
f 2810 2806 3160
f 3155 3160 2805
f 2805 2804 3155
f 2804 2802 3155
f 3154 3155 2801
f 2801 2800 3154
f 2800 2798 3154
f 3140 2796 2794
f 3140 3154 2797
f 2797 2796 3140
f 3133 2792 2790
f 3133 3140 2793
f 2793 2792 3133
f 3139 2788 2786
f 3139 3133 2789
f 2789 2788 3139
f 3153 2784 2782
f 3153 3139 2785
f 2785 2784 3153
f 3152 2779 2778
f 3152 3153 2780
f 2780 2779 3152
f 3151 2775 2774
f 3151 3152 2776
f 2776 2775 3151
f 3138 2773 2770
f 3138 3151 2772
f 2772 2773 3138
f 3137 2769 2766
f 3137 3138 2768
f 2768 2769 3137
f 3150 2765 2762
f 3150 3137 2764
f 2764 2765 3150
f 3159 2761 2758
f 3159 3150 2760
f 2760 2761 3159
f 3149 2757 2754
f 3149 3159 2756
f 2756 2757 3149
f 3148 2753 2750
f 3148 3149 2752
f 2752 2753 3148
f 3147 2749 2746
f 3147 3148 2748
f 2748 2749 3147
f 3146 2745 2741
f 3146 3147 2744
f 2744 2745 3146
f 3122 2742 2737
f 3122 3146 2740
f 2740 2742 3122
f 3132 2738 2733
f 3132 3122 2736
f 2736 2738 3132
f 3131 2734 2729
f 3131 3132 2732
f 2732 2734 3131
f 3121 2730 2725
f 3121 3131 2728
f 2728 2730 3121
f 3119 2726 2721
f 3119 3121 2724
f 2724 2726 3119
f 3120 2722 2717
f 3120 3119 2720
f 2720 2722 3120
f 3130 2718 2713
f 3130 3120 2716
f 2716 2718 3130
f 3136 3130 2712
f 2712 2714 3136
f 2714 2709 3136
f 3145 3136 2708
f 2708 2710 3145
f 2710 2705 3145
f 3144 3145 2704
f 2704 2706 3144
f 2706 2701 3144
f 3143 3144 2700
f 2700 2702 3143
f 2702 2697 3143
f 3112 3143 2696
f 2696 2698 3112
f 2698 2693 3112
f 3113 3112 2692
f 2692 2694 3113
f 2694 2689 3113
f 3116 3113 2688
f 2688 2690 3116
f 2690 2685 3116
f 3118 3116 2684
f 2684 2686 3118
f 2686 2681 3118
f 3129 3118 2680
f 2680 2682 3129
f 2682 2677 3129
f 3127 3129 2676
f 2676 2678 3127
f 2678 2673 3127
f 3128 3127 2672
f 2672 2674 3128
f 2674 2669 3128
f 3114 3128 2668
f 2668 2670 3114
f 2670 2665 3114
f 3115 3114 2664
f 2664 2666 3115
f 2666 2662 3115
f 3169 3117 3050
f 3050 3170 3169
f 3050 3109 3170
f 3117 3115 2661
f 2661 3050 3117
f 2662 2661 3115
f 2665 2664 3114
f 2669 2668 3128
f 2673 2672 3127
f 2677 2676 3129
f 2681 2680 3118
f 2685 2684 3116
f 2689 2688 3113
f 2693 2692 3112
f 2697 2696 3143
f 2701 2700 3144
f 2705 2704 3145
f 2709 2708 3136
f 2713 2712 3130
f 2717 2716 3120
f 2721 2720 3119
f 2725 2724 3121
f 2729 2728 3131
f 2733 2732 3132
f 2737 2736 3122
f 2741 2740 3146
f 2746 2744 3147
f 2750 2748 3148
f 2754 2752 3149
f 2758 2756 3159
f 2762 2760 3150
f 2766 2764 3137
f 2770 2768 3138
f 2774 2772 3151
f 2778 2776 3152
f 2782 2780 3153
f 2786 2785 3139
f 2790 2789 3133
f 2794 2793 3140
f 2798 2797 3154
f 2802 2801 3155
f 2806 2805 3160
f 2809 2808 3141
f 2815 2814 3156
f 2818 2817 3157
f 2834 2824 3142
f 2838 2839 3158
f 2930 2933 3161
f 2931 2930 3268
f 2913 2912 3263
f 2907 2906 3262
f 2905 2904 3261
f 2902 2901 3260
f 2899 2898 3259
f 2895 2894 3258
f 2892 2891 3257
f 2889 2888 3256
f 2886 2885 3255
f 2883 2882 3254
f 2880 2879 3253
f 2877 2876 3252
f 2874 2873 3251
f 2871 2870 3250
f 2868 2867 3249
f 2865 2864 3248
f 2862 2861 3247
f 2859 2858 3246
f 2856 2855 3245
f 2853 2852 3244
f 2850 2849 3243
f 3047 3046 3242
f 3044 3043 3241
f 3041 3040 3240
f 3038 3037 3239
f 3035 3034 3238
f 3033 3032 3237
f 3030 3029 3236
f 3027 3026 3235
f 3024 3023 3234
f 3021 3020 3233
f 3018 3017 3232
f 3014 3013 3231
f 3111 3110 3230
f 3078 3111 3229
f 3079 3078 3228
f 3080 3079 3227
f 3087 3080 3226
f 3088 3087 3225
f 3089 3088 3224
f 3101 3089 3223
f 3102 3101 3222
f 3103 3102 3221
f 3104 3103 3220
f 3105 3104 3219
f 3081 3105 3218
f 3082 3081 3217
f 3083 3082 3216
f 3058 3083 3215
f 3052 3058 3214
f 3053 3052 3213
f 3054 3053 3212
f 3055 3054 3211
f 3060 3055 3210
f 3061 3060 3209
f 3062 3061 3208
f 3066 3062 3207
f 3067 3066 3206
f 3084 3067 3205
f 3068 3084 3204
f 3069 3068 3203
f 3070 3069 3202
f 3071 3070 3201
f 3072 3071 3200
f 3085 3072 3199
f 3073 3085 3198
f 3074 3073 3197
f 3075 3074 3196
f 3076 3075 3195
f 3077 3076 3194
f 3086 3077 3193
f 3056 3086 3192
f 3057 3056 3191
f 3059 3057 3190
f 3063 3059 3189
f 3064 3188 3185
f 3065 3185 3184
f 3090 3184 3183
f 3091 3183 3182
f 3092 3182 3181
f 3106 3181 3180
f 3093 3180 3179
f 3094 3179 3178
f 3095 3178 3177
f 3096 3177 3176
f 3097 3176 3175
f 3098 3175 3174
f 3099 3174 3173
f 3100 3173 3172
f 3107 3172 3171
f 3108 3171 3170
f 3126 3117 3169
f 3135 3126 3168
f 3134 3135 3167
f 3125 3134 3166
f 3123 3125 3165
f 3124 3123 3164
f 3161 3124 3162
f 3269 3270 3162
f 3271 3163 3162
f 3272 3273 3164
f 3164 3273 3269
f 3162 3270 3271
f 3274 3275 3165
f 3165 3275 3272
f 3271 3276 3163
f 3277 3268 3163
f 3278 3279 3264
f 3280 3281 3166
f 3166 3281 3274
f 3162 3164 3269
f 3163 3276 3277
f 3282 3265 3266
f 3265 3282 3278
f 3283 3284 3263
f 3165 3166 3274
f 3277 3285 3268
f 3286 3267 3268
f 3287 3266 3267
f 3264 3265 3278
f 3264 3279 3283
f 3288 3289 3261
f 3290 3260 3261
f 3291 3292 3212
f 3293 3211 3212
f 3164 3165 3272
f 3268 3285 3286
f 3267 3294 3287
f 3263 3264 3283
f 3295 3296 3262
f 3262 3296 3288
f 3261 3289 3290
f 3297 3217 3218
f 3213 3298 3291
f 3212 3292 3293
f 3299 3210 3211
f 3300 3301 3207
f 3302 3188 3187
f 3303 3177 3178
f 3304 3176 3177
f 3305 3170 3171
f 3306 3169 3170
f 3307 3168 3169
f 3308 3167 3168
f 3286 3294 3267
f 3266 3309 3282
f 3263 3284 3295
f 3290 3310 3260
f 3311 3258 3259
f 3312 3313 3255
f 3314 3315 3254
f 3316 3250 3251
f 3317 3318 3247
f 3319 3320 3246
f 3218 3321 3297
f 3322 3323 3216
f 3324 3325 3215
f 3326 3298 3213
f 3293 3327 3211
f 3211 3327 3299
f 3328 3209 3210
f 3329 3208 3209
f 3208 3329 3300
f 3330 3331 3205
f 3332 3333 3204
f 3334 3203 3204
f 3335 3202 3203
f 3187 3336 3302
f 3337 3185 3188
f 3178 3338 3303
f 3177 3339 3304
f 3340 3175 3176
f 3341 3342 3171
f 3171 3342 3305
f 3170 3343 3306
f 3169 3344 3307
f 3168 3345 3308
f 3287 3309 3266
f 3261 3262 3288
f 3346 3259 3260
f 3259 3347 3311
f 3348 3257 3258
f 3349 3350 3256
f 3256 3350 3312
f 3255 3313 3314
f 3251 3351 3316
f 3352 3249 3250
f 3353 3354 3248
f 3248 3354 3317
f 3247 3318 3319
f 3355 3356 3245
f 3357 3242 3243
f 3358 3241 3242
f 3359 3360 3237
f 3361 3236 3237
f 3362 3363 3229
f 3364 3228 3229
f 3365 3227 3228
f 3366 3226 3227
f 3367 3220 3221
f 3368 3219 3220
f 3369 3218 3219
f 3216 3217 3322
f 3216 3323 3324
f 3214 3370 3326
f 3299 3371 3210
f 3210 3371 3328
f 3207 3208 3300
f 3372 3373 3206
f 3206 3373 3330
f 3205 3331 3332
f 3204 3333 3334
f 3203 3374 3335
f 3375 3201 3202
f 3302 3376 3188
f 3188 3376 3337
f 3377 3184 3185
f 3378 3183 3184
f 3379 3380 3181
f 3381 3382 3180
f 3383 3384 3179
f 3385 3178 3179
f 3304 3386 3176
f 3176 3386 3340
f 3387 3388 3173
f 3389 3390 3172
f 3172 3390 3341
f 3306 3344 3169
f 3308 3280 3167
f 3262 3263 3295
f 3260 3310 3346
f 3258 3391 3348
f 3257 3348 3349
f 3254 3255 3314
f 3392 3252 3253
f 3393 3251 3252
f 3250 3394 3352
f 3249 3352 3353
f 3246 3247 3319
f 3246 3320 3355
f 3395 3244 3245
f 3396 3243 3244
f 3243 3397 3357
f 3242 3398 3358
f 3399 3400 3240
f 3401 3402 3239
f 3403 3404 3238
f 3238 3404 3359
f 3237 3360 3361
f 3405 3235 3236
f 3406 3234 3235
f 3407 3233 3234
f 3408 3409 3231
f 3410 3411 3230
f 3230 3411 3362
f 3229 3363 3364
f 3228 3412 3365
f 3227 3413 3366
f 3221 3414 3367
f 3220 3415 3368
f 3219 3416 3369
f 3215 3216 3324
f 3417 3370 3214
f 3212 3213 3291
f 3209 3418 3329
f 3207 3301 3372
f 3204 3205 3332
f 3335 3419 3202
f 3202 3419 3375
f 3420 3421 3199
f 3422 3423 3197
f 3424 3425 3196
f 3337 3426 3185
f 3185 3426 3377
f 3184 3427 3378
f 3428 3429 3182
f 3182 3429 3379
f 3181 3380 3381
f 3180 3382 3383
f 3179 3384 3385
f 3340 3430 3175
f 3430 3431 3174
f 3174 3431 3387
f 3173 3388 3389
f 3305 3343 3170
f 3166 3167 3280
f 3311 3391 3258
f 3255 3256 3312
f 3432 3433 3253
f 3253 3433 3392
f 3252 3434 3393
f 3248 3249 3353
f 3245 3246 3355
f 3245 3356 3395
f 3244 3435 3396
f 3358 3436 3241
f 3241 3436 3399
f 3240 3400 3401
f 3239 3402 3403
f 3361 3437 3236
f 3236 3437 3405
f 3235 3438 3406
f 3234 3439 3407
f 3232 3440 3408
f 3231 3409 3410
f 3364 3412 3228
f 3366 3441 3226
f 3442 3225 3226
f 3443 3444 3223
f 3445 3446 3222
f 3447 3414 3221
f 3368 3416 3219
f 3297 3322 3217
f 3215 3325 3417
f 3328 3418 3209
f 3205 3206 3330
f 3375 3448 3201
f 3449 3200 3201
f 3200 3449 3420
f 3450 3451 3198
f 3198 3451 3422
f 3197 3423 3424
f 3377 3427 3184
f 3182 3183 3428
f 3180 3181 3381
f 3385 3338 3178
f 3174 3175 3430
f 3172 3173 3389
f 3307 3345 3168
f 3256 3257 3349
f 3254 3315 3432
f 3393 3351 3251
f 3247 3248 3317
f 3396 3397 3243
f 3240 3241 3399
f 3238 3239 3403
f 3405 3438 3235
f 3407 3452 3233
f 3452 3440 3232
f 3230 3231 3410
f 3365 3413 3227
f 3226 3441 3442
f 3453 3454 3224
f 3224 3454 3443
f 3223 3444 3445
f 3222 3446 3447
f 3369 3321 3218
f 3213 3214 3326
f 3334 3374 3203
f 3199 3200 3420
f 3199 3421 3450
f 3196 3197 3424
f 3455 3195 3196
f 3456 3194 3195
f 3457 3193 3194
f 3378 3428 3183
f 3179 3180 3383
f 3173 3174 3387
f 3346 3347 3259
f 3392 3434 3252
f 3395 3435 3244
f 3239 3240 3401
f 3406 3439 3234
f 3231 3232 3408
f 3442 3453 3225
f 3223 3224 3443
f 3221 3222 3447
f 3214 3215 3417
f 3201 3448 3449
f 3197 3198 3422
f 3196 3425 3455
f 3195 3458 3456
f 3194 3459 3457
f 3460 3461 3189
f 3462 3336 3186
f 3181 3182 3379
f 3171 3172 3341
f 3316 3394 3250
f 3237 3238 3359
f 3229 3230 3362
f 3222 3223 3445
f 3206 3207 3372
f 3455 3458 3195
f 3457 3463 3193
f 3464 3192 3193
f 3465 3466 3191
f 3467 3468 3190
f 3190 3468 3460
f 3189 3461 3462
f 3303 3339 3177
f 3357 3398 3242
f 3224 3225 3453
f 3198 3199 3450
f 3193 3463 3464
f 3192 3464 3465
f 3191 3466 3467
f 3186 3189 3462
f 3253 3254 3432
f 3367 3415 3220
f 3191 3192 3465
f 3189 3190 3460
f 3232 3233 3452
f 3190 3191 3467
f 3456 3459 3194
f 3187 3186 3336
f 3434 3469 3470
f 3393 3470 3471
f 3351 3471 3472
f 3316 3472 3473
f 3394 3473 3474
f 3352 3474 3475
f 3353 3475 3476
f 3354 3476 3477
f 3317 3477 3478
f 3318 3478 3479
f 3319 3479 3480
f 3320 3480 3481
f 3355 3481 3482
f 3356 3482 3483
f 3395 3483 3484
f 3435 3484 3485
f 3396 3485 3486
f 3397 3486 3487
f 3357 3487 3488
f 3398 3488 3489
f 3489 3490 3436
f 3490 3399 3436
f 3399 3490 3491
f 3400 3491 3492
f 3401 3492 3493
f 3402 3493 3494
f 3403 3494 3495
f 3404 3495 3496
f 3359 3496 3497
f 3360 3497 3498
f 3361 3498 3499
f 3437 3499 3500
f 3405 3500 3501
f 3438 3501 3502
f 3406 3502 3503
f 3439 3503 3504
f 3407 3504 3505
f 3452 3505 3506
f 3440 3506 3507
f 3408 3507 3508
f 3409 3508 3509
f 3410 3509 3510
f 3294 3286 3511
f 3511 3512 3294
f 3287 3294 3513
f 3513 3514 3287
f 3309 3287 3515
f 3515 3516 3309
f 3282 3309 3517
f 3517 3518 3282
f 3278 3282 3519
f 3519 3520 3278
f 3279 3278 3521
f 3521 3522 3279
f 3283 3279 3523
f 3523 3524 3283
f 3284 3283 3525
f 3525 3526 3284
f 3295 3284 3527
f 3527 3528 3295
f 3296 3295 3529
f 3529 3530 3296
f 3288 3296 3531
f 3531 3532 3288
f 3289 3288 3533
f 3533 3534 3289
f 3290 3289 3535
f 3535 3536 3290
f 3310 3290 3537
f 3537 3538 3310
f 3346 3310 3539
f 3539 3540 3346
f 3347 3346 3541
f 3541 3542 3347
f 3311 3347 3543
f 3543 3544 3311
f 3391 3311 3545
f 3545 3546 3391
f 3348 3391 3547
f 3547 3548 3348
f 3349 3348 3549
f 3549 3550 3349
f 3350 3349 3551
f 3551 3552 3350
f 3312 3350 3553
f 3553 3554 3312
f 3313 3312 3555
f 3555 3556 3313
f 3314 3313 3557
f 3557 3558 3314
f 3315 3314 3559
f 3559 3560 3315
f 3432 3315 3561
f 3561 3562 3432
f 3433 3432 3563
f 3563 3564 3433
f 3392 3433 3565
f 3565 3566 3392
f 3434 3392 3567
f 3567 3568 3434
f 3411 3569 3570
f 3411 3510 3569
f 3362 3571 3572
f 3362 3570 3571
f 3363 3573 3574
f 3363 3572 3573
f 3364 3575 3576
f 3364 3574 3575
f 3412 3577 3578
f 3412 3576 3577
f 3365 3579 3580
f 3365 3578 3579
f 3413 3581 3582
f 3413 3580 3581
f 3366 3583 3584
f 3366 3582 3583
f 3441 3585 3586
f 3441 3584 3585
f 3442 3587 3588
f 3442 3586 3587
f 3453 3589 3590
f 3453 3588 3589
f 3454 3591 3592
f 3454 3590 3591
f 3443 3593 3594
f 3443 3592 3593
f 3444 3595 3596
f 3444 3594 3595
f 3445 3597 3598
f 3445 3596 3597
f 3446 3599 3600
f 3446 3598 3599
f 3447 3601 3602
f 3447 3600 3601
f 3414 3603 3604
f 3414 3602 3603
f 3415 3605 3606
f 3367 3604 3605
f 3605 3415 3367
f 3606 3607 3415
f 3415 3608 3609
f 3415 3610 3608
f 3415 3607 3610
f 3368 3611 3612
f 3368 3613 3614
f 3614 3615 3368
f 3368 3609 3613
f 3615 3611 3368
f 3416 3616 3617
f 3416 3618 3619
f 3416 3620 3618
f 3619 3616 3416
f 3416 3612 3620
f 3369 3621 3622
f 3369 3623 3621
f 3369 3624 3623
f 3369 3625 3624
f 3369 3617 3625
f 3321 3626 3627
f 3321 3628 3626
f 3321 3629 3628
f 3321 3630 3629
f 3321 3631 3630
f 3321 3622 3631
f 3297 3632 3633
f 3297 3634 3635
f 3635 3636 3297
f 3636 3632 3297
f 3297 3637 3634
f 3297 3638 3637
f 3297 3639 3638
f 3297 3627 3639
f 3322 3640 3641
f 3322 3633 3642
f 3642 3643 3322
f 3643 3644 3322
f 3644 3645 3322
f 3645 3646 3322
f 3646 3647 3322
f 3647 3648 3322
f 3648 3649 3322
f 3649 3640 3322
f 3323 3650 3651
f 3323 3652 3653
f 3653 3654 3323
f 3323 3641 3652
f 3654 3655 3323
f 3655 3656 3323
f 3656 3657 3323
f 3657 3658 3323
f 3658 3659 3323
f 3659 3650 3323
f 3324 3660 3661
f 3324 3651 3660
f 3325 3662 3663
f 3325 3661 3662
f 3417 3664 3665
f 3417 3663 3664
f 3370 3666 3667
f 3370 3665 3666
f 3326 3668 3669
f 3326 3667 3668
f 3298 3670 3671
f 3298 3669 3670
f 3291 3672 3673
f 3291 3671 3672
f 3292 3674 3675
f 3292 3673 3674
f 3293 3676 3677
f 3293 3675 3676
f 3327 3678 3679
f 3327 3677 3678
f 3299 3680 3681
f 3299 3679 3680
f 3371 3682 3683
f 3371 3681 3682
f 3328 3684 3685
f 3328 3683 3684
f 3418 3686 3687
f 3418 3685 3686
f 3329 3688 3689
f 3329 3687 3688
f 3300 3690 3691
f 3300 3689 3690
f 3301 2112 2114
f 3301 3691 2113
f 2113 2112 3301
f 3372 2108 2110
f 3372 2114 2109
f 2109 2108 3372
f 3373 2104 2106
f 3373 2105 2104
f 3373 2110 2105
f 3330 2101 2100
f 3330 2106 2101
f 3331 2096 2095
f 3331 2102 2096
f 3331 2100 2102
f 3332 2097 2098
f 3332 2095 2097
f 3333 2091 2093
f 3333 2098 2092
f 2092 2091 3333
f 3334 2086 2088
f 3334 2087 2086
f 3334 2093 2087
f 3374 2082 2081
f 3374 2089 2082
f 3374 2088 2089
f 3335 2083 2084
f 3335 2081 2083
f 3419 2076 2078
f 3419 2084 2077
f 2077 2076 3419
f 3375 2071 2070
f 3375 2079 2071
f 3375 2078 2079
f 3448 2072 2074
f 3448 2070 2072
f 3449 2066 2065
f 3449 2074 2073
f 2073 2066 3449
f 3420 2067 2068
f 3420 2065 2067
f 3421 2060 2059
f 3421 2068 2060
f 3450 2061 2063
f 3450 2059 2061
f 3451 2053 2052
f 3451 2063 2062
f 2062 2053 3451
f 3422 2054 2055
f 3422 2052 2054
f 3423 2056 2057
f 3423 2055 2056
f 3424 2045 2047
f 3424 2057 2046
f 2046 2045 3424
f 3425 2048 2050
f 3425 2047 2048
f 3455 2041 2037
f 3455 2049 2041
f 3455 2050 2049
f 3458 2036 2038
f 3458 2037 2036
f 3456 2040 2039
f 3456 2038 2040
f 3459 2043 2044
f 3459 2039 2043
f 3457 2022 2021
f 3457 2044 2022
f 3463 2025 2024
f 3463 2021 2025
f 3464 2023 2027
f 3464 2024 2023
f 3465 2026 2030
f 3465 2027 2026
f 3466 2029 2028
f 3466 2030 2029
f 3467 2032 2031
f 3467 2028 2032
f 3468 2033 2034
f 3468 2031 2033
f 3460 2003 2002
f 3460 2034 2005
f 2005 2003 3460
f 3461 2004 2006
f 3461 2002 2004
f 3336 3462 2008
f 3462 2006 2008
f 3336 2011 2010
f 2010 3302 3336
f 3376 3302 2015
f 2015 2014 3376
f 3337 2012 1997
f 3337 3376 2013
f 2013 2012 3337
f 3426 3337 1971
f 1971 1970 3426
f 3377 3426 1982
f 1982 1981 3377
f 3427 3377 1980
f 1980 1979 3427
f 3378 3427 1978
f 1978 1977 3378
f 3428 3378 1976
f 1976 1975 3428
f 3429 3428 1974
f 1974 1973 3429
f 3379 3429 1972
f 1972 1968 3379
f 3380 3379 1960
f 1960 1959 3380
f 3381 3380 1967
f 1967 1966 3381
f 3382 3381 1965
f 1965 1964 3382
f 3383 3382 1961
f 1961 1944 3383
f 1944 1943 3383
f 3384 3383 1942
f 1942 1941 3384
f 3385 1947 1939
f 3385 3384 1948
f 1948 1947 3385
f 3338 3385 1934
f 1934 1933 3338
f 3303 3338 1938
f 1938 1937 3303
f 3339 1924 1919
f 3339 3303 1935
f 1935 1924 3339
f 3304 3339 1918
f 1918 1920 3304
f 3386 3304 1921
f 1921 1923 3386
f 3340 3386 1913
f 1913 1912 3340
f 3430 1911 1901
f 3430 3340 1908
f 1908 1911 3430
f 3431 3430 1900
f 1900 1902 3431
f 3387 3431 1903
f 1903 1897 3387
f 1897 1895 3387
f 3388 1890 1893
f 3388 3387 1894
f 1894 1890 3388
f 3389 3388 1885
f 1885 1884 3389
f 3390 3389 1886
f 1886 1881 3390
f 1881 1879 3390
f 3341 3390 1878
f 1878 1874 3341
f 1874 1877 3341
f 3342 1869 1873
f 3342 3341 1870
f 1870 1869 3342
f 3305 3342 1862
f 1862 1861 3305
f 3343 3305 1863
f 1863 1866 3343
f 1866 1856 3343
f 3306 3343 1855
f 1855 1859 3306
f 3344 3306 1851
f 1851 1849 3344
f 1849 1847 3344
f 3307 1842 1845
f 3307 3344 1846
f 1846 1842 3307
f 3345 1836 1841
f 3345 3307 1837
f 1837 1836 3345
f 3308 3345 3692
f 3692 3693 3308
f 3280 3308 3694
f 3694 3695 3280
f 3281 3280 3696
f 3696 3697 3281
f 3274 3281 3698
f 3698 3699 3274
f 3275 3274 3700
f 3700 3701 3275
f 3272 3275 3702
f 3702 3703 3272
f 3273 3272 3704
f 3704 3705 3273
f 3269 3273 3706
f 3706 3707 3269
f 3270 3269 3708
f 3708 3709 3270
f 3271 3270 3710
f 3710 3711 3271
f 3276 3271 3712
f 3712 3713 3276
f 3277 3276 3714
f 3714 3715 3277
f 3285 3277 3716
f 3716 3717 3285
f 3718 3719 3720
f 3720 3721 3718
f 3511 3286 3719
f 3286 3285 3722
f 3722 3719 3286
f 3723 3724 3725
f 3725 3726 3723
f 3721 3720 3727
f 3727 3728 3721
f 3728 3729 3721
f 3729 3730 3721
f 3730 3731 3721
f 3731 3732 3721
f 3732 3724 3721
f 3733 3734 3735
f 3735 3736 3733
f 3726 3725 3737
f 3737 3738 3726
f 3738 3739 3726
f 3739 3740 3726
f 3740 3741 3726
f 3741 3742 3726
f 3742 3734 3726
f 3743 3744 3745
f 3745 3746 3743
f 3736 3747 3744
f 3736 3748 3747
f 3736 3735 3749
f 3749 3750 3736
f 3750 3748 3736
f 3751 3752 3753
f 3753 3754 3751
f 3746 3755 3752
f 3746 3745 3756
f 3756 3757 3746
f 3757 3755 3746
f 3758 3759 3760
f 3760 3761 3758
f 3754 3762 3759
f 3754 3763 3762
f 3754 3764 3763
f 3754 3753 3764
f 3765 3766 3767
f 3767 3768 3765
f 3761 3769 3766
f 3761 3770 3769
f 3761 3771 3770
f 3761 3760 3771
f 3772 3773 3774
f 3775 3773 3772
f 3772 3768 3775
f 3768 3776 3775
f 3768 3767 3776
f 3777 3778 3779
f 3780 3778 3777
f 3777 3781 3780
f 3781 3782 3780
f 3781 3774 3783
f 3783 3782 3781
f 3784 3785 3786
f 3787 3788 3785
f 3787 3779 3788
f 3785 3784 3787
f 3789 3790 3791
f 3792 3790 3789
f 3793 3786 3792
f 3789 3793 3792
f 3794 3795 3796
f 3797 3795 3794
f 3798 3791 3797
f 3794 3798 3797
f 3799 3796 3800
f 3800 3801 3799
f 3796 3799 3794
f 3791 3798 3789
f 3786 3793 3784
f 3779 3787 3777
f 3774 3781 3772
f 3765 3761 3766
f 3758 3754 3759
f 3751 3746 3752
f 3743 3736 3744
f 3733 3726 3734
f 3723 3721 3724
f 3718 3511 3719
f 3717 3722 3285
f 3715 3716 3277
f 3713 3714 3276
f 3711 3712 3271
f 3709 3710 3270
f 3707 3708 3269
f 3705 3706 3273
f 3703 3704 3272
f 3701 3702 3275
f 3699 3700 3274
f 3697 3698 3281
f 3695 3696 3280
f 3693 3694 3308
f 1841 3692 3345
f 1845 1837 3307
f 1847 1846 3344
f 1859 1851 3306
f 1856 1855 3343
f 1861 1863 3305
f 1873 1862 3342
f 1877 1870 3341
f 1879 1878 3390
f 1884 1886 3389
f 1893 1885 3388
f 1895 1894 3387
f 1902 1903 3431
f 1901 1900 3430
f 1912 1908 3340
f 1923 1913 3386
f 1920 1921 3304
f 1919 1918 3339
f 1937 1935 3303
f 1933 1938 3338
f 1939 1934 3385
f 1941 1948 3384
f 1943 1942 3383
f 1964 1961 3382
f 1966 1965 3381
f 1959 1967 3380
f 1968 1960 3379
f 1973 1972 3429
f 1975 1974 3428
f 1977 1976 3378
f 1979 1978 3427
f 1981 1980 3377
f 1970 1982 3426
f 1997 1971 3337
f 2014 2013 3376
f 2010 2015 3302
f 2008 2011 3336
f 2006 3462 3461
f 2002 3461 3460
f 2034 3460 3468
f 2031 3468 3467
f 2028 3467 3466
f 2030 3466 3465
f 2027 3465 3464
f 2024 3464 3463
f 2021 3463 3457
f 2044 3457 3459
f 2039 3459 3456
f 2038 3456 3458
f 2037 3458 3455
f 2050 3455 3425
f 2047 3425 3424
f 2057 3424 3423
f 2055 3423 3422
f 2052 3422 3451
f 2063 3451 3450
f 2059 3450 3421
f 2068 3421 3420
f 2065 3420 3449
f 2074 3449 3448
f 2070 3448 3375
f 2078 3375 3419
f 2084 3419 3335
f 2081 3335 3374
f 2088 3374 3334
f 2093 3334 3333
f 2098 3333 3332
f 2095 3332 3331
f 2100 3331 3330
f 2106 3330 3373
f 2110 3373 3372
f 2114 3372 3301
f 3691 3301 3300
f 3689 3300 3329
f 3687 3329 3418
f 3685 3418 3328
f 3683 3328 3371
f 3681 3371 3299
f 3679 3299 3327
f 3677 3327 3293
f 3675 3293 3292
f 3673 3292 3291
f 3671 3291 3298
f 3669 3298 3326
f 3667 3326 3370
f 3665 3370 3417
f 3663 3417 3325
f 3661 3325 3324
f 3651 3324 3323
f 3641 3323 3322
f 3633 3322 3297
f 3627 3297 3321
f 3622 3321 3369
f 3617 3369 3416
f 3612 3416 3368
f 3609 3368 3415
f 3604 3367 3414
f 3602 3414 3447
f 3600 3447 3446
f 3598 3446 3445
f 3596 3445 3444
f 3594 3444 3443
f 3592 3443 3454
f 3590 3454 3453
f 3588 3453 3442
f 3586 3442 3441
f 3584 3441 3366
f 3582 3366 3413
f 3580 3413 3365
f 3578 3365 3412
f 3576 3412 3364
f 3574 3364 3363
f 3572 3363 3362
f 3570 3362 3411
f 3568 3469 3434
f 3566 3567 3392
f 3564 3565 3433
f 3562 3563 3432
f 3560 3561 3315
f 3558 3559 3314
f 3556 3557 3313
f 3554 3555 3312
f 3552 3553 3350
f 3550 3551 3349
f 3548 3549 3348
f 3546 3547 3391
f 3544 3545 3311
f 3542 3543 3347
f 3540 3541 3346
f 3538 3539 3310
f 3536 3537 3290
f 3534 3535 3289
f 3532 3533 3288
f 3530 3531 3296
f 3528 3529 3295
f 3526 3527 3284
f 3524 3525 3283
f 3522 3523 3279
f 3520 3521 3278
f 3518 3519 3282
f 3516 3517 3309
f 3514 3515 3287
f 3512 3513 3294
f 3510 3411 3410
f 3509 3410 3409
f 3508 3409 3408
f 3507 3408 3440
f 3506 3440 3452
f 3505 3452 3407
f 3504 3407 3439
f 3503 3439 3406
f 3502 3406 3438
f 3501 3438 3405
f 3500 3405 3437
f 3499 3437 3361
f 3498 3361 3360
f 3497 3360 3359
f 3496 3359 3404
f 3495 3404 3403
f 3494 3403 3402
f 3493 3402 3401
f 3492 3401 3400
f 3491 3400 3399
f 3436 3358 3489
f 3489 3358 3398
f 3488 3398 3357
f 3487 3357 3397
f 3486 3397 3396
f 3485 3396 3435
f 3484 3435 3395
f 3483 3395 3356
f 3482 3356 3355
f 3481 3355 3320
f 3480 3320 3319
f 3479 3319 3318
f 3478 3318 3317
f 3477 3317 3354
f 3476 3354 3353
f 3475 3353 3352
f 3474 3352 3394
f 3473 3394 3316
f 3472 3316 3351
f 3471 3351 3393
f 3470 3393 3434
f 3802 3801 3800
f 3802 3796 3795
f 3795 3803 3802
f 3803 3791 3790
f 3803 3797 3791
f 3790 3804 3803
f 3805 3804 3786
f 3804 3792 3786
f 3786 3785 3805
f 3806 3805 3779
f 3805 3788 3779
f 3779 3778 3806
f 3778 3780 3806
f 3780 3782 3806
f 3807 3776 3767
f 3807 3806 3783
f 3783 3774 3807
f 3774 3773 3807
f 3773 3775 3807
f 3775 3776 3807
f 3808 3771 3760
f 3808 3807 3766
f 3766 3769 3808
f 3769 3770 3808
f 3770 3771 3808
f 3809 3764 3753
f 3809 3808 3759
f 3759 3762 3809
f 3762 3763 3809
f 3763 3764 3809
f 3810 3745 3744
f 3810 3756 3745
f 3810 3757 3756
f 3810 3755 3757
f 3810 3809 3752
f 3752 3755 3810
f 3811 3742 3741
f 3811 3734 3742
f 3811 3735 3734
f 3811 3749 3735
f 3811 3750 3749
f 3811 3748 3750
f 3811 3810 3747
f 3747 3748 3811
f 3812 3727 3720
f 3812 3728 3727
f 3812 3813 3729
f 3729 3728 3812
f 3813 3730 3729
f 3813 3731 3730
f 3813 3732 3731
f 3813 3724 3732
f 3813 3738 3737
f 3813 3739 3738
f 3813 3811 3740
f 3740 3739 3813
f 3737 3725 3813
f 3725 3724 3813
f 3813 3814 3815
f 3813 3812 3814
f 3816 3817 3818
f 3816 3815 3817
f 3819 3820 3821
f 3819 3818 3820
f 3822 3823 3824
f 3822 3821 3823
f 3825 3826 3827
f 3825 3824 3826
f 3828 3829 3830
f 3828 3827 3829
f 3831 3832 3833
f 3831 3830 3832
f 3834 3835 3836
f 3834 3833 3835
f 3837 3838 3839
f 3837 3836 3838
f 3840 3841 3842
f 3840 3839 3841
f 3843 3844 3845
f 3843 3842 3844
f 3846 3847 3848
f 3846 3845 3847
f 3849 3850 3851
f 3849 3848 3850
f 3852 3853 3854
f 3852 3851 3853
f 3855 3856 3854
f 3854 3856 3852
f 3851 3852 3849
f 3848 3849 3846
f 3845 3846 3843
f 3842 3843 3840
f 3839 3840 3837
f 3836 3837 3834
f 3833 3834 3831
f 3830 3831 3828
f 3827 3828 3825
f 3824 3825 3822
f 3821 3822 3819
f 3818 3819 3816
f 3815 3816 3813
f 3720 3719 3812
f 3741 3740 3811
f 3744 3747 3810
f 3753 3752 3809
f 3760 3759 3808
f 3767 3766 3807
f 3782 3783 3806
f 3785 3788 3805
f 3790 3792 3804
f 3795 3797 3803
f 3800 3796 3802
f 3816 3819 3718
f 3819 3511 3718
f 3822 3512 3511
f 3511 3819 3822
f 3718 3721 3816
f 3813 3816 3723
f 3822 3513 3512
f 3721 3723 3816
f 3825 3514 3513
f 3513 3822 3825
f 3723 3726 3813
f 3811 3813 3733
f 3825 3515 3514
f 3726 3733 3813
f 3828 3516 3515
f 3515 3825 3828
f 3733 3736 3811
f 3810 3811 3743
f 3828 3517 3516
f 3736 3743 3811
f 3831 3518 3517
f 3517 3828 3831
f 3743 3746 3810
f 3809 3810 3751
f 3831 3519 3518
f 3746 3751 3810
f 3834 3520 3519
f 3519 3831 3834
f 3751 3754 3809
f 3808 3809 3758
f 3834 3521 3520
f 3754 3758 3809
f 3837 3522 3521
f 3521 3834 3837
f 3758 3761 3808
f 3807 3808 3765
f 3837 3523 3522
f 3761 3765 3808
f 3840 3524 3523
f 3523 3837 3840
f 3765 3768 3807
f 3806 3807 3772
f 3840 3525 3524
f 3768 3772 3807
f 3843 3526 3525
f 3525 3840 3843
f 3772 3781 3806
f 3805 3806 3777
f 3843 3527 3526
f 3781 3777 3806
f 3846 3528 3527
f 3527 3843 3846
f 3777 3787 3805
f 3804 3805 3784
f 3846 3529 3528
f 3787 3784 3805
f 3849 3530 3529
f 3529 3846 3849
f 3784 3793 3804
f 3803 3804 3789
f 3849 3531 3530
f 3793 3789 3804
f 3852 3532 3531
f 3531 3849 3852
f 3789 3798 3803
f 3802 3803 3794
f 3852 3533 3532
f 3798 3794 3803
f 3856 3534 3533
f 3855 3536 3535
f 3533 3852 3856
f 3535 3856 3855
f 3535 3534 3856
f 3794 3799 3802
f 3799 3801 3802
f 3857 3650 3659
f 3858 3654 3653
f 3858 3655 3654
f 3858 3656 3655
f 3858 3657 3656
f 3858 3857 3658
f 3658 3657 3858
f 3653 3652 3858
f 3859 3645 3644
f 3859 3646 3645
f 3859 3647 3646
f 3859 3648 3647
f 3859 3649 3648
f 3859 3640 3649
f 3859 3641 3640
f 3859 3860 3652
f 3652 3641 3859
f 3644 3643 3859
f 3861 3636 3635
f 3861 3632 3636
f 3861 3862 3643
f 3643 3642 3861
f 3642 3633 3861
f 3633 3632 3861
f 3635 3634 3861
f 3863 3627 3626
f 3863 3639 3627
f 3863 3864 3634
f 3634 3637 3863
f 3637 3638 3863
f 3638 3639 3863
f 3626 3628 3863
f 3865 3631 3622
f 3628 3629 3865
f 3865 3866 3628
f 3629 3630 3865
f 3630 3631 3865
f 3622 3621 3865
f 3621 3623 3867
f 3867 3868 3621
f 3623 3624 3867
f 3624 3625 3867
f 3625 3617 3867
f 3617 3616 3867
f 3616 3619 3869
f 3869 3870 3616
f 3619 3618 3869
f 3618 3620 3869
f 3620 3612 3869
f 3612 3611 3869
f 3615 3614 3871
f 3871 3872 3615
f 3872 3611 3615
f 3614 3613 3871
f 3608 3610 3873
f 3874 3609 3608
f 3874 3613 3609
f 3873 3874 3608
f 3873 3610 3607
f 3875 3607 3606
f 3606 3605 3875
f 3607 3875 3873
f 3874 3871 3613
f 3872 3869 3611
f 3870 3867 3616
f 3868 3865 3621
f 3866 3863 3628
f 3864 3861 3634
f 3862 3859 3643
f 3860 3858 3652
f 3659 3658 3857
f 3510 3472 3471
f 3499 3495 3494
f 3471 3470 3510
f 3510 3478 3477
f 3499 3496 3495
f 3499 3498 3497
f 3510 3473 3472
f 3510 3475 3474
f 3477 3476 3510
f 3500 3493 3492
f 3497 3496 3499
f 3487 3507 3506
f 3474 3473 3510
f 3510 3479 3478
f 3500 3489 3488
f 3492 3491 3500
f 3493 3500 3499
f 3487 3508 3507
f 3476 3475 3510
f 3510 3481 3480
f 3510 3483 3482
f 3510 3485 3484
f 3500 3490 3489
f 3494 3493 3499
f 3487 3502 3501
f 3487 3504 3503
f 3487 3509 3508
f 3480 3479 3510
f 3484 3483 3510
f 3491 3490 3500
f 3503 3502 3487
f 3506 3505 3487
f 3482 3481 3510
f 3510 3487 3486
f 3501 3500 3487
f 3487 3510 3509
f 3486 3485 3510
f 3505 3504 3487
f 3488 3487 3500
f 3469 3569 3510
f 3470 3469 3510
f 3469 3568 3569
f 3876 3812 3719
f 3719 3722 3876
f 3812 3876 3877
f 3877 3814 3812
f 3722 3717 3876
f 3716 3878 3876
f 3717 3716 3876
f 3715 3879 3878
f 3716 3715 3878
f 3714 3880 3879
f 3715 3714 3879
f 3713 3881 3880
f 3714 3713 3880
f 3712 3882 3881
f 3713 3712 3881
f 3711 3883 3882
f 3712 3711 3882
f 3710 3884 3883
f 3711 3710 3883
f 3709 3885 3884
f 3710 3709 3884
f 3708 3886 3885
f 3709 3708 3885
f 3707 3887 3886
f 3708 3707 3886
f 3706 3888 3887
f 3707 3706 3887
f 3705 3889 3888
f 2115 3665 3664
f 3706 3705 3888
f 3664 3663 2115
f 3704 3890 3889
f 2115 3666 3665
f 3705 3704 3889
f 3663 3662 2115
f 3703 3891 3890
f 2115 3667 3666
f 3704 3703 3890
f 2115 3651 3650
f 3662 3661 2115
f 3702 3892 3891
f 2115 3660 3651
f 2115 3668 3667
f 3703 3702 3891
f 3661 3660 2115
f 3701 3893 3892
f 2115 3669 3668
f 3702 3701 3892
f 3650 3857 2115
f 3700 3894 3893
f 2115 3670 3669
f 3701 3700 3893
f 2115 3671 3670
f 3699 3895 3894
f 2115 3672 3671
f 3700 3699 3894
f 2115 3673 3672
f 3698 3896 3895
f 2115 3674 3673
f 3699 3698 3895
f 2115 3675 3674
f 3697 3897 3896
f 2115 3676 3675
f 3698 3697 3896
f 2115 3677 3676
f 3696 3898 3897
f 3817 3899 3900
f 3901 3820 3818
f 2115 3678 3677
f 3697 3696 3897
f 3817 3902 3899
f 3818 3900 3901
f 3821 3820 3903
f 1736 3904 3905
f 2115 3679 3678
f 3695 3906 3898
f 3815 3907 3902
f 3901 3903 3820
f 3903 3908 3821
f 3905 3909 1736
f 2115 3858 3860
f 2115 3680 3679
f 3696 3695 3898
f 3815 3910 3907
f 3908 3911 3821
f 3823 3821 3911
f 3909 3912 1736
f 3857 3858 2115
f 3694 3913 3906
f 3900 3818 3817
f 3911 3914 3823
f 3912 3915 1736
f 2115 3681 3680
f 3695 3694 3906
f 3693 1839 3916
f 3814 3877 3910
f 3914 3917 3823
f 3824 3823 3917
f 3915 3918 1736
f 2115 3682 3681
f 1839 3693 3692
f 3916 3913 3693
f 3902 3817 3815
f 3917 3919 3824
f 3918 3920 1736
f 2115 3683 3682
f 3694 3693 3913
f 3919 3921 3824
f 3826 3824 3921
f 3920 3922 1736
f 2115 3684 3683
f 3910 3815 3814
f 3921 3923 3826
f 3827 3826 3924
f 3922 3925 1736
f 2115 3685 3684
f 3923 3924 3826
f 3924 3926 3827
f 3925 3927 1736
f 2115 3686 3685
f 3926 3928 3827
f 3829 3827 3928
f 3927 3929 1736
f 3860 2188 2115
f 3928 3930 3829
f 3929 3931 1736
f 3860 3859 2188
f 3692 1841 1839
f 3931 3932 1736
f 3859 3862 2188
f 3933 3830 3829
f 3932 3934 1736
f 2115 3687 3686
f 3933 3832 3830
f 1736 3935 3904
f 3862 3861 2188
f 3930 3933 3829
f 3934 3936 1736
f 3861 3864 2188
f 3937 3833 3832
f 3936 3938 1736
f 3864 3863 2188
f 3933 3937 3832
f 3938 3939 1736
f 2115 3688 3687
f 3940 3835 3833
f 3939 3941 1736
f 3863 3866 2188
f 3940 3836 3835
f 3941 3942 1736
f 3866 3865 2188
f 3937 3940 3833
f 3942 3943 1736
f 3865 3868 2188
f 3847 3944 3945
f 3946 3838 3836
f 3943 3947 1736
f 2188 3875 3605
f 2115 3689 3688
f 3945 3948 3847
f 3940 3946 3836
f 3947 3949 1736
f 3605 3604 2188
f 3868 3867 2188
f 3847 3950 3944
f 3951 3839 3838
f 3949 3952 1736
f 2188 3873 3875
f 3867 3870 2188
f 3948 3953 3847
f 3946 3951 3838
f 3952 3954 1736
f 2188 3874 3873
f 2115 3690 3689
f 3953 3955 3847
f 3956 3841 3839
f 1736 3957 3935
f 3604 3603 2188
f 3870 3869 2188
f 3955 3958 3847
f 3951 3956 3839
f 3954 3959 1736
f 3603 3602 2188
f 3869 3872 2188
f 2115 2113 3691
f 3958 3960 3847
f 3961 3842 3841
f 3959 3962 1736
f 3602 3601 2188
f 3691 3690 2115
f 3847 3963 3950
f 3961 3844 3842
f 3962 3964 1736
f 3601 3600 2188
f 3872 3871 2188
f 3960 3965 3847
f 3956 3961 3841
f 3964 3966 1736
f 3537 3536 3855
f 3967 3539 3538
f 3871 3874 2188
f 3965 3968 3847
f 3969 3845 3844
f 1736 3970 3971
f 3966 3972 1736
f 3538 3537 3967
f 3600 3599 2188
f 3968 3973 3847
f 3961 3969 3844
f 3972 3970 1736
f 3967 3540 3539
f 3599 3598 2188
f 3973 3974 3847
f 3963 3847 3845
f 1736 3975 3957
f 3967 3541 3540
f 3598 3597 2188
f 3969 3963 3845
f 1736 3976 3975
f 3967 3542 3541
f 3597 3596 2188
f 3977 3848 3847
f 1736 3978 3976
f 3967 3543 3542
f 3596 3595 2188
f 3977 3850 3848
f 1736 3979 3978
f 3967 3544 3543
f 3595 3594 2188
f 3974 3977 3847
f 1736 3980 3979
f 3967 3545 3544
f 3594 3593 2188
f 3981 3851 3850
f 1736 3982 3980
f 3967 3546 3545
f 3593 3592 2188
f 3981 3853 3851
f 1736 3983 3982
f 3967 3547 3546
f 3592 3591 2188
f 3977 3981 3850
f 1736 3984 3983
f 3967 3548 3547
f 3591 3590 2188
f 3985 3854 3853
f 1736 3986 3984
f 1736 3987 3988
f 3967 3549 3548
f 3590 3589 2188
f 3981 3985 3853
f 1736 3989 3986
f 3988 3990 1736
f 3988 3991 3990
f 3967 3550 3549
f 3589 3588 2188
f 3985 3992 3854
f 1736 3993 3989
f 1736 3994 3995
f 3967 3551 3550
f 3588 3587 2188
f 3992 3996 3854
f 1736 3997 3993
f 1736 3998 3999
f 3995 3987 1736
f 3990 4000 1736
f 1736 4001 4002
f 3967 3552 3551
f 3587 3586 2188
f 3996 4003 3854
f 3999 3997 1736
f 3971 1737 1736
f 1736 4004 4005
f 4002 3994 1736
f 3967 3553 3552
f 3586 3585 2188
f 4003 4006 3854
f 4005 3998 1736
f 1736 4007 4008
f 1736 4009 4010
f 3967 3554 3553
f 3585 3584 2188
f 4006 4011 3854
f 4008 4004 1736
f 1736 4012 4013
f 4010 4001 1736
f 4000 4012 1736
f 1736 4014 4015
f 3967 3555 3554
f 3584 3583 2188
f 4011 4016 3854
f 4013 4007 1736
f 4015 4009 1736
f 3967 3556 3555
f 3583 3582 2188
f 4016 4017 3854
f 1736 4018 4019
f 3967 3557 3556
f 3582 3581 2188
f 4017 4020 3854
f 4019 4014 1736
f 1736 4021 4022
f 3967 3558 3557
f 3581 3580 2188
f 4020 4023 3854
f 4022 4018 1736
f 1736 4024 4025
f 3967 3559 3558
f 3580 3579 2188
f 4023 4026 3854
f 4025 4021 1736
f 1736 4027 4028
f 3967 3560 3559
f 3579 3578 2188
f 4026 4029 3854
f 4028 4024 1736
f 1736 4030 4031
f 3967 3561 3560
f 3578 3577 2188
f 4029 4032 3854
f 4031 4027 1736
f 1736 4033 4034
f 3967 3562 3561
f 3577 3576 2188
f 4032 4035 3854
f 4034 4030 1736
f 1736 4036 4037
f 3967 3563 3562
f 3576 3575 2188
f 4035 4038 3854
f 4037 4033 1736
f 1736 4039 4040
f 3967 3564 3563
f 3575 3574 2188
f 4038 4041 3854
f 4040 4036 1736
f 1736 4042 4043
f 1736 4044 4045
f 3967 3565 3564
f 3574 3573 2188
f 4041 4046 3854
f 4043 4039 1736
f 1736 4047 4044
f 4045 4042 1736
f 3967 3566 3565
f 3967 3568 3567
f 2140 2188 3967
f 2188 3571 3570
f 3573 3572 2188
f 4046 4048 3854
f 2140 4049 4047
f 3567 3566 3967
f 2188 3568 3967
f 3572 3571 2188
f 4048 4050 3854
f 3855 3854 4051
f 4047 1736 2140
f 2140 4052 4053
f 3967 4052 2140
f 3855 3967 3537
f 3570 3569 2188
f 4050 4054 3854
f 4051 4055 3855
f 4053 4049 2140
f 3569 3568 2188
f 4055 3967 3855
f 4054 4051 3854
f 4000 3990 4056
f 4056 4057 4000
f 4058 4012 4000
f 4000 4057 4058
f 4059 4013 4012
f 4060 4007 4013
f 4013 4059 4060
f 4061 4008 4007
f 4062 4004 4008
f 4008 4061 4062
f 4063 4005 4004
f 4064 3998 4005
f 4005 4063 4064
f 4065 3999 3998
f 4066 3997 3999
f 3999 4065 4066
f 4067 3993 3997
f 4068 3989 3993
f 3993 4067 4068
f 4069 3986 3989
f 4070 3984 3986
f 3986 4069 4070
f 4071 3983 3984
f 4072 3982 3983
f 3983 4071 4072
f 4073 3980 3982
f 4074 3979 3980
f 3980 4073 4074
f 4075 3978 3979
f 4076 3976 3978
f 3978 4075 4076
f 4077 3975 3976
f 4078 3957 3975
f 3975 4077 4078
f 4079 3935 3957
f 4080 3905 3904
f 3935 4079 4081
f 4079 4082 4081
f 4081 4083 3935
f 4083 4080 3935
f 3904 3935 4080
f 4078 4079 3957
f 4076 4077 3976
f 4074 4075 3979
f 4072 4073 3982
f 4070 4071 3984
f 4068 4069 3989
f 4066 4067 3997
f 4064 4065 3998
f 4062 4063 4004
f 4060 4061 4007
f 4058 4059 4012
f 3990 3991 4056
f 3950 4084 4085
f 4085 3945 3944
f 4086 4084 3950
f 3963 4087 4086
f 3950 3963 4086
f 4088 4087 3969
f 3961 4089 4088
f 3969 3961 4088
f 4090 4089 3956
f 3951 4091 4090
f 3956 3951 4090
f 4092 4091 3946
f 3940 4093 4092
f 3946 3940 4092
f 4094 4093 3937
f 3933 4095 4094
f 3937 3933 4094
f 4096 4095 3930
f 3928 4097 4096
f 3930 3928 4096
f 4098 4097 3926
f 3924 4099 4098
f 3926 3924 4098
f 4100 4099 3923
f 3921 4101 4100
f 3923 3921 4100
f 4102 4103 3919
f 3919 3917 4102
f 4103 4101 3919
f 4104 4102 3914
f 3914 3911 4104
f 4105 4104 3908
f 3908 3903 4105
f 3901 4106 4107
f 4107 4105 3901
f 3901 4108 4106
f 4108 3901 3900
f 3900 3899 4108
f 4107 4109 4105
f 3903 3901 4105
f 3911 3908 4104
f 3917 3914 4102
f 3921 3919 4101
f 3924 3923 4099
f 3928 3926 4097
f 3933 3930 4095
f 3940 3937 4093
f 3951 3946 4091
f 3961 3956 4089
f 3963 3969 4087
f 4085 3944 3950
f 4110 4111 4112
f 4110 4113 4114
f 4115 4116 4117
f 4115 4118 4119
f 4115 4120 4121
f 4122 4123 4124
f 4110 4125 4126
f 4114 4111 4110
f 4117 4127 4115
f 4115 4128 4129
f 4119 4130 4115
f 4115 4131 4132
f 4115 4133 4120
f 4124 4134 4122
f 4122 4135 4136
f 4112 4125 4110
f 4127 4137 4115
f 4130 4128 4115
f 4121 4131 4115
f 4115 4138 4139
f 4115 4140 4141
f 4136 4123 4122
f 4122 4142 4143
f 4137 4110 4115
f 4115 4144 4118
f 4139 4133 4115
f 4115 4122 4140
f 4122 4145 4146
f 4122 4147 4135
f 4143 4148 4122
f 4129 4116 4115
f 4141 4138 4115
f 4146 4149 4122
f 4148 4147 4122
f 4122 4115 4150
f 4132 4144 4115
f 4134 4145 4122
f 4126 4115 4110
f 4150 4142 4122
f 4151 3967 4122
f 4149 4151 4122
f 4151 4052 3967
f 4152 4151 4149
f 4153 4149 4146
f 4154 4146 4145
f 4155 4145 4134
f 4156 4134 4124
f 4157 4124 4123
f 4158 4123 4136
f 4159 4136 4135
f 4160 4135 4147
f 4161 4147 4148
f 4162 4148 4143
f 4163 4143 4142
f 4164 4142 4150
f 4165 4150 4115
f 4166 4115 4126
f 4167 4126 4125
f 4168 4125 4112
f 4169 4112 4111
f 4170 4111 4114
f 4171 4114 4113
f 4113 4110 4172
f 4110 4173 4172
f 4173 4110 4137
f 4174 4137 4127
f 4175 4127 4117
f 4176 4117 4116
f 4177 4116 4129
f 4178 4129 4128
f 4179 4128 4130
f 4180 4130 4119
f 4181 4119 4118
f 4182 4118 4144
f 4183 4144 4132
f 4184 4132 4131
f 4185 4131 4121
f 4186 4121 4120
f 4187 4120 4133
f 4188 4133 4139
f 4189 4139 4138
f 4190 4138 4141
f 4191 4141 4140
f 4192 4140 4122
f 4193 4194 4076
f 4076 4075 4193
f 4195 4193 4074
f 4074 4073 4195
f 4196 4195 4072
f 4072 4071 4196
f 4197 4196 4070
f 4070 4069 4197
f 4198 4197 4068
f 4068 4067 4198
f 4199 4198 4066
f 4066 4065 4199
f 4200 4199 4064
f 4064 4063 4200
f 4201 4200 4062
f 4062 4061 4201
f 4202 4201 4060
f 4060 4059 4202
f 4203 4202 4058
f 4058 4057 4203
f 4204 4203 4056
f 4056 3991 4204
f 4205 4204 3988
f 3988 3987 4205
f 4206 4205 3995
f 3995 3994 4206
f 4207 4206 4002
f 4002 4001 4207
f 4208 4207 4010
f 4010 4009 4208
f 4209 4208 4015
f 4015 4014 4209
f 4210 4209 4019
f 4019 4018 4210
f 4211 4210 4022
f 4022 4021 4211
f 4212 4211 4025
f 4025 4024 4212
f 4213 4212 4028
f 4028 4027 4213
f 4214 4213 4031
f 4031 4030 4214
f 4215 4214 4034
f 4034 4033 4215
f 4216 4215 4037
f 4037 4036 4216
f 4217 4216 4040
f 4040 4039 4217
f 4218 4217 4043
f 4043 4042 4218
f 4219 4218 4045
f 4045 4044 4219
f 4220 4219 4047
f 4047 4049 4220
f 4152 4220 4053
f 4053 4052 4152
f 4221 3967 4055
f 4221 4122 3967
f 4222 4051 4054
f 4222 4055 4051
f 4223 4050 4048
f 4223 4054 4050
f 4224 4046 4041
f 4224 4048 4046
f 4225 4038 4035
f 4225 4041 4038
f 4226 4032 4029
f 4226 4035 4032
f 4227 4026 4023
f 4227 4029 4026
f 4228 4020 4017
f 4228 4023 4020
f 4229 4016 4011
f 4229 4017 4016
f 4230 4006 4003
f 4230 4011 4006
f 4231 3996 3992
f 4231 4003 3996
f 4232 3985 3981
f 4232 3992 3985
f 4233 3977 3974
f 4233 3981 3977
f 4234 3973 3968
f 4234 3974 3973
f 4235 3965 3960
f 4235 3968 3965
f 4236 3958 3955
f 4236 3960 3958
f 4237 3953 3948
f 4237 3955 3953
f 4238 3948 3945
f 3945 4239 4238
f 3945 4085 4239
f 4239 4084 4086
f 4239 4085 4084
f 4240 4087 4088
f 4240 4086 4087
f 4241 4089 4090
f 4241 4088 4089
f 4242 4091 4092
f 4242 4090 4091
f 4243 4093 4094
f 4243 4092 4093
f 4244 4095 4096
f 4244 4094 4095
f 4245 4097 4098
f 4245 4096 4097
f 4246 4099 4100
f 4246 4098 4099
f 4247 4101 4103
f 4247 4100 4101
f 4248 4102 4104
f 4248 4103 4102
f 4105 4109 4107
f 4249 3899 3902
f 4104 4105 4106
f 4106 4108 4104
f 4108 3899 4104
f 3899 4249 4104
f 4250 3907 3910
f 4250 3902 3907
f 4251 3877 3876
f 4251 3910 3877
f 4252 3878 3879
f 4252 3876 3878
f 4253 3880 3881
f 4253 3879 3880
f 4254 3882 3883
f 4254 3881 3882
f 4255 3884 3885
f 4255 3883 3884
f 4256 3886 3887
f 4256 3885 3886
f 4257 3888 3889
f 4257 3887 3888
f 4258 3890 3891
f 4258 3889 3890
f 4259 3892 3893
f 4259 3891 3892
f 4260 3894 3895
f 4260 3893 3894
f 4261 3896 3897
f 4261 3895 3896
f 4262 3898 3906
f 4262 3897 3898
f 4263 3913 3916
f 4263 3906 3913
f 4264 1838 1840
f 4264 3916 1839
f 1839 1838 4264
f 4265 1843 1844
f 4265 1835 1843
f 4265 1840 1835
f 4266 1848 1850
f 4266 1844 1848
f 4267 1852 1857
f 4267 1850 1853
f 1853 1852 4267
f 4268 1854 1864
f 4268 1858 1854
f 4268 1857 1858
f 4269 1865 1867
f 4269 1864 1865
f 4270 1871 1872
f 4270 1867 1860
f 1860 1871 4270
f 4271 1875 1876
f 4271 1868 1875
f 4271 1872 1868
f 4272 1882 1887
f 4272 1880 1882
f 4272 1876 1880
f 4273 1888 1889
f 4273 1887 1888
f 4274 1892 1891
f 4274 1883 1892
f 4274 1889 1883
f 4275 1898 1904
f 4275 1896 1898
f 4275 1891 1896
f 4276 1905 1907
f 4276 1904 1905
f 4277 1899 1909
f 4277 1906 1899
f 4277 1907 1906
f 4278 1910 1916
f 4278 1909 1910
f 4279 1914 1922
f 4279 1916 1915
f 1915 1914 4279
f 4280 1917 1927
f 4280 1922 1917
f 4281 1925 1929
f 4281 1926 1925
f 4281 1927 1926
f 4282 1928 1931
f 4282 1929 1928
f 4283 1930 1936
f 4283 1931 1930
f 4284 1946 1945
f 4284 1936 1932
f 1932 1946 4284
f 4285 1940 1951
f 4285 1945 1940
f 4286 1949 1954
f 4286 1950 1949
f 4286 1951 1950
f 4287 1953 1952
f 4287 1954 1953
f 4288 1956 1955
f 4288 1952 1956
f 4289 1957 1963
f 4289 1955 1957
f 4290 1958 1984
f 4290 1963 1962
f 1962 1958 4290
f 4291 1983 1986
f 4291 1984 1983
f 4292 1985 1987
f 4292 1986 1985
f 4293 1988 1991
f 4293 1987 1988
f 4294 1990 1989
f 4294 1991 1990
f 4295 1992 1993
f 4295 1989 1992
f 4296 1994 1996
f 4296 1993 1994
f 4297 1969 1999
f 4297 1995 1969
f 4297 1996 1995
f 4298 1998 2000
f 4298 1999 1998
f 4299 4300 2009
f 4300 2000 2009
f 4299 2017 2016
f 2016 4301 4299
f 4302 4301 2020
f 2020 2019 4302
f 4303 4302 2018
f 2018 1823 4303
f 1823 1821 4303
f 4304 4303 1820
f 1820 1822 4304
f 4305 4304 1834
f 1834 1833 4305
f 4306 4305 1832
f 1832 1831 4306
f 4307 4306 1830
f 1830 1829 4307
f 4308 4307 1828
f 1828 1827 4308
f 4309 4308 1826
f 1826 1825 4309
f 4310 1813 1811
f 4310 4309 1824
f 1824 1813 4310
f 4311 4310 1810
f 1810 1812 4311
f 4312 4311 1818
f 1818 1817 4312
f 4313 4312 1816
f 1816 1815 4313
f 4314 4313 1814
f 1814 1805 4314
f 1805 1803 4314
f 4315 4314 1802
f 1802 1804 4315
f 4316 1807 1806
f 4316 4315 1808
f 1808 1807 4316
f 4317 4316 1797
f 1797 1796 4317
f 4318 4317 1800
f 1800 1799 4318
f 4319 4318 1798
f 1798 1793 4319
f 1793 1792 4319
f 4320 4319 1791
f 1791 1790 4320
f 4321 1787 1786
f 4321 4320 1794
f 1794 1787 4321
f 4322 4321 1785
f 1785 1784 4322
f 4323 4322 1788
f 1788 1780 4323
f 1780 1779 4323
f 4324 4323 1778
f 1778 1777 4324
f 4325 4324 1782
f 1782 1781 4325
f 1781 1775 4325
f 4326 4325 1774
f 1774 1773 4326
f 1773 1772 4326
f 4327 4326 1768
f 1768 1767 4327
f 4328 4327 1770
f 1770 1769 4328
f 1769 1765 4328
f 4329 4328 1764
f 1764 1763 4329
f 1763 1762 4329
f 4330 1758 1760
f 4330 4329 1759
f 1759 1758 4330
f 4331 4330 1754
f 1754 1753 4331
f 4332 4331 1756
f 1756 1755 4332
f 1755 1751 4332
f 4333 1749 1746
f 4333 4332 1750
f 1750 1749 4333
f 4334 4333 1745
f 1745 1747 4334
f 4335 4334 1743
f 1743 1742 4335
f 1742 1741 4335
f 4336 1738 1737
f 4336 4335 1739
f 1739 1738 4336
f 4337 4336 3971
f 3971 3970 4337
f 4338 4337 3972
f 3972 3966 4338
f 4339 4338 3964
f 3964 3962 4339
f 4340 4339 3959
f 3959 3954 4340
f 4341 4340 3952
f 3952 3949 4341
f 4342 4341 3947
f 3947 3943 4342
f 4343 4342 3942
f 3942 3941 4343
f 4344 4343 3939
f 3939 3938 4344
f 4345 4344 3936
f 3936 3934 4345
f 4346 4345 3932
f 3932 3931 4346
f 4347 4346 3929
f 3929 3927 4347
f 4348 4347 3925
f 3925 3922 4348
f 4349 4348 3920
f 3920 3918 4349
f 4350 4349 3915
f 3915 3912 4350
f 4077 4080 4083
f 4083 4078 4077
f 4076 3905 4080
f 4076 4194 3905
f 4194 4350 3909
f 3909 3905 4194
f 4079 4083 4081
f 4081 4082 4079
f 4079 4078 4083
f 4077 4076 4080
f 3912 3909 4350
f 3918 3915 4349
f 3922 3920 4348
f 3927 3925 4347
f 3931 3929 4346
f 3934 3932 4345
f 3938 3936 4344
f 3941 3939 4343
f 3943 3942 4342
f 3949 3947 4341
f 3954 3952 4340
f 3962 3959 4339
f 3966 3964 4338
f 3970 3972 4337
f 1737 3971 4336
f 1741 1739 4335
f 1747 1743 4334
f 1746 1745 4333
f 1751 1750 4332
f 1753 1756 4331
f 1760 1754 4330
f 1762 1759 4329
f 1765 1764 4328
f 1767 1770 4327
f 1772 1768 4326
f 1775 1774 4325
f 1777 1782 4324
f 1779 1778 4323
f 1784 1788 4322
f 1786 1785 4321
f 1790 1794 4320
f 1792 1791 4319
f 1799 1798 4318
f 1796 1800 4317
f 1806 1797 4316
f 1804 1808 4315
f 1803 1802 4314
f 1815 1814 4313
f 1817 1816 4312
f 1812 1818 4311
f 1811 1810 4310
f 1825 1824 4309
f 1827 1826 4308
f 1829 1828 4307
f 1831 1830 4306
f 1833 1832 4305
f 1822 1834 4304
f 1821 1820 4303
f 2019 2018 4302
f 2016 2020 4301
f 2009 2017 4299
f 2000 4300 4298
f 1999 4298 4297
f 1996 4297 4296
f 1993 4296 4295
f 1989 4295 4294
f 1991 4294 4293
f 1987 4293 4292
f 1986 4292 4291
f 1984 4291 4290
f 1963 4290 4289
f 1955 4289 4288
f 1952 4288 4287
f 1954 4287 4286
f 1951 4286 4285
f 1945 4285 4284
f 1936 4284 4283
f 1931 4283 4282
f 1929 4282 4281
f 1927 4281 4280
f 1922 4280 4279
f 1916 4279 4278
f 1909 4278 4277
f 1907 4277 4276
f 1904 4276 4275
f 1891 4275 4274
f 1889 4274 4273
f 1887 4273 4272
f 1876 4272 4271
f 1872 4271 4270
f 1867 4270 4269
f 1864 4269 4268
f 1857 4268 4267
f 1850 4267 4266
f 1844 4266 4265
f 1840 4265 4264
f 3916 4264 4263
f 3906 4263 4262
f 3897 4262 4261
f 3895 4261 4260
f 3893 4260 4259
f 3891 4259 4258
f 3889 4258 4257
f 3887 4257 4256
f 3885 4256 4255
f 3883 4255 4254
f 3881 4254 4253
f 3879 4253 4252
f 3876 4252 4251
f 3910 4251 4250
f 3902 4250 4249
f 4107 4106 4105
f 4104 4249 4248
f 4103 4248 4247
f 4100 4247 4246
f 4098 4246 4245
f 4096 4245 4244
f 4094 4244 4243
f 4092 4243 4242
f 4090 4242 4241
f 4088 4241 4240
f 4086 4240 4239
f 3948 4238 4237
f 3955 4237 4236
f 3960 4236 4235
f 3968 4235 4234
f 3974 4234 4233
f 3981 4233 4232
f 3992 4232 4231
f 4003 4231 4230
f 4011 4230 4229
f 4017 4229 4228
f 4023 4228 4227
f 4029 4227 4226
f 4035 4226 4225
f 4041 4225 4224
f 4048 4224 4223
f 4054 4223 4222
f 4055 4222 4221
f 4052 4151 4152
f 4049 4053 4220
f 4044 4047 4219
f 4042 4045 4218
f 4039 4043 4217
f 4036 4040 4216
f 4033 4037 4215
f 4030 4034 4214
f 4027 4031 4213
f 4024 4028 4212
f 4021 4025 4211
f 4018 4022 4210
f 4014 4019 4209
f 4009 4015 4208
f 4001 4010 4207
f 3994 4002 4206
f 3987 3995 4205
f 3991 3988 4204
f 4057 4056 4203
f 4059 4058 4202
f 4061 4060 4201
f 4063 4062 4200
f 4065 4064 4199
f 4067 4066 4198
f 4069 4068 4197
f 4071 4070 4196
f 4073 4072 4195
f 4075 4074 4193
f 4122 4221 4192
f 4140 4192 4191
f 4141 4191 4190
f 4138 4190 4189
f 4139 4189 4188
f 4133 4188 4187
f 4120 4187 4186
f 4121 4186 4185
f 4131 4185 4184
f 4132 4184 4183
f 4144 4183 4182
f 4118 4182 4181
f 4119 4181 4180
f 4130 4180 4179
f 4128 4179 4178
f 4129 4178 4177
f 4116 4177 4176
f 4117 4176 4175
f 4127 4175 4174
f 4137 4174 4173
f 4172 4351 4113
f 4113 4351 4171
f 4114 4171 4170
f 4111 4170 4169
f 4112 4169 4168
f 4125 4168 4167
f 4126 4167 4166
f 4115 4166 4165
f 4150 4165 4164
f 4142 4164 4163
f 4143 4163 4162
f 4148 4162 4161
f 4147 4161 4160
f 4135 4160 4159
f 4136 4159 4158
f 4123 4158 4157
f 4124 4157 4156
f 4134 4156 4155
f 4145 4155 4154
f 4146 4154 4153
f 4149 4153 4152
f 4245 4352 4353
f 4243 4353 4354
f 4353 4244 4245
f 4246 4247 4355
f 4254 4255 4356
f 4256 4357 4356
f 4354 4242 4243
f 4355 4352 4246
f 4248 4249 4358
f 4359 4253 4254
f 4356 4255 4256
f 4258 4360 4357
f 4245 4246 4352
f 4355 4247 4248
f 4250 4251 4361
f 4252 4253 4359
f 4256 4257 4357
f 4357 4257 4258
f 4263 4264 4362
f 4273 4363 4364
f 4275 4365 4363
f 4344 4345 4366
f 4346 4367 4366
f 4222 4223 4368
f 4224 4369 4368
f 4226 4370 4369
f 4228 4371 4370
f 4239 4372 4373
f 4241 4354 4372
f 4358 4355 4248
f 4358 4249 4250
f 4361 4251 4252
f 4258 4259 4360
f 4260 4374 4360
f 4262 4375 4374
f 4375 4262 4263
f 4364 4272 4273
f 4363 4274 4275
f 4278 4279 4376
f 4280 4281 4377
f 4342 4343 4378
f 4378 4343 4344
f 4366 4345 4346
f 4190 4191 4379
f 4192 4221 4380
f 4380 4221 4222
f 4368 4223 4224
f 4369 4225 4226
f 4370 4227 4228
f 4237 4238 4373
f 4373 4238 4239
f 4372 4240 4241
f 4361 4358 4250
f 4356 4359 4254
f 4360 4259 4260
f 4362 4375 4263
f 4275 4276 4365
f 4277 4381 4365
f 4381 4277 4278
f 4376 4279 4280
f 4340 4341 4382
f 4382 4341 4342
f 4346 4347 4367
f 4348 4383 4367
f 4220 4384 4385
f 4153 4386 4384
f 4170 4387 4388
f 4351 4389 4387
f 4183 4390 4391
f 4185 4392 4390
f 4393 4189 4190
f 4379 4191 4192
f 4224 4225 4369
f 4228 4229 4371
f 4230 4394 4371
f 4395 4236 4237
f 4241 4242 4354
f 4359 4361 4252
f 4374 4261 4262
f 4365 4276 4277
f 4377 4376 4280
f 4282 4283 4396
f 4338 4339 4397
f 4397 4339 4340
f 4366 4378 4344
f 4367 4347 4348
f 4218 4219 4385
f 4385 4219 4220
f 4384 4152 4153
f 4158 4159 4398
f 4160 4161 4399
f 4162 4163 4400
f 4388 4169 4170
f 4387 4171 4351
f 4173 4174 4401
f 4175 4176 4402
f 4177 4178 4403
f 4391 4182 4183
f 4390 4184 4185
f 4187 4404 4392
f 4188 4189 4393
f 4380 4379 4192
f 4226 4227 4370
f 4371 4229 4230
f 4233 4234 4405
f 4235 4236 4395
f 4239 4240 4372
f 4260 4261 4374
f 4265 4266 4406
f 4267 4268 4407
f 4269 4270 4408
f 4271 4364 4408
f 4376 4381 4278
f 4377 4281 4282
f 4284 4285 4409
f 4286 4410 4409
f 4288 4411 4410
f 4290 4412 4411
f 4301 4413 4414
f 4318 4415 4416
f 4320 4417 4415
f 4382 4397 4340
f 4348 4349 4383
f 4350 4418 4383
f 4193 4419 4418
f 4212 4213 4420
f 4214 4215 4421
f 4216 4217 4422
f 4422 4217 4218
f 4153 4154 4386
f 4155 4423 4386
f 4157 4424 4423
f 4424 4157 4158
f 4398 4159 4160
f 4399 4161 4162
f 4164 4165 4425
f 4166 4426 4425
f 4168 4388 4426
f 4351 4172 4389
f 4389 4172 4173
f 4401 4174 4175
f 4402 4176 4177
f 4179 4180 4427
f 4181 4391 4427
f 4185 4186 4392
f 4392 4186 4187
f 4379 4393 4190
f 4230 4231 4394
f 4428 4232 4233
f 4405 4234 4235
f 4243 4244 4353
f 4362 4264 4265
f 4406 4266 4267
f 4407 4268 4269
f 4408 4270 4271
f 4396 4377 4282
f 4396 4283 4284
f 4409 4285 4286
f 4410 4287 4288
f 4411 4289 4290
f 4293 4294 4429
f 4295 4296 4430
f 4414 4299 4301
f 4303 4431 4413
f 4416 4317 4318
f 4415 4319 4320
f 4322 4432 4417
f 4331 4433 4434
f 4333 4435 4433
f 4335 4436 4435
f 4337 4437 4436
f 4378 4382 4342
f 4383 4349 4350
f 4418 4194 4193
f 4196 4438 4419
f 4203 4204 4439
f 4205 4440 4439
f 4441 4211 4212
f 4420 4213 4214
f 4421 4215 4216
f 4220 4152 4384
f 4386 4154 4155
f 4398 4424 4158
f 4400 4399 4162
f 4400 4163 4164
f 4425 4165 4166
f 4426 4167 4168
f 4401 4389 4173
f 4403 4402 4177
f 4403 4178 4179
f 4427 4180 4181
f 4187 4188 4404
f 4368 4380 4222
f 4231 4232 4428
f 4395 4405 4235
f 4406 4362 4265
f 4408 4407 4269
f 4273 4274 4363
f 4286 4287 4410
f 4290 4291 4412
f 4292 4442 4412
f 4442 4292 4293
f 4429 4294 4295
f 4297 4298 4443
f 4300 4299 4444
f 4301 4302 4413
f 4413 4302 4303
f 4305 4445 4431
f 4307 4446 4445
f 4310 4311 4447
f 4312 4313 4448
f 4314 4315 4449
f 4316 4416 4449
f 4320 4321 4417
f 4417 4321 4322
f 4325 4326 4450
f 4327 4328 4451
f 4329 4330 4434
f 4434 4330 4331
f 4433 4332 4333
f 4435 4334 4335
f 4436 4336 4337
f 4350 4194 4418
f 4419 4195 4196
f 4201 4202 4452
f 4452 4202 4203
f 4439 4204 4205
f 4207 4453 4440
f 4209 4454 4453
f 4211 4441 4454
f 4421 4420 4214
f 4385 4422 4218
f 4423 4156 4157
f 4425 4400 4164
f 4168 4169 4388
f 4402 4401 4175
f 4181 4182 4391
f 4393 4404 4188
f 4405 4428 4233
f 4407 4406 4267
f 4409 4396 4284
f 4412 4291 4292
f 4430 4429 4295
f 4430 4296 4297
f 4443 4298 4300
f 4303 4304 4431
f 4431 4304 4305
f 4445 4306 4307
f 4308 4309 4455
f 4455 4309 4310
f 4447 4311 4312
f 4448 4313 4314
f 4449 4315 4316
f 4322 4323 4432
f 4323 4324 4456
f 4456 4324 4325
f 4450 4326 4327
f 4451 4328 4329
f 4333 4334 4435
f 4337 4338 4437
f 4193 4195 4419
f 4197 4198 4457
f 4199 4200 4458
f 4458 4200 4201
f 4205 4206 4440
f 4440 4206 4207
f 4453 4208 4209
f 4420 4441 4212
f 4155 4156 4423
f 4166 4167 4426
f 4427 4403 4179
f 4428 4394 4231
f 4271 4272 4364
f 4429 4442 4293
f 4444 4443 4300
f 4305 4306 4445
f 4455 4446 4308
f 4448 4447 4312
f 4316 4317 4416
f 4456 4432 4323
f 4451 4450 4327
f 4331 4332 4433
f 4397 4437 4338
f 4438 4196 4197
f 4457 4198 4199
f 4439 4452 4203
f 4209 4210 4454
f 4422 4421 4216
f 4170 4171 4387
f 4373 4395 4237
f 4443 4430 4297
f 4307 4308 4446
f 4449 4448 4314
f 4450 4456 4325
f 4335 4336 4436
f 4458 4457 4199
f 4207 4208 4453
f 4399 4398 4160
f 4288 4289 4411
f 4447 4455 4310
f 4434 4451 4329
f 4452 4458 4201
f 4183 4184 4390
f 4318 4319 4415
f 4454 4210 4211
f 4457 4438 4197
f 4414 4444 4299
f 4459 4460 4461
f 4459 4462 4463
f 4463 4464 4459
f 4464 4465 4459
f 4465 4460 4459
f 4461 4466 4459
f 4459 4467 4462
f 4466 4461 4468
f 4468 4469 4466
f 4469 4470 4466
f 4471 4472 4473
f 4471 4474 4472
f 4471 4475 4474
f 4476 4477 4478
f 4476 4479 4477
f 4476 4480 4479
f 4476 4481 4482
f 4482 4480 4476
f 4478 4483 4476
f 4484 4485 2514
f 4486 4484 2520
f 4487 4486 2645
f 4488 4487 2640
f 4489 4488 2623
f 4490 4489 2614
f 4491 4490 2604
f 4492 4491 2588
f 4493 4492 2574
f 4494 4493 2559
f 4495 4494 2541
f 4496 4495 2531
f 4497 4496 2521
f 4498 4497 2516
f 4499 4498 2509
f 4500 4499 2502
f 4501 4500 2498
f 4502 4501 2493
f 4503 4502 2488
f 4504 4503 2483
f 4505 4504 2479
f 4506 4505 2473
f 4507 4506 2468
f 4507 4508 4462
f 4507 2464 4508
f 2464 2461 4509
f 4509 4508 2464
f 2461 2457 4510
f 2457 2456 4511
f 2456 2459 4512
f 2459 2458 4513
f 2458 2466 4514
f 2466 2465 4515
f 2465 2475 4516
f 2475 2474 4517
f 2474 2485 4518
f 2485 2484 4519
f 2484 2495 4520
f 2495 2494 4521
f 2494 2499 4522
f 2499 2511 4523
f 2511 2510 4524
f 2510 2517 4525
f 2517 2533 4526
f 2533 2532 4527
f 2532 2542 4528
f 2542 2560 4529
f 2560 2575 4530
f 2575 2589 4531
f 2589 2605 4532
f 2605 2615 4533
f 2615 2633 4534
f 2633 2641 4535
f 2641 2646 4536
f 2646 2648 4537
f 2649 4538 4537
f 2647 4539 4538
f 2643 4540 4539
f 2635 4541 4540
f 2626 4542 4541
f 2620 4543 4542
f 2611 4544 4543
f 2601 4545 4544
f 2585 4546 4545
f 2571 4547 4546
f 2556 4548 4547
f 2538 4549 4548
f 2529 4550 4549
f 2525 4551 4550
f 2518 4552 4551
f 2512 4553 4552
f 2505 4554 4553
f 2503 4555 4554
f 2500 4556 4555
f 2496 4557 4556
f 2491 4558 4557
f 2489 4559 4558
f 2486 4560 4559
f 2477 4561 4560
f 2476 4562 4561
f 2480 4563 4562
f 2549 4564 4563
f 2536 4565 4564
f 2535 4566 4565
f 4567 4476 4483
f 4483 4566 4567
f 4566 2535 4567
f 4567 2535 2551
f 4568 2551 2550
f 4569 2550 2566
f 4570 2566 2565
f 4571 2565 2581
f 4572 2581 2580
f 4573 2580 2597
f 4574 2597 2596
f 4575 2596 2607
f 4576 2607 2606
f 4577 2606 2616
f 4578 2616 2578
f 4579 2578 2594
f 4580 2594 2593
f 4581 2593 2564
f 4582 2564 2548
f 4583 2548 2547
f 4584 2547 2563
f 4585 2563 2579
f 4586 2579 2595
f 4587 2595 2543
f 4588 2543 2552
f 4589 2552 2522
f 4590 2522 2508
f 4591 2508 2507
f 2507 4485 4591
f 2507 2514 4485
f 2508 4591 4590
f 2522 4590 4589
f 2552 4589 4588
f 2543 4588 4587
f 2595 4587 4586
f 2579 4586 4585
f 2563 4585 4584
f 2547 4584 4583
f 2548 4583 4582
f 2564 4582 4581
f 2593 4581 4580
f 2594 4580 4579
f 2578 4579 4578
f 2616 4578 4577
f 2606 4577 4576
f 2607 4576 4575
f 2596 4575 4574
f 2597 4574 4573
f 2580 4573 4572
f 2581 4572 4571
f 2565 4571 4570
f 2566 4570 4569
f 2550 4569 4568
f 2551 4568 4567
f 4565 2536 2535
f 4564 2549 2536
f 4563 2480 2549
f 4562 2476 2480
f 4561 2477 2476
f 4560 2486 2477
f 4559 2489 2486
f 4558 2491 2489
f 4557 2496 2491
f 4556 2500 2496
f 4555 2503 2500
f 4554 2505 2503
f 4553 2512 2505
f 4552 2518 2512
f 4551 2525 2518
f 4550 2529 2525
f 4549 2538 2529
f 4548 2556 2538
f 4547 2571 2556
f 4546 2585 2571
f 4545 2601 2585
f 4544 2611 2601
f 4543 2620 2611
f 4542 2626 2620
f 4541 2635 2626
f 4540 2643 2635
f 4539 2647 2643
f 4538 2649 2647
f 4537 2648 2649
f 4537 4536 2646
f 4536 4535 2641
f 4535 4534 2633
f 4534 4533 2615
f 4533 4532 2605
f 4532 4531 2589
f 4531 4530 2575
f 4530 4529 2560
f 4529 4528 2542
f 4528 4527 2532
f 4527 4526 2533
f 4526 4525 2517
f 4525 4524 2510
f 4524 4523 2511
f 4523 4522 2499
f 4522 4521 2494
f 4521 4520 2495
f 4520 4519 2484
f 4519 4518 2485
f 4518 4517 2474
f 4517 4516 2475
f 4516 4515 2465
f 4515 4514 2466
f 4514 4513 2458
f 4513 4512 2459
f 4512 4511 2456
f 4511 4510 2457
f 4510 4509 2461
f 4462 4467 4507
f 2468 2464 4507
f 2473 2468 4506
f 2479 2473 4505
f 2483 2479 4504
f 2488 2483 4503
f 2493 2488 4502
f 2498 2493 4501
f 2502 2498 4500
f 2509 2502 4499
f 2516 2509 4498
f 2521 2516 4497
f 2531 2521 4496
f 2541 2531 4495
f 2559 2541 4494
f 2574 2559 4493
f 2588 2574 4492
f 2604 2588 4491
f 2614 2604 4490
f 2623 2614 4489
f 2640 2623 4488
f 2645 2640 4487
f 2520 2645 4486
f 2514 2520 4484
f 4481 4471 4482
f 4473 4482 4471
f 4470 4592 4466
f 4484 4486 4593
f 4485 4484 4594
f 4584 4595 4596
f 4583 4596 4597
f 4582 4597 4598
f 4581 4598 4599
f 4594 4600 4485
f 4591 4485 4600
f 4591 4601 4602
f 4590 4602 4603
f 4589 4603 4604
f 4588 4604 4605
f 4597 4582 4583
f 4599 4580 4581
f 4580 4599 4606
f 4579 4606 4607
f 4578 4607 4608
f 4577 4608 4609
f 4487 4488 4610
f 4486 4487 4611
f 4600 4601 4591
f 4603 4589 4590
f 4605 4587 4588
f 4587 4605 4612
f 4586 4612 4613
f 4585 4613 4595
f 4598 4581 4582
f 4607 4578 4579
f 4609 4576 4577
f 4576 4609 4614
f 4575 4614 4615
f 4574 4615 4616
f 4497 4498 4617
f 4496 4497 4618
f 4495 4496 4619
f 4494 4495 4620
f 4490 4491 4621
f 4489 4490 4622
f 4611 4593 4486
f 4602 4590 4591
f 4612 4586 4587
f 4595 4584 4585
f 4606 4579 4580
f 4614 4575 4576
f 4616 4573 4574
f 4573 4616 4623
f 4572 4623 4624
f 4571 4624 4625
f 4506 4507 4626
f 4505 4506 4627
f 4618 4619 4496
f 4620 4628 4494
f 4493 4494 4628
f 4492 4493 4629
f 4491 4492 4630
f 4622 4631 4489
f 4593 4594 4484
f 4613 4585 4586
f 4608 4577 4578
f 4623 4572 4573
f 4625 4570 4571
f 4570 4625 4632
f 4569 4632 4633
f 4568 4633 4634
f 4627 4635 4505
f 4504 4505 4635
f 4503 4504 4636
f 4502 4503 4637
f 4501 4502 4638
f 4500 4501 4639
f 4499 4500 4640
f 4498 4499 4641
f 4619 4620 4495
f 4629 4630 4492
f 4621 4622 4490
f 4488 4489 4631
f 4604 4588 4589
f 4615 4574 4575
f 4632 4569 4570
f 4634 4567 4568
f 4635 4636 4504
f 4637 4638 4502
f 4639 4640 4500
f 4641 4617 4498
f 4628 4629 4493
f 4631 4610 4488
f 4596 4583 4584
f 4633 4568 4569
f 4636 4637 4503
f 4640 4641 4499
f 4630 4621 4491
f 4624 4571 4572
f 4507 4467 4642
f 4638 4639 4501
f 4610 4611 4487
f 4642 4626 4507
f 4617 4618 4497
f 4567 4634 4643
f 4626 4627 4506
f 4643 4481 4476
f 4643 4476 4567
f 4467 4459 4642
f 4644 4645 4522
f 4646 4644 4523
f 4523 4524 4646
f 4647 4646 4524
f 4648 4649 4529
f 4650 4648 4530
f 4547 4548 4651
f 4652 4549 4550
f 4653 4550 4551
f 4645 4654 4521
f 4524 4525 4647
f 4527 4655 4656
f 4649 4655 4528
f 4530 4531 4650
f 4534 4657 4658
f 4659 4546 4547
f 4548 4549 4652
f 4551 4660 4653
f 4660 4551 4552
f 4555 4556 4661
f 4522 4523 4644
f 4526 4656 4647
f 4656 4526 4527
f 4529 4530 4648
f 4533 4658 4662
f 4658 4533 4534
f 4538 4663 4664
f 4539 4665 4663
f 4666 4544 4545
f 4667 4545 4546
f 4652 4651 4548
f 4552 4668 4660
f 4668 4552 4553
f 4669 4553 4554
f 4670 4554 4555
f 4556 4557 4671
f 4515 4672 4673
f 4516 4674 4672
f 4519 4675 4676
f 4647 4525 4526
f 4528 4529 4649
f 4532 4662 4650
f 4534 4535 4657
f 4536 4537 4664
f 4663 4538 4539
f 4540 4541 4677
f 4546 4659 4667
f 4550 4653 4652
f 4554 4670 4669
f 4671 4661 4556
f 4558 4559 4678
f 4559 4560 4679
f 4680 4564 4565
f 4681 4682 4509
f 4683 4684 4511
f 4685 4683 4512
f 4673 4685 4513
f 4672 4515 4516
f 4517 4686 4674
f 4518 4676 4686
f 4676 4518 4519
f 4654 4675 4520
f 4527 4528 4655
f 4662 4532 4533
f 4535 4536 4687
f 4664 4537 4538
f 4665 4539 4540
f 4541 4542 4688
f 4542 4543 4689
f 4689 4543 4544
f 4651 4659 4547
f 4661 4670 4555
f 4557 4558 4690
f 4679 4678 4559
f 4691 4563 4564
f 4565 4566 4692
f 4509 4510 4681
f 4684 4681 4510
f 4512 4513 4685
f 4673 4514 4515
f 4686 4517 4518
f 4520 4521 4654
f 4650 4531 4532
f 4664 4687 4536
f 4688 4677 4541
f 4544 4666 4689
f 4553 4669 4668
f 4678 4690 4558
f 4679 4560 4561
f 4693 4561 4562
f 4694 4562 4563
f 4565 4692 4680
f 4510 4511 4684
f 4513 4514 4673
f 4519 4520 4675
f 4687 4657 4535
f 4689 4688 4542
f 4690 4671 4557
f 4562 4694 4693
f 4564 4680 4691
f 4511 4512 4683
f 4521 4522 4645
f 4545 4667 4666
f 4563 4691 4694
f 4674 4516 4517
f 4561 4693 4679
f 4677 4665 4540
f 4682 4508 4509
f 4695 4480 4482
f 4482 4473 4695
f 4473 4472 4695
f 4472 4474 4695
f 4696 4479 4480
f 4696 4483 4478
f 4478 4477 4696
f 4477 4479 4696
f 4692 4566 4483
f 4483 4696 4692
f 4680 4692 4696
f 4691 4680 4697
f 4694 4691 4698
f 4693 4694 4699
f 4679 4693 4700
f 4678 4679 4701
f 4690 4678 4702
f 4671 4690 4703
f 4661 4671 4704
f 4670 4661 4705
f 4669 4670 4706
f 4668 4669 4707
f 4660 4668 4708
f 4653 4660 4709
f 4652 4653 4710
f 4651 4652 4711
f 4659 4651 4712
f 4667 4659 4713
f 4666 4667 4714
f 4689 4666 4715
f 4688 4689 4716
f 4677 4688 4717
f 4665 4677 4718
f 4663 4665 4719
f 4664 4663 4720
f 4664 4721 4722
f 4687 4722 4723
f 4657 4723 4724
f 4658 4724 4725
f 4662 4725 4726
f 4650 4726 4727
f 4648 4727 4728
f 4649 4728 4729
f 4655 4729 4730
f 4656 4730 4731
f 4647 4731 4732
f 4646 4732 4733
f 4644 4733 4734
f 4645 4734 4735
f 4654 4735 4736
f 4675 4736 4737
f 4676 4737 4738
f 4686 4738 4739
f 4674 4739 4740
f 4672 4740 4741
f 4673 4741 4742
f 4685 4742 4743
f 4683 4743 4744
f 4684 4744 4745
f 4681 4745 4746
f 4747 4468 4461
f 4747 4469 4468
f 4747 4470 4469
f 4747 4592 4470
f 4682 4746 4462
f 4746 4464 4463
f 4746 4465 4464
f 4746 4747 4460
f 4460 4465 4746
f 4463 4462 4746
f 4462 4508 4682
f 4461 4460 4747
f 4746 4682 4681
f 4745 4681 4684
f 4744 4684 4683
f 4743 4683 4685
f 4742 4685 4673
f 4741 4673 4672
f 4740 4672 4674
f 4739 4674 4686
f 4738 4686 4676
f 4737 4676 4675
f 4736 4675 4654
f 4735 4654 4645
f 4734 4645 4644
f 4733 4644 4646
f 4732 4646 4647
f 4731 4647 4656
f 4730 4656 4655
f 4729 4655 4649
f 4728 4649 4648
f 4727 4648 4650
f 4726 4650 4662
f 4725 4662 4658
f 4724 4658 4657
f 4723 4657 4687
f 4722 4687 4664
f 4720 4721 4664
f 4719 4720 4663
f 4718 4719 4665
f 4717 4718 4677
f 4716 4717 4688
f 4715 4716 4689
f 4714 4715 4666
f 4713 4714 4667
f 4712 4713 4659
f 4711 4712 4651
f 4710 4711 4652
f 4709 4710 4653
f 4708 4709 4660
f 4707 4708 4668
f 4706 4707 4669
f 4705 4706 4670
f 4704 4705 4661
f 4703 4704 4671
f 4702 4703 4690
f 4701 4702 4678
f 4700 4701 4679
f 4699 4700 4693
f 4698 4699 4694
f 4697 4698 4691
f 4696 4697 4680
f 4480 4695 4696
f 4474 4475 4695
f 4355 4358 4481
f 4352 4355 4643
f 4353 4352 4634
f 4354 4353 4633
f 4372 4354 4632
f 4373 4372 4625
f 4395 4373 4624
f 4405 4395 4623
f 4428 4405 4616
f 4394 4428 4615
f 4371 4394 4614
f 4370 4371 4609
f 4369 4370 4608
f 4368 4369 4607
f 4380 4368 4606
f 4379 4380 4599
f 4393 4379 4598
f 4404 4393 4597
f 4392 4404 4596
f 4390 4392 4595
f 4391 4390 4613
f 4427 4391 4612
f 4403 4427 4605
f 4402 4403 4604
f 4401 4402 4603
f 4389 4401 4602
f 4389 4601 4600
f 4387 4600 4594
f 4388 4594 4593
f 4426 4593 4611
f 4425 4611 4610
f 4400 4610 4631
f 4399 4631 4622
f 4398 4622 4621
f 4424 4621 4630
f 4423 4630 4629
f 4386 4629 4628
f 4384 4628 4620
f 4385 4620 4619
f 4422 4619 4618
f 4421 4618 4617
f 4420 4617 4641
f 4441 4641 4640
f 4454 4640 4639
f 4453 4639 4638
f 4440 4638 4637
f 4439 4637 4636
f 4452 4636 4635
f 4458 4635 4627
f 4457 4627 4626
f 4438 4626 4642
f 4419 4642 4459
f 4383 4466 4592
f 4418 4459 4466
f 4466 4383 4418
f 4592 4748 4383
f 4367 4749 4750
f 4750 4751 4367
f 4751 4752 4367
f 4383 4748 4749
f 4749 4367 4383
f 4367 4752 4753
f 4753 4366 4367
f 4753 4754 4366
f 4754 4755 4366
f 4366 4755 4756
f 4756 4378 4366
f 4756 4757 4378
f 4378 4757 4758
f 4382 4758 4759
f 4397 4759 4760
f 4437 4760 4761
f 4436 4761 4762
f 4435 4762 4763
f 4433 4763 4764
f 4434 4764 4765
f 4451 4765 4766
f 4450 4766 4767
f 4456 4767 4768
f 4432 4768 4769
f 4417 4769 4770
f 4415 4770 4771
f 4416 4771 4772
f 4449 4772 4773
f 4448 4773 4774
f 4447 4774 4775
f 4455 4775 4776
f 4446 4776 4777
f 4445 4777 4778
f 4431 4778 4779
f 4780 4444 4414
f 4414 4779 4780
f 4414 4413 4779
f 4443 4444 4780
f 4430 4443 4781
f 4429 4430 4782
f 4442 4429 4783
f 4412 4442 4784
f 4411 4412 4785
f 4410 4411 4786
f 4409 4410 4787
f 4396 4409 4788
f 4377 4396 4789
f 4376 4377 4790
f 4381 4376 4791
f 4365 4381 4792
f 4363 4365 4793
f 4364 4363 4794
f 4408 4364 4795
f 4407 4408 4796
f 4406 4407 4797
f 4362 4406 4798
f 4375 4362 4799
f 4374 4375 4800
f 4360 4374 4801
f 4357 4360 4802
f 4356 4357 4803
f 4803 4804 4356
f 4359 4805 4806
f 4359 4356 4807
f 4807 4805 4359
f 4361 4359 4808
f 4808 4809 4361
f 4358 4361 4810
f 4810 4475 4358
f 4475 4471 4358
f 4471 4481 4358
f 4809 4810 4361
f 4806 4808 4359
f 4804 4807 4356
f 4802 4803 4357
f 4801 4802 4360
f 4800 4801 4374
f 4799 4800 4375
f 4798 4799 4362
f 4797 4798 4406
f 4796 4797 4407
f 4795 4796 4408
f 4794 4795 4364
f 4793 4794 4363
f 4792 4793 4365
f 4791 4792 4381
f 4790 4791 4376
f 4789 4790 4377
f 4788 4789 4396
f 4787 4788 4409
f 4786 4787 4410
f 4785 4786 4411
f 4784 4785 4412
f 4783 4784 4442
f 4782 4783 4429
f 4781 4782 4430
f 4780 4781 4443
f 4779 4413 4431
f 4778 4431 4445
f 4777 4445 4446
f 4776 4446 4455
f 4775 4455 4447
f 4774 4447 4448
f 4773 4448 4449
f 4772 4449 4416
f 4771 4416 4415
f 4770 4415 4417
f 4769 4417 4432
f 4768 4432 4456
f 4767 4456 4450
f 4766 4450 4451
f 4765 4451 4434
f 4764 4434 4433
f 4763 4433 4435
f 4762 4435 4436
f 4761 4436 4437
f 4760 4437 4397
f 4759 4397 4382
f 4758 4382 4378
f 4459 4418 4419
f 4642 4419 4438
f 4626 4438 4457
f 4627 4457 4458
f 4635 4458 4452
f 4636 4452 4439
f 4637 4439 4440
f 4638 4440 4453
f 4639 4453 4454
f 4640 4454 4441
f 4641 4441 4420
f 4617 4420 4421
f 4618 4421 4422
f 4619 4422 4385
f 4620 4385 4384
f 4628 4384 4386
f 4629 4386 4423
f 4630 4423 4424
f 4621 4424 4398
f 4622 4398 4399
f 4631 4399 4400
f 4610 4400 4425
f 4611 4425 4426
f 4593 4426 4388
f 4594 4388 4387
f 4600 4387 4389
f 4602 4601 4389
f 4603 4602 4401
f 4604 4603 4402
f 4605 4604 4403
f 4612 4605 4427
f 4613 4612 4391
f 4595 4613 4390
f 4596 4595 4392
f 4597 4596 4404
f 4598 4597 4393
f 4599 4598 4379
f 4606 4599 4380
f 4607 4606 4368
f 4608 4607 4369
f 4609 4608 4370
f 4614 4609 4371
f 4615 4614 4394
f 4616 4615 4428
f 4623 4616 4405
f 4624 4623 4395
f 4625 4624 4373
f 4632 4625 4372
f 4633 4632 4354
f 4634 4633 4353
f 4643 4634 4352
f 4481 4643 4355
f 4747 4749 4748
f 4747 4746 4811
f 4746 4812 4811
f 4746 4813 4814
f 4814 4812 4746
f 4746 4815 4813
f 4746 4745 4816
f 4745 4817 4816
f 4818 4817 4745
f 4819 4818 4744
f 4820 4819 4743
f 4821 4820 4742
f 4822 4821 4741
f 4823 4822 4740
f 4824 4823 4739
f 4825 4824 4738
f 4826 4825 4737
f 4827 4826 4736
f 4828 4827 4735
f 4829 4828 4734
f 4830 4829 4733
f 4831 4830 4732
f 4832 4831 4731
f 4833 4832 4730
f 4834 4833 4729
f 4835 4834 4728
f 4836 4835 4727
f 4837 4836 4726
f 4838 4837 4725
f 4839 4838 4724
f 4840 4839 4723
f 4841 4840 4722
f 4841 4721 4720
f 4842 4720 4719
f 4843 4719 4718
f 4844 4718 4717
f 4845 4717 4716
f 4846 4716 4715
f 4847 4715 4714
f 4848 4714 4713
f 4849 4713 4712
f 4850 4712 4711
f 4851 4711 4710
f 4852 4710 4709
f 4853 4709 4708
f 4854 4708 4707
f 4855 4707 4706
f 4856 4706 4705
f 4857 4705 4704
f 4858 4704 4703
f 4859 4703 4702
f 4860 4702 4701
f 4861 4701 4700
f 4862 4700 4699
f 4863 4699 4698
f 4697 4864 4865
f 4865 4698 4697
f 4696 4866 4867
f 4696 4868 4866
f 4867 4697 4696
f 4868 4696 4695
f 4695 4475 4810
f 4810 4809 4695
f 4695 4809 4868
f 4867 4864 4697
f 4865 4869 4698
f 4698 4869 4863
f 4699 4863 4862
f 4700 4862 4861
f 4701 4861 4860
f 4702 4860 4859
f 4703 4859 4858
f 4704 4858 4857
f 4705 4857 4856
f 4706 4856 4855
f 4707 4855 4854
f 4708 4854 4853
f 4709 4853 4852
f 4710 4852 4851
f 4711 4851 4850
f 4712 4850 4849
f 4713 4849 4848
f 4714 4848 4847
f 4715 4847 4846
f 4716 4846 4845
f 4717 4845 4844
f 4718 4844 4843
f 4719 4843 4842
f 4720 4842 4841
f 4722 4721 4841
f 4723 4722 4840
f 4724 4723 4839
f 4725 4724 4838
f 4726 4725 4837
f 4727 4726 4836
f 4728 4727 4835
f 4729 4728 4834
f 4730 4729 4833
f 4731 4730 4832
f 4732 4731 4831
f 4733 4732 4830
f 4734 4733 4829
f 4735 4734 4828
f 4736 4735 4827
f 4737 4736 4826
f 4738 4737 4825
f 4739 4738 4824
f 4740 4739 4823
f 4741 4740 4822
f 4742 4741 4821
f 4743 4742 4820
f 4744 4743 4819
f 4745 4744 4818
f 4816 4815 4746
f 4811 4749 4747
f 4748 4592 4747
f 4752 4751 4812
f 4752 4813 4815
f 4812 4814 4752
f 4814 4813 4752
f 4751 4750 4811
f 4816 4754 4753
f 4811 4812 4751
f 4806 4805 4866
f 4805 4807 4867
f 4794 4855 4856
f 4793 4854 4855
f 4767 4766 4827
f 4766 4765 4826
f 4815 4753 4752
f 4867 4866 4805
f 4798 4859 4860
f 4797 4858 4859
f 4795 4856 4857
f 4855 4794 4793
f 4768 4767 4828
f 4826 4827 4766
f 4763 4762 4823
f 4762 4761 4822
f 4756 4755 4817
f 4755 4754 4816
f 4750 4749 4811
f 4807 4864 4867
f 4866 4868 4806
f 4804 4865 4864
f 4801 4862 4863
f 4800 4861 4862
f 4799 4860 4861
f 4859 4798 4797
f 4796 4857 4858
f 4856 4795 4794
f 4792 4853 4854
f 4791 4852 4853
f 4781 4842 4843
f 4780 4841 4842
f 4780 4779 4840
f 4779 4778 4839
f 4827 4828 4767
f 4765 4764 4825
f 4764 4763 4824
f 4822 4823 4762
f 4817 4757 4756
f 4817 4818 4757
f 4753 4815 4816
f 4864 4807 4804
f 4803 4869 4865
f 4862 4801 4800
f 4860 4799 4798
f 4857 4796 4795
f 4853 4792 4791
f 4784 4845 4846
f 4783 4844 4845
f 4842 4781 4780
f 4839 4840 4779
f 4774 4773 4834
f 4773 4772 4833
f 4772 4771 4832
f 4771 4770 4831
f 4770 4769 4830
f 4769 4768 4829
f 4825 4826 4765
f 4823 4824 4763
f 4758 4757 4818
f 4816 4817 4755
f 4808 4806 4868
f 4865 4804 4803
f 4861 4800 4799
f 4854 4793 4792
f 4790 4851 4852
f 4789 4850 4851
f 4788 4849 4850
f 4787 4848 4849
f 4785 4846 4847
f 4845 4784 4783
f 4782 4843 4844
f 4840 4841 4780
f 4833 4834 4773
f 4831 4832 4771
f 4829 4830 4769
f 4824 4825 4764
f 4761 4760 4821
f 4760 4759 4820
f 4759 4758 4819
f 4868 4809 4808
f 4802 4863 4869
f 4858 4797 4796
f 4851 4790 4789
f 4849 4788 4787
f 4786 4847 4848
f 4846 4785 4784
f 4843 4782 4781
f 4778 4777 4838
f 4777 4776 4837
f 4776 4775 4836
f 4775 4774 4835
f 4832 4833 4772
f 4828 4829 4768
f 4820 4821 4760
f 4818 4819 4758
f 4869 4803 4802
f 4852 4791 4790
f 4848 4787 4786
f 4844 4783 4782
f 4837 4838 4777
f 4835 4836 4775
f 4830 4831 4770
f 4819 4820 4759
f 4863 4802 4801
f 4847 4786 4785
f 4836 4837 4776
f 4821 4822 4761
f 4850 4789 4788
f 4834 4835 4774
f 4838 4839 4778
f 853 989 987
f 853 991 989
f 922 923 1114
f 853 993 991
f 1114 1113 922
f 853 995 993
f 1113 1111 922
f 853 997 995
f 1111 1109 922
f 853 999 997
f 849 1001 999
f 1109 1107 922
f 999 853 849
f 1107 1105 922
f 849 1003 1001
f 1105 1103 922
f 849 1005 1003
f 1103 1101 922
f 849 1007 1005
f 1101 1099 922
f 849 1009 1007
f 1099 1097 922
f 849 1011 1009
f 922 1093 1091
f 1097 1095 922
f 4870 4871 4872
f 4870 4873 4874
f 4870 4875 4876
f 4870 4877 4878
f 849 1013 1011
f 1095 1093 922
f 849 4879 4880
f 4870 4881 4871
f 4872 4882 4870
f 4870 4883 4884
f 4874 4885 4870
f 4885 4883 4870
f 4870 4886 4887
f 4876 4888 4870
f 4870 4889 4877
f 4890 4891 4892
f 849 1015 1013
f 1091 4893 922
f 849 4894 4879
f 4880 4895 849
f 4882 4896 4870
f 4884 4897 4870
f 4897 4881 4870
f 4887 4873 4870
f 4878 4875 4870
f 4898 4899 4900
f 4898 4901 4902
f 4898 4903 4904
f 4892 4903 4890
f 849 1017 1015
f 1091 1089 4893
f 849 4905 4906
f 4895 4905 849
f 4870 4896 4907
f 4888 4886 4870
f 4908 4870 4898
f 4898 4909 4910
f 4898 4911 4912
f 4900 4913 4898
f 4898 4914 4901
f 4902 4915 4898
f 4903 4898 4890
f 4916 4917 4918
f 4916 4919 4920
f 4916 4921 4922
f 849 1019 1017
f 1089 1087 4893
f 4906 4923 849
f 4907 849 4870
f 4907 4894 849
f 4870 4924 4925
f 4870 4926 4927
f 4898 4928 4908
f 4898 4929 4930
f 4912 4909 4898
f 4898 4931 4932
f 4898 4933 4899
f 4898 4934 4935
f 4904 4914 4898
f 4916 4936 4937
f 4916 4938 4939
f 4916 4940 4941
f 4916 4942 4917
f 4916 4943 4919
f 4916 4944 4921
f 849 1021 1019
f 1087 1085 4893
f 4945 4946 4947
f 4948 4949 4945
f 4870 4950 4951
f 4927 4924 4870
f 4870 4952 4953
f 4870 4954 4955
f 4870 4956 4957
f 4870 4958 4959
f 4870 4960 4961
f 4898 4962 4928
f 4898 4963 4964
f 4898 4965 4929
f 4932 4911 4898
f 4935 4933 4898
f 4898 4966 4967
f 4898 4968 4969
f 4939 4936 4916
f 4918 4940 4916
f 4916 4970 4971
f 4916 4972 4973
f 4916 4974 4975
f 4916 4976 4977
f 4922 4943 4916
f 849 1023 1021
f 1085 1083 4893
f 4947 4978 4945
f 4978 4979 4945
f 4945 4980 4981
f 4945 4982 4983
f 4945 4984 4985
f 4945 4986 4948
f 4870 4987 4988
f 4870 4989 4950
f 4953 4926 4870
f 4957 4954 4870
f 4961 4958 4870
f 4898 4990 4962
f 4964 4991 4898
f 4898 4992 4993
f 4898 4994 4995
f 4898 4996 4965
f 4898 4997 4998
f 4913 4931 4898
f 4898 4999 5000
f 4967 5001 4898
f 5001 4999 4898
f 4915 4968 4898
f 4898 5002 5003
f 4916 5004 5005
f 4916 5006 4938
f 4916 5007 5008
f 4971 4942 4916
f 4975 4972 4916
f 4920 4976 4916
f 849 1025 1023
f 1083 1081 4893
f 4945 5009 5010
f 4945 5011 5012
f 4979 5011 4945
f 4981 5013 4945
f 4945 5014 5015
f 4985 4982 4945
f 4983 5014 4945
f 4945 5016 5017
f 4948 5018 5019
f 4986 5020 4948
f 5021 5022 5023
f 4988 4889 4870
f 4925 4989 4870
f 4959 4956 4870
f 4991 4990 4898
f 4995 4992 4898
f 4998 4996 4898
f 5000 4934 4898
f 4969 4966 4898
f 5003 5024 4898
f 5024 5025 4898
f 5026 5027 5028
f 5029 5030 5031
f 5029 5032 5033
f 4937 5004 4916
f 4941 5007 4916
f 4977 4974 4916
f 849 1027 1025
f 1081 1079 4893
f 5012 5009 4945
f 5010 5034 4945
f 5013 4946 4945
f 4945 5035 5016
f 4945 5036 5037
f 4945 4949 5038
f 5020 5018 4948
f 5021 5039 5022
f 5023 5040 5021
f 5021 4948 5041
f 4951 4987 4870
f 4908 4960 4870
f 4930 4994 4898
f 5025 5042 4898
f 4893 5043 5044
f 5026 5045 5046
f 5026 5047 5027
f 5026 5048 5049
f 5026 5050 5051
f 5026 5052 5053
f 5029 5054 5055
f 5033 5030 5029
f 5008 5006 4916
f 4916 5056 4944
f 849 1029 1027
f 1079 1077 4893
f 5017 4984 4945
f 4945 5057 5036
f 4945 5058 5059
f 4945 5060 5061
f 5019 5041 4948
f 5021 5040 5062
f 5041 5039 5021
f 4892 5063 5064
f 4892 4891 5065
f 4955 4952 4870
f 4910 4997 4898
f 4898 5066 5067
f 4898 5068 5069
f 4893 5070 5068
f 5044 5071 4893
f 4893 5072 5073
f 5026 5074 5045
f 5026 5075 5076
f 5026 5077 5047
f 5051 5048 5026
f 5026 5078 5052
f 5026 5079 5080
f 5026 5081 5082
f 5026 5083 5084
f 5085 5086 5087
f 5088 5089 5086
f 849 5090 5091
f 5031 5054 5029
f 5029 5092 5093
f 5029 5094 5095
f 5029 5096 5097
f 4973 4970 4916
f 849 1031 1029
f 4893 5098 5099
f 1077 1075 4893
f 5015 4980 4945
f 5059 5057 4945
f 5038 5060 4945
f 5065 5063 4892
f 4993 4963 4898
f 4898 5100 5066
f 5067 5101 4898
f 5042 5102 4898
f 4898 5103 5104
f 5068 4898 4893
f 5069 5105 4898
f 5073 5043 4893
f 4893 5106 5107
f 4893 5108 5109
f 5076 5074 5026
f 5049 5077 5026
f 5080 5078 5026
f 5026 5110 5111
f 5026 5112 5113
f 5026 5114 5081
f 5084 5115 5026
f 5026 5116 5117
f 5026 5118 5119
f 5120 5121 5122
f 5123 5124 5125
f 5087 5126 5085
f 5086 5127 5088
f 849 5128 5129
f 5091 5130 849
f 5130 5131 849
f 5029 5132 5133
f 5093 5032 5029
f 5029 5134 5094
f 5097 5135 5029
f 5136 5137 4916
f 849 1033 1031
f 4893 5138 5098
f 4893 5139 5140
f 1075 1073 4893
f 5037 5035 4945
f 4945 5141 5142
f 5062 4892 5021
f 4923 5029 849
f 5064 5021 4892
f 4898 5143 5144
f 4898 5145 5146
f 4898 5101 5147
f 5102 5100 4898
f 4898 5148 5149
f 4898 5150 5103
f 5104 5148 4898
f 5071 5070 4893
f 5109 5106 4893
f 5026 5151 5152
f 5026 5153 5075
f 5053 5050 5026
f 5113 5110 5026
f 5115 5114 5026
f 5119 5116 5026
f 5154 5155 5120
f 5122 5121 5123
f 5156 5157 5158
f 5159 5087 5160
f 5088 5161 5089
f 5162 5163 5089
f 5164 5165 5166
f 849 5167 5128
f 5129 5168 849
f 5131 5167 849
f 5169 849 5170
f 5029 5171 5172
f 5055 5132 5029
f 5029 5173 5174
f 5029 5175 5176
f 5135 5134 5029
f 5005 5136 4916
f 4916 5177 5056
f 849 1035 1033
f 5140 5138 4893
f 4893 5178 5179
f 4893 5180 5181
f 4893 5182 5183
f 1073 1071 4893
f 5142 5058 4945
f 5146 5143 4898
f 4898 5184 5185
f 5149 5184 4898
f 4898 5105 5186
f 5107 5072 4893
f 848 5187 5188
f 2419 5189 5190
f 5152 5191 5026
f 5028 5153 5026
f 5082 5112 5026
f 5026 5192 5193
f 5117 5194 5026
f 5125 5122 5123
f 5125 5124 5156
f 5195 5160 5158
f 5160 5196 5159
f 5089 5161 5162
f 5177 5197 5163
f 5177 5198 5199
f 5166 5200 5164
f 5200 5201 5164
f 849 5168 5202
f 5170 5203 5169
f 5172 849 5029
f 5174 5092 5029
f 5029 5204 5175
f 5029 5205 5096
f 5136 5206 5137
f 5136 5207 5208
f 5136 5209 5210
f 849 1037 1035
f 5179 5139 4893
f 4893 5211 5212
f 4893 5213 5214
f 4893 5215 5216
f 4893 5217 5218
f 5183 5180 4893
f 1071 1069 4893
f 5061 5141 4945
f 5147 5145 4898
f 5185 5002 4898
f 5188 849 848
f 5188 5219 849
f 848 5220 5221
f 5222 848 2419
f 2419 5223 5189
f 2438 5224 5225
f 5191 5226 5026
f 5111 5079 5026
f 5193 5227 5026
f 5026 5029 5118
f 5158 5125 5156
f 5158 5157 5195
f 5085 5127 5086
f 5199 5197 5177
f 5177 5228 5229
f 5177 5230 5231
f 5201 5232 5164
f 5164 5233 5034
f 5169 5203 5234
f 5202 5235 849
f 5235 5236 849
f 5169 5090 849
f 849 5237 5238
f 849 5239 5240
f 849 5241 5242
f 849 5243 5244
f 849 5245 5246
f 5133 5171 5029
f 5095 5204 5029
f 5029 5247 5248
f 5136 5249 5206
f 5136 5250 5251
f 5136 5252 5253
f 5210 5207 5136
f 5136 5254 5255
f 5136 5256 5257
f 5258 5259 5260
f 5261 5262 5259
f 849 1039 1037
f 5212 5178 4893
f 5214 5263 4893
f 4893 5264 5265
f 5218 5215 4893
f 4893 5266 5267
f 4893 5268 5269
f 4893 5270 5271
f 4893 5272 5273
f 5181 5274 4893
f 1050 5275 5276
f 1069 1067 4893
f 5144 4890 4898
f 5186 5150 4898
f 849 5277 5278
f 5221 5187 848
f 848 5279 5280
f 5190 5281 2419
f 2419 5282 5283
f 2419 5284 5285
f 2438 5286 5287
f 2438 5288 5289
f 2438 5290 5291
f 5225 5292 2438
f 5292 5293 2438
f 2655 5294 5224
f 2655 5295 5296
f 2655 5297 5298
f 5299 2655 2657
f 2657 5300 5301
f 5046 5151 5026
f 5194 5192 5026
f 5195 5196 5160
f 5163 5162 5177
f 5177 5302 5228
f 5177 5303 5304
f 5231 5305 5177
f 5177 5306 5307
f 5034 5165 5164
f 5308 5309 5232
f 5234 5310 5169
f 5310 5308 5169
f 849 5311 5237
f 849 5312 5313
f 849 5314 5315
f 5242 5239 849
f 5246 5243 849
f 5176 5173 5029
f 5029 5316 5317
f 5029 5318 5247
f 5248 5316 5029
f 5251 5249 5136
f 5136 5319 5320
f 5208 5252 5136
f 5257 5254 5136
f 5255 5209 5136
f 5321 5260 5256
f 5260 5322 5258
f 5260 5321 5322
f 5259 5323 5261
f 5259 5258 5323
f 5324 5325 5262
f 849 1041 1039
f 5263 5211 4893
f 5216 5264 4893
f 4893 5326 5327
f 5267 5328 4893
f 4893 5329 5268
f 4893 5330 5331
f 4893 5332 5270
f 5274 5272 4893
f 1050 5333 5334
f 1050 5335 5275
f 5276 5333 1050
f 5236 1050 1049
f 1067 1065 4893
f 4893 4898 2657
f 849 5336 5277
f 5278 5337 849
f 849 5219 5338
f 5280 5220 848
f 848 5339 5340
f 848 5341 5342
f 2419 5343 5223
f 5285 5282 2419
f 2438 5344 5345
f 2438 5346 5286
f 5289 5347 2438
f 2438 5293 5290
f 5224 2438 2655
f 2655 5348 5295
f 5296 5294 2655
f 2655 5349 5350
f 5298 5351 2655
f 5351 5349 2655
f 5301 5352 2657
f 2657 5353 5354
f 2657 5355 5356
f 5227 5083 5026
f 5357 5155 5154
f 5159 5126 5087
f 5304 5302 5177
f 5177 5358 5359
f 5177 5360 5230
f 5307 5361 5177
f 5361 5360 5177
f 5233 4945 5034
f 5232 5169 5308
f 5313 5311 849
f 849 5362 5314
f 5244 5241 849
f 5317 5205 5029
f 5029 5026 5318
f 5320 5250 5136
f 5253 5319 5136
f 5256 5363 5321
f 5256 5136 5363
f 5262 5364 5324
f 5262 5261 5364
f 5365 5366 5325
f 4945 5233 5366
f 849 1043 1041
f 5265 5213 4893
f 5328 5326 4893
f 5331 5329 4893
f 4893 5367 5368
f 5273 5332 4893
f 5334 4893 1050
f 1050 5369 5335
f 1049 849 5236
f 1065 1063 4893
f 2657 2658 4893
f 848 5370 5371
f 5340 5372 848
f 5342 5373 848
f 5283 5343 2419
f 5345 2419 2438
f 2438 5374 5375
f 2438 5376 5377
f 2438 5378 5379
f 2438 5380 5381
f 5347 5346 2438
f 2655 5382 5348
f 5350 5382 2655
f 2655 5383 5384
f 2655 5385 5386
f 2657 5352 5299
f 2657 5387 5388
f 2657 5389 5390
f 2657 5391 5353
f 5354 5389 2657
f 2657 5392 5393
f 5356 5394 2657
f 5394 5395 2657
f 5154 5026 5357
f 5229 5198 5177
f 5305 5358 5177
f 5177 4916 5306
f 5309 5164 5232
f 5238 5170 849
f 5240 5362 849
f 5172 5245 849
f 5325 5324 5365
f 5366 5396 4945
f 5366 5365 5396
f 849 1045 1043
f 5327 5217 4893
f 5368 5330 4893
f 5334 5182 4893
f 5236 5369 1050
f 1063 1061 4893
f 5337 4870 849
f 5371 5279 848
f 5372 5397 848
f 5373 5398 848
f 5345 5284 2419
f 5377 5374 2438
f 2438 5399 5378
f 2438 5400 5401
f 5381 5402 2438
f 5291 5288 2438
f 5384 5403 2655
f 5403 5297 2655
f 2655 5404 5405
f 5299 5385 2655
f 5388 5406 2657
f 5406 5300 2657
f 2657 5407 5392
f 5393 5391 2657
f 5395 5407 2657
f 2657 5408 5409
f 2657 5410 5411
f 5122 5154 5120
f 5177 5412 5413
f 5177 5414 5415
f 5359 5414 5177
f 849 1047 1045
f 5269 5266 4893
f 1061 1059 4893
f 5338 5336 849
f 5398 5339 848
f 2438 5416 5344
f 5379 5376 2438
f 2438 5417 5400
f 5287 5380 2438
f 5386 5404 2655
f 5390 5387 2657
f 2657 5418 5419
f 5409 5420 2657
f 5420 5418 2657
f 5411 5421 2657
f 5421 5408 2657
f 5413 5303 5177
f 5315 5312 849
f 849 1049 1047
f 5271 5367 4893
f 1059 1057 4893
f 5397 5370 848
f 848 5222 5422
f 5375 5416 2438
f 5402 5417 2438
f 5405 5383 2655
f 5419 5355 2657
f 2657 4898 5410
f 5415 5412 5177
f 5099 5108 4893
f 987 855 853
f 1057 1055 4893
f 5422 5341 848
f 5401 5399 2438
f 1055 1050 4893
f 2419 5281 5222
f 5226 5357 5026
f 5224 5294 5423
f 5225 5224 5424
f 5292 5225 5425
f 5293 5292 5426
f 5290 5293 5427
f 5291 5290 5428
f 5288 5291 5429
f 5289 5288 5430
f 5347 5289 5431
f 5346 5347 5432
f 5286 5346 5433
f 5287 5286 5434
f 5380 5287 5435
f 5381 5380 5436
f 5402 5381 5437
f 5417 5402 5438
f 5400 5417 5439
f 5401 5400 5440
f 5399 5401 5441
f 5378 5399 5442
f 5379 5378 5443
f 5376 5379 5444
f 5377 5376 5445
f 5374 5377 5446
f 5375 5374 5447
f 5416 5375 5448
f 5344 5416 5449
f 5345 5344 5450
f 5284 5345 5451
f 5285 5284 5452
f 5282 5285 5453
f 5283 5282 5454
f 5343 5283 5455
f 5223 5343 5456
f 5189 5223 5457
f 5190 5189 5458
f 5281 5190 5459
f 5222 5281 5460
f 5422 5222 5461
f 5341 5422 5462
f 5342 5341 5463
f 5373 5342 5464
f 5398 5373 5465
f 5339 5398 5466
f 5340 5339 5467
f 5372 5340 5468
f 5397 5372 5469
f 5370 5397 5470
f 5371 5370 5471
f 5279 5371 5472
f 5280 5279 5473
f 5220 5280 5474
f 5221 5220 5475
f 5221 5476 5477
f 5187 5477 5478
f 5188 5478 5479
f 5219 5479 5480
f 5338 5480 5481
f 5336 5481 5482
f 5277 5482 5483
f 5278 5483 5484
f 5337 5484 5485
f 4870 5485 5486
f 4898 5486 5487
f 5410 5487 5488
f 5411 5488 5489
f 5421 5489 5490
f 5408 5490 5491
f 5409 5491 5492
f 5420 5492 5493
f 5418 5493 5494
f 5419 5494 5495
f 5355 5495 5496
f 5356 5496 5497
f 5394 5497 5498
f 5395 5498 5499
f 5407 5499 5500
f 5392 5500 5501
f 5393 5501 5502
f 5391 5502 5503
f 5353 5503 5504
f 5354 5504 5505
f 5389 5505 5506
f 5390 5506 5507
f 5387 5507 5508
f 5388 5508 5509
f 5406 5509 5510
f 5300 5510 5511
f 5301 5511 5512
f 5352 5512 5513
f 5299 5513 5514
f 5385 5514 5515
f 5386 5515 5516
f 5404 5516 5517
f 5405 5517 5518
f 5383 5518 5519
f 5384 5519 5520
f 5403 5520 5521
f 5297 5521 5522
f 5298 5522 5523
f 5351 5523 5524
f 5349 5524 5525
f 5350 5525 5526
f 5382 5526 5527
f 5348 5527 5528
f 5294 5296 5529
f 5295 5528 5529
f 5529 5296 5295
f 5529 5423 5294
f 5528 5295 5348
f 5527 5348 5382
f 5526 5382 5350
f 5525 5350 5349
f 5524 5349 5351
f 5523 5351 5298
f 5522 5298 5297
f 5521 5297 5403
f 5520 5403 5384
f 5519 5384 5383
f 5518 5383 5405
f 5517 5405 5404
f 5516 5404 5386
f 5515 5386 5385
f 5514 5385 5299
f 5513 5299 5352
f 5512 5352 5301
f 5511 5301 5300
f 5510 5300 5406
f 5509 5406 5388
f 5508 5388 5387
f 5507 5387 5390
f 5506 5390 5389
f 5505 5389 5354
f 5504 5354 5353
f 5503 5353 5391
f 5502 5391 5393
f 5501 5393 5392
f 5500 5392 5407
f 5499 5407 5395
f 5498 5395 5394
f 5497 5394 5356
f 5496 5356 5355
f 5495 5355 5419
f 5494 5419 5418
f 5493 5418 5420
f 5492 5420 5409
f 5491 5409 5408
f 5490 5408 5421
f 5489 5421 5411
f 5488 5411 5410
f 5487 5410 4898
f 5486 4898 4870
f 5485 4870 5337
f 5484 5337 5278
f 5483 5278 5277
f 5482 5277 5336
f 5481 5336 5338
f 5480 5338 5219
f 5479 5219 5188
f 5478 5188 5187
f 5477 5187 5221
f 5475 5476 5221
f 5474 5475 5220
f 5473 5474 5280
f 5472 5473 5279
f 5471 5472 5371
f 5470 5471 5370
f 5469 5470 5397
f 5468 5469 5372
f 5467 5468 5340
f 5466 5467 5339
f 5465 5466 5398
f 5464 5465 5373
f 5463 5464 5342
f 5462 5463 5341
f 5461 5462 5422
f 5460 5461 5222
f 5459 5460 5281
f 5458 5459 5190
f 5457 5458 5189
f 5456 5457 5223
f 5455 5456 5343
f 5454 5455 5283
f 5453 5454 5282
f 5452 5453 5285
f 5451 5452 5284
f 5450 5451 5345
f 5449 5450 5344
f 5448 5449 5416
f 5447 5448 5375
f 5446 5447 5374
f 5445 5446 5377
f 5444 5445 5376
f 5443 5444 5379
f 5442 5443 5378
f 5441 5442 5399
f 5440 5441 5401
f 5439 5440 5400
f 5438 5439 5417
f 5437 5438 5402
f 5436 5437 5381
f 5435 5436 5380
f 5434 5435 5287
f 5433 5434 5286
f 5432 5433 5346
f 5431 5432 5347
f 5430 5431 5289
f 5429 5430 5288
f 5428 5429 5291
f 5427 5428 5290
f 5426 5427 5293
f 5425 5426 5292
f 5424 5425 5225
f 5423 5424 5224
f 4986 4945 5530
f 5020 4986 5531
f 5018 5020 5532
f 5019 5018 5533
f 5041 5019 5534
f 5039 5041 5535
f 5022 5039 5536
f 5023 5022 5537
f 5040 5023 5538
f 5062 5040 5539
f 4892 5062 5540
f 4903 4892 5541
f 4904 4903 5542
f 4914 4904 5543
f 4901 4914 5544
f 4902 4901 5545
f 4915 4902 5546
f 4968 4915 5547
f 4969 4968 5548
f 4966 4969 5549
f 4967 4966 5550
f 5001 4967 5551
f 4999 5001 5552
f 5000 4999 5553
f 4934 5000 5554
f 4935 4934 5555
f 4933 4935 5556
f 4899 4933 5557
f 4900 4899 5558
f 4913 4900 5559
f 4931 4913 5560
f 4932 4931 5561
f 4911 4932 5562
f 4912 4911 5563
f 4909 4912 5564
f 4910 4909 5565
f 4997 4910 5566
f 4998 4997 5567
f 4996 4998 5568
f 4965 4996 5569
f 4929 4965 5570
f 4930 4929 5571
f 4994 4930 5572
f 4995 4994 5573
f 4992 4995 5574
f 4993 4992 5575
f 4963 4993 5576
f 4964 4963 5577
f 4991 4964 5578
f 4990 4991 5579
f 4962 4990 5580
f 4928 4962 5581
f 4908 4928 5582
f 4960 4908 5583
f 4961 4960 5584
f 4958 4961 5585
f 4959 4958 5586
f 4956 4959 5587
f 4957 4956 5588
f 4954 4957 5589
f 4955 4954 5590
f 4952 4955 5591
f 4953 4952 5592
f 4926 4953 5593
f 4927 4926 5594
f 4924 4927 5595
f 4925 4924 5596
f 4989 4925 5597
f 4950 4989 5598
f 4951 4950 5599
f 4987 4951 5600
f 4988 4987 5601
f 4889 4988 5602
f 4877 4889 5603
f 4878 4877 5604
f 4875 4878 5605
f 4876 4875 5606
f 4888 4876 5607
f 4886 4888 5608
f 4887 4886 5609
f 4873 4887 5610
f 4874 4873 5611
f 4885 4874 5612
f 4883 4885 5613
f 4884 4883 5614
f 4897 4884 5615
f 4881 4897 5616
f 4871 4881 5617
f 4872 4871 5618
f 4882 4872 5619
f 4896 4882 5620
f 4907 4896 5621
f 4894 4907 5622
f 4879 4894 5623
f 4880 4879 5624
f 4895 4880 5625
f 4905 4895 5626
f 4906 4905 5627
f 4923 4906 5628
f 5029 4923 5629
f 5629 5630 5029
f 5628 5629 4923
f 5627 5628 4906
f 5626 5627 4905
f 5625 5626 4895
f 5624 5625 4880
f 5623 5624 4879
f 5622 5623 4894
f 5621 5622 4907
f 5620 5621 4896
f 5619 5620 4882
f 5618 5619 4872
f 5617 5618 4871
f 5616 5617 4881
f 5615 5616 4897
f 5614 5615 4884
f 5613 5614 4883
f 5612 5613 4885
f 5611 5612 4874
f 5610 5611 4873
f 5609 5610 4887
f 5608 5609 4886
f 5607 5608 4888
f 5606 5607 4876
f 5605 5606 4875
f 5604 5605 4878
f 5603 5604 4877
f 5602 5603 4889
f 5601 5602 4988
f 5600 5601 4987
f 5599 5600 4951
f 5598 5599 4950
f 5597 5598 4989
f 5596 5597 4925
f 5595 5596 4924
f 5594 5595 4927
f 5593 5594 4926
f 5592 5593 4953
f 5591 5592 4952
f 5590 5591 4955
f 5589 5590 4954
f 5588 5589 4957
f 5587 5588 4956
f 5586 5587 4959
f 5585 5586 4958
f 5584 5585 4961
f 5583 5584 4960
f 5582 5583 4908
f 5581 5582 4928
f 5580 5581 4962
f 5579 5580 4990
f 5578 5579 4991
f 5577 5578 4964
f 5576 5577 4963
f 5575 5576 4993
f 5574 5575 4992
f 5573 5574 4995
f 5572 5573 4994
f 5571 5572 4930
f 5570 5571 4929
f 5569 5570 4965
f 5568 5569 4996
f 5567 5568 4998
f 5566 5567 4997
f 5565 5566 4910
f 5564 5565 4909
f 5563 5564 4912
f 5562 5563 4911
f 5561 5562 4932
f 5560 5561 4931
f 5559 5560 4913
f 5558 5559 4900
f 5557 5558 4899
f 5556 5557 4933
f 5555 5556 4935
f 5554 5555 4934
f 5553 5554 5000
f 5552 5553 4999
f 5551 5552 5001
f 5550 5551 4967
f 5549 5550 4966
f 5548 5549 4969
f 5547 5548 4968
f 5546 5547 4915
f 5545 5546 4902
f 5544 5545 4901
f 5543 5544 4914
f 5542 5543 4904
f 5541 5542 4903
f 5540 5541 4892
f 5539 5540 5062
f 5538 5539 5040
f 5537 5538 5023
f 5536 5537 5022
f 5535 5536 5039
f 5534 5535 5041
f 5533 5534 5019
f 5532 5533 5018
f 5531 5532 5020
f 5530 5531 4986
f 5029 5630 5631
f 5118 5631 5632
f 5119 5632 5633
f 5116 5633 5634
f 5117 5634 5635
f 5194 5635 5636
f 5192 5636 5637
f 5193 5637 5638
f 5227 5638 5639
f 5083 5639 5640
f 5084 5640 5641
f 5115 5641 5642
f 5114 5642 5643
f 5081 5643 5644
f 5082 5644 5645
f 5112 5645 5646
f 5113 5646 5647
f 5110 5647 5648
f 5111 5648 5649
f 5079 5649 5650
f 5080 5650 5651
f 5078 5651 5652
f 5052 5652 5653
f 5053 5653 5654
f 5050 5654 5655
f 5051 5655 5656
f 5048 5656 5657
f 5049 5657 5658
f 5077 5658 5659
f 5047 5659 5660
f 5027 5660 5661
f 5028 5661 5662
f 5153 5662 5663
f 5075 5663 5664
f 5076 5664 5665
f 5074 5665 5666
f 5045 5666 5667
f 5046 5667 5668
f 5151 5668 5669
f 5152 5669 5670
f 5191 5670 5671
f 5226 5671 5672
f 5357 5672 5673
f 5155 5673 5674
f 5120 5674 5675
f 5121 5675 5676
f 5123 5676 5677
f 5124 5677 5678
f 5156 5678 5679
f 5157 5679 5680
f 5195 5680 5681
f 5196 5681 5682
f 5159 5682 5683
f 5126 5683 5684
f 5085 5684 5685
f 5127 5685 5686
f 5088 5686 5687
f 5161 5687 5688
f 5162 5688 5689
f 5177 5689 5690
f 5056 5690 5691
f 4944 5691 5692
f 4921 5692 5693
f 4922 5693 5694
f 4943 5694 5695
f 4919 5695 5696
f 4920 5696 5697
f 4976 5697 5698
f 4977 5698 5699
f 4974 5699 5700
f 4975 5700 5701
f 4972 5701 5702
f 4973 5702 5703
f 4970 5703 5704
f 4971 5704 5705
f 4942 5705 5706
f 4917 5706 5707
f 4918 5707 5708
f 4940 5708 5709
f 4941 5709 5710
f 5007 5710 5711
f 5008 5711 5712
f 5006 5712 5713
f 4938 5713 5714
f 4939 5714 5715
f 4936 5715 5716
f 4937 5716 5717
f 5004 5717 5718
f 5005 5718 5719
f 5136 5719 5720
f 5363 5720 5721
f 5321 5721 5722
f 5322 5722 5723
f 5258 5723 5724
f 5323 5724 5725
f 5261 5725 5726
f 5364 5726 5727
f 5324 5727 5728
f 5365 5728 5729
f 5396 5729 5530
f 5530 4945 5396
f 5729 5396 5365
f 5728 5365 5324
f 5727 5324 5364
f 5726 5364 5261
f 5725 5261 5323
f 5724 5323 5258
f 5723 5258 5322
f 5722 5322 5321
f 5721 5321 5363
f 5720 5363 5136
f 5719 5136 5005
f 5718 5005 5004
f 5717 5004 4937
f 5716 4937 4936
f 5715 4936 4939
f 5714 4939 4938
f 5713 4938 5006
f 5712 5006 5008
f 5711 5008 5007
f 5710 5007 4941
f 5709 4941 4940
f 5708 4940 4918
f 5707 4918 4917
f 5706 4917 4942
f 5705 4942 4971
f 5704 4971 4970
f 5703 4970 4973
f 5702 4973 4972
f 5701 4972 4975
f 5700 4975 4974
f 5699 4974 4977
f 5698 4977 4976
f 5697 4976 4920
f 5696 4920 4919
f 5695 4919 4943
f 5694 4943 4922
f 5693 4922 4921
f 5692 4921 4944
f 5691 4944 5056
f 5690 5056 5177
f 5689 5177 5162
f 5688 5162 5161
f 5687 5161 5088
f 5686 5088 5127
f 5685 5127 5085
f 5684 5085 5126
f 5683 5126 5159
f 5682 5159 5196
f 5681 5196 5195
f 5680 5195 5157
f 5679 5157 5156
f 5678 5156 5124
f 5677 5124 5123
f 5676 5123 5121
f 5675 5121 5120
f 5674 5120 5155
f 5673 5155 5357
f 5672 5357 5226
f 5671 5226 5191
f 5670 5191 5152
f 5669 5152 5151
f 5668 5151 5046
f 5667 5046 5045
f 5666 5045 5074
f 5665 5074 5076
f 5664 5076 5075
f 5663 5075 5153
f 5662 5153 5028
f 5661 5028 5027
f 5660 5027 5047
f 5659 5047 5077
f 5658 5077 5049
f 5657 5049 5048
f 5656 5048 5051
f 5655 5051 5050
f 5654 5050 5053
f 5653 5053 5052
f 5652 5052 5078
f 5651 5078 5080
f 5650 5080 5079
f 5649 5079 5111
f 5648 5111 5110
f 5647 5110 5113
f 5646 5113 5112
f 5645 5112 5082
f 5644 5082 5081
f 5643 5081 5114
f 5642 5114 5115
f 5641 5115 5084
f 5640 5084 5083
f 5639 5083 5227
f 5638 5227 5193
f 5637 5193 5192
f 5636 5192 5194
f 5635 5194 5117
f 5634 5117 5116
f 5633 5116 5119
f 5632 5119 5118
f 5631 5118 5029
f 5584 5583 5677
f 5583 5582 5678
f 5585 5584 5676
f 5678 5677 5583
f 5579 5681 5680
f 5578 5682 5681
f 5609 5608 5652
f 5608 5607 5653
f 5607 5606 5654
f 5606 5605 5655
f 5677 5676 5584
f 5582 5581 5679
f 5581 5580 5680
f 5681 5579 5578
f 5577 5683 5682
f 5576 5684 5683
f 5540 5720 5719
f 5539 5721 5720
f 5625 5624 5636
f 5624 5623 5637
f 5618 5617 5643
f 5617 5616 5644
f 5616 5615 5645
f 5615 5614 5646
f 5612 5611 5649
f 5611 5610 5650
f 5653 5652 5608
f 5655 5654 5606
f 5679 5678 5582
f 5680 5580 5579
f 5683 5577 5576
f 5575 5685 5684
f 5720 5540 5539
f 5538 5722 5721
f 5537 5723 5722
f 5536 5724 5723
f 5629 5628 5632
f 5628 5627 5633
f 5627 5626 5634
f 5626 5625 5635
f 5637 5636 5624
f 5623 5622 5638
f 5622 5621 5639
f 5621 5620 5640
f 5644 5643 5617
f 5646 5645 5615
f 5614 5613 5647
f 5613 5612 5648
f 5650 5649 5611
f 5610 5609 5651
f 5654 5653 5607
f 5605 5604 5656
f 5603 5602 5658
f 5602 5601 5659
f 5680 5679 5581
f 5684 5576 5575
f 5571 5689 5688
f 5570 5690 5689
f 5544 5716 5715
f 5543 5717 5716
f 5721 5539 5538
f 5723 5537 5536
f 5535 5725 5724
f 5534 5726 5725
f 5533 5727 5726
f 5532 5728 5727
f 5633 5632 5628
f 5635 5634 5626
f 5638 5637 5623
f 5640 5639 5621
f 5620 5619 5641
f 5619 5618 5642
f 5645 5644 5616
f 5648 5647 5613
f 5651 5650 5610
f 5656 5655 5605
f 5604 5603 5657
f 5659 5658 5602
f 5586 5585 5675
f 5682 5578 5577
f 5689 5571 5570
f 5569 5691 5690
f 5550 5710 5709
f 5549 5711 5710
f 5546 5714 5713
f 5545 5715 5714
f 5716 5544 5543
f 5542 5718 5717
f 5722 5538 5537
f 5725 5535 5534
f 5727 5533 5532
f 5531 5729 5728
f 5634 5633 5627
f 5639 5638 5622
f 5642 5641 5619
f 5647 5646 5614
f 5652 5651 5609
f 5658 5657 5603
f 5601 5600 5660
f 5600 5599 5661
f 5676 5675 5585
f 5574 5686 5685
f 5573 5687 5686
f 5572 5688 5687
f 5690 5570 5569
f 5568 5692 5691
f 5567 5693 5692
f 5566 5694 5693
f 5560 5700 5699
f 5559 5701 5700
f 5710 5550 5549
f 5548 5712 5711
f 5547 5713 5712
f 5714 5546 5545
f 5717 5543 5542
f 5541 5719 5718
f 5724 5536 5535
f 5728 5532 5531
f 5636 5635 5625
f 5643 5642 5618
f 5657 5656 5604
f 5661 5660 5600
f 5596 5595 5665
f 5595 5594 5666
f 5593 5592 5668
f 5592 5591 5669
f 5591 5590 5670
f 5590 5589 5671
f 5589 5588 5672
f 5588 5587 5673
f 5685 5575 5574
f 5687 5573 5572
f 5691 5569 5568
f 5693 5567 5566
f 5565 5695 5694
f 5564 5696 5695
f 5562 5698 5697
f 5561 5699 5698
f 5700 5560 5559
f 5558 5702 5701
f 5555 5705 5704
f 5554 5706 5705
f 5553 5707 5706
f 5552 5708 5707
f 5711 5549 5548
f 5713 5547 5546
f 5718 5542 5541
f 5726 5534 5533
f 5641 5640 5620
f 5660 5659 5601
f 5598 5597 5663
f 5597 5596 5664
f 5666 5665 5595
f 5594 5593 5667
f 5669 5668 5592
f 5671 5670 5590
f 5673 5672 5588
f 5587 5586 5674
f 5686 5574 5573
f 5692 5568 5567
f 5695 5565 5564
f 5563 5697 5696
f 5698 5562 5561
f 5701 5559 5558
f 5705 5555 5554
f 5707 5553 5552
f 5712 5548 5547
f 5719 5541 5540
f 5649 5648 5612
f 5599 5598 5662
f 5664 5663 5597
f 5667 5666 5594
f 5670 5669 5591
f 5674 5673 5587
f 5688 5572 5571
f 5696 5564 5563
f 5699 5561 5560
f 5557 5703 5702
f 5556 5704 5703
f 5706 5554 5553
f 5551 5709 5708
f 5715 5545 5544
f 5632 5631 5629
f 5663 5662 5598
f 5668 5667 5593
f 5675 5674 5586
f 5697 5563 5562
f 5703 5557 5556
f 5708 5552 5551
f 5531 5530 5729
f 5662 5661 5599
f 5672 5671 5589
f 5702 5558 5557
f 5709 5551 5550
f 5665 5664 5596
f 5704 5556 5555
f 5694 5566 5565
f 5631 5630 5629
f 5109 5108 5730
f 5106 5109 5731
f 5107 5106 5732
f 5072 5107 5733
f 5073 5072 5734
f 5043 5073 5735
f 5044 5043 5736
f 5071 5044 5737
f 5070 5071 5738
f 5068 5070 5739
f 5069 5068 5740
f 5105 5069 5741
f 5186 5105 5742
f 5150 5186 5743
f 5103 5150 5744
f 5104 5103 5745
f 5148 5104 5746
f 5149 5148 5747
f 5184 5149 5748
f 5185 5184 5749
f 5002 5185 5750
f 5003 5002 5751
f 5024 5003 5752
f 5025 5024 5753
f 5042 5025 5754
f 5102 5042 5755
f 5100 5102 5756
f 5066 5100 5757
f 5067 5066 5758
f 5101 5067 5759
f 5147 5101 5760
f 5145 5147 5761
f 5146 5145 5762
f 5143 5146 5763
f 5144 5143 5764
f 4890 5144 5765
f 4891 4890 5766
f 5065 4891 5767
f 5063 5065 5768
f 5064 5063 5769
f 5021 5064 5770
f 4948 5021 5771
f 4949 4948 5772
f 5038 4949 5773
f 5060 5038 5774
f 5061 5060 5775
f 5141 5061 5776
f 5142 5141 5777
f 5058 5142 5778
f 5059 5058 5779
f 5057 5059 5780
f 5036 5057 5781
f 5037 5036 5782
f 5035 5037 5783
f 5016 5035 5784
f 5017 5016 5785
f 4984 5017 5786
f 4985 4984 5787
f 4982 4985 5788
f 4983 4982 5789
f 5014 4983 5790
f 5015 5014 5791
f 4980 5015 5792
f 4981 4980 5793
f 5013 4981 5794
f 4946 5013 5795
f 4947 4946 5796
f 4978 4947 5797
f 4978 5798 5799
f 4979 5799 5800
f 5011 5800 5801
f 5012 5801 5802
f 5009 5802 5803
f 5010 5803 5804
f 5034 5804 5805
f 5165 5805 5806
f 5166 5806 5807
f 5200 5807 5808
f 5201 5808 5809
f 5232 5809 5810
f 5169 5810 5811
f 5090 5811 5812
f 5091 5812 5813
f 5130 5813 5814
f 5131 5814 5815
f 5167 5815 5816
f 5128 5816 5817
f 5129 5817 5818
f 5168 5818 5819
f 5202 5819 5820
f 5235 5820 5821
f 5236 5821 5822
f 5369 5822 5823
f 5335 5823 5824
f 5275 5824 5825
f 5276 5825 5826
f 5333 5826 5827
f 5334 5827 5828
f 5182 5828 5829
f 5183 5829 5830
f 5180 5830 5831
f 5181 5831 5832
f 5274 5832 5833
f 5272 5833 5834
f 5273 5834 5835
f 5332 5835 5836
f 5270 5836 5837
f 5271 5837 5838
f 5367 5838 5839
f 5368 5839 5840
f 5330 5840 5841
f 5331 5841 5842
f 5329 5842 5843
f 5268 5843 5844
f 5269 5844 5845
f 5266 5845 5846
f 5267 5846 5847
f 5328 5847 5848
f 5326 5848 5849
f 5327 5849 5850
f 5217 5850 5851
f 5218 5851 5852
f 5215 5852 5853
f 5216 5853 5854
f 5264 5854 5855
f 5265 5855 5856
f 5213 5856 5857
f 5214 5857 5858
f 5263 5858 5859
f 5211 5859 5860
f 5212 5860 5861
f 5178 5861 5862
f 5179 5862 5863
f 5139 5863 5864
f 5140 5864 5865
f 5138 5865 5866
f 5108 5099 5867
f 5098 5866 5867
f 5867 5099 5098
f 5867 5730 5108
f 5866 5098 5138
f 5865 5138 5140
f 5864 5140 5139
f 5863 5139 5179
f 5862 5179 5178
f 5861 5178 5212
f 5860 5212 5211
f 5859 5211 5263
f 5858 5263 5214
f 5857 5214 5213
f 5856 5213 5265
f 5855 5265 5264
f 5854 5264 5216
f 5853 5216 5215
f 5852 5215 5218
f 5851 5218 5217
f 5850 5217 5327
f 5849 5327 5326
f 5848 5326 5328
f 5847 5328 5267
f 5846 5267 5266
f 5845 5266 5269
f 5844 5269 5268
f 5843 5268 5329
f 5842 5329 5331
f 5841 5331 5330
f 5840 5330 5368
f 5839 5368 5367
f 5838 5367 5271
f 5837 5271 5270
f 5836 5270 5332
f 5835 5332 5273
f 5834 5273 5272
f 5833 5272 5274
f 5832 5274 5181
f 5831 5181 5180
f 5830 5180 5183
f 5829 5183 5182
f 5828 5182 5334
f 5827 5334 5333
f 5826 5333 5276
f 5825 5276 5275
f 5824 5275 5335
f 5823 5335 5369
f 5822 5369 5236
f 5821 5236 5235
f 5820 5235 5202
f 5819 5202 5168
f 5818 5168 5129
f 5817 5129 5128
f 5816 5128 5167
f 5815 5167 5131
f 5814 5131 5130
f 5813 5130 5091
f 5812 5091 5090
f 5811 5090 5169
f 5810 5169 5232
f 5809 5232 5201
f 5808 5201 5200
f 5807 5200 5166
f 5806 5166 5165
f 5805 5165 5034
f 5804 5034 5010
f 5803 5010 5009
f 5802 5009 5012
f 5801 5012 5011
f 5800 5011 4979
f 5799 4979 4978
f 5797 5798 4978
f 5796 5797 4947
f 5795 5796 4946
f 5794 5795 5013
f 5793 5794 4981
f 5792 5793 4980
f 5791 5792 5015
f 5790 5791 5014
f 5789 5790 4983
f 5788 5789 4982
f 5787 5788 4985
f 5786 5787 4984
f 5785 5786 5017
f 5784 5785 5016
f 5783 5784 5035
f 5782 5783 5037
f 5781 5782 5036
f 5780 5781 5057
f 5779 5780 5059
f 5778 5779 5058
f 5777 5778 5142
f 5776 5777 5141
f 5775 5776 5061
f 5774 5775 5060
f 5773 5774 5038
f 5772 5773 4949
f 5771 5772 4948
f 5770 5771 5021
f 5769 5770 5064
f 5768 5769 5063
f 5767 5768 5065
f 5766 5767 4891
f 5765 5766 4890
f 5764 5765 5144
f 5763 5764 5143
f 5762 5763 5146
f 5761 5762 5145
f 5760 5761 5147
f 5759 5760 5101
f 5758 5759 5067
f 5757 5758 5066
f 5756 5757 5100
f 5755 5756 5102
f 5754 5755 5042
f 5753 5754 5025
f 5752 5753 5024
f 5751 5752 5003
f 5750 5751 5002
f 5749 5750 5185
f 5748 5749 5184
f 5747 5748 5149
f 5746 5747 5148
f 5745 5746 5104
f 5744 5745 5103
f 5743 5744 5150
f 5742 5743 5186
f 5741 5742 5105
f 5740 5741 5069
f 5739 5740 5068
f 5738 5739 5070
f 5737 5738 5071
f 5736 5737 5044
f 5735 5736 5043
f 5734 5735 5073
f 5733 5734 5072
f 5732 5733 5107
f 5731 5732 5106
f 5730 5731 5109
f 5307 5306 5868
f 5361 5307 5869
f 5360 5361 5870
f 5230 5360 5871
f 5231 5230 5872
f 5305 5231 5873
f 5358 5305 5874
f 5359 5358 5875
f 5414 5359 5876
f 5415 5414 5877
f 5412 5415 5878
f 5413 5412 5879
f 5303 5413 5880
f 5304 5303 5881
f 5302 5304 5882
f 5228 5302 5883
f 5229 5228 5884
f 5198 5229 5885
f 5199 5198 5886
f 5197 5199 5887
f 5163 5197 5888
f 5089 5163 5889
f 5086 5089 5890
f 5087 5086 5891
f 5160 5087 5892
f 5158 5160 5893
f 5125 5158 5894
f 5122 5125 5895
f 5154 5122 5896
f 5026 5154 5897
f 5318 5026 5898
f 5247 5318 5899
f 5248 5247 5900
f 5316 5248 5901
f 5317 5316 5902
f 5205 5317 5903
f 5096 5205 5904
f 5097 5096 5905
f 5135 5097 5906
f 5134 5135 5907
f 5094 5134 5908
f 5095 5094 5909
f 5204 5095 5910
f 5175 5204 5911
f 5176 5175 5912
f 5173 5176 5913
f 5174 5173 5914
f 5092 5174 5915
f 5093 5092 5916
f 5032 5093 5917
f 5033 5032 5918
f 5030 5033 5919
f 5920 5921 5919
f 5919 5033 5920
f 5031 5030 5922
f 5054 5031 5923
f 5055 5054 5924
f 5132 5055 5925
f 5133 5132 5926
f 5171 5133 5927
f 5172 5171 5928
f 5245 5172 5929
f 5246 5245 5930
f 5243 5246 5931
f 5244 5243 5932
f 5241 5244 5933
f 5242 5241 5934
f 5239 5242 5935
f 5240 5239 5936
f 5362 5240 5937
f 5314 5362 5938
f 5315 5314 5939
f 5312 5315 5940
f 5313 5312 5941
f 5311 5313 5942
f 5237 5311 5943
f 5238 5237 5944
f 5170 5238 5945
f 5203 5170 5946
f 5234 5203 5947
f 5310 5234 5948
f 5308 5310 5949
f 5309 5308 5950
f 5164 5309 5951
f 5233 5164 5952
f 5366 5233 5953
f 5325 5366 5954
f 5262 5325 5955
f 5259 5262 5956
f 5260 5259 5957
f 5256 5260 5958
f 5257 5256 5959
f 5254 5257 5960
f 5255 5254 5961
f 5209 5255 5962
f 5210 5209 5963
f 5207 5210 5964
f 5208 5207 5965
f 5252 5208 5966
f 5253 5252 5967
f 5319 5253 5968
f 5320 5319 5969
f 5250 5320 5970
f 5251 5250 5971
f 5249 5251 5972
f 5206 5249 5973
f 5974 4916 5137
f 5137 5975 5974
f 5137 5206 5975
f 5868 5306 5976
f 4916 5974 5976
f 5976 5306 4916
f 5976 5977 5868
f 5973 5975 5206
f 5972 5973 5249
f 5971 5972 5251
f 5970 5971 5250
f 5969 5970 5320
f 5968 5969 5319
f 5967 5968 5253
f 5966 5967 5252
f 5965 5966 5208
f 5964 5965 5207
f 5963 5964 5210
f 5962 5963 5209
f 5961 5962 5255
f 5960 5961 5254
f 5959 5960 5257
f 5958 5959 5256
f 5957 5958 5260
f 5956 5957 5259
f 5955 5956 5262
f 5954 5955 5325
f 5953 5954 5366
f 5952 5953 5233
f 5951 5952 5164
f 5950 5951 5309
f 5949 5950 5308
f 5948 5949 5310
f 5947 5948 5234
f 5946 5947 5203
f 5945 5946 5170
f 5944 5945 5238
f 5943 5944 5237
f 5942 5943 5311
f 5941 5942 5313
f 5940 5941 5312
f 5939 5940 5315
f 5938 5939 5314
f 5937 5938 5362
f 5936 5937 5240
f 5935 5936 5239
f 5934 5935 5242
f 5933 5934 5241
f 5932 5933 5244
f 5931 5932 5243
f 5930 5931 5246
f 5929 5930 5245
f 5928 5929 5172
f 5927 5928 5171
f 5926 5927 5133
f 5925 5926 5132
f 5924 5925 5055
f 5923 5924 5054
f 5922 5923 5031
f 5919 5922 5030
f 5918 5920 5033
f 5917 5918 5032
f 5916 5917 5093
f 5915 5916 5092
f 5914 5915 5174
f 5913 5914 5173
f 5912 5913 5176
f 5911 5912 5175
f 5910 5911 5204
f 5909 5910 5095
f 5908 5909 5094
f 5907 5908 5134
f 5906 5907 5135
f 5905 5906 5097
f 5904 5905 5096
f 5903 5904 5205
f 5902 5903 5317
f 5901 5902 5316
f 5900 5901 5248
f 5899 5900 5247
f 5898 5899 5318
f 5897 5898 5026
f 5896 5897 5154
f 5895 5896 5122
f 5894 5895 5125
f 5893 5894 5158
f 5892 5893 5160
f 5891 5892 5087
f 5890 5891 5086
f 5889 5890 5089
f 5888 5889 5163
f 5887 5888 5197
f 5886 5887 5199
f 5885 5886 5198
f 5884 5885 5229
f 5883 5884 5228
f 5882 5883 5302
f 5881 5882 5304
f 5880 5881 5303
f 5879 5880 5413
f 5878 5879 5412
f 5877 5878 5415
f 5876 5877 5414
f 5875 5876 5359
f 5874 5875 5358
f 5873 5874 5305
f 5872 5873 5231
f 5871 5872 5230
f 5870 5871 5360
f 5869 5870 5361
f 5868 5869 5307
f 5978 5979 5980
f 5981 5978 5982
f 5983 5981 5984
f 5985 5983 5986
f 5987 5985 5988
f 5989 5987 5990
f 5991 5989 5992
f 5993 5991 5994
f 5995 5993 5996
f 5997 5995 5998
f 5999 5997 6000
f 6001 5999 6002
f 6003 6001 6004
f 6005 6003 6006
f 6007 6005 6008
f 6009 6007 6010
f 6011 6009 6012
f 6013 6011 6014
f 6015 6013 6016
f 6017 6015 6018
f 6019 6017 6020
f 6021 6019 6022
f 6023 6021 6024
f 6025 6023 6026
f 6027 6025 6028
f 6029 6027 6030
f 6031 6029 6032
f 6033 6031 6034
f 6035 6033 6036
f 6037 6035 6038
f 6039 6037 6040
f 6041 6039 6042
f 6043 6041 6044
f 6045 6043 6046
f 6047 6045 6048
f 6049 6047 6050
f 6051 6049 6052
f 6053 6051 6054
f 6055 6053 6056
f 6057 6055 6058
f 6059 6057 6060
f 6061 6059 6062
f 6063 6061 6064
f 6065 6063 6066
f 6067 6065 6068
f 6069 6067 6070
f 6071 6069 6072
f 6073 6071 6074
f 6075 6073 6076
f 6077 6075 6078
f 6079 6077 6080
f 6081 6079 6082
f 6083 6081 6084
f 6085 6086 5921
f 6087 5919 5921
f 5921 6086 6087
f 6087 6086 6088
f 6089 6088 6090
f 6091 6090 6092
f 6093 6092 6094
f 6095 6094 6096
f 6097 6096 6098
f 6099 6098 6100
f 6101 6100 6102
f 6103 6102 6104
f 6105 6104 6106
f 6107 6106 6108
f 6109 6108 6110
f 6111 6110 6112
f 6113 6112 6114
f 6115 6114 6116
f 6117 6116 6118
f 6119 6118 6120
f 6121 6120 6122
f 6123 6122 6124
f 6125 6124 6126
f 6127 6126 6128
f 6129 6128 6130
f 6131 6130 6132
f 6133 6132 6134
f 6135 6134 6136
f 6137 6136 6138
f 6139 6138 6140
f 6141 6140 6142
f 6143 6142 6144
f 6145 6144 6146
f 6147 6146 6148
f 6149 6148 6150
f 6151 6150 6152
f 6153 6152 6154
f 6155 6154 6156
f 6157 6156 6158
f 6159 6158 6160
f 6161 6160 6162
f 6163 6162 6164
f 6165 6164 6166
f 6167 6166 6168
f 6169 6168 6170
f 6171 6170 6172
f 6173 6172 6174
f 6175 6174 6176
f 6177 6176 6178
f 6179 6178 6180
f 6181 6180 6182
f 6183 6182 6184
f 6185 6184 6186
f 6187 6186 6188
f 6189 6188 5977
f 6190 5979 5977
f 5977 6188 6190
f 6190 5980 5979
f 5977 5976 6189
f 6188 6189 6187
f 6186 6187 6185
f 6184 6185 6183
f 6182 6183 6181
f 6180 6181 6179
f 6178 6179 6177
f 6176 6177 6175
f 6174 6175 6173
f 6172 6173 6171
f 6170 6171 6169
f 6168 6169 6167
f 6166 6167 6165
f 6164 6165 6163
f 6162 6163 6161
f 6160 6161 6159
f 6158 6159 6157
f 6156 6157 6155
f 6154 6155 6153
f 6152 6153 6151
f 6150 6151 6149
f 6148 6149 6147
f 6146 6147 6145
f 6144 6145 6143
f 6142 6143 6141
f 6140 6141 6139
f 6138 6139 6137
f 6136 6137 6135
f 6134 6135 6133
f 6132 6133 6131
f 6130 6131 6129
f 6128 6129 6127
f 6126 6127 6125
f 6124 6125 6123
f 6122 6123 6121
f 6120 6121 6119
f 6118 6119 6117
f 6116 6117 6115
f 6114 6115 6113
f 6112 6113 6111
f 6110 6111 6109
f 6108 6109 6107
f 6106 6107 6105
f 6104 6105 6103
f 6102 6103 6101
f 6100 6101 6099
f 6098 6099 6097
f 6096 6097 6095
f 6094 6095 6093
f 6092 6093 6091
f 6090 6091 6089
f 6088 6089 6087
f 5921 6083 6085
f 6084 6085 6083
f 6082 6084 6081
f 6080 6082 6079
f 6078 6080 6077
f 6076 6078 6075
f 6074 6076 6073
f 6072 6074 6071
f 6070 6072 6069
f 6068 6070 6067
f 6066 6068 6065
f 6064 6066 6063
f 6062 6064 6061
f 6060 6062 6059
f 6058 6060 6057
f 6056 6058 6055
f 6054 6056 6053
f 6052 6054 6051
f 6050 6052 6049
f 6048 6050 6047
f 6046 6048 6045
f 6044 6046 6043
f 6042 6044 6041
f 6040 6042 6039
f 6038 6040 6037
f 6036 6038 6035
f 6034 6036 6033
f 6032 6034 6031
f 6030 6032 6029
f 6028 6030 6027
f 6026 6028 6025
f 6024 6026 6023
f 6022 6024 6021
f 6020 6022 6019
f 6018 6020 6017
f 6016 6018 6015
f 6014 6016 6013
f 6012 6014 6011
f 6010 6012 6009
f 6008 6010 6007
f 6006 6008 6005
f 6004 6006 6003
f 6002 6004 6001
f 6000 6002 5999
f 5998 6000 5997
f 5996 5998 5995
f 5994 5996 5993
f 5992 5994 5991
f 5990 5992 5989
f 5988 5990 5987
f 5986 5988 5985
f 5984 5986 5983
f 5982 5984 5981
f 5980 5982 5978
f 6185 6187 5973
f 5972 5971 6183
f 6183 6185 5972
f 5971 5970 6181
f 5970 5969 6179
f 5969 5968 6177
f 5946 6133 6135
f 6133 5946 5945
f 5974 5975 6189
f 5975 5973 6187
f 6181 6183 5971
f 6177 6179 5969
f 5965 5964 6169
f 5964 5963 6167
f 5962 5961 6163
f 5961 5960 6161
f 5952 5951 6143
f 6141 6143 5951
f 5945 6131 6133
f 6131 5945 5944
f 6187 6189 5975
f 6179 6181 5970
f 6175 6177 5968
f 5967 5966 6173
f 6171 6173 5966
f 6167 6169 5964
f 6165 6167 5963
f 6161 6163 5961
f 6145 6147 5953
f 5951 5950 6141
f 6137 5948 5947
f 5944 6129 6131
f 5973 5972 6185
f 6173 6175 5967
f 6169 6171 5965
f 6163 6165 5962
f 5956 5955 6151
f 5955 5954 6149
f 6143 6145 5952
f 6139 6141 5950
f 5949 5948 6137
f 6135 5947 5946
f 6115 5937 5936
f 5935 6111 6113
f 5968 5967 6175
f 5963 5962 6165
f 6155 6157 5958
f 6153 6155 5957
f 6149 6151 5955
f 6147 6149 5954
f 5950 5949 6139
f 5947 6135 6137
f 6127 5943 5942
f 6125 5942 5941
f 5939 6119 6121
f 6119 5939 5938
f 6113 5936 5935
f 6111 5935 5934
f 6089 5924 5923
f 6087 5923 5922
f 5966 5965 6171
f 5960 5959 6159
f 5959 5958 6157
f 5957 5956 6153
f 5954 5953 6147
f 6137 6139 5949
f 5943 6127 6129
f 5941 6123 6125
f 5940 6121 6123
f 5938 6117 6119
f 5937 6115 6117
f 5934 6109 6111
f 6107 5933 5932
f 6105 5932 5931
f 5926 6093 6095
f 6093 5926 5925
f 5924 6089 6091
f 5922 5919 6087
f 6159 6161 5960
f 5958 5957 6155
f 5953 5952 6145
f 5942 6125 6127
f 6121 5940 5939
f 5936 6113 6115
f 5933 6107 6109
f 5931 6103 6105
f 6099 5929 5928
f 6097 5928 5927
f 5925 6091 6093
f 5923 6087 6089
f 6157 6159 5959
f 6129 5944 5943
f 6117 5938 5937
f 5932 6105 6107
f 5930 6101 6103
f 6101 5930 5929
f 5927 6095 6097
f 6091 5925 5924
f 6151 6153 5956
f 6109 5934 5933
f 5929 6099 6101
f 6095 5927 5926
f 6123 5941 5940
f 5928 6097 6099
f 6103 5931 5930
f 6189 5976 5974
f 5891 5890 6023
f 6025 6027 5892
f 5993 5995 5876
f 5995 5997 5877
f 5999 6001 5879
f 6001 6003 5880
f 5881 5880 6003
f 6005 6007 5882
f 5887 5886 6015
f 5888 5887 6017
f 6021 6023 5890
f 5892 5891 6025
f 5912 6067 6069
f 6071 5914 5913
f 5979 5978 5868
f 5869 5868 5978
f 5981 5983 5870
f 5983 5985 5871
f 5877 5876 5995
f 5878 5877 5997
f 5880 5879 6001
f 5882 5881 6005
f 6017 6019 5888
f 6019 6021 5889
f 6023 6025 5891
f 6027 6029 5893
f 6035 5896 5895
f 5896 6035 6037
f 5905 6053 6055
f 5906 6055 6057
f 6063 5910 5909
f 5910 6063 6065
f 6067 5912 5911
f 5913 6069 6071
f 6073 5915 5914
f 5915 6073 6075
f 6077 5917 5916
f 5917 6077 6079
f 6081 5920 5918
f 6083 5921 5920
f 5978 5981 5869
f 5871 5870 5983
f 5872 5871 5985
f 5987 5989 5873
f 5997 5999 5878
f 6003 6005 5881
f 5885 5884 6011
f 5886 5885 6013
f 5889 5888 6019
f 5893 5892 6027
f 6037 5897 5896
f 5897 6037 6039
f 6057 5907 5906
f 6059 5908 5907
f 6061 5909 5908
f 6065 5911 5910
f 6069 5913 5912
f 6075 5916 5915
f 6079 5918 5917
f 5920 6081 6083
f 5870 5869 5981
f 5873 5872 5987
f 5989 5991 5874
f 5875 5874 5991
f 5879 5878 5999
f 6007 6009 5883
f 6009 6011 5884
f 6013 6015 5886
f 5890 5889 6021
f 5893 6029 6031
f 5894 6031 6033
f 6039 5898 5897
f 5907 6057 6059
f 5909 6061 6063
f 5914 6071 6073
f 5918 6079 6081
f 5985 5987 5872
f 5991 5993 5875
f 5883 5882 6007
f 6011 6013 5885
f 6031 5894 5893
f 5895 6033 6035
f 6041 5899 5898
f 5899 6041 6043
f 6045 5901 5900
f 5901 6045 6047
f 5902 6047 6049
f 5903 6049 6051
f 5908 6059 6061
f 5916 6075 6077
f 5874 5873 5989
f 5884 5883 6009
f 6033 5895 5894
f 6043 5900 5899
f 6047 5902 5901
f 6051 5904 5903
f 6053 5905 5904
f 5911 6065 6067
f 5876 5875 5993
f 5898 6039 6041
f 6049 5903 5902
f 6055 5906 5905
f 6015 6017 5887
f 5904 6051 6053
f 5900 6043 6045
f 5868 5977 5979
f 2433 2333 5450
f 5450 5449 2433
f 2333 5451 5450
f 2392 6138 6136
f 5449 5448 2433
f 6136 6134 2392
f 2392 6142 6140
f 2333 5452 5451
f 6140 6138 2392
f 6134 6132 2392
f 5448 5447 2433
f 2333 5453 5452
f 6132 6130 2392
f 2392 6146 6144
f 5447 5446 2433
f 6144 6142 2392
f 6130 6128 2392
f 2333 5454 5453
f 5446 5445 2433
f 6128 6126 2392
f 2392 6150 6148
f 2333 5455 5454
f 6148 6146 2392
f 6126 6124 2392
f 5445 5444 2433
f 5512 6034 6032
f 2333 5456 5455
f 6124 6122 2392
f 2392 6154 6152
f 5512 6036 6034
f 5444 5443 2433
f 6152 6150 2392
f 6122 6120 2392
f 6032 6030 5512
f 2333 5457 5456
f 6191 6156 6154
f 5512 6038 6036
f 5443 5442 2433
f 6154 2392 6191
f 6030 6028 5512
f 2333 5458 5457
f 2392 6192 6193
f 6120 6118 2392
f 5512 6040 6038
f 5442 5441 2433
f 2392 6194 6195
f 2392 6196 6197
f 2392 6198 6199
f 2392 6200 6201
f 6193 6202 2392
f 6191 6158 6156
f 6028 6026 5512
f 5501 6084 6082
f 6082 5504 5503
f 2333 5459 5458
f 6191 2392 6203
f 2392 6204 6194
f 6197 6205 2392
f 6199 6206 2392
f 2392 6207 6208
f 2392 6209 6210
f 2392 6211 6212
f 6202 6200 2392
f 6118 6116 2392
f 6026 6024 5512
f 5512 6044 6042
f 5503 5502 6082
f 6082 5502 5501
f 5441 5440 2433
f 6195 6203 2392
f 2392 6213 6196
f 2392 6214 6198
f 6210 6207 2392
f 6212 6215 2392
f 2392 6216 6192
f 2392 6217 6218
f 2392 6219 6220
f 2392 6221 6222
f 6191 6160 6158
f 6042 6040 5512
f 6024 6022 5512
f 2333 5460 5459
f 6205 6204 2392
f 2392 6223 6214
f 6215 6209 2392
f 6201 6224 2392
f 6220 6217 2392
f 6222 6225 2392
f 6116 6114 2392
f 5501 5500 6084
f 6082 5506 5505
f 5440 5439 2433
f 6191 6226 6227
f 6206 6213 2392
f 2392 6228 6229
f 2392 6230 6231
f 6224 6211 2392
f 6225 6219 2392
f 2392 6232 6233
f 6191 6162 6160
f 6022 6020 5512
f 5512 6048 6046
f 5505 5504 6082
f 5500 5499 6084
f 2333 5461 5460
f 6191 6234 6235
f 6203 6226 6191
f 6231 6228 2392
f 6218 6216 2392
f 6233 6236 2392
f 6114 6112 2392
f 6046 6044 5512
f 6020 6018 5512
f 5439 5438 2433
f 6237 6238 6191
f 6235 6239 6191
f 6191 6240 6241
f 6191 6242 6243
f 6229 6223 2392
f 6236 6221 2392
f 6191 6164 6162
f 5499 5498 6084
f 6082 5508 5507
f 2333 5462 5461
f 6191 6244 6237
f 6241 6234 6191
f 6191 6245 6246
f 6191 6247 6248
f 6191 6249 6250
f 6191 6251 6242
f 6208 6230 2392
f 6112 6110 2392
f 6018 6016 5512
f 5512 6052 6050
f 5507 5506 6082
f 5498 5497 6084
f 5438 5437 2433
f 2653 6252 6253
f 2653 6254 6255
f 2653 6256 6257
f 2653 6258 6259
f 6238 6260 6261
f 6239 6244 6191
f 6191 6262 6245
f 6248 6263 6191
f 6250 6264 6191
f 6191 6265 6266
f 6227 6251 6191
f 6191 6166 6164
f 5512 6014 6012
f 6050 6048 5512
f 6016 6014 5512
f 2333 5463 5462
f 2653 6267 6268
f 6255 6252 2653
f 6259 6256 2653
f 2653 6269 6270
f 2653 6271 6272
f 2653 6273 6274
f 6238 6275 6276
f 6237 6260 6238
f 6263 6262 6191
f 6191 6277 6278
f 6191 6279 6249
f 6243 6265 6191
f 6110 6108 2392
f 5497 5496 6084
f 6082 5510 5509
f 5437 5436 2433
f 6268 6280 2653
f 2653 6281 6282
f 2653 6283 6284
f 6257 6254 2653
f 6272 6269 2653
f 2653 6285 6286
f 6274 6287 2653
f 6238 6288 6289
f 6238 6290 6291
f 6261 6275 6238
f 6278 6247 6191
f 6191 6292 6293
f 6266 6279 6191
f 6191 6168 6166
f 6012 6294 5512
f 5512 6056 6054
f 5509 5508 6082
f 5496 5495 6084
f 2333 5464 5463
f 2653 6295 6267
f 6284 6281 2653
f 2653 6296 6297
f 6270 6258 2653
f 2653 6298 6299
f 6287 6285 2653
f 6289 6300 6238
f 6291 6301 6238
f 6246 6240 6191
f 6264 6292 6191
f 2392 6302 6303
f 2392 6304 6305
f 2392 6306 6307
f 6108 6106 2392
f 6054 6052 5512
f 6012 6010 6294
f 5436 5435 2433
f 2653 6308 6309
f 6282 6295 2653
f 2653 6310 6311
f 6253 6296 2653
f 6286 6298 2653
f 2653 6312 6313
f 2653 6314 6315
f 2653 6316 6317
f 6238 6318 6316
f 6238 6319 6320
f 6301 6288 6238
f 6238 6321 6322
f 6293 6277 6191
f 2392 6323 6302
f 2392 6324 6325
f 6307 6304 2392
f 6191 6170 6168
f 5495 5494 6084
f 6082 5512 5511
f 2333 5465 5464
f 2653 6326 6308
f 6311 6283 2653
f 6299 6271 2653
f 6315 6312 2653
f 6316 2653 6238
f 6320 6327 6238
f 6238 6328 6329
f 6300 6330 6238
f 6238 6331 6332
f 6238 6333 6334
f 6322 6335 6238
f 6303 6232 2392
f 6305 6324 2392
f 6106 6104 2392
f 6010 6008 6294
f 5512 6060 6058
f 5511 5510 6082
f 5494 5493 6084
f 5435 5434 2433
f 2653 6336 6337
f 6280 6326 2653
f 6313 6273 2653
f 6327 6318 6238
f 6330 6328 6238
f 6238 6338 6331
f 6335 6333 6238
f 6325 6323 2392
f 6191 6172 6170
f 6058 6056 5512
f 6008 6006 6294
f 2333 5466 5465
f 6309 6336 2653
f 6317 6314 2653
f 6332 6290 6238
f 6276 6321 6238
f 6104 6102 2392
f 5493 5492 6084
f 5434 5433 2433
f 6297 6310 2653
f 6334 6338 6238
f 6191 6174 6172
f 6006 6004 6294
f 5512 6064 6062
f 5492 5491 6084
f 2333 5467 5466
f 6329 6319 6238
f 2656 6339 6340
f 6102 6100 2392
f 6062 6060 5512
f 6004 6002 6294
f 5491 5490 6084
f 5433 5432 2433
f 2653 6341 6238
f 6340 2653 2656
f 6191 6176 6174
f 5490 5489 6084
f 2333 5468 5467
f 2653 6342 6341
f 6340 6343 2653
f 6100 6098 2392
f 6002 6000 6294
f 5512 6068 6066
f 5489 5488 6084
f 5432 5431 2433
f 2653 6344 6342
f 6343 6345 2653
f 6191 6178 6176
f 6000 5998 6294
f 5512 6070 6068
f 6066 6064 5512
f 5488 5487 6084
f 2333 5469 5468
f 2653 6346 6344
f 6345 6347 2653
f 6098 6096 2392
f 5998 5996 6294
f 5487 5486 6084
f 5431 5430 2433
f 2653 6348 6346
f 6347 6349 2653
f 6191 6180 6178
f 5486 5485 6084
f 6294 5515 5514
f 2333 5470 5469
f 2653 6350 6348
f 6349 6351 2653
f 6096 6094 2392
f 5996 5994 6294
f 5512 6074 6072
f 5485 5484 6084
f 5514 5513 6294
f 5513 5512 6294
f 6294 5517 5516
f 5430 5429 2433
f 2653 6352 6350
f 6351 6353 2653
f 6191 6182 6180
f 5994 5992 6294
f 5512 6076 6074
f 6072 6070 5512
f 5484 5483 6084
f 5516 5515 6294
f 6294 5519 5518
f 2333 5471 5470
f 2653 6354 6352
f 6353 6355 2653
f 6094 6092 2392
f 5992 5990 6294
f 5512 6078 6076
f 5483 5482 6084
f 5518 5517 6294
f 6294 5521 5520
f 5429 5428 2433
f 2653 6356 6354
f 6355 6357 2653
f 6191 6184 6182
f 6294 5980 6190
f 5990 5988 6294
f 5512 6080 6078
f 5482 5481 6084
f 5520 5519 6294
f 6294 5523 5522
f 6294 5525 5524
f 2333 5472 5471
f 2653 6358 6356
f 6357 6359 2653
f 6092 6090 2392
f 6190 6191 6294
f 5988 5986 6294
f 5512 6082 6080
f 2333 6084 5479
f 5481 5480 6084
f 5522 5521 6294
f 6294 5526 5525
f 5524 5523 6294
f 5526 6294 2656
f 2656 5423 5529
f 2433 5424 5423
f 5428 5427 2433
f 2653 6360 6358
f 6359 6361 2653
f 6191 6186 6184
f 6294 5982 5980
f 5986 5984 6294
f 5480 5479 6084
f 6294 6339 2656
f 5423 2656 2433
f 5529 5528 2656
f 5427 5426 2433
f 2333 5474 5473
f 2653 6362 6360
f 6361 6363 2653
f 6090 6088 2392
f 6190 6188 6191
f 5479 5478 2333
f 2656 5527 5526
f 5473 5472 2333
f 5426 5425 2433
f 2653 6364 6362
f 6363 6365 2653
f 6188 6186 6191
f 5478 5477 2333
f 5984 5982 6294
f 5528 5527 2656
f 2653 6366 6364
f 6365 6367 2653
f 5425 5424 2433
f 2333 5476 5475
f 2653 6368 6366
f 6367 6369 2653
f 6088 6086 2392
f 5475 5474 2333
f 6369 6368 2653
f 5477 5476 2333
f 2333 2392 6085
f 6337 6370 2653
f 6085 6084 2333
f 6086 6085 2392
f 6307 6306 6371
f 6304 6307 6372
f 6305 6304 6373
f 6324 6305 6374
f 6325 6324 6375
f 6323 6325 6376
f 6302 6323 6377
f 6303 6302 6378
f 6232 6303 6379
f 6233 6232 6380
f 6236 6233 6381
f 6221 6236 6382
f 6222 6221 6383
f 6225 6222 6384
f 6219 6225 6385
f 6220 6219 6386
f 6217 6220 6387
f 6218 6217 6388
f 6216 6218 6389
f 6192 6216 6390
f 6193 6192 6391
f 6202 6193 6392
f 6200 6202 6393
f 6201 6200 6394
f 6224 6201 6395
f 6211 6224 6396
f 6212 6211 6397
f 6215 6212 6398
f 6209 6215 6399
f 6210 6209 6400
f 6207 6210 6401
f 6208 6207 6402
f 6230 6208 6403
f 6231 6230 6404
f 6228 6231 6405
f 6229 6228 6406
f 6223 6229 6407
f 6214 6223 6408
f 6198 6214 6409
f 6199 6198 6410
f 6206 6199 6411
f 6213 6206 6412
f 6196 6213 6413
f 6197 6196 6414
f 6205 6197 6415
f 6204 6205 6416
f 6194 6204 6417
f 6195 6194 6418
f 6203 6195 6419
f 6226 6203 6420
f 6227 6226 6421
f 6251 6227 6422
f 6242 6251 6423
f 6243 6242 6424
f 6265 6243 6425
f 6266 6265 6426
f 6279 6266 6427
f 6249 6279 6428
f 6250 6249 6429
f 6264 6250 6430
f 6292 6264 6431
f 6293 6292 6432
f 6277 6293 6433
f 6278 6277 6434
f 6247 6278 6435
f 6248 6247 6436
f 6263 6248 6437
f 6262 6263 6438
f 6245 6262 6439
f 6246 6245 6440
f 6240 6246 6441
f 6241 6240 6442
f 6234 6241 6443
f 6235 6234 6444
f 6239 6235 6445
f 6244 6239 6446
f 6237 6244 6447
f 6260 6237 6448
f 6261 6260 6449
f 6275 6261 6450
f 6276 6275 6451
f 6321 6276 6452
f 6322 6321 6453
f 6335 6322 6454
f 6333 6335 6455
f 6334 6333 6456
f 6338 6334 6457
f 6331 6338 6458
f 6332 6331 6459
f 6290 6332 6460
f 6291 6290 6461
f 6301 6291 6462
f 6288 6301 6463
f 6289 6288 6464
f 6300 6289 6465
f 6330 6300 6466
f 6328 6330 6467
f 6329 6328 6468
f 6319 6329 6469
f 6320 6319 6470
f 6327 6320 6471
f 6318 6327 6472
f 6316 6318 6473
f 6317 6316 6474
f 6314 6317 6475
f 6315 6314 6476
f 6312 6315 6477
f 6313 6312 6478
f 6273 6313 6479
f 6274 6273 6480
f 6287 6274 6481
f 6285 6287 6482
f 6286 6285 6483
f 6298 6286 6484
f 6299 6298 6485
f 6271 6299 6486
f 6272 6271 6487
f 6269 6272 6488
f 6270 6269 6489
f 6258 6270 6490
f 6259 6258 6491
f 6256 6259 6492
f 6257 6256 6493
f 6254 6257 6494
f 6255 6254 6495
f 6252 6255 6496
f 6253 6252 6497
f 6296 6253 6498
f 6297 6296 6499
f 6310 6297 6500
f 6311 6310 6501
f 6283 6311 6502
f 6284 6283 6503
f 6281 6284 6504
f 6282 6281 6505
f 6295 6282 6506
f 6267 6295 6507
f 6268 6267 6508
f 6280 6268 6509
f 6326 6280 6510
f 6308 6326 6511
f 6309 6308 6512
f 6336 6309 6513
f 6337 6336 6514
f 6370 6337 6515
f 6515 6516 6370
f 6514 6515 6337
f 6513 6514 6336
f 6512 6513 6309
f 6511 6512 6308
f 6510 6511 6326
f 6509 6510 6280
f 6508 6509 6268
f 6507 6508 6267
f 6506 6507 6295
f 6505 6506 6282
f 6504 6505 6281
f 6503 6504 6284
f 6502 6503 6283
f 6501 6502 6311
f 6500 6501 6310
f 6499 6500 6297
f 6498 6499 6296
f 6497 6498 6253
f 6496 6497 6252
f 6495 6496 6255
f 6494 6495 6254
f 6493 6494 6257
f 6492 6493 6256
f 6491 6492 6259
f 6490 6491 6258
f 6489 6490 6270
f 6488 6489 6269
f 6487 6488 6272
f 6486 6487 6271
f 6485 6486 6299
f 6484 6485 6298
f 6483 6484 6286
f 6482 6483 6285
f 6481 6482 6287
f 6480 6481 6274
f 6479 6480 6273
f 6478 6479 6313
f 6477 6478 6312
f 6476 6477 6315
f 6475 6476 6314
f 6474 6475 6317
f 6473 6474 6316
f 6472 6473 6318
f 6471 6472 6327
f 6470 6471 6320
f 6469 6470 6319
f 6468 6469 6329
f 6467 6468 6328
f 6466 6467 6330
f 6465 6466 6300
f 6464 6465 6289
f 6463 6464 6288
f 6462 6463 6301
f 6461 6462 6291
f 6460 6461 6290
f 6459 6460 6332
f 6458 6459 6331
f 6457 6458 6338
f 6456 6457 6334
f 6455 6456 6333
f 6454 6455 6335
f 6453 6454 6322
f 6452 6453 6321
f 6451 6452 6276
f 6450 6451 6275
f 6449 6450 6261
f 6448 6449 6260
f 6447 6448 6237
f 6446 6447 6244
f 6445 6446 6239
f 6444 6445 6235
f 6443 6444 6234
f 6442 6443 6241
f 6441 6442 6240
f 6440 6441 6246
f 6439 6440 6245
f 6438 6439 6262
f 6437 6438 6263
f 6436 6437 6248
f 6435 6436 6247
f 6434 6435 6278
f 6433 6434 6277
f 6432 6433 6293
f 6431 6432 6292
f 6430 6431 6264
f 6429 6430 6250
f 6428 6429 6249
f 6427 6428 6279
f 6426 6427 6266
f 6425 6426 6265
f 6424 6425 6243
f 6423 6424 6242
f 6422 6423 6251
f 6421 6422 6227
f 6420 6421 6226
f 6419 6420 6203
f 6418 6419 6195
f 6417 6418 6194
f 6416 6417 6204
f 6415 6416 6205
f 6414 6415 6197
f 6413 6414 6196
f 6412 6413 6213
f 6411 6412 6206
f 6410 6411 6199
f 6409 6410 6198
f 6408 6409 6214
f 6407 6408 6223
f 6406 6407 6229
f 6405 6406 6228
f 6404 6405 6231
f 6403 6404 6230
f 6402 6403 6208
f 6401 6402 6207
f 6400 6401 6210
f 6399 6400 6209
f 6398 6399 6215
f 6397 6398 6212
f 6396 6397 6211
f 6395 6396 6224
f 6394 6395 6201
f 6393 6394 6200
f 6392 6393 6202
f 6391 6392 6193
f 6390 6391 6192
f 6389 6390 6216
f 6388 6389 6218
f 6387 6388 6217
f 6386 6387 6220
f 6385 6386 6219
f 6384 6385 6225
f 6383 6384 6222
f 6382 6383 6221
f 6381 6382 6236
f 6380 6381 6233
f 6379 6380 6232
f 6378 6379 6303
f 6377 6378 6302
f 6376 6377 6323
f 6375 6376 6325
f 6374 6375 6324
f 6373 6374 6305
f 6372 6373 6304
f 6371 6372 6307
f 6517 6518 6238
f 6519 6517 6341
f 6520 6519 6342
f 6521 6520 6344
f 6522 6521 6346
f 6523 6522 6348
f 6524 6523 6350
f 6525 6524 6352
f 6526 6525 6354
f 6527 6526 6356
f 6528 6527 6358
f 6529 6528 6360
f 6530 6529 6362
f 6531 6530 6364
f 6532 6531 6366
f 6369 6533 6532
f 6533 6369 6367
f 6534 6367 6365
f 6535 6365 6363
f 6536 6363 6361
f 6537 6361 6359
f 6538 6359 6357
f 6539 6357 6355
f 6540 6355 6353
f 6541 6353 6351
f 6542 6351 6349
f 6543 6349 6347
f 6544 6347 6345
f 6545 6345 6343
f 6546 6343 6340
f 6547 6340 6339
f 6294 6548 6339
f 6339 6548 6547
f 6340 6547 6546
f 6343 6546 6545
f 6345 6545 6544
f 6347 6544 6543
f 6349 6543 6542
f 6351 6542 6541
f 6353 6541 6540
f 6355 6540 6539
f 6357 6539 6538
f 6359 6538 6537
f 6361 6537 6536
f 6363 6536 6535
f 6365 6535 6534
f 6367 6534 6533
f 6532 6368 6369
f 6366 6368 6532
f 6364 6366 6531
f 6362 6364 6530
f 6360 6362 6529
f 6358 6360 6528
f 6356 6358 6527
f 6354 6356 6526
f 6352 6354 6525
f 6350 6352 6524
f 6348 6350 6523
f 6346 6348 6522
f 6344 6346 6521
f 6342 6344 6520
f 6341 6342 6519
f 6238 6341 6517
f 6238 6518 6191
f 6522 6524 6525
f 6517 6535 6536
f 6522 6526 6527
f 6522 6523 6524
f 6517 6534 6535
f 6520 6529 6530
f 6525 6526 6522
f 6528 6520 6521
f 6517 6545 6546
f 6517 6539 6540
f 6517 6537 6538
f 6517 6533 6534
f 6520 6528 6529
f 6521 6522 6528
f 6517 6544 6545
f 6517 6542 6543
f 6540 6541 6517
f 6536 6537 6517
f 6517 6531 6532
f 6527 6528 6522
f 6531 6517 6519
f 6546 6547 6517
f 6541 6542 6517
f 6532 6533 6517
f 6519 6520 6531
f 6543 6544 6517
f 6530 6531 6520
f 6538 6539 6517
f 6548 6518 6517
f 6548 6191 6518
f 6547 6548 6517
f 6548 6294 6191
f 6549 6550 5833
f 6551 6552 5834
f 5764 5763 6467
f 5832 6553 6549
f 5833 6550 6551
f 6467 6466 5764
f 5765 5764 6465
f 6463 5766 5765
f 5831 6554 6553
f 5834 5833 6551
f 6555 6556 5835
f 6468 5763 5762
f 6465 6464 5765
f 5765 6464 6463
f 6557 6554 5831
f 5833 5832 6549
f 5834 6552 6555
f 5762 6469 6468
f 6463 6462 5766
f 6461 5767 5766
f 5830 6558 6557
f 5835 5834 6555
f 6470 5762 5761
f 6466 6465 5764
f 5766 6462 6461
f 6559 6558 5830
f 6553 5832 5831
f 5835 6556 6560
f 5761 6471 6470
f 6461 6460 5767
f 5829 6561 6559
f 6560 5836 5835
f 6562 6563 5837
f 6468 6467 5763
f 5768 5767 6460
f 5828 6564 6561
f 5831 5830 6557
f 5836 6560 6562
f 5761 5760 6472
f 6460 6459 5768
f 6458 5769 5768
f 5828 6565 6564
f 5837 5836 6562
f 6566 6567 5838
f 6473 5760 5759
f 6470 6469 5762
f 5768 6459 6458
f 5830 5829 6559
f 5837 6563 6566
f 5759 6474 6473
f 6458 6457 5769
f 6456 5770 5769
f 5827 6568 6565
f 5838 5837 6566
f 6475 5759 5758
f 6472 6471 5761
f 5769 6457 6456
f 6569 6568 5827
f 6561 5829 5828
f 5838 6567 6570
f 5758 6476 6475
f 6456 6455 5770
f 5771 5770 6455
f 5826 6571 6569
f 6570 5839 5838
f 5839 6572 6573
f 6473 6472 5760
f 6455 6454 5771
f 6574 6571 5826
f 6565 5828 5827
f 5839 6570 6572
f 5758 5757 6477
f 6454 6453 5771
f 5825 6575 6574
f 6573 5840 5839
f 6576 6577 5841
f 6478 5757 5756
f 6475 6474 5759
f 5772 5771 6453
f 5824 6578 6575
f 5827 5826 6569
f 5840 6573 6576
f 5756 6479 6478
f 6453 6452 5772
f 6451 5773 5772
f 5824 6579 6578
f 5841 5840 6576
f 6580 6581 5842
f 6480 5756 5755
f 6477 6476 5758
f 5772 6452 6451
f 5826 5825 6574
f 5841 6577 6580
f 5755 6481 6480
f 6451 6450 5773
f 6449 5774 5773
f 5823 6582 6579
f 5842 5841 6580
f 6478 6477 5757
f 5773 6450 6449
f 6583 6582 5823
f 6575 5825 5824
f 5842 6581 6584
f 5755 5754 6482
f 6449 6448 5774
f 5822 6585 6583
f 6584 5843 5842
f 6586 6587 5844
f 6483 5754 5753
f 6480 6479 5756
f 5775 5774 6448
f 6588 6585 5822
f 6579 5824 5823
f 5843 6584 6586
f 5753 6484 6483
f 6448 6447 5775
f 6446 5776 5775
f 5821 6589 6588
f 5844 5843 6586
f 6590 6591 5845
f 6485 5753 5752
f 6482 6481 5755
f 5775 6447 6446
f 6592 6589 5821
f 5823 5822 6583
f 5844 6587 6590
f 5752 6486 6485
f 6446 6445 5776
f 6444 5777 5776
f 5820 6593 6592
f 5845 5844 6590
f 6483 6482 5754
f 5776 6445 6444
f 5822 5821 6588
f 5845 6591 6594
f 5752 5751 6487
f 6444 6443 5777
f 6442 5778 5777
f 5819 6595 6593
f 6594 5846 5845
f 6596 6597 5847
f 6488 5751 5750
f 6485 6484 5753
f 5777 6443 6442
f 6598 6595 5819
f 5821 5820 6592
f 5846 6594 6596
f 5750 6489 6488
f 6442 6441 5778
f 5818 6371 6598
f 5847 5846 6596
f 6599 6600 5848
f 6490 5750 5749
f 6487 6486 5752
f 5779 5778 6441
f 6372 6371 5818
f 6593 5820 5819
f 5847 6597 6599
f 5749 6491 6490
f 6441 6440 5779
f 6439 5780 5779
f 5817 6373 6372
f 5848 5847 6599
f 6492 5749 5748
f 6488 6487 5751
f 5779 6440 6439
f 6374 6373 5817
f 5819 5818 6598
f 5848 6600 6601
f 5748 6493 6492
f 6439 6438 5780
f 6437 5781 5780
f 5816 6375 6374
f 6601 5849 5848
f 6602 6603 5850
f 6490 6489 5750
f 5780 6438 6437
f 5818 5817 6372
f 5849 6601 6602
f 6493 5748 5747
f 6437 6436 5781
f 6435 5782 5781
f 5815 6376 6375
f 5850 5849 6602
f 6604 6605 5851
f 6495 5747 5746
f 6492 6491 5749
f 5781 6436 6435
f 6377 6376 5815
f 5817 5816 6374
f 5850 6603 6604
f 5746 6496 6495
f 6435 6434 5782
f 5814 6378 6377
f 5851 5850 6604
f 6497 5746 5745
f 5747 6494 6493
f 5783 5782 6434
f 6379 6378 5814
f 6375 5816 5815
f 6606 5852 5851
f 5745 6498 6497
f 6434 6433 5783
f 6432 5784 5783
f 5813 6380 6379
f 5851 6605 6606
f 6607 6608 5853
f 6495 6494 5747
f 5783 6433 6432
f 6381 6380 5813
f 5815 5814 6377
f 5852 6606 6607
f 6498 5745 5744
f 6432 6431 5784
f 6430 5785 5784
f 5812 6382 6381
f 5853 5852 6607
f 6609 6610 5854
f 6500 5744 5743
f 6497 6496 5746
f 5784 6431 6430
f 5814 5813 6379
f 5853 6608 6609
f 5743 6501 6500
f 6430 6429 5785
f 6428 5786 5785
f 5811 6383 6382
f 5854 5853 6609
f 6611 6612 5855
f 6502 5743 5742
f 5744 6499 6498
f 5785 6429 6428
f 6384 6383 5811
f 5813 5812 6381
f 5854 6610 6611
f 5742 6503 6502
f 6428 6427 5786
f 5810 6385 6384
f 5855 5854 6611
f 6500 6499 5744
f 6426 5787 5786
f 6386 6385 5810
f 6382 5812 5811
f 6612 6613 5856
f 6503 5742 5741
f 5786 6427 6426
f 6425 5788 5787
f 5809 6387 6386
f 5856 5855 6612
f 6614 6615 5857
f 6505 5741 5740
f 6502 6501 5743
f 5787 6426 6425
f 6388 6387 5809
f 5811 5810 6384
f 5856 6613 6614
f 5740 6506 6505
f 6425 6424 5788
f 6423 5789 5788
f 5808 6389 6388
f 5857 5856 6614
f 6616 6617 5858
f 6507 5740 5739
f 5741 6504 6503
f 5788 6424 6423
f 5810 5809 6386
f 5857 6615 6616
f 5739 6508 6507
f 6423 6422 5789
f 6421 5790 5789
f 6390 6389 5808
f 5858 5857 6616
f 6505 6504 5741
f 5789 6422 6421
f 6391 6390 5807
f 5809 5808 6388
f 6617 6618 5859
f 6508 5739 5738
f 6421 6420 5790
f 5806 6392 6391
f 5859 5858 6617
f 6619 6620 5860
f 6510 5738 5737
f 6507 6506 5740
f 6419 5791 5790
f 6393 6392 5806
f 5808 5807 6390
f 5859 6618 6619
f 5737 6511 6510
f 5790 6420 6419
f 6418 5792 5791
f 5805 6394 6393
f 5860 5859 6619
f 6621 6622 5861
f 6512 5737 5736
f 5738 6509 6508
f 5791 6419 6418
f 6395 6394 5805
f 5807 5806 6391
f 5860 6620 6621
f 5736 6513 6512
f 6418 6417 5792
f 6416 5793 5792
f 5804 6396 6395
f 5861 5860 6621
f 6510 6509 5738
f 5792 6417 6416
f 5806 5805 6393
f 6622 6623 5862
f 6513 5736 5735
f 6416 6415 5793
f 6414 5794 5793
f 6397 6396 5804
f 5862 5861 6622
f 6624 6625 5863
f 6515 5735 5734
f 6512 6511 5737
f 5793 6415 6414
f 6398 6397 5803
f 5805 5804 6395
f 5862 6623 6624
f 5734 6516 6515
f 6414 6413 5794
f 5802 6399 6398
f 5863 5862 6624
f 6626 5864 5863
f 6627 6516 5734
f 5735 6514 6513
f 6412 5795 5794
f 6400 6399 5802
f 5804 5803 6397
f 5863 6625 6626
f 5733 6628 6627
f 5794 6413 6412
f 6411 6410 5796
f 5801 6401 6400
f 6626 6629 5864
f 6630 5867 5866
f 6630 6631 5730
f 6515 6514 5735
f 5795 6412 6411
f 6402 6401 5801
f 5803 5802 6398
f 6629 6632 5865
f 6633 6634 5866
f 5730 5867 6630
f 6631 6635 5731
f 6628 5733 5732
f 5796 5795 6411
f 6409 5797 5796
f 5800 6403 6402
f 5865 5864 6629
f 5865 6632 6633
f 5731 5730 6631
f 6636 5732 5731
f 5734 5733 6627
f 5796 6410 6409
f 5802 5801 6400
f 5866 6634 6630
f 5731 6635 6636
f 6409 6408 5797
f 6407 5798 5797
f 6404 6403 5800
f 5866 5865 6633
f 5732 6637 6628
f 5797 6408 6407
f 5801 5800 6402
f 6407 6406 5798
f 6405 5799 5798
f 6636 6637 5732
f 5798 6406 6405
f 6405 6404 5799
f 5800 5799 6404
f 6638 6639 6625
f 6640 6638 6624
f 6641 6640 6623
f 6642 6641 6622
f 6643 6642 6621
f 6644 6643 6620
f 6645 6644 6619
f 6646 6645 6618
f 6647 6646 6617
f 6648 6647 6616
f 6649 6648 6615
f 6650 6649 6614
f 6651 6650 6613
f 6652 6651 6612
f 6653 6652 6611
f 6654 6653 6610
f 6655 6654 6609
f 6656 6655 6608
f 6657 6656 6607
f 6658 6657 6606
f 6659 6658 6605
f 6660 6659 6604
f 6661 6660 6603
f 6662 6661 6602
f 6663 6662 6601
f 6664 6663 6600
f 6665 6664 6599
f 6666 6665 6597
f 6597 6596 6666
f 6599 6597 6665
f 6600 6599 6664
f 6601 6600 6663
f 6602 6601 6662
f 6603 6602 6661
f 6604 6603 6660
f 6605 6604 6659
f 6606 6605 6658
f 6607 6606 6657
f 6608 6607 6656
f 6609 6608 6655
f 6610 6609 6654
f 6611 6610 6653
f 6612 6611 6652
f 6613 6612 6651
f 6614 6613 6650
f 6615 6614 6649
f 6616 6615 6648
f 6617 6616 6647
f 6618 6617 6646
f 6619 6618 6645
f 6620 6619 6644
f 6621 6620 6643
f 6622 6621 6642
f 6623 6622 6641
f 6624 6623 6640
f 6625 6624 6638
f 6667 6664 6665
f 6667 6657 6658
f 6667 6651 6652
f 6667 6646 6647
f 6667 6644 6645
f 6667 6663 6664
f 6667 6661 6662
f 6658 6659 6667
f 6667 6653 6654
f 6667 6650 6651
f 6667 6648 6649
f 6645 6646 6667
f 6667 6642 6643
f 6667 6638 6640
f 6662 6663 6667
f 6659 6660 6667
f 6652 6653 6667
f 6647 6648 6667
f 6667 6641 6642
f 6667 6639 6638
f 6660 6661 6667
f 6667 6655 6656
f 6649 6650 6667
f 6640 6641 6667
f 6656 6657 6667
f 6643 6644 6667
f 6654 6655 6667
f 6665 6666 6667
f 922 2391 2390
f 922 2389 2391
f 922 2388 2389
f 922 2387 2388
f 922 2386 2387
f 922 2385 2386
f 922 2384 2385
f 922 2383 2384
f 922 2382 2383
f 922 2381 2382
f 922 2380 2381
f 922 2379 2380
f 922 2378 2379
f 922 2377 2378
f 922 2376 2377
f 922 6668 2375
f 2375 2376 922
f 6668 2373 2375
f 6668 2374 2373
f 6668 2240 2374
f 6668 2242 2240
f 6668 2244 2242
f 6668 2246 2244
f 6668 2248 2246
f 6668 2250 2248
f 6668 2252 2250
f 6668 2254 2252
f 6668 2256 2254
f 6668 2258 2256
f 6668 2260 2258
f 6668 2262 2260
f 6668 2264 2262
f 6668 2266 2264
f 6668 2268 2266
f 6668 2270 2268
f 6668 2272 2270
f 6668 2274 2272
f 6668 2276 2274
f 6668 2278 2276
f 6668 2280 2278
f 6668 2282 2280
f 6668 2284 2282
f 6668 2286 2284
f 6668 2288 2286
f 6668 2290 2288
f 6668 2292 2290
f 6668 2294 2292
f 6668 2296 2294
f 6668 2298 2296
f 6668 2300 2298
f 6668 2302 2300
f 6668 2304 2302
f 6668 2306 2304
f 6668 2308 2306
f 6371 2310 2308
f 2308 6668 6371
f 6371 2312 2310
f 6371 2314 2312
f 6371 2316 2314
f 6371 2318 2316
f 6371 2320 2318
f 6371 2322 2320
f 6371 2324 2322
f 6371 2326 2324
f 6371 2328 2326
f 6306 2330 2328
f 2328 6371 6306
f 6306 2332 2330
f 4893 6667 6596
f 6306 2334 2332
f 922 4893 6669
f 6667 6666 6596
f 6306 2392 2334
f 6596 6669 4893
f 6669 6668 922
f 2390 2161 922
f 6371 6668 6670
f 6598 6670 6671
f 6595 6671 6672
f 6593 6672 6673
f 6592 6673 6674
f 6589 6674 6675
f 6588 6675 6676
f 6585 6676 6677
f 6583 6677 6678
f 6582 6678 6679
f 6579 6679 6680
f 6578 6680 6681
f 6575 6681 6682
f 6574 6682 6683
f 6571 6683 6684
f 6569 6684 6685
f 6568 6685 6686
f 6565 6686 6687
f 6564 6687 6688
f 6561 6688 6689
f 6559 6689 6690
f 6558 6690 6691
f 6557 6691 6692
f 6554 6692 6693
f 6553 6693 6694
f 6549 6694 6695
f 6550 6695 6696
f 6551 6696 6697
f 6552 6697 6698
f 6555 6698 6699
f 6556 6699 6700
f 6560 6700 6701
f 6562 6701 6702
f 6563 6702 6703
f 6566 6703 6704
f 6567 6704 6705
f 6570 6705 6706
f 6572 6706 6707
f 6573 6707 6708
f 6576 6708 6709
f 6577 6709 6710
f 6580 6710 6711
f 6581 6711 6712
f 6584 6712 6713
f 6586 6713 6714
f 6587 6714 6715
f 6590 6715 6716
f 6591 6716 6717
f 6594 6717 6669
f 6669 6596 6594
f 6717 6594 6591
f 6716 6591 6590
f 6715 6590 6587
f 6714 6587 6586
f 6713 6586 6584
f 6712 6584 6581
f 6711 6581 6580
f 6710 6580 6577
f 6709 6577 6576
f 6708 6576 6573
f 6707 6573 6572
f 6706 6572 6570
f 6705 6570 6567
f 6704 6567 6566
f 6703 6566 6563
f 6702 6563 6562
f 6701 6562 6560
f 6700 6560 6556
f 6699 6556 6555
f 6698 6555 6552
f 6697 6552 6551
f 6696 6551 6550
f 6695 6550 6549
f 6694 6549 6553
f 6693 6553 6554
f 6692 6554 6557
f 6691 6557 6558
f 6690 6558 6559
f 6689 6559 6561
f 6688 6561 6564
f 6687 6564 6565
f 6686 6565 6568
f 6685 6568 6569
f 6684 6569 6571
f 6683 6571 6574
f 6682 6574 6575
f 6681 6575 6578
f 6680 6578 6579
f 6679 6579 6582
f 6678 6582 6583
f 6677 6583 6585
f 6676 6585 6588
f 6675 6588 6589
f 6674 6589 6592
f 6673 6592 6593
f 6672 6593 6595
f 6671 6595 6598
f 6670 6598 6371
f 6680 6712 6711
f 6711 6710 6680
f 6680 6714 6713
f 6680 6717 6716
f 6697 6682 6681
f 6697 6694 6693
f 6697 6696 6695
f 6680 6709 6708
f 6713 6712 6680
f 6716 6715 6680
f 6697 6683 6682
f 6697 6685 6684
f 6697 6689 6688
f 6697 6692 6691
f 6695 6694 6697
f 6708 6707 6680
f 6715 6714 6680
f 6669 6672 6671
f 6684 6683 6697
f 6697 6687 6686
f 6697 6690 6689
f 6693 6692 6697
f 6680 6699 6698
f 6680 6706 6705
f 6710 6709 6680
f 6671 6670 6669
f 6669 6674 6673
f 6686 6685 6697
f 6691 6690 6697
f 6680 6700 6699
f 6680 6702 6701
f 6680 6704 6703
f 6707 6706 6680
f 6673 6672 6669
f 6669 6676 6675
f 6669 6678 6677
f 6669 6680 6679
f 6688 6687 6697
f 6701 6700 6680
f 6705 6704 6680
f 6675 6674 6669
f 6679 6678 6669
f 6698 6697 6680
f 6680 6669 6717
f 6677 6676 6669
f 6703 6702 6680
f 6681 6680 6697
f 6670 6668 6669
f 2658 2653 6516
f 6667 6718 6625
f 4893 2658 6718
f 2653 6370 6516
f 6718 6667 4893
f 6625 6639 6667
f 6516 6719 2658
f 6719 6718 2658
f 6625 6718 6720
f 6626 6720 6721
f 6629 6721 6722
f 6632 6722 6723
f 6633 6723 6724
f 6634 6724 6725
f 6630 6725 6726
f 6631 6726 6727
f 6635 6727 6728
f 6636 6728 6729
f 6637 6729 6730
f 6628 6730 6731
f 6627 6731 6719
f 6719 6516 6627
f 6731 6627 6628
f 6730 6628 6637
f 6729 6637 6636
f 6728 6636 6635
f 6727 6635 6631
f 6726 6631 6630
f 6725 6630 6634
f 6724 6634 6633
f 6723 6633 6632
f 6722 6632 6629
f 6721 6629 6626
f 6720 6626 6625
f 6723 6726 6725
f 6723 6728 6727
f 6727 6726 6723
f 6723 6730 6729
f 6719 6721 6720
f 6719 6723 6722
f 6729 6728 6723
f 6723 6719 6731
f 6722 6721 6719
f 6731 6730 6723
f 6725 6724 6723
f 6720 6718 6719
