# 
# Wavefront OBJ file
# Created with Kaydara FBX
# 
mtllib kuciste_za_motor_gornji_deo.mtl

g kuciste_za_motor_gornji_deo
v -52.000000 -31.750000 95.000000
v -62.193748 -31.750000 95.000000
v -62.193973 -31.749005 95.073979
v -52.000000 -31.746036 95.147611
v -52.000000 -31.734154 95.294796
v -62.194642 -31.746036 95.147611
v -62.195758 -31.741075 95.221376
v -52.000000 -31.714388 95.441131
v -62.197311 -31.734154 95.294796
v -62.199304 -31.725248 95.368135
v -52.000000 -31.686797 95.586194
v -62.201725 -31.714388 95.441131
v -62.204570 -31.701569 95.513834
v -52.000000 -31.651458 95.729567
v -62.210568 -31.674330 95.640671
v -62.213458 -31.661097 95.693588
v -62.207830 -31.686797 95.586194
v -52.000000 -31.608475 95.870837
v -62.215554 -31.651458 95.729567
v -62.219988 -31.630951 95.800374
v -52.000000 -31.557971 96.009596
v -62.224805 -31.608475 95.870837
v -62.229979 -31.584107 95.940686
v -52.000000 -31.500092 96.145444
v -62.235472 -31.557971 96.009596
v -62.241307 -31.529901 96.078008
v -52.000000 -31.435004 96.277989
v -62.247430 -31.500092 96.145444
v -62.253854 -31.468414 96.212201
v -52.000000 -31.362896 96.406849
v -62.260536 -31.435004 96.277989
v -62.267473 -31.399816 96.342902
v -52.000000 -31.283974 96.531653
v -62.274638 -31.362894 96.406852
v -62.276785 -31.351714 96.425462
v -62.283105 -31.318476 96.478909
v -52.000000 -31.198468 96.652041
v -62.289567 -31.283974 96.531653
v -62.297277 -31.242094 96.592331
v -52.000000 -31.106622 96.767666
v -62.305151 -31.198468 96.652041
v -62.313140 -31.153272 96.710532
v -52.000000 -31.008703 96.878194
v -62.321207 -31.106622 96.767666
v -62.332216 -31.041189 96.842837
v -52.000000 -30.904992 96.983307
v -62.337549 -31.008703 96.878194
v -62.345774 -30.957517 96.931483
v -52.000000 -30.795788 97.082701
v -62.353987 -30.904992 96.983307
v -62.362183 -30.851060 97.033735
v -52.000000 -30.681407 97.176090
v -62.370333 -30.795788 97.082701
v -62.379794 -30.729365 97.138176
v -52.000000 -30.562178 97.263206
v -62.386399 -30.681407 97.176090
v -62.394256 -30.622470 97.220381
v -52.000000 -30.438445 97.343795
v -62.402000 -30.562178 97.263206
v -62.409564 -30.500908 97.304295
v -52.000000 -30.310564 97.417627
v -62.419489 -30.416439 97.357159
v -62.425382 -30.363773 97.388017
v -62.416959 -30.438448 97.343794
v -52.000000 -30.178905 97.484489
v -62.431107 -30.310564 97.417627
v -62.437831 -30.245132 97.451968
v -52.000000 -30.043846 97.544187
v -62.444283 -30.178905 97.484489
v -62.451275 -30.102611 97.519275
v -52.000000 -29.905778 97.596549
v -62.456339 -30.043846 97.544187
v -62.461900 -29.975211 97.571277
v -52.000000 -29.765098 97.641425
v -62.467139 -29.905778 97.596549
v -62.471256 -29.847211 97.616244
v -62.475127 -29.788160 97.634635
v -52.000000 -29.622212 97.678685
v -62.476563 -29.765098 97.641425
v -62.480716 -29.694058 97.660974
v -52.000000 -29.477532 97.708221
v -62.484504 -29.622212 97.678685
v -62.487897 -29.549939 97.694451
v -52.000000 -29.331476 97.729949
v -62.491046 -29.473050 97.709008
v -62.493524 -29.402325 97.720411
v -62.490875 -29.477533 97.708221
v -52.000000 -29.184464 97.743806
v -62.495604 -29.331476 97.729949
v -62.497336 -29.258035 97.737867
v -52.000000 -29.036919 97.749752
v -62.499005 -29.157717 97.745474
v -62.499621 -29.097362 97.748276
v -62.498639 -29.184465 97.743806
v -62.499946 -28.963160 97.749753
v -62.499510 -28.889269 97.747770
v -62.499945 -29.036919 97.749752
v -52.000000 -28.889269 97.747770
v -62.499005 -28.842283 97.745474
v -62.497336 -28.741937 97.737865
v -52.000000 -28.741937 97.737865
v -62.495601 -28.668392 97.729933
v -62.493449 -28.595350 97.720066
v -52.000000 -28.595350 97.720066
v -62.491046 -28.526950 97.709008
v -62.487891 -28.449929 97.694424
v -52.000000 -28.449929 97.694424
v -62.484502 -28.377738 97.678673
v -62.480725 -28.306095 97.661014
v -52.000000 -28.306095 97.661014
v -62.475132 -28.211919 97.634659
v -62.472030 -28.164261 97.619931
v -52.000000 -28.164261 97.619931
v -62.467143 -28.094275 97.596567
v -62.461904 -28.024837 97.571295
v -52.000000 -28.024837 97.571295
v -62.451271 -27.897341 97.519254
v -62.450460 -27.888224 97.515244
v -62.456734 -27.960874 97.546118
v -52.000000 -27.888224 97.515244
v -62.444275 -27.821009 97.484447
v -62.437826 -27.754817 97.451942
v -52.000000 -27.754817 97.451942
v -62.431097 -27.689336 97.417573
v -62.424145 -27.625000 97.381570
v -52.000000 -27.625000 97.381570
v -62.419489 -27.583561 97.357159
v -62.409571 -27.499148 97.304331
v -52.000000 -27.499148 97.304331
v -62.401999 -27.437819 97.263204
v -62.394268 -27.377623 97.220448
v -52.000000 -27.377623 97.220448
v -62.379781 -27.270541 97.138100
v -62.378413 -27.260775 97.130164
v -62.387085 -27.323657 97.179994
v -52.000000 -27.260775 97.130164
v -62.370345 -27.204293 97.082771
v -62.362184 -27.148943 97.033737
v -52.000000 -27.148943 97.033737
v -62.353986 -27.095001 96.983300
v -62.345768 -27.042447 96.931447
v -52.000000 -27.042447 96.931447
v -62.332182 -26.958606 96.842610
v -62.329354 -26.941595 96.823587
v -62.338976 -27.000084 96.887547
v -52.000000 -26.941595 96.823587
v -62.321201 -26.893342 96.767623
v -62.313132 -26.846679 96.710470
v -52.000000 -26.846679 96.710470
v -62.305151 -26.801532 96.652041
v -62.297289 -26.757971 96.592421
v -52.000000 -26.757971 96.592421
v -62.289573 -26.716056 96.531698
v -62.282009 -26.675727 96.469781
v -52.000000 -26.675727 96.469781
v -62.276785 -26.648286 96.425462
v -62.267473 -26.600185 96.342903
v -52.000000 -26.600185 96.342903
v -62.260549 -26.565057 96.278105
v -62.253849 -26.531562 96.212153
v -52.000000 -26.531562 96.212153
v -62.247420 -26.499858 96.145333
v -62.241298 -26.470057 96.077908
v -52.000000 -26.470057 96.077908
v -62.235467 -26.442004 96.009534
v -62.229969 -26.415845 95.940555
v -52.000000 -26.415845 95.940555
v -62.224804 -26.391521 95.870825
v -62.219995 -26.369085 95.800491
v -52.000000 -26.369085 95.800491
v -62.213457 -26.338899 95.693572
v -62.211495 -26.329910 95.658118
v -62.216662 -26.353651 95.747888
v -52.000000 -26.329910 95.658118
v -62.207835 -26.313224 95.586288
v -62.204570 -26.298434 95.513848
v -52.000000 -26.298434 95.513848
v -62.201731 -26.285636 95.441279
v -62.199303 -26.274747 95.368096
v -52.000000 -26.274747 95.368096
v -62.197308 -26.265832 95.294657
v -62.195756 -26.258917 95.221283
v -52.000000 -26.258917 95.221283
v -62.194641 -26.253959 95.147518
v -62.193972 -26.250991 95.073832
v -52.000000 -26.250991 95.073832
v -62.193748 -26.250000 94.999960
v -52.000000 -26.250991 94.926168
v -52.000000 -26.258917 94.778717
v -62.193972 -26.250991 94.926168
v -62.194642 -26.253964 94.852403
v -52.000000 -26.274747 94.631904
v -62.195756 -26.258917 94.778717
v -62.197310 -26.265839 94.705271
v -52.000000 -26.298434 94.486152
v -62.199303 -26.274747 94.631904
v -62.201721 -26.285592 94.558988
v -52.000000 -26.329910 94.341882
v -62.204570 -26.298434 94.486152
v -62.207835 -26.313225 94.413707
v -52.000000 -26.369085 94.199509
v -62.211495 -26.329910 94.341882
v -62.213536 -26.339259 94.305049
v -62.216665 -26.353662 94.252074
v -52.000000 -26.415845 94.059445
v -62.219995 -26.369085 94.199509
v -62.224809 -26.391544 94.129107
v -52.000000 -26.470057 93.922092
v -62.229969 -26.415845 94.059445
v -62.235473 -26.442031 93.990399
v -52.000000 -26.531562 93.787847
v -62.241298 -26.470057 93.922092
v -62.247426 -26.499888 93.854601
v -52.000000 -26.600185 93.657097
v -62.253849 -26.531562 93.787847
v -62.260527 -26.564948 93.722103
v -52.000000 -26.675727 93.530219
v -62.267473 -26.600185 93.657097
v -62.276785 -26.648286 93.574538
v -52.000000 -26.757971 93.407579
v -62.282009 -26.675727 93.530219
v -62.289579 -26.716090 93.468250
v -52.000000 -26.846679 93.289530
v -62.297289 -26.757971 93.407579
v -62.305157 -26.801569 93.347910
v -52.000000 -26.941595 93.176413
v -62.313132 -26.846679 93.289530
v -62.321208 -26.893381 93.232330
v -52.000000 -27.042447 93.068553
v -62.332216 -26.958811 93.157163
v -62.338981 -27.000112 93.112422
v -62.329354 -26.941596 93.176412
v -52.000000 -27.148943 92.966263
v -62.345768 -27.042447 93.068553
v -62.353976 -27.094932 93.016766
v -52.000000 -27.260775 92.869836
v -62.362184 -27.148943 92.966263
v -62.370326 -27.204160 92.917343
v -52.000000 -27.377623 92.779552
v -62.379794 -27.270635 92.861824
v -62.387091 -27.323699 92.819974
v -62.378412 -27.260775 92.869837
v -52.000000 -27.499148 92.695669
v -62.394268 -27.377623 92.779552
v -62.402006 -27.437872 92.736760
v -52.000000 -27.625000 92.618430
v -62.409571 -27.499148 92.695669
v -62.419489 -27.583561 92.642841
v -52.000000 -27.754817 92.548058
v -62.424145 -27.625000 92.618430
v -62.431102 -27.689393 92.582396
v -52.000000 -27.888224 92.484756
v -62.437826 -27.754817 92.548058
v -62.444274 -27.821001 92.515556
v -52.000000 -28.024837 92.428705
v -62.451275 -27.897389 92.480725
v -62.456716 -27.960659 92.453970
v -62.450460 -27.888222 92.484756
v -52.000000 -28.164261 92.380069
v -62.461904 -28.024837 92.428705
v -62.467148 -28.094346 92.403408
v -52.000000 -28.306095 92.338986
v -62.472030 -28.164261 92.380069
v -62.475132 -28.211919 92.365341
v -52.000000 -28.449929 92.305576
v -62.480725 -28.306095 92.338986
v -62.484506 -28.377811 92.321310
v -52.000000 -28.595350 92.279934
v -62.487891 -28.449929 92.305576
v -62.491046 -28.526950 92.290992
v -52.000000 -28.741937 92.262135
v -62.493449 -28.595350 92.279934
v -62.495602 -28.668441 92.270061
v -52.000000 -28.889269 92.252230
v -62.497336 -28.741937 92.262135
v -62.499005 -28.842283 92.254526
v -52.000000 -29.000000 92.250000
v -62.499510 -28.889269 92.252230
v -62.499945 -29.036919 92.250248
v -52.000000 -29.036919 92.250248
v -62.499946 -28.963197 92.250246
v -62.499005 -29.157732 92.254527
v -62.498639 -29.184464 92.256194
v -62.499620 -29.097415 92.251726
v -52.000000 -29.184464 92.256194
v -62.497335 -29.258113 92.262140
v -62.495604 -29.331476 92.270051
v -52.000000 -29.331476 92.270051
v -62.491045 -29.473059 92.290994
v -62.490875 -29.477532 92.291779
v -62.493521 -29.402397 92.279600
v -52.000000 -29.477532 92.291779
v -62.487893 -29.550016 92.305564
v -62.484504 -29.622212 92.321315
v -52.000000 -29.622212 92.321315
v -62.480731 -29.693799 92.338958
v -62.476563 -29.765101 92.358576
v -52.000000 -29.765098 92.358575
v -62.471256 -29.847216 92.383757
v -62.467139 -29.905778 92.403451
v -62.475132 -29.788081 92.365341
v -52.000000 -29.905778 92.403451
v -62.461895 -29.975275 92.428748
v -62.456339 -30.043846 92.455813
v -52.000000 -30.043846 92.455813
v -62.451275 -30.102611 92.480725
v -62.444283 -30.178905 92.515511
v -52.000000 -30.178905 92.515511
v -62.437825 -30.245192 92.548063
v -62.431107 -30.310564 92.582373
v -52.000000 -30.310564 92.582373
v -62.419473 -30.416581 92.642926
v -62.416959 -30.438445 92.656205
v -62.425378 -30.363813 92.612006
v -52.000000 -30.438445 92.656205
v -62.409581 -30.500770 92.695615
v -62.402000 -30.562178 92.736794
v -52.000000 -30.562178 92.736794
v -62.394270 -30.622362 92.779540
v -62.386399 -30.681407 92.823910
v -52.000000 -30.681407 92.823910
v -62.379794 -30.729365 92.861824
v -62.370333 -30.795788 92.917299
v -52.000000 -30.795788 92.917299
v -62.362177 -30.851105 92.966306
v -62.353987 -30.904992 93.016693
v -52.000000 -30.904992 93.016693
v -62.345767 -30.957559 93.068560
v -62.337549 -31.008703 93.121806
v -52.000000 -31.008703 93.121806
v -62.332216 -31.041189 93.157163
v -52.000000 -31.106622 93.232334
v -62.321207 -31.106622 93.232334
v -62.313143 -31.153258 93.289450
v -62.305151 -31.198468 93.347959
v -52.000000 -31.198468 93.347959
v -62.297302 -31.241956 93.407476
v -62.289567 -31.283974 93.468347
v -52.000000 -31.283974 93.468347
v -62.276745 -31.351919 93.574876
v -62.274637 -31.362896 93.593151
v -62.283100 -31.318502 93.521132
v -52.000000 -31.362896 93.593151
v -62.267466 -31.399848 93.657156
v -62.260536 -31.435004 93.722011
v -52.000000 -31.435004 93.722011
v -62.253848 -31.468443 93.787858
v -62.247430 -31.500092 93.854556
v -52.000000 -31.500092 93.854556
v -62.241302 -31.529927 93.922053
v -62.235472 -31.557971 93.990404
v -52.000000 -31.557971 93.990404
v -62.229976 -31.584122 94.059354
v -62.224805 -31.608475 94.129163
v -52.000000 -31.608475 94.129163
v -62.220005 -31.630871 94.199364
v -62.215554 -31.651458 94.270433
v -52.000000 -31.651458 94.270433
v -62.210566 -31.674335 94.359349
v -62.207830 -31.686797 94.413806
v -62.213536 -31.660741 94.305049
v -52.000000 -31.686797 94.413806
v -62.204568 -31.701576 94.486202
v -62.201725 -31.714388 94.558869
v -52.000000 -31.714388 94.558869
v -62.199303 -31.725253 94.631901
v -62.197311 -31.734154 94.705204
v -52.000000 -31.734154 94.705204
v -62.195757 -31.741078 94.778661
v -62.194642 -31.746036 94.852389
v -52.000000 -31.746036 94.852389
v -62.193973 -31.749006 94.926058
v -60.000000 -21.499999 100.000000
v -60.000000 -21.499999 90.000000
v -60.186061 -21.754714 90.000000
v -60.186061 -21.754714 100.000000
v -60.365635 -22.014042 90.000000
v -60.365635 -22.014042 100.000000
v -60.538609 -22.277819 90.000000
v -60.538609 -22.277819 100.000000
v -60.704872 -22.545877 90.000000
v -60.704872 -22.545877 100.000000
v -60.864319 -22.818044 90.000000
v -60.864319 -22.818044 100.000000
v -61.016847 -23.094148 90.000000
v -61.016847 -23.094148 100.000000
v -61.162359 -23.374013 90.000000
v -61.162359 -23.374013 100.000000
v -61.300764 -23.657460 90.000000
v -61.300764 -23.657460 100.000000
v -61.431972 -23.944309 90.000000
v -61.431972 -23.944309 100.000000
v -61.555901 -24.234378 90.000000
v -61.555901 -24.234378 100.000000
v -61.672471 -24.527482 90.000000
v -61.672471 -24.527482 100.000000
v -61.781608 -24.823433 90.000000
v -61.781608 -24.823433 100.000000
v -61.883243 -25.122044 90.000000
v -61.883243 -25.122044 100.000000
v -61.977310 -25.423125 90.000000
v -61.977310 -25.423125 100.000000
v -62.063751 -25.726483 90.000000
v -62.063751 -25.726483 100.000000
v -62.142509 -26.031926 90.000000
v -62.142509 -31.968074 100.000000
v -62.142509 -31.968074 90.000000
v -62.063751 -32.273517 90.000000
v -62.063751 -32.273517 100.000000
v -61.977310 -32.576875 90.000000
v -61.977310 -32.576875 100.000000
v -61.883243 -32.877956 90.000000
v -61.883243 -32.877956 100.000000
v -61.781608 -33.176567 90.000000
v -61.781608 -33.176567 100.000000
v -61.672471 -33.472518 90.000000
v -61.672471 -33.472518 100.000000
v -61.555901 -33.765622 90.000000
v -61.555901 -33.765622 100.000000
v -61.431972 -34.055691 90.000000
v -61.431972 -34.055691 100.000000
v -61.300764 -34.342540 90.000000
v -61.300764 -34.342540 100.000000
v -61.162359 -34.625987 90.000000
v -61.162359 -34.625987 100.000000
v -61.016847 -34.905852 90.000000
v -61.016847 -34.905852 100.000000
v -60.864319 -35.181956 90.000000
v -60.864319 -35.181956 100.000000
v -60.704872 -35.454123 90.000000
v -60.704872 -35.454123 100.000000
v -60.538609 -35.722181 90.000000
v -60.538609 -35.722181 100.000000
v -60.365635 -35.985958 90.000000
v -60.365635 -35.985958 100.000000
v -60.186061 -36.245286 90.000000
v -60.186061 -36.245286 100.000000
v -60.000000 -36.500001 90.000000
v -62.213536 -31.660741 90.000000
v -62.276785 -31.351714 90.000000
v -62.332216 -31.041189 90.000000
v -62.379794 -30.729365 90.000000
v -62.419489 -30.416439 90.000000
v -62.451275 -30.102611 90.000000
v -62.475132 -29.788081 90.000000
v -62.499005 -29.157717 90.000000
v -62.491046 -29.473050 90.000000
v -62.499005 -28.842283 90.000000
v -62.491046 -28.526950 90.000000
v -62.475132 -28.211919 90.000000
v -62.451275 -27.897389 90.000000
v -62.419489 -27.583561 90.000000
v -62.379794 -27.270635 90.000000
v -62.332216 -26.958811 90.000000
v -62.276785 -26.648286 90.000000
v -62.213536 -26.339259 90.000000
v -62.213536 -26.339259 100.000000
v -62.142509 -26.031926 100.000000
v -62.276785 -26.648286 100.000000
v -62.332216 -26.958811 100.000000
v -62.379794 -27.270635 100.000000
v -62.419489 -27.583561 100.000000
v -62.451275 -27.897389 100.000000
v -62.475132 -28.211919 100.000000
v -62.491046 -28.526950 100.000000
v -62.499005 -29.157717 100.000000
v -62.499005 -28.842283 100.000000
v -62.491046 -29.473050 100.000000
v -62.475132 -29.788081 100.000000
v -62.451275 -30.102611 100.000000
v -62.419489 -30.416439 100.000000
v -62.379794 -30.729365 100.000000
v -62.332216 -31.041189 100.000000
v -62.276785 -31.351714 100.000000
v -62.213536 -31.660741 100.000000
v -60.000000 -36.500001 100.000000
v -58.999623 -20.324933 100.000000
v -58.999623 -20.324933 90.000000
v -50.000000 -9.753763 100.000000
v -50.000000 -9.753763 90.000000
v -50.000000 55.000000 90.000000
v -50.000000 32.000000 90.000000
v -50.000000 32.000000 100.000000
v -50.000000 55.000000 100.000000
v -50.000000 -48.246237 90.000000
v -50.000000 -48.246237 100.000000
v -50.000000 -50.000000 100.000000
v -50.000000 -50.000000 90.000000
v 50.000000 -50.000000 100.000000
v 24.200946 -50.000000 90.000000
v 43.000000 -50.000000 90.000000
v -24.200946 -50.000000 100.000000
v -12.000000 -50.000000 90.000000
v -24.200946 -50.000000 90.000000
v -43.000000 -50.000000 90.000000
v 50.000000 -50.000000 90.000000
v 50.000000 -48.246237 90.000000
v 50.000000 -48.246237 100.000000
v 60.000000 -36.500001 90.000000
v 60.000000 -36.500001 100.000000
v -49.996013 55.599015 100.000000
v -49.996013 55.599015 90.000000
v -49.984053 56.197923 100.000000
v -49.984053 56.197923 90.000000
v -49.964121 56.796620 100.000000
v -49.964121 56.796620 90.000000
v -49.936221 57.394998 100.000000
v -49.936221 57.394998 90.000000
v -49.900359 57.992951 100.000000
v -49.900359 57.992951 90.000000
v -49.856540 58.590375 100.000000
v -49.856540 58.590375 90.000000
v -49.804773 59.187162 100.000000
v -49.804773 59.187162 90.000000
v -49.745066 59.783207 100.000000
v -49.745066 59.783207 90.000000
v -49.677430 60.378404 100.000000
v -49.677430 60.378404 90.000000
v -49.601877 60.972649 100.000000
v -49.601877 60.972649 90.000000
v -49.518421 61.565835 100.000000
v -49.518421 61.565835 90.000000
v -49.427076 62.157857 100.000000
v -49.427076 62.157857 90.000000
v -49.327858 62.748611 100.000000
v -49.327858 62.748611 90.000000
v -49.220786 63.337993 100.000000
v -49.220786 63.337993 90.000000
v -49.105877 63.925896 100.000000
v -49.105877 63.925896 90.000000
v -48.983153 64.512218 100.000000
v -48.983153 64.512218 90.000000
v -48.852634 65.096854 100.000000
v -48.852634 65.096854 90.000000
v -48.714345 65.679701 100.000000
v -48.714345 65.679701 90.000000
v -48.568310 66.260656 100.000000
v -48.568310 66.260656 90.000000
v -48.414554 66.839615 100.000000
v -48.414554 66.839615 90.000000
v -48.253105 67.416477 100.000000
v -48.253105 67.416477 90.000000
v -48.083992 67.991138 100.000000
v -48.083992 67.991138 90.000000
v -47.907244 68.563497 100.000000
v -47.907244 68.563497 90.000000
v -47.722892 69.133452 100.000000
v -47.722892 69.133452 90.000000
v -47.530970 69.700903 100.000000
v -47.530970 69.700903 90.000000
v -47.331512 70.265749 100.000000
v -47.331512 70.265749 90.000000
v -47.124552 70.827890 100.000000
v -47.124552 70.827890 90.000000
v -46.910128 71.387226 100.000000
v -46.910128 71.387226 90.000000
v -46.688277 71.943658 100.000000
v -46.688277 71.943658 90.000000
v -46.459039 72.497088 100.000000
v -46.459039 72.497088 90.000000
v -46.222454 73.047417 100.000000
v -46.222454 73.047417 90.000000
v -45.978565 73.594548 100.000000
v -45.978565 73.594548 90.000000
v -45.727414 74.138385 100.000000
v -45.727414 74.138385 90.000000
v -45.469046 74.678829 100.000000
v -45.469046 74.678829 90.000000
v -45.203507 75.215787 100.000000
v -45.203507 75.215787 90.000000
v -44.930843 75.749163 100.000000
v -44.930843 75.749163 90.000000
v -44.651104 76.278861 100.000000
v -44.651104 76.278861 90.000000
v -44.364339 76.804789 100.000000
v -44.364339 76.804789 90.000000
v -44.070598 77.326853 100.000000
v -44.070598 77.326853 90.000000
v -43.769934 77.844961 100.000000
v -43.769934 77.844961 90.000000
v -43.462399 78.359021 100.000000
v -43.462399 78.359021 90.000000
v -43.148049 78.868941 100.000000
v -43.148049 78.868941 90.000000
v -42.826939 79.374632 100.000000
v -42.826939 79.374632 90.000000
v -42.499126 79.876003 100.000000
v -42.499126 79.876003 90.000000
v -42.164668 80.372966 100.000000
v -42.164668 80.372966 90.000000
v -41.823625 80.865433 100.000000
v -41.823625 80.865433 90.000000
v -41.476056 81.353317 100.000000
v -41.476056 81.353317 90.000000
v -41.122024 81.836531 100.000000
v -41.122024 81.836531 90.000000
v -40.761590 82.314990 100.000000
v -40.761590 82.314990 90.000000
v -40.394820 82.788608 100.000000
v -40.394820 82.788608 90.000000
v -40.021778 83.257302 100.000000
v -40.021778 83.257302 90.000000
v -39.642529 83.720988 100.000000
v -39.642529 83.720988 90.000000
v -39.257142 84.179586 100.000000
v -39.257142 84.179586 90.000000
v -38.865685 84.633012 100.000000
v -38.865685 84.633012 90.000000
v -38.468226 85.081188 100.000000
v -38.468226 85.081188 90.000000
v -38.064837 85.524033 100.000000
v -38.064837 85.524033 90.000000
v -37.655588 85.961469 100.000000
v -37.655588 85.961469 90.000000
v -37.240553 86.393418 100.000000
v -37.240553 86.393418 90.000000
v -36.819805 86.819805 100.000000
v -36.819805 86.819805 90.000000
v -36.393418 87.240553 100.000000
v -36.393418 87.240553 90.000000
v -35.961469 87.655588 100.000000
v -35.961469 87.655588 90.000000
v -35.524033 88.064837 100.000000
v -35.524033 88.064837 90.000000
v -35.081188 88.468226 100.000000
v -35.081188 88.468226 90.000000
v -34.633012 88.865685 100.000000
v -34.633012 88.865685 90.000000
v -34.179586 89.257142 100.000000
v -34.179586 89.257142 90.000000
v -33.720988 89.642529 100.000000
v -33.720988 89.642529 90.000000
v -33.257302 90.021778 100.000000
v -33.257302 90.021778 90.000000
v -32.788608 90.394820 100.000000
v -32.788608 90.394820 90.000000
v -32.314990 90.761590 100.000000
v -32.314990 90.761590 90.000000
v -31.836531 91.122024 100.000000
v -31.836531 91.122024 90.000000
v -31.353317 91.476056 100.000000
v -31.353317 91.476056 90.000000
v -30.865433 91.823625 100.000000
v -30.865433 91.823625 90.000000
v -30.372966 92.164668 100.000000
v -30.372966 92.164668 90.000000
v -29.876003 92.499126 100.000000
v -29.876003 92.499126 90.000000
v -29.374632 92.826939 100.000000
v -29.374632 92.826939 90.000000
v -28.868941 93.148049 100.000000
v -28.868941 93.148049 90.000000
v -28.359021 93.462399 100.000000
v -28.359021 93.462399 90.000000
v -27.844961 93.769934 100.000000
v -27.844961 93.769934 90.000000
v -27.326853 94.070598 100.000000
v -27.326853 94.070598 90.000000
v -26.804789 94.364339 100.000000
v -26.804789 94.364339 90.000000
v -26.278861 94.651104 100.000000
v -26.278861 94.651104 90.000000
v -25.749163 94.930843 100.000000
v -25.749163 94.930843 90.000000
v -25.215787 95.203507 100.000000
v -25.215787 95.203507 90.000000
v -24.678829 95.469046 100.000000
v -24.678829 95.469046 90.000000
v -24.201122 95.697873 100.000000
v -24.138385 95.727414 90.000000
v -24.138385 95.727414 100.000000
v -23.594548 95.978565 100.000000
v -23.594548 95.978565 90.000000
v -23.047417 96.222454 100.000000
v -23.047417 96.222454 90.000000
v -22.497088 96.459039 100.000000
v -22.497088 96.459039 90.000000
v -21.943658 96.688277 100.000000
v -21.943658 96.688277 90.000000
v -21.387226 96.910128 100.000000
v -21.387226 96.910128 90.000000
v -20.827890 97.124552 100.000000
v -20.827890 97.124552 90.000000
v -20.265749 97.331512 100.000000
v -20.265749 97.331512 90.000000
v -19.700903 97.530970 100.000000
v -19.700903 97.530970 90.000000
v -19.133452 97.722892 100.000000
v -19.133452 97.722892 90.000000
v -18.563497 97.907244 100.000000
v -18.563497 97.907244 90.000000
v -17.991138 98.083992 100.000000
v -17.991138 98.083992 90.000000
v -17.416477 98.253105 100.000000
v -17.416477 98.253105 90.000000
v -16.839615 98.414554 100.000000
v -16.839615 98.414554 90.000000
v -16.260656 98.568310 100.000000
v -16.260656 98.568310 90.000000
v -15.679701 98.714345 100.000000
v -15.679701 98.714345 90.000000
v -15.096854 98.852634 100.000000
v -15.096854 98.852634 90.000000
v -14.512218 98.983153 100.000000
v -14.512218 98.983153 90.000000
v -13.925896 99.105877 100.000000
v -13.925896 99.105877 90.000000
v -13.337993 99.220786 100.000000
v -13.337993 99.220786 90.000000
v -12.748611 99.327858 100.000000
v -12.748611 99.327858 90.000000
v -12.157857 99.427076 100.000000
v -12.157857 99.427076 90.000000
v -11.565835 99.518421 100.000000
v -11.565835 99.518421 90.000000
v -10.972649 99.601877 100.000000
v -10.972649 99.601877 90.000000
v -10.378404 99.677430 100.000000
v -10.378404 99.677430 90.000000
v -9.783207 99.745066 100.000000
v -9.783207 99.745066 90.000000
v -9.187162 99.804773 100.000000
v -9.187162 99.804773 90.000000
v -8.590375 99.856540 100.000000
v -8.590375 99.856540 90.000000
v -7.992951 99.900359 100.000000
v -7.992951 99.900359 90.000000
v -7.394998 99.936221 100.000000
v -7.394998 99.936221 90.000000
v -6.796620 99.964121 100.000000
v -6.796620 99.964121 90.000000
v -6.197923 99.984053 100.000000
v -6.197923 99.984053 90.000000
v -5.599015 99.996013 100.000000
v -5.599015 99.996013 90.000000
v -5.000000 100.000000 100.000000
v -5.000000 100.000000 90.000000
v 5.000000 100.000000 100.000000
v 5.000000 100.000000 90.000000
v 5.599015 99.996013 100.000000
v 5.599015 99.996013 90.000000
v 6.197923 99.984053 100.000000
v 6.197923 99.984053 90.000000
v 6.796620 99.964121 100.000000
v 6.796620 99.964121 90.000000
v 7.394998 99.936221 100.000000
v 7.394998 99.936221 90.000000
v 7.992951 99.900359 100.000000
v 7.992951 99.900359 90.000000
v 8.590375 99.856540 100.000000
v 8.590375 99.856540 90.000000
v 9.187162 99.804773 100.000000
v 9.187162 99.804773 90.000000
v 9.783207 99.745066 100.000000
v 9.783207 99.745066 90.000000
v 10.378404 99.677430 100.000000
v 10.378404 99.677430 90.000000
v 10.972649 99.601877 100.000000
v 10.972649 99.601877 90.000000
v 11.565835 99.518421 100.000000
v 11.565835 99.518421 90.000000
v 12.157857 99.427076 100.000000
v 12.157857 99.427076 90.000000
v 12.748611 99.327858 100.000000
v 12.748611 99.327858 90.000000
v 13.337993 99.220786 100.000000
v 13.337993 99.220786 90.000000
v 13.925896 99.105877 100.000000
v 13.925896 99.105877 90.000000
v 14.512218 98.983153 100.000000
v 14.512218 98.983153 90.000000
v 15.096854 98.852634 100.000000
v 15.096854 98.852634 90.000000
v 15.679701 98.714345 100.000000
v 15.679701 98.714345 90.000000
v 16.260656 98.568310 100.000000
v 16.260656 98.568310 90.000000
v 16.839615 98.414554 100.000000
v 16.839615 98.414554 90.000000
v 17.416477 98.253105 100.000000
v 17.416477 98.253105 90.000000
v 17.991138 98.083992 100.000000
v 17.991138 98.083992 90.000000
v 18.563497 97.907244 100.000000
v 18.563497 97.907244 90.000000
v 19.133452 97.722892 100.000000
v 19.133452 97.722892 90.000000
v 19.700903 97.530970 100.000000
v 19.700903 97.530970 90.000000
v 20.265749 97.331512 100.000000
v 20.265749 97.331512 90.000000
v 20.827890 97.124552 100.000000
v 20.827890 97.124552 90.000000
v 21.387226 96.910128 100.000000
v 21.387226 96.910128 90.000000
v 21.943658 96.688277 100.000000
v 21.943658 96.688277 90.000000
v 22.497088 96.459039 100.000000
v 22.497088 96.459039 90.000000
v 23.047417 96.222454 100.000000
v 23.047417 96.222454 90.000000
v 23.594548 95.978565 100.000000
v 23.594548 95.978565 90.000000
v 24.138385 95.727414 100.000000
v 24.138385 95.727414 90.000000
v 24.678829 95.469046 100.000000
v 24.678829 95.469046 90.000000
v 25.215787 95.203507 100.000000
v 25.215787 95.203507 90.000000
v 25.749163 94.930843 100.000000
v 25.749163 94.930843 90.000000
v 26.278861 94.651104 100.000000
v 26.278861 94.651104 90.000000
v 26.804789 94.364339 100.000000
v 26.804789 94.364339 90.000000
v 27.326853 94.070598 100.000000
v 27.326853 94.070598 90.000000
v 27.844961 93.769934 100.000000
v 27.844961 93.769934 90.000000
v 28.359021 93.462399 100.000000
v 28.359021 93.462399 90.000000
v 28.868941 93.148049 100.000000
v 28.868941 93.148049 90.000000
v 29.374632 92.826939 100.000000
v 29.374632 92.826939 90.000000
v 29.876003 92.499126 100.000000
v 29.876003 92.499126 90.000000
v 30.372966 92.164668 100.000000
v 30.372966 92.164668 90.000000
v 30.865433 91.823625 100.000000
v 30.865433 91.823625 90.000000
v 31.353317 91.476056 100.000000
v 31.353317 91.476056 90.000000
v 31.836531 91.122024 100.000000
v 31.836531 91.122024 90.000000
v 32.314990 90.761590 100.000000
v 32.314990 90.761590 90.000000
v 32.788608 90.394820 100.000000
v 32.788608 90.394820 90.000000
v 33.257302 90.021778 100.000000
v 33.257302 90.021778 90.000000
v 33.720988 89.642529 100.000000
v 33.720988 89.642529 90.000000
v 34.179586 89.257142 100.000000
v 34.179586 89.257142 90.000000
v 34.633012 88.865685 100.000000
v 34.633012 88.865685 90.000000
v 35.081188 88.468226 100.000000
v 35.081188 88.468226 90.000000
v 35.524033 88.064837 100.000000
v 35.524033 88.064837 90.000000
v 35.961469 87.655588 100.000000
v 35.961469 87.655588 90.000000
v 36.393418 87.240553 100.000000
v 36.393418 87.240553 90.000000
v 36.819805 86.819805 100.000000
v 36.819805 86.819805 90.000000
v 37.240553 86.393418 100.000000
v 37.240553 86.393418 90.000000
v 37.655588 85.961469 100.000000
v 37.655588 85.961469 90.000000
v 38.064837 85.524033 100.000000
v 38.064837 85.524033 90.000000
v 38.468226 85.081188 100.000000
v 38.468226 85.081188 90.000000
v 38.865685 84.633012 100.000000
v 38.865685 84.633012 90.000000
v 39.257142 84.179586 100.000000
v 39.257142 84.179586 90.000000
v 39.642529 83.720988 100.000000
v 39.642529 83.720988 90.000000
v 40.021778 83.257302 100.000000
v 40.021778 83.257302 90.000000
v 40.394820 82.788608 100.000000
v 40.394820 82.788608 90.000000
v 40.761590 82.314990 100.000000
v 40.761590 82.314990 90.000000
v 41.122024 81.836531 100.000000
v 41.122024 81.836531 90.000000
v 41.476056 81.353317 100.000000
v 41.476056 81.353317 90.000000
v 41.823625 80.865433 100.000000
v 41.823625 80.865433 90.000000
v 42.164668 80.372966 100.000000
v 42.164668 80.372966 90.000000
v 42.499126 79.876003 100.000000
v 42.499126 79.876003 90.000000
v 42.826939 79.374632 100.000000
v 42.826939 79.374632 90.000000
v 43.148049 78.868941 100.000000
v 43.148049 78.868941 90.000000
v 43.462399 78.359021 100.000000
v 43.462399 78.359021 90.000000
v 43.769934 77.844961 100.000000
v 43.769934 77.844961 90.000000
v 44.070598 77.326853 100.000000
v 44.070598 77.326853 90.000000
v 44.364339 76.804789 100.000000
v 44.364339 76.804789 90.000000
v 44.651104 76.278861 100.000000
v 44.651104 76.278861 90.000000
v 44.930843 75.749163 100.000000
v 44.930843 75.749163 90.000000
v 45.203507 75.215787 100.000000
v 45.203507 75.215787 90.000000
v 45.469046 74.678829 100.000000
v 45.469046 74.678829 90.000000
v 45.727414 74.138385 100.000000
v 45.727414 74.138385 90.000000
v 45.978565 73.594548 100.000000
v 45.978565 73.594548 90.000000
v 46.222454 73.047417 100.000000
v 46.222454 73.047417 90.000000
v 46.459039 72.497088 100.000000
v 46.459039 72.497088 90.000000
v 46.688277 71.943658 100.000000
v 46.688277 71.943658 90.000000
v 46.910128 71.387226 100.000000
v 46.910128 71.387226 90.000000
v 47.124552 70.827890 100.000000
v 47.124552 70.827890 90.000000
v 47.331512 70.265749 100.000000
v 47.331512 70.265749 90.000000
v 47.530970 69.700903 100.000000
v 47.530970 69.700903 90.000000
v 47.722892 69.133452 100.000000
v 47.722892 69.133452 90.000000
v 47.907244 68.563497 100.000000
v 47.907244 68.563497 90.000000
v 48.083992 67.991138 100.000000
v 48.083992 67.991138 90.000000
v 48.253105 67.416477 100.000000
v 48.253105 67.416477 90.000000
v 48.414554 66.839615 100.000000
v 48.414554 66.839615 90.000000
v 48.568310 66.260656 100.000000
v 48.568310 66.260656 90.000000
v 48.714345 65.679701 100.000000
v 48.714345 65.679701 90.000000
v 48.852634 65.096854 100.000000
v 48.852634 65.096854 90.000000
v 48.983153 64.512218 100.000000
v 48.983153 64.512218 90.000000
v 49.105877 63.925896 100.000000
v 49.105877 63.925896 90.000000
v 49.220786 63.337993 100.000000
v 49.220786 63.337993 90.000000
v 49.327858 62.748611 100.000000
v 49.327858 62.748611 90.000000
v 49.427076 62.157857 100.000000
v 49.427076 62.157857 90.000000
v 49.518421 61.565835 100.000000
v 49.518421 61.565835 90.000000
v 49.601877 60.972649 100.000000
v 49.601877 60.972649 90.000000
v 49.677430 60.378404 100.000000
v 49.677430 60.378404 90.000000
v 49.745066 59.783207 100.000000
v 49.745066 59.783207 90.000000
v 49.804773 59.187162 100.000000
v 49.804773 59.187162 90.000000
v 49.856540 58.590375 100.000000
v 49.856540 58.590375 90.000000
v 49.900359 57.992951 100.000000
v 49.900359 57.992951 90.000000
v 49.936221 57.394998 100.000000
v 49.936221 57.394998 90.000000
v 49.964121 56.796620 100.000000
v 49.964121 56.796620 90.000000
v 49.984053 56.197923 100.000000
v 49.984053 56.197923 90.000000
v 49.996013 55.599015 100.000000
v 49.996013 55.599015 90.000000
v 50.000000 55.000000 100.000000
v 50.000000 55.000000 90.000000
v 50.000000 32.000000 100.000000
v 50.000000 32.000000 90.000000
v 50.000000 -9.753763 90.000000
v 50.000000 -9.753763 100.000000
v 58.999623 -20.324933 100.000000
v 60.000000 -21.499999 100.000000
v 60.000000 -21.499999 90.000000
v 58.999623 -20.324933 90.000000
v 60.186061 -36.245286 90.000000
v 60.186061 -36.245286 100.000000
v 60.365635 -35.985958 90.000000
v 60.365635 -35.985958 100.000000
v 60.538609 -35.722181 90.000000
v 60.538609 -35.722181 100.000000
v 60.704872 -35.454123 90.000000
v 60.704872 -35.454123 100.000000
v 60.864319 -35.181956 90.000000
v 60.864319 -35.181956 100.000000
v 61.016847 -34.905852 90.000000
v 61.016847 -34.905852 100.000000
v 61.162359 -34.625987 90.000000
v 61.162359 -34.625987 100.000000
v 61.300764 -34.342540 90.000000
v 61.300764 -34.342540 100.000000
v 61.431972 -34.055691 90.000000
v 61.431972 -34.055691 100.000000
v 61.555901 -33.765622 90.000000
v 61.555901 -33.765622 100.000000
v 61.672471 -33.472518 90.000000
v 61.672471 -33.472518 100.000000
v 61.781608 -33.176567 90.000000
v 61.781608 -33.176567 100.000000
v 61.883243 -32.877956 90.000000
v 61.883243 -32.877956 100.000000
v 61.977310 -32.576875 90.000000
v 61.977310 -32.576875 100.000000
v 62.063751 -32.273517 90.000000
v 62.063751 -32.273517 100.000000
v 62.142509 -31.968074 90.000000
v 62.142509 -26.031926 100.000000
v 62.142509 -26.031926 90.000000
v 62.063751 -25.726483 90.000000
v 62.063751 -25.726483 100.000000
v 61.977310 -25.423125 90.000000
v 61.977310 -25.423125 100.000000
v 61.883243 -25.122044 90.000000
v 61.883243 -25.122044 100.000000
v 61.781608 -24.823433 90.000000
v 61.781608 -24.823433 100.000000
v 61.672471 -24.527482 90.000000
v 61.672471 -24.527482 100.000000
v 61.555901 -24.234378 90.000000
v 61.555901 -24.234378 100.000000
v 61.431972 -23.944309 90.000000
v 61.431972 -23.944309 100.000000
v 61.300764 -23.657460 90.000000
v 61.300764 -23.657460 100.000000
v 61.162359 -23.374013 90.000000
v 61.162359 -23.374013 100.000000
v 61.016847 -23.094148 90.000000
v 61.016847 -23.094148 100.000000
v 60.864319 -22.818044 90.000000
v 60.864319 -22.818044 100.000000
v 60.704872 -22.545877 90.000000
v 60.704872 -22.545877 100.000000
v 60.538609 -22.277819 90.000000
v 60.538609 -22.277819 100.000000
v 60.365635 -22.014042 90.000000
v 60.365635 -22.014042 100.000000
v 60.186061 -21.754714 90.000000
v 60.186061 -21.754714 100.000000
v 62.213536 -31.660741 100.000000
v 62.274638 -31.362894 96.406852
v 62.276785 -31.351714 96.425462
v 62.267473 -31.399816 96.342902
v 62.260536 -31.435004 96.277989
v 62.253854 -31.468414 96.212201
v 62.247430 -31.500092 96.145444
v 62.241307 -31.529901 96.078008
v 62.235472 -31.557971 96.009596
v 62.229979 -31.584107 95.940686
v 62.224805 -31.608475 95.870837
v 62.213458 -31.661097 95.693588
v 62.215554 -31.651458 95.729567
v 62.219988 -31.630951 95.800374
v 62.276785 -31.351714 100.000000
v 62.321207 -31.106622 96.767666
v 62.332216 -31.041189 96.842837
v 62.305151 -31.198468 96.652041
v 62.313140 -31.153272 96.710532
v 62.297277 -31.242094 96.592331
v 62.283105 -31.318476 96.478909
v 62.289567 -31.283974 96.531653
v 62.332216 -31.041189 100.000000
v 62.370333 -30.795788 97.082701
v 62.379794 -30.729365 97.138176
v 62.353987 -30.904992 96.983307
v 62.362183 -30.851060 97.033735
v 62.345774 -30.957517 96.931483
v 62.337549 -31.008703 96.878194
v 62.379794 -30.729365 100.000000
v 62.416959 -30.438448 97.343794
v 62.419489 -30.416439 97.357159
v 62.409564 -30.500908 97.304295
v 62.402000 -30.562178 97.263206
v 62.386399 -30.681407 97.176090
v 62.394256 -30.622470 97.220381
v 62.419489 -30.416439 100.000000
v 62.444283 -30.178905 97.484489
v 62.451275 -30.102611 97.519275
v 62.425382 -30.363773 97.388017
v 62.431107 -30.310564 97.417627
v 62.437831 -30.245132 97.451968
v 62.451275 -30.102611 100.000000
v 62.471256 -29.847211 97.616244
v 62.475127 -29.788160 97.634635
v 62.467139 -29.905778 97.596549
v 62.461900 -29.975211 97.571277
v 62.456339 -30.043846 97.544187
v 62.475132 -29.788081 100.000000
v 62.490875 -29.477533 97.708221
v 62.491046 -29.473050 97.709008
v 62.487897 -29.549939 97.694451
v 62.484504 -29.622212 97.678685
v 62.476563 -29.765098 97.641425
v 62.480716 -29.694058 97.660974
v 62.499005 -29.157717 100.000000
v 62.491046 -29.473050 100.000000
v 62.498639 -29.184465 97.743806
v 62.497336 -29.258035 97.737867
v 62.493524 -29.402325 97.720411
v 62.495604 -29.331476 97.729949
v 62.499005 -28.842283 100.000000
v 62.499946 -28.963160 97.749753
v 62.499510 -28.889269 97.747770
v 62.499945 -29.036919 97.749752
v 62.499005 -29.157717 97.745474
v 62.499621 -29.097362 97.748276
v 62.491046 -28.526950 100.000000
v 62.495601 -28.668392 97.729933
v 62.493449 -28.595350 97.720066
v 62.497336 -28.741937 97.737865
v 62.499005 -28.842283 97.745474
v 62.475132 -28.211919 100.000000
v 62.487891 -28.449929 97.694424
v 62.484502 -28.377738 97.678673
v 62.491046 -28.526950 97.709008
v 62.480725 -28.306095 97.661014
v 62.451275 -27.897389 100.000000
v 62.461904 -28.024837 97.571295
v 62.456734 -27.960874 97.546118
v 62.467143 -28.094275 97.596567
v 62.475132 -28.211919 97.634659
v 62.472030 -28.164261 97.619931
v 62.419489 -27.583561 100.000000
v 62.431097 -27.689336 97.417573
v 62.424145 -27.625000 97.381570
v 62.437826 -27.754817 97.451942
v 62.444275 -27.821009 97.484447
v 62.451271 -27.897341 97.519254
v 62.450460 -27.888224 97.515244
v 62.379794 -27.270635 100.000000
v 62.394268 -27.377623 97.220448
v 62.387085 -27.323657 97.179994
v 62.401999 -27.437819 97.263204
v 62.409571 -27.499148 97.304331
v 62.419489 -27.583561 97.357159
v 62.332216 -26.958811 100.000000
v 62.345768 -27.042447 96.931447
v 62.338976 -27.000084 96.887547
v 62.353986 -27.095001 96.983300
v 62.379781 -27.270541 97.138100
v 62.378413 -27.260775 97.130164
v 62.370345 -27.204293 97.082771
v 62.362184 -27.148943 97.033737
v 62.276785 -26.648286 100.000000
v 62.289573 -26.716056 96.531698
v 62.282009 -26.675727 96.469781
v 62.332182 -26.958606 96.842610
v 62.329354 -26.941595 96.823587
v 62.321201 -26.893342 96.767623
v 62.313132 -26.846679 96.710470
v 62.305151 -26.801532 96.652041
v 62.297289 -26.757971 96.592421
v 62.213536 -26.339259 100.000000
v 62.219995 -26.369085 95.800491
v 62.216662 -26.353651 95.747888
v 62.224804 -26.391521 95.870825
v 62.267473 -26.600185 96.342903
v 62.260549 -26.565057 96.278105
v 62.253849 -26.531562 96.212153
v 62.247420 -26.499858 96.145333
v 62.241298 -26.470057 96.077908
v 62.235467 -26.442004 96.009534
v 62.229969 -26.415845 95.940555
v 62.276785 -26.648286 96.425462
v 62.213536 -26.339259 90.000000
v 62.207835 -26.313225 94.413707
v 62.211495 -26.329910 94.341882
v 62.201721 -26.285592 94.558988
v 62.204570 -26.298434 94.486152
v 62.213536 -26.339259 94.305049
v 62.197310 -26.265839 94.705271
v 62.199303 -26.274747 94.631904
v 62.195756 -26.258917 94.778717
v 62.194642 -26.253964 94.852403
v 62.193748 -26.250000 94.999960
v 62.193972 -26.250991 94.926168
v 62.194641 -26.253959 95.147518
v 62.193972 -26.250991 95.073832
v 62.199303 -26.274747 95.368096
v 62.197308 -26.265832 95.294657
v 62.195756 -26.258917 95.221283
v 62.213457 -26.338899 95.693572
v 62.211495 -26.329910 95.658118
v 62.207835 -26.313224 95.586288
v 62.204570 -26.298434 95.513848
v 62.201731 -26.285636 95.441279
v 62.267473 -26.600185 93.657097
v 62.276785 -26.648286 93.574538
v 62.253849 -26.531562 93.787847
v 62.260527 -26.564948 93.722103
v 62.247426 -26.499888 93.854601
v 62.241298 -26.470057 93.922092
v 62.235473 -26.442031 93.990399
v 62.229969 -26.415845 94.059445
v 62.224809 -26.391544 94.129107
v 62.216665 -26.353662 94.252074
v 62.219995 -26.369085 94.199509
v 62.276785 -26.648286 90.000000
v 62.329354 -26.941596 93.176412
v 62.332216 -26.958811 93.157163
v 62.321208 -26.893381 93.232330
v 62.313132 -26.846679 93.289530
v 62.305157 -26.801569 93.347910
v 62.297289 -26.757971 93.407579
v 62.289579 -26.716090 93.468250
v 62.282009 -26.675727 93.530219
v 62.332216 -26.958811 90.000000
v 62.378412 -27.260775 92.869837
v 62.379794 -27.270635 92.861824
v 62.370326 -27.204160 92.917343
v 62.362184 -27.148943 92.966263
v 62.353976 -27.094932 93.016766
v 62.338981 -27.000112 93.112422
v 62.345768 -27.042447 93.068553
v 62.379794 -27.270635 90.000000
v 62.409571 -27.499148 92.695669
v 62.419489 -27.583561 92.642841
v 62.387091 -27.323699 92.819974
v 62.394268 -27.377623 92.779552
v 62.402006 -27.437872 92.736760
v 62.419489 -27.583561 90.000000
v 62.450460 -27.888222 92.484756
v 62.451275 -27.897389 92.480725
v 62.444274 -27.821001 92.515556
v 62.431102 -27.689393 92.582396
v 62.437826 -27.754817 92.548058
v 62.424145 -27.625000 92.618430
v 62.451275 -27.897389 90.000000
v 62.472030 -28.164261 92.380069
v 62.475132 -28.211919 92.365341
v 62.467148 -28.094346 92.403408
v 62.456716 -27.960659 92.453970
v 62.461904 -28.024837 92.428705
v 62.475132 -28.211919 90.000000
v 62.487891 -28.449929 92.305576
v 62.491046 -28.526950 92.290992
v 62.480725 -28.306095 92.338986
v 62.484506 -28.377811 92.321310
v 62.491046 -28.526950 90.000000
v 62.497336 -28.741937 92.262135
v 62.499005 -28.842283 92.254526
v 62.493449 -28.595350 92.279934
v 62.495602 -28.668441 92.270061
v 62.499005 -29.157717 90.000000
v 62.499945 -29.036919 92.250248
v 62.499620 -29.097415 92.251726
v 62.499005 -28.842283 90.000000
v 62.499946 -28.963197 92.250246
v 62.499510 -28.889269 92.252230
v 62.491046 -29.473050 90.000000
v 62.495604 -29.331476 92.270051
v 62.493521 -29.402397 92.279600
v 62.497335 -29.258113 92.262140
v 62.499005 -29.157732 92.254527
v 62.498639 -29.184464 92.256194
v 62.475132 -29.788081 90.000000
v 62.480731 -29.693799 92.338958
v 62.476563 -29.765101 92.358576
v 62.484504 -29.622212 92.321315
v 62.487893 -29.550016 92.305564
v 62.491045 -29.473059 92.290994
v 62.490875 -29.477532 92.291779
v 62.451275 -30.102611 90.000000
v 62.461895 -29.975275 92.428748
v 62.456339 -30.043846 92.455813
v 62.475132 -29.788081 92.365341
v 62.471256 -29.847216 92.383757
v 62.467139 -29.905778 92.403451
v 62.419489 -30.416439 90.000000
v 62.431107 -30.310564 92.582373
v 62.425378 -30.363813 92.612006
v 62.437825 -30.245192 92.548063
v 62.444283 -30.178905 92.515511
v 62.451275 -30.102611 92.480725
v 62.379794 -30.729365 90.000000
v 62.394270 -30.622362 92.779540
v 62.386399 -30.681407 92.823910
v 62.402000 -30.562178 92.736794
v 62.419473 -30.416581 92.642926
v 62.416959 -30.438445 92.656205
v 62.409581 -30.500770 92.695615
v 62.332216 -31.041189 90.000000
v 62.345767 -30.957559 93.068560
v 62.337549 -31.008703 93.121806
v 62.370333 -30.795788 92.917299
v 62.362177 -30.851105 92.966306
v 62.353987 -30.904992 93.016693
v 62.379794 -30.729365 92.861824
v 62.276785 -31.351714 90.000000
v 62.289567 -31.283974 93.468347
v 62.283100 -31.318502 93.521132
v 62.297302 -31.241956 93.407476
v 62.321207 -31.106622 93.232334
v 62.313143 -31.153258 93.289450
v 62.305151 -31.198468 93.347959
v 62.332216 -31.041189 93.157163
v 62.213536 -31.660741 90.000000
v 62.220005 -31.630871 94.199364
v 62.215554 -31.651458 94.270433
v 62.276745 -31.351919 93.574876
v 62.274637 -31.362896 93.593151
v 62.267466 -31.399848 93.657156
v 62.260536 -31.435004 93.722011
v 62.253848 -31.468443 93.787858
v 62.247430 -31.500092 93.854556
v 62.241302 -31.529927 93.922053
v 62.235472 -31.557971 93.990404
v 62.229976 -31.584122 94.059354
v 62.224805 -31.608475 94.129163
v 62.207830 -31.686797 95.586194
v 62.210568 -31.674330 95.640671
v 62.201725 -31.714388 95.441131
v 62.204570 -31.701569 95.513834
v 62.197311 -31.734154 95.294796
v 62.199304 -31.725248 95.368135
v 62.195758 -31.741075 95.221376
v 62.194642 -31.746036 95.147611
v 62.193973 -31.749005 95.073979
v 62.142509 -31.968074 100.000000
v 62.193748 -31.750000 95.000000
v 62.193973 -31.749006 94.926058
v 62.213536 -31.660741 94.305049
v 62.210566 -31.674335 94.359349
v 62.207830 -31.686797 94.413806
v 62.204568 -31.701576 94.486202
v 62.201725 -31.714388 94.558869
v 62.199303 -31.725253 94.631901
v 62.197311 -31.734154 94.705204
v 62.195757 -31.741078 94.778661
v 62.194642 -31.746036 94.852389
v 52.000000 -31.750000 95.000000
v 52.000000 -31.746036 94.852389
v 52.000000 -31.734154 94.705204
v 52.000000 -31.714388 94.558869
v 52.000000 -31.686797 94.413806
v 52.000000 -31.651458 94.270433
v 52.000000 -31.608475 94.129163
v 52.000000 -31.557971 93.990404
v 52.000000 -31.500092 93.854556
v 52.000000 -31.435004 93.722011
v 52.000000 -31.362896 93.593151
v 52.000000 -31.283974 93.468347
v 52.000000 -31.198468 93.347959
v 52.000000 -31.106622 93.232334
v 52.000000 -31.008703 93.121806
v 52.000000 -30.904992 93.016693
v 52.000000 -30.795788 92.917299
v 52.000000 -30.681407 92.823910
v 52.000000 -30.562178 92.736794
v 52.000000 -30.438445 92.656205
v 52.000000 -30.310564 92.582373
v 52.000000 -30.178905 92.515511
v 52.000000 -30.043846 92.455813
v 52.000000 -29.905778 92.403451
v 52.000000 -29.765098 92.358575
v 52.000000 -29.622212 92.321315
v 52.000000 -29.477532 92.291779
v 52.000000 -29.331476 92.270051
v 52.000000 -29.184464 92.256194
v 52.000000 -29.036919 92.250248
v 52.000000 -29.000000 92.250000
v 52.000000 -28.889269 92.252230
v 52.000000 -28.741937 92.262135
v 52.000000 -28.595350 92.279934
v 52.000000 -28.449929 92.305576
v 52.000000 -28.306095 92.338986
v 52.000000 -28.164261 92.380069
v 52.000000 -28.024837 92.428705
v 52.000000 -27.888224 92.484756
v 52.000000 -27.754817 92.548058
v 52.000000 -27.625000 92.618430
v 52.000000 -27.499148 92.695669
v 52.000000 -27.377623 92.779552
v 52.000000 -27.260775 92.869836
v 52.000000 -27.148943 92.966263
v 52.000000 -27.042447 93.068553
v 52.000000 -26.941595 93.176413
v 52.000000 -26.846679 93.289530
v 52.000000 -26.757971 93.407579
v 52.000000 -26.675727 93.530219
v 52.000000 -26.600185 93.657097
v 52.000000 -26.531562 93.787847
v 52.000000 -26.470057 93.922092
v 52.000000 -26.415845 94.059445
v 52.000000 -26.369085 94.199509
v 52.000000 -26.329910 94.341882
v 52.000000 -26.298434 94.486152
v 52.000000 -26.274747 94.631904
v 52.000000 -26.258917 94.778717
v 52.000000 -26.250991 95.073832
v 52.000000 -26.250991 94.926168
v 52.000000 -26.258917 95.221283
v 52.000000 -26.274747 95.368096
v 52.000000 -26.298434 95.513848
v 52.000000 -26.329910 95.658118
v 52.000000 -26.369085 95.800491
v 52.000000 -26.415845 95.940555
v 52.000000 -26.470057 96.077908
v 52.000000 -26.531562 96.212153
v 52.000000 -26.600185 96.342903
v 52.000000 -26.675727 96.469781
v 52.000000 -26.757971 96.592421
v 52.000000 -26.846679 96.710470
v 52.000000 -26.941595 96.823587
v 52.000000 -27.042447 96.931447
v 52.000000 -27.148943 97.033737
v 52.000000 -27.260775 97.130164
v 52.000000 -27.377623 97.220448
v 52.000000 -27.499148 97.304331
v 52.000000 -27.625000 97.381570
v 52.000000 -27.754817 97.451942
v 52.000000 -27.888224 97.515244
v 52.000000 -28.024837 97.571295
v 52.000000 -28.164261 97.619931
v 52.000000 -28.306095 97.661014
v 52.000000 -28.449929 97.694424
v 52.000000 -28.595350 97.720066
v 52.000000 -28.741937 97.737865
v 52.000000 -28.889269 97.747770
v 52.000000 -29.036919 97.749752
v 52.000000 -29.184464 97.743806
v 52.000000 -29.331476 97.729949
v 52.000000 -29.477532 97.708221
v 52.000000 -29.622212 97.678685
v 52.000000 -29.765098 97.641425
v 52.000000 -29.905778 97.596549
v 52.000000 -30.043846 97.544187
v 52.000000 -30.178905 97.484489
v 52.000000 -30.310564 97.417627
v 52.000000 -30.438445 97.343795
v 52.000000 -30.562178 97.263206
v 52.000000 -30.681407 97.176090
v 52.000000 -30.795788 97.082701
v 52.000000 -30.904992 96.983307
v 52.000000 -31.008703 96.878194
v 52.000000 -31.106622 96.767666
v 52.000000 -31.198468 96.652041
v 52.000000 -31.283974 96.531653
v 52.000000 -31.362896 96.406849
v 52.000000 -31.435004 96.277989
v 52.000000 -31.500092 96.145444
v 52.000000 -31.557971 96.009596
v 52.000000 -31.608475 95.870837
v 52.000000 -31.651458 95.729567
v 52.000000 -31.686797 95.586194
v 52.000000 -31.714388 95.441131
v 52.000000 -31.734154 95.294796
v 52.000000 -31.746036 95.147611
v -52.000000 -25.059584 92.725000
v -52.000000 -25.059584 97.275000
v -52.000000 -32.940416 97.275000
v -52.000000 -32.940416 90.000000
v -52.000000 -29.000000 99.550000
v -52.000000 -25.033585 90.000000
v -48.000000 -25.059584 97.275000
v -48.000000 -25.059584 92.725000
v -48.000000 -29.000000 99.550000
v -48.000000 -32.940416 97.275000
v -48.000000 -25.033585 90.000000
v -48.000000 -32.940416 90.000000
v -48.000000 -26.250991 94.926168
v -48.000000 -26.250991 95.073832
v -48.000000 -26.258917 94.778717
v -48.000000 -26.258917 95.221283
v -48.000000 -31.746036 94.852389
v -48.000000 -31.734154 94.705204
v -48.000000 -26.274747 94.631904
v -48.000000 -29.036919 92.250248
v -48.000000 -29.000000 92.250000
v -48.000000 -26.298434 95.513848
v -48.000000 -26.329910 95.658118
v -48.000000 -26.274747 95.368096
v -48.000000 -30.904992 93.016693
v -48.000000 -30.795788 92.917299
v -48.000000 -31.198468 93.347959
v -48.000000 -31.106622 93.232334
v -48.000000 -31.686797 94.413806
v -48.000000 -31.651458 94.270433
v -48.000000 -31.714388 94.558869
v -48.000000 -26.369085 95.800491
v -48.000000 -26.298434 94.486152
v -48.000000 -26.369085 94.199509
v -48.000000 -26.329910 94.341882
v -48.000000 -29.184464 92.256194
v -48.000000 -30.681407 92.823910
v -48.000000 -31.008703 93.121806
v -48.000000 -31.746036 95.147611
v -48.000000 -31.750000 95.000000
v -48.000000 -31.686797 95.586194
v -48.000000 -31.714388 95.441131
v -48.000000 -26.531562 96.212153
v -48.000000 -26.600185 96.342903
v -48.000000 -26.415845 95.940555
v -48.000000 -26.470057 96.077908
v -48.000000 -26.415845 94.059445
v -48.000000 -28.889269 92.252230
v -48.000000 -30.310564 92.582373
v -48.000000 -30.178905 92.515511
v -48.000000 -31.362896 93.593151
v -48.000000 -31.283974 93.468347
v -48.000000 -31.734154 95.294796
v -48.000000 -31.557971 96.009596
v -48.000000 -31.608475 95.870837
v -48.000000 -31.435004 96.277989
v -48.000000 -31.500092 96.145444
v -48.000000 -31.106622 96.767666
v -48.000000 -31.198468 96.652041
v -48.000000 -30.795788 97.082701
v -48.000000 -30.904992 96.983307
v -48.000000 -26.757971 96.592421
v -48.000000 -26.846679 96.710470
v -48.000000 -26.531562 93.787847
v -48.000000 -26.470057 93.922092
v -48.000000 -26.675727 93.530219
v -48.000000 -26.600185 93.657097
v -48.000000 -28.306095 92.338986
v -48.000000 -28.164261 92.380069
v -48.000000 -28.741937 92.262135
v -48.000000 -30.438445 92.656205
v -48.000000 -31.500092 93.854556
v -48.000000 -31.435004 93.722011
v -48.000000 -31.283974 96.531653
v -48.000000 -31.362896 96.406849
v -48.000000 -31.008703 96.878194
v -48.000000 -30.681407 97.176090
v -48.000000 -26.941595 96.823587
v -48.000000 -27.042447 96.931447
v -48.000000 -26.675727 96.469781
v -48.000000 -28.449929 92.305576
v -48.000000 -28.595350 92.279934
v -48.000000 -29.765098 92.358575
v -48.000000 -29.622212 92.321315
v -48.000000 -30.043846 92.455813
v -48.000000 -29.905778 92.403451
v -48.000000 -30.562178 92.736794
v -48.000000 -31.651458 95.729567
v -48.000000 -30.438445 97.343795
v -48.000000 -30.562178 97.263206
v -48.000000 -29.477532 92.291779
v -48.000000 -29.331476 92.270051
v -48.000000 -30.310564 97.417627
v -48.000000 -30.043846 97.544187
v -48.000000 -30.178905 97.484489
v -48.000000 -29.765098 97.641425
v -48.000000 -29.905778 97.596549
v -48.000000 -29.477532 97.708221
v -48.000000 -29.622212 97.678685
v -48.000000 -26.941595 93.176413
v -48.000000 -26.846679 93.289530
v -48.000000 -27.377623 92.779552
v -48.000000 -27.260775 92.869836
v -48.000000 -27.754817 92.548058
v -48.000000 -27.625000 92.618430
v -48.000000 -28.024837 92.428705
v -48.000000 -27.888224 92.484756
v -48.000000 -31.608475 94.129163
v -48.000000 -31.557971 93.990404
v -48.000000 -29.184464 97.743806
v -48.000000 -29.331476 97.729949
v -48.000000 -27.499148 97.304331
v -48.000000 -27.625000 97.381570
v -48.000000 -27.260775 97.130164
v -48.000000 -27.377623 97.220448
v -48.000000 -26.757971 93.407579
v -48.000000 -27.499148 92.695669
v -48.000000 -29.036919 97.749752
v -48.000000 -28.741937 97.737865
v -48.000000 -28.889269 97.747770
v -48.000000 -27.754817 97.451942
v -48.000000 -27.888224 97.515244
v -48.000000 -27.148943 97.033737
v -48.000000 -27.148943 92.966263
v -48.000000 -27.042447 93.068553
v -48.000000 -28.595350 97.720066
v -48.000000 -28.024837 97.571295
v -48.000000 -28.164261 97.619931
v -48.000000 -28.449929 97.694424
v -48.000000 -28.306095 97.661014
v -38.000000 -31.750000 95.000000
v -38.000000 -31.746036 94.852389
v -38.000000 -31.734154 94.705204
v -38.000000 -31.714388 94.558869
v -38.000000 -31.686797 94.413806
v -38.000000 -31.651458 94.270433
v -38.000000 -31.608475 94.129163
v -38.000000 -31.557971 93.990404
v -38.000000 -31.500092 93.854556
v -38.000000 -31.435004 93.722011
v -38.000000 -31.362896 93.593151
v -38.000000 -31.283974 93.468347
v -38.000000 -31.198468 93.347959
v -38.000000 -31.106622 93.232334
v -38.000000 -31.008703 93.121806
v -38.000000 -30.904992 93.016693
v -38.000000 -30.795788 92.917299
v -38.000000 -30.681407 92.823910
v -38.000000 -30.562178 92.736794
v -38.000000 -30.438445 92.656205
v -38.000000 -30.310564 92.582373
v -38.000000 -30.178905 92.515511
v -38.000000 -30.043846 92.455813
v -38.000000 -29.905778 92.403451
v -38.000000 -29.765098 92.358575
v -38.000000 -29.622212 92.321315
v -38.000000 -29.477532 92.291779
v -38.000000 -29.331476 92.270051
v -38.000000 -29.184464 92.256194
v -38.000000 -28.889269 92.252230
v -38.000000 -29.036919 92.250248
v -38.000000 -28.741937 92.262135
v -38.000000 -28.595350 92.279934
v -38.000000 -28.449929 92.305576
v -38.000000 -28.306095 92.338986
v -38.000000 -28.164261 92.380069
v -38.000000 -28.024837 92.428705
v -38.000000 -27.888224 92.484756
v -38.000000 -27.754817 92.548058
v -38.000000 -27.625000 92.618430
v -38.000000 -27.499148 92.695669
v -38.000000 -27.377623 92.779552
v -38.000000 -27.260775 92.869836
v -38.000000 -27.148943 92.966263
v -38.000000 -27.042447 93.068553
v -38.000000 -26.941595 93.176413
v -38.000000 -26.846679 93.289530
v -38.000000 -26.757971 93.407579
v -38.000000 -26.675727 93.530219
v -38.000000 -26.600185 93.657097
v -38.000000 -26.531562 93.787847
v -38.000000 -26.470057 93.922092
v -38.000000 -26.415845 94.059445
v -38.000000 -26.369085 94.199509
v -38.000000 -26.329910 94.341882
v -38.000000 -26.298434 94.486152
v -38.000000 -26.274747 94.631904
v -38.000000 -26.258917 94.778717
v -38.000000 -26.250991 94.926168
v -38.000000 -26.250991 95.073832
v -38.000000 -26.258917 95.221283
v -38.000000 -26.274747 95.368096
v -38.000000 -26.298434 95.513848
v -38.000000 -26.329910 95.658118
v -38.000000 -26.369085 95.800491
v -38.000000 -26.415845 95.940555
v -38.000000 -26.470057 96.077908
v -38.000000 -26.531562 96.212153
v -38.000000 -26.600185 96.342903
v -38.000000 -26.675727 96.469781
v -38.000000 -26.757971 96.592421
v -38.000000 -26.846679 96.710470
v -38.000000 -26.941595 96.823587
v -38.000000 -27.042447 96.931447
v -38.000000 -27.148943 97.033737
v -38.000000 -27.260775 97.130164
v -38.000000 -27.377623 97.220448
v -38.000000 -27.499148 97.304331
v -38.000000 -27.625000 97.381570
v -38.000000 -27.754817 97.451942
v -38.000000 -27.888224 97.515244
v -38.000000 -28.024837 97.571295
v -38.000000 -28.164261 97.619931
v -38.000000 -28.306095 97.661014
v -38.000000 -28.449929 97.694424
v -38.000000 -28.595350 97.720066
v -38.000000 -28.741937 97.737865
v -38.000000 -28.889269 97.747770
v -38.000000 -29.000000 97.750000
v -38.000000 -29.036919 97.749752
v -38.000000 -29.184464 97.743806
v -38.000000 -29.331476 97.729949
v -38.000000 -29.477532 97.708221
v -38.000000 -29.622212 97.678685
v -38.000000 -29.765098 97.641425
v -38.000000 -29.905778 97.596549
v -38.000000 -30.043846 97.544187
v -38.000000 -30.178905 97.484489
v -38.000000 -30.310564 97.417627
v -38.000000 -30.438445 97.343795
v -38.000000 -30.562178 97.263206
v -38.000000 -30.681407 97.176090
v -38.000000 -30.795788 97.082701
v -38.000000 -30.904992 96.983307
v -38.000000 -31.008703 96.878194
v -38.000000 -31.106622 96.767666
v -38.000000 -31.198468 96.652041
v -38.000000 -31.283974 96.531653
v -38.000000 -31.362896 96.406849
v -38.000000 -31.435004 96.277989
v -38.000000 -31.500092 96.145444
v -38.000000 -31.557971 96.009596
v -38.000000 -31.608475 95.870837
v -38.000000 -31.651458 95.729567
v -38.000000 -31.686797 95.586194
v -38.000000 -31.714388 95.441131
v -38.000000 -31.734154 95.294796
v -38.000000 -31.746036 95.147611
v -38.000000 -22.000000 100.000000
v -38.000000 -22.000000 90.000000
v -38.000000 -36.000000 90.000000
v -38.000000 -34.470208 90.000000
v -38.000000 -36.000000 100.000000
v -24.200946 -22.000000 100.000000
v -12.000000 -22.000000 90.000000
v 24.200946 -22.000000 90.000000
v 38.000000 -22.000000 100.000000
v -24.200946 -22.000000 90.000000
v 38.000000 -22.000000 90.000000
v -24.200946 -36.000000 100.000000
v 38.000000 -36.000000 100.000000
v 24.200946 -36.000000 90.000000
v -12.000000 -36.000000 90.000000
v 38.000000 -36.000000 90.000000
v -24.200946 -36.000000 90.000000
v 38.000000 -26.250991 94.926168
v 38.000000 -26.250991 95.073832
v 38.000000 -26.258917 94.778717
v 38.000000 -26.258917 95.221283
v 38.000000 -26.274747 94.631904
v 38.000000 -26.298434 95.513848
v 38.000000 -26.329910 95.658118
v 38.000000 -26.274747 95.368096
v 38.000000 -31.734154 94.705204
v 38.000000 -31.714388 94.558869
v 38.000000 -31.750000 95.000000
v 38.000000 -31.714388 95.441131
v 38.000000 -31.734154 95.294796
v 38.000000 -26.369085 95.800491
v 38.000000 -26.298434 94.486152
v 38.000000 -26.369085 94.199509
v 38.000000 -26.329910 94.341882
v 38.000000 -31.746036 94.852389
v 38.000000 -31.746036 95.147611
v 38.000000 -31.686797 95.586194
v 38.000000 -31.608475 95.870837
v 38.000000 -31.651458 95.729567
v 38.000000 -26.531562 96.212153
v 38.000000 -26.600185 96.342903
v 38.000000 -26.415845 95.940555
v 38.000000 -26.470057 96.077908
v 38.000000 -26.415845 94.059445
v 38.000000 -34.470208 90.000000
v 38.000000 -29.036919 92.250248
v 38.000000 -29.000000 92.250000
v 38.000000 -31.557971 93.990404
v 38.000000 -31.500092 93.854556
v 38.000000 -31.651458 94.270433
v 38.000000 -31.608475 94.129163
v 38.000000 -31.008703 96.878194
v 38.000000 -31.106622 96.767666
v 38.000000 -30.562178 97.263206
v 38.000000 -30.681407 97.176090
v 38.000000 -26.531562 93.787847
v 38.000000 -26.470057 93.922092
v 38.000000 -26.675727 93.530219
v 38.000000 -26.600185 93.657097
v 38.000000 -28.889269 92.252230
v 38.000000 -31.198468 93.347959
v 38.000000 -31.106622 93.232334
v 38.000000 -31.435004 93.722011
v 38.000000 -31.362896 93.593151
v 38.000000 -30.904992 96.983307
v 38.000000 -30.795788 97.082701
v 38.000000 -26.941595 93.176413
v 38.000000 -26.846679 93.289530
v 38.000000 -29.184464 92.256194
v 38.000000 -31.686797 94.413806
v 38.000000 -31.198468 96.652041
v 38.000000 -31.283974 96.531653
v 38.000000 -30.043846 97.544187
v 38.000000 -30.178905 97.484489
v 38.000000 -28.889269 97.747770
v 38.000000 -29.036919 97.749752
v 38.000000 -26.757971 93.407579
v 38.000000 -27.148943 92.966263
v 38.000000 -27.042447 93.068553
v 38.000000 -31.008703 93.121806
v 38.000000 -30.904992 93.016693
v 38.000000 -31.283974 93.468347
v 38.000000 -31.362896 96.406849
v 38.000000 -31.435004 96.277989
v 38.000000 -30.310564 97.417627
v 38.000000 -28.741937 97.737865
v 38.000000 -27.754817 97.451942
v 38.000000 -27.888224 97.515244
v 38.000000 -27.499148 97.304331
v 38.000000 -27.625000 97.381570
v 38.000000 -27.148943 97.033737
v 38.000000 -27.260775 97.130164
v 38.000000 -26.675727 96.469781
v 38.000000 -28.306095 92.338986
v 38.000000 -28.164261 92.380069
v 38.000000 -28.741937 92.262135
v 38.000000 -30.795788 92.917299
v 38.000000 -30.438445 97.343795
v 38.000000 -29.765098 97.641425
v 38.000000 -29.905778 97.596549
v 38.000000 -29.477532 97.708221
v 38.000000 -29.622212 97.678685
v 38.000000 -28.595350 97.720066
v 38.000000 -28.024837 97.571295
v 38.000000 -28.164261 97.619931
v 38.000000 -27.377623 97.220448
v 38.000000 -26.757971 96.592421
v 38.000000 -26.846679 96.710470
v 38.000000 -27.499148 92.695669
v 38.000000 -27.377623 92.779552
v 38.000000 -28.449929 92.305576
v 38.000000 -28.595350 92.279934
v 38.000000 -29.765098 92.358575
v 38.000000 -29.622212 92.321315
v 38.000000 -30.043846 92.455813
v 38.000000 -29.905778 92.403451
v 38.000000 -30.310564 92.582373
v 38.000000 -30.178905 92.515511
v 38.000000 -30.681407 92.823910
v 38.000000 -30.562178 92.736794
v 38.000000 -29.184464 97.743806
v 38.000000 -29.331476 97.729949
v 38.000000 -28.449929 97.694424
v 38.000000 -28.306095 97.661014
v 38.000000 -26.941595 96.823587
v 38.000000 -27.042447 96.931447
v 38.000000 -27.260775 92.869836
v 38.000000 -27.754817 92.548058
v 38.000000 -27.625000 92.618430
v 38.000000 -28.024837 92.428705
v 38.000000 -27.888224 92.484756
v 38.000000 -29.477532 92.291779
v 38.000000 -29.331476 92.270051
v 38.000000 -30.438445 92.656205
v 38.000000 -31.500092 96.145444
v 38.000000 -31.557971 96.009596
v 48.000000 -31.746036 95.147611
v 48.000000 -31.750000 95.000000
v 48.000000 -31.734154 95.294796
v 48.000000 -31.714388 95.441131
v 48.000000 -31.686797 95.586194
v 48.000000 -31.651458 95.729567
v 48.000000 -31.608475 95.870837
v 48.000000 -31.557971 96.009596
v 48.000000 -31.500092 96.145444
v 48.000000 -31.435004 96.277989
v 48.000000 -31.362896 96.406849
v 48.000000 -31.283974 96.531653
v 48.000000 -31.198468 96.652041
v 48.000000 -31.106622 96.767666
v 48.000000 -31.008703 96.878194
v 48.000000 -30.904992 96.983307
v 48.000000 -30.795788 97.082701
v 48.000000 -30.681407 97.176090
v 48.000000 -30.562178 97.263206
v 48.000000 -30.438445 97.343795
v 48.000000 -30.310564 97.417627
v 48.000000 -30.178905 97.484489
v 48.000000 -30.043846 97.544187
v 48.000000 -29.905778 97.596549
v 48.000000 -29.765098 97.641425
v 48.000000 -29.622212 97.678685
v 48.000000 -29.477532 97.708221
v 48.000000 -29.331476 97.729949
v 48.000000 -29.184464 97.743806
v 48.000000 -29.036919 97.749752
v 48.000000 -28.889269 97.747770
v 48.000000 -28.741937 97.737865
v 48.000000 -28.595350 97.720066
v 48.000000 -28.449929 97.694424
v 48.000000 -28.306095 97.661014
v 48.000000 -28.164261 97.619931
v 48.000000 -28.024837 97.571295
v 48.000000 -27.888224 97.515244
v 48.000000 -27.754817 97.451942
v 48.000000 -27.625000 97.381570
v 48.000000 -27.499148 97.304331
v 48.000000 -27.377623 97.220448
v 48.000000 -27.260775 97.130164
v 48.000000 -27.148943 97.033737
v 48.000000 -27.042447 96.931447
v 48.000000 -26.941595 96.823587
v 48.000000 -26.846679 96.710470
v 48.000000 -26.757971 96.592421
v 48.000000 -26.675727 96.469781
v 48.000000 -26.600185 96.342903
v 48.000000 -26.531562 96.212153
v 48.000000 -26.470057 96.077908
v 48.000000 -26.415845 95.940555
v 48.000000 -26.369085 95.800491
v 48.000000 -26.329910 95.658118
v 48.000000 -26.298434 95.513848
v 48.000000 -26.274747 95.368096
v 48.000000 -26.258917 95.221283
v 48.000000 -26.250991 95.073832
v 48.000000 -26.250991 94.926168
v 48.000000 -26.258917 94.778717
v 48.000000 -26.274747 94.631904
v 48.000000 -26.298434 94.486152
v 48.000000 -26.329910 94.341882
v 48.000000 -26.369085 94.199509
v 48.000000 -26.415845 94.059445
v 48.000000 -26.470057 93.922092
v 48.000000 -26.531562 93.787847
v 48.000000 -26.600185 93.657097
v 48.000000 -26.675727 93.530219
v 48.000000 -26.757971 93.407579
v 48.000000 -26.846679 93.289530
v 48.000000 -26.941595 93.176413
v 48.000000 -27.042447 93.068553
v 48.000000 -27.148943 92.966263
v 48.000000 -27.260775 92.869836
v 48.000000 -27.377623 92.779552
v 48.000000 -27.499148 92.695669
v 48.000000 -27.625000 92.618430
v 48.000000 -27.754817 92.548058
v 48.000000 -27.888224 92.484756
v 48.000000 -28.024837 92.428705
v 48.000000 -28.164261 92.380069
v 48.000000 -28.306095 92.338986
v 48.000000 -28.449929 92.305576
v 48.000000 -28.595350 92.279934
v 48.000000 -28.741937 92.262135
v 48.000000 -28.889269 92.252230
v 48.000000 -29.036919 92.250248
v 48.000000 -29.000000 92.250000
v 48.000000 -29.184464 92.256194
v 48.000000 -29.331476 92.270051
v 48.000000 -29.477532 92.291779
v 48.000000 -29.622212 92.321315
v 48.000000 -29.765098 92.358575
v 48.000000 -29.905778 92.403451
v 48.000000 -30.043846 92.455813
v 48.000000 -30.178905 92.515511
v 48.000000 -30.310564 92.582373
v 48.000000 -30.438445 92.656205
v 48.000000 -30.562178 92.736794
v 48.000000 -30.681407 92.823910
v 48.000000 -30.795788 92.917299
v 48.000000 -30.904992 93.016693
v 48.000000 -31.008703 93.121806
v 48.000000 -31.106622 93.232334
v 48.000000 -31.198468 93.347959
v 48.000000 -31.283974 93.468347
v 48.000000 -31.362896 93.593151
v 48.000000 -31.435004 93.722011
v 48.000000 -31.500092 93.854556
v 48.000000 -31.557971 93.990404
v 48.000000 -31.608475 94.129163
v 48.000000 -31.651458 94.270433
v 48.000000 -31.686797 94.413806
v 48.000000 -31.714388 94.558869
v 48.000000 -31.734154 94.705204
v 48.000000 -31.746036 94.852389
v -37.084492 74.881378 100.000000
v -37.011274 75.043876 100.000000
v -37.401893 73.319821 100.000000
v -37.397922 73.498008 100.000000
v -36.182662 70.444526 100.000000
v -36.307987 70.571255 100.000000
v -36.930890 75.202951 100.000000
v -37.150399 74.715780 100.000000
v -37.208863 74.547410 100.000000
v -37.259769 74.376603 100.000000
v -37.303016 74.203697 100.000000
v -36.051817 70.323506 100.000000
v -33.446453 69.320069 100.000000
v -33.624586 69.326025 100.000000
v -29.623216 72.007722 100.000000
v -29.685417 71.840696 100.000000
v -29.754997 74.963035 100.000000
v -29.685417 74.798946 100.000000
v -29.915726 75.281106 100.000000
v -29.831817 75.123862 100.000000
v -33.090278 77.307665 100.000000
v -33.268233 77.317587 100.000000
v -33.624586 77.313617 100.000000
v -36.648406 75.656518 100.000000
v -36.541090 75.798821 100.000000
v -36.749275 75.509577 100.000000
v -37.338517 74.029037 100.000000
v -37.386017 73.675842 100.000000
v -37.366203 73.852969 100.000000
v -35.324220 69.812021 100.000000
v -35.478573 69.901137 100.000000
v -33.802275 69.339910 100.000000
v -33.090278 69.331977 100.000000
v -33.268233 69.322055 100.000000
v -29.754997 71.676607 100.000000
v -29.831817 71.515781 100.000000
v -30.208245 75.728267 100.000000
v -30.104126 75.583609 100.000000
v -30.435284 76.002960 100.000000
v -30.318704 75.868143 100.000000
v -32.216790 77.140231 100.000000
v -32.388154 77.189231 100.000000
v -32.736575 77.264102 100.000000
v -33.446453 77.319573 100.000000
v -35.774612 76.540101 100.000000
v -35.915710 76.431207 100.000000
v -36.427542 75.936201 100.000000
v -36.427542 70.703441 100.000000
v -36.541090 70.840821 100.000000
v -35.628803 69.997040 100.000000
v -35.774612 70.099541 100.000000
v -34.839524 69.587099 100.000000
v -35.004378 69.654846 100.000000
v -32.736575 69.375540 100.000000
v -32.912941 69.349818 100.000000
v -30.318704 70.771499 100.000000
v -30.435284 70.636682 100.000000
v -30.006556 71.205185 100.000000
v -30.104126 71.056033 100.000000
v -29.915726 71.358536 100.000000
v -30.006556 75.434457 100.000000
v -32.561530 77.230549 100.000000
v -32.912941 77.289824 100.000000
v -33.802275 77.299732 100.000000
v -36.051817 76.316136 100.000000
v -36.307987 76.068387 100.000000
v -36.843499 75.358288 100.000000
v -37.208863 72.092232 100.000000
v -37.259769 72.263039 100.000000
v -37.084492 71.758264 100.000000
v -37.150399 71.923862 100.000000
v -36.648406 70.983124 100.000000
v -35.915710 70.208435 100.000000
v -35.166050 69.729870 100.000000
v -34.501586 69.473956 100.000000
v -34.671816 69.526762 100.000000
v -33.979171 69.361696 100.000000
v -32.388154 69.450411 100.000000
v -32.561530 69.409093 100.000000
v -32.047780 69.555996 100.000000
v -32.216790 69.499411 100.000000
v -30.685872 70.383287 100.000000
v -30.819381 70.265212 100.000000
v -30.557755 70.507193 100.000000
v -30.208245 70.911375 100.000000
v -29.401893 73.319821 100.000000
v -29.402886 73.230705 100.000000
v -29.410825 73.586992 100.000000
v -29.402886 73.408937 100.000000
v -29.623216 74.631920 100.000000
v -29.568518 74.462290 100.000000
v -30.685872 76.256355 100.000000
v -30.557755 76.132449 100.000000
v -31.881457 77.019588 100.000000
v -32.047780 77.083646 100.000000
v -33.979171 77.277946 100.000000
v -35.166050 76.909772 100.000000
v -35.324220 76.827621 100.000000
v -36.182662 76.195116 100.000000
v -37.397922 73.141634 100.000000
v -37.386017 72.963800 100.000000
v -37.338517 72.610605 100.000000
v -37.366203 72.786673 100.000000
v -37.303016 72.435945 100.000000
v -36.930890 71.436691 100.000000
v -37.011274 71.595766 100.000000
v -36.843499 71.281354 100.000000
v -34.154919 69.391342 100.000000
v -34.329173 69.428786 100.000000
v -31.718154 69.691457 100.000000
v -31.881457 69.620054 100.000000
v -29.521430 72.349251 100.000000
v -29.568518 72.177352 100.000000
v -29.410825 73.052650 100.000000
v -29.426689 73.764516 100.000000
v -29.482046 74.116565 100.000000
v -29.450445 73.941157 100.000000
v -29.521430 74.290391 100.000000
v -34.154919 77.248300 100.000000
v -34.671816 77.112880 100.000000
v -34.839524 77.052543 100.000000
v -35.004378 76.984796 100.000000
v -35.478573 76.738505 100.000000
v -35.628803 76.642602 100.000000
v -36.749275 71.130065 100.000000
v -30.958018 70.153202 100.000000
v -31.101507 70.047478 100.000000
v -29.482046 72.523077 100.000000
v -29.426689 72.875126 100.000000
v -29.450445 72.698485 100.000000
v -31.249563 76.691390 100.000000
v -31.101507 76.592164 100.000000
v -34.329173 77.210856 100.000000
v -34.501586 77.165686 100.000000
v -31.401893 69.855719 100.000000
v -31.558193 69.770065 100.000000
v -31.249563 69.948252 100.000000
v -30.958018 76.486440 100.000000
v -30.819381 76.374430 100.000000
v -31.401893 76.783923 100.000000
v -31.718154 76.948185 100.000000
v -31.558193 76.869578 100.000000
v 13.262080 13.605779 100.000000
v 13.537745 13.331522 100.000000
v -17.926892 -6.294961 100.000000
v -18.051964 -5.926770 100.000000
v 12.980861 13.874338 100.000000
v -18.879753 2.134225 100.000000
v -18.832122 2.520152 100.000000
v -18.991047 0.583201 100.000000
v -18.999005 -0.194427 100.000000
v -18.999005 0.194427 100.000000
v -18.975135 -0.971730 100.000000
v -18.991047 -0.583201 100.000000
v -17.794312 -6.660516 100.000000
v -17.506849 -7.383105 100.000000
v -17.654278 -7.023281 100.000000
v -15.858422 -10.464724 100.000000
v -16.069261 -10.137991 100.000000
v 13.537745 -13.331522 100.000000
v 13.262080 -13.605779 100.000000
v 13.807739 13.051680 100.000000
v 14.071949 12.766372 100.000000
v 12.694204 14.137085 100.000000
v -18.051964 5.926770 100.000000
v -17.926892 6.294961 100.000000
v -18.279375 5.183094 100.000000
v -18.169475 5.556095 100.000000
v -18.776604 2.905023 100.000000
v -18.951274 1.359852 100.000000
v -18.919476 1.747405 100.000000
v -18.975135 0.971730 100.000000
v -18.169475 -5.556095 100.000000
v -17.352088 -7.739836 100.000000
v -15.640940 -10.787075 100.000000
v -13.122158 -13.740778 100.000000
v -13.400614 -13.469356 100.000000
v 0.291635 -18.997762 100.000000
v -0.000000 -19.000000 100.000000
v 8.530402 -16.977404 100.000000
v 8.181173 -17.148423 100.000000
v 9.217995 -16.614107 100.000000
v 8.876057 -16.799274 100.000000
v 9.890146 -16.222978 100.000000
v 9.556072 -16.421982 100.000000
v 10.545728 -15.804671 100.000000
v 10.220078 -16.017179 100.000000
v 13.807739 -13.051680 100.000000
v 15.302463 -11.262087 100.000000
v 15.068780 -11.572893 100.000000
v 14.828786 11.878852 100.000000
v 15.068780 11.572893 100.000000
v 14.330266 12.475716 100.000000
v 14.582580 12.179835 100.000000
v -6.569383 17.828158 100.000000
v -6.203155 17.958866 100.000000
v -8.005265 17.231243 100.000000
v -7.650951 17.391462 100.000000
v -10.055638 16.120922 100.000000
v -9.723618 16.323335 100.000000
v -13.122158 13.740778 100.000000
v -12.838205 14.006445 100.000000
v -13.673458 13.192292 100.000000
v -13.400614 13.469356 100.000000
v -16.470661 9.471923 100.000000
v -16.273369 9.807010 100.000000
v -16.844469 8.789986 100.000000
v -16.661054 9.132867 100.000000
v -17.506849 7.383105 100.000000
v -17.352088 7.739836 100.000000
v -17.794312 6.660516 100.000000
v -17.654278 7.023281 100.000000
v -18.562968 4.051693 100.000000
v -18.476163 4.430735 100.000000
v -18.713220 3.288677 100.000000
v -18.641998 3.670954 100.000000
v -18.476163 -4.430735 100.000000
v -18.562968 -4.051693 100.000000
v -18.279375 -5.183094 100.000000
v -18.381618 -4.807922 100.000000
v -16.661054 -9.132867 100.000000
v -16.844469 -8.789986 100.000000
v -16.273369 -9.807010 100.000000
v -13.673458 -13.192292 100.000000
v -11.025880 -15.473525 100.000000
v -11.340236 -15.244640 100.000000
v -9.723618 -16.323335 100.000000
v -10.055638 -16.120922 100.000000
v -0.097215 -18.999751 100.000000
v -0.486024 -18.993783 100.000000
v 7.472583 -17.468844 100.000000
v 7.113519 -17.618111 100.000000
v 12.105062 -14.644708 100.000000
v 11.802824 -14.889371 100.000000
v 12.980861 -13.874338 100.000000
v 14.582580 -12.179835 100.000000
v 14.330266 -12.475716 100.000000
v 14.828786 -11.878852 100.000000
v 15.302463 11.262087 100.000000
v 12.105062 14.644708 100.000000
v 12.402231 14.393911 100.000000
v 11.495641 15.127797 100.000000
v 11.802824 14.889371 100.000000
v 10.866962 15.585543 100.000000
v 11.183644 15.359886 100.000000
v -2.423763 18.844770 100.000000
v -2.037598 18.890426 100.000000
v -6.932860 17.689982 100.000000
v -7.293433 17.544396 100.000000
v -10.383447 15.911758 100.000000
v -12.548875 14.266245 100.000000
v -12.254288 14.520070 100.000000
v -14.457180 12.328421 100.000000
v -14.201851 12.621705 100.000000
v -17.190058 8.093325 100.000000
v -17.020828 8.443424 100.000000
v -18.381618 4.807922 100.000000
v -18.713220 -3.288677 100.000000
v -18.776604 -2.905023 100.000000
v -17.190058 -8.093325 100.000000
v -17.020828 -8.443424 100.000000
v -16.470661 -9.471923 100.000000
v -15.186417 -11.418088 100.000000
v -15.416907 -11.104907 100.000000
v -14.706453 -12.029973 100.000000
v -14.949566 -11.726487 100.000000
v -14.201851 -12.621705 100.000000
v -14.457180 -12.328421 100.000000
v -13.940574 -12.909702 100.000000
v -11.954569 -14.767812 100.000000
v -12.254288 -14.520070 100.000000
v -11.649842 -15.009369 100.000000
v -9.387525 -16.518910 100.000000
v -5.834328 -18.082052 100.000000
v -6.203155 -17.958866 100.000000
v -0.874629 -18.979858 100.000000
v 0.680362 -18.987815 100.000000
v 1.068805 -18.969914 100.000000
v 1.844185 -18.910288 100.000000
v 1.456800 -18.944069 100.000000
v 3.384382 -18.696148 100.000000
v 3.001057 -18.761494 100.000000
v 6.751475 -17.760000 100.000000
v 6.386603 -17.894449 100.000000
v 7.828518 -17.312259 100.000000
v 11.183644 -15.359886 100.000000
v 10.866962 -15.585543 100.000000
v 12.402231 -14.393911 100.000000
v 14.071949 -12.766372 100.000000
v 15.964677 -10.301897 100.000000
v 15.750506 -10.626456 100.000000
v 16.172162 9.973023 100.000000
v 16.372873 9.639971 100.000000
v 15.529737 10.946564 100.000000
v 15.750506 10.626456 100.000000
v 10.545728 15.804671 100.000000
v 9.890146 16.222978 100.000000
v 10.220078 16.017179 100.000000
v 1.844185 18.910288 100.000000
v 2.230797 18.868586 100.000000
v 1.456800 18.944069 100.000000
v -1.262869 18.957984 100.000000
v -0.874629 18.979858 100.000000
v -1.650579 18.928169 100.000000
v -8.703685 16.889223 100.000000
v -8.356225 17.063807 100.000000
v -10.706906 15.695928 100.000000
v -11.340236 15.244640 100.000000
v -11.025880 15.473525 100.000000
v -11.954569 14.767812 100.000000
v -13.940574 12.909702 100.000000
v -14.706453 12.029973 100.000000
v -18.919476 -1.747405 100.000000
v -18.951274 -1.359852 100.000000
v -18.832122 -2.520152 100.000000
v -18.879753 -2.134225 100.000000
v -18.641998 -3.670954 100.000000
v -12.548875 -14.266245 100.000000
v -12.838205 -14.006445 100.000000
v -10.383447 -15.911758 100.000000
v -10.706906 -15.695928 100.000000
v -9.047500 -16.707565 100.000000
v -6.569383 -17.828158 100.000000
v -1.650579 -18.928169 100.000000
v -2.037598 -18.890426 100.000000
v -1.262869 -18.957984 100.000000
v 2.230797 -18.868586 100.000000
v 2.616475 -18.818981 100.000000
v 5.276554 -18.252616 100.000000
v 4.901910 -18.356778 100.000000
v 6.019056 -18.021403 100.000000
v 11.495641 -15.127797 100.000000
v 12.694204 -14.137085 100.000000
v 15.529737 -10.946564 100.000000
v 16.753639 8.961896 100.000000
v 16.933535 8.617156 100.000000
v 15.964677 10.301897 100.000000
v 9.556072 16.421982 100.000000
v 8.876057 16.799274 100.000000
v 9.217995 16.614107 100.000000
v 3.001057 18.761494 100.000000
v 3.384382 18.696148 100.000000
v 2.616475 18.818981 100.000000
v -3.192887 18.729802 100.000000
v -2.808913 18.791222 100.000000
v -9.387525 16.518910 100.000000
v -9.047500 16.707565 100.000000
v -11.649842 15.009369 100.000000
v -15.186417 11.418088 100.000000
v -14.949566 11.726487 100.000000
v -15.640940 10.787075 100.000000
v -15.416907 11.104907 100.000000
v -16.069261 10.137991 100.000000
v -15.858422 10.464724 100.000000
v -8.356225 -17.063807 100.000000
v -8.703685 -16.889223 100.000000
v -5.463057 -18.197665 100.000000
v -4.713808 -18.405978 100.000000
v -5.089498 -18.305655 100.000000
v -2.423763 -18.844770 100.000000
v -2.808913 -18.791222 100.000000
v 4.146619 -18.541994 100.000000
v 3.766289 -18.622971 100.000000
v 4.525212 -18.453251 100.000000
v 17.861537 -6.478078 100.000000
v 17.725223 -6.842257 100.000000
v 16.566725 9.302882 100.000000
v 8.530402 16.977404 100.000000
v 6.019056 18.021403 100.000000
v 6.386603 17.894449 100.000000
v 4.901910 18.356778 100.000000
v 5.276554 18.252616 100.000000
v 3.766289 18.622971 100.000000
v 4.146619 18.541994 100.000000
v -0.486024 18.993783 100.000000
v -3.575523 18.660537 100.000000
v -6.932860 -17.689982 100.000000
v -7.293433 -17.544396 100.000000
v -3.192887 -18.729802 100.000000
v -3.575523 -18.660537 100.000000
v 5.648988 -18.140808 100.000000
v 16.566725 -9.302882 100.000000
v 16.372873 -9.639971 100.000000
v 17.581484 -7.203570 100.000000
v 17.990370 -6.111185 100.000000
v 18.225379 5.369876 100.000000
v 18.331456 4.995769 100.000000
v 17.990370 6.111185 100.000000
v 18.111668 5.741733 100.000000
v 6.751475 17.760000 100.000000
v 5.648988 18.140808 100.000000
v 0.680362 18.987815 100.000000
v 1.068805 18.969914 100.000000
v -4.336143 18.498591 100.000000
v -3.956661 18.583456 100.000000
v -3.956661 -18.583456 100.000000
v -4.336143 -18.498591 100.000000
v 16.172162 -9.973023 100.000000
v 17.271977 -7.916995 100.000000
v 17.106339 -8.268807 100.000000
v 17.430381 -7.561866 100.000000
v 18.111668 -5.741733 100.000000
v 18.520535 -4.241436 100.000000
v 18.429855 -4.619570 100.000000
v 18.964198 1.165852 100.000000
v 18.984085 0.777506 100.000000
v 17.725223 6.842257 100.000000
v 17.861537 6.478078 100.000000
v 7.828518 17.312259 100.000000
v 8.181173 17.148423 100.000000
v 7.113519 17.618111 100.000000
v 7.472583 17.468844 100.000000
v 4.525212 18.453251 100.000000
v -0.097215 18.999751 100.000000
v 0.291635 18.997762 100.000000
v -7.650951 -17.391462 100.000000
v -8.005265 -17.231243 100.000000
v 16.933535 -8.617156 100.000000
v 16.753639 -8.961896 100.000000
v 18.225379 -5.369876 100.000000
v 18.331456 -4.995769 100.000000
v 18.678587 -3.479998 100.000000
v 18.603457 -3.861526 100.000000
v 18.805348 -2.712729 100.000000
v 18.745893 -3.097012 100.000000
v 18.996021 -0.388834 100.000000
v 18.984085 -0.777506 100.000000
v 18.936367 1.553710 100.000000
v 18.856925 2.327310 100.000000
v 18.900604 1.940917 100.000000
v 18.745893 3.097012 100.000000
v 18.805348 2.712729 100.000000
v 17.106339 8.268807 100.000000
v 17.271977 7.916995 100.000000
v -5.089498 18.305655 100.000000
v -4.713808 18.405978 100.000000
v -5.834328 18.082052 100.000000
v -5.463057 18.197665 100.000000
v 18.964198 -1.165852 100.000000
v 18.936367 -1.553710 100.000000
v 19.000000 0.000000 100.000000
v 18.996021 0.388834 100.000000
v 18.678587 3.479998 100.000000
v 17.581484 7.203570 100.000000
v 17.430381 7.561866 100.000000
v 18.900604 -1.940917 100.000000
v 18.856925 -2.327310 100.000000
v 18.603457 3.861526 100.000000
v 18.429855 4.619570 100.000000
v 18.520535 4.241436 100.000000
v -4.749101 51.563983 100.000000
v -4.683167 51.751554 100.000000
v -4.346601 52.471246 100.000000
v -4.244917 52.642098 100.000000
v -4.529202 52.118096 100.000000
v -4.441413 52.296486 100.000000
v -4.609829 51.936356 100.000000
v -4.136520 52.808772 100.000000
v -4.021583 52.971005 100.000000
v -4.901487 50.987637 100.000000
v -4.858347 51.181722 100.000000
v -4.964460 50.595091 100.000000
v -4.936877 50.791990 100.000000
v -5.000000 50.000000 100.000000
v -4.996047 50.198783 100.000000
v -4.984194 49.602749 100.000000
v -4.996047 49.801217 100.000000
v -4.807525 51.373939 100.000000
v -4.984194 50.397251 100.000000
v -4.964460 49.404909 100.000000
v -4.901487 49.012363 100.000000
v -4.936877 49.208010 100.000000
v -4.749101 48.436017 100.000000
v -4.807525 48.626061 100.000000
v -3.772823 53.281129 100.000000
v -3.639394 53.428529 100.000000
v -4.858347 48.818278 100.000000
v -3.500210 53.570508 100.000000
v -3.355492 53.706841 100.000000
v -2.890460 54.079858 100.000000
v -2.725974 54.191547 100.000000
v -3.900287 53.128540 100.000000
v -4.529202 47.881904 100.000000
v -4.609829 48.063644 100.000000
v -3.355492 46.293159 100.000000
v -3.500210 46.429492 100.000000
v -2.557177 54.296608 100.000000
v -2.384338 54.394876 100.000000
v -3.205468 53.837313 100.000000
v -3.050376 53.961718 100.000000
v -4.683167 48.248446 100.000000
v -4.441413 47.703514 100.000000
v -3.772823 46.718871 100.000000
v -3.900287 46.871460 100.000000
v -3.639394 46.571471 100.000000
v -2.725974 45.808453 100.000000
v -2.890460 45.920142 100.000000
v 4.984194 49.602749 100.000000
v 4.964460 49.404909 100.000000
v 30.054510 75.509577 100.000000
v 30.155380 75.656518 100.000000
v -4.346601 47.528754 100.000000
v -4.136520 47.191228 100.000000
v -4.244917 47.357902 100.000000
v -2.557177 45.703392 100.000000
v -1.844320 45.352583 100.000000
v -2.027627 45.429581 100.000000
v 4.858347 48.818278 100.000000
v 4.807525 48.626061 100.000000
v 4.936877 49.208010 100.000000
v 4.901487 49.012363 100.000000
v 5.000000 50.000000 100.000000
v 4.996047 49.801217 100.000000
v 29.960286 75.358288 100.000000
v -4.021583 47.028995 100.000000
v -3.050376 46.038282 100.000000
v -3.205468 46.162687 100.000000
v -2.384338 45.605124 100.000000
v -2.207727 45.513806 100.000000
v 1.658096 45.282934 100.000000
v 1.469251 45.220743 100.000000
v 4.021583 47.028995 100.000000
v 3.900287 46.871460 100.000000
v 4.244917 47.357902 100.000000
v 4.136520 47.191228 100.000000
v 4.441413 47.703514 100.000000
v 4.346601 47.528754 100.000000
v 4.609829 48.063644 100.000000
v 4.529202 47.881904 100.000000
v 4.749101 48.436017 100.000000
v 4.683167 48.248446 100.000000
v 30.495798 76.068387 100.000000
v 29.594922 74.547410 100.000000
v 29.653386 74.715780 100.000000
v -1.469251 45.220743 100.000000
v -1.658096 45.282934 100.000000
v 1.844320 45.352583 100.000000
v 1.278083 45.166109 100.000000
v 2.384338 45.605124 100.000000
v 2.207727 45.513806 100.000000
v 2.890460 45.920142 100.000000
v 2.725974 45.808453 100.000000
v 3.205468 46.162687 100.000000
v 3.050376 46.038282 100.000000
v 3.772823 46.718871 100.000000
v 30.621123 76.195116 100.000000
v 29.792511 75.043876 100.000000
v 29.872896 75.202951 100.000000
v 29.719293 74.881378 100.000000
v 29.500769 74.203697 100.000000
v 29.544016 74.376603 100.000000
v 29.417768 73.675842 100.000000
v 29.437583 73.852969 100.000000
v -2.207727 54.486194 100.000000
v -2.027627 54.570419 100.000000
v -0.693678 45.048353 100.000000
v -0.889989 45.079846 100.000000
v -0.298076 45.008893 100.000000
v -0.496269 45.024689 100.000000
v 1.084894 45.119118 100.000000
v 2.027627 45.429581 100.000000
v 3.639394 46.571471 100.000000
v 3.500210 46.429492 100.000000
v 30.262695 75.798821 100.000000
v 29.465268 74.029037 100.000000
v -1.084894 45.119118 100.000000
v -1.278083 45.166109 100.000000
v 0.889989 45.079846 100.000000
v 2.557177 45.703392 100.000000
v 3.355492 46.293159 100.000000
v 30.888076 76.431207 100.000000
v 31.029174 76.540101 100.000000
v 30.376243 75.936201 100.000000
v 29.594922 72.092232 100.000000
v 29.544016 72.263039 100.000000
v 31.325213 69.901137 100.000000
v 31.174982 69.997040 100.000000
v 31.479566 69.812021 100.000000
v 0.298076 45.008893 100.000000
v 0.099411 45.000988 100.000000
v 0.693678 45.048353 100.000000
v 0.496269 45.024689 100.000000
v 31.174982 76.642602 100.000000
v 31.325213 76.738505 100.000000
v 30.751969 76.316136 100.000000
v 29.401893 73.319821 100.000000
v 29.405864 73.498008 100.000000
v 29.417768 72.963800 100.000000
v 29.405864 73.141634 100.000000
v 29.653386 71.923862 100.000000
v 29.500769 72.435945 100.000000
v -0.099411 45.000988 100.000000
v 37.282356 74.290391 100.000000
v 37.235268 74.462290 100.000000
v 31.479566 76.827621 100.000000
v 29.465268 72.610605 100.000000
v 29.437583 72.786673 100.000000
v 30.888076 70.208435 100.000000
v 30.751969 70.323506 100.000000
v 31.637735 69.729870 100.000000
v 4.807525 51.373939 100.000000
v 33.713508 69.331977 100.000000
v 4.609829 51.936356 100.000000
v 4.683167 51.751554 100.000000
v 4.441413 52.296486 100.000000
v 4.529202 52.118096 100.000000
v 4.346601 52.471246 100.000000
v 33.535553 69.322055 100.000000
v 4.021583 52.971005 100.000000
v 4.136520 52.808772 100.000000
v 3.639394 53.428529 100.000000
v 3.772823 53.281129 100.000000
v 37.392960 73.586992 100.000000
v 37.377097 73.764516 100.000000
v 37.353341 73.941157 100.000000
v 37.321740 74.116565 100.000000
v 37.180569 74.631920 100.000000
v 37.118368 74.798946 100.000000
v 37.048788 74.963035 100.000000
v 31.637735 76.909772 100.000000
v 31.799408 76.984796 100.000000
v 29.872896 71.436691 100.000000
v 29.792511 71.595766 100.000000
v 30.054510 71.130065 100.000000
v 29.960286 71.281354 100.000000
v 30.262695 70.840821 100.000000
v 30.155380 70.983124 100.000000
v 30.495798 70.571255 100.000000
v 30.376243 70.703441 100.000000
v 30.621123 70.444526 100.000000
v 31.029174 70.099541 100.000000
v 31.964262 69.587099 100.000000
v 31.799408 69.654846 100.000000
v 4.858347 51.181722 100.000000
v 4.749101 51.563983 100.000000
v 4.244917 52.642098 100.000000
v 3.900287 53.128540 100.000000
v 3.355492 53.706841 100.000000
v 3.500210 53.570508 100.000000
v 36.971968 75.123862 100.000000
v 31.964262 77.052543 100.000000
v 32.131970 77.112880 100.000000
v 29.719293 71.758264 100.000000
v 4.964460 50.595091 100.000000
v 4.984194 50.397251 100.000000
v 4.901487 50.987637 100.000000
v 4.936877 50.791990 100.000000
v 3.050376 53.961718 100.000000
v 3.205468 53.837313 100.000000
v 37.180569 72.007722 100.000000
v 37.401893 73.319821 100.000000
v 37.400900 73.408937 100.000000
v 36.797230 75.434457 100.000000
v 36.699659 75.583609 100.000000
v 33.890844 77.289824 100.000000
v 34.067210 77.264102 100.000000
v 33.001510 77.299732 100.000000
v 33.179200 77.313617 100.000000
v 4.996047 50.198783 100.000000
v 2.890460 54.079858 100.000000
v 2.384338 54.394876 100.000000
v 2.557177 54.296608 100.000000
v 1.844320 54.647417 100.000000
v 2.027627 54.570419 100.000000
v 37.048788 71.676607 100.000000
v 37.235268 72.177352 100.000000
v 37.321740 72.523077 100.000000
v 36.485082 75.868143 100.000000
v 36.595541 75.728267 100.000000
v 36.368501 76.002960 100.000000
v 36.246031 76.132449 100.000000
v 34.586995 77.140231 100.000000
v 34.756006 77.083646 100.000000
v 34.415631 77.189231 100.000000
v 34.242255 77.230549 100.000000
v 32.824615 77.277946 100.000000
v 32.648866 77.248300 100.000000
v 32.474612 77.210856 100.000000
v 32.302199 77.165686 100.000000
v 2.725974 54.191547 100.000000
v 2.207727 54.486194 100.000000
v 36.971968 71.515781 100.000000
v 37.118368 71.840696 100.000000
v 37.282356 72.349251 100.000000
v 37.353341 72.698485 100.000000
v 36.888060 75.281106 100.000000
v 34.922328 77.019588 100.000000
v 32.302199 69.473956 100.000000
v 32.131970 69.526762 100.000000
v 32.648866 69.391342 100.000000
v 32.474612 69.428786 100.000000
v -1.844320 54.647417 100.000000
v 0.693678 54.951647 100.000000
v 0.889989 54.920154 100.000000
v 0.298076 54.991107 100.000000
v 0.496269 54.975311 100.000000
v -1.658096 54.717066 100.000000
v -1.469251 54.779257 100.000000
v 34.242255 69.409093 100.000000
v 34.067210 69.375540 100.000000
v 36.117914 70.383287 100.000000
v 36.246031 70.507193 100.000000
v 36.485082 70.771499 100.000000
v 36.595541 70.911375 100.000000
v 36.699659 71.056033 100.000000
v 36.797230 71.205185 100.000000
v 37.377097 72.875126 100.000000
v 37.392960 73.052650 100.000000
v 36.117914 76.256355 100.000000
v 35.984404 76.374430 100.000000
v 35.554222 76.691390 100.000000
v 35.702278 76.592164 100.000000
v 35.401893 76.783923 100.000000
v 35.085632 76.948185 100.000000
v 35.245592 76.869578 100.000000
v 33.001510 69.339910 100.000000
v 32.824615 69.361696 100.000000
v 1.469251 54.779257 100.000000
v 1.658096 54.717066 100.000000
v 1.084894 54.880882 100.000000
v 1.278083 54.833891 100.000000
v -1.084894 54.880882 100.000000
v -0.889989 54.920154 100.000000
v -1.278083 54.833891 100.000000
v 34.415631 69.450411 100.000000
v 36.368501 70.636682 100.000000
v 36.888060 71.358536 100.000000
v 37.400900 73.230705 100.000000
v 35.845767 76.486440 100.000000
v -0.099411 54.999012 100.000000
v 0.099411 54.999012 100.000000
v -0.693678 54.951647 100.000000
v -0.496269 54.975311 100.000000
v 34.586995 69.499411 100.000000
v 34.922328 69.620054 100.000000
v 34.756006 69.555996 100.000000
v 35.845767 70.153202 100.000000
v 35.702278 70.047478 100.000000
v 35.984404 70.265212 100.000000
v 33.535553 77.317587 100.000000
v 33.713508 77.307665 100.000000
v 33.357332 77.319573 100.000000
v 33.357332 69.320069 100.000000
v -0.298076 54.991107 100.000000
v 35.245592 69.770065 100.000000
v 35.085632 69.691457 100.000000
v 35.554222 69.948252 100.000000
v 35.401893 69.855719 100.000000
v 33.179200 69.326025 100.000000
v 33.890844 69.349818 100.000000
v -24.200946 32.000000 100.000000
v -37.397922 73.141634 90.000000
v -37.401893 73.319821 90.000000
v -37.386017 72.963800 90.000000
v -37.366203 72.786673 90.000000
v -37.338517 72.610605 90.000000
v -37.303016 72.435945 90.000000
v -37.259769 72.263039 90.000000
v -37.208863 72.092232 90.000000
v -37.150399 71.923862 90.000000
v -37.084492 71.758264 90.000000
v -37.011274 71.595766 90.000000
v -36.930890 71.436691 90.000000
v -36.843499 71.281354 90.000000
v -36.749275 71.130065 90.000000
v -36.648406 70.983124 90.000000
v -36.541090 70.840821 90.000000
v -36.427542 70.703441 90.000000
v -36.307987 70.571255 90.000000
v -36.182662 70.444526 90.000000
v -36.051817 70.323506 90.000000
v -35.915710 70.208435 90.000000
v -35.774612 70.099541 90.000000
v -35.628803 69.997040 90.000000
v -35.478573 69.901137 90.000000
v -35.324220 69.812021 90.000000
v -35.166050 69.729870 90.000000
v -35.004378 69.654846 90.000000
v -34.839524 69.587099 90.000000
v -34.671816 69.526762 90.000000
v -34.501586 69.473956 90.000000
v -34.329173 69.428786 90.000000
v -34.154919 69.391342 90.000000
v -33.979171 69.361696 90.000000
v -33.802275 69.339910 90.000000
v -33.624586 69.326025 90.000000
v -33.446453 69.320069 90.000000
v -33.268233 69.322055 90.000000
v -33.090278 69.331977 90.000000
v -32.912941 69.349818 90.000000
v -32.736575 69.375540 90.000000
v -32.561530 69.409093 90.000000
v -32.388154 69.450411 90.000000
v -32.216790 69.499411 90.000000
v -32.047780 69.555996 90.000000
v -31.881457 69.620054 90.000000
v -31.718154 69.691457 90.000000
v -31.558193 69.770065 90.000000
v -31.401893 69.855719 90.000000
v -31.249563 69.948252 90.000000
v -31.101507 70.047478 90.000000
v -30.958018 70.153202 90.000000
v -30.819381 70.265212 90.000000
v -30.685872 70.383287 90.000000
v -30.557755 70.507193 90.000000
v -30.435284 70.636682 90.000000
v -30.318704 70.771499 90.000000
v -30.208245 70.911375 90.000000
v -30.104126 71.056033 90.000000
v -30.006556 71.205185 90.000000
v -29.915726 71.358536 90.000000
v -29.831817 71.515781 90.000000
v -29.754997 71.676607 90.000000
v -29.685417 71.840696 90.000000
v -29.623216 72.007722 90.000000
v -29.568518 72.177352 90.000000
v -29.521430 72.349251 90.000000
v -29.482046 72.523077 90.000000
v -29.450445 72.698485 90.000000
v -29.426689 72.875126 90.000000
v -29.410825 73.052650 90.000000
v -29.402886 73.230705 90.000000
v -29.402886 73.408937 90.000000
v -29.401893 73.319821 90.000000
v -29.410825 73.586992 90.000000
v -29.426689 73.764516 90.000000
v -29.450445 73.941157 90.000000
v -29.482046 74.116565 90.000000
v -29.521430 74.290391 90.000000
v -29.568518 74.462290 90.000000
v -29.623216 74.631920 90.000000
v -29.685417 74.798946 90.000000
v -29.754997 74.963035 90.000000
v -29.831817 75.123862 90.000000
v -29.915726 75.281106 90.000000
v -30.006556 75.434457 90.000000
v -30.104126 75.583609 90.000000
v -30.208245 75.728267 90.000000
v -30.318704 75.868143 90.000000
v -30.435284 76.002960 90.000000
v -30.557755 76.132449 90.000000
v -30.685872 76.256355 90.000000
v -30.819381 76.374430 90.000000
v -30.958018 76.486440 90.000000
v -31.101507 76.592164 90.000000
v -31.249563 76.691390 90.000000
v -31.401893 76.783923 90.000000
v -31.558193 76.869578 90.000000
v -31.718154 76.948185 90.000000
v -31.881457 77.019588 90.000000
v -32.047780 77.083646 90.000000
v -32.216790 77.140231 90.000000
v -32.388154 77.189231 90.000000
v -32.561530 77.230549 90.000000
v -32.736575 77.264102 90.000000
v -32.912941 77.289824 90.000000
v -33.090278 77.307665 90.000000
v -33.268233 77.317587 90.000000
v -33.446453 77.319573 90.000000
v -33.624586 77.313617 90.000000
v -33.802275 77.299732 90.000000
v -33.979171 77.277946 90.000000
v -34.154919 77.248300 90.000000
v -34.329173 77.210856 90.000000
v -34.501586 77.165686 90.000000
v -34.671816 77.112880 90.000000
v -34.839524 77.052543 90.000000
v -35.004378 76.984796 90.000000
v -35.166050 76.909772 90.000000
v -35.324220 76.827621 90.000000
v -35.478573 76.738505 90.000000
v -35.628803 76.642602 90.000000
v -35.774612 76.540101 90.000000
v -35.915710 76.431207 90.000000
v -36.051817 76.316136 90.000000
v -36.182662 76.195116 90.000000
v -36.307987 76.068387 90.000000
v -36.427542 75.936201 90.000000
v -36.541090 75.798821 90.000000
v -36.648406 75.656518 90.000000
v -36.749275 75.509577 90.000000
v -36.843499 75.358288 90.000000
v -36.930890 75.202951 90.000000
v -37.011274 75.043876 90.000000
v -37.084492 74.881378 90.000000
v -37.150399 74.715780 90.000000
v -37.208863 74.547410 90.000000
v -37.259769 74.376603 90.000000
v -37.303016 74.203697 90.000000
v -37.338517 74.029037 90.000000
v -37.366203 73.852969 90.000000
v -37.386017 73.675842 90.000000
v -37.397922 73.498008 90.000000
v 29.405864 73.141634 90.000000
v 29.401893 73.319821 90.000000
v 29.417768 72.963800 90.000000
v 29.437583 72.786673 90.000000
v 29.465268 72.610605 90.000000
v 29.500769 72.435945 90.000000
v 29.544016 72.263039 90.000000
v 29.594922 72.092232 90.000000
v 29.653386 71.923862 90.000000
v 29.719293 71.758264 90.000000
v 29.792511 71.595766 90.000000
v 29.872896 71.436691 90.000000
v 29.960286 71.281354 90.000000
v 30.054510 71.130065 90.000000
v 30.155380 70.983124 90.000000
v 30.262695 70.840821 90.000000
v 30.376243 70.703441 90.000000
v 30.495798 70.571255 90.000000
v 30.621123 70.444526 90.000000
v 30.751969 70.323506 90.000000
v 30.888076 70.208435 90.000000
v 31.029174 70.099541 90.000000
v 31.174982 69.997040 90.000000
v 31.325213 69.901137 90.000000
v 31.479566 69.812021 90.000000
v 31.637735 69.729870 90.000000
v 31.799408 69.654846 90.000000
v 31.964262 69.587099 90.000000
v 32.131970 69.526762 90.000000
v 32.302199 69.473956 90.000000
v 32.474612 69.428786 90.000000
v 32.648866 69.391342 90.000000
v 32.824615 69.361696 90.000000
v 33.001510 69.339910 90.000000
v 33.179200 69.326025 90.000000
v 33.357332 69.320069 90.000000
v 33.535553 69.322055 90.000000
v 33.713508 69.331977 90.000000
v 33.890844 69.349818 90.000000
v 34.067210 69.375540 90.000000
v 34.242255 69.409093 90.000000
v 34.415631 69.450411 90.000000
v 34.586995 69.499411 90.000000
v 34.756006 69.555996 90.000000
v 34.922328 69.620054 90.000000
v 35.085632 69.691457 90.000000
v 35.245592 69.770065 90.000000
v 35.401893 69.855719 90.000000
v 35.554222 69.948252 90.000000
v 35.702278 70.047478 90.000000
v 35.845767 70.153202 90.000000
v 35.984404 70.265212 90.000000
v 36.117914 70.383287 90.000000
v 36.246031 70.507193 90.000000
v 36.368501 70.636682 90.000000
v 36.485082 70.771499 90.000000
v 36.595541 70.911375 90.000000
v 36.699659 71.056033 90.000000
v 36.797230 71.205185 90.000000
v 36.888060 71.358536 90.000000
v 36.971968 71.515781 90.000000
v 37.048788 71.676607 90.000000
v 37.118368 71.840696 90.000000
v 37.180569 72.007722 90.000000
v 37.235268 72.177352 90.000000
v 37.282356 72.349251 90.000000
v 37.321740 72.523077 90.000000
v 37.353341 72.698485 90.000000
v 37.377097 72.875126 90.000000
v 37.392960 73.052650 90.000000
v 37.400900 73.230705 90.000000
v 37.400900 73.408937 90.000000
v 37.401893 73.319821 90.000000
v 37.392960 73.586992 90.000000
v 37.377097 73.764516 90.000000
v 37.353341 73.941157 90.000000
v 37.321740 74.116565 90.000000
v 37.282356 74.290391 90.000000
v 37.235268 74.462290 90.000000
v 37.180569 74.631920 90.000000
v 37.118368 74.798946 90.000000
v 37.048788 74.963035 90.000000
v 36.971968 75.123862 90.000000
v 36.888060 75.281106 90.000000
v 36.797230 75.434457 90.000000
v 36.699659 75.583609 90.000000
v 36.595541 75.728267 90.000000
v 36.485082 75.868143 90.000000
v 36.368501 76.002960 90.000000
v 36.246031 76.132449 90.000000
v 36.117914 76.256355 90.000000
v 35.984404 76.374430 90.000000
v 35.845767 76.486440 90.000000
v 35.702278 76.592164 90.000000
v 35.554222 76.691390 90.000000
v 35.401893 76.783923 90.000000
v 35.245592 76.869578 90.000000
v 35.085632 76.948185 90.000000
v 34.922328 77.019588 90.000000
v 34.756006 77.083646 90.000000
v 34.586995 77.140231 90.000000
v 34.415631 77.189231 90.000000
v 34.242255 77.230549 90.000000
v 34.067210 77.264102 90.000000
v 33.890844 77.289824 90.000000
v 33.713508 77.307665 90.000000
v 33.535553 77.317587 90.000000
v 33.357332 77.319573 90.000000
v 33.179200 77.313617 90.000000
v 33.001510 77.299732 90.000000
v 32.824615 77.277946 90.000000
v 32.648866 77.248300 90.000000
v 32.474612 77.210856 90.000000
v 32.302199 77.165686 90.000000
v 32.131970 77.112880 90.000000
v 31.964262 77.052543 90.000000
v 31.799408 76.984796 90.000000
v 31.637735 76.909772 90.000000
v 31.479566 76.827621 90.000000
v 31.325213 76.738505 90.000000
v 31.174982 76.642602 90.000000
v 31.029174 76.540101 90.000000
v 30.888076 76.431207 90.000000
v 30.751969 76.316136 90.000000
v 30.621123 76.195116 90.000000
v 30.495798 76.068387 90.000000
v 30.376243 75.936201 90.000000
v 30.262695 75.798821 90.000000
v 30.155380 75.656518 90.000000
v 30.054510 75.509577 90.000000
v 29.960286 75.358288 90.000000
v 29.872896 75.202951 90.000000
v 29.792511 75.043876 90.000000
v 29.719293 74.881378 90.000000
v 29.653386 74.715780 90.000000
v 29.594922 74.547410 90.000000
v 29.544016 74.376603 90.000000
v 29.500769 74.203697 90.000000
v 29.465268 74.029037 90.000000
v 29.437583 73.852969 90.000000
v 29.417768 73.675842 90.000000
v 29.405864 73.498008 90.000000
v -4.996047 49.801217 90.000000
v -5.000000 50.000000 90.000000
v -4.984194 49.602749 90.000000
v -4.964460 49.404909 90.000000
v -4.936877 49.208010 90.000000
v -4.901487 49.012363 90.000000
v -4.858347 48.818278 90.000000
v -4.807525 48.626061 90.000000
v -4.749101 48.436017 90.000000
v -4.683167 48.248446 90.000000
v -4.609829 48.063644 90.000000
v -4.529202 47.881904 90.000000
v -4.441413 47.703514 90.000000
v -4.346601 47.528754 90.000000
v -4.244917 47.357902 90.000000
v -4.136520 47.191228 90.000000
v -4.021583 47.028995 90.000000
v -3.900287 46.871460 90.000000
v -3.772823 46.718871 90.000000
v -3.639394 46.571471 90.000000
v -3.500210 46.429492 90.000000
v -3.355492 46.293159 90.000000
v -3.205468 46.162687 90.000000
v -3.050376 46.038282 90.000000
v -2.890460 45.920142 90.000000
v -2.725974 45.808453 90.000000
v -2.557177 45.703392 90.000000
v -2.384338 45.605124 90.000000
v -2.207727 45.513806 90.000000
v -2.027627 45.429581 90.000000
v -1.844320 45.352583 90.000000
v -1.658096 45.282934 90.000000
v -1.469251 45.220743 90.000000
v -1.278083 45.166109 90.000000
v -1.084894 45.119118 90.000000
v -0.889989 45.079846 90.000000
v -0.693678 45.048353 90.000000
v -0.496269 45.024689 90.000000
v -0.298076 45.008893 90.000000
v -0.099411 45.000988 90.000000
v 0.099411 45.000988 90.000000
v 0.298076 45.008893 90.000000
v 0.496269 45.024689 90.000000
v 0.693678 45.048353 90.000000
v 0.889989 45.079846 90.000000
v 1.084894 45.119118 90.000000
v 1.278083 45.166109 90.000000
v 1.469251 45.220743 90.000000
v 1.658096 45.282934 90.000000
v 1.844320 45.352583 90.000000
v 2.027627 45.429581 90.000000
v 2.207727 45.513806 90.000000
v 2.384338 45.605124 90.000000
v 2.557177 45.703392 90.000000
v 2.725974 45.808453 90.000000
v 2.890460 45.920142 90.000000
v 3.050376 46.038282 90.000000
v 3.205468 46.162687 90.000000
v 3.355492 46.293159 90.000000
v 3.500210 46.429492 90.000000
v 3.639394 46.571471 90.000000
v 3.772823 46.718871 90.000000
v 3.900287 46.871460 90.000000
v 4.021583 47.028995 90.000000
v 4.136520 47.191228 90.000000
v 4.244917 47.357902 90.000000
v 4.346601 47.528754 90.000000
v 4.441413 47.703514 90.000000
v 4.529202 47.881904 90.000000
v 4.609829 48.063644 90.000000
v 4.683167 48.248446 90.000000
v 4.749101 48.436017 90.000000
v 4.807525 48.626061 90.000000
v 4.858347 48.818278 90.000000
v 4.901487 49.012363 90.000000
v 4.936877 49.208010 90.000000
v 4.964460 49.404909 90.000000
v 4.984194 49.602749 90.000000
v 4.996047 49.801217 90.000000
v 5.000000 50.000000 90.000000
v 4.996047 50.198783 90.000000
v 4.984194 50.397251 90.000000
v 4.964460 50.595091 90.000000
v 4.936877 50.791990 90.000000
v 4.901487 50.987637 90.000000
v 4.858347 51.181722 90.000000
v 4.807525 51.373939 90.000000
v 4.749101 51.563983 90.000000
v 4.683167 51.751554 90.000000
v 4.609829 51.936356 90.000000
v 4.529202 52.118096 90.000000
v 4.441413 52.296486 90.000000
v 4.346601 52.471246 90.000000
v 4.244917 52.642098 90.000000
v 4.136520 52.808772 90.000000
v 4.021583 52.971005 90.000000
v 3.900287 53.128540 90.000000
v 3.772823 53.281129 90.000000
v 3.639394 53.428529 90.000000
v 3.500210 53.570508 90.000000
v 3.355492 53.706841 90.000000
v 3.205468 53.837313 90.000000
v 3.050376 53.961718 90.000000
v 2.890460 54.079858 90.000000
v 2.725974 54.191547 90.000000
v 2.557177 54.296608 90.000000
v 2.384338 54.394876 90.000000
v 2.207727 54.486194 90.000000
v 2.027627 54.570419 90.000000
v 1.844320 54.647417 90.000000
v 1.658096 54.717066 90.000000
v 1.469251 54.779257 90.000000
v 1.278083 54.833891 90.000000
v 1.084894 54.880882 90.000000
v 0.889989 54.920154 90.000000
v 0.693678 54.951647 90.000000
v 0.496269 54.975311 90.000000
v 0.298076 54.991107 90.000000
v 0.099411 54.999012 90.000000
v -0.099411 54.999012 90.000000
v -0.298076 54.991107 90.000000
v -0.496269 54.975311 90.000000
v -0.693678 54.951647 90.000000
v -0.889989 54.920154 90.000000
v -1.084894 54.880882 90.000000
v -1.278083 54.833891 90.000000
v -1.469251 54.779257 90.000000
v -1.658096 54.717066 90.000000
v -1.844320 54.647417 90.000000
v -2.027627 54.570419 90.000000
v -2.207727 54.486194 90.000000
v -2.384338 54.394876 90.000000
v -2.557177 54.296608 90.000000
v -2.725974 54.191547 90.000000
v -2.890460 54.079858 90.000000
v -3.050376 53.961718 90.000000
v -3.205468 53.837313 90.000000
v -3.355492 53.706841 90.000000
v -3.500210 53.570508 90.000000
v -3.639394 53.428529 90.000000
v -3.772823 53.281129 90.000000
v -3.900287 53.128540 90.000000
v -4.021583 52.971005 90.000000
v -4.136520 52.808772 90.000000
v -4.244917 52.642098 90.000000
v -4.346601 52.471246 90.000000
v -4.441413 52.296486 90.000000
v -4.529202 52.118096 90.000000
v -4.609829 51.936356 90.000000
v -4.683167 51.751554 90.000000
v -4.749101 51.563983 90.000000
v -4.807525 51.373939 90.000000
v -4.858347 51.181722 90.000000
v -4.901487 50.987637 90.000000
v -4.936877 50.791990 90.000000
v -4.964460 50.595091 90.000000
v -4.984194 50.397251 90.000000
v -4.996047 50.198783 90.000000
v 19.000000 0.000000 90.000000
v 18.996021 -0.388834 90.000000
v 18.984085 -0.777506 90.000000
v 18.964198 -1.165852 90.000000
v 18.936367 -1.553710 90.000000
v 18.900604 -1.940917 90.000000
v 18.856925 -2.327310 90.000000
v 18.805348 -2.712729 90.000000
v 18.745893 -3.097012 90.000000
v 18.678587 -3.479998 90.000000
v 18.603457 -3.861526 90.000000
v 18.520535 -4.241436 90.000000
v 18.429855 -4.619570 90.000000
v 18.331456 -4.995769 90.000000
v 18.225379 -5.369876 90.000000
v 18.111668 -5.741733 90.000000
v 17.990370 -6.111185 90.000000
v 17.861537 -6.478078 90.000000
v 17.725223 -6.842257 90.000000
v 17.581484 -7.203570 90.000000
v 17.430381 -7.561866 90.000000
v 17.271977 -7.916995 90.000000
v 17.106339 -8.268807 90.000000
v 16.933535 -8.617156 90.000000
v 16.753639 -8.961896 90.000000
v 16.566725 -9.302882 90.000000
v 16.372873 -9.639971 90.000000
v 16.172162 -9.973023 90.000000
v 15.964677 -10.301897 90.000000
v 15.750506 -10.626456 90.000000
v 15.529737 -10.946564 90.000000
v 15.302463 -11.262087 90.000000
v 15.068780 -11.572893 90.000000
v 14.828786 -11.878852 90.000000
v 14.582580 -12.179835 90.000000
v 14.330266 -12.475716 90.000000
v 14.071949 -12.766372 90.000000
v 13.807739 -13.051680 90.000000
v 13.537745 -13.331522 90.000000
v 13.262080 -13.605779 90.000000
v 12.980861 -13.874338 90.000000
v 12.694204 -14.137085 90.000000
v 12.402231 -14.393911 90.000000
v 12.105062 -14.644708 90.000000
v 11.802824 -14.889371 90.000000
v 11.495641 -15.127797 90.000000
v 11.183644 -15.359886 90.000000
v 10.866962 -15.585543 90.000000
v 10.545728 -15.804671 90.000000
v 10.220078 -16.017179 90.000000
v 9.890146 -16.222978 90.000000
v 9.556072 -16.421982 90.000000
v 9.217995 -16.614107 90.000000
v 8.876057 -16.799274 90.000000
v 8.530402 -16.977404 90.000000
v 8.181173 -17.148423 90.000000
v 7.828518 -17.312259 90.000000
v 7.472583 -17.468844 90.000000
v 7.113519 -17.618111 90.000000
v 6.751475 -17.760000 90.000000
v 6.386603 -17.894449 90.000000
v 6.019056 -18.021403 90.000000
v 5.648988 -18.140808 90.000000
v 5.276554 -18.252616 90.000000
v 4.901910 -18.356778 90.000000
v 4.525212 -18.453251 90.000000
v 4.146619 -18.541994 90.000000
v 3.766289 -18.622971 90.000000
v 3.384382 -18.696148 90.000000
v 3.001057 -18.761494 90.000000
v 2.616475 -18.818981 90.000000
v 2.230797 -18.868586 90.000000
v 1.844185 -18.910288 90.000000
v 1.456800 -18.944069 90.000000
v 1.068805 -18.969914 90.000000
v 0.680362 -18.987815 90.000000
v 0.291635 -18.997762 90.000000
v -0.097215 -18.999751 90.000000
v -0.486024 -18.993783 90.000000
v -0.874629 -18.979858 90.000000
v -1.262869 -18.957984 90.000000
v -1.650579 -18.928169 90.000000
v -2.037598 -18.890426 90.000000
v -2.423763 -18.844770 90.000000
v -2.808913 -18.791222 90.000000
v -3.192887 -18.729802 90.000000
v -3.575523 -18.660537 90.000000
v -3.956661 -18.583456 90.000000
v -4.336143 -18.498591 90.000000
v -4.713808 -18.405978 90.000000
v -5.089498 -18.305655 90.000000
v -5.463057 -18.197665 90.000000
v -5.834328 -18.082052 90.000000
v -6.203155 -17.958866 90.000000
v -6.569383 -17.828158 90.000000
v -6.932860 -17.689982 90.000000
v -7.293433 -17.544396 90.000000
v -7.650951 -17.391462 90.000000
v -8.005265 -17.231243 90.000000
v -8.356225 -17.063807 90.000000
v -8.703685 -16.889223 90.000000
v -9.047500 -16.707565 90.000000
v -9.387525 -16.518910 90.000000
v -9.723618 -16.323335 90.000000
v -10.055638 -16.120922 90.000000
v -10.383447 -15.911758 90.000000
v -10.706906 -15.695928 90.000000
v -11.025880 -15.473525 90.000000
v -11.340236 -15.244640 90.000000
v -11.649842 -15.009369 90.000000
v -11.954569 -14.767812 90.000000
v -12.254288 -14.520070 90.000000
v -12.548875 -14.266245 90.000000
v -12.838205 -14.006445 90.000000
v -13.122158 -13.740778 90.000000
v -13.400614 -13.469356 90.000000
v -13.673458 -13.192292 90.000000
v -13.940574 -12.909702 90.000000
v -14.201851 -12.621705 90.000000
v -14.457180 -12.328421 90.000000
v -14.706453 -12.029973 90.000000
v -14.949566 -11.726487 90.000000
v -15.186417 -11.418088 90.000000
v -15.416907 -11.104907 90.000000
v -15.640940 -10.787075 90.000000
v -15.858422 -10.464724 90.000000
v -16.069261 -10.137991 90.000000
v -16.273369 -9.807010 90.000000
v -16.470661 -9.471923 90.000000
v -16.661054 -9.132867 90.000000
v -16.844469 -8.789986 90.000000
v -17.020828 -8.443424 90.000000
v -17.190058 -8.093325 90.000000
v -17.352088 -7.739836 90.000000
v -17.506849 -7.383105 90.000000
v -17.654278 -7.023281 90.000000
v -17.794312 -6.660516 90.000000
v -17.926892 -6.294961 90.000000
v -18.051964 -5.926770 90.000000
v -18.169475 -5.556095 90.000000
v -18.279375 -5.183094 90.000000
v -18.381618 -4.807922 90.000000
v -18.476163 -4.430735 90.000000
v -18.562968 -4.051693 90.000000
v -18.641998 -3.670954 90.000000
v -18.713220 -3.288677 90.000000
v -18.776604 -2.905023 90.000000
v -18.832122 -2.520152 90.000000
v -18.879753 -2.134225 90.000000
v -18.919476 -1.747405 90.000000
v -18.951274 -1.359852 90.000000
v -18.975135 -0.971730 90.000000
v -18.991047 -0.583201 90.000000
v -18.999005 -0.194427 90.000000
v -18.999005 0.194427 90.000000
v -18.991047 0.583201 90.000000
v -18.975135 0.971730 90.000000
v -18.951274 1.359852 90.000000
v -18.919476 1.747405 90.000000
v -18.879753 2.134225 90.000000
v -18.832122 2.520152 90.000000
v -18.776604 2.905023 90.000000
v -18.713220 3.288677 90.000000
v -18.641998 3.670954 90.000000
v -18.562968 4.051693 90.000000
v -18.476163 4.430735 90.000000
v -18.381618 4.807922 90.000000
v -18.279375 5.183094 90.000000
v -18.169475 5.556095 90.000000
v -18.051964 5.926770 90.000000
v -17.926892 6.294961 90.000000
v -17.794312 6.660516 90.000000
v -17.654278 7.023281 90.000000
v -17.506849 7.383105 90.000000
v -17.352088 7.739836 90.000000
v -17.190058 8.093325 90.000000
v -17.020828 8.443424 90.000000
v -16.844469 8.789986 90.000000
v -16.661054 9.132867 90.000000
v -16.470661 9.471923 90.000000
v -16.273369 9.807010 90.000000
v -16.069261 10.137991 90.000000
v -15.858422 10.464724 90.000000
v -15.640940 10.787075 90.000000
v -15.416907 11.104907 90.000000
v -15.186417 11.418088 90.000000
v -14.949566 11.726487 90.000000
v -14.706453 12.029973 90.000000
v -14.457180 12.328421 90.000000
v -14.201851 12.621705 90.000000
v -13.940574 12.909702 90.000000
v -13.673458 13.192292 90.000000
v -13.400614 13.469356 90.000000
v -13.122158 13.740778 90.000000
v -12.838205 14.006445 90.000000
v -12.548875 14.266245 90.000000
v -12.254288 14.520070 90.000000
v -11.954569 14.767812 90.000000
v -11.649842 15.009369 90.000000
v -11.340236 15.244640 90.000000
v -11.025880 15.473525 90.000000
v -10.706906 15.695928 90.000000
v -10.383447 15.911758 90.000000
v -10.055638 16.120922 90.000000
v -9.723618 16.323335 90.000000
v -9.387525 16.518910 90.000000
v -9.047500 16.707565 90.000000
v -8.703685 16.889223 90.000000
v -8.356225 17.063807 90.000000
v -8.005265 17.231243 90.000000
v -7.650951 17.391462 90.000000
v -7.293433 17.544396 90.000000
v -6.932860 17.689982 90.000000
v -6.569383 17.828158 90.000000
v -6.203155 17.958866 90.000000
v -5.834328 18.082052 90.000000
v -5.463057 18.197665 90.000000
v -5.089498 18.305655 90.000000
v -4.713808 18.405978 90.000000
v -4.336143 18.498591 90.000000
v -3.956661 18.583456 90.000000
v -3.575523 18.660537 90.000000
v -3.192887 18.729802 90.000000
v -2.808913 18.791222 90.000000
v -2.423763 18.844770 90.000000
v -2.037598 18.890426 90.000000
v -1.650579 18.928169 90.000000
v -1.262869 18.957984 90.000000
v -0.874629 18.979858 90.000000
v -0.486024 18.993783 90.000000
v -0.097215 18.999751 90.000000
v 0.291635 18.997762 90.000000
v 0.680362 18.987815 90.000000
v 1.068805 18.969914 90.000000
v 1.456800 18.944069 90.000000
v 1.844185 18.910288 90.000000
v 2.230797 18.868586 90.000000
v 2.616475 18.818981 90.000000
v 3.001057 18.761494 90.000000
v 3.384382 18.696148 90.000000
v 3.766289 18.622971 90.000000
v 4.146619 18.541994 90.000000
v 4.525212 18.453251 90.000000
v 4.901910 18.356778 90.000000
v 5.276554 18.252616 90.000000
v 5.648988 18.140808 90.000000
v 6.019056 18.021403 90.000000
v 6.386603 17.894449 90.000000
v 6.751475 17.760000 90.000000
v 7.113519 17.618111 90.000000
v 7.472583 17.468844 90.000000
v 7.828518 17.312259 90.000000
v 8.181173 17.148423 90.000000
v 8.530402 16.977404 90.000000
v 8.876057 16.799274 90.000000
v 9.217995 16.614107 90.000000
v 9.556072 16.421982 90.000000
v 9.890146 16.222978 90.000000
v 10.220078 16.017179 90.000000
v 10.545728 15.804671 90.000000
v 10.866962 15.585543 90.000000
v 11.183644 15.359886 90.000000
v 11.495641 15.127797 90.000000
v 11.802824 14.889371 90.000000
v 12.105062 14.644708 90.000000
v 12.402231 14.393911 90.000000
v 12.694204 14.137085 90.000000
v 12.980861 13.874338 90.000000
v 13.262080 13.605779 90.000000
v 13.537745 13.331522 90.000000
v 13.807739 13.051680 90.000000
v 14.071949 12.766372 90.000000
v 14.330266 12.475716 90.000000
v 14.582580 12.179835 90.000000
v 14.828786 11.878852 90.000000
v 15.068780 11.572893 90.000000
v 15.302463 11.262087 90.000000
v 15.529737 10.946564 90.000000
v 15.750506 10.626456 90.000000
v 15.964677 10.301897 90.000000
v 16.172162 9.973023 90.000000
v 16.372873 9.639971 90.000000
v 16.566725 9.302882 90.000000
v 16.753639 8.961896 90.000000
v 16.933535 8.617156 90.000000
v 17.106339 8.268807 90.000000
v 17.271977 7.916995 90.000000
v 17.430381 7.561866 90.000000
v 17.581484 7.203570 90.000000
v 17.725223 6.842257 90.000000
v 17.861537 6.478078 90.000000
v 17.990370 6.111185 90.000000
v 18.111668 5.741733 90.000000
v 18.225379 5.369876 90.000000
v 18.331456 4.995769 90.000000
v 18.429855 4.619570 90.000000
v 18.520535 4.241436 90.000000
v 18.603457 3.861526 90.000000
v 18.678587 3.479998 90.000000
v 18.745893 3.097012 90.000000
v 18.805348 2.712729 90.000000
v 18.856925 2.327310 90.000000
v 18.900604 1.940917 90.000000
v 18.936367 1.553710 90.000000
v 18.964198 1.165852 90.000000
v 18.984085 0.777506 90.000000
v 18.996021 0.388834 90.000000
v 52.000000 -25.033585 90.000000
v 52.000000 -32.940416 90.000000
v 48.000000 -25.033585 90.000000
v 48.000000 -32.940416 90.000000
v -43.000000 62.159911 90.000000
v -24.200946 62.159911 90.000000
v -24.200946 32.000000 90.000000
v -12.000000 62.159911 90.000000
v -12.000000 32.000000 90.000000
v 24.200946 62.159911 90.000000
v 24.200946 32.000000 90.000000
v 43.000000 62.159911 90.000000
v 43.000000 32.000000 90.000000
v -43.000000 32.000000 90.000000
v -24.200946 -20.500000 90.000000
v 43.000000 -20.500000 90.000000
v -57.250000 -34.470208 90.000000
v -57.250000 -20.500000 90.000000
v -43.000000 -20.500000 90.000000
v -43.000000 -34.470208 90.000000
v 24.200946 -20.500000 90.000000
v -12.000000 -20.500000 90.000000
v 43.000000 -34.470208 90.000000
v 48.000000 -25.059584 92.725000
v 52.000000 -25.059584 92.725000
v 48.000000 -25.059584 97.275000
v 52.000000 -25.059584 97.275000
v 48.000000 -32.940416 97.275000
v 48.000000 -29.000000 99.550000
v 52.000000 -32.940416 97.275000
v 52.000000 -29.000000 99.550000
usemtl kuciste_za_motor_gornji_deoMaterial0
f 1 2 3
f 3 4 1
f 5 4 6
f 6 7 5
f 8 5 9
f 9 10 8
f 11 8 12
f 12 13 11
f 14 15 16
f 14 11 17
f 17 15 14
f 18 14 19
f 19 20 18
f 21 18 22
f 22 23 21
f 24 21 25
f 25 26 24
f 27 24 28
f 28 29 27
f 30 27 31
f 31 32 30
f 33 30 34
f 34 35 33
f 35 36 33
f 37 33 38
f 38 39 37
f 40 37 41
f 41 42 40
f 43 40 44
f 44 45 43
f 46 43 47
f 47 48 46
f 49 46 50
f 50 51 49
f 52 49 53
f 53 54 52
f 55 52 56
f 56 57 55
f 58 55 59
f 59 60 58
f 61 62 63
f 61 58 64
f 64 62 61
f 65 61 66
f 66 67 65
f 68 65 69
f 69 70 68
f 71 68 72
f 72 73 71
f 74 71 75
f 75 76 74
f 76 77 74
f 78 74 79
f 79 80 78
f 81 78 82
f 82 83 81
f 84 85 86
f 84 81 87
f 87 85 84
f 88 84 89
f 89 90 88
f 91 92 93
f 91 88 94
f 94 92 91
f 91 95 96
f 91 97 95
f 98 99 100
f 98 96 99
f 101 102 103
f 101 100 102
f 104 105 106
f 104 103 105
f 107 108 109
f 107 106 108
f 110 111 112
f 110 109 111
f 113 114 115
f 113 112 114
f 116 117 118
f 116 115 119
f 119 117 116
f 120 121 122
f 120 118 121
f 123 124 125
f 123 122 124
f 126 127 128
f 126 125 127
f 129 130 131
f 129 128 130
f 132 133 134
f 132 131 135
f 135 133 132
f 136 137 138
f 136 134 137
f 139 140 141
f 139 138 140
f 142 143 144
f 142 141 145
f 145 143 142
f 146 147 148
f 146 144 147
f 149 150 151
f 149 148 150
f 152 153 154
f 152 151 153
f 155 156 157
f 155 154 156
f 158 159 160
f 158 157 159
f 161 162 163
f 161 160 162
f 164 165 166
f 164 163 165
f 167 168 169
f 167 166 168
f 170 171 172
f 170 173 171
f 170 169 173
f 174 175 176
f 174 172 175
f 177 178 179
f 177 176 178
f 180 181 182
f 180 179 181
f 183 184 185
f 183 182 184
f 186 185 187
f 187 188 186
f 189 188 190
f 190 191 189
f 192 189 193
f 193 194 192
f 195 192 196
f 196 197 195
f 198 195 199
f 199 200 198
f 201 198 202
f 202 203 201
f 203 204 201
f 205 201 206
f 206 207 205
f 208 205 209
f 209 210 208
f 211 208 212
f 212 213 211
f 214 211 215
f 215 216 214
f 217 214 218
f 218 219 217
f 220 217 221
f 221 222 220
f 223 220 224
f 224 225 223
f 226 223 227
f 227 228 226
f 229 230 231
f 229 226 232
f 232 230 229
f 233 229 234
f 234 235 233
f 236 233 237
f 237 238 236
f 239 240 241
f 239 236 242
f 242 240 239
f 243 239 244
f 244 245 243
f 246 243 247
f 247 248 246
f 249 246 250
f 250 251 249
f 252 249 253
f 253 254 252
f 255 256 257
f 255 252 258
f 258 256 255
f 259 255 260
f 260 261 259
f 262 259 263
f 263 264 262
f 265 262 266
f 266 267 265
f 268 265 269
f 269 270 268
f 271 268 272
f 272 273 271
f 274 271 275
f 275 276 274
f 277 274 278
f 279 280 277
f 277 281 279
f 280 282 283
f 280 279 284
f 284 282 280
f 285 286 287
f 285 283 286
f 288 289 290
f 288 287 291
f 291 289 288
f 292 293 294
f 292 290 293
f 295 296 297
f 295 294 296
f 298 299 300
f 298 301 299
f 298 297 301
f 302 303 304
f 302 300 303
f 305 306 307
f 305 304 306
f 308 309 310
f 308 307 309
f 311 312 313
f 311 310 314
f 314 312 311
f 315 316 317
f 315 313 316
f 318 319 320
f 318 317 319
f 321 322 323
f 321 320 322
f 324 325 326
f 324 323 325
f 327 328 329
f 327 326 328
f 330 329 331
f 331 332 330
f 331 333 332
f 332 334 335
f 332 333 334
f 336 337 338
f 336 335 337
f 339 340 341
f 339 342 340
f 339 338 342
f 343 344 345
f 343 341 344
f 346 347 348
f 346 345 347
f 349 350 351
f 349 348 350
f 352 353 354
f 352 351 353
f 355 356 357
f 355 354 356
f 358 359 360
f 358 357 361
f 361 359 358
f 362 363 364
f 362 360 363
f 365 366 367
f 365 364 366
f 368 369 370
f 368 367 369
f 1 371 372
f 371 370 372
f 372 2 1
f 370 371 368
f 367 368 365
f 364 365 362
f 360 362 358
f 357 358 355
f 354 355 352
f 351 352 349
f 348 349 346
f 345 346 343
f 341 343 339
f 338 339 336
f 335 336 332
f 329 330 327
f 326 327 324
f 323 324 321
f 320 321 318
f 317 318 315
f 313 315 311
f 310 311 308
f 307 308 305
f 304 305 302
f 300 302 298
f 297 298 295
f 294 295 292
f 290 292 288
f 287 288 285
f 283 285 280
f 278 281 277
f 276 278 274
f 273 275 271
f 270 272 268
f 267 269 265
f 264 266 262
f 261 263 259
f 257 260 255
f 254 258 252
f 251 253 249
f 248 250 246
f 245 247 243
f 241 244 239
f 238 242 236
f 235 237 233
f 231 234 229
f 228 232 226
f 225 227 223
f 222 224 220
f 219 221 217
f 216 218 214
f 213 215 211
f 210 212 208
f 207 209 205
f 204 206 201
f 200 202 198
f 197 199 195
f 194 196 192
f 191 193 189
f 187 190 188
f 185 186 183
f 182 183 180
f 179 180 177
f 176 177 174
f 172 174 170
f 169 170 167
f 166 167 164
f 163 164 161
f 160 161 158
f 157 158 155
f 154 155 152
f 151 152 149
f 148 149 146
f 144 146 142
f 141 142 139
f 138 139 136
f 134 136 132
f 131 132 129
f 128 129 126
f 125 126 123
f 122 123 120
f 118 120 116
f 115 116 113
f 112 113 110
f 109 110 107
f 106 107 104
f 103 104 101
f 100 101 98
f 96 98 91
f 93 97 91
f 90 94 88
f 86 89 84
f 83 87 81
f 80 82 78
f 77 79 74
f 73 75 71
f 70 72 68
f 67 69 65
f 63 66 61
f 60 64 58
f 57 59 55
f 54 56 52
f 51 53 49
f 48 50 46
f 45 47 43
f 42 44 40
f 39 41 37
f 36 38 33
f 32 34 30
f 29 31 27
f 26 28 24
f 23 25 21
f 20 22 18
f 16 19 14
f 13 17 11
f 10 12 8
f 7 9 5
f 3 6 4
f 373 374 375
f 376 375 377
f 378 377 379
f 380 379 381
f 382 381 383
f 384 383 385
f 386 385 387
f 388 387 389
f 390 389 391
f 392 391 393
f 394 393 395
f 396 395 397
f 398 397 399
f 400 399 401
f 402 401 403
f 404 403 405
f 406 407 408
f 409 408 410
f 411 410 412
f 413 412 414
f 415 414 416
f 417 416 418
f 419 418 420
f 421 420 422
f 423 422 424
f 425 424 426
f 427 426 428
f 429 428 430
f 431 430 432
f 433 432 434
f 435 434 436
f 437 436 438
f 439 341 340
f 439 344 341
f 439 345 344
f 439 347 345
f 439 348 347
f 439 350 348
f 439 351 350
f 439 353 351
f 439 354 353
f 439 356 354
f 439 361 357
f 357 356 439
f 440 333 331
f 440 335 334
f 440 337 335
f 440 340 342
f 342 338 440
f 338 337 440
f 334 333 440
f 441 323 322
f 441 326 325
f 441 328 326
f 441 331 329
f 329 328 441
f 325 323 441
f 442 313 312
f 442 316 313
f 442 317 316
f 442 322 320
f 320 319 442
f 319 317 442
f 443 307 306
f 443 312 314
f 314 310 443
f 310 309 443
f 309 307 443
f 444 299 301
f 444 300 299
f 444 303 300
f 444 306 304
f 304 303 444
f 445 290 289
f 445 293 290
f 445 301 297
f 297 296 445
f 296 294 445
f 294 293 445
f 446 447 283
f 447 286 283
f 447 289 291
f 291 287 447
f 287 286 447
f 448 281 278
f 446 279 281
f 446 282 284
f 284 279 446
f 281 448 446
f 449 273 272
f 449 275 273
f 449 448 276
f 276 275 449
f 450 269 267
f 450 449 270
f 270 269 450
f 267 266 450
f 451 260 257
f 451 261 260
f 451 450 264
f 264 263 451
f 263 261 451
f 452 251 250
f 452 254 253
f 253 251 452
f 452 451 256
f 256 258 452
f 258 254 452
f 453 244 241
f 453 245 244
f 453 247 245
f 453 452 248
f 248 247 453
f 454 234 231
f 454 235 234
f 454 453 240
f 240 242 454
f 242 238 454
f 238 237 454
f 237 235 454
f 455 222 221
f 455 454 230
f 230 232 455
f 232 228 455
f 228 227 455
f 227 225 455
f 225 224 455
f 224 222 455
f 456 206 204
f 456 207 206
f 456 218 216
f 216 215 456
f 215 213 456
f 213 212 456
f 212 210 456
f 210 209 456
f 209 207 456
f 456 455 219
f 219 218 456
f 457 175 172
f 457 178 176
f 176 175 457
f 172 171 457
f 458 179 178
f 178 457 458
f 458 182 181
f 458 184 182
f 181 179 458
f 458 405 187
f 187 185 458
f 185 184 458
f 405 191 190
f 405 199 197
f 405 456 203
f 203 202 405
f 202 200 405
f 200 199 405
f 197 196 405
f 196 194 405
f 194 193 405
f 193 191 405
f 190 187 405
f 457 157 156
f 457 160 159
f 457 162 160
f 457 163 162
f 457 165 163
f 457 166 165
f 457 168 166
f 457 171 173
f 173 169 457
f 169 168 457
f 159 157 457
f 459 144 143
f 459 147 144
f 459 148 147
f 459 150 148
f 459 151 150
f 459 153 151
f 459 156 154
f 154 153 459
f 460 134 133
f 460 137 134
f 460 138 137
f 460 140 138
f 460 143 145
f 145 141 460
f 141 140 460
f 461 128 127
f 461 133 135
f 135 131 461
f 131 130 461
f 130 128 461
f 462 118 117
f 462 121 118
f 462 127 125
f 125 124 462
f 124 122 462
f 122 121 462
f 463 112 111
f 463 114 112
f 463 117 119
f 119 115 463
f 115 114 463
f 464 106 105
f 464 109 108
f 108 106 464
f 464 111 109
f 465 100 99
f 465 105 103
f 103 102 465
f 102 100 465
f 466 97 93
f 466 467 95
f 95 97 466
f 467 99 96
f 96 95 467
f 468 89 86
f 468 90 89
f 466 92 94
f 94 468 466
f 94 90 468
f 469 80 79
f 469 82 80
f 469 468 85
f 85 87 469
f 87 83 469
f 83 82 469
f 470 73 72
f 470 469 77
f 77 76 470
f 76 75 470
f 75 73 470
f 471 66 63
f 471 67 66
f 471 69 67
f 471 470 70
f 70 69 471
f 472 57 56
f 472 59 57
f 472 471 62
f 62 64 472
f 64 60 472
f 60 59 472
f 473 48 47
f 473 53 51
f 51 50 473
f 50 48 473
f 473 472 54
f 54 53 473
f 474 38 36
f 474 39 38
f 474 44 42
f 42 41 474
f 41 39 474
f 474 473 45
f 45 44 474
f 475 20 19
f 475 22 20
f 475 474 35
f 35 34 475
f 34 32 475
f 32 31 475
f 31 29 475
f 29 28 475
f 28 26 475
f 26 25 475
f 25 23 475
f 23 22 475
f 439 360 359
f 439 364 363
f 363 360 439
f 359 361 439
f 439 367 366
f 439 369 367
f 366 364 439
f 439 370 369
f 407 372 370
f 370 439 407
f 407 406 2
f 2 372 407
f 406 475 16
f 16 15 406
f 15 17 406
f 17 13 406
f 13 12 406
f 12 10 406
f 10 9 406
f 9 7 406
f 7 6 406
f 6 3 406
f 3 2 406
f 19 16 475
f 36 35 474
f 47 45 473
f 56 54 472
f 63 62 471
f 72 70 470
f 79 77 469
f 86 85 468
f 93 92 466
f 99 467 465
f 105 465 464
f 111 464 463
f 117 463 462
f 127 462 461
f 133 461 460
f 143 460 459
f 156 459 457
f 204 203 456
f 221 219 455
f 231 230 454
f 241 240 453
f 250 248 452
f 257 256 451
f 266 264 450
f 272 270 449
f 278 276 448
f 283 282 446
f 289 447 445
f 301 445 444
f 306 444 443
f 312 443 442
f 322 442 441
f 331 441 440
f 340 440 439
f 438 476 437
f 436 437 435
f 434 435 433
f 432 433 431
f 430 431 429
f 428 429 427
f 426 427 425
f 424 425 423
f 422 423 421
f 420 421 419
f 418 419 417
f 416 417 415
f 414 415 413
f 412 413 411
f 410 411 409
f 408 409 406
f 405 458 404
f 403 404 402
f 401 402 400
f 399 400 398
f 397 398 396
f 395 396 394
f 393 394 392
f 391 392 390
f 389 390 388
f 387 388 386
f 385 386 384
f 383 384 382
f 381 382 380
f 379 380 378
f 377 378 376
f 375 376 373
f 373 477 478
f 478 477 479
f 479 480 478
f 478 374 373
f 481 482 483
f 479 483 482
f 482 480 479
f 483 484 481
f 485 486 476
f 476 438 485
f 487 486 485
f 485 488 487
f 489 490 491
f 492 493 490
f 490 489 492
f 492 494 493
f 492 487 495
f 495 494 492
f 487 488 495
f 491 496 489
f 489 496 497
f 497 498 489
f 499 500 498
f 498 497 499
f 481 484 501
f 502 501 503
f 504 503 505
f 506 505 507
f 508 507 509
f 510 509 511
f 512 511 513
f 514 513 515
f 516 515 517
f 518 517 519
f 520 519 521
f 522 521 523
f 524 523 525
f 526 525 527
f 528 527 529
f 530 529 531
f 532 531 533
f 534 533 535
f 536 535 537
f 538 537 539
f 540 539 541
f 542 541 543
f 544 543 545
f 546 545 547
f 548 547 549
f 550 549 551
f 552 551 553
f 554 553 555
f 556 555 557
f 558 557 559
f 560 559 561
f 562 561 563
f 564 563 565
f 566 565 567
f 568 567 569
f 570 569 571
f 572 571 573
f 574 573 575
f 576 575 577
f 578 577 579
f 580 579 581
f 582 581 583
f 584 583 585
f 586 585 587
f 588 587 589
f 590 589 591
f 592 591 593
f 594 593 595
f 596 595 597
f 598 597 599
f 600 599 601
f 602 601 603
f 604 603 605
f 606 605 607
f 608 607 609
f 610 609 611
f 612 611 613
f 614 613 615
f 616 615 617
f 618 617 619
f 620 619 621
f 622 621 623
f 624 623 625
f 626 625 627
f 628 627 629
f 630 629 631
f 632 631 633
f 634 633 635
f 636 635 637
f 638 637 639
f 640 639 641
f 642 641 643
f 644 643 645
f 646 645 647
f 648 647 649
f 650 649 651
f 652 651 653
f 654 653 655
f 656 655 657
f 658 657 659
f 660 659 661
f 662 661 663
f 664 663 665
f 666 665 667
f 668 667 669
f 669 670 668
f 670 671 672
f 673 672 674
f 675 674 676
f 677 676 678
f 679 678 680
f 681 680 682
f 683 682 684
f 685 684 686
f 687 686 688
f 689 688 690
f 691 690 692
f 693 692 694
f 695 694 696
f 697 696 698
f 699 698 700
f 701 700 702
f 703 702 704
f 705 704 706
f 707 706 708
f 709 708 710
f 711 710 712
f 713 712 714
f 715 714 716
f 717 716 718
f 719 718 720
f 721 720 722
f 723 722 724
f 725 724 726
f 727 726 728
f 729 728 730
f 731 730 732
f 733 732 734
f 735 734 736
f 736 737 735
f 734 735 733
f 732 733 731
f 730 731 729
f 728 729 727
f 726 727 725
f 724 725 723
f 722 723 721
f 720 721 719
f 718 719 717
f 716 717 715
f 714 715 713
f 712 713 711
f 710 711 709
f 708 709 707
f 706 707 705
f 704 705 703
f 702 703 701
f 700 701 699
f 698 699 697
f 696 697 695
f 694 695 693
f 692 693 691
f 690 691 689
f 688 689 687
f 686 687 685
f 684 685 683
f 682 683 681
f 680 681 679
f 678 679 677
f 676 677 675
f 674 675 673
f 672 673 670
f 669 671 670
f 667 668 666
f 665 666 664
f 663 664 662
f 661 662 660
f 659 660 658
f 657 658 656
f 655 656 654
f 653 654 652
f 651 652 650
f 649 650 648
f 647 648 646
f 645 646 644
f 643 644 642
f 641 642 640
f 639 640 638
f 637 638 636
f 635 636 634
f 633 634 632
f 631 632 630
f 629 630 628
f 627 628 626
f 625 626 624
f 623 624 622
f 621 622 620
f 619 620 618
f 617 618 616
f 615 616 614
f 613 614 612
f 611 612 610
f 609 610 608
f 607 608 606
f 605 606 604
f 603 604 602
f 601 602 600
f 599 600 598
f 597 598 596
f 595 596 594
f 593 594 592
f 591 592 590
f 589 590 588
f 587 588 586
f 585 586 584
f 583 584 582
f 581 582 580
f 579 580 578
f 577 578 576
f 575 576 574
f 573 574 572
f 571 572 570
f 569 570 568
f 567 568 566
f 565 566 564
f 563 564 562
f 561 562 560
f 559 560 558
f 557 558 556
f 555 556 554
f 553 554 552
f 551 552 550
f 549 550 548
f 547 548 546
f 545 546 544
f 543 544 542
f 541 542 540
f 539 540 538
f 537 538 536
f 535 536 534
f 533 534 532
f 531 532 530
f 529 530 528
f 527 528 526
f 525 526 524
f 523 524 522
f 521 522 520
f 519 520 518
f 517 518 516
f 515 516 514
f 513 514 512
f 511 512 510
f 509 510 508
f 507 508 506
f 505 506 504
f 503 504 502
f 501 502 481
f 738 739 737
f 737 736 738
f 739 738 740
f 741 740 742
f 743 742 744
f 745 744 746
f 747 746 748
f 749 748 750
f 751 750 752
f 753 752 754
f 755 754 756
f 757 756 758
f 759 758 760
f 761 760 762
f 763 762 764
f 765 764 766
f 767 766 768
f 769 768 770
f 771 770 772
f 773 772 774
f 775 774 776
f 777 776 778
f 779 778 780
f 781 780 782
f 783 782 784
f 785 784 786
f 787 786 788
f 789 788 790
f 791 790 792
f 793 792 794
f 795 794 796
f 797 796 798
f 799 798 800
f 801 800 802
f 803 802 804
f 805 804 806
f 807 806 808
f 809 808 810
f 811 810 812
f 813 812 814
f 815 814 816
f 817 816 818
f 819 818 820
f 821 820 822
f 823 822 824
f 825 824 826
f 827 826 828
f 829 828 830
f 831 830 832
f 833 832 834
f 835 834 836
f 837 836 838
f 839 838 840
f 841 840 842
f 843 842 844
f 845 844 846
f 847 846 848
f 849 848 850
f 851 850 852
f 853 852 854
f 855 854 856
f 857 856 858
f 859 858 860
f 861 860 862
f 863 862 864
f 865 864 866
f 867 866 868
f 869 868 870
f 871 870 872
f 873 872 874
f 875 874 876
f 877 876 878
f 879 878 880
f 881 880 882
f 883 882 884
f 885 884 886
f 887 886 888
f 889 888 890
f 891 890 892
f 893 892 894
f 895 894 896
f 897 896 898
f 899 898 900
f 901 900 902
f 903 902 904
f 905 904 906
f 907 906 908
f 909 908 910
f 911 910 912
f 913 912 914
f 915 914 916
f 917 916 918
f 919 918 920
f 921 920 922
f 923 922 924
f 925 924 926
f 927 926 928
f 929 928 930
f 931 930 932
f 933 932 934
f 935 934 936
f 937 936 938
f 939 938 940
f 941 940 942
f 943 942 944
f 945 944 946
f 947 946 948
f 949 948 950
f 951 950 952
f 953 952 954
f 955 954 956
f 957 956 958
f 959 958 960
f 961 960 962
f 963 962 964
f 965 964 966
f 967 966 968
f 969 968 970
f 971 970 972
f 973 972 974
f 974 975 973
f 972 973 971
f 970 971 969
f 968 969 967
f 966 967 965
f 964 965 963
f 962 963 961
f 960 961 959
f 958 959 957
f 956 957 955
f 954 955 953
f 952 953 951
f 950 951 949
f 948 949 947
f 946 947 945
f 944 945 943
f 942 943 941
f 940 941 939
f 938 939 937
f 936 937 935
f 934 935 933
f 932 933 931
f 930 931 929
f 928 929 927
f 926 927 925
f 924 925 923
f 922 923 921
f 920 921 919
f 918 919 917
f 916 917 915
f 914 915 913
f 912 913 911
f 910 911 909
f 908 909 907
f 906 907 905
f 904 905 903
f 902 903 901
f 900 901 899
f 898 899 897
f 896 897 895
f 894 895 893
f 892 893 891
f 890 891 889
f 888 889 887
f 886 887 885
f 884 885 883
f 882 883 881
f 880 881 879
f 878 879 877
f 876 877 875
f 874 875 873
f 872 873 871
f 870 871 869
f 868 869 867
f 866 867 865
f 864 865 863
f 862 863 861
f 860 861 859
f 858 859 857
f 856 857 855
f 854 855 853
f 852 853 851
f 850 851 849
f 848 849 847
f 846 847 845
f 844 845 843
f 842 843 841
f 840 841 839
f 838 839 837
f 836 837 835
f 834 835 833
f 832 833 831
f 830 831 829
f 828 829 827
f 826 827 825
f 824 825 823
f 822 823 821
f 820 821 819
f 818 819 817
f 816 817 815
f 814 815 813
f 812 813 811
f 810 811 809
f 808 809 807
f 806 807 805
f 804 805 803
f 802 803 801
f 800 801 799
f 798 799 797
f 796 797 795
f 794 795 793
f 792 793 791
f 790 791 789
f 788 789 787
f 786 787 785
f 784 785 783
f 782 783 781
f 780 781 779
f 778 779 777
f 776 777 775
f 774 775 773
f 772 773 771
f 770 771 769
f 768 769 767
f 766 767 765
f 764 765 763
f 762 763 761
f 760 761 759
f 758 759 757
f 756 757 755
f 754 755 753
f 752 753 751
f 750 751 749
f 748 749 747
f 746 747 745
f 744 745 743
f 742 743 741
f 740 741 739
f 974 976 977
f 978 977 976
f 976 979 978
f 977 975 974
f 980 981 982
f 979 980 983
f 983 978 979
f 982 983 980
f 500 499 984
f 985 984 986
f 987 986 988
f 989 988 990
f 991 990 992
f 993 992 994
f 995 994 996
f 997 996 998
f 999 998 1000
f 1001 1000 1002
f 1003 1002 1004
f 1005 1004 1006
f 1007 1006 1008
f 1009 1008 1010
f 1011 1010 1012
f 1013 1012 1014
f 1015 1016 1017
f 1018 1017 1019
f 1020 1019 1021
f 1022 1021 1023
f 1024 1023 1025
f 1026 1025 1027
f 1028 1027 1029
f 1030 1029 1031
f 1032 1031 1033
f 1034 1033 1035
f 1036 1035 1037
f 1038 1037 1039
f 1040 1039 1041
f 1042 1041 1043
f 1044 1043 1045
f 1046 1045 982
f 1047 1048 1049
f 1047 1050 1048
f 1047 1051 1050
f 1047 1052 1051
f 1047 1053 1052
f 1047 1054 1053
f 1047 1055 1054
f 1047 1056 1055
f 1047 1057 1056
f 1047 1058 1059
f 1059 1060 1047
f 1060 1057 1047
f 1061 1062 1063
f 1061 1064 1065
f 1061 1066 1064
f 1061 1049 1067
f 1067 1068 1061
f 1068 1066 1061
f 1065 1062 1061
f 1069 1070 1071
f 1069 1072 1073
f 1069 1074 1072
f 1069 1063 1075
f 1075 1074 1069
f 1073 1070 1069
f 1076 1077 1078
f 1076 1079 1077
f 1076 1080 1079
f 1076 1071 1081
f 1081 1082 1076
f 1082 1080 1076
f 1083 1084 1085
f 1083 1078 1086
f 1086 1087 1083
f 1087 1088 1083
f 1088 1084 1083
f 1089 1090 1091
f 1089 1092 1090
f 1089 1093 1092
f 1089 1085 1094
f 1094 1093 1089
f 1095 1096 1097
f 1095 1098 1096
f 1095 1099 1098
f 1095 1091 1100
f 1100 1101 1095
f 1101 1099 1095
f 1102 1103 1104
f 1103 1105 1104
f 1103 1097 1106
f 1106 1107 1103
f 1107 1105 1103
f 1108 1109 1110
f 1102 1111 1109
f 1102 1112 1113
f 1113 1111 1102
f 1109 1108 1102
f 1114 1115 1116
f 1114 1117 1115
f 1114 1108 1118
f 1118 1117 1114
f 1119 1120 1121
f 1119 1114 1122
f 1122 1120 1119
f 1121 1123 1119
f 1124 1125 1126
f 1124 1127 1125
f 1124 1119 1128
f 1128 1129 1124
f 1129 1127 1124
f 1130 1131 1132
f 1130 1133 1131
f 1130 1134 1133
f 1130 1124 1135
f 1135 1136 1130
f 1136 1134 1130
f 1137 1138 1139
f 1137 1140 1138
f 1137 1141 1140
f 1137 1130 1142
f 1142 1141 1137
f 1143 1144 1145
f 1143 1146 1144
f 1143 1137 1147
f 1147 1148 1143
f 1148 1149 1143
f 1149 1150 1143
f 1150 1146 1143
f 1151 1152 1153
f 1151 1143 1154
f 1154 1155 1151
f 1155 1156 1151
f 1156 1157 1151
f 1157 1158 1151
f 1158 1159 1151
f 1159 1152 1151
f 1160 1161 1162
f 1160 1163 1161
f 1160 1164 1165
f 1165 1166 1160
f 1166 1167 1160
f 1167 1168 1160
f 1168 1169 1160
f 1169 1170 1160
f 1170 1163 1160
f 1160 1151 1171
f 1171 1164 1160
f 1172 1173 1174
f 1172 1175 1176
f 1176 1173 1172
f 1174 1177 1172
f 1172 1178 1179
f 1172 1180 1178
f 1179 1175 1172
f 1172 1181 1180
f 1016 1182 1183
f 1183 1172 1016
f 1183 1181 1172
f 1015 1184 1185
f 1185 1016 1015
f 1185 1182 1016
f 1015 1186 1187
f 1187 1188 1015
f 1188 1184 1015
f 1015 1160 1189
f 1189 1190 1015
f 1190 1191 1015
f 1191 1192 1015
f 1192 1193 1015
f 1193 1186 1015
f 1172 1194 1195
f 1172 1196 1197
f 1172 1198 1196
f 1172 1199 1198
f 1172 1200 1199
f 1172 1201 1200
f 1172 1202 1201
f 1172 1177 1203
f 1203 1204 1172
f 1204 1202 1172
f 1197 1194 1172
f 1205 1206 1207
f 1205 1208 1206
f 1205 1209 1208
f 1205 1210 1209
f 1205 1211 1210
f 1205 1212 1211
f 1205 1195 1213
f 1213 1212 1205
f 1214 1215 1216
f 1214 1217 1215
f 1214 1218 1217
f 1214 1219 1218
f 1214 1207 1220
f 1220 1221 1214
f 1221 1219 1214
f 1222 1223 1224
f 1222 1216 1225
f 1225 1226 1222
f 1226 1227 1222
f 1227 1223 1222
f 1228 1229 1230
f 1228 1231 1229
f 1228 1232 1233
f 1228 1224 1234
f 1234 1232 1228
f 1233 1231 1228
f 1235 1236 1237
f 1235 1238 1236
f 1235 1230 1239
f 1239 1240 1235
f 1240 1238 1235
f 1241 1242 1243
f 1241 1244 1245
f 1245 1242 1241
f 1241 1237 1244
f 1246 1247 1248
f 1246 1243 1249
f 1249 1250 1246
f 1250 1247 1246
f 1251 1252 1253
f 1251 1254 1255
f 1255 1252 1251
f 1254 1248 1256
f 1256 1255 1254
f 1257 1258 1259
f 1257 1260 1258
f 1251 1261 1262
f 1262 1257 1251
f 1262 1260 1257
f 1263 1264 1265
f 1263 1266 1264
f 1263 1267 1266
f 1263 1257 1268
f 1268 1269 1263
f 1269 1267 1263
f 1270 1271 1272
f 1270 1263 1273
f 1273 1274 1270
f 1274 1275 1270
f 1275 1271 1270
f 1276 1277 1278
f 1276 1279 1277
f 1276 1280 1279
f 1276 1270 1281
f 1281 1280 1276
f 1282 1283 1284
f 1282 1285 1283
f 1282 1276 1286
f 1286 1287 1282
f 1287 1288 1282
f 1288 1285 1282
f 1289 1290 1291
f 1289 1292 1293
f 1293 1294 1289
f 1294 1290 1289
f 1289 1282 1295
f 1295 1292 1289
f 1296 1297 1298
f 1296 1299 1297
f 1296 1300 1301
f 1301 1302 1296
f 1302 1299 1296
f 1296 1289 1303
f 1303 1300 1296
f 1304 1305 1306
f 1304 1296 1307
f 1307 1308 1304
f 1308 1309 1304
f 1309 1310 1304
f 1310 1311 1304
f 1311 1312 1304
f 1312 1313 1304
f 1313 1314 1304
f 1314 1315 1304
f 1315 1316 1304
f 1316 1305 1304
f 1047 1317 1318
f 1047 1319 1320
f 1320 1317 1047
f 1318 1058 1047
f 1047 1321 1322
f 1047 1323 1321
f 1322 1319 1047
f 1047 1324 1323
f 1047 1325 1324
f 1326 1327 1325
f 1325 1047 1326
f 1014 1328 1327
f 1014 1304 1329
f 1329 1330 1014
f 1330 1331 1014
f 1331 1332 1014
f 1332 1333 1014
f 1333 1334 1014
f 1334 1335 1014
f 1335 1336 1014
f 1336 1337 1014
f 1337 1328 1014
f 1327 1326 1014
f 1306 1329 1304
f 1298 1307 1296
f 1291 1303 1289
f 1284 1295 1282
f 1278 1286 1276
f 1272 1281 1270
f 1265 1273 1263
f 1259 1268 1257
f 1253 1261 1251
f 1248 1254 1246
f 1243 1246 1241
f 1237 1241 1235
f 1230 1235 1228
f 1224 1228 1222
f 1216 1222 1214
f 1207 1214 1205
f 1195 1205 1172
f 1162 1189 1160
f 1153 1171 1151
f 1145 1154 1143
f 1139 1147 1137
f 1132 1142 1130
f 1126 1135 1124
f 1123 1128 1119
f 1116 1122 1114
f 1110 1118 1108
f 1104 1112 1102
f 1097 1103 1095
f 1091 1095 1089
f 1085 1089 1083
f 1078 1083 1076
f 1071 1076 1069
f 1063 1069 1061
f 1049 1061 1047
f 982 981 1046
f 1045 1046 1044
f 1043 1044 1042
f 1041 1042 1040
f 1039 1040 1038
f 1037 1038 1036
f 1035 1036 1034
f 1033 1034 1032
f 1031 1032 1030
f 1029 1030 1028
f 1027 1028 1026
f 1025 1026 1024
f 1023 1024 1022
f 1021 1022 1020
f 1019 1020 1018
f 1017 1018 1015
f 1014 1326 1013
f 1012 1013 1011
f 1010 1011 1009
f 1008 1009 1007
f 1006 1007 1005
f 1004 1005 1003
f 1002 1003 1001
f 1000 1001 999
f 998 999 997
f 996 997 995
f 994 995 993
f 992 993 991
f 990 991 989
f 988 989 987
f 986 987 985
f 984 985 500
f 1338 1327 1328
f 1328 1339 1338
f 1340 1339 1337
f 1337 1336 1340
f 1341 1340 1335
f 1335 1334 1341
f 1342 1341 1333
f 1333 1332 1342
f 1343 1330 1329
f 1343 1342 1331
f 1331 1330 1343
f 1344 1343 1306
f 1306 1305 1344
f 1345 1344 1316
f 1316 1315 1345
f 1346 1345 1314
f 1314 1313 1346
f 1347 1346 1312
f 1312 1311 1347
f 1348 1347 1310
f 1310 1309 1348
f 1349 1348 1308
f 1308 1307 1349
f 1307 1298 1349
f 1350 1349 1297
f 1297 1299 1350
f 1351 1350 1302
f 1302 1301 1351
f 1352 1351 1300
f 1300 1303 1352
f 1353 1352 1291
f 1291 1290 1353
f 1354 1353 1294
f 1294 1293 1354
f 1355 1354 1292
f 1292 1295 1355
f 1356 1355 1284
f 1284 1283 1356
f 1357 1356 1285
f 1285 1288 1357
f 1358 1286 1278
f 1358 1357 1287
f 1287 1286 1358
f 1359 1358 1277
f 1277 1279 1359
f 1360 1359 1280
f 1280 1281 1360
f 1361 1360 1272
f 1272 1271 1361
f 1362 1361 1275
f 1275 1274 1362
f 1274 1273 1362
f 1363 1362 1265
f 1265 1264 1363
f 1364 1363 1266
f 1266 1267 1364
f 1365 1268 1259
f 1365 1364 1269
f 1269 1268 1365
f 1366 1365 1258
f 1258 1260 1366
f 1367 1261 1253
f 1367 1366 1262
f 1262 1261 1367
f 1252 1255 1368
f 1368 1255 1256
f 1256 1369 1368
f 1369 1248 1247
f 1369 1256 1248
f 1370 1250 1249
f 1370 1247 1250
f 1371 1243 1242
f 1371 1249 1243
f 1372 1245 1244
f 1372 1242 1245
f 1373 1237 1236
f 1373 1244 1237
f 1374 1238 1240
f 1374 1236 1238
f 1375 1230 1229
f 1375 1240 1239
f 1239 1230 1375
f 1376 1231 1233
f 1376 1229 1231
f 1377 1232 1234
f 1377 1233 1232
f 1378 1224 1223
f 1378 1234 1224
f 1379 1227 1226
f 1379 1223 1227
f 1380 1216 1215
f 1380 1226 1225
f 1225 1216 1380
f 1381 1217 1218
f 1381 1215 1217
f 1382 1219 1221
f 1382 1218 1219
f 1383 1207 1206
f 1383 1221 1220
f 1220 1207 1383
f 1384 1208 1209
f 1384 1206 1208
f 1385 1210 1211
f 1385 1209 1210
f 1386 1212 1213
f 1386 1211 1212
f 1387 1195 1194
f 1387 1213 1195
f 1388 1197 1196
f 1388 1194 1197
f 1389 1198 1199
f 1389 1196 1198
f 1390 1200 1201
f 1390 1199 1200
f 1391 1202 1204
f 1391 1201 1202
f 1392 1177 1174
f 1392 1203 1177
f 1392 1204 1203
f 1393 1173 1176
f 1393 1174 1173
f 1394 1175 1179
f 1394 1176 1175
f 1395 1178 1180
f 1395 1179 1178
f 1396 1181 1183
f 1396 1180 1181
f 1397 1398 1182
f 1398 1183 1182
f 1399 1397 1185
f 1185 1184 1399
f 1400 1399 1188
f 1188 1187 1400
f 1401 1400 1186
f 1186 1193 1401
f 1402 1401 1192
f 1192 1191 1402
f 1403 1402 1190
f 1190 1189 1403
f 1189 1162 1403
f 1404 1403 1161
f 1161 1163 1404
f 1405 1404 1170
f 1170 1169 1405
f 1406 1405 1168
f 1168 1167 1406
f 1407 1406 1166
f 1166 1165 1407
f 1408 1407 1164
f 1164 1171 1408
f 1409 1408 1153
f 1153 1152 1409
f 1410 1409 1159
f 1159 1158 1410
f 1411 1410 1157
f 1157 1156 1411
f 1412 1154 1145
f 1412 1411 1155
f 1155 1154 1412
f 1413 1412 1144
f 1144 1146 1413
f 1414 1413 1150
f 1150 1149 1414
f 1415 1147 1139
f 1415 1414 1148
f 1148 1147 1415
f 1416 1415 1138
f 1138 1140 1416
f 1417 1416 1141
f 1141 1142 1417
f 1418 1417 1132
f 1132 1131 1418
f 1419 1418 1133
f 1133 1134 1419
f 1420 1135 1126
f 1420 1419 1136
f 1136 1135 1420
f 1421 1420 1125
f 1125 1127 1421
f 1422 1421 1129
f 1129 1128 1422
f 1423 1422 1123
f 1123 1121 1423
f 1424 1423 1120
f 1120 1122 1424
f 1425 1424 1116
f 1116 1115 1425
f 1426 1425 1117
f 1117 1118 1426
f 1427 1426 1110
f 1110 1109 1427
f 1427 1112 1104
f 1427 1111 1113
f 1113 1112 1427
f 1428 1105 1107
f 1428 1104 1105
f 1429 1097 1096
f 1429 1107 1106
f 1106 1097 1429
f 1430 1098 1099
f 1430 1096 1098
f 1431 1101 1100
f 1431 1099 1101
f 1432 1090 1092
f 1432 1091 1090
f 1432 1100 1091
f 1433 1093 1094
f 1433 1092 1093
f 1434 1085 1084
f 1434 1094 1085
f 1435 1088 1087
f 1435 1084 1088
f 1436 1078 1077
f 1436 1087 1086
f 1086 1078 1436
f 1437 1079 1080
f 1437 1077 1079
f 1438 1082 1081
f 1438 1080 1082
f 1439 1071 1070
f 1439 1081 1071
f 1440 1073 1072
f 1440 1070 1073
f 1441 1074 1075
f 1441 1072 1074
f 1442 1075 1063
f 1063 1443 1442
f 1063 1062 1443
f 1443 1065 1064
f 1443 1062 1065
f 1444 1066 1068
f 1444 1064 1066
f 1445 1049 1048
f 1445 1067 1049
f 1445 1068 1067
f 1446 1050 1051
f 1446 1048 1050
f 1447 1052 1053
f 1447 1051 1052
f 1448 1054 1055
f 1448 1053 1054
f 1449 1056 1057
f 1449 1055 1056
f 1450 1060 1059
f 1450 1057 1060
f 1451 1318 1317
f 1451 1059 1058
f 1058 1318 1451
f 1452 1320 1319
f 1452 1317 1320
f 1453 1322 1321
f 1453 1319 1322
f 1454 1323 1324
f 1454 1321 1323
f 1338 1455 1325
f 1455 1324 1325
f 1325 1327 1338
f 1324 1455 1454
f 1321 1454 1453
f 1319 1453 1452
f 1317 1452 1451
f 1059 1451 1450
f 1057 1450 1449
f 1055 1449 1448
f 1053 1448 1447
f 1051 1447 1446
f 1048 1446 1445
f 1068 1445 1444
f 1064 1444 1443
f 1075 1442 1441
f 1072 1441 1440
f 1070 1440 1439
f 1081 1439 1438
f 1080 1438 1437
f 1077 1437 1436
f 1087 1436 1435
f 1084 1435 1434
f 1094 1434 1433
f 1092 1433 1432
f 1100 1432 1431
f 1099 1431 1430
f 1096 1430 1429
f 1107 1429 1428
f 1104 1428 1427
f 1109 1111 1427
f 1118 1110 1426
f 1115 1117 1425
f 1122 1116 1424
f 1121 1120 1423
f 1128 1123 1422
f 1127 1129 1421
f 1126 1125 1420
f 1134 1136 1419
f 1131 1133 1418
f 1142 1132 1417
f 1140 1141 1416
f 1139 1138 1415
f 1149 1148 1414
f 1146 1150 1413
f 1145 1144 1412
f 1156 1155 1411
f 1158 1157 1410
f 1152 1159 1409
f 1171 1153 1408
f 1165 1164 1407
f 1167 1166 1406
f 1169 1168 1405
f 1163 1170 1404
f 1162 1161 1403
f 1191 1190 1402
f 1193 1192 1401
f 1187 1186 1400
f 1184 1188 1399
f 1182 1185 1397
f 1183 1398 1396
f 1180 1396 1395
f 1179 1395 1394
f 1176 1394 1393
f 1174 1393 1392
f 1204 1392 1391
f 1201 1391 1390
f 1199 1390 1389
f 1196 1389 1388
f 1194 1388 1387
f 1213 1387 1386
f 1211 1386 1385
f 1209 1385 1384
f 1206 1384 1383
f 1221 1383 1382
f 1218 1382 1381
f 1215 1381 1380
f 1226 1380 1379
f 1223 1379 1378
f 1234 1378 1377
f 1233 1377 1376
f 1229 1376 1375
f 1240 1375 1374
f 1236 1374 1373
f 1244 1373 1372
f 1242 1372 1371
f 1249 1371 1370
f 1247 1370 1369
f 1368 1367 1252
f 1253 1252 1367
f 1260 1262 1366
f 1259 1258 1365
f 1267 1269 1364
f 1264 1266 1363
f 1273 1265 1362
f 1271 1275 1361
f 1281 1272 1360
f 1279 1280 1359
f 1278 1277 1358
f 1288 1287 1357
f 1283 1285 1356
f 1295 1284 1355
f 1293 1292 1354
f 1290 1294 1353
f 1303 1291 1352
f 1301 1300 1351
f 1299 1302 1350
f 1298 1297 1349
f 1309 1308 1348
f 1311 1310 1347
f 1313 1312 1346
f 1315 1314 1345
f 1305 1316 1344
f 1329 1306 1343
f 1332 1331 1342
f 1334 1333 1341
f 1336 1335 1340
f 1328 1337 1339
f 1456 1457 186
f 186 188 1456
f 1457 183 186
f 188 189 1456
f 1457 180 183
f 1456 195 198
f 189 192 1456
f 198 201 1456
f 1457 177 180
f 1457 170 174
f 1456 211 214
f 1456 205 208
f 192 195 1456
f 1457 167 170
f 208 211 1456
f 174 177 1457
f 1457 161 164
f 1457 155 158
f 1458 43 46
f 1458 1459 368
f 1459 330 332
f 201 205 1456
f 158 161 1457
f 1457 146 149
f 1460 91 98
f 46 49 1458
f 1458 33 37
f 1458 21 24
f 1458 5 8
f 1459 365 368
f 1459 327 330
f 1459 321 324
f 1461 1456 223
f 164 167 1457
f 149 152 1457
f 1457 139 142
f 98 101 1460
f 1458 40 43
f 1458 30 33
f 24 27 1458
f 1458 14 18
f 1458 4 5
f 1458 371 1
f 1459 362 365
f 1459 355 358
f 1459 336 339
f 324 327 1459
f 1459 305 308
f 1461 233 236
f 1456 220 223
f 214 217 1456
f 142 146 1457
f 1460 110 113
f 1460 88 91
f 37 40 1458
f 18 21 1458
f 1 4 1458
f 358 362 1459
f 1459 343 346
f 332 336 1459
f 1459 315 318
f 308 311 1459
f 236 239 1461
f 223 226 1461
f 152 155 1457
f 1457 1460 126
f 1460 107 110
f 101 104 1460
f 1458 52 55
f 27 30 1458
f 368 371 1458
f 339 343 1459
f 311 315 1459
f 1459 298 302
f 1459 292 295
f 1459 1461 277
f 1461 271 274
f 1461 249 252
f 1461 243 246
f 1461 229 233
f 217 220 1456
f 1457 132 136
f 1460 123 126
f 1460 116 120
f 104 107 1460
f 1460 81 84
f 1460 74 78
f 1460 68 71
f 49 52 1458
f 8 11 1458
f 318 321 1459
f 295 298 1459
f 1459 285 288
f 277 280 1459
f 1461 268 271
f 1461 255 259
f 246 249 1461
f 226 229 1461
f 1457 129 132
f 120 123 1460
f 84 88 1460
f 71 74 1460
f 1460 61 65
f 1460 1458 58
f 11 14 1458
f 1459 349 352
f 302 305 1459
f 280 285 1459
f 1461 265 268
f 259 262 1461
f 239 243 1461
f 126 129 1457
f 78 81 1460
f 58 61 1460
f 352 355 1459
f 288 292 1459
f 262 265 1461
f 136 139 1457
f 65 68 1460
f 346 349 1459
f 252 255 1461
f 55 58 1458
f 113 116 1460
f 274 277 1461
f 1462 1457 1456
f 1456 1463 1462
f 1464 1460 1457
f 1457 1462 1464
f 1465 1458 1460
f 1460 1464 1465
f 1456 1461 1466
f 1466 1463 1456
f 1465 1467 1459
f 1459 1458 1465
f 1462 1463 1468
f 1468 1469 1462
f 1463 1470 1468
f 1469 1471 1462
f 1465 1472 1473
f 1463 1474 1470
f 1467 1475 1476
f 1473 1467 1465
f 1462 1477 1478
f 1471 1479 1462
f 1476 1466 1467
f 1467 1480 1481
f 1467 1482 1483
f 1467 1484 1485
f 1473 1486 1467
f 1478 1487 1462
f 1463 1488 1474
f 1463 1489 1490
f 1467 1491 1475
f 1481 1492 1467
f 1483 1493 1467
f 1486 1484 1467
f 1465 1494 1495
f 1465 1496 1497
f 1462 1498 1499
f 1462 1500 1501
f 1479 1477 1462
f 1463 1502 1489
f 1476 1503 1466
f 1467 1504 1505
f 1493 1480 1467
f 1467 1506 1507
f 1495 1472 1465
f 1497 1508 1465
f 1465 1509 1510
f 1465 1511 1512
f 1465 1513 1514
f 1465 1515 1516
f 1462 1517 1518
f 1501 1498 1462
f 1490 1488 1463
f 1463 1519 1520
f 1463 1521 1522
f 1466 1523 1524
f 1503 1525 1466
f 1467 1526 1504
f 1507 1482 1467
f 1467 1527 1528
f 1508 1494 1465
f 1512 1509 1465
f 1465 1529 1530
f 1465 1531 1513
f 1465 1532 1515
f 1462 1533 1534
f 1462 1535 1517
f 1487 1500 1462
f 1522 1519 1463
f 1466 1536 1523
f 1525 1537 1466
f 1467 1538 1539
f 1467 1540 1541
f 1467 1542 1526
f 1528 1506 1467
f 1465 1543 1496
f 1530 1511 1465
f 1516 1531 1465
f 1465 1544 1545
f 1518 1533 1462
f 1520 1502 1463
f 1537 1536 1466
f 1467 1546 1547
f 1541 1538 1467
f 1492 1542 1467
f 1510 1543 1465
f 1545 1532 1465
f 1464 1548 1544
f 1464 1549 1550
f 1464 1551 1552
f 1464 1553 1554
f 1499 1535 1462
f 1466 1555 1556
f 1466 1557 1558
f 1466 1559 1560
f 1466 1561 1562
f 1547 1491 1467
f 1505 1540 1467
f 1467 1563 1564
f 1514 1529 1465
f 1550 1548 1464
f 1554 1551 1464
f 1464 1565 1566
f 1462 1567 1568
f 1462 1569 1570
f 1463 1571 1521
f 1556 1463 1466
f 1466 1572 1557
f 1562 1559 1466
f 1539 1546 1467
f 1485 1563 1467
f 1552 1549 1464
f 1464 1573 1565
f 1464 1574 1575
f 1464 1576 1577
f 1568 1464 1462
f 1462 1578 1569
f 1556 1571 1463
f 1466 1579 1580
f 1560 1572 1466
f 1564 1527 1467
f 1566 1553 1464
f 1464 1581 1574
f 1464 1582 1583
f 1568 1576 1464
f 1534 1578 1462
f 1558 1579 1466
f 1544 1465 1464
f 1464 1584 1581
f 1583 1585 1464
f 1570 1567 1462
f 1524 1561 1466
f 1585 1584 1464
f 1580 1555 1466
f 1577 1582 1464
f 1575 1573 1464
f 1472 1495 1586
f 1473 1472 1587
f 1486 1473 1588
f 1484 1486 1589
f 1485 1484 1590
f 1563 1485 1591
f 1564 1563 1592
f 1527 1564 1593
f 1528 1527 1594
f 1506 1528 1595
f 1507 1506 1596
f 1482 1507 1597
f 1483 1482 1598
f 1493 1483 1599
f 1480 1493 1600
f 1481 1480 1601
f 1492 1481 1602
f 1542 1492 1603
f 1526 1542 1604
f 1504 1526 1605
f 1505 1504 1606
f 1540 1505 1607
f 1541 1540 1608
f 1538 1541 1609
f 1539 1538 1610
f 1546 1539 1611
f 1547 1546 1612
f 1491 1547 1613
f 1475 1491 1614
f 1615 1503 1476
f 1476 1616 1615
f 1525 1503 1615
f 1537 1525 1617
f 1536 1537 1618
f 1523 1536 1619
f 1524 1523 1620
f 1561 1524 1621
f 1562 1561 1622
f 1559 1562 1623
f 1560 1559 1624
f 1572 1560 1625
f 1557 1572 1626
f 1558 1557 1627
f 1579 1558 1628
f 1580 1579 1629
f 1555 1580 1630
f 1556 1555 1631
f 1571 1556 1632
f 1521 1571 1633
f 1522 1521 1634
f 1519 1522 1635
f 1520 1519 1636
f 1502 1520 1637
f 1489 1502 1638
f 1490 1489 1639
f 1488 1490 1640
f 1474 1488 1641
f 1470 1474 1642
f 1468 1470 1643
f 1469 1468 1644
f 1471 1469 1645
f 1479 1471 1646
f 1477 1479 1647
f 1478 1477 1648
f 1487 1478 1649
f 1500 1487 1650
f 1501 1500 1651
f 1498 1501 1652
f 1499 1498 1653
f 1535 1499 1654
f 1517 1535 1655
f 1518 1517 1656
f 1533 1518 1657
f 1534 1533 1658
f 1578 1534 1659
f 1569 1578 1660
f 1570 1569 1661
f 1567 1570 1662
f 1568 1567 1663
f 1576 1568 1664
f 1577 1576 1665
f 1582 1577 1666
f 1583 1582 1667
f 1585 1583 1668
f 1584 1585 1669
f 1581 1584 1670
f 1574 1581 1671
f 1575 1574 1672
f 1575 1673 1674
f 1674 1573 1575
f 1565 1573 1675
f 1566 1565 1676
f 1553 1566 1677
f 1554 1553 1678
f 1551 1554 1679
f 1552 1551 1680
f 1549 1552 1681
f 1550 1549 1682
f 1548 1550 1683
f 1544 1548 1684
f 1545 1544 1685
f 1532 1545 1686
f 1515 1532 1687
f 1516 1515 1688
f 1531 1516 1689
f 1513 1531 1690
f 1514 1513 1691
f 1529 1514 1692
f 1530 1529 1693
f 1511 1530 1694
f 1512 1511 1695
f 1509 1512 1696
f 1510 1509 1697
f 1543 1510 1698
f 1496 1543 1699
f 1497 1496 1700
f 1508 1497 1701
f 1494 1508 1702
f 1495 1494 1703
f 1703 1586 1495
f 1702 1703 1494
f 1701 1702 1508
f 1700 1701 1497
f 1699 1700 1496
f 1698 1699 1543
f 1697 1698 1510
f 1696 1697 1509
f 1695 1696 1512
f 1694 1695 1511
f 1693 1694 1530
f 1692 1693 1529
f 1691 1692 1514
f 1690 1691 1513
f 1689 1690 1531
f 1688 1689 1516
f 1687 1688 1515
f 1686 1687 1532
f 1685 1686 1545
f 1684 1685 1544
f 1683 1684 1548
f 1682 1683 1550
f 1681 1682 1549
f 1680 1681 1552
f 1679 1680 1551
f 1678 1679 1554
f 1677 1678 1553
f 1676 1677 1566
f 1675 1676 1565
f 1674 1675 1573
f 1672 1673 1575
f 1671 1672 1574
f 1670 1671 1581
f 1669 1670 1584
f 1668 1669 1585
f 1667 1668 1583
f 1666 1667 1582
f 1665 1666 1577
f 1664 1665 1576
f 1663 1664 1568
f 1662 1663 1567
f 1661 1662 1570
f 1660 1661 1569
f 1659 1660 1578
f 1658 1659 1534
f 1657 1658 1533
f 1656 1657 1518
f 1655 1656 1517
f 1654 1655 1535
f 1653 1654 1499
f 1652 1653 1498
f 1651 1652 1501
f 1650 1651 1500
f 1649 1650 1487
f 1648 1649 1478
f 1647 1648 1477
f 1646 1647 1479
f 1645 1646 1471
f 1644 1645 1469
f 1643 1644 1468
f 1642 1643 1470
f 1641 1642 1474
f 1640 1641 1488
f 1639 1640 1490
f 1638 1639 1489
f 1637 1638 1502
f 1636 1637 1520
f 1635 1636 1519
f 1634 1635 1522
f 1633 1634 1521
f 1632 1633 1571
f 1631 1632 1556
f 1630 1631 1555
f 1629 1630 1580
f 1628 1629 1579
f 1627 1628 1558
f 1626 1627 1557
f 1625 1626 1572
f 1624 1625 1560
f 1623 1624 1559
f 1622 1623 1562
f 1621 1622 1561
f 1620 1621 1524
f 1619 1620 1523
f 1618 1619 1536
f 1617 1618 1537
f 1615 1617 1525
f 1476 1475 1616
f 1614 1616 1475
f 1613 1614 1491
f 1612 1613 1547
f 1611 1612 1546
f 1610 1611 1539
f 1609 1610 1538
f 1608 1609 1541
f 1607 1608 1540
f 1606 1607 1505
f 1605 1606 1504
f 1604 1605 1526
f 1603 1604 1542
f 1602 1603 1492
f 1601 1602 1481
f 1600 1601 1480
f 1599 1600 1493
f 1598 1599 1483
f 1597 1598 1482
f 1596 1597 1507
f 1595 1596 1506
f 1594 1595 1528
f 1593 1594 1527
f 1592 1593 1564
f 1591 1592 1563
f 1590 1591 1485
f 1589 1590 1484
f 1588 1589 1486
f 1587 1588 1473
f 1586 1587 1472
f 1704 1645 1644
f 1644 1705 1704
f 1704 1646 1645
f 1644 1643 1705
f 1704 1647 1646
f 1705 1641 1640
f 1643 1642 1705
f 1640 1639 1705
f 1704 1648 1647
f 1704 1650 1649
f 1598 1706 1707
f 1705 1636 1635
f 1705 1638 1637
f 1642 1641 1705
f 1704 1651 1650
f 1708 1675 1674
f 1708 1702 1701
f 1706 1587 1586
f 1706 1589 1588
f 1707 1600 1599
f 1707 1603 1602
f 1637 1636 1705
f 1649 1648 1704
f 1704 1653 1652
f 1704 1655 1654
f 1674 1704 1708
f 1708 1703 1702
f 1586 1708 1706
f 1706 1590 1589
f 1706 1592 1591
f 1707 1601 1600
f 1707 1604 1603
f 1639 1638 1705
f 1654 1653 1704
f 1704 1658 1657
f 1708 1676 1675
f 1708 1690 1689
f 1708 1693 1692
f 1708 1697 1696
f 1708 1699 1698
f 1586 1703 1708
f 1591 1590 1706
f 1706 1598 1597
f 1602 1601 1707
f 1707 1608 1607
f 1707 1705 1615
f 1652 1651 1704
f 1657 1656 1704
f 1704 1660 1659
f 1674 1673 1704
f 1689 1688 1708
f 1692 1691 1708
f 1708 1695 1694
f 1698 1697 1708
f 1588 1587 1706
f 1706 1596 1595
f 1707 1599 1598
f 1607 1606 1707
f 1705 1617 1615
f 1705 1624 1623
f 1705 1626 1625
f 1705 1629 1628
f 1635 1634 1705
f 1659 1658 1704
f 1704 1669 1668
f 1673 1672 1704
f 1708 1687 1686
f 1691 1690 1708
f 1696 1695 1708
f 1701 1700 1708
f 1597 1596 1706
f 1606 1605 1707
f 1707 1610 1609
f 1707 1612 1611
f 1705 1618 1617
f 1705 1622 1621
f 1625 1624 1705
f 1628 1627 1705
f 1705 1633 1632
f 1656 1655 1704
f 1704 1663 1662
f 1704 1670 1669
f 1672 1671 1704
f 1708 1680 1679
f 1708 1682 1681
f 1708 1684 1683
f 1688 1687 1708
f 1700 1699 1708
f 1605 1604 1707
f 1611 1610 1707
f 1707 1614 1613
f 1705 1619 1618
f 1621 1620 1705
f 1627 1626 1705
f 1705 1631 1630
f 1634 1633 1705
f 1662 1661 1704
f 1704 1665 1664
f 1704 1667 1666
f 1671 1670 1704
f 1708 1678 1677
f 1681 1680 1708
f 1708 1685 1684
f 1694 1693 1708
f 1706 1594 1593
f 1609 1608 1707
f 1707 1616 1614
f 1620 1619 1705
f 1630 1629 1705
f 1661 1660 1704
f 1666 1665 1704
f 1677 1676 1708
f 1683 1682 1708
f 1593 1592 1706
f 1613 1612 1707
f 1623 1622 1705
f 1664 1663 1704
f 1679 1678 1708
f 1595 1594 1706
f 1632 1631 1705
f 1686 1685 1708
f 1668 1667 1704
f 1615 1616 1707
f 1709 1710 1711
f 1711 1712 1709
f 1705 1713 1709
f 1709 1713 1710
f 1711 1714 1712
f 1709 1704 1705
f 1715 1716 1717
f 1717 1718 1715
f 1716 1719 1717
f 1708 1715 1720
f 1720 1706 1708
f 1718 1720 1715
f 1712 1714 1721
f 1721 1722 1712
f 1714 1723 1721
f 1722 1724 1712
f 1714 1725 1723
f 1712 1726 1727
f 1724 1728 1712
f 1719 1729 1730
f 1719 1716 1731
f 1716 1732 1733
f 1727 1734 1712
f 1714 1735 1725
f 1714 1736 1737
f 1719 1738 1729
f 1716 1739 1731
f 1716 1740 1732
f 1716 1741 1742
f 1712 1743 1744
f 1712 1745 1746
f 1728 1726 1712
f 1714 1747 1736
f 1748 1749 1750
f 1719 1751 1752
f 1719 1753 1754
f 1731 1738 1719
f 1742 1740 1716
f 1716 1755 1756
f 1716 1757 1758
f 1746 1743 1712
f 1737 1735 1714
f 1714 1759 1760
f 1714 1761 1762
f 1750 1714 1748
f 1750 1763 1714
f 1764 1765 1748
f 1719 1766 1767
f 1754 1751 1719
f 1733 1739 1716
f 1716 1768 1755
f 1758 1769 1716
f 1734 1745 1712
f 1762 1759 1714
f 1714 1770 1771
f 1748 1772 1749
f 1748 1719 1764
f 1752 1766 1719
f 1730 1773 1719
f 1716 1774 1775
f 1769 1768 1716
f 1716 1776 1777
f 1712 1778 1779
f 1760 1747 1714
f 1771 1780 1714
f 1714 1781 1782
f 1748 1783 1784
f 1719 1785 1764
f 1773 1753 1719
f 1716 1786 1787
f 1756 1774 1716
f 1777 1788 1716
f 1712 1789 1778
f 1712 1790 1791
f 1712 1792 1793
f 1712 1794 1795
f 1744 1796 1712
f 1782 1770 1714
f 1714 1797 1798
f 1763 1799 1714
f 1784 1800 1748
f 1767 1785 1719
f 1775 1786 1716
f 1788 1801 1716
f 1716 1802 1803
f 1716 1804 1805
f 1712 1806 1789
f 1712 1807 1808
f 1793 1790 1712
f 1795 1809 1712
f 1712 1810 1811
f 1780 1761 1714
f 1714 1812 1813
f 1714 1814 1797
f 1799 1815 1714
f 1748 1816 1817
f 1748 1818 1819
f 1748 1820 1821
f 1748 1822 1823
f 1765 1783 1748
f 1801 1757 1716
f 1805 1802 1716
f 1716 1824 1825
f 1712 1826 1806
f 1808 1827 1712
f 1809 1792 1712
f 1712 1828 1829
f 1796 1810 1712
f 1813 1830 1714
f 1714 1831 1832
f 1714 1833 1834
f 1815 1814 1714
f 1748 1835 1836
f 1819 1816 1748
f 1748 1837 1820
f 1800 1822 1748
f 1716 1838 1839
f 1803 1776 1716
f 1716 1779 1824
f 1827 1826 1712
f 1829 1794 1712
f 1830 1781 1714
f 1834 1831 1714
f 1836 1772 1748
f 1821 1818 1748
f 1839 1741 1716
f 1825 1804 1716
f 1791 1807 1712
f 1832 1812 1714
f 1817 1835 1748
f 1787 1838 1716
f 1811 1828 1712
f 1823 1837 1748
f 1798 1833 1714
f 1779 1716 1712
f 1840 1841 1731
f 1842 1840 1739
f 1843 1842 1733
f 1844 1843 1732
f 1845 1844 1740
f 1846 1845 1742
f 1847 1846 1741
f 1848 1847 1839
f 1849 1848 1838
f 1850 1849 1787
f 1851 1850 1786
f 1852 1851 1775
f 1853 1852 1774
f 1854 1853 1756
f 1855 1854 1755
f 1856 1855 1768
f 1857 1856 1769
f 1858 1857 1758
f 1859 1858 1757
f 1860 1859 1801
f 1861 1860 1788
f 1862 1861 1777
f 1863 1862 1776
f 1864 1863 1803
f 1865 1864 1802
f 1866 1865 1805
f 1867 1866 1804
f 1868 1867 1825
f 1869 1868 1824
f 1870 1869 1779
f 1871 1870 1778
f 1872 1871 1789
f 1873 1872 1806
f 1874 1873 1826
f 1875 1874 1827
f 1876 1875 1808
f 1877 1876 1807
f 1878 1877 1791
f 1879 1878 1790
f 1880 1879 1793
f 1881 1880 1792
f 1882 1881 1809
f 1883 1882 1795
f 1884 1883 1794
f 1885 1884 1829
f 1886 1885 1828
f 1887 1886 1811
f 1888 1887 1810
f 1889 1888 1796
f 1890 1889 1744
f 1891 1890 1743
f 1892 1891 1746
f 1893 1892 1745
f 1894 1893 1734
f 1895 1894 1727
f 1896 1895 1726
f 1897 1896 1728
f 1898 1897 1724
f 1899 1898 1722
f 1900 1899 1721
f 1901 1900 1723
f 1902 1901 1725
f 1903 1902 1735
f 1904 1903 1737
f 1905 1904 1736
f 1906 1905 1747
f 1907 1906 1760
f 1908 1907 1759
f 1909 1908 1762
f 1910 1909 1761
f 1911 1910 1780
f 1912 1911 1771
f 1913 1912 1770
f 1914 1913 1782
f 1915 1914 1781
f 1916 1915 1830
f 1917 1916 1813
f 1918 1917 1812
f 1919 1918 1832
f 1920 1919 1831
f 1921 1920 1834
f 1922 1921 1833
f 1923 1922 1798
f 1924 1923 1797
f 1925 1924 1814
f 1926 1925 1815
f 1927 1926 1799
f 1928 1929 1750
f 1763 1750 1929
f 1929 1927 1763
f 1930 1928 1749
f 1931 1930 1772
f 1932 1931 1836
f 1933 1932 1835
f 1934 1933 1817
f 1935 1934 1816
f 1936 1935 1819
f 1937 1936 1818
f 1938 1937 1821
f 1939 1938 1820
f 1940 1939 1837
f 1941 1940 1823
f 1942 1941 1822
f 1943 1942 1800
f 1944 1943 1784
f 1945 1944 1783
f 1946 1945 1765
f 1947 1946 1764
f 1948 1947 1785
f 1949 1948 1767
f 1950 1949 1766
f 1951 1950 1752
f 1952 1951 1751
f 1953 1952 1754
f 1954 1953 1753
f 1955 1954 1773
f 1956 1955 1730
f 1957 1956 1729
f 1841 1957 1738
f 1738 1731 1841
f 1729 1738 1957
f 1730 1729 1956
f 1773 1730 1955
f 1753 1773 1954
f 1754 1753 1953
f 1751 1754 1952
f 1752 1751 1951
f 1766 1752 1950
f 1767 1766 1949
f 1785 1767 1948
f 1764 1785 1947
f 1765 1764 1946
f 1783 1765 1945
f 1784 1783 1944
f 1800 1784 1943
f 1822 1800 1942
f 1823 1822 1941
f 1837 1823 1940
f 1820 1837 1939
f 1821 1820 1938
f 1818 1821 1937
f 1819 1818 1936
f 1816 1819 1935
f 1817 1816 1934
f 1835 1817 1933
f 1836 1835 1932
f 1772 1836 1931
f 1749 1772 1930
f 1750 1749 1928
f 1799 1763 1927
f 1815 1799 1926
f 1814 1815 1925
f 1797 1814 1924
f 1798 1797 1923
f 1833 1798 1922
f 1834 1833 1921
f 1831 1834 1920
f 1832 1831 1919
f 1812 1832 1918
f 1813 1812 1917
f 1830 1813 1916
f 1781 1830 1915
f 1782 1781 1914
f 1770 1782 1913
f 1771 1770 1912
f 1780 1771 1911
f 1761 1780 1910
f 1762 1761 1909
f 1759 1762 1908
f 1760 1759 1907
f 1747 1760 1906
f 1736 1747 1905
f 1737 1736 1904
f 1735 1737 1903
f 1725 1735 1902
f 1723 1725 1901
f 1721 1723 1900
f 1722 1721 1899
f 1724 1722 1898
f 1728 1724 1897
f 1726 1728 1896
f 1727 1726 1895
f 1734 1727 1894
f 1745 1734 1893
f 1746 1745 1892
f 1743 1746 1891
f 1744 1743 1890
f 1796 1744 1889
f 1810 1796 1888
f 1811 1810 1887
f 1828 1811 1886
f 1829 1828 1885
f 1794 1829 1884
f 1795 1794 1883
f 1809 1795 1882
f 1792 1809 1881
f 1793 1792 1880
f 1790 1793 1879
f 1791 1790 1878
f 1807 1791 1877
f 1808 1807 1876
f 1827 1808 1875
f 1826 1827 1874
f 1806 1826 1873
f 1789 1806 1872
f 1778 1789 1871
f 1779 1778 1870
f 1824 1779 1869
f 1825 1824 1868
f 1804 1825 1867
f 1805 1804 1866
f 1802 1805 1865
f 1803 1802 1864
f 1776 1803 1863
f 1777 1776 1862
f 1788 1777 1861
f 1801 1788 1860
f 1757 1801 1859
f 1758 1757 1858
f 1769 1758 1857
f 1768 1769 1856
f 1755 1768 1855
f 1756 1755 1854
f 1774 1756 1853
f 1775 1774 1852
f 1786 1775 1851
f 1787 1786 1850
f 1838 1787 1849
f 1839 1838 1848
f 1741 1839 1847
f 1742 1741 1846
f 1740 1742 1845
f 1732 1740 1844
f 1733 1732 1843
f 1739 1733 1842
f 1731 1739 1840
f 1958 1959 581
f 1960 1961 565
f 1962 1963 509
f 583 581 1964
f 581 579 1958
f 1965 1958 579
f 1966 1965 577
f 1967 1966 575
f 1968 1967 573
f 565 563 1960
f 509 507 1962
f 1969 1962 503
f 2708 1970 1971
f 2708 1972 1973
f 669 1974 1975
f 669 1976 1977
f 1978 637 635
f 1979 633 631
f 1980 627 625
f 587 1981 1982
f 587 585 1983
f 1959 1964 581
f 577 575 1966
f 573 571 1968
f 1984 1968 571
f 1985 1986 567
f 563 561 1960
f 507 505 1962
f 503 501 1969
f 1987 1988 484
f 1971 483 2708
f 1971 1989 483
f 2708 1990 1991
f 1973 1992 2708
f 1992 1993 2708
f 1977 1974 669
f 669 1994 1995
f 669 1996 1997
f 1998 657 655
f 1999 651 649
f 1999 655 653
f 2000 643 641
f 1978 639 637
f 1979 635 633
f 2001 631 629
f 1980 629 627
f 2002 599 597
f 2003 597 595
f 2004 591 589
f 1983 1981 587
f 579 577 1965
f 571 569 1984
f 1986 1984 569
f 1961 1985 565
f 2005 2006 517
f 1963 2005 513
f 501 484 1969
f 484 2007 2008
f 484 483 1987
f 1988 2007 484
f 483 2009 2010
f 1991 1970 2708
f 2708 2011 2012
f 2708 2013 2014
f 2708 2015 2016
f 1993 2017 2708
f 669 2018 1976
f 1997 1994 669
f 1998 659 657
f 653 651 1999
f 2019 647 645
f 2000 645 643
f 2020 641 639
f 631 2001 1979
f 625 2021 1980
f 595 2022 2003
f 2022 595 593
f 2023 593 591
f 1982 589 587
f 585 583 2024
f 575 573 1967
f 567 565 1985
f 2025 2026 549
f 2027 2028 543
f 2006 2029 521
f 517 515 2005
f 513 511 1963
f 484 2030 1969
f 2010 2031 483
f 2031 1987 483
f 483 2032 2033
f 483 1989 2034
f 2012 1990 2708
f 2708 2035 2036
f 2708 2037 2038
f 2708 2039 2040
f 2014 2041 2708
f 2016 2042 2708
f 669 2043 2044
f 669 2045 2046
f 669 2047 2048
f 1995 2018 669
f 669 2049 2050
f 2051 665 663
f 2052 661 659
f 649 2019 1999
f 2019 649 647
f 639 1978 2020
f 629 1980 2001
f 2021 625 623
f 2053 623 621
f 2054 607 605
f 2055 605 603
f 593 2056 2022
f 591 2004 2023
f 2024 1983 585
f 569 567 1986
f 2057 1960 561
f 2058 2057 559
f 2059 2060 555
f 2061 2059 553
f 2026 2061 551
f 549 547 2025
f 2028 2025 545
f 543 541 2027
f 2062 2063 537
f 2064 2062 533
f 521 519 2006
f 511 509 1963
f 2008 2030 484
f 2033 2009 483
f 483 2065 2066
f 2038 2035 2708
f 2036 2011 2708
f 2708 2067 2068
f 2041 2039 2708
f 2017 2015 2708
f 2708 2069 2070
f 2044 2708 669
f 2044 2071 2708
f 669 2072 2045
f 2046 2043 669
f 669 2073 2074
f 2048 2075 669
f 2050 1996 669
f 2051 667 665
f 2052 663 661
f 645 2000 2019
f 635 1979 1978
f 621 2076 2053
f 2077 613 611
f 2078 611 609
f 2079 609 607
f 603 2080 2055
f 2080 603 601
f 2081 601 599
f 2023 2056 593
f 1964 2024 583
f 559 557 2058
f 2060 2058 557
f 553 551 2061
f 547 545 2025
f 541 539 2027
f 2063 2027 539
f 537 535 2062
f 533 531 2064
f 2082 2064 529
f 2029 2082 525
f 515 513 2005
f 2034 2065 483
f 2068 2037 2708
f 2708 2083 2084
f 2042 2013 2708
f 2708 2085 2069
f 2070 1972 2708
f 2708 2086 2087
f 2074 2072 669
f 1975 2047 669
f 669 2088 2089
f 2051 669 667
f 655 1999 1998
f 623 2053 2021
f 2076 619 617
f 2090 617 615
f 2091 615 613
f 609 2079 2078
f 605 2055 2054
f 599 2002 2081
f 589 1982 2004
f 557 555 2060
f 551 549 2026
f 539 537 2063
f 531 529 2064
f 529 527 2082
f 525 523 2029
f 505 503 1962
f 2708 2092 2093
f 2084 2094 2708
f 2071 2086 2708
f 2075 2073 669
f 669 2095 2096
f 669 2097 2088
f 669 2098 2099
f 663 2052 2051
f 641 2020 2000
f 2076 621 619
f 613 2077 2091
f 607 2054 2079
f 597 2003 2002
f 555 553 2059
f 535 533 2062
f 523 521 2029
f 2066 2032 483
f 2094 2092 2708
f 2087 2085 2708
f 2096 2049 669
f 2099 2097 669
f 659 1998 2052
f 615 2091 2090
f 601 2081 2080
f 545 543 2028
f 519 517 2006
f 2040 2083 2708
f 2089 2095 669
f 617 2090 2076
f 561 559 2057
f 2093 2067 2708
f 2051 2098 669
f 527 525 2082
f 611 2078 2077
f 1708 417 419
f 1708 409 411
f 1708 466 468
f 1708 404 458
f 1708 400 402
f 1708 415 417
f 411 413 1708
f 1708 474 475
f 1708 467 466
f 402 404 1708
f 1708 394 396
f 1708 425 427
f 413 415 1708
f 475 406 1708
f 1708 465 467
f 1708 463 464
f 1708 460 461
f 1708 398 400
f 1708 392 394
f 1708 437 476
f 1708 433 435
f 427 429 1708
f 1708 421 423
f 406 409 1708
f 1708 470 471
f 464 465 1708
f 461 462 1708
f 1708 457 459
f 396 398 1708
f 1708 386 388
f 435 437 1708
f 429 431 1708
f 419 421 1708
f 1708 472 473
f 1708 469 470
f 462 463 1708
f 458 457 1708
f 388 390 1708
f 431 433 1708
f 473 474 1708
f 468 469 1708
f 390 392 1708
f 1708 382 384
f 423 425 1708
f 459 460 1708
f 1708 380 382
f 1708 376 378
f 471 472 1708
f 378 380 1708
f 384 386 1708
f 1708 477 373
f 2708 479 1704
f 373 376 1708
f 477 1708 1704
f 2708 483 479
f 1704 479 477
f 492 1715 1708
f 476 486 1708
f 1708 486 492
f 486 487 492
f 976 2100 2101
f 1709 2102 2103
f 976 2104 2100
f 2708 2105 2106
f 2708 1709 2107
f 1709 2108 2109
f 1709 2110 2111
f 1709 2112 2102
f 1709 2113 2114
f 1709 2115 2116
f 1712 2117 2118
f 976 2119 2120
f 976 2121 2104
f 2708 2122 2123
f 2708 2124 2125
f 2106 2126 2708
f 2708 2127 2128
f 2107 2129 2708
f 2111 2108 1709
f 2109 2107 1709
f 2103 2130 1709
f 1709 2131 2113
f 1709 2132 2115
f 1709 2133 2134
f 1709 2135 2136
f 1712 2137 2138
f 1712 2139 2140
f 1712 2141 2142
f 1712 2143 2144
f 1712 2145 2117
f 1712 2146 2147
f 976 2148 2149
f 976 2150 2151
f 2101 2119 976
f 2708 2152 2153
f 2708 2154 2155
f 2708 2156 2157
f 2708 2158 2159
f 2708 2160 2161
f 2708 2162 2163
f 2708 2164 2165
f 2708 2166 2167
f 2708 2168 2169
f 2125 2122 2708
f 2708 2170 2171
f 2708 2172 2173
f 2128 2105 2708
f 1709 2174 2175
f 1709 2176 2177
f 2114 2112 1709
f 1709 2178 2179
f 2116 2180 1709
f 2134 2181 1709
f 1709 2182 2183
f 1709 2184 2185
f 2136 2186 1709
f 2186 2187 1709
f 1712 2188 2189
f 2140 2137 1712
f 2144 2141 1712
f 1712 2190 2191
f 2118 2192 1712
f 1712 2193 2194
f 2147 2195 1712
f 1716 1018 1020
f 2149 2196 976
f 2120 2150 976
f 976 2197 2198
f 976 2199 2200
f 976 2201 2202
f 2708 2203 2204
f 2708 2205 2152
f 2155 2206 2708
f 2708 2207 2156
f 2708 2208 2209
f 2161 2158 2708
f 2708 2210 2211
f 2165 2162 2708
f 2708 2212 2213
f 2169 2166 2708
f 2708 2214 2124
f 2173 2170 2708
f 2129 2127 2708
f 1709 2215 2216
f 2177 2174 1709
f 1709 2217 2131
f 2179 2218 1709
f 2180 2219 1709
f 1709 2220 2221
f 1709 2222 2223
f 1709 2224 2225
f 2181 2226 1709
f 1709 2227 2228
f 2183 2229 1709
f 1709 2230 2184
f 1709 2231 2232
f 1709 2187 2233
f 1709 2234 2135
f 1712 2235 2234
f 1712 2236 2237
f 1712 2238 2239
f 1712 2240 2241
f 1712 2242 2188
f 2142 2139 1712
f 1712 2243 2244
f 1712 2245 2190
f 1712 2246 2145
f 2195 2193 1712
f 1712 2247 2248
f 1020 1022 1716
f 1716 1095 1103
f 1716 1009 1011
f 976 2249 2250
f 976 2251 2252
f 2151 2148 976
f 2200 2197 976
f 976 2253 2201
f 976 2254 2255
f 976 2256 2257
f 2708 2258 2256
f 2708 2259 2260
f 2204 2261 2708
f 2206 2205 2708
f 2708 2262 2263
f 2708 2264 2207
f 2708 2265 2266
f 2209 2267 2708
f 2708 2268 2160
f 2708 2269 2210
f 2213 2164 2708
f 2123 2168 2708
f 2126 2172 2708
f 1709 2270 2271
f 1709 2272 2273
f 1709 2274 2215
f 2130 2176 1709
f 2219 2178 1709
f 2223 2220 1709
f 2226 2224 1709
f 1709 2275 2276
f 2229 2227 1709
f 1709 2277 2278
f 1709 2279 2230
f 2232 2280 1709
f 1709 2281 2282
f 2233 2283 1709
f 2234 1709 1712
f 1712 2284 2236
f 2237 2235 1712
f 2239 2285 1712
f 1712 2286 2287
f 2241 2288 1712
f 2138 2242 1712
f 1712 2289 2243
f 1712 2290 2245
f 2194 2246 1712
f 2248 2291 1712
f 1716 1026 1028
f 1022 1024 1716
f 1103 1102 1716
f 1716 1007 1009
f 1716 1003 1005
f 1716 999 1001
f 1716 995 997
f 1716 991 993
f 976 2292 2293
f 976 2294 2249
f 2196 2251 976
f 2202 2199 976
f 976 2295 2254
f 976 2296 2297
f 976 2298 2299
f 2256 976 2708
f 2257 2300 976
f 2261 2259 2708
f 2708 2301 2302
f 2263 2154 2708
f 2708 2303 2304
f 2266 2264 2708
f 2267 2305 2708
f 2211 2268 2708
f 2708 2306 2307
f 2708 2308 2309
f 2708 2310 2311
f 2167 2212 2708
f 2271 2110 1709
f 2216 2272 1709
f 2218 2217 1709
f 2225 2222 1709
f 2228 2275 1709
f 2185 2277 1709
f 1709 2312 2313
f 1709 2314 2231
f 1709 2315 2316
f 2282 2317 1709
f 2317 2318 1709
f 2285 2284 1712
f 1712 2319 2320
f 2287 2321 1712
f 2189 2240 1712
f 2191 2289 1712
f 2291 2146 1712
f 979 2322 2323
f 1024 1026 1716
f 1716 1160 1015
f 1716 1130 1137
f 1716 1114 1119
f 1102 1108 1716
f 1716 1326 1047
f 1011 1013 1716
f 1001 1003 1716
f 993 995 1716
f 976 2324 2292
f 2252 2294 976
f 2255 2253 976
f 976 2325 2296
f 976 2326 2327
f 976 2328 2329
f 2299 2330 976
f 2330 2331 976
f 2260 2332 2708
f 2708 2333 2301
f 2304 2262 2708
f 2305 2265 2708
f 2307 2269 2708
f 2311 2308 2708
f 2171 2214 2708
f 2175 2274 1709
f 2276 2133 1709
f 2313 2279 1709
f 1709 2334 2335
f 2316 2314 1709
f 1709 2336 2337
f 2321 2319 1712
f 2288 2338 1712
f 2192 2290 1712
f 1712 2339 2340
f 1712 2323 2341
f 979 2342 2322
f 1716 1030 1032
f 1015 1018 1716
f 1716 1143 1151
f 1716 1124 1130
f 1108 1114 1716
f 1716 1076 1083
f 1013 1326 1716
f 997 999 1716
f 1716 498 500
f 976 2343 2344
f 976 2345 2346
f 2250 2324 976
f 2297 2295 976
f 2327 2347 976
f 2329 2348 976
f 2300 2298 976
f 2708 2349 2350
f 2302 2203 2708
f 2708 2351 2352
f 2157 2303 2708
f 2309 2306 2708
f 2273 2270 1709
f 2278 2182 1709
f 2280 2334 1709
f 1709 2353 2354
f 2318 2336 1709
f 2320 2238 1712
f 2244 2143 1712
f 2340 2355 1712
f 1712 2356 2357
f 2341 2358 1712
f 979 2359 2342
f 979 2360 2361
f 1716 1042 1044
f 1032 1034 1716
f 1151 1160 1716
f 1119 1124 1716
f 1083 1089 1716
f 1716 1061 1069
f 1005 1007 1716
f 1716 987 989
f 500 985 1716
f 979 2362 2363
f 2346 2343 976
f 976 2364 2365
f 2198 2121 976
f 976 2366 2367
f 976 2368 2369
f 2348 2326 976
f 976 2331 2370
f 2350 2258 2708
f 2708 2371 2372
f 2352 2333 2708
f 2159 2208 2708
f 2221 2132 1709
f 1709 2373 2374
f 2354 2315 1709
f 2283 2281 1709
f 2355 2247 1712
f 1712 2375 2376
f 2358 2356 1712
f 979 2377 2359
f 2361 2378 979
f 979 2379 2380
f 979 2381 2382
f 979 2383 2384
f 1716 1046 981
f 1716 1040 1042
f 1028 1030 1716
f 1089 1095 1716
f 1047 1061 1716
f 985 987 1716
f 979 2385 2362
f 979 2386 2387
f 979 2388 2389
f 2365 2345 976
f 976 2390 2391
f 2367 2325 976
f 2347 2368 976
f 2332 2371 2708
f 2708 2392 2393
f 2708 2394 2395
f 2163 2310 2708
f 2335 2373 1709
f 2338 2286 1712
f 2357 2375 1712
f 2378 2377 979
f 2382 2379 979
f 979 2396 2397
f 979 2398 2383
f 1044 1046 1716
f 1716 1036 1038
f 1137 1143 1716
f 989 991 1716
f 2363 2399 979
f 2389 2386 979
f 979 976 2400
f 976 2401 2364
f 2391 2402 976
f 2369 2366 976
f 2372 2349 2708
f 2395 2392 2708
f 2374 2312 1709
f 2376 2339 1712
f 2380 2360 979
f 979 2403 2404
f 2384 2396 979
f 1038 1040 1716
f 1069 1076 1716
f 2387 2385 979
f 976 2405 2400
f 976 2406 2407
f 2402 2401 976
f 2370 2328 976
f 2153 2394 2708
f 2323 1712 979
f 2397 2403 979
f 492 498 1716
f 980 979 1712
f 1034 1036 1716
f 2400 2388 979
f 2344 2406 976
f 2393 2351 2708
f 2404 2381 979
f 492 489 498
f 981 980 1716
f 2407 2405 976
f 2337 2353 1709
f 1712 1716 980
f 2293 2390 976
f 2399 2398 979
f 669 2408 2409
f 669 2410 2411
f 669 2412 2413
f 2409 2414 669
f 2411 2415 669
f 2415 2416 669
f 2414 2412 669
f 669 2417 2418
f 2708 2419 2420
f 2708 2421 2422
f 2708 2423 2424
f 2413 2410 669
f 2418 2425 669
f 2425 2408 669
f 2420 669 2708
f 2420 2417 669
f 2422 2426 2708
f 2708 2427 2423
f 2708 2428 2429
f 2708 2430 2431
f 669 2432 2433
f 2426 2419 2708
f 2429 2427 2708
f 2431 2434 2708
f 2433 2435 669
f 2435 2436 669
f 2434 2428 2708
f 669 2437 2438
f 669 2416 2439
f 2424 2421 2708
f 2708 2440 2441
f 2708 2442 2443
f 2438 2444 669
f 2444 2445 669
f 669 2446 2447
f 2439 2432 669
f 2708 2448 2430
f 2708 2449 2440
f 2708 2450 2451
f 2443 2452 2708
f 2708 2453 2454
f 974 2455 2456
f 2457 2458 736
f 2447 2437 669
f 2708 2459 2449
f 2708 2460 2461
f 2452 2450 2708
f 2708 2462 2453
f 2708 2463 2464
f 976 2465 2466
f 976 2467 2468
f 2456 976 974
f 2456 2467 976
f 974 2469 2470
f 736 734 2457
f 2471 720 718
f 2471 726 724
f 2471 2457 728
f 2436 2446 669
f 2461 2459 2708
f 2451 2472 2708
f 2708 2473 2474
f 2708 2475 2462
f 2464 2476 2708
f 976 2477 2478
f 976 2479 2480
f 976 2481 2482
f 976 2483 2484
f 976 2485 2486
f 976 2487 2488
f 2468 2465 976
f 2470 2455 974
f 2489 742 740
f 734 732 2457
f 2471 722 720
f 728 726 2471
f 714 2490 2491
f 2441 2448 2708
f 2474 2442 2708
f 2476 2475 2708
f 2708 2492 2493
f 976 2494 2477
f 2478 2495 976
f 976 2496 2497
f 976 2498 2499
f 976 2500 2501
f 2480 2502 976
f 2484 2481 976
f 2488 2485 976
f 2486 2483 976
f 2489 744 742
f 2489 2503 746
f 732 730 2457
f 724 722 2471
f 2504 2505 716
f 2491 2506 714
f 714 2507 2508
f 714 2509 2510
f 671 2511 2512
f 2445 2511 671
f 2472 2460 2708
f 2493 2463 2708
f 2708 2513 2514
f 2708 2515 2516
f 2495 2517 976
f 2497 2518 976
f 2518 2494 976
f 2501 2498 976
f 976 2519 2520
f 2482 2479 976
f 2466 2487 976
f 746 744 2489
f 2458 2521 738
f 718 716 2471
f 716 714 2504
f 2505 2471 716
f 2508 2490 714
f 2506 2504 714
f 2510 2522 714
f 671 669 2445
f 2454 2473 2708
f 2708 2523 2524
f 2516 2513 2708
f 976 2517 2525
f 2499 2526 976
f 2520 2527 976
f 2528 2529 770
f 738 2530 2489
f 738 736 2458
f 2521 2530 738
f 2522 2507 714
f 714 2531 2532
f 702 2533 2534
f 690 2535 2533
f 2514 2523 2708
f 2708 2536 2537
f 2708 2538 2539
f 2525 2708 976
f 2525 2538 2708
f 2526 2496 976
f 2502 2519 976
f 2540 2541 784
f 2529 2540 776
f 770 768 2528
f 2542 760 758
f 2503 750 748
f 714 2543 2544
f 714 2545 2546
f 714 2547 2531
f 2532 2548 714
f 2534 704 702
f 2534 706 704
f 2533 692 690
f 2533 694 692
f 2524 2492 2708
f 2537 2549 2708
f 2549 2515 2708
f 2539 2536 2708
f 2527 2500 976
f 2550 900 898
f 2551 898 896
f 2541 788 786
f 2541 2552 790
f 2540 780 778
f 784 782 2540
f 776 774 2529
f 768 766 2528
f 758 756 2542
f 2542 2528 762
f 2503 752 750
f 2503 2542 754
f 730 728 2457
f 2546 2543 714
f 714 2553 2554
f 2548 2553 714
f 714 2555 2556
f 2534 708 706
f 2533 696 694
f 680 2557 2535
f 2558 974 2559
f 2559 2560 2561
f 2559 2562 2563
f 2564 2559 2565
f 2565 2566 2567
f 2565 2568 2569
f 2570 908 906
f 2571 906 904
f 2572 904 902
f 2573 902 900
f 896 2574 2551
f 2575 896 894
f 2576 894 892
f 2577 2578 802
f 790 788 2541
f 782 780 2540
f 774 772 2529
f 766 764 2528
f 762 760 2542
f 754 752 2503
f 2544 2509 714
f 714 2579 2580
f 714 2581 2582
f 714 2583 2584
f 714 2585 2586
f 2556 2587 714
f 2587 2585 714
f 714 2534 2588
f 2534 710 708
f 2533 698 696
f 2535 682 680
f 2535 684 682
f 2512 2589 2590
f 974 2558 2591
f 2561 2592 2559
f 2559 2564 2562
f 2567 2593 2565
f 2569 2594 2565
f 2565 2595 2596
f 904 2572 2571
f 900 2550 2573
f 896 2575 2574
f 892 2597 2576
f 2598 810 808
f 2598 2599 812
f 2578 2598 806
f 802 800 2577
f 2552 794 792
f 2552 2577 796
f 778 776 2540
f 764 762 2528
f 748 746 2503
f 2554 2545 714
f 2582 2579 714
f 2580 2600 714
f 2586 2583 714
f 2584 2581 714
f 2588 2555 714
f 2534 712 710
f 2533 700 698
f 2535 686 684
f 2590 2557 2512
f 2512 2557 671
f 974 2601 2602
f 974 2603 2604
f 2559 2592 2558
f 2565 2593 2564
f 2596 2568 2565
f 2565 2605 2606
f 2607 928 926
f 2608 912 910
f 2609 910 908
f 902 2573 2572
f 894 2576 2575
f 890 888 2610
f 888 886 2611
f 2612 2613 852
f 2614 2615 836
f 812 810 2598
f 806 804 2578
f 800 798 2577
f 796 794 2552
f 772 770 2529
f 740 738 2489
f 2600 2547 714
f 2534 714 712
f 2533 702 700
f 2535 688 686
f 2557 672 671
f 2602 2616 974
f 2616 2469 974
f 2591 2603 974
f 2594 2566 2565
f 2565 2617 2605
f 2565 2618 2619
f 2565 2620 2621
f 2622 934 932
f 2607 930 928
f 2623 926 924
f 2624 920 918
f 908 2570 2609
f 898 2551 2550
f 2597 892 890
f 2611 2610 888
f 884 2625 2626
f 2627 2625 884
f 2628 2627 882
f 2629 2630 862
f 2631 2629 858
f 2632 2631 856
f 2613 2632 854
f 852 850 2612
f 836 834 2614
f 2633 2614 832
f 2634 2633 830
f 2635 2634 826
f 2636 820 818
f 2636 2635 822
f 2599 2636 816
f 804 802 2578
f 792 790 2552
f 756 754 2542
f 2535 690 688
f 2557 674 672
f 2604 2601 974
f 2606 2595 2565
f 2619 2637 2565
f 2637 2617 2565
f 2621 2638 2565
f 2639 938 936
f 2622 936 934
f 2640 932 930
f 924 2641 2623
f 2624 922 920
f 2642 918 916
f 906 2571 2570
f 2610 2643 890
f 2626 886 884
f 882 880 2628
f 2630 2644 864
f 862 860 2629
f 856 854 2632
f 850 848 2612
f 832 830 2633
f 830 828 2634
f 826 824 2635
f 822 820 2636
f 816 814 2599
f 798 796 2577
f 2557 676 674
f 2512 2645 2646
f 2512 2647 2648
f 2647 2512 2649
f 2563 2560 2559
f 2638 2618 2565
f 2565 2650 2651
f 2565 2652 2653
f 2565 2654 2655
f 974 2656 2657
f 2658 970 968
f 2659 964 962
f 2659 968 966
f 2660 956 954
f 2661 952 950
f 2662 948 946
f 2663 944 942
f 932 2640 2622
f 926 2623 2607
f 2641 924 922
f 916 2664 2642
f 2665 914 912
f 890 2643 2597
f 884 882 2627
f 2666 2628 880
f 2667 2666 878
f 2668 2669 874
f 2670 2668 872
f 2671 2672 868
f 2644 2671 866
f 860 858 2629
f 854 852 2613
f 828 826 2634
f 818 816 2636
f 808 806 2598
f 786 784 2541
f 2557 678 676
f 2648 2645 2512
f 2649 2673 2674
f 2649 2674 2647
f 2565 2675 2676
f 2565 2677 2678
f 2653 2650 2565
f 2565 2679 2680
f 2655 2681 2565
f 2681 2679 2565
f 974 2682 2656
f 2658 972 970
f 966 964 2659
f 2683 960 958
f 2660 958 956
f 2661 954 952
f 2662 950 948
f 2663 946 944
f 2684 940 938
f 930 2607 2640
f 918 2642 2624
f 2664 916 914
f 912 2608 2685
f 2626 2611 886
f 878 876 2667
f 2686 2667 876
f 872 870 2670
f 2672 2670 870
f 866 864 2644
f 858 856 2631
f 824 822 2635
f 2557 680 678
f 2646 2589 2512
f 2676 2620 2565
f 2651 2677 2565
f 2565 2687 2688
f 2680 2689 2565
f 2689 2690 2565
f 2565 2649 2654
f 974 2691 2682
f 974 2692 2693
f 974 2694 2695
f 2696 974 972
f 962 2683 2659
f 2683 962 960
f 950 2662 2661
f 942 2684 2663
f 2684 942 940
f 922 2624 2641
f 912 2685 2665
f 880 878 2666
f 874 2669 2686
f 870 868 2672
f 864 862 2630
f 2697 2698 846
f 2615 2699 840
f 814 812 2599
f 2649 2565 2700
f 2678 2675 2565
f 2565 2701 2687
f 2688 2652 2565
f 2693 2691 974
f 974 2702 2703
f 974 2704 2705
f 974 2696 2694
f 968 2659 2658
f 954 2661 2660
f 938 2639 2684
f 914 2665 2664
f 876 874 2686
f 868 866 2671
f 2698 2612 848
f 846 844 2697
f 2699 2697 842
f 840 838 2615
f 2700 2706 2649
f 2706 2673 2649
f 2690 2701 2565
f 2703 2692 974
f 2695 2704 974
f 958 2660 2683
f 936 2622 2639
f 874 872 2668
f 844 842 2697
f 838 836 2615
f 834 832 2614
f 2705 2702 974
f 946 2663 2662
f 848 846 2698
f 974 2707 2559
f 972 2658 2696
f 842 840 2699
f 2657 2707 974
f 910 2609 2608
f 1716 1715 492
f 1704 1709 2708
f 2709 2710 1960
f 2711 2709 2057
f 2712 2711 2058
f 2713 2712 2060
f 2714 2713 2059
f 2715 2714 2061
f 2716 2715 2026
f 2717 2716 2025
f 2718 2717 2028
f 2719 2718 2027
f 2720 2719 2063
f 2721 2720 2062
f 2722 2721 2064
f 2723 2722 2082
f 2724 2723 2029
f 2725 2724 2006
f 2726 2725 2005
f 2727 2726 1963
f 2728 2727 1962
f 2729 2728 1969
f 2730 2729 2030
f 2731 2730 2008
f 2732 2731 2007
f 2733 2732 1988
f 2734 2733 1987
f 2735 2734 2031
f 2736 2735 2010
f 2737 2736 2009
f 2738 2737 2033
f 2739 2738 2032
f 2740 2739 2066
f 2741 2740 2065
f 2742 2741 2034
f 2743 2742 1989
f 2744 2743 1971
f 2745 2744 1970
f 2746 2745 1991
f 2747 2746 1990
f 2748 2747 2012
f 2749 2748 2011
f 2750 2749 2036
f 2751 2750 2035
f 2752 2751 2038
f 2753 2752 2037
f 2754 2753 2068
f 2755 2754 2067
f 2756 2755 2093
f 2757 2756 2092
f 2758 2757 2094
f 2759 2758 2084
f 2760 2759 2083
f 2761 2760 2040
f 2762 2761 2039
f 2763 2762 2041
f 2764 2763 2014
f 2765 2764 2013
f 2766 2765 2042
f 2767 2766 2016
f 2768 2767 2015
f 2769 2768 2017
f 2770 2769 1993
f 2771 2770 1992
f 2772 2771 1973
f 2773 2772 1972
f 2774 2773 2070
f 2775 2774 2069
f 2776 2775 2085
f 2777 2776 2087
f 2778 2777 2086
f 2779 2778 2071
f 2780 2781 2043
f 2044 2043 2781
f 2781 2779 2044
f 2782 2780 2046
f 2783 2782 2045
f 2784 2783 2072
f 2785 2784 2074
f 2786 2785 2073
f 2787 2786 2075
f 2788 2787 2048
f 2789 2788 2047
f 2790 2789 1975
f 2791 2790 1974
f 2792 2791 1977
f 2793 2792 1976
f 2794 2793 2018
f 2795 2794 1995
f 2796 2795 1994
f 2797 2796 1997
f 2798 2797 1996
f 2799 2798 2050
f 2800 2799 2049
f 2801 2800 2096
f 2802 2801 2095
f 2803 2802 2089
f 2804 2803 2088
f 2805 2804 2097
f 2806 2805 2099
f 2807 2806 2098
f 2808 2807 2051
f 2809 2808 2052
f 2810 2809 1998
f 2811 2810 1999
f 2812 2811 2019
f 2813 2812 2000
f 2814 2813 2020
f 2815 2814 1978
f 2816 2815 1979
f 2817 2816 2001
f 2818 2817 1980
f 2819 2818 2021
f 2820 2819 2053
f 2821 2820 2076
f 2822 2821 2090
f 2823 2822 2091
f 2824 2823 2077
f 2825 2824 2078
f 2826 2825 2079
f 2827 2826 2054
f 2828 2827 2055
f 2829 2828 2080
f 2830 2829 2081
f 2831 2830 2002
f 2832 2831 2003
f 2833 2832 2022
f 2834 2833 2056
f 2835 2834 2023
f 2836 2835 2004
f 2837 2836 1982
f 2838 2837 1981
f 2839 2838 1983
f 2840 2839 2024
f 2841 2840 1964
f 2842 2841 1959
f 2843 2842 1958
f 2844 2843 1965
f 2845 2844 1966
f 2846 2845 1967
f 2847 2846 1968
f 2848 2847 1984
f 2849 2848 1986
f 2850 2849 1985
f 2710 2850 1961
f 1961 1960 2710
f 1985 1961 2850
f 1986 1985 2849
f 1984 1986 2848
f 1968 1984 2847
f 1967 1968 2846
f 1966 1967 2845
f 1965 1966 2844
f 1958 1965 2843
f 1959 1958 2842
f 1964 1959 2841
f 2024 1964 2840
f 1983 2024 2839
f 1981 1983 2838
f 1982 1981 2837
f 2004 1982 2836
f 2023 2004 2835
f 2056 2023 2834
f 2022 2056 2833
f 2003 2022 2832
f 2002 2003 2831
f 2081 2002 2830
f 2080 2081 2829
f 2055 2080 2828
f 2054 2055 2827
f 2079 2054 2826
f 2078 2079 2825
f 2077 2078 2824
f 2091 2077 2823
f 2090 2091 2822
f 2076 2090 2821
f 2053 2076 2820
f 2021 2053 2819
f 1980 2021 2818
f 2001 1980 2817
f 1979 2001 2816
f 1978 1979 2815
f 2020 1978 2814
f 2000 2020 2813
f 2019 2000 2812
f 1999 2019 2811
f 1998 1999 2810
f 2052 1998 2809
f 2051 2052 2808
f 2098 2051 2807
f 2099 2098 2806
f 2097 2099 2805
f 2088 2097 2804
f 2089 2088 2803
f 2095 2089 2802
f 2096 2095 2801
f 2049 2096 2800
f 2050 2049 2799
f 1996 2050 2798
f 1997 1996 2797
f 1994 1997 2796
f 1995 1994 2795
f 2018 1995 2794
f 1976 2018 2793
f 1977 1976 2792
f 1974 1977 2791
f 1975 1974 2790
f 2047 1975 2789
f 2048 2047 2788
f 2075 2048 2787
f 2073 2075 2786
f 2074 2073 2785
f 2072 2074 2784
f 2045 2072 2783
f 2046 2045 2782
f 2043 2046 2780
f 2071 2044 2779
f 2086 2071 2778
f 2087 2086 2777
f 2085 2087 2776
f 2069 2085 2775
f 2070 2069 2774
f 1972 2070 2773
f 1973 1972 2772
f 1992 1973 2771
f 1993 1992 2770
f 2017 1993 2769
f 2015 2017 2768
f 2016 2015 2767
f 2042 2016 2766
f 2013 2042 2765
f 2014 2013 2764
f 2041 2014 2763
f 2039 2041 2762
f 2040 2039 2761
f 2083 2040 2760
f 2084 2083 2759
f 2094 2084 2758
f 2092 2094 2757
f 2093 2092 2756
f 2067 2093 2755
f 2068 2067 2754
f 2037 2068 2753
f 2038 2037 2752
f 2035 2038 2751
f 2036 2035 2750
f 2011 2036 2749
f 2012 2011 2748
f 1990 2012 2747
f 1991 1990 2746
f 1970 1991 2745
f 1971 1970 2744
f 1989 1971 2743
f 2034 1989 2742
f 2065 2034 2741
f 2066 2065 2740
f 2032 2066 2739
f 2033 2032 2738
f 2009 2033 2737
f 2010 2009 2736
f 2031 2010 2735
f 1987 2031 2734
f 1988 1987 2733
f 2007 1988 2732
f 2008 2007 2731
f 2030 2008 2730
f 1969 2030 2729
f 1962 1969 2728
f 1963 1962 2727
f 2005 1963 2726
f 2006 2005 2725
f 2029 2006 2724
f 2082 2029 2723
f 2064 2082 2722
f 2062 2064 2721
f 2063 2062 2720
f 2027 2063 2719
f 2028 2027 2718
f 2025 2028 2717
f 2026 2025 2716
f 2061 2026 2715
f 2059 2061 2714
f 2060 2059 2713
f 2058 2060 2712
f 2057 2058 2711
f 1960 2057 2709
f 2851 2852 2543
f 2853 2851 2546
f 2854 2853 2545
f 2855 2854 2554
f 2856 2855 2553
f 2857 2856 2548
f 2858 2857 2532
f 2859 2858 2531
f 2860 2859 2547
f 2861 2860 2600
f 2862 2861 2580
f 2863 2862 2579
f 2864 2863 2582
f 2865 2864 2581
f 2866 2865 2584
f 2867 2866 2583
f 2868 2867 2586
f 2869 2868 2585
f 2870 2869 2587
f 2871 2870 2556
f 2872 2871 2555
f 2873 2872 2588
f 2874 2873 2534
f 2875 2874 2533
f 2876 2875 2535
f 2877 2876 2557
f 2878 2877 2590
f 2879 2878 2589
f 2880 2879 2646
f 2881 2880 2645
f 2882 2881 2648
f 2883 2882 2647
f 2884 2883 2674
f 2885 2884 2673
f 2886 2885 2706
f 2887 2886 2700
f 2888 2887 2565
f 2889 2888 2559
f 2890 2889 2707
f 2891 2890 2657
f 2892 2891 2656
f 2893 2892 2682
f 2894 2893 2691
f 2895 2894 2693
f 2896 2895 2692
f 2897 2896 2703
f 2898 2897 2702
f 2899 2898 2705
f 2900 2899 2704
f 2901 2900 2695
f 2902 2901 2694
f 2903 2902 2696
f 2904 2903 2658
f 2905 2904 2659
f 2906 2905 2683
f 2907 2906 2660
f 2908 2907 2661
f 2909 2908 2662
f 2910 2909 2663
f 2911 2910 2684
f 2912 2911 2639
f 2913 2912 2622
f 2914 2913 2640
f 2915 2914 2607
f 2916 2915 2623
f 2917 2916 2641
f 2918 2917 2624
f 2919 2918 2642
f 2920 2919 2664
f 2921 2920 2665
f 2922 2923 2608
f 2685 2608 2923
f 2923 2921 2685
f 2924 2922 2609
f 2925 2924 2570
f 2926 2925 2571
f 2927 2926 2572
f 2928 2927 2573
f 2929 2928 2550
f 2930 2929 2551
f 2931 2930 2574
f 2932 2931 2575
f 2933 2932 2576
f 2934 2933 2597
f 2935 2934 2643
f 2936 2935 2610
f 2937 2936 2611
f 2938 2937 2626
f 2939 2938 2625
f 2940 2939 2627
f 2941 2940 2628
f 2942 2941 2666
f 2943 2942 2667
f 2944 2943 2686
f 2945 2944 2669
f 2946 2945 2668
f 2947 2946 2670
f 2948 2947 2672
f 2949 2948 2671
f 2950 2949 2644
f 2951 2950 2630
f 2952 2951 2629
f 2953 2952 2631
f 2954 2953 2632
f 2955 2954 2613
f 2956 2955 2612
f 2957 2956 2698
f 2958 2957 2697
f 2959 2958 2699
f 2960 2959 2615
f 2961 2960 2614
f 2962 2961 2633
f 2963 2962 2634
f 2964 2963 2635
f 2965 2964 2636
f 2966 2965 2599
f 2967 2966 2598
f 2968 2967 2578
f 2969 2968 2577
f 2970 2969 2552
f 2971 2970 2541
f 2972 2971 2540
f 2973 2972 2529
f 2974 2973 2528
f 2975 2974 2542
f 2976 2975 2503
f 2977 2976 2489
f 2978 2977 2530
f 2979 2978 2521
f 2980 2979 2458
f 2981 2980 2457
f 2982 2981 2471
f 2983 2982 2505
f 2984 2983 2504
f 2985 2984 2506
f 2986 2985 2491
f 2987 2986 2490
f 2988 2987 2508
f 2989 2988 2507
f 2990 2989 2522
f 2991 2990 2510
f 2992 2991 2509
f 2852 2992 2544
f 2544 2543 2852
f 2509 2544 2992
f 2510 2509 2991
f 2522 2510 2990
f 2507 2522 2989
f 2508 2507 2988
f 2490 2508 2987
f 2491 2490 2986
f 2506 2491 2985
f 2504 2506 2984
f 2505 2504 2983
f 2471 2505 2982
f 2457 2471 2981
f 2458 2457 2980
f 2521 2458 2979
f 2530 2521 2978
f 2489 2530 2977
f 2503 2489 2976
f 2542 2503 2975
f 2528 2542 2974
f 2529 2528 2973
f 2540 2529 2972
f 2541 2540 2971
f 2552 2541 2970
f 2577 2552 2969
f 2578 2577 2968
f 2598 2578 2967
f 2599 2598 2966
f 2636 2599 2965
f 2635 2636 2964
f 2634 2635 2963
f 2633 2634 2962
f 2614 2633 2961
f 2615 2614 2960
f 2699 2615 2959
f 2697 2699 2958
f 2698 2697 2957
f 2612 2698 2956
f 2613 2612 2955
f 2632 2613 2954
f 2631 2632 2953
f 2629 2631 2952
f 2630 2629 2951
f 2644 2630 2950
f 2671 2644 2949
f 2672 2671 2948
f 2670 2672 2947
f 2668 2670 2946
f 2669 2668 2945
f 2686 2669 2944
f 2667 2686 2943
f 2666 2667 2942
f 2628 2666 2941
f 2627 2628 2940
f 2625 2627 2939
f 2626 2625 2938
f 2611 2626 2937
f 2610 2611 2936
f 2643 2610 2935
f 2597 2643 2934
f 2576 2597 2933
f 2575 2576 2932
f 2574 2575 2931
f 2551 2574 2930
f 2550 2551 2929
f 2573 2550 2928
f 2572 2573 2927
f 2571 2572 2926
f 2570 2571 2925
f 2609 2570 2924
f 2608 2609 2922
f 2665 2685 2921
f 2664 2665 2920
f 2642 2664 2919
f 2624 2642 2918
f 2641 2624 2917
f 2623 2641 2916
f 2607 2623 2915
f 2640 2607 2914
f 2622 2640 2913
f 2639 2622 2912
f 2684 2639 2911
f 2663 2684 2910
f 2662 2663 2909
f 2661 2662 2908
f 2660 2661 2907
f 2683 2660 2906
f 2659 2683 2905
f 2658 2659 2904
f 2696 2658 2903
f 2694 2696 2902
f 2695 2694 2901
f 2704 2695 2900
f 2705 2704 2899
f 2702 2705 2898
f 2703 2702 2897
f 2692 2703 2896
f 2693 2692 2895
f 2691 2693 2894
f 2682 2691 2893
f 2656 2682 2892
f 2657 2656 2891
f 2707 2657 2890
f 2559 2707 2889
f 2565 2559 2888
f 2700 2565 2887
f 2706 2700 2886
f 2673 2706 2885
f 2674 2673 2884
f 2647 2674 2883
f 2648 2647 2882
f 2645 2648 2881
f 2646 2645 2880
f 2589 2646 2879
f 2590 2589 2878
f 2557 2590 2877
f 2535 2557 2876
f 2533 2535 2875
f 2534 2533 2874
f 2588 2534 2873
f 2555 2588 2872
f 2556 2555 2871
f 2587 2556 2870
f 2585 2587 2869
f 2586 2585 2868
f 2583 2586 2867
f 2584 2583 2866
f 2581 2584 2865
f 2582 2581 2864
f 2579 2582 2863
f 2580 2579 2862
f 2600 2580 2861
f 2547 2600 2860
f 2531 2547 2859
f 2532 2531 2858
f 2548 2532 2857
f 2553 2548 2856
f 2554 2553 2855
f 2545 2554 2854
f 2546 2545 2853
f 2543 2546 2851
f 2993 2994 2421
f 2995 2993 2424
f 2996 2995 2423
f 2997 2996 2427
f 2998 2997 2429
f 2999 2998 2428
f 3000 2999 2434
f 3001 3000 2431
f 3002 3001 2430
f 3003 3002 2448
f 3004 3003 2441
f 3005 3004 2440
f 3006 3005 2449
f 3007 3006 2459
f 3008 3007 2461
f 3009 3008 2460
f 3010 3009 2472
f 3011 3010 2451
f 3012 3011 2450
f 3013 3012 2452
f 3014 3013 2443
f 3015 3014 2442
f 3016 3015 2474
f 3017 3016 2473
f 3018 3017 2454
f 3019 3018 2453
f 3020 3019 2462
f 3021 3020 2475
f 3022 3021 2476
f 3023 3022 2464
f 3024 3023 2463
f 3025 3024 2493
f 3026 3025 2492
f 3027 3026 2524
f 3028 3027 2523
f 3029 3028 2514
f 3030 3029 2513
f 3031 3030 2516
f 3032 3031 2515
f 3033 3032 2549
f 3034 3033 2537
f 3035 3034 2536
f 3036 3035 2539
f 3037 3036 2538
f 3038 3037 2525
f 3039 3038 2517
f 3040 3039 2495
f 3041 3040 2478
f 3042 3041 2477
f 3043 3042 2494
f 3044 3043 2518
f 3045 3044 2497
f 3046 3045 2496
f 3047 3046 2526
f 3048 3047 2499
f 3049 3048 2498
f 3050 3049 2501
f 3051 3050 2500
f 3052 3051 2527
f 3053 3052 2520
f 3054 3053 2519
f 3055 3054 2502
f 3056 3055 2480
f 3057 3056 2479
f 3058 3057 2482
f 3059 3058 2481
f 3060 3059 2484
f 3061 3060 2483
f 3062 3061 2486
f 3063 3062 2485
f 3064 3063 2488
f 3065 3064 2487
f 3066 3065 2466
f 3067 3066 2465
f 3068 3067 2468
f 3069 3068 2467
f 3070 3069 2456
f 3071 3070 2455
f 3072 3071 2470
f 3073 3072 2469
f 3074 3073 2616
f 3075 3074 2602
f 3076 3075 2601
f 3077 3076 2604
f 3078 3077 2603
f 3079 3078 2591
f 3080 3079 2558
f 3081 3080 2592
f 3082 3081 2561
f 3083 3082 2560
f 3084 3083 2563
f 3085 3084 2562
f 3086 3085 2564
f 3087 3086 2593
f 3088 3087 2567
f 3089 3088 2566
f 3090 3089 2594
f 3091 3090 2569
f 3092 3091 2568
f 3093 3092 2596
f 3094 3093 2595
f 3095 3094 2606
f 3096 3095 2605
f 3097 3096 2617
f 3098 3097 2637
f 3099 3098 2619
f 3100 3099 2618
f 3101 3100 2638
f 3102 3101 2621
f 3103 3102 2620
f 3104 3103 2676
f 3105 3104 2675
f 3106 3105 2678
f 3107 3106 2677
f 3108 3107 2651
f 3109 3108 2650
f 3110 3109 2653
f 3111 3110 2652
f 3112 3111 2688
f 3113 3112 2687
f 3114 3113 2701
f 3115 3114 2690
f 3116 3115 2689
f 3117 3116 2680
f 3118 3117 2679
f 3119 3118 2681
f 3120 3119 2655
f 3121 3120 2654
f 3122 3121 2649
f 3123 3122 2512
f 3124 3123 2511
f 3125 3124 2445
f 3126 3125 2444
f 3127 3126 2438
f 3128 3127 2437
f 3129 3128 2447
f 3130 3129 2446
f 3131 3130 2436
f 3132 3131 2435
f 3133 3132 2433
f 3134 3133 2432
f 3135 3134 2439
f 3136 3135 2416
f 3137 3136 2415
f 3138 3137 2411
f 3139 3138 2410
f 3140 3139 2413
f 3141 3140 2412
f 3142 3141 2414
f 3143 3142 2409
f 3144 3143 2408
f 3145 3144 2425
f 3146 3145 2418
f 3147 3146 2417
f 3148 3147 2420
f 3149 3148 2419
f 3150 3149 2426
f 2994 3150 2422
f 2422 2421 2994
f 2426 2422 3150
f 2419 2426 3149
f 2420 2419 3148
f 2417 2420 3147
f 2418 2417 3146
f 2425 2418 3145
f 2408 2425 3144
f 2409 2408 3143
f 2414 2409 3142
f 2412 2414 3141
f 2413 2412 3140
f 2410 2413 3139
f 2411 2410 3138
f 2415 2411 3137
f 2416 2415 3136
f 2439 2416 3135
f 2432 2439 3134
f 2433 2432 3133
f 2435 2433 3132
f 2436 2435 3131
f 2446 2436 3130
f 2447 2446 3129
f 2437 2447 3128
f 2438 2437 3127
f 2444 2438 3126
f 2445 2444 3125
f 2511 2445 3124
f 2512 2511 3123
f 2649 2512 3122
f 2654 2649 3121
f 2655 2654 3120
f 2681 2655 3119
f 2679 2681 3118
f 2680 2679 3117
f 2689 2680 3116
f 2690 2689 3115
f 2701 2690 3114
f 2687 2701 3113
f 2688 2687 3112
f 2652 2688 3111
f 2653 2652 3110
f 2650 2653 3109
f 2651 2650 3108
f 2677 2651 3107
f 2678 2677 3106
f 2675 2678 3105
f 2676 2675 3104
f 2620 2676 3103
f 2621 2620 3102
f 2638 2621 3101
f 2618 2638 3100
f 2619 2618 3099
f 2637 2619 3098
f 2617 2637 3097
f 2605 2617 3096
f 2606 2605 3095
f 2595 2606 3094
f 2596 2595 3093
f 2568 2596 3092
f 2569 2568 3091
f 2594 2569 3090
f 2566 2594 3089
f 2567 2566 3088
f 2593 2567 3087
f 2564 2593 3086
f 2562 2564 3085
f 2563 2562 3084
f 2560 2563 3083
f 2561 2560 3082
f 2592 2561 3081
f 2558 2592 3080
f 2591 2558 3079
f 2603 2591 3078
f 2604 2603 3077
f 2601 2604 3076
f 2602 2601 3075
f 2616 2602 3074
f 2469 2616 3073
f 2470 2469 3072
f 2455 2470 3071
f 2456 2455 3070
f 2467 2456 3069
f 2468 2467 3068
f 2465 2468 3067
f 2466 2465 3066
f 2487 2466 3065
f 2488 2487 3064
f 2485 2488 3063
f 2486 2485 3062
f 2483 2486 3061
f 2484 2483 3060
f 2481 2484 3059
f 2482 2481 3058
f 2479 2482 3057
f 2480 2479 3056
f 2502 2480 3055
f 2519 2502 3054
f 2520 2519 3053
f 2527 2520 3052
f 2500 2527 3051
f 2501 2500 3050
f 2498 2501 3049
f 2499 2498 3048
f 2526 2499 3047
f 2496 2526 3046
f 2497 2496 3045
f 2518 2497 3044
f 2494 2518 3043
f 2477 2494 3042
f 2478 2477 3041
f 2495 2478 3040
f 2517 2495 3039
f 2525 2517 3038
f 2538 2525 3037
f 2539 2538 3036
f 2536 2539 3035
f 2537 2536 3034
f 2549 2537 3033
f 2515 2549 3032
f 2516 2515 3031
f 2513 2516 3030
f 2514 2513 3029
f 2523 2514 3028
f 2524 2523 3027
f 2492 2524 3026
f 2493 2492 3025
f 2463 2493 3024
f 2464 2463 3023
f 2476 2464 3022
f 2475 2476 3021
f 2462 2475 3020
f 2453 2462 3019
f 2454 2453 3018
f 2473 2454 3017
f 2474 2473 3016
f 2442 2474 3015
f 2443 2442 3014
f 2452 2443 3013
f 2450 2452 3012
f 2451 2450 3011
f 2472 2451 3010
f 2460 2472 3009
f 2461 2460 3008
f 2459 2461 3007
f 2449 2459 3006
f 2440 2449 3005
f 2441 2440 3004
f 2448 2441 3003
f 2430 2448 3002
f 2431 2430 3001
f 2434 2431 3000
f 2428 2434 2999
f 2429 2428 2998
f 2427 2429 2997
f 2423 2427 2996
f 2424 2423 2995
f 2421 2424 2993
f 2383 2398 3151
f 2384 2383 3152
f 2396 2384 3153
f 2397 2396 3154
f 2403 2397 3155
f 2404 2403 3156
f 2381 2404 3157
f 2382 2381 3158
f 2379 2382 3159
f 2380 2379 3160
f 2360 2380 3161
f 2361 2360 3162
f 2378 2361 3163
f 2377 2378 3164
f 2359 2377 3165
f 2342 2359 3166
f 2322 2342 3167
f 2323 2322 3168
f 2341 2323 3169
f 2358 2341 3170
f 2356 2358 3171
f 2357 2356 3172
f 2375 2357 3173
f 2376 2375 3174
f 2339 2376 3175
f 2340 2339 3176
f 2355 2340 3177
f 2247 2355 3178
f 2248 2247 3179
f 2291 2248 3180
f 2146 2291 3181
f 2147 2146 3182
f 2195 2147 3183
f 2193 2195 3184
f 2194 2193 3185
f 2246 2194 3186
f 2145 2246 3187
f 2117 2145 3188
f 2118 2117 3189
f 2192 2118 3190
f 2290 2192 3191
f 2245 2290 3192
f 2190 2245 3193
f 2191 2190 3194
f 2289 2191 3195
f 2243 2289 3196
f 2244 2243 3197
f 2143 2244 3198
f 2144 2143 3199
f 2141 2144 3200
f 2142 2141 3201
f 2139 2142 3202
f 2140 2139 3203
f 2137 2140 3204
f 2138 2137 3205
f 2242 2138 3206
f 2188 2242 3207
f 2189 2188 3208
f 2240 2189 3209
f 2241 2240 3210
f 2288 2241 3211
f 2338 2288 3212
f 2286 2338 3213
f 2287 2286 3214
f 2321 2287 3215
f 2319 2321 3216
f 2320 2319 3217
f 2238 2320 3218
f 2239 2238 3219
f 2285 2239 3220
f 2284 2285 3221
f 2236 2284 3222
f 2237 2236 3223
f 2235 2237 3224
f 2234 2235 3225
f 2135 2234 3226
f 3227 3228 2136
f 3228 2186 2136
f 2187 2186 3228
f 2233 2187 3229
f 2283 2233 3230
f 2281 2283 3231
f 2282 2281 3232
f 2317 2282 3233
f 2318 2317 3234
f 2336 2318 3235
f 2337 2336 3236
f 2353 2337 3237
f 2354 2353 3238
f 2315 2354 3239
f 2316 2315 3240
f 2314 2316 3241
f 2231 2314 3242
f 2232 2231 3243
f 2280 2232 3244
f 2334 2280 3245
f 2335 2334 3246
f 2373 2335 3247
f 2374 2373 3248
f 2312 2374 3249
f 2313 2312 3250
f 2279 2313 3251
f 2230 2279 3252
f 2184 2230 3253
f 2185 2184 3254
f 2277 2185 3255
f 2278 2277 3256
f 2182 2278 3257
f 2183 2182 3258
f 2229 2183 3259
f 2227 2229 3260
f 2228 2227 3261
f 2275 2228 3262
f 2276 2275 3263
f 2133 2276 3264
f 2134 2133 3265
f 2181 2134 3266
f 2226 2181 3267
f 2224 2226 3268
f 2225 2224 3269
f 2222 2225 3270
f 2223 2222 3271
f 2220 2223 3272
f 2221 2220 3273
f 2132 2221 3274
f 2115 2132 3275
f 2116 2115 3276
f 2180 2116 3277
f 2219 2180 3278
f 2178 2219 3279
f 2179 2178 3280
f 2218 2179 3281
f 2217 2218 3282
f 2131 2217 3283
f 2113 2131 3284
f 2114 2113 3285
f 2112 2114 3286
f 2102 2112 3287
f 2103 2102 3288
f 2130 2103 3289
f 2176 2130 3290
f 2177 2176 3291
f 2174 2177 3292
f 2175 2174 3293
f 2274 2175 3294
f 2215 2274 3295
f 2216 2215 3296
f 2272 2216 3297
f 2273 2272 3298
f 2270 2273 3299
f 2271 2270 3300
f 2110 2271 3301
f 2111 2110 3302
f 2108 2111 3303
f 2109 2108 3304
f 2107 2109 3305
f 2129 2107 3306
f 2127 2129 3307
f 2128 2127 3308
f 2105 2128 3309
f 2106 2105 3310
f 2126 2106 3311
f 2172 2126 3312
f 2173 2172 3313
f 2170 2173 3314
f 2171 2170 3315
f 2214 2171 3316
f 2124 2214 3317
f 2125 2124 3318
f 2122 2125 3319
f 2123 2122 3320
f 2168 2123 3321
f 2169 2168 3322
f 2166 2169 3323
f 2167 2166 3324
f 2212 2167 3325
f 2213 2212 3326
f 2164 2213 3327
f 2165 2164 3328
f 2162 2165 3329
f 2163 2162 3330
f 2310 2163 3331
f 2311 2310 3332
f 2308 2311 3333
f 2309 2308 3334
f 2306 2309 3335
f 2307 2306 3336
f 2269 2307 3337
f 2210 2269 3338
f 2211 2210 3339
f 2268 2211 3340
f 2160 2268 3341
f 2161 2160 3342
f 2158 2161 3343
f 2159 2158 3344
f 2208 2159 3345
f 2209 2208 3346
f 2267 2209 3347
f 2305 2267 3348
f 2265 2305 3349
f 2266 2265 3350
f 2264 2266 3351
f 2207 2264 3352
f 2156 2207 3353
f 2157 2156 3354
f 2303 2157 3355
f 2304 2303 3356
f 2262 2304 3357
f 2263 2262 3358
f 2154 2263 3359
f 2155 2154 3360
f 2206 2155 3361
f 2205 2206 3362
f 2152 2205 3363
f 2153 2152 3364
f 2394 2153 3365
f 2395 2394 3366
f 2392 2395 3367
f 2393 2392 3368
f 2351 2393 3369
f 2352 2351 3370
f 2333 2352 3371
f 2301 2333 3372
f 2302 2301 3373
f 2203 2302 3374
f 2204 2203 3375
f 2261 2204 3376
f 2259 2261 3377
f 2260 2259 3378
f 2332 2260 3379
f 2371 2332 3380
f 2372 2371 3381
f 2349 2372 3382
f 2350 2349 3383
f 2258 2350 3384
f 2256 2258 3385
f 2257 2256 3386
f 2300 2257 3387
f 2298 2300 3388
f 2299 2298 3389
f 2330 2299 3390
f 2331 2330 3391
f 2370 2331 3392
f 2328 2370 3393
f 2329 2328 3394
f 2348 2329 3395
f 2326 2348 3396
f 2327 2326 3397
f 2347 2327 3398
f 2368 2347 3399
f 2369 2368 3400
f 2366 2369 3401
f 2367 2366 3402
f 2325 2367 3403
f 2296 2325 3404
f 2297 2296 3405
f 2295 2297 3406
f 2254 2295 3407
f 2255 2254 3408
f 2253 2255 3409
f 2201 2253 3410
f 2202 2201 3411
f 2199 2202 3412
f 2200 2199 3413
f 2197 2200 3414
f 2198 2197 3415
f 2121 2198 3416
f 2104 2121 3417
f 2100 2104 3418
f 2101 2100 3419
f 2119 2101 3420
f 2120 2119 3421
f 2150 2120 3422
f 2151 2150 3423
f 2148 2151 3424
f 2149 2148 3425
f 2196 2149 3426
f 2251 2196 3427
f 2252 2251 3428
f 2294 2252 3429
f 2249 2294 3430
f 2250 2249 3431
f 2324 2250 3432
f 2292 2324 3433
f 2293 2292 3434
f 2390 2293 3435
f 2391 2390 3436
f 2402 2391 3437
f 2401 2402 3438
f 2364 2401 3439
f 2365 2364 3440
f 2345 2365 3441
f 2346 2345 3442
f 2343 2346 3443
f 2344 2343 3444
f 2406 2344 3445
f 2407 2406 3446
f 2405 2407 3447
f 2400 2405 3448
f 2388 2400 3449
f 2389 2388 3450
f 2386 2389 3451
f 2387 2386 3452
f 2385 2387 3453
f 2362 2385 3454
f 2363 2362 3455
f 2399 2363 3456
f 2398 2399 3457
f 3457 3151 2398
f 3456 3457 2399
f 3455 3456 2363
f 3454 3455 2362
f 3453 3454 2385
f 3452 3453 2387
f 3451 3452 2386
f 3450 3451 2389
f 3449 3450 2388
f 3448 3449 2400
f 3447 3448 2405
f 3446 3447 2407
f 3445 3446 2406
f 3444 3445 2344
f 3443 3444 2343
f 3442 3443 2346
f 3441 3442 2345
f 3440 3441 2365
f 3439 3440 2364
f 3438 3439 2401
f 3437 3438 2402
f 3436 3437 2391
f 3435 3436 2390
f 3434 3435 2293
f 3433 3434 2292
f 3432 3433 2324
f 3431 3432 2250
f 3430 3431 2249
f 3429 3430 2294
f 3428 3429 2252
f 3427 3428 2251
f 3426 3427 2196
f 3425 3426 2149
f 3424 3425 2148
f 3423 3424 2151
f 3422 3423 2150
f 3421 3422 2120
f 3420 3421 2119
f 3419 3420 2101
f 3418 3419 2100
f 3417 3418 2104
f 3416 3417 2121
f 3415 3416 2198
f 3414 3415 2197
f 3413 3414 2200
f 3412 3413 2199
f 3411 3412 2202
f 3410 3411 2201
f 3409 3410 2253
f 3408 3409 2255
f 3407 3408 2254
f 3406 3407 2295
f 3405 3406 2297
f 3404 3405 2296
f 3403 3404 2325
f 3402 3403 2367
f 3401 3402 2366
f 3400 3401 2369
f 3399 3400 2368
f 3398 3399 2347
f 3397 3398 2327
f 3396 3397 2326
f 3395 3396 2348
f 3394 3395 2329
f 3393 3394 2328
f 3392 3393 2370
f 3391 3392 2331
f 3390 3391 2330
f 3389 3390 2299
f 3388 3389 2298
f 3387 3388 2300
f 3386 3387 2257
f 3385 3386 2256
f 3384 3385 2258
f 3383 3384 2350
f 3382 3383 2349
f 3381 3382 2372
f 3380 3381 2371
f 3379 3380 2332
f 3378 3379 2260
f 3377 3378 2259
f 3376 3377 2261
f 3375 3376 2204
f 3374 3375 2203
f 3373 3374 2302
f 3372 3373 2301
f 3371 3372 2333
f 3370 3371 2352
f 3369 3370 2351
f 3368 3369 2393
f 3367 3368 2392
f 3366 3367 2395
f 3365 3366 2394
f 3364 3365 2153
f 3363 3364 2152
f 3362 3363 2205
f 3361 3362 2206
f 3360 3361 2155
f 3359 3360 2154
f 3358 3359 2263
f 3357 3358 2262
f 3356 3357 2304
f 3355 3356 2303
f 3354 3355 2157
f 3353 3354 2156
f 3352 3353 2207
f 3351 3352 2264
f 3350 3351 2266
f 3349 3350 2265
f 3348 3349 2305
f 3347 3348 2267
f 3346 3347 2209
f 3345 3346 2208
f 3344 3345 2159
f 3343 3344 2158
f 3342 3343 2161
f 3341 3342 2160
f 3340 3341 2268
f 3339 3340 2211
f 3338 3339 2210
f 3337 3338 2269
f 3336 3337 2307
f 3335 3336 2306
f 3334 3335 2309
f 3333 3334 2308
f 3332 3333 2311
f 3331 3332 2310
f 3330 3331 2163
f 3329 3330 2162
f 3328 3329 2165
f 3327 3328 2164
f 3326 3327 2213
f 3325 3326 2212
f 3324 3325 2167
f 3323 3324 2166
f 3322 3323 2169
f 3321 3322 2168
f 3320 3321 2123
f 3319 3320 2122
f 3318 3319 2125
f 3317 3318 2124
f 3316 3317 2214
f 3315 3316 2171
f 3314 3315 2170
f 3313 3314 2173
f 3312 3313 2172
f 3311 3312 2126
f 3310 3311 2106
f 3309 3310 2105
f 3308 3309 2128
f 3307 3308 2127
f 3306 3307 2129
f 3305 3306 2107
f 3304 3305 2109
f 3303 3304 2108
f 3302 3303 2111
f 3301 3302 2110
f 3300 3301 2271
f 3299 3300 2270
f 3298 3299 2273
f 3297 3298 2272
f 3296 3297 2216
f 3295 3296 2215
f 3294 3295 2274
f 3293 3294 2175
f 3292 3293 2174
f 3291 3292 2177
f 3290 3291 2176
f 3289 3290 2130
f 3288 3289 2103
f 3287 3288 2102
f 3286 3287 2112
f 3285 3286 2114
f 3284 3285 2113
f 3283 3284 2131
f 3282 3283 2217
f 3281 3282 2218
f 3280 3281 2179
f 3279 3280 2178
f 3278 3279 2219
f 3277 3278 2180
f 3276 3277 2116
f 3275 3276 2115
f 3274 3275 2132
f 3273 3274 2221
f 3272 3273 2220
f 3271 3272 2223
f 3270 3271 2222
f 3269 3270 2225
f 3268 3269 2224
f 3267 3268 2226
f 3266 3267 2181
f 3265 3266 2134
f 3264 3265 2133
f 3263 3264 2276
f 3262 3263 2275
f 3261 3262 2228
f 3260 3261 2227
f 3259 3260 2229
f 3258 3259 2183
f 3257 3258 2182
f 3256 3257 2278
f 3255 3256 2277
f 3254 3255 2185
f 3253 3254 2184
f 3252 3253 2230
f 3251 3252 2279
f 3250 3251 2313
f 3249 3250 2312
f 3248 3249 2374
f 3247 3248 2373
f 3246 3247 2335
f 3245 3246 2334
f 3244 3245 2280
f 3243 3244 2232
f 3242 3243 2231
f 3241 3242 2314
f 3240 3241 2316
f 3239 3240 2315
f 3238 3239 2354
f 3237 3238 2353
f 3236 3237 2337
f 3235 3236 2336
f 3234 3235 2318
f 3233 3234 2317
f 3232 3233 2282
f 3231 3232 2281
f 3230 3231 2283
f 3229 3230 2233
f 3228 3229 2187
f 2136 2135 3227
f 3226 3227 2135
f 3225 3226 2234
f 3224 3225 2235
f 3223 3224 2237
f 3222 3223 2236
f 3221 3222 2284
f 3220 3221 2285
f 3219 3220 2239
f 3218 3219 2238
f 3217 3218 2320
f 3216 3217 2319
f 3215 3216 2321
f 3214 3215 2287
f 3213 3214 2286
f 3212 3213 2338
f 3211 3212 2288
f 3210 3211 2241
f 3209 3210 2240
f 3208 3209 2189
f 3207 3208 2188
f 3206 3207 2242
f 3205 3206 2138
f 3204 3205 2137
f 3203 3204 2140
f 3202 3203 2139
f 3201 3202 2142
f 3200 3201 2141
f 3199 3200 2144
f 3198 3199 2143
f 3197 3198 2244
f 3196 3197 2243
f 3195 3196 2289
f 3194 3195 2191
f 3193 3194 2190
f 3192 3193 2245
f 3191 3192 2290
f 3190 3191 2192
f 3189 3190 2118
f 3188 3189 2117
f 3187 3188 2145
f 3186 3187 2246
f 3185 3186 2194
f 3184 3185 2193
f 3183 3184 2195
f 3182 3183 2147
f 3181 3182 2146
f 3180 3181 2291
f 3179 3180 2248
f 3178 3179 2247
f 3177 3178 2355
f 3176 3177 2340
f 3175 3176 2339
f 3174 3175 2376
f 3173 3174 2375
f 3172 3173 2357
f 3171 3172 2356
f 3170 3171 2358
f 3169 3170 2341
f 3168 3169 2323
f 3167 3168 2322
f 3166 3167 2342
f 3165 3166 2359
f 3164 3165 2377
f 3163 3164 2378
f 3162 3163 2361
f 3161 3162 2360
f 3160 3161 2380
f 3159 3160 2379
f 3158 3159 2382
f 3157 3158 2381
f 3156 3157 2404
f 3155 3156 2403
f 3154 3155 2397
f 3153 3154 2396
f 3152 3153 2384
f 3151 3152 2383
f 3462 3463 3464
f 3463 3465 3466
f 3467 3080 3081
f 3468 3069 3070
f 3467 3089 3090
f 3467 3086 3087
f 3467 3082 3083
f 3467 3079 3080
f 3467 3077 3078
f 3467 3070 3071
f 3468 3068 3069
f 3468 3066 3067
f 3468 3064 3065
f 3468 3060 3061
f 3467 3091 3092
f 3467 3088 3089
f 3467 3085 3086
f 3083 3084 3467
f 3078 3079 3467
f 3467 3075 3076
f 3467 3072 3073
f 3070 3467 3468
f 3065 3066 3468
f 3061 3062 3468
f 3467 3093 3094
f 3090 3091 3467
f 3084 3085 3467
f 3076 3077 3467
f 3073 3074 3467
f 3067 3068 3468
f 3062 3063 3468
f 3094 3095 3467
f 3087 3088 3467
f 3074 3075 3467
f 3063 3064 3468
f 3468 3058 3059
f 3468 3056 3057
f 3468 3054 3055
f 3467 3100 3101
f 3467 3096 3097
f 3092 3093 3467
f 3071 3072 3467
f 3057 3058 3468
f 3468 3053 3054
f 3465 2993 2995
f 3465 3141 3142
f 3467 3099 3100
f 3097 3098 3467
f 3081 3082 3467
f 3055 3056 3468
f 3468 3048 3049
f 3468 3046 3047
f 3465 2994 2993
f 3465 3140 3141
f 3465 3138 3139
f 3465 3135 3136
f 3098 3099 3467
f 3059 3060 3468
f 3468 3051 3052
f 3047 3048 3468
f 3468 3042 3043
f 3468 3039 3040
f 3466 3012 3013
f 3466 3002 3003
f 3466 2999 3000
f 3466 2996 2997
f 2995 3466 3465
f 3465 3149 3150
f 3465 3144 3145
f 3139 3140 3465
f 3136 3137 3465
f 3465 3130 3131
f 3095 3096 3467
f 3468 3050 3051
f 3468 3045 3046
f 3043 3044 3468
f 3468 3038 3039
f 3466 3016 3017
f 3466 3011 3012
f 3466 3009 3010
f 3003 3004 3466
f 3466 2998 2999
f 2995 2996 3466
f 3465 3148 3149
f 3465 3146 3147
f 3465 3143 3144
f 3137 3138 3465
f 3131 3132 3465
f 3465 3118 3119
f 3467 3108 3109
f 3467 3102 3103
f 3052 3053 3468
f 3044 3045 3468
f 3040 3041 3468
f 3468 3466 3036
f 3466 3021 3022
f 3017 3018 3466
f 3010 3011 3466
f 3466 3006 3007
f 3004 3005 3466
f 2997 2998 3466
f 3147 3148 3465
f 3142 3143 3465
f 3465 3133 3134
f 3465 3129 3130
f 3465 3124 3125
f 3465 3117 3118
f 3465 3115 3116
f 3465 3113 3114
f 3109 3465 3467
f 3467 3106 3107
f 3101 3102 3467
f 3041 3042 3468
f 3036 3037 3468
f 3466 3034 3035
f 3466 3020 3021
f 3018 3019 3466
f 3466 3014 3015
f 3466 3008 3009
f 3005 3006 3466
f 3000 3001 3466
f 3145 3146 3465
f 3132 3133 3465
f 3465 3127 3128
f 3125 3126 3465
f 3465 3121 3122
f 3119 3120 3465
f 3114 3115 3465
f 3107 3108 3467
f 3467 3104 3105
f 3049 3050 3468
f 3035 3036 3466
f 3466 3029 3030
f 3466 3027 3028
f 3466 3023 3024
f 3019 3020 3466
f 3013 3014 3466
f 3001 3002 3466
f 3134 3135 3465
f 3126 3127 3465
f 3122 3123 3465
f 3116 3117 3465
f 3105 3106 3467
f 3037 3038 3468
f 3466 3032 3033
f 3028 3029 3466
f 3466 3025 3026
f 3022 3023 3466
f 3007 3008 3466
f 3128 3129 3465
f 3120 3121 3465
f 3465 3111 3112
f 3103 3104 3467
f 3466 3031 3032
f 3026 3027 3466
f 3015 3016 3466
f 3123 3124 3465
f 3465 3110 3111
f 3033 3034 3466
f 3024 3025 3466
f 3112 3113 3465
f 3030 3031 3466
f 3109 3110 3465
f 3467 3469 3470
f 3471 3464 3472
f 3468 3470 3473
f 3474 3475 1461
f 3476 1466 1461
f 3477 1467 1466
f 3477 3474 1459
f 1461 3475 3476
f 1459 1467 3477
f 1466 3476 3477
f 3472 3306 3305
f 3472 3278 3277
f 3472 3286 3285
f 3472 3290 3289
f 3305 3304 3472
f 3464 3308 3307
f 3464 3313 3312
f 3277 3276 3472
f 3472 3287 3286
f 3289 3288 3472
f 3304 3303 3472
f 3307 3472 3464
f 3307 3306 3472
f 3464 3310 3309
f 3312 3311 3464
f 3311 3310 3464
f 3464 3320 3319
f 3464 3322 3321
f 3472 3267 3266
f 3472 3279 3278
f 3472 3282 3281
f 3285 3284 3472
f 3472 3291 3290
f 3472 3293 3292
f 3472 3295 3294
f 3464 3315 3314
f 3464 3317 3316
f 3321 3320 3464
f 3464 3324 3323
f 3464 3326 3325
f 3464 3330 3329
f 3464 3332 3331
f 3472 3268 3267
f 3472 3280 3279
f 3472 3283 3282
f 3288 3287 3472
f 3294 3293 3472
f 3472 3298 3297
f 3309 3308 3464
f 3316 3315 3464
f 3319 3318 3464
f 3325 3324 3464
f 3464 3328 3327
f 3331 3330 3464
f 3464 3341 3340
f 3464 3344 3343
f 3464 3346 3345
f 3472 3262 3261
f 3472 3269 3268
f 3472 3271 3270
f 3472 3273 3272
f 3472 3275 3274
f 3281 3280 3472
f 3292 3291 3472
f 3297 3296 3472
f 3472 3300 3299
f 3472 3302 3301
f 3314 3313 3464
f 3323 3322 3464
f 3329 3328 3464
f 3464 3338 3337
f 3340 3339 3464
f 3345 3344 3464
f 3472 3263 3262
f 3472 3265 3264
f 3270 3269 3472
f 3274 3273 3472
f 3284 3283 3472
f 3299 3298 3472
f 3303 3302 3472
f 3327 3326 3464
f 3464 3334 3333
f 3464 3336 3335
f 3339 3338 3464
f 3343 3342 3464
f 3264 3263 3472
f 3272 3271 3472
f 3296 3295 3472
f 3318 3317 3464
f 3335 3334 3464
f 3342 3341 3464
f 3464 3466 3348
f 3266 3265 3472
f 3301 3300 3472
f 3337 3336 3464
f 3348 3347 3464
f 3276 3275 3472
f 3347 3346 3464
f 3333 3332 3464
f 3478 3191 3190
f 3478 3201 3200
f 3478 3203 3202
f 3468 3420 3419
f 3478 3184 3183
f 3190 3189 3478
f 3202 3201 3478
f 3478 3205 3204
f 3468 3421 3420
f 3478 3185 3184
f 3478 3187 3186
f 3478 3192 3191
f 3478 3194 3193
f 3204 3203 3478
f 3478 3207 3206
f 3478 3210 3209
f 3478 3222 3221
f 3478 3225 3224
f 3479 3228 3227
f 3419 3418 3468
f 3468 3423 3422
f 3468 3457 3456
f 3478 3181 3180
f 3186 3185 3478
f 3189 3188 3478
f 3478 3195 3194
f 3478 3199 3198
f 3206 3205 3478
f 3209 3208 3478
f 3478 3212 3211
f 3478 3216 3215
f 3221 3220 3478
f 3220 3219 3478
f 3224 3223 3478
f 3223 3222 3478
f 3227 3478 3479
f 3227 3226 3478
f 3466 3377 3376
f 3466 3468 3387
f 3422 3421 3468
f 3468 3425 3424
f 3468 3427 3426
f 3468 3444 3443
f 3468 3446 3445
f 3456 3455 3468
f 3478 3151 3457
f 3478 3154 3153
f 3478 3182 3181
f 3188 3187 3478
f 3478 3196 3195
f 3198 3197 3478
f 3208 3207 3478
f 3478 3213 3212
f 3478 3217 3216
f 3478 3219 3218
f 3479 3231 3230
f 3479 3235 3234
f 3466 3378 3377
f 3466 3380 3379
f 3468 3388 3387
f 3468 3407 3406
f 3468 3410 3409
f 3468 3412 3411
f 3468 3415 3414
f 3468 3417 3416
f 3424 3423 3468
f 3468 3428 3427
f 3468 3442 3441
f 3445 3444 3468
f 3468 3452 3451
f 3468 3454 3453
f 3457 3468 3478
f 3455 3454 3468
f 3153 3152 3478
f 3183 3182 3478
f 3197 3196 3478
f 3211 3210 3478
f 3218 3217 3478
f 3226 3225 3478
f 3479 3232 3231
f 3234 3233 3479
f 3479 3245 3244
f 3466 3356 3355
f 3466 3362 3361
f 3466 3366 3365
f 3466 3375 3374
f 3379 3378 3466
f 3387 3386 3466
f 3468 3392 3391
f 3406 3405 3468
f 3409 3408 3468
f 3468 3413 3412
f 3416 3415 3468
f 3426 3425 3468
f 3468 3430 3429
f 3468 3433 3432
f 3468 3438 3437
f 3443 3442 3468
f 3453 3452 3468
f 3152 3151 3478
f 3478 3169 3168
f 3478 3171 3170
f 3478 3178 3177
f 3193 3192 3478
f 3478 3214 3213
f 3230 3229 3479
f 3479 3236 3235
f 3479 3238 3237
f 3479 3246 3245
f 3479 3256 3255
f 3355 3354 3466
f 3466 3363 3362
f 3365 3364 3466
f 3374 3373 3466
f 3466 3381 3380
f 3468 3389 3388
f 3391 3390 3468
f 3468 3396 3395
f 3468 3399 3398
f 3408 3407 3468
f 3414 3413 3468
f 3429 3428 3468
f 3432 3431 3468
f 3468 3436 3435
f 3468 3439 3438
f 3441 3440 3468
f 3478 3156 3155
f 3478 3164 3163
f 3168 3167 3478
f 3478 3172 3171
f 3478 3174 3173
f 3478 3179 3178
f 3200 3199 3478
f 3229 3228 3479
f 3237 3236 3479
f 3479 3242 3241
f 3244 3243 3479
f 3255 3254 3479
f 3466 3352 3351
f 3354 3353 3466
f 3466 3360 3359
f 3364 3363 3466
f 3466 3372 3371
f 3376 3375 3466
f 3466 3385 3384
f 3390 3389 3468
f 3468 3397 3396
f 3468 3400 3399
f 3468 3404 3403
f 3411 3410 3468
f 3431 3430 3468
f 3435 3434 3468
f 3440 3439 3468
f 3468 3448 3447
f 3468 3450 3449
f 3155 3154 3478
f 3478 3160 3159
f 3478 3162 3161
f 3478 3165 3164
f 3167 3166 3478
f 3173 3172 3478
f 3478 3176 3175
f 3180 3179 3478
f 3233 3232 3479
f 3243 3242 3479
f 3479 3248 3247
f 3254 3253 3479
f 3479 3258 3257
f 3466 3350 3349
f 3353 3352 3466
f 3466 3358 3357
f 3361 3360 3466
f 3373 3372 3466
f 3466 3383 3382
f 3386 3385 3466
f 3468 3394 3393
f 3398 3397 3468
f 3468 3402 3401
f 3405 3404 3468
f 3434 3433 3468
f 3447 3446 3468
f 3451 3450 3468
f 3161 3160 3478
f 3166 3165 3478
f 3175 3174 3478
f 3215 3214 3478
f 3479 3240 3239
f 3247 3246 3479
f 3479 3252 3251
f 3257 3256 3479
f 3479 3260 3259
f 3351 3350 3466
f 3359 3358 3466
f 3466 3368 3367
f 3466 3370 3369
f 3382 3381 3466
f 3393 3392 3468
f 3401 3400 3468
f 3418 3417 3468
f 3449 3448 3468
f 3478 3158 3157
f 3163 3162 3478
f 3177 3176 3478
f 3241 3240 3479
f 3479 3250 3249
f 3253 3252 3479
f 3479 3261 3260
f 3357 3356 3466
f 3369 3368 3466
f 3384 3383 3466
f 3403 3402 3468
f 3157 3156 3478
f 3170 3169 3478
f 3249 3248 3479
f 3259 3258 3479
f 3367 3366 3466
f 3395 3394 3468
f 3159 3158 3478
f 3251 3250 3479
f 3371 3370 3466
f 3239 3238 3479
f 3437 3436 3468
f 3462 508 510
f 3462 506 508
f 3462 502 504
f 504 506 3462
f 3462 518 520
f 3462 512 514
f 3462 481 502
f 3462 516 518
f 510 512 3462
f 514 516 3462
f 520 522 3462
f 3471 482 481
f 481 3462 3471
f 3462 566 568
f 3462 544 546
f 3462 540 542
f 3462 572 574
f 568 570 3462
f 3462 562 564
f 3462 552 554
f 3462 548 550
f 542 544 3462
f 3462 536 538
f 3462 530 532
f 570 572 3462
f 3462 560 562
f 3462 556 558
f 550 552 3462
f 538 540 3462
f 532 534 3462
f 3462 524 526
f 564 566 3462
f 554 556 3462
f 534 536 3462
f 526 528 3462
f 3462 580 582
f 3462 576 578
f 558 560 3462
f 528 530 3462
f 578 580 3462
f 546 548 3462
f 574 576 3462
f 3463 2779 2781
f 670 2790 2791
f 670 2788 2789
f 2781 2780 3463
f 670 2795 2796
f 670 2793 2794
f 2789 2790 670
f 3463 2782 2783
f 3463 2778 2779
f 3463 2770 2771
f 3463 2768 2769
f 2794 2795 670
f 2791 2792 670
f 2780 2782 3463
f 2769 2770 3463
f 3463 2765 2766
f 3463 2762 2763
f 3463 3462 2744
f 2817 2818 626
f 2815 2816 632
f 2814 2815 636
f 670 2797 2798
f 2792 2793 670
f 670 2785 2786
f 670 2783 2784
f 3463 2777 2778
f 3463 2767 2768
f 3463 2764 2765
f 3463 2761 2762
f 3463 2759 2760
f 2744 2745 3463
f 3462 2742 2743
f 626 628 2817
f 2816 2817 630
f 632 634 2815
f 636 638 2814
f 2812 2813 642
f 2811 2812 646
f 2810 652 654
f 2810 2811 650
f 2796 2797 670
f 2786 2787 670
f 2787 2788 670
f 2783 670 3463
f 3463 2775 2776
f 3463 2772 2773
f 2766 2767 3463
f 2760 2761 3463
f 3463 2748 2749
f 3463 2746 2747
f 2743 2744 3462
f 3462 2735 2736
f 3462 2733 2734
f 3462 2731 2732
f 3462 2729 2730
f 3462 2726 2727
f 584 2840 2841
f 630 632 2816
f 638 640 2814
f 2813 2814 640
f 642 644 2812
f 646 648 2811
f 650 652 2810
f 2809 2810 656
f 2776 2777 3463
f 2773 2774 3463
f 2763 2764 3463
f 2749 2750 3463
f 2745 2746 3463
f 3462 2740 2741
f 2734 2735 3462
f 2730 2731 3462
f 2727 2728 3462
f 584 2849 2850
f 584 2844 2845
f 584 2842 2843
f 584 2839 2840
f 588 2837 2838
f 588 590 2836
f 2819 2820 622
f 2818 2819 624
f 634 636 2815
f 644 646 2812
f 654 656 2810
f 656 658 2809
f 2808 2809 660
f 670 2801 2802
f 2784 2785 670
f 2771 2772 3463
f 3463 2752 2753
f 2750 2751 3463
f 2741 2742 3462
f 3462 2738 2739
f 2736 2737 3462
f 2728 2729 3462
f 3462 2724 2725
f 584 2848 2849
f 2845 2846 584
f 2841 2842 584
f 586 2838 2839
f 2836 2837 588
f 2831 2832 596
f 2830 2831 598
f 624 626 2818
f 640 642 2813
f 658 660 2809
f 660 662 2808
f 2807 666 668
f 2807 2808 664
f 670 2804 2805
f 2802 2803 670
f 670 2799 2800
f 2774 2775 3463
f 3463 2757 2758
f 2751 2752 3463
f 2739 2740 3462
f 2732 2733 3462
f 3462 2723 2724
f 584 2847 2848
f 2843 2844 584
f 2838 586 588
f 2835 2836 590
f 2834 2835 592
f 2832 2833 594
f 598 600 2830
f 2822 2823 614
f 2821 2822 616
f 2820 2821 618
f 628 630 2817
f 662 664 2808
f 664 666 2807
f 2803 2804 670
f 2798 2799 670
f 3463 2756 2757
f 3463 2754 2755
f 2747 2748 3463
f 2725 2726 3462
f 3462 584 2712
f 2846 2847 584
f 590 592 2835
f 594 2833 2834
f 596 598 2831
f 2827 2828 604
f 2826 2827 606
f 616 618 2821
f 618 620 2820
f 648 650 2811
f 670 2806 2807
f 2800 2801 670
f 2755 2756 3463
f 2737 2738 3462
f 3462 2721 2722
f 3462 2716 2717
f 3462 2714 2715
f 2712 2713 3462
f 584 2710 2709
f 2839 584 586
f 594 596 2832
f 2829 2830 600
f 2828 2829 602
f 606 608 2826
f 2825 2826 608
f 2824 2825 610
f 2823 2824 612
f 620 622 2820
f 668 670 2807
f 2758 2759 3463
f 2722 2723 3462
f 3462 2719 2720
f 2717 2718 3462
f 2713 2714 3462
f 2709 2711 584
f 592 594 2834
f 602 604 2828
f 608 610 2825
f 612 614 2823
f 622 624 2819
f 2753 2754 3463
f 2718 2719 3462
f 2711 2712 584
f 600 602 2829
f 610 612 2824
f 2805 2806 670
f 2715 2716 3462
f 604 606 2827
f 2720 2721 3462
f 614 616 2822
f 3465 683 685
f 3465 681 683
f 3465 707 709
f 3465 703 705
f 3465 687 689
f 3465 679 681
f 3465 675 677
f 705 707 3465
f 3465 699 701
f 3465 695 697
f 3465 691 693
f 685 687 3465
f 3465 673 675
f 3465 3463 670
f 709 711 3465
f 697 699 3465
f 689 691 3465
f 670 673 3465
f 701 703 3465
f 677 679 3465
f 693 695 3465
f 3465 767 769
f 3465 777 779
f 769 771 3465
f 3465 775 777
f 3465 765 767
f 3465 773 775
f 3465 763 765
f 3465 757 759
f 3465 747 749
f 3465 789 791
f 771 773 3465
f 3465 755 757
f 3465 745 747
f 3465 739 741
f 3465 803 805
f 3465 795 797
f 791 793 3465
f 3465 761 763
f 3465 753 755
f 749 751 3465
f 741 743 3465
f 3465 801 803
f 793 795 3465
f 3465 785 787
f 759 761 3465
f 743 745 3465
f 3465 715 717
f 3465 799 801
f 787 789 3465
f 3465 781 783
f 751 753 3465
f 3465 733 735
f 3465 727 729
f 3465 723 725
f 717 719 3465
f 797 799 3465
f 779 781 3465
f 3465 731 733
f 725 727 3465
f 719 721 3465
f 783 785 3465
f 729 731 3465
f 3465 713 715
f 3465 737 739
f 721 723 3465
f 735 737 3465
f 891 2928 2929
f 891 2921 2923
f 891 2931 2932
f 2929 2930 891
f 891 2926 2927
f 891 2924 2925
f 2923 2922 891
f 891 3469 2918
f 3469 2914 2915
f 2930 2931 891
f 2925 2926 891
f 891 2920 2921
f 3469 2917 2918
f 3469 2913 2914
f 3469 2911 2912
f 889 2935 2936
f 891 2934 2935
f 2927 2928 891
f 891 2919 2920
f 3469 2916 2917
f 2912 2913 3469
f 805 2984 2985
f 2935 889 891
f 2922 2924 891
f 2915 2916 3469
f 2985 2986 805
f 2940 881 883
f 2939 883 885
f 885 887 2937
f 891 2933 2934
f 2918 2919 891
f 3469 2908 2909
f 3467 2989 2990
f 805 2988 2989
f 805 2983 2984
f 2955 851 853
f 885 2938 2939
f 887 2936 2937
f 2932 2933 891
f 2909 2910 3469
f 3469 2906 2907
f 3469 2903 2904
f 3469 2889 2890
f 2989 3467 805
f 2990 2991 3467
f 2986 2987 805
f 805 2981 2982
f 805 2979 2980
f 2955 849 851
f 2954 853 855
f 2937 2938 885
f 2910 2911 3469
f 3469 2905 2906
f 3469 2902 2903
f 2890 2891 3469
f 3467 2866 2867
f 3467 2864 2865
f 3467 2856 2857
f 2987 2988 805
f 2980 2981 805
f 805 2977 2978
f 805 2975 2976
f 855 2953 2954
f 2953 855 857
f 2951 861 863
f 2942 877 879
f 2941 879 881
f 2936 887 889
f 2904 2905 3469
f 3469 2899 2900
f 3469 2893 2894
f 2891 2892 3469
f 3467 2869 2870
f 2865 2866 3467
f 3467 2862 2863
f 3467 2859 2860
f 3467 2855 2856
f 2982 2983 805
f 2976 2977 805
f 2966 811 813
f 2966 807 809
f 857 2952 2953
f 2952 857 859
f 2951 859 861
f 2950 863 865
f 2943 875 877
f 881 2940 2941
f 2907 2908 3469
f 2900 2901 3469
f 3469 2897 2898
f 3469 2895 2896
f 2892 2893 3469
f 3467 2871 2872
f 3467 2868 2869
f 2863 2864 3467
f 2860 2861 3467
f 2857 2858 3467
f 3467 2853 2854
f 3467 2991 2992
f 2978 2979 805
f 2967 805 807
f 809 811 2966
f 2960 835 837
f 859 2951 2952
f 865 2949 2950
f 2949 865 867
f 2948 867 869
f 2946 871 873
f 2945 873 875
f 877 2942 2943
f 883 2939 2940
f 2898 2899 3469
f 2894 2895 3469
f 3467 2883 2884
f 3467 2880 2881
f 3467 2878 2879
f 2870 2871 3467
f 2861 2862 3467
f 2854 2855 3467
f 3467 2852 2851
f 805 2973 2974
f 805 2971 2972
f 805 2969 2970
f 805 2967 2968
f 813 2965 2966
f 2965 815 817
f 2964 821 823
f 2964 817 819
f 2963 825 827
f 2962 829 831
f 2961 831 833
f 2960 833 835
f 863 2950 2951
f 869 2947 2948
f 2947 869 871
f 875 2944 2945
f 879 2941 2942
f 2896 2897 3469
f 3467 2882 2883
f 2879 2880 3467
f 3467 2873 2874
f 2867 2868 3467
f 2851 2853 3467
f 2974 2975 805
f 2970 2971 805
f 807 2966 2967
f 2965 813 815
f 819 821 2964
f 2963 823 825
f 2962 827 829
f 837 2959 2960
f 2957 845 847
f 867 2948 2949
f 873 2945 2946
f 2901 2902 3469
f 3469 2887 2888
f 2881 2882 3467
f 3467 2876 2877
f 2874 2875 3467
f 2858 2859 3467
f 2972 2973 805
f 817 2964 2965
f 827 2962 2963
f 833 2960 2961
f 2959 839 841
f 2957 843 845
f 2956 847 849
f 871 2946 2947
f 2888 2889 3469
f 3469 3467 2886
f 2877 2878 3467
f 2872 2873 3467
f 2968 2969 805
f 831 2961 2962
f 2959 837 839
f 2958 841 843
f 849 2955 2956
f 2943 2944 875
f 3467 2885 2886
f 2875 2876 3467
f 823 2963 2964
f 843 2957 2958
f 853 2954 2955
f 2884 2885 3467
f 841 2958 2959
f 2886 2887 3469
f 847 2956 2957
f 3469 941 943
f 3469 935 937
f 3469 929 931
f 943 945 3469
f 3469 933 935
f 3469 927 929
f 3469 939 941
f 931 933 3469
f 3469 907 909
f 3469 899 901
f 3469 947 949
f 937 939 3469
f 3469 921 923
f 3469 913 915
f 909 911 3469
f 3469 903 905
f 3469 897 899
f 3469 893 895
f 945 947 3469
f 923 925 3469
f 915 917 3469
f 905 907 3469
f 895 897 3469
f 925 927 3469
f 917 919 3469
f 901 903 3469
f 919 921 3469
f 3469 891 893
f 911 913 3469
f 3469 969 971
f 3469 965 967
f 3469 959 961
f 967 969 3469
f 961 963 3469
f 3469 955 957
f 963 965 3469
f 3469 953 955
f 971 973 3469
f 3469 951 953
f 3470 3469 975
f 957 959 3469
f 973 975 3469
f 3470 977 978
f 978 3473 3470
f 3458 1021 1019
f 3459 1251 1257
f 3458 1023 1021
f 3459 1012 1010
f 3459 1254 1251
f 3458 1246 1254
f 3458 1025 1023
f 3458 1029 1027
f 3459 1002 1000
f 3459 1006 1004
f 1010 1008 3459
f 1254 3459 3458
f 3458 1235 1241
f 3458 1214 1222
f 3458 1017 1016
f 1027 1025 3458
f 1004 1002 3459
f 3459 1014 1012
f 3459 1296 1304
f 3459 1270 1276
f 1241 1246 3458
f 1222 1228 3458
f 3458 1172 1205
f 1019 1017 3458
f 3458 1033 1031
f 1000 998 3459
f 1304 1014 3459
f 3459 1263 1270
f 1228 1235 3458
f 1016 1172 3458
f 3458 1035 1033
f 3458 1045 1043
f 1008 1006 3459
f 3459 1282 1289
f 1257 1263 3459
f 1031 1029 3458
f 1043 1041 3458
f 3458 983 982
f 1289 1296 3459
f 1205 1214 3458
f 3458 1039 1037
f 982 1045 3458
f 3480 3473 3460
f 3473 983 3458
f 1276 1282 3459
f 1041 1039 3458
f 3458 3460 3473
f 1037 1035 3458
f 998 996 3459
f 3480 3461 3459
f 3459 996 3480
f 3480 499 497
f 3480 984 499
f 3480 986 984
f 3480 990 988
f 3480 994 992
f 988 986 3480
f 3480 996 994
f 992 990 3480
f 497 491 3480
f 485 438 3474
f 3477 495 485
f 495 488 485
f 3474 428 426
f 3474 430 428
f 3474 436 434
f 3474 432 430
f 3474 438 436
f 434 432 3474
f 426 424 3474
f 3474 403 401
f 3474 456 405
f 3474 445 447
f 3474 397 395
f 405 403 3474
f 447 446 3474
f 3474 412 410
f 3474 420 418
f 395 393 3474
f 401 399 3474
f 3474 452 453
f 3474 449 450
f 446 448 3474
f 3474 407 439
f 3474 414 412
f 418 416 3474
f 3474 389 387
f 399 397 3474
f 3474 454 455
f 3474 451 452
f 448 449 3474
f 3474 442 443
f 3474 408 407
f 416 414 3474
f 3474 391 389
f 455 456 3474
f 450 451 3474
f 443 444 3474
f 410 408 3474
f 3474 385 383
f 393 391 3474
f 444 445 3474
f 3474 440 441
f 3474 422 420
f 3474 379 377
f 383 381 3474
f 453 454 3474
f 439 440 3474
f 3475 3474 374
f 381 379 3474
f 441 442 3474
f 3474 375 374
f 387 385 3474
f 377 375 3474
f 3471 3476 480
f 3476 3475 480
f 3479 3478 1711
f 3472 3479 1710
f 3477 3476 1705
f 3472 1713 1705
f 1705 3476 3472
f 494 495 1706
f 3477 1707 1706
f 1706 495 3477
f 1720 1718 493
f 1718 1717 490
f 3480 491 1719
f 490 1717 1719
f 1719 491 490
f 3478 3473 1714
f 3480 1748 1714
f 1714 3473 3480
f 1714 1711 3478
f 1719 1748 3480
f 490 493 1718
f 493 494 1720
f 1706 1720 494
f 1705 1707 3477
f 1710 1713 3472
f 1711 1710 3479
f 480 482 3471
f 480 3475 478
f 374 478 3475
f 424 422 3474
f 3474 3477 485
f 497 496 491
f 3460 3461 3480
f 978 983 3473
f 975 977 3470
f 949 951 3469
f 2992 2852 3467
f 805 3467 3465
f 711 713 3465
f 2850 2710 584
f 582 584 3462
f 522 524 3462
f 3349 3348 3466
f 3261 3479 3472
f 1461 1459 3474
f 3473 3478 3468
f 3472 3476 3471
f 3470 3468 3467
f 3150 2994 3465
f 3466 3464 3463
f 3464 3471 3462
f 3481 3460 3458
f 3458 3482 3481
f 3483 3481 3482
f 3482 3484 3483
f 3481 3483 1898
f 1898 1899 3481
f 3483 1897 1898
f 3485 1840 1842
f 1899 1900 3481
f 3485 1844 1845
f 1842 1843 3485
f 3483 1896 1897
f 1843 1844 3485
f 3485 1957 1841
f 3485 3461 1956
f 3461 1954 1955
f 3481 1902 1903
f 1900 1901 3481
f 3485 1856 1857
f 3485 1852 1853
f 1841 1840 3485
f 1955 1956 3461
f 3461 1951 1952
f 3461 1949 1950
f 1903 1904 3481
f 3483 1895 1896
f 3483 1893 1894
f 3486 1869 1870
f 3485 1855 1856
f 1853 1854 3485
f 1956 1957 3485
f 1950 1951 3461
f 3461 1947 1948
f 3460 3481 1911
f 3481 1907 1908
f 3481 1905 1906
f 1901 1902 3481
f 3483 1892 1893
f 1870 1871 3486
f 3486 1860 1861
f 3486 3485 1859
f 1854 1855 3485
f 3485 1850 1851
f 3461 1953 1954
f 1948 1949 3461
f 3461 1944 1945
f 3481 1910 1911
f 1906 1907 3481
f 1894 1895 3483
f 3483 1890 1891
f 3483 1888 1889
f 3486 1874 1875
f 3486 1868 1869
f 1859 1860 3486
f 1851 1852 3485
f 3485 1848 1849
f 1952 1953 3461
f 1945 1946 3461
f 3461 1942 1943
f 3460 1912 1913
f 3481 1909 1910
f 1904 1905 3481
f 1889 1890 3483
f 3486 1873 1874
f 1871 1872 3486
f 3486 1864 1865
f 3486 1862 1863
f 3485 1858 1859
f 1849 1850 3485
f 1946 1947 3461
f 3461 1941 1942
f 1911 1912 3460
f 1891 1892 3483
f 3483 3486 1879
f 1872 1873 3486
f 3486 1866 1867
f 1863 1864 3486
f 1857 1858 3485
f 1943 1944 3461
f 3461 1939 1940
f 3461 1936 1937
f 3461 1934 1935
f 3461 1932 1933
f 3461 3460 1929
f 1908 1909 3481
f 3483 1881 1882
f 3486 1878 1879
f 3486 1876 1877
f 1867 1868 3486
f 1861 1862 3486
f 3485 1846 1847
f 1940 1941 3461
f 1937 1938 3461
f 1933 1934 3461
f 3461 1930 1931
f 1929 1928 3461
f 3460 1915 1916
f 3483 1887 1888
f 3483 1885 1886
f 3483 1880 1881
f 1877 1878 3486
f 1865 1866 3486
f 1845 1846 3485
f 1935 1936 3461
f 1928 1930 3461
f 3460 1926 1927
f 3460 1919 1920
f 3460 1917 1918
f 3460 1914 1915
f 1886 1887 3483
f 3483 1883 1884
f 1879 1880 3483
f 1847 1848 3485
f 1931 1932 3461
f 3460 1925 1926
f 3460 1921 1922
f 1918 1919 3460
f 1913 1914 3460
f 1882 1883 3483
f 1938 1939 3461
f 3460 1924 1925
f 1922 1923 3460
f 1916 1917 3460
f 1875 1876 3486
f 1923 1924 3460
f 1884 1885 3483
f 1920 1921 3460
f 1927 1929 3460
f 3484 3482 1398
f 1398 1397 3484
f 3482 1396 1398
f 1397 1399 3484
f 3482 1395 1396
f 3484 1401 1402
f 1399 1400 3484
f 1402 1403 3484
f 3482 1394 1395
f 3482 1392 1393
f 3484 1406 1407
f 3484 1404 1405
f 1400 1401 3484
f 3482 1391 1392
f 3459 1367 1368
f 3459 1340 1341
f 3487 1339 1340
f 3487 1453 1454
f 1405 1406 3484
f 1393 1394 3482
f 3482 1389 1390
f 3482 1387 1388
f 3458 1384 1385
f 1368 3458 3459
f 3459 1350 1351
f 3459 1345 1346
f 1340 3459 3487
f 3487 1455 1338
f 3487 1452 1453
f 3487 1450 1451
f 3487 1442 1443
f 3487 1438 1439
f 1403 1404 3484
f 1388 1389 3482
f 1385 3482 3458
f 3459 1366 1367
f 3459 1349 1350
f 1346 1347 3459
f 3459 1343 1344
f 1338 1339 3487
f 1451 1452 3487
f 3487 1441 1442
f 1439 1440 3487
f 1390 1391 3482
f 1385 1386 3482
f 3458 1382 1383
f 1368 1369 3458
f 3459 1348 1349
f 1344 1345 3459
f 1454 1455 3487
f 3487 1444 1445
f 1440 1441 3487
f 3488 1436 1437
f 3488 1434 1435
f 3484 1413 1414
f 3484 1409 1410
f 1407 1408 3484
f 1383 1384 3458
f 3458 1373 1374
f 1369 1370 3458
f 3459 1352 1353
f 1347 1348 3459
f 1341 1342 3459
f 3487 1446 1447
f 1443 1444 3487
f 1435 1436 3488
f 3484 1416 1417
f 1414 1415 3484
f 1410 1411 3484
f 1386 1387 3482
f 3458 1372 1373
f 1370 1371 3458
f 1353 1354 3459
f 1342 1343 3459
f 1445 1446 3487
f 1437 3487 3488
f 3488 1432 1433
f 3488 1430 1431
f 3488 1425 1426
f 3488 1418 1419
f 1417 3488 3484
f 3484 1412 1413
f 1408 1409 3484
f 3458 1380 1381
f 3458 1377 1378
f 3458 1375 1376
f 1371 1372 3458
f 3459 1364 1365
f 3459 1362 1363
f 3459 1360 1361
f 3459 1355 1356
f 1351 1352 3459
f 1437 1438 3487
f 1431 1432 3488
f 3488 1428 1429
f 3488 1424 1425
f 3488 1420 1421
f 1417 1418 3488
f 1411 1412 3484
f 3458 1379 1380
f 1376 1377 3458
f 1365 1366 3459
f 1361 1362 3459
f 3459 1358 1359
f 1354 1355 3459
f 3487 1448 1449
f 1433 1434 3488
f 3488 1427 1428
f 3488 1423 1424
f 1421 1422 3488
f 1415 1416 3484
f 1378 1379 3458
f 1363 1364 3459
f 3459 1357 1358
f 1449 1450 3487
f 1429 1430 3488
f 1422 1423 3488
f 1381 1382 3458
f 1359 1360 3459
f 1447 1448 3487
f 1419 1420 3488
f 1356 1357 3459
f 1374 1375 3458
f 1426 1427 3488
f 3485 3486 3488
f 3488 3487 3485
f 3486 3483 3484
f 3484 3488 3486
f 3461 3485 3487
f 3487 3459 3461
