# 
# Wavefront OBJ file
# Created with Kaydara FBX
# 
mtllib nastavak_za_prcvrscavanje.mtl

g nastavak_za_prcvrscavanje
v -15.468871 -5.209993 -4.088279
v -20.488374 -5.140176 -4.607228
v -20.489455 -5.209934 -4.602416
v -15.470650 -5.279911 -4.081541
v -15.467602 -5.140176 -4.093077
v -20.487721 -5.070032 -4.610129
v -20.487504 -5.000000 -4.611093
v -15.466838 -5.070038 -4.095966
v -15.466583 -5.000000 -4.096926
v -15.466838 -4.929862 -4.095963
v -20.487722 -4.929856 -4.610126
v -15.467602 -4.859824 -4.093077
v -20.488374 -4.859824 -4.607228
v -15.468873 -4.789906 -4.088271
v -15.470650 -4.720089 -4.081541
v -20.489458 -4.789901 -4.602402
v -20.490974 -4.720089 -4.595646
v -15.472924 -4.650611 -4.072912
v -15.475700 -4.581234 -4.062353
v -20.495285 -4.581234 -4.576382
v -20.492916 -4.650606 -4.586983
v -15.478955 -4.512404 -4.049931
v -15.482706 -4.443698 -4.035569
v -20.501271 -4.443698 -4.549494
v -20.498066 -4.512410 -4.563913
v -15.486932 -4.375426 -4.019320
v -15.491605 -4.307911 -4.001271
v -20.508881 -4.307911 -4.515064
v -20.504884 -4.375422 -4.533181
v -15.496747 -4.240731 -3.981311
v -15.502319 -4.174302 -3.959560
v -20.518054 -4.174302 -4.473196
v -20.513282 -4.240727 -4.495027
v -15.508329 -4.108423 -3.935955
v -15.514751 -4.043291 -3.910563
v -20.528714 -4.043291 -4.424016
v -20.523205 -4.108419 -4.449501
v -15.521575 -3.978917 -3.883388
v -15.528793 -3.915291 -3.854424
v -20.540774 -3.915291 -4.367675
v -20.534572 -3.978913 -4.396741
v -15.539914 -3.824578 -3.809342
v -15.544322 -3.790703 -3.791314
v -15.534294 -3.869415 -3.832195
v -20.554139 -3.790703 -4.304344
v -20.547292 -3.852618 -4.336909
v -15.552587 -3.729915 -3.757263
v -15.561202 -3.669920 -3.721422
v -20.568700 -3.669920 -4.234214
v -20.560766 -3.734059 -4.272576
v -15.570122 -3.610965 -3.683926
v -15.579290 -3.553322 -3.644959
v -20.584343 -3.553322 -4.157500
v -20.576410 -3.610959 -4.196590
v -15.588749 -3.496648 -3.604290
v -15.598431 -3.441275 -3.562154
v -20.600946 -3.441275 -4.074436
v -20.592542 -3.496642 -4.116698
v -15.608350 -3.387056 -3.518440
v -15.618466 -3.334133 -3.473259
v -20.618380 -3.334134 -3.985275
v -20.609570 -3.387050 -4.030584
v -15.630187 -3.275554 -3.420124
v -15.639228 -3.232233 -3.378544
v -15.621274 -3.319841 -3.460608
v -20.636513 -3.232233 -3.890289
v -20.627363 -3.282529 -3.938513
v -15.649815 -3.183414 -3.329159
v -15.660549 -3.135895 -3.278293
v -20.655209 -3.135895 -3.789771
v -20.647667 -3.173767 -3.830648
v -20.640217 -3.212478 -3.870586
v -15.671347 -3.089985 -3.226279
v -15.682259 -3.045421 -3.172814
v -20.674331 -3.045421 -3.684026
v -20.664706 -3.089997 -3.737638
v -15.694742 -2.996590 -3.110479
v -15.704188 -2.961098 -3.062428
v -20.693742 -2.961098 -3.573382
v -20.684027 -3.002393 -3.629190
v -15.715194 -2.921288 -3.005443
v -15.726170 -2.883190 -2.947471
v -20.711797 -2.888951 -3.467197
v -20.702776 -2.924266 -3.520665
v -20.713305 -2.883190 -3.458178
v -15.737130 -2.846712 -2.888378
v -15.748039 -2.811941 -2.828296
v -20.732888 -2.811941 -3.338768
v -20.723105 -2.846707 -3.398957
v -15.760363 -2.774489 -2.758795
v -15.769639 -2.747578 -2.705268
v -20.752359 -2.747578 -3.215523
v -20.742641 -2.778901 -3.277631
v -15.780276 -2.718083 -2.642518
v -15.790819 -2.690301 -2.578767
v -20.771595 -2.690302 -3.088824
v -20.762002 -2.718078 -3.152661
v -15.801186 -2.664426 -2.514461
v -15.811436 -2.640292 -2.449182
v -20.790478 -2.640292 -2.959060
v -20.783018 -2.659300 -3.011010
v -20.775516 -2.679403 -3.062338
v -15.818105 -2.625384 -2.405732
v -15.831358 -2.597707 -2.316915
v -20.808895 -2.597707 -2.826639
v -20.799769 -2.618021 -2.893028
v -15.841030 -2.579224 -2.249836
v -15.850465 -2.562680 -2.182375
v -20.826745 -2.562680 -2.691970
v -20.817907 -2.579221 -2.759482
v -15.867937 -2.536270 -2.051479
v -15.868647 -2.535322 -2.045981
v -20.843933 -2.535322 -2.555474
v -20.837673 -2.544519 -2.606028
v -20.831313 -2.554772 -2.656389
v -15.859316 -2.548583 -2.117096
v -15.877356 -2.524553 -1.977261
v -15.885809 -2.515719 -1.908158
v -20.860377 -2.515719 -2.417577
v -20.852249 -2.524551 -2.486704
v -20.868286 -2.508854 -2.348324
v -15.893971 -2.508854 -1.838940
v -15.901869 -2.503933 -1.769337
v -20.876002 -2.503933 -2.278712
v -15.916760 -2.500000 -1.629952
v -20.890748 -2.500000 -2.139312
v -20.885024 -2.500615 -2.194483
v -15.909840 -2.500887 -1.696174
v -20.879178 -2.502453 -2.249427
v -20.904562 -2.503933 -1.999818
v -20.897788 -2.500987 -2.069410
v -15.923763 -2.500987 -1.560054
v -20.911116 -2.508853 -1.930089
v -15.930429 -2.503933 -1.490443
v -15.936800 -2.508853 -1.420703
v -20.917407 -2.515720 -1.860667
v -20.929254 -2.535322 -1.722300
v -20.924269 -2.525914 -1.781841
v -15.943786 -2.517013 -1.340034
v -20.919094 -2.517950 -1.841610
v -15.942839 -2.515720 -1.351248
v -15.949014 -2.525347 -1.276300
v -20.940088 -2.562680 -1.585154
v -20.934796 -2.548032 -1.653573
v -15.953968 -2.535322 -1.212807
v -15.959047 -2.548030 -1.144040
v -20.949904 -2.597707 -1.449661
v -20.945117 -2.579221 -1.517253
v -15.963808 -2.562680 -1.075559
v -15.969761 -2.585646 -0.983224
v -20.958709 -2.640292 -1.316256
v -20.954966 -2.620669 -1.374553
v -15.972367 -2.597707 -0.939939
v -15.976166 -2.618026 -0.872987
v -20.951044 -2.602552 -1.433091
v -20.966519 -2.690301 -1.185360
v -20.962745 -2.664428 -1.250337
v -15.979667 -2.640292 -0.806378
v -15.982861 -2.664425 -0.740380
v -20.973362 -2.747578 -1.057391
v -20.970064 -2.718076 -1.120907
v -15.985743 -2.690301 -0.675305
v -15.987752 -2.711357 -0.625923
v -20.979275 -2.811941 -0.932757
v -20.977208 -2.787480 -0.978139
v -15.990642 -2.747578 -0.547136
v -15.992670 -2.778895 -0.484252
v -20.975018 -2.763949 -1.024026
v -20.984301 -2.883190 -0.811857
v -20.981895 -2.846705 -0.871839
v -15.994426 -2.811941 -0.422284
v -15.995921 -2.846700 -0.361258
v -20.988494 -2.961098 -0.695078
v -20.986496 -2.921280 -0.752998
v -15.997166 -2.883190 -0.301150
v -15.997750 -2.904112 -0.268309
v -15.998404 -2.932150 -0.225975
v -20.991912 -3.045421 -0.582796
v -20.991005 -3.020554 -0.614572
v -15.998941 -2.961098 -0.184124
v -15.999493 -3.002412 -0.127353
v -20.994619 -3.135895 -0.475371
v -20.993352 -3.089995 -0.528350
v -15.999840 -3.045421 -0.071584
v -15.999991 -3.089987 -0.017014
v -20.996684 -3.232233 -0.373149
v -20.995729 -3.183404 -0.423530
v -15.999959 -3.135895 0.036106
v -15.999750 -3.184682 0.089440
v -20.998180 -3.334134 -0.276460
v -20.997499 -3.282525 -0.324076
v -15.999400 -3.232233 0.138597
v -15.998898 -3.282517 0.187796
v -15.998266 -3.334134 0.235555
v -20.999180 -3.441275 -0.185616
v -20.999003 -3.417829 -0.204627
v -15.997518 -3.387037 0.281832
v -15.996665 -3.441275 0.326666
v -20.998626 -3.375422 -0.240226
v -20.999758 -3.553322 -0.100911
v -20.999516 -3.496637 -0.142531
v -15.995724 -3.496627 0.369873
v -15.994704 -3.553322 0.411631
v -20.999988 -3.669920 -0.022618
v -20.999911 -3.610956 -0.061026
v -15.993751 -3.604302 0.447144
v -15.992490 -3.669920 0.490173
v -20.999943 -3.790703 0.049007
v -20.999995 -3.729927 0.014111
v -15.991318 -3.729915 0.527017
v -15.990126 -3.790703 0.562036
v -20.999692 -3.915291 0.113733
v -20.999839 -3.852614 0.082282
v -15.988917 -3.852602 0.595418
v -15.987711 -3.915291 0.626984
v -20.999301 -4.043291 0.171349
v -20.999510 -3.978909 0.143451
v -15.986513 -3.978897 0.656800
v -15.985338 -4.043291 0.684803
v -20.998830 -4.174302 0.221668
v -20.999001 -4.128094 0.204883
v -15.984196 -4.108402 0.710962
v -15.983095 -4.174302 0.735304
v -20.998334 -4.307911 0.264527
v -20.998582 -4.240723 0.244012
v -15.982048 -4.240710 0.757725
v -15.981058 -4.307911 0.778320
v -20.997860 -4.443698 0.299785
v -20.998092 -4.375419 0.283077
v -15.980388 -4.356584 0.791950
v -15.979736 -4.407224 0.805007
v -15.979295 -4.443698 0.813710
v -20.997449 -4.581234 0.327328
v -20.997644 -4.512408 0.314554
v -15.978534 -4.512396 0.828532
v -15.977863 -4.581234 0.841357
v -20.997132 -4.720089 0.347066
v -20.997277 -4.650604 0.338189
v -15.977286 -4.650592 0.852258
v -15.976808 -4.720089 0.861171
v -15.976432 -4.789887 0.868120
v -20.996932 -4.859824 0.358934
v -20.997016 -4.789899 0.353989
v -15.976161 -4.859824 0.873085
v -20.996881 -4.929855 0.361904
v -20.996864 -5.000000 0.362895
v -15.975998 -4.929843 0.876066
v -15.975943 -5.000000 0.877061
v -15.975998 -5.070019 0.876070
v -20.996881 -5.070031 0.361907
v -15.976161 -5.140176 0.873085
v -20.996932 -5.140176 0.358934
v -15.976431 -5.210008 0.868129
v -15.976808 -5.279911 0.861171
v -20.997016 -5.209986 0.353999
v -20.997132 -5.279911 0.347066
v -15.977287 -5.349605 0.852230
v -15.977863 -5.418766 0.841357
v -20.997449 -5.418766 0.327328
v -20.997277 -5.349615 0.338157
v -15.978536 -5.487799 0.828493
v -15.979295 -5.556302 0.813710
v -20.997860 -5.556302 0.299785
v -20.997645 -5.487808 0.314510
v -15.980387 -5.643345 0.791969
v -15.981058 -5.692089 0.778320
v -15.979755 -5.594327 0.804624
v -20.998334 -5.692089 0.264527
v -20.998092 -5.624469 0.283106
v -15.982046 -5.759157 0.757768
v -15.983095 -5.825698 0.735304
v -20.998830 -5.825698 0.221668
v -20.998582 -5.759167 0.244048
v -15.984194 -5.891468 0.711012
v -15.985338 -5.956709 0.684803
v -20.999301 -5.956709 0.171349
v -20.999001 -5.871906 0.204883
v -15.986512 -6.021024 0.656836
v -15.987711 -6.084709 0.626984
v -20.999692 -6.084709 0.113733
v -20.999510 -6.020986 0.143498
v -15.988921 -6.147568 0.595329
v -15.990126 -6.209297 0.562036
v -20.999943 -6.209297 0.049007
v -20.999839 -6.147578 0.082182
v -15.991321 -6.270249 0.526919
v -15.992490 -6.330080 0.490173
v -20.999988 -6.330080 -0.022618
v -20.999995 -6.270259 0.014001
v -15.993751 -6.395698 0.447144
v -15.994704 -6.446678 0.411631
v -20.999758 -6.446678 -0.100911
v -20.999912 -6.388948 -0.060961
v -15.995722 -6.503260 0.369959
v -15.996665 -6.558725 0.326666
v -20.999180 -6.558725 -0.185616
v -20.999517 -6.503269 -0.142461
v -15.997516 -6.612855 0.281924
v -15.998266 -6.665866 0.235555
v -20.998626 -6.624523 -0.240179
v -20.999001 -6.582483 -0.204883
v -20.998180 -6.665866 -0.276460
v -15.998897 -6.717433 0.187844
v -15.999400 -6.767767 0.138597
v -20.996684 -6.767767 -0.373149
v -20.997500 -6.717392 -0.323998
v -15.999750 -6.815318 0.089440
v -15.999959 -6.864105 0.036106
v -20.994619 -6.864105 -0.475371
v -20.995726 -6.816743 -0.423687
v -15.999991 -6.910134 -0.017159
v -15.999840 -6.954579 -0.071584
v -20.991912 -6.954579 -0.582796
v -20.993348 -6.910144 -0.528514
v -15.999494 -6.997530 -0.127275
v -15.998941 -7.038902 -0.184124
v -20.988494 -7.038902 -0.695078
v -20.991005 -6.979446 -0.614572
v -15.997754 -7.095749 -0.268094
v -15.997166 -7.116810 -0.301150
v -20.984301 -7.116810 -0.811857
v -20.986499 -7.078655 -0.752901
v -15.998405 -7.067808 -0.225914
v -15.995924 -7.153228 -0.361136
v -15.994426 -7.188059 -0.422284
v -20.979275 -7.188059 -0.932757
v -20.981899 -7.153236 -0.871738
v -15.992672 -7.221070 -0.484184
v -15.990642 -7.252422 -0.547136
v -20.975026 -7.235965 -1.023854
v -20.977210 -7.212490 -0.978083
v -20.973362 -7.252422 -1.057391
v -15.987752 -7.288643 -0.625923
v -15.985743 -7.309699 -0.675305
v -20.966519 -7.309699 -1.185360
v -20.970053 -7.282013 -1.121106
v -15.982852 -7.335644 -0.740562
v -15.979667 -7.359708 -0.806378
v -20.958709 -7.359708 -1.316256
v -20.962732 -7.335650 -1.250541
v -15.976172 -7.381940 -0.872880
v -15.972367 -7.402293 -0.939939
v -20.951048 -7.397430 -1.433029
v -20.954972 -7.379304 -1.374469
v -20.949904 -7.402293 -1.449662
v -15.969761 -7.414354 -0.983224
v -15.963808 -7.437320 -1.075559
v -20.940088 -7.437320 -1.585154
v -20.945125 -7.420751 -1.517142
v -15.959057 -7.451943 -1.143903
v -15.953968 -7.464678 -1.212807
v -20.929254 -7.464678 -1.722300
v -20.934805 -7.451946 -1.653460
v -20.924277 -7.474073 -1.781755
v -15.943787 -7.482985 -1.340015
v -15.942839 -7.484281 -1.351248
v -20.917407 -7.484281 -1.860667
v -20.919096 -7.482047 -1.841580
v -15.949022 -7.474639 -1.276209
v -20.911095 -7.491165 -1.930309
v -15.936783 -7.491164 -1.420901
v -15.930429 -7.496067 -1.490443
v -20.904562 -7.496067 -1.999818
v -20.897766 -7.499019 -2.069631
v -15.923744 -7.499018 -1.560253
v -15.916760 -7.500000 -1.629952
v -15.909840 -7.499113 -1.696174
v -15.901869 -7.496067 -1.769337
v -20.876002 -7.496067 -2.278712
v -20.885032 -7.499386 -2.194411
v -20.879177 -7.497546 -2.249440
v -20.890748 -7.500000 -2.139312
v -20.868299 -7.491156 -2.348210
v -15.893986 -7.491157 -1.838803
v -20.860377 -7.484281 -2.417577
v -20.843933 -7.464678 -2.555474
v -20.852263 -7.475465 -2.486591
v -15.885809 -7.484281 -1.908158
v -15.877373 -7.475467 -1.977125
v -15.868647 -7.464677 -2.045981
v -20.831303 -7.445212 -2.656466
v -20.837681 -7.455493 -2.605967
v -20.826745 -7.437320 -2.691970
v -15.867939 -7.463732 -2.051465
v -15.859325 -7.451431 -2.117031
v -20.808895 -7.402293 -2.826639
v -20.817879 -7.420724 -2.759693
v -15.850465 -7.437320 -2.182375
v -15.841003 -7.420727 -2.250025
v -20.790478 -7.359708 -2.959060
v -20.799740 -7.381912 -2.893235
v -15.831358 -7.402293 -2.316915
v -15.818105 -7.374616 -2.405732
v -15.811436 -7.359708 -2.449182
v -20.775499 -7.320550 -3.062455
v -20.783027 -7.340726 -3.010941
v -20.771595 -7.309699 -3.088823
v -15.801204 -7.335617 -2.514349
v -20.752359 -7.252422 -3.215523
v -20.762018 -7.281969 -3.152556
v -15.790819 -7.309699 -2.578767
v -15.780297 -7.281975 -2.642391
v -20.732888 -7.188059 -3.338768
v -20.742657 -7.221152 -3.277529
v -15.769639 -7.252422 -2.705268
v -15.760363 -7.225511 -2.758795
v -20.713305 -7.116810 -3.458178
v -20.723121 -7.153351 -3.398860
v -15.748039 -7.188059 -2.828296
v -15.737139 -7.153314 -2.888333
v -20.693742 -7.038902 -3.573382
v -20.702750 -7.075632 -3.520816
v -15.726170 -7.116810 -2.947471
v -15.715164 -7.078607 -3.005599
v -20.711810 -7.111097 -3.467122
v -20.674331 -6.954579 -3.684026
v -20.683997 -6.997478 -3.629359
v -15.704188 -7.038902 -3.062428
v -15.694742 -7.003410 -3.110479
v -20.655209 -6.864105 -3.789771
v -20.664722 -6.910078 -3.737550
v -15.682259 -6.954579 -3.172814
v -15.671365 -6.910088 -3.226194
v -15.660549 -6.864105 -3.278293
v -20.640177 -6.787310 -3.870800
v -20.647677 -6.826284 -3.830594
v -20.636513 -6.767767 -3.890289
v -15.649836 -6.816683 -3.329058
v -20.618380 -6.665866 -3.985275
v -15.630203 -6.724522 -3.420052
v -15.621237 -6.679974 -3.460773
v -20.627378 -6.717556 -3.938433
v -15.639228 -6.767767 -3.378544
v -15.618466 -6.665866 -3.473260
v -20.600946 -6.558725 -4.074436
v -20.609584 -6.613037 -4.030512
v -15.608355 -6.612975 -3.518415
v -15.598431 -6.558725 -3.562154
v -20.584343 -6.446678 -4.157500
v -20.592517 -6.503186 -4.116825
v -15.588723 -6.503201 -3.604401
v -15.579290 -6.446678 -3.644959
v -20.568700 -6.330080 -4.234214
v -20.576386 -6.388862 -4.196708
v -15.570097 -6.388878 -3.684030
v -15.561202 -6.330080 -3.721422
v -20.554139 -6.209297 -4.304344
v -20.560766 -6.265941 -4.272576
v -15.552602 -6.270187 -3.757204
v -15.544322 -6.209297 -3.791314
v -20.540774 -6.084709 -4.367675
v -15.539996 -6.176062 -3.809007
v -15.534302 -6.130652 -3.832162
v -20.547303 -6.147485 -4.336856
v -15.528793 -6.084709 -3.854424
v -20.528714 -5.956709 -4.424016
v -20.534582 -6.021193 -4.396694
v -15.521589 -6.021212 -3.883332
v -15.514751 -5.956709 -3.910563
v -20.518054 -5.825698 -4.473196
v -20.523214 -5.891689 -4.449460
v -15.508335 -5.891640 -3.935932
v -15.502319 -5.825698 -3.959560
v -20.508881 -5.692089 -4.515064
v -20.513271 -5.759117 -4.495076
v -15.496736 -5.759129 -3.981355
v -15.491605 -5.692089 -4.001271
v -20.501271 -5.556302 -4.549494
v -20.504875 -5.624418 -4.533222
v -15.486923 -5.624431 -4.019356
v -15.482706 -5.556302 -4.035569
v -20.495285 -5.418766 -4.576382
v -20.498073 -5.487757 -4.563881
v -15.478964 -5.487770 -4.049897
v -15.475700 -5.418766 -4.062353
v -20.490972 -5.279804 -4.595658
v -20.492921 -5.349562 -4.586959
v -15.473153 -5.355625 -4.072043
v -15.471012 -5.292089 -4.080168
v -0.357732 0.000000 15.996000
v -0.000000 0.000000 16.000000
v -0.000000 -10.000000 16.000000
v -0.715284 0.000000 15.984004
v -0.357732 -10.000000 15.996000
v -1.072480 0.000000 15.964015
v -0.715284 -10.000000 15.984004
v -1.429139 0.000000 15.936046
v -1.072480 -10.000000 15.964015
v -1.785083 0.000000 15.900109
v -1.429139 -10.000000 15.936046
v -2.140135 0.000000 15.856223
v -1.785083 -10.000000 15.900109
v -2.494117 0.000000 15.804410
v -2.140135 -10.000000 15.856223
v -2.846852 0.000000 15.744695
v -2.494117 -10.000000 15.804410
v -3.198164 0.000000 15.677109
v -2.846852 -10.000000 15.744695
v -3.547877 0.000000 15.601685
v -3.198164 -10.000000 15.677109
v -3.895816 0.000000 15.518461
v -3.547877 -10.000000 15.601685
v -4.241807 0.000000 15.427478
v -3.895816 -10.000000 15.518461
v -4.585678 0.000000 15.328782
v -4.241807 -10.000000 15.427478
v -4.927256 0.000000 15.222422
v -4.585678 -10.000000 15.328782
v -5.266371 0.000000 15.108453
v -4.927256 -10.000000 15.222422
v -5.602853 0.000000 14.986929
v -5.266371 -10.000000 15.108453
v -5.936533 0.000000 14.857913
v -5.602853 -10.000000 14.986929
v -6.267246 0.000000 14.721468
v -5.936533 -10.000000 14.857913
v -6.594825 0.000000 14.577664
v -6.267246 -10.000000 14.721468
v -6.919107 0.000000 14.426571
v -6.594825 -10.000000 14.577664
v -7.239930 0.000000 14.268266
v -6.919107 -10.000000 14.426571
v -7.557134 0.000000 14.102827
v -7.239930 -10.000000 14.268266
v -7.870559 0.000000 13.930338
v -7.557134 -10.000000 14.102827
v -8.180049 0.000000 13.750884
v -7.870559 -10.000000 13.930338
v -8.485449 0.000000 13.564555
v -8.180049 -10.000000 13.750884
v -8.786608 0.000000 13.371444
v -8.485449 -10.000000 13.564555
v -9.083373 0.000000 13.171649
v -8.786608 -10.000000 13.371444
v -9.375597 0.000000 12.965268
v -9.083373 -10.000000 13.171649
v -9.663134 0.000000 12.752405
v -9.375597 -10.000000 12.965268
v -9.945839 0.000000 12.533167
v -9.663134 -10.000000 12.752405
v -10.223573 0.000000 12.307663
v -9.945839 -10.000000 12.533167
v -10.496194 0.000000 12.076005
v -10.223573 -10.000000 12.307663
v -10.763569 0.000000 11.838310
v -10.496194 -10.000000 12.076005
v -11.025562 0.000000 11.594697
v -10.763569 -10.000000 11.838310
v -11.282042 0.000000 11.345286
v -11.025562 -10.000000 11.594697
v -11.532883 0.000000 11.090204
v -11.282042 -10.000000 11.345286
v -11.777957 0.000000 10.829577
v -11.532883 -10.000000 11.090204
v -12.017143 0.000000 10.563535
v -11.777957 -10.000000 10.829577
v -12.250321 0.000000 10.292213
v -12.017143 -10.000000 10.563535
v -12.477374 0.000000 10.015744
v -12.250321 -10.000000 10.292213
v -12.698189 0.000000 9.734269
v -12.477374 -10.000000 10.015744
v -12.912656 0.000000 9.447926
v -12.698189 -10.000000 9.734269
v -13.120667 0.000000 9.156860
v -12.912656 -10.000000 9.447926
v -13.322118 0.000000 8.861217
v -13.120667 -10.000000 9.156860
v -13.516909 0.000000 8.561143
v -13.322118 -10.000000 8.861217
v -13.704942 0.000000 8.256788
v -13.516909 -10.000000 8.561143
v -13.886124 0.000000 7.948306
v -13.704942 -10.000000 8.256788
v -14.060362 0.000000 7.635850
v -13.886124 -10.000000 7.948306
v -14.227572 0.000000 7.319577
v -14.060362 -10.000000 7.635850
v -14.387668 0.000000 6.999644
v -14.227572 -10.000000 7.319577
v -14.540571 0.000000 6.676211
v -14.387668 -10.000000 6.999644
v -14.686204 0.000000 6.349441
v -14.540571 -10.000000 6.676211
v -14.824495 0.000000 6.019496
v -14.686204 -10.000000 6.349441
v -14.955375 0.000000 5.686542
v -14.824495 -10.000000 6.019496
v -15.078777 0.000000 5.350745
v -14.955375 -10.000000 5.686542
v -15.194641 0.000000 5.012273
v -15.078777 -10.000000 5.350745
v -15.302909 0.000000 4.671294
v -15.194641 -10.000000 5.012273
v -15.403525 0.000000 4.327981
v -15.302909 -10.000000 4.671294
v -15.496440 0.000000 3.982503
v -15.403525 -10.000000 4.327981
v -15.581608 0.000000 3.635035
v -15.496440 -10.000000 3.982503
v -15.658986 0.000000 3.285749
v -15.581608 -10.000000 3.635035
v -15.728535 0.000000 2.934821
v -15.658986 -10.000000 3.285749
v -15.790221 0.000000 2.582425
v -15.728535 -10.000000 2.934821
v -15.844012 0.000000 2.228738
v -15.790221 -10.000000 2.582425
v -15.889882 0.000000 1.873937
v -15.844012 -10.000000 2.228738
v -15.927808 0.000000 1.518199
v -15.889882 -10.000000 1.873937
v -15.957771 0.000000 1.161702
v -15.927808 -10.000000 1.518199
v -15.354176 0.000000 -4.499919
v -15.450948 0.000000 -4.155502
v -15.450948 -10.000000 -4.155502
v -15.249728 0.000000 -4.842086
v -15.354176 -10.000000 -4.499919
v -15.137655 0.000000 -5.181833
v -15.249728 -10.000000 -4.842086
v -15.018015 0.000000 -5.518988
v -15.137655 -10.000000 -5.181833
v -14.890866 0.000000 -5.853385
v -15.018015 -10.000000 -5.518988
v -14.756272 0.000000 -6.184855
v -14.890866 -10.000000 -5.853385
v -14.614301 0.000000 -6.513233
v -14.756272 -10.000000 -6.184855
v -14.465023 0.000000 -6.838355
v -14.614301 -10.000000 -6.513233
v -14.308514 0.000000 -7.160058
v -14.465023 -10.000000 -6.838355
v -14.144851 0.000000 -7.478181
v -14.308514 -10.000000 -7.160058
v -13.974116 0.000000 -7.792565
v -14.144851 -10.000000 -7.478181
v -13.796395 0.000000 -8.103054
v -13.974116 -10.000000 -7.792565
v -13.611777 0.000000 -8.409491
v -13.796395 -10.000000 -8.103054
v -13.420353 0.000000 -8.711724
v -13.611777 -10.000000 -8.409491
v -13.222219 0.000000 -9.009602
v -13.420353 -10.000000 -8.711724
v -13.017475 0.000000 -9.302975
v -13.222219 -10.000000 -9.009602
v -12.806223 0.000000 -9.591697
v -13.017475 -10.000000 -9.302975
v -12.588569 0.000000 -9.875624
v -12.806223 -10.000000 -9.591697
v -12.364620 0.000000 -10.154613
v -12.588569 -10.000000 -9.875624
v -12.134490 0.000000 -10.428526
v -12.364620 -10.000000 -10.154613
v -11.898294 0.000000 -10.697224
v -12.134490 -10.000000 -10.428526
v -11.656148 0.000000 -10.960575
v -11.898294 -10.000000 -10.697224
v -11.408175 0.000000 -11.218446
v -11.656148 -10.000000 -10.960575
v -11.154499 0.000000 -11.470708
v -11.408175 -10.000000 -11.218446
v -10.895246 0.000000 -11.717236
v -11.154499 -10.000000 -11.470708
v -10.630546 0.000000 -11.957905
v -10.895246 -10.000000 -11.717236
v -10.360531 0.000000 -12.192596
v -10.630546 -10.000000 -11.957905
v -10.085336 0.000000 -12.421191
v -10.360531 -10.000000 -12.192596
v -9.805099 0.000000 -12.643576
v -10.085336 -10.000000 -12.421191
v -9.519960 0.000000 -12.859641
v -9.805099 -10.000000 -12.643576
v -9.230062 0.000000 -13.069275
v -9.519960 -10.000000 -12.859641
v -8.935549 0.000000 -13.272376
v -9.230062 -10.000000 -13.069275
v -8.636568 0.000000 -13.468841
v -8.935549 -10.000000 -13.272376
v -8.333270 0.000000 -13.658573
v -8.636568 -10.000000 -13.468841
v -8.025805 0.000000 -13.841476
v -8.333270 -10.000000 -13.658573
v -7.714328 0.000000 -14.017458
v -8.025805 -10.000000 -13.841476
v -7.398994 0.000000 -14.186433
v -7.714328 -10.000000 -14.017458
v -7.079961 0.000000 -14.348315
v -7.398994 -10.000000 -14.186433
v -6.757389 0.000000 -14.503024
v -7.079961 -10.000000 -14.348315
v -6.431437 0.000000 -14.650482
v -6.757389 -10.000000 -14.503024
v -6.102271 0.000000 -14.790615
v -6.431437 -10.000000 -14.650482
v -5.770054 0.000000 -14.923354
v -6.102271 -10.000000 -14.790615
v -5.434951 0.000000 -15.048631
v -5.770054 -10.000000 -14.923354
v -5.097132 0.000000 -15.166385
v -5.434951 -10.000000 -15.048631
v -4.756764 0.000000 -15.276557
v -5.097132 -10.000000 -15.166385
v -4.414019 0.000000 -15.379091
v -4.756764 -10.000000 -15.276557
v -4.069066 0.000000 -15.473936
v -4.414019 -10.000000 -15.379091
v -3.722079 0.000000 -15.561045
v -4.069066 -10.000000 -15.473936
v -3.373231 0.000000 -15.640374
v -3.722079 -10.000000 -15.561045
v -3.022697 0.000000 -15.711884
v -3.373231 -10.000000 -15.640374
v -2.670652 0.000000 -15.775539
v -3.022697 -10.000000 -15.711884
v 3.022697 0.000000 -15.711884
v 2.670652 0.000000 -15.775539
v 2.670652 -10.000000 -15.775539
v 3.373231 0.000000 -15.640374
v 3.022697 -10.000000 -15.711884
v 3.722079 0.000000 -15.561045
v 3.373231 -10.000000 -15.640374
v 4.069066 0.000000 -15.473936
v 3.722079 -10.000000 -15.561045
v 4.414019 0.000000 -15.379091
v 4.069066 -10.000000 -15.473936
v 4.756764 0.000000 -15.276557
v 4.414019 -10.000000 -15.379091
v 5.097132 0.000000 -15.166385
v 4.756764 -10.000000 -15.276557
v 5.434951 0.000000 -15.048631
v 5.097132 -10.000000 -15.166385
v 5.770054 0.000000 -14.923354
v 5.434951 -10.000000 -15.048631
v 6.102271 0.000000 -14.790615
v 5.770054 -10.000000 -14.923354
v 6.431437 0.000000 -14.650482
v 6.102271 -10.000000 -14.790615
v 6.757389 0.000000 -14.503024
v 6.431437 -10.000000 -14.650482
v 7.079961 0.000000 -14.348315
v 6.757389 -10.000000 -14.503024
v 7.398994 0.000000 -14.186433
v 7.079961 -10.000000 -14.348315
v 7.714328 0.000000 -14.017458
v 7.398994 -10.000000 -14.186433
v 8.025805 0.000000 -13.841476
v 7.714328 -10.000000 -14.017458
v 8.333270 0.000000 -13.658573
v 8.025805 -10.000000 -13.841476
v 8.636568 0.000000 -13.468841
v 8.333270 -10.000000 -13.658573
v 8.935549 0.000000 -13.272376
v 8.636568 -10.000000 -13.468841
v 9.230062 0.000000 -13.069275
v 8.935549 -10.000000 -13.272376
v 9.519960 0.000000 -12.859641
v 9.230062 -10.000000 -13.069275
v 9.805099 0.000000 -12.643576
v 9.519960 -10.000000 -12.859641
v 10.085336 0.000000 -12.421191
v 9.805099 -10.000000 -12.643576
v 10.360531 0.000000 -12.192596
v 10.085336 -10.000000 -12.421191
v 10.630546 0.000000 -11.957905
v 10.360531 -10.000000 -12.192596
v 10.895246 0.000000 -11.717236
v 10.630546 -10.000000 -11.957905
v 11.154499 0.000000 -11.470708
v 10.895246 -10.000000 -11.717236
v 11.408175 0.000000 -11.218446
v 11.154499 -10.000000 -11.470708
v 11.656148 0.000000 -10.960575
v 11.408175 -10.000000 -11.218446
v 11.898294 0.000000 -10.697224
v 11.656148 -10.000000 -10.960575
v 12.134490 0.000000 -10.428526
v 11.898294 -10.000000 -10.697224
v 12.364620 0.000000 -10.154613
v 12.134490 -10.000000 -10.428526
v 12.588569 0.000000 -9.875624
v 12.364620 -10.000000 -10.154613
v 12.806223 0.000000 -9.591697
v 12.588569 -10.000000 -9.875624
v 13.017475 0.000000 -9.302975
v 12.806223 -10.000000 -9.591697
v 13.222219 0.000000 -9.009602
v 13.017475 -10.000000 -9.302975
v 13.420353 0.000000 -8.711724
v 13.222219 -10.000000 -9.009602
v 13.611777 0.000000 -8.409491
v 13.420353 -10.000000 -8.711724
v 13.796395 0.000000 -8.103054
v 13.611777 -10.000000 -8.409491
v 13.974116 0.000000 -7.792565
v 13.796395 -10.000000 -8.103054
v 14.144851 0.000000 -7.478181
v 13.974116 -10.000000 -7.792565
v 14.308514 0.000000 -7.160058
v 14.144851 -10.000000 -7.478181
v 14.465023 0.000000 -6.838355
v 14.308514 -10.000000 -7.160058
v 14.614301 0.000000 -6.513233
v 14.465023 -10.000000 -6.838355
v 14.756272 0.000000 -6.184855
v 14.614301 -10.000000 -6.513233
v 14.890866 0.000000 -5.853385
v 14.756272 -10.000000 -6.184855
v 15.018015 0.000000 -5.518988
v 14.890866 -10.000000 -5.853385
v 15.137655 0.000000 -5.181833
v 15.018015 -10.000000 -5.518988
v 15.249728 0.000000 -4.842086
v 15.137655 -10.000000 -5.181833
v 15.354176 0.000000 -4.499919
v 15.249728 -10.000000 -4.842086
v 15.450948 0.000000 -4.155502
v 15.354176 -10.000000 -4.499919
v 15.539996 0.000000 -3.809007
v 15.450948 -10.000000 -4.155502
v 15.621274 0.000000 -3.460608
v 15.539996 -10.000000 -3.809007
v 15.694742 0.000000 -3.110479
v 15.621274 -10.000000 -3.460608
v 15.760363 0.000000 -2.758795
v 15.694742 -10.000000 -3.110479
v 15.818105 0.000000 -2.405732
v 15.760363 -10.000000 -2.758795
v 15.867939 0.000000 -2.051465
v 15.818105 -10.000000 -2.405732
v 15.909840 0.000000 -1.696174
v 15.867939 -10.000000 -2.051465
v 15.943786 0.000000 -1.340034
v 15.909840 -10.000000 -1.696174
v 15.969761 0.000000 -0.983224
v 15.943786 -10.000000 -1.340034
v 15.987752 0.000000 -0.625923
v 15.969761 -10.000000 -0.983224
v 15.997750 0.000000 -0.268309
v 15.987752 -10.000000 -0.625923
v 15.999750 -10.000000 0.089440
v 15.999750 0.000000 0.089440
v 16.000000 0.000000 0.000000
v 15.997750 -10.000000 -0.268309
v 16.000000 -10.000000 0.000000
v 15.993751 0.000000 0.447144
v 15.979755 0.000000 0.804624
v 15.993751 -10.000000 0.447144
v 15.957771 0.000000 1.161702
v 15.979755 -10.000000 0.804624
v 15.927808 0.000000 1.518199
v 15.957771 -10.000000 1.161702
v 15.889882 0.000000 1.873937
v 15.927808 -10.000000 1.518199
v 15.844012 0.000000 2.228738
v 15.889882 -10.000000 1.873937
v 15.790221 0.000000 2.582425
v 15.844012 -10.000000 2.228738
v 15.728535 0.000000 2.934821
v 15.790221 -10.000000 2.582425
v 15.658986 0.000000 3.285749
v 15.728535 -10.000000 2.934821
v 15.581608 0.000000 3.635035
v 15.658986 -10.000000 3.285749
v 15.496440 0.000000 3.982503
v 15.581608 -10.000000 3.635035
v 15.403525 0.000000 4.327981
v 15.496440 -10.000000 3.982503
v 15.302909 0.000000 4.671294
v 15.403525 -10.000000 4.327981
v 15.194641 0.000000 5.012273
v 15.302909 -10.000000 4.671294
v 15.078777 0.000000 5.350745
v 15.194641 -10.000000 5.012273
v 14.955375 0.000000 5.686542
v 15.078777 -10.000000 5.350745
v 14.824495 0.000000 6.019496
v 14.955375 -10.000000 5.686542
v 14.686204 0.000000 6.349441
v 14.824495 -10.000000 6.019496
v 14.540571 0.000000 6.676211
v 14.686204 -10.000000 6.349441
v 14.387668 0.000000 6.999644
v 14.540571 -10.000000 6.676211
v 14.227572 0.000000 7.319577
v 14.387668 -10.000000 6.999644
v 14.060362 0.000000 7.635850
v 14.227572 -10.000000 7.319577
v 13.886124 0.000000 7.948306
v 14.060362 -10.000000 7.635850
v 13.704942 0.000000 8.256788
v 13.886124 -10.000000 7.948306
v 13.516909 0.000000 8.561143
v 13.704942 -10.000000 8.256788
v 13.322118 0.000000 8.861217
v 13.516909 -10.000000 8.561143
v 13.120667 0.000000 9.156860
v 13.322118 -10.000000 8.861217
v 12.912656 0.000000 9.447926
v 13.120667 -10.000000 9.156860
v 12.698189 0.000000 9.734269
v 12.912656 -10.000000 9.447926
v 12.477374 0.000000 10.015744
v 12.698189 -10.000000 9.734269
v 12.250321 0.000000 10.292213
v 12.477374 -10.000000 10.015744
v 12.017143 0.000000 10.563535
v 12.250321 -10.000000 10.292213
v 11.777957 0.000000 10.829577
v 12.017143 -10.000000 10.563535
v 11.532883 0.000000 11.090204
v 11.777957 -10.000000 10.829577
v 11.282042 0.000000 11.345286
v 11.532883 -10.000000 11.090204
v 11.025562 0.000000 11.594697
v 11.282042 -10.000000 11.345286
v 10.763569 0.000000 11.838310
v 11.025562 -10.000000 11.594697
v 10.496194 0.000000 12.076005
v 10.763569 -10.000000 11.838310
v 10.223573 0.000000 12.307663
v 10.496194 -10.000000 12.076005
v 9.945839 0.000000 12.533167
v 10.223573 -10.000000 12.307663
v 9.663134 0.000000 12.752405
v 9.945839 -10.000000 12.533167
v 9.375597 0.000000 12.965268
v 9.663134 -10.000000 12.752405
v 9.083373 0.000000 13.171649
v 9.375597 -10.000000 12.965268
v 8.786608 0.000000 13.371444
v 9.083373 -10.000000 13.171649
v 8.485449 0.000000 13.564555
v 8.786608 -10.000000 13.371444
v 8.180049 0.000000 13.750884
v 8.485449 -10.000000 13.564555
v 7.870559 0.000000 13.930338
v 8.180049 -10.000000 13.750884
v 7.557134 0.000000 14.102827
v 7.870559 -10.000000 13.930338
v 7.239930 0.000000 14.268266
v 7.557134 -10.000000 14.102827
v 6.919107 0.000000 14.426571
v 7.239930 -10.000000 14.268266
v 6.594825 0.000000 14.577664
v 6.919107 -10.000000 14.426571
v 6.267246 0.000000 14.721468
v 6.594825 -10.000000 14.577664
v 5.936533 0.000000 14.857913
v 6.267246 -10.000000 14.721468
v 5.602853 0.000000 14.986929
v 5.936533 -10.000000 14.857913
v 5.266371 0.000000 15.108453
v 5.602853 -10.000000 14.986929
v 4.927256 0.000000 15.222422
v 5.266371 -10.000000 15.108453
v 4.585678 0.000000 15.328782
v 4.927256 -10.000000 15.222422
v 4.241807 0.000000 15.427478
v 4.585678 -10.000000 15.328782
v 3.895816 0.000000 15.518461
v 4.241807 -10.000000 15.427478
v 3.547877 0.000000 15.601685
v 3.895816 -10.000000 15.518461
v 3.198164 0.000000 15.677109
v 3.547877 -10.000000 15.601685
v 2.846852 0.000000 15.744695
v 3.198164 -10.000000 15.677109
v 2.494117 0.000000 15.804410
v 2.846852 -10.000000 15.744695
v 2.140135 0.000000 15.856223
v 2.494117 -10.000000 15.804410
v 1.785083 0.000000 15.900109
v 2.140135 -10.000000 15.856223
v 1.429139 0.000000 15.936046
v 1.785083 -10.000000 15.900109
v 1.072480 0.000000 15.964015
v 1.429139 -10.000000 15.936046
v 0.715284 0.000000 15.984004
v 1.072480 -10.000000 15.964015
v 0.357732 0.000000 15.996000
v 0.715284 -10.000000 15.984004
v 0.357732 -10.000000 15.996000
v -2.317271 0.000000 -15.831306
v -2.001413 -3.501886 -15.874330
v -1.962732 -3.451554 -15.879159
v -2.038902 -3.553322 -15.869558
v -2.078611 -3.610981 -15.864406
v -2.116810 -3.669920 -15.859354
v -2.188059 -3.790703 -15.849681
v -2.153343 -3.729916 -15.854435
v -2.221144 -3.852603 -15.845079
v -2.252422 -3.915291 -15.840663
v -2.281962 -3.978897 -15.836434
v -2.317271 -4.061781 -15.831306
v -2.309698 -4.043290 -15.832413
v -1.962732 0.000000 -15.879159
v -1.665866 -3.135895 -15.913041
v -1.607211 -3.085092 -15.919073
v -1.767767 -3.232233 -15.902044
v -1.717543 -3.183397 -15.907547
v -1.816660 -3.282517 -15.896533
v -1.864105 -3.334134 -15.891039
v -1.910065 -3.387037 -15.885580
v -1.954578 -3.441275 -15.880164
v -1.607211 0.000000 -15.919073
v -1.330080 -2.883190 -15.944619
v -1.250887 -2.835449 -15.951028
v -1.503208 -3.002410 -15.929230
v -1.446678 -2.961098 -15.934463
v -1.388850 -2.921275 -15.939608
v -1.558725 -3.045421 -15.923893
v -1.250887 0.000000 -15.951028
v -0.956709 -2.690301 -15.971372
v -0.893938 -2.665289 -15.975008
v -1.021181 -2.718073 -15.967379
v -1.147473 -2.778896 -15.958800
v -1.084709 -2.747578 -15.963189
v -1.209297 -2.811941 -15.954235
v -0.893938 0.000000 -15.975008
v -0.556302 -2.562680 -15.990326
v -0.536592 -2.558265 -15.991000
v -0.624355 -2.579219 -15.987814
v -0.825698 -2.640292 -15.978680
v -0.759077 -2.618026 -15.981984
v -0.692089 -2.597707 -15.985025
v -0.536542 0.000000 -15.991001
v -0.229477 -2.510554 -15.998354
v -0.178877 -2.506408 -15.999000
v -0.279911 -2.515719 -15.997551
v -0.349497 -2.524550 -15.996182
v -0.477770 -2.546077 -15.992865
v -0.418766 -2.535322 -15.994519
v 0.178877 0.000000 -15.999000
v 0.070252 -2.500987 -15.999846
v 0.140176 -2.503933 -15.999386
v 0.000000 -2.500000 -16.000000
v -0.178877 0.000000 -15.999000
v -0.070248 -2.500987 -15.999846
v -0.140176 -2.503933 -15.999386
v 0.536542 0.000000 -15.991001
v 0.418766 -2.535322 -15.994519
v 0.477783 -2.546080 -15.992865
v 0.349516 -2.524553 -15.996182
v 0.178906 -2.506410 -15.999000
v 0.229487 -2.510555 -15.998354
v 0.279911 -2.515719 -15.997551
v 0.893938 0.000000 -15.975008
v 0.624373 -2.579224 -15.987813
v 0.692089 -2.597707 -15.985025
v 0.759072 -2.618024 -15.981984
v 0.536542 -2.558254 -15.991001
v 0.556304 -2.562681 -15.990326
v 0.825698 -2.640292 -15.978680
v 1.250887 0.000000 -15.951028
v 1.147493 -2.778906 -15.958799
v 1.209297 -2.811941 -15.954235
v 1.021202 -2.718083 -15.967378
v 1.084709 -2.747578 -15.963189
v 0.893938 -2.665289 -15.975008
v 0.956709 -2.690301 -15.971372
v 1.607211 0.000000 -15.919073
v 1.503193 -3.002399 -15.929231
v 1.558725 -3.045421 -15.923893
v 1.388869 -2.921288 -15.939606
v 1.446678 -2.961098 -15.934463
v 1.330080 -2.883190 -15.944619
v 1.250887 -2.835449 -15.951028
v 1.962732 0.000000 -15.879159
v 1.910081 -3.387056 -15.885578
v 1.954579 -3.441275 -15.880164
v 1.665866 -3.135895 -15.913041
v 1.717560 -3.183414 -15.907545
v 1.767767 -3.232233 -15.902044
v 1.816676 -3.282535 -15.896531
v 1.864105 -3.334134 -15.891039
v 1.607211 -3.085092 -15.919073
v 2.317271 0.000000 -15.831306
v 2.281970 -3.978917 -15.836433
v 2.309699 -4.043291 -15.832413
v 2.116810 -3.669920 -15.859354
v 2.153343 -3.729916 -15.854435
v 2.188059 -3.790703 -15.849681
v 1.962864 -3.451722 -15.879142
v 2.001426 -3.501903 -15.874328
v 2.038902 -3.553322 -15.869558
v 2.078601 -3.610965 -15.864407
v 2.221153 -3.852622 -15.845077
v 2.252422 -3.915291 -15.840663
v 2.317271 -10.000000 -15.831306
v 2.359708 -5.825698 -15.825036
v 2.339184 -5.882167 -15.828083
v 2.402293 -5.692089 -15.818628
v 2.381943 -5.759176 -15.821705
v 2.317271 -5.938219 -15.831306
v 2.437320 -5.556302 -15.813269
v 2.420749 -5.624479 -15.815814
v 2.464678 -5.418766 -15.809028
v 2.451945 -5.487819 -15.811008
v 2.475432 -5.349620 -15.807347
v 2.484281 -5.279911 -15.805959
v 2.499019 -5.070037 -15.803636
v 2.496067 -5.140176 -15.804102
v 2.491165 -5.209992 -15.804876
v 2.499016 -4.929861 -15.803636
v 2.500000 -5.000000 -15.803481
v 2.491156 -4.789905 -15.804877
v 2.496067 -4.859824 -15.804102
v 2.437320 -4.443698 -15.813269
v 2.451990 -4.512406 -15.811001
v 2.464678 -4.581234 -15.809028
v 2.475465 -4.650611 -15.807342
v 2.484281 -4.720089 -15.805959
v 2.317497 -4.062340 -15.831273
v 2.339159 -4.117766 -15.828087
v 2.359708 -4.174302 -15.825036
v 2.381913 -4.240730 -15.821709
v 2.402293 -4.307911 -15.818628
v 2.420724 -4.375425 -15.815818
v 2.001471 -6.498037 -15.874322
v 1.962732 -6.548446 -15.879159
v 2.038902 -6.446678 -15.869558
v 2.078652 -6.388958 -15.864401
v 2.116810 -6.330080 -15.859354
v 2.153233 -6.270270 -15.854450
v 2.188059 -6.209297 -15.849681
v 2.221049 -6.147581 -15.845092
v 2.252422 -6.084709 -15.840663
v 2.309698 -5.956710 -15.832413
v 2.282011 -6.020994 -15.836427
v 1.962732 -10.000000 -15.879159
v 1.665866 -6.864105 -15.913041
v 1.607211 -6.914908 -15.919073
v 1.767767 -6.767767 -15.902044
v 1.717397 -6.816741 -15.907563
v 1.864105 -6.665866 -15.891039
v 1.816740 -6.717398 -15.896523
v 1.910141 -6.612874 -15.885571
v 1.954578 -6.558725 -15.880164
v 1.607211 -10.000000 -15.919073
v 1.330080 -7.116810 -15.944619
v 1.250887 -7.164551 -15.951028
v 1.503268 -6.997545 -15.929224
v 1.446678 -7.038902 -15.934463
v 1.388947 -7.078660 -15.939599
v 1.558725 -6.954579 -15.923893
v 1.250887 -10.000000 -15.951028
v 0.956709 -7.309699 -15.971372
v 0.893938 -7.334711 -15.975008
v 1.020990 -7.282012 -15.967391
v 1.084709 -7.252422 -15.963189
v 1.209297 -7.188059 -15.954235
v 1.147577 -7.221051 -15.958793
v 0.893938 -10.000000 -15.975008
v 0.556302 -7.437320 -15.990326
v 0.536592 -7.441735 -15.991000
v 0.624470 -7.420751 -15.987809
v 0.759167 -7.381946 -15.981979
v 0.692089 -7.402293 -15.985025
v 0.825698 -7.359708 -15.978680
v 0.536542 -10.000000 -15.991001
v 0.229364 -7.489456 -15.998356
v 0.178877 -7.493592 -15.999000
v 0.279911 -7.484281 -15.997551
v 0.349616 -7.475433 -15.996180
v 0.477855 -7.453906 -15.992863
v 0.418766 -7.464678 -15.994519
v -0.178877 -10.000000 -15.999000
v -0.070147 -7.499016 -15.999846
v -0.140176 -7.496067 -15.999386
v 0.178877 -10.000000 -15.999000
v 0.070029 -7.499019 -15.999847
v 0.000000 -7.500000 -16.000000
v 0.140176 -7.496067 -15.999386
v -0.536542 -10.000000 -15.991001
v -0.418766 -7.464678 -15.994519
v -0.477697 -7.453937 -15.992867
v -0.349397 -7.475464 -15.996185
v -0.178906 -7.493590 -15.999000
v -0.229425 -7.489451 -15.998355
v -0.279911 -7.484281 -15.997551
v -0.893938 -10.000000 -15.975008
v -0.624585 -7.420722 -15.987805
v -0.692089 -7.402293 -15.985025
v -0.759280 -7.381910 -15.981974
v -0.536542 -7.441746 -15.991001
v -0.556304 -7.437319 -15.990326
v -0.825698 -7.359708 -15.978680
v -1.250887 -10.000000 -15.951028
v -1.147388 -7.221148 -15.958806
v -1.209297 -7.188059 -15.954235
v -1.021093 -7.281966 -15.967385
v -1.084709 -7.252422 -15.963189
v -0.893938 -7.334711 -15.975008
v -0.956709 -7.309699 -15.971372
v -1.607211 -10.000000 -15.919073
v -1.503365 -6.997472 -15.929215
v -1.558725 -6.954579 -15.923893
v -1.389045 -7.078594 -15.939591
v -1.446678 -7.038902 -15.934463
v -1.330080 -7.116810 -15.944619
v -1.250887 -7.164551 -15.951028
v -1.962732 -10.000000 -15.879159
v -1.910006 -6.613034 -15.885587
v -1.954579 -6.558725 -15.880164
v -1.665866 -6.864105 -15.913041
v -1.717476 -6.816666 -15.907554
v -1.767767 -6.767767 -15.902044
v -1.816597 -6.717550 -15.896540
v -1.864105 -6.665866 -15.891039
v -1.607211 -6.914908 -15.919073
v -2.317271 -10.000000 -15.831306
v -2.281923 -6.021190 -15.836440
v -2.309699 -5.956709 -15.832413
v -1.962864 -6.548278 -15.879142
v -2.001531 -6.497957 -15.874315
v -2.038902 -6.446678 -15.869558
v -2.078719 -6.388858 -15.864392
v -2.116810 -6.330080 -15.859354
v -2.153294 -6.270166 -15.854442
v -2.188059 -6.209297 -15.849681
v -2.221100 -6.147482 -15.845085
v -2.252422 -6.084709 -15.840663
v -2.359708 -4.174302 -15.825036
v -2.339153 -4.117751 -15.828088
v -2.381907 -4.240710 -15.821710
v -2.420726 -4.375431 -15.815818
v -2.402293 -4.307911 -15.818628
v -2.451978 -4.512347 -15.811003
v -2.437320 -4.443698 -15.813269
v -2.475455 -4.650543 -15.807344
v -2.464678 -4.581234 -15.809028
v -2.484281 -4.720089 -15.805959
v -2.491151 -4.789837 -15.804878
v -2.499014 -4.929793 -15.803637
v -2.496067 -4.859824 -15.804102
v -2.670652 -10.000000 -15.775539
v -2.500000 -5.000000 -15.803481
v -2.491147 -5.210212 -15.804879
v -2.496067 -5.140176 -15.804102
v -2.317497 -5.937661 -15.831273
v -2.339128 -5.882315 -15.828091
v -2.359708 -5.825698 -15.825036
v -2.381979 -5.759063 -15.821700
v -2.402293 -5.692089 -15.818628
v -2.420779 -5.624364 -15.815809
v -2.437320 -5.556302 -15.813269
v -2.451968 -5.487702 -15.811004
v -2.464678 -5.418766 -15.809028
v -2.475449 -5.349506 -15.807345
v -2.484281 -5.279911 -15.805959
v -2.499013 -5.070258 -15.803637
v -15.539996 -10.000000 -3.809007
v -15.621274 -10.000000 -3.460608
v -15.694742 -10.000000 -3.110479
v -15.760363 -10.000000 -2.758795
v -15.818105 -10.000000 -2.405732
v -15.909840 -10.000000 -1.696174
v -15.867939 -10.000000 -2.051465
v -15.943786 -10.000000 -1.340034
v -15.969761 -10.000000 -0.983224
v -15.987752 -10.000000 -0.625923
v -15.997750 -10.000000 -0.268309
v -15.999750 -10.000000 0.089440
v -15.993751 -10.000000 0.447144
v -15.979755 -10.000000 0.804624
v -15.979755 0.000000 0.804624
v -15.957771 -10.000000 1.161702
v -15.993751 0.000000 0.447144
v -15.999750 0.000000 0.089440
v -15.997750 0.000000 -0.268309
v -15.987752 0.000000 -0.625923
v -15.969761 0.000000 -0.983224
v -15.909840 0.000000 -1.696174
v -15.943786 0.000000 -1.340034
v -15.867939 0.000000 -2.051465
v -15.818105 0.000000 -2.405732
v -15.760363 0.000000 -2.758795
v -15.694742 0.000000 -3.110479
v -15.621274 0.000000 -3.460608
v -15.539996 0.000000 -3.809007
v 19.498033 0.000000 -7.799147
v 19.342146 0.000000 -8.178103
v 19.178895 0.000000 -8.553946
v 19.787479 0.000000 -7.032472
v 19.646496 0.000000 -7.417222
v 4.872464 0.000000 20.426921
v 5.270101 0.000000 20.327962
v 6.839084 0.000000 19.855149
v 7.225191 0.000000 19.717926
v 9.111559 0.000000 18.920346
v 9.478993 0.000000 18.738962
v 9.842819 0.000000 18.550443
v 10.559090 0.000000 18.152290
v 11.603013 0.000000 17.503431
v 11.942327 0.000000 17.273703
v 12.277094 0.000000 17.037399
v 20.640217 0.000000 -3.870586
v 20.046792 0.000000 -6.255087
v 19.920928 0.000000 -6.645045
v 18.453530 0.000000 -10.023335
v 17.156368 0.000000 -12.110287
v 16.916809 0.000000 -12.442732
v 16.670809 0.000000 -12.770440
v 16.418461 0.000000 -13.093286
v 9.478993 0.000000 -18.738962
v 4.472971 0.000000 20.518103
v 5.665732 0.000000 20.221263
v 7.608547 0.000000 19.573196
v 7.989006 0.000000 19.421014
v 8.366423 0.000000 19.261437
v 10.202897 0.000000 18.354860
v 10.911263 0.000000 17.942807
v 11.259281 0.000000 17.726494
v 13.252847 0.000000 16.289937
v 17.615801 0.000000 11.431691
v 20.711810 0.000000 -3.467122
v 20.560766 0.000000 -4.272576
v 20.473486 0.000000 -4.672940
v 20.378411 0.000000 -5.071524
v 20.275577 0.000000 -5.468177
v 20.165024 0.000000 -5.862748
v 18.645590 0.000000 -9.661366
v 18.254444 0.000000 -10.381487
v 18.048408 0.000000 -10.735687
v 17.835499 0.000000 -11.085800
v 17.615801 0.000000 -11.431691
v 17.389395 0.000000 -11.773230
v 14.482670 0.000000 -15.206981
v 14.183198 0.000000 -15.486668
v 13.878326 0.000000 -15.760459
v 13.568169 0.000000 -16.028250
v 10.911263 0.000000 -17.942807
v 10.559090 0.000000 -18.152290
v 10.202897 0.000000 -18.354860
v 9.842819 0.000000 -18.550443
v 6.450373 0.000000 -19.984811
v -8.366423 0.000000 -19.261437
v -8.740655 0.000000 -19.094527
v -9.478993 0.000000 -18.738962
v -9.842819 0.000000 -18.550443
v 6.059206 0.000000 20.106865
v 6.450373 0.000000 19.984811
v 8.740655 0.000000 19.094527
v 12.607186 0.000000 16.794608
v 12.932479 0.000000 16.545422
v 13.568169 0.000000 16.028250
v 13.878326 0.000000 15.760459
v 17.389395 0.000000 11.773230
v 18.254444 0.000000 10.381487
v 18.453530 0.000000 10.023335
v 18.645590 0.000000 9.661366
v 18.830550 0.000000 9.295718
v 19.008341 0.000000 8.926531
v 19.178895 0.000000 8.553946
v 19.342146 0.000000 8.178103
v 20.775516 0.000000 -3.062338
v 19.008341 0.000000 -8.926531
v 18.830550 0.000000 -9.295718
v 16.159862 0.000000 -13.411146
v 15.895111 0.000000 -13.723901
v 15.064959 0.000000 -14.630345
v 14.776628 0.000000 -14.921504
v 12.932479 0.000000 -16.545422
v 12.607186 0.000000 -16.794608
v 11.942327 0.000000 -17.273703
v 11.603013 0.000000 -17.503431
v 11.259281 0.000000 -17.726494
v 9.111559 0.000000 -18.920346
v 6.839084 0.000000 -19.855149
v 6.059206 0.000000 -20.106865
v 5.665732 0.000000 -20.221263
v -7.608547 0.000000 -19.573196
v -7.989006 0.000000 -19.421014
v -9.111559 0.000000 -18.920346
v 2.859500 0.000000 20.804405
v 3.264886 0.000000 20.744650
v 3.669029 0.000000 20.676998
v 4.071775 0.000000 20.601472
v 14.183198 0.000000 15.486668
v 14.482670 0.000000 15.206981
v 15.064959 0.000000 14.630345
v 15.347555 0.000000 14.333616
v 15.624308 0.000000 14.031429
v 15.895111 0.000000 13.723901
v 16.159862 0.000000 13.411146
v 16.418461 0.000000 13.093286
v 17.835499 0.000000 11.085800
v 18.048408 0.000000 10.735687
v 19.498033 0.000000 7.799147
v 19.646496 0.000000 7.417222
v 13.252847 0.000000 -16.289937
v 12.277094 0.000000 -17.037399
v -11.942327 0.000000 -17.273703
v -13.878326 0.000000 -15.760459
v -14.183198 0.000000 -15.486668
v -16.670809 0.000000 -12.770440
v -20.165024 0.000000 -5.862748
v -20.275577 0.000000 -5.468177
v -20.378411 0.000000 -5.071524
v -17.615801 0.000000 11.431691
v -17.389395 0.000000 11.773230
v 2.045616 0.000000 20.900131
v 2.453025 0.000000 20.856238
v 14.776628 0.000000 14.921504
v 16.670809 0.000000 12.770440
v 16.916809 0.000000 12.442732
v 17.156368 0.000000 12.110287
v 19.920928 0.000000 6.645045
v 20.046792 0.000000 6.255087
v 20.275577 0.000000 5.468177
v 20.378411 0.000000 5.071524
v 21.000000 0.000000 0.000000
v 20.999001 0.000000 -0.204883
v 15.624308 0.000000 -14.031429
v 15.347555 0.000000 -14.333616
v 8.740655 0.000000 -19.094527
v 8.366423 0.000000 -19.261437
v 7.989006 0.000000 -19.421014
v 7.608547 0.000000 -19.573196
v 7.225191 0.000000 -19.717926
v -6.450373 0.000000 -19.984811
v -6.839084 0.000000 -19.855149
v -7.225191 0.000000 -19.717926
v -10.202897 0.000000 -18.354860
v -10.559090 0.000000 -18.152290
v -10.911263 0.000000 -17.942807
v -11.603013 0.000000 -17.503431
v -13.568169 0.000000 -16.028250
v -15.895111 0.000000 -13.723901
v -16.159862 0.000000 -13.411146
v -16.418461 0.000000 -13.093286
v -18.453530 0.000000 -10.023335
v -18.645590 0.000000 -9.661366
v -18.830550 0.000000 -9.295718
v -19.008341 0.000000 -8.926531
v -19.178895 0.000000 -8.553946
v -19.342146 0.000000 -8.178103
v -19.498033 0.000000 -7.799147
v -19.787479 0.000000 -7.032472
v -19.920928 0.000000 -6.645045
v -20.046792 0.000000 -6.255087
v -20.991005 0.000000 -0.614572
v -20.999001 0.000000 -0.204883
v -20.999001 0.000000 0.204883
v -20.991005 0.000000 0.614572
v -20.975018 0.000000 1.024026
v -20.275577 0.000000 5.468177
v -20.046792 0.000000 6.255087
v -19.920928 0.000000 6.645045
v -19.787479 0.000000 7.032472
v -19.178895 0.000000 8.553946
v -18.645590 0.000000 9.661366
v -18.453530 0.000000 10.023335
v -18.254444 0.000000 10.381487
v -17.835499 0.000000 11.085800
v 19.787479 0.000000 7.032472
v 20.165024 0.000000 5.862748
v 20.473486 0.000000 4.672940
v 20.560766 0.000000 4.272576
v 20.999001 0.000000 0.204883
v 20.991005 0.000000 -0.614572
v -6.059206 0.000000 -20.106865
v -11.259281 0.000000 -17.726494
v -12.277094 0.000000 -17.037399
v -12.607186 0.000000 -16.794608
v -12.932479 0.000000 -16.545422
v -13.252847 0.000000 -16.289937
v -14.482670 0.000000 -15.206981
v -15.064959 0.000000 -14.630345
v -15.347555 0.000000 -14.333616
v -15.624308 0.000000 -14.031429
v -16.916809 0.000000 -12.442732
v -18.254444 0.000000 -10.381487
v -19.646496 0.000000 -7.417222
v -20.711810 0.000000 -3.467122
v -20.775516 0.000000 -3.062338
v -20.831313 0.000000 -2.656389
v -20.951044 0.000000 -1.433091
v -20.975018 0.000000 -1.024026
v -20.951044 0.000000 1.433091
v -20.879178 0.000000 2.249427
v -20.560766 0.000000 4.272576
v -20.473486 0.000000 4.672940
v -20.378411 0.000000 5.071524
v -20.165024 0.000000 5.862748
v -19.342146 0.000000 8.178103
v -18.048408 0.000000 10.735687
v -17.156368 0.000000 12.110287
v -7.225191 0.000000 19.717926
v -6.839084 0.000000 19.855149
v -6.450373 0.000000 19.984811
v -4.872464 0.000000 20.426921
v 20.951044 0.000000 1.433091
v 20.975018 0.000000 1.024026
v 20.991005 0.000000 0.614572
v 20.951044 0.000000 -1.433091
v 20.919094 0.000000 -1.841610
v 20.879178 0.000000 -2.249427
v -3.669029 0.000000 -20.676998
v -4.071775 0.000000 -20.601472
v -4.472971 0.000000 -20.518103
v -5.270101 0.000000 -20.327962
v -5.665732 0.000000 -20.221263
v -14.776628 0.000000 -14.921504
v -17.389395 0.000000 -11.773230
v -17.615801 0.000000 -11.431691
v -17.835499 0.000000 -11.085800
v -18.048408 0.000000 -10.735687
v -20.640217 0.000000 -3.870586
v -20.879178 0.000000 -2.249427
v -20.919094 0.000000 -1.841610
v -20.919094 0.000000 1.841610
v -20.775516 0.000000 3.062338
v -20.711810 0.000000 3.467122
v -20.640217 0.000000 3.870586
v -19.646496 0.000000 7.417222
v -19.498033 0.000000 7.799147
v -19.008341 0.000000 8.926531
v -18.830550 0.000000 9.295718
v -16.916809 0.000000 12.442732
v -16.670809 0.000000 12.770440
v -15.624308 0.000000 14.031429
v -15.347555 0.000000 14.333616
v -15.064959 0.000000 14.630345
v -14.776628 0.000000 14.921504
v -14.183198 0.000000 15.486668
v -13.878326 0.000000 15.760459
v -13.252847 0.000000 16.289937
v -12.932479 0.000000 16.545422
v -6.059206 0.000000 20.106865
v -5.270101 0.000000 20.327962
v 20.640217 0.000000 3.870586
v 20.711810 0.000000 3.467122
v 20.919094 0.000000 1.841610
v 20.975018 0.000000 -1.024026
v 20.831313 0.000000 -2.656389
v -0.819338 0.000000 -20.984010
v -1.228617 0.000000 -20.964029
v -1.637428 0.000000 -20.936065
v -4.872464 0.000000 -20.426921
v -20.473486 0.000000 -4.672940
v -20.560766 0.000000 -4.272576
v -20.831313 0.000000 2.656389
v -16.418461 0.000000 13.093286
v -15.895111 0.000000 13.723901
v -14.482670 0.000000 15.206981
v -13.568169 0.000000 16.028250
v -12.607186 0.000000 16.794608
v -12.277094 0.000000 17.037399
v -11.259281 0.000000 17.726494
v -10.911263 0.000000 17.942807
v -10.559090 0.000000 18.152290
v -10.202897 0.000000 18.354860
v -9.842819 0.000000 18.550443
v -9.478993 0.000000 18.738962
v -9.111559 0.000000 18.920346
v -8.740655 0.000000 19.094527
v -7.608547 0.000000 19.573196
v -5.665732 0.000000 20.221263
v -4.472971 0.000000 20.518103
v -4.071775 0.000000 20.601472
v -3.669029 0.000000 20.676998
v 20.775516 0.000000 3.062338
v 20.879178 0.000000 2.249427
v 3.264886 0.000000 -20.744650
v 0.000000 0.000000 -21.000000
v -2.045616 0.000000 -20.900131
v -17.156368 0.000000 -12.110287
v -7.989006 0.000000 19.421014
v -3.264886 0.000000 20.744650
v -2.453025 0.000000 20.856238
v -2.045616 0.000000 20.900131
v 20.831313 0.000000 2.656389
v 5.270101 0.000000 -20.327962
v 4.872464 0.000000 -20.426921
v 4.472971 0.000000 -20.518103
v 4.071775 0.000000 -20.601472
v 3.669029 0.000000 -20.676998
v 2.453025 0.000000 -20.856238
v 2.045616 0.000000 -20.900131
v 1.637428 0.000000 -20.936065
v 0.409747 0.000000 -20.996002
v -0.409747 0.000000 -20.996002
v -2.453025 0.000000 -20.856238
v -2.859500 0.000000 -20.804405
v -3.264886 0.000000 -20.744650
v -11.942327 0.000000 17.273703
v -11.603013 0.000000 17.503431
v -8.366423 0.000000 19.261437
v -2.859500 0.000000 20.804405
v 0.819338 0.000000 20.984010
v 1.228617 0.000000 20.964029
v 1.637428 0.000000 20.936065
v 2.859500 0.000000 -20.804405
v -16.159862 0.000000 13.411146
v -1.637428 0.000000 20.936065
v -1.228617 0.000000 20.964029
v -0.819338 0.000000 20.984010
v 0.409747 0.000000 20.996002
v -0.409747 0.000000 20.996002
v 1.228617 0.000000 -20.964029
v 0.819338 0.000000 -20.984010
v -0.000000 0.000000 21.000000
v -2.500000 -5.000000 -20.850659
v -2.499013 -5.070256 -20.850778
v -2.496067 -5.140176 -20.851131
v -2.491147 -5.210211 -20.851719
v -2.484281 -5.279911 -20.852538
v -2.464678 -5.418766 -20.854864
v -2.475449 -5.349505 -20.853589
v -2.437320 -5.556302 -20.858079
v -2.453025 -5.482359 -20.856238
v -2.402293 -5.692089 -20.862142
v -2.420779 -5.624363 -20.860005
v -2.359708 -5.825698 -20.867002
v -2.381979 -5.759061 -20.864472
v -2.309699 -5.956709 -20.872597
v -2.335572 -5.891686 -20.869717
v -2.252422 -6.084709 -20.878855
v -2.281923 -6.021189 -20.875652
v -2.188059 -6.209297 -20.885698
v -2.221100 -6.147481 -20.882210
v -2.116810 -6.330080 -20.893040
v -2.153295 -6.270166 -20.889311
v -2.038902 -6.446678 -20.900787
v -2.045740 -6.436992 -20.900118
v -2.081939 -6.384027 -20.896544
v -1.954579 -6.558725 -20.908841
v -1.997609 -6.503183 -20.904774
v -1.864105 -6.665866 -20.917101
v -1.910004 -6.613035 -20.912960
v -1.767767 -6.767767 -20.925463
v -1.816595 -6.717552 -20.921281
v -1.665866 -6.864105 -20.933822
v -1.717474 -6.816668 -20.929651
v -1.558725 -6.954579 -20.942072
v -1.598427 -6.922247 -20.939079
v -1.637428 -6.889135 -20.936065
v -1.446678 -7.038902 -20.950110
v -1.503362 -6.997474 -20.946119
v -1.330080 -7.116810 -20.957836
v -1.389044 -7.078595 -20.954011
v -1.228747 -7.177196 -20.964021
v -1.279620 -7.147690 -20.960977
v -1.209297 -7.188059 -20.965152
v -1.084709 -7.252422 -20.971967
v -1.147384 -7.221151 -20.968632
v -0.956709 -7.309699 -20.978196
v -1.021089 -7.281968 -20.975161
v -0.825698 -7.359708 -20.983761
v -0.891584 -7.335611 -20.981065
v -0.819338 -7.361924 -20.984010
v -0.692089 -7.402293 -20.988592
v -0.756060 -7.382934 -20.986385
v -0.556302 -7.437320 -20.992630
v -0.624580 -7.420723 -20.990710
v -0.418766 -7.464677 -20.995824
v -0.487590 -7.451990 -20.994339
v -0.409747 -7.466193 -20.996002
v -0.279911 -7.484281 -20.998134
v -0.344878 -7.476098 -20.997168
v -0.210099 -7.491156 -20.998949
v -0.070144 -7.499016 -20.999883
v -0.140176 -7.496067 -20.999532
v 0.140176 -7.496067 -20.999532
v 0.070032 -7.499019 -20.999883
v 0.000000 -7.500000 -21.000000
v 0.279911 -7.484281 -20.998134
v 0.209988 -7.491165 -20.998950
v 0.409765 -7.466190 -20.996002
v 0.345072 -7.476071 -20.997165
v 0.418766 -7.464678 -20.995824
v 0.556302 -7.437320 -20.992630
v 0.487810 -7.451946 -20.994334
v 0.692089 -7.402293 -20.988592
v 0.624471 -7.420751 -20.990713
v 0.819366 -7.361914 -20.984009
v 0.755962 -7.382965 -20.986389
v 0.825698 -7.359708 -20.983761
v 0.956709 -7.309699 -20.978196
v 0.891479 -7.335651 -20.981069
v 1.084709 -7.252422 -20.971967
v 1.020986 -7.282014 -20.975166
v 1.209298 -7.188058 -20.965152
v 1.147579 -7.221050 -20.968621
v 1.330080 -7.116810 -20.957836
v 1.279754 -7.147610 -20.960969
v 1.228617 -7.177269 -20.964029
v 1.446678 -7.038902 -20.950110
v 1.388949 -7.078658 -20.954017
v 1.558725 -6.954579 -20.942072
v 1.503271 -6.997543 -20.946126
v 1.637679 -6.888917 -20.936046
v 1.598380 -6.922285 -20.939083
v 1.665866 -6.864105 -20.933822
v 1.767767 -6.767767 -20.925463
v 1.717392 -6.816746 -20.929658
v 1.864105 -6.665866 -20.917101
v 1.816744 -6.717393 -20.921268
v 1.954579 -6.558725 -20.908841
v 1.910145 -6.612869 -20.912947
v 2.038902 -6.446679 -20.900787
v 1.997541 -6.503274 -20.904780
v 2.081886 -6.384107 -20.896549
v 2.045616 -6.437169 -20.900131
v 2.116810 -6.330080 -20.893040
v 2.188059 -6.209297 -20.885698
v 2.153237 -6.270264 -20.889317
v 2.252422 -6.084709 -20.878855
v 2.221048 -6.147582 -20.882216
v 2.309699 -5.956709 -20.872597
v 2.282013 -6.020987 -20.875642
v 2.359708 -5.825698 -20.867002
v 2.335651 -5.891480 -20.869709
v 2.402293 -5.692089 -20.862142
v 2.381945 -5.759169 -20.864475
v 2.437320 -5.556302 -20.858079
v 2.420751 -5.624472 -20.860009
v 2.464678 -5.418766 -20.854864
v 2.453025 -5.482359 -20.856238
v 2.484281 -5.279911 -20.852538
v 2.475433 -5.349617 -20.853590
v 2.496067 -5.140176 -20.851131
v 2.491165 -5.209987 -20.851717
v 2.499019 -5.070032 -20.850777
v 2.500000 -5.000000 -20.850659
v 2.499016 -4.929856 -20.850777
v 2.496067 -4.859824 -20.851131
v 2.491156 -4.789901 -20.851718
v 2.484281 -4.720089 -20.852538
v 2.464678 -4.581234 -20.854864
v 2.475464 -4.650606 -20.853587
v 2.437320 -4.443698 -20.858079
v 2.453025 -4.517641 -20.856238
v 2.402293 -4.307911 -20.862142
v 2.420723 -4.375422 -20.860012
v 2.359708 -4.174302 -20.867002
v 2.381912 -4.240727 -20.864479
v 2.309699 -4.043291 -20.872597
v 2.335612 -4.108418 -20.869713
v 2.252422 -3.915291 -20.878855
v 2.281969 -3.978913 -20.875647
v 2.188059 -3.790703 -20.885698
v 2.221151 -3.852618 -20.882205
v 2.116810 -3.669920 -20.893040
v 2.153351 -3.729929 -20.889305
v 2.038902 -3.553322 -20.900787
v 2.045740 -3.563007 -20.900118
v 2.081836 -3.615819 -20.896554
v 1.954579 -3.441275 -20.908841
v 1.997477 -3.496642 -20.904786
v 1.864105 -3.334134 -20.917101
v 1.910077 -3.387050 -20.912953
v 1.767767 -3.232233 -20.925463
v 1.816671 -3.282529 -20.921274
v 1.665866 -3.135895 -20.933822
v 1.717554 -3.183408 -20.929644
v 1.558725 -3.045421 -20.942072
v 1.598471 -3.077791 -20.939076
v 1.637428 -3.110865 -20.936065
v 1.446678 -2.961098 -20.950110
v 1.503185 -3.002393 -20.946132
v 1.330080 -2.883190 -20.957836
v 1.388860 -2.921282 -20.954023
v 1.228747 -2.822804 -20.964021
v 1.279689 -2.852351 -20.960973
v 1.209297 -2.811941 -20.965152
v 1.084709 -2.747578 -20.971967
v 1.147484 -2.778901 -20.968626
v 0.956709 -2.690301 -20.978196
v 1.021192 -2.718078 -20.975156
v 0.825698 -2.640292 -20.983761
v 0.891689 -2.664429 -20.981060
v 0.819338 -2.638076 -20.984010
v 0.692089 -2.597707 -20.988592
v 0.755867 -2.617005 -20.986392
v 0.556302 -2.562680 -20.992630
v 0.624364 -2.579221 -20.990716
v 0.418766 -2.535323 -20.995824
v 0.487702 -2.548032 -20.994336
v 0.409747 -2.533807 -20.996002
v 0.279911 -2.515719 -20.998134
v 0.344976 -2.523916 -20.997166
v 0.210212 -2.508853 -20.998948
v 0.070258 -2.500987 -20.999882
v 0.140176 -2.503933 -20.999532
v -0.140176 -2.503933 -20.999532
v -0.070256 -2.500987 -20.999882
v 0.000000 -2.500000 -21.000000
v -0.279911 -2.515719 -20.998134
v -0.210210 -2.508853 -20.998948
v -0.409765 -2.533810 -20.996002
v -0.344974 -2.523916 -20.997166
v -0.418766 -2.535322 -20.995824
v -0.556302 -2.562680 -20.992630
v -0.487700 -2.548032 -20.994336
v -0.692089 -2.597707 -20.988592
v -0.624362 -2.579221 -20.990716
v -0.819366 -2.638086 -20.984009
v -0.755865 -2.617004 -20.986392
v -0.825698 -2.640292 -20.983761
v -0.956709 -2.690301 -20.978196
v -0.891685 -2.664428 -20.981060
v -1.084709 -2.747578 -20.971967
v -1.021188 -2.718076 -20.975156
v -1.209298 -2.811942 -20.965152
v -1.147480 -2.778899 -20.968626
v -1.330080 -2.883190 -20.957836
v -1.279686 -2.852350 -20.960973
v -1.228617 -2.822731 -20.964029
v -1.446678 -2.961098 -20.950110
v -1.388857 -2.921280 -20.954023
v -1.558725 -3.045421 -20.942072
v -1.503183 -3.002391 -20.946132
v -1.637679 -3.111083 -20.936046
v -1.598470 -3.077790 -20.939076
v -1.665866 -3.135895 -20.933822
v -1.767767 -3.232233 -20.925463
v -1.717551 -3.183404 -20.929645
v -1.864105 -3.334134 -20.917101
v -1.816667 -3.282525 -20.921274
v -1.954579 -3.441275 -20.908841
v -1.910073 -3.387046 -20.912953
v -2.038902 -3.553321 -20.900787
v -1.997474 -3.496637 -20.904787
v -2.081835 -3.615816 -20.896554
v -2.045616 -3.562831 -20.900131
v -2.116810 -3.669920 -20.893040
v -2.188059 -3.790703 -20.885698
v -2.153350 -3.729927 -20.889306
v -2.252422 -3.915291 -20.878855
v -2.221150 -3.852615 -20.882205
v -2.309699 -4.043291 -20.872597
v -2.281967 -3.978910 -20.875647
v -2.359708 -4.174302 -20.867002
v -2.335610 -4.108415 -20.869713
v -2.402293 -4.307911 -20.862142
v -2.381911 -4.240723 -20.864479
v -2.437320 -4.443698 -20.858079
v -2.420723 -4.375419 -20.860012
v -2.464678 -4.581234 -20.854864
v -2.453025 -4.517641 -20.856238
v -2.484281 -4.720089 -20.852538
v -2.475456 -4.650549 -20.853588
v -2.496067 -4.859824 -20.851131
v -2.491151 -4.789844 -20.851719
v -2.499014 -4.929799 -20.850778
v -7.187854 -10.000000 4.249383
v -7.315915 -10.000000 4.024908
v -7.436969 -10.000000 3.796576
v 4.415081 -10.000000 -7.087282
v 4.632294 -10.000000 -6.947255
v 3.738917 -10.000000 -7.466124
v -7.052906 -10.000000 4.469789
v 6.017448 -10.000000 -5.789026
v 6.193717 -10.000000 -5.600033
v 5.835415 -10.000000 -5.972473
v 5.647791 -10.000000 -6.150200
v 4.845070 -10.000000 -6.800573
v 4.193638 -10.000000 -7.220519
v 3.968178 -10.000000 -7.346840
v -6.911203 -10.000000 4.685912
v -6.762879 -10.000000 4.897547
v 7.972658 -10.000000 -2.481778
v 6.837860 -10.000000 -4.792303
v 6.982891 -10.000000 -4.578399
v 5.454758 -10.000000 -6.322034
v 5.053205 -10.000000 -6.647377
v 5.256499 -10.000000 -6.487813
v -6.446945 -10.000000 5.306543
v -6.608077 -10.000000 5.104490
v -5.927141 -10.000000 5.881454
v 8.168427 -10.000000 -1.731849
v 8.218110 -10.000000 -1.478234
v 8.045642 -10.000000 -2.233862
v 8.110920 -10.000000 -1.983806
v 7.803855 -10.000000 -2.970243
v 7.892037 -10.000000 -2.727317
v 7.121233 -10.000000 -4.360108
v 6.364053 -10.000000 -5.405675
v 3.506074 -10.000000 -7.578255
v 3.269873 -10.000000 -7.683126
v 2.543395 -10.000000 -7.953216
v 2.788302 -10.000000 -7.870697
v 1.795003 -10.000000 -8.154782
v -0.774225 -10.000000 -8.314029
v -0.516563 -10.000000 -8.334006
v -1.541780 -10.000000 -8.206425
v -7.252753 -10.000000 -4.137641
v -7.121233 -10.000000 -4.360108
v -7.550898 -10.000000 3.564608
v -6.106314 -10.000000 5.695211
v -6.279637 -10.000000 5.503513
v -4.949730 -10.000000 6.724780
v -5.155469 -10.000000 6.568382
v 8.319771 -10.000000 -0.709869
v 8.293818 -10.000000 -0.966999
v 8.259920 -10.000000 -1.223202
v 7.494831 -10.000000 -3.681033
v 7.605157 -10.000000 -3.447330
v 7.252753 -10.000000 -4.137641
v 7.377326 -10.000000 -3.911210
v 6.686279 -10.000000 -5.001617
v 6.528293 -10.000000 -5.206140
v 2.296051 -10.000000 -8.028116
v 2.046507 -10.000000 -8.095326
v 0.516563 -10.000000 -8.334006
v -0.258405 -10.000000 -8.346001
v -1.031146 -10.000000 -8.286087
v -1.287079 -10.000000 -8.250208
v -1.795003 -10.000000 -8.154782
v -6.686279 -10.000000 -5.001617
v -6.837860 -10.000000 -4.792303
v -6.982891 -10.000000 -4.578399
v -7.377326 -10.000000 -3.911210
v -7.892037 -10.000000 -2.727317
v -7.657595 -10.000000 3.329226
v -5.742290 -10.000000 6.062062
v -5.356270 -10.000000 6.405691
v -4.304875 -10.000000 7.154757
v 6.106314 -10.000000 5.695211
v 5.927141 -10.000000 5.881454
v 6.608077 -10.000000 5.104490
v 6.911203 -10.000000 4.685912
v 6.762879 -10.000000 4.897547
v 7.315915 -10.000000 4.024908
v 8.347750 -10.000000 -0.193817
v 8.337754 -10.000000 -0.452060
v 7.708198 -10.000000 -3.210324
v 3.030539 -10.000000 -7.780638
v 1.287079 -10.000000 -8.250208
v 1.541780 -10.000000 -8.206425
v 0.774225 -10.000000 -8.314029
v 0.258405 -10.000000 -8.346001
v -0.000000 -10.000000 -8.350000
v -6.528293 -10.000000 -5.206140
v -6.364053 -10.000000 -5.405675
v -7.803855 -10.000000 -2.970243
v -7.972658 -10.000000 -2.481778
v -8.045642 -10.000000 -2.233862
v -8.277860 -10.000000 1.095232
v -8.307789 -10.000000 0.838535
v -5.551939 -10.000000 6.236864
v -4.739249 -10.000000 6.874737
v -4.524229 -10.000000 7.018109
v -4.081397 -10.000000 7.284552
v -3.854009 -10.000000 7.407369
v -3.150583 -10.000000 7.732808
v 5.155469 -10.000000 6.568382
v 5.551939 -10.000000 6.236864
v 5.356270 -10.000000 6.405691
v 6.279637 -10.000000 5.503513
v 6.446945 -10.000000 5.306543
v 7.052906 -10.000000 4.469789
v 7.187854 -10.000000 4.249383
v 7.436969 -10.000000 3.796576
v 7.550898 -10.000000 3.564608
v 7.657595 -10.000000 3.329226
v 7.756956 -10.000000 3.090654
v 8.307789 -10.000000 0.838535
v 8.343751 -10.000000 0.322977
v 8.329760 -10.000000 0.581034
v 8.349750 -10.000000 0.064611
v 1.031146 -10.000000 -8.286087
v -2.788302 -10.000000 -7.870697
v -3.506074 -10.000000 -7.578255
v -3.968178 -10.000000 -7.346840
v -3.738917 -10.000000 -7.466124
v -5.647791 -10.000000 -6.150200
v -6.193717 -10.000000 -5.600033
v -8.110920 -10.000000 -1.983806
v -8.168427 -10.000000 -1.731849
v -8.329760 -10.000000 0.581034
v -8.240001 -10.000000 1.350880
v -8.140648 -10.000000 1.858050
v -3.388379 -10.000000 7.631604
v -2.909769 -10.000000 7.826605
v 4.949730 -10.000000 6.724780
v 4.739249 -10.000000 6.874737
v 7.848886 -10.000000 2.849121
v 8.079248 -10.000000 2.109086
v 8.240001 -10.000000 1.350880
v 8.277860 -10.000000 1.095232
v -2.543395 -10.000000 -7.953216
v -2.296051 -10.000000 -8.028116
v -3.030539 -10.000000 -7.780638
v -3.269873 -10.000000 -7.683126
v -4.193638 -10.000000 -7.220519
v -5.454758 -10.000000 -6.322034
v -5.256499 -10.000000 -6.487813
v -6.017448 -10.000000 -5.789026
v -5.835415 -10.000000 -5.972473
v -7.605157 -10.000000 -3.447330
v -7.708198 -10.000000 -3.210324
v -8.347750 -10.000000 -0.193817
v -8.343751 -10.000000 0.322977
v -8.349750 -10.000000 0.064611
v -8.194250 -10.000000 1.605234
v -3.622929 -10.000000 7.523090
v -2.666168 -10.000000 7.912904
v 0.902794 -10.000000 8.301052
v 1.414599 -10.000000 8.229302
v 1.159252 -10.000000 8.269138
v 2.666168 -10.000000 7.912904
v 2.420012 -10.000000 7.991623
v 5.742290 -10.000000 6.062062
v 7.933297 -10.000000 2.604859
v 8.010110 -10.000000 2.358102
v 8.140648 -10.000000 1.858050
v 8.194250 -10.000000 1.605234
v -4.632294 -10.000000 -6.947255
v -5.053205 -10.000000 -6.647377
v -4.845070 -10.000000 -6.800573
v -7.494831 -10.000000 -3.681033
v -8.218110 -10.000000 -1.478234
v -8.319771 -10.000000 -0.709869
v -8.337754 -10.000000 -0.452060
v -8.079248 -10.000000 2.109086
v -2.420012 -10.000000 7.991623
v 0.645471 -10.000000 8.325015
v 0.387530 -10.000000 8.341002
v 3.388379 -10.000000 7.631604
v 3.150583 -10.000000 7.732808
v -2.046507 -10.000000 -8.095326
v -4.415081 -10.000000 -7.087282
v -8.259920 -10.000000 -1.223202
v -8.293818 -10.000000 -0.966999
v -8.010110 -10.000000 2.358102
v -7.756956 -10.000000 3.090654
v -2.171539 -10.000000 8.062687
v -1.159252 -10.000000 8.269138
v -0.645471 -10.000000 8.325015
v -0.902794 -10.000000 8.301052
v 0.129218 -10.000000 8.349000
v 2.909769 -10.000000 7.826605
v 4.081397 -10.000000 7.284552
v 4.524229 -10.000000 7.018109
v 4.304875 -10.000000 7.154757
v -7.933297 -10.000000 2.604859
v -7.848886 -10.000000 2.849121
v -1.920985 -10.000000 8.126027
v -1.414599 -10.000000 8.229302
v -1.668591 -10.000000 8.181583
v 2.171539 -10.000000 8.062687
v 3.622929 -10.000000 7.523090
v 3.854009 -10.000000 7.407369
v 1.668591 -10.000000 8.181583
v 1.920985 -10.000000 8.126027
v -0.129218 -10.000000 8.349000
v -0.387530 -10.000000 8.341002
v 0.000000 -10.000000 8.350000
v -0.000000 -13.010320 21.000000
v 0.409747 -13.010320 20.996002
v 0.819338 -13.010320 20.984010
v 1.228617 -13.010320 20.964029
v 1.637428 -13.010320 20.936065
v 2.045616 -13.010320 20.900131
v 2.453025 -13.010320 20.856238
v 2.859500 -13.010320 20.804405
v 3.264886 -13.010320 20.744650
v 3.669029 -13.010320 20.676998
v 4.071775 -13.010320 20.601472
v 4.472971 -13.010320 20.518103
v 4.872464 -13.010320 20.426921
v 5.270101 -13.010320 20.327962
v 5.665732 -13.010320 20.221263
v 6.059206 -13.010320 20.106865
v 6.450373 -13.010320 19.984811
v 6.839084 -13.010320 19.855149
v 7.225191 -13.010320 19.717926
v 7.608547 -13.010320 19.573196
v 7.989006 -13.010320 19.421014
v 8.366423 -13.010320 19.261437
v 8.740655 -13.010320 19.094527
v 9.111559 -13.010320 18.920346
v 9.478993 -13.010320 18.738962
v 9.842819 -13.010320 18.550443
v 10.202897 -13.010320 18.354860
v 10.559090 -13.010320 18.152290
v 10.911263 -13.010320 17.942807
v 11.259281 -13.010320 17.726494
v 11.603013 -13.010320 17.503431
v 11.942327 -13.010320 17.273703
v 12.277094 -13.010320 17.037399
v 12.607186 -13.010320 16.794608
v 12.932479 -13.010320 16.545422
v 13.252847 -13.010320 16.289937
v 13.568169 -13.010320 16.028250
v 13.878326 -13.010320 15.760459
v 14.183198 -13.010320 15.486668
v 14.482670 -13.010320 15.206981
v 14.776628 -13.010320 14.921504
v 15.064959 -13.010320 14.630345
v 15.347555 -13.010320 14.333616
v 15.624308 -13.010320 14.031429
v 15.895111 -13.010320 13.723901
v 16.159862 -13.010320 13.411146
v 16.418461 -13.010320 13.093286
v 16.670809 -13.010320 12.770440
v 16.916809 -13.010320 12.442732
v 17.156368 -13.010320 12.110287
v 17.389395 -13.010320 11.773230
v 17.615801 -13.010320 11.431691
v 17.835499 -13.010320 11.085800
v 18.048408 -13.010320 10.735687
v 18.254444 -13.010320 10.381487
v 18.453530 -13.010320 10.023335
v 18.645590 -13.010320 9.661366
v 18.830550 -13.010320 9.295718
v 19.008341 -13.010320 8.926531
v 19.178895 -13.010320 8.553946
v 19.342146 -13.010320 8.178103
v 19.498033 -13.010320 7.799147
v 19.646496 -13.010320 7.417222
v 19.787479 -13.010320 7.032472
v 19.920928 -13.010320 6.645045
v 20.046792 -13.010320 6.255087
v 20.165024 -13.010320 5.862748
v 20.275577 -13.010320 5.468177
v 20.378411 -13.010320 5.071524
v 20.473486 -13.010320 4.672940
v 20.560766 -13.010320 4.272576
v 20.640217 -13.010320 3.870586
v 20.711810 -13.010320 3.467122
v 20.775516 -13.010320 3.062338
v 20.831313 -13.010320 2.656389
v 20.879178 -13.010320 2.249427
v 20.919094 -13.010320 1.841610
v 20.951044 -13.010320 1.433091
v 20.975018 -13.010320 1.024026
v 20.991005 -13.010320 0.614572
v 20.999001 -13.010320 0.204883
v 20.999001 -13.010320 -0.204883
v 20.991005 -13.010320 -0.614572
v 20.975018 -13.010320 -1.024026
v 20.951044 -13.010320 -1.433091
v 20.919094 -13.010320 -1.841610
v 20.879178 -13.010320 -2.249427
v 20.831313 -13.010320 -2.656389
v 20.775516 -13.010320 -3.062338
v 20.711810 -13.010320 -3.467122
v 20.640217 -13.010320 -3.870586
v 20.560766 -13.010320 -4.272576
v 20.473486 -13.010320 -4.672940
v 20.378411 -13.010320 -5.071524
v 20.275577 -13.010320 -5.468177
v 20.165024 -13.010320 -5.862748
v 20.046792 -13.010320 -6.255087
v 19.920928 -13.010320 -6.645045
v 19.787479 -13.010320 -7.032472
v 19.646496 -13.010320 -7.417222
v 19.498033 -13.010320 -7.799147
v 19.342146 -13.010320 -8.178103
v 19.178895 -13.010320 -8.553946
v 19.008341 -13.010320 -8.926531
v 18.830550 -13.010320 -9.295718
v 18.645590 -13.010320 -9.661366
v 18.453530 -13.010320 -10.023335
v 18.254444 -13.010320 -10.381487
v 18.048408 -13.010320 -10.735687
v 17.835499 -13.010320 -11.085800
v 17.615801 -13.010320 -11.431691
v 17.389395 -13.010320 -11.773230
v 17.156368 -13.010320 -12.110287
v 16.916809 -13.010320 -12.442732
v 16.670809 -13.010320 -12.770440
v 16.418461 -13.010320 -13.093286
v 16.159862 -13.010320 -13.411146
v 15.895111 -13.010320 -13.723901
v 15.624308 -13.010320 -14.031429
v 15.347555 -13.010320 -14.333616
v 15.064959 -13.010320 -14.630345
v 14.776628 -13.010320 -14.921504
v 14.482670 -13.010320 -15.206981
v 14.183198 -13.010320 -15.486668
v 13.878326 -13.010320 -15.760459
v 13.568169 -13.010320 -16.028250
v 13.252847 -13.010320 -16.289937
v 12.932479 -13.010320 -16.545422
v 12.607186 -13.010320 -16.794608
v 12.277094 -13.010320 -17.037399
v 11.942327 -13.010320 -17.273703
v 11.603013 -13.010320 -17.503431
v 11.259281 -13.010320 -17.726494
v 10.911263 -13.010320 -17.942807
v 10.559090 -13.010320 -18.152290
v 10.202897 -13.010320 -18.354860
v 9.842819 -13.010320 -18.550443
v 9.478993 -13.010320 -18.738962
v 9.111559 -13.010320 -18.920346
v 8.740655 -13.010320 -19.094527
v 8.366423 -13.010320 -19.261437
v 7.989006 -13.010320 -19.421014
v 7.608547 -13.010320 -19.573196
v 7.225191 -13.010320 -19.717926
v 6.839084 -13.010320 -19.855149
v 6.450373 -13.010320 -19.984811
v 6.059206 -13.010320 -20.106865
v 5.665732 -13.010320 -20.221263
v 5.270101 -13.010320 -20.327962
v 4.872464 -13.010320 -20.426921
v 4.472971 -13.010320 -20.518103
v 4.071775 -13.010320 -20.601472
v 3.669029 -13.010320 -20.676998
v 3.264886 -13.010320 -20.744650
v 2.859500 -13.010320 -20.804405
v -2.859500 -13.010320 -20.804405
v -3.264886 -13.010320 -20.744650
v -3.669029 -13.010320 -20.676998
v -4.071775 -13.010320 -20.601472
v -4.472971 -13.010320 -20.518103
v -4.872464 -13.010320 -20.426921
v -5.270101 -13.010320 -20.327962
v -5.665732 -13.010320 -20.221263
v -6.059206 -13.010320 -20.106865
v -6.450373 -13.010320 -19.984811
v -6.839084 -13.010320 -19.855149
v -7.225191 -13.010320 -19.717926
v -7.608547 -13.010320 -19.573196
v -7.989006 -13.010320 -19.421014
v -8.366423 -13.010320 -19.261437
v -8.740655 -13.010320 -19.094527
v -9.111559 -13.010320 -18.920346
v -9.478993 -13.010320 -18.738962
v -9.842819 -13.010320 -18.550443
v -10.202897 -13.010320 -18.354860
v -10.559090 -13.010320 -18.152290
v -10.911263 -13.010320 -17.942807
v -11.259281 -13.010320 -17.726494
v -11.603013 -13.010320 -17.503431
v -17.615801 -13.010320 -11.431691
v -17.835499 -13.010320 -11.085800
v -18.048408 -13.010320 -10.735687
v -18.254444 -13.010320 -10.381487
v -18.453530 -13.010320 -10.023335
v -18.645590 -13.010320 -9.661366
v -18.830550 -13.010320 -9.295718
v -19.008341 -13.010320 -8.926531
v -19.178895 -13.010320 -8.553946
v -19.342146 -13.010320 -8.178103
v -19.498033 -13.010320 -7.799147
v -19.646496 -13.010320 -7.417222
v -19.787479 -13.010320 -7.032472
v -19.920928 -13.010320 -6.645045
v -20.046792 -13.010320 -6.255087
v -20.165024 -13.010320 -5.862748
v -20.275577 -13.010320 -5.468177
v -20.378411 -13.010320 -5.071524
v -20.473486 -13.010320 -4.672940
v -20.991005 -13.010320 0.614572
v -20.975018 -13.010320 1.024026
v -20.951044 -13.010320 1.433091
v -20.919094 -13.010320 1.841610
v -20.879178 -13.010320 2.249427
v -20.831313 -13.010320 2.656389
v -20.775516 -13.010320 3.062338
v -20.711810 -13.010320 3.467122
v -20.640217 -13.010320 3.870586
v -20.560766 -13.010320 4.272576
v -20.473486 -13.010320 4.672940
v -20.378411 -13.010320 5.071524
v -20.275577 -13.010320 5.468177
v -20.165024 -13.010320 5.862748
v -20.046792 -13.010320 6.255087
v -19.920928 -13.010320 6.645045
v -19.787479 -13.010320 7.032472
v -19.646496 -13.010320 7.417222
v -19.498033 -13.010320 7.799147
v -19.342146 -13.010320 8.178103
v -19.178895 -13.010320 8.553946
v -19.008341 -13.010320 8.926531
v -18.830550 -13.010320 9.295718
v -18.645590 -13.010320 9.661366
v -18.453530 -13.010320 10.023335
v -18.254444 -13.010320 10.381487
v -18.048408 -13.010320 10.735687
v -17.835499 -13.010320 11.085800
v -17.615801 -13.010320 11.431691
v -17.389395 -13.010320 11.773230
v -17.156368 -13.010320 12.110287
v -16.916809 -13.010320 12.442732
v -16.670809 -13.010320 12.770440
v -16.418461 -13.010320 13.093286
v -16.159862 -13.010320 13.411146
v -15.895111 -13.010320 13.723901
v -15.624308 -13.010320 14.031429
v -15.347555 -13.010320 14.333616
v -15.064959 -13.010320 14.630345
v -14.776628 -13.010320 14.921504
v -14.482670 -13.010320 15.206981
v -14.183198 -13.010320 15.486668
v -13.878326 -13.010320 15.760459
v -13.568169 -13.010320 16.028250
v -13.252847 -13.010320 16.289937
v -12.932479 -13.010320 16.545422
v -12.607186 -13.010320 16.794608
v -12.277094 -13.010320 17.037399
v -11.942327 -13.010320 17.273703
v -11.603013 -13.010320 17.503431
v -11.259281 -13.010320 17.726494
v -10.911263 -13.010320 17.942807
v -10.559090 -13.010320 18.152290
v -10.202897 -13.010320 18.354860
v -9.842819 -13.010320 18.550443
v -9.478993 -13.010320 18.738962
v -9.111559 -13.010320 18.920346
v -8.740655 -13.010320 19.094527
v -8.366423 -13.010320 19.261437
v -7.989006 -13.010320 19.421014
v -7.608547 -13.010320 19.573196
v -7.225191 -13.010320 19.717926
v -6.839084 -13.010320 19.855149
v -6.450373 -13.010320 19.984811
v -6.059206 -13.010320 20.106865
v -5.665732 -13.010320 20.221263
v -5.270101 -13.010320 20.327962
v -4.872464 -13.010320 20.426921
v -4.472971 -13.010320 20.518103
v -4.071775 -13.010320 20.601472
v -3.669029 -13.010320 20.676998
v -3.264886 -13.010320 20.744650
v -2.859500 -13.010320 20.804405
v -2.453025 -13.010320 20.856238
v -2.045616 -13.010320 20.900131
v -1.637428 -13.010320 20.936065
v -1.228617 -13.010320 20.964029
v -0.819338 -13.010320 20.984010
v -0.409747 -13.010320 20.996002
v -2.045616 -13.010320 -20.900131
v -2.453025 -13.010320 -20.856238
v -1.637428 -13.010320 -20.936065
v -1.228617 -13.010320 -20.964029
v -0.819338 -13.010320 -20.984010
v 0.000000 -13.010320 -21.000000
v -0.409747 -13.010320 -20.996002
v 0.409747 -13.010320 -20.996002
v 0.819338 -13.010320 -20.984010
v 1.228617 -13.010320 -20.964029
v 1.637428 -13.010320 -20.936065
v 2.045616 -13.010320 -20.900131
v 2.453025 -13.010320 -20.856238
v -20.999001 -13.010320 0.204883
v -20.999001 -13.010320 -0.204883
v -20.991005 -13.010320 -0.614572
v -20.975018 -13.010320 -1.024026
v -20.951044 -13.010320 -1.433091
v -20.879178 -13.010320 -2.249427
v -20.919094 -13.010320 -1.841610
v -20.831313 -13.010320 -2.656389
v -20.775516 -13.010320 -3.062338
v -20.711810 -13.010320 -3.467122
v -20.640217 -13.010320 -3.870586
v -20.560766 -13.010320 -4.272576
v -11.831705 -12.758107 -17.349661
v -11.871985 -12.676642 -17.322124
v -11.913519 -12.596368 -17.293585
v -11.942327 -12.542722 -17.273703
v -11.792786 -12.840582 -17.376139
v -11.755356 -12.923796 -17.401483
v -11.718338 -13.010320 -17.426433
v -12.140546 -12.211116 -17.134968
v -12.189549 -12.137652 -17.100143
v -12.232905 -12.075048 -17.069154
v -12.276954 -12.013598 -17.037500
v -12.046053 -12.361718 -17.201529
v -12.092672 -12.285867 -17.168788
v -12.000583 -12.438862 -17.233282
v -12.556377 -11.667308 -16.832629
v -12.607083 -11.611491 -16.794685
v -12.506413 -11.724256 -16.869784
v -12.451006 -11.789785 -16.910720
v -12.396679 -11.856599 -16.950585
v -12.343278 -11.924897 -16.989511
v -12.290970 -11.994479 -17.027391
v -12.857045 -11.362726 -16.604108
v -12.932479 -11.295500 -16.545422
v -12.736874 -11.477102 -16.696468
v -12.796648 -11.419059 -16.650700
v -12.678040 -11.536560 -16.741186
v -12.619904 -11.597683 -16.785054
v -13.233902 -11.058787 -16.305331
v -13.252847 -11.045504 -16.289937
v -13.169589 -11.105236 -16.357320
v -13.042696 -11.203221 -16.458678
v -13.105848 -11.153383 -16.408435
v -12.980132 -11.254756 -16.508064
v -13.495877 -10.890569 -16.089167
v -13.568169 -10.849819 -16.028250
v -13.308225 -11.007698 -16.244727
v -13.364010 -10.971129 -16.198865
v -13.429669 -10.929997 -16.144472
v -13.821021 -10.725598 -15.810736
v -13.878268 -10.701328 -15.760510
v -13.763737 -10.751292 -15.860629
v -13.696399 -10.783315 -15.918815
v -13.629215 -10.817247 -15.976373
v -14.171574 -10.598726 -15.497306
v -14.183198 -10.595402 -15.486668
v -14.103381 -10.619359 -15.559391
v -13.899157 -10.692820 -15.742091
v -13.967168 -10.666404 -15.681780
v -14.035196 -10.641935 -15.620924
v -14.444269 -10.535625 -15.243460
v -14.482670 -10.529241 -15.206981
v -14.376147 -10.548474 -15.307723
v -14.245609 -10.578523 -15.429278
v -14.308022 -10.563268 -15.371419
v -14.715130 -10.503963 -14.982154
v -14.776628 -10.501166 -14.921504
v -14.647599 -10.508924 -15.048184
v -14.531365 -10.522040 -15.160456
v -14.580057 -10.515845 -15.113634
v -14.849242 -10.500000 -14.849242
v -14.915951 -10.500993 -14.782233
v -14.982154 -10.503963 -14.715130
v -15.243460 -10.535625 -14.444269
v -15.295671 -10.545907 -14.388970
v -15.178796 -10.524754 -14.512207
v -15.064959 -10.510506 -14.630345
v -15.113634 -10.515845 -14.580057
v -15.559355 -10.619346 -14.103421
v -15.620925 -10.641935 -14.035196
v -15.497305 -10.598725 -14.171575
v -15.434605 -10.580015 -14.239837
v -15.347587 -10.557490 -14.333582
v -15.371419 -10.563268 -14.308022
v -15.801767 -10.721147 -13.831275
v -15.860629 -10.751292 -13.763737
v -15.624308 -10.643239 -14.031429
v -15.683423 -10.667095 -13.965323
v -15.742091 -10.692820 -13.899157
v -15.976373 -10.817247 -13.629215
v -16.033199 -10.853028 -13.562320
v -16.089167 -10.890569 -13.495877
v -15.895111 -10.769997 -13.723901
v -16.357286 -11.105205 -13.169631
v -16.408436 -11.153384 -13.105847
v -16.252509 -11.014079 -13.298720
v -16.305330 -11.058785 -13.233904
v -16.159862 -10.941394 -13.411146
v -16.198865 -10.971129 -13.364010
v -16.604108 -11.362726 -12.857045
v -16.637731 -11.403106 -12.813505
v -16.556474 -11.307854 -12.918326
v -16.418461 -11.163126 -13.093286
v -16.463584 -11.208225 -13.036503
v -16.508064 -11.254756 -12.980132
v -16.670955 -11.444407 -12.770248
v -16.696468 -11.477102 -12.736874
v -16.741291 -11.536702 -12.677901
v -16.785054 -11.597683 -12.619904
v -16.827937 -11.660281 -12.562664
v -16.869784 -11.724256 -12.506413
v -17.100143 -12.137652 -12.189549
v -17.128574 -12.197368 -12.149566
v -17.064255 -12.065375 -12.239739
v -16.916809 -11.799794 -12.442732
v -16.950585 -11.856599 -12.396679
v -16.989485 -11.924850 -12.343314
v -17.027391 -11.994479 -12.290970
v -17.322184 -12.676815 -11.871898
v -17.349661 -12.758107 -11.831705
v -17.369846 -12.820587 -11.802053
v -17.389573 -12.884138 -11.772967
v -17.233282 -12.438862 -12.000583
v -17.264002 -12.517180 -11.956347
v -17.156502 -12.258305 -12.110096
v -17.168788 -12.285867 -12.092672
v -17.201507 -12.361665 -12.046085
v -17.293585 -12.596368 -11.913519
v -17.401483 -12.923796 -11.755356
v -17.426433 -13.010320 -11.718338
v -14.779793 -12.758107 -9.261837
v -14.843879 -12.923796 -9.197752
v -14.710848 -12.596368 -9.330783
v -14.637165 -12.438862 -9.404466
v -14.558874 -12.285867 -9.482757
v -14.476112 -12.137652 -9.565519
v -14.389026 -11.994479 -9.652605
v -14.297768 -11.856599 -9.743862
v -14.202501 -11.724256 -9.839130
v -14.103390 -11.597683 -9.938240
v -14.000612 -11.477102 -10.041019
v -13.894346 -11.362726 -10.147284
v -13.784781 -11.254756 -10.256850
v -13.672109 -11.153383 -10.369522
v -13.556528 -11.058785 -10.485102
v -13.438243 -10.971129 -10.603388
v -13.317460 -10.890569 -10.724170
v -13.194395 -10.817247 -10.847236
v -13.069262 -10.751292 -10.972369
v -12.942282 -10.692820 -11.099349
v -12.813679 -10.641935 -11.227951
v -12.683680 -10.598725 -11.357950
v -12.552514 -10.563268 -11.489117
v -12.420411 -10.535625 -11.621220
v -12.287604 -10.515845 -11.754027
v -12.154327 -10.503963 -11.887303
v -12.020815 -10.500000 -12.020815
v -11.887303 -10.503963 -12.154327
v -11.754027 -10.515845 -12.287604
v -11.621220 -10.535625 -12.420411
v -11.489117 -10.563268 -12.552514
v -11.357950 -10.598725 -12.683680
v -11.227951 -10.641935 -12.813679
v -11.099349 -10.692820 -12.942282
v -10.972369 -10.751292 -13.069262
v -10.847236 -10.817247 -13.194395
v -10.724170 -10.890569 -13.317460
v -10.603388 -10.971129 -13.438243
v -10.485102 -11.058785 -13.556528
v -10.369522 -11.153383 -13.672109
v -10.256850 -11.254756 -13.784781
v -10.147284 -11.362726 -13.894346
v -10.041019 -11.477102 -14.000612
v -9.938240 -11.597683 -14.103390
v -9.839130 -11.724256 -14.202501
v -9.743862 -11.856599 -14.297768
v -9.652605 -11.994479 -14.389026
v -9.565519 -12.137652 -14.476112
v -9.482757 -12.285867 -14.558874
v -9.404466 -12.438862 -14.637165
v -9.330783 -12.596368 -14.710848
v -9.261837 -12.758107 -14.779793
v -9.197752 -12.923796 -14.843879
v -11.624968 -13.093141 -17.389322
v -9.138638 -13.093141 -14.902992
v -11.556780 -13.154561 -17.360977
v -11.435469 -13.265845 -17.307897
v -9.084601 -13.265845 -14.957029
v -11.341848 -13.353549 -17.264550
v -11.249575 -13.441603 -17.219733
v -9.035736 -13.441603 -15.005895
v -11.157954 -13.530676 -17.173116
v -11.067677 -13.620106 -17.125051
v -8.992128 -13.620106 -15.049502
v -10.978249 -13.710389 -17.075282
v -10.890163 -13.801039 -17.024083
v -8.953855 -13.801039 -15.087776
v -10.763513 -13.934524 -16.946516
v -10.717408 -13.984084 -16.917072
v -10.826777 -13.867368 -16.985859
v -8.920983 -13.984084 -15.120647
v -10.632921 -14.076309 -16.861371
v -10.549780 -14.168919 -16.804267
v -8.893572 -14.168919 -15.148059
v -10.468030 -14.261870 -16.745795
v -10.387633 -14.355217 -16.685927
v -8.871668 -14.355217 -15.169962
v -10.308792 -14.448730 -16.624819
v -10.231311 -14.542651 -16.562320
v -8.855311 -14.542651 -15.186319
v -10.155541 -14.636562 -16.498713
v -10.081144 -14.730890 -16.433715
v -8.844530 -14.730890 -15.197101
v -10.008600 -14.825032 -16.367749
v -9.937444 -14.919603 -16.300389
v -8.839343 -14.919603 -15.202288
v -9.875330 -15.004094 -16.239288
v -9.800510 -15.108459 -16.162623
v -8.839759 -15.108459 -15.201871
v -9.734698 -15.202794 -16.092194
v -9.670625 -15.297123 -16.020699
v -8.845778 -15.297123 -15.195852
v -9.608463 -15.391194 -15.948332
v -9.548050 -15.485263 -15.874901
v -8.857390 -15.485263 -15.184241
v -9.489660 -15.578905 -15.800741
v -9.433030 -15.672549 -15.725514
v -8.874573 -15.672549 -15.167057
v -9.378522 -15.765597 -15.649704
v -9.325788 -15.858651 -15.572822
v -8.897298 -15.858651 -15.144332
v -9.275262 -15.950942 -15.495505
v -9.226526 -16.043240 -15.417108
v -8.925524 -16.043240 -15.116106
v -9.180071 -16.134612 -15.338424
v -9.135424 -16.225991 -15.258650
v -8.959202 -16.225991 -15.082428
v -9.093117 -16.316284 -15.178739
v -9.052640 -16.406583 -15.097724
v -15.082428 -16.225991 -8.959202
v -15.043358 -16.406583 -8.998273
v -15.097724 -16.406583 -9.052640
v -15.178800 -16.316216 -9.093149
v -15.116106 -16.043240 -8.925524
v -15.258650 -16.225991 -9.135424
v -15.338482 -16.134545 -9.180104
v -15.144332 -15.858651 -8.897298
v -15.417108 -16.043240 -9.226526
v -15.495561 -15.950875 -9.275298
v -15.167057 -15.672549 -8.874573
v -15.572822 -15.858651 -9.325788
v -15.649758 -15.765532 -9.378560
v -15.184241 -15.485263 -8.857390
v -15.725514 -15.672549 -9.433030
v -15.800793 -15.578840 -9.489700
v -15.195852 -15.297123 -8.845778
v -15.874901 -15.485263 -9.548050
v -15.948382 -15.391129 -9.608505
v -15.201871 -15.108459 -8.839759
v -16.020699 -15.297123 -9.670625
v -16.092242 -15.202730 -9.734742
v -15.202288 -14.919603 -8.839343
v -16.162623 -15.108459 -9.800510
v -16.232087 -15.013974 -9.868157
v -15.197101 -14.730890 -8.844530
v -16.300389 -14.919603 -9.937444
v -16.367635 -14.825194 -10.008477
v -15.186319 -14.542651 -8.855311
v -16.433715 -14.730890 -10.081144
v -16.498603 -14.636721 -10.155413
v -15.169962 -14.355217 -8.871668
v -16.612631 -14.467179 -10.293437
v -16.661578 -14.392686 -10.355839
v -16.562320 -14.542651 -10.231311
v -15.148059 -14.168919 -8.893572
v -16.685927 -14.355217 -10.387633
v -16.745830 -14.261814 -10.468078
v -15.120647 -13.984084 -8.920983
v -16.804267 -14.168919 -10.549780
v -16.861404 -14.076254 -10.632970
v -15.087776 -13.801039 -8.953855
v -16.917072 -13.984084 -10.717408
v -16.971316 -13.892320 -10.803165
v -15.049502 -13.620106 -8.992128
v -17.024083 -13.801039 -10.890163
v -17.075312 -13.710336 -10.978302
v -15.005895 -13.441603 -9.035736
v -17.125051 -13.620106 -11.067677
v -17.162388 -13.550839 -11.137452
v -14.957029 -13.265845 -9.084601
v -17.219733 -13.441603 -11.249575
v -17.264577 -13.353496 -11.341904
v -14.902992 -13.093141 -9.138638
v -17.307897 -13.265845 -11.435469
v -17.349382 -13.179269 -11.529599
v -17.389322 -13.093141 -11.624968
v -15.023834 -16.487871 -9.017797
v -9.017797 -16.487871 -15.023834
v -8.998273 -16.406583 -15.043358
v -12.618753 -12.914948 -11.422877
v -10.499191 -15.657128 -13.542440
v -9.091423 -16.512815 -14.950208
v -12.870123 -13.097409 -11.171507
v -12.948330 -13.171905 -11.093301
v -12.705045 -12.968705 -11.336586
v -12.530361 -12.868516 -11.511269
v -12.440180 -12.829570 -11.601451
v -10.454914 -15.398003 -13.586717
v -10.440992 -15.266115 -13.600639
v -10.474336 -15.528494 -13.567294
v -10.529390 -15.783454 -13.512241
v -9.338770 -16.592320 -14.702861
v -9.461316 -16.629237 -14.580315
v -13.226008 -16.468850 -10.815622
v -13.162362 -16.567240 -10.879268
v -13.375236 -16.902752 -10.666395
v -12.162089 -12.758888 -11.879542
v -10.432619 -15.133291 -13.609011
v -9.215041 -16.553381 -14.826590
v -10.564828 -15.907028 -13.476803
v -9.583972 -16.664531 -14.457658
v -9.705552 -16.697871 -14.336078
v -13.094707 -16.660125 -10.946924
v -13.256846 -16.920688 -10.784785
v -13.494417 -16.883061 -10.547214
v -13.542440 -14.342872 -10.499191
v -13.567294 -14.471506 -10.474336
v -13.162362 -13.432760 -10.879268
v -13.094707 -13.339875 -10.946924
v -13.023279 -13.252821 -11.018352
v -12.788933 -13.029596 -11.252698
v -12.255720 -12.774660 -11.785911
v -12.067962 -12.750988 -11.973669
v -11.973669 -12.750988 -12.067962
v -11.785911 -12.774660 -12.255720
v -11.879542 -12.758888 -12.162089
v -11.511269 -12.868516 -12.530361
v -11.093301 -13.171905 -12.948330
v -10.432619 -14.866709 -13.609011
v -10.429825 -15.000000 -13.611806
v -10.605380 -16.027416 -13.436251
v -9.827242 -16.729593 -14.214388
v -9.947959 -16.759423 -14.093671
v -13.023279 -16.747179 -11.018352
v -12.948330 -16.828095 -11.093301
v -13.020227 -16.951667 -11.021404
v -13.138187 -16.937036 -10.903444
v -13.613330 -16.861787 -10.428301
v -13.285421 -16.365300 -10.756210
v -13.600639 -15.266115 -10.440992
v -13.586717 -14.601997 -10.454914
v -13.512241 -14.216546 -10.529390
v -13.476803 -14.092972 -10.564828
v -13.436251 -13.972584 -10.605380
v -11.601451 -12.829570 -12.440180
v -11.693105 -12.798248 -12.348525
v -11.336586 -12.968705 -12.705045
v -11.422877 -12.914948 -12.618753
v -11.171507 -13.097409 -12.870123
v -11.018352 -13.252821 -13.023279
v -10.564828 -14.092972 -13.476803
v -10.605380 -13.972584 -13.436251
v -10.474336 -14.471506 -13.567294
v -10.440992 -14.733885 -13.600639
v -10.454914 -14.601997 -13.586717
v -10.650903 -16.144195 -13.390727
v -10.068786 -16.787637 -13.972845
v -10.701239 -16.256955 -13.340392
v -10.188740 -16.814013 -13.852891
v -10.308803 -16.838775 -13.732827
v -13.733127 -16.838715 -10.308503
v -13.512241 -15.783454 -10.529390
v -13.476803 -15.907028 -10.564828
v -14.580005 -16.629328 -9.461626
v -13.586717 -15.398003 -10.454914
v -13.567294 -15.528494 -10.474336
v -13.611806 -15.000000 -10.429825
v -13.609011 -15.133291 -10.432619
v -13.600639 -14.733885 -10.440992
v -13.609011 -14.866709 -10.432619
v -13.390727 -13.855805 -10.650903
v -13.340392 -13.743045 -10.701239
v -13.226008 -13.531150 -10.815622
v -13.285421 -13.634700 -10.756210
v -12.348525 -12.798248 -11.693105
v -11.252698 -13.029596 -12.788933
v -10.946924 -13.339875 -13.094707
v -10.529390 -14.216546 -13.512241
v -10.499191 -14.342872 -13.542440
v -10.815622 -16.468850 -13.226008
v -10.547490 -16.883109 -13.494140
v -10.666209 -16.902722 -13.375421
v -12.870123 -16.902591 -11.171507
v -12.901997 -16.964706 -11.139634
v -13.340392 -16.256955 -10.701239
v -13.436251 -16.027416 -10.605380
v -13.390727 -16.144195 -10.650903
v -14.093413 -16.759485 -9.948217
v -14.335795 -16.697947 -9.705836
v -14.703262 -16.592196 -9.338369
v -13.542440 -15.657128 -10.499191
v -14.925128 -16.521179 -9.116503
v -10.756210 -13.634700 -13.285421
v -10.756210 -16.365300 -13.285421
v -10.428092 -16.861748 -13.613539
v -13.852657 -16.814062 -10.188973
v -13.973169 -16.787563 -10.068462
v -14.214737 -16.729505 -9.826893
v -14.458033 -16.664426 -9.583597
v -14.826253 -16.553489 -9.215378
v -10.879268 -13.432760 -13.162362
v -10.815622 -13.531150 -13.226008
v -10.701239 -13.743045 -13.340392
v -10.650903 -13.855805 -13.390727
v -10.879268 -16.567240 -13.162362
v -10.785038 -16.920724 -13.256593
v -10.946924 -16.660125 -13.094707
v -10.903281 -16.937015 -13.138349
v -12.788933 -16.970404 -11.252698
v -11.018352 -16.747179 -13.023279
v -11.021635 -16.951694 -13.019996
v -11.093301 -16.828095 -12.948330
v -11.139495 -16.964692 -12.902136
v -11.171507 -16.902591 -12.870123
v -11.260357 -16.976337 -12.781273
v -11.252698 -16.970404 -12.788933
v -12.781273 -16.976337 -11.260357
v -7.276433 -15.066799 -4.095855
v -7.274925 -15.133291 -4.098533
v -7.276938 -15.000000 -4.094957
v -7.272405 -15.199856 -4.103002
v -7.268884 -15.266115 -4.109237
v -7.264351 -15.332211 -4.117245
v -7.258809 -15.398003 -4.127007
v -7.252753 -15.458845 -4.137641
v -7.244694 -15.528494 -4.151736
v -7.236131 -15.592975 -4.166642
v -7.226527 -15.657128 -4.183277
v -7.215895 -15.720753 -4.201591
v -7.204297 -15.783454 -4.221446
v -7.191637 -15.845698 -4.242978
v -7.177993 -15.907028 -4.266018
v -7.163304 -15.967676 -4.290638
v -7.147607 -16.027416 -4.316736
v -7.121233 -16.118300 -4.360108
v -7.113133 -16.144195 -4.373309
v -7.134731 -16.073130 -4.337985
v -7.094389 -16.201027 -4.403651
v -7.074571 -16.256955 -4.435419
v -7.053778 -16.311658 -4.468414
v -7.031929 -16.365300 -4.502718
v -7.009042 -16.417789 -4.538263
v -6.985224 -16.468850 -4.574838
v -6.959124 -16.521098 -4.614444
v -6.934484 -16.567240 -4.651390
v -6.982927 -16.473598 -4.578344
v -6.907616 -16.614387 -4.691198
v -6.879751 -16.660125 -4.731968
v -6.837860 -16.723470 -4.792303
v -6.821082 -16.747179 -4.816154
v -6.859073 -16.692163 -4.761892
v -6.790354 -16.788344 -4.859382
v -6.758549 -16.828095 -4.903520
v -6.725814 -16.866217 -4.948325
v -6.692246 -16.902591 -4.993630
v -6.654624 -16.940333 -5.043657
v -6.622282 -16.970404 -5.086047
v -6.686327 -16.908735 -5.001553
v -12.725931 -17.004464 -11.280507
v -6.585962 -17.001734 -5.132991
v -6.548791 -17.031295 -5.180332
v -12.670700 -17.031295 -11.302241
v -6.500344 -17.066282 -5.240995
v -6.471925 -17.085052 -5.276049
v -12.550964 -17.085052 -11.355088
v -12.612696 -17.058105 -11.326848
v -6.528392 -17.046500 -5.206016
v -6.432346 -17.109156 -5.324230
v -6.391860 -17.131484 -5.372767
v -12.433804 -17.131484 -11.414711
v -12.492323 -17.109082 -11.383924
v -6.364053 -17.145520 -5.405675
v -6.308794 -17.170430 -5.470065
v -12.319578 -17.170430 -11.480849
v -12.376491 -17.151838 -11.446873
v -6.266134 -17.187077 -5.518882
v -6.222950 -17.201752 -5.567530
v -12.208644 -17.201752 -11.553224
v -12.255835 -17.189249 -11.521413
v -6.193717 -17.210491 -5.600033
v -6.134571 -17.225340 -5.664763
v -12.101353 -17.225340 -11.631544
v -12.154608 -17.214500 -11.591596
v -12.033137 -17.236570 -11.685989
v -12.067077 -17.231368 -11.658427
v -6.089519 -17.234206 -5.713165
v -6.043925 -17.241112 -5.761378
v -11.998053 -17.241112 -11.715506
v -5.984514 -17.247102 -5.823066
v -5.951300 -17.249012 -5.857007
v -11.899087 -17.249012 -11.804795
v -11.948163 -17.246036 -11.759364
v -6.017468 -17.244193 -5.789005
v -5.904431 -17.250000 -5.904252
v -11.851214 -17.250000 -11.851458
v -5.857007 -17.249012 -5.951300
v -11.804795 -17.249012 -11.899087
v -5.835403 -17.247911 -5.972485
v -11.754399 -17.245583 -11.953682
v -5.798411 -17.245095 -6.008405
v -5.761378 -17.241112 -6.043925
v -11.715506 -17.241112 -11.998053
v -5.713091 -17.234194 -6.089589
v -11.672805 -17.234201 -12.049224
v -5.664763 -17.225340 -6.134571
v -11.631544 -17.225340 -12.101353
v -5.647757 -17.221769 -6.150231
v -11.584710 -17.212388 -12.164088
v -5.607671 -17.212420 -6.186802
v -5.567530 -17.201752 -6.222950
v -11.553224 -17.201752 -12.208644
v -5.518808 -17.187053 -6.266200
v -11.516187 -17.187013 -12.263813
v -5.470065 -17.170430 -6.308794
v -11.480849 -17.170430 -12.319578
v -5.454702 -17.164792 -6.322082
v -11.446829 -17.151811 -12.376568
v -5.413764 -17.148834 -6.357174
v -5.372767 -17.131484 -6.391860
v -11.414711 -17.131484 -12.433804
v -5.324402 -17.109239 -6.432204
v -11.379165 -17.105332 -12.501729
v -5.276049 -17.085052 -6.471925
v -11.355088 -17.085052 -12.550964
v -5.256402 -17.074661 -6.487891
v -11.327726 -17.059001 -12.610704
v -5.218246 -17.053537 -6.518621
v -5.180332 -17.031295 -6.548791
v -11.302241 -17.031295 -12.670700
v -5.132914 -17.001684 -6.586023
v -11.280527 -17.004490 -12.725879
v -5.086047 -16.970404 -6.622282
v -5.053205 -16.947256 -6.647377
v -4.993630 -16.902591 -6.692246
v -4.948276 -16.866176 -6.725851
v -4.903520 -16.828095 -6.758549
v -4.845070 -16.774966 -6.800573
v -4.816154 -16.747179 -6.821082
v -4.773701 -16.704466 -6.850860
v -4.731968 -16.660125 -6.879751
v -4.691130 -16.614309 -6.907662
v -4.632075 -16.543416 -6.947401
v -4.603245 -16.506627 -6.966537
v -4.651390 -16.567240 -6.934484
v -4.574838 -16.468850 -6.985224
v -4.538202 -16.417702 -7.009081
v -4.502718 -16.365300 -7.031929
v -4.468476 -16.311759 -7.053738
v -4.435419 -16.256955 -7.074571
v -4.415081 -16.221544 -7.087282
v -4.373309 -16.144195 -7.113133
v -4.344277 -16.086215 -7.130901
v -4.316736 -16.027416 -7.147607
v -4.290598 -15.967580 -7.163328
v -4.266018 -15.907028 -7.177993
v -4.242942 -15.845599 -7.191658
v -4.221446 -15.783454 -7.204297
v -4.207137 -15.738858 -7.212662
v -4.193638 -15.693898 -7.220519
v -4.183277 -15.657128 -7.226527
v -4.166691 -15.593174 -7.236103
v -4.151736 -15.528494 -7.244694
v -4.138534 -15.463578 -7.252244
v -4.127007 -15.398003 -7.258809
v -4.117229 -15.332086 -7.264360
v -4.109237 -15.266115 -7.268884
v -4.102992 -15.199731 -7.272411
v -4.098533 -15.133291 -7.274925
v -4.095851 -15.066673 -7.276435
v -4.095850 -14.933382 -7.276435
v -4.098533 -14.866709 -7.274925
v -4.094957 -15.000000 -7.276938
v -4.102987 -14.800325 -7.272413
v -4.109237 -14.733885 -7.268884
v -4.117256 -14.667708 -7.264344
v -4.127007 -14.601997 -7.258809
v -4.138532 -14.536429 -7.252244
v -4.151736 -14.471506 -7.244694
v -4.166681 -14.406869 -7.236109
v -4.183277 -14.342872 -7.226527
v -4.207131 -14.261163 -7.212666
v -4.221446 -14.216546 -7.204297
v -4.193299 -14.307270 -7.220716
v -4.242927 -14.154441 -7.191666
v -4.266018 -14.092972 -7.177993
v -4.290581 -14.032460 -7.163338
v -4.316736 -13.972584 -7.147607
v -4.344374 -13.913585 -7.130842
v -4.373309 -13.855805 -7.113133
v -4.415081 -13.778456 -7.087282
v -4.435419 -13.743045 -7.074571
v -4.468461 -13.688266 -7.053748
v -4.502718 -13.634700 -7.031929
v -4.538186 -13.582321 -7.009092
v -4.574838 -13.531150 -6.985224
v -4.632294 -13.456310 -6.947255
v -4.651390 -13.432760 -6.934484
v -4.603235 -13.493386 -6.966543
v -4.691126 -13.385696 -6.907665
v -4.731968 -13.339875 -6.879751
v -4.773709 -13.295525 -6.850854
v -4.816154 -13.252821 -6.821082
v -4.845070 -13.225034 -6.800573
v -4.903520 -13.171905 -6.758549
v -4.948254 -13.133842 -6.725867
v -4.993630 -13.097409 -6.692246
v -5.053205 -13.052744 -6.647377
v -5.086047 -13.029596 -6.622282
v -5.132890 -12.998332 -6.586041
v -5.180332 -12.968705 -6.548791
v -5.256499 -12.925287 -6.487813
v -5.276043 -12.914951 -6.471929
v -5.218327 -12.946417 -6.518555
v -5.324367 -12.890778 -6.432233
v -5.372767 -12.868516 -6.391860
v -5.454758 -12.835187 -6.322034
v -5.470062 -12.829571 -6.308797
v -5.413739 -12.851176 -6.357195
v -5.518773 -12.812958 -6.266231
v -5.567530 -12.798248 -6.222950
v -5.647791 -12.778223 -6.150200
v -5.664760 -12.774660 -6.134573
v -5.607647 -12.787586 -6.186824
v -5.713069 -12.765809 -6.089609
v -5.761378 -12.758888 -6.043925
v -5.835415 -12.752088 -5.972473
v -5.857007 -12.750988 -5.951300
v -5.798540 -12.754893 -6.008281
v -5.904393 -12.750000 -5.904290
v -5.984495 -12.752897 -5.823085
v -6.017448 -12.755805 -5.789026
v -5.951300 -12.750988 -5.857007
v -6.043925 -12.758888 -5.761378
v -6.089484 -12.765787 -5.713203
v -6.134571 -12.774660 -5.664763
v -6.193717 -12.789509 -5.600033
v -6.222950 -12.798248 -5.567530
v -6.266220 -12.812954 -5.518785
v -6.308794 -12.829570 -5.470065
v -6.364053 -12.854480 -5.405675
v -6.391860 -12.868516 -5.372767
v -6.432322 -12.890830 -5.324258
v -6.500332 -12.933710 -5.241010
v -6.528293 -12.953428 -5.206140
v -6.471925 -12.914948 -5.276049
v -6.548791 -12.968705 -5.180332
v -6.585941 -12.998249 -5.133019
v -6.654607 -13.059651 -5.043679
v -6.686279 -13.091216 -5.001617
v -6.622282 -13.029596 -5.086047
v -6.692247 -13.097410 -4.993629
v -6.725923 -13.133905 -4.948177
v -6.758549 -13.171905 -4.903520
v -6.790340 -13.211639 -4.859401
v -6.838005 -13.276738 -4.792097
v -6.859067 -13.307827 -4.761902
v -6.821082 -13.252821 -4.816154
v -6.879751 -13.339875 -4.731968
v -6.907604 -13.385593 -4.691216
v -6.934484 -13.432760 -4.651390
v -6.959114 -13.478883 -4.614459
v -6.982891 -13.526328 -4.578399
v -6.985224 -13.531150 -4.574838
v -7.009034 -13.582193 -4.538275
v -7.031929 -13.634700 -4.502718
v -7.053797 -13.688391 -4.468384
v -7.074571 -13.743045 -4.435419
v -7.094379 -13.798944 -4.403668
v -7.121390 -13.882212 -4.359851
v -7.134725 -13.926852 -4.337994
v -7.113133 -13.855805 -4.373309
v -7.147607 -13.972584 -4.316736
v -7.163296 -14.032292 -4.290652
v -7.177993 -14.092972 -4.266018
v -7.191630 -14.154269 -4.242990
v -7.204297 -14.216546 -4.221446
v -7.215924 -14.279415 -4.201540
v -7.226527 -14.342872 -4.183277
v -7.236130 -14.407016 -4.166645
v -7.244694 -14.471506 -4.151736
v -7.252753 -14.541155 -4.137641
v -7.258809 -14.601997 -4.127007
v -7.264349 -14.667767 -4.117248
v -7.268884 -14.733885 -4.109237
v -7.272404 -14.800122 -4.103004
v -7.274925 -14.866709 -4.098533
v -7.276432 -14.933178 -4.095855
v -0.000000 -20.000000 14.010320
v 0.273366 -20.000000 14.007653
v 0.546628 -20.000000 13.999653
v 0.819682 -20.000000 13.986322
v 1.092423 -20.000000 13.967666
v 1.364749 -20.000000 13.943692
v 1.636555 -20.000000 13.914408
v 1.907738 -20.000000 13.879827
v 2.178195 -20.000000 13.839962
v 2.447822 -20.000000 13.794827
v 2.716518 -20.000000 13.744439
v 2.984179 -20.000000 13.688819
v 3.250704 -20.000000 13.627986
v 3.515991 -20.000000 13.561965
v 3.779939 -20.000000 13.490780
v 4.042448 -20.000000 13.414458
v 4.303419 -20.000000 13.333029
v 4.562750 -20.000000 13.246524
v 4.820345 -20.000000 13.154975
v 5.076104 -20.000000 13.058417
v 5.329930 -20.000000 12.956887
v 5.581727 -20.000000 12.850424
v 5.831399 -20.000000 12.739068
v 6.078850 -20.000000 12.622862
v 6.323987 -20.000000 12.501850
v 6.566716 -20.000000 12.376078
v 6.806945 -20.000000 12.245594
v 7.044583 -20.000000 12.110447
v 7.279538 -20.000000 11.970690
v 7.511721 -20.000000 11.826374
v 7.741044 -20.000000 11.677556
v 7.967420 -20.000000 11.524291
v 8.190763 -20.000000 11.366639
v 8.410987 -20.000000 11.204659
v 8.628008 -20.000000 11.038413
v 8.841744 -20.000000 10.867964
v 9.052114 -20.000000 10.693377
v 9.259037 -20.000000 10.514718
v 9.462435 -20.000000 10.332057
v 9.662231 -20.000000 10.145461
v 9.858347 -20.000000 9.955002
v 10.050710 -20.000000 9.760753
v 10.239246 -20.000000 9.562788
v 10.423884 -20.000000 9.361182
v 10.604552 -20.000000 9.156012
v 10.781183 -20.000000 8.947355
v 10.953710 -20.000000 8.735292
v 11.122065 -20.000000 8.519903
v 11.286186 -20.000000 8.301270
v 11.446010 -20.000000 8.079476
v 11.601476 -20.000000 7.854606
v 11.752524 -20.000000 7.626746
v 11.899098 -20.000000 7.395981
v 12.041142 -20.000000 7.162401
v 12.178600 -20.000000 6.926094
v 12.311422 -20.000000 6.687149
v 12.439556 -20.000000 6.445659
v 12.562954 -20.000000 6.201714
v 12.681569 -20.000000 5.955408
v 12.795355 -20.000000 5.706834
v 12.904270 -20.000000 5.456088
v 13.008271 -20.000000 5.203264
v 13.107319 -20.000000 4.948460
v 13.201377 -20.000000 4.691771
v 13.290409 -20.000000 4.433295
v 13.374380 -20.000000 4.173132
v 13.453259 -20.000000 3.911380
v 13.527016 -20.000000 3.648139
v 13.595622 -20.000000 3.383508
v 13.659052 -20.000000 3.117590
v 13.717282 -20.000000 2.850484
v 13.770288 -20.000000 2.582293
v 13.818052 -20.000000 2.313119
v 13.860554 -20.000000 2.043064
v 13.897779 -20.000000 1.772231
v 13.929713 -20.000000 1.500724
v 13.956343 -20.000000 1.228645
v 13.977659 -20.000000 0.956098
v 13.993653 -20.000000 0.683187
v 14.004319 -20.000000 0.410016
v 14.009654 -20.000000 0.136690
v 14.009654 -20.000000 -0.136690
v 14.004319 -20.000000 -0.410016
v 13.993653 -20.000000 -0.683187
v 13.977659 -20.000000 -0.956098
v 13.956343 -20.000000 -1.228645
v 13.929713 -20.000000 -1.500724
v 13.897779 -20.000000 -1.772231
v 13.860554 -20.000000 -2.043064
v 13.818052 -20.000000 -2.313119
v 13.770288 -20.000000 -2.582293
v 13.717282 -20.000000 -2.850484
v 13.659052 -20.000000 -3.117590
v 13.595622 -20.000000 -3.383508
v 13.527016 -20.000000 -3.648139
v 13.453259 -20.000000 -3.911380
v 13.374380 -20.000000 -4.173132
v 13.290409 -20.000000 -4.433295
v 13.201377 -20.000000 -4.691771
v 13.107319 -20.000000 -4.948460
v 13.008271 -20.000000 -5.203264
v 12.904270 -20.000000 -5.456088
v 12.795355 -20.000000 -5.706834
v 12.681569 -20.000000 -5.955408
v 12.562954 -20.000000 -6.201714
v 12.439556 -20.000000 -6.445659
v 12.311422 -20.000000 -6.687149
v 12.178600 -20.000000 -6.926094
v 12.041142 -20.000000 -7.162401
v 11.899098 -20.000000 -7.395981
v 11.752524 -20.000000 -7.626746
v 11.601476 -20.000000 -7.854606
v 11.446010 -20.000000 -8.079476
v 11.286186 -20.000000 -8.301270
v 11.122065 -20.000000 -8.519903
v 10.953710 -20.000000 -8.735292
v 10.781183 -20.000000 -8.947355
v 10.604552 -20.000000 -9.156012
v 10.423884 -20.000000 -9.361182
v 10.239246 -20.000000 -9.562788
v 10.050710 -20.000000 -9.760753
v 9.858347 -20.000000 -9.955002
v 9.662231 -20.000000 -10.145461
v 9.462435 -20.000000 -10.332057
v 9.259037 -20.000000 -10.514718
v 9.052114 -20.000000 -10.693377
v 8.841744 -20.000000 -10.867964
v 8.628008 -20.000000 -11.038413
v 8.410987 -20.000000 -11.204659
v 8.190763 -20.000000 -11.366639
v 7.967420 -20.000000 -11.524291
v 7.741044 -20.000000 -11.677556
v 7.511721 -20.000000 -11.826374
v 7.279538 -20.000000 -11.970690
v 7.044583 -20.000000 -12.110447
v 6.806945 -20.000000 -12.245594
v 6.566716 -20.000000 -12.376078
v 6.323987 -20.000000 -12.501850
v 6.078850 -20.000000 -12.622862
v 5.831399 -20.000000 -12.739068
v 5.581727 -20.000000 -12.850424
v 5.329930 -20.000000 -12.956887
v 5.076104 -20.000000 -13.058417
v 4.820345 -20.000000 -13.154975
v 4.562750 -20.000000 -13.246524
v 4.303419 -20.000000 -13.333029
v 4.042448 -20.000000 -13.414458
v 3.779939 -20.000000 -13.490780
v 3.515991 -20.000000 -13.561965
v 3.250704 -20.000000 -13.627986
v 2.984179 -20.000000 -13.688819
v 2.716518 -20.000000 -13.744439
v 2.447822 -20.000000 -13.794827
v 2.178195 -20.000000 -13.839962
v 1.907738 -20.000000 -13.879827
v 1.636555 -20.000000 -13.914408
v 1.364749 -20.000000 -13.943692
v 1.092423 -20.000000 -13.967666
v 0.819682 -20.000000 -13.986322
v 0.546628 -20.000000 -13.999653
v 0.273366 -20.000000 -14.007653
v 0.000000 -20.000000 -14.010320
v -0.273366 -20.000000 -14.007653
v -0.546628 -20.000000 -13.999653
v -0.819682 -20.000000 -13.986322
v -1.092423 -20.000000 -13.967666
v -1.364749 -20.000000 -13.943692
v -1.636555 -20.000000 -13.914408
v -1.907738 -20.000000 -13.879827
v -2.178195 -20.000000 -13.839962
v -2.447822 -20.000000 -13.794827
v -2.716518 -20.000000 -13.744439
v -2.984179 -20.000000 -13.688819
v -3.250704 -20.000000 -13.627986
v -3.515991 -20.000000 -13.561965
v -3.779939 -20.000000 -13.490780
v -4.042448 -20.000000 -13.414458
v -4.303419 -20.000000 -13.333029
v -4.562750 -20.000000 -13.246524
v -4.820345 -20.000000 -13.154975
v -5.076104 -20.000000 -13.058417
v -5.329930 -20.000000 -12.956887
v -5.581727 -20.000000 -12.850424
v -5.831399 -20.000000 -12.739068
v -6.078850 -20.000000 -12.622862
v -6.323987 -20.000000 -12.501850
v -6.566716 -20.000000 -12.376078
v -6.806945 -20.000000 -12.245594
v -7.044583 -20.000000 -12.110447
v -12.041142 -20.000000 -7.162401
v -12.178600 -20.000000 -6.926094
v -12.311422 -20.000000 -6.687149
v -12.439556 -20.000000 -6.445659
v -12.562954 -20.000000 -6.201714
v -12.681569 -20.000000 -5.955408
v -12.795355 -20.000000 -5.706834
v -12.904270 -20.000000 -5.456088
v -13.008271 -20.000000 -5.203264
v -13.107319 -20.000000 -4.948460
v -13.201377 -20.000000 -4.691771
v -13.290409 -20.000000 -4.433295
v -13.374380 -20.000000 -4.173132
v -13.453259 -20.000000 -3.911380
v -13.527016 -20.000000 -3.648139
v -13.595622 -20.000000 -3.383508
v -13.659052 -20.000000 -3.117590
v -13.717282 -20.000000 -2.850484
v -13.770288 -20.000000 -2.582293
v -13.818052 -20.000000 -2.313119
v -13.860554 -20.000000 -2.043064
v -13.897779 -20.000000 -1.772231
v -13.929713 -20.000000 -1.500724
v -13.956343 -20.000000 -1.228645
v -13.977659 -20.000000 -0.956098
v -13.993653 -20.000000 -0.683187
v -14.004319 -20.000000 -0.410016
v -14.009654 -20.000000 -0.136690
v -14.009654 -20.000000 0.136690
v -14.004319 -20.000000 0.410016
v -13.993653 -20.000000 0.683187
v -13.977659 -20.000000 0.956098
v -13.956343 -20.000000 1.228645
v -13.929713 -20.000000 1.500724
v -13.897779 -20.000000 1.772231
v -13.860554 -20.000000 2.043064
v -13.818052 -20.000000 2.313119
v -13.770288 -20.000000 2.582293
v -13.717282 -20.000000 2.850484
v -13.659052 -20.000000 3.117590
v -13.595622 -20.000000 3.383508
v -13.527016 -20.000000 3.648139
v -13.453259 -20.000000 3.911380
v -13.374380 -20.000000 4.173132
v -13.290409 -20.000000 4.433295
v -13.201377 -20.000000 4.691771
v -13.107319 -20.000000 4.948460
v -13.008271 -20.000000 5.203264
v -12.904270 -20.000000 5.456088
v -12.795355 -20.000000 5.706834
v -12.681569 -20.000000 5.955408
v -12.562954 -20.000000 6.201714
v -12.439556 -20.000000 6.445659
v -12.311422 -20.000000 6.687149
v -12.178600 -20.000000 6.926094
v -12.041142 -20.000000 7.162401
v -11.899098 -20.000000 7.395981
v -11.752524 -20.000000 7.626746
v -11.601476 -20.000000 7.854606
v -11.446010 -20.000000 8.079476
v -11.286186 -20.000000 8.301270
v -11.122065 -20.000000 8.519903
v -10.953710 -20.000000 8.735292
v -10.781183 -20.000000 8.947355
v -10.604552 -20.000000 9.156012
v -10.423884 -20.000000 9.361182
v -10.239246 -20.000000 9.562788
v -10.050710 -20.000000 9.760753
v -9.858347 -20.000000 9.955002
v -9.662231 -20.000000 10.145461
v -9.462435 -20.000000 10.332057
v -9.259037 -20.000000 10.514718
v -9.052114 -20.000000 10.693377
v -8.841744 -20.000000 10.867964
v -8.628008 -20.000000 11.038413
v -8.410987 -20.000000 11.204659
v -8.190763 -20.000000 11.366639
v -7.967420 -20.000000 11.524291
v -7.741044 -20.000000 11.677556
v -7.511721 -20.000000 11.826374
v -7.279538 -20.000000 11.970690
v -7.044583 -20.000000 12.110447
v -6.806945 -20.000000 12.245594
v -6.566716 -20.000000 12.376078
v -6.323987 -20.000000 12.501850
v -6.078850 -20.000000 12.622862
v -5.831399 -20.000000 12.739068
v -5.581727 -20.000000 12.850424
v -5.329930 -20.000000 12.956887
v -5.076104 -20.000000 13.058417
v -4.820345 -20.000000 13.154975
v -4.562750 -20.000000 13.246524
v -4.303419 -20.000000 13.333029
v -4.042448 -20.000000 13.414458
v -3.779939 -20.000000 13.490780
v -3.515991 -20.000000 13.561965
v -3.250704 -20.000000 13.627986
v -2.984179 -20.000000 13.688819
v -2.716518 -20.000000 13.744439
v -2.447822 -20.000000 13.794827
v -2.178195 -20.000000 13.839962
v -1.907738 -20.000000 13.879827
v -1.636555 -20.000000 13.914408
v -1.364749 -20.000000 13.943692
v -1.092423 -20.000000 13.967666
v -0.819682 -20.000000 13.986322
v -0.546628 -20.000000 13.999653
v -0.273366 -20.000000 14.007653
v -11.899098 -20.000000 -7.395981
v -11.752524 -20.000000 -7.626746
v -11.601476 -20.000000 -7.854606
v -11.446010 -20.000000 -8.079476
v -11.286186 -20.000000 -8.301270
v -11.122065 -20.000000 -8.519903
v -10.953710 -20.000000 -8.735292
v -10.781183 -20.000000 -8.947355
v -10.604552 -20.000000 -9.156012
v -10.423884 -20.000000 -9.361182
v -10.239246 -20.000000 -9.562788
v -10.050710 -20.000000 -9.760753
v -9.858347 -20.000000 -9.955002
v -9.662231 -20.000000 -10.145461
v -9.462435 -20.000000 -10.332057
v -9.259037 -20.000000 -10.514718
v -9.052114 -20.000000 -10.693377
v -8.841744 -20.000000 -10.867964
v -8.628008 -20.000000 -11.038413
v -8.410987 -20.000000 -11.204659
v -8.190763 -20.000000 -11.366639
v -7.967420 -20.000000 -11.524291
v -7.741044 -20.000000 -11.677556
v -7.511721 -20.000000 -11.826374
v -7.279538 -20.000000 -11.970690
v -0.258405 -20.000000 -8.346001
v 0.000000 -20.000000 -8.350000
v -0.516563 -20.000000 -8.334006
v -0.774225 -20.000000 -8.314029
v -1.031146 -20.000000 -8.286087
v -1.287079 -20.000000 -8.250208
v -1.541780 -20.000000 -8.206425
v -1.795003 -20.000000 -8.154782
v -2.046507 -20.000000 -8.095326
v -2.296051 -20.000000 -8.028116
v -2.543395 -20.000000 -7.953216
v -2.788302 -20.000000 -7.870697
v -3.030539 -20.000000 -7.780638
v -3.269873 -20.000000 -7.683126
v -3.506074 -20.000000 -7.578255
v -3.738917 -20.000000 -7.466124
v -3.968178 -20.000000 -7.346840
v -7.494831 -20.000000 -3.681033
v -7.377326 -20.000000 -3.911210
v -7.605157 -20.000000 -3.447330
v -7.708198 -20.000000 -3.210324
v -7.803855 -20.000000 -2.970243
v -7.892037 -20.000000 -2.727317
v -7.972658 -20.000000 -2.481778
v -8.045642 -20.000000 -2.233862
v -8.110920 -20.000000 -1.983806
v -8.168427 -20.000000 -1.731849
v -8.218110 -20.000000 -1.478234
v -8.259920 -20.000000 -1.223202
v -8.293818 -20.000000 -0.966999
v -8.319771 -20.000000 -0.709869
v -8.337754 -20.000000 -0.452060
v -8.347750 -20.000000 -0.193817
v -8.349750 -20.000000 0.064611
v -8.343751 -20.000000 0.322977
v -8.329760 -20.000000 0.581034
v -8.307789 -20.000000 0.838535
v -8.277860 -20.000000 1.095232
v -8.240001 -20.000000 1.350880
v -8.194250 -20.000000 1.605234
v -8.140648 -20.000000 1.858050
v -8.079248 -20.000000 2.109086
v -8.010110 -20.000000 2.358102
v -7.933297 -20.000000 2.604859
v -7.848886 -20.000000 2.849121
v -7.756956 -20.000000 3.090654
v -7.657595 -20.000000 3.329226
v -7.550898 -20.000000 3.564608
v -7.436969 -20.000000 3.796576
v -7.315915 -20.000000 4.024908
v -7.187854 -20.000000 4.249383
v -7.052906 -20.000000 4.469789
v -6.911203 -20.000000 4.685912
v -6.762879 -20.000000 4.897547
v -6.608077 -20.000000 5.104490
v -6.446945 -20.000000 5.306543
v -6.279637 -20.000000 5.503513
v -6.106314 -20.000000 5.695211
v -5.927141 -20.000000 5.881454
v -5.742290 -20.000000 6.062062
v -5.551939 -20.000000 6.236864
v -5.356270 -20.000000 6.405691
v -5.155469 -20.000000 6.568382
v -4.949730 -20.000000 6.724780
v -4.739249 -20.000000 6.874737
v -4.524229 -20.000000 7.018109
v -4.304875 -20.000000 7.154757
v -4.081397 -20.000000 7.284552
v -3.854009 -20.000000 7.407369
v -3.622929 -20.000000 7.523090
v -3.388379 -20.000000 7.631604
v -3.150583 -20.000000 7.732808
v -2.909769 -20.000000 7.826605
v -2.666168 -20.000000 7.912904
v -2.420012 -20.000000 7.991623
v -2.171539 -20.000000 8.062687
v -1.920985 -20.000000 8.126027
v -1.668591 -20.000000 8.181583
v -1.414599 -20.000000 8.229302
v -1.159252 -20.000000 8.269138
v -0.902794 -20.000000 8.301052
v -0.645471 -20.000000 8.325015
v -0.387530 -20.000000 8.341002
v -0.129218 -20.000000 8.349000
v 0.129218 -20.000000 8.349000
v 0.000000 -20.000000 8.350000
v 0.387530 -20.000000 8.341002
v 0.645471 -20.000000 8.325015
v 0.902794 -20.000000 8.301052
v 1.159252 -20.000000 8.269138
v 1.414599 -20.000000 8.229302
v 1.668591 -20.000000 8.181583
v 1.920985 -20.000000 8.126027
v 2.171539 -20.000000 8.062687
v 2.420012 -20.000000 7.991623
v 2.666168 -20.000000 7.912904
v 2.909769 -20.000000 7.826605
v 3.150583 -20.000000 7.732808
v 3.388379 -20.000000 7.631604
v 3.622929 -20.000000 7.523090
v 3.854009 -20.000000 7.407369
v 4.081397 -20.000000 7.284552
v 4.304875 -20.000000 7.154757
v 4.524229 -20.000000 7.018109
v 4.739249 -20.000000 6.874737
v 4.949730 -20.000000 6.724780
v 5.155469 -20.000000 6.568382
v 5.356270 -20.000000 6.405691
v 5.551939 -20.000000 6.236864
v 5.742290 -20.000000 6.062062
v 5.927141 -20.000000 5.881454
v 6.106314 -20.000000 5.695211
v 6.279637 -20.000000 5.503513
v 6.446945 -20.000000 5.306543
v 6.608077 -20.000000 5.104490
v 6.762879 -20.000000 4.897547
v 6.911203 -20.000000 4.685912
v 7.052906 -20.000000 4.469789
v 7.187854 -20.000000 4.249383
v 7.315915 -20.000000 4.024908
v 7.436969 -20.000000 3.796576
v 7.550898 -20.000000 3.564608
v 7.657595 -20.000000 3.329226
v 7.756956 -20.000000 3.090654
v 7.848886 -20.000000 2.849121
v 7.933297 -20.000000 2.604859
v 8.010110 -20.000000 2.358102
v 8.079248 -20.000000 2.109086
v 8.140648 -20.000000 1.858050
v 8.194250 -20.000000 1.605234
v 8.240001 -20.000000 1.350880
v 8.277860 -20.000000 1.095232
v 8.307789 -20.000000 0.838535
v 8.329760 -20.000000 0.581034
v 8.343751 -20.000000 0.322977
v 8.349750 -20.000000 0.064611
v 8.347750 -20.000000 -0.193817
v 8.337754 -20.000000 -0.452060
v 8.319771 -20.000000 -0.709869
v 8.293818 -20.000000 -0.966999
v 8.259920 -20.000000 -1.223202
v 8.218110 -20.000000 -1.478234
v 8.168427 -20.000000 -1.731849
v 8.110920 -20.000000 -1.983806
v 8.045642 -20.000000 -2.233862
v 7.972658 -20.000000 -2.481778
v 7.892037 -20.000000 -2.727317
v 7.803855 -20.000000 -2.970243
v 7.708198 -20.000000 -3.210324
v 7.605157 -20.000000 -3.447330
v 7.494831 -20.000000 -3.681033
v 7.377326 -20.000000 -3.911210
v 7.252753 -20.000000 -4.137641
v 7.121233 -20.000000 -4.360108
v 6.982891 -20.000000 -4.578399
v 6.837860 -20.000000 -4.792303
v 6.686279 -20.000000 -5.001617
v 6.528293 -20.000000 -5.206140
v 6.364053 -20.000000 -5.405675
v 6.193717 -20.000000 -5.600033
v 6.017448 -20.000000 -5.789026
v 5.835415 -20.000000 -5.972473
v 5.647791 -20.000000 -6.150200
v 5.454758 -20.000000 -6.322034
v 5.256499 -20.000000 -6.487813
v 5.053205 -20.000000 -6.647377
v 4.845070 -20.000000 -6.800573
v 4.632294 -20.000000 -6.947255
v 4.415081 -20.000000 -7.087282
v 4.193638 -20.000000 -7.220519
v 3.968178 -20.000000 -7.346840
v 3.738917 -20.000000 -7.466124
v 3.506074 -20.000000 -7.578255
v 3.269873 -20.000000 -7.683126
v 3.030539 -20.000000 -7.780638
v 2.788302 -20.000000 -7.870697
v 2.543395 -20.000000 -7.953216
v 2.296051 -20.000000 -8.028116
v 2.046507 -20.000000 -8.095326
v 1.795003 -20.000000 -8.154782
v 1.541780 -20.000000 -8.206425
v 1.287079 -20.000000 -8.250208
v 1.031146 -20.000000 -8.286087
v 0.774225 -20.000000 -8.314029
v 0.516563 -20.000000 -8.334006
v 0.258405 -20.000000 -8.346001
v -4.193638 -20.000000 -7.220519
v -4.415081 -20.000000 -7.087282
v -4.632294 -20.000000 -6.947255
v -4.845070 -20.000000 -6.800573
v -5.053205 -20.000000 -6.647377
v -5.256499 -20.000000 -6.487813
v -5.454758 -20.000000 -6.322034
v -5.647791 -20.000000 -6.150200
v -6.017448 -20.000000 -5.789026
v -5.835415 -20.000000 -5.972473
v -6.193717 -20.000000 -5.600033
v -6.364053 -20.000000 -5.405675
v -6.528293 -20.000000 -5.206140
v -6.686279 -20.000000 -5.001617
v -6.837860 -20.000000 -4.792303
v -6.982891 -20.000000 -4.578399
v -7.121233 -20.000000 -4.360108
v -7.252753 -20.000000 -4.137641
usemtl nastavak_za_prcvrscavanjeMaterial0
f 1 2 3
f 3 4 1
f 1 5 2
f 6 2 5
f 7 6 8
f 8 9 7
f 7 9 10
f 11 10 12
f 12 13 11
f 14 15 16
f 13 12 14
f 15 17 16
f 17 18 19
f 17 15 18
f 19 20 21
f 20 22 23
f 20 19 22
f 23 24 25
f 24 26 27
f 24 23 26
f 27 28 29
f 28 30 31
f 28 27 30
f 31 32 33
f 32 34 35
f 32 31 34
f 35 36 37
f 36 38 39
f 36 35 38
f 39 40 41
f 40 42 43
f 40 39 44
f 44 42 40
f 43 45 46
f 45 47 48
f 45 43 47
f 48 49 50
f 49 51 52
f 49 48 51
f 52 53 54
f 53 55 56
f 53 52 55
f 56 57 58
f 57 59 60
f 57 56 59
f 60 61 62
f 61 63 64
f 61 60 65
f 65 63 61
f 64 66 67
f 66 68 69
f 69 70 71
f 71 72 69
f 66 64 68
f 70 73 74
f 74 75 76
f 70 69 73
f 75 77 78
f 78 79 80
f 75 74 77
f 79 81 82
f 82 83 84
f 82 85 83
f 79 78 81
f 85 86 87
f 87 88 89
f 85 82 86
f 88 90 91
f 91 92 93
f 88 87 90
f 92 94 95
f 95 96 97
f 92 91 94
f 96 98 99
f 99 100 101
f 101 102 99
f 96 95 98
f 100 103 104
f 104 105 106
f 100 99 103
f 105 107 108
f 108 109 110
f 105 104 107
f 109 111 112
f 112 113 114
f 114 115 112
f 109 116 111
f 109 108 116
f 113 117 118
f 118 119 120
f 113 112 117
f 121 119 122
f 123 124 121
f 119 118 122
f 125 126 127
f 127 128 125
f 128 129 124
f 124 123 128
f 130 131 132
f 131 126 125
f 125 132 131
f 133 134 135
f 135 136 133
f 133 130 134
f 137 138 139
f 138 140 141
f 141 139 138
f 140 136 141
f 139 142 137
f 143 144 145
f 145 146 143
f 144 137 145
f 147 148 149
f 149 150 147
f 148 143 149
f 151 152 153
f 153 154 151
f 152 155 153
f 155 147 153
f 156 157 158
f 158 159 156
f 157 151 158
f 160 161 162
f 162 163 160
f 161 156 162
f 164 165 166
f 166 167 164
f 165 168 166
f 168 160 166
f 169 170 171
f 171 172 169
f 170 164 171
f 173 174 175
f 175 176 173
f 174 169 175
f 176 177 173
f 178 179 180
f 180 181 178
f 179 173 180
f 182 183 184
f 184 185 182
f 183 178 184
f 186 187 188
f 188 189 186
f 187 182 188
f 190 191 192
f 192 193 190
f 193 194 190
f 195 196 194
f 194 197 195
f 197 198 195
f 196 199 194
f 200 201 198
f 198 202 200
f 202 203 200
f 204 205 203
f 203 206 204
f 206 207 204
f 208 209 207
f 207 210 208
f 210 211 208
f 212 213 211
f 211 214 212
f 214 215 212
f 216 217 215
f 215 218 216
f 218 219 216
f 220 221 219
f 219 222 220
f 222 223 220
f 224 225 223
f 223 226 224
f 226 227 224
f 228 229 227
f 227 230 228
f 230 231 228
f 231 232 228
f 233 234 232
f 232 235 233
f 235 236 233
f 237 238 236
f 236 239 237
f 239 240 237
f 241 242 243
f 243 240 241
f 241 244 242
f 245 242 244
f 246 245 247
f 247 248 246
f 246 248 249
f 250 249 251
f 251 252 250
f 253 254 255
f 252 251 253
f 254 256 255
f 256 257 258
f 256 254 257
f 258 259 260
f 259 261 262
f 259 258 261
f 262 263 264
f 263 265 266
f 263 267 265
f 263 262 267
f 266 268 269
f 268 270 271
f 268 266 270
f 271 272 273
f 272 274 275
f 272 271 274
f 275 276 277
f 276 278 279
f 276 275 278
f 279 280 281
f 280 282 283
f 280 279 282
f 283 284 285
f 284 286 287
f 284 283 286
f 287 288 289
f 288 290 291
f 288 287 290
f 291 292 293
f 292 294 295
f 292 291 294
f 295 296 297
f 296 298 299
f 296 295 298
f 299 300 301
f 299 302 300
f 302 303 304
f 302 299 303
f 304 305 306
f 305 307 308
f 308 309 310
f 305 304 307
f 309 311 312
f 312 313 314
f 309 308 311
f 313 315 316
f 316 317 318
f 313 312 315
f 317 319 320
f 320 321 322
f 317 323 319
f 317 316 323
f 321 324 325
f 325 326 327
f 321 320 324
f 326 328 329
f 329 330 331
f 329 332 330
f 326 325 328
f 332 333 334
f 334 335 336
f 332 329 333
f 335 337 338
f 338 339 340
f 335 334 337
f 339 341 342
f 342 343 344
f 342 345 343
f 339 338 341
f 345 346 347
f 347 348 349
f 345 342 346
f 348 350 351
f 351 352 353
f 348 347 350
f 354 355 356
f 356 357 358
f 352 359 355
f 355 354 352
f 352 351 359
f 360 357 361
f 362 363 360
f 357 356 361
f 364 365 366
f 363 362 365
f 365 364 363
f 367 368 369
f 366 367 370
f 367 371 370
f 370 372 366
f 373 368 374
f 374 375 373
f 373 369 368
f 376 377 378
f 378 379 376
f 377 375 378
f 380 381 382
f 383 381 380
f 380 384 383
f 382 376 380
f 384 385 383
f 386 387 388
f 388 389 386
f 387 383 388
f 390 391 392
f 392 393 390
f 391 386 392
f 394 395 396
f 397 395 394
f 394 398 397
f 396 390 394
f 399 400 401
f 401 402 399
f 400 397 401
f 403 404 405
f 405 406 403
f 404 399 405
f 407 408 409
f 409 410 407
f 408 403 409
f 411 412 413
f 413 414 411
f 412 415 413
f 415 407 413
f 416 417 418
f 418 419 416
f 417 411 418
f 420 421 422
f 422 423 420
f 421 416 422
f 424 425 426
f 427 425 424
f 424 428 427
f 426 420 424
f 429 430 431
f 429 432 433
f 433 430 429
f 431 434 429
f 435 436 434
f 434 437 435
f 437 438 435
f 439 440 438
f 438 441 439
f 441 442 439
f 443 444 442
f 442 445 443
f 445 446 443
f 447 448 446
f 446 449 447
f 449 450 447
f 451 452 453
f 451 454 450
f 450 452 451
f 453 455 451
f 456 457 455
f 455 458 456
f 458 459 456
f 460 461 459
f 459 462 460
f 462 463 460
f 464 465 463
f 463 466 464
f 466 467 464
f 468 469 467
f 467 470 468
f 470 471 468
f 472 473 471
f 471 474 472
f 474 475 472
f 476 477 475
f 475 478 476
f 478 479 476
f 479 4 476
f 477 472 475
f 473 468 471
f 469 464 467
f 465 460 463
f 461 456 459
f 457 451 455
f 454 447 450
f 448 443 446
f 444 439 442
f 440 435 438
f 436 429 434
f 432 427 433
f 428 433 427
f 423 424 420
f 419 422 416
f 414 418 411
f 410 413 407
f 406 409 403
f 402 405 399
f 398 401 397
f 393 394 390
f 389 392 386
f 385 388 383
f 379 380 376
f 374 378 375
f 369 371 367
f 366 372 364
f 361 362 360
f 356 358 354
f 351 353 348
f 347 349 345
f 342 344 339
f 338 340 335
f 334 336 332
f 329 331 326
f 325 327 321
f 320 322 317
f 316 318 313
f 312 314 309
f 308 310 305
f 304 306 302
f 299 301 296
f 295 297 292
f 291 293 288
f 287 289 284
f 283 285 280
f 279 281 276
f 275 277 272
f 271 273 268
f 266 269 263
f 262 264 259
f 258 260 256
f 255 252 253
f 249 250 246
f 244 247 245
f 243 237 240
f 238 233 236
f 234 228 232
f 229 224 227
f 225 220 223
f 221 216 219
f 217 212 215
f 213 208 211
f 209 204 207
f 205 200 203
f 201 195 198
f 199 190 194
f 191 186 192
f 189 192 186
f 185 188 182
f 181 184 178
f 177 180 173
f 172 175 169
f 167 171 164
f 163 166 160
f 159 162 156
f 154 158 151
f 150 153 147
f 146 149 143
f 142 145 137
f 135 141 136
f 132 134 130
f 127 129 128
f 122 123 121
f 118 120 113
f 112 115 109
f 108 110 105
f 104 106 100
f 99 102 96
f 95 97 92
f 91 93 88
f 87 89 85
f 82 84 79
f 78 80 75
f 74 76 70
f 69 72 66
f 64 67 61
f 60 62 57
f 56 58 53
f 52 54 49
f 48 50 45
f 43 46 40
f 39 41 36
f 35 37 32
f 31 33 28
f 27 29 24
f 23 25 20
f 19 21 17
f 16 13 14
f 10 11 7
f 5 8 6
f 3 476 4
f 480 481 482
f 483 480 484
f 485 483 486
f 487 485 488
f 489 487 490
f 491 489 492
f 493 491 494
f 495 493 496
f 497 495 498
f 499 497 500
f 501 499 502
f 503 501 504
f 505 503 506
f 507 505 508
f 509 507 510
f 511 509 512
f 513 511 514
f 515 513 516
f 517 515 518
f 519 517 520
f 521 519 522
f 523 521 524
f 525 523 526
f 527 525 528
f 529 527 530
f 531 529 532
f 533 531 534
f 535 533 536
f 537 535 538
f 539 537 540
f 541 539 542
f 543 541 544
f 545 543 546
f 547 545 548
f 549 547 550
f 551 549 552
f 553 551 554
f 555 553 556
f 557 555 558
f 559 557 560
f 561 559 562
f 563 561 564
f 565 563 566
f 567 565 568
f 569 567 570
f 571 569 572
f 573 571 574
f 575 573 576
f 577 575 578
f 579 577 580
f 581 579 582
f 583 581 584
f 585 583 586
f 587 585 588
f 589 587 590
f 591 589 592
f 593 591 594
f 595 593 596
f 597 595 598
f 599 597 600
f 601 599 602
f 603 601 604
f 605 603 606
f 607 605 608
f 609 607 610
f 611 609 612
f 613 611 614
f 615 616 617
f 618 615 619
f 620 618 621
f 622 620 623
f 624 622 625
f 626 624 627
f 628 626 629
f 630 628 631
f 632 630 633
f 634 632 635
f 636 634 637
f 638 636 639
f 640 638 641
f 642 640 643
f 644 642 645
f 646 644 647
f 648 646 649
f 650 648 651
f 652 650 653
f 654 652 655
f 656 654 657
f 658 656 659
f 660 658 661
f 662 660 663
f 664 662 665
f 666 664 667
f 668 666 669
f 670 668 671
f 672 670 673
f 674 672 675
f 676 674 677
f 678 676 679
f 680 678 681
f 682 680 683
f 684 682 685
f 686 684 687
f 688 686 689
f 690 688 691
f 692 690 693
f 694 692 695
f 696 694 697
f 698 696 699
f 700 698 701
f 702 700 703
f 704 702 705
f 706 704 707
f 708 706 709
f 710 708 711
f 712 710 713
f 714 712 715
f 716 714 717
f 718 719 720
f 721 718 722
f 723 721 724
f 725 723 726
f 727 725 728
f 729 727 730
f 731 729 732
f 733 731 734
f 735 733 736
f 737 735 738
f 739 737 740
f 741 739 742
f 743 741 744
f 745 743 746
f 747 745 748
f 749 747 750
f 751 749 752
f 753 751 754
f 755 753 756
f 757 755 758
f 759 757 760
f 761 759 762
f 763 761 764
f 765 763 766
f 767 765 768
f 769 767 770
f 771 769 772
f 773 771 774
f 775 773 776
f 777 775 778
f 779 777 780
f 781 779 782
f 783 781 784
f 785 783 786
f 787 785 788
f 789 787 790
f 791 789 792
f 793 791 794
f 795 793 796
f 797 795 798
f 799 797 800
f 801 799 802
f 803 801 804
f 805 803 806
f 807 805 808
f 809 807 810
f 811 809 812
f 813 811 814
f 815 813 816
f 817 815 818
f 819 817 820
f 821 819 822
f 823 821 824
f 825 823 826
f 827 825 828
f 829 827 830
f 831 829 832
f 833 831 834
f 835 833 836
f 837 835 838
f 839 837 840
f 841 839 842
f 843 844 845
f 841 846 847
f 847 845 841
f 848 844 843
f 849 848 850
f 851 849 852
f 853 851 854
f 855 853 856
f 857 855 858
f 859 857 860
f 861 859 862
f 863 861 864
f 865 863 866
f 867 865 868
f 869 867 870
f 871 869 872
f 873 871 874
f 875 873 876
f 877 875 878
f 879 877 880
f 881 879 882
f 883 881 884
f 885 883 886
f 887 885 888
f 889 887 890
f 891 889 892
f 893 891 894
f 895 893 896
f 897 895 898
f 899 897 900
f 901 899 902
f 903 901 904
f 905 903 906
f 907 905 908
f 909 907 910
f 911 909 912
f 913 911 914
f 915 913 916
f 917 915 918
f 919 917 920
f 921 919 922
f 923 921 924
f 925 923 926
f 927 925 928
f 929 927 930
f 931 929 932
f 933 931 934
f 935 933 936
f 937 935 938
f 939 937 940
f 941 939 942
f 943 941 944
f 945 943 946
f 947 945 948
f 949 947 950
f 951 949 952
f 953 951 954
f 955 953 956
f 957 955 958
f 959 957 960
f 961 959 962
f 963 961 964
f 965 963 966
f 967 965 968
f 969 967 970
f 971 969 972
f 973 971 974
f 975 973 976
f 977 975 978
f 979 977 980
f 981 979 982
f 983 981 984
f 481 983 985
f 986 987 988
f 986 989 987
f 986 990 989
f 986 991 990
f 986 992 993
f 986 994 992
f 993 991 986
f 986 995 994
f 986 996 995
f 986 997 998
f 998 996 986
f 999 1000 1001
f 999 1002 1003
f 999 1004 1002
f 999 1005 1004
f 999 1006 1005
f 999 988 1007
f 1007 1006 999
f 1003 1000 999
f 1008 1009 1010
f 1008 1011 1012
f 1012 1013 1008
f 1008 1001 1014
f 1014 1011 1008
f 1013 1009 1008
f 1015 1016 1017
f 1015 1018 1016
f 1015 1019 1020
f 1015 1010 1021
f 1021 1019 1015
f 1020 1018 1015
f 1022 1023 1024
f 1022 1025 1023
f 1022 1026 1027
f 1027 1028 1022
f 1028 1025 1022
f 1022 1017 1026
f 1029 1030 1031
f 1029 1032 1030
f 1029 1033 1032
f 1029 1024 1034
f 1034 1035 1029
f 1035 1033 1029
f 1036 1037 1038
f 1036 1039 1037
f 1040 1041 1039
f 1040 1031 1042
f 1042 1041 1040
f 1039 1036 1040
f 1043 1044 1045
f 1043 1046 1044
f 1043 1036 1047
f 1047 1048 1043
f 1048 1049 1043
f 1049 1046 1043
f 1050 1051 1052
f 1052 1053 1050
f 1050 1043 1054
f 1054 1055 1050
f 1055 1051 1050
f 1053 1056 1050
f 1057 1058 1059
f 1057 1060 1061
f 1061 1058 1057
f 1057 1050 1062
f 1062 1063 1057
f 1063 1060 1057
f 1064 1065 1066
f 1064 1067 1068
f 1064 1069 1067
f 1068 1065 1064
f 1064 1057 1070
f 1070 1069 1064
f 1071 1072 1073
f 1071 1074 1075
f 1075 1076 1071
f 1076 1077 1071
f 1077 1078 1071
f 1078 1072 1071
f 1071 1064 1079
f 1079 1074 1071
f 1080 1081 1082
f 1080 1083 1084
f 1084 1085 1080
f 1080 1071 1086
f 1086 1087 1080
f 1087 1088 1080
f 1088 1089 1080
f 1089 1083 1080
f 1085 1090 1080
f 1090 1091 1080
f 1091 1081 1080
f 1092 1093 1094
f 1092 1095 1096
f 1096 1093 1092
f 1094 1097 1092
f 1092 1098 1099
f 1099 1095 1092
f 1092 1100 1101
f 1092 1102 1100
f 1101 1098 1092
f 720 1103 1102
f 1102 1092 720
f 720 1104 1105
f 1105 1106 720
f 1106 1103 720
f 719 1107 1108
f 1108 720 719
f 1108 1104 720
f 719 1109 1110
f 719 1111 1112
f 1112 1113 719
f 1113 1114 719
f 1114 1115 719
f 719 1080 1116
f 1116 1117 719
f 1117 1118 719
f 1118 1119 719
f 1119 1120 719
f 1120 1121 719
f 1121 1111 719
f 1115 1109 719
f 1110 1107 719
f 1092 1122 1123
f 1092 1124 1122
f 1092 1125 1124
f 1092 1126 1125
f 1092 1127 1126
f 1092 1128 1127
f 1092 1129 1128
f 1092 1130 1129
f 1092 1097 1131
f 1131 1132 1092
f 1132 1130 1092
f 1133 1134 1135
f 1133 1136 1137
f 1133 1138 1139
f 1133 1140 1138
f 1133 1123 1141
f 1141 1140 1133
f 1139 1136 1133
f 1137 1134 1133
f 1142 1143 1144
f 1142 1145 1146
f 1146 1147 1142
f 1142 1135 1148
f 1148 1145 1142
f 1147 1143 1142
f 1149 1150 1151
f 1149 1152 1150
f 1149 1153 1152
f 1149 1144 1154
f 1154 1155 1149
f 1155 1153 1149
f 1156 1157 1158
f 1156 1159 1157
f 1156 1160 1161
f 1156 1162 1160
f 1161 1159 1156
f 1156 1151 1162
f 1163 1164 1165
f 1163 1166 1164
f 1163 1167 1166
f 1163 1158 1168
f 1168 1169 1163
f 1169 1167 1163
f 1170 1171 1172
f 1173 1174 1175
f 1175 1170 1173
f 1175 1171 1170
f 1173 1165 1176
f 1176 1174 1173
f 1177 1178 1179
f 1177 1180 1178
f 1177 1170 1181
f 1181 1182 1177
f 1182 1183 1177
f 1183 1180 1177
f 1184 1185 1186
f 1186 1187 1184
f 1184 1177 1188
f 1188 1189 1184
f 1189 1185 1184
f 1187 1190 1184
f 1191 1192 1193
f 1191 1194 1195
f 1195 1192 1191
f 1191 1184 1196
f 1196 1197 1191
f 1197 1194 1191
f 1198 1199 1200
f 1198 1201 1202
f 1198 1203 1201
f 1202 1199 1198
f 1198 1191 1204
f 1204 1203 1198
f 1205 1206 1207
f 1205 1208 1209
f 1209 1210 1205
f 1210 1211 1205
f 1211 1212 1205
f 1212 1206 1205
f 1205 1198 1213
f 1213 1208 1205
f 1214 1215 1216
f 1214 1205 1217
f 1217 1218 1214
f 1218 1219 1214
f 1219 1220 1214
f 1220 1221 1214
f 1221 1222 1214
f 1222 1223 1214
f 1223 1224 1214
f 1224 1225 1214
f 1225 1215 1214
f 986 1226 1227
f 986 1228 1226
f 986 1229 1230
f 1230 1228 986
f 1227 997 986
f 986 1231 1232
f 1232 1229 986
f 986 1233 1234
f 986 1235 1233
f 1234 1231 986
f 986 1236 1235
f 716 1237 1238
f 1238 986 716
f 1238 1236 986
f 716 1239 1240
f 1240 1237 716
f 1239 1241 1242
f 1239 1214 1243
f 1243 1244 1239
f 1244 1245 1239
f 1245 1246 1239
f 1246 1247 1239
f 1247 1248 1239
f 1248 1249 1239
f 1249 1250 1239
f 1250 1251 1239
f 1251 1252 1239
f 1252 1253 1239
f 1253 1241 1239
f 1242 1254 1239
f 1254 1240 1239
f 1255 434 431
f 1255 437 434
f 1255 438 437
f 1255 442 441
f 1255 445 442
f 441 438 1255
f 1255 446 445
f 1255 449 446
f 1255 452 450
f 450 449 1255
f 1256 422 419
f 1256 428 424
f 424 423 1256
f 1256 431 430
f 430 433 1256
f 433 428 1256
f 423 422 1256
f 1257 409 406
f 1257 413 410
f 1257 419 418
f 418 414 1257
f 414 413 1257
f 410 409 1257
f 1258 394 393
f 1258 398 394
f 1258 402 401
f 1258 406 405
f 405 402 1258
f 401 398 1258
f 1259 385 384
f 1259 388 385
f 1259 389 388
f 1259 392 389
f 1259 393 392
f 1260 1261 368
f 1261 379 378
f 1261 384 380
f 380 379 1261
f 378 374 1261
f 374 368 1261
f 1262 361 356
f 1262 365 362
f 362 361 1262
f 1260 366 365
f 1260 367 366
f 365 1262 1260
f 1263 1262 355
f 355 359 1263
f 359 351 1263
f 351 350 1263
f 350 347 1263
f 1264 337 334
f 1264 341 338
f 338 337 1264
f 1264 1263 346
f 346 342 1264
f 342 341 1264
f 1265 324 320
f 1265 325 324
f 1265 328 325
f 1265 329 328
f 1265 1264 333
f 333 329 1265
f 1266 315 312
f 1266 1265 319
f 319 323 1266
f 323 316 1266
f 316 315 1266
f 312 311 1266
f 311 308 1266
f 1267 294 291
f 1267 1266 307
f 307 304 1267
f 304 303 1267
f 303 299 1267
f 299 298 1267
f 298 295 1267
f 295 294 1267
f 1268 270 266
f 266 265 1268
f 265 267 1268
f 1268 279 278
f 1268 287 286
f 286 283 1268
f 283 282 1268
f 282 279 1268
f 278 275 1268
f 275 274 1268
f 274 271 1268
f 271 270 1268
f 1268 1267 290
f 290 287 1268
f 1269 236 235
f 235 232 1269
f 232 231 1269
f 1269 240 239
f 1269 241 240
f 239 236 1269
f 613 247 244
f 244 1269 613
f 244 241 1269
f 1270 249 248
f 248 613 1270
f 248 247 613
f 1270 254 253
f 253 251 1270
f 251 249 1270
f 1270 1268 267
f 267 262 1270
f 262 261 1270
f 261 258 1270
f 258 257 1270
f 257 254 1270
f 1269 207 206
f 1269 211 210
f 1269 214 211
f 1269 215 214
f 1269 218 215
f 1269 219 218
f 1269 222 219
f 1269 223 222
f 1269 226 223
f 1269 231 230
f 230 227 1269
f 227 226 1269
f 210 207 1269
f 1271 192 189
f 1271 193 192
f 1271 194 193
f 1271 197 194
f 1271 198 197
f 1271 202 198
f 1271 206 203
f 203 202 1271
f 1272 177 176
f 1272 180 177
f 1272 181 180
f 1272 184 181
f 1272 188 185
f 185 184 1272
f 1272 189 188
f 1273 166 163
f 1273 172 171
f 1273 176 175
f 175 172 1273
f 171 167 1273
f 167 166 1273
f 1274 153 150
f 1274 154 153
f 1274 158 154
f 1274 163 162
f 162 159 1274
f 159 158 1274
f 1275 142 139
f 1275 145 142
f 1275 146 145
f 1275 149 146
f 1275 150 149
f 1276 1277 132
f 132 125 1276
f 1277 135 134
f 1277 139 141
f 141 135 1277
f 134 132 1277
f 1278 117 112
f 1278 122 118
f 118 117 1278
f 1278 123 122
f 1276 128 123
f 123 1278 1276
f 1279 1278 111
f 111 116 1279
f 116 108 1279
f 108 107 1279
f 107 104 1279
f 1280 94 91
f 1280 98 95
f 95 94 1280
f 1280 1279 103
f 103 99 1280
f 99 98 1280
f 1281 81 78
f 1281 86 82
f 82 81 1281
f 1281 87 86
f 1281 1280 90
f 90 87 1281
f 1282 64 63
f 1282 68 64
f 1282 74 73
f 73 69 1282
f 69 68 1282
f 1282 1281 77
f 77 74 1282
f 1283 47 43
f 1283 48 47
f 1283 1282 65
f 65 60 1283
f 60 59 1283
f 59 56 1283
f 56 55 1283
f 55 52 1283
f 52 51 1283
f 51 48 1283
f 1255 455 453
f 1255 458 455
f 1255 459 458
f 1255 462 459
f 1255 466 463
f 463 462 1255
f 453 452 1255
f 1255 470 467
f 467 466 1255
f 1255 474 471
f 471 470 1255
f 1255 4 479
f 1255 1 4
f 479 478 1255
f 478 475 1255
f 475 474 1255
f 617 8 5
f 5 1255 617
f 5 1 1255
f 616 10 9
f 9 617 616
f 9 8 617
f 616 14 12
f 616 23 22
f 22 19 616
f 19 18 616
f 18 15 616
f 616 1283 42
f 42 44 616
f 44 39 616
f 39 38 616
f 38 35 616
f 35 34 616
f 34 31 616
f 31 30 616
f 30 27 616
f 27 26 616
f 26 23 616
f 15 14 616
f 12 10 616
f 43 42 1283
f 63 65 1282
f 78 77 1281
f 91 90 1280
f 104 103 1279
f 112 111 1278
f 125 128 1276
f 139 1277 1275
f 150 1275 1274
f 163 1274 1273
f 176 1273 1272
f 189 1272 1271
f 206 1271 1269
f 291 290 1267
f 308 307 1266
f 320 319 1265
f 334 333 1264
f 347 346 1263
f 356 355 1262
f 368 367 1260
f 384 1261 1259
f 393 1259 1258
f 406 1258 1257
f 419 1257 1256
f 431 1256 1255
f 1216 1243 1214
f 1207 1217 1205
f 1200 1213 1198
f 1193 1204 1191
f 1190 1196 1184
f 1179 1188 1177
f 1172 1181 1170
f 1165 1173 1163
f 1158 1163 1156
f 1151 1156 1149
f 1144 1149 1142
f 1135 1142 1133
f 1123 1133 1092
f 1082 1116 1080
f 1073 1086 1071
f 1066 1079 1064
f 1059 1070 1057
f 1056 1062 1050
f 1045 1054 1043
f 1038 1047 1036
f 1031 1040 1029
f 1024 1029 1022
f 1017 1022 1015
f 1010 1015 1008
f 1001 1008 999
f 988 999 986
f 985 482 481
f 984 985 983
f 982 984 981
f 980 982 979
f 978 980 977
f 976 978 975
f 974 976 973
f 972 974 971
f 970 972 969
f 968 970 967
f 966 968 965
f 964 966 963
f 962 964 961
f 960 962 959
f 958 960 957
f 956 958 955
f 954 956 953
f 952 954 951
f 950 952 949
f 948 950 947
f 946 948 945
f 944 946 943
f 942 944 941
f 940 942 939
f 938 940 937
f 936 938 935
f 934 936 933
f 932 934 931
f 930 932 929
f 928 930 927
f 926 928 925
f 924 926 923
f 922 924 921
f 920 922 919
f 918 920 917
f 916 918 915
f 914 916 913
f 912 914 911
f 910 912 909
f 908 910 907
f 906 908 905
f 904 906 903
f 902 904 901
f 900 902 899
f 898 900 897
f 896 898 895
f 894 896 893
f 892 894 891
f 890 892 889
f 888 890 887
f 886 888 885
f 884 886 883
f 882 884 881
f 880 882 879
f 878 880 877
f 876 878 875
f 874 876 873
f 872 874 871
f 870 872 869
f 868 870 867
f 866 868 865
f 864 866 863
f 862 864 861
f 860 862 859
f 858 860 857
f 856 858 855
f 854 856 853
f 852 854 851
f 850 852 849
f 843 850 848
f 845 847 843
f 842 846 841
f 840 842 839
f 838 840 837
f 836 838 835
f 834 836 833
f 832 834 831
f 830 832 829
f 828 830 827
f 826 828 825
f 824 826 823
f 822 824 821
f 820 822 819
f 818 820 817
f 816 818 815
f 814 816 813
f 812 814 811
f 810 812 809
f 808 810 807
f 806 808 805
f 804 806 803
f 802 804 801
f 800 802 799
f 798 800 797
f 796 798 795
f 794 796 793
f 792 794 791
f 790 792 789
f 788 790 787
f 786 788 785
f 784 786 783
f 782 784 781
f 780 782 779
f 778 780 777
f 776 778 775
f 774 776 773
f 772 774 771
f 770 772 769
f 768 770 767
f 766 768 765
f 764 766 763
f 762 764 761
f 760 762 759
f 758 760 757
f 756 758 755
f 754 756 753
f 752 754 751
f 750 752 749
f 748 750 747
f 746 748 745
f 744 746 743
f 742 744 741
f 740 742 739
f 738 740 737
f 736 738 735
f 734 736 733
f 732 734 731
f 730 732 729
f 728 730 727
f 726 728 725
f 724 726 723
f 722 724 721
f 720 722 718
f 717 1239 716
f 715 717 714
f 713 715 712
f 711 713 710
f 709 711 708
f 707 709 706
f 705 707 704
f 703 705 702
f 701 703 700
f 699 701 698
f 697 699 696
f 695 697 694
f 693 695 692
f 691 693 690
f 689 691 688
f 687 689 686
f 685 687 684
f 683 685 682
f 681 683 680
f 679 681 678
f 677 679 676
f 675 677 674
f 673 675 672
f 671 673 670
f 669 671 668
f 667 669 666
f 665 667 664
f 663 665 662
f 661 663 660
f 659 661 658
f 657 659 656
f 655 657 654
f 653 655 652
f 651 653 650
f 649 651 648
f 647 649 646
f 645 647 644
f 643 645 642
f 641 643 640
f 639 641 638
f 637 639 636
f 635 637 634
f 633 635 632
f 631 633 630
f 629 631 628
f 627 629 626
f 625 627 624
f 623 625 622
f 621 623 620
f 619 621 618
f 617 619 615
f 614 1270 613
f 612 614 611
f 610 612 609
f 608 610 607
f 606 608 605
f 604 606 603
f 602 604 601
f 600 602 599
f 598 600 597
f 596 598 595
f 594 596 593
f 592 594 591
f 590 592 589
f 588 590 587
f 586 588 585
f 584 586 583
f 582 584 581
f 580 582 579
f 578 580 577
f 576 578 575
f 574 576 573
f 572 574 571
f 570 572 569
f 568 570 567
f 566 568 565
f 564 566 563
f 562 564 561
f 560 562 559
f 558 560 557
f 556 558 555
f 554 556 553
f 552 554 551
f 550 552 549
f 548 550 547
f 546 548 545
f 544 546 543
f 542 544 541
f 540 542 539
f 538 540 537
f 536 538 535
f 534 536 533
f 532 534 531
f 530 532 529
f 528 530 527
f 526 528 525
f 524 526 523
f 522 524 521
f 520 522 519
f 518 520 517
f 516 518 515
f 514 516 513
f 512 514 511
f 510 512 509
f 508 510 507
f 506 508 505
f 504 506 503
f 502 504 501
f 500 502 499
f 498 500 497
f 496 498 495
f 494 496 493
f 492 494 491
f 490 492 489
f 488 490 487
f 486 488 485
f 484 486 483
f 482 484 480
f 1284 1285 807
f 1285 1286 805
f 1287 811 813
f 1288 1284 809
f 805 807 1285
f 1289 1290 963
f 1291 955 957
f 1292 953 955
f 1293 1294 943
f 1295 941 943
f 1296 937 939
f 1297 1298 931
f 1299 929 931
f 1300 825 827
f 1301 815 817
f 1302 813 815
f 813 1302 1287
f 807 809 1284
f 1303 797 799
f 1304 787 789
f 1305 785 787
f 1306 1307 783
f 1308 743 745
f 965 1309 1289
f 1290 1310 961
f 955 1291 1292
f 1311 951 953
f 1312 1313 949
f 943 1294 1295
f 1314 939 941
f 939 1314 1296
f 1315 1316 935
f 1316 1297 933
f 931 1298 1299
f 1317 923 925
f 1318 895 897
f 827 1319 1300
f 1320 1321 823
f 1322 1323 819
f 1324 817 819
f 815 1301 1302
f 809 811 1288
f 799 1325 1303
f 1326 1327 795
f 1328 1329 791
f 1330 789 791
f 787 1304 1305
f 785 1305 1306
f 1331 1332 769
f 1332 1333 767
f 1333 1334 765
f 1335 1336 749
f 1337 747 749
f 1338 745 747
f 745 1338 1308
f 1339 729 731
f 1340 694 696
f 1341 692 694
f 1342 1343 688
f 961 963 1290
f 1310 1344 959
f 1344 1345 957
f 953 1292 1311
f 951 1311 1312
f 1313 1346 947
f 941 1295 1314
f 935 937 1315
f 931 933 1297
f 1347 927 929
f 925 1348 1317
f 1349 1350 921
f 1351 897 899
f 897 1351 1318
f 1352 1353 889
f 1354 887 889
f 1355 885 887
f 1356 883 885
f 1357 1358 881
f 1359 829 831
f 1319 827 829
f 823 825 1320
f 1321 1322 821
f 819 1323 1324
f 1287 1288 811
f 1360 803 805
f 1361 801 803
f 795 797 1326
f 1327 1328 793
f 791 1329 1330
f 783 785 1306
f 1307 1362 781
f 1362 1363 779
f 1364 773 775
f 1365 771 773
f 771 1365 1331
f 765 767 1333
f 1366 761 763
f 1367 759 761
f 1368 1369 755
f 1369 1370 753
f 1370 1335 751
f 749 1336 1337
f 1308 1371 743
f 731 1372 1339
f 1373 1374 727
f 1375 1376 696
f 694 1340 1341
f 1377 690 692
f 690 1377 1342
f 1378 1379 971
f 1380 969 971
f 1381 967 969
f 1309 965 967
f 959 961 1310
f 957 1345 1291
f 947 949 1313
f 1346 1293 945
f 1296 1315 937
f 929 1299 1347
f 1348 925 927
f 921 923 1349
f 1350 1382 919
f 1382 1383 917
f 1384 913 915
f 1385 911 913
f 1386 909 911
f 1387 1388 907
f 1388 1389 905
f 1318 1390 895
f 1390 1391 893
f 1391 1352 891
f 889 1353 1354
f 885 1355 1356
f 883 1356 1357
f 1358 1392 879
f 1392 1393 877
f 829 1359 1319
f 821 823 1321
f 817 1324 1301
f 803 1360 1361
f 1325 799 801
f 793 795 1327
f 789 1330 1304
f 779 781 1362
f 773 1364 1365
f 767 769 1332
f 1334 1394 763
f 761 1366 1367
f 1395 757 759
f 757 1395 1368
f 751 753 1370
f 747 1337 1338
f 1372 731 733
f 727 729 1373
f 696 1376 1340
f 688 690 1342
f 1396 676 678
f 1397 666 668
f 1398 664 666
f 1399 648 650
f 1400 1401 616
f 1402 1283 616
f 1403 1404 567
f 1405 1406 975
f 1406 1378 973
f 971 1379 1380
f 967 1381 1309
f 957 959 1344
f 945 947 1346
f 933 935 1316
f 1317 1349 923
f 917 919 1382
f 1407 915 917
f 913 1384 1385
f 911 1385 1386
f 905 907 1388
f 1389 1408 903
f 1409 901 903
f 1410 899 901
f 893 895 1390
f 889 891 1352
f 881 883 1357
f 877 879 1392
f 1411 873 875
f 1412 871 873
f 1413 1414 867
f 1415 845 844
f 845 1415 1416
f 1300 1320 825
f 805 1286 1360
f 1303 1326 797
f 781 783 1307
f 1363 1417 777
f 1418 775 777
f 769 771 1331
f 763 1394 1366
f 755 757 1368
f 749 751 1335
f 1371 1419 741
f 1419 1420 739
f 1420 1421 737
f 1422 735 737
f 1423 733 735
f 1339 1373 729
f 1424 1425 702
f 1425 1426 700
f 1426 1375 698
f 692 1341 1377
f 1343 1427 686
f 1427 1428 684
f 1429 682 684
f 1430 678 680
f 678 1430 1396
f 1431 668 670
f 666 1397 1398
f 1432 654 656
f 1433 652 654
f 1434 650 652
f 650 1434 1399
f 1435 1436 634
f 1437 1438 630
f 1438 1439 628
f 1440 626 628
f 1441 624 626
f 1442 1443 620
f 1444 1400 615
f 616 1401 1402
f 1445 1446 1273
f 1447 1448 1271
f 1449 1269 1271
f 1450 595 597
f 1451 1452 591
f 1452 1453 589
f 1454 581 583
f 1455 1456 575
f 1457 573 575
f 1458 569 571
f 569 1458 1403
f 973 975 1406
f 969 1380 1381
f 949 951 1312
f 927 1347 1348
f 917 1383 1407
f 1386 1387 909
f 903 905 1389
f 901 1409 1410
f 891 893 1391
f 879 881 1358
f 1393 1459 875
f 873 1411 1412
f 1460 869 871
f 869 1460 1413
f 1414 1461 865
f 1461 1462 863
f 1463 844 848
f 1416 841 845
f 1464 839 841
f 819 821 1322
f 791 793 1328
f 777 1417 1418
f 763 765 1334
f 753 755 1369
f 739 741 1419
f 737 1421 1422
f 733 1423 1372
f 704 1465 1424
f 698 700 1426
f 686 688 1343
f 684 1428 1429
f 1466 680 682
f 1396 1467 676
f 1467 1468 674
f 1468 1469 672
f 1469 1470 670
f 668 1431 1397
f 1471 662 664
f 1472 1473 658
f 1473 1474 656
f 654 1432 1433
f 1399 1475 648
f 636 1476 1435
f 1436 1437 632
f 628 630 1438
f 626 1440 1441
f 1477 622 624
f 622 1477 1442
f 1443 1444 618
f 616 615 1400
f 1478 1479 1279
f 1479 1480 1278
f 1481 1275 1277
f 1482 1274 1275
f 1274 1482 1445
f 1446 1447 1272
f 1271 1448 1449
f 1483 613 1269
f 1484 609 611
f 1485 601 603
f 1486 599 601
f 1487 597 599
f 597 1487 1450
f 1488 1451 593
f 589 591 1452
f 1489 583 585
f 583 1489 1454
f 575 1456 1457
f 1490 571 573
f 567 569 1403
f 1404 1491 565
f 1492 1493 509
f 1493 1494 507
f 1495 499 501
f 971 973 1378
f 943 945 1293
f 915 1407 1384
f 903 1408 1409
f 887 1354 1355
f 875 1459 1411
f 867 869 1413
f 863 865 1461
f 1496 1497 849
f 1497 1498 848
f 844 1463 1415
f 841 1416 1464
f 1499 1500 835
f 1500 1501 833
f 801 1361 1325
f 775 1418 1364
f 741 743 1371
f 735 1422 1423
f 1502 1503 714
f 1503 1504 712
f 1505 708 710
f 1506 706 708
f 1465 704 706
f 700 702 1425
f 684 686 1427
f 680 1466 1430
f 672 674 1468
f 670 1470 1431
f 664 1398 1471
f 1507 1472 660
f 656 658 1473
f 652 1433 1434
f 1508 1509 642
f 1510 640 642
f 1511 638 640
f 1476 636 638
f 632 634 1436
f 628 1439 1440
f 620 622 1442
f 615 618 1444
f 1512 1478 1280
f 1278 1279 1479
f 1480 1513 1276
f 1514 1277 1276
f 1275 1481 1482
f 1272 1273 1446
f 1269 1449 1483
f 1515 611 613
f 611 1515 1484
f 1516 1517 605
f 1517 1518 603
f 601 1485 1486
f 1450 1488 595
f 591 593 1451
f 1519 587 589
f 1520 585 587
f 1454 1521 581
f 1521 1522 579
f 1522 1455 577
f 573 1457 1490
f 565 567 1404
f 1491 1523 563
f 1523 1524 561
f 1525 1526 553
f 1526 1527 551
f 1527 1528 549
f 1529 545 547
f 1530 543 545
f 1531 1532 539
f 507 509 1493
f 1533 505 507
f 1534 501 503
f 501 1534 1495
f 963 965 1289
f 907 909 1387
f 875 877 1393
f 865 867 1414
f 1462 1535 861
f 1536 859 861
f 1537 1496 851
f 848 849 1497
f 1464 1538 839
f 1538 1499 837
f 833 835 1500
f 1539 831 833
f 777 779 1363
f 737 739 1420
f 1540 1541 1022
f 1541 1542 1015
f 712 714 1503
f 1504 1543 710
f 708 1505 1506
f 702 704 1424
f 682 1429 1466
f 670 672 1469
f 660 662 1507
f 656 1474 1432
f 642 1509 1510
f 638 1511 1476
f 630 632 1437
f 618 620 1443
f 1544 1282 1283
f 1545 1281 1282
f 1281 1545 1512
f 1276 1278 1480
f 1277 1514 1481
f 1271 1272 1447
f 1484 1546 609
f 1546 1516 607
f 603 605 1517
f 599 1486 1487
f 589 1453 1519
f 585 1520 1489
f 577 579 1522
f 571 1490 1458
f 561 563 1523
f 1547 559 561
f 555 1548 1525
f 549 551 1527
f 1528 1549 547
f 545 1529 1530
f 1550 541 543
f 541 1550 1531
f 1532 1551 537
f 1551 1552 535
f 1553 529 531
f 1554 527 529
f 1555 1556 525
f 1556 1557 523
f 1557 1558 521
f 1559 519 521
f 1560 517 519
f 1561 1492 511
f 507 1494 1533
f 1562 503 505
f 1495 1563 499
f 1563 1564 497
f 1564 1565 495
f 919 921 1350
f 871 1412 1460
f 861 1535 1536
f 1566 857 859
f 1567 1537 853
f 849 851 1496
f 837 839 1538
f 833 1501 1539
f 759 1367 1395
f 1568 1080 719
f 1569 1040 1036
f 1015 1022 1541
f 1570 1008 1015
f 710 712 1504
f 706 1506 1465
f 674 676 1467
f 658 660 1472
f 1475 1571 646
f 1571 1508 644
f 640 1510 1511
f 624 1441 1477
f 1282 1544 1545
f 1279 1280 1478
f 1273 1274 1445
f 607 609 1546
f 603 1518 1485
f 587 1519 1520
f 575 577 1455
f 561 1524 1547
f 551 553 1526
f 547 1549 1529
f 539 541 1531
f 535 537 1551
f 529 1553 1554
f 527 1554 1555
f 521 523 1557
f 519 1559 1560
f 1572 513 515
f 509 511 1492
f 503 1562 1534
f 495 497 1564
f 1565 1573 493
f 1574 489 491
f 1575 487 489
f 899 1410 1351
f 859 1536 1566
f 1576 855 857
f 855 1576 1567
f 848 1498 1463
f 831 1539 1359
f 1374 1577 725
f 1577 1578 723
f 1579 721 723
f 1580 718 721
f 1581 719 718
f 719 1581 1568
f 1582 1583 1064
f 1583 1584 1057
f 1585 1036 1043
f 1036 1585 1569
f 1586 1540 1029
f 1015 1542 1570
f 1587 999 1008
f 1588 986 999
f 1589 1502 716
f 710 1543 1505
f 1471 1507 662
f 644 646 1571
f 634 636 1435
f 1280 1281 1512
f 613 1483 1515
f 593 595 1488
f 563 565 1491
f 547 549 1528
f 537 539 1532
f 1552 1590 533
f 1591 531 533
f 525 527 1555
f 521 1558 1559
f 1592 515 517
f 515 1592 1572
f 505 1533 1562
f 493 495 1565
f 1593 491 493
f 489 1574 1575
f 1594 981 983
f 1595 979 981
f 1596 1405 977
f 861 863 1462
f 853 855 1567
f 835 837 1499
f 723 725 1577
f 721 1579 1580
f 1568 1597 1080
f 1597 1582 1071
f 1057 1064 1583
f 1569 1586 1040
f 1022 1029 1540
f 999 1587 1588
f 986 1588 1589
f 696 698 1375
f 642 644 1508
f 1276 1513 1514
f 579 581 1521
f 1598 557 559
f 1548 555 557
f 543 1530 1550
f 533 1590 1591
f 523 525 1556
f 1572 1561 513
f 497 499 1563
f 491 1593 1574
f 1599 485 487
f 981 1594 1595
f 979 1595 1596
f 857 1566 1576
f 725 727 1374
f 718 1580 1581
f 1064 1071 1582
f 1029 1040 1586
f 716 986 1589
f 646 648 1475
f 605 607 1516
f 557 1598 1548
f 533 535 1552
f 517 1560 1592
f 493 1573 1593
f 487 1575 1599
f 1600 1601 483
f 1602 983 481
f 977 979 1596
f 851 853 1537
f 1071 1080 1597
f 1008 1570 1587
f 1283 1402 1544
f 553 555 1525
f 511 513 1561
f 483 485 1600
f 1601 1603 480
f 983 1602 1594
f 723 1578 1579
f 1604 1050 1057
f 1605 1043 1050
f 714 716 1502
f 531 1591 1553
f 480 483 1601
f 1603 1606 481
f 975 977 1405
f 1050 1604 1605
f 559 1547 1598
f 481 480 1603
f 1057 1584 1604
f 1599 1600 485
f 1043 1605 1585
f 481 1606 1602
f 1607 1240 1254
f 1608 1254 1242
f 1242 1609 1608
f 1241 1253 1610
f 1609 1242 1241
f 1253 1611 1610
f 1611 1252 1251
f 1611 1253 1252
f 1251 1612 1613
f 1612 1250 1249
f 1612 1251 1250
f 1249 1614 1615
f 1614 1248 1247
f 1614 1249 1248
f 1247 1616 1617
f 1616 1246 1245
f 1616 1247 1246
f 1245 1618 1619
f 1618 1243 1216
f 1618 1245 1244
f 1244 1243 1618
f 1216 1620 1621
f 1620 1215 1225
f 1620 1216 1215
f 1225 1622 1623
f 1622 1224 1223
f 1622 1225 1224
f 1223 1624 1625
f 1624 1222 1221
f 1624 1223 1222
f 1221 1626 1627
f 1626 1220 1219
f 1626 1221 1220
f 1219 1628 1629
f 1629 1630 1219
f 1628 1217 1207
f 1628 1219 1218
f 1218 1217 1628
f 1207 1631 1632
f 1631 1206 1212
f 1631 1207 1206
f 1212 1633 1634
f 1633 1211 1210
f 1633 1212 1211
f 1210 1635 1636
f 1635 1209 1208
f 1208 1637 1638
f 1635 1210 1209
f 1637 1213 1200
f 1200 1639 1640
f 1640 1641 1200
f 1637 1208 1213
f 1639 1199 1202
f 1202 1642 1643
f 1639 1200 1199
f 1642 1201 1203
f 1203 1644 1645
f 1642 1202 1201
f 1644 1204 1193
f 1193 1646 1647
f 1193 1648 1646
f 1644 1203 1204
f 1648 1192 1195
f 1195 1649 1650
f 1648 1193 1192
f 1649 1194 1197
f 1197 1651 1652
f 1649 1195 1194
f 1651 1196 1190
f 1190 1653 1654
f 1651 1197 1196
f 1186 1655 1653
f 1186 1656 1657
f 1657 1655 1186
f 1653 1190 1187
f 1656 1185 1189
f 1189 1658 1659
f 1656 1186 1185
f 1658 1179 1178
f 1178 1660 1661
f 1658 1189 1188
f 1188 1179 1658
f 1662 1180 1183
f 1183 1663 1664
f 1183 1664 1662
f 1660 1178 1180
f 1665 1181 1172
f 1663 1182 1181
f 1181 1665 1663
f 1663 1183 1182
f 1666 1171 1175
f 1667 1172 1171
f 1171 1666 1667
f 1668 1669 1174
f 1669 1670 1175
f 1175 1174 1669
f 1671 1672 1165
f 1672 1668 1176
f 1176 1165 1672
f 1165 1164 1671
f 1673 1674 1166
f 1166 1167 1673
f 1167 1675 1673
f 1674 1671 1166
f 1676 1168 1158
f 1676 1677 1169
f 1169 1168 1676
f 1677 1675 1169
f 1678 1679 1157
f 1157 1159 1678
f 1679 1676 1157
f 1161 1680 1681
f 1161 1160 1682
f 1682 1680 1161
f 1681 1678 1161
f 1683 1684 1162
f 1162 1151 1683
f 1684 1682 1162
f 1685 1686 1150
f 1150 1152 1685
f 1686 1683 1150
f 1687 1688 1153
f 1153 1155 1687
f 1688 1685 1153
f 1689 1690 1154
f 1154 1144 1689
f 1690 1691 1154
f 1691 1687 1154
f 1692 1693 1143
f 1143 1147 1692
f 1693 1689 1143
f 1694 1695 1146
f 1146 1145 1694
f 1695 1692 1146
f 1148 1696 1697
f 1698 1696 1148
f 1148 1135 1698
f 1697 1694 1148
f 1699 1700 1134
f 1134 1137 1699
f 1700 1698 1134
f 1701 1702 1136
f 1136 1139 1701
f 1139 1138 1701
f 1703 1704 1138
f 1138 1140 1703
f 1140 1141 1703
f 1705 1123 1122
f 1705 1706 1141
f 1141 1123 1705
f 1122 1124 1705
f 1124 1707 1708
f 1709 1707 1124
f 1124 1125 1709
f 1125 1126 1709
f 1710 1711 1126
f 1126 1127 1710
f 1127 1128 1710
f 1712 1713 1128
f 1128 1129 1712
f 1129 1130 1712
f 1714 1715 1130
f 1130 1132 1714
f 1132 1131 1714
f 1716 1097 1094
f 1716 1717 1131
f 1131 1097 1716
f 1094 1093 1716
f 1718 1719 1093
f 1093 1096 1718
f 1096 1095 1718
f 1720 1721 1095
f 1095 1099 1720
f 1099 1098 1720
f 1722 1723 1098
f 1098 1101 1722
f 1101 1100 1722
f 1724 1725 1100
f 1100 1102 1724
f 1102 1103 1724
f 1106 1726 1727
f 1727 1103 1106
f 1106 1105 1726
f 1728 1726 1105
f 1729 1728 1104
f 1104 1108 1729
f 1729 1108 1107
f 1730 1107 1110
f 1110 1731 1730
f 1109 1115 1732
f 1731 1110 1109
f 1115 1733 1732
f 1733 1114 1113
f 1733 1115 1114
f 1113 1734 1735
f 1734 1112 1111
f 1734 1113 1112
f 1111 1736 1737
f 1736 1121 1120
f 1736 1111 1121
f 1120 1738 1739
f 1738 1119 1118
f 1738 1120 1119
f 1118 1740 1741
f 1740 1116 1082
f 1740 1118 1117
f 1117 1116 1740
f 1082 1742 1743
f 1742 1081 1091
f 1742 1082 1081
f 1091 1744 1745
f 1744 1090 1085
f 1744 1091 1090
f 1085 1746 1747
f 1746 1084 1083
f 1746 1085 1084
f 1083 1748 1749
f 1748 1089 1088
f 1748 1083 1089
f 1088 1750 1751
f 1751 1752 1088
f 1750 1086 1073
f 1750 1088 1087
f 1087 1086 1750
f 1073 1753 1754
f 1753 1072 1078
f 1753 1073 1072
f 1078 1755 1756
f 1755 1077 1076
f 1755 1078 1077
f 1076 1757 1758
f 1757 1075 1074
f 1074 1759 1760
f 1757 1076 1075
f 1759 1079 1066
f 1066 1761 1762
f 1762 1763 1066
f 1759 1074 1079
f 1761 1065 1068
f 1068 1764 1765
f 1761 1066 1065
f 1764 1067 1069
f 1069 1766 1767
f 1764 1068 1067
f 1766 1070 1059
f 1059 1768 1769
f 1059 1770 1768
f 1766 1069 1070
f 1770 1058 1061
f 1061 1771 1772
f 1770 1059 1058
f 1771 1060 1063
f 1063 1773 1774
f 1771 1061 1060
f 1773 1062 1056
f 1056 1775 1776
f 1773 1063 1062
f 1052 1777 1775
f 1052 1778 1779
f 1779 1777 1052
f 1775 1056 1053
f 1778 1051 1055
f 1055 1780 1781
f 1778 1052 1051
f 1780 1045 1044
f 1044 1782 1783
f 1780 1055 1054
f 1054 1045 1780
f 1784 1046 1049
f 1049 1785 1786
f 1049 1786 1784
f 1782 1044 1046
f 1787 1047 1038
f 1785 1048 1047
f 1047 1787 1785
f 1785 1049 1048
f 1788 1037 1039
f 1789 1038 1037
f 1037 1788 1789
f 1790 1791 1041
f 1791 1792 1039
f 1039 1041 1791
f 1793 1794 1031
f 1794 1790 1042
f 1042 1031 1794
f 1031 1030 1793
f 1795 1796 1032
f 1032 1033 1795
f 1033 1797 1795
f 1796 1793 1032
f 1798 1034 1024
f 1798 1799 1035
f 1035 1034 1798
f 1799 1797 1035
f 1800 1801 1023
f 1023 1025 1800
f 1801 1798 1023
f 1028 1802 1803
f 1028 1027 1804
f 1804 1802 1028
f 1803 1800 1028
f 1805 1806 1026
f 1026 1017 1805
f 1806 1804 1026
f 1807 1808 1016
f 1016 1018 1807
f 1808 1805 1016
f 1809 1810 1020
f 1020 1019 1809
f 1810 1807 1020
f 1811 1812 1021
f 1021 1010 1811
f 1812 1813 1021
f 1813 1809 1021
f 1814 1815 1009
f 1009 1013 1814
f 1815 1811 1009
f 1816 1817 1012
f 1012 1011 1816
f 1817 1814 1012
f 1014 1818 1819
f 1820 1818 1014
f 1014 1001 1820
f 1819 1816 1014
f 1821 1822 1000
f 1000 1003 1821
f 1822 1820 1000
f 1823 1824 1002
f 1002 1004 1823
f 1004 1005 1823
f 1825 1826 1005
f 1005 1006 1825
f 1006 1007 1825
f 1827 988 987
f 1827 1828 1007
f 1007 988 1827
f 987 989 1827
f 989 1829 1830
f 1831 1829 989
f 989 990 1831
f 990 991 1831
f 1832 1833 991
f 991 993 1832
f 993 992 1832
f 1834 1835 992
f 992 994 1834
f 994 995 1834
f 1836 1837 995
f 995 996 1836
f 996 998 1836
f 1838 997 1227
f 1838 1839 998
f 998 997 1838
f 1227 1226 1838
f 1840 1841 1226
f 1226 1228 1840
f 1228 1230 1840
f 1842 1843 1230
f 1230 1229 1842
f 1229 1232 1842
f 1844 1845 1232
f 1232 1231 1844
f 1231 1234 1844
f 1846 1847 1234
f 1234 1233 1846
f 1233 1235 1846
f 1236 1848 1849
f 1849 1235 1236
f 1236 1238 1848
f 1850 1848 1238
f 1607 1850 1237
f 1237 1240 1607
f 1238 1237 1850
f 1849 1846 1235
f 1847 1844 1234
f 1845 1842 1232
f 1843 1840 1230
f 1841 1838 1226
f 1839 1836 998
f 1837 1834 995
f 1835 1832 992
f 1833 1831 991
f 1830 1827 989
f 1828 1825 1007
f 1826 1823 1005
f 1824 1821 1002
f 1003 1002 1821
f 1001 1000 1820
f 1011 1014 1816
f 1013 1012 1814
f 1010 1009 1811
f 1019 1021 1809
f 1018 1020 1807
f 1017 1016 1805
f 1027 1026 1804
f 1025 1028 1800
f 1024 1023 1798
f 1033 1035 1797
f 1030 1032 1793
f 1041 1042 1790
f 1039 1792 1788
f 1038 1789 1787
f 1784 1782 1046
f 1044 1783 1780
f 1055 1781 1778
f 1775 1053 1052
f 1056 1776 1773
f 1063 1774 1771
f 1061 1772 1770
f 1059 1769 1766
f 1069 1767 1764
f 1068 1765 1761
f 1066 1763 1759
f 1074 1760 1757
f 1076 1758 1755
f 1078 1756 1753
f 1073 1754 1750
f 1088 1752 1748
f 1083 1749 1746
f 1085 1747 1744
f 1091 1745 1742
f 1082 1743 1740
f 1118 1741 1738
f 1120 1739 1736
f 1111 1737 1734
f 1113 1735 1733
f 1732 1731 1109
f 1107 1730 1729
f 1105 1104 1728
f 1727 1724 1103
f 1725 1722 1100
f 1723 1720 1098
f 1721 1718 1095
f 1719 1716 1093
f 1717 1714 1131
f 1715 1712 1130
f 1713 1710 1128
f 1711 1709 1126
f 1708 1705 1124
f 1706 1703 1141
f 1704 1701 1138
f 1702 1699 1136
f 1137 1136 1699
f 1135 1134 1698
f 1145 1148 1694
f 1147 1146 1692
f 1144 1143 1689
f 1155 1154 1687
f 1152 1153 1685
f 1151 1150 1683
f 1160 1162 1682
f 1159 1161 1678
f 1158 1157 1676
f 1167 1169 1675
f 1164 1166 1671
f 1174 1176 1668
f 1175 1670 1666
f 1172 1667 1665
f 1662 1660 1180
f 1178 1661 1658
f 1189 1659 1656
f 1653 1187 1186
f 1190 1654 1651
f 1197 1652 1649
f 1195 1650 1648
f 1193 1647 1644
f 1203 1645 1642
f 1202 1643 1639
f 1200 1641 1637
f 1208 1638 1635
f 1210 1636 1633
f 1212 1634 1631
f 1207 1632 1628
f 1219 1630 1626
f 1221 1627 1624
f 1223 1625 1622
f 1225 1623 1620
f 1216 1621 1618
f 1245 1619 1616
f 1247 1617 1614
f 1249 1615 1612
f 1251 1613 1611
f 1610 1609 1241
f 1254 1608 1607
f 576 1851 1852
f 578 1852 1853
f 1852 578 576
f 756 1854 1855
f 748 746 1856
f 576 574 1851
f 574 572 1857
f 778 1858 1859
f 776 774 1860
f 772 1861 1860
f 762 760 1862
f 1855 758 756
f 754 752 1863
f 750 1864 1863
f 1864 750 748
f 1857 1851 574
f 570 1865 1857
f 568 566 1866
f 820 818 1867
f 792 1868 1869
f 1859 780 778
f 1860 774 772
f 770 1870 1861
f 764 1871 1872
f 1871 764 762
f 1863 1854 754
f 1856 1864 748
f 582 580 1853
f 1857 572 570
f 1865 570 568
f 562 1873 1874
f 554 552 1875
f 828 1876 1877
f 822 1878 1879
f 1878 822 820
f 814 1880 1881
f 798 796 1882
f 794 1869 1882
f 1869 794 792
f 784 782 1883
f 1860 1858 776
f 1861 772 770
f 768 766 1872
f 1862 1871 762
f 1863 752 750
f 746 744 1884
f 742 1885 1884
f 734 1886 1887
f 726 724 1888
f 1191 1889 1890
f 1239 717 1891
f 641 1892 1893
f 1894 584 582
f 1866 1865 568
f 566 564 1874
f 1874 564 562
f 556 1895 1896
f 1895 556 554
f 540 1897 1898
f 840 838 1899
f 836 1900 1899
f 834 832 1901
f 830 1877 1901
f 1877 830 828
f 826 824 1879
f 1867 1878 820
f 818 816 1881
f 1881 816 814
f 806 1902 1903
f 800 1904 1905
f 1904 800 798
f 792 790 1868
f 790 788 1906
f 1907 786 784
f 782 780 1859
f 770 768 1870
f 1872 766 764
f 1884 1856 746
f 1884 744 742
f 1887 736 734
f 732 730 1908
f 728 1909 1908
f 1909 728 726
f 1149 1156 1910
f 1184 1890 1911
f 1890 1184 1191
f 1198 1205 1912
f 1214 1913 1912
f 1913 1214 1239
f 717 715 1914
f 653 651 1915
f 649 1916 1915
f 647 645 1917
f 1893 643 641
f 639 637 1918
f 625 623 1919
f 588 586 1920
f 584 1894 1920
f 1853 580 578
f 562 560 1873
f 1875 1895 554
f 552 550 1921
f 546 544 1922
f 542 1898 1922
f 1898 542 540
f 532 530 1923
f 916 1924 1925
f 908 906 1926
f 902 1927 1928
f 894 892 1929
f 847 846 1930
f 842 1931 1930
f 1899 838 836
f 1900 836 834
f 828 826 1876
f 1879 824 822
f 814 812 1880
f 812 810 1932
f 808 1903 1932
f 1903 808 806
f 804 802 1905
f 1882 1904 798
f 1906 1868 790
f 786 1907 1906
f 1859 1883 782
f 1872 1870 768
f 758 1855 1862
f 742 740 1885
f 740 738 1933
f 736 1887 1933
f 1908 1886 732
f 1888 1909 726
f 720 1934 1935
f 1936 1142 1149
f 1156 1163 1937
f 1173 1938 1937
f 1170 1177 1911
f 1191 1198 1889
f 1912 1205 1214
f 1914 1891 717
f 655 1939 1940
f 1915 651 649
f 1916 649 647
f 645 643 1893
f 1918 1892 639
f 1941 627 625
f 621 1942 1919
f 619 1943 1942
f 612 1944 1945
f 1920 586 584
f 1874 1866 566
f 560 558 1896
f 1921 1875 552
f 548 1946 1921
f 1946 548 546
f 540 538 1897
f 538 536 1947
f 1948 534 532
f 530 528 1949
f 526 1950 1949
f 518 516 1951
f 930 928 1952
f 924 1953 1954
f 1925 918 916
f 914 912 1955
f 910 1956 1955
f 1956 910 908
f 1928 904 902
f 900 898 1957
f 1958 896 894
f 892 890 1959
f 888 1960 1959
f 886 884 1961
f 882 1962 1961
f 858 856 1963
f 852 1964 1965
f 1966 843 847
f 1930 846 842
f 1901 1900 834
f 1879 1876 826
f 1932 1880 812
f 806 804 1902
f 1905 802 800
f 1906 788 786
f 778 776 1858
f 756 754 1854
f 1933 738 736
f 1908 730 728
f 722 1935 1888
f 1935 722 720
f 1092 1133 1967
f 1142 1936 1967
f 1937 1910 1156
f 1937 1163 1173
f 1911 1177 1184
f 1891 1913 1239
f 705 703 1968
f 697 695 1969
f 691 1970 1971
f 669 667 1972
f 661 659 1973
f 657 1940 1973
f 1940 657 655
f 1917 1916 647
f 641 639 1892
f 1919 623 621
f 1942 621 619
f 617 1255 1974
f 1256 1975 1974
f 1268 1270 1976
f 1945 614 612
f 610 608 1977
f 604 602 1978
f 1853 1894 582
f 1896 558 556
f 1922 1946 546
f 1947 1897 538
f 1949 1923 530
f 1949 528 526
f 1979 520 518
f 516 514 1980
f 932 1981 1982
f 1981 932 930
f 928 926 1954
f 1954 926 924
f 1955 1924 914
f 1926 1956 908
f 904 1928 1926
f 1957 1927 900
f 896 1958 1957
f 1959 1929 892
f 1959 890 888
f 1961 884 882
f 880 1983 1962
f 872 870 1984
f 864 862 1985
f 860 1986 1985
f 1986 860 858
f 856 854 1965
f 1965 854 852
f 850 843 1966
f 842 840 1931
f 1901 832 830
f 1932 810 808
f 1882 796 794
f 1862 760 758
f 734 732 1886
f 720 1092 1934
f 1967 1133 1142
f 1173 1170 1938
f 1912 1889 1198
f 707 1987 1988
f 1987 707 705
f 703 701 1989
f 699 1990 1989
f 1990 699 697
f 693 1971 1969
f 1971 693 691
f 689 687 1991
f 671 1992 1993
f 1992 671 669
f 663 1994 1995
f 1994 663 661
f 655 653 1939
f 1893 1917 645
f 633 631 1996
f 631 629 1997
f 627 1941 1997
f 619 617 1943
f 1974 1255 1256
f 1264 1265 1998
f 1267 1999 2000
f 1999 1267 1268
f 614 1945 1976
f 1977 1944 610
f 606 2001 1977
f 2001 606 604
f 1896 1873 560
f 1922 544 542
f 534 1948 1947
f 526 524 1950
f 524 522 2002
f 520 1979 2002
f 1980 1951 516
f 512 2003 1980
f 980 978 2004
f 974 2005 2006
f 960 2007 2008
f 1952 1981 930
f 924 922 1953
f 922 920 2009
f 918 1925 2009
f 1955 912 910
f 902 900 1927
f 1929 1958 894
f 1961 1960 886
f 1962 882 880
f 878 876 2010
f 2011 874 872
f 868 2012 1984
f 866 2013 2012
f 1985 862 860
f 1965 1963 856
f 1966 1964 850
f 1899 1931 840
f 1905 1902 804
f 1933 1885 740
f 1967 1934 1092
f 1911 1938 1170
f 1968 1987 705
f 1989 701 699
f 1969 695 693
f 1991 1970 689
f 683 681 2014
f 677 2015 2016
f 1972 1992 669
f 667 665 1995
f 1973 1994 661
f 1915 1939 653
f 635 2017 1918
f 2017 635 633
f 1997 629 627
f 1974 1943 617
f 1257 1258 2018
f 1260 1262 2019
f 1263 2020 2019
f 2020 1263 1264
f 1265 1266 2000
f 1976 1999 1268
f 612 610 1944
f 1978 2001 604
f 602 600 2021
f 1921 550 548
f 1923 1948 532
f 2002 522 520
f 1980 514 512
f 510 508 2022
f 982 2023 2024
f 2023 982 980
f 976 2006 2004
f 2006 976 974
f 964 962 2008
f 2008 962 960
f 952 2025 2026
f 1954 1952 928
f 2009 920 918
f 1926 906 904
f 888 886 1960
f 2010 1983 878
f 874 2011 2010
f 1984 870 868
f 2012 868 866
f 1963 1986 858
f 1930 1966 847
f 1883 1907 784
f 1910 1936 1149
f 713 2027 1914
f 1989 1968 703
f 691 689 1970
f 685 2028 1991
f 2028 685 683
f 2016 679 677
f 675 673 1993
f 1995 1972 667
f 1973 659 657
f 1996 2017 633
f 1919 1941 625
f 1975 1256 1257
f 1258 1259 2029
f 1261 2030 2029
f 2019 1262 1263
f 2000 1998 1265
f 1976 1270 614
f 2021 1978 602
f 598 2031 2021
f 590 588 2032
f 1947 536 534
f 1951 1979 518
f 2003 512 510
f 506 2033 2022
f 496 494 2034
f 490 2035 2036
f 482 985 2037
f 985 984 2024
f 2004 2023 980
f 974 972 2005
f 960 958 2007
f 958 956 2038
f 954 2026 2038
f 2026 954 952
f 944 942 2039
f 938 2040 2041
f 2009 1953 922
f 1957 898 896
f 2010 876 874
f 866 864 2013
f 852 850 1964
f 1888 724 722
f 1914 715 713
f 711 709 1988
f 1969 1990 697
f 2014 2028 683
f 681 679 2016
f 1993 2015 675
f 1995 665 663
f 1997 1996 631
f 2029 2018 1258
f 2029 1259 1261
f 1998 2020 1264
f 1977 608 606
f 2021 600 598
f 596 594 2042
f 592 2043 2042
f 2043 592 590
f 2002 1950 524
f 2022 508 506
f 504 2044 2033
f 498 2045 2046
f 2045 498 496
f 494 492 2036
f 2036 492 490
f 2024 2037 985
f 2004 978 976
f 966 964 2047
f 2038 2007 958
f 952 950 2025
f 950 948 2048
f 946 2049 2048
f 2049 946 944
f 940 2041 2039
f 2041 940 938
f 936 934 1982
f 916 914 1924
f 1984 2011 872
f 1881 1867 818
f 1988 2027 711
f 1991 687 685
f 677 675 2015
f 1918 637 635
f 1261 1260 2030
f 2000 1266 1267
f 2042 2031 596
f 2032 2043 590
f 2022 2003 510
f 2033 506 504
f 502 500 2046
f 2034 2045 496
f 490 488 2035
f 2024 984 982
f 972 970 2050
f 968 2051 2050
f 2051 968 966
f 2038 956 954
f 2048 948 946
f 2039 942 940
f 1982 2040 936
f 880 878 1983
f 713 711 2027
f 2016 2014 681
f 2018 1975 1257
f 598 596 2031
f 1920 2032 588
f 2046 2044 502
f 2036 2034 494
f 2050 2005 972
f 2047 2051 966
f 2048 2025 950
f 938 936 2040
f 1985 2013 864
f 1993 673 671
f 2042 594 592
f 2046 500 498
f 2050 970 968
f 2039 2049 944
f 1988 709 707
f 504 502 2044
f 484 2052 2053
f 482 2054 2052
f 2008 2047 964
f 2019 2030 1260
f 488 486 2053
f 2052 484 482
f 1982 934 932
f 2053 486 484
f 2053 2035 488
f 2037 2054 482
f 1606 2055 2056
f 1602 2056 2057
f 1594 2057 2058
f 1595 2058 2059
f 1596 2059 2060
f 1405 2060 2061
f 1406 2061 2062
f 1378 2062 2063
f 1379 2063 2064
f 1380 2064 2065
f 1381 2065 2066
f 1309 2066 2067
f 1289 2067 2068
f 1290 2068 2069
f 1310 2069 2070
f 1344 2070 2071
f 1345 2071 2072
f 1291 2072 2073
f 1292 2073 2074
f 1311 2074 2075
f 1312 2075 2076
f 1313 2076 2077
f 1346 2077 2078
f 1293 2078 2079
f 1294 2079 2080
f 1295 2080 2081
f 1314 2081 2082
f 1296 2082 2083
f 1315 2083 2084
f 1316 2084 2085
f 1297 2085 2086
f 1298 2086 2087
f 1299 2087 2088
f 1347 2088 2089
f 1348 2089 2090
f 1317 2090 2091
f 1349 2091 2092
f 1350 2092 2093
f 1382 2093 2094
f 1383 2094 2095
f 1407 2095 2096
f 1384 2096 2097
f 1385 2097 2098
f 1386 2098 2099
f 1387 2099 2100
f 1388 2100 2101
f 1389 2101 2102
f 1408 2102 2103
f 1409 2103 2104
f 1410 2104 2105
f 1351 2105 2106
f 1318 2106 2107
f 1390 2107 2108
f 1391 2108 2109
f 1352 2109 2110
f 1353 2110 2111
f 1354 2111 2112
f 1355 2112 2113
f 1356 2113 2114
f 1357 2114 2115
f 1358 2115 2116
f 1392 2116 2117
f 1393 2117 2118
f 1459 2118 2119
f 1411 2119 2120
f 1412 2120 2121
f 1460 2121 2122
f 1413 2122 2123
f 1414 2123 2124
f 1461 2124 2125
f 1462 2125 2126
f 1535 2126 2127
f 1536 2127 2128
f 1566 2128 2129
f 1576 2129 2130
f 1567 2130 2131
f 1537 2131 2132
f 1496 2132 2133
f 1497 2133 2134
f 1498 2134 2135
f 2136 1416 1415
f 1415 2135 2136
f 1416 2136 2137
f 1464 2137 2138
f 1538 2138 2139
f 1499 2139 2140
f 1500 2140 2141
f 1501 2141 2142
f 1539 2142 2143
f 1359 2143 2144
f 1319 2144 2145
f 1300 2145 2146
f 1320 2146 2147
f 1321 2147 2148
f 1322 2148 2149
f 1323 2149 2150
f 1324 2150 2151
f 1301 2151 2152
f 1302 2152 2153
f 1287 2153 2154
f 1288 2154 2155
f 1284 2155 2156
f 1285 2156 2157
f 1286 2157 2158
f 1360 2158 2159
f 1361 2159 2160
f 1325 2160 2161
f 1303 2161 2162
f 1326 2162 2163
f 1327 2163 2164
f 1328 2164 2165
f 1329 2165 2166
f 1330 2166 2167
f 1304 2167 2168
f 1305 2168 2169
f 1306 2169 2170
f 1307 2170 2171
f 1362 2171 2172
f 1363 2172 2173
f 1417 2173 2174
f 1418 2174 2175
f 1364 2175 2176
f 1365 2176 2177
f 1331 2177 2178
f 1332 2178 2179
f 1333 2179 2180
f 1334 2180 2181
f 1394 2181 2182
f 1366 2182 2183
f 1367 2183 2184
f 1395 2184 2185
f 1368 2185 2186
f 1369 2186 2187
f 1370 2187 2188
f 1335 2188 2189
f 1336 2189 2190
f 1337 2190 2191
f 1338 2191 2192
f 1308 2192 2193
f 1371 2193 2194
f 1419 2194 2195
f 1420 2195 2196
f 1421 2196 2197
f 1422 2197 2198
f 1423 2198 2199
f 1372 2199 2200
f 1339 2200 2201
f 1373 2201 2202
f 1374 2202 2203
f 1577 2203 2204
f 1578 2204 2205
f 1579 2205 2206
f 1580 2206 2207
f 1581 2207 2208
f 1568 2208 2209
f 1588 2210 2211
f 1589 2211 2212
f 1502 2212 2213
f 1503 2213 2214
f 1504 2214 2215
f 1543 2215 2216
f 1505 2216 2217
f 1506 2217 2218
f 1465 2218 2219
f 1424 2219 2220
f 1425 2220 2221
f 1426 2221 2222
f 1375 2222 2223
f 1376 2223 2224
f 1340 2224 2225
f 1341 2225 2226
f 1377 2226 2227
f 1342 2227 2228
f 1343 2228 2229
f 1427 2229 2230
f 1428 2230 2231
f 1429 2231 2232
f 1466 2232 2233
f 1509 2234 2235
f 1510 2235 2236
f 1511 2236 2237
f 1476 2237 2238
f 1435 2238 2239
f 1436 2239 2240
f 1437 2240 2241
f 1438 2241 2242
f 1439 2242 2243
f 1440 2243 2244
f 1441 2244 2245
f 1477 2245 2246
f 1442 2246 2247
f 1443 2247 2248
f 1444 2248 2249
f 1400 2249 2250
f 1401 2250 2251
f 1402 2251 2252
f 1448 2253 2254
f 1449 2254 2255
f 1483 2255 2256
f 1515 2256 2257
f 1484 2257 2258
f 1546 2258 2259
f 1516 2259 2260
f 1517 2260 2261
f 1518 2261 2262
f 1485 2262 2263
f 1486 2263 2264
f 1487 2264 2265
f 1450 2265 2266
f 1488 2266 2267
f 1451 2267 2268
f 1452 2268 2269
f 1453 2269 2270
f 1519 2270 2271
f 1520 2271 2272
f 1489 2272 2273
f 1454 2273 2274
f 1521 2274 2275
f 1522 2275 2276
f 1455 2276 2277
f 1456 2277 2278
f 1457 2278 2279
f 1490 2279 2280
f 1458 2280 2281
f 1403 2281 2282
f 1404 2282 2283
f 1491 2283 2284
f 1523 2284 2285
f 1524 2285 2286
f 1547 2286 2287
f 1598 2287 2288
f 1548 2288 2289
f 1525 2289 2290
f 1526 2290 2291
f 1527 2291 2292
f 1528 2292 2293
f 1549 2293 2294
f 1529 2294 2295
f 1530 2295 2296
f 1550 2296 2297
f 1531 2297 2298
f 1532 2298 2299
f 1551 2299 2300
f 1552 2300 2301
f 1590 2301 2302
f 1591 2302 2303
f 1553 2303 2304
f 1554 2304 2305
f 1555 2305 2306
f 1556 2306 2307
f 1557 2307 2308
f 1558 2308 2309
f 1559 2309 2310
f 1560 2310 2311
f 1592 2311 2312
f 1572 2312 2313
f 1561 2313 2314
f 1492 2314 2315
f 1493 2315 2316
f 1494 2316 2317
f 1533 2317 2318
f 1562 2318 2319
f 1534 2319 2320
f 1495 2320 2321
f 1563 2321 2322
f 1564 2322 2323
f 1565 2323 2324
f 1573 2324 2325
f 1593 2325 2326
f 1574 2326 2327
f 1575 2327 2328
f 1599 2328 2329
f 1600 2329 2330
f 1601 2330 2331
f 1603 2331 2055
f 2332 1626 1630
f 2332 1624 1627
f 1627 1626 2332
f 1630 1629 2332
f 2332 1622 1625
f 1625 1624 2332
f 2332 1620 1623
f 1623 1622 2332
f 2332 1618 1621
f 1621 1620 2332
f 2332 1617 1616
f 2332 1614 1617
f 1616 1619 2332
f 1619 1618 2332
f 2333 1615 1614
f 1614 2332 2333
f 2332 1637 1641
f 2332 1638 1637
f 2332 1636 1635
f 1635 1638 2332
f 2332 1634 1633
f 1633 1636 2332
f 2332 1631 1634
f 2332 1629 1628
f 1628 1632 2332
f 1632 1631 2332
f 2334 1647 1646
f 2334 1644 1647
f 2334 1645 1644
f 2334 1643 1642
f 1642 1645 2334
f 2334 1641 1640
f 1640 1639 2334
f 1639 1643 2334
f 2335 1653 1655
f 2335 1654 1653
f 2335 1652 1651
f 2335 1650 1649
f 2335 1646 1648
f 1648 1650 2335
f 1649 1652 2335
f 1651 1654 2335
f 2336 1660 1662
f 2336 1661 1660
f 2336 1658 1661
f 2336 1655 1657
f 1657 1656 2336
f 1656 1659 2336
f 1659 1658 2336
f 2337 2338 1666
f 2338 1665 1667
f 2338 1662 1664
f 1664 1663 2338
f 1663 1665 2338
f 1667 1666 2338
f 2339 1671 1674
f 2339 1672 1671
f 2339 1669 1668
f 1668 1672 2339
f 2337 1670 1669
f 1669 2339 2337
f 2340 1678 1681
f 2340 1679 1678
f 2340 1677 1676
f 1676 1679 2340
f 2340 2339 1673
f 1673 1675 2340
f 1675 1677 2340
f 2341 1688 1687
f 2341 1685 1688
f 2341 1684 1683
f 1683 1686 2341
f 2341 2340 1680
f 1680 1682 2341
f 1682 1684 2341
f 1686 1685 2341
f 2342 1694 1697
f 2342 1695 1694
f 2342 1693 1692
f 2342 2341 1691
f 1691 1690 2342
f 1690 1689 2342
f 1689 1693 2342
f 1692 1695 2342
f 2343 1706 1705
f 2343 1702 1701
f 2343 1699 1702
f 1701 1704 2343
f 1704 1703 2343
f 1703 1706 2343
f 2343 2342 1696
f 1696 1698 2343
f 1698 1700 2343
f 1700 1699 2343
f 2344 1712 1715
f 1715 1714 2344
f 1714 1717 2344
f 1717 1716 2344
f 2344 2343 1708
f 1708 1707 2344
f 1707 1709 2344
f 1709 1711 2344
f 1711 1710 2344
f 1710 1713 2344
f 1713 1712 2344
f 1716 1719 2344
f 1719 1718 2344
f 1718 1721 2344
f 1721 1720 2344
f 1582 1732 1733
f 1733 1735 1582
f 1735 1734 1582
f 1582 1730 1731
f 1731 1732 1582
f 1734 1737 1582
f 1597 1729 1730
f 1597 1728 1729
f 1730 1582 1597
f 2209 1727 1726
f 2209 1724 1727
f 1726 1597 2209
f 1726 1728 1597
f 2209 2344 1723
f 1723 1722 2209
f 1722 1725 2209
f 1725 1724 2209
f 1583 1748 1752
f 1583 1749 1748
f 1583 1746 1749
f 1583 1747 1746
f 1583 1744 1747
f 1583 1745 1744
f 1583 1742 1745
f 1583 1740 1743
f 1743 1742 1583
f 1752 1751 1583
f 1583 1738 1741
f 1741 1740 1583
f 1583 1736 1739
f 1739 1738 1583
f 1582 1737 1736
f 1736 1583 1582
f 1583 1759 1763
f 1583 1760 1759
f 1583 1758 1757
f 1757 1760 1583
f 1583 1756 1755
f 1755 1758 1583
f 1583 1753 1756
f 1583 1754 1753
f 1583 1751 1750
f 1750 1754 1583
f 1584 1769 1768
f 1584 1766 1769
f 1584 1767 1766
f 1584 1765 1764
f 1764 1767 1584
f 1584 1763 1762
f 1762 1761 1584
f 1761 1765 1584
f 1604 1775 1777
f 1604 1776 1775
f 1604 1774 1773
f 1604 1772 1771
f 1604 1768 1770
f 1770 1772 1604
f 1771 1774 1604
f 1773 1776 1604
f 1605 1782 1784
f 1605 1783 1782
f 1605 1781 1780
f 1605 1777 1779
f 1779 1778 1605
f 1778 1781 1605
f 1780 1783 1605
f 1585 1789 1788
f 1585 1787 1789
f 1585 1784 1786
f 1786 1785 1585
f 1785 1787 1585
f 1788 1569 1585
f 1586 1793 1796
f 1586 1794 1793
f 1586 1569 1791
f 1791 1790 1586
f 1790 1794 1586
f 1569 1792 1791
f 1540 1800 1803
f 1540 1801 1800
f 1540 1799 1798
f 1798 1801 1540
f 1540 1586 1795
f 1795 1797 1540
f 1797 1799 1540
f 1541 1810 1809
f 1541 1808 1807
f 1807 1810 1541
f 1541 1806 1805
f 1805 1808 1541
f 1541 1540 1802
f 1802 1804 1541
f 1804 1806 1541
f 1542 1816 1819
f 1542 1817 1816
f 1542 1815 1814
f 1542 1541 1813
f 1813 1812 1542
f 1812 1811 1542
f 1811 1815 1542
f 1814 1817 1542
f 1570 1828 1827
f 1570 1824 1823
f 1570 1822 1821
f 1570 1542 1818
f 1818 1820 1570
f 1820 1822 1570
f 1821 1824 1570
f 1823 1826 1570
f 1826 1825 1570
f 1825 1828 1570
f 1587 1570 1830
f 1830 1829 1587
f 1829 1831 1587
f 1831 1833 1587
f 1833 1832 1587
f 1832 1835 1587
f 1835 1834 1587
f 1834 1837 1587
f 1837 1836 1587
f 1836 1839 1587
f 1839 1838 1587
f 1838 1841 1587
f 1841 1840 1587
f 1840 1843 1587
f 1843 1842 1587
f 2333 1613 1612
f 2333 1610 1611
f 1611 1613 2333
f 1612 1615 2333
f 2210 1608 1609
f 1609 2333 2210
f 1609 1610 2333
f 2210 1588 1607
f 1607 1608 2210
f 1588 1849 1848
f 1588 1847 1846
f 1588 1587 1845
f 1845 1844 1588
f 1844 1847 1588
f 1846 1849 1588
f 1848 1850 1588
f 1850 1607 1588
f 1545 66 72
f 1545 67 66
f 1545 62 61
f 61 67 1545
f 1545 57 62
f 1545 58 57
f 1545 53 58
f 1545 54 53
f 1545 49 54
f 1545 50 49
f 1512 84 83
f 1512 79 84
f 1512 80 79
f 1512 75 80
f 1512 72 71
f 71 70 1512
f 70 76 1512
f 76 75 1512
f 1478 96 102
f 1478 97 96
f 1478 93 92
f 1478 89 88
f 1478 83 85
f 85 89 1478
f 88 93 1478
f 92 97 1478
f 1479 109 115
f 1479 110 109
f 1479 106 105
f 1479 102 101
f 101 100 1479
f 100 106 1479
f 105 110 1479
f 1480 121 124
f 124 1513 1480
f 1480 120 119
f 1480 115 114
f 114 113 1480
f 113 120 1480
f 119 121 1480
f 1514 133 136
f 1514 131 130
f 130 133 1514
f 1513 126 131
f 1513 129 127
f 127 126 1513
f 131 1514 1513
f 1481 148 147
f 1481 144 143
f 143 148 1481
f 1481 1514 140
f 140 138 1481
f 138 137 1481
f 137 144 1481
f 1482 161 160
f 1482 157 156
f 156 161 1482
f 1482 1481 155
f 155 152 1482
f 152 151 1482
f 151 157 1482
f 1445 170 169
f 169 174 1445
f 1445 1482 168
f 168 165 1445
f 165 164 1445
f 164 170 1445
f 174 173 1445
f 1446 190 199
f 1446 191 190
f 1446 187 186
f 1446 183 182
f 1446 1445 179
f 179 178 1446
f 178 183 1446
f 182 187 1446
f 186 191 1446
f 1447 204 209
f 209 208 1447
f 208 213 1447
f 213 212 1447
f 1447 1446 196
f 196 195 1447
f 195 201 1447
f 201 200 1447
f 200 205 1447
f 205 204 1447
f 212 217 1447
f 217 216 1447
f 2345 273 272
f 2345 269 268
f 268 273 2345
f 272 277 2345
f 2345 264 263
f 2345 260 259
f 259 264 2345
f 263 269 2345
f 2253 256 260
f 260 2345 2253
f 2253 250 252
f 252 255 2253
f 255 256 2253
f 1448 245 246
f 246 2253 1448
f 246 250 2253
f 1448 243 242
f 1448 238 237
f 1448 228 234
f 234 233 1448
f 233 238 1448
f 237 243 1448
f 242 245 1448
f 1448 1447 221
f 221 220 1448
f 220 225 1448
f 225 224 1448
f 224 229 1448
f 229 228 1448
f 2346 297 296
f 2346 292 297
f 2346 293 292
f 2346 288 293
f 2346 284 289
f 289 288 2346
f 296 301 2346
f 2346 280 285
f 285 284 2346
f 2346 276 281
f 281 280 2346
f 2345 277 276
f 276 2346 2345
f 2346 313 318
f 2346 314 313
f 2346 310 309
f 309 314 2346
f 2346 305 310
f 2346 301 300
f 300 302 2346
f 302 306 2346
f 306 305 2346
f 2347 331 330
f 2347 326 331
f 2347 327 326
f 2347 322 321
f 2347 317 322
f 321 327 2347
f 2347 318 317
f 2348 344 343
f 2348 339 344
f 2348 340 339
f 2348 336 335
f 2348 330 332
f 332 336 2348
f 335 340 2348
f 2349 354 358
f 2349 352 354
f 2349 353 352
f 2349 349 348
f 2349 343 345
f 345 349 2349
f 348 353 2349
f 2350 372 370
f 2351 364 372
f 372 2350 2351
f 2351 360 363
f 2351 358 357
f 357 360 2351
f 363 364 2351
f 2352 376 382
f 2352 377 376
f 2352 373 375
f 375 377 2352
f 2352 2350 371
f 371 369 2352
f 369 373 2352
f 2353 390 396
f 2353 391 390
f 2353 387 386
f 386 391 2353
f 2353 2352 381
f 381 383 2353
f 383 387 2353
f 2354 408 407
f 2354 404 403
f 403 408 2354
f 2354 400 399
f 399 404 2354
f 2354 2353 395
f 395 397 2354
f 397 400 2354
f 2355 420 426
f 2355 421 420
f 2355 417 416
f 2355 2354 415
f 415 412 2355
f 412 411 2355
f 411 417 2355
f 416 421 2355
f 2356 435 440
f 440 439 2356
f 439 444 2356
f 2356 432 429
f 2356 2355 425
f 425 427 2356
f 427 432 2356
f 429 436 2356
f 436 435 2356
f 444 443 2356
f 1545 46 45
f 1545 40 46
f 1545 41 40
f 1545 36 41
f 1545 37 36
f 1545 33 32
f 32 37 1545
f 45 50 1545
f 1545 29 28
f 28 33 1545
f 1544 24 29
f 29 1545 1544
f 1544 21 20
f 20 25 1544
f 1544 16 17
f 1544 11 13
f 13 16 1544
f 17 21 1544
f 1544 7 11
f 25 24 1544
f 2252 6 7
f 2252 476 3
f 3 2 2252
f 2 6 2252
f 7 1544 2252
f 2252 473 472
f 2252 460 465
f 465 464 2252
f 464 469 2252
f 469 468 2252
f 2252 2356 448
f 448 447 2252
f 447 454 2252
f 454 451 2252
f 451 457 2252
f 457 456 2252
f 456 461 2252
f 461 460 2252
f 468 473 2252
f 472 477 2252
f 477 476 2252
f 1396 2357 2358
f 2358 2359 1396
f 2359 2360 1396
f 1430 2361 2357
f 2357 1396 1430
f 2233 2362 2361
f 2361 1430 2233
f 2233 2363 2362
f 1467 2364 2365
f 2365 2366 1467
f 2366 2367 1467
f 1467 2368 2369
f 2369 2364 1467
f 1396 2370 2368
f 2368 1467 1396
f 1396 2360 2370
f 1467 2371 2372
f 1467 2373 2371
f 1467 2374 2373
f 1467 2375 2374
f 1467 2376 2375
f 1467 2367 2377
f 2377 2376 1467
f 1468 2378 2379
f 1468 2380 2381
f 1468 2382 2380
f 1468 2372 2383
f 2383 2382 1468
f 2381 2378 1468
f 1469 2384 2385
f 1469 2386 2384
f 1469 2387 2388
f 1469 2379 2389
f 2389 2387 1469
f 2388 2386 1469
f 1470 2390 2391
f 1470 2385 2392
f 2392 2393 1470
f 2393 2394 1470
f 2394 2390 1470
f 1431 2395 2396
f 1431 2397 2395
f 1431 2398 2397
f 1431 2391 2399
f 2399 2398 1431
f 1397 2400 2401
f 1397 2402 2400
f 1397 2396 2403
f 2403 2404 1397
f 2404 2405 1397
f 2405 2402 1397
f 1398 2406 2407
f 1398 2408 2406
f 1398 2401 2409
f 2409 2410 1398
f 2410 2408 1398
f 1471 2411 2412
f 1471 2413 2411
f 1471 2407 2414
f 2414 2415 1471
f 2415 2413 1471
f 1472 1507 2416
f 2416 2417 1472
f 1507 2412 2416
f 2417 2418 1472
f 1473 2419 2420
f 1473 2421 2419
f 1473 1472 2422
f 2422 2423 1473
f 2423 2421 1473
f 1474 2424 2425
f 1474 2426 2424
f 1474 2427 2426
f 1474 1473 2428
f 2428 2429 1474
f 2429 2427 1474
f 1432 2430 2431
f 1432 1474 2432
f 2432 2433 1432
f 2433 2434 1432
f 2434 2430 1432
f 1433 2435 2436
f 2436 2437 1433
f 1433 1432 2438
f 2438 2435 1433
f 1434 2439 2440
f 1434 2441 2442
f 2442 2439 1434
f 1434 1433 2443
f 2443 2444 1434
f 2444 2441 1434
f 1399 2445 2446
f 1399 2447 2445
f 1399 1434 2448
f 2448 2449 1399
f 2449 2450 1399
f 2450 2447 1399
f 1475 1399 2451
f 2451 2452 1475
f 2452 2453 1475
f 2453 2454 1475
f 2454 2455 1475
f 2455 2456 1475
f 1571 2457 2458
f 1571 2459 2457
f 1571 1475 2460
f 2460 2461 1571
f 2461 2462 1571
f 2462 2463 1571
f 2463 2459 1571
f 1508 2464 2465
f 2465 2466 1508
f 2466 2467 1508
f 1508 2468 2469
f 1508 1571 2470
f 2470 2471 1508
f 2471 2472 1508
f 2472 2468 1508
f 2469 2473 1508
f 2473 2464 1508
f 1509 1508 2467
f 2467 2234 1509
f 2467 2474 2234
f 2474 2475 2234
f 2458 2470 1571
f 2456 2460 1475
f 2446 2451 1399
f 2440 2448 1434
f 2437 2443 1433
f 2431 2438 1432
f 2425 2432 1474
f 2420 2428 1473
f 2418 2422 1472
f 2412 1507 1471
f 2407 1471 1398
f 2401 1398 1397
f 2396 1397 1431
f 2391 1431 1470
f 2385 1470 1469
f 2379 1469 1468
f 2372 1468 1467
f 443 448 2356
f 426 425 2355
f 407 415 2354
f 396 395 2353
f 382 381 2352
f 370 371 2350
f 358 2351 2349
f 343 2349 2348
f 330 2348 2347
f 318 2347 2346
f 216 221 1447
f 199 196 1446
f 173 179 1445
f 160 168 1482
f 147 155 1481
f 136 140 1514
f 124 129 1513
f 115 1480 1479
f 102 1479 1478
f 83 1478 1512
f 72 1512 1545
f 1842 1845 1587
f 1827 1830 1570
f 1819 1818 1542
f 1809 1813 1541
f 1803 1802 1540
f 1796 1795 1586
f 1788 1792 1569
f 1784 1585 1605
f 1777 1605 1604
f 1768 1604 1584
f 1763 1584 1583
f 1720 1723 2344
f 1705 1708 2343
f 1697 1696 2342
f 1687 1691 2341
f 1681 1680 2340
f 1674 1673 2339
f 1666 1670 2337
f 1662 2338 2336
f 1655 2336 2335
f 1646 2335 2334
f 1641 2334 2332
f 2055 1606 1603
f 2331 1603 1601
f 2330 1601 1600
f 2329 1600 1599
f 2328 1599 1575
f 2327 1575 1574
f 2326 1574 1593
f 2325 1593 1573
f 2324 1573 1565
f 2323 1565 1564
f 2322 1564 1563
f 2321 1563 1495
f 2320 1495 1534
f 2319 1534 1562
f 2318 1562 1533
f 2317 1533 1494
f 2316 1494 1493
f 2315 1493 1492
f 2314 1492 1561
f 2313 1561 1572
f 2312 1572 1592
f 2311 1592 1560
f 2310 1560 1559
f 2309 1559 1558
f 2308 1558 1557
f 2307 1557 1556
f 2306 1556 1555
f 2305 1555 1554
f 2304 1554 1553
f 2303 1553 1591
f 2302 1591 1590
f 2301 1590 1552
f 2300 1552 1551
f 2299 1551 1532
f 2298 1532 1531
f 2297 1531 1550
f 2296 1550 1530
f 2295 1530 1529
f 2294 1529 1549
f 2293 1549 1528
f 2292 1528 1527
f 2291 1527 1526
f 2290 1526 1525
f 2289 1525 1548
f 2288 1548 1598
f 2287 1598 1547
f 2286 1547 1524
f 2285 1524 1523
f 2284 1523 1491
f 2283 1491 1404
f 2282 1404 1403
f 2281 1403 1458
f 2280 1458 1490
f 2279 1490 1457
f 2278 1457 1456
f 2277 1456 1455
f 2276 1455 1522
f 2275 1522 1521
f 2274 1521 1454
f 2273 1454 1489
f 2272 1489 1520
f 2271 1520 1519
f 2270 1519 1453
f 2269 1453 1452
f 2268 1452 1451
f 2267 1451 1488
f 2266 1488 1450
f 2265 1450 1487
f 2264 1487 1486
f 2263 1486 1485
f 2262 1485 1518
f 2261 1518 1517
f 2260 1517 1516
f 2259 1516 1546
f 2258 1546 1484
f 2257 1484 1515
f 2256 1515 1483
f 2255 1483 1449
f 2254 1449 1448
f 2252 1544 1402
f 2251 1402 1401
f 2250 1401 1400
f 2249 1400 1444
f 2248 1444 1443
f 2247 1443 1442
f 2246 1442 1477
f 2245 1477 1441
f 2244 1441 1440
f 2243 1440 1439
f 2242 1439 1438
f 2241 1438 1437
f 2240 1437 1436
f 2239 1436 1435
f 2238 1435 1476
f 2237 1476 1511
f 2236 1511 1510
f 2235 1510 1509
f 2233 1430 1466
f 2232 1466 1429
f 2231 1429 1428
f 2230 1428 1427
f 2229 1427 1343
f 2228 1343 1342
f 2227 1342 1377
f 2226 1377 1341
f 2225 1341 1340
f 2224 1340 1376
f 2223 1376 1375
f 2222 1375 1426
f 2221 1426 1425
f 2220 1425 1424
f 2219 1424 1465
f 2218 1465 1506
f 2217 1506 1505
f 2216 1505 1543
f 2215 1543 1504
f 2214 1504 1503
f 2213 1503 1502
f 2212 1502 1589
f 2211 1589 1588
f 2209 1597 1568
f 2208 1568 1581
f 2207 1581 1580
f 2206 1580 1579
f 2205 1579 1578
f 2204 1578 1577
f 2203 1577 1374
f 2202 1374 1373
f 2201 1373 1339
f 2200 1339 1372
f 2199 1372 1423
f 2198 1423 1422
f 2197 1422 1421
f 2196 1421 1420
f 2195 1420 1419
f 2194 1419 1371
f 2193 1371 1308
f 2192 1308 1338
f 2191 1338 1337
f 2190 1337 1336
f 2189 1336 1335
f 2188 1335 1370
f 2187 1370 1369
f 2186 1369 1368
f 2185 1368 1395
f 2184 1395 1367
f 2183 1367 1366
f 2182 1366 1394
f 2181 1394 1334
f 2180 1334 1333
f 2179 1333 1332
f 2178 1332 1331
f 2177 1331 1365
f 2176 1365 1364
f 2175 1364 1418
f 2174 1418 1417
f 2173 1417 1363
f 2172 1363 1362
f 2171 1362 1307
f 2170 1307 1306
f 2169 1306 1305
f 2168 1305 1304
f 2167 1304 1330
f 2166 1330 1329
f 2165 1329 1328
f 2164 1328 1327
f 2163 1327 1326
f 2162 1326 1303
f 2161 1303 1325
f 2160 1325 1361
f 2159 1361 1360
f 2158 1360 1286
f 2157 1286 1285
f 2156 1285 1284
f 2155 1284 1288
f 2154 1288 1287
f 2153 1287 1302
f 2152 1302 1301
f 2151 1301 1324
f 2150 1324 1323
f 2149 1323 1322
f 2148 1322 1321
f 2147 1321 1320
f 2146 1320 1300
f 2145 1300 1319
f 2144 1319 1359
f 2143 1359 1539
f 2142 1539 1501
f 2141 1501 1500
f 2140 1500 1499
f 2139 1499 1538
f 2138 1538 1464
f 2137 1464 1416
f 1415 1463 2135
f 2135 1463 1498
f 2134 1498 1497
f 2133 1497 1496
f 2132 1496 1537
f 2131 1537 1567
f 2130 1567 1576
f 2129 1576 1566
f 2128 1566 1536
f 2127 1536 1535
f 2126 1535 1462
f 2125 1462 1461
f 2124 1461 1414
f 2123 1414 1413
f 2122 1413 1460
f 2121 1460 1412
f 2120 1412 1411
f 2119 1411 1459
f 2118 1459 1393
f 2117 1393 1392
f 2116 1392 1358
f 2115 1358 1357
f 2114 1357 1356
f 2113 1356 1355
f 2112 1355 1354
f 2111 1354 1353
f 2110 1353 1352
f 2109 1352 1391
f 2108 1391 1390
f 2107 1390 1318
f 2106 1318 1351
f 2105 1351 1410
f 2104 1410 1409
f 2103 1409 1408
f 2102 1408 1389
f 2101 1389 1388
f 2100 1388 1387
f 2099 1387 1386
f 2098 1386 1385
f 2097 1385 1384
f 2096 1384 1407
f 2095 1407 1383
f 2094 1383 1382
f 2093 1382 1350
f 2092 1350 1349
f 2091 1349 1317
f 2090 1317 1348
f 2089 1348 1347
f 2088 1347 1299
f 2087 1299 1298
f 2086 1298 1297
f 2085 1297 1316
f 2084 1316 1315
f 2083 1315 1296
f 2082 1296 1314
f 2081 1314 1295
f 2080 1295 1294
f 2079 1294 1293
f 2078 1293 1346
f 2077 1346 1313
f 2076 1313 1312
f 2075 1312 1311
f 2074 1311 1292
f 2073 1292 1291
f 2072 1291 1345
f 2071 1345 1344
f 2070 1344 1310
f 2069 1310 1290
f 2068 1290 1289
f 2067 1289 1309
f 2066 1309 1381
f 2065 1381 1380
f 2064 1380 1379
f 2063 1379 1378
f 2062 1378 1406
f 2061 1406 1405
f 2060 1405 1596
f 2059 1596 1595
f 2058 1595 1594
f 2057 1594 1602
f 2056 1602 1606
f 2476 2477 2474
f 2474 2467 2476
f 2467 2466 2476
f 2478 2476 2465
f 2465 2464 2478
f 2479 2478 2473
f 2473 2469 2479
f 2480 2479 2468
f 2468 2472 2480
f 2481 2480 2471
f 2471 2470 2481
f 2470 2458 2481
f 2482 2481 2457
f 2457 2459 2482
f 2483 2482 2463
f 2463 2462 2483
f 2484 2483 2461
f 2461 2460 2484
f 2485 2484 2456
f 2456 2455 2485
f 2486 2485 2454
f 2454 2453 2486
f 2487 2451 2446
f 2487 2486 2452
f 2452 2451 2487
f 2488 2487 2445
f 2445 2447 2488
f 2489 2488 2450
f 2450 2449 2489
f 2449 2448 2489
f 2490 2489 2440
f 2440 2439 2490
f 2491 2490 2442
f 2442 2441 2491
f 2492 2491 2444
f 2444 2443 2492
f 2493 2492 2437
f 2437 2436 2493
f 2494 2493 2435
f 2435 2438 2494
f 2495 2494 2431
f 2431 2430 2495
f 2496 2495 2434
f 2434 2433 2496
f 2433 2432 2496
f 2497 2496 2425
f 2425 2424 2497
f 2498 2497 2426
f 2426 2427 2498
f 2499 2428 2420
f 2499 2498 2429
f 2429 2428 2499
f 2500 2499 2419
f 2419 2421 2500
f 2501 2500 2423
f 2423 2422 2501
f 2501 2418 2417
f 2417 2502 2501
f 2503 2502 2412
f 2502 2416 2412
f 2503 2413 2415
f 2503 2411 2413
f 2504 2407 2406
f 2504 2415 2414
f 2414 2407 2504
f 2505 2408 2410
f 2505 2406 2408
f 2506 2401 2400
f 2506 2410 2409
f 2409 2401 2506
f 2507 2402 2405
f 2507 2400 2402
f 2508 2404 2403
f 2508 2405 2404
f 2509 2395 2397
f 2509 2396 2395
f 2509 2403 2396
f 2510 2398 2399
f 2510 2397 2398
f 2511 2391 2390
f 2511 2399 2391
f 2512 2394 2393
f 2512 2390 2394
f 2513 2385 2384
f 2513 2393 2392
f 2392 2385 2513
f 2514 2386 2388
f 2514 2384 2386
f 2515 2387 2389
f 2515 2388 2387
f 2516 2379 2378
f 2516 2389 2379
f 2517 2381 2380
f 2517 2378 2381
f 2518 2382 2383
f 2518 2380 2382
f 2519 2371 2373
f 2519 2372 2371
f 2519 2383 2372
f 2520 2374 2375
f 2520 2373 2374
f 2521 2376 2377
f 2521 2375 2376
f 2522 2366 2365
f 2522 2377 2367
f 2367 2366 2522
f 2523 2364 2369
f 2523 2365 2364
f 2524 2368 2370
f 2524 2369 2368
f 2525 2360 2359
f 2525 2370 2360
f 2526 2358 2357
f 2526 2359 2358
f 2527 2361 2362
f 2527 2357 2361
f 2528 2363 2529
f 2528 2362 2363
f 2530 2531 2532
f 2530 2529 2531
f 2533 2534 2535
f 2533 2532 2534
f 2536 2537 2538
f 2536 2535 2537
f 2539 2540 2541
f 2539 2538 2540
f 2542 2543 2544
f 2542 2541 2545
f 2545 2543 2542
f 2546 2547 2548
f 2546 2544 2547
f 2549 2550 2551
f 2549 2548 2550
f 2552 2553 2554
f 2552 2551 2553
f 2555 2556 2557
f 2555 2554 2556
f 2558 2559 2560
f 2558 2557 2559
f 2561 2562 2563
f 2561 2560 2562
f 2564 2565 2566
f 2564 2563 2565
f 2567 2568 2569
f 2567 2566 2568
f 2570 2571 2572
f 2570 2569 2571
f 2573 2574 2575
f 2573 2572 2574
f 2576 2577 2578
f 2576 2575 2577
f 2579 2580 2581
f 2579 2578 2580
f 2582 2583 2584
f 2582 2581 2583
f 2585 2586 2587
f 2587 2588 2585
f 2589 2585 2590
f 2590 2591 2589
f 2592 2589 2593
f 2593 2594 2592
f 2595 2592 2596
f 2596 2597 2595
f 2598 2595 2599
f 2599 2600 2598
f 2601 2598 2602
f 2602 2603 2601
f 2604 2601 2605
f 2605 2606 2604
f 2607 2604 2608
f 2608 2609 2607
f 2610 2607 2611
f 2611 2612 2610
f 2613 2610 2614
f 2614 2615 2613
f 2616 2617 2618
f 2616 2613 2619
f 2619 2617 2616
f 2620 2616 2621
f 2621 2622 2620
f 2623 2620 2624
f 2624 2625 2623
f 2626 2623 2627
f 2627 2628 2626
f 2629 2626 2630
f 2630 2631 2629
f 2632 2629 2633
f 2633 2634 2632
f 2635 2632 2636
f 2636 2637 2635
f 2638 2635 2639
f 2639 2640 2638
f 2477 2638 2641
f 2641 2475 2477
f 2475 2474 2477
f 2640 2641 2638
f 2637 2639 2635
f 2634 2636 2632
f 2631 2633 2629
f 2628 2630 2626
f 2625 2627 2623
f 2622 2624 2620
f 2618 2621 2616
f 2615 2619 2613
f 2612 2614 2610
f 2609 2611 2607
f 2606 2608 2604
f 2603 2605 2601
f 2600 2602 2598
f 2597 2599 2595
f 2594 2596 2592
f 2591 2593 2589
f 2588 2590 2585
f 2587 2586 2642
f 2643 2644 2584
f 2584 2644 2582
f 2581 2582 2579
f 2578 2579 2576
f 2575 2576 2573
f 2572 2573 2570
f 2569 2570 2567
f 2566 2567 2564
f 2563 2564 2561
f 2560 2561 2558
f 2557 2558 2555
f 2554 2555 2552
f 2551 2552 2549
f 2548 2549 2546
f 2544 2546 2542
f 2541 2542 2539
f 2538 2539 2536
f 2535 2536 2533
f 2532 2533 2530
f 2529 2530 2528
f 2362 2528 2527
f 2357 2527 2526
f 2359 2526 2525
f 2370 2525 2524
f 2369 2524 2523
f 2365 2523 2522
f 2377 2522 2521
f 2375 2521 2520
f 2373 2520 2519
f 2383 2519 2518
f 2380 2518 2517
f 2378 2517 2516
f 2389 2516 2515
f 2388 2515 2514
f 2384 2514 2513
f 2393 2513 2512
f 2390 2512 2511
f 2399 2511 2510
f 2397 2510 2509
f 2403 2509 2508
f 2405 2508 2507
f 2400 2507 2506
f 2410 2506 2505
f 2406 2505 2504
f 2415 2504 2503
f 2412 2411 2503
f 2417 2416 2502
f 2422 2418 2501
f 2421 2423 2500
f 2420 2419 2499
f 2427 2429 2498
f 2424 2426 2497
f 2432 2425 2496
f 2430 2434 2495
f 2438 2431 2494
f 2436 2435 2493
f 2443 2437 2492
f 2441 2444 2491
f 2439 2442 2490
f 2448 2440 2489
f 2447 2450 2488
f 2446 2445 2487
f 2453 2452 2486
f 2455 2454 2485
f 2460 2456 2484
f 2462 2461 2483
f 2459 2463 2482
f 2458 2457 2481
f 2472 2471 2480
f 2469 2468 2479
f 2464 2473 2478
f 2466 2465 2476
f 2492 2493 2645
f 2646 2644 2647
f 2488 2648 2649
f 2650 2491 2492
f 2494 2651 2645
f 2495 2652 2651
f 2573 2653 2654
f 2576 2579 2655
f 2582 2646 2655
f 2644 2643 2647
f 2656 2657 2658
f 2659 2660 2661
f 2486 2487 2649
f 2649 2487 2488
f 2645 2493 2494
f 2651 2494 2495
f 2499 2500 2662
f 2570 2654 2663
f 2654 2570 2573
f 2655 2579 2582
f 2646 2582 2644
f 2656 2664 2657
f 2665 2666 2667
f 2660 2668 2669
f 2661 2670 2659
f 2626 2671 2672
f 2482 2483 2673
f 2484 2674 2673
f 2485 2486 2675
f 2488 2489 2648
f 2489 2490 2676
f 2491 2650 2676
f 2495 2496 2652
f 2677 2498 2499
f 2501 2678 2662
f 2502 2503 2679
f 2505 2680 2681
f 2509 2510 2682
f 2516 2517 2683
f 2555 2558 2684
f 2561 2685 2684
f 2564 2567 2663
f 2573 2576 2653
f 2647 2656 2646
f 2656 2647 2664
f 2665 2658 2666
f 2686 2687 2688
f 2689 2690 2691
f 2668 2689 2692
f 2670 2693 2659
f 2694 2659 2693
f 2595 2598 2695
f 2616 2620 2696
f 2623 2672 2696
f 2672 2623 2626
f 2629 2632 2697
f 2635 2698 2697
f 2638 2477 2699
f 2673 2483 2484
f 2674 2484 2485
f 2676 2648 2489
f 2645 2650 2492
f 2662 2500 2501
f 2678 2501 2502
f 2503 2504 2681
f 2681 2504 2505
f 2508 2700 2701
f 2700 2508 2509
f 2512 2702 2703
f 2704 2515 2516
f 2518 2705 2683
f 2530 2706 2707
f 2542 2546 2708
f 2552 2709 2710
f 2684 2558 2561
f 2685 2561 2564
f 2655 2653 2576
f 2667 2686 2665
f 2686 2667 2687
f 2711 2688 2712
f 2713 2714 2715
f 2692 2669 2668
f 2693 2716 2694
f 2717 2718 2719
f 2592 2720 2721
f 2720 2592 2595
f 2604 2722 2723
f 2613 2724 2725
f 2724 2613 2616
f 2626 2629 2671
f 2697 2632 2635
f 2698 2635 2638
f 2476 2726 2699
f 2478 2727 2726
f 2481 2728 2729
f 2675 2674 2485
f 2676 2490 2491
f 2496 2497 2730
f 2498 2677 2730
f 2679 2678 2502
f 2505 2506 2680
f 2506 2507 2701
f 2682 2700 2509
f 2510 2511 2703
f 2703 2511 2512
f 2515 2704 2731
f 2683 2517 2518
f 2519 2732 2705
f 2707 2528 2530
f 2533 2536 2733
f 2539 2734 2733
f 2734 2539 2542
f 2546 2549 2710
f 2710 2549 2552
f 2663 2685 2564
f 2658 2665 2656
f 2712 2713 2711
f 2713 2712 2714
f 2735 2736 2737
f 2690 2738 2739
f 2669 2661 2660
f 2740 2694 2716
f 2741 2742 2743
f 2718 2741 2744
f 2719 2745 2717
f 2746 2717 2747
f 2585 2589 2721
f 2695 2720 2595
f 2723 2601 2604
f 2607 2610 2725
f 2696 2724 2616
f 2697 2671 2629
f 2699 2477 2476
f 2726 2476 2478
f 2479 2480 2729
f 2729 2480 2481
f 2649 2675 2486
f 2730 2497 2498
f 2681 2679 2503
f 2701 2507 2508
f 2512 2513 2702
f 2513 2514 2731
f 2683 2704 2516
f 2705 2518 2519
f 2523 2524 2748
f 2527 2528 2707
f 2733 2706 2533
f 2708 2734 2542
f 2552 2555 2709
f 2663 2567 2570
f 2715 2749 2713
f 2749 2715 2750
f 2735 2750 2736
f 2691 2692 2689
f 2716 2751 2740
f 2742 2740 2752
f 2743 2753 2741
f 2744 2754 2718
f 2745 2755 2717
f 2747 2586 2746
f 2721 2589 2592
f 2598 2601 2723
f 2725 2722 2607
f 2696 2620 2623
f 2478 2479 2727
f 2481 2482 2728
f 2730 2652 2496
f 2701 2680 2506
f 2731 2702 2513
f 2519 2520 2732
f 2520 2521 2756
f 2522 2757 2756
f 2757 2522 2523
f 2525 2758 2748
f 2526 2527 2759
f 2530 2533 2706
f 2710 2708 2546
f 2688 2711 2686
f 2737 2760 2735
f 2751 2752 2740
f 2753 2744 2741
f 2755 2747 2717
f 2747 2642 2586
f 2723 2695 2598
f 2725 2610 2613
f 2729 2727 2479
f 2662 2677 2499
f 2731 2514 2515
f 2756 2521 2522
f 2748 2524 2525
f 2758 2525 2526
f 2733 2536 2539
f 2750 2735 2749
f 2760 2737 2761
f 2762 2761 2763
f 2739 2738 2764
f 2752 2743 2742
f 2586 2585 2746
f 2604 2607 2722
f 2673 2728 2482
f 2756 2732 2520
f 2759 2758 2526
f 2684 2709 2555
f 2763 2765 2762
f 2765 2763 2766
f 2739 2691 2690
f 2721 2746 2585
f 2703 2682 2510
f 2707 2759 2527
f 2766 2767 2765
f 2767 2766 2768
f 2754 2719 2718
f 2748 2757 2523
f 2768 2769 2767
f 2768 2770 2771
f 2699 2698 2638
f 2771 2769 2768
f 2761 2762 2760
f 2764 2772 2739
f 2722 2773 2774
f 2722 2775 2773
f 2723 2776 2777
f 2723 2774 2776
f 2695 2778 2779
f 2695 2777 2778
f 2720 2780 2781
f 2720 2779 2780
f 2721 2782 2783
f 2721 2781 2782
f 2746 2784 2785
f 2746 2783 2784
f 2717 2786 2787
f 2717 2785 2786
f 2718 2788 2789
f 2718 2787 2788
f 2741 2790 2791
f 2741 2789 2792
f 2792 2790 2741
f 2742 2793 2794
f 2742 2791 2793
f 2740 2795 2796
f 2740 2794 2795
f 2694 2797 2798
f 2694 2796 2797
f 2659 2799 2800
f 2659 2801 2799
f 2659 2798 2801
f 2660 2802 2803
f 2660 2800 2802
f 2668 2804 2805
f 2668 2803 2806
f 2806 2804 2668
f 2689 2807 2808
f 2689 2805 2807
f 2690 2809 2810
f 2690 2808 2809
f 2738 2811 2812
f 2738 2810 2813
f 2813 2811 2738
f 2812 2814 2772
f 2815 2816 2817
f 2814 2812 2815
f 2817 2814 2815
f 2818 2819 2820
f 2821 2816 2822
f 2822 2818 2821
f 2820 2821 2818
f 2823 2824 2825
f 2826 2819 2823
f 2825 2826 2823
f 2827 2828 2829
f 2830 2824 2827
f 2829 2830 2827
f 2831 2832 2833
f 2834 2828 2831
f 2833 2834 2831
f 2835 2836 2837
f 2838 2832 2835
f 2837 2838 2835
f 2836 2839 2840
f 2841 2842 2843
f 2839 2836 2841
f 2843 2839 2841
f 2844 2845 2846
f 2847 2842 2848
f 2848 2844 2847
f 2846 2847 2844
f 2845 2849 2850
f 2851 2852 2850
f 2850 2849 2851
f 2853 2854 2852
f 2852 2851 2853
f 2853 2855 2854
f 2856 2857 2854
f 2858 2859 2857
f 2857 2856 2858
f 2860 2861 2859
f 2862 2863 2861
f 2861 2860 2862
f 2862 2864 2863
f 2865 2866 2863
f 2867 2868 2866
f 2866 2865 2867
f 2869 2870 2868
f 2871 2872 2870
f 2870 2869 2871
f 2871 2873 2872
f 2874 2875 2872
f 2876 2877 2875
f 2875 2874 2876
f 2878 2879 2877
f 2880 2881 2879
f 2879 2878 2880
f 2880 2882 2881
f 2883 2884 2881
f 2885 2886 2884
f 2884 2883 2885
f 2887 2771 2770
f 2770 2886 2887
f 2769 2771 2887
f 2887 2888 2769
f 2767 2769 2889
f 2889 2890 2767
f 2765 2767 2891
f 2891 2892 2765
f 2762 2765 2893
f 2893 2894 2762
f 2760 2762 2895
f 2895 2896 2760
f 2735 2897 2898
f 2735 2760 2899
f 2899 2897 2735
f 2749 2735 2900
f 2900 2901 2749
f 2713 2749 2902
f 2902 2903 2713
f 2711 2713 2904
f 2904 2905 2711
f 2686 2711 2906
f 2906 2907 2686
f 2665 2686 2908
f 2908 2909 2665
f 2656 2665 2910
f 2910 2911 2656
f 2646 2656 2912
f 2912 2913 2646
f 2913 2914 2646
f 2655 2646 2915
f 2915 2916 2655
f 2653 2655 2917
f 2917 2918 2653
f 2654 2653 2919
f 2919 2920 2654
f 2663 2654 2921
f 2921 2922 2663
f 2685 2663 2923
f 2923 2924 2685
f 2685 2925 2926
f 2685 2927 2925
f 2684 2928 2929
f 2684 2926 2928
f 2709 2930 2931
f 2709 2929 2930
f 2710 2932 2933
f 2710 2931 2932
f 2708 2934 2935
f 2708 2933 2934
f 2734 2936 2937
f 2734 2938 2936
f 2734 2935 2938
f 2733 2939 2940
f 2733 2937 2939
f 2706 2941 2942
f 2706 2940 2941
f 2707 2943 2944
f 2707 2942 2943
f 2759 2945 2946
f 2759 2944 2945
f 2758 2947 2948
f 2758 2946 2947
f 2748 2949 2950
f 2748 2948 2949
f 2757 2951 2952
f 2757 2950 2953
f 2953 2951 2757
f 2756 2954 2955
f 2756 2952 2954
f 2732 2956 2957
f 2732 2955 2956
f 2705 2958 2959
f 2705 2957 2958
f 2683 2960 2961
f 2683 2959 2960
f 2704 2962 2963
f 2704 2961 2962
f 2731 2964 2965
f 2731 2963 2964
f 2702 2966 2967
f 2702 2968 2966
f 2702 2965 2968
f 2703 2969 2970
f 2703 2967 2969
f 2682 2971 2972
f 2682 2973 2971
f 2682 2970 2973
f 2700 2974 2975
f 2700 2972 2974
f 2701 2976 2977
f 2701 2978 2976
f 2701 2975 2978
f 2680 2979 2980
f 2680 2977 2979
f 2681 2981 2982
f 2681 2983 2981
f 2681 2980 2983
f 2679 2982 2984
f 2984 2678 2679
f 2662 2985 2986
f 2662 2678 2987
f 2987 2985 2662
f 2677 2662 2988
f 2988 2989 2677
f 2730 2677 2990
f 2990 2991 2730
f 2652 2730 2992
f 2992 2993 2652
f 2651 2652 2994
f 2994 2995 2651
f 2645 2651 2996
f 2996 2997 2645
f 2650 2998 2999
f 2650 2645 3000
f 3000 2998 2650
f 2676 2650 3001
f 3001 3002 2676
f 2648 3003 3004
f 2648 2676 3005
f 3005 3003 2648
f 2649 2648 3006
f 3006 3007 2649
f 2675 2649 3008
f 3008 3009 2675
f 2674 3010 3011
f 2674 2675 3012
f 3012 3010 2674
f 2673 2674 3013
f 3013 3014 2673
f 2728 2673 3015
f 3015 3016 2728
f 3016 3017 2728
f 2729 2728 3018
f 3018 3019 2729
f 2727 2729 3020
f 3020 3021 2727
f 2726 2727 3022
f 3022 3023 2726
f 2699 3024 3025
f 2699 2726 3026
f 3026 3024 2699
f 2698 2699 3027
f 3027 3028 2698
f 2697 2698 3029
f 3029 3030 2697
f 2671 2697 3031
f 3031 3032 2671
f 2672 2671 3033
f 3033 3034 2672
f 2696 2672 3035
f 3035 3036 2696
f 2724 2696 3037
f 3037 3038 2724
f 2725 2724 3039
f 3039 3040 2725
f 2722 2725 3041
f 3041 3042 2722
f 3042 2775 2722
f 3040 3041 2725
f 3038 3039 2724
f 3036 3037 2696
f 3034 3035 2672
f 3032 3033 2671
f 3030 3031 2697
f 3028 3029 2698
f 3025 3027 2699
f 3023 3026 2726
f 3021 3022 2727
f 3019 3020 2729
f 3017 3018 2728
f 3014 3015 2673
f 3011 3013 2674
f 3009 3012 2675
f 3007 3008 2649
f 3004 3006 2648
f 3002 3005 2676
f 2999 3001 2650
f 2997 3000 2645
f 2995 2996 2651
f 2993 2994 2652
f 2991 2992 2730
f 2989 2990 2677
f 2986 2988 2662
f 2984 2987 2678
f 2982 2679 2681
f 2980 2681 2680
f 2977 2680 2701
f 2975 2701 2700
f 2972 2700 2682
f 2970 2682 2703
f 2967 2703 2702
f 2965 2702 2731
f 2963 2731 2704
f 2961 2704 2683
f 2959 2683 2705
f 2957 2705 2732
f 2955 2732 2756
f 2952 2756 2757
f 2950 2757 2748
f 2948 2748 2758
f 2946 2758 2759
f 2944 2759 2707
f 2942 2707 2706
f 2940 2706 2733
f 2937 2733 2734
f 2935 2734 2708
f 2933 2708 2710
f 2931 2710 2709
f 2929 2709 2684
f 2926 2684 2685
f 2924 2927 2685
f 2922 2923 2663
f 2920 2921 2654
f 2918 2919 2653
f 2916 2917 2655
f 2914 2915 2646
f 2911 2912 2656
f 2909 2910 2665
f 2907 2908 2686
f 2905 2906 2711
f 2903 2904 2713
f 2901 2902 2749
f 2898 2900 2735
f 2896 2899 2760
f 2894 2895 2762
f 2892 2893 2765
f 2890 2891 2767
f 2888 2889 2769
f 2885 2887 2886
f 2882 2883 2881
f 2876 2878 2877
f 2873 2874 2872
f 2867 2869 2868
f 2864 2865 2863
f 2858 2860 2859
f 2855 2856 2854
f 2850 2846 2845
f 2847 2843 2842
f 2840 2837 2836
f 2838 2833 2832
f 2834 2829 2828
f 2830 2825 2824
f 2826 2820 2819
f 2821 2817 2816
f 2772 2764 2812
f 2812 2764 2738
f 2810 2738 2690
f 2808 2690 2689
f 2805 2689 2668
f 2803 2668 2660
f 2800 2660 2659
f 2798 2659 2694
f 2796 2694 2740
f 2794 2740 2742
f 2791 2742 2741
f 2789 2741 2718
f 2787 2718 2717
f 2785 2717 2746
f 2783 2746 2721
f 2781 2721 2720
f 2779 2720 2695
f 2777 2695 2723
f 2774 2723 2722
f 2055 3043 3044
f 2056 3044 3045
f 2057 3045 3046
f 2058 3046 3047
f 2059 3047 3048
f 2060 3048 3049
f 2061 3049 3050
f 2062 3050 3051
f 2063 3051 3052
f 2064 3052 3053
f 2065 3053 3054
f 2066 3054 3055
f 2067 3055 3056
f 2068 3056 3057
f 2069 3057 3058
f 2070 3058 3059
f 2071 3059 3060
f 2072 3060 3061
f 2073 3061 3062
f 2074 3062 3063
f 2075 3063 3064
f 2076 3064 3065
f 2077 3065 3066
f 2078 3066 3067
f 2079 3067 3068
f 2080 3068 3069
f 2081 3069 3070
f 2082 3070 3071
f 2083 3071 3072
f 2084 3072 3073
f 2085 3073 3074
f 2086 3074 3075
f 2087 3075 3076
f 2088 3076 3077
f 2089 3077 3078
f 2090 3078 3079
f 2091 3079 3080
f 2092 3080 3081
f 2093 3081 3082
f 2094 3082 3083
f 2095 3083 3084
f 2096 3084 3085
f 2097 3085 3086
f 2098 3086 3087
f 2099 3087 3088
f 2100 3088 3089
f 2101 3089 3090
f 2102 3090 3091
f 2103 3091 3092
f 2104 3092 3093
f 2105 3093 3094
f 2106 3094 3095
f 2107 3095 3096
f 2108 3096 3097
f 2109 3097 3098
f 2110 3098 3099
f 2111 3099 3100
f 2112 3100 3101
f 2113 3101 3102
f 2114 3102 3103
f 2115 3103 3104
f 2116 3104 3105
f 2117 3105 3106
f 2118 3106 3107
f 2119 3107 3108
f 2120 3108 3109
f 2121 3109 3110
f 2122 3110 3111
f 2123 3111 3112
f 2124 3112 3113
f 2125 3113 3114
f 2126 3114 3115
f 2127 3115 3116
f 2128 3116 3117
f 2129 3117 3118
f 2130 3118 3119
f 2131 3119 3120
f 2132 3120 3121
f 2133 3121 3122
f 2134 3122 3123
f 2135 3123 3124
f 2136 3124 3125
f 2137 3125 3126
f 2138 3126 3127
f 2139 3127 3128
f 2140 3128 3129
f 2141 3129 3130
f 2142 3130 3131
f 2143 3131 3132
f 2144 3132 3133
f 2145 3133 3134
f 2146 3134 3135
f 2147 3135 3136
f 2148 3136 3137
f 2149 3137 3138
f 2150 3138 3139
f 2151 3139 3140
f 2152 3140 3141
f 2153 3141 3142
f 2154 3142 3143
f 2155 3143 3144
f 2156 3144 3145
f 2157 3145 3146
f 2158 3146 3147
f 2159 3147 3148
f 2160 3148 3149
f 2161 3149 3150
f 2162 3150 3151
f 2163 3151 3152
f 2164 3152 3153
f 2165 3153 3154
f 2166 3154 3155
f 2167 3155 3156
f 2168 3156 3157
f 2169 3157 3158
f 2170 3158 3159
f 2171 3159 3160
f 2172 3160 3161
f 2173 3161 3162
f 2174 3162 3163
f 2175 3163 3164
f 2176 3164 3165
f 2177 3165 3166
f 2178 3166 3167
f 2179 3167 3168
f 2180 3168 3169
f 2181 3169 3170
f 2182 3170 3171
f 2183 3171 3172
f 2184 3172 3173
f 2185 3173 3174
f 2186 3174 3175
f 2187 3175 3176
f 2188 3176 3177
f 2189 3177 3178
f 2190 3178 3179
f 2191 3179 3180
f 2192 3180 3181
f 2193 3181 3182
f 2194 3182 3183
f 2195 3183 3184
f 2196 3184 3185
f 2197 3185 3186
f 2198 3186 3187
f 2199 3187 3188
f 2200 3188 3189
f 2201 3189 3190
f 2202 3190 3191
f 2203 3191 3192
f 2204 3192 3193
f 2205 3193 3194
f 2206 3194 3195
f 2207 3195 3196
f 2208 3196 3197
f 2209 3197 3198
f 2344 3198 3199
f 2343 3199 3200
f 2342 3200 3201
f 2341 3201 3202
f 2340 3202 3203
f 2339 3203 3204
f 2337 3204 3205
f 2338 3205 3206
f 2336 3206 3207
f 2335 3207 3208
f 2334 3208 3209
f 2332 3209 3210
f 2333 3210 3211
f 2210 3211 3212
f 2211 3212 3213
f 2212 3213 3214
f 2213 3214 3215
f 2214 3215 3216
f 2215 3216 3217
f 2216 3217 3218
f 2217 3218 3219
f 2218 3219 3220
f 2219 3220 3221
f 2220 3221 3222
f 2221 3222 3223
f 2222 3223 3224
f 2223 3224 3225
f 2224 3225 3226
f 2225 3226 3227
f 2226 3227 3228
f 2227 3228 3229
f 2228 3229 3230
f 2229 3230 3231
f 2236 3232 3233
f 2237 3233 3234
f 2238 3234 3235
f 2239 3235 3236
f 2240 3236 3237
f 2241 3237 3238
f 2242 3238 3239
f 2243 3239 3240
f 2244 3240 3241
f 2245 3241 3242
f 2246 3242 3243
f 2247 3243 3244
f 2248 3244 3245
f 2249 3245 3246
f 2250 3246 3247
f 2251 3247 3248
f 2252 3248 3249
f 2356 3249 3250
f 2355 3250 3251
f 2354 3251 3252
f 2353 3252 3253
f 2352 3253 3254
f 2350 3254 3255
f 2351 3255 3256
f 2349 3256 3257
f 2348 3257 3258
f 2347 3258 3259
f 2346 3259 3260
f 2345 3260 3261
f 2253 3261 3262
f 2254 3262 3263
f 2255 3263 3264
f 2256 3264 3265
f 2257 3265 3266
f 2258 3266 3267
f 2259 3267 3268
f 2260 3268 3269
f 2261 3269 3270
f 2262 3270 3271
f 2263 3271 3272
f 2264 3272 3273
f 2265 3273 3274
f 2266 3274 3275
f 2267 3275 3276
f 2268 3276 3277
f 2269 3277 3278
f 2270 3278 3279
f 2271 3279 3280
f 2272 3280 3281
f 2273 3281 3282
f 2274 3282 3283
f 2275 3283 3284
f 2276 3284 3285
f 2277 3285 3286
f 2278 3286 3287
f 2279 3287 3288
f 2280 3288 3289
f 2281 3289 3290
f 2282 3290 3291
f 2283 3291 3292
f 2284 3292 3293
f 2285 3293 3294
f 2286 3294 3295
f 2287 3295 3296
f 2288 3296 3297
f 2289 3297 3298
f 2290 3298 3299
f 2291 3299 3300
f 2292 3300 3301
f 2293 3301 3302
f 2294 3302 3303
f 2295 3303 3304
f 2296 3304 3305
f 2297 3305 3306
f 2298 3306 3307
f 2299 3307 3308
f 2300 3308 3309
f 2301 3309 3310
f 2302 3310 3311
f 2303 3311 3312
f 2304 3312 3313
f 2305 3313 3314
f 2306 3314 3315
f 2307 3315 3316
f 2308 3316 3317
f 2309 3317 3318
f 2310 3318 3319
f 2311 3319 3320
f 2312 3320 3321
f 2313 3321 3322
f 2314 3322 3323
f 2315 3323 3324
f 2316 3324 3325
f 2317 3325 3326
f 2318 3326 3327
f 2319 3327 3328
f 2320 3328 3329
f 2321 3329 3330
f 2322 3330 3331
f 2323 3331 3332
f 2324 3332 3333
f 2325 3333 3334
f 2326 3334 3335
f 2327 3335 3336
f 2328 3336 3337
f 2329 3337 3338
f 2330 3338 3339
f 2331 3339 3043
f 2231 2544 2543
f 2231 2547 2544
f 2231 2550 2548
f 2231 2551 2550
f 2548 2547 2231
f 2231 2553 2551
f 2231 2554 2553
f 2231 2556 2554
f 2231 2557 2556
f 2231 2559 2557
f 2231 2562 2560
f 2560 2559 2231
f 2232 2534 2532
f 2232 2543 2545
f 2545 2541 2232
f 2541 2540 2232
f 2540 2538 2232
f 2538 2537 2232
f 2537 2535 2232
f 2535 2534 2232
f 2233 2531 2529
f 2233 2532 2531
f 2234 2639 2637
f 2234 2640 2639
f 2234 2475 2641
f 2641 2640 2234
f 2637 2636 2234
f 2235 2622 2621
f 2235 2625 2624
f 2624 2622 2235
f 2235 2627 2625
f 2235 2628 2627
f 2235 2630 2628
f 2235 2631 2630
f 2235 2234 2634
f 2634 2633 2235
f 2633 2631 2235
f 3232 2747 2755
f 3232 2642 2747
f 3232 2588 2587
f 3232 2236 2593
f 2236 2235 2618
f 2618 2617 2236
f 2617 2619 2236
f 2619 2615 2236
f 2615 2614 2236
f 2614 2612 2236
f 2612 2611 2236
f 2611 2609 2236
f 2609 2608 2236
f 2608 2606 2236
f 2606 2605 2236
f 2605 2603 2236
f 2603 2602 2236
f 2602 2600 2236
f 2600 2599 2236
f 2599 2597 2236
f 2597 2596 2236
f 2596 2594 2236
f 2594 2593 2236
f 2593 2591 3232
f 2591 2590 3232
f 2590 2588 3232
f 2587 2642 3232
f 3340 2745 2719
f 3340 2755 2745
f 3341 2754 2744
f 3341 2719 2754
f 3342 2753 2743
f 3342 2744 2753
f 3343 2752 2751
f 3343 2743 2752
f 3344 2716 2693
f 3344 2751 2716
f 3345 2670 2661
f 3345 2693 2670
f 3346 2669 2692
f 3346 2661 2669
f 3347 2691 2739
f 3347 2692 2691
f 3348 2817 2821
f 3348 2739 2772
f 2772 2814 3348
f 2814 2817 3348
f 3349 2830 2829
f 3349 2820 2826
f 3349 2821 2820
f 2826 2825 3349
f 2825 2830 3349
f 3350 2840 2839
f 3350 2837 2840
f 3350 2838 2837
f 3350 2834 2833
f 3350 2829 2834
f 2833 2838 3350
f 3351 2846 2850
f 2850 3352 3351
f 3351 2839 2843
f 2843 2847 3351
f 2847 2846 3351
f 3353 2854 2857
f 2857 2859 3353
f 3353 3352 2852
f 2852 2854 3353
f 2859 2861 3353
f 3354 2870 2872
f 3354 2868 2870
f 3354 3353 2863
f 2863 2866 3354
f 2866 2868 3354
f 3355 2884 2886
f 3355 2881 2884
f 3355 2877 2879
f 2879 2881 3355
f 3355 3354 2875
f 2875 2877 3355
f 3356 3355 2770
f 2770 2768 3356
f 3357 3356 2766
f 2766 2763 3357
f 3358 3357 2761
f 2761 2737 3358
f 3359 3358 2736
f 2736 2750 3359
f 3360 3359 2715
f 2715 2714 3360
f 3361 3360 2712
f 2712 2688 3361
f 3362 3361 2687
f 2687 2667 3362
f 3363 3362 2666
f 2666 2658 3363
f 3364 3363 2657
f 2657 2664 3364
f 2231 2568 2566
f 2566 2565 2231
f 2565 2563 2231
f 2231 2571 2569
f 2231 2572 2571
f 2569 2568 2231
f 2231 2574 2572
f 2231 2575 2574
f 2563 2562 2231
f 2230 2577 2575
f 2575 2231 2230
f 2230 2580 2578
f 2230 2581 2580
f 2578 2577 2230
f 2230 2583 2581
f 3231 2584 2583
f 3231 2643 2584
f 2583 2230 3231
f 3231 3364 2647
f 2647 2643 3231
f 2664 2647 3364
f 2658 2657 3363
f 2667 2666 3362
f 2688 2687 3361
f 2714 2712 3360
f 2750 2715 3359
f 2737 2736 3358
f 2763 2761 3357
f 2768 2766 3356
f 2886 2770 3355
f 2872 2875 3354
f 2861 2863 3353
f 2850 2852 3352
f 2839 3351 3350
f 2829 3350 3349
f 2821 3349 3348
f 2739 3348 3347
f 2692 3347 3346
f 2661 3346 3345
f 2693 3345 3344
f 2751 3344 3343
f 2743 3343 3342
f 2744 3342 3341
f 2719 3341 3340
f 2755 3340 3232
f 2621 2618 2235
f 2636 2634 2234
f 2529 2363 2233
f 2532 2233 2232
f 2543 2232 2231
f 3043 2055 2331
f 3339 2331 2330
f 3338 2330 2329
f 3337 2329 2328
f 3336 2328 2327
f 3335 2327 2326
f 3334 2326 2325
f 3333 2325 2324
f 3332 2324 2323
f 3331 2323 2322
f 3330 2322 2321
f 3329 2321 2320
f 3328 2320 2319
f 3327 2319 2318
f 3326 2318 2317
f 3325 2317 2316
f 3324 2316 2315
f 3323 2315 2314
f 3322 2314 2313
f 3321 2313 2312
f 3320 2312 2311
f 3319 2311 2310
f 3318 2310 2309
f 3317 2309 2308
f 3316 2308 2307
f 3315 2307 2306
f 3314 2306 2305
f 3313 2305 2304
f 3312 2304 2303
f 3311 2303 2302
f 3310 2302 2301
f 3309 2301 2300
f 3308 2300 2299
f 3307 2299 2298
f 3306 2298 2297
f 3305 2297 2296
f 3304 2296 2295
f 3303 2295 2294
f 3302 2294 2293
f 3301 2293 2292
f 3300 2292 2291
f 3299 2291 2290
f 3298 2290 2289
f 3297 2289 2288
f 3296 2288 2287
f 3295 2287 2286
f 3294 2286 2285
f 3293 2285 2284
f 3292 2284 2283
f 3291 2283 2282
f 3290 2282 2281
f 3289 2281 2280
f 3288 2280 2279
f 3287 2279 2278
f 3286 2278 2277
f 3285 2277 2276
f 3284 2276 2275
f 3283 2275 2274
f 3282 2274 2273
f 3281 2273 2272
f 3280 2272 2271
f 3279 2271 2270
f 3278 2270 2269
f 3277 2269 2268
f 3276 2268 2267
f 3275 2267 2266
f 3274 2266 2265
f 3273 2265 2264
f 3272 2264 2263
f 3271 2263 2262
f 3270 2262 2261
f 3269 2261 2260
f 3268 2260 2259
f 3267 2259 2258
f 3266 2258 2257
f 3265 2257 2256
f 3264 2256 2255
f 3263 2255 2254
f 3262 2254 2253
f 3261 2253 2345
f 3260 2345 2346
f 3259 2346 2347
f 3258 2347 2348
f 3257 2348 2349
f 3256 2349 2351
f 3255 2351 2350
f 3254 2350 2352
f 3253 2352 2353
f 3252 2353 2354
f 3251 2354 2355
f 3250 2355 2356
f 3249 2356 2252
f 3248 2252 2251
f 3247 2251 2250
f 3246 2250 2249
f 3245 2249 2248
f 3244 2248 2247
f 3243 2247 2246
f 3242 2246 2245
f 3241 2245 2244
f 3240 2244 2243
f 3239 2243 2242
f 3238 2242 2241
f 3237 2241 2240
f 3236 2240 2239
f 3235 2239 2238
f 3234 2238 2237
f 3233 2237 2236
f 3231 2230 2229
f 3230 2229 2228
f 3229 2228 2227
f 3228 2227 2226
f 3227 2226 2225
f 3226 2225 2224
f 3225 2224 2223
f 3224 2223 2222
f 3223 2222 2221
f 3222 2221 2220
f 3221 2220 2219
f 3220 2219 2218
f 3219 2218 2217
f 3218 2217 2216
f 3217 2216 2215
f 3216 2215 2214
f 3215 2214 2213
f 3214 2213 2212
f 3213 2212 2211
f 3212 2211 2210
f 3211 2210 2333
f 3210 2333 2332
f 3209 2332 2334
f 3208 2334 2335
f 3207 2335 2336
f 3206 2336 2338
f 3205 2338 2337
f 3204 2337 2339
f 3203 2339 2340
f 3202 2340 2341
f 3201 2341 2342
f 3200 2342 2343
f 3199 2343 2344
f 3198 2344 2209
f 3197 2209 2208
f 3196 2208 2207
f 3195 2207 2206
f 3194 2206 2205
f 3193 2205 2204
f 3192 2204 2203
f 3191 2203 2202
f 3190 2202 2201
f 3189 2201 2200
f 3188 2200 2199
f 3187 2199 2198
f 3186 2198 2197
f 3185 2197 2196
f 3184 2196 2195
f 3183 2195 2194
f 3182 2194 2193
f 3181 2193 2192
f 3180 2192 2191
f 3179 2191 2190
f 3178 2190 2189
f 3177 2189 2188
f 3176 2188 2187
f 3175 2187 2186
f 3174 2186 2185
f 3173 2185 2184
f 3172 2184 2183
f 3171 2183 2182
f 3170 2182 2181
f 3169 2181 2180
f 3168 2180 2179
f 3167 2179 2178
f 3166 2178 2177
f 3165 2177 2176
f 3164 2176 2175
f 3163 2175 2174
f 3162 2174 2173
f 3161 2173 2172
f 3160 2172 2171
f 3159 2171 2170
f 3158 2170 2169
f 3157 2169 2168
f 3156 2168 2167
f 3155 2167 2166
f 3154 2166 2165
f 3153 2165 2164
f 3152 2164 2163
f 3151 2163 2162
f 3150 2162 2161
f 3149 2161 2160
f 3148 2160 2159
f 3147 2159 2158
f 3146 2158 2157
f 3145 2157 2156
f 3144 2156 2155
f 3143 2155 2154
f 3142 2154 2153
f 3141 2153 2152
f 3140 2152 2151
f 3139 2151 2150
f 3138 2150 2149
f 3137 2149 2148
f 3136 2148 2147
f 3135 2147 2146
f 3134 2146 2145
f 3133 2145 2144
f 3132 2144 2143
f 3131 2143 2142
f 3130 2142 2141
f 3129 2141 2140
f 3128 2140 2139
f 3127 2139 2138
f 3126 2138 2137
f 3125 2137 2136
f 3124 2136 2135
f 3123 2135 2134
f 3122 2134 2133
f 3121 2133 2132
f 3120 2132 2131
f 3119 2131 2130
f 3118 2130 2129
f 3117 2129 2128
f 3116 2128 2127
f 3115 2127 2126
f 3114 2126 2125
f 3113 2125 2124
f 3112 2124 2123
f 3111 2123 2122
f 3110 2122 2121
f 3109 2121 2120
f 3108 2120 2119
f 3107 2119 2118
f 3106 2118 2117
f 3105 2117 2116
f 3104 2116 2115
f 3103 2115 2114
f 3102 2114 2113
f 3101 2113 2112
f 3100 2112 2111
f 3099 2111 2110
f 3098 2110 2109
f 3097 2109 2108
f 3096 2108 2107
f 3095 2107 2106
f 3094 2106 2105
f 3093 2105 2104
f 3092 2104 2103
f 3091 2103 2102
f 3090 2102 2101
f 3089 2101 2100
f 3088 2100 2099
f 3087 2099 2098
f 3086 2098 2097
f 3085 2097 2096
f 3084 2096 2095
f 3083 2095 2094
f 3082 2094 2093
f 3081 2093 2092
f 3080 2092 2091
f 3079 2091 2090
f 3078 2090 2089
f 3077 2089 2088
f 3076 2088 2087
f 3075 2087 2086
f 3074 2086 2085
f 3073 2085 2084
f 3072 2084 2083
f 3071 2083 2082
f 3070 2082 2081
f 3069 2081 2080
f 3068 2080 2079
f 3067 2079 2078
f 3066 2078 2077
f 3065 2077 2076
f 3064 2076 2075
f 3063 2075 2074
f 3062 2074 2073
f 3061 2073 2072
f 3060 2072 2071
f 3059 2071 2070
f 3058 2070 2069
f 3057 2069 2068
f 3056 2068 2067
f 3055 2067 2066
f 3054 2066 2065
f 3053 2065 2064
f 3052 2064 2063
f 3051 2063 2062
f 3050 2062 2061
f 3049 2061 2060
f 3048 2060 2059
f 3047 2059 2058
f 3046 2058 2057
f 3045 2057 2056
f 3044 2056 2055
f 3365 3366 1938
f 3367 3365 1911
f 3368 3367 1890
f 3369 3368 1889
f 3370 3369 1912
f 3371 3370 1913
f 3372 3371 1891
f 3373 3372 1914
f 3374 3373 2027
f 3375 3374 1988
f 3376 3375 1987
f 3377 3376 1968
f 3378 3377 1989
f 3379 3378 1990
f 3380 3379 1969
f 3381 3380 1971
f 3382 3383 1918
f 3384 3382 2017
f 3385 3384 1996
f 3386 3385 1997
f 3387 3386 1941
f 3388 3387 1919
f 3389 3388 1942
f 3390 3389 1943
f 3391 3390 1974
f 3392 3391 1975
f 3393 3392 2018
f 3394 3393 2029
f 3395 3394 2030
f 3396 3395 2019
f 3397 3396 2020
f 3398 3397 1998
f 3399 3398 2000
f 3400 3399 1999
f 3401 3400 1976
f 3402 3401 1945
f 3403 3402 1944
f 3404 3403 1977
f 3405 3404 2001
f 3406 3405 1978
f 3407 3406 2021
f 3408 3407 2031
f 3409 3408 2042
f 3410 3409 2043
f 3411 3410 2032
f 3412 3411 1920
f 3413 3412 1894
f 3414 3413 1853
f 3415 3414 1852
f 3416 3415 1851
f 3417 3416 1857
f 3418 3417 1865
f 3419 3418 1866
f 3420 3419 1874
f 3421 3420 1873
f 3422 3421 1896
f 3423 3422 1895
f 3424 3423 1875
f 3425 3424 1921
f 3426 3425 1946
f 3427 3426 1922
f 3428 3427 1898
f 3429 3428 1897
f 3430 3429 1947
f 3431 3430 1948
f 3432 3431 1923
f 3433 3432 1949
f 3434 3433 1950
f 3435 3434 2002
f 3436 3435 1979
f 3437 3436 1951
f 3438 3437 1980
f 3439 3438 2003
f 3440 3439 2022
f 3441 3440 2033
f 3442 3441 2044
f 3443 3442 2046
f 3444 3443 2045
f 3445 3444 2034
f 3446 3445 2036
f 3447 3446 2035
f 3448 3447 2053
f 2037 3449 3450
f 3448 2052 2054
f 2054 3450 3448
f 3451 3449 2037
f 3452 3451 2024
f 3453 3452 2023
f 3454 3453 2004
f 3455 3454 2006
f 3456 3455 2005
f 3457 3456 2050
f 3458 3457 2051
f 3459 3458 2047
f 3460 3459 2008
f 3461 3460 2007
f 3462 3461 2038
f 3463 3462 2026
f 3464 3463 2025
f 3465 3464 2048
f 3466 3465 2049
f 3467 3466 2039
f 3468 3467 2041
f 3469 3468 2040
f 3470 3469 1982
f 3471 3470 1981
f 3472 3471 1952
f 3473 3472 1954
f 3474 3473 1953
f 3475 3474 2009
f 3476 3475 1925
f 3477 3476 1924
f 3478 3477 1955
f 3479 3478 1956
f 3480 3479 1926
f 3481 3480 1928
f 3482 3481 1927
f 3483 3482 1957
f 3484 3483 1958
f 3485 3484 1929
f 3486 3485 1959
f 3487 3486 1960
f 3488 3487 1961
f 3489 3488 1962
f 3490 3489 1983
f 3491 3490 2010
f 3492 3491 2011
f 3493 3492 1984
f 3494 3493 2012
f 3495 3494 2013
f 3496 3495 1985
f 3497 3496 1986
f 3498 3497 1963
f 3499 3498 1965
f 3500 3499 1964
f 3501 3500 1966
f 3502 3501 1930
f 3503 3502 1931
f 3504 3503 1899
f 3505 3504 1900
f 3506 3505 1901
f 3507 3506 1877
f 3508 3507 1876
f 3509 3508 1879
f 3510 3509 1878
f 3511 3510 1867
f 3512 3511 1881
f 3513 3512 1880
f 3514 3513 1932
f 3515 3514 1903
f 3516 3515 1902
f 3517 3516 1905
f 3518 3517 1904
f 3519 3518 1882
f 3520 3519 1869
f 3521 3520 1868
f 3522 3521 1906
f 3523 3522 1907
f 3524 3523 1883
f 3525 3524 1859
f 3526 3525 1858
f 3527 3526 1860
f 3528 3527 1861
f 3529 3528 1870
f 3530 3529 1872
f 3531 3530 1871
f 3532 3531 1862
f 3533 3532 1855
f 3534 3533 1854
f 3535 3534 1863
f 3536 3535 1864
f 3537 3536 1856
f 3538 3537 1884
f 3539 3538 1885
f 3540 3539 1933
f 3541 3540 1887
f 3542 3541 1886
f 3543 3542 1908
f 3544 3543 1909
f 3545 3544 1888
f 3546 3545 1935
f 3547 3546 1934
f 3548 3547 1967
f 3549 3548 1936
f 3550 3549 1910
f 3366 3550 1937
f 1893 3027 3025
f 1893 3028 3027
f 1893 3029 3028
f 1893 3030 3029
f 1893 3031 3030
f 1893 3033 3032
f 3032 3031 1893
f 3025 3024 1893
f 1893 3035 3034
f 3034 3033 1893
f 1892 3036 3035
f 3035 1893 1892
f 1893 3018 3017
f 1893 3019 3018
f 1893 3020 3019
f 1893 3021 3020
f 1893 3022 3021
f 1893 3023 3022
f 1893 3024 3026
f 3026 3023 1893
f 1917 3011 3010
f 1917 3013 3011
f 1917 3014 3013
f 1917 3017 3016
f 3016 3015 1917
f 3015 3014 1917
f 1916 3006 3004
f 1916 3007 3006
f 1916 3008 3007
f 1916 3009 3008
f 1916 3010 3012
f 3012 3009 1916
f 1915 3001 2999
f 1915 3002 3001
f 1915 3004 3003
f 3003 3005 1915
f 3005 3002 1915
f 1939 2996 2995
f 1939 2997 2996
f 1939 2999 2998
f 2998 3000 1939
f 3000 2997 1939
f 1940 2992 2991
f 1940 2993 2992
f 1940 2994 2993
f 1940 2995 2994
f 1973 2988 2986
f 1973 2989 2988
f 1973 2990 2989
f 1973 2991 2990
f 1995 2984 2982
f 1994 2987 2984
f 1994 2986 2985
f 2985 2987 1994
f 2984 1995 1994
f 1972 2979 2977
f 1972 1995 2981
f 2981 2983 1972
f 2983 2980 1972
f 2980 2979 1972
f 1992 2974 2972
f 1992 1972 2976
f 2976 2978 1992
f 2978 2975 1992
f 2975 2974 1992
f 1993 2969 2967
f 1993 1992 2971
f 2971 2973 1993
f 2973 2970 1993
f 2970 2969 1993
f 2015 2964 2963
f 2015 1993 2966
f 2966 2968 2015
f 2968 2965 2015
f 2965 2964 2015
f 2016 2961 2960
f 2016 2015 2962
f 2962 2961 2016
f 2960 2959 2016
f 2014 2954 2952
f 2014 2955 2954
f 2014 2016 2958
f 2958 2957 2014
f 2957 2956 2014
f 2956 2955 2014
f 2028 2947 2946
f 2028 2014 2951
f 2951 2953 2028
f 2953 2950 2028
f 2950 2949 2028
f 2949 2948 2028
f 2948 2947 2028
f 1991 2937 2936
f 1991 2939 2937
f 1991 2944 2943
f 2943 2942 1991
f 2942 2941 1991
f 2941 2940 1991
f 2940 2939 1991
f 1991 2028 2945
f 2945 2944 1991
f 3551 2917 2916
f 2916 2915 3551
f 2915 2914 3551
f 3551 2919 2918
f 2918 2917 3551
f 3551 2921 2920
f 3551 2922 2921
f 2920 2919 3551
f 3551 2923 2922
f 3381 2924 2923
f 2923 3551 3381
f 1970 2925 2927
f 2927 3381 1970
f 2927 2924 3381
f 1970 2929 2928
f 1970 1991 2938
f 2938 2935 1970
f 2935 2934 1970
f 2934 2933 1970
f 2933 2932 1970
f 2932 2931 1970
f 2931 2930 1970
f 2930 2929 1970
f 2928 2926 1970
f 2926 2925 1970
f 3551 2906 2905
f 3551 2908 2907
f 3551 2909 2908
f 3551 2910 2909
f 3551 2911 2910
f 3551 2914 2913
f 2913 2912 3551
f 2912 2911 3551
f 2907 2906 3551
f 3552 2898 2897
f 3552 2900 2898
f 3552 2901 2900
f 3552 2902 2901
f 3552 2903 2902
f 3552 2905 2904
f 2904 2903 3552
f 3553 2893 2892
f 3553 2894 2893
f 3553 2895 2894
f 3553 2897 2899
f 2899 2896 3553
f 2896 2895 3553
f 3554 2889 2888
f 3554 2891 2890
f 2890 2889 3554
f 3554 2892 2891
f 3555 2882 2880
f 3555 2883 2882
f 3555 2885 2883
f 3555 2888 2887
f 2887 2885 3555
f 3556 2873 2871
f 3556 2874 2873
f 3556 2876 2874
f 3556 2880 2878
f 2878 2876 3556
f 3557 2864 2862
f 3557 2865 2864
f 3557 2867 2865
f 3557 2871 2869
f 2869 2867 3557
f 3558 2855 2853
f 3558 2856 2855
f 3558 2858 2856
f 3558 2862 2860
f 2860 2858 3558
f 3559 2845 2844
f 3559 3560 2849
f 2849 2845 3559
f 3560 2853 2851
f 2851 2849 3560
f 3561 3559 2848
f 2848 2842 3561
f 2842 2841 3561
f 2841 2836 3561
f 3562 3561 2835
f 2835 2832 3562
f 2832 2831 3562
f 2831 2828 3562
f 3563 2819 2818
f 3563 2823 2819
f 3563 3562 2827
f 2827 2824 3563
f 2824 2823 3563
f 3564 2812 2811
f 3564 2815 2812
f 3564 3563 2822
f 2822 2816 3564
f 2816 2815 3564
f 3565 2807 2805
f 3565 2808 2807
f 3565 3564 2813
f 2813 2810 3565
f 2810 2809 3565
f 2809 2808 3565
f 3566 2800 2799
f 3566 2802 2800
f 3566 3565 2804
f 2804 2806 3566
f 2806 2803 3566
f 2803 2802 3566
f 3567 2793 2791
f 3567 3566 2801
f 2801 2798 3567
f 2798 2797 3567
f 2797 2796 3567
f 2796 2795 3567
f 2795 2794 3567
f 2794 2793 3567
f 3568 3567 2790
f 2790 2792 3568
f 2792 2789 3568
f 2789 2788 3568
f 2788 2787 3568
f 2787 2786 3568
f 2786 2785 3568
f 2785 2784 3568
f 2784 2783 3568
f 2783 2782 3568
f 2782 2781 3568
f 1892 3039 3038
f 1892 3040 3039
f 3038 3037 1892
f 1892 3041 3040
f 1892 3042 3041
f 3037 3036 1892
f 1918 2775 3042
f 3042 1892 1918
f 3383 2773 2775
f 3383 3568 2780
f 2780 2779 3383
f 2779 2778 3383
f 2778 2777 3383
f 2777 2776 3383
f 2776 2774 3383
f 2774 2773 3383
f 2775 1918 3383
f 2781 2780 3568
f 2791 2790 3567
f 2799 2801 3566
f 2805 2804 3565
f 2811 2813 3564
f 2818 2822 3563
f 2828 2827 3562
f 2836 2835 3561
f 2844 2848 3559
f 2853 3560 3558
f 2862 3558 3557
f 2871 3557 3556
f 2880 3556 3555
f 2888 3555 3554
f 2892 3554 3553
f 2897 3553 3552
f 2905 3552 3551
f 2936 2938 1991
f 2946 2945 2028
f 2952 2951 2014
f 2959 2958 2016
f 2963 2962 2015
f 2967 2966 1993
f 2972 2971 1992
f 2977 2976 1972
f 2982 2981 1995
f 2986 1994 1973
f 2991 1973 1940
f 2995 1940 1939
f 2999 1939 1915
f 3004 1915 1916
f 3010 1916 1917
f 3017 1917 1893
f 1937 1938 3366
f 1910 1937 3550
f 1936 1910 3549
f 1967 1936 3548
f 1934 1967 3547
f 1935 1934 3546
f 1888 1935 3545
f 1909 1888 3544
f 1908 1909 3543
f 1886 1908 3542
f 1887 1886 3541
f 1933 1887 3540
f 1885 1933 3539
f 1884 1885 3538
f 1856 1884 3537
f 1864 1856 3536
f 1863 1864 3535
f 1854 1863 3534
f 1855 1854 3533
f 1862 1855 3532
f 1871 1862 3531
f 1872 1871 3530
f 1870 1872 3529
f 1861 1870 3528
f 1860 1861 3527
f 1858 1860 3526
f 1859 1858 3525
f 1883 1859 3524
f 1907 1883 3523
f 1906 1907 3522
f 1868 1906 3521
f 1869 1868 3520
f 1882 1869 3519
f 1904 1882 3518
f 1905 1904 3517
f 1902 1905 3516
f 1903 1902 3515
f 1932 1903 3514
f 1880 1932 3513
f 1881 1880 3512
f 1867 1881 3511
f 1878 1867 3510
f 1879 1878 3509
f 1876 1879 3508
f 1877 1876 3507
f 1901 1877 3506
f 1900 1901 3505
f 1899 1900 3504
f 1931 1899 3503
f 1930 1931 3502
f 1966 1930 3501
f 1964 1966 3500
f 1965 1964 3499
f 1963 1965 3498
f 1986 1963 3497
f 1985 1986 3496
f 2013 1985 3495
f 2012 2013 3494
f 1984 2012 3493
f 2011 1984 3492
f 2010 2011 3491
f 1983 2010 3490
f 1962 1983 3489
f 1961 1962 3488
f 1960 1961 3487
f 1959 1960 3486
f 1929 1959 3485
f 1958 1929 3484
f 1957 1958 3483
f 1927 1957 3482
f 1928 1927 3481
f 1926 1928 3480
f 1956 1926 3479
f 1955 1956 3478
f 1924 1955 3477
f 1925 1924 3476
f 2009 1925 3475
f 1953 2009 3474
f 1954 1953 3473
f 1952 1954 3472
f 1981 1952 3471
f 1982 1981 3470
f 2040 1982 3469
f 2041 2040 3468
f 2039 2041 3467
f 2049 2039 3466
f 2048 2049 3465
f 2025 2048 3464
f 2026 2025 3463
f 2038 2026 3462
f 2007 2038 3461
f 2008 2007 3460
f 2047 2008 3459
f 2051 2047 3458
f 2050 2051 3457
f 2005 2050 3456
f 2006 2005 3455
f 2004 2006 3454
f 2023 2004 3453
f 2024 2023 3452
f 2037 2024 3451
f 3450 2054 2037
f 2053 2052 3448
f 2035 2053 3447
f 2036 2035 3446
f 2034 2036 3445
f 2045 2034 3444
f 2046 2045 3443
f 2044 2046 3442
f 2033 2044 3441
f 2022 2033 3440
f 2003 2022 3439
f 1980 2003 3438
f 1951 1980 3437
f 1979 1951 3436
f 2002 1979 3435
f 1950 2002 3434
f 1949 1950 3433
f 1923 1949 3432
f 1948 1923 3431
f 1947 1948 3430
f 1897 1947 3429
f 1898 1897 3428
f 1922 1898 3427
f 1946 1922 3426
f 1921 1946 3425
f 1875 1921 3424
f 1895 1875 3423
f 1896 1895 3422
f 1873 1896 3421
f 1874 1873 3420
f 1866 1874 3419
f 1865 1866 3418
f 1857 1865 3417
f 1851 1857 3416
f 1852 1851 3415
f 1853 1852 3414
f 1894 1853 3413
f 1920 1894 3412
f 2032 1920 3411
f 2043 2032 3410
f 2042 2043 3409
f 2031 2042 3408
f 2021 2031 3407
f 1978 2021 3406
f 2001 1978 3405
f 1977 2001 3404
f 1944 1977 3403
f 1945 1944 3402
f 1976 1945 3401
f 1999 1976 3400
f 2000 1999 3399
f 1998 2000 3398
f 2020 1998 3397
f 2019 2020 3396
f 2030 2019 3395
f 2029 2030 3394
f 2018 2029 3393
f 1975 2018 3392
f 1974 1975 3391
f 1943 1974 3390
f 1942 1943 3389
f 1919 1942 3388
f 1941 1919 3387
f 1997 1941 3386
f 1996 1997 3385
f 2017 1996 3384
f 1918 2017 3382
f 1971 1970 3381
f 1969 1971 3380
f 1990 1969 3379
f 1989 1990 3378
f 1968 1989 3377
f 1987 1968 3376
f 1988 1987 3375
f 2027 1988 3374
f 1914 2027 3373
f 1891 1914 3372
f 1913 1891 3371
f 1912 1913 3370
f 1889 1912 3369
f 1890 1889 3368
f 1911 1890 3367
f 1938 1911 3365
f 3178 3177 3534
f 3176 3533 3534
f 3289 3416 3417
f 3286 3414 3415
f 3179 3535 3536
f 3535 3179 3178
f 3534 3177 3176
f 3175 3174 3532
f 3165 3526 3527
f 3417 3290 3289
f 3288 3287 3415
f 3415 3287 3286
f 3284 3413 3414
f 3192 3543 3544
f 3189 3188 3541
f 3181 3536 3537
f 3534 3535 3178
f 3532 3533 3175
f 3170 3169 3529
f 3527 3166 3165
f 3164 3163 3525
f 3162 3161 3524
f 3294 3293 3419
f 3291 3290 3417
f 3415 3416 3288
f 3414 3285 3284
f 3234 3233 3568
f 3232 3567 3568
f 3345 3346 3563
f 3544 3193 3192
f 3191 3190 3542
f 3542 3190 3189
f 3187 3540 3541
f 3186 3185 3539
f 3184 3538 3539
f 3537 3182 3181
f 3176 3175 3533
f 3171 3530 3531
f 3530 3171 3170
f 3167 3166 3527
f 3525 3526 3164
f 3525 3163 3162
f 3154 3519 3520
f 3138 3509 3510
f 3313 3431 3432
f 3305 3426 3427
f 3299 3298 3422
f 3297 3421 3422
f 3420 3295 3294
f 3292 3418 3419
f 3418 3292 3291
f 3286 3285 3414
f 3243 3387 3388
f 3383 3235 3234
f 3568 3233 3232
f 3342 3343 3565
f 3344 3564 3565
f 3564 3344 3345
f 3542 3543 3191
f 3541 3188 3187
f 3540 3187 3186
f 3539 3185 3184
f 3183 3182 3537
f 3536 3180 3179
f 3173 3531 3532
f 3529 3530 3170
f 3168 3528 3529
f 3528 3168 3167
f 3524 3525 3162
f 3159 3158 3522
f 3520 3155 3154
f 3152 3518 3519
f 3151 3150 3517
f 3149 3516 3517
f 3510 3139 3138
f 3137 3136 3508
f 3135 3134 3507
f 3132 3131 3505
f 3127 3502 3503
f 3432 3314 3313
f 3311 3430 3431
f 3308 3428 3429
f 3307 3306 3427
f 3427 3306 3305
f 3302 3301 3424
f 3423 3300 3299
f 3422 3298 3297
f 3419 3293 3292
f 3289 3288 3416
f 3283 3282 3412
f 3280 3279 3410
f 3248 3390 3391
f 3245 3244 3388
f 3388 3244 3243
f 3242 3241 3386
f 3232 3340 3567
f 3340 3341 3566
f 3566 3341 3342
f 3563 3564 3345
f 3347 3562 3563
f 3541 3542 3189
f 3184 3183 3538
f 3181 3180 3536
f 3532 3174 3173
f 3529 3169 3168
f 3165 3164 3526
f 3160 3523 3524
f 3523 3160 3159
f 3157 3521 3522
f 3156 3155 3520
f 3519 3153 3152
f 3518 3152 3151
f 3517 3150 3149
f 3140 3139 3510
f 3508 3509 3137
f 3508 3136 3135
f 3133 3506 3507
f 3506 3133 3132
f 3130 3504 3505
f 3129 3128 3503
f 3503 3128 3127
f 3103 3487 3488
f 3097 3096 3483
f 3094 3093 3481
f 3092 3480 3481
f 3089 3478 3479
f 3086 3085 3476
f 3084 3475 3476
f 3321 3320 3436
f 3315 3314 3432
f 3431 3312 3311
f 3310 3309 3429
f 3429 3309 3308
f 3305 3304 3426
f 3304 3303 3425
f 3425 3303 3302
f 3300 3423 3424
f 3297 3296 3421
f 3417 3418 3291
f 3413 3284 3283
f 3281 3411 3412
f 3411 3281 3280
f 3267 3402 3403
f 3391 3249 3248
f 3246 3389 3390
f 3389 3246 3245
f 3386 3387 3242
f 3240 3385 3386
f 3566 3567 3340
f 3565 3343 3344
f 3563 3346 3347
f 3348 3349 3561
f 3350 3559 3561
f 3355 3557 3558
f 3200 3548 3549
f 3197 3196 3546
f 3195 3545 3546
f 3539 3540 3186
f 3173 3172 3531
f 3527 3528 3167
f 3522 3523 3159
f 3522 3158 3157
f 3154 3153 3519
f 3149 3148 3516
f 3148 3147 3515
f 3146 3514 3515
f 3143 3142 3512
f 3141 3511 3512
f 3511 3141 3140
f 3507 3508 3135
f 3505 3506 3132
f 3505 3131 3130
f 3127 3126 3502
f 3124 3123 3500
f 3111 3492 3493
f 3105 3104 3488
f 3488 3104 3103
f 3102 3101 3486
f 3100 3485 3486
f 3099 3098 3484
f 3484 3098 3097
f 3482 3095 3094
f 3481 3093 3092
f 3479 3090 3089
f 3087 3477 3478
f 3477 3087 3086
f 3476 3085 3084
f 3437 3322 3321
f 3319 3435 3436
f 3318 3317 3434
f 3316 3433 3434
f 3313 3312 3431
f 3430 3311 3310
f 3427 3428 3307
f 3424 3425 3302
f 3422 3423 3299
f 3296 3295 3420
f 3412 3413 3283
f 3410 3411 3280
f 3270 3404 3405
f 3403 3268 3267
f 3265 3401 3402
f 3264 3263 3400
f 3262 3399 3400
f 3390 3247 3246
f 3243 3242 3387
f 3386 3241 3240
f 3238 3384 3385
f 3237 3236 3382
f 3565 3566 3342
f 3561 3562 3348
f 3561 3349 3350
f 3352 3560 3559
f 3353 3354 3558
f 3558 3354 3355
f 3356 3357 3556
f 3203 3550 3366
f 3202 3201 3549
f 3549 3201 3200
f 3198 3547 3548
f 3547 3198 3197
f 3546 3196 3195
f 3194 3193 3544
f 3537 3538 3183
f 3524 3161 3160
f 3520 3521 3156
f 3515 3516 3148
f 3515 3147 3146
f 3145 3144 3513
f 3513 3144 3143
f 3510 3511 3140
f 3507 3134 3133
f 3503 3504 3129
f 3125 3501 3502
f 3501 3125 3124
f 3121 3120 3498
f 3119 3497 3498
f 3116 3115 3495
f 3113 3112 3493
f 3493 3112 3111
f 3110 3109 3491
f 3108 3490 3491
f 3106 3489 3490
f 3489 3106 3105
f 3486 3487 3102
f 3486 3101 3100
f 3483 3484 3097
f 3095 3482 3483
f 3092 3091 3480
f 3091 3090 3479
f 3478 3088 3087
f 3084 3083 3475
f 3081 3473 3474
f 3078 3077 3471
f 3059 3058 3459
f 3057 3458 3459
f 3043 3450 3449
f 3043 3339 3448
f 3323 3322 3437
f 3436 3320 3319
f 3435 3319 3318
f 3434 3317 3316
f 3429 3430 3310
f 3425 3426 3304
f 3420 3421 3296
f 3412 3282 3281
f 3272 3271 3405
f 3405 3271 3270
f 3269 3268 3403
f 3402 3266 3265
f 3401 3265 3264
f 3400 3263 3262
f 3261 3260 3398
f 3259 3397 3398
f 3256 3255 3395
f 3251 3392 3393
f 3388 3389 3245
f 3385 3239 3238
f 3384 3238 3237
f 3235 3383 3382
f 3347 3348 3562
f 3559 3351 3352
f 3560 3352 3353
f 3556 3557 3356
f 3230 3381 3551
f 3227 3379 3380
f 3366 3204 3203
f 3200 3199 3548
f 3546 3547 3197
f 3544 3545 3194
f 3531 3172 3171
f 3517 3518 3151
f 3513 3514 3145
f 3512 3142 3141
f 3130 3129 3504
f 3500 3501 3124
f 3122 3499 3500
f 3499 3122 3121
f 3498 3120 3119
f 3118 3117 3496
f 3496 3117 3116
f 3114 3494 3495
f 3494 3114 3113
f 3491 3492 3110
f 3491 3109 3108
f 3488 3489 3105
f 3100 3099 3485
f 3483 3096 3095
f 3479 3480 3091
f 3476 3477 3086
f 3083 3082 3474
f 3474 3082 3081
f 3079 3472 3473
f 3472 3079 3078
f 3075 3074 3469
f 3062 3461 3462
f 3460 3060 3059
f 3459 3058 3057
f 3051 3050 3454
f 3048 3047 3452
f 3046 3451 3452
f 3045 3044 3449
f 3448 3450 3043
f 3326 3325 3439
f 3324 3438 3439
f 3436 3437 3321
f 3316 3315 3433
f 3308 3307 3428
f 3419 3420 3294
f 3406 3273 3272
f 3403 3404 3269
f 3400 3401 3264
f 3398 3399 3261
f 3398 3260 3259
f 3258 3257 3396
f 3396 3257 3256
f 3254 3394 3395
f 3253 3252 3393
f 3393 3252 3251
f 3250 3249 3391
f 3240 3239 3385
f 3382 3236 3235
f 3350 3351 3559
f 3355 3356 3557
f 3358 3555 3556
f 3364 3231 3551
f 3551 3231 3230
f 3229 3228 3380
f 3380 3228 3227
f 3225 3378 3379
f 3224 3223 3377
f 3222 3376 3377
f 3219 3374 3375
f 3213 3212 3370
f 3211 3369 3370
f 3208 3207 3367
f 3549 3550 3202
f 3195 3194 3545
f 3157 3156 3521
f 3512 3513 3143
f 3502 3126 3125
f 3498 3499 3121
f 3496 3497 3118
f 3495 3115 3114
f 3111 3110 3492
f 3490 3107 3106
f 3484 3485 3099
f 3089 3088 3478
f 3081 3080 3473
f 3471 3472 3078
f 3076 3470 3471
f 3470 3076 3075
f 3073 3468 3469
f 3070 3069 3466
f 3067 3066 3464
f 3065 3463 3464
f 3064 3063 3462
f 3462 3063 3062
f 3060 3460 3461
f 3057 3056 3458
f 3455 3052 3051
f 3049 3453 3454
f 3453 3049 3048
f 3452 3047 3046
f 3449 3044 3043
f 3338 3447 3448
f 3337 3336 3446
f 3335 3445 3446
f 3332 3443 3444
f 3440 3327 3326
f 3439 3325 3324
f 3434 3435 3318
f 3424 3301 3300
f 3278 3409 3410
f 3275 3274 3407
f 3270 3269 3404
f 3262 3261 3399
f 3396 3397 3258
f 3395 3255 3254
f 3394 3254 3253
f 3391 3392 3250
f 3382 3384 3237
f 3558 3560 3353
f 3556 3357 3358
f 3359 3360 3554
f 3361 3362 3553
f 3363 3552 3553
f 3552 3363 3364
f 3380 3381 3229
f 3379 3226 3225
f 3378 3225 3224
f 3377 3223 3222
f 3221 3220 3375
f 3375 3220 3219
f 3214 3371 3372
f 3371 3214 3213
f 3370 3212 3211
f 3210 3209 3368
f 3368 3209 3208
f 3206 3365 3367
f 3205 3204 3366
f 3548 3199 3198
f 3146 3145 3514
f 3500 3123 3122
f 3495 3496 3116
f 3108 3107 3490
f 3481 3482 3094
f 3473 3080 3079
f 3469 3470 3075
f 3469 3074 3073
f 3072 3071 3467
f 3467 3071 3070
f 3068 3465 3466
f 3465 3068 3067
f 3464 3066 3065
f 3062 3061 3461
f 3459 3460 3059
f 3454 3050 3049
f 3046 3045 3451
f 3448 3339 3338
f 3447 3338 3337
f 3446 3336 3335
f 3334 3333 3444
f 3444 3333 3332
f 3330 3442 3443
f 3329 3328 3441
f 3324 3323 3438
f 3432 3433 3315
f 3410 3279 3278
f 3277 3276 3408
f 3408 3276 3275
f 3273 3406 3407
f 3267 3266 3402
f 3395 3396 3256
f 3251 3250 3392
f 3568 3383 3234
f 3554 3555 3359
f 3554 3360 3361
f 3551 3552 3364
f 3227 3226 3379
f 3222 3221 3376
f 3219 3218 3374
f 3216 3215 3372
f 3370 3371 3213
f 3368 3369 3210
f 3367 3207 3206
f 3365 3206 3205
f 3192 3191 3543
f 3119 3118 3497
f 3103 3102 3487
f 3471 3077 3076
f 3467 3468 3072
f 3466 3069 3068
f 3065 3064 3463
f 3461 3061 3060
f 3054 3456 3457
f 3452 3453 3048
f 3446 3447 3337
f 3444 3445 3334
f 3443 3331 3330
f 3442 3330 3329
f 3327 3440 3441
f 3437 3438 3323
f 3408 3409 3277
f 3407 3274 3273
f 3259 3258 3397
f 3248 3247 3390
f 3553 3554 3361
f 3230 3229 3381
f 3375 3376 3221
f 3217 3373 3374
f 3373 3217 3216
f 3211 3210 3369
f 3366 3365 3205
f 3138 3137 3509
f 3474 3475 3083
f 3466 3467 3070
f 3462 3463 3064
f 3056 3055 3457
f 3457 3055 3054
f 3053 3052 3455
f 3449 3451 3045
f 3332 3331 3443
f 3441 3328 3327
f 3278 3277 3409
f 3405 3406 3272
f 3358 3359 3555
f 3377 3378 3224
f 3372 3373 3216
f 3367 3368 3208
f 3493 3494 3113
f 3464 3465 3067
f 3054 3053 3456
f 3454 3455 3051
f 3441 3442 3329
f 3407 3408 3275
f 3553 3362 3363
f 3372 3215 3214
f 3073 3072 3468
f 3455 3456 3053
f 3439 3440 3326
f 3374 3218 3217
f 3457 3458 3056
f 3393 3394 3253
f 3335 3334 3445
f 3203 3202 3550
