# 
# Wavefront OBJ file
# Created with Kaydara FBX
# 
mtllib velika_moja_remenica.mtl

g velika_moja_remenica
v 30.087626 18.208232 5.010713
v 30.012504 18.133110 5.063417
v 30.038111 18.150429 5.047774
v 30.101825 18.194032 5.010713
v 30.157077 18.232441 4.980680
v 30.181744 18.302350 4.952460
v 30.212534 18.271560 4.952460
v 30.267551 18.310937 4.926334
v 30.277907 18.398513 4.901318
v 30.324279 18.352140 4.901318
v 30.380389 18.393506 4.878471
v 30.375845 18.496451 4.857431
v 30.436675 18.435621 4.857431
v 30.492341 18.477892 4.838459
v 30.475285 18.595891 4.820919
v 30.549346 18.521831 4.820919
v 30.605558 18.565813 4.805491
v 30.575951 18.696557 4.791886
v 30.661926 18.610581 4.791886
v 30.712301 18.651162 4.781315
v 30.677560 18.798166 4.770413
v 30.774060 18.701665 4.770413
v 30.829923 18.748070 4.762522
v 30.779829 18.900435 4.756559
v 30.882473 19.003079 4.750363
v 30.927253 18.830607 4.753313
v 30.885408 18.794856 4.756559
v 30.995640 18.889911 4.750363
v 31.050231 18.938050 4.750142
v 30.985204 19.105811 4.751842
v 31.087738 19.208344 4.760992
v 31.137025 19.016081 4.753801
v 31.104444 18.986571 4.751842
v 31.211522 19.084560 4.760992
v 31.264244 19.133884 4.768424
v 31.189786 19.310392 4.777788
v 31.341447 19.207436 4.782944
v 31.380560 19.245314 4.792008
v 31.291065 19.411671 4.802183
v 31.316594 19.183584 4.777788
v 31.419396 19.283340 4.802183
v 31.469955 19.333479 4.817237
v 31.391292 19.511898 4.834108
v 31.540354 19.404517 4.841744
v 31.579042 19.444175 4.857045
v 31.490186 19.610792 4.873475
v 31.519682 19.383508 4.834108
v 31.587472 19.708078 4.920174
v 31.664912 19.533819 4.895923
v 31.617223 19.483755 4.873475
v 31.733586 19.607165 4.932199
v 31.768642 19.645188 4.952609
v 31.682878 19.803484 4.974074
v 31.711808 19.583742 4.920174
v 31.776138 19.896744 5.035025
v 31.847680 19.732411 5.003645
v 31.803245 19.683117 4.974074
v 31.866992 19.987598 5.102856
v 31.920988 19.815216 5.057681
v 31.891359 19.781523 5.035025
v 31.955185 20.075792 5.177379
v 32.017040 19.926611 5.139366
v 31.975993 19.878596 5.102856
v 32.040473 20.161079 5.258385
v 32.102408 20.028504 5.223713
v 32.057008 19.973969 5.177379
v 32.122616 20.243222 5.345649
v 32.171496 20.113054 5.301271
v 32.134280 20.067272 5.258385
v 32.201386 20.321992 5.438926
v 32.242932 20.202528 5.391541
v 32.207702 20.158136 5.345649
v 32.276562 20.397168 5.537956
v 32.310640 20.289343 5.488071
v 32.277699 20.246857 5.439662
v 32.347934 20.468541 5.642463
v 32.373797 20.372161 5.589455
v 32.342645 20.331084 5.537956
v 32.425683 20.441581 5.682446
v 32.446886 20.470321 5.723348
v 32.404025 20.412450 5.642463
v 32.415305 20.535911 5.752156
v 32.478484 20.599090 5.866727
v 32.488358 20.527170 5.808908
v 32.461272 20.489944 5.752156
v 32.537297 20.657903 5.985857
v 32.539312 20.598204 5.925759
v 32.514344 20.563230 5.866727
v 32.591579 20.712185 6.109214
v 32.586054 20.664555 6.047000
v 32.563213 20.631987 5.985857
v 32.641178 20.761784 6.236453
v 32.629272 20.726954 6.174521
v 32.607857 20.695906 6.109214
v 32.609339 20.698046 6.113591
v 32.648262 20.754699 6.236453
v 32.663509 20.777124 6.289334
v 32.678093 20.798699 6.342937
v 31.291065 19.411671 10.197817
v 30.677560 18.798166 10.229587
v 30.575951 18.696557 10.208114
v 30.779829 18.900435 10.243441
v 31.087738 19.208344 10.239008
v 30.985204 19.105811 10.248158
v 30.012504 18.133110 9.936583
v 30.882473 19.003079 10.249637
v 31.189786 19.310392 10.222212
v 30.375845 18.496451 10.142569
v 30.277907 18.398513 10.098682
v 30.087626 18.208232 9.989287
v 31.587472 19.708078 10.079826
v 31.490186 19.610792 10.126525
v 31.776138 19.896744 9.964975
v 31.682878 19.803484 10.025926
v 30.181744 18.302350 10.047540
v 30.475285 18.595891 10.179081
v 32.040473 20.161079 9.741615
v 31.955185 20.075792 9.822621
v 32.201386 20.321992 9.561074
v 32.122616 20.243222 9.654351
v 31.391292 19.511898 10.165892
v 32.537297 20.657903 9.014143
v 32.478484 20.599090 9.133273
v 31.866992 19.987598 9.897144
v 32.415305 20.535911 9.247844
v 32.347934 20.468541 9.357537
v 32.276562 20.397168 9.462044
v 32.591579 20.712185 8.890786
v 32.641178 20.761784 8.763547
v 32.678093 20.798699 8.657063
v 32.663506 20.777120 8.710677
v 32.629267 20.726947 8.825494
v 32.609371 20.698093 8.886313
v 32.648262 20.754699 8.763547
v 32.607857 20.695906 8.890786
v 32.586049 20.664547 8.953014
v 32.563213 20.631987 9.014143
v 32.539307 20.598195 9.074256
v 32.514344 20.563230 9.133273
v 32.488352 20.527161 9.191106
v 32.446722 20.470097 9.276976
v 32.425682 20.441580 9.317556
v 32.461272 20.489944 9.247844
v 32.404025 20.412450 9.357537
v 32.373870 20.372257 9.410421
v 32.342645 20.331084 9.462044
v 32.310622 20.289319 9.511957
v 32.277183 20.246194 9.561074
v 32.242913 20.202504 9.608486
v 32.207702 20.158136 9.654351
v 32.171476 20.113028 9.698754
v 32.134280 20.067272 9.741615
v 32.102408 20.028504 9.776287
v 32.057008 19.973969 9.822621
v 32.017017 19.926584 9.860655
v 31.975993 19.878596 9.897144
v 31.920988 19.815216 9.942319
v 31.891359 19.781523 9.964975
v 31.847646 19.732374 9.996378
v 31.768622 19.645166 10.047403
v 31.803245 19.683117 10.025926
v 31.733671 19.607256 10.067753
v 31.711808 19.583742 10.079826
v 31.664877 19.533781 10.104094
v 31.579019 19.444152 10.142964
v 31.617223 19.483755 10.126525
v 31.540412 19.404576 10.158234
v 31.469917 19.333441 10.182775
v 31.519682 19.383507 10.165892
v 31.380644 19.245395 10.207971
v 31.419396 19.283340 10.197817
v 31.341487 19.207474 10.217047
v 31.264273 19.133911 10.231572
v 31.316594 19.183584 10.222212
v 31.211522 19.084560 10.239008
v 31.137025 19.016081 10.246199
v 31.050188 18.938012 10.249858
v 31.104444 18.986571 10.248158
v 30.995640 18.889911 10.249637
v 30.927253 18.830607 10.246687
v 30.829878 18.748033 10.237473
v 30.885408 18.794856 10.243441
v 30.712301 18.651162 10.218685
v 30.774060 18.701665 10.229587
v 30.605685 18.565913 10.194541
v 30.661926 18.610581 10.208114
v 30.492341 18.477892 10.161541
v 30.549346 18.521831 10.179081
v 30.380369 18.393491 10.121521
v 30.436675 18.435621 10.142569
v 30.267551 18.310937 10.073666
v 30.324279 18.352140 10.098682
v 30.157057 18.232428 10.019309
v 30.212534 18.271560 10.047540
v 30.101825 18.194032 9.989287
v 30.038111 18.150429 9.952226
v 34.250000 24.825805 2.250000
v 34.250000 24.825805 12.750000
v 34.203902 24.549617 12.750000
v 34.203902 24.549617 2.250000
v 34.149983 24.274849 12.750000
v 34.149983 24.274849 2.250000
v 34.088285 24.001722 12.750000
v 34.088285 24.001722 2.250000
v 34.018858 23.730457 12.750000
v 34.018858 23.730457 2.250000
v 33.941758 23.461272 12.750000
v 33.941758 23.461272 2.250000
v 33.857048 23.194384 12.750000
v 33.857048 23.194384 2.250000
v 33.764795 22.930009 12.750000
v 33.764795 22.930009 2.250000
v 33.665075 22.668359 12.750000
v 33.665075 22.668359 2.250000
v 33.557966 22.409646 12.750000
v 33.557966 22.409646 2.250000
v 33.443557 22.154077 12.750000
v 33.443557 22.154077 2.250000
v 33.321938 21.901859 12.750000
v 33.321938 21.901859 2.250000
v 33.193208 21.653196 12.750000
v 33.193208 21.653196 2.250000
v 33.057471 21.408287 12.750000
v 33.057471 21.408287 2.250000
v 32.914837 21.167330 12.750000
v 32.914837 21.167330 2.250000
v 32.765419 20.930519 12.750000
v 29.804208 17.996500 2.250000
v 29.804208 17.996500 12.750000
v 29.566029 17.849274 12.750000
v 29.566029 17.849274 2.250000
v 29.323767 17.708868 12.750000
v 29.323767 17.708868 2.250000
v 29.077616 17.575396 12.750000
v 29.077616 17.575396 2.250000
v 28.827776 17.448965 12.750000
v 28.827776 17.448965 2.250000
v 28.574447 17.329678 12.750000
v 28.574447 17.329678 2.250000
v 28.317834 17.217631 12.750000
v 28.317834 17.217631 2.250000
v 28.058143 17.112914 12.750000
v 28.058143 17.112914 2.250000
v 27.795585 17.015611 12.750000
v 27.795585 17.015611 2.250000
v 27.530369 16.925801 12.750000
v 27.530369 16.925801 2.250000
v 27.262712 16.843557 12.750000
v 27.262712 16.843557 2.250000
v 26.992827 16.768943 12.750000
v 26.992827 16.768943 2.250000
v 26.720933 16.702022 12.750000
v 26.720933 16.702022 2.250000
v 26.447248 16.642846 12.750000
v 26.447248 16.642846 2.250000
v 26.171994 16.591463 12.750000
v 26.171994 16.591463 2.250000
v 25.895393 16.547916 12.750000
v 25.895393 16.547916 2.250000
v 25.617666 16.512237 12.750000
v 25.617666 16.512237 2.250000
v 25.339039 16.484458 12.750000
v 25.339039 16.484458 2.250000
v 25.059735 16.464600 12.750000
v 25.059735 16.464600 2.250000
v 24.779981 16.452678 12.750000
v 24.779981 16.452678 2.250000
v 24.500000 16.448703 12.750000
v 30.038111 18.150429 12.750000
v 30.267551 18.310937 12.750000
v 30.492341 18.477892 12.750000
v 30.712301 18.651162 12.750000
v 31.137025 19.016081 12.750000
v 30.927253 18.830607 12.750000
v 31.341447 19.207436 12.750000
v 31.540354 19.404517 12.750000
v 31.733586 19.607165 12.750000
v 31.920988 19.815216 12.750000
v 32.102408 20.028504 12.750000
v 32.277699 20.246857 12.750000
v 32.446722 20.470097 12.750000
v 32.609339 20.698046 12.750000
v 32.765419 20.930519 2.250000
v 32.609339 20.698046 2.250000
v 32.446722 20.470097 2.250000
v 32.277699 20.246857 2.250000
v 32.102408 20.028504 2.250000
v 31.920988 19.815216 2.250000
v 31.733586 19.607165 2.250000
v 31.540354 19.404517 2.250000
v 31.341447 19.207436 2.250000
v 30.927253 18.830607 2.250000
v 31.137025 19.016081 2.250000
v 30.712301 18.651162 2.250000
v 30.492341 18.477892 2.250000
v 30.267551 18.310937 2.250000
v 30.038111 18.150429 2.250000
v 24.500000 16.448703 2.250000
v 13.000000 16.448703 12.750000
v 13.000000 16.448703 2.250000
v 34.250000 36.427153 12.750000
v 34.250000 36.427153 2.250000
v 32.468642 15.585055 12.750000
v 32.251208 15.427008 12.750000
v 31.806374 15.123723 12.750000
v 32.892923 15.913453 12.750000
v 32.682587 15.747237 12.750000
v 32.030409 15.273198 12.750000
v 31.579232 14.978679 12.750000
v 31.349120 14.838159 12.750000
v 34.449375 17.391907 12.750000
v 34.267493 17.192972 12.750000
v 31.116175 14.702252 12.750000
v 34.627291 17.594537 12.750000
v 34.081757 16.997851 12.750000
v 33.892279 16.806662 12.750000
v 30.880544 14.571047 12.750000
v 30.642380 14.444632 12.750000
v 30.159032 14.206472 12.750000
v 29.168389 13.790718 12.750000
v 28.916610 13.699731 12.750000
v 26.571950 13.110861 12.750000
v 25.501366 12.986521 12.750000
v 25.232873 12.968965 12.750000
v 33.099556 16.083614 12.750000
v 30.401827 14.323083 12.750000
v 29.418673 13.886935 12.750000
v 28.662992 13.613823 12.750000
v 28.407300 13.532915 12.750000
v 28.149680 13.457063 12.750000
v 27.890280 13.386320 12.750000
v 27.629250 13.320737 12.750000
v 27.366746 13.260358 12.750000
v 27.102922 13.205228 12.750000
v 26.837937 13.155384 12.750000
v 25.769681 13.009502 12.750000
v 35.605545 18.880567 12.750000
v 35.453620 18.658537 12.750000
v 35.136151 18.223304 12.750000
v 33.699176 16.619517 12.750000
v 33.302811 16.257999 12.750000
v 29.914143 14.094869 12.750000
v 26.305135 13.071690 12.750000
v 24.695992 12.950154 12.750000
v 37.846990 31.082281 12.750000
v 37.812570 31.013292 12.750000
v 37.936096 31.207874 12.750000
v 37.888311 31.147370 12.750000
v 38.048974 31.312622 12.750000
v 35.750744 34.955461 12.750000
v 36.189756 34.500747 12.750000
v 37.676228 24.087820 12.750000
v 36.538043 20.511085 12.750000
v 36.418819 20.269853 12.750000
v 36.166093 19.795190 12.750000
v 35.752816 19.105356 12.750000
v 35.297126 18.439404 12.750000
v 34.970788 18.010371 12.750000
v 34.801134 17.800737 12.750000
v 33.502566 16.436524 12.750000
v 29.667307 13.988336 12.750000
v 26.037658 13.037897 12.750000
v 24.964363 12.956842 12.750000
v 24.500000 12.948703 12.750000
v 13.000000 12.948703 12.750000
v 37.750000 30.713393 12.750000
v 35.306020 35.404590 12.750000
v 34.399717 36.285802 12.750000
v 34.855653 35.848060 12.750000
v 38.112875 31.355759 12.750000
v 36.622985 34.040520 12.750000
v 37.050361 33.574853 12.750000
v 38.180867 31.392108 12.750000
v 37.471817 33.103821 12.750000
v 37.887284 32.627499 12.750000
v 38.326213 31.442980 12.750000
v 38.296698 32.145963 12.750000
v 38.699991 31.659290 12.750000
v 38.780428 31.408993 12.750000
v 38.707535 31.434107 12.750000
v 37.716231 24.339494 12.750000
v 36.761860 21.000620 12.750000
v 36.652414 20.754726 12.750000
v 36.294812 20.031172 12.750000
v 37.753963 30.790389 12.750000
v 37.785414 30.941135 12.750000
v 37.765809 30.866571 12.750000
v 37.989839 31.263153 12.750000
v 38.478886 31.463096 12.750000
v 38.402032 31.456967 12.750000
v 38.555963 31.461302 12.750000
v 38.850358 31.376529 12.750000
v 37.733046 24.455700 12.750000
v 37.454700 23.035212 12.750000
v 37.386145 22.775157 12.750000
v 36.033081 19.562661 12.750000
v 35.895353 19.332768 12.750000
v 38.252231 31.421284 12.750000
v 38.632449 31.451605 12.750000
v 37.750000 24.576610 12.750000
v 37.628805 23.823053 12.750000
v 37.576061 23.559291 12.750000
v 37.518019 23.296641 12.750000
v 37.233359 22.259293 12.750000
v 37.149219 22.003810 12.750000
v 36.965720 21.498548 12.750000
v 36.866315 21.248611 12.750000
v 37.312351 22.516466 12.750000
v 37.060021 21.750282 12.750000
v 38.978410 31.290994 12.750000
v 38.916585 31.337057 12.750000
v 39.086294 31.181109 12.750000
v 39.035180 31.238828 12.750000
v 31.806374 15.123723 2.250000
v 32.030409 15.273198 2.250000
v 31.579232 14.978679 2.250000
v 32.468642 15.585055 2.250000
v 30.880544 14.571047 2.250000
v 31.116175 14.702252 2.250000
v 32.251208 15.427008 2.250000
v 32.682587 15.747237 2.250000
v 34.449375 17.391907 2.250000
v 25.501366 12.986521 2.250000
v 26.571950 13.110861 2.250000
v 26.837937 13.155384 2.250000
v 29.168389 13.790718 2.250000
v 30.159032 14.206472 2.250000
v 30.401827 14.323083 2.250000
v 30.642380 14.444632 2.250000
v 31.349120 14.838159 2.250000
v 32.892923 15.913453 2.250000
v 33.892279 16.806662 2.250000
v 34.081757 16.997851 2.250000
v 34.267493 17.192972 2.250000
v 25.232873 12.968965 2.250000
v 25.769681 13.009502 2.250000
v 26.037658 13.037897 2.250000
v 26.305135 13.071690 2.250000
v 27.366746 13.260358 2.250000
v 27.629250 13.320737 2.250000
v 27.890280 13.386320 2.250000
v 28.149680 13.457063 2.250000
v 28.407300 13.532915 2.250000
v 28.662992 13.613823 2.250000
v 28.916610 13.699731 2.250000
v 29.914143 14.094869 2.250000
v 33.099556 16.083614 2.250000
v 33.699176 16.619517 2.250000
v 34.627291 17.594537 2.250000
v 24.695992 12.950154 2.250000
v 24.964363 12.956842 2.250000
v 27.102922 13.205228 2.250000
v 29.418673 13.886935 2.250000
v 29.667307 13.988336 2.250000
v 33.302811 16.257999 2.250000
v 33.502566 16.436524 2.250000
v 35.136151 18.223304 2.250000
v 35.297126 18.439404 2.250000
v 35.605545 18.880567 2.250000
v 13.000000 12.948703 2.250000
v 24.500000 12.948703 2.250000
v 34.801134 17.800737 2.250000
v 34.970788 18.010371 2.250000
v 35.453620 18.658537 2.250000
v 36.166093 19.795190 2.250000
v 36.294812 20.031172 2.250000
v 36.538043 20.511085 2.250000
v 37.676228 24.087820 2.250000
v 37.716231 24.339494 2.250000
v 38.048974 31.312622 2.250000
v 38.112875 31.355759 2.250000
v 36.189756 34.500747 2.250000
v 37.846990 31.082281 2.250000
v 37.888311 31.147370 2.250000
v 37.785414 30.941135 2.250000
v 37.812570 31.013292 2.250000
v 35.752816 19.105356 2.250000
v 36.033081 19.562661 2.250000
v 36.418819 20.269853 2.250000
v 36.652414 20.754726 2.250000
v 37.628805 23.823053 2.250000
v 38.699991 31.659290 2.250000
v 38.632449 31.451605 2.250000
v 38.707535 31.434107 2.250000
v 38.326213 31.442980 2.250000
v 38.402032 31.456967 2.250000
v 38.296698 32.145963 2.250000
v 38.180867 31.392108 2.250000
v 38.252231 31.421284 2.250000
v 37.887284 32.627499 2.250000
v 37.050361 33.574853 2.250000
v 35.306020 35.404590 2.250000
v 34.855653 35.848060 2.250000
v 35.750744 34.955461 2.250000
v 37.750000 24.576610 2.250000
v 37.750000 30.713393 2.250000
v 36.761860 21.000620 2.250000
v 37.454700 23.035212 2.250000
v 38.780428 31.408993 2.250000
v 38.555963 31.461302 2.250000
v 37.471817 33.103821 2.250000
v 36.622985 34.040520 2.250000
v 37.936096 31.207874 2.250000
v 37.753963 30.790389 2.250000
v 37.765809 30.866571 2.250000
v 35.895353 19.332768 2.250000
v 36.866315 21.248611 2.250000
v 36.965720 21.498548 2.250000
v 37.060021 21.750282 2.250000
v 37.149219 22.003810 2.250000
v 37.233359 22.259293 2.250000
v 37.312351 22.516466 2.250000
v 37.386145 22.775157 2.250000
v 37.518019 23.296641 2.250000
v 37.576061 23.559291 2.250000
v 37.733046 24.455700 2.250000
v 38.478886 31.463096 2.250000
v 34.399717 36.285802 2.250000
v 37.989839 31.263153 2.250000
v 38.978410 31.290994 2.250000
v 39.035180 31.238828 2.250000
v 38.850358 31.376529 2.250000
v 38.916585 31.337057 2.250000
v 39.086294 31.181109 2.250000
v 35.162648 18.258258 8.738710
v 35.136151 18.223304 8.821320
v 35.187299 18.290991 8.654776
v 35.170689 18.268912 8.712155
v 35.210126 18.321489 8.569519
v 35.207976 18.318607 8.577909
v 35.231145 18.349730 8.482936
v 35.250363 18.375688 8.395018
v 35.240669 18.362579 8.440558
v 35.283388 18.420604 8.215124
v 35.268742 18.400637 8.300491
v 35.267779 18.399327 8.305753
v 35.297126 18.439404 8.123445
v 35.292168 18.432612 8.158120
v 34.976446 18.017513 9.210470
v 34.970788 18.010371 9.221803
v 34.993955 18.039676 9.174548
v 35.038285 18.096221 9.077286
v 35.031669 18.087742 9.092422
v 35.059441 18.123429 9.027279
v 35.016453 18.068296 9.126378
v 35.099384 18.175192 8.925407
v 35.082488 18.153233 8.969781
v 35.079816 18.149768 8.976622
v 35.128845 18.213708 8.842904
v 35.118159 18.199704 8.873639
v 34.846351 17.855774 9.442121
v 34.801134 17.800737 9.510684
v 34.889680 17.909076 9.371122
v 34.853083 17.864019 9.431446
v 34.931152 17.960619 9.297686
v 34.916891 17.942836 9.323587
v 34.637120 17.605973 9.720448
v 34.627291 17.594537 9.731356
v 34.673033 17.647982 9.679121
v 34.717263 17.700206 9.624876
v 34.713087 17.695252 9.630163
v 34.759952 17.751126 9.568724
v 34.785114 17.781381 9.533736
v 34.473898 17.419351 9.881569
v 34.449375 17.391907 9.902410
v 34.495283 17.443409 9.862726
v 34.584234 17.544741 9.777215
v 34.557342 17.513889 9.804330
v 34.540233 17.494359 9.820998
v 34.296659 17.224335 10.015244
v 34.267493 17.192972 10.033730
v 34.314289 17.243392 10.003616
v 34.360193 17.293359 9.971689
v 34.405218 17.342867 9.937952
v 34.386945 17.322715 9.951941
v 34.106856 17.023762 10.119931
v 34.081757 16.997851 10.131165
v 34.129405 17.047161 10.109344
v 34.176273 17.096160 10.085802
v 34.222297 17.144764 10.060592
v 34.203227 17.124566 10.071294
v 33.906186 16.820434 10.194424
v 33.892279 16.806662 10.198346
v 33.940269 16.854360 10.184158
v 34.035007 16.949959 10.150581
v 34.007763 16.922270 10.161014
v 33.987844 16.902127 10.168240
v 33.748066 16.666187 10.230226
v 33.699176 16.619517 10.237527
v 33.844615 16.759762 10.210636
v 33.802374 16.718590 10.220066
v 33.796545 16.712936 10.221261
v 33.589125 16.516174 10.247770
v 33.552334 16.482147 10.249331
v 33.601689 16.527854 10.247025
v 33.650635 16.573645 10.243087
v 33.696594 16.617065 10.237865
v 33.402734 16.346394 10.246377
v 33.370313 16.317516 10.243806
v 33.352763 16.301964 10.242132
v 33.480262 16.416227 10.249752
v 33.452722 16.391294 10.249004
v 33.502566 16.436524 10.249992
v 33.150333 16.126514 10.208654
v 33.148453 16.124917 10.208221
v 33.201137 16.169875 10.219492
v 33.302811 16.257999 10.236288
v 33.259599 16.220325 10.229949
v 33.251963 16.213701 10.228706
v 32.944524 15.955294 10.148097
v 32.926255 15.940432 10.141424
v 32.996166 15.997599 10.165811
v 33.047844 16.040371 10.181843
v 33.037218 16.031541 10.178684
v 33.099556 16.083614 10.196197
v 32.734764 15.787831 10.058439
v 32.706605 15.765872 10.044185
v 32.787397 15.829203 10.083651
v 32.840133 15.871087 10.107071
v 32.815927 15.851808 10.096548
v 32.892923 15.913453 10.128696
v 32.521231 15.624295 9.936550
v 32.492486 15.602796 9.917626
v 32.628207 15.705369 10.001636
v 32.598665 15.682811 9.984487
v 32.574420 15.664394 9.969947
v 32.682587 15.747237 10.031601
v 32.304492 15.465124 9.777782
v 32.286930 15.452517 9.763205
v 32.358502 15.504162 9.820931
v 32.413222 15.544135 9.862154
v 32.388447 15.525985 9.843794
v 32.468642 15.585055 9.901453
v 32.138705 15.347815 9.628691
v 32.092966 15.316109 9.582701
v 32.083858 15.309829 9.573269
v 32.194513 15.386883 9.681841
v 32.188312 15.382521 9.676090
v 32.251208 15.427008 9.732699
v 31.859453 15.158552 9.307761
v 31.830188 15.139305 9.267669
v 31.914496 15.195050 9.379387
v 31.913549 15.194419 9.378194
v 31.971485 15.233252 9.448801
v 32.030409 15.273198 9.515994
v 32.001259 15.253380 9.483308
v 31.631330 15.011382 8.948347
v 31.609455 14.997610 8.906850
v 31.604826 14.994703 8.897862
v 31.686673 15.046487 9.046817
v 31.677827 15.040850 9.031655
v 31.715487 15.064915 9.094814
v 31.658617 15.028643 8.997997
v 31.775345 15.103529 9.188365
v 31.751505 15.088096 9.152042
v 31.745047 15.083928 9.141995
v 31.806374 15.123723 9.233928
v 31.370105 14.850712 8.283540
v 31.356443 14.842534 8.229572
v 31.418849 14.880072 8.449761
v 31.394433 14.865330 8.370838
v 31.393359 14.864683 8.367185
v 31.446554 14.896885 8.531277
v 31.438936 14.892252 8.509600
v 31.476453 14.915132 8.611736
v 31.508536 14.934831 8.691139
v 31.489757 14.923286 8.645449
v 31.579232 14.978679 8.846762
v 31.546677 14.958412 8.777991
v 31.542796 14.956005 8.769482
v 31.314350 14.817474 6.972537
v 31.325129 14.823871 6.913802
v 31.330555 14.827097 6.886433
v 31.349120 14.838159 6.801183
v 31.300538 14.809295 7.059503
v 31.280272 14.797337 7.235771
v 31.283052 14.798975 7.205202
v 31.270190 14.791405 7.412273
v 31.272474 14.792748 7.352388
v 31.273959 14.793621 7.324091
v 31.289154 14.802572 7.147343
v 31.268943 14.790673 7.500320
v 31.280223 14.797308 7.763651
v 31.273965 14.793625 7.676008
v 31.288982 14.802471 7.851158
v 31.283052 14.798975 7.794798
v 31.272474 14.792748 7.647612
v 31.270204 14.791414 7.588231
v 31.314056 14.817299 8.025766
v 31.300629 14.809350 7.941131
v 31.300255 14.809128 7.938530
v 31.330393 14.827000 8.112770
v 31.325129 14.823871 8.086198
v 31.349120 14.838159 8.198817
v 31.542822 14.956021 6.230461
v 31.546677 14.958412 6.222009
v 31.579232 14.978679 6.153238
v 31.508338 14.934710 6.309332
v 31.476088 14.914909 6.389206
v 31.489757 14.923286 6.354551
v 31.418445 14.879827 6.551487
v 31.438936 14.892252 6.490400
v 31.446126 14.896624 6.469926
v 31.393046 14.864495 6.633883
v 31.394433 14.865330 6.629162
v 31.369933 14.850609 6.717115
v 31.356443 14.842534 6.770428
v 31.775203 15.103437 5.811848
v 31.806374 15.123723 5.766072
v 31.744814 15.083778 5.858369
v 31.751505 15.088096 5.847958
v 31.715211 15.064738 5.905636
v 31.658387 15.028497 6.002412
v 31.677827 15.040850 5.968345
v 31.686399 15.046313 5.953649
v 31.631182 15.011288 6.051928
v 31.604794 14.994683 6.102201
v 31.609455 14.997610 6.093150
v 32.001259 15.253380 5.516692
v 32.030409 15.273198 5.484006
v 31.971365 15.233171 5.551340
v 31.859283 15.158440 5.692466
v 31.913549 15.194419 5.621806
v 31.914281 15.194907 5.620884
v 31.830188 15.139305 5.732331
v 32.194478 15.386859 5.318191
v 32.251208 15.427008 5.267301
v 32.138754 15.347848 5.371261
v 32.188312 15.382521 5.323910
v 32.084056 15.309965 5.426525
v 32.092966 15.316109 5.417299
v 32.413061 15.544017 5.137964
v 32.468642 15.585055 5.098547
v 32.358290 15.504009 5.179233
v 32.388447 15.525985 5.156206
v 32.286930 15.452517 5.236795
v 32.304336 15.465011 5.222347
v 32.628345 15.705476 4.998285
v 32.682587 15.747237 4.968399
v 32.574428 15.664400 5.030048
v 32.598665 15.682811 5.015513
v 32.521186 15.624261 5.063479
v 32.492486 15.602796 5.082374
v 32.840089 15.871052 4.892948
v 32.892923 15.913453 4.871304
v 32.787417 15.829219 4.916340
v 32.815927 15.851808 4.903452
v 32.706605 15.765872 4.955815
v 32.734914 15.787948 4.941487
v 33.047690 16.040243 4.818203
v 33.099556 16.083614 4.803803
v 32.995960 15.997430 4.834257
v 33.037218 16.031541 4.821316
v 32.926255 15.940432 4.858576
v 32.944370 15.955169 4.851958
v 33.251826 16.213583 4.771317
v 33.259599 16.220325 4.770051
v 33.302811 16.257999 4.763712
v 33.200945 16.169710 4.780546
v 33.148453 16.124917 4.791779
v 33.150188 16.126390 4.791380
v 33.453082 16.391619 4.750983
v 33.480262 16.416227 4.750248
v 33.403296 16.346897 4.753585
v 33.353206 16.302356 4.757823
v 33.370313 16.317516 4.756194
v 33.650478 16.573497 4.756897
v 33.696594 16.617065 4.762135
v 33.552174 16.481999 4.750664
v 33.589125 16.516174 4.752230
v 33.601477 16.527657 4.752961
v 33.502566 16.436524 4.750008
v 33.796335 16.712733 4.778696
v 33.802374 16.718590 4.779934
v 33.747908 16.666035 4.769748
v 33.844458 16.759609 4.789327
v 33.699176 16.619517 4.762473
v 33.988303 16.902590 4.831922
v 34.007763 16.922270 4.838986
v 33.940504 16.854595 4.815916
v 34.035388 16.950348 4.849569
v 33.892279 16.806662 4.801654
v 33.906186 16.820434 4.805576
v 34.176109 17.095987 4.914112
v 34.203227 17.124566 4.928706
v 34.222167 17.144626 4.939334
v 34.081757 16.997851 4.868835
v 34.106856 17.023762 4.880069
v 34.129309 17.047061 4.890610
v 34.359989 17.293135 5.028164
v 34.386945 17.322715 5.048059
v 34.405068 17.342701 5.061931
v 34.267493 17.192972 4.966270
v 34.296659 17.224335 4.984756
v 34.314133 17.243222 4.996279
v 34.540490 17.494652 5.179248
v 34.557342 17.513889 5.195670
v 34.495359 17.443496 5.137343
v 34.449375 17.391907 5.097590
v 34.473898 17.419351 5.118431
v 34.584523 17.545074 5.223083
v 34.759817 17.750965 5.431093
v 34.785114 17.781381 5.466264
v 34.672923 17.647853 5.320748
v 34.713087 17.695252 5.369837
v 34.717088 17.699999 5.374902
v 34.627291 17.594537 5.268644
v 34.637120 17.605973 5.279552
v 34.889451 17.908793 5.628488
v 34.916891 17.942836 5.676413
v 34.930987 17.960413 5.702010
v 34.846172 17.855555 5.557597
v 34.853083 17.864019 5.568554
v 34.801134 17.800737 5.489316
v 35.118166 18.199713 6.126381
v 35.128845 18.213708 6.157096
v 35.099430 18.175252 6.074717
v 35.079938 18.149926 6.023689
v 35.082488 18.153233 6.030219
v 35.059680 18.123736 5.973299
v 35.016827 18.068773 5.874441
v 35.031669 18.087742 5.907578
v 35.038646 18.096685 5.923548
v 34.994209 18.039998 5.825983
v 34.970788 18.010371 5.778197
v 34.976446 18.017513 5.789530
v 35.283549 18.420824 6.785877
v 35.292168 18.432612 6.841880
v 35.268054 18.399701 6.695744
v 35.268742 18.400637 6.699509
v 35.250606 18.376018 6.606161
v 35.231255 18.349879 6.517543
v 35.240669 18.362579 6.559442
v 35.187241 18.290914 6.345018
v 35.207976 18.318607 6.422091
v 35.210131 18.321495 6.430500
v 35.162584 18.258173 6.261082
v 35.170689 18.268912 6.287845
v 35.136151 18.223304 6.178680
v 35.310930 18.458364 8.013849
v 35.307105 18.453103 8.046547
v 35.329023 18.483319 7.814084
v 35.325014 18.477779 7.868097
v 35.323044 18.475059 7.891866
v 35.315741 18.464987 7.969354
v 35.337015 18.494381 7.657636
v 35.334408 18.490771 7.721283
v 35.333680 18.489762 7.736008
v 35.339694 18.498096 7.500000
v 35.339107 18.497281 7.573832
v 35.339022 18.497164 7.578968
v 35.339017 18.497157 7.420717
v 35.339107 18.497281 7.426168
v 35.336996 18.494356 7.341826
v 35.333645 18.489715 7.263324
v 35.334408 18.490771 7.278717
v 35.328974 18.483252 7.185207
v 35.322987 18.474981 7.107473
v 35.325014 18.477779 7.131903
v 35.315686 18.464912 7.030120
v 35.307068 18.453052 6.953147
v 35.310930 18.458364 6.986151
v 35.297126 18.439404 6.876555
v 38.514745 15.321643 7.426168
v 38.509141 15.316038 7.278717
v 38.497948 15.304845 7.131904
v 38.481199 15.288096 6.986152
v 38.458942 15.265839 6.841882
v 38.431241 15.238138 6.699509
v 38.398176 15.205074 6.559445
v 38.359843 15.166741 6.422092
v 38.316352 15.123249 6.287847
v 38.267828 15.074726 6.157097
v 38.214412 15.021309 6.030219
v 38.156257 14.963154 5.907579
v 38.093531 14.900428 5.789530
v 38.026415 14.833312 5.676413
v 37.955102 14.761999 5.568553
v 37.879798 14.686696 5.466263
v 37.800720 14.607618 5.369836
v 37.718097 14.524994 5.279552
v 37.632166 14.439063 5.195669
v 37.543175 14.350072 5.118430
v 37.451380 14.258278 5.048058
v 37.357047 14.163945 4.984756
v 37.260447 14.067345 4.928705
v 37.061568 13.868465 4.838986
v 37.161860 13.968757 4.880069
v 36.959861 13.766759 4.805576
v 36.857034 13.663931 4.779934
v 36.753381 13.560278 4.762135
v 36.649202 13.456099 4.752230
v 36.544797 13.351694 4.750248
v 36.440467 13.247365 4.756194
v 36.336514 13.143412 4.770051
v 36.233236 13.040134 4.791779
v 36.130932 12.937830 4.821315
v 36.029897 12.836794 4.858575
v 35.930421 12.737319 4.903451
v 35.832792 12.639690 4.955813
v 35.737291 12.544189 5.015511
v 35.644194 12.451092 5.082373
v 35.553769 12.360666 5.156205
v 35.466276 12.273174 5.236794
v 35.381968 12.188866 5.323910
v 35.301089 12.107986 5.417299
v 35.223870 12.030768 5.516693
v 35.150535 11.957433 5.621806
v 35.081296 11.888194 5.732334
v 35.016351 11.823249 5.847959
v 34.955889 11.762787 5.968347
v 34.900083 11.706981 6.093151
v 34.849095 11.655992 6.222011
v 34.803071 11.609968 6.354556
v 34.762144 11.569042 6.490404
v 34.726432 11.533330 6.629163
v 34.696039 11.502936 6.770433
v 34.671051 11.477948 6.913806
v 34.651540 11.458438 7.058869
v 34.637564 11.444462 7.205204
v 34.629162 11.436060 7.352389
v 34.626359 11.433257 7.500000
v 34.629162 11.436060 7.647611
v 34.637564 11.444462 7.794796
v 34.651540 11.458438 7.941131
v 34.671051 11.477948 8.086194
v 34.696039 11.502936 8.229567
v 34.726432 11.533330 8.370837
v 34.762144 11.569042 8.509596
v 34.803071 11.609968 8.645444
v 34.849095 11.655992 8.777989
v 34.900083 11.706981 8.906849
v 34.955889 11.762787 9.031653
v 35.016351 11.823249 9.152041
v 35.081296 11.888194 9.267666
v 35.150535 11.957433 9.378194
v 35.223870 12.030768 9.483307
v 35.301089 12.107986 9.582701
v 35.381968 12.188866 9.676090
v 35.466276 12.273174 9.763206
v 35.553769 12.360666 9.843795
v 35.644194 12.451092 9.917627
v 35.737291 12.544189 9.984489
v 35.832792 12.639690 10.044187
v 35.930421 12.737319 10.096549
v 36.029897 12.836794 10.141425
v 36.130932 12.937830 10.178685
v 36.233236 13.040134 10.208221
v 36.336514 13.143412 10.229949
v 36.440467 13.247365 10.243806
v 36.544797 13.351694 10.249752
v 36.649202 13.456099 10.247770
v 36.857034 13.663931 10.220066
v 36.753381 13.560278 10.237865
v 36.959861 13.766759 10.194424
v 37.061568 13.868465 10.161014
v 37.161860 13.968757 10.119931
v 37.260447 14.067345 10.071295
v 37.357047 14.163945 10.015244
v 37.451380 14.258278 9.951942
v 37.543175 14.350072 9.881570
v 37.632166 14.439063 9.804331
v 37.718097 14.524994 9.720448
v 37.800720 14.607618 9.630164
v 37.879798 14.686696 9.533737
v 37.955102 14.761999 9.431447
v 38.026415 14.833312 9.323587
v 38.093531 14.900428 9.210470
v 38.156257 14.963154 9.092421
v 38.214412 15.021309 8.969781
v 38.267828 15.074726 8.842903
v 38.316352 15.123249 8.712153
v 38.359843 15.166741 8.577908
v 38.398176 15.205074 8.440555
v 38.431241 15.238138 8.300491
v 38.458942 15.265839 8.158118
v 38.481199 15.288096 8.013848
v 38.497948 15.304845 7.868096
v 38.509141 15.316038 7.721283
v 38.514745 15.321643 7.573832
v 13.000000 -0.000000 15.000000
v 13.000000 3.062376 15.000000
v 13.000000 2.875000 0.000000
v 13.000000 4.485451 0.000000
v 13.000000 21.000000 15.000000
v 13.000000 21.000000 0.000000
v 13.000000 11.675014 0.000000
v 13.000000 -0.000000 0.000000
v 22.250000 21.000000 15.000000
v 22.250000 21.000000 0.000000
v 19.951226 21.000000 0.000000
v 19.041226 21.000000 15.000000
v 22.460002 21.003836 0.000000
v 22.669723 21.015339 0.000000
v 22.460002 21.003836 15.000000
v 22.878884 21.034494 0.000000
v 22.669723 21.015339 15.000000
v 23.087207 21.061276 0.000000
v 22.878884 21.034494 15.000000
v 23.294412 21.095647 0.000000
v 23.087207 21.061276 15.000000
v 23.500224 21.137564 0.000000
v 23.294412 21.095647 15.000000
v 23.704367 21.186969 0.000000
v 23.500224 21.137564 15.000000
v 23.906570 21.243797 0.000000
v 23.704367 21.186969 15.000000
v 24.106562 21.307971 0.000000
v 23.906570 21.243797 15.000000
v 24.304078 21.379407 0.000000
v 24.106562 21.307971 15.000000
v 24.498852 21.458009 0.000000
v 24.304078 21.379407 15.000000
v 24.690626 21.543673 0.000000
v 24.498852 21.458009 15.000000
v 24.879143 21.636283 0.000000
v 24.690626 21.543673 15.000000
v 25.064153 21.735716 0.000000
v 24.879143 21.636283 15.000000
v 25.245407 21.841840 0.000000
v 25.064153 21.735716 15.000000
v 25.422665 21.954513 0.000000
v 25.245407 21.841840 15.000000
v 25.595689 22.073584 0.000000
v 25.422665 21.954513 15.000000
v 25.764249 22.198895 0.000000
v 25.595689 22.073584 15.000000
v 25.928120 22.330279 0.000000
v 25.764249 22.198895 15.000000
v 26.087083 22.467560 0.000000
v 25.928120 22.330279 15.000000
v 26.240927 22.610555 0.000000
v 26.087083 22.467560 15.000000
v 26.389445 22.759073 0.000000
v 26.240927 22.610555 15.000000
v 26.532440 22.912917 0.000000
v 26.389445 22.759073 15.000000
v 26.669721 23.071880 0.000000
v 26.532440 22.912917 15.000000
v 26.801105 23.235751 0.000000
v 26.669721 23.071880 15.000000
v 26.926416 23.404311 0.000000
v 26.801105 23.235751 15.000000
v 27.045487 23.577335 0.000000
v 26.926416 23.404311 15.000000
v 27.158160 23.754593 0.000000
v 27.045487 23.577335 15.000000
v 27.264284 23.935847 0.000000
v 27.158160 23.754593 15.000000
v 27.363717 24.120857 0.000000
v 27.264284 23.935847 15.000000
v 27.456327 24.309374 0.000000
v 27.363717 24.120857 15.000000
v 27.541991 24.501148 0.000000
v 27.456327 24.309374 15.000000
v 27.620593 24.695922 0.000000
v 27.541991 24.501148 15.000000
v 27.692029 24.893438 0.000000
v 27.620593 24.695922 15.000000
v 27.756203 25.093430 0.000000
v 27.692029 24.893438 15.000000
v 27.813031 25.295633 0.000000
v 27.756203 25.093430 15.000000
v 27.862436 25.499776 0.000000
v 27.813031 25.295633 15.000000
v 27.904353 25.705588 0.000000
v 27.862436 25.499776 15.000000
v 27.938724 25.912793 0.000000
v 27.904353 25.705588 15.000000
v 27.965506 26.121116 0.000000
v 27.938724 25.912793 15.000000
v 27.984661 26.330277 0.000000
v 27.965506 26.121116 15.000000
v 27.996164 26.539998 0.000000
v 27.984661 26.330277 15.000000
v 28.000000 26.750000 0.000000
v 27.996164 26.539998 15.000000
v 28.000000 26.750000 15.000000
v 28.000000 41.424630 15.000000
v 28.000000 41.424630 0.000000
v 12.996023 -0.321548 15.000000
v 12.984093 -0.642898 15.000000
v 12.996023 -0.321548 0.000000
v 12.964219 -0.963856 15.000000
v 12.984093 -0.642898 0.000000
v 12.936413 -1.284223 15.000000
v 12.964219 -0.963856 0.000000
v 12.900690 -1.603805 15.000000
v 12.936413 -1.284223 0.000000
v 12.857074 -1.922406 15.000000
v 12.900690 -1.603805 0.000000
v 12.805591 -2.239830 15.000000
v 12.857074 -1.922406 0.000000
v 12.746272 -2.555884 15.000000
v 12.805591 -2.239830 0.000000
v 12.679154 -2.870374 15.000000
v 12.746272 -2.555884 0.000000
v 12.604278 -3.183107 15.000000
v 12.679154 -2.870374 0.000000
v 12.521690 -3.493893 15.000000
v 12.604278 -3.183107 0.000000
v 12.431439 -3.802541 15.000000
v 12.521690 -3.493893 0.000000
v 12.333582 -4.108862 15.000000
v 12.431439 -3.802541 0.000000
v 12.228179 -4.412669 15.000000
v 12.333582 -4.108862 0.000000
v 12.115293 -4.713776 15.000000
v 12.228179 -4.412669 0.000000
v 11.994994 -5.011998 15.000000
v 12.115293 -4.713776 0.000000
v 11.867355 -5.307154 15.000000
v 11.994994 -5.011998 0.000000
v 11.732455 -5.599063 15.000000
v 11.867355 -5.307154 0.000000
v 11.590376 -5.887545 15.000000
v 11.732455 -5.599063 0.000000
v 11.441205 -6.172426 15.000000
v 11.590376 -5.887545 0.000000
v 11.285033 -6.453529 15.000000
v 11.441205 -6.172426 0.000000
v 11.121956 -6.730683 15.000000
v 11.285033 -6.453529 0.000000
v 10.952074 -7.003719 15.000000
v 11.121956 -6.730683 0.000000
v 10.775490 -7.272470 15.000000
v 10.952074 -7.003719 0.000000
v 10.592313 -7.536770 15.000000
v 10.775490 -7.272470 0.000000
v 10.402655 -7.796459 15.000000
v 10.592313 -7.536770 0.000000
v 10.206631 -8.051378 15.000000
v 10.402655 -7.796459 0.000000
v 10.004362 -8.301370 15.000000
v 10.206631 -8.051378 0.000000
v 9.795972 -8.546282 15.000000
v 10.004362 -8.301370 0.000000
v 9.581587 -8.785965 15.000000
v 9.795972 -8.546282 0.000000
v 9.361340 -9.020272 15.000000
v 9.581587 -8.785965 0.000000
v 9.135365 -9.249060 15.000000
v 9.361340 -9.020272 0.000000
v 8.903800 -9.472188 15.000000
v 9.135365 -9.249060 0.000000
v 8.666787 -9.689521 15.000000
v 8.903800 -9.472188 0.000000
v 8.424470 -9.900924 15.000000
v 8.666787 -9.689521 0.000000
v 8.176999 -10.106270 15.000000
v 8.424470 -9.900924 0.000000
v 7.924525 -10.305431 15.000000
v 8.176999 -10.106270 0.000000
v 7.667201 -10.498287 15.000000
v 7.924525 -10.305431 0.000000
v 7.405186 -10.684719 15.000000
v 7.667201 -10.498287 0.000000
v 7.138640 -10.864613 15.000000
v 7.405186 -10.684719 0.000000
v 6.867726 -11.037859 15.000000
v 7.138640 -10.864613 0.000000
v 6.592610 -11.204351 15.000000
v 6.867726 -11.037859 0.000000
v 6.313460 -11.363988 15.000000
v 6.592610 -11.204351 0.000000
v 6.030447 -11.516671 15.000000
v 6.313460 -11.363988 0.000000
v 5.743744 -11.662307 15.000000
v 6.030447 -11.516671 0.000000
v 5.453526 -11.800807 15.000000
v 5.743744 -11.662307 0.000000
v 5.159971 -11.932087 15.000000
v 5.453526 -11.800807 0.000000
v 4.863259 -12.056065 15.000000
v 5.159971 -11.932087 0.000000
v 4.563571 -12.172667 15.000000
v 4.863259 -12.056065 0.000000
v 4.261091 -12.281820 15.000000
v 4.563571 -12.172667 0.000000
v 3.956004 -12.383458 15.000000
v 4.261091 -12.281820 0.000000
v 3.648496 -12.477519 15.000000
v 3.956004 -12.383458 0.000000
v 3.338755 -12.563945 15.000000
v 3.648496 -12.477519 0.000000
v 3.026972 -12.642683 15.000000
v 3.338755 -12.563945 0.000000
v 2.713336 -12.713686 15.000000
v 3.026972 -12.642683 0.000000
v 2.398040 -12.776909 15.000000
v 2.713336 -12.713686 0.000000
v 2.081277 -12.832314 15.000000
v 2.398040 -12.776909 0.000000
v 1.763240 -12.879867 15.000000
v 2.081277 -12.832314 0.000000
v 1.444125 -12.919540 15.000000
v 1.763240 -12.879867 0.000000
v 1.124126 -12.951307 15.000000
v 1.444125 -12.919540 0.000000
v 0.803439 -12.975149 15.000000
v 1.124126 -12.951307 0.000000
v 0.482260 -12.991052 15.000000
v 0.803439 -12.975149 0.000000
v 0.160786 -12.999006 15.000000
v 0.482260 -12.991052 0.000000
v -0.160786 -12.999006 15.000000
v 0.160786 -12.999006 0.000000
v -0.482260 -12.991052 15.000000
v -0.160786 -12.999006 0.000000
v -0.803439 -12.975149 15.000000
v -0.482260 -12.991052 0.000000
v -1.124126 -12.951307 15.000000
v -0.803439 -12.975149 0.000000
v -1.444125 -12.919540 15.000000
v -1.124126 -12.951307 0.000000
v -1.763240 -12.879867 15.000000
v -1.444125 -12.919540 0.000000
v -2.081277 -12.832314 15.000000
v -1.763240 -12.879867 0.000000
v -2.398040 -12.776909 15.000000
v -2.081277 -12.832314 0.000000
v -2.713336 -12.713686 15.000000
v -2.398040 -12.776909 0.000000
v -3.026972 -12.642683 15.000000
v -2.713336 -12.713686 0.000000
v -3.338755 -12.563945 15.000000
v -3.026972 -12.642683 0.000000
v -3.648496 -12.477519 15.000000
v -3.338755 -12.563945 0.000000
v -3.956004 -12.383458 15.000000
v -3.648496 -12.477519 0.000000
v -4.261091 -12.281820 15.000000
v -3.956004 -12.383458 0.000000
v -4.563571 -12.172667 15.000000
v -4.261091 -12.281820 0.000000
v -4.863259 -12.056065 15.000000
v -4.563571 -12.172667 0.000000
v -5.159971 -11.932087 15.000000
v -4.863259 -12.056065 0.000000
v -5.453526 -11.800807 15.000000
v -5.159971 -11.932087 0.000000
v -5.743744 -11.662307 15.000000
v -5.453526 -11.800807 0.000000
v -6.030447 -11.516671 15.000000
v -5.743744 -11.662307 0.000000
v -6.313460 -11.363988 15.000000
v -6.030447 -11.516671 0.000000
v -6.592610 -11.204351 15.000000
v -6.313460 -11.363988 0.000000
v -6.867726 -11.037859 15.000000
v -6.592610 -11.204351 0.000000
v -7.138640 -10.864613 15.000000
v -6.867726 -11.037859 0.000000
v -7.405186 -10.684719 15.000000
v -7.138640 -10.864613 0.000000
v -7.667201 -10.498287 15.000000
v -7.405186 -10.684719 0.000000
v -7.924525 -10.305431 15.000000
v -7.667201 -10.498287 0.000000
v -8.176999 -10.106270 15.000000
v -7.924525 -10.305431 0.000000
v -8.424470 -9.900924 15.000000
v -8.176999 -10.106270 0.000000
v -8.666787 -9.689521 15.000000
v -8.424470 -9.900924 0.000000
v -8.903800 -9.472188 15.000000
v -8.666787 -9.689521 0.000000
v -9.135365 -9.249060 15.000000
v -8.903800 -9.472188 0.000000
v -9.361340 -9.020272 15.000000
v -9.135365 -9.249060 0.000000
v -9.581587 -8.785965 15.000000
v -9.361340 -9.020272 0.000000
v -9.795972 -8.546282 15.000000
v -9.581587 -8.785965 0.000000
v -10.004362 -8.301370 15.000000
v -9.795972 -8.546282 0.000000
v -10.206631 -8.051378 15.000000
v -10.004362 -8.301370 0.000000
v -10.402655 -7.796459 15.000000
v -10.206631 -8.051378 0.000000
v -10.592313 -7.536770 15.000000
v -10.402655 -7.796459 0.000000
v -10.775490 -7.272470 15.000000
v -10.592313 -7.536770 0.000000
v -10.952074 -7.003719 15.000000
v -10.775490 -7.272470 0.000000
v -11.121956 -6.730683 15.000000
v -10.952074 -7.003719 0.000000
v -11.285033 -6.453529 15.000000
v -11.121956 -6.730683 0.000000
v -11.441205 -6.172426 15.000000
v -11.285033 -6.453529 0.000000
v -11.590376 -5.887545 15.000000
v -11.441205 -6.172426 0.000000
v -11.732455 -5.599063 15.000000
v -11.590376 -5.887545 0.000000
v -11.867355 -5.307154 15.000000
v -11.732455 -5.599063 0.000000
v -11.994994 -5.011998 15.000000
v -11.867355 -5.307154 0.000000
v -12.115293 -4.713776 15.000000
v -11.994994 -5.011998 0.000000
v -12.228179 -4.412669 15.000000
v -12.115293 -4.713776 0.000000
v -12.333582 -4.108862 15.000000
v -12.228179 -4.412669 0.000000
v -12.431439 -3.802541 15.000000
v -12.333582 -4.108862 0.000000
v -12.521690 -3.493893 15.000000
v -12.431439 -3.802541 0.000000
v -12.604278 -3.183107 15.000000
v -12.521690 -3.493893 0.000000
v -12.679154 -2.870374 15.000000
v -12.604278 -3.183107 0.000000
v -12.746272 -2.555884 15.000000
v -12.679154 -2.870374 0.000000
v -12.805591 -2.239830 15.000000
v -12.746272 -2.555884 0.000000
v -12.857074 -1.922406 15.000000
v -12.805591 -2.239830 0.000000
v -12.900690 -1.603805 15.000000
v -12.857074 -1.922406 0.000000
v -12.936413 -1.284223 15.000000
v -12.900690 -1.603805 0.000000
v -12.964219 -0.963856 15.000000
v -12.936413 -1.284223 0.000000
v -12.984093 -0.642898 15.000000
v -12.964219 -0.963856 0.000000
v -12.996023 -0.321548 15.000000
v -12.984093 -0.642898 0.000000
v -13.000000 -0.000000 15.000000
v -12.996023 -0.321548 0.000000
v -13.000000 -0.000000 0.000000
v -13.000000 3.062376 15.000000
v -13.000000 4.485451 0.000000
v -13.000000 12.948703 2.250000
v -13.000000 11.675014 0.000000
v -13.000000 2.875000 0.000000
v -13.000000 21.000000 15.000000
v -13.000000 16.448703 12.750000
v -13.000000 16.448703 2.250000
v -13.000000 12.948703 12.750000
v -13.000000 21.000000 0.000000
v -24.500000 16.448703 2.250000
v -24.500000 16.448703 12.750000
v -24.500000 12.948703 2.250000
v -24.500000 12.948703 12.750000
v -22.250000 21.000000 15.000000
v -19.041241 21.000000 15.000000
v -19.951241 21.000000 0.000000
v -15.652488 21.000000 0.000000
v -15.652488 21.000000 15.000000
v -22.250000 21.000000 0.000000
v -27.996164 26.539998 0.000000
v -28.000000 26.750000 0.000000
v -28.000000 26.750000 15.000000
v -27.984661 26.330277 0.000000
v -27.996164 26.539998 15.000000
v -27.965506 26.121116 0.000000
v -27.984661 26.330277 15.000000
v -27.938724 25.912793 0.000000
v -27.965506 26.121116 15.000000
v -27.904353 25.705588 0.000000
v -27.938724 25.912793 15.000000
v -27.862436 25.499776 0.000000
v -27.904353 25.705588 15.000000
v -27.813031 25.295633 0.000000
v -27.862436 25.499776 15.000000
v -27.756203 25.093430 0.000000
v -27.813031 25.295633 15.000000
v -27.692029 24.893438 0.000000
v -27.756203 25.093430 15.000000
v -27.620593 24.695922 0.000000
v -27.692029 24.893438 15.000000
v -27.541991 24.501148 0.000000
v -27.620593 24.695922 15.000000
v -27.456327 24.309374 0.000000
v -27.541991 24.501148 15.000000
v -27.363717 24.120857 0.000000
v -27.456327 24.309374 15.000000
v -27.264284 23.935847 0.000000
v -27.363717 24.120857 15.000000
v -27.158160 23.754593 0.000000
v -27.264284 23.935847 15.000000
v -27.045487 23.577335 0.000000
v -27.158160 23.754593 15.000000
v -26.926416 23.404311 0.000000
v -27.045487 23.577335 15.000000
v -26.801105 23.235751 0.000000
v -26.926416 23.404311 15.000000
v -26.669721 23.071880 0.000000
v -26.801105 23.235751 15.000000
v -26.532440 22.912917 0.000000
v -26.669721 23.071880 15.000000
v -26.389445 22.759073 0.000000
v -26.532440 22.912917 15.000000
v -26.240927 22.610555 0.000000
v -26.389445 22.759073 15.000000
v -26.087083 22.467560 0.000000
v -26.240927 22.610555 15.000000
v -25.928120 22.330279 0.000000
v -26.087083 22.467560 15.000000
v -25.764249 22.198895 0.000000
v -25.928120 22.330279 15.000000
v -25.595689 22.073584 0.000000
v -25.764249 22.198895 15.000000
v -25.422665 21.954513 0.000000
v -25.595689 22.073584 15.000000
v -25.245407 21.841840 0.000000
v -25.422665 21.954513 15.000000
v -25.064153 21.735716 0.000000
v -25.245407 21.841840 15.000000
v -24.879143 21.636283 0.000000
v -25.064153 21.735716 15.000000
v -24.690626 21.543673 0.000000
v -24.879143 21.636283 15.000000
v -24.498852 21.458009 0.000000
v -24.690626 21.543673 15.000000
v -24.304078 21.379407 0.000000
v -24.498852 21.458009 15.000000
v -24.106562 21.307971 0.000000
v -24.304078 21.379407 15.000000
v -23.906570 21.243797 0.000000
v -24.106562 21.307971 15.000000
v -23.704367 21.186969 0.000000
v -23.906570 21.243797 15.000000
v -23.500224 21.137564 0.000000
v -23.704367 21.186969 15.000000
v -23.294412 21.095647 0.000000
v -23.500224 21.137564 15.000000
v -23.087207 21.061276 0.000000
v -23.294412 21.095647 15.000000
v -22.878884 21.034494 0.000000
v -23.087207 21.061276 15.000000
v -22.669723 21.015339 0.000000
v -22.878884 21.034494 15.000000
v -22.460002 21.003836 0.000000
v -22.669723 21.015339 15.000000
v -22.460002 21.003836 15.000000
v -28.000000 41.424630 2.000000
v -28.000000 41.424630 13.000000
v -28.000000 41.424630 0.000000
v -28.000000 41.424630 15.000000
v -24.767686 12.951409 2.250000
v -24.767686 12.951409 12.750000
v -25.035311 12.959518 2.250000
v -25.035311 12.959518 12.750000
v -25.303134 12.973034 2.250000
v -25.303134 12.973034 12.750000
v -25.571000 12.991962 2.250000
v -25.571000 12.991962 12.750000
v -25.838751 13.016299 2.250000
v -25.838751 13.016299 12.750000
v -26.106228 13.046040 2.250000
v -26.106228 13.046040 12.750000
v -26.373272 13.081173 2.250000
v -26.373272 13.081173 12.750000
v -26.639721 13.121684 2.250000
v -26.639721 13.121684 12.750000
v -26.905414 13.167555 2.250000
v -26.905414 13.167555 12.750000
v -27.170190 13.218761 2.250000
v -27.170190 13.218761 12.750000
v -27.433877 13.275272 2.250000
v -27.433877 13.275272 12.750000
v -27.696308 13.337054 2.250000
v -27.696308 13.337054 12.750000
v -27.957325 13.404068 2.250000
v -27.957325 13.404068 12.750000
v -28.216770 13.476275 2.250000
v -28.216770 13.476275 12.750000
v -28.474488 13.553628 2.250000
v -28.730328 13.636077 2.250000
v -28.730328 13.636077 12.750000
v -28.984139 13.723571 2.250000
v -29.235776 13.816052 2.250000
v -29.235776 13.816052 12.750000
v -28.984139 13.723571 12.750000
v -29.485117 13.913460 2.250000
v -29.485117 13.913460 12.750000
v -29.732566 14.015928 2.250000
v -29.732566 14.015928 12.750000
v -29.978282 14.123524 2.250000
v -29.978282 14.123524 12.750000
v -30.222116 14.236193 2.250000
v -30.222116 14.236193 12.750000
v -30.463922 14.353878 2.250000
v -30.463922 14.353878 12.750000
v -30.703550 14.476516 2.250000
v -30.940855 14.604041 2.250000
v -30.940855 14.604041 12.750000
v -31.175688 14.736379 2.250000
v -31.175688 14.736379 12.750000
v -35.377458 18.550728 12.750000
v -35.377458 18.550728 2.250000
v -35.531848 18.771667 2.250000
v -35.531848 18.771667 12.750000
v -35.681670 18.995531 2.250000
v -35.681670 18.995531 12.750000
v -35.826836 19.222183 2.250000
v -35.826836 19.222183 12.750000
v -35.967261 19.451485 2.250000
v -35.967261 19.451485 12.750000
v -36.102866 19.683299 2.250000
v -36.233575 19.917487 2.250000
v -36.233575 19.917487 12.750000
v -36.102866 19.683299 12.750000
v -36.359334 20.153892 2.250000
v -36.359334 20.153892 12.750000
v -36.480658 20.393447 2.250000
v -36.480658 20.393447 12.750000
v -36.597298 20.635723 2.250000
v -36.597298 20.635723 12.750000
v -36.709101 20.880424 2.250000
v -36.709101 20.880424 12.750000
v -36.815996 21.127406 2.250000
v -36.815996 21.127406 12.750000
v -36.917916 21.376525 2.250000
v -36.917916 21.376525 12.750000
v -37.014790 21.627615 2.250000
v -37.014790 21.627615 12.750000
v -37.106560 21.880525 2.250000
v -37.193172 22.135106 2.250000
v -37.193172 22.135106 12.750000
v -37.106560 21.880525 12.750000
v -37.274585 22.391209 2.250000
v -37.274585 22.391209 12.750000
v -37.350889 22.649098 2.250000
v -37.350889 22.649098 12.750000
v -37.422007 22.908544 2.250000
v -37.422007 22.908544 12.750000
v -37.487893 23.169381 2.250000
v -37.487893 23.169381 12.750000
v -37.548501 23.431441 2.250000
v -37.603816 23.694639 2.250000
v -37.603816 23.694639 12.750000
v -37.653833 23.958952 2.250000
v -37.653833 23.958952 12.750000
v -37.698517 24.224207 2.250000
v -37.733046 24.455700 2.250000
v -37.733046 24.455700 12.750000
v -37.737337 24.486302 12.750000
v -37.737337 24.486302 2.250000
v -37.750000 24.576610 2.250000
v -31.407907 14.873456 12.750000
v -31.603162 14.993659 8.894611
v -31.609456 14.997610 8.906851
v -31.637366 15.015192 12.750000
v -31.637366 15.015192 8.959525
v -31.570526 14.973247 8.828805
v -31.539459 14.953936 8.762110
v -31.546677 14.958412 8.777992
v -31.509964 14.935711 8.694529
v -31.482050 14.918560 8.626062
v -31.489756 14.923285 8.645447
v -31.455726 14.902471 8.556708
v -31.431006 14.887438 8.486462
v -31.438936 14.892252 8.509599
v -31.407907 14.873456 8.415319
v -31.833390 15.141405 9.272127
v -31.863911 15.161493 9.313743
v -31.803471 15.121829 9.229744
v -31.830186 15.139304 9.267666
v -31.745471 15.084202 9.142658
v -31.751505 15.088096 9.152042
v -31.717408 15.066147 9.097943
v -31.774162 15.102762 9.186590
v -31.663259 15.031589 9.006224
v -31.677827 15.040850 9.031655
v -31.689982 15.048598 9.052436
v -31.863911 15.161493 12.750000
v -32.029014 15.272247 9.514454
v -32.087402 15.312271 9.576950
v -31.972293 15.233797 9.449752
v -32.001259 15.253380 9.483307
v -31.913550 15.194419 9.378194
v -31.917251 15.196887 9.382849
v -32.087402 15.312271 12.750000
v -32.286930 15.452517 9.763205
v -32.307702 15.467432 9.780416
v -32.251073 15.426912 9.732581
v -32.140674 15.349186 9.630621
v -32.188312 15.382521 9.676090
v -32.195252 15.387403 9.682523
v -32.092966 15.316109 9.582701
v -32.307702 15.467432 12.750000
v -32.492486 15.602796 9.917626
v -32.524679 15.626882 9.938778
v -32.469562 15.585738 9.902085
v -32.415019 15.545455 9.863466
v -32.361061 15.506022 9.822914
v -32.388447 15.525985 9.843794
v -32.524679 15.626882 12.750000
v -32.706605 15.765872 10.044185
v -32.738204 15.790522 10.060143
v -32.684089 15.748400 10.032399
v -32.630459 15.707095 10.002918
v -32.577321 15.666593 9.971709
v -32.598665 15.682811 9.984487
v -32.738204 15.790522 12.750000
v -32.926255 15.940432 10.141424
v -32.948152 15.958252 10.149397
v -32.895317 15.915385 10.129634
v -32.790152 15.831380 10.084919
v -32.815927 15.851808 10.096548
v -32.842536 15.873006 10.108094
v -32.948152 15.958252 12.750000
v -33.148452 16.124916 10.208221
v -33.154401 16.129969 10.209581
v -33.102893 16.086421 10.197066
v -32.999765 16.000564 10.166982
v -33.037218 16.031540 10.178684
v -33.051347 16.043287 10.182868
v -33.154401 16.129969 12.750000
v -33.306293 16.261050 10.236747
v -33.356833 16.305566 10.242538
v -33.255707 16.216947 10.229320
v -33.259599 16.220325 10.229949
v -33.205075 16.173255 10.220264
v -33.356833 16.305566 12.750000
v -33.370313 16.317517 10.243806
v -33.407206 16.350392 10.246678
v -33.605008 16.530944 12.750000
v -33.555803 16.485344 10.249223
v -33.589125 16.516174 10.247770
v -33.407206 16.350392 12.750000
v -33.480262 16.416227 10.249752
v -33.506319 16.439948 10.249999
v -33.456787 16.394965 10.249145
v -33.799285 16.715593 12.750000
v -33.654276 16.577069 10.242728
v -33.696594 16.617064 10.237865
v -33.703075 16.623220 10.237008
v -33.605008 16.530944 10.246811
v -33.751409 16.669396 10.229663
v -33.990086 16.904390 12.750000
v -33.895618 16.809965 10.197419
v -33.906186 16.820434 10.194424
v -33.847686 16.762771 10.209897
v -33.943083 16.857173 10.183268
v -33.799285 16.715593 10.220703
v -33.802374 16.718590 10.220066
v -34.177292 17.097230 12.750000
v -34.084640 17.000820 10.129903
v -34.106856 17.023762 10.119931
v -34.037602 16.952605 10.149554
v -34.131203 17.049031 10.108480
v -33.990086 16.904390 10.167444
v -34.007763 16.922270 10.161014
v -34.360785 17.294006 12.750000
v -34.270862 17.196584 10.031642
v -34.296659 17.224335 10.015244
v -34.316275 17.245542 10.002285
v -34.177292 17.097230 10.085266
v -34.203228 17.124566 10.071294
v -34.224530 17.147134 10.059315
v -34.540449 17.494605 12.750000
v -34.452564 17.395468 9.899745
v -34.473897 17.419351 9.881569
v -34.360785 17.294006 9.971261
v -34.386945 17.322715 9.951941
v -34.407168 17.345023 9.936435
v -34.496987 17.445332 9.861196
v -34.716172 17.698911 12.750000
v -34.673850 17.648942 9.678153
v -34.713087 17.695252 9.630163
v -34.630459 17.598220 9.727859
v -34.637120 17.605973 9.720448
v -34.585995 17.546768 9.775399
v -34.540449 17.494605 9.820791
v -34.557342 17.513889 9.804330
v -34.887843 17.906804 12.750000
v -34.847530 17.857217 9.440261
v -34.853083 17.864019 9.431446
v -34.805504 17.806031 9.504286
v -34.761726 17.753254 9.566304
v -34.785114 17.781381 9.533736
v -34.716172 17.698911 9.626261
v -35.055353 18.118160 12.750000
v -35.016836 18.068784 9.125539
v -35.031669 18.087742 9.092421
v -35.036371 18.093768 9.081686
v -34.996744 18.043216 9.168702
v -34.976095 18.017069 9.211178
v -34.976446 18.017513 9.210470
v -34.954884 17.990350 9.252970
v -34.910763 17.935213 9.334504
v -34.916891 17.942836 9.323587
v -34.887843 17.906804 9.374247
v -34.933108 17.963063 9.294078
v -35.218594 18.332848 12.750000
v -35.201980 18.310584 8.600886
v -35.207976 18.318607 8.577909
v -35.184296 18.286991 8.665419
v -35.165530 18.262074 8.729278
v -35.170689 18.268912 8.712154
v -35.145668 18.235831 8.792460
v -35.124693 18.208262 8.854960
v -35.128845 18.213708 8.842904
v -35.102586 18.179363 8.916770
v -35.079446 18.149289 8.977564
v -35.082488 18.153233 8.969781
v -35.055353 18.118160 9.037141
v -35.233180 18.352474 6.525940
v -35.218594 18.332848 6.464319
v -35.246821 18.370894 6.588038
v -35.240670 18.362579 6.559444
v -35.259524 18.388109 6.650612
v -35.282143 18.418904 6.777188
v -35.271296 18.404114 6.713662
v -35.268742 18.400637 6.699508
v -35.301068 18.444812 6.905674
v -35.292169 18.432612 6.841882
v -35.292067 18.432473 6.841191
v -35.316298 18.465755 7.036089
v -35.310930 18.458364 6.986152
v -35.309147 18.455910 6.970639
v -35.325014 18.477779 7.131903
v -35.322518 18.474333 7.102031
v -35.332099 18.487575 7.234878
v -35.327796 18.481623 7.168430
v -35.335432 18.492189 7.301262
v -35.334408 18.490771 7.278717
v -35.337804 18.495475 7.367583
v -35.339223 18.497442 7.433841
v -35.339107 18.497281 7.426168
v -35.339694 18.498096 7.500038
v -35.337809 18.495482 7.632245
v -35.339107 18.497281 7.573832
v -35.339223 18.497442 7.566172
v -35.332152 18.487648 7.764204
v -35.334408 18.490771 7.721283
v -35.335453 18.492218 7.698255
v -35.322696 18.474579 7.895915
v -35.325014 18.477779 7.868097
v -35.316525 18.466068 7.961677
v -35.327902 18.481770 7.830091
v -35.309378 18.456228 8.027375
v -35.310931 18.458364 8.013848
v -35.301250 18.445061 8.092946
v -35.259504 18.388082 8.349489
v -35.268742 18.400637 8.300492
v -35.271313 18.404136 8.286248
v -35.233148 18.352430 8.474203
v -35.240670 18.362579 8.440556
v -35.246783 18.370844 8.412139
v -35.218594 18.332848 8.535681
v -35.282208 18.418992 8.222414
v -35.292189 18.432639 8.157982
v -35.218594 18.332848 2.250000
v -35.079284 18.149078 6.022022
v -35.055353 18.118160 5.962859
v -35.102233 18.178904 6.082275
v -35.082488 18.153233 6.030219
v -35.145196 18.235209 6.206087
v -35.128845 18.213708 6.157096
v -35.124203 18.207620 6.143627
v -35.184128 18.286768 6.333991
v -35.170689 18.268912 6.287846
v -35.165207 18.261647 6.269661
v -35.207976 18.318607 6.422091
v -35.201917 18.310500 6.398878
v -35.055353 18.118160 2.250000
v -34.910871 17.935348 5.665688
v -34.887843 17.906804 5.625753
v -34.933289 17.963289 5.706256
v -34.916891 17.942836 5.676413
v -34.955104 17.990626 5.747454
v -34.996952 18.043480 5.831736
v -34.976323 18.017357 5.789281
v -35.036463 18.093885 5.918524
v -35.031669 18.087742 5.907579
v -35.016998 18.068990 5.874816
v -34.887843 17.906804 2.250000
v -34.761315 17.752761 5.433135
v -34.716172 17.698911 5.373739
v -34.805071 17.805507 5.495078
v -34.785114 17.781381 5.466264
v -34.853083 17.864019 5.568554
v -34.847354 17.857002 5.559462
v -34.716172 17.698911 2.250000
v -34.557342 17.513889 5.195670
v -34.540449 17.494605 5.179209
v -34.586146 17.546942 5.224757
v -34.673994 17.649111 5.322017
v -34.637120 17.605973 5.279552
v -34.630656 17.598449 5.272359
v -34.713087 17.695252 5.369837
v -34.540449 17.494605 2.250000
v -34.386945 17.322715 5.048059
v -34.360785 17.294006 5.028739
v -34.407313 17.345182 5.063677
v -34.452752 17.395677 5.100412
v -34.497124 17.445487 5.138927
v -34.473897 17.419351 5.118431
v -34.360785 17.294006 2.250000
v -34.203228 17.124566 4.928706
v -34.177292 17.097230 4.914734
v -34.224086 17.146663 4.940431
v -34.270282 17.195961 4.967997
v -34.315880 17.245115 4.997450
v -34.296659 17.224335 4.984756
v -34.177292 17.097230 2.250000
v -34.007763 16.922270 4.838986
v -33.990086 16.904390 4.832556
v -34.037750 16.952757 4.850505
v -34.131349 17.049183 4.891591
v -34.106856 17.023762 4.880069
v -34.084836 17.001023 4.870183
v -33.990086 16.904390 2.250000
v -33.802374 16.718590 4.779934
v -33.799285 16.715593 4.779297
v -33.847834 16.762916 4.790139
v -33.943228 16.857317 4.816778
v -33.906186 16.820434 4.805576
v -33.895813 16.810158 4.802636
v -33.799285 16.715593 2.250000
v -33.653953 16.576766 4.757240
v -33.605008 16.530944 4.753189
v -33.702754 16.622915 4.762949
v -33.696594 16.617064 4.762135
v -33.751293 16.669284 4.770317
v -33.407206 16.350392 2.250000
v -33.605008 16.530944 2.250000
v -33.506396 16.440018 4.750000
v -33.480262 16.416227 4.750248
v -33.456873 16.395043 4.750852
v -33.555775 16.485318 4.750776
v -33.589125 16.516174 4.752230
v -33.356833 16.305566 2.250000
v -33.407206 16.350392 4.753322
v -33.370313 16.317517 4.756194
v -33.154401 16.129969 2.250000
v -33.306440 16.261179 4.763234
v -33.259599 16.220325 4.770051
v -33.255903 16.217118 4.770648
v -33.356833 16.305566 4.757462
v -33.205223 16.173381 4.779707
v -32.948152 15.958252 2.250000
v -33.051320 16.043264 4.817139
v -33.037218 16.031540 4.821316
v -33.102931 16.086452 4.802924
v -32.999614 16.000440 4.833067
v -33.154401 16.129969 4.790419
v -33.148452 16.124916 4.791779
v -32.738204 15.790522 2.250000
v -32.842491 15.872970 4.891925
v -32.815927 15.851808 4.903452
v -32.790175 15.831398 4.915070
v -32.895151 15.915251 4.870431
v -32.948152 15.958252 4.850603
v -32.926255 15.940432 4.858576
v -32.524679 15.626882 2.250000
v -32.630649 15.707240 4.996974
v -32.598665 15.682811 5.015513
v -32.577462 15.666700 5.028205
v -32.738204 15.790522 4.939857
v -32.706605 15.765872 4.955815
v -32.684232 15.748511 4.967524
v -32.307702 15.467432 2.250000
v -32.415181 15.545574 5.136416
v -32.388447 15.525985 5.156206
v -32.524679 15.626882 5.061222
v -32.492486 15.602796 5.082374
v -32.469696 15.585837 5.097823
v -32.361150 15.506087 5.177017
v -32.087402 15.312271 2.250000
v -32.140679 15.349189 5.369374
v -32.092966 15.316109 5.417299
v -32.195159 15.387337 5.317563
v -32.188312 15.382521 5.323910
v -32.250834 15.426742 5.267627
v -32.307702 15.467432 5.219584
v -32.286930 15.452517 5.236795
v -31.863911 15.161493 2.250000
v -31.917423 15.197002 5.616936
v -31.913550 15.194419 5.621806
v -31.972528 15.233955 5.549971
v -32.029196 15.272371 5.485345
v -32.001259 15.253380 5.516693
v -32.087402 15.312271 5.423050
v -31.637366 15.015192 2.250000
v -31.689530 15.048310 5.948330
v -31.677827 15.040850 5.968345
v -31.716786 15.065749 5.903069
v -31.663056 15.031460 5.994133
v -31.773649 15.102429 5.814181
v -31.751505 15.088096 5.847958
v -31.744825 15.083785 5.858351
v -31.803159 15.121625 5.770706
v -31.833250 15.141313 5.728068
v -31.830186 15.139304 5.732334
v -31.863911 15.161493 5.686257
v -31.407907 14.873456 2.250000
v -31.456033 14.902658 6.442452
v -31.438935 14.892252 6.490401
v -31.431174 14.887540 6.513040
v -31.510423 14.935994 6.304384
v -31.489756 14.923285 6.354553
v -31.482457 14.918809 6.372903
v -31.570906 14.973484 6.170404
v -31.546677 14.958412 6.222009
v -31.539912 14.954217 6.236886
v -31.637366 15.015192 6.040475
v -31.609456 14.997610 6.093149
v -31.603394 14.993805 6.104934
v -31.391378 14.863491 8.360403
v -31.394433 14.865330 8.370838
v -31.375817 14.854138 8.304956
v -31.356442 14.842533 8.229569
v -31.361234 14.845400 8.248972
v -31.335099 14.829801 8.135543
v -31.347645 14.837278 8.192445
v -31.323644 14.822989 8.078473
v -31.325128 14.823871 8.086195
v -31.313276 14.816837 8.021235
v -31.295796 14.806493 7.906262
v -31.300629 14.809350 7.941132
v -31.303994 14.811340 7.963832
v -31.282654 14.798740 7.790625
v -31.283052 14.798974 7.794796
v -31.277715 14.795832 7.732558
v -31.288682 14.802294 7.848527
v -31.271120 14.791952 7.615922
v -31.272474 14.792748 7.647611
v -31.273869 14.793568 7.674323
v -31.269476 14.790986 7.557352
v -31.268944 14.790673 7.498613
v -31.268943 14.790673 7.500000
v -31.269529 14.791017 7.439862
v -31.274020 14.793657 7.323024
v -31.272474 14.792748 7.352389
v -31.271225 14.792014 7.381333
v -31.277906 14.795944 7.264934
v -31.288918 14.802433 7.149405
v -31.283052 14.798974 7.205204
v -31.282874 14.798870 7.207062
v -31.304212 14.811469 7.034735
v -31.300629 14.809350 7.058867
v -31.313455 14.816943 6.977722
v -31.296032 14.806633 7.091963
v -31.335124 14.829816 6.864337
v -31.325128 14.823871 6.913805
v -31.323760 14.823057 6.920923
v -31.375592 14.854003 6.695873
v -31.361038 14.845282 6.751812
v -31.356442 14.842533 6.770431
v -31.347550 14.837222 6.807967
v -31.407907 14.873456 6.584681
v -31.394433 14.865330 6.629161
v -31.391216 14.863393 6.640153
v -37.750000 24.576610 12.750000
v -37.698517 24.224207 12.750000
v -37.548501 23.431441 12.750000
v -30.703550 14.476516 12.750000
v -28.474488 13.553628 12.750000
v -37.750000 29.990624 2.250000
v -37.750000 29.990624 12.750000
v -39.540816 30.602677 2.250000
v -39.540816 30.602677 12.750000
v -39.483505 30.670307 12.750000
v -39.483505 30.670307 2.250000
v -39.420431 30.732596 12.750000
v -39.420431 30.732596 2.250000
v -39.352087 30.789054 12.750000
v -39.352087 30.789054 2.250000
v -39.279012 30.839238 12.750000
v -39.279012 30.839238 2.250000
v -39.201780 30.882753 12.750000
v -39.201780 30.882753 2.250000
v -39.120998 30.919257 12.750000
v -39.120998 30.919257 2.250000
v -39.037300 30.948464 12.750000
v -39.037300 30.948464 2.250000
v -38.951345 30.970144 12.750000
v -38.951345 30.970144 2.250000
v -38.863807 30.984126 12.750000
v -38.863807 30.984126 2.250000
v -38.775375 30.990302 12.750000
v -38.775375 30.990302 2.250000
v -38.686744 30.988621 12.750000
v -38.686744 30.988621 2.250000
v -38.598610 30.979098 12.750000
v -38.598610 30.979098 2.250000
v -38.511665 30.961807 12.750000
v -38.511665 30.961807 2.250000
v -38.426593 30.936884 12.750000
v -38.426593 30.936884 2.250000
v -38.344063 30.904525 12.750000
v -38.344063 30.904525 2.250000
v -38.264723 30.864984 12.750000
v -38.264723 30.864984 2.250000
v -38.189196 30.818572 12.750000
v -38.189196 30.818572 2.250000
v -38.118076 30.765654 12.750000
v -38.118076 30.765654 2.250000
v -38.051922 30.706646 12.750000
v -38.051922 30.706646 2.250000
v -37.991254 30.642010 12.750000
v -37.991254 30.642010 2.250000
v -37.936549 30.572256 12.750000
v -37.936549 30.572256 2.250000
v -37.888235 30.497932 12.750000
v -37.888235 30.497932 2.250000
v -37.846694 30.419620 12.750000
v -37.846694 30.419620 2.250000
v -37.812251 30.337938 12.750000
v -37.812251 30.337938 2.250000
v -37.785178 30.253526 12.750000
v -37.785178 30.253526 2.250000
v -37.765686 30.167048 12.750000
v -37.765686 30.167048 2.250000
v -37.753929 30.079184 12.750000
v -37.753929 30.079184 2.250000
v -31.137025 19.016081 2.250000
v -31.341447 19.207436 2.250000
v -30.927253 18.830607 2.250000
v -30.492341 18.477892 2.250000
v -30.712301 18.651162 2.250000
v -29.323767 17.708868 2.250000
v -29.566029 17.849274 2.250000
v -28.058143 17.112914 2.250000
v -28.317834 17.217631 2.250000
v -29.804208 17.996500 2.250000
v -27.795585 17.015611 2.250000
v -30.267551 18.310937 2.250000
v -30.038111 18.150429 2.250000
v -28.574447 17.329678 2.250000
v -31.540354 19.404517 2.250000
v -29.077616 17.575396 2.250000
v -28.827776 17.448965 2.250000
v -35.750744 34.955461 2.250000
v -36.189756 34.500747 2.250000
v -31.920988 19.815216 2.250000
v -34.399717 36.285802 2.250000
v -34.855653 35.848060 2.250000
v -35.306020 35.404590 2.250000
v -36.622985 34.040520 2.250000
v -37.050361 33.574853 2.250000
v -37.471817 33.103821 2.250000
v -37.887284 32.627499 2.250000
v -38.296698 32.145963 2.250000
v -38.699991 31.659290 2.250000
v -39.487963 30.670846 2.250000
v -33.443557 22.154077 2.250000
v -33.193208 21.653196 2.250000
v -33.321938 21.901859 2.250000
v -32.765419 20.930519 2.250000
v -31.733586 19.607165 2.250000
v -27.262712 16.843557 2.250000
v -34.250000 36.427153 2.250000
v -39.097101 31.167559 2.250000
v -33.941758 23.461272 2.250000
v -33.665075 22.668359 2.250000
v -33.557966 22.409646 2.250000
v -33.057471 21.408287 2.250000
v -32.914837 21.167330 2.250000
v -27.530369 16.925801 2.250000
v -26.720933 16.702022 2.250000
v -26.171994 16.591463 2.250000
v -26.447248 16.642846 2.250000
v -24.779981 16.452678 2.250000
v -25.059735 16.464600 2.250000
v -34.203902 24.549617 2.250000
v -34.250000 24.825805 2.250000
v -34.018858 23.730457 2.250000
v -33.857048 23.194384 2.250000
v -33.764795 22.930009 2.250000
v -32.446722 20.470097 2.250000
v -32.102408 20.028504 2.250000
v -32.277699 20.246857 2.250000
v -26.992827 16.768943 2.250000
v -25.895393 16.547916 2.250000
v -25.617666 16.512237 2.250000
v -25.339039 16.484458 2.250000
v -34.088285 24.001722 2.250000
v -32.609339 20.698046 2.250000
v -34.149983 24.274849 2.250000
v -28.317834 17.217631 12.750000
v -29.566029 17.849274 12.750000
v -30.712301 18.651162 12.750000
v -31.137025 19.016081 12.750000
v -30.927253 18.830607 12.750000
v -31.341447 19.207436 12.750000
v -27.795585 17.015611 12.750000
v -28.058143 17.112914 12.750000
v -29.323767 17.708868 12.750000
v -30.038111 18.150429 12.750000
v -29.804208 17.996500 12.750000
v -30.492341 18.477892 12.750000
v -28.574447 17.329678 12.750000
v -28.827776 17.448965 12.750000
v -30.267551 18.310937 12.750000
v -29.077616 17.575396 12.750000
v -31.540354 19.404517 12.750000
v -31.733586 19.607165 12.750000
v -31.920988 19.815216 12.750000
v -32.102408 20.028504 12.750000
v -32.914837 21.167330 12.750000
v -32.765419 20.930519 12.750000
v -36.189756 34.500747 12.750000
v -27.530369 16.925801 12.750000
v -27.262712 16.843557 12.750000
v -33.057471 21.408287 12.750000
v -33.557966 22.409646 12.750000
v -33.443557 22.154077 12.750000
v -39.487963 30.670846 12.750000
v -39.097101 31.167559 12.750000
v -38.699991 31.659290 12.750000
v -37.887284 32.627499 12.750000
v -37.050361 33.574853 12.750000
v -35.750744 34.955461 12.750000
v -34.855653 35.848060 12.750000
v -25.059735 16.464600 12.750000
v -26.447248 16.642846 12.750000
v -26.992827 16.768943 12.750000
v -26.720933 16.702022 12.750000
v -33.321938 21.901859 12.750000
v -33.665075 22.668359 12.750000
v -33.764795 22.930009 12.750000
v -34.018858 23.730457 12.750000
v -33.941758 23.461272 12.750000
v -38.296698 32.145963 12.750000
v -37.471817 33.103821 12.750000
v -36.622985 34.040520 12.750000
v -35.306020 35.404590 12.750000
v -34.399717 36.285802 12.750000
v -34.250000 36.427153 12.750000
v -24.779981 16.452678 12.750000
v -25.617666 16.512237 12.750000
v -25.339039 16.484458 12.750000
v -25.895393 16.547916 12.750000
v -26.171994 16.591463 12.750000
v -32.277699 20.246857 12.750000
v -32.609339 20.698046 12.750000
v -32.446722 20.470097 12.750000
v -33.193208 21.653196 12.750000
v -33.857048 23.194384 12.750000
v -34.203902 24.549617 12.750000
v -34.088285 24.001722 12.750000
v -34.149983 24.274849 12.750000
v -34.250000 24.825805 12.750000
v -34.629162 11.436060 7.352389
v -34.637564 11.444462 7.205204
v -34.651540 11.458438 7.058869
v -34.671051 11.477948 6.913806
v -34.696039 11.502936 6.770433
v -34.726432 11.533330 6.629163
v -34.762144 11.569042 6.490404
v -34.803071 11.609968 6.354556
v -34.849095 11.655992 6.222011
v -34.900083 11.706981 6.093151
v -34.955889 11.762787 5.968347
v -35.016351 11.823249 5.847959
v -35.081296 11.888194 5.732334
v -35.150535 11.957433 5.621806
v -35.223870 12.030768 5.516693
v -35.301089 12.107986 5.417299
v -35.381968 12.188866 5.323910
v -35.466276 12.273174 5.236794
v -35.553769 12.360666 5.156205
v -35.644194 12.451092 5.082373
v -35.737291 12.544189 5.015511
v -35.832792 12.639690 4.955813
v -35.930421 12.737319 4.903451
v -36.029897 12.836794 4.858575
v -36.130932 12.937830 4.821315
v -36.233236 13.040134 4.791779
v -36.336514 13.143412 4.770051
v -36.440467 13.247365 4.756194
v -36.544797 13.351694 4.750248
v -36.649202 13.456099 4.752230
v -36.857034 13.663931 4.779934
v -36.753381 13.560278 4.762135
v -36.959861 13.766759 4.805576
v -37.061568 13.868465 4.838986
v -37.161860 13.968757 4.880069
v -37.260447 14.067345 4.928705
v -37.357047 14.163945 4.984756
v -37.451380 14.258278 5.048058
v -37.543175 14.350072 5.118430
v -37.632166 14.439063 5.195669
v -37.718097 14.524994 5.279552
v -37.800720 14.607618 5.369836
v -37.879798 14.686696 5.466263
v -37.955102 14.761999 5.568553
v -38.026415 14.833312 5.676413
v -38.093531 14.900428 5.789530
v -38.156257 14.963154 5.907579
v -38.214412 15.021309 6.030219
v -38.267828 15.074726 6.157097
v -38.316352 15.123249 6.287847
v -38.359843 15.166741 6.422092
v -38.398176 15.205074 6.559445
v -38.431241 15.238138 6.699509
v -38.458942 15.265839 6.841882
v -38.481199 15.288096 6.986152
v -38.497948 15.304845 7.131904
v -38.509141 15.316038 7.278717
v -38.514745 15.321643 7.426168
v -38.514745 15.321643 7.573832
v -38.509141 15.316038 7.721283
v -38.497948 15.304845 7.868096
v -38.481199 15.288096 8.013848
v -38.458942 15.265839 8.158118
v -38.431241 15.238138 8.300491
v -38.398176 15.205074 8.440555
v -38.359843 15.166741 8.577908
v -38.316352 15.123249 8.712153
v -38.267828 15.074726 8.842903
v -38.214412 15.021309 8.969781
v -38.156257 14.963154 9.092421
v -38.093531 14.900428 9.210470
v -38.026415 14.833312 9.323587
v -37.955102 14.761999 9.431447
v -37.879798 14.686696 9.533737
v -37.800720 14.607618 9.630164
v -37.718097 14.524994 9.720448
v -37.632166 14.439063 9.804331
v -37.543175 14.350072 9.881570
v -37.451380 14.258278 9.951942
v -37.357047 14.163945 10.015244
v -37.260447 14.067345 10.071295
v -37.061568 13.868465 10.161014
v -37.161860 13.968757 10.119931
v -36.959861 13.766759 10.194424
v -36.857034 13.663931 10.220066
v -36.753381 13.560278 10.237865
v -36.649202 13.456099 10.247770
v -36.544797 13.351694 10.249752
v -36.440467 13.247365 10.243806
v -36.336514 13.143412 10.229949
v -36.233236 13.040134 10.208221
v -36.130932 12.937830 10.178685
v -36.029897 12.836794 10.141425
v -35.930421 12.737319 10.096549
v -35.832792 12.639690 10.044187
v -35.737291 12.544189 9.984489
v -35.644194 12.451092 9.917627
v -35.553769 12.360666 9.843795
v -35.466276 12.273174 9.763206
v -35.381968 12.188866 9.676090
v -35.301089 12.107986 9.582701
v -35.223870 12.030768 9.483307
v -35.150535 11.957433 9.378194
v -35.081296 11.888194 9.267666
v -35.016351 11.823249 9.152041
v -34.955889 11.762787 9.031653
v -34.900083 11.706981 8.906849
v -34.849095 11.655992 8.777989
v -34.803071 11.609968 8.645444
v -34.762144 11.569042 8.509596
v -34.726432 11.533330 8.370837
v -34.696039 11.502936 8.229567
v -34.671051 11.477948 8.086194
v -34.651540 11.458438 7.941131
v -34.637564 11.444462 7.794796
v -34.629162 11.436060 7.647611
v -34.626359 11.433257 7.500000
v -27.937849 41.466572 15.000000
v -27.937849 41.466572 13.000000
v -28.027484 44.982887 13.000000
v -28.027484 44.982887 15.000000
v 50.623733 -15.691963 13.000000
v 50.427292 -16.312211 13.000000
v 47.570791 -15.395448 13.000000
v 50.223252 -16.930002 13.000000
v 47.372378 -15.995555 13.000000
v -25.862933 -46.261309 13.000000
v -24.494764 -43.589065 13.000000
v -23.941802 -43.895218 13.000000
v -26.428864 -45.940343 13.000000
v -25.043811 -43.275946 13.000000
v -52.281132 -8.699610 13.000000
v -49.350969 -8.030060 13.000000
v -49.245519 -8.653259 13.000000
v -52.383985 -8.057178 13.000000
v -49.448533 -7.405578 13.000000
v -52.565994 -6.768769 13.000000
v -49.619941 -6.153165 13.000000
v -49.538195 -6.779913 13.000000
v -52.645124 -6.122987 13.000000
v -49.693758 -5.525433 13.000000
v 51.332930 -13.188263 13.000000
v 51.167170 -13.817405 13.000000
v 48.288127 -12.971383 13.000000
v 50.993700 -14.444466 13.000000
v 48.120299 -13.580752 13.000000
v 50.812545 -15.069350 13.000000
v 47.761602 -14.792881 13.000000
v 48.841235 -20.579937 13.000000
v 46.024124 -19.539193 13.000000
v 46.267439 -18.955846 13.000000
v 48.584926 -21.177936 13.000000
v 45.773454 -20.119417 13.000000
v 48.321296 -21.772743 13.000000
v 45.515469 -20.696427 13.000000
v 48.050384 -22.364270 13.000000
v 45.250211 -21.270129 13.000000
v 47.772232 -22.952427 13.000000
v 44.977722 -21.840433 13.000000
v 47.486880 -23.537124 13.000000
v 44.698046 -22.407246 13.000000
v -24.142099 -47.182190 13.000000
v -22.824490 -44.486432 13.000000
v -22.260318 -44.771400 13.000000
v -24.719465 -46.882279 13.000000
v -23.385014 -44.194356 13.000000
v -25.293105 -46.575303 13.000000
v -52.051808 -9.980443 13.000000
v -49.132199 -9.275074 13.000000
v -49.011028 -9.895408 13.000000
v -52.170401 -9.340730 13.000000
v -52.478944 -7.413532 13.000000
v -52.716320 -5.476281 13.000000
v -49.759634 -4.896818 13.000000
v 51.328276 13.206364 13.000000
v 51.486523 12.575290 13.000000
v 48.528383 12.041429 13.000000
v 51.637012 11.942320 13.000000
v 48.676720 11.427025 13.000000
v 51.490955 -12.557132 13.000000
v 48.448239 -12.359942 13.000000
v 47.944782 -14.187950 13.000000
v 50.011644 -17.545241 13.000000
v 47.166395 -16.593106 13.000000
v 49.792499 -18.157836 13.000000
v 46.952875 -17.188005 13.000000
v 49.090183 -19.978836 13.000000
v 46.503361 -18.369470 13.000000
v 43.885942 -29.715721 13.000000
v 43.517861 -30.252203 13.000000
v 41.160830 -28.386371 13.000000
v 43.143222 -30.784126 13.000000
v 40.798713 -28.904412 13.000000
v 35.347289 -39.491381 13.000000
v 33.226715 -37.362888 13.000000
v 33.696361 -36.939887 13.000000
v 34.859850 -39.922310 13.000000
v 32.751760 -37.779918 13.000000
v 33.869287 -40.766057 13.000000
v 31.786226 -38.595800 13.000000
v 32.271572 -38.190911 13.000000
v 33.366312 -41.178747 13.000000
v 31.295801 -38.994523 13.000000
v 32.858309 -41.585232 13.000000
v 30.800376 -39.387014 13.000000
v 32.345355 -41.985450 13.000000
v 30.300028 -39.773211 13.000000
v -11.950181 -51.635193 13.000000
v -12.583127 -51.484608 13.000000
v -11.586838 -48.638927 13.000000
v -14.470209 -50.986401 13.000000
v -15.095002 -50.804930 13.000000
v -14.030403 -47.991122 13.000000
v -15.717520 -50.615804 13.000000
v -14.635932 -47.809931 13.000000
v -22.976543 -47.760637 13.000000
v -21.692590 -45.049213 13.000000
v -21.121394 -45.319827 13.000000
v -23.561096 -47.474991 13.000000
v -26.990813 -45.612455 13.000000
v -25.588856 -42.955913 13.000000
v -27.548694 -45.277693 13.000000
v -26.129813 -42.629015 13.000000
v -51.925372 -10.618653 13.000000
v -48.882026 -10.514160 13.000000
v -52.834870 -4.180492 13.000000
v -49.867522 -3.637342 13.000000
v -49.817558 -4.267421 13.000000
v 50.217279 16.947712 13.000000
v 50.421536 16.329993 13.000000
v 47.476428 15.684031 13.000000
v 50.618196 15.709814 13.000000
v 50.807227 15.087268 13.000000
v 47.857743 14.478826 13.000000
v 50.988603 14.462448 13.000000
v 48.036945 13.872705 13.000000
v 51.162294 13.835449 13.000000
v 48.372292 12.653909 13.000000
v 51.779719 11.307551 13.000000
v 48.817279 10.810795 13.000000
v 51.914623 10.671078 13.000000
v 48.950036 10.192838 13.000000
v 49.565852 -18.767695 13.000000
v 46.731852 -17.780158 13.000000
v 42.762081 -31.311411 13.000000
v 40.430075 -29.417835 13.000000
v 42.374496 -31.833977 13.000000
v 40.054977 -29.926557 13.000000
v 41.980526 -32.351745 13.000000
v 39.673479 -30.430496 13.000000
v 34.367158 -40.347223 13.000000
v 30.777558 -43.147907 13.000000
v 30.245578 -43.522466 13.000000
v 28.770257 -40.893426 13.000000
v 9.367069 -52.165679 13.000000
v 8.726004 -52.276733 13.000000
v 8.491469 -49.273674 13.000000
v 8.083624 -52.379910 13.000000
v 7.867928 -49.377077 13.000000
v -8.118041 -52.374587 13.000000
v -7.867928 -49.377077 13.000000
v -7.243129 -49.472589 13.000000
v -8.760353 -52.270988 13.000000
v -8.491469 -49.273674 13.000000
v -9.401344 -52.159512 13.000000
v -9.113654 -49.162397 13.000000
v -10.040919 -52.040176 13.000000
v -9.734382 -49.043265 13.000000
v -10.678981 -51.912998 13.000000
v -10.353555 -48.916295 13.000000
v -11.315433 -51.777997 13.000000
v -10.971073 -48.781508 13.000000
v -13.214178 -51.326265 13.000000
v -12.200751 -48.488573 13.000000
v -16.337669 -50.419050 13.000000
v -15.239123 -47.621100 13.000000
v -16.955356 -50.214698 13.000000
v -15.839878 -47.424659 13.000000
v -17.570488 -50.002779 13.000000
v -16.438103 -47.220639 13.000000
v -20.604593 -48.830838 13.000000
v -21.202462 -48.574228 13.000000
v -19.968970 -45.839287 13.000000
v -21.797137 -48.310297 13.000000
v -20.546824 -45.583199 13.000000
v -28.102424 -44.936108 13.000000
v -26.666594 -42.295305 13.000000
v -32.372936 -41.964187 13.000000
v -32.885627 -41.563632 13.000000
v -30.800376 -39.387014 13.000000
v -33.393363 -41.156813 13.000000
v -31.295801 -38.994523 13.000000
v -52.779572 -4.828750 13.000000
v -52.882207 -3.531603 13.000000
v -52.921574 -2.882182 13.000000
v -49.909517 -3.006681 13.000000
v 37.229757 37.721946 13.000000
v 35.306020 35.404590 13.000000
v 34.855653 35.848060 13.000000
v 37.690007 37.262091 13.000000
v 35.750744 34.955461 13.000000
v 38.593399 36.325604 13.000000
v 36.622985 34.040520 13.000000
v 36.189756 34.500747 13.000000
v 47.764134 22.969272 13.000000
v 45.120217 21.544512 13.000000
v 44.844270 22.113151 13.000000
v 48.042495 22.381214 13.000000
v 45.388954 20.972431 13.000000
v 50.005454 17.562876 13.000000
v 47.274374 16.282922 13.000000
v 47.064766 16.879211 13.000000
v 48.208470 13.264367 13.000000
v 52.378679 -8.091598 13.000000
v 52.275404 -8.733962 13.000000
v 49.350969 -8.030060 13.000000
v 52.164252 -9.375009 13.000000
v 49.245519 -8.653259 13.000000
v 51.783703 -11.289291 13.000000
v 51.641220 -11.924110 13.000000
v 48.745212 -11.131232 13.000000
v 48.600608 -11.746526 13.000000
v 49.331734 -19.374725 13.000000
v 36.306115 -38.611734 13.000000
v 34.160621 -36.510984 13.000000
v 34.619423 -36.076246 13.000000
v 35.829402 -39.054500 13.000000
v 31.827526 -42.379342 13.000000
v 29.794838 -40.153052 13.000000
v 31.304901 -42.766847 13.000000
v 29.284887 -40.526477 13.000000
v 29.709040 -43.890465 13.000000
v 28.251029 -41.253841 13.000000
v 29.168025 -44.251851 13.000000
v 28.622614 -44.606568 13.000000
v 27.199113 -41.954836 13.000000
v 28.072891 -44.954564 13.000000
v 26.666594 -42.295305 13.000000
v 27.518936 -45.295785 13.000000
v 26.129813 -42.629015 13.000000
v 26.960835 -45.630180 13.000000
v 25.588856 -42.955913 13.000000
v 26.398671 -45.957700 13.000000
v 25.043811 -43.275946 13.000000
v 25.832529 -46.278293 13.000000
v 24.494764 -43.589065 13.000000
v 22.356955 -48.053788 13.000000
v 21.765387 -48.324610 13.000000
v 20.546824 -45.583199 13.000000
v 21.170540 -48.588149 13.000000
v 19.968970 -45.839287 13.000000
v 11.916249 -51.643035 13.000000
v 10.971073 -48.781508 13.000000
v 11.586838 -48.638927 13.000000
v 11.281408 -51.785421 13.000000
v 10.353555 -48.916295 13.000000
v 10.644867 -51.920004 13.000000
v 9.734382 -49.043265 13.000000
v 10.006722 -52.046763 13.000000
v 9.113654 -49.162397 13.000000
v 6.795308 -52.562570 13.000000
v 6.149565 -52.642026 13.000000
v 5.990159 -49.639883 13.000000
v 5.502895 -52.713548 13.000000
v 5.362188 -49.711638 13.000000
v 1.608882 -52.975575 13.000000
v 0.958460 -52.991333 13.000000
v 0.948035 -49.991011 13.000000
v 0.307894 -52.999106 13.000000
v 0.316029 -49.999001 13.000000
v -3.593048 -52.878067 13.000000
v -3.473537 -49.879199 13.000000
v -2.842742 -49.919123 13.000000
v -4.241881 -52.829977 13.000000
v -4.103777 -49.831306 13.000000
v -18.182972 -49.783326 13.000000
v -17.033700 -47.009074 13.000000
v -18.792717 -49.556370 13.000000
v -17.626576 -46.789997 13.000000
v -22.388527 -48.039087 13.000000
v -31.855366 -42.358419 13.000000
v -30.300028 -39.773211 13.000000
v -29.794838 -40.153052 13.000000
v -33.896067 -40.743793 13.000000
v -31.786226 -38.595800 13.000000
v -34.393663 -40.324632 13.000000
v -32.271572 -38.190911 13.000000
v -34.886076 -39.899395 13.000000
v -32.751760 -37.779918 13.000000
v -35.373231 -39.468145 13.000000
v -33.226715 -37.362888 13.000000
v -35.855057 -39.030948 13.000000
v -33.696361 -36.939887 13.000000
v -51.791110 -11.255261 13.000000
v -48.745212 -11.131232 13.000000
v -52.952967 -2.232327 13.000000
v -49.943536 -2.375541 13.000000
v -52.976380 -1.582136 13.000000
v -49.969575 -1.744020 13.000000
v -52.916697 2.970390 13.000000
v -52.876247 3.619744 13.000000
v -49.890339 3.309694 13.000000
v -52.827828 4.268553 13.000000
v -49.844515 3.940088 13.000000
v 28.057036 41.386021 13.000000
v 28.606882 44.616659 13.000000
v 29.152418 44.262134 13.000000
v 34.845770 39.934601 13.000000
v 32.999222 37.563963 13.000000
v 32.521744 37.978102 13.000000
v 35.333361 39.503843 13.000000
v 33.471427 37.143823 13.000000
v 38.144577 36.796620 13.000000
v 39.036406 35.849115 13.000000
v 39.473530 35.367223 13.000000
v 37.050361 33.574853 13.000000
v 44.237119 29.190363 13.000000
v 44.592112 28.645131 13.000000
v 42.043943 27.061170 13.000000
v 44.940385 28.095583 13.000000
v 42.382660 26.527535 13.000000
v 45.281886 27.541801 13.000000
v 42.714606 25.989661 13.000000
v 45.616563 26.983869 13.000000
v 43.039725 25.447633 13.000000
v 45.944366 26.421871 13.000000
v 43.357967 24.901540 13.000000
v 46.265245 25.855891 13.000000
v 43.669280 24.351467 13.000000
v 46.886041 24.712328 13.000000
v 44.270924 23.239736 13.000000
v 43.973615 23.797503 13.000000
v 47.185864 24.134917 13.000000
v 44.561157 22.678255 13.000000
v 47.478577 23.553869 13.000000
v 47.670894 15.082634 13.000000
v 52.474061 -7.448014 13.000000
v 49.448533 -7.405578 13.000000
v 52.045239 -10.014644 13.000000
v 49.132199 -9.275074 13.000000
v 51.918383 -10.652770 13.000000
v 49.011028 -9.895408 13.000000
v 48.882026 -10.514160 13.000000
v 41.580230 -32.864639 13.000000
v 39.285640 -30.929573 13.000000
v 41.173668 -33.372580 13.000000
v 38.891524 -31.423707 13.000000
v 40.760901 -33.875492 13.000000
v 38.491193 -31.912819 13.000000
v 36.777357 -38.163150 13.000000
v 35.072693 -35.635743 13.000000
v 27.727286 -41.607663 13.000000
v 25.262495 -46.591913 13.000000
v 23.941802 -43.895218 13.000000
v 24.688653 -46.898512 13.000000
v 23.385014 -44.194356 13.000000
v 24.111091 -47.198043 13.000000
v 22.824490 -44.486432 13.000000
v 23.529896 -47.490462 13.000000
v 22.260318 -44.771400 13.000000
v 22.945154 -47.775725 13.000000
v 21.692590 -45.049213 13.000000
v 21.121394 -45.319827 13.000000
v 20.572502 -48.844367 13.000000
v 19.387925 -46.088050 13.000000
v 19.971363 -49.093224 13.000000
v 18.803782 -46.329448 13.000000
v 19.367216 -49.334683 13.000000
v 18.216634 -46.563443 13.000000
v 18.760149 -49.568708 13.000000
v 17.626576 -46.789997 13.000000
v 18.150256 -49.795263 13.000000
v 17.033700 -47.009074 13.000000
v 17.537628 -50.014314 13.000000
v 16.438103 -47.220639 13.000000
v 16.922356 -50.225829 13.000000
v 15.839878 -47.424659 13.000000
v 16.304535 -50.429774 13.000000
v 15.239123 -47.621100 13.000000
v 7.440027 -52.475194 13.000000
v 7.243129 -49.472589 13.000000
v 6.617173 -49.560196 13.000000
v 4.855396 -52.777127 13.000000
v 4.733361 -49.775449 13.000000
v 4.207166 -52.832753 13.000000
v 4.103777 -49.831306 13.000000
v -0.342719 -52.998892 13.000000
v -0.316029 -49.999001 13.000000
v -0.993280 -52.990692 13.000000
v -0.948035 -49.991011 13.000000
v -1.643692 -52.974506 13.000000
v -1.579890 -49.975033 13.000000
v -2.943674 -52.918190 13.000000
v -2.211493 -49.951069 13.000000
v -6.829845 -52.558094 13.000000
v -6.617173 -49.560196 13.000000
v -5.990159 -49.639883 13.000000
v -7.474506 -52.470294 13.000000
v -13.843237 -51.160188 13.000000
v -12.812715 -48.330470 13.000000
v -13.422632 -48.164644 13.000000
v -19.399629 -49.321946 13.000000
v -20.003618 -49.080090 13.000000
v -18.803782 -46.329448 13.000000
v -19.387925 -46.088050 13.000000
v -28.651919 -44.587751 13.000000
v -27.199113 -41.954836 13.000000
v -29.197096 -44.232675 13.000000
v -27.727286 -41.607663 13.000000
v -31.332996 -42.746267 13.000000
v -50.234366 -16.896997 13.000000
v -50.438000 -16.279072 13.000000
v -47.570791 -15.395448 13.000000
v -50.634033 -15.658695 13.000000
v -47.761602 -14.792881 13.000000
v -51.003180 -14.410955 13.000000
v -48.120299 -13.580752 13.000000
v -47.944782 -14.187950 13.000000
v -51.176239 -13.783781 13.000000
v -48.288127 -12.971383 13.000000
v -52.991810 -0.931706 13.000000
v -49.987628 -1.112221 13.000000
v -52.999254 -0.281136 13.000000
v -52.998712 0.369477 13.000000
v -49.999770 0.151810 13.000000
v -52.990183 1.020034 13.000000
v -49.993856 0.783839 13.000000
v -52.949173 2.320588 13.000000
v -49.928190 2.678772 13.000000
v -51.629153 11.976248 13.000000
v -48.676720 11.427025 13.000000
v -48.817279 10.810795 13.000000
v -51.478249 12.609119 13.000000
v -48.528383 12.041429 13.000000
v 30.230228 43.533129 13.000000
v 28.521407 41.067376 13.000000
v 28.057036 44.964461 13.000000
v 33.351788 41.190511 13.000000
v 31.551273 38.788106 13.000000
v 31.058436 39.183843 13.000000
v 33.854909 40.777998 13.000000
v 32.039068 38.386171 13.000000
v 34.352928 40.359341 13.000000
v 39.904705 34.880002 13.000000
v 37.471817 33.103821 13.000000
v 40.329867 34.387524 13.000000
v 37.887284 32.627499 13.000000
v 40.748952 33.889864 13.000000
v 38.296698 32.145963 13.000000
v 41.161896 33.387098 13.000000
v 38.699991 31.659290 13.000000
v 41.568638 32.879300 13.000000
v 39.097101 31.167559 13.000000
v 41.969115 32.366548 13.000000
v 39.487963 30.670846 13.000000
v 46.579153 25.286014 13.000000
v 48.313615 21.789782 13.000000
v 45.650437 20.396999 13.000000
v 48.577455 21.195068 13.000000
v 45.904626 19.818307 13.000000
v 52.041704 10.032997 13.000000
v 49.074972 9.573251 13.000000
v 52.160943 9.393404 13.000000
v 49.192065 8.952135 13.000000
v 52.272321 8.752396 13.000000
v 49.301298 8.329589 13.000000
v 52.375823 8.110068 13.000000
v 49.402652 7.705711 13.000000
v 52.471431 7.466519 13.000000
v 49.496112 7.080602 13.000000
v 52.559133 6.821844 13.000000
v 49.581662 6.454361 13.000000
v 52.638914 6.176142 13.000000
v 49.659289 5.827089 13.000000
v 52.710763 5.529508 13.000000
v 49.728981 5.198886 13.000000
v 52.830622 4.233839 13.000000
v 49.844515 3.940088 13.000000
v 49.790727 4.569852 13.000000
v 52.878614 3.584999 13.000000
v 49.890339 3.309694 13.000000
v 52.918637 2.935618 13.000000
v 49.928190 2.678772 13.000000
v 52.950686 2.285795 13.000000
v 49.958063 2.047421 13.000000
v 52.776387 -4.863430 13.000000
v 49.759634 -4.896818 13.000000
v 49.817558 -4.267421 13.000000
v 46.894753 -24.695792 13.000000
v 44.117312 -23.530041 13.000000
v 44.411227 -22.970479 13.000000
v 46.588067 -25.269587 13.000000
v 43.816346 -24.085843 13.000000
v 40.341992 -34.373300 13.000000
v 38.084711 -32.396832 13.000000
v 39.917003 -34.865927 13.000000
v 37.672144 -32.875669 13.000000
v 39.049045 -35.835346 13.000000
v 36.829015 -33.817505 13.000000
v 37.253556 -33.349251 13.000000
v 38.606207 -36.311992 13.000000
v 36.398590 -34.280354 13.000000
v 37.703145 -37.248797 13.000000
v 35.520358 -35.189546 13.000000
v 35.962347 -34.737726 13.000000
v 37.243057 -37.708815 13.000000
v 3.558301 -52.880417 13.000000
v 3.473537 -49.879199 13.000000
v 2.908901 -52.920112 13.000000
v 2.842742 -49.919123 13.000000
v 2.259062 -52.951833 13.000000
v 2.211493 -49.951069 13.000000
v 1.579890 -49.975033 13.000000
v -2.293855 -52.950337 13.000000
v -5.537532 -52.709921 13.000000
v -5.362188 -49.711638 13.000000
v -4.733361 -49.775449 13.000000
v -6.184154 -52.637973 13.000000
v -18.216634 -46.563443 13.000000
v -36.331479 -38.587869 13.000000
v -34.160621 -36.510984 13.000000
v -36.802426 -38.138975 13.000000
v -34.619423 -36.076246 13.000000
v -37.267827 -37.684334 13.000000
v -37.727613 -37.224014 13.000000
v -35.520358 -35.189546 13.000000
v -38.181713 -36.758085 13.000000
v -35.962347 -34.737726 13.000000
v -43.905459 -29.686877 13.000000
v -41.516370 -27.863793 13.000000
v -41.160830 -28.386371 13.000000
v -44.266572 -29.145680 13.000000
v -41.865276 -27.336763 13.000000
v -46.604661 -25.238969 13.000000
v -46.910970 -24.664972 13.000000
v -44.117312 -23.530041 13.000000
v -49.578173 -18.735121 13.000000
v -49.804420 -18.125113 13.000000
v -46.952875 -17.188005 13.000000
v -50.023162 -17.512374 13.000000
v -47.166395 -16.593106 13.000000
v -50.822436 -15.035958 13.000000
v -51.341585 -13.154529 13.000000
v -48.448239 -12.359942 13.000000
v -49.997694 -0.480244 13.000000
v -52.973669 1.670437 13.000000
v -49.958063 2.047421 13.000000
v -52.771449 4.916718 13.000000
v -52.707118 5.564143 13.000000
v -49.728981 5.198886 13.000000
v -52.634844 6.210729 13.000000
v -49.659289 5.827089 13.000000
v -52.554639 6.856379 13.000000
v -52.466514 7.500996 13.000000
v -49.496112 7.080602 13.000000
v -52.370482 8.144483 13.000000
v -49.402652 7.705711 13.000000
v -51.319587 13.240089 13.000000
v -48.372292 12.653909 13.000000
v -50.979088 14.495949 13.000000
v -48.036945 13.872705 13.000000
v -48.208470 13.264367 13.000000
v -50.797303 15.120650 13.000000
v -47.857743 14.478826 13.000000
v -43.855915 29.760019 13.000000
v -41.346406 28.115382 13.000000
v -41.698506 27.590480 13.000000
v -43.487292 30.296129 13.000000
v -40.987699 28.635791 13.000000
v -43.112116 30.827674 13.000000
v -40.622443 29.151624 13.000000
v -42.730443 31.354573 13.000000
v -40.250694 29.662798 13.000000
v -42.342331 31.876748 13.000000
v -39.872514 30.169233 13.000000
v -41.947838 32.394118 13.000000
v -39.487963 30.670846 13.000000
v -41.547024 32.906608 13.000000
v -39.097101 31.167559 13.000000
v -41.139949 33.414138 13.000000
v -38.699991 31.659290 13.000000
v -34.326400 40.381905 13.000000
v -33.828106 40.800235 13.000000
v -32.039068 38.386171 13.000000
v -33.324715 41.212418 13.000000
v -31.551273 38.788106 13.000000
v 29.693560 43.900939 13.000000
v 30.762340 43.158758 13.000000
v 29.038256 40.703559 13.000000
v 31.289817 42.777884 13.000000
v 29.550465 40.333237 13.000000
v 31.812579 42.390563 13.000000
v 30.057952 39.956470 13.000000
v 32.330546 41.996854 13.000000
v 30.560636 39.573319 13.000000
v 32.843642 41.596817 13.000000
v 35.815627 39.067133 13.000000
v 33.938284 36.717746 13.000000
v 36.292496 38.624535 13.000000
v 34.399717 36.285802 13.000000
v 43.507190 30.267547 13.000000
v 43.875460 29.731195 13.000000
v 41.346406 28.115382 13.000000
v 41.698506 27.590480 13.000000
v 49.324899 19.392121 13.000000
v 46.623023 18.063603 13.000000
v 46.390958 18.651516 13.000000
v 49.559230 18.785173 13.000000
v 46.847638 17.472803 13.000000
v 52.774669 4.882041 13.000000
v 52.919669 -2.916956 13.000000
v 49.909517 -3.006681 13.000000
v 49.943536 -2.375541 13.000000
v 52.879875 -3.566351 13.000000
v 49.867522 -3.637342 13.000000
v 52.832112 -4.215208 13.000000
v 52.712710 -5.510919 13.000000
v 52.641089 -6.157578 13.000000
v 49.693758 -5.525433 13.000000
v 47.194372 -24.118275 13.000000
v 39.485999 -35.353300 13.000000
v 38.157551 -36.783166 13.000000
v 15.684257 -50.626121 13.000000
v 14.635932 -47.809931 13.000000
v 15.061615 -50.814838 13.000000
v 14.030403 -47.991122 13.000000
v 14.436703 -50.995898 13.000000
v 13.422632 -48.164644 13.000000
v 13.809616 -51.169273 13.000000
v 12.812715 -48.330470 13.000000
v -4.890075 -52.773925 13.000000
v -29.737874 -43.870934 13.000000
v -28.251029 -41.253841 13.000000
v -30.274170 -43.502582 13.000000
v -28.770257 -40.893426 13.000000
v -30.805904 -43.127674 13.000000
v -29.284887 -40.526477 13.000000
v -35.072693 -35.635743 13.000000
v -38.630059 -36.286616 13.000000
v -36.398590 -34.280354 13.000000
v -39.072584 -35.809680 13.000000
v -36.829015 -33.817505 13.000000
v -43.537730 -30.223601 13.000000
v -40.798713 -28.904412 13.000000
v -45.643786 -26.937794 13.000000
v -43.193459 -25.185812 13.000000
v -42.871637 -25.729803 13.000000
v -45.971022 -26.375465 13.000000
v -43.508379 -24.637796 13.000000
v -43.816346 -24.085843 13.000000
v -46.291329 -25.809162 13.000000
v -47.210210 -24.087259 13.000000
v -44.411227 -22.970479 13.000000
v -47.372378 -15.995555 13.000000
v -49.979953 1.415743 13.000000
v -49.790727 4.569852 13.000000
v -49.581662 6.454361 13.000000
v -52.035100 10.067192 13.000000
v -49.074972 9.573251 13.000000
v -49.192065 8.952135 13.000000
v -51.907600 10.705189 13.000000
v -48.950036 10.192838 13.000000
v -51.772277 11.341573 13.000000
v -51.153192 13.869064 13.000000
v -48.820429 20.629243 13.000000
v -48.563517 21.226983 13.000000
v -45.904626 19.818307 13.000000
v -48.299286 21.821524 13.000000
v -45.650437 20.396999 13.000000
v -48.027778 22.412777 13.000000
v -47.749031 23.000653 13.000000
v -45.120217 21.544512 13.000000
v -47.463089 23.585062 13.000000
v -44.844270 22.113151 13.000000
v -44.573280 28.674426 13.000000
v -42.043943 27.061170 13.000000
v -42.382660 26.527535 13.000000
v -44.217929 29.219424 13.000000
v -39.881777 34.906215 13.000000
v -37.471817 33.103821 13.000000
v -37.887284 32.627499 13.000000
v -39.450281 35.393153 13.000000
v -37.050361 33.574853 13.000000
v -39.012841 35.874758 13.000000
v -36.622985 34.040520 13.000000
v -38.569522 36.350956 13.000000
v -36.189756 34.500747 13.000000
v -37.665514 37.286848 13.000000
v -37.204962 37.746401 13.000000
v -35.306020 35.404590 13.000000
v -36.738803 38.200266 13.000000
v -36.267108 38.648374 13.000000
v -34.399717 36.285802 13.000000
v -35.789948 39.090659 13.000000
v -33.938284 36.717746 13.000000
v -34.819521 39.957489 13.000000
v -32.521744 37.978102 13.000000
v 36.763897 38.176117 13.000000
v 43.132363 30.799339 13.000000
v 40.987699 28.635791 13.000000
v 49.786093 18.175394 13.000000
v 52.974756 1.635628 13.000000
v 49.979953 1.415743 13.000000
v 52.990842 0.985214 13.000000
v 49.993856 0.783839 13.000000
v 52.998943 0.334651 13.000000
v 49.999770 0.151810 13.000000
v 52.999058 -0.315961 13.000000
v 49.997694 -0.480244 13.000000
v 52.951489 -2.267122 13.000000
v 49.969575 -1.744020 13.000000
v 52.561535 -6.803309 13.000000
v 49.619941 -6.153165 13.000000
v 49.538195 -6.779913 13.000000
v 45.953681 -26.405667 13.000000
v 45.626076 -26.967781 13.000000
v 43.193459 -25.185812 13.000000
v -39.509221 -35.327347 13.000000
v -37.253556 -33.349251 13.000000
v -42.782646 -31.283305 13.000000
v -40.430075 -29.417835 13.000000
v -40.054977 -29.926557 13.000000
v -43.163440 -30.755770 13.000000
v -44.621014 -28.600090 13.000000
v -42.207492 -26.805365 13.000000
v -47.502336 -23.505916 13.000000
v -44.698046 -22.407246 13.000000
v -47.787303 -22.921031 13.000000
v -44.977722 -21.840433 13.000000
v -48.065069 -22.332692 13.000000
v -45.250211 -21.270129 13.000000
v -48.854747 -20.547839 13.000000
v -49.103301 -19.946575 13.000000
v -46.267439 -18.955846 13.000000
v -49.344455 -19.342305 13.000000
v -46.503361 -18.369470 13.000000
v -51.499195 -12.523295 13.000000
v -48.600608 -11.746526 13.000000
v -51.649044 -11.890174 13.000000
v -52.266559 8.786742 13.000000
v -49.301298 8.329589 13.000000
v -52.154759 9.427677 13.000000
v -50.607862 15.743072 13.000000
v -47.670894 15.082634 13.000000
v -50.410795 16.363122 13.000000
v -47.476428 15.684031 13.000000
v -50.206131 16.980706 13.000000
v -47.274374 16.282922 13.000000
v -45.388954 20.972431 13.000000
v -47.169995 24.165917 13.000000
v -44.561157 22.678255 13.000000
v -46.869793 24.743131 13.000000
v -46.562527 25.316616 13.000000
v -43.973615 23.797503 13.000000
v -46.248245 25.886286 13.000000
v -43.669280 24.351467 13.000000
v -45.263778 27.571550 13.000000
v -44.921914 28.125107 13.000000
v -40.726674 33.916633 13.000000
v -38.296698 32.145963 13.000000
v -40.307263 34.414017 13.000000
v -35.750744 34.955461 13.000000
v -38.120390 36.821677 13.000000
v -34.855653 35.848060 13.000000
v -35.307395 39.527052 13.000000
v -33.471427 37.143823 13.000000
v -32.999222 37.563963 13.000000
v -32.816302 41.618389 13.000000
v -31.058436 39.183843 13.000000
v -32.302943 42.018089 13.000000
v -30.560636 39.573319 13.000000
v 42.363267 31.848918 13.000000
v 39.872514 30.169233 13.000000
v 42.751036 31.326489 13.000000
v 40.250694 29.662798 13.000000
v 48.833974 20.597159 13.000000
v 46.151479 19.236448 13.000000
v 49.083135 19.996147 13.000000
v 52.991186 -0.966527 13.000000
v 49.987628 -1.112221 13.000000
v 46.274360 -25.839574 13.000000
v 43.508379 -24.637796 13.000000
v 45.291595 -27.525831 13.000000
v 42.871637 -25.729803 13.000000
v 44.950290 -28.079733 13.000000
v 42.542964 -26.269683 13.000000
v 44.602211 -28.629404 13.000000
v 44.247411 -29.174761 13.000000
v 41.865276 -27.336763 13.000000
v 41.516370 -27.863793 13.000000
v -39.939905 -34.839690 13.000000
v -37.672144 -32.875669 13.000000
v -40.364569 -34.346784 13.000000
v -38.084711 -32.396832 13.000000
v -41.195588 -33.345518 13.000000
v -38.891524 -31.423707 13.000000
v -38.491193 -31.912819 13.000000
v -41.601816 -32.837310 13.000000
v -39.285640 -30.929573 13.000000
v -42.001775 -32.324153 13.000000
v -39.673479 -30.430496 13.000000
v -42.395405 -31.806126 13.000000
v -48.335592 -21.740987 13.000000
v -45.515469 -20.696427 13.000000
v -48.598832 -21.146006 13.000000
v -45.773454 -20.119417 13.000000
v -46.024124 -19.539193 13.000000
v -46.731852 -17.780158 13.000000
v -49.312146 19.424528 13.000000
v -49.069985 20.028395 13.000000
v -46.390958 18.651516 13.000000
v -46.151479 19.236448 13.000000
v -45.926994 26.452055 13.000000
v -43.357967 24.901540 13.000000
v -45.598822 27.013838 13.000000
v -43.039725 25.447633 13.000000
v -42.714606 25.989661 13.000000
v -31.784717 42.411458 13.000000
v -30.057952 39.956470 13.000000
v -31.261701 42.798435 13.000000
v -29.550465 40.333237 13.000000
v -30.733974 43.178963 13.000000
v -29.038256 40.703559 13.000000
v 40.622443 29.151624 13.000000
v 52.975329 -1.616946 13.000000
v 42.207492 -26.805365 13.000000
v 13.180448 -51.334937 13.000000
v 12.200751 -48.488573 13.000000
v 12.549294 -51.492866 13.000000
v -40.783151 -33.848701 13.000000
v -49.774139 18.208104 13.000000
v -46.847638 17.472803 13.000000
v -47.064766 16.879211 13.000000
v -44.270924 23.239736 13.000000
v -30.201616 43.552984 13.000000
v -28.521407 41.067376 13.000000
v -29.123327 44.281281 13.000000
v -28.577558 44.635447 13.000000
v -29.664707 43.920441 13.000000
v -44.968731 -28.050191 13.000000
v -42.542964 -26.269683 13.000000
v -45.309673 -27.496064 13.000000
v -49.993902 17.595731 13.000000
v -49.546876 18.817734 13.000000
v -46.623023 18.063603 13.000000
v 28.057036 41.386021 15.000000
v 28.057036 44.964461 15.000000
v -28.577558 44.635447 15.000000
v -29.123327 44.281281 15.000000
v -29.664707 43.920441 15.000000
v -30.201616 43.552984 15.000000
v -30.733974 43.178963 15.000000
v -31.261701 42.798435 15.000000
v -31.784717 42.411458 15.000000
v -32.302943 42.018089 15.000000
v -32.816302 41.618389 15.000000
v -33.324715 41.212418 15.000000
v -33.828106 40.800235 15.000000
v -34.326400 40.381905 15.000000
v -34.819521 39.957489 15.000000
v -35.307395 39.527052 15.000000
v -35.789948 39.090659 15.000000
v -36.267108 38.648374 15.000000
v -36.738803 38.200266 15.000000
v -37.204962 37.746401 15.000000
v -37.665514 37.286848 15.000000
v -38.120390 36.821677 15.000000
v -38.569522 36.350956 15.000000
v -39.012841 35.874758 15.000000
v -39.450281 35.393153 15.000000
v -39.881777 34.906215 15.000000
v -40.307263 34.414017 15.000000
v -40.726674 33.916633 15.000000
v -41.139949 33.414138 15.000000
v -41.547024 32.906608 15.000000
v -41.947838 32.394118 15.000000
v -42.342331 31.876748 15.000000
v -42.730443 31.354573 15.000000
v -43.112116 30.827674 15.000000
v -43.487292 30.296129 15.000000
v -43.855915 29.760019 15.000000
v -44.217929 29.219424 15.000000
v -44.573280 28.674426 15.000000
v -44.921914 28.125107 15.000000
v -45.263778 27.571550 15.000000
v -45.598822 27.013838 15.000000
v -45.926994 26.452055 15.000000
v -46.248245 25.886286 15.000000
v -46.562527 25.316616 15.000000
v -46.869793 24.743131 15.000000
v -47.169995 24.165917 15.000000
v -47.463089 23.585062 15.000000
v -47.749031 23.000653 15.000000
v -48.027778 22.412777 15.000000
v -48.299286 21.821524 15.000000
v -48.563517 21.226983 15.000000
v -48.820429 20.629243 15.000000
v -49.069985 20.028395 15.000000
v -49.312146 19.424528 15.000000
v -49.546876 18.817734 15.000000
v -49.774139 18.208104 15.000000
v -49.993902 17.595731 15.000000
v -50.206131 16.980706 15.000000
v -50.410795 16.363122 15.000000
v -50.607862 15.743072 15.000000
v -50.797303 15.120650 15.000000
v -50.979088 14.495949 15.000000
v -51.153192 13.869064 15.000000
v -51.319587 13.240089 15.000000
v -51.478249 12.609119 15.000000
v -51.629153 11.976248 15.000000
v -51.772277 11.341573 15.000000
v -51.907600 10.705189 15.000000
v -52.035100 10.067192 15.000000
v -52.154759 9.427677 15.000000
v -52.266559 8.786742 15.000000
v -52.370482 8.144483 15.000000
v -52.466514 7.500996 15.000000
v -52.554639 6.856379 15.000000
v -52.634844 6.210729 15.000000
v -52.707118 5.564143 15.000000
v -52.771449 4.916718 15.000000
v -52.827828 4.268553 15.000000
v -52.876247 3.619744 15.000000
v -52.916697 2.970390 15.000000
v -52.949173 2.320588 15.000000
v -52.973669 1.670437 15.000000
v -52.990183 1.020034 15.000000
v -52.998712 0.369477 15.000000
v -52.999254 -0.281136 15.000000
v -52.991810 -0.931706 15.000000
v -52.976380 -1.582136 15.000000
v -52.952967 -2.232327 15.000000
v -52.921574 -2.882182 15.000000
v -52.882207 -3.531603 15.000000
v -52.834870 -4.180492 15.000000
v -52.779572 -4.828750 15.000000
v -52.716320 -5.476281 15.000000
v -52.645124 -6.122987 15.000000
v -52.565994 -6.768769 15.000000
v -52.478944 -7.413532 15.000000
v -52.383985 -8.057178 15.000000
v -52.281132 -8.699610 15.000000
v -52.170401 -9.340730 15.000000
v -52.051808 -9.980443 15.000000
v -51.925372 -10.618653 15.000000
v -51.791110 -11.255261 15.000000
v -51.649044 -11.890174 15.000000
v -51.499195 -12.523295 15.000000
v -51.341585 -13.154529 15.000000
v -51.176239 -13.783781 15.000000
v -51.003180 -14.410955 15.000000
v -50.822436 -15.035958 15.000000
v -50.634033 -15.658695 15.000000
v -50.438000 -16.279072 15.000000
v -50.234366 -16.896997 15.000000
v -50.023162 -17.512374 15.000000
v -49.804420 -18.125113 15.000000
v -49.578173 -18.735121 15.000000
v -49.344455 -19.342305 15.000000
v -49.103301 -19.946575 15.000000
v -48.854747 -20.547839 15.000000
v -48.598832 -21.146006 15.000000
v -48.335592 -21.740987 15.000000
v -48.065069 -22.332692 15.000000
v -47.787303 -22.921031 15.000000
v -47.502336 -23.505916 15.000000
v -47.210210 -24.087259 15.000000
v -46.910970 -24.664972 15.000000
v -46.604661 -25.238969 15.000000
v -46.291329 -25.809162 15.000000
v -45.971022 -26.375465 15.000000
v -45.643786 -26.937794 15.000000
v -45.309673 -27.496064 15.000000
v -44.968731 -28.050191 15.000000
v -44.621014 -28.600090 15.000000
v -44.266572 -29.145680 15.000000
v -43.905459 -29.686877 15.000000
v -43.537730 -30.223601 15.000000
v -43.163440 -30.755770 15.000000
v -42.782646 -31.283305 15.000000
v -42.395405 -31.806126 15.000000
v -42.001775 -32.324153 15.000000
v -41.601816 -32.837310 15.000000
v -41.195588 -33.345518 15.000000
v -40.783151 -33.848701 15.000000
v -40.364569 -34.346784 15.000000
v -39.939905 -34.839690 15.000000
v -39.509221 -35.327347 15.000000
v -39.072584 -35.809680 15.000000
v -38.630059 -36.286616 15.000000
v -38.181713 -36.758085 15.000000
v -37.727613 -37.224014 15.000000
v -37.267827 -37.684334 15.000000
v -36.802426 -38.138975 15.000000
v -36.331479 -38.587869 15.000000
v -35.855057 -39.030948 15.000000
v -35.373231 -39.468145 15.000000
v -34.886076 -39.899395 15.000000
v -34.393663 -40.324632 15.000000
v -33.896067 -40.743793 15.000000
v -33.393363 -41.156813 15.000000
v -32.885627 -41.563632 15.000000
v -32.372936 -41.964187 15.000000
v -31.855366 -42.358419 15.000000
v -31.332996 -42.746267 15.000000
v -30.805904 -43.127674 15.000000
v -30.274170 -43.502582 15.000000
v -29.737874 -43.870934 15.000000
v -29.197096 -44.232675 15.000000
v -28.651919 -44.587751 15.000000
v -28.102424 -44.936108 15.000000
v -27.548694 -45.277693 15.000000
v -26.990813 -45.612455 15.000000
v -26.428864 -45.940343 15.000000
v -25.862933 -46.261309 15.000000
v -25.293105 -46.575303 15.000000
v -24.719465 -46.882279 15.000000
v -24.142099 -47.182190 15.000000
v -23.561096 -47.474991 15.000000
v -22.976543 -47.760637 15.000000
v -22.388527 -48.039087 15.000000
v -21.797137 -48.310297 15.000000
v -21.202462 -48.574228 15.000000
v -20.604593 -48.830838 15.000000
v -20.003618 -49.080090 15.000000
v -19.399629 -49.321946 15.000000
v -18.792717 -49.556370 15.000000
v -18.182972 -49.783326 15.000000
v -17.570488 -50.002779 15.000000
v -16.955356 -50.214698 15.000000
v -16.337669 -50.419050 15.000000
v -15.717520 -50.615804 15.000000
v -15.095002 -50.804930 15.000000
v -14.470209 -50.986401 15.000000
v -13.843237 -51.160188 15.000000
v -13.214178 -51.326265 15.000000
v -12.583127 -51.484608 15.000000
v -11.950181 -51.635193 15.000000
v -11.315433 -51.777997 15.000000
v -10.678981 -51.912998 15.000000
v -10.040919 -52.040176 15.000000
v -9.401344 -52.159512 15.000000
v -8.760353 -52.270988 15.000000
v -8.118041 -52.374587 15.000000
v -7.474506 -52.470294 15.000000
v -6.829845 -52.558094 15.000000
v -6.184154 -52.637973 15.000000
v -5.537532 -52.709921 15.000000
v -4.890075 -52.773925 15.000000
v -4.241881 -52.829977 15.000000
v -3.593048 -52.878067 15.000000
v -2.943674 -52.918190 15.000000
v -2.293855 -52.950337 15.000000
v -1.643692 -52.974506 15.000000
v -0.993280 -52.990692 15.000000
v -0.342719 -52.998892 15.000000
v 0.307894 -52.999106 15.000000
v 0.958460 -52.991333 15.000000
v 1.608882 -52.975575 15.000000
v 2.259062 -52.951833 15.000000
v 2.908901 -52.920112 15.000000
v 3.558301 -52.880417 15.000000
v 4.207166 -52.832753 15.000000
v 4.855396 -52.777127 15.000000
v 5.502895 -52.713548 15.000000
v 6.149565 -52.642026 15.000000
v 6.795308 -52.562570 15.000000
v 7.440027 -52.475194 15.000000
v 8.083624 -52.379910 15.000000
v 8.726004 -52.276733 15.000000
v 9.367069 -52.165679 15.000000
v 10.006722 -52.046763 15.000000
v 10.644867 -51.920004 15.000000
v 11.281408 -51.785421 15.000000
v 11.916249 -51.643035 15.000000
v 12.549294 -51.492866 15.000000
v 13.180448 -51.334937 15.000000
v 13.809616 -51.169273 15.000000
v 14.436703 -50.995898 15.000000
v 15.061615 -50.814838 15.000000
v 15.684257 -50.626121 15.000000
v 16.304535 -50.429774 15.000000
v 16.922356 -50.225829 15.000000
v 17.537628 -50.014314 15.000000
v 18.150256 -49.795263 15.000000
v 18.760149 -49.568708 15.000000
v 19.367216 -49.334683 15.000000
v 19.971363 -49.093224 15.000000
v 20.572502 -48.844367 15.000000
v 21.170540 -48.588149 15.000000
v 21.765387 -48.324610 15.000000
v 22.356955 -48.053788 15.000000
v 22.945154 -47.775725 15.000000
v 23.529896 -47.490462 15.000000
v 24.111091 -47.198043 15.000000
v 24.688653 -46.898512 15.000000
v 25.262495 -46.591913 15.000000
v 25.832529 -46.278293 15.000000
v 26.398671 -45.957700 15.000000
v 26.960835 -45.630180 15.000000
v 27.518936 -45.295785 15.000000
v 28.072891 -44.954564 15.000000
v 28.622614 -44.606568 15.000000
v 29.168025 -44.251851 15.000000
v 29.709040 -43.890465 15.000000
v 30.245578 -43.522466 15.000000
v 30.777558 -43.147907 15.000000
v 31.304901 -42.766847 15.000000
v 31.827526 -42.379342 15.000000
v 32.345355 -41.985450 15.000000
v 32.858309 -41.585232 15.000000
v 33.366312 -41.178747 15.000000
v 33.869287 -40.766057 15.000000
v 34.367158 -40.347223 15.000000
v 34.859850 -39.922310 15.000000
v 35.347289 -39.491381 15.000000
v 35.829402 -39.054500 15.000000
v 36.306115 -38.611734 15.000000
v 36.777357 -38.163150 15.000000
v 37.243057 -37.708815 15.000000
v 37.703145 -37.248797 15.000000
v 38.157551 -36.783166 15.000000
v 38.606207 -36.311992 15.000000
v 39.049045 -35.835346 15.000000
v 39.485999 -35.353300 15.000000
v 39.917003 -34.865927 15.000000
v 40.341992 -34.373300 15.000000
v 40.760901 -33.875492 15.000000
v 41.173668 -33.372580 15.000000
v 41.580230 -32.864639 15.000000
v 41.980526 -32.351745 15.000000
v 42.374496 -31.833977 15.000000
v 42.762081 -31.311411 15.000000
v 43.143222 -30.784126 15.000000
v 43.517861 -30.252203 15.000000
v 43.885942 -29.715721 15.000000
v 44.247411 -29.174761 15.000000
v 44.602211 -28.629404 15.000000
v 44.950290 -28.079733 15.000000
v 45.291595 -27.525831 15.000000
v 45.626076 -26.967781 15.000000
v 45.953681 -26.405667 15.000000
v 46.274360 -25.839574 15.000000
v 46.588067 -25.269587 15.000000
v 46.894753 -24.695792 15.000000
v 47.194372 -24.118275 15.000000
v 47.486880 -23.537124 15.000000
v 47.772232 -22.952427 15.000000
v 48.050384 -22.364270 15.000000
v 48.321296 -21.772743 15.000000
v 48.584926 -21.177936 15.000000
v 48.841235 -20.579937 15.000000
v 49.090183 -19.978836 15.000000
v 49.331734 -19.374725 15.000000
v 49.565852 -18.767695 15.000000
v 49.792499 -18.157836 15.000000
v 50.011644 -17.545241 15.000000
v 50.223252 -16.930002 15.000000
v 50.427292 -16.312211 15.000000
v 50.623733 -15.691963 15.000000
v 50.812545 -15.069350 15.000000
v 50.993700 -14.444466 15.000000
v 51.167170 -13.817405 15.000000
v 51.332930 -13.188263 15.000000
v 51.490955 -12.557132 15.000000
v 51.641220 -11.924110 15.000000
v 51.783703 -11.289291 15.000000
v 51.918383 -10.652770 15.000000
v 52.045239 -10.014644 15.000000
v 52.164252 -9.375009 15.000000
v 52.275404 -8.733962 15.000000
v 52.378679 -8.091598 15.000000
v 52.474061 -7.448014 15.000000
v 52.561535 -6.803309 15.000000
v 52.641089 -6.157578 15.000000
v 52.712710 -5.510919 15.000000
v 52.776387 -4.863430 15.000000
v 52.832112 -4.215208 15.000000
v 52.879875 -3.566351 15.000000
v 52.919669 -2.916956 15.000000
v 52.951489 -2.267122 15.000000
v 52.975329 -1.616946 15.000000
v 52.991186 -0.966527 15.000000
v 52.999058 -0.315961 15.000000
v 52.998943 0.334651 15.000000
v 52.990842 0.985214 15.000000
v 52.974756 1.635628 15.000000
v 52.950686 2.285795 15.000000
v 52.918637 2.935618 15.000000
v 52.878614 3.584999 15.000000
v 52.830622 4.233839 15.000000
v 52.774669 4.882041 15.000000
v 52.710763 5.529508 15.000000
v 52.638914 6.176142 15.000000
v 52.559133 6.821844 15.000000
v 52.471431 7.466519 15.000000
v 52.375823 8.110068 15.000000
v 52.272321 8.752396 15.000000
v 52.160943 9.393404 15.000000
v 52.041704 10.032997 15.000000
v 51.914623 10.671078 15.000000
v 51.779719 11.307551 15.000000
v 51.637012 11.942320 15.000000
v 51.486523 12.575290 15.000000
v 51.328276 13.206364 15.000000
v 51.162294 13.835449 15.000000
v 50.988603 14.462448 15.000000
v 50.807227 15.087268 15.000000
v 50.618196 15.709814 15.000000
v 50.421536 16.329993 15.000000
v 50.217279 16.947712 15.000000
v 50.005454 17.562876 15.000000
v 49.786093 18.175394 15.000000
v 49.559230 18.785173 15.000000
v 49.324899 19.392121 15.000000
v 49.083135 19.996147 15.000000
v 48.833974 20.597159 15.000000
v 48.577455 21.195068 15.000000
v 48.313615 21.789782 15.000000
v 48.042495 22.381214 15.000000
v 47.764134 22.969272 15.000000
v 47.478577 23.553869 15.000000
v 47.185864 24.134917 15.000000
v 46.886041 24.712328 15.000000
v 46.579153 25.286014 15.000000
v 46.265245 25.855891 15.000000
v 45.944366 26.421871 15.000000
v 45.616563 26.983869 15.000000
v 45.281886 27.541801 15.000000
v 44.940385 28.095583 15.000000
v 44.592112 28.645131 15.000000
v 44.237119 29.190363 15.000000
v 43.875460 29.731195 15.000000
v 43.507190 30.267547 15.000000
v 43.132363 30.799339 15.000000
v 42.751036 31.326489 15.000000
v 42.363267 31.848918 15.000000
v 41.969115 32.366548 15.000000
v 41.568638 32.879300 15.000000
v 41.161896 33.387098 15.000000
v 40.748952 33.889864 15.000000
v 40.329867 34.387524 15.000000
v 39.904705 34.880002 15.000000
v 39.473530 35.367223 15.000000
v 39.036406 35.849115 15.000000
v 38.593399 36.325604 15.000000
v 38.144577 36.796620 15.000000
v 37.690007 37.262091 15.000000
v 37.229757 37.721946 15.000000
v 36.763897 38.176117 15.000000
v 36.292496 38.624535 15.000000
v 35.815627 39.067133 15.000000
v 35.333361 39.503843 15.000000
v 34.845770 39.934601 15.000000
v 34.352928 40.359341 15.000000
v 33.854909 40.777998 15.000000
v 33.351788 41.190511 15.000000
v 32.843642 41.596817 15.000000
v 32.330546 41.996854 15.000000
v 31.812579 42.390563 15.000000
v 31.289817 42.777884 15.000000
v 30.762340 43.158758 15.000000
v 30.230228 43.533129 15.000000
v 29.693560 43.900939 15.000000
v 29.152418 44.262134 15.000000
v 28.606882 44.616659 15.000000
v -27.937849 41.466572 0.000000
v -27.937849 41.466572 2.000000
v -28.027484 44.982887 0.000000
v -28.027484 44.982887 2.000000
v -26.428864 -45.940343 2.000000
v -25.862933 -46.261309 2.000000
v -24.494764 -43.589065 2.000000
v -25.293105 -46.575303 2.000000
v -23.941802 -43.895218 2.000000
v 50.223252 -16.930002 2.000000
v 50.427292 -16.312211 2.000000
v 47.570791 -15.395448 2.000000
v 50.623733 -15.691963 2.000000
v 47.761602 -14.792881 2.000000
v -52.645124 -6.122987 2.000000
v -52.565994 -6.768769 2.000000
v -49.619941 -6.153165 2.000000
v -52.478944 -7.413532 2.000000
v -49.538195 -6.779913 2.000000
v -52.383985 -8.057178 2.000000
v -52.281132 -8.699610 2.000000
v -49.350969 -8.030060 2.000000
v -52.170401 -9.340730 2.000000
v -49.245519 -8.653259 2.000000
v -27.548694 -45.277693 2.000000
v -26.990813 -45.612455 2.000000
v -25.588856 -42.955913 2.000000
v -25.043811 -43.275946 2.000000
v -24.719465 -46.882279 2.000000
v -23.385014 -44.194356 2.000000
v -24.142099 -47.182190 2.000000
v -22.824490 -44.486432 2.000000
v -23.561096 -47.474991 2.000000
v -22.260318 -44.771400 2.000000
v 47.486880 -23.537124 2.000000
v 47.772232 -22.952427 2.000000
v 44.977722 -21.840433 2.000000
v 48.050384 -22.364270 2.000000
v 45.250211 -21.270129 2.000000
v 48.321296 -21.772743 2.000000
v 45.515469 -20.696427 2.000000
v 48.584926 -21.177936 2.000000
v 45.773454 -20.119417 2.000000
v 48.841235 -20.579937 2.000000
v 46.024124 -19.539193 2.000000
v 49.090183 -19.978836 2.000000
v 46.267439 -18.955846 2.000000
v 50.812545 -15.069350 2.000000
v 47.944782 -14.187950 2.000000
v 51.167170 -13.817405 2.000000
v 48.288127 -12.971383 2.000000
v 48.120299 -13.580752 2.000000
v 51.332930 -13.188263 2.000000
v 48.448239 -12.359942 2.000000
v -52.834870 -4.180492 2.000000
v -52.779572 -4.828750 2.000000
v -49.817558 -4.267421 2.000000
v -52.716320 -5.476281 2.000000
v -49.693758 -5.525433 2.000000
v -49.448533 -7.405578 2.000000
v -52.051808 -9.980443 2.000000
v -49.132199 -9.275074 2.000000
v -51.925372 -10.618653 2.000000
v -49.011028 -9.895408 2.000000
v -28.102424 -44.936108 2.000000
v -26.129813 -42.629015 2.000000
v -15.095002 -50.804930 2.000000
v -14.030403 -47.991122 2.000000
v -14.635932 -47.809931 2.000000
v -14.470209 -50.986401 2.000000
v -13.422632 -48.164644 2.000000
v -11.950181 -51.635193 2.000000
v -10.971073 -48.781508 2.000000
v -11.586838 -48.638927 2.000000
v 49.331734 -19.374725 2.000000
v 46.503361 -18.369470 2.000000
v 49.792499 -18.157836 2.000000
v 50.011644 -17.545241 2.000000
v 47.166395 -16.593106 2.000000
v 47.372378 -15.995555 2.000000
v 50.993700 -14.444466 2.000000
v 51.490955 -12.557132 2.000000
v 48.600608 -11.746526 2.000000
v -52.882207 -3.531603 2.000000
v -49.867522 -3.637342 2.000000
v -49.909517 -3.006681 2.000000
v -51.791110 -11.255261 2.000000
v -48.882026 -10.514160 2.000000
v -22.976543 -47.760637 2.000000
v -21.692590 -45.049213 2.000000
v -22.388527 -48.039087 2.000000
v -21.121394 -45.319827 2.000000
v -21.202462 -48.574228 2.000000
v -19.968970 -45.839287 2.000000
v -20.546824 -45.583199 2.000000
v -20.604593 -48.830838 2.000000
v -19.387925 -46.088050 2.000000
v -16.955356 -50.214698 2.000000
v -15.839878 -47.424659 2.000000
v -16.438103 -47.220639 2.000000
v -16.337669 -50.419050 2.000000
v -15.239123 -47.621100 2.000000
v -15.717520 -50.615804 2.000000
v -12.583127 -51.484608 2.000000
v -12.200751 -48.488573 2.000000
v -11.315433 -51.777997 2.000000
v -10.678981 -51.912998 2.000000
v -10.353555 -48.916295 2.000000
v -10.040919 -52.040176 2.000000
v -9.734382 -49.043265 2.000000
v -9.401344 -52.159512 2.000000
v -9.113654 -49.162397 2.000000
v -8.760353 -52.270988 2.000000
v -8.491469 -49.273674 2.000000
v -8.118041 -52.374587 2.000000
v -7.867928 -49.377077 2.000000
v -7.474506 -52.470294 2.000000
v -7.243129 -49.472589 2.000000
v 8.726004 -52.276733 2.000000
v 8.491469 -49.273674 2.000000
v 7.867928 -49.377077 2.000000
v 9.367069 -52.165679 2.000000
v 9.113654 -49.162397 2.000000
v 32.345355 -41.985450 2.000000
v 32.858309 -41.585232 2.000000
v 30.800376 -39.387014 2.000000
v 33.366312 -41.178747 2.000000
v 31.295801 -38.994523 2.000000
v 49.565852 -18.767695 2.000000
v 46.952875 -17.188005 2.000000
v 51.486523 12.575290 2.000000
v 48.528383 12.041429 2.000000
v 48.676720 11.427025 2.000000
v 51.328276 13.206364 2.000000
v 48.372292 12.653909 2.000000
v -49.759634 -4.896818 2.000000
v -35.373231 -39.468145 2.000000
v -33.226715 -37.362888 2.000000
v -33.696361 -36.939887 2.000000
v -34.886076 -39.899395 2.000000
v -32.751760 -37.779918 2.000000
v -34.393663 -40.324632 2.000000
v -32.271572 -38.190911 2.000000
v -33.896067 -40.743793 2.000000
v -31.786226 -38.595800 2.000000
v -32.885627 -41.563632 2.000000
v -30.800376 -39.387014 2.000000
v -31.295801 -38.994523 2.000000
v -32.372936 -41.964187 2.000000
v -30.300028 -39.773211 2.000000
v -21.797137 -48.310297 2.000000
v -18.182972 -49.783326 2.000000
v -17.033700 -47.009074 2.000000
v -17.626576 -46.789997 2.000000
v -17.570488 -50.002779 2.000000
v -4.241881 -52.829977 2.000000
v -3.593048 -52.878067 2.000000
v -3.473537 -49.879199 2.000000
v -2.943674 -52.918190 2.000000
v -2.842742 -49.919123 2.000000
v -1.643692 -52.974506 2.000000
v -0.993280 -52.990692 2.000000
v -0.948035 -49.991011 2.000000
v -0.342719 -52.998892 2.000000
v -0.316029 -49.999001 2.000000
v 6.149565 -52.642026 2.000000
v 5.990159 -49.639883 2.000000
v 5.362188 -49.711638 2.000000
v 6.795308 -52.562570 2.000000
v 6.617173 -49.560196 2.000000
v 10.006722 -52.046763 2.000000
v 9.734382 -49.043265 2.000000
v 10.644867 -51.920004 2.000000
v 11.281408 -51.785421 2.000000
v 10.353555 -48.916295 2.000000
v 11.916249 -51.643035 2.000000
v 10.971073 -48.781508 2.000000
v 12.549294 -51.492866 2.000000
v 11.586838 -48.638927 2.000000
v 33.869287 -40.766057 2.000000
v 31.786226 -38.595800 2.000000
v 34.859850 -39.922310 2.000000
v 35.347289 -39.491381 2.000000
v 33.226715 -37.362888 2.000000
v 35.829402 -39.054500 2.000000
v 33.696361 -36.939887 2.000000
v 43.517861 -30.252203 2.000000
v 41.160830 -28.386371 2.000000
v 40.798713 -28.904412 2.000000
v 43.885942 -29.715721 2.000000
v 41.516370 -27.863793 2.000000
v 46.731852 -17.780158 2.000000
v 51.641220 -11.924110 2.000000
v 48.745212 -11.131232 2.000000
v 51.783703 -11.289291 2.000000
v 48.882026 -10.514160 2.000000
v 52.275404 -8.733962 2.000000
v 49.350969 -8.030060 2.000000
v 49.245519 -8.653259 2.000000
v 52.378679 -8.091598 2.000000
v 49.448533 -7.405578 2.000000
v 51.779719 11.307551 2.000000
v 48.817279 10.810795 2.000000
v 48.950036 10.192838 2.000000
v 51.637012 11.942320 2.000000
v 51.162294 13.835449 2.000000
v 48.208470 13.264367 2.000000
v 50.807227 15.087268 2.000000
v 47.857743 14.478826 2.000000
v 48.036945 13.872705 2.000000
v 50.618196 15.709814 2.000000
v 47.670894 15.082634 2.000000
v 50.217279 16.947712 2.000000
v 47.274374 16.282922 2.000000
v 47.476428 15.684031 2.000000
v -52.876247 3.619744 2.000000
v -49.890339 3.309694 2.000000
v -49.844515 3.940088 2.000000
v -52.916697 2.970390 2.000000
v -49.928190 2.678772 2.000000
v -52.952967 -2.232327 2.000000
v -49.943536 -2.375541 2.000000
v -49.969575 -1.744020 2.000000
v -52.921574 -2.882182 2.000000
v -36.331479 -38.587869 2.000000
v -34.160621 -36.510984 2.000000
v -34.619423 -36.076246 2.000000
v -35.855057 -39.030948 2.000000
v -33.393363 -41.156813 2.000000
v -31.855366 -42.358419 2.000000
v -31.332996 -42.746267 2.000000
v -29.794838 -40.153052 2.000000
v -29.197096 -44.232675 2.000000
v -28.651919 -44.587751 2.000000
v -27.199113 -41.954836 2.000000
v -26.666594 -42.295305 2.000000
v -20.003618 -49.080090 2.000000
v -18.803782 -46.329448 2.000000
v -19.399629 -49.321946 2.000000
v -18.216634 -46.563443 2.000000
v -13.843237 -51.160188 2.000000
v -12.812715 -48.330470 2.000000
v -13.214178 -51.326265 2.000000
v -6.829845 -52.558094 2.000000
v -6.617173 -49.560196 2.000000
v -6.184154 -52.637973 2.000000
v -5.990159 -49.639883 2.000000
v -2.293855 -52.950337 2.000000
v -2.211493 -49.951069 2.000000
v 0.307894 -52.999106 2.000000
v 0.316029 -49.999001 2.000000
v 0.958460 -52.991333 2.000000
v 0.948035 -49.991011 2.000000
v 1.608882 -52.975575 2.000000
v 1.579890 -49.975033 2.000000
v 4.855396 -52.777127 2.000000
v 4.733361 -49.775449 2.000000
v 4.103777 -49.831306 2.000000
v 5.502895 -52.713548 2.000000
v 7.440027 -52.475194 2.000000
v 7.243129 -49.472589 2.000000
v 8.083624 -52.379910 2.000000
v 30.777558 -43.147907 2.000000
v 29.284887 -40.526477 2.000000
v 28.770257 -40.893426 2.000000
v 34.367158 -40.347223 2.000000
v 32.271572 -38.190911 2.000000
v 32.751760 -37.779918 2.000000
v 42.374496 -31.833977 2.000000
v 40.054977 -29.926557 2.000000
v 39.673479 -30.430496 2.000000
v 42.762081 -31.311411 2.000000
v 40.430075 -29.417835 2.000000
v 43.143222 -30.784126 2.000000
v 51.918383 -10.652770 2.000000
v 49.011028 -9.895408 2.000000
v 52.045239 -10.014644 2.000000
v 49.132199 -9.275074 2.000000
v 52.164252 -9.375009 2.000000
v 52.474061 -7.448014 2.000000
v 49.538195 -6.779913 2.000000
v 50.988603 14.462448 2.000000
v 50.421536 16.329993 2.000000
v 50.005454 17.562876 2.000000
v 49.786093 18.175394 2.000000
v 47.064766 16.879211 2.000000
v 48.042495 22.381214 2.000000
v 47.764134 22.969272 2.000000
v 45.120217 21.544512 2.000000
v 47.478577 23.553869 2.000000
v 44.844270 22.113151 2.000000
v -41.139949 33.414138 2.000000
v -41.547024 32.906608 2.000000
v -39.097101 31.167559 2.000000
v -41.947838 32.394118 2.000000
v -39.487963 30.670846 2.000000
v -42.342331 31.876748 2.000000
v -39.872514 30.169233 2.000000
v -42.730443 31.354573 2.000000
v -40.250694 29.662798 2.000000
v -51.478249 12.609119 2.000000
v -51.629153 11.976248 2.000000
v -48.676720 11.427025 2.000000
v -51.772277 11.341573 2.000000
v -48.817279 10.810795 2.000000
v -52.949173 2.320588 2.000000
v -49.958063 2.047421 2.000000
v -52.998712 0.369477 2.000000
v -49.999770 0.151810 2.000000
v -49.993856 0.783839 2.000000
v -52.999254 -0.281136 2.000000
v -49.997694 -0.480244 2.000000
v -52.976380 -1.582136 2.000000
v -49.987628 -1.112221 2.000000
v -51.649044 -11.890174 2.000000
v -48.745212 -11.131232 2.000000
v -51.176239 -13.783781 2.000000
v -51.003180 -14.410955 2.000000
v -48.120299 -13.580752 2.000000
v -50.822436 -15.035958 2.000000
v -47.944782 -14.187950 2.000000
v -50.634033 -15.658695 2.000000
v -47.761602 -14.792881 2.000000
v -50.438000 -16.279072 2.000000
v -47.570791 -15.395448 2.000000
v -37.727613 -37.224014 2.000000
v -35.520358 -35.189546 2.000000
v -35.962347 -34.737726 2.000000
v -37.267827 -37.684334 2.000000
v -35.072693 -35.635743 2.000000
v -18.792717 -49.556370 2.000000
v -5.537532 -52.709921 2.000000
v -5.362188 -49.711638 2.000000
v -4.890075 -52.773925 2.000000
v -4.733361 -49.775449 2.000000
v -1.579890 -49.975033 2.000000
v 2.259062 -52.951833 2.000000
v 2.211493 -49.951069 2.000000
v 2.908901 -52.920112 2.000000
v 2.842742 -49.919123 2.000000
v 3.558301 -52.880417 2.000000
v 3.473537 -49.879199 2.000000
v 4.207166 -52.832753 2.000000
v 16.304535 -50.429774 2.000000
v 16.922356 -50.225829 2.000000
v 15.839878 -47.424659 2.000000
v 17.537628 -50.014314 2.000000
v 16.438103 -47.220639 2.000000
v 18.150256 -49.795263 2.000000
v 17.033700 -47.009074 2.000000
v 18.760149 -49.568708 2.000000
v 17.626576 -46.789997 2.000000
v 19.367216 -49.334683 2.000000
v 18.216634 -46.563443 2.000000
v 19.971363 -49.093224 2.000000
v 18.803782 -46.329448 2.000000
v 20.572502 -48.844367 2.000000
v 19.387925 -46.088050 2.000000
v 21.170540 -48.588149 2.000000
v 19.968970 -45.839287 2.000000
v 27.518936 -45.295785 2.000000
v 26.129813 -42.629015 2.000000
v 25.588856 -42.955913 2.000000
v 28.072891 -44.954564 2.000000
v 26.666594 -42.295305 2.000000
v 28.622614 -44.606568 2.000000
v 27.199113 -41.954836 2.000000
v 29.168025 -44.251851 2.000000
v 27.727286 -41.607663 2.000000
v 30.245578 -43.522466 2.000000
v 28.251029 -41.253841 2.000000
v 31.304901 -42.766847 2.000000
v 31.827526 -42.379342 2.000000
v 29.794838 -40.153052 2.000000
v 30.300028 -39.773211 2.000000
v 36.306115 -38.611734 2.000000
v 34.160621 -36.510984 2.000000
v 36.777357 -38.163150 2.000000
v 34.619423 -36.076246 2.000000
v 46.588067 -25.269587 2.000000
v 46.894753 -24.695792 2.000000
v 44.117312 -23.530041 2.000000
v 47.194372 -24.118275 2.000000
v 44.411227 -22.970479 2.000000
v 52.776387 -4.863430 2.000000
v 52.832112 -4.215208 2.000000
v 49.817558 -4.267421 2.000000
v 47.185864 24.134917 2.000000
v 44.561157 22.678255 2.000000
v 46.886041 24.712328 2.000000
v 44.270924 23.239736 2.000000
v 46.579153 25.286014 2.000000
v 43.973615 23.797503 2.000000
v 46.265245 25.855891 2.000000
v 45.944366 26.421871 2.000000
v 43.357967 24.901540 2.000000
v 45.616563 26.983869 2.000000
v 43.039725 25.447633 2.000000
v 45.281886 27.541801 2.000000
v 42.714606 25.989661 2.000000
v 44.940385 28.095583 2.000000
v 42.382660 26.527535 2.000000
v 44.592112 28.645131 2.000000
v 42.043943 27.061170 2.000000
v 44.237119 29.190363 2.000000
v 41.698506 27.590480 2.000000
v 38.593399 36.325604 2.000000
v 38.144577 36.796620 2.000000
v 36.189756 34.500747 2.000000
v 37.690007 37.262091 2.000000
v 37.229757 37.721946 2.000000
v 35.306020 35.404590 2.000000
v 36.763897 38.176117 2.000000
v 34.855653 35.848060 2.000000
v -33.828106 40.800235 2.000000
v -32.039068 38.386171 2.000000
v -31.551273 38.788106 2.000000
v -34.326400 40.381905 2.000000
v -32.521744 37.978102 2.000000
v -43.112116 30.827674 2.000000
v -40.622443 29.151624 2.000000
v -43.487292 30.296129 2.000000
v -40.987699 28.635791 2.000000
v -47.749031 23.000653 2.000000
v -45.120217 21.544512 2.000000
v -44.844270 22.113151 2.000000
v -48.027778 22.412777 2.000000
v -45.388954 20.972431 2.000000
v -50.797303 15.120650 2.000000
v -50.979088 14.495949 2.000000
v -48.036945 13.872705 2.000000
v -51.153192 13.869064 2.000000
v -48.208470 13.264367 2.000000
v -51.319587 13.240089 2.000000
v -48.528383 12.041429 2.000000
v -52.370482 8.144483 2.000000
v -52.466514 7.500996 2.000000
v -49.496112 7.080602 2.000000
v -52.554639 6.856379 2.000000
v -49.581662 6.454361 2.000000
v -52.707118 5.564143 2.000000
v -49.728981 5.198886 2.000000
v -49.659289 5.827089 2.000000
v -52.771449 4.916718 2.000000
v -49.790727 4.569852 2.000000
v -52.973669 1.670437 2.000000
v -49.979953 1.415743 2.000000
v -52.991810 -0.931706 2.000000
v -51.341585 -13.154529 2.000000
v -48.288127 -12.971383 2.000000
v -50.234366 -16.896997 2.000000
v -47.372378 -15.995555 2.000000
v -49.804420 -18.125113 2.000000
v -46.952875 -17.188005 2.000000
v -47.166395 -16.593106 2.000000
v -49.578173 -18.735121 2.000000
v -46.731852 -17.780158 2.000000
v -46.604661 -25.238969 2.000000
v -43.816346 -24.085843 2.000000
v -44.117312 -23.530041 2.000000
v -44.266572 -29.145680 2.000000
v -43.905459 -29.686877 2.000000
v -41.516370 -27.863793 2.000000
v -43.537730 -30.223601 2.000000
v -41.160830 -28.386371 2.000000
v -38.630059 -36.286616 2.000000
v -36.398590 -34.280354 2.000000
v -36.829015 -33.817505 2.000000
v -38.181713 -36.758085 2.000000
v -36.802426 -38.138975 2.000000
v -30.805904 -43.127674 2.000000
v -29.284887 -40.526477 2.000000
v -30.274170 -43.502582 2.000000
v -28.770257 -40.893426 2.000000
v -29.737874 -43.870934 2.000000
v -28.251029 -41.253841 2.000000
v -27.727286 -41.607663 2.000000
v -4.103777 -49.831306 2.000000
v 13.809616 -51.169273 2.000000
v 14.436703 -50.995898 2.000000
v 13.422632 -48.164644 2.000000
v 15.061615 -50.814838 2.000000
v 14.030403 -47.991122 2.000000
v 15.684257 -50.626121 2.000000
v 14.635932 -47.809931 2.000000
v 15.239123 -47.621100 2.000000
v 21.765387 -48.324610 2.000000
v 20.546824 -45.583199 2.000000
v 22.356955 -48.053788 2.000000
v 21.121394 -45.319827 2.000000
v 29.709040 -43.890465 2.000000
v 37.243057 -37.708815 2.000000
v 35.072693 -35.635743 2.000000
v 41.173668 -33.372580 2.000000
v 38.891524 -31.423707 2.000000
v 38.491193 -31.912819 2.000000
v 41.580230 -32.864639 2.000000
v 39.285640 -30.929573 2.000000
v 41.980526 -32.351745 2.000000
v 44.698046 -22.407246 2.000000
v 52.712710 -5.510919 2.000000
v 49.759634 -4.896818 2.000000
v 49.693758 -5.525433 2.000000
v 52.879875 -3.566351 2.000000
v 52.919669 -2.916956 2.000000
v 49.909517 -3.006681 2.000000
v 52.951489 -2.267122 2.000000
v 49.943536 -2.375541 2.000000
v 52.950686 2.285795 2.000000
v 52.918637 2.935618 2.000000
v 49.928190 2.678772 2.000000
v 52.878614 3.584999 2.000000
v 49.890339 3.309694 2.000000
v 52.830622 4.233839 2.000000
v 49.844515 3.940088 2.000000
v 52.774669 4.882041 2.000000
v 49.790727 4.569852 2.000000
v 52.710763 5.529508 2.000000
v 52.638914 6.176142 2.000000
v 49.659289 5.827089 2.000000
v 52.559133 6.821844 2.000000
v 49.581662 6.454361 2.000000
v 52.471431 7.466519 2.000000
v 49.496112 7.080602 2.000000
v 52.375823 8.110068 2.000000
v 49.402652 7.705711 2.000000
v 52.272321 8.752396 2.000000
v 49.301298 8.329589 2.000000
v 52.160943 9.393404 2.000000
v 49.192065 8.952135 2.000000
v 52.041704 10.032997 2.000000
v 49.074972 9.573251 2.000000
v 51.914623 10.671078 2.000000
v 48.577455 21.195068 2.000000
v 48.313615 21.789782 2.000000
v 45.650437 20.396999 2.000000
v 45.388954 20.972431 2.000000
v 43.669280 24.351467 2.000000
v 39.036406 35.849115 2.000000
v 36.622985 34.040520 2.000000
v 37.050361 33.574853 2.000000
v 35.750744 34.955461 2.000000
v 35.333361 39.503843 2.000000
v 34.845770 39.934601 2.000000
v 32.999222 37.563963 2.000000
v 34.352928 40.359341 2.000000
v 32.521744 37.978102 2.000000
v 30.230228 43.533129 2.000000
v 29.693560 43.900939 2.000000
v 28.057036 41.386021 2.000000
v -34.819521 39.957489 2.000000
v -32.999222 37.563963 2.000000
v -36.267108 38.648374 2.000000
v -34.399717 36.285802 2.000000
v -33.938284 36.717746 2.000000
v -36.738803 38.200266 2.000000
v -34.855653 35.848060 2.000000
v -37.665514 37.286848 2.000000
v -35.750744 34.955461 2.000000
v -35.306020 35.404590 2.000000
v -38.569522 36.350956 2.000000
v -39.012841 35.874758 2.000000
v -36.622985 34.040520 2.000000
v -39.450281 35.393153 2.000000
v -37.050361 33.574853 2.000000
v -39.881777 34.906215 2.000000
v -37.471817 33.103821 2.000000
v -40.307263 34.414017 2.000000
v -37.887284 32.627499 2.000000
v -43.855915 29.760019 2.000000
v -41.346406 28.115382 2.000000
v -44.217929 29.219424 2.000000
v -41.698506 27.590480 2.000000
v -44.573280 28.674426 2.000000
v -42.043943 27.061170 2.000000
v -44.921914 28.125107 2.000000
v -42.382660 26.527535 2.000000
v -47.463089 23.585062 2.000000
v -44.561157 22.678255 2.000000
v -48.372292 12.653909 2.000000
v -51.907600 10.705189 2.000000
v -48.950036 10.192838 2.000000
v -52.035100 10.067192 2.000000
v -49.074972 9.573251 2.000000
v -52.154759 9.427677 2.000000
v -49.192065 8.952135 2.000000
v -52.634844 6.210729 2.000000
v -52.827828 4.268553 2.000000
v -52.990183 1.020034 2.000000
v -50.023162 -17.512374 2.000000
v -46.910970 -24.664972 2.000000
v -44.411227 -22.970479 2.000000
v -45.971022 -26.375465 2.000000
v -45.643786 -26.937794 2.000000
v -43.193459 -25.185812 2.000000
v -45.309673 -27.496064 2.000000
v -42.871637 -25.729803 2.000000
v -43.163440 -30.755770 2.000000
v -40.798713 -28.904412 2.000000
v -39.072584 -35.809680 2.000000
v -37.253556 -33.349251 2.000000
v 22.945154 -47.775725 2.000000
v 21.692590 -45.049213 2.000000
v 23.529896 -47.490462 2.000000
v 22.260318 -44.771400 2.000000
v 24.111091 -47.198043 2.000000
v 22.824490 -44.486432 2.000000
v 26.398671 -45.957700 2.000000
v 25.043811 -43.275946 2.000000
v 24.494764 -43.589065 2.000000
v 26.960835 -45.630180 2.000000
v 37.703145 -37.248797 2.000000
v 35.520358 -35.189546 2.000000
v 38.157551 -36.783166 2.000000
v 35.962347 -34.737726 2.000000
v 38.606207 -36.311992 2.000000
v 39.049045 -35.835346 2.000000
v 36.829015 -33.817505 2.000000
v 39.485999 -35.353300 2.000000
v 37.253556 -33.349251 2.000000
v 40.341992 -34.373300 2.000000
v 38.084711 -32.396832 2.000000
v 37.672144 -32.875669 2.000000
v 40.760901 -33.875492 2.000000
v 45.953681 -26.405667 2.000000
v 43.508379 -24.637796 2.000000
v 43.193459 -25.185812 2.000000
v 52.561535 -6.803309 2.000000
v 49.619941 -6.153165 2.000000
v 52.641089 -6.157578 2.000000
v 49.867522 -3.637342 2.000000
v 52.975329 -1.616946 2.000000
v 49.969575 -1.744020 2.000000
v 52.999058 -0.315961 2.000000
v 52.998943 0.334651 2.000000
v 49.999770 0.151810 2.000000
v 52.990842 0.985214 2.000000
v 49.993856 0.783839 2.000000
v 49.728981 5.198886 2.000000
v 49.559230 18.785173 2.000000
v 49.324899 19.392121 2.000000
v 46.623023 18.063603 2.000000
v 49.083135 19.996147 2.000000
v 46.390958 18.651516 2.000000
v 43.875460 29.731195 2.000000
v 41.346406 28.115382 2.000000
v 43.507190 30.267547 2.000000
v 40.987699 28.635791 2.000000
v 41.568638 32.879300 2.000000
v 39.097101 31.167559 2.000000
v 39.487963 30.670846 2.000000
v 41.161896 33.387098 2.000000
v 38.699991 31.659290 2.000000
v 40.748952 33.889864 2.000000
v 38.296698 32.145963 2.000000
v 40.329867 34.387524 2.000000
v 37.887284 32.627499 2.000000
v 39.904705 34.880002 2.000000
v 37.471817 33.103821 2.000000
v 39.473530 35.367223 2.000000
v 33.854909 40.777998 2.000000
v 32.039068 38.386171 2.000000
v 33.351788 41.190511 2.000000
v 31.551273 38.788106 2.000000
v 32.843642 41.596817 2.000000
v 31.058436 39.183843 2.000000
v 29.152418 44.262134 2.000000
v 28.606882 44.616659 2.000000
v 28.521407 41.067376 2.000000
v -32.816302 41.618389 2.000000
v -31.058436 39.183843 2.000000
v -30.560636 39.573319 2.000000
v -33.324715 41.212418 2.000000
v -35.307395 39.527052 2.000000
v -33.471427 37.143823 2.000000
v -35.789948 39.090659 2.000000
v -37.204962 37.746401 2.000000
v -40.726674 33.916633 2.000000
v -38.296698 32.145963 2.000000
v -38.699991 31.659290 2.000000
v -45.263778 27.571550 2.000000
v -42.714606 25.989661 2.000000
v -46.562527 25.316616 2.000000
v -43.973615 23.797503 2.000000
v -43.669280 24.351467 2.000000
v -46.869793 24.743131 2.000000
v -44.270924 23.239736 2.000000
v -48.299286 21.821524 2.000000
v -45.650437 20.396999 2.000000
v -48.563517 21.226983 2.000000
v -45.904626 19.818307 2.000000
v -48.820429 20.629243 2.000000
v -46.151479 19.236448 2.000000
v -50.206131 16.980706 2.000000
v -50.410795 16.363122 2.000000
v -47.476428 15.684031 2.000000
v -50.607862 15.743072 2.000000
v -47.670894 15.082634 2.000000
v -47.857743 14.478826 2.000000
v -52.266559 8.786742 2.000000
v -49.301298 8.329589 2.000000
v -49.402652 7.705711 2.000000
v -51.499195 -12.523295 2.000000
v -48.600608 -11.746526 2.000000
v -48.448239 -12.359942 2.000000
v -49.103301 -19.946575 2.000000
v -46.267439 -18.955846 2.000000
v -46.503361 -18.369470 2.000000
v -48.854747 -20.547839 2.000000
v -46.024124 -19.539193 2.000000
v -47.787303 -22.921031 2.000000
v -44.977722 -21.840433 2.000000
v -45.250211 -21.270129 2.000000
v -47.502336 -23.505916 2.000000
v -44.698046 -22.407246 2.000000
v -47.210210 -24.087259 2.000000
v -46.291329 -25.809162 2.000000
v -43.508379 -24.637796 2.000000
v -44.621014 -28.600090 2.000000
v -41.865276 -27.336763 2.000000
v -42.782646 -31.283305 2.000000
v -40.430075 -29.417835 2.000000
v -42.395405 -31.806126 2.000000
v -40.054977 -29.926557 2.000000
v -39.939905 -34.839690 2.000000
v -37.672144 -32.875669 2.000000
v -38.084711 -32.396832 2.000000
v -39.509221 -35.327347 2.000000
v 24.688653 -46.898512 2.000000
v 23.385014 -44.194356 2.000000
v 25.262495 -46.591913 2.000000
v 23.941802 -43.895218 2.000000
v 25.832529 -46.278293 2.000000
v 36.398590 -34.280354 2.000000
v 39.917003 -34.865927 2.000000
v 44.247411 -29.174761 2.000000
v 41.865276 -27.336763 2.000000
v 44.602211 -28.629404 2.000000
v 42.207492 -26.805365 2.000000
v 45.291595 -27.525831 2.000000
v 42.871637 -25.729803 2.000000
v 42.542964 -26.269683 2.000000
v 45.626076 -26.967781 2.000000
v 46.274360 -25.839574 2.000000
v 43.816346 -24.085843 2.000000
v 52.991186 -0.966527 2.000000
v 49.997694 -0.480244 2.000000
v 52.974756 1.635628 2.000000
v 49.979953 1.415743 2.000000
v 49.958063 2.047421 2.000000
v 46.847638 17.472803 2.000000
v 43.132363 30.799339 2.000000
v 40.622443 29.151624 2.000000
v 36.292496 38.624535 2.000000
v 35.815627 39.067133 2.000000
v 33.938284 36.717746 2.000000
v 33.471427 37.143823 2.000000
v 32.330546 41.996854 2.000000
v 30.560636 39.573319 2.000000
v 31.812579 42.390563 2.000000
v 30.057952 39.956470 2.000000
v 31.289817 42.777884 2.000000
v 29.550465 40.333237 2.000000
v 30.762340 43.158758 2.000000
v 29.038256 40.703559 2.000000
v -29.664707 43.920441 2.000000
v -31.261701 42.798435 2.000000
v -29.550465 40.333237 2.000000
v -29.038256 40.703559 2.000000
v -31.784717 42.411458 2.000000
v -30.057952 39.956470 2.000000
v -32.302943 42.018089 2.000000
v -38.120390 36.821677 2.000000
v -36.189756 34.500747 2.000000
v -45.598822 27.013838 2.000000
v -43.039725 25.447633 2.000000
v -45.926994 26.452055 2.000000
v -43.357967 24.901540 2.000000
v -46.248245 25.886286 2.000000
v -49.069985 20.028395 2.000000
v -46.390958 18.651516 2.000000
v -49.312146 19.424528 2.000000
v -46.623023 18.063603 2.000000
v -49.344455 -19.342305 2.000000
v -48.598832 -21.146006 2.000000
v -45.773454 -20.119417 2.000000
v -48.335592 -21.740987 2.000000
v -45.515469 -20.696427 2.000000
v -48.065069 -22.332692 2.000000
v -42.001775 -32.324153 2.000000
v -39.673479 -30.430496 2.000000
v -41.601816 -32.837310 2.000000
v -39.285640 -30.929573 2.000000
v -41.195588 -33.345518 2.000000
v -38.891524 -31.423707 2.000000
v -40.783151 -33.848701 2.000000
v -38.491193 -31.912819 2.000000
v 44.950290 -28.079733 2.000000
v 49.987628 -1.112221 2.000000
v 48.833974 20.597159 2.000000
v 46.151479 19.236448 2.000000
v 45.904626 19.818307 2.000000
v 34.399717 36.285802 2.000000
v 28.057036 44.964461 2.000000
v -28.577558 44.635447 2.000000
v -29.123327 44.281281 2.000000
v -30.733974 43.178963 2.000000
v -28.521407 41.067376 2.000000
v -47.169995 24.165917 2.000000
v -49.774139 18.208104 2.000000
v -49.993902 17.595731 2.000000
v -47.064766 16.879211 2.000000
v -40.364569 -34.346784 2.000000
v 13.180448 -51.334937 2.000000
v 12.200751 -48.488573 2.000000
v 12.812715 -48.330470 2.000000
v 42.363267 31.848918 2.000000
v 39.872514 30.169233 2.000000
v 40.250694 29.662798 2.000000
v 41.969115 32.366548 2.000000
v -30.201616 43.552984 2.000000
v -46.847638 17.472803 2.000000
v -49.546876 18.817734 2.000000
v -47.274374 16.282922 2.000000
v -44.968731 -28.050191 2.000000
v -42.542964 -26.269683 2.000000
v -42.207492 -26.805365 2.000000
v 42.751036 31.326489 2.000000
v 28.057036 44.964461 0.000000
v 28.606882 44.616659 0.000000
v 29.152418 44.262134 0.000000
v 29.693560 43.900939 0.000000
v 30.230228 43.533129 0.000000
v 30.762340 43.158758 0.000000
v 31.289817 42.777884 0.000000
v 31.812579 42.390563 0.000000
v 32.330546 41.996854 0.000000
v 32.843642 41.596817 0.000000
v 33.351788 41.190511 0.000000
v 33.854909 40.777998 0.000000
v 34.352928 40.359341 0.000000
v 34.845770 39.934601 0.000000
v 35.333361 39.503843 0.000000
v 35.815627 39.067133 0.000000
v 36.292496 38.624535 0.000000
v 36.763897 38.176117 0.000000
v 37.229757 37.721946 0.000000
v 37.690007 37.262091 0.000000
v 38.144577 36.796620 0.000000
v 38.593399 36.325604 0.000000
v 39.036406 35.849115 0.000000
v 39.473530 35.367223 0.000000
v 39.904705 34.880002 0.000000
v 40.329867 34.387524 0.000000
v 40.748952 33.889864 0.000000
v 41.161896 33.387098 0.000000
v 41.568638 32.879300 0.000000
v 41.969115 32.366548 0.000000
v 42.363267 31.848918 0.000000
v 42.751036 31.326489 0.000000
v 43.132363 30.799339 0.000000
v 43.507190 30.267547 0.000000
v 43.875460 29.731195 0.000000
v 44.237119 29.190363 0.000000
v 44.592112 28.645131 0.000000
v 44.940385 28.095583 0.000000
v 45.281886 27.541801 0.000000
v 45.616563 26.983869 0.000000
v 45.944366 26.421871 0.000000
v 46.265245 25.855891 0.000000
v 46.579153 25.286014 0.000000
v 46.886041 24.712328 0.000000
v 47.185864 24.134917 0.000000
v 47.478577 23.553869 0.000000
v 47.764134 22.969272 0.000000
v 48.042495 22.381214 0.000000
v 48.313615 21.789782 0.000000
v 48.577455 21.195068 0.000000
v 48.833974 20.597159 0.000000
v 49.083135 19.996147 0.000000
v 49.324899 19.392121 0.000000
v 49.559230 18.785173 0.000000
v 49.786093 18.175394 0.000000
v 50.005454 17.562876 0.000000
v 50.217279 16.947712 0.000000
v 50.421536 16.329993 0.000000
v 50.618196 15.709814 0.000000
v 50.807227 15.087268 0.000000
v 50.988603 14.462448 0.000000
v 51.162294 13.835449 0.000000
v 51.328276 13.206364 0.000000
v 51.486523 12.575290 0.000000
v 51.637012 11.942320 0.000000
v 51.779719 11.307551 0.000000
v 51.914623 10.671078 0.000000
v 52.041704 10.032997 0.000000
v 52.160943 9.393404 0.000000
v 52.272321 8.752396 0.000000
v 52.375823 8.110068 0.000000
v 52.471431 7.466519 0.000000
v 52.559133 6.821844 0.000000
v 52.638914 6.176142 0.000000
v 52.710763 5.529508 0.000000
v 52.774669 4.882041 0.000000
v 52.830622 4.233839 0.000000
v 52.878614 3.584999 0.000000
v 52.918637 2.935618 0.000000
v 52.950686 2.285795 0.000000
v 52.974756 1.635628 0.000000
v 52.990842 0.985214 0.000000
v 52.998943 0.334651 0.000000
v 52.999058 -0.315961 0.000000
v 52.991186 -0.966527 0.000000
v 52.975329 -1.616946 0.000000
v 52.951489 -2.267122 0.000000
v 52.919669 -2.916956 0.000000
v 52.879875 -3.566351 0.000000
v 52.832112 -4.215208 0.000000
v 52.776387 -4.863430 0.000000
v 52.712710 -5.510919 0.000000
v 52.641089 -6.157578 0.000000
v 52.561535 -6.803309 0.000000
v 52.474061 -7.448014 0.000000
v 52.378679 -8.091598 0.000000
v 52.275404 -8.733962 0.000000
v 52.164252 -9.375009 0.000000
v 52.045239 -10.014644 0.000000
v 51.918383 -10.652770 0.000000
v 51.783703 -11.289291 0.000000
v 51.641220 -11.924110 0.000000
v 51.490955 -12.557132 0.000000
v 51.332930 -13.188263 0.000000
v 51.167170 -13.817405 0.000000
v 50.993700 -14.444466 0.000000
v 50.812545 -15.069350 0.000000
v 50.623733 -15.691963 0.000000
v 50.427292 -16.312211 0.000000
v 50.223252 -16.930002 0.000000
v 50.011644 -17.545241 0.000000
v 49.792499 -18.157836 0.000000
v 49.565852 -18.767695 0.000000
v 49.331734 -19.374725 0.000000
v 49.090183 -19.978836 0.000000
v 48.841235 -20.579937 0.000000
v 48.584926 -21.177936 0.000000
v 48.321296 -21.772743 0.000000
v 48.050384 -22.364270 0.000000
v 47.772232 -22.952427 0.000000
v 47.486880 -23.537124 0.000000
v 47.194372 -24.118275 0.000000
v 46.894753 -24.695792 0.000000
v 46.588067 -25.269587 0.000000
v 46.274360 -25.839574 0.000000
v 45.953681 -26.405667 0.000000
v 45.626076 -26.967781 0.000000
v 45.291595 -27.525831 0.000000
v 44.950290 -28.079733 0.000000
v 44.602211 -28.629404 0.000000
v 44.247411 -29.174761 0.000000
v 43.885942 -29.715721 0.000000
v 43.517861 -30.252203 0.000000
v 43.143222 -30.784126 0.000000
v 42.762081 -31.311411 0.000000
v 42.374496 -31.833977 0.000000
v 41.980526 -32.351745 0.000000
v 41.580230 -32.864639 0.000000
v 41.173668 -33.372580 0.000000
v 40.760901 -33.875492 0.000000
v 40.341992 -34.373300 0.000000
v 39.917003 -34.865927 0.000000
v 39.485999 -35.353300 0.000000
v 39.049045 -35.835346 0.000000
v 38.606207 -36.311992 0.000000
v 38.157551 -36.783166 0.000000
v 37.703145 -37.248797 0.000000
v 37.243057 -37.708815 0.000000
v 36.777357 -38.163150 0.000000
v 36.306115 -38.611734 0.000000
v 35.829402 -39.054500 0.000000
v 35.347289 -39.491381 0.000000
v 34.859850 -39.922310 0.000000
v 34.367158 -40.347223 0.000000
v 33.869287 -40.766057 0.000000
v 33.366312 -41.178747 0.000000
v 32.858309 -41.585232 0.000000
v 32.345355 -41.985450 0.000000
v 31.827526 -42.379342 0.000000
v 31.304901 -42.766847 0.000000
v 30.777558 -43.147907 0.000000
v 30.245578 -43.522466 0.000000
v 29.709040 -43.890465 0.000000
v 29.168025 -44.251851 0.000000
v 28.622614 -44.606568 0.000000
v 28.072891 -44.954564 0.000000
v 27.518936 -45.295785 0.000000
v 26.960835 -45.630180 0.000000
v 26.398671 -45.957700 0.000000
v 25.832529 -46.278293 0.000000
v 25.262495 -46.591913 0.000000
v 24.688653 -46.898512 0.000000
v 24.111091 -47.198043 0.000000
v 23.529896 -47.490462 0.000000
v 22.945154 -47.775725 0.000000
v 22.356955 -48.053788 0.000000
v 21.765387 -48.324610 0.000000
v 21.170540 -48.588149 0.000000
v 20.572502 -48.844367 0.000000
v 19.971363 -49.093224 0.000000
v 19.367216 -49.334683 0.000000
v 18.760149 -49.568708 0.000000
v 18.150256 -49.795263 0.000000
v 17.537628 -50.014314 0.000000
v 16.922356 -50.225829 0.000000
v 16.304535 -50.429774 0.000000
v 15.684257 -50.626121 0.000000
v 15.061615 -50.814838 0.000000
v 14.436703 -50.995898 0.000000
v 13.809616 -51.169273 0.000000
v 13.180448 -51.334937 0.000000
v 12.549294 -51.492866 0.000000
v 11.916249 -51.643035 0.000000
v 11.281408 -51.785421 0.000000
v 10.644867 -51.920004 0.000000
v 10.006722 -52.046763 0.000000
v 9.367069 -52.165679 0.000000
v 8.726004 -52.276733 0.000000
v 8.083624 -52.379910 0.000000
v 7.440027 -52.475194 0.000000
v 6.795308 -52.562570 0.000000
v 6.149565 -52.642026 0.000000
v 5.502895 -52.713548 0.000000
v 4.855396 -52.777127 0.000000
v 4.207166 -52.832753 0.000000
v 3.558301 -52.880417 0.000000
v 2.908901 -52.920112 0.000000
v 2.259062 -52.951833 0.000000
v 1.608882 -52.975575 0.000000
v 0.958460 -52.991333 0.000000
v 0.307894 -52.999106 0.000000
v -0.342719 -52.998892 0.000000
v -0.993280 -52.990692 0.000000
v -1.643692 -52.974506 0.000000
v -2.293855 -52.950337 0.000000
v -2.943674 -52.918190 0.000000
v -3.593048 -52.878067 0.000000
v -4.241881 -52.829977 0.000000
v -4.890075 -52.773925 0.000000
v -5.537532 -52.709921 0.000000
v -6.184154 -52.637973 0.000000
v -6.829845 -52.558094 0.000000
v -7.474506 -52.470294 0.000000
v -8.118041 -52.374587 0.000000
v -8.760353 -52.270988 0.000000
v -9.401344 -52.159512 0.000000
v -10.040919 -52.040176 0.000000
v -10.678981 -51.912998 0.000000
v -11.315433 -51.777997 0.000000
v -11.950181 -51.635193 0.000000
v -12.583127 -51.484608 0.000000
v -13.214178 -51.326265 0.000000
v -13.843237 -51.160188 0.000000
v -14.470209 -50.986401 0.000000
v -15.095002 -50.804930 0.000000
v -15.717520 -50.615804 0.000000
v -16.337669 -50.419050 0.000000
v -16.955356 -50.214698 0.000000
v -17.570488 -50.002779 0.000000
v -18.182972 -49.783326 0.000000
v -18.792717 -49.556370 0.000000
v -19.399629 -49.321946 0.000000
v -20.003618 -49.080090 0.000000
v -20.604593 -48.830838 0.000000
v -21.202462 -48.574228 0.000000
v -21.797137 -48.310297 0.000000
v -22.388527 -48.039087 0.000000
v -22.976543 -47.760637 0.000000
v -23.561096 -47.474991 0.000000
v -24.142099 -47.182190 0.000000
v -24.719465 -46.882279 0.000000
v -25.293105 -46.575303 0.000000
v -25.862933 -46.261309 0.000000
v -26.428864 -45.940343 0.000000
v -26.990813 -45.612455 0.000000
v -27.548694 -45.277693 0.000000
v -28.102424 -44.936108 0.000000
v -28.651919 -44.587751 0.000000
v -29.197096 -44.232675 0.000000
v -29.737874 -43.870934 0.000000
v -30.274170 -43.502582 0.000000
v -30.805904 -43.127674 0.000000
v -31.332996 -42.746267 0.000000
v -31.855366 -42.358419 0.000000
v -32.372936 -41.964187 0.000000
v -32.885627 -41.563632 0.000000
v -33.393363 -41.156813 0.000000
v -33.896067 -40.743793 0.000000
v -34.393663 -40.324632 0.000000
v -34.886076 -39.899395 0.000000
v -35.373231 -39.468145 0.000000
v -35.855057 -39.030948 0.000000
v -36.331479 -38.587869 0.000000
v -36.802426 -38.138975 0.000000
v -37.267827 -37.684334 0.000000
v -37.727613 -37.224014 0.000000
v -38.181713 -36.758085 0.000000
v -38.630059 -36.286616 0.000000
v -39.072584 -35.809680 0.000000
v -39.509221 -35.327347 0.000000
v -39.939905 -34.839690 0.000000
v -40.364569 -34.346784 0.000000
v -40.783151 -33.848701 0.000000
v -41.195588 -33.345518 0.000000
v -41.601816 -32.837310 0.000000
v -42.001775 -32.324153 0.000000
v -42.395405 -31.806126 0.000000
v -42.782646 -31.283305 0.000000
v -43.163440 -30.755770 0.000000
v -43.537730 -30.223601 0.000000
v -43.905459 -29.686877 0.000000
v -44.266572 -29.145680 0.000000
v -44.621014 -28.600090 0.000000
v -44.968731 -28.050191 0.000000
v -45.309673 -27.496064 0.000000
v -45.643786 -26.937794 0.000000
v -45.971022 -26.375465 0.000000
v -46.291329 -25.809162 0.000000
v -46.604661 -25.238969 0.000000
v -46.910970 -24.664972 0.000000
v -47.210210 -24.087259 0.000000
v -47.502336 -23.505916 0.000000
v -47.787303 -22.921031 0.000000
v -48.065069 -22.332692 0.000000
v -48.335592 -21.740987 0.000000
v -48.598832 -21.146006 0.000000
v -48.854747 -20.547839 0.000000
v -49.103301 -19.946575 0.000000
v -49.344455 -19.342305 0.000000
v -49.578173 -18.735121 0.000000
v -49.804420 -18.125113 0.000000
v -50.023162 -17.512374 0.000000
v -50.234366 -16.896997 0.000000
v -50.438000 -16.279072 0.000000
v -50.634033 -15.658695 0.000000
v -50.822436 -15.035958 0.000000
v -51.003180 -14.410955 0.000000
v -51.176239 -13.783781 0.000000
v -51.341585 -13.154529 0.000000
v -51.499195 -12.523295 0.000000
v -51.649044 -11.890174 0.000000
v -51.791110 -11.255261 0.000000
v -51.925372 -10.618653 0.000000
v -52.051808 -9.980443 0.000000
v -52.170401 -9.340730 0.000000
v -52.281132 -8.699610 0.000000
v -52.383985 -8.057178 0.000000
v -52.478944 -7.413532 0.000000
v -52.565994 -6.768769 0.000000
v -52.645124 -6.122987 0.000000
v -52.716320 -5.476281 0.000000
v -52.779572 -4.828750 0.000000
v -52.834870 -4.180492 0.000000
v -52.882207 -3.531603 0.000000
v -52.921574 -2.882182 0.000000
v -52.952967 -2.232327 0.000000
v -52.976380 -1.582136 0.000000
v -52.991810 -0.931706 0.000000
v -52.999254 -0.281136 0.000000
v -52.998712 0.369477 0.000000
v -52.990183 1.020034 0.000000
v -52.973669 1.670437 0.000000
v -52.949173 2.320588 0.000000
v -52.916697 2.970390 0.000000
v -52.876247 3.619744 0.000000
v -52.827828 4.268553 0.000000
v -52.771449 4.916718 0.000000
v -52.707118 5.564143 0.000000
v -52.634844 6.210729 0.000000
v -52.554639 6.856379 0.000000
v -52.466514 7.500996 0.000000
v -52.370482 8.144483 0.000000
v -52.266559 8.786742 0.000000
v -52.154759 9.427677 0.000000
v -52.035100 10.067192 0.000000
v -51.907600 10.705189 0.000000
v -51.772277 11.341573 0.000000
v -51.629153 11.976248 0.000000
v -51.478249 12.609119 0.000000
v -51.319587 13.240089 0.000000
v -51.153192 13.869064 0.000000
v -50.979088 14.495949 0.000000
v -50.797303 15.120650 0.000000
v -50.607862 15.743072 0.000000
v -50.410795 16.363122 0.000000
v -50.206131 16.980706 0.000000
v -49.993902 17.595731 0.000000
v -49.774139 18.208104 0.000000
v -49.546876 18.817734 0.000000
v -49.312146 19.424528 0.000000
v -49.069985 20.028395 0.000000
v -48.820429 20.629243 0.000000
v -48.563517 21.226983 0.000000
v -48.299286 21.821524 0.000000
v -48.027778 22.412777 0.000000
v -47.749031 23.000653 0.000000
v -47.463089 23.585062 0.000000
v -47.169995 24.165917 0.000000
v -46.869793 24.743131 0.000000
v -46.562527 25.316616 0.000000
v -46.248245 25.886286 0.000000
v -45.926994 26.452055 0.000000
v -45.598822 27.013838 0.000000
v -45.263778 27.571550 0.000000
v -44.921914 28.125107 0.000000
v -44.573280 28.674426 0.000000
v -44.217929 29.219424 0.000000
v -43.855915 29.760019 0.000000
v -43.487292 30.296129 0.000000
v -43.112116 30.827674 0.000000
v -42.730443 31.354573 0.000000
v -42.342331 31.876748 0.000000
v -41.947838 32.394118 0.000000
v -41.547024 32.906608 0.000000
v -41.139949 33.414138 0.000000
v -40.726674 33.916633 0.000000
v -40.307263 34.414017 0.000000
v -39.881777 34.906215 0.000000
v -39.450281 35.393153 0.000000
v -39.012841 35.874758 0.000000
v -38.569522 36.350956 0.000000
v -38.120390 36.821677 0.000000
v -37.665514 37.286848 0.000000
v -37.204962 37.746401 0.000000
v -36.738803 38.200266 0.000000
v -36.267108 38.648374 0.000000
v -35.789948 39.090659 0.000000
v -35.307395 39.527052 0.000000
v -34.819521 39.957489 0.000000
v -34.326400 40.381905 0.000000
v -33.828106 40.800235 0.000000
v -33.324715 41.212418 0.000000
v -32.816302 41.618389 0.000000
v -32.302943 42.018089 0.000000
v -31.784717 42.411458 0.000000
v -31.261701 42.798435 0.000000
v -30.733974 43.178963 0.000000
v -30.201616 43.552984 0.000000
v -29.664707 43.920441 0.000000
v -29.123327 44.281281 0.000000
v -28.577558 44.635447 0.000000
v 28.057036 41.386021 0.000000
v -49.505369 7.015584 5.655342
v -49.496952 7.074727 5.748402
v -49.581662 6.454361 4.955935
v -49.572672 6.523054 5.028754
v -49.562312 6.601308 5.115172
v -49.552072 6.677738 5.203514
v -49.542205 6.750547 5.291716
v -49.532489 6.821473 5.381904
v -49.523154 6.888917 5.472087
v -49.514069 6.953917 5.563644
v -49.659289 5.827089 4.390808
v -49.649170 5.912691 4.459239
v -49.639054 5.997026 4.528995
v -49.627671 6.090510 4.609227
v -49.616319 6.182307 4.691228
v -49.605198 6.270909 4.773658
v -49.594139 6.357783 4.857902
v -49.673884 5.701335 4.294308
v -49.662197 5.802257 4.371383
v -49.728981 5.198886 3.949794
v -49.719041 5.293104 4.009903
v -49.709000 5.386583 4.071471
v -49.697335 5.493172 4.144147
v -49.685554 5.598727 4.218871
v -49.744019 5.052974 3.860351
v -49.732380 5.166274 3.929426
v -49.778265 4.703655 3.662687
v -49.766979 4.821603 3.726969
v -49.755507 4.938579 3.793159
v -49.790727 4.569852 3.592613
v -49.811402 4.338692 3.478289
v -49.800500 4.462086 3.538282
v -49.844511 3.940145 3.299675
v -49.842862 3.960951 3.308453
v -49.832593 4.088120 3.363386
v -49.822076 4.214355 3.420142
v -49.862737 3.702361 3.203392
v -49.853739 3.821615 3.250760
v -49.872304 3.571180 3.153363
v -49.890339 3.309694 3.059907
v -49.881587 3.439078 3.105124
v -49.928190 2.678772 2.866769
v -49.922115 2.789697 2.897543
v -49.915806 2.900394 2.929581
v -49.907732 3.036169 2.970718
v -49.899309 3.171593 3.013806
v -49.938082 2.487561 2.816798
v -49.930997 2.625939 2.852575
v -49.957158 2.069380 2.720743
v -49.951168 2.209266 2.750882
v -49.958062 2.047448 2.716197
v -49.944801 2.348805 2.782934
v -49.968014 1.788171 2.666109
v -49.963201 1.917943 2.690339
v -49.972864 1.647084 2.641660
v -49.977325 1.505650 2.619118
v -49.979953 1.415743 2.605809
v -49.991191 0.938520 2.548353
v -49.988322 1.080574 2.563140
v -49.993856 0.783839 2.534480
v -49.985058 1.222280 2.579846
v -49.997364 0.513400 2.515821
v -49.995712 0.654822 2.524689
v -49.998619 0.371627 2.508893
v -49.999770 0.151810 2.502058
v -49.999315 0.261762 2.504881
v -49.999974 -0.051203 2.500000
v -49.999920 0.089371 2.500988
v -49.999633 -0.191518 2.500988
v -49.998903 -0.331202 2.503950
v -49.997694 -0.480247 2.509308
v -49.997785 -0.470625 2.508893
v -49.994412 -0.747539 2.524689
v -49.996230 -0.614013 2.516071
v -49.992170 -0.884831 2.535521
v -49.987628 -1.112221 2.557934
v -49.989557 -1.021862 2.548353
v -49.979623 -1.427330 2.598468
v -49.983273 -1.293205 2.579846
v -49.975621 -1.561190 2.619118
v -49.969575 -1.744020 2.650734
v -49.961739 -1.955665 2.692392
v -49.966666 -1.825446 2.666109
v -49.956483 -2.085615 2.720743
v -49.950975 -2.213619 2.750792
v -49.943533 -2.375605 2.791926
v -49.945151 -2.341350 2.782934
v -49.938258 -2.484030 2.821454
v -49.932754 -2.592313 2.852583
v -49.926196 -2.715682 2.890102
v -49.909517 -3.006681 2.987645
v -49.914507 -2.922663 2.958140
v -49.919383 -2.838176 2.929581
v -49.905131 -3.078626 3.013806
v -49.897721 -3.196471 3.058489
v -49.890096 -3.313355 3.105124
v -49.882336 -3.428197 3.153276
v -49.867522 -3.637342 3.247202
v -49.874380 -3.542071 3.203392
v -49.858085 -3.764491 3.308453
v -49.841317 -3.980342 3.420142
v -49.849780 -3.872906 3.363300
v -49.832820 -4.085346 3.478205
v -49.817558 -4.267421 3.585117
v -49.824183 -4.189363 3.538282
v -49.806791 -4.391305 3.662687
v -49.789248 -4.585928 3.793159
v -49.798070 -4.489120 3.726891
v -49.780476 -4.680198 3.860441
v -49.759634 -4.896818 4.026259
v -49.765651 -4.835287 3.977481
v -49.771663 -4.773005 3.929492
v -49.754141 -4.952318 4.071471
v -49.745458 -5.038791 4.144329
v -49.736788 -5.123662 4.218871
v -49.728231 -5.206056 4.294318
v -49.719707 -5.286842 4.371460
v -49.711327 -5.365067 4.449374
v -49.703000 -5.441674 4.528995
v -49.693758 -5.525433 4.620136
v -49.686763 -5.587983 4.691228
v -49.678882 -5.657618 4.773695
v -49.671092 -5.725608 4.857902
v -49.663505 -5.791048 4.942732
v -49.656078 -5.854397 5.028754
v -49.648853 -5.915350 5.115541
v -49.641805 -5.974209 5.203514
v -49.634985 -6.030609 5.292115
v -49.619941 -6.153165 5.501923
v -49.624104 -6.119500 5.441652
v -49.628357 -6.084913 5.381904
v 49.628357 -6.084913 5.381904
v 49.624104 -6.119500 5.441652
v 49.634985 -6.030609 5.292115
v 49.693758 -5.525433 4.620136
v 49.686763 -5.587983 4.691228
v 49.678882 -5.657618 4.773695
v 49.671092 -5.725608 4.857902
v 49.663505 -5.791048 4.942732
v 49.656078 -5.854397 5.028754
v 49.648853 -5.915350 5.115541
v 49.641805 -5.974209 5.203514
v 49.759634 -4.896818 4.026259
v 49.754141 -4.952318 4.071471
v 49.745458 -5.038791 4.144329
v 49.736788 -5.123662 4.218871
v 49.728231 -5.206056 4.294318
v 49.719707 -5.286842 4.371460
v 49.711327 -5.365067 4.449374
v 49.703000 -5.441674 4.528995
v 49.771663 -4.773005 3.929492
v 49.765651 -4.835287 3.977481
v 49.780476 -4.680198 3.860441
v 49.806791 -4.391305 3.662687
v 49.798070 -4.489120 3.726891
v 49.789248 -4.585928 3.793159
v 49.817558 -4.267421 3.585117
v 49.832820 -4.085346 3.478205
v 49.824183 -4.189363 3.538282
v 49.858085 -3.764491 3.308453
v 49.849780 -3.872906 3.363300
v 49.841317 -3.980342 3.420142
v 49.867522 -3.637342 3.247202
v 49.882336 -3.428197 3.153276
v 49.874380 -3.542071 3.203392
v 49.909517 -3.006681 2.987645
v 49.905131 -3.078626 3.013806
v 49.897721 -3.196471 3.058489
v 49.890096 -3.313355 3.105124
v 49.919383 -2.838176 2.929581
v 49.914507 -2.922663 2.958140
v 49.926196 -2.715682 2.890102
v 49.943533 -2.375605 2.791926
v 49.938258 -2.484030 2.821454
v 49.932754 -2.592313 2.852583
v 49.950975 -2.213619 2.750792
v 49.945151 -2.341350 2.782934
v 49.966666 -1.825446 2.666109
v 49.961739 -1.955665 2.692392
v 49.969575 -1.744020 2.650734
v 49.956483 -2.085615 2.720743
v 49.983273 -1.293205 2.579846
v 49.979623 -1.427330 2.598468
v 49.987628 -1.112221 2.557934
v 49.975621 -1.561190 2.619118
v 49.992170 -0.884831 2.535521
v 49.989557 -1.021862 2.548353
v 49.996230 -0.614013 2.516071
v 49.994412 -0.747539 2.524689
v 49.997694 -0.480247 2.509308
v 49.998903 -0.331202 2.503950
v 49.997785 -0.470625 2.508893
v 49.999974 -0.051203 2.500000
v 49.999633 -0.191518 2.500988
v 49.999770 0.151810 2.502058
v 49.999920 0.089371 2.500988
v 49.998619 0.371627 2.508893
v 49.999315 0.261762 2.504881
v 49.997364 0.513400 2.515821
v 49.993856 0.783839 2.534480
v 49.995712 0.654822 2.524689
v 49.988322 1.080574 2.563140
v 49.985058 1.222280 2.579846
v 49.991191 0.938520 2.548353
v 49.979953 1.415743 2.605809
v 49.972864 1.647084 2.641660
v 49.977325 1.505650 2.619118
v 49.958062 2.047448 2.716197
v 49.963201 1.917943 2.690339
v 49.968014 1.788171 2.666109
v 49.951168 2.209266 2.750882
v 49.957158 2.069380 2.720743
v 49.944801 2.348805 2.782934
v 49.938082 2.487561 2.816798
v 49.928190 2.678772 2.866769
v 49.930997 2.625939 2.852575
v 49.922115 2.789697 2.897543
v 49.915806 2.900394 2.929581
v 49.907732 3.036169 2.970718
v 49.899309 3.171593 3.013806
v 49.890339 3.309694 3.059907
v 49.881587 3.439078 3.105124
v 49.872304 3.571180 3.153363
v 49.844511 3.940145 3.299675
v 49.853739 3.821615 3.250760
v 49.862737 3.702361 3.203392
v 49.842862 3.960951 3.308453
v 49.832593 4.088120 3.363386
v 49.822076 4.214355 3.420142
v 49.811402 4.338692 3.478289
v 49.790727 4.569852 3.592613
v 49.800500 4.462086 3.538282
v 49.778265 4.703655 3.662687
v 49.755507 4.938579 3.793159
v 49.766979 4.821603 3.726969
v 49.744019 5.052974 3.860351
v 49.728981 5.198886 3.949794
v 49.732380 5.166274 3.929426
v 49.719041 5.293104 4.009903
v 49.709000 5.386583 4.071471
v 49.697335 5.493172 4.144147
v 49.685554 5.598727 4.218871
v 49.673884 5.701335 4.294308
v 49.659289 5.827089 4.390808
v 49.662197 5.802257 4.371383
v 49.649170 5.912691 4.459239
v 49.639054 5.997026 4.528995
v 49.627671 6.090510 4.609227
v 49.616319 6.182307 4.691228
v 49.605198 6.270909 4.773658
v 49.594139 6.357783 4.857902
v 49.581662 6.454361 4.955935
v 49.572672 6.523054 5.028754
v 49.562312 6.601308 5.115172
v 49.552072 6.677738 5.203514
v 49.542205 6.750547 5.291716
v 49.532489 6.821473 5.381904
v 49.523154 6.888917 5.472087
v 49.514069 6.953917 5.563644
v 49.505369 7.015584 5.655342
v 49.496112 7.080602 5.757950
v 49.496952 7.074727 5.748402
v 49.481255 7.183691 5.936017
v 49.488545 7.133297 5.846335
v 49.474015 7.233384 6.030301
v 49.467109 7.280460 6.126061
v 49.460684 7.323984 6.221411
v 49.454619 7.364824 6.318278
v 49.449054 7.402097 6.414595
v 49.443881 7.436571 6.512363
v 49.439201 7.467623 6.609900
v 49.431244 7.520116 6.806171
v 49.434979 7.495522 6.708010
v 49.425220 7.559608 7.003537
v 49.427981 7.541529 6.904909
v 49.422943 7.574475 7.102749
v 49.421176 7.585999 7.201688
v 49.419905 7.594276 7.301217
v 49.419144 7.599221 7.400322
v 49.418889 7.600882 7.500000
v 49.419144 7.599222 7.599668
v 49.496094 7.080724 9.241852
v 49.488544 7.133302 9.153656
v 49.481255 7.183691 9.063983
v 49.474014 7.233389 8.969689
v 49.467109 7.280460 8.873939
v 49.460683 7.323989 8.778578
v 49.454619 7.364824 8.681722
v 49.449056 7.402082 8.585446
v 49.443881 7.436571 8.487637
v 49.439200 7.467629 8.390080
v 49.434979 7.495522 8.291990
v 49.431243 7.520121 8.193809
v 49.427981 7.541529 8.095091
v 49.425219 7.559612 7.996442
v 49.422943 7.574475 7.897251
v 49.421176 7.586001 7.798290
v 49.419905 7.594276 7.698783
v 49.505368 7.015590 9.344649
v 49.496948 7.074754 9.251554
v 49.581662 6.454361 10.044065
v 49.572672 6.523054 9.971246
v 49.562313 6.601295 9.884843
v 49.552072 6.677738 9.796486
v 49.542207 6.750534 9.708301
v 49.532489 6.821473 9.618096
v 49.523154 6.888923 9.527906
v 49.514069 6.953917 9.436356
v 49.659271 5.827248 10.609067
v 49.649171 5.912681 10.540770
v 49.639054 5.997026 10.471005
v 49.627672 6.090497 10.390784
v 49.616319 6.182307 10.308772
v 49.605200 6.270896 10.226355
v 49.594139 6.357783 10.142098
v 49.673884 5.701338 10.705690
v 49.662185 5.802356 10.628540
v 49.728966 5.199031 11.050115
v 49.719043 5.293082 10.990111
v 49.709000 5.386583 10.928529
v 49.697314 5.493362 10.855721
v 49.685554 5.598727 10.781129
v 49.744022 5.052944 11.139666
v 49.732369 5.166379 11.070508
v 49.778265 4.703655 11.337313
v 49.766981 4.821573 11.273048
v 49.755507 4.938579 11.206841
v 49.790727 4.569852 11.407387
v 49.811404 4.338663 11.521725
v 49.800500 4.462086 11.461718
v 49.844515 3.940088 11.700349
v 49.842865 3.960910 11.691564
v 49.832595 4.088090 11.636627
v 49.822076 4.214355 11.579858
v 49.862737 3.702361 11.796608
v 49.853741 3.821590 11.749250
v 49.872306 3.571150 11.846648
v 49.890339 3.309694 11.940093
v 49.881587 3.439078 11.894876
v 49.928186 2.678851 12.133209
v 49.922115 2.789704 12.102455
v 49.915806 2.900394 12.070419
v 49.907716 3.036421 12.029204
v 49.899309 3.171593 11.986194
v 49.938084 2.487525 12.183211
v 49.930995 2.625970 12.147417
v 49.957158 2.069377 12.279258
v 49.951169 2.209230 12.249126
v 49.958063 2.047421 12.283809
v 49.944801 2.348805 12.217066
v 49.968014 1.788171 12.333891
v 49.963203 1.917913 12.309666
v 49.972865 1.647048 12.358346
v 49.977325 1.505650 12.380882
v 49.979953 1.415743 12.394191
v 49.991191 0.938520 12.451647
v 49.988323 1.080538 12.436864
v 49.993856 0.783839 12.465520
v 49.985058 1.222280 12.420154
v 49.997365 0.513363 12.484181
v 49.995712 0.654822 12.475311
v 49.998619 0.371627 12.491107
v 49.999770 0.151817 12.497941
v 49.999315 0.261803 12.495117
v 49.999974 -0.050945 12.500000
v 49.999920 0.089371 12.499012
v 49.999633 -0.191518 12.499012
v 49.998903 -0.331241 12.496049
v 49.997694 -0.480244 12.490692
v 49.997785 -0.470609 12.491108
v 49.994412 -0.747539 12.475311
v 49.996229 -0.614050 12.483927
v 49.992169 -0.884871 12.464476
v 49.987628 -1.112221 12.442066
v 49.989557 -1.021862 12.451647
v 49.979622 -1.427370 12.401527
v 49.983273 -1.293205 12.420154
v 49.975621 -1.561190 12.380882
v 49.969575 -1.744020 12.349266
v 49.961738 -1.955705 12.307600
v 49.966666 -1.825446 12.333891
v 49.956483 -2.085615 12.279257
v 49.950973 -2.213658 12.249198
v 49.943536 -2.375541 12.208090
v 49.945155 -2.341262 12.217089
v 49.938256 -2.484060 12.178538
v 49.932754 -2.592313 12.147417
v 49.926210 -2.715424 12.109979
v 49.909508 -3.006833 12.012300
v 49.914511 -2.922599 12.041882
v 49.919383 -2.838176 12.070419
v 49.905131 -3.078626 11.986194
v 49.897719 -3.196506 11.941498
v 49.890096 -3.313355 11.894876
v 49.882334 -3.428230 11.846710
v 49.867522 -3.637342 11.752798
v 49.874380 -3.542071 11.796608
v 49.858085 -3.764491 11.691547
v 49.841317 -3.980342 11.579858
v 49.849778 -3.872939 11.636683
v 49.832817 -4.085378 11.521777
v 49.817558 -4.267421 11.414883
v 49.824183 -4.189363 11.461718
v 49.806791 -4.391305 11.337313
v 49.789248 -4.585928 11.206841
v 49.798067 -4.489152 11.273087
v 49.780493 -4.680008 11.139697
v 49.759634 -4.896818 10.973741
v 49.765649 -4.835306 11.022504
v 49.771663 -4.773005 11.070508
v 49.754141 -4.952318 10.928529
v 49.745453 -5.038835 10.855633
v 49.736788 -5.123662 10.781129
v 49.728227 -5.206099 10.705641
v 49.719707 -5.286842 10.628540
v 49.711323 -5.365108 10.550584
v 49.703000 -5.441674 10.471005
v 49.693758 -5.525433 10.379864
v 49.686763 -5.587983 10.308772
v 49.678878 -5.657656 10.226258
v 49.671092 -5.725608 10.142098
v 49.663526 -5.790871 10.057503
v 49.656078 -5.854397 9.971246
v 49.648870 -5.915212 9.884661
v 49.641805 -5.974209 9.796486
v 49.634976 -6.030683 9.707766
v 49.619941 -6.153165 9.498077
v 49.624101 -6.119530 9.558294
v 49.628357 -6.084913 9.618096
v 49.609903 -6.233579 9.344429
v 49.615810 -6.186390 9.436356
v 49.604234 -6.278530 9.251554
v 49.598840 -6.321003 9.158244
v 49.593696 -6.361235 9.063983
v 49.588844 -6.398950 8.969438
v 49.584254 -6.434418 8.873939
v 49.579971 -6.467338 8.778310
v 49.572272 -6.526093 8.585163
v 49.575962 -6.497999 8.681722
v 49.565788 -6.575154 8.390301
v 49.568866 -6.551912 8.487637
v 49.560548 -6.614534 8.193667
v 49.563005 -6.596100 8.291990
v 49.558413 -6.630517 8.095091
v 49.556600 -6.644046 7.996292
v 49.555114 -6.655126 7.897251
v 49.553956 -6.663739 7.798138
v 49.553127 -6.669901 7.698783
v 49.552630 -6.673594 7.599513
v 49.552464 -6.674828 7.500000
v 49.619941 -6.153165 5.501923
v 49.615810 -6.186390 5.563644
v 49.609911 -6.233516 5.655446
v 49.604234 -6.278530 5.748446
v 49.598847 -6.320946 5.841628
v 49.593696 -6.361235 5.936017
v 49.588850 -6.398903 6.030440
v 49.584254 -6.434418 6.126061
v 49.579960 -6.467424 6.221950
v 49.575962 -6.497999 6.318278
v 49.572262 -6.526166 6.415101
v 49.568866 -6.551912 6.512363
v 49.565780 -6.575215 6.609968
v 49.563005 -6.596100 6.708010
v 49.560550 -6.614518 6.806240
v 49.558413 -6.630517 6.904909
v 49.556602 -6.644034 7.003609
v 49.555114 -6.655126 7.102749
v 49.553957 -6.663732 7.201763
v 49.553127 -6.669901 7.301217
v 49.552630 -6.673592 7.400387
v -49.609911 -6.233516 5.655446
v -49.615810 -6.186390 5.563644
v -49.604234 -6.278530 5.748446
v -49.598847 -6.320946 5.841628
v -49.593696 -6.361235 5.936017
v -49.588850 -6.398903 6.030440
v -49.584254 -6.434418 6.126061
v -49.579960 -6.467424 6.221950
v -49.572262 -6.526166 6.415101
v -49.575962 -6.497999 6.318278
v -49.565780 -6.575215 6.609968
v -49.568866 -6.551912 6.512363
v -49.560550 -6.614518 6.806240
v -49.563005 -6.596100 6.708010
v -49.558413 -6.630517 6.904909
v -49.556602 -6.644034 7.003609
v -49.555114 -6.655126 7.102749
v -49.553127 -6.669901 7.301217
v -49.553957 -6.663732 7.201763
v -49.552630 -6.673592 7.400387
v -49.552464 -6.674828 7.500000
v -49.552630 -6.673594 7.599513
v -49.619941 -6.153165 9.498077
v -49.615810 -6.186390 9.436356
v -49.609903 -6.233579 9.344429
v -49.604234 -6.278530 9.251554
v -49.598840 -6.321003 9.158244
v -49.593696 -6.361235 9.063983
v -49.588844 -6.398950 8.969438
v -49.584254 -6.434418 8.873939
v -49.579971 -6.467338 8.778310
v -49.575962 -6.497999 8.681722
v -49.572272 -6.526093 8.585163
v -49.568866 -6.551912 8.487637
v -49.565788 -6.575154 8.390301
v -49.563005 -6.596100 8.291990
v -49.560548 -6.614534 8.193667
v -49.558413 -6.630517 8.095091
v -49.556600 -6.644046 7.996292
v -49.555114 -6.655126 7.897251
v -49.553956 -6.663739 7.798138
v -49.553127 -6.669901 7.698783
v -49.628357 -6.084913 9.618096
v -49.624101 -6.119530 9.558294
v -49.634976 -6.030683 9.707766
v -49.693758 -5.525433 10.379864
v -49.686763 -5.587983 10.308772
v -49.678878 -5.657656 10.226258
v -49.671092 -5.725608 10.142098
v -49.663526 -5.790871 10.057503
v -49.656078 -5.854397 9.971246
v -49.648870 -5.915212 9.884661
v -49.641805 -5.974209 9.796486
v -49.759634 -4.896818 10.973741
v -49.754141 -4.952318 10.928529
v -49.745453 -5.038835 10.855633
v -49.736788 -5.123662 10.781129
v -49.728227 -5.206099 10.705641
v -49.719707 -5.286842 10.628540
v -49.711323 -5.365108 10.550584
v -49.703000 -5.441674 10.471005
v -49.771663 -4.773005 11.070508
v -49.765649 -4.835306 11.022504
v -49.780493 -4.680008 11.139697
v -49.806791 -4.391305 11.337313
v -49.798067 -4.489152 11.273087
v -49.789248 -4.585928 11.206841
v -49.817558 -4.267421 11.414883
v -49.832817 -4.085378 11.521777
v -49.824183 -4.189363 11.461718
v -49.858085 -3.764491 11.691547
v -49.849778 -3.872939 11.636683
v -49.841317 -3.980342 11.579858
v -49.867522 -3.637342 11.752798
v -49.882334 -3.428230 11.846710
v -49.874380 -3.542071 11.796608
v -49.909508 -3.006833 12.012300
v -49.905131 -3.078626 11.986194
v -49.897719 -3.196506 11.941498
v -49.890096 -3.313355 11.894876
v -49.919383 -2.838176 12.070419
v -49.914511 -2.922599 12.041882
v -49.926210 -2.715424 12.109979
v -49.943536 -2.375541 12.208090
v -49.938256 -2.484060 12.178538
v -49.932754 -2.592313 12.147417
v -49.950973 -2.213658 12.249198
v -49.945155 -2.341262 12.217089
v -49.966666 -1.825446 12.333891
v -49.961738 -1.955705 12.307600
v -49.969575 -1.744020 12.349266
v -49.956483 -2.085615 12.279257
v -49.983273 -1.293205 12.420154
v -49.979622 -1.427370 12.401527
v -49.987628 -1.112221 12.442066
v -49.975621 -1.561190 12.380882
v -49.992169 -0.884871 12.464476
v -49.989557 -1.021862 12.451647
v -49.996229 -0.614050 12.483927
v -49.994412 -0.747539 12.475311
v -49.997694 -0.480244 12.490692
v -49.998903 -0.331241 12.496049
v -49.997785 -0.470609 12.491108
v -49.999974 -0.050945 12.500000
v -49.999633 -0.191518 12.499012
v -49.999770 0.151817 12.497941
v -49.999920 0.089371 12.499012
v -49.998619 0.371627 12.491107
v -49.999315 0.261803 12.495117
v -49.997365 0.513363 12.484181
v -49.993856 0.783839 12.465520
v -49.995712 0.654822 12.475311
v -49.988323 1.080538 12.436864
v -49.985058 1.222280 12.420154
v -49.991191 0.938520 12.451647
v -49.979953 1.415743 12.394191
v -49.972865 1.647048 12.358346
v -49.977325 1.505650 12.380882
v -49.958063 2.047421 12.283809
v -49.963203 1.917913 12.309666
v -49.968014 1.788171 12.333891
v -49.951169 2.209230 12.249126
v -49.957158 2.069377 12.279258
v -49.944801 2.348805 12.217066
v -49.938084 2.487525 12.183211
v -49.928186 2.678851 12.133209
v -49.930995 2.625970 12.147417
v -49.922115 2.789704 12.102455
v -49.915806 2.900394 12.070419
v -49.907716 3.036421 12.029204
v -49.899309 3.171593 11.986194
v -49.890339 3.309694 11.940093
v -49.881587 3.439078 11.894876
v -49.872306 3.571150 11.846648
v -49.844515 3.940088 11.700349
v -49.853741 3.821590 11.749250
v -49.862737 3.702361 11.796608
v -49.842865 3.960910 11.691564
v -49.832595 4.088090 11.636627
v -49.822076 4.214355 11.579858
v -49.811404 4.338663 11.521725
v -49.790727 4.569852 11.407387
v -49.800500 4.462086 11.461718
v -49.778265 4.703655 11.337313
v -49.755507 4.938579 11.206841
v -49.766981 4.821573 11.273048
v -49.744022 5.052944 11.139666
v -49.728966 5.199031 11.050115
v -49.732369 5.166379 11.070508
v -49.719043 5.293082 10.990111
v -49.709000 5.386583 10.928529
v -49.697314 5.493362 10.855721
v -49.685554 5.598727 10.781129
v -49.673884 5.701338 10.705690
v -49.659271 5.827248 10.609067
v -49.662185 5.802356 10.628540
v -49.649171 5.912681 10.540770
v -49.639054 5.997026 10.471005
v -49.627672 6.090497 10.390784
v -49.616319 6.182307 10.308772
v -49.605200 6.270896 10.226355
v -49.594139 6.357783 10.142098
v -49.581662 6.454361 10.044065
v -49.572672 6.523054 9.971246
v -49.562313 6.601295 9.884843
v -49.552072 6.677738 9.796486
v -49.542207 6.750534 9.708301
v -49.532489 6.821473 9.618096
v -49.523154 6.888923 9.527906
v -49.514069 6.953917 9.436356
v -49.505368 7.015590 9.344649
v -49.496094 7.080724 9.241852
v -49.496948 7.074754 9.251554
v -49.481255 7.183691 9.063983
v -49.488544 7.133302 9.153656
v -49.474014 7.233389 8.969689
v -49.467109 7.280460 8.873939
v -49.460683 7.323989 8.778578
v -49.454619 7.364824 8.681722
v -49.449056 7.402082 8.585446
v -49.443881 7.436571 8.487637
v -49.439200 7.467629 8.390080
v -49.431243 7.520121 8.193809
v -49.434979 7.495522 8.291990
v -49.425219 7.559612 7.996442
v -49.427981 7.541529 8.095091
v -49.422943 7.574475 7.897251
v -49.421176 7.586001 7.798290
v -49.419905 7.594276 7.698783
v -49.419144 7.599222 7.599668
v -49.418889 7.600882 7.500000
v -49.496112 7.080602 5.757950
v -49.488545 7.133297 5.846335
v -49.481255 7.183691 5.936017
v -49.474015 7.233384 6.030301
v -49.467109 7.280460 6.126061
v -49.460684 7.323984 6.221411
v -49.454619 7.364824 6.318278
v -49.449054 7.402097 6.414595
v -49.443881 7.436571 6.512363
v -49.439201 7.467623 6.609900
v -49.434979 7.495522 6.708010
v -49.431244 7.520116 6.806171
v -49.427981 7.541529 6.904909
v -49.425220 7.559608 7.003537
v -49.422943 7.574475 7.102749
v -49.421176 7.585999 7.201688
v -49.419905 7.594276 7.301217
v -49.419144 7.599221 7.400322
v 40.106437 2.771199 7.500000
v 40.109232 2.773994 7.301217
v 40.117613 2.782375 7.102749
v 40.131567 2.796329 6.904909
v 40.151072 2.815834 6.708010
v 40.176096 2.840858 6.512363
v 40.206601 2.871363 6.318278
v 40.242537 2.907299 6.126061
v 40.283849 2.948611 5.936017
v 40.330471 2.995233 5.748446
v 40.382329 3.047091 5.563644
v 40.439341 3.104103 5.381904
v 40.501417 3.166179 5.203514
v 40.568459 3.233221 5.028754
v 40.640361 3.305123 4.857902
v 40.717009 3.381771 4.691228
v 40.798282 3.463044 4.528995
v 40.884052 3.548813 4.371460
v 40.974182 3.638944 4.218871
v 41.068530 3.733292 4.071471
v 41.166948 3.831710 3.929492
v 41.269279 3.934041 3.793159
v 41.375362 4.040124 3.662687
v 41.485029 4.149791 3.538282
v 41.598107 4.262869 3.420142
v 41.714416 4.379178 3.308453
v 41.833773 4.498535 3.203392
v 41.955989 4.620751 3.105124
v 42.080872 4.745633 3.013806
v 42.208222 4.872984 2.929581
v 42.337840 5.002602 2.852583
v 42.469519 5.134281 2.782934
v 42.603053 5.267815 2.720743
v 42.738229 5.402991 2.666109
v 42.874835 5.539597 2.619118
v 43.012653 5.677415 2.579846
v 43.151466 5.816228 2.548353
v 43.291055 5.955817 2.524689
v 43.431199 6.095961 2.508893
v 43.571676 6.236438 2.500988
v 43.712265 6.377027 2.500988
v 43.852742 6.517504 2.508893
v 43.992886 6.657648 2.524689
v 44.132475 6.797237 2.548353
v 44.271288 6.936050 2.579846
v 44.409107 7.073868 2.619118
v 44.545712 7.210474 2.666109
v 44.680888 7.345650 2.720743
v 44.814422 7.479184 2.782934
v 44.946102 7.610863 2.852583
v 45.075719 7.740481 2.929581
v 45.203070 7.867832 3.013806
v 45.327952 7.992714 3.105124
v 45.450168 8.114930 3.203392
v 45.569525 8.234287 3.308453
v 45.685834 8.350596 3.420142
v 45.798912 8.463674 3.538282
v 45.908579 8.573341 3.662687
v 46.014662 8.679424 3.793159
v 46.116993 8.781755 3.929492
v 46.215411 8.880173 4.071471
v 46.309759 8.974521 4.218871
v 46.399890 9.064652 4.371460
v 46.485659 9.150421 4.528995
v 46.566932 9.231694 4.691228
v 46.643580 9.308342 4.857902
v 46.715482 9.380244 5.028754
v 46.782524 9.447286 5.203514
v 46.844600 9.509362 5.381904
v 46.901612 9.566374 5.563644
v 46.953470 9.618232 5.748446
v 47.000092 9.664854 5.936017
v 47.041404 9.706166 6.126061
v 47.077340 9.742102 6.318278
v 47.107845 9.772607 6.512363
v 47.132870 9.797632 6.708010
v 47.152374 9.817136 6.904909
v 47.166328 9.831090 7.102749
v 47.177505 9.842266 7.500000
v 47.174709 9.839471 7.301217
v 47.174709 9.839471 7.698783
v 47.166328 9.831090 7.897251
v 47.152374 9.817136 8.095091
v 47.132870 9.797632 8.291990
v 47.107845 9.772607 8.487637
v 47.077340 9.742102 8.681722
v 47.041404 9.706166 8.873939
v 47.000092 9.664854 9.063983
v 46.953470 9.618232 9.251554
v 46.901612 9.566374 9.436356
v 46.844600 9.509362 9.618096
v 46.782524 9.447286 9.796486
v 46.715482 9.380244 9.971246
v 46.643580 9.308342 10.142098
v 46.566932 9.231694 10.308772
v 46.485659 9.150421 10.471005
v 46.399890 9.064652 10.628540
v 46.309759 8.974521 10.781129
v 46.215411 8.880173 10.928529
v 46.116993 8.781755 11.070508
v 46.014662 8.679424 11.206841
v 45.908579 8.573341 11.337313
v 45.798912 8.463674 11.461718
v 45.685834 8.350596 11.579858
v 45.569525 8.234287 11.691547
v 45.450168 8.114930 11.796608
v 45.327952 7.992714 11.894876
v 45.203070 7.867832 11.986194
v 45.075719 7.740481 12.070419
v 44.946102 7.610863 12.147417
v 44.814422 7.479184 12.217066
v 44.680888 7.345650 12.279257
v 44.545712 7.210474 12.333891
v 44.409107 7.073868 12.380882
v 44.271288 6.936050 12.420154
v 44.132475 6.797237 12.451647
v 43.992886 6.657648 12.475311
v 43.852742 6.517504 12.491107
v 43.712265 6.377027 12.499012
v 43.641971 6.306733 12.500000
v 43.571676 6.236438 12.499012
v 43.431199 6.095961 12.491107
v 43.291055 5.955817 12.475311
v 43.151466 5.816228 12.451647
v 43.012653 5.677415 12.420154
v 42.874835 5.539597 12.380882
v 42.738229 5.402991 12.333891
v 42.603053 5.267815 12.279257
v 42.469519 5.134281 12.217066
v 42.337840 5.002602 12.147417
v 42.208222 4.872984 12.070419
v 42.080872 4.745633 11.986194
v 41.955989 4.620751 11.894876
v 41.833773 4.498535 11.796608
v 41.714416 4.379178 11.691547
v 41.598107 4.262869 11.579858
v 41.485029 4.149791 11.461718
v 41.375362 4.040124 11.337313
v 41.269279 3.934041 11.206841
v 41.166948 3.831710 11.070508
v 41.068530 3.733292 10.928529
v 40.974182 3.638944 10.781129
v 40.884052 3.548813 10.628540
v 40.798282 3.463044 10.471005
v 40.717009 3.381771 10.308772
v 40.640361 3.305123 10.142098
v 40.568459 3.233221 9.971246
v 40.501417 3.166179 9.796486
v 40.439341 3.104103 9.618096
v 40.382329 3.047091 9.436356
v 40.330471 2.995233 9.251554
v 40.283849 2.948611 9.063983
v 40.242537 2.907299 8.873939
v 40.206601 2.871363 8.681722
v 40.176096 2.840858 8.487637
v 40.151072 2.815834 8.291990
v 40.131567 2.796329 8.095091
v 40.117613 2.782375 7.897251
v 40.109232 2.773994 7.698783
v 43.511535 6.176297 4.756194
v 43.720269 6.385031 4.752230
v 43.615865 6.280627 4.750248
v 44.030929 6.695691 4.805576
v 43.928101 6.592863 4.779934
v 42.903860 5.568622 4.955813
v 43.407582 6.072344 4.770051
v 43.824448 6.489210 4.762135
v 44.132636 6.797398 4.838986
v 44.522448 7.187210 9.951942
v 42.624837 5.289599 5.156205
v 42.537344 5.202106 5.236794
v 42.808359 5.473121 5.015511
v 42.715262 5.380024 5.082373
v 44.331515 6.996277 4.928705
v 44.232927 6.897689 4.880069
v 44.871788 7.536550 5.369836
v 45.097482 7.762244 5.676413
v 44.789165 7.453927 9.720448
v 44.871788 7.536550 9.630164
v 44.614242 7.279004 9.881570
v 44.428115 7.092877 10.015244
v 43.615865 6.280627 10.249752
v 43.720269 6.385031 10.247770
v 41.920163 4.584925 8.777989
v 41.833212 4.497974 8.509596
v 41.874139 4.538901 8.645444
v 41.742118 4.406880 8.086194
v 41.767106 4.431868 8.229567
v 43.001489 5.666251 4.903451
v 43.202000 5.866762 4.821315
v 44.614242 7.279004 5.118430
v 44.522448 7.187210 5.048058
v 44.789165 7.453927 5.279552
v 44.950866 7.615628 5.466263
v 45.026170 7.690932 5.568553
v 45.026170 7.690932 9.431447
v 45.097482 7.762244 9.323587
v 44.703234 7.367995 9.804331
v 43.928101 6.592863 10.220066
v 43.407582 6.072344 10.229949
v 43.511535 6.176297 10.243806
v 42.537344 5.202106 9.763206
v 42.294938 4.959700 9.483307
v 42.221603 4.886365 9.378194
v 42.152364 4.817126 9.267666
v 42.087419 4.752181 9.152041
v 42.026957 4.691719 9.031653
v 41.971151 4.635913 8.906849
v 41.797500 4.462262 8.370837
v 41.708632 4.373394 7.205204
v 43.100965 5.765727 4.858575
v 43.304304 5.969066 4.791779
v 44.428115 7.092877 4.984756
v 44.703234 7.367995 5.195669
v 45.502309 8.167070 6.699509
v 45.469244 8.134006 6.559445
v 44.950866 7.615628 9.533737
v 44.232927 6.897689 10.119931
v 44.132636 6.797398 10.161014
v 44.030929 6.695691 10.194424
v 43.824448 6.489210 10.237865
v 42.808359 5.473121 9.984489
v 42.903860 5.568622 10.044187
v 42.624837 5.289599 9.843795
v 42.453036 5.117798 9.676090
v 42.372156 5.036918 9.582701
v 41.700230 4.364992 7.647611
v 41.708632 4.373394 7.794796
v 41.700230 4.364992 7.352389
v 41.697427 4.362189 7.500000
v 41.722608 4.387370 7.058869
v 41.742118 4.406880 6.913806
v 42.152364 4.817126 5.732334
v 42.087419 4.752181 5.847959
v 42.372156 5.036918 5.417299
v 42.294938 4.959700 5.516693
v 45.530009 8.194771 6.841882
v 45.164599 7.829361 9.210470
v 44.331515 6.996277 10.071295
v 43.304304 5.969066 10.208221
v 43.202000 5.866762 10.178685
v 43.100965 5.765727 10.141425
v 43.001489 5.666251 10.096549
v 42.715262 5.380024 9.917627
v 42.221603 4.886365 5.621806
v 45.285480 7.950242 6.030219
v 45.387420 8.052182 6.287847
v 45.338896 8.003658 6.157097
v 45.552266 8.217028 6.986152
v 45.569016 8.233778 7.131904
v 41.722608 4.387370 7.941131
v 41.767106 4.431868 6.770433
v 42.453036 5.117798 5.323910
v 45.164599 7.829361 5.789530
v 45.227325 7.892087 5.907579
v 45.430911 8.095673 6.422092
v 45.580209 8.244971 7.278717
v 45.469244 8.134006 8.440555
v 45.338896 8.003658 8.842903
v 45.227325 7.892087 9.092421
v 45.285480 7.950242 8.969781
v 41.797500 4.462262 6.629163
v 41.874139 4.538901 6.354556
v 45.502309 8.167070 8.300491
v 45.530009 8.194771 8.158118
v 45.430911 8.095673 8.577908
v 45.387420 8.052182 8.712153
v 41.833212 4.497974 6.490404
v 41.920163 4.584925 6.222011
v 41.971151 4.635913 6.093151
v 45.585813 8.250575 7.573832
v 45.585813 8.250575 7.426168
v 45.552266 8.217028 8.013848
v 42.026957 4.691719 5.968347
v 45.569016 8.233778 7.868096
v 45.580209 8.244971 7.721283
v 38.518250 7.546973 7.352389
v 38.515446 7.544169 7.500000
v 38.526652 7.555375 7.205204
v 38.540628 7.569351 7.058869
v 38.560138 7.588861 6.913806
v 38.585126 7.613849 6.770433
v 38.615520 7.644243 6.629163
v 38.651231 7.679954 6.490404
v 38.692158 7.720881 6.354556
v 38.738182 7.766905 6.222011
v 38.789171 7.817894 6.093151
v 38.844976 7.873699 5.968347
v 38.905439 7.934162 5.847959
v 38.970383 7.999106 5.732334
v 39.039623 8.068346 5.621806
v 39.112957 8.141680 5.516693
v 39.190176 8.218899 5.417299
v 39.271056 8.299779 5.323910
v 39.355363 8.384086 5.236794
v 39.442856 8.471579 5.156205
v 39.533281 8.562004 5.082373
v 39.626379 8.655102 5.015511
v 39.721879 8.750602 4.955813
v 39.819508 8.848231 4.903451
v 39.918984 8.947707 4.858575
v 40.020020 9.048743 4.821315
v 40.122324 9.151047 4.791779
v 40.225601 9.254324 4.770051
v 40.329555 9.358278 4.756194
v 40.433884 9.462607 4.750248
v 40.538289 9.567012 4.752230
v 40.642468 9.671191 4.762135
v 40.746121 9.774844 4.779934
v 40.848949 9.877672 4.805576
v 40.950655 9.979378 4.838986
v 41.050947 10.079670 4.880069
v 41.149535 10.178258 4.928705
v 41.246134 10.274857 4.984756
v 41.340468 10.369190 5.048058
v 41.432262 10.460985 5.118430
v 41.521253 10.549976 5.195669
v 41.607184 10.635907 5.279552
v 41.689808 10.718531 5.369836
v 41.768885 10.797608 5.466263
v 41.844189 10.872912 5.568553
v 41.915502 10.944225 5.676413
v 41.982618 11.011341 5.789530
v 42.045344 11.074067 5.907579
v 42.103499 11.132222 6.030219
v 42.156915 11.185638 6.157097
v 42.205439 11.234162 6.287847
v 42.248930 11.277653 6.422092
v 42.287263 11.315986 6.559445
v 42.320328 11.349051 6.699509
v 42.348029 11.376752 6.841882
v 42.370286 11.399009 6.986152
v 42.387035 11.415758 7.131904
v 42.398228 11.426951 7.278717
v 42.403833 11.432556 7.426168
v 42.404534 11.433257 7.500000
v 42.403833 11.432556 7.573832
v 42.398228 11.426951 7.721283
v 42.387035 11.415758 7.868096
v 42.370286 11.399009 8.013848
v 42.348029 11.376752 8.158118
v 42.320328 11.349051 8.300491
v 42.287263 11.315986 8.440555
v 42.248930 11.277653 8.577908
v 42.205439 11.234162 8.712153
v 42.156915 11.185638 8.842903
v 42.103499 11.132222 8.969781
v 42.045344 11.074067 9.092421
v 41.982618 11.011341 9.210470
v 41.915502 10.944225 9.323587
v 41.844189 10.872912 9.431447
v 41.768885 10.797608 9.533737
v 41.689808 10.718531 9.630164
v 41.607184 10.635907 9.720448
v 41.521253 10.549976 9.804331
v 41.432262 10.460985 9.881570
v 41.340468 10.369190 9.951942
v 41.246134 10.274857 10.015244
v 41.149535 10.178258 10.071295
v 41.050947 10.079670 10.119931
v 40.950655 9.979378 10.161014
v 40.848949 9.877672 10.194424
v 40.746121 9.774844 10.220066
v 40.642468 9.671191 10.237865
v 40.538289 9.567012 10.247770
v 40.433884 9.462607 10.249752
v 40.329555 9.358278 10.243806
v 40.225601 9.254324 10.229949
v 40.122324 9.151047 10.208221
v 40.020020 9.048743 10.178685
v 39.918984 8.947707 10.141425
v 39.819508 8.848231 10.096549
v 39.721879 8.750602 10.044187
v 39.626379 8.655102 9.984489
v 39.533281 8.562004 9.917627
v 39.442856 8.471579 9.843795
v 39.355363 8.384086 9.763206
v 39.271056 8.299779 9.676090
v 39.190176 8.218899 9.582701
v 39.112957 8.141680 9.483307
v 39.039623 8.068346 9.378194
v 38.970383 7.999106 9.267666
v 38.905439 7.934162 9.152041
v 38.844976 7.873699 9.031653
v 38.789171 7.817894 8.906849
v 38.738182 7.766905 8.777989
v 38.692158 7.720881 8.645444
v 38.651231 7.679954 8.509596
v 38.615520 7.644243 8.370837
v 38.585126 7.613849 8.229567
v 38.560138 7.588861 8.086194
v 38.540628 7.569351 7.941131
v 38.526652 7.555375 7.794796
v 38.518250 7.546973 7.647611
v -40.106437 2.771199 7.500000
v -40.109232 2.773994 7.698783
v -40.117613 2.782375 7.897251
v -40.131567 2.796329 8.095091
v -40.151072 2.815834 8.291990
v -40.176096 2.840858 8.487637
v -40.206601 2.871363 8.681722
v -40.242537 2.907299 8.873939
v -40.283849 2.948611 9.063983
v -40.330471 2.995233 9.251554
v -40.382329 3.047091 9.436356
v -40.439341 3.104103 9.618096
v -40.501417 3.166179 9.796486
v -40.568459 3.233221 9.971246
v -40.640361 3.305123 10.142098
v -40.717009 3.381771 10.308772
v -40.798282 3.463044 10.471005
v -40.884052 3.548813 10.628540
v -40.974182 3.638944 10.781129
v -41.068530 3.733292 10.928529
v -41.166948 3.831710 11.070508
v -41.269279 3.934041 11.206841
v -41.375362 4.040124 11.337313
v -41.485029 4.149791 11.461718
v -41.598107 4.262869 11.579858
v -41.714416 4.379178 11.691547
v -41.833773 4.498535 11.796608
v -41.955989 4.620751 11.894876
v -42.080872 4.745633 11.986194
v -42.208222 4.872984 12.070419
v -42.337840 5.002602 12.147417
v -42.469519 5.134281 12.217066
v -42.603053 5.267815 12.279257
v -42.738229 5.402991 12.333891
v -42.874835 5.539597 12.380882
v -43.012653 5.677415 12.420154
v -43.151466 5.816228 12.451647
v -43.291055 5.955817 12.475311
v -43.431199 6.095961 12.491107
v -43.571676 6.236438 12.499012
v -43.641971 6.306733 12.500000
v -43.712265 6.377027 12.499012
v -43.852742 6.517504 12.491107
v -43.992886 6.657648 12.475311
v -44.132475 6.797237 12.451647
v -44.271288 6.936050 12.420154
v -44.409107 7.073868 12.380882
v -44.545712 7.210474 12.333891
v -44.680888 7.345650 12.279257
v -44.814422 7.479184 12.217066
v -44.946102 7.610863 12.147417
v -45.075719 7.740481 12.070419
v -45.203070 7.867832 11.986194
v -45.327952 7.992714 11.894876
v -45.450168 8.114930 11.796608
v -45.569525 8.234287 11.691547
v -45.685834 8.350596 11.579858
v -45.798912 8.463674 11.461718
v -45.908579 8.573341 11.337313
v -46.014662 8.679424 11.206841
v -46.116993 8.781755 11.070508
v -46.215411 8.880173 10.928529
v -46.309759 8.974521 10.781129
v -46.399890 9.064652 10.628540
v -46.485659 9.150421 10.471005
v -46.566932 9.231694 10.308772
v -46.643580 9.308342 10.142098
v -46.715482 9.380244 9.971246
v -46.782524 9.447286 9.796486
v -46.844600 9.509362 9.618096
v -46.901612 9.566374 9.436356
v -46.953470 9.618232 9.251554
v -47.000092 9.664854 9.063983
v -47.041404 9.706166 8.873939
v -47.077340 9.742102 8.681722
v -47.107845 9.772607 8.487637
v -47.132870 9.797632 8.291990
v -47.152374 9.817136 8.095091
v -47.166328 9.831090 7.897251
v -47.177505 9.842266 7.500000
v -47.174709 9.839471 7.698783
v -47.174709 9.839471 7.301217
v -47.166328 9.831090 7.102749
v -47.152374 9.817136 6.904909
v -47.132870 9.797632 6.708010
v -47.107845 9.772607 6.512363
v -47.077340 9.742102 6.318278
v -47.041404 9.706166 6.126061
v -47.000092 9.664854 5.936017
v -46.953470 9.618232 5.748446
v -46.901612 9.566374 5.563644
v -46.844600 9.509362 5.381904
v -46.782524 9.447286 5.203514
v -46.715482 9.380244 5.028754
v -46.643580 9.308342 4.857902
v -46.566932 9.231694 4.691228
v -46.485659 9.150421 4.528995
v -46.399890 9.064652 4.371460
v -46.309759 8.974521 4.218871
v -46.215411 8.880173 4.071471
v -46.116993 8.781755 3.929492
v -46.014662 8.679424 3.793159
v -45.908579 8.573341 3.662687
v -45.798912 8.463674 3.538282
v -45.685834 8.350596 3.420142
v -45.569525 8.234287 3.308453
v -45.450168 8.114930 3.203392
v -45.327952 7.992714 3.105124
v -45.203070 7.867832 3.013806
v -45.075719 7.740481 2.929581
v -44.946102 7.610863 2.852583
v -44.814422 7.479184 2.782934
v -44.680888 7.345650 2.720743
v -44.545712 7.210474 2.666109
v -44.409107 7.073868 2.619118
v -44.271288 6.936050 2.579846
v -44.132475 6.797237 2.548353
v -43.992886 6.657648 2.524689
v -43.852742 6.517504 2.508893
v -43.712265 6.377027 2.500988
v -43.571676 6.236438 2.500988
v -43.431199 6.095961 2.508893
v -43.291055 5.955817 2.524689
v -43.151466 5.816228 2.548353
v -43.012653 5.677415 2.579846
v -42.874835 5.539597 2.619118
v -42.738229 5.402991 2.666109
v -42.603053 5.267815 2.720743
v -42.469519 5.134281 2.782934
v -42.337840 5.002602 2.852583
v -42.208222 4.872984 2.929581
v -42.080872 4.745633 3.013806
v -41.955989 4.620751 3.105124
v -41.833773 4.498535 3.203392
v -41.714416 4.379178 3.308453
v -41.598107 4.262869 3.420142
v -41.485029 4.149791 3.538282
v -41.375362 4.040124 3.662687
v -41.269279 3.934041 3.793159
v -41.166948 3.831710 3.929492
v -41.068530 3.733292 4.071471
v -40.974182 3.638944 4.218871
v -40.884052 3.548813 4.371460
v -40.798282 3.463044 4.528995
v -40.717009 3.381771 4.691228
v -40.640361 3.305123 4.857902
v -40.568459 3.233221 5.028754
v -40.501417 3.166179 5.203514
v -40.439341 3.104103 5.381904
v -40.382329 3.047091 5.563644
v -40.330471 2.995233 5.748446
v -40.283849 2.948611 5.936017
v -40.242537 2.907299 6.126061
v -40.206601 2.871363 6.318278
v -40.176096 2.840858 6.512363
v -40.151072 2.815834 6.708010
v -40.131567 2.796329 6.904909
v -40.117613 2.782375 7.102749
v -40.109232 2.773994 7.301217
v -43.615865 6.280627 10.249752
v -43.511535 6.176297 10.243806
v -43.720269 6.385031 10.247770
v -43.407582 6.072344 10.229949
v -43.824448 6.489210 10.237865
v -44.030929 6.695691 10.194424
v -43.928101 6.592863 10.220066
v -44.132636 6.797398 10.161014
v -44.871788 7.536550 9.630164
v -42.903860 5.568622 10.044187
v -43.304304 5.969066 10.208221
v -44.331515 6.996277 10.071295
v -44.232927 6.897689 10.119931
v -44.614242 7.279004 9.881570
v -44.522448 7.187210 9.951942
v -44.703234 7.367995 9.804331
v -44.789165 7.453927 9.720448
v -44.950866 7.615628 9.533737
v -45.097482 7.762244 9.323587
v -42.152364 4.817126 9.267666
v -42.087419 4.752181 9.152041
v -42.624837 5.289599 9.843795
v -42.537344 5.202106 9.763206
v -42.808359 5.473121 9.984489
v -42.715262 5.380024 9.917627
v -43.202000 5.866762 10.178685
v -44.428115 7.092877 10.015244
v -45.026170 7.690932 9.431447
v -42.221603 4.886365 9.378194
v -43.001489 5.666251 10.096549
v -43.100965 5.765727 10.141425
v -44.522448 7.187210 5.048058
v -42.294938 4.959700 9.483307
v -42.372156 5.036918 9.582701
v -45.164599 7.829361 9.210470
v -45.227325 7.892087 9.092421
v -44.789165 7.453927 5.279552
v -44.871788 7.536550 5.369836
v -44.614242 7.279004 5.118430
v -44.428115 7.092877 4.984756
v -44.232927 6.897689 4.880069
v -43.928101 6.592863 4.779934
v -41.971151 4.635913 8.906849
v -41.920163 4.584925 8.777989
v -42.453036 5.117798 9.676090
v -44.703234 7.367995 5.195669
v -44.331515 6.996277 4.928705
v -44.030929 6.695691 4.805576
v -43.824448 6.489210 4.762135
v -42.026957 4.691719 9.031653
v -45.285480 7.950242 8.969781
v -45.387420 8.052182 8.712153
v -45.338896 8.003658 8.842903
v -45.502309 8.167070 8.300491
v -45.469244 8.134006 8.440555
v -45.530009 8.194771 8.158118
v -45.552266 8.217028 8.013848
v -45.026170 7.690932 5.568553
v -45.097482 7.762244 5.676413
v -44.132636 6.797398 4.838986
v -43.615865 6.280627 4.750248
v -43.407582 6.072344 4.770051
v -43.511535 6.176297 4.756194
v -43.100965 5.765727 4.858575
v -43.202000 5.866762 4.821315
v -43.001489 5.666251 4.903451
v -42.903860 5.568622 4.955813
v -42.537344 5.202106 5.236794
v -41.920163 4.584925 6.222011
v -41.833212 4.497974 6.490404
v -41.874139 4.538901 6.354556
v -41.742118 4.406880 6.913806
v -41.767106 4.431868 6.770433
v -45.430911 8.095673 8.577908
v -45.569016 8.233778 7.868096
v -44.950866 7.615628 5.466263
v -43.720269 6.385031 4.752230
v -43.304304 5.969066 4.791779
v -42.624837 5.289599 5.156205
v -42.453036 5.117798 5.323910
v -42.294938 4.959700 5.516693
v -42.087419 4.752181 5.847959
v -42.026957 4.691719 5.968347
v -41.971151 4.635913 6.093151
v -41.797500 4.462262 6.629163
v -41.700230 4.364992 7.352389
v -41.708632 4.373394 7.205204
v -41.708632 4.373394 7.794796
v -41.767106 4.431868 8.229567
v -45.580209 8.244971 7.721283
v -45.585813 8.250575 7.426168
v -45.585813 8.250575 7.573832
v -45.164599 7.829361 5.789530
v -42.715262 5.380024 5.082373
v -42.372156 5.036918 5.417299
v -42.221603 4.886365 5.621806
v -42.152364 4.817126 5.732334
v -41.722608 4.387370 7.058869
v -41.697427 4.362189 7.500000
v -41.700230 4.364992 7.647611
v -41.722608 4.387370 7.941131
v -41.742118 4.406880 8.086194
v -41.797500 4.462262 8.370837
v -45.580209 8.244971 7.278717
v -45.552266 8.217028 6.986152
v -45.469244 8.134006 6.559445
v -45.338896 8.003658 6.157097
v -45.227325 7.892087 5.907579
v -45.285480 7.950242 6.030219
v -42.808359 5.473121 5.015511
v -41.833212 4.497974 8.509596
v -41.874139 4.538901 8.645444
v -45.569016 8.233778 7.131904
v -45.530009 8.194771 6.841882
v -45.502309 8.167070 6.699509
v -45.430911 8.095673 6.422092
v -45.387420 8.052182 6.287847
v -38.518250 7.546973 7.647611
v -38.515446 7.544169 7.500000
v -38.526652 7.555375 7.794796
v -38.540628 7.569351 7.941131
v -38.560138 7.588861 8.086194
v -38.585126 7.613849 8.229567
v -38.615520 7.644243 8.370837
v -38.651231 7.679954 8.509596
v -38.692158 7.720881 8.645444
v -38.738182 7.766905 8.777989
v -38.789171 7.817894 8.906849
v -38.844976 7.873699 9.031653
v -38.905439 7.934162 9.152041
v -38.970383 7.999106 9.267666
v -39.039623 8.068346 9.378194
v -39.112957 8.141680 9.483307
v -39.190176 8.218899 9.582701
v -39.271056 8.299779 9.676090
v -39.355363 8.384086 9.763206
v -39.442856 8.471579 9.843795
v -39.533281 8.562004 9.917627
v -39.626379 8.655102 9.984489
v -39.721879 8.750602 10.044187
v -39.819508 8.848231 10.096549
v -39.918984 8.947707 10.141425
v -40.020020 9.048743 10.178685
v -40.122324 9.151047 10.208221
v -40.225601 9.254324 10.229949
v -40.329555 9.358278 10.243806
v -40.433884 9.462607 10.249752
v -40.538289 9.567012 10.247770
v -40.642468 9.671191 10.237865
v -40.746121 9.774844 10.220066
v -40.848949 9.877672 10.194424
v -40.950655 9.979378 10.161014
v -41.050947 10.079670 10.119931
v -41.149535 10.178258 10.071295
v -41.246134 10.274857 10.015244
v -41.340468 10.369190 9.951942
v -41.432262 10.460985 9.881570
v -41.521253 10.549976 9.804331
v -41.607184 10.635907 9.720448
v -41.689808 10.718531 9.630164
v -41.768885 10.797608 9.533737
v -41.844189 10.872912 9.431447
v -41.915502 10.944225 9.323587
v -41.982618 11.011341 9.210470
v -42.045344 11.074067 9.092421
v -42.103499 11.132222 8.969781
v -42.156915 11.185638 8.842903
v -42.205439 11.234162 8.712153
v -42.248930 11.277653 8.577908
v -42.287263 11.315986 8.440555
v -42.320328 11.349051 8.300491
v -42.348029 11.376752 8.158118
v -42.370286 11.399009 8.013848
v -42.387035 11.415758 7.868096
v -42.398228 11.426951 7.721283
v -42.403833 11.432556 7.573832
v -42.403833 11.432556 7.426168
v -42.398228 11.426951 7.278717
v -42.387035 11.415758 7.131904
v -42.370286 11.399009 6.986152
v -42.348029 11.376752 6.841882
v -42.320328 11.349051 6.699509
v -42.287263 11.315986 6.559445
v -42.248930 11.277653 6.422092
v -42.205439 11.234162 6.287847
v -42.156915 11.185638 6.157097
v -42.103499 11.132222 6.030219
v -42.045344 11.074067 5.907579
v -41.982618 11.011341 5.789530
v -41.915502 10.944225 5.676413
v -41.844189 10.872912 5.568553
v -41.768885 10.797608 5.466263
v -41.689808 10.718531 5.369836
v -41.607184 10.635907 5.279552
v -41.521253 10.549976 5.195669
v -41.432262 10.460985 5.118430
v -41.340468 10.369190 5.048058
v -41.246134 10.274857 4.984756
v -41.149535 10.178258 4.928705
v -41.050947 10.079670 4.880069
v -40.950655 9.979378 4.838986
v -40.848949 9.877672 4.805576
v -40.746121 9.774844 4.779934
v -40.642468 9.671191 4.762135
v -40.538289 9.567012 4.752230
v -40.433884 9.462607 4.750248
v -40.329555 9.358278 4.756194
v -40.225601 9.254324 4.770051
v -40.122324 9.151047 4.791779
v -40.020020 9.048743 4.821315
v -39.918984 8.947707 4.858575
v -39.819508 8.848231 4.903451
v -39.721879 8.750602 4.955813
v -39.626379 8.655102 5.015511
v -39.533281 8.562004 5.082373
v -39.442856 8.471579 5.156205
v -39.355363 8.384086 5.236794
v -39.271056 8.299779 5.323910
v -39.190176 8.218899 5.417299
v -39.112957 8.141680 5.516693
v -39.039623 8.068346 5.621806
v -38.970383 7.999106 5.732334
v -38.905439 7.934162 5.847959
v -38.844976 7.873699 5.968347
v -38.789171 7.817894 6.093151
v -38.738182 7.766905 6.222011
v -38.692158 7.720881 6.354556
v -38.651231 7.679954 6.490404
v -38.615520 7.644243 6.629163
v -38.585126 7.613849 6.770433
v -38.560138 7.588861 6.913806
v -38.540628 7.569351 7.058869
v -38.526652 7.555375 7.205204
v -38.518250 7.546973 7.352389
v -32.461272 20.489944 9.247844
v -32.446722 20.470097 9.276976
v -32.488352 20.527161 9.191106
v -32.514344 20.563230 9.133273
v -32.539307 20.598195 9.074256
v -32.563213 20.631987 9.014143
v -32.586049 20.664547 8.953014
v -32.609371 20.698093 8.886313
v -32.607857 20.695906 8.890786
v -32.310622 20.289319 9.511957
v -32.277183 20.246194 9.561074
v -32.373870 20.372257 9.410421
v -32.342645 20.331084 9.462044
v -32.425682 20.441580 9.317556
v -32.404025 20.412450 9.357537
v -32.134280 20.067272 9.741615
v -32.102408 20.028504 9.776287
v -32.171476 20.113028 9.698754
v -32.242913 20.202504 9.608486
v -32.207702 20.158136 9.654351
v -31.975993 19.878596 9.897144
v -31.920988 19.815216 9.942319
v -32.057008 19.973969 9.822621
v -32.017017 19.926584 9.860655
v -31.768622 19.645166 10.047403
v -31.733671 19.607256 10.067753
v -31.803245 19.683117 10.025926
v -31.847646 19.732374 9.996378
v -31.891359 19.781523 9.964975
v -31.579019 19.444152 10.142964
v -31.540412 19.404576 10.158234
v -31.617223 19.483755 10.126525
v -31.664877 19.533781 10.104094
v -31.711808 19.583742 10.079826
v -31.380644 19.245395 10.207971
v -31.341487 19.207474 10.217047
v -31.419396 19.283340 10.197817
v -31.469917 19.333441 10.182775
v -31.519682 19.383507 10.165892
v -31.211522 19.084560 10.239008
v -31.137025 19.016081 10.246199
v -31.316594 19.183584 10.222212
v -31.264273 19.133911 10.231572
v -31.050188 18.938012 10.249858
v -31.104444 18.986571 10.248158
v -30.995640 18.889911 10.249637
v -30.927253 18.830607 10.246687
v -30.885408 18.794856 10.243441
v -30.829878 18.748033 10.237473
v -30.774060 18.701665 10.229587
v -30.712301 18.651162 10.218685
v -30.661926 18.610581 10.208114
v -30.605685 18.565913 10.194541
v -30.549346 18.521831 10.179081
v -30.492341 18.477892 10.161541
v -30.436675 18.435621 10.142569
v -30.380369 18.393491 10.121521
v -30.324279 18.352140 10.098682
v -30.267551 18.310937 10.073666
v -30.212534 18.271560 10.047540
v -30.157057 18.232428 10.019309
v -30.101825 18.194032 9.989287
v -30.012504 18.133110 5.063417
v -30.038111 18.150429 5.047774
v -30.012504 18.133110 9.936583
v -30.038111 18.150429 9.952226
v -30.212534 18.271560 4.952460
v -30.267551 18.310937 4.926334
v -30.157077 18.232441 4.980680
v -30.101825 18.194032 5.010713
v -30.436675 18.435621 4.857431
v -30.492341 18.477892 4.838459
v -30.380389 18.393506 4.878471
v -30.324279 18.352140 4.901318
v -30.661926 18.610581 4.791886
v -30.712301 18.651162 4.781315
v -30.605558 18.565813 4.805491
v -30.549346 18.521831 4.820919
v -30.885408 18.794856 4.756559
v -30.927253 18.830607 4.753313
v -30.829923 18.748070 4.762522
v -30.774060 18.701665 4.770413
v -31.050231 18.938050 4.750142
v -31.104444 18.986571 4.751842
v -30.995640 18.889911 4.750363
v -31.264244 19.133884 4.768424
v -31.316594 19.183584 4.777788
v -31.211522 19.084560 4.760992
v -31.137025 19.016081 4.753801
v -31.469955 19.333479 4.817237
v -31.519682 19.383508 4.834108
v -31.341447 19.207436 4.782944
v -31.380560 19.245314 4.792008
v -31.419396 19.283340 4.802183
v -31.664912 19.533819 4.895923
v -31.711808 19.583742 4.920174
v -31.540354 19.404517 4.841744
v -31.579042 19.444175 4.857045
v -31.617223 19.483755 4.873475
v -31.847680 19.732411 5.003645
v -31.891359 19.781523 5.035025
v -31.733586 19.607165 4.932199
v -31.768642 19.645188 4.952609
v -31.803245 19.683117 4.974074
v -31.975993 19.878596 5.102856
v -32.017040 19.926611 5.139366
v -32.057008 19.973969 5.177379
v -31.920988 19.815216 5.057681
v -32.171496 20.113054 5.301271
v -32.207702 20.158136 5.345649
v -32.102408 20.028504 5.223713
v -32.134280 20.067272 5.258385
v -32.242932 20.202528 5.391541
v -32.404025 20.412450 5.642463
v -32.425683 20.441581 5.682446
v -32.373797 20.372161 5.589455
v -32.277699 20.246857 5.439662
v -32.310640 20.289343 5.488071
v -32.342645 20.331084 5.537956
v -32.586054 20.664555 6.047000
v -32.607857 20.695906 6.109214
v -32.446886 20.470321 5.723348
v -32.461272 20.489944 5.752156
v -32.488358 20.527170 5.808908
v -32.514344 20.563230 5.866727
v -32.539312 20.598204 5.925759
v -32.563213 20.631987 5.985857
v -32.629267 20.726947 8.825494
v -32.678093 20.798699 8.657063
v -32.663506 20.777120 8.710677
v -32.648262 20.754699 8.763547
v -32.678093 20.798699 6.342937
v -32.648262 20.754699 6.236453
v -32.663509 20.777124 6.289334
v -32.629272 20.726954 6.174521
v -32.609339 20.698046 6.113591
v -31.776138 19.896744 9.964975
v -31.291065 19.411671 4.802183
v -31.189786 19.310392 4.777788
v -31.087738 19.208344 4.760992
v -30.087626 18.208232 5.010713
v -31.291065 19.411671 10.197817
v -31.391292 19.511898 10.165892
v -30.985204 19.105811 10.248158
v -31.087738 19.208344 10.239008
v -30.575951 18.696557 10.208114
v -30.677560 18.798166 10.229587
v -30.882473 19.003079 4.750363
v -30.779829 18.900435 4.756559
v -30.985204 19.105811 4.751842
v -32.040473 20.161079 5.258385
v -31.955185 20.075792 5.177379
v -32.641178 20.761784 6.236453
v -31.955185 20.075792 9.822621
v -32.040473 20.161079 9.741615
v -31.189786 19.310392 10.222212
v -30.882473 19.003079 10.249637
v -30.475285 18.595891 10.179081
v -30.277907 18.398513 10.098682
v -30.375845 18.496451 10.142569
v -30.277907 18.398513 4.901318
v -30.181744 18.302350 4.952460
v -30.475285 18.595891 4.820919
v -30.375845 18.496451 4.857431
v -30.677560 18.798166 4.770413
v -30.575951 18.696557 4.791886
v -31.776138 19.896744 5.035025
v -31.682878 19.803484 4.974074
v -31.866992 19.987598 5.102856
v -32.201386 20.321992 5.438926
v -32.122616 20.243222 5.345649
v -32.415305 20.535911 5.752156
v -32.347934 20.468541 5.642463
v -32.591579 20.712185 6.109214
v -32.537297 20.657903 5.985857
v -32.537297 20.657903 9.014143
v -32.591579 20.712185 8.890786
v -32.276562 20.397168 9.462044
v -32.347934 20.468541 9.357537
v -32.122616 20.243222 9.654351
v -32.201386 20.321992 9.561074
v -31.866992 19.987598 9.897144
v -30.779829 18.900435 10.243441
v -30.181744 18.302350 10.047540
v -31.490186 19.610792 4.873475
v -31.391292 19.511898 4.834108
v -31.587472 19.708078 4.920174
v -32.276562 20.397168 5.537956
v -32.478484 20.599090 9.133273
v -31.490186 19.610792 10.126525
v -31.587472 19.708078 10.079826
v -30.087626 18.208232 9.989287
v -32.478484 20.599090 5.866727
v -32.415305 20.535911 9.247844
v -31.682878 19.803484 10.025926
v -32.641178 20.761784 8.763547
v -46.709840 15.738563 15.000000
v -34.096029 3.124752 15.000000
v -34.476826 3.505548 4.433490
v -34.542153 3.570876 4.189650
v -34.612449 3.641172 3.948589
v -34.098700 3.127423 7.239272
v -34.120055 3.148778 6.718691
v -34.361288 3.390011 4.928686
v -34.416520 3.445243 4.679904
v -35.457579 4.486302 1.936569
v -35.573644 4.602367 1.733958
v -35.693811 4.722534 1.536187
v -35.817978 4.846701 1.343422
v -44.133294 13.162017 0.150600
v -34.096029 3.124752 7.500000
v -34.106711 3.135434 6.978763
v -34.162693 3.191416 6.200733
v -34.266223 3.294946 5.432513
v -34.311175 3.339898 5.179625
v -34.687653 3.716376 3.710509
v -34.767702 3.796425 3.475609
v -34.942065 3.970788 3.016140
v -35.345713 4.374436 2.143850
v -35.946042 4.974765 1.155825
v -36.942178 5.970901 0.000000
v -42.646291 11.675014 0.000000
v -43.977802 13.006525 0.000000
v -44.285564 13.314287 0.307645
v -44.434479 13.463202 0.470998
v -44.579909 13.608632 0.640515
v -44.721725 13.750448 0.816047
v -34.138721 3.167444 6.459275
v -34.191951 3.220674 5.943281
v -34.226471 3.255194 5.687136
v -34.852530 3.881253 3.244089
v -35.238140 4.266863 2.355627
v -36.213427 5.242150 0.796761
v -35.036231 4.064954 2.791956
v -35.134951 4.163674 2.571723
v -36.077896 5.106619 0.973554
v -36.495068 5.523791 0.460200
v -36.640941 5.669664 0.300714
v -36.790019 5.818742 0.147271
v -36.352524 5.381247 0.625595
v -44.859805 13.888528 0.997442
v -44.994025 14.022748 1.184539
v -45.124270 14.152993 1.377174
v -46.264540 15.293263 3.810230
v -45.250423 14.279146 1.575180
v -45.372376 14.401099 1.778381
v -46.099917 15.128640 3.330773
v -46.184738 15.213461 3.568777
v -46.408805 15.437528 4.302627
v -45.603254 14.631977 2.199654
v -45.711977 14.740700 2.417356
v -45.816094 14.844817 2.639516
v -45.915514 14.944236 2.865938
v -46.010149 15.038872 3.096425
v -46.339251 15.367974 4.054918
v -46.822439 15.851162 7.696172
v -45.490021 14.518744 1.986600
v -46.473143 15.501866 4.553140
v -46.532207 15.560930 4.806238
v -46.585946 15.614669 5.061698
v -46.634313 15.663036 5.319296
v -46.677265 15.705988 5.578807
v -46.714765 15.743488 5.840003
v -46.746779 15.775502 6.102655
v -46.794244 15.822967 6.631402
v -46.773280 15.802003 6.366531
v -46.823757 15.852480 7.429654
v -46.809653 15.838376 6.897035
v -46.819493 15.848216 7.163197
v -32.752526 4.468255 7.500000
v -32.755197 4.470926 7.239272
v -32.763208 4.478937 6.978763
v -32.776552 4.492281 6.718691
v -32.795218 4.510947 6.459275
v -32.819190 4.534919 6.200733
v -32.848448 4.564177 5.943281
v -32.882968 4.598697 5.687136
v -32.922720 4.638449 5.432513
v -32.967672 4.683401 5.179625
v -33.017785 4.733514 4.928686
v -33.073017 4.788746 4.679904
v -33.133323 4.849051 4.433490
v -33.198650 4.914379 4.189650
v -33.268946 4.984675 3.948589
v -33.344150 5.059879 3.710509
v -33.424199 5.139928 3.475609
v -33.509027 5.224756 3.244089
v -33.598562 5.314291 3.016140
v -33.692728 5.408457 2.791956
v -33.791448 5.507177 2.571723
v -33.894637 5.610366 2.355627
v -34.002210 5.717939 2.143850
v -34.114076 5.829805 1.936569
v -34.230141 5.945870 1.733958
v -34.350308 6.066037 1.536187
v -34.474475 6.190204 1.343422
v -34.602540 6.318268 1.155825
v -34.734393 6.450122 0.973554
v -34.869925 6.585653 0.796761
v -35.009021 6.724750 0.625595
v -35.151565 6.867294 0.460200
v -35.297438 7.013167 0.300714
v -35.446516 7.162245 0.147271
v -35.598675 7.314404 0.000000
v -32.752526 4.468255 15.000000
v -45.478936 17.194665 7.696172
v -45.366337 17.082066 15.000000
v -42.634299 14.350028 0.000000
v -42.789791 14.505519 0.150600
v -42.942061 14.657790 0.307645
v -43.090976 14.806705 0.470998
v -43.236406 14.952135 0.640515
v -43.378223 15.093951 0.816047
v -43.516302 15.232031 0.997442
v -43.650522 15.366251 1.184539
v -43.780767 15.496495 1.377174
v -43.906921 15.622649 1.575180
v -44.028873 15.744602 1.778381
v -44.146518 15.862247 1.986600
v -44.259751 15.975480 2.199654
v -44.368474 16.084203 2.417356
v -44.472591 16.188320 2.639516
v -44.572011 16.287739 2.865938
v -44.666646 16.382375 3.096425
v -44.756414 16.472143 3.330773
v -44.841236 16.556964 3.568777
v -44.921037 16.636766 3.810230
v -44.995748 16.711476 4.054918
v -45.065302 16.781031 4.302627
v -45.129640 16.845369 4.553140
v -45.188704 16.904433 4.806238
v -45.242444 16.958172 5.061698
v -45.290810 17.006539 5.319296
v -45.333762 17.049491 5.578807
v -45.371262 17.086991 5.840003
v -45.403276 17.119005 6.102655
v -45.429777 17.145505 6.366531
v -45.450741 17.166470 6.631402
v -45.466150 17.181879 6.897035
v -45.475990 17.191719 7.163197
v -45.480254 17.195983 7.429654
v 43.977802 13.006525 0.000000
v 36.942178 5.970901 0.000000
v 34.096029 3.124752 15.000000
v 44.133294 13.162017 0.150600
v 46.709840 15.738563 15.000000
v 44.285564 13.314287 0.307645
v 35.946042 4.974765 1.155825
v 35.817978 4.846701 1.343422
v 35.693811 4.722534 1.536187
v 46.264540 15.293263 3.810230
v 46.184738 15.213461 3.568777
v 45.711977 14.740700 2.417356
v 44.859805 13.888528 0.997442
v 44.579909 13.608632 0.640515
v 36.790019 5.818742 0.147271
v 36.495068 5.523791 0.460200
v 36.352524 5.381247 0.625595
v 36.213427 5.242150 0.796761
v 36.077896 5.106619 0.973554
v 34.942065 3.970788 3.016140
v 34.852530 3.881253 3.244089
v 34.162693 3.191416 6.200733
v 34.138721 3.167444 6.459275
v 34.096029 3.124752 7.500000
v 46.585946 15.614669 5.061698
v 46.473143 15.501866 4.553140
v 46.408805 15.437528 4.302627
v 46.339251 15.367974 4.054918
v 46.099917 15.128640 3.330773
v 46.010149 15.038872 3.096425
v 45.816094 14.844817 2.639516
v 45.603254 14.631977 2.199654
v 45.490021 14.518744 1.986600
v 45.372376 14.401099 1.778381
v 45.250423 14.279146 1.575180
v 45.124270 14.152993 1.377174
v 44.994025 14.022748 1.184539
v 44.721725 13.750448 0.816047
v 36.640941 5.669664 0.300714
v 35.573644 4.602367 1.733958
v 35.457579 4.486302 1.936569
v 35.238140 4.266863 2.355627
v 35.036231 4.064954 2.791956
v 34.361288 3.390011 4.928686
v 34.266223 3.294946 5.432513
v 34.191951 3.220674 5.943281
v 34.120055 3.148778 6.718691
v 34.106711 3.135434 6.978763
v 46.822439 15.851162 7.696172
v 46.823757 15.852480 7.429654
v 46.819493 15.848216 7.163197
v 46.794244 15.822967 6.631402
v 46.773280 15.802003 6.366531
v 46.746779 15.775502 6.102655
v 46.714765 15.743488 5.840003
v 46.677265 15.705988 5.578807
v 46.634313 15.663036 5.319296
v 46.532207 15.560930 4.806238
v 45.915514 14.944236 2.865938
v 44.434479 13.463202 0.470998
v 35.345713 4.374436 2.143850
v 34.476826 3.505548 4.433490
v 34.416520 3.445243 4.679904
v 34.311175 3.339898 5.179625
v 34.098700 3.127423 7.239272
v 46.809653 15.838376 6.897035
v 35.134951 4.163674 2.571723
v 34.767702 3.796425 3.475609
v 34.687653 3.716376 3.710509
v 34.612449 3.641172 3.948589
v 34.542153 3.570876 4.189650
v 34.226471 3.255194 5.687136
v 45.366337 17.082066 15.000000
v 45.478936 17.194665 7.696172
v 32.752526 4.468255 7.500000
v 32.752526 4.468255 15.000000
v 45.480254 17.195983 7.429654
v 45.475990 17.191719 7.163197
v 45.466150 17.181879 6.897035
v 45.450741 17.166470 6.631402
v 45.429777 17.145505 6.366531
v 45.403276 17.119005 6.102655
v 45.371262 17.086991 5.840003
v 45.333762 17.049491 5.578807
v 45.290810 17.006539 5.319296
v 45.242444 16.958172 5.061698
v 45.188704 16.904433 4.806238
v 45.129640 16.845369 4.553140
v 45.065302 16.781031 4.302627
v 44.995748 16.711476 4.054918
v 44.921037 16.636766 3.810230
v 44.841236 16.556964 3.568777
v 44.756414 16.472143 3.330773
v 44.666646 16.382375 3.096425
v 44.572011 16.287739 2.865938
v 44.472591 16.188320 2.639516
v 44.368474 16.084203 2.417356
v 44.259751 15.975480 2.199654
v 44.146518 15.862247 1.986600
v 44.028873 15.744602 1.778381
v 43.906921 15.622649 1.575180
v 43.780767 15.496495 1.377174
v 43.650522 15.366251 1.184539
v 43.516302 15.232031 0.997442
v 43.378223 15.093951 0.816047
v 43.236406 14.952135 0.640515
v 43.090976 14.806705 0.470998
v 42.942061 14.657790 0.307645
v 42.789791 14.505519 0.150600
v 42.634299 14.350028 0.000000
v 35.598675 7.314404 0.000000
v 35.446516 7.162245 0.147271
v 35.297438 7.013167 0.300714
v 35.151565 6.867294 0.460200
v 35.009021 6.724750 0.625595
v 34.869925 6.585653 0.796761
v 34.734393 6.450122 0.973554
v 34.602540 6.318268 1.155825
v 34.474475 6.190204 1.343422
v 34.350308 6.066037 1.536187
v 34.230141 5.945870 1.733958
v 34.114076 5.829805 1.936569
v 34.002210 5.717939 2.143850
v 33.894637 5.610366 2.355627
v 33.791448 5.507177 2.571723
v 33.692728 5.408457 2.791956
v 33.598562 5.314291 3.016140
v 33.509027 5.224756 3.244089
v 33.424199 5.139928 3.475609
v 33.344150 5.059879 3.710509
v 33.268946 4.984675 3.948589
v 33.198650 4.914379 4.189650
v 33.133323 4.849051 4.433490
v 33.073017 4.788746 4.679904
v 33.017785 4.733514 4.928686
v 32.967672 4.683401 5.179625
v 32.922720 4.638449 5.432513
v 32.882968 4.598697 5.687136
v 32.848448 4.564177 5.943281
v 32.819190 4.534919 6.200733
v 32.795218 4.510947 6.459275
v 32.776552 4.492281 6.718691
v 32.763208 4.478937 6.978763
v 32.755197 4.470926 7.239272
v -41.950323 13.666052 5.241959
v -36.316807 8.032536 5.158294
v -41.916167 13.631896 9.841706
v -39.150643 10.866372 2.900254
v -41.934507 13.650235 15.000000
v -36.282651 7.998380 15.000000
v -36.282651 7.998380 9.758041
v -33.737067 10.543964 15.000000
v -39.388922 16.195820 15.000000
v -39.404739 16.211636 5.241959
v -36.605059 13.411956 2.900254
v -33.737067 10.543964 9.758041
v -39.370583 16.177480 9.841706
v -33.771223 10.578121 5.158294
v 41.950323 13.666052 5.241959
v 39.150643 10.866372 2.900254
v 36.316807 8.032536 5.158294
v 36.282651 7.998380 9.758041
v 41.934507 13.650235 15.000000
v 41.916167 13.631896 9.841706
v 36.282651 7.998380 15.000000
v 33.771223 10.578121 5.158294
v 36.605059 13.411956 2.900254
v 39.404739 16.211636 5.241959
v 39.388922 16.195820 15.000000
v 33.737067 10.543964 15.000000
v 33.737067 10.543964 9.758041
v 39.370583 16.177480 9.841706
v 4.187480 -27.603740 15.000000
v 4.162935 -27.483513 15.000000
v 4.084095 -26.752287 15.000000
v 4.082447 -26.629592 15.000000
v 4.097266 -26.997324 15.000000
v 4.089036 -26.874894 15.000000
v 4.123572 -27.241301 15.000000
v 4.108781 -27.119489 15.000000
v 4.141628 -27.362671 15.000000
v 4.084095 -26.506896 15.000000
v 4.280345 -27.959862 15.000000
v 4.246206 -27.842000 15.000000
v 4.123572 -26.017883 15.000000
v 4.141628 -25.896512 15.000000
v 4.097266 -26.261860 15.000000
v 4.108781 -26.139695 15.000000
v 4.089036 -26.384290 15.000000
v 4.215243 -27.723264 15.000000
v 4.215243 -25.535919 15.000000
v 4.246206 -25.417183 15.000000
v 4.162935 -25.775670 15.000000
v 4.358052 -28.192624 15.000000
v 4.317636 -28.076764 15.000000
v 4.448141 -28.420879 15.000000
v 4.401564 -28.307356 15.000000
v 4.550353 -28.643970 15.000000
v 4.497749 -28.533111 15.000000
v 4.926603 -29.275906 15.000000
v 4.856897 -29.174921 15.000000
v 4.497749 -24.726073 15.000000
v 4.550353 -24.615214 15.000000
v 4.280345 -25.299322 15.000000
v 4.187480 -25.655443 15.000000
v 4.605913 -28.753377 15.000000
v 4.789929 -29.072101 15.000000
v 4.605913 -24.505807 15.000000
v 4.664391 -24.397931 15.000000
v 4.448141 -24.838304 15.000000
v 4.317636 -25.182419 15.000000
v 4.358052 -25.066560 15.000000
v 4.664391 -28.861252 15.000000
v 4.725744 -28.967519 15.000000
v 5.074019 -29.472082 15.000000
v 4.998994 -29.374984 15.000000
v 5.399350 -29.839305 15.000000
v 5.314348 -29.750809 15.000000
v 4.401564 -24.951827 15.000000
v 5.151624 -29.567131 15.000000
v 5.486697 -29.925487 15.000000
v 5.762172 -30.169536 15.000000
v 5.668173 -30.090662 15.000000
v 5.956351 -30.319573 15.000000
v 5.858254 -30.245858 15.000000
v 6.262014 -30.524554 15.000000
v 6.158303 -30.458971 15.000000
v 13.141959 -27.483513 15.000000
v 7.031903 -22.356567 15.000000
v 7.147209 -22.314599 15.000000
v 5.668173 -23.168521 15.000000
v 5.762172 -23.089647 15.000000
v 5.314348 -23.508375 15.000000
v 5.399350 -23.419879 15.000000
v 4.856897 -24.084262 15.000000
v 4.926603 -23.983277 15.000000
v 4.725744 -24.291664 15.000000
v 4.789929 -24.187083 15.000000
v 5.231753 -29.660062 15.000000
v 5.576326 -30.009293 15.000000
v 6.056391 -30.390628 15.000000
v 13.058689 -27.842000 15.000000
v 13.024550 -27.959862 15.000000
v 13.117415 -27.603740 15.000000
v 13.089651 -27.723264 15.000000
v 13.163267 -27.362671 15.000000
v 13.207628 -26.997324 15.000000
v 13.196113 -27.119489 15.000000
v 13.220800 -26.752287 15.000000
v 13.215859 -26.874894 15.000000
v 7.263601 -22.275742 15.000000
v 6.583179 -22.554910 15.000000
v 6.693322 -22.500823 15.000000
v 5.576326 -23.249891 15.000000
v 5.486697 -23.333697 15.000000
v 4.998994 -23.884200 15.000000
v 5.074019 -23.787101 15.000000
v 6.693322 -30.758360 15.000000
v 6.583179 -30.704273 15.000000
v 6.917765 -30.857567 15.000000
v 6.804878 -30.809470 15.000000
v 12.987259 -28.076764 15.000000
v 12.946843 -28.192624 15.000000
v 13.181323 -27.241301 15.000000
v 8.345902 -22.069884 15.000000
v 8.468432 -22.063298 15.000000
v 7.618444 -22.178105 15.000000
v 7.738330 -22.151948 15.000000
v 7.380994 -22.240024 15.000000
v 7.499303 -22.207470 15.000000
v 6.917765 -22.401616 15.000000
v 6.804878 -22.449713 15.000000
v 5.858254 -23.013325 15.000000
v 5.956351 -22.939610 15.000000
v 5.151624 -23.692052 15.000000
v 6.474528 -30.647249 15.000000
v 6.367447 -30.587328 15.000000
v 7.618444 -31.081079 15.000000
v 7.499303 -31.051713 15.000000
v 7.858875 -31.130163 15.000000
v 7.738330 -31.107235 15.000000
v 11.248503 -30.390628 15.000000
v 11.146591 -30.458971 15.000000
v 12.856753 -28.420879 15.000000
v 12.807145 -28.533111 15.000000
v 12.378292 -23.983277 15.000000
v 12.447997 -24.084262 15.000000
v 11.446640 -23.013325 15.000000
v 11.542723 -23.089647 15.000000
v 8.591094 -22.060004 15.000000
v 7.858875 -22.129020 15.000000
v 7.979993 -22.109337 15.000000
v 6.367447 -22.671856 15.000000
v 6.474528 -22.611935 15.000000
v 6.158303 -22.800212 15.000000
v 6.262014 -22.734630 15.000000
v 5.231753 -23.599121 15.000000
v 8.101595 -31.166271 15.000000
v 7.979993 -31.149847 15.000000
v 8.591094 -31.199180 15.000000
v 8.468432 -31.195885 15.000000
v 8.836463 -31.195885 15.000000
v 11.348544 -30.319573 15.000000
v 12.073141 -29.660062 15.000000
v 11.990546 -29.750809 15.000000
v 12.230876 -29.472082 15.000000
v 12.153270 -29.567131 15.000000
v 12.903330 -28.307356 15.000000
v 12.856753 -24.838304 15.000000
v 12.903330 -24.951827 15.000000
v 12.754542 -24.615214 15.000000
v 12.807145 -24.726073 15.000000
v 12.579150 -24.291664 15.000000
v 12.640503 -24.397931 15.000000
v 12.514966 -24.187083 15.000000
v 11.818198 -23.333697 15.000000
v 11.905545 -23.419879 15.000000
v 11.348544 -22.939610 15.000000
v 8.958992 -22.069884 15.000000
v 9.081301 -22.079758 15.000000
v 8.713801 -22.060004 15.000000
v 8.836463 -22.063298 15.000000
v 8.101595 -22.092912 15.000000
v 8.223594 -22.079758 15.000000
v 6.056391 -22.868555 15.000000
v 8.345902 -31.189299 15.000000
v 8.223594 -31.179425 15.000000
v 8.713801 -31.199180 15.000000
v 8.958992 -31.189299 15.000000
v 10.721715 -30.704273 15.000000
v 10.611572 -30.758360 15.000000
v 11.446640 -30.245858 15.000000
v 11.636721 -30.090662 15.000000
v 11.542723 -30.169536 15.000000
v 11.905545 -29.839305 15.000000
v 12.305901 -29.374984 15.000000
v 12.754542 -28.643970 15.000000
v 12.698981 -28.753377 15.000000
v 13.196113 -26.139695 15.000000
v 13.207628 -26.261860 15.000000
v 13.117415 -25.655443 15.000000
v 13.141959 -25.775670 15.000000
v 12.946843 -25.066560 15.000000
v 12.698981 -24.505807 15.000000
v 12.230876 -23.787101 15.000000
v 12.305901 -23.884200 15.000000
v 12.073141 -23.599121 15.000000
v 12.153270 -23.692052 15.000000
v 11.990546 -23.508375 15.000000
v 11.636721 -23.168521 15.000000
v 11.042881 -22.734630 15.000000
v 11.146591 -22.800212 15.000000
v 9.324902 -22.109337 15.000000
v 9.446019 -22.129020 15.000000
v 9.203300 -22.092912 15.000000
v 7.147209 -30.944584 15.000000
v 7.031903 -30.902616 15.000000
v 7.380994 -31.019159 15.000000
v 7.263601 -30.983441 15.000000
v 9.686451 -31.081079 15.000000
v 9.566565 -31.107235 15.000000
v 9.923901 -31.019159 15.000000
v 9.805592 -31.051713 15.000000
v 10.272992 -30.902616 15.000000
v 10.157685 -30.944584 15.000000
v 10.500017 -30.809470 15.000000
v 11.042881 -30.524554 15.000000
v 10.937447 -30.587328 15.000000
v 11.818198 -29.925487 15.000000
v 11.728568 -30.009293 15.000000
v 12.514966 -29.072101 15.000000
v 12.447997 -29.174921 15.000000
v 12.640503 -28.861252 15.000000
v 12.579150 -28.967519 15.000000
v 13.181323 -26.017883 15.000000
v 13.163267 -25.896512 15.000000
v 11.728568 -23.249891 15.000000
v 10.937447 -22.671856 15.000000
v 9.923901 -22.240024 15.000000
v 10.041294 -22.275742 15.000000
v 9.566565 -22.151948 15.000000
v 9.203300 -31.166271 15.000000
v 9.081301 -31.179425 15.000000
v 9.446019 -31.130163 15.000000
v 9.324902 -31.149847 15.000000
v 10.387130 -30.857567 15.000000
v 10.830366 -30.647249 15.000000
v 12.378292 -29.275906 15.000000
v 13.215859 -26.384290 15.000000
v 13.220800 -26.506896 15.000000
v 12.987259 -25.182419 15.000000
v 13.024550 -25.299322 15.000000
v 11.248503 -22.868555 15.000000
v 10.157685 -22.314599 15.000000
v 10.272992 -22.356567 15.000000
v 9.686451 -22.178105 15.000000
v 10.041294 -30.983441 15.000000
v 13.222447 -26.629592 15.000000
v 13.058689 -25.417183 15.000000
v 13.089651 -25.535919 15.000000
v 9.805592 -22.207470 15.000000
v 10.721715 -22.554910 15.000000
v 10.830366 -22.611935 15.000000
v 10.387130 -22.401616 15.000000
v 10.500017 -22.449713 15.000000
v 10.611572 -22.500823 15.000000
v -13.163315 -27.362656 15.000000
v -13.181370 -27.241285 15.000000
v -4.856945 -24.084247 15.000000
v -4.789976 -24.187067 15.000000
v -13.215907 -26.874878 15.000000
v -13.220848 -26.752272 15.000000
v -13.196161 -27.119473 15.000000
v -13.024598 -27.959846 15.000000
v -13.058737 -27.841985 15.000000
v -12.946890 -28.192608 15.000000
v -12.987306 -28.076749 15.000000
v -12.856801 -28.420864 15.000000
v -12.903378 -28.307341 15.000000
v -12.754590 -28.643954 15.000000
v -12.807193 -28.533095 15.000000
v -4.448189 -28.420864 15.000000
v -4.497797 -28.533095 15.000000
v -4.215291 -27.723249 15.000000
v -4.246253 -27.841985 15.000000
v -4.401612 -24.951812 15.000000
v -4.358100 -25.066544 15.000000
v -4.926650 -23.983262 15.000000
v -5.151672 -23.692037 15.000000
v -5.074067 -23.787086 15.000000
v -12.699029 -24.505791 15.000000
v -12.640551 -24.397916 15.000000
v -12.807193 -24.726057 15.000000
v -12.754590 -24.615198 15.000000
v -13.220848 -26.506881 15.000000
v -13.215907 -26.384274 15.000000
v -13.207676 -26.997308 15.000000
v -12.640551 -28.861237 15.000000
v -12.699029 -28.753361 15.000000
v -11.042928 -30.524538 15.000000
v -11.146639 -30.458956 15.000000
v -9.686499 -31.081063 15.000000
v -9.805639 -31.051698 15.000000
v -9.446067 -31.130148 15.000000
v -9.566612 -31.107220 15.000000
v -6.262061 -30.524538 15.000000
v -6.367495 -30.587312 15.000000
v -5.668221 -30.090647 15.000000
v -5.762219 -30.169521 15.000000
v -4.401612 -28.307341 15.000000
v -4.280392 -27.959846 15.000000
v -4.141675 -27.362656 15.000000
v -4.162983 -25.775655 15.000000
v -4.141675 -25.896497 15.000000
v -4.215291 -25.535904 15.000000
v -4.187527 -25.655428 15.000000
v -4.280392 -25.299306 15.000000
v -4.246253 -25.417168 15.000000
v -4.317683 -25.182404 15.000000
v -4.497797 -24.726057 15.000000
v -4.448189 -24.838289 15.000000
v -4.664439 -24.397916 15.000000
v -4.605961 -24.505791 15.000000
v -4.999041 -23.884184 15.000000
v -5.231801 -23.599106 15.000000
v -5.399398 -23.419863 15.000000
v -5.314396 -23.508359 15.000000
v -8.959040 -22.069869 15.000000
v -8.836510 -22.063283 15.000000
v -9.686499 -22.178089 15.000000
v -9.566612 -22.151933 15.000000
v -9.923949 -22.240009 15.000000
v -9.805639 -22.207455 15.000000
v -10.721763 -22.554895 15.000000
v -10.611620 -22.500808 15.000000
v -11.146639 -22.800197 15.000000
v -11.042928 -22.734614 15.000000
v -11.446688 -23.013310 15.000000
v -11.348591 -22.939595 15.000000
v -11.636769 -23.168506 15.000000
v -11.542770 -23.089632 15.000000
v -13.222495 -26.629576 15.000000
v -13.089699 -27.723249 15.000000
v -13.117462 -27.603725 15.000000
v -12.579198 -28.967504 15.000000
v -12.378340 -29.275891 15.000000
v -12.448045 -29.174906 15.000000
v -11.818245 -29.925471 15.000000
v -11.905592 -29.839289 15.000000
v -11.348591 -30.319558 15.000000
v -11.446688 -30.245843 15.000000
v -11.248551 -30.390613 15.000000
v -9.203347 -31.166256 15.000000
v -9.324950 -31.149831 15.000000
v -8.713848 -31.199164 15.000000
v -8.836510 -31.195870 15.000000
v -8.468480 -31.195870 15.000000
v -6.474576 -30.647233 15.000000
v -5.956399 -30.319558 15.000000
v -6.056439 -30.390613 15.000000
v -5.858302 -30.245843 15.000000
v -4.358100 -28.192608 15.000000
v -4.317683 -28.076749 15.000000
v -4.162983 -27.483498 15.000000
v -4.123619 -26.017867 15.000000
v -4.108829 -26.139679 15.000000
v -4.550400 -24.615198 15.000000
v -4.725792 -24.291649 15.000000
v -5.486745 -23.333681 15.000000
v -7.738377 -22.151933 15.000000
v -7.618491 -22.178089 15.000000
v -8.713848 -22.059988 15.000000
v -9.446067 -22.129005 15.000000
v -9.324950 -22.109321 15.000000
v -10.387177 -22.401601 15.000000
v -10.273039 -22.356552 15.000000
v -10.500065 -22.449698 15.000000
v -11.248551 -22.868540 15.000000
v -11.818245 -23.333681 15.000000
v -11.728616 -23.249875 15.000000
v -11.990594 -23.508359 15.000000
v -11.905592 -23.419863 15.000000
v -12.856801 -24.838289 15.000000
v -13.142007 -27.483498 15.000000
v -12.515014 -29.072085 15.000000
v -12.153318 -29.567116 15.000000
v -12.230923 -29.472067 15.000000
v -11.990594 -29.750793 15.000000
v -11.542770 -30.169521 15.000000
v -11.636769 -30.090647 15.000000
v -10.611620 -30.758345 15.000000
v -10.721763 -30.704258 15.000000
v -10.387177 -30.857552 15.000000
v -10.500065 -30.809455 15.000000
v -8.959040 -31.189284 15.000000
v -9.081348 -31.179410 15.000000
v -8.591142 -31.199164 15.000000
v -8.345950 -31.189284 15.000000
v -7.031951 -30.902601 15.000000
v -7.147257 -30.944569 15.000000
v -6.583227 -30.704258 15.000000
v -6.693370 -30.758345 15.000000
v -6.158351 -30.458956 15.000000
v -5.486745 -29.925471 15.000000
v -5.576374 -30.009277 15.000000
v -5.074067 -29.472067 15.000000
v -5.151672 -29.567116 15.000000
v -4.789976 -29.072085 15.000000
v -4.856945 -29.174906 15.000000
v -4.550400 -28.643954 15.000000
v -4.605961 -28.753361 15.000000
v -4.187527 -27.603725 15.000000
v -4.097314 -26.997308 15.000000
v -4.108829 -27.119473 15.000000
v -4.084142 -26.752272 15.000000
v -4.089083 -26.874878 15.000000
v -4.097314 -26.261844 15.000000
v -5.668221 -23.168506 15.000000
v -5.576374 -23.249875 15.000000
v -5.858302 -23.013310 15.000000
v -5.762219 -23.089632 15.000000
v -7.031951 -22.356552 15.000000
v -6.917813 -22.401601 15.000000
v -7.499350 -22.207455 15.000000
v -7.381041 -22.240009 15.000000
v -7.980040 -22.109321 15.000000
v -7.858923 -22.129005 15.000000
v -8.345950 -22.069869 15.000000
v -8.223642 -22.079743 15.000000
v -8.591142 -22.059988 15.000000
v -8.468480 -22.063283 15.000000
v -9.203347 -22.092897 15.000000
v -9.081348 -22.079743 15.000000
v -10.937495 -22.671840 15.000000
v -10.830414 -22.611919 15.000000
v -12.448045 -24.084247 15.000000
v -12.378340 -23.983262 15.000000
v -12.579198 -24.291649 15.000000
v -12.515014 -24.187067 15.000000
v -12.903378 -24.951812 15.000000
v -12.987306 -25.182404 15.000000
v -12.946890 -25.066544 15.000000
v -12.073189 -29.660047 15.000000
v -11.728616 -30.009277 15.000000
v -10.830414 -30.647233 15.000000
v -10.937495 -30.587312 15.000000
v -7.618491 -31.081063 15.000000
v -7.738377 -31.107220 15.000000
v -7.381041 -31.019144 15.000000
v -7.499350 -31.051698 15.000000
v -6.917813 -30.857552 15.000000
v -6.804925 -30.809455 15.000000
v -5.399398 -29.839289 15.000000
v -5.231801 -29.660047 15.000000
v -5.314396 -29.750793 15.000000
v -4.999041 -29.374968 15.000000
v -4.926650 -29.275891 15.000000
v -4.123619 -27.241285 15.000000
v -4.089083 -26.384274 15.000000
v -4.084142 -26.506881 15.000000
v -6.804925 -22.449698 15.000000
v -8.101642 -22.092897 15.000000
v -12.153318 -23.692037 15.000000
v -12.073189 -23.599106 15.000000
v -12.305948 -23.884184 15.000000
v -12.230923 -23.787086 15.000000
v -13.089699 -25.535904 15.000000
v -13.058737 -25.417168 15.000000
v -13.142007 -25.775655 15.000000
v -13.117462 -25.655428 15.000000
v -13.181370 -26.017867 15.000000
v -13.163315 -25.896497 15.000000
v -12.305948 -29.374968 15.000000
v -10.157733 -30.944569 15.000000
v -10.273039 -30.902601 15.000000
v -8.101642 -31.166256 15.000000
v -8.223642 -31.179410 15.000000
v -7.858923 -31.130148 15.000000
v -7.980040 -31.149831 15.000000
v -7.263648 -30.983426 15.000000
v -4.082495 -26.629576 15.000000
v -6.262061 -22.734614 15.000000
v -6.158351 -22.800197 15.000000
v -6.583227 -22.554895 15.000000
v -6.474576 -22.611919 15.000000
v -7.147257 -22.314584 15.000000
v -7.263648 -22.275727 15.000000
v -13.024598 -25.299306 15.000000
v -13.207676 -26.261844 15.000000
v -13.196161 -26.139679 15.000000
v -10.041341 -30.983426 15.000000
v -4.664439 -28.861237 15.000000
v -4.725792 -28.967504 15.000000
v -6.056439 -22.868540 15.000000
v -5.956399 -22.939595 15.000000
v -6.367495 -22.671840 15.000000
v -6.693370 -22.500808 15.000000
v -9.923949 -31.019144 15.000000
v -10.157733 -22.314584 15.000000
v -10.041341 -22.275727 15.000000
v -22.000000 9.000000 15.000000
v -20.000000 9.000000 15.000000
v -22.000000 3.062376 15.000000
v -20.000000 3.000000 15.000000
v -20.000000 3.062376 15.000000
v -22.000000 3.000000 15.000000
v 20.000000 3.000000 15.000000
v 22.000000 3.000000 15.000000
v 22.000000 3.062376 15.000000
v 20.000000 9.000000 15.000000
v 22.000000 9.000000 15.000000
v 20.000000 3.062376 15.000000
v -30.390434 3.894962 15.000000
v -30.285000 3.957736 15.000000
v -30.596056 3.761036 15.000000
v -30.494144 3.829379 15.000000
v -30.794193 3.616267 15.000000
v -30.696096 3.689982 15.000000
v -26.846856 4.422121 15.000000
v -26.728546 4.389568 15.000000
v -26.379456 4.273024 15.000000
v -30.069268 4.074682 15.000000
v -29.959125 4.128768 15.000000
v -30.177919 4.017657 15.000000
v -30.984274 3.461071 15.000000
v -30.890275 3.539945 15.000000
v -26.965996 4.451487 15.000000
v -26.152430 4.179879 15.000000
v -26.040875 4.128768 15.000000
v -26.265318 4.227976 15.000000
v -31.253097 3.209713 15.000000
v -31.165750 3.295895 15.000000
v -27.327545 4.520255 15.000000
v -27.206428 4.500571 15.000000
v -27.815985 4.566294 15.000000
v -27.693455 4.559707 15.000000
v -26.611153 4.353849 15.000000
v -26.494762 4.314992 15.000000
v -27.085883 4.477643 15.000000
v -25.930732 4.074682 15.000000
v -25.822081 4.017657 15.000000
v -25.303904 3.689982 15.000000
v -25.205807 3.616267 15.000000
v -25.609566 3.894962 15.000000
v -31.338099 3.121217 15.000000
v -31.076121 3.379701 15.000000
v -29.505238 4.314992 15.000000
v -29.388847 4.353849 15.000000
v -29.734682 4.227976 15.000000
v -29.620544 4.273024 15.000000
v -29.847570 4.179879 15.000000
v -28.184015 4.566294 15.000000
v -28.061353 4.569588 15.000000
v -28.672455 4.520255 15.000000
v -28.550853 4.536680 15.000000
v -27.449147 4.536680 15.000000
v -27.938647 4.569588 15.000000
v -25.109725 3.539945 15.000000
v -25.015726 3.461071 15.000000
v -25.403944 3.761036 15.000000
v -25.505856 3.829379 15.000000
v -24.834250 3.295895 15.000000
v -31.420694 3.030471 15.000000
v -29.034004 4.451487 15.000000
v -28.914117 4.477643 15.000000
v -29.271454 4.389568 15.000000
v -28.306545 4.559707 15.000000
v -28.428853 4.549833 15.000000
v -27.571147 4.549833 15.000000
v -25.715000 3.957736 15.000000
v -24.923879 3.379701 15.000000
v -24.661901 3.121217 15.000000
v -24.746903 3.209713 15.000000
v -29.153144 4.422121 15.000000
v -28.793572 4.500571 15.000000
v -24.579306 3.030471 15.000000
v -27.571147 -4.549833 15.000000
v -27.693455 -4.559707 15.000000
v -28.061353 -4.569588 15.000000
v -28.184015 -4.566294 15.000000
v -27.938647 -4.569588 15.000000
v -27.815985 -4.566294 15.000000
v -28.306545 -4.559707 15.000000
v -28.428853 -4.549833 15.000000
v -27.327545 -4.520255 15.000000
v -27.449147 -4.536680 15.000000
v -28.550853 -4.536680 15.000000
v -26.846856 -4.422121 15.000000
v -26.965996 -4.451487 15.000000
v -27.085883 -4.477643 15.000000
v -27.206428 -4.500571 15.000000
v -26.494762 -4.314992 15.000000
v -26.611153 -4.353849 15.000000
v -26.265318 -4.227976 15.000000
v -26.379456 -4.273024 15.000000
v -26.728546 -4.389568 15.000000
v -29.847570 -4.179879 15.000000
v -29.959125 -4.128768 15.000000
v -29.388847 -4.353849 15.000000
v -29.505238 -4.314992 15.000000
v -29.153144 -4.422121 15.000000
v -29.271454 -4.389568 15.000000
v -28.672455 -4.520255 15.000000
v -30.696096 -3.689982 15.000000
v -30.794193 -3.616267 15.000000
v -30.390434 -3.894962 15.000000
v -30.494144 -3.829379 15.000000
v -30.069268 -4.074682 15.000000
v -28.914117 -4.477643 15.000000
v -29.034004 -4.451487 15.000000
v -28.793572 -4.500571 15.000000
v -30.890275 -3.539945 15.000000
v -30.984274 -3.461071 15.000000
v -30.596056 -3.761036 15.000000
v -30.285000 -3.957736 15.000000
v -30.177919 -4.017657 15.000000
v -29.620544 -4.273024 15.000000
v -29.734682 -4.227976 15.000000
v -25.715000 -3.957736 15.000000
v -25.822081 -4.017657 15.000000
v -31.165750 -3.295895 15.000000
v -31.253097 -3.209713 15.000000
v -25.609566 -3.894962 15.000000
v -31.076121 -3.379701 15.000000
v -26.040875 -4.128768 15.000000
v -26.152430 -4.179879 15.000000
v -25.930732 -4.074682 15.000000
v -24.923879 -3.379701 15.000000
v -25.015726 -3.461071 15.000000
v -25.303904 -3.689982 15.000000
v -25.403944 -3.761036 15.000000
v -24.834250 -3.295895 15.000000
v -24.661901 -3.121217 15.000000
v -24.746903 -3.209713 15.000000
v -23.795694 -1.791287 15.000000
v -23.845302 -1.903519 15.000000
v -31.795550 -2.545329 15.000000
v -31.862519 -2.442509 15.000000
v -31.653453 -2.745392 15.000000
v -31.725845 -2.646315 15.000000
v -25.505856 -3.829379 15.000000
v -25.109725 -3.539945 15.000000
v -25.205807 -3.616267 15.000000
v -24.421572 -2.842490 15.000000
v -24.499177 -2.937539 15.000000
v -23.749117 -1.677765 15.000000
v -23.845302 1.903519 15.000000
v -23.795694 1.791287 15.000000
v -24.204450 2.545329 15.000000
v -24.137481 2.442509 15.000000
v -31.500823 -2.937539 15.000000
v -31.578428 -2.842490 15.000000
v -31.338099 -3.121217 15.000000
v -31.420694 -3.030471 15.000000
v -24.579306 -3.030471 15.000000
v -24.274155 -2.646315 15.000000
v -24.346547 -2.745392 15.000000
v -23.897905 -2.014378 15.000000
v -23.593758 -1.212408 15.000000
v -23.627897 -1.330270 15.000000
v -23.897905 2.014378 15.000000
v -24.011944 2.231661 15.000000
v -23.953466 2.123785 15.000000
v -24.274155 2.646315 15.000000
v -24.421572 2.842490 15.000000
v -24.346547 2.745392 15.000000
v -31.926703 -2.337927 15.000000
v -23.705605 -1.563032 15.000000
v -23.665188 -1.447173 15.000000
v -23.749117 1.677765 15.000000
v -23.705605 1.563032 15.000000
v -24.499177 2.937539 15.000000
v -32.406242 1.212408 15.000000
v -32.372103 1.330270 15.000000
v -32.464968 0.974148 15.000000
v -32.437204 1.093673 15.000000
v -32.555181 0.367732 15.000000
v -32.543666 0.489897 15.000000
v -24.137481 -2.442509 15.000000
v -24.204450 -2.545329 15.000000
v -23.953466 -2.123785 15.000000
v -24.011944 -2.231661 15.000000
v -23.444819 0.367732 15.000000
v -23.436588 0.245302 15.000000
v -23.665188 1.447173 15.000000
v -23.627897 1.330270 15.000000
v -32.334812 1.447173 15.000000
v -32.489512 0.853922 15.000000
v -32.528875 0.611709 15.000000
v -24.073297 -2.337927 15.000000
v -23.535032 -0.974148 15.000000
v -23.562796 -1.093673 15.000000
v -23.471125 -0.611709 15.000000
v -23.489180 -0.733080 15.000000
v -23.436588 -0.245302 15.000000
v -23.444819 -0.367732 15.000000
v -23.456334 0.489897 15.000000
v -23.510488 0.853922 15.000000
v -23.489180 0.733080 15.000000
v -24.073297 2.337927 15.000000
v -31.653453 2.745392 15.000000
v -31.578428 2.842490 15.000000
v -31.795550 2.545329 15.000000
v -31.725845 2.646315 15.000000
v -32.204306 1.791287 15.000000
v -32.154698 1.903519 15.000000
v -32.294395 1.563032 15.000000
v -32.250883 1.677765 15.000000
v -32.510820 0.733080 15.000000
v -32.563412 -0.245302 15.000000
v -32.568353 -0.122695 15.000000
v -32.528875 -0.611709 15.000000
v -32.543666 -0.489897 15.000000
v -32.406242 -1.212408 15.000000
v -32.437204 -1.093673 15.000000
v -32.294395 -1.563032 15.000000
v -32.334812 -1.447173 15.000000
v -23.510488 -0.853922 15.000000
v -23.456334 -0.489897 15.000000
v -23.431647 -0.122695 15.000000
v -23.471125 0.611709 15.000000
v -23.535032 0.974148 15.000000
v -23.593758 1.212408 15.000000
v -23.562796 1.093673 15.000000
v -31.926703 2.337927 15.000000
v -31.862519 2.442509 15.000000
v -32.568353 0.122695 15.000000
v -32.563412 0.245302 15.000000
v -32.555181 -0.367732 15.000000
v -32.510820 -0.733080 15.000000
v -32.464968 -0.974148 15.000000
v -32.372103 -1.330270 15.000000
v -32.102095 -2.014378 15.000000
v -32.154698 -1.903519 15.000000
v -31.988056 -2.231661 15.000000
v -32.046534 -2.123785 15.000000
v -23.430000 0.000000 15.000000
v -31.500823 2.937539 15.000000
v -31.988056 2.231661 15.000000
v -32.102095 2.014378 15.000000
v -32.046534 2.123785 15.000000
v -32.570000 0.000000 15.000000
v -32.489512 -0.853922 15.000000
v -23.431647 0.122695 15.000000
v -32.204306 -1.791287 15.000000
v -32.250883 -1.677765 15.000000
v -20.262048 -12.563017 15.000000
v -20.158338 -12.628600 15.000000
v -20.583214 -12.383297 15.000000
v -20.474563 -12.440322 15.000000
v -21.618478 -12.006492 15.000000
v -21.499337 -12.035858 15.000000
v -21.858910 -11.957408 15.000000
v -21.738364 -11.980336 15.000000
v -22.101629 -11.921299 15.000000
v -21.980027 -11.937724 15.000000
v -19.668208 -12.996908 15.000000
v -19.576361 -13.078278 15.000000
v -19.956385 -12.767997 15.000000
v -19.858289 -12.841712 15.000000
v -20.367482 -12.500243 15.000000
v -20.693357 -12.329210 15.000000
v -21.031937 -12.184955 15.000000
v -20.917799 -12.230003 15.000000
v -19.314383 -13.336762 15.000000
v -19.231788 -13.427508 15.000000
v -19.762206 -12.918034 15.000000
v -20.056426 -12.696943 15.000000
v -20.804912 -12.278100 15.000000
v -22.345937 -11.898272 15.000000
v -22.223628 -11.908145 15.000000
v -22.591129 -11.888391 15.000000
v -22.468466 -11.891685 15.000000
v -19.151659 -13.520440 15.000000
v -19.486731 -13.162084 15.000000
v -19.399384 -13.248266 15.000000
v -21.381028 -12.068411 15.000000
v -21.263635 -12.104130 15.000000
v -22.713835 -11.888391 15.000000
v -21.147244 -12.142987 15.000000
v -18.789963 -18.900488 15.000000
v -18.856932 -19.003308 15.000000
v -18.448176 -18.249266 15.000000
v -18.497784 -18.361498 15.000000
v -18.123606 -17.069688 15.000000
v -18.141662 -17.191059 15.000000
v -18.097301 -16.825711 15.000000
v -18.108816 -16.947876 15.000000
v -18.084129 -16.580674 15.000000
v -18.089070 -16.703281 15.000000
v -18.097301 -16.090247 15.000000
v -18.089070 -16.212677 15.000000
v -18.187514 -15.483831 15.000000
v -18.162970 -15.604057 15.000000
v -18.999028 -19.203371 15.000000
v -19.074054 -19.300469 15.000000
v -18.926637 -19.104294 15.000000
v -18.605948 -18.581764 15.000000
v -18.664426 -18.689640 15.000000
v -18.401599 -18.135743 15.000000
v -18.246240 -17.670387 15.000000
v -18.280379 -17.788249 15.000000
v -18.187514 -17.432127 15.000000
v -18.215278 -17.551652 15.000000
v -18.162970 -17.311901 15.000000
v -18.108816 -15.968082 15.000000
v -18.123606 -15.846270 15.000000
v -18.141662 -15.724899 15.000000
v -18.246240 -15.245571 15.000000
v -18.215278 -15.364306 15.000000
v -18.448176 -14.666692 15.000000
v -18.401599 -14.780214 15.000000
v -18.550387 -14.443601 15.000000
v -18.497784 -14.554460 15.000000
v -18.664426 -14.226318 15.000000
v -18.605948 -14.334194 15.000000
v -18.856932 -13.912650 15.000000
v -18.789963 -14.015470 15.000000
v -18.725779 -18.795906 15.000000
v -18.550387 -18.472357 15.000000
v -18.317670 -17.905152 15.000000
v -18.358086 -18.021011 15.000000
v -18.084129 -16.335284 15.000000
v -18.317670 -15.010806 15.000000
v -18.280379 -15.127709 15.000000
v -18.358086 -14.894947 15.000000
v -18.725779 -14.120051 15.000000
v -18.999028 -13.712587 15.000000
v -18.926637 -13.811664 15.000000
v -19.074054 -13.615489 15.000000
v -18.082482 -16.457979 15.000000
v -21.738364 -20.935622 15.000000
v -20.262048 -20.352941 15.000000
v -20.367482 -20.415715 15.000000
v -21.858910 -20.958550 15.000000
v -20.693357 -20.586747 15.000000
v -20.804912 -20.637858 15.000000
v -20.474563 -20.475636 15.000000
v -20.056426 -20.219015 15.000000
v -20.158338 -20.287358 15.000000
v -19.858289 -20.074246 15.000000
v -19.956385 -20.147961 15.000000
v -19.576361 -19.837680 15.000000
v -19.668208 -19.919050 15.000000
v -19.314383 -19.579196 15.000000
v -19.399384 -19.667692 15.000000
v -19.151659 -19.395518 15.000000
v -19.231788 -19.488450 15.000000
v -22.345937 -21.017686 15.000000
v -22.468466 -21.024273 15.000000
v -22.101629 -20.994659 15.000000
v -22.223628 -21.007812 15.000000
v -21.980027 -20.978234 15.000000
v -21.381028 -20.847547 15.000000
v -21.499337 -20.880100 15.000000
v -20.583214 -20.532661 15.000000
v -19.762206 -19.997924 15.000000
v -19.486731 -19.753874 15.000000
v -22.591129 -21.027567 15.000000
v -21.618478 -20.909466 15.000000
v -21.147244 -20.772971 15.000000
v -21.263635 -20.811828 15.000000
v -20.917799 -20.685955 15.000000
v -21.031937 -20.731003 15.000000
v -23.203334 -11.921299 15.000000
v -23.081335 -11.908145 15.000000
v -23.324937 -11.937724 15.000000
v -23.686485 -12.006492 15.000000
v -23.566599 -11.980336 15.000000
v -23.446054 -11.957408 15.000000
v -23.805626 -12.035858 15.000000
v -24.041328 -12.104130 15.000000
v -23.923936 -12.068411 15.000000
v -24.157720 -12.142987 15.000000
v -25.905579 -13.248266 15.000000
v -25.818232 -13.162084 15.000000
v -24.387164 -12.230003 15.000000
v -24.273026 -12.184955 15.000000
v -25.990581 -13.336762 15.000000
v -22.959027 -11.898272 15.000000
v -22.836497 -11.891685 15.000000
v -24.500051 -12.278100 15.000000
v -25.446675 -12.841712 15.000000
v -25.348578 -12.767997 15.000000
v -26.073176 -13.427508 15.000000
v -26.305935 -13.712587 15.000000
v -26.230910 -13.615489 15.000000
v -26.448032 -13.912650 15.000000
v -26.378326 -13.811664 15.000000
v -24.611607 -12.329210 15.000000
v -24.937482 -12.500243 15.000000
v -24.830401 -12.440322 15.000000
v -25.146626 -12.628600 15.000000
v -25.042915 -12.563017 15.000000
v -25.248538 -12.696943 15.000000
v -25.728603 -13.078278 15.000000
v -25.636756 -12.996908 15.000000
v -26.153305 -13.520440 15.000000
v -26.640538 -14.226318 15.000000
v -26.579185 -14.120051 15.000000
v -26.946877 -14.894947 15.000000
v -26.903365 -14.780214 15.000000
v -27.181357 -15.846270 15.000000
v -27.163301 -15.724899 15.000000
v -27.215893 -16.212677 15.000000
v -27.207663 -16.090247 15.000000
v -27.220834 -16.580674 15.000000
v -27.222482 -16.457979 15.000000
v -26.230910 -19.300469 15.000000
v -26.305935 -19.203371 15.000000
v -23.805626 -20.880100 15.000000
v -23.923936 -20.847547 15.000000
v -23.686485 -20.909466 15.000000
v -24.721750 -12.383297 15.000000
v -25.542757 -12.918034 15.000000
v -26.515000 -14.015470 15.000000
v -26.754576 -14.443601 15.000000
v -26.699016 -14.334194 15.000000
v -26.856788 -14.666692 15.000000
v -26.807180 -14.554460 15.000000
v -26.987293 -15.010806 15.000000
v -27.058723 -15.245571 15.000000
v -27.024584 -15.127709 15.000000
v -27.196148 -15.968082 15.000000
v -27.220834 -16.335284 15.000000
v -27.207663 -16.825711 15.000000
v -27.215893 -16.703281 15.000000
v -26.987293 -17.905152 15.000000
v -27.024584 -17.788249 15.000000
v -26.378326 -19.104294 15.000000
v -26.448032 -19.003308 15.000000
v -26.153305 -19.395518 15.000000
v -24.041328 -20.811828 15.000000
v -24.157720 -20.772971 15.000000
v -27.117449 -15.483831 15.000000
v -27.089686 -15.364306 15.000000
v -27.141994 -15.604057 15.000000
v -27.196148 -16.947876 15.000000
v -27.141994 -17.311901 15.000000
v -27.163301 -17.191059 15.000000
v -26.946877 -18.021011 15.000000
v -26.856788 -18.249266 15.000000
v -26.903365 -18.135743 15.000000
v -25.990581 -19.579196 15.000000
v -26.073176 -19.488450 15.000000
v -23.446054 -20.958550 15.000000
v -23.566599 -20.935622 15.000000
v -27.181357 -17.069688 15.000000
v -27.117449 -17.432127 15.000000
v -27.058723 -17.670387 15.000000
v -27.089686 -17.551652 15.000000
v -26.754576 -18.472357 15.000000
v -26.807180 -18.361498 15.000000
v -26.515000 -18.900488 15.000000
v -26.579185 -18.795906 15.000000
v -25.818232 -19.753874 15.000000
v -25.905579 -19.667692 15.000000
v -25.636756 -19.919050 15.000000
v -25.728603 -19.837680 15.000000
v -25.446675 -20.074246 15.000000
v -25.542757 -19.997924 15.000000
v -23.203334 -20.994659 15.000000
v -23.324937 -20.978234 15.000000
v -26.699016 -18.581764 15.000000
v -26.640538 -18.689640 15.000000
v -24.937482 -20.415715 15.000000
v -25.042915 -20.352941 15.000000
v -24.611607 -20.586747 15.000000
v -24.721750 -20.532661 15.000000
v -22.959027 -21.017686 15.000000
v -23.081335 -21.007812 15.000000
v -25.146626 -20.287358 15.000000
v -24.830401 -20.475636 15.000000
v -25.248538 -20.219015 15.000000
v -25.348578 -20.147961 15.000000
v -24.273026 -20.731003 15.000000
v -22.713835 -21.027567 15.000000
v -22.836497 -21.024273 15.000000
v -24.387164 -20.685955 15.000000
v -24.500051 -20.637858 15.000000
v 22.101600 -11.921340 15.000000
v 22.223599 -11.908186 15.000000
v 21.979998 -11.937765 15.000000
v 21.618449 -12.006532 15.000000
v 21.738335 -11.980376 15.000000
v 21.858880 -11.957448 15.000000
v 21.499308 -12.035898 15.000000
v 21.263606 -12.104170 15.000000
v 21.380999 -12.068452 15.000000
v 19.858259 -12.841753 15.000000
v 19.956356 -12.768038 15.000000
v 19.314353 -13.336803 15.000000
v 19.399355 -13.248306 15.000000
v 22.345907 -11.898312 15.000000
v 22.468437 -11.891726 15.000000
v 21.147214 -12.143027 15.000000
v 20.917770 -12.230044 15.000000
v 21.031908 -12.184995 15.000000
v 20.158309 -12.628640 15.000000
v 20.262019 -12.563058 15.000000
v 20.056396 -12.696983 15.000000
v 19.486702 -13.162124 15.000000
v 19.576331 -13.078318 15.000000
v 19.231758 -13.427549 15.000000
v 22.591099 -11.888431 15.000000
v 20.804883 -12.278141 15.000000
v 19.668178 -12.996949 15.000000
v 19.762177 -12.918075 15.000000
v 20.693327 -12.329251 15.000000
v 20.367452 -12.500283 15.000000
v 20.474533 -12.440362 15.000000
v 19.151629 -13.520480 15.000000
v 20.583184 -12.383338 15.000000
v 19.074024 -13.615529 15.000000
v 27.181328 -15.846311 15.000000
v 27.196118 -15.968122 15.000000
v 27.163272 -15.724940 15.000000
v 27.089656 -17.551692 15.000000
v 27.058694 -17.670428 15.000000
v 27.220805 -16.335324 15.000000
v 27.222452 -16.458019 15.000000
v 27.207633 -16.090287 15.000000
v 26.579155 -14.120092 15.000000
v 26.640508 -14.226359 15.000000
v 23.805597 -12.035898 15.000000
v 27.024555 -17.788290 15.000000
v 27.207633 -16.825752 15.000000
v 27.196118 -16.947917 15.000000
v 27.220805 -16.580715 15.000000
v 27.117420 -15.483871 15.000000
v 27.141964 -15.604098 15.000000
v 26.807150 -14.554501 15.000000
v 26.856758 -14.666732 15.000000
v 26.698986 -14.334235 15.000000
v 26.448002 -13.912690 15.000000
v 26.514971 -14.015511 15.000000
v 25.042886 -12.563058 15.000000
v 25.146596 -12.628640 15.000000
v 24.721720 -12.383338 15.000000
v 24.830371 -12.440362 15.000000
v 23.686456 -12.006532 15.000000
v 23.446025 -11.957448 15.000000
v 23.566570 -11.980376 15.000000
v 25.042886 -20.352981 15.000000
v 24.937452 -20.415756 15.000000
v 26.856758 -18.249307 15.000000
v 26.807150 -18.361538 15.000000
v 26.987264 -17.905192 15.000000
v 27.141964 -17.311941 15.000000
v 27.117420 -17.432168 15.000000
v 27.181328 -17.069728 15.000000
v 27.215864 -16.212717 15.000000
v 26.987264 -15.010847 15.000000
v 27.024555 -15.127749 15.000000
v 26.903335 -14.780255 15.000000
v 26.946848 -14.894987 15.000000
v 26.754547 -14.443641 15.000000
v 24.937452 -12.500283 15.000000
v 24.611577 -12.329251 15.000000
v 24.272997 -12.184995 15.000000
v 24.387135 -12.230044 15.000000
v 23.203305 -11.921340 15.000000
v 23.324907 -11.937765 15.000000
v 24.611577 -20.586788 15.000000
v 24.500022 -20.637898 15.000000
v 24.830371 -20.475677 15.000000
v 25.248508 -20.219056 15.000000
v 25.146596 -20.287399 15.000000
v 25.446645 -20.074286 15.000000
v 25.348549 -20.148001 15.000000
v 25.636726 -19.919090 15.000000
v 25.542728 -19.997964 15.000000
v 26.903335 -18.135784 15.000000
v 26.946848 -18.021051 15.000000
v 27.163272 -17.191099 15.000000
v 27.215864 -16.703322 15.000000
v 27.058694 -15.245611 15.000000
v 27.089656 -15.364347 15.000000
v 26.305906 -13.712627 15.000000
v 26.378297 -13.811705 15.000000
v 26.153275 -13.520480 15.000000
v 26.230881 -13.615529 15.000000
v 25.990551 -13.336803 15.000000
v 26.073146 -13.427549 15.000000
v 25.818203 -13.162124 15.000000
v 25.905550 -13.248306 15.000000
v 25.542728 -12.918075 15.000000
v 25.636726 -12.996949 15.000000
v 25.348549 -12.768038 15.000000
v 25.446645 -12.841753 15.000000
v 24.500022 -12.278141 15.000000
v 22.958997 -11.898312 15.000000
v 23.081306 -11.908186 15.000000
v 23.686456 -20.909506 15.000000
v 23.566570 -20.935663 15.000000
v 23.805597 -20.880141 15.000000
v 24.721720 -20.532701 15.000000
v 25.818203 -19.753915 15.000000
v 25.728573 -19.837721 15.000000
v 25.990551 -19.579236 15.000000
v 25.905550 -19.667732 15.000000
v 26.153275 -19.395559 15.000000
v 26.073146 -19.488490 15.000000
v 26.754547 -18.472397 15.000000
v 26.698986 -18.581804 15.000000
v 25.728573 -13.078318 15.000000
v 25.248508 -12.696983 15.000000
v 23.923906 -12.068452 15.000000
v 24.041299 -12.104170 15.000000
v 22.713806 -11.888431 15.000000
v 22.836468 -11.891726 15.000000
v 23.446025 -20.958591 15.000000
v 23.923906 -20.847587 15.000000
v 24.157690 -20.773012 15.000000
v 24.041299 -20.811869 15.000000
v 24.387135 -20.685995 15.000000
v 24.272997 -20.731044 15.000000
v 26.305906 -19.203412 15.000000
v 26.230881 -19.300510 15.000000
v 26.640508 -18.689680 15.000000
v 26.579155 -18.795947 15.000000
v 24.157690 -12.143027 15.000000
v 23.324907 -20.978274 15.000000
v 26.378297 -19.104334 15.000000
v 26.514971 -18.900528 15.000000
v 26.448002 -19.003349 15.000000
v 23.203305 -20.994699 15.000000
v 23.081306 -21.007853 15.000000
v 22.958997 -21.017727 15.000000
v 22.836468 -21.024313 15.000000
v 21.499308 -20.880141 15.000000
v 21.380999 -20.847587 15.000000
v 21.263606 -20.811869 15.000000
v 21.147214 -20.773012 15.000000
v 21.618449 -20.909506 15.000000
v 21.858880 -20.958591 15.000000
v 21.738335 -20.935663 15.000000
v 22.101600 -20.994699 15.000000
v 21.979998 -20.978274 15.000000
v 19.314353 -19.579236 15.000000
v 19.231758 -19.488490 15.000000
v 19.668178 -19.919090 15.000000
v 19.576331 -19.837721 15.000000
v 19.858259 -20.074286 15.000000
v 19.762177 -19.997964 15.000000
v 20.158309 -20.287399 15.000000
v 20.056396 -20.219056 15.000000
v 22.345907 -21.017727 15.000000
v 22.223599 -21.007853 15.000000
v 19.151629 -19.395559 15.000000
v 19.486702 -19.753915 15.000000
v 19.399355 -19.667732 15.000000
v 19.956356 -20.148001 15.000000
v 20.693327 -20.586788 15.000000
v 20.583184 -20.532701 15.000000
v 22.591099 -21.027608 15.000000
v 22.468437 -21.024313 15.000000
v 20.367452 -20.415756 15.000000
v 20.262019 -20.352981 15.000000
v 20.474533 -20.475677 15.000000
v 21.031908 -20.731044 15.000000
v 22.713806 -21.027608 15.000000
v 20.917770 -20.685995 15.000000
v 20.804883 -20.637898 15.000000
v 18.123577 -15.846311 15.000000
v 18.141633 -15.724940 15.000000
v 18.448146 -14.666732 15.000000
v 18.497754 -14.554501 15.000000
v 18.162940 -15.604098 15.000000
v 18.187485 -15.483871 15.000000
v 18.401569 -14.780255 15.000000
v 18.358057 -14.894987 15.000000
v 18.097271 -16.090287 15.000000
v 18.108786 -15.968122 15.000000
v 18.550358 -14.443641 15.000000
v 18.605918 -14.334235 15.000000
v 18.317641 -15.010847 15.000000
v 18.280350 -15.127749 15.000000
v 18.246211 -15.245611 15.000000
v 18.084100 -16.580715 15.000000
v 18.082452 -16.458019 15.000000
v 18.448146 -18.249307 15.000000
v 18.401569 -18.135784 15.000000
v 18.664396 -14.226359 15.000000
v 18.725750 -14.120092 15.000000
v 18.089041 -16.212717 15.000000
v 18.084100 -16.335324 15.000000
v 18.089041 -16.703322 15.000000
v 18.317641 -17.905192 15.000000
v 18.280350 -17.788290 15.000000
v 18.497754 -18.361538 15.000000
v 18.926608 -13.811705 15.000000
v 18.856902 -13.912690 15.000000
v 18.789934 -14.015511 15.000000
v 18.215248 -15.364347 15.000000
v 18.108786 -16.947917 15.000000
v 18.097271 -16.825752 15.000000
v 18.358057 -18.021051 15.000000
v 18.550358 -18.472397 15.000000
v 18.123577 -17.069728 15.000000
v 18.162940 -17.311941 15.000000
v 18.141633 -17.191099 15.000000
v 18.246211 -17.670428 15.000000
v 18.215248 -17.551692 15.000000
v 18.725750 -18.795947 15.000000
v 18.664396 -18.689680 15.000000
v 18.998999 -13.712627 15.000000
v 18.187485 -17.432168 15.000000
v 18.605918 -18.581804 15.000000
v 19.074024 -19.300510 15.000000
v 18.998999 -19.203412 15.000000
v 18.856902 -19.003349 15.000000
v 18.789934 -18.900528 15.000000
v 18.926608 -19.104334 15.000000
v 25.930732 4.074632 15.000000
v 26.040875 4.128718 15.000000
v 26.965996 4.451437 15.000000
v 27.085883 4.477593 15.000000
v 27.206428 4.500521 15.000000
v 26.265318 4.227926 15.000000
v 26.379456 4.272974 15.000000
v 26.152430 4.179829 15.000000
v 26.846856 4.422071 15.000000
v 26.611153 4.353799 15.000000
v 26.728546 4.389518 15.000000
v 27.449147 4.536630 15.000000
v 27.571147 4.549783 15.000000
v 27.327545 4.520205 15.000000
v 28.550853 4.536630 15.000000
v 28.672455 4.520205 15.000000
v 25.715000 3.957686 15.000000
v 25.822081 4.017607 15.000000
v 26.494762 4.314942 15.000000
v 27.693455 4.559657 15.000000
v 27.815985 4.566244 15.000000
v 28.793572 4.500521 15.000000
v 28.184015 4.566244 15.000000
v 28.306545 4.559657 15.000000
v 28.061353 4.569538 15.000000
v 28.914117 4.477593 15.000000
v 25.015726 3.461021 15.000000
v 25.109725 3.539895 15.000000
v 24.834250 3.295845 15.000000
v 24.923879 3.379651 15.000000
v 28.428853 4.549783 15.000000
v 29.620544 4.272974 15.000000
v 29.734682 4.227926 15.000000
v 29.388847 4.353799 15.000000
v 29.505238 4.314942 15.000000
v 29.153144 4.422071 15.000000
v 29.271454 4.389518 15.000000
v 29.034004 4.451437 15.000000
v 29.847570 4.179829 15.000000
v 24.746903 3.209663 15.000000
v 25.505856 3.829329 15.000000
v 25.609566 3.894912 15.000000
v 25.205807 3.616217 15.000000
v 25.303904 3.689932 15.000000
v 27.938647 4.569538 15.000000
v 24.661901 3.121167 15.000000
v 24.579306 3.030421 15.000000
v 25.403944 3.760986 15.000000
v 30.890275 3.539895 15.000000
v 30.984274 3.461021 15.000000
v 30.696096 3.689932 15.000000
v 30.794193 3.616217 15.000000
v 30.494144 3.829329 15.000000
v 30.596056 3.760986 15.000000
v 30.177919 4.017607 15.000000
v 30.285000 3.957686 15.000000
v 29.959125 4.128718 15.000000
v 31.165750 3.295845 15.000000
v 31.253097 3.209663 15.000000
v 31.076121 3.379651 15.000000
v 30.390434 3.894912 15.000000
v 31.338099 3.121167 15.000000
v 30.069268 4.074632 15.000000
v 30.177919 -4.017707 15.000000
v 30.285000 -3.957786 15.000000
v 31.725845 -2.646365 15.000000
v 31.653453 -2.745442 15.000000
v 30.069268 -4.074732 15.000000
v 30.596056 -3.761086 15.000000
v 30.494144 -3.829429 15.000000
v 30.890275 -3.539995 15.000000
v 30.794193 -3.616317 15.000000
v 31.338099 -3.121267 15.000000
v 31.253097 -3.209763 15.000000
v 31.500823 -2.937589 15.000000
v 31.420694 -3.030521 15.000000
v 31.795550 -2.545379 15.000000
v 31.988056 -2.231711 15.000000
v 31.926703 -2.337977 15.000000
v 29.959125 -4.128818 15.000000
v 30.390434 -3.895012 15.000000
v 30.984274 -3.461121 15.000000
v 31.165750 -3.295945 15.000000
v 31.076121 -3.379751 15.000000
v 31.578428 -2.842540 15.000000
v 31.862519 -2.442559 15.000000
v 30.696096 -3.690032 15.000000
v 31.795550 2.545279 15.000000
v 31.862519 2.442459 15.000000
v 32.406242 -1.212458 15.000000
v 32.372103 -1.330320 15.000000
v 32.464968 -0.974198 15.000000
v 32.437204 -1.093723 15.000000
v 32.555181 -0.367782 15.000000
v 32.543666 -0.489947 15.000000
v 32.563412 0.245252 15.000000
v 32.568353 0.122645 15.000000
v 32.543666 0.489847 15.000000
v 32.555181 0.367682 15.000000
v 31.926703 2.337877 15.000000
v 31.653453 2.745342 15.000000
v 31.725845 2.646265 15.000000
v 32.102095 -2.014428 15.000000
v 32.046534 -2.123835 15.000000
v 32.204306 -1.791337 15.000000
v 32.154698 -1.903569 15.000000
v 32.294395 -1.563082 15.000000
v 32.250883 -1.677815 15.000000
v 32.334812 -1.447223 15.000000
v 32.489512 -0.853972 15.000000
v 32.528875 -0.611759 15.000000
v 32.568353 -0.122745 15.000000
v 32.563412 -0.245352 15.000000
v 32.570000 -0.000050 15.000000
v 32.406242 1.212358 15.000000
v 32.437204 1.093623 15.000000
v 31.500823 2.937489 15.000000
v 31.578428 2.842440 15.000000
v 32.510820 -0.733130 15.000000
v 32.528875 0.611659 15.000000
v 32.464968 0.974098 15.000000
v 32.334812 1.447123 15.000000
v 32.372103 1.330220 15.000000
v 32.204306 1.791237 15.000000
v 32.250883 1.677715 15.000000
v 32.102095 2.014328 15.000000
v 32.154698 1.903469 15.000000
v 31.988056 2.231611 15.000000
v 32.046534 2.123735 15.000000
v 32.489512 0.853872 15.000000
v 32.510820 0.733030 15.000000
v 32.294395 1.562982 15.000000
v 31.420694 3.030421 15.000000
v 27.938647 -4.569638 15.000000
v 27.815985 -4.566344 15.000000
v 27.693455 -4.559757 15.000000
v 27.571147 -4.549883 15.000000
v 28.061353 -4.569638 15.000000
v 28.306545 -4.559757 15.000000
v 28.184015 -4.566344 15.000000
v 27.449147 -4.536730 15.000000
v 25.930732 -4.074732 15.000000
v 25.822081 -4.017707 15.000000
v 27.327545 -4.520305 15.000000
v 28.428853 -4.549883 15.000000
v 23.431647 -0.122745 15.000000
v 23.430000 -0.000050 15.000000
v 24.834250 -3.295945 15.000000
v 24.746903 -3.209763 15.000000
v 25.015726 -3.461121 15.000000
v 24.923879 -3.379751 15.000000
v 26.040875 -4.128818 15.000000
v 26.265318 -4.228026 15.000000
v 26.152430 -4.179929 15.000000
v 27.085883 -4.477693 15.000000
v 26.965996 -4.451537 15.000000
v 27.206428 -4.500621 15.000000
v 28.793572 -4.500621 15.000000
v 28.672455 -4.520305 15.000000
v 28.550853 -4.536730 15.000000
v 23.436588 0.245252 15.000000
v 23.444819 0.367682 15.000000
v 23.431647 0.122645 15.000000
v 23.436588 -0.245352 15.000000
v 23.705605 -1.563082 15.000000
v 23.665188 -1.447223 15.000000
v 24.204450 -2.545379 15.000000
v 24.137481 -2.442559 15.000000
v 24.661901 -3.121267 15.000000
v 24.579306 -3.030521 15.000000
v 26.846856 -4.422171 15.000000
v 26.728546 -4.389618 15.000000
v 29.034004 -4.451537 15.000000
v 28.914117 -4.477693 15.000000
v 29.505238 -4.315042 15.000000
v 29.388847 -4.353899 15.000000
v 23.456334 0.489847 15.000000
v 23.456334 -0.489947 15.000000
v 23.444819 -0.367782 15.000000
v 23.510488 -0.853972 15.000000
v 23.489180 -0.733130 15.000000
v 23.593758 -1.212458 15.000000
v 23.562796 -1.093723 15.000000
v 23.627897 -1.330320 15.000000
v 24.274155 -2.646365 15.000000
v 24.499177 -2.937589 15.000000
v 24.421572 -2.842540 15.000000
v 25.715000 -3.957786 15.000000
v 25.609566 -3.895012 15.000000
v 26.379456 -4.273074 15.000000
v 29.271454 -4.389618 15.000000
v 24.421572 2.842440 15.000000
v 24.499177 2.937489 15.000000
v 24.274155 2.646265 15.000000
v 24.346547 2.745342 15.000000
v 23.705605 1.562982 15.000000
v 23.749117 1.677715 15.000000
v 23.471125 -0.611759 15.000000
v 23.535032 -0.974198 15.000000
v 24.073297 -2.337977 15.000000
v 24.011944 -2.231711 15.000000
v 24.346547 -2.745442 15.000000
v 26.611153 -4.353899 15.000000
v 26.494762 -4.315042 15.000000
v 29.153144 -4.422171 15.000000
v 24.137481 2.442459 15.000000
v 24.204450 2.545279 15.000000
v 23.665188 1.447123 15.000000
v 23.593758 1.212358 15.000000
v 23.627897 1.330220 15.000000
v 23.471125 0.611659 15.000000
v 23.489180 0.733030 15.000000
v 23.795694 -1.791337 15.000000
v 23.749117 -1.677815 15.000000
v 23.897905 -2.014428 15.000000
v 23.845302 -1.903569 15.000000
v 23.953466 -2.123835 15.000000
v 29.734682 -4.228026 15.000000
v 29.620544 -4.273074 15.000000
v 24.011944 2.231611 15.000000
v 24.073297 2.337877 15.000000
v 23.897905 2.014328 15.000000
v 23.953466 2.123735 15.000000
v 23.795694 1.791237 15.000000
v 23.845302 1.903469 15.000000
v 23.535032 0.974098 15.000000
v 23.562796 1.093623 15.000000
v 23.510488 0.853872 15.000000
v 25.403944 -3.761086 15.000000
v 25.303904 -3.690032 15.000000
v 29.847570 -4.179929 15.000000
v 25.205807 -3.616317 15.000000
v 25.109725 -3.539995 15.000000
v 25.505856 -3.829429 15.000000
v 49.854920 3.062376 15.000000
v 32.661263 3.062376 15.000000
v 32.661263 -4.570025 15.000000
v -15.652488 3.062376 15.000000
v -19.041241 3.062376 15.000000
v -19.041241 -4.570025 15.000000
v 29.896226 -4.570025 15.000000
v 29.896226 -21.543806 15.000000
v 22.715000 -21.543806 15.000000
v 22.715000 -42.099796 15.000000
v 19.041226 -21.543806 15.000000
v 19.041226 -42.099796 15.000000
v -0.000024 -42.099796 15.000000
v -0.000024 -21.543806 15.000000
v -15.652488 -42.099796 15.000000
v -15.652488 -21.543806 15.000000
v -19.041241 -21.543806 15.000000
v -19.041241 -42.099796 15.000000
v -22.715000 -21.543806 15.000000
v -22.715000 -42.099796 15.000000
v 19.041226 -4.570025 15.000000
v 19.041226 3.062376 15.000000
v -15.652488 -4.570025 15.000000
v -32.661263 3.062376 15.000000
v -32.661263 -4.570025 15.000000
v -32.661263 -21.543806 15.000000
v 29.896226 -42.099796 15.000000
v 32.661263 -21.543806 15.000000
v 49.854920 -4.570025 15.000000
v -22.715000 3.062376 15.000000
v -22.715000 -4.570025 15.000000
v 22.715000 -4.570025 15.000000
v 22.715000 3.062376 15.000000
v -20.000000 3.000000 0.000000
v -20.000000 9.000000 0.000000
v -20.000000 4.485451 0.000000
v -22.000000 3.000000 0.000000
v -22.000000 4.485451 0.000000
v -22.000000 9.000000 0.000000
v 22.000000 3.000000 0.000000
v 22.000000 9.000000 0.000000
v 22.000000 4.485451 0.000000
v 20.000000 3.000000 0.000000
v 20.000000 4.485451 0.000000
v 20.000000 9.000000 0.000000
v 30.749009 0.073782 13.180000
v 30.746036 0.147561 13.180000
v 30.741083 0.221233 13.180000
v 30.734154 0.294746 13.180000
v 30.725253 0.368046 13.180000
v 30.714388 0.441081 13.180000
v 30.701566 0.513798 13.180000
v 30.686797 0.586144 13.180000
v 30.670090 0.658068 13.180000
v 30.651458 0.729517 13.180000
v 30.630915 0.800441 13.180000
v 30.608475 0.870787 13.180000
v 30.584155 0.940505 13.180000
v 30.557971 1.009546 13.180000
v 30.529943 1.077858 13.180000
v 30.500092 1.145394 13.180000
v 30.468438 1.212103 13.180000
v 30.435004 1.277939 13.180000
v 30.399815 1.342853 13.180000
v 30.362896 1.406799 13.180000
v 30.324273 1.469731 13.180000
v 30.283974 1.531603 13.180000
v 30.242029 1.592371 13.180000
v 30.198468 1.651991 13.180000
v 30.153321 1.710420 13.180000
v 30.106622 1.767616 13.180000
v 30.058405 1.823537 13.180000
v 30.008703 1.878144 13.180000
v 29.957553 1.931397 13.180000
v 29.904992 1.983257 13.180000
v 29.851057 2.033687 13.180000
v 29.795788 2.082651 13.180000
v 29.739225 2.130114 13.180000
v 29.681407 2.176040 13.180000
v 29.622377 2.220398 13.180000
v 29.562178 2.263156 13.180000
v 29.500852 2.304281 13.180000
v 29.438445 2.343745 13.180000
v 29.375000 2.381520 13.180000
v 29.310564 2.417577 13.180000
v 29.245183 2.451892 13.180000
v 29.178905 2.484439 13.180000
v 29.111776 2.515194 13.180000
v 29.043846 2.544137 13.180000
v 28.975163 2.571245 13.180000
v 28.905778 2.596499 13.180000
v 28.835739 2.619881 13.180000
v 28.765098 2.641375 13.180000
v 28.693905 2.660964 13.180000
v 28.622212 2.678635 13.180000
v 28.550071 2.694374 13.180000
v 28.477532 2.708171 13.180000
v 28.404650 2.720016 13.180000
v 28.331476 2.729899 13.180000
v 28.258063 2.737815 13.180000
v 28.184464 2.743756 13.180000
v 28.110731 2.747720 13.180000
v 28.036919 2.749702 13.180000
v 27.963081 2.749702 13.180000
v 27.889269 2.747720 13.180000
v 27.815536 2.743756 13.180000
v 27.741937 2.737815 13.180000
v 27.668524 2.729899 13.180000
v 27.595350 2.720016 13.180000
v 27.522468 2.708171 13.180000
v 27.449929 2.694374 13.180000
v 27.377788 2.678635 13.180000
v 27.306095 2.660964 13.180000
v 27.234902 2.641375 13.180000
v 27.164261 2.619881 13.180000
v 27.094222 2.596499 13.180000
v 27.024837 2.571245 13.180000
v 26.956154 2.544137 13.180000
v 26.888224 2.515194 13.180000
v 26.821095 2.484439 13.180000
v 26.754817 2.451892 13.180000
v 26.689436 2.417577 13.180000
v 26.625000 2.381520 13.180000
v 26.561555 2.343745 13.180000
v 26.499148 2.304281 13.180000
v 26.437822 2.263156 13.180000
v 26.377623 2.220398 13.180000
v 26.318593 2.176040 13.180000
v 26.260775 2.130114 13.180000
v 26.204212 2.082651 13.180000
v 26.148943 2.033687 13.180000
v 26.095008 1.983257 13.180000
v 26.042447 1.931397 13.180000
v 25.991297 1.878144 13.180000
v 25.941595 1.823537 13.180000
v 25.893378 1.767616 13.180000
v 25.846679 1.710420 13.180000
v 25.801532 1.651991 13.180000
v 25.757971 1.592371 13.180000
v 25.716026 1.531603 13.180000
v 25.675727 1.469731 13.180000
v 25.637104 1.406799 13.180000
v 25.600185 1.342853 13.180000
v 25.564996 1.277939 13.180000
v 25.531562 1.212103 13.180000
v 25.499908 1.145394 13.180000
v 25.470057 1.077858 13.180000
v 25.442029 1.009546 13.180000
v 25.415845 0.940505 13.180000
v 25.391525 0.870787 13.180000
v 25.369085 0.800441 13.180000
v 25.348542 0.729517 13.180000
v 25.329910 0.658068 13.180000
v 25.313203 0.586144 13.180000
v 25.298434 0.513798 13.180000
v 25.285612 0.441081 13.180000
v 25.274747 0.368046 13.180000
v 25.265846 0.294746 13.180000
v 25.258917 0.221233 13.180000
v 25.253964 0.147561 13.180000
v 25.250991 0.073782 13.180000
v 25.250000 -0.000050 13.180000
v 25.250991 -0.073882 13.180000
v 25.253964 -0.147661 13.180000
v 25.258917 -0.221333 13.180000
v 25.265846 -0.294846 13.180000
v 25.274747 -0.368146 13.180000
v 25.285612 -0.441181 13.180000
v 25.298434 -0.513898 13.180000
v 25.313203 -0.586244 13.180000
v 25.329910 -0.658168 13.180000
v 25.348542 -0.729617 13.180000
v 25.369085 -0.800541 13.180000
v 25.391525 -0.870887 13.180000
v 25.415845 -0.940605 13.180000
v 25.442029 -1.009646 13.180000
v 25.470057 -1.077958 13.180000
v 25.499908 -1.145494 13.180000
v 25.531562 -1.212203 13.180000
v 25.564996 -1.278039 13.180000
v 25.600185 -1.342953 13.180000
v 25.637104 -1.406899 13.180000
v 25.675727 -1.469831 13.180000
v 25.716026 -1.531703 13.180000
v 25.757971 -1.592471 13.180000
v 25.801532 -1.652091 13.180000
v 25.846679 -1.710520 13.180000
v 25.893378 -1.767716 13.180000
v 25.941595 -1.823637 13.180000
v 25.991297 -1.878244 13.180000
v 26.042447 -1.931497 13.180000
v 26.095008 -1.983357 13.180000
v 26.148943 -2.033787 13.180000
v 26.204212 -2.082751 13.180000
v 26.260775 -2.130214 13.180000
v 26.318593 -2.176140 13.180000
v 26.377623 -2.220498 13.180000
v 26.437822 -2.263256 13.180000
v 26.499148 -2.304381 13.180000
v 26.561555 -2.343845 13.180000
v 26.625000 -2.381620 13.180000
v 26.689436 -2.417677 13.180000
v 26.754817 -2.451992 13.180000
v 26.821095 -2.484539 13.180000
v 26.888224 -2.515294 13.180000
v 26.956154 -2.544237 13.180000
v 27.024837 -2.571345 13.180000
v 27.094222 -2.596599 13.180000
v 27.164261 -2.619981 13.180000
v 27.234902 -2.641475 13.180000
v 27.306095 -2.661064 13.180000
v 27.377788 -2.678735 13.180000
v 27.449929 -2.694474 13.180000
v 27.522468 -2.708271 13.180000
v 27.595350 -2.720116 13.180000
v 27.668524 -2.729999 13.180000
v 27.741937 -2.737915 13.180000
v 27.815536 -2.743856 13.180000
v 27.889269 -2.747820 13.180000
v 27.963081 -2.749802 13.180000
v 28.036919 -2.749802 13.180000
v 28.110731 -2.747820 13.180000
v 28.184464 -2.743856 13.180000
v 28.258063 -2.737915 13.180000
v 28.331476 -2.729999 13.180000
v 28.404650 -2.720116 13.180000
v 28.477532 -2.708271 13.180000
v 28.550071 -2.694474 13.180000
v 28.622212 -2.678735 13.180000
v 28.693905 -2.661064 13.180000
v 28.765098 -2.641475 13.180000
v 28.835739 -2.619981 13.180000
v 28.905778 -2.596599 13.180000
v 28.975163 -2.571345 13.180000
v 29.043846 -2.544237 13.180000
v 29.111776 -2.515294 13.180000
v 29.178905 -2.484539 13.180000
v 29.245183 -2.451992 13.180000
v 29.310564 -2.417677 13.180000
v 29.375000 -2.381620 13.180000
v 29.438445 -2.343845 13.180000
v 29.500852 -2.304381 13.180000
v 29.562178 -2.263256 13.180000
v 29.622377 -2.220498 13.180000
v 29.681407 -2.176140 13.180000
v 29.739225 -2.130214 13.180000
v 29.795788 -2.082751 13.180000
v 29.851057 -2.033787 13.180000
v 29.904992 -1.983357 13.180000
v 29.957553 -1.931497 13.180000
v 30.008703 -1.878244 13.180000
v 30.058405 -1.823637 13.180000
v 30.106622 -1.767716 13.180000
v 30.153321 -1.710520 13.180000
v 30.198468 -1.652091 13.180000
v 30.242029 -1.592471 13.180000
v 30.283974 -1.531703 13.180000
v 30.324273 -1.469831 13.180000
v 30.362896 -1.406899 13.180000
v 30.399815 -1.342953 13.180000
v 30.435004 -1.278039 13.180000
v 30.468438 -1.212203 13.180000
v 30.500092 -1.145494 13.180000
v 30.529943 -1.077958 13.180000
v 30.557971 -1.009646 13.180000
v 30.584155 -0.940605 13.180000
v 30.608475 -0.870887 13.180000
v 30.630915 -0.800541 13.180000
v 30.651458 -0.729617 13.180000
v 30.670090 -0.658168 13.180000
v 30.686797 -0.586244 13.180000
v 30.701566 -0.513898 13.180000
v 30.714388 -0.441181 13.180000
v 30.725253 -0.368146 13.180000
v 30.734154 -0.294846 13.180000
v 30.741083 -0.221333 13.180000
v 30.746036 -0.147661 13.180000
v 30.749009 -0.073882 13.180000
v 30.750000 -0.000050 13.180000
v 30.750000 -0.000050 0.000000
v 30.746036 -0.147661 0.000000
v 30.734154 -0.294846 0.000000
v 30.714388 -0.441181 0.000000
v 30.686797 -0.586244 0.000000
v 30.651458 -0.729617 0.000000
v 30.608475 -0.870887 0.000000
v 30.557971 -1.009646 0.000000
v 30.500092 -1.145494 0.000000
v 30.435004 -1.278039 0.000000
v 30.362896 -1.406899 0.000000
v 30.283974 -1.531703 0.000000
v 30.198468 -1.652091 0.000000
v 30.106622 -1.767716 0.000000
v 30.008703 -1.878244 0.000000
v 29.904992 -1.983357 0.000000
v 29.795788 -2.082751 0.000000
v 29.681407 -2.176140 0.000000
v 29.562178 -2.263256 0.000000
v 29.438445 -2.343845 0.000000
v 29.310564 -2.417677 0.000000
v 29.178905 -2.484539 0.000000
v 29.043846 -2.544237 0.000000
v 28.905778 -2.596599 0.000000
v 28.765098 -2.641475 0.000000
v 28.622212 -2.678735 0.000000
v 28.477532 -2.708271 0.000000
v 28.331476 -2.729999 0.000000
v 28.184464 -2.743856 0.000000
v 28.036919 -2.749802 0.000000
v 27.889269 -2.747820 0.000000
v 27.741937 -2.737915 0.000000
v 27.595350 -2.720116 0.000000
v 27.449929 -2.694474 0.000000
v 27.306095 -2.661064 0.000000
v 27.164261 -2.619981 0.000000
v 27.024837 -2.571345 0.000000
v 26.888224 -2.515294 0.000000
v 26.754817 -2.451992 0.000000
v 26.625000 -2.381620 0.000000
v 26.499148 -2.304381 0.000000
v 26.377623 -2.220498 0.000000
v 26.260775 -2.130214 0.000000
v 26.148943 -2.033787 0.000000
v 26.042447 -1.931497 0.000000
v 25.941595 -1.823637 0.000000
v 25.846679 -1.710520 0.000000
v 25.757971 -1.592471 0.000000
v 25.675727 -1.469831 0.000000
v 25.600185 -1.342953 0.000000
v 25.531562 -1.212203 0.000000
v 25.470057 -1.077958 0.000000
v 25.415845 -0.940605 0.000000
v 25.369085 -0.800541 0.000000
v 25.329910 -0.658168 0.000000
v 25.298434 -0.513898 0.000000
v 25.274747 -0.368146 0.000000
v 25.258917 -0.221333 0.000000
v 25.250991 -0.073882 0.000000
v 25.250000 -0.000050 0.000000
v 25.258917 0.221233 0.000000
v 25.250991 0.073782 0.000000
v 25.274747 0.368046 0.000000
v 25.298434 0.513798 0.000000
v 25.329910 0.658068 0.000000
v 25.369085 0.800441 0.000000
v 25.415845 0.940505 0.000000
v 25.470057 1.077858 0.000000
v 25.531562 1.212103 0.000000
v 25.600185 1.342853 0.000000
v 25.675727 1.469731 0.000000
v 25.757971 1.592371 0.000000
v 25.846679 1.710420 0.000000
v 25.941595 1.823537 0.000000
v 26.042447 1.931397 0.000000
v 26.148943 2.033687 0.000000
v 26.260775 2.130114 0.000000
v 26.377623 2.220398 0.000000
v 26.499148 2.304281 0.000000
v 26.625000 2.381520 0.000000
v 26.754817 2.451892 0.000000
v 26.888224 2.515194 0.000000
v 27.024837 2.571245 0.000000
v 27.164261 2.619881 0.000000
v 27.306095 2.660964 0.000000
v 27.449929 2.694374 0.000000
v 27.595350 2.720016 0.000000
v 27.741937 2.737815 0.000000
v 27.889269 2.747720 0.000000
v 28.036919 2.749702 0.000000
v 28.184464 2.743756 0.000000
v 28.331476 2.729899 0.000000
v 28.477532 2.708171 0.000000
v 28.622212 2.678635 0.000000
v 28.765098 2.641375 0.000000
v 28.905778 2.596499 0.000000
v 29.043846 2.544137 0.000000
v 29.178905 2.484439 0.000000
v 29.310564 2.417577 0.000000
v 29.438445 2.343745 0.000000
v 29.562178 2.263156 0.000000
v 29.681407 2.176040 0.000000
v 29.795788 2.082651 0.000000
v 29.904992 1.983257 0.000000
v 30.008703 1.878144 0.000000
v 30.106622 1.767616 0.000000
v 30.198468 1.651991 0.000000
v 30.283974 1.531603 0.000000
v 30.362896 1.406799 0.000000
v 30.435004 1.277939 0.000000
v 30.500092 1.145394 0.000000
v 30.557971 1.009546 0.000000
v 30.608475 0.870787 0.000000
v 30.651458 0.729517 0.000000
v 30.686797 0.586144 0.000000
v 30.714388 0.441081 0.000000
v 30.734154 0.294746 0.000000
v 30.746036 0.147561 0.000000
v 25.401461 -16.384187 13.180000
v 25.398488 -16.310409 13.180000
v 25.393535 -16.236736 13.180000
v 25.386606 -16.163224 13.180000
v 25.377706 -16.089923 13.180000
v 25.366841 -16.016888 13.180000
v 25.354019 -15.944172 13.180000
v 25.339249 -15.871825 13.180000
v 25.322542 -15.799901 13.180000
v 25.303911 -15.728452 13.180000
v 25.283367 -15.657529 13.180000
v 25.260928 -15.587182 13.180000
v 25.236607 -15.517464 13.180000
v 25.210423 -15.448424 13.180000
v 25.182396 -15.380111 13.180000
v 25.152544 -15.312576 13.180000
v 25.120890 -15.245866 13.180000
v 25.087456 -15.180031 13.180000
v 25.052267 -15.115116 13.180000
v 25.015348 -15.051170 13.180000
v 24.976725 -14.988238 13.180000
v 24.936427 -14.926366 13.180000
v 24.894481 -14.865598 13.180000
v 24.850920 -14.805978 13.180000
v 24.805773 -14.747549 13.180000
v 24.759075 -14.690353 13.180000
v 24.710857 -14.634432 13.180000
v 24.661155 -14.579825 13.180000
v 24.610005 -14.526573 13.180000
v 24.557444 -14.474713 13.180000
v 24.503510 -14.424282 13.180000
v 24.448241 -14.375318 13.180000
v 24.391677 -14.327856 13.180000
v 24.333860 -14.281929 13.180000
v 24.274830 -14.237571 13.180000
v 24.214630 -14.194814 13.180000
v 24.153305 -14.153688 13.180000
v 24.090897 -14.114224 13.180000
v 24.027452 -14.076450 13.180000
v 23.963016 -14.040392 13.180000
v 23.897635 -14.006078 13.180000
v 23.831357 -13.973531 13.180000
v 23.764228 -13.942775 13.180000
v 23.696298 -13.913833 13.180000
v 23.627616 -13.886725 13.180000
v 23.558230 -13.861470 13.180000
v 23.488192 -13.838088 13.180000
v 23.417550 -13.816595 13.180000
v 23.346358 -13.797005 13.180000
v 23.274665 -13.779335 13.180000
v 23.202523 -13.763595 13.180000
v 23.129985 -13.749798 13.180000
v 23.057102 -13.737954 13.180000
v 22.983928 -13.728070 13.180000
v 22.910515 -13.720155 13.180000
v 22.836916 -13.714213 13.180000
v 22.763184 -13.710250 13.180000
v 22.689372 -13.708267 13.180000
v 22.615533 -13.708267 13.180000
v 22.541721 -13.710250 13.180000
v 22.467989 -13.714213 13.180000
v 22.394390 -13.720155 13.180000
v 22.320976 -13.728070 13.180000
v 22.247802 -13.737954 13.180000
v 22.174920 -13.749798 13.180000
v 22.102382 -13.763595 13.180000
v 22.030240 -13.779335 13.180000
v 21.958547 -13.797005 13.180000
v 21.887354 -13.816595 13.180000
v 21.816713 -13.838088 13.180000
v 21.746675 -13.861470 13.180000
v 21.677289 -13.886725 13.180000
v 21.608606 -13.913833 13.180000
v 21.540676 -13.942775 13.180000
v 21.473548 -13.973531 13.180000
v 21.407269 -14.006078 13.180000
v 21.341888 -14.040392 13.180000
v 21.277452 -14.076450 13.180000
v 21.214008 -14.114224 13.180000
v 21.151600 -14.153688 13.180000
v 21.090274 -14.194814 13.180000
v 21.030075 -14.237571 13.180000
v 20.971045 -14.281929 13.180000
v 20.913228 -14.327856 13.180000
v 20.856664 -14.375318 13.180000
v 20.801395 -14.424282 13.180000
v 20.747460 -14.474713 13.180000
v 20.694899 -14.526573 13.180000
v 20.643749 -14.579825 13.180000
v 20.594048 -14.634432 13.180000
v 20.545830 -14.690353 13.180000
v 20.499131 -14.747549 13.180000
v 20.453985 -14.805978 13.180000
v 20.410423 -14.865598 13.180000
v 20.368478 -14.926366 13.180000
v 20.328180 -14.988238 13.180000
v 20.289557 -15.051170 13.180000
v 20.252637 -15.115116 13.180000
v 20.217448 -15.180031 13.180000
v 20.184015 -15.245866 13.180000
v 20.152361 -15.312576 13.180000
v 20.122509 -15.380111 13.180000
v 20.094481 -15.448424 13.180000
v 20.068298 -15.517464 13.180000
v 20.043977 -15.587182 13.180000
v 20.021537 -15.657529 13.180000
v 20.000994 -15.728452 13.180000
v 19.982362 -15.799901 13.180000
v 19.965656 -15.871825 13.180000
v 19.950886 -15.944172 13.180000
v 19.938064 -16.016888 13.180000
v 19.927199 -16.089923 13.180000
v 19.918299 -16.163224 13.180000
v 19.911370 -16.236736 13.180000
v 19.906417 -16.310409 13.180000
v 19.903444 -16.384187 13.180000
v 19.902452 -16.458019 13.180000
v 19.903444 -16.531851 13.180000
v 19.906417 -16.605630 13.180000
v 19.911370 -16.679302 13.180000
v 19.918299 -16.752815 13.180000
v 19.927199 -16.826116 13.180000
v 19.938064 -16.899150 13.180000
v 19.950886 -16.971867 13.180000
v 19.965656 -17.044214 13.180000
v 19.982362 -17.116138 13.180000
v 20.000994 -17.187587 13.180000
v 20.021537 -17.258510 13.180000
v 20.043977 -17.328856 13.180000
v 20.068298 -17.398575 13.180000
v 20.094481 -17.467615 13.180000
v 20.122509 -17.535928 13.180000
v 20.152361 -17.603463 13.180000
v 20.184015 -17.670172 13.180000
v 20.217448 -17.736008 13.180000
v 20.252637 -17.800922 13.180000
v 20.289557 -17.864869 13.180000
v 20.328180 -17.927800 13.180000
v 20.368478 -17.989673 13.180000
v 20.410423 -18.050441 13.180000
v 20.453985 -18.110061 13.180000
v 20.499131 -18.168490 13.180000
v 20.545830 -18.225685 13.180000
v 20.594048 -18.281607 13.180000
v 20.643749 -18.336213 13.180000
v 20.694899 -18.389466 13.180000
v 20.747460 -18.441326 13.180000
v 20.801395 -18.491756 13.180000
v 20.856664 -18.540721 13.180000
v 20.913228 -18.588183 13.180000
v 20.971045 -18.634110 13.180000
v 21.030075 -18.678468 13.180000
v 21.090274 -18.721225 13.180000
v 21.151600 -18.762351 13.180000
v 21.214008 -18.801815 13.180000
v 21.277452 -18.839589 13.180000
v 21.341888 -18.875647 13.180000
v 21.407269 -18.909961 13.180000
v 21.473548 -18.942508 13.180000
v 21.540676 -18.973264 13.180000
v 21.608606 -19.002206 13.180000
v 21.677289 -19.029314 13.180000
v 21.746675 -19.054568 13.180000
v 21.816713 -19.077951 13.180000
v 21.887354 -19.099444 13.180000
v 21.958547 -19.119033 13.180000
v 22.030240 -19.136704 13.180000
v 22.102382 -19.152444 13.180000
v 22.174920 -19.166241 13.180000
v 22.247802 -19.178085 13.180000
v 22.320976 -19.187969 13.180000
v 22.394390 -19.195884 13.180000
v 22.467989 -19.201826 13.180000
v 22.541721 -19.205789 13.180000
v 22.615533 -19.207772 13.180000
v 22.689372 -19.207772 13.180000
v 22.763184 -19.205789 13.180000
v 22.836916 -19.201826 13.180000
v 22.910515 -19.195884 13.180000
v 22.983928 -19.187969 13.180000
v 23.057102 -19.178085 13.180000
v 23.129985 -19.166241 13.180000
v 23.202523 -19.152444 13.180000
v 23.274665 -19.136704 13.180000
v 23.346358 -19.119033 13.180000
v 23.417550 -19.099444 13.180000
v 23.488192 -19.077951 13.180000
v 23.558230 -19.054568 13.180000
v 23.627616 -19.029314 13.180000
v 23.696298 -19.002206 13.180000
v 23.764228 -18.973264 13.180000
v 23.831357 -18.942508 13.180000
v 23.897635 -18.909961 13.180000
v 23.963016 -18.875647 13.180000
v 24.027452 -18.839589 13.180000
v 24.090897 -18.801815 13.180000
v 24.153305 -18.762351 13.180000
v 24.214630 -18.721225 13.180000
v 24.274830 -18.678468 13.180000
v 24.333860 -18.634110 13.180000
v 24.391677 -18.588183 13.180000
v 24.448241 -18.540721 13.180000
v 24.503510 -18.491756 13.180000
v 24.557444 -18.441326 13.180000
v 24.610005 -18.389466 13.180000
v 24.661155 -18.336213 13.180000
v 24.710857 -18.281607 13.180000
v 24.759075 -18.225685 13.180000
v 24.805773 -18.168490 13.180000
v 24.850920 -18.110061 13.180000
v 24.894481 -18.050441 13.180000
v 24.936427 -17.989673 13.180000
v 24.976725 -17.927800 13.180000
v 25.015348 -17.864869 13.180000
v 25.052267 -17.800922 13.180000
v 25.087456 -17.736008 13.180000
v 25.120890 -17.670172 13.180000
v 25.152544 -17.603463 13.180000
v 25.182396 -17.535928 13.180000
v 25.210423 -17.467615 13.180000
v 25.236607 -17.398575 13.180000
v 25.260928 -17.328856 13.180000
v 25.283367 -17.258510 13.180000
v 25.303911 -17.187587 13.180000
v 25.322542 -17.116138 13.180000
v 25.339249 -17.044214 13.180000
v 25.354019 -16.971867 13.180000
v 25.366841 -16.899150 13.180000
v 25.377706 -16.826116 13.180000
v 25.386606 -16.752815 13.180000
v 25.393535 -16.679302 13.180000
v 25.398488 -16.605630 13.180000
v 25.401461 -16.531851 13.180000
v 25.402452 -16.458019 13.180000
v 25.398488 -16.605630 0.000000
v 25.402452 -16.458019 0.000000
v 25.386606 -16.752815 0.000000
v 25.366841 -16.899150 0.000000
v 25.339249 -17.044214 0.000000
v 25.303911 -17.187587 0.000000
v 25.260928 -17.328856 0.000000
v 25.210423 -17.467615 0.000000
v 25.152544 -17.603463 0.000000
v 25.087456 -17.736008 0.000000
v 25.015348 -17.864869 0.000000
v 24.936427 -17.989673 0.000000
v 24.850920 -18.110061 0.000000
v 24.759075 -18.225685 0.000000
v 24.661155 -18.336213 0.000000
v 24.557444 -18.441326 0.000000
v 24.448241 -18.540721 0.000000
v 24.333860 -18.634110 0.000000
v 24.214630 -18.721225 0.000000
v 24.090897 -18.801815 0.000000
v 23.963016 -18.875647 0.000000
v 23.831357 -18.942508 0.000000
v 23.696298 -19.002206 0.000000
v 23.558230 -19.054568 0.000000
v 23.417550 -19.099444 0.000000
v 23.274665 -19.136704 0.000000
v 23.129985 -19.166241 0.000000
v 22.983928 -19.187969 0.000000
v 22.836916 -19.201826 0.000000
v 22.689372 -19.207772 0.000000
v 22.541721 -19.205789 0.000000
v 22.394390 -19.195884 0.000000
v 22.247802 -19.178085 0.000000
v 22.102382 -19.152444 0.000000
v 21.958547 -19.119033 0.000000
v 21.816713 -19.077951 0.000000
v 21.677289 -19.029314 0.000000
v 21.540676 -18.973264 0.000000
v 21.407269 -18.909961 0.000000
v 21.277452 -18.839589 0.000000
v 21.151600 -18.762351 0.000000
v 21.030075 -18.678468 0.000000
v 20.913228 -18.588183 0.000000
v 20.801395 -18.491756 0.000000
v 20.694899 -18.389466 0.000000
v 20.594048 -18.281607 0.000000
v 20.499131 -18.168490 0.000000
v 20.410423 -18.050441 0.000000
v 20.328180 -17.927800 0.000000
v 20.252637 -17.800922 0.000000
v 20.184015 -17.670172 0.000000
v 20.122509 -17.535928 0.000000
v 20.068298 -17.398575 0.000000
v 20.021537 -17.258510 0.000000
v 19.982362 -17.116138 0.000000
v 19.950886 -16.971867 0.000000
v 19.927199 -16.826116 0.000000
v 19.911370 -16.679302 0.000000
v 19.903444 -16.531851 0.000000
v 19.902452 -16.458019 0.000000
v 19.911370 -16.236736 0.000000
v 19.903444 -16.384187 0.000000
v 19.927199 -16.089923 0.000000
v 19.950886 -15.944172 0.000000
v 19.982362 -15.799901 0.000000
v 20.021537 -15.657529 0.000000
v 20.068298 -15.517464 0.000000
v 20.122509 -15.380111 0.000000
v 20.184015 -15.245866 0.000000
v 20.252637 -15.115116 0.000000
v 20.328180 -14.988238 0.000000
v 20.410423 -14.865598 0.000000
v 20.499131 -14.747549 0.000000
v 20.594048 -14.634432 0.000000
v 20.694899 -14.526573 0.000000
v 20.801395 -14.424282 0.000000
v 20.913228 -14.327856 0.000000
v 21.030075 -14.237571 0.000000
v 21.151600 -14.153688 0.000000
v 21.277452 -14.076450 0.000000
v 21.407269 -14.006078 0.000000
v 21.540676 -13.942775 0.000000
v 21.677289 -13.886725 0.000000
v 21.816713 -13.838088 0.000000
v 21.958547 -13.797005 0.000000
v 22.102382 -13.763595 0.000000
v 22.247802 -13.737954 0.000000
v 22.394390 -13.720155 0.000000
v 22.541721 -13.710250 0.000000
v 22.689372 -13.708267 0.000000
v 22.836916 -13.714213 0.000000
v 22.983928 -13.728070 0.000000
v 23.129985 -13.749798 0.000000
v 23.274665 -13.779335 0.000000
v 23.417550 -13.816595 0.000000
v 23.558230 -13.861470 0.000000
v 23.696298 -13.913833 0.000000
v 23.831357 -13.973531 0.000000
v 23.963016 -14.040392 0.000000
v 24.090897 -14.114224 0.000000
v 24.214630 -14.194814 0.000000
v 24.333860 -14.281929 0.000000
v 24.448241 -14.375318 0.000000
v 24.557444 -14.474713 0.000000
v 24.661155 -14.579825 0.000000
v 24.759075 -14.690353 0.000000
v 24.850920 -14.805978 0.000000
v 24.936427 -14.926366 0.000000
v 25.015348 -15.051170 0.000000
v 25.087456 -15.180031 0.000000
v 25.152544 -15.312576 0.000000
v 25.210423 -15.448424 0.000000
v 25.260928 -15.587182 0.000000
v 25.303911 -15.728452 0.000000
v 25.339249 -15.871825 0.000000
v 25.366841 -16.016888 0.000000
v 25.386606 -16.163224 0.000000
v 25.398488 -16.310409 0.000000
v 11.401456 -26.555760 13.180000
v 11.398483 -26.481981 13.180000
v 11.393530 -26.408309 13.180000
v 11.386601 -26.334796 13.180000
v 11.377701 -26.261496 13.180000
v 11.366836 -26.188461 13.180000
v 11.354014 -26.115744 13.180000
v 11.339244 -26.043397 13.180000
v 11.322537 -25.971474 13.180000
v 11.303906 -25.900024 13.180000
v 11.283362 -25.829101 13.180000
v 11.260923 -25.758755 13.180000
v 11.236602 -25.689036 13.180000
v 11.210418 -25.619996 13.180000
v 11.182391 -25.551684 13.180000
v 11.152539 -25.484148 13.180000
v 11.120885 -25.417439 13.180000
v 11.087451 -25.351603 13.180000
v 11.052262 -25.286689 13.180000
v 11.015343 -25.222743 13.180000
v 10.976720 -25.159811 13.180000
v 10.936422 -25.097938 13.180000
v 10.894476 -25.037170 13.180000
v 10.850915 -24.977551 13.180000
v 10.805768 -24.919122 13.180000
v 10.759070 -24.861926 13.180000
v 10.710852 -24.806004 13.180000
v 10.661150 -24.751398 13.180000
v 10.610000 -24.698145 13.180000
v 10.557439 -24.646285 13.180000
v 10.503505 -24.595855 13.180000
v 10.448236 -24.546891 13.180000
v 10.391672 -24.499428 13.180000
v 10.333855 -24.453501 13.180000
v 10.274825 -24.409143 13.180000
v 10.214625 -24.366386 13.180000
v 10.153300 -24.325261 13.180000
v 10.090892 -24.285796 13.180000
v 10.027447 -24.248022 13.180000
v 9.963011 -24.211964 13.180000
v 9.897630 -24.177650 13.180000
v 9.831352 -24.145103 13.180000
v 9.764223 -24.114347 13.180000
v 9.696293 -24.085405 13.180000
v 9.627611 -24.058297 13.180000
v 9.558225 -24.033043 13.180000
v 9.488186 -24.009660 13.180000
v 9.417545 -23.988167 13.180000
v 9.346353 -23.968578 13.180000
v 9.274660 -23.950907 13.180000
v 9.202518 -23.935167 13.180000
v 9.129980 -23.921370 13.180000
v 9.057097 -23.909526 13.180000
v 8.983923 -23.899642 13.180000
v 8.910510 -23.891727 13.180000
v 8.836911 -23.885785 13.180000
v 8.763179 -23.881822 13.180000
v 8.689367 -23.879840 13.180000
v 8.615528 -23.879840 13.180000
v 8.541716 -23.881822 13.180000
v 8.467984 -23.885785 13.180000
v 8.394385 -23.891727 13.180000
v 8.320971 -23.899642 13.180000
v 8.247797 -23.909526 13.180000
v 8.174915 -23.921370 13.180000
v 8.102377 -23.935167 13.180000
v 8.030235 -23.950907 13.180000
v 7.958542 -23.968578 13.180000
v 7.887349 -23.988167 13.180000
v 7.816708 -24.009660 13.180000
v 7.746669 -24.033043 13.180000
v 7.677284 -24.058297 13.180000
v 7.608601 -24.085405 13.180000
v 7.540671 -24.114347 13.180000
v 7.473543 -24.145103 13.180000
v 7.407264 -24.177650 13.180000
v 7.341883 -24.211964 13.180000
v 7.277447 -24.248022 13.180000
v 7.214003 -24.285796 13.180000
v 7.151595 -24.325261 13.180000
v 7.090269 -24.366386 13.180000
v 7.030070 -24.409143 13.180000
v 6.971040 -24.453501 13.180000
v 6.913223 -24.499428 13.180000
v 6.856659 -24.546891 13.180000
v 6.801390 -24.595855 13.180000
v 6.747455 -24.646285 13.180000
v 6.694894 -24.698145 13.180000
v 6.643744 -24.751398 13.180000
v 6.594043 -24.806004 13.180000
v 6.545825 -24.861926 13.180000
v 6.499126 -24.919122 13.180000
v 6.453980 -24.977551 13.180000
v 6.410418 -25.037170 13.180000
v 6.368473 -25.097938 13.180000
v 6.328175 -25.159811 13.180000
v 6.289552 -25.222743 13.180000
v 6.252632 -25.286689 13.180000
v 6.217443 -25.351603 13.180000
v 6.184010 -25.417439 13.180000
v 6.152355 -25.484148 13.180000
v 6.122504 -25.551684 13.180000
v 6.094476 -25.619996 13.180000
v 6.068293 -25.689036 13.180000
v 6.043972 -25.758755 13.180000
v 6.021532 -25.829101 13.180000
v 6.000989 -25.900024 13.180000
v 5.982357 -25.971474 13.180000
v 5.965651 -26.043397 13.180000
v 5.950881 -26.115744 13.180000
v 5.938059 -26.188461 13.180000
v 5.927194 -26.261496 13.180000
v 5.918294 -26.334796 13.180000
v 5.911365 -26.408309 13.180000
v 5.906412 -26.481981 13.180000
v 5.903439 -26.555760 13.180000
v 5.902447 -26.629592 13.180000
v 5.903439 -26.703424 13.180000
v 5.906412 -26.777202 13.180000
v 5.911365 -26.850875 13.180000
v 5.918294 -26.924388 13.180000
v 5.927194 -26.997688 13.180000
v 5.938059 -27.070723 13.180000
v 5.950881 -27.143440 13.180000
v 5.965651 -27.215786 13.180000
v 5.982357 -27.287710 13.180000
v 6.000989 -27.359159 13.180000
v 6.021532 -27.430082 13.180000
v 6.043972 -27.500429 13.180000
v 6.068293 -27.570147 13.180000
v 6.094476 -27.639187 13.180000
v 6.122504 -27.707500 13.180000
v 6.152355 -27.775035 13.180000
v 6.184010 -27.841745 13.180000
v 6.217443 -27.907580 13.180000
v 6.252632 -27.972495 13.180000
v 6.289552 -28.036441 13.180000
v 6.328175 -28.099373 13.180000
v 6.368473 -28.161245 13.180000
v 6.410418 -28.222013 13.180000
v 6.453980 -28.281633 13.180000
v 6.499126 -28.340062 13.180000
v 6.545825 -28.397258 13.180000
v 6.594043 -28.453179 13.180000
v 6.643744 -28.507786 13.180000
v 6.694894 -28.561038 13.180000
v 6.747455 -28.612898 13.180000
v 6.801390 -28.663329 13.180000
v 6.856659 -28.712293 13.180000
v 6.913223 -28.759755 13.180000
v 6.971040 -28.805682 13.180000
v 7.030070 -28.850040 13.180000
v 7.090269 -28.892797 13.180000
v 7.151595 -28.933923 13.180000
v 7.214003 -28.973387 13.180000
v 7.277447 -29.011162 13.180000
v 7.341883 -29.047219 13.180000
v 7.407264 -29.081534 13.180000
v 7.473543 -29.114080 13.180000
v 7.540671 -29.144836 13.180000
v 7.608601 -29.173778 13.180000
v 7.677284 -29.200886 13.180000
v 7.746669 -29.226141 13.180000
v 7.816708 -29.249523 13.180000
v 7.887349 -29.271017 13.180000
v 7.958542 -29.290606 13.180000
v 8.030235 -29.308276 13.180000
v 8.102377 -29.324016 13.180000
v 8.174915 -29.337813 13.180000
v 8.247797 -29.349658 13.180000
v 8.320971 -29.359541 13.180000
v 8.394385 -29.367457 13.180000
v 8.467984 -29.373398 13.180000
v 8.541716 -29.377361 13.180000
v 8.615528 -29.379344 13.180000
v 8.689367 -29.379344 13.180000
v 8.763179 -29.377361 13.180000
v 8.836911 -29.373398 13.180000
v 8.910510 -29.367457 13.180000
v 8.983923 -29.359541 13.180000
v 9.057097 -29.349658 13.180000
v 9.129980 -29.337813 13.180000
v 9.202518 -29.324016 13.180000
v 9.274660 -29.308276 13.180000
v 9.346353 -29.290606 13.180000
v 9.417545 -29.271017 13.180000
v 9.488186 -29.249523 13.180000
v 9.558225 -29.226141 13.180000
v 9.627611 -29.200886 13.180000
v 9.696293 -29.173778 13.180000
v 9.764223 -29.144836 13.180000
v 9.831352 -29.114080 13.180000
v 9.897630 -29.081534 13.180000
v 9.963011 -29.047219 13.180000
v 10.027447 -29.011162 13.180000
v 10.090892 -28.973387 13.180000
v 10.153300 -28.933923 13.180000
v 10.214625 -28.892797 13.180000
v 10.274825 -28.850040 13.180000
v 10.333855 -28.805682 13.180000
v 10.391672 -28.759755 13.180000
v 10.448236 -28.712293 13.180000
v 10.503505 -28.663329 13.180000
v 10.557439 -28.612898 13.180000
v 10.610000 -28.561038 13.180000
v 10.661150 -28.507786 13.180000
v 10.710852 -28.453179 13.180000
v 10.759070 -28.397258 13.180000
v 10.805768 -28.340062 13.180000
v 10.850915 -28.281633 13.180000
v 10.894476 -28.222013 13.180000
v 10.936422 -28.161245 13.180000
v 10.976720 -28.099373 13.180000
v 11.015343 -28.036441 13.180000
v 11.052262 -27.972495 13.180000
v 11.087451 -27.907580 13.180000
v 11.120885 -27.841745 13.180000
v 11.152539 -27.775035 13.180000
v 11.182391 -27.707500 13.180000
v 11.210418 -27.639187 13.180000
v 11.236602 -27.570147 13.180000
v 11.260923 -27.500429 13.180000
v 11.283362 -27.430082 13.180000
v 11.303906 -27.359159 13.180000
v 11.322537 -27.287710 13.180000
v 11.339244 -27.215786 13.180000
v 11.354014 -27.143440 13.180000
v 11.366836 -27.070723 13.180000
v 11.377701 -26.997688 13.180000
v 11.386601 -26.924388 13.180000
v 11.393530 -26.850875 13.180000
v 11.398483 -26.777202 13.180000
v 11.401456 -26.703424 13.180000
v 11.402447 -26.629592 13.180000
v 11.398483 -26.777202 0.000000
v 11.402447 -26.629592 0.000000
v 11.386601 -26.924388 0.000000
v 11.366836 -27.070723 0.000000
v 11.339244 -27.215786 0.000000
v 11.303906 -27.359159 0.000000
v 11.260923 -27.500429 0.000000
v 11.210418 -27.639187 0.000000
v 11.152539 -27.775035 0.000000
v 11.087451 -27.907580 0.000000
v 11.015343 -28.036441 0.000000
v 10.936422 -28.161245 0.000000
v 10.850915 -28.281633 0.000000
v 10.759070 -28.397258 0.000000
v 10.661150 -28.507786 0.000000
v 10.557439 -28.612898 0.000000
v 10.448236 -28.712293 0.000000
v 10.333855 -28.805682 0.000000
v 10.214625 -28.892797 0.000000
v 10.090892 -28.973387 0.000000
v 9.963011 -29.047219 0.000000
v 9.831352 -29.114080 0.000000
v 9.696293 -29.173778 0.000000
v 9.558225 -29.226141 0.000000
v 9.417545 -29.271017 0.000000
v 9.274660 -29.308276 0.000000
v 9.129980 -29.337813 0.000000
v 8.983923 -29.359541 0.000000
v 8.836911 -29.373398 0.000000
v 8.689367 -29.379344 0.000000
v 8.541716 -29.377361 0.000000
v 8.394385 -29.367457 0.000000
v 8.247797 -29.349658 0.000000
v 8.102377 -29.324016 0.000000
v 7.958542 -29.290606 0.000000
v 7.816708 -29.249523 0.000000
v 7.677284 -29.200886 0.000000
v 7.540671 -29.144836 0.000000
v 7.407264 -29.081534 0.000000
v 7.277447 -29.011162 0.000000
v 7.151595 -28.933923 0.000000
v 7.030070 -28.850040 0.000000
v 6.913223 -28.759755 0.000000
v 6.801390 -28.663329 0.000000
v 6.694894 -28.561038 0.000000
v 6.594043 -28.453179 0.000000
v 6.499126 -28.340062 0.000000
v 6.410418 -28.222013 0.000000
v 6.328175 -28.099373 0.000000
v 6.252632 -27.972495 0.000000
v 6.184010 -27.841745 0.000000
v 6.122504 -27.707500 0.000000
v 6.068293 -27.570147 0.000000
v 6.021532 -27.430082 0.000000
v 5.982357 -27.287710 0.000000
v 5.950881 -27.143440 0.000000
v 5.927194 -26.997688 0.000000
v 5.911365 -26.850875 0.000000
v 5.903439 -26.703424 0.000000
v 5.902447 -26.629592 0.000000
v 5.911365 -26.408309 0.000000
v 5.903439 -26.555760 0.000000
v 5.927194 -26.261496 0.000000
v 5.950881 -26.115744 0.000000
v 5.982357 -25.971474 0.000000
v 6.021532 -25.829101 0.000000
v 6.068293 -25.689036 0.000000
v 6.122504 -25.551684 0.000000
v 6.184010 -25.417439 0.000000
v 6.252632 -25.286689 0.000000
v 6.328175 -25.159811 0.000000
v 6.410418 -25.037170 0.000000
v 6.499126 -24.919122 0.000000
v 6.594043 -24.806004 0.000000
v 6.694894 -24.698145 0.000000
v 6.801390 -24.595855 0.000000
v 6.913223 -24.499428 0.000000
v 7.030070 -24.409143 0.000000
v 7.151595 -24.325261 0.000000
v 7.277447 -24.248022 0.000000
v 7.407264 -24.177650 0.000000
v 7.540671 -24.114347 0.000000
v 7.677284 -24.058297 0.000000
v 7.816708 -24.009660 0.000000
v 7.958542 -23.968578 0.000000
v 8.102377 -23.935167 0.000000
v 8.247797 -23.909526 0.000000
v 8.394385 -23.891727 0.000000
v 8.541716 -23.881822 0.000000
v 8.689367 -23.879840 0.000000
v 8.836911 -23.885785 0.000000
v 8.983923 -23.899642 0.000000
v 9.129980 -23.921370 0.000000
v 9.274660 -23.950907 0.000000
v 9.417545 -23.988167 0.000000
v 9.558225 -24.033043 0.000000
v 9.696293 -24.085405 0.000000
v 9.831352 -24.145103 0.000000
v 9.963011 -24.211964 0.000000
v 10.090892 -24.285796 0.000000
v 10.214625 -24.366386 0.000000
v 10.333855 -24.453501 0.000000
v 10.448236 -24.546891 0.000000
v 10.557439 -24.646285 0.000000
v 10.661150 -24.751398 0.000000
v 10.759070 -24.861926 0.000000
v 10.850915 -24.977551 0.000000
v 10.936422 -25.097938 0.000000
v 11.015343 -25.222743 0.000000
v 11.087451 -25.351603 0.000000
v 11.152539 -25.484148 0.000000
v 11.210418 -25.619996 0.000000
v 11.260923 -25.758755 0.000000
v 11.303906 -25.900024 0.000000
v 11.339244 -26.043397 0.000000
v 11.366836 -26.188461 0.000000
v 11.386601 -26.334796 0.000000
v 11.398483 -26.481981 0.000000
v -5.903486 -26.555744 13.180000
v -5.906459 -26.481966 13.180000
v -5.911412 -26.408293 13.180000
v -5.918341 -26.334780 13.180000
v -5.927242 -26.261480 13.180000
v -5.938107 -26.188445 13.180000
v -5.950929 -26.115728 13.180000
v -5.965698 -26.043382 13.180000
v -5.982405 -25.971458 13.180000
v -6.001037 -25.900009 13.180000
v -6.021580 -25.829086 13.180000
v -6.044020 -25.758739 13.180000
v -6.068340 -25.689021 13.180000
v -6.094524 -25.619981 13.180000
v -6.122551 -25.551668 13.180000
v -6.152403 -25.484133 13.180000
v -6.184057 -25.417423 13.180000
v -6.217491 -25.351588 13.180000
v -6.252680 -25.286673 13.180000
v -6.289599 -25.222727 13.180000
v -6.328222 -25.159795 13.180000
v -6.368521 -25.097923 13.180000
v -6.410466 -25.037155 13.180000
v -6.454027 -24.977535 13.180000
v -6.499174 -24.919106 13.180000
v -6.545873 -24.861910 13.180000
v -6.594090 -24.805989 13.180000
v -6.643792 -24.751382 13.180000
v -6.694942 -24.698130 13.180000
v -6.747503 -24.646270 13.180000
v -6.801437 -24.595839 13.180000
v -6.856706 -24.546875 13.180000
v -6.913270 -24.499413 13.180000
v -6.971088 -24.453486 13.180000
v -7.030117 -24.409128 13.180000
v -7.090317 -24.366371 13.180000
v -7.151642 -24.325245 13.180000
v -7.214050 -24.285781 13.180000
v -7.277495 -24.248006 13.180000
v -7.341931 -24.211949 13.180000
v -7.407312 -24.177634 13.180000
v -7.473590 -24.145088 13.180000
v -7.540719 -24.114332 13.180000
v -7.608649 -24.085390 13.180000
v -7.677331 -24.058282 13.180000
v -7.746717 -24.033027 13.180000
v -7.816756 -24.009645 13.180000
v -7.887397 -23.988151 13.180000
v -7.958590 -23.968562 13.180000
v -8.030283 -23.950892 13.180000
v -8.102424 -23.935152 13.180000
v -8.174962 -23.921355 13.180000
v -8.247845 -23.909510 13.180000
v -8.321019 -23.899627 13.180000
v -8.394432 -23.891711 13.180000
v -8.468031 -23.885770 13.180000
v -8.541764 -23.881807 13.180000
v -8.615576 -23.879824 13.180000
v -8.689414 -23.879824 13.180000
v -8.763226 -23.881807 13.180000
v -8.836958 -23.885770 13.180000
v -8.910558 -23.891711 13.180000
v -8.983971 -23.899627 13.180000
v -9.057145 -23.909510 13.180000
v -9.130027 -23.921355 13.180000
v -9.202566 -23.935152 13.180000
v -9.274707 -23.950892 13.180000
v -9.346400 -23.968562 13.180000
v -9.417593 -23.988151 13.180000
v -9.488234 -24.009645 13.180000
v -9.558273 -24.033027 13.180000
v -9.627658 -24.058282 13.180000
v -9.696341 -24.085390 13.180000
v -9.764271 -24.114332 13.180000
v -9.831399 -24.145088 13.180000
v -9.897678 -24.177634 13.180000
v -9.963059 -24.211949 13.180000
v -10.027495 -24.248006 13.180000
v -10.090940 -24.285781 13.180000
v -10.153347 -24.325245 13.180000
v -10.214673 -24.366371 13.180000
v -10.274872 -24.409128 13.180000
v -10.333902 -24.453486 13.180000
v -10.391720 -24.499413 13.180000
v -10.448283 -24.546875 13.180000
v -10.503552 -24.595839 13.180000
v -10.557487 -24.646270 13.180000
v -10.610048 -24.698130 13.180000
v -10.661198 -24.751382 13.180000
v -10.710899 -24.805989 13.180000
v -10.759117 -24.861910 13.180000
v -10.805816 -24.919106 13.180000
v -10.850962 -24.977535 13.180000
v -10.894524 -25.037155 13.180000
v -10.936469 -25.097923 13.180000
v -10.976768 -25.159795 13.180000
v -11.015390 -25.222727 13.180000
v -11.052310 -25.286673 13.180000
v -11.087499 -25.351588 13.180000
v -11.120933 -25.417423 13.180000
v -11.152587 -25.484133 13.180000
v -11.182438 -25.551668 13.180000
v -11.210466 -25.619981 13.180000
v -11.236650 -25.689021 13.180000
v -11.260970 -25.758739 13.180000
v -11.283410 -25.829086 13.180000
v -11.303953 -25.900009 13.180000
v -11.322585 -25.971458 13.180000
v -11.339292 -26.043382 13.180000
v -11.354061 -26.115728 13.180000
v -11.366883 -26.188445 13.180000
v -11.377748 -26.261480 13.180000
v -11.386648 -26.334780 13.180000
v -11.393577 -26.408293 13.180000
v -11.398530 -26.481966 13.180000
v -11.401504 -26.555744 13.180000
v -11.402495 -26.629576 13.180000
v -11.401504 -26.703408 13.180000
v -11.398530 -26.777187 13.180000
v -11.393577 -26.850859 13.180000
v -11.386648 -26.924372 13.180000
v -11.377748 -26.997672 13.180000
v -11.366883 -27.070707 13.180000
v -11.354061 -27.143424 13.180000
v -11.339292 -27.215771 13.180000
v -11.322585 -27.287694 13.180000
v -11.303953 -27.359144 13.180000
v -11.283410 -27.430067 13.180000
v -11.260970 -27.500413 13.180000
v -11.236650 -27.570132 13.180000
v -11.210466 -27.639172 13.180000
v -11.182438 -27.707484 13.180000
v -11.152587 -27.775020 13.180000
v -11.120933 -27.841729 13.180000
v -11.087499 -27.907565 13.180000
v -11.052310 -27.972479 13.180000
v -11.015390 -28.036425 13.180000
v -10.976768 -28.099357 13.180000
v -10.936469 -28.161230 13.180000
v -10.894524 -28.221998 13.180000
v -10.850962 -28.281618 13.180000
v -10.805816 -28.340046 13.180000
v -10.759117 -28.397242 13.180000
v -10.710899 -28.453164 13.180000
v -10.661198 -28.507770 13.180000
v -10.610048 -28.561023 13.180000
v -10.557487 -28.612883 13.180000
v -10.503552 -28.663313 13.180000
v -10.448283 -28.712277 13.180000
v -10.391720 -28.759740 13.180000
v -10.333902 -28.805667 13.180000
v -10.274872 -28.850025 13.180000
v -10.214673 -28.892782 13.180000
v -10.153347 -28.933907 13.180000
v -10.090940 -28.973372 13.180000
v -10.027495 -29.011146 13.180000
v -9.963059 -29.047204 13.180000
v -9.897678 -29.081518 13.180000
v -9.831399 -29.114065 13.180000
v -9.764271 -29.144821 13.180000
v -9.696341 -29.173763 13.180000
v -9.627658 -29.200871 13.180000
v -9.558273 -29.226125 13.180000
v -9.488234 -29.249508 13.180000
v -9.417593 -29.271001 13.180000
v -9.346400 -29.290590 13.180000
v -9.274707 -29.308261 13.180000
v -9.202566 -29.324001 13.180000
v -9.130027 -29.337798 13.180000
v -9.057145 -29.349642 13.180000
v -8.983971 -29.359526 13.180000
v -8.910558 -29.367441 13.180000
v -8.836958 -29.373383 13.180000
v -8.763226 -29.377346 13.180000
v -8.689414 -29.379328 13.180000
v -8.615576 -29.379328 13.180000
v -8.541764 -29.377346 13.180000
v -8.468031 -29.373383 13.180000
v -8.394432 -29.367441 13.180000
v -8.321019 -29.359526 13.180000
v -8.247845 -29.349642 13.180000
v -8.174962 -29.337798 13.180000
v -8.102424 -29.324001 13.180000
v -8.030283 -29.308261 13.180000
v -7.958590 -29.290590 13.180000
v -7.887397 -29.271001 13.180000
v -7.816756 -29.249508 13.180000
v -7.746717 -29.226125 13.180000
v -7.677331 -29.200871 13.180000
v -7.608649 -29.173763 13.180000
v -7.540719 -29.144821 13.180000
v -7.473590 -29.114065 13.180000
v -7.407312 -29.081518 13.180000
v -7.341931 -29.047204 13.180000
v -7.277495 -29.011146 13.180000
v -7.214050 -28.973372 13.180000
v -7.151642 -28.933907 13.180000
v -7.090317 -28.892782 13.180000
v -7.030117 -28.850025 13.180000
v -6.971088 -28.805667 13.180000
v -6.913270 -28.759740 13.180000
v -6.856706 -28.712277 13.180000
v -6.801437 -28.663313 13.180000
v -6.747503 -28.612883 13.180000
v -6.694942 -28.561023 13.180000
v -6.643792 -28.507770 13.180000
v -6.594090 -28.453164 13.180000
v -6.545873 -28.397242 13.180000
v -6.499174 -28.340046 13.180000
v -6.454027 -28.281618 13.180000
v -6.410466 -28.221998 13.180000
v -6.368521 -28.161230 13.180000
v -6.328222 -28.099357 13.180000
v -6.289599 -28.036425 13.180000
v -6.252680 -27.972479 13.180000
v -6.217491 -27.907565 13.180000
v -6.184057 -27.841729 13.180000
v -6.152403 -27.775020 13.180000
v -6.122551 -27.707484 13.180000
v -6.094524 -27.639172 13.180000
v -6.068340 -27.570132 13.180000
v -6.044020 -27.500413 13.180000
v -6.021580 -27.430067 13.180000
v -6.001037 -27.359144 13.180000
v -5.982405 -27.287694 13.180000
v -5.965698 -27.215771 13.180000
v -5.950929 -27.143424 13.180000
v -5.938107 -27.070707 13.180000
v -5.927242 -26.997672 13.180000
v -5.918341 -26.924372 13.180000
v -5.911412 -26.850859 13.180000
v -5.906459 -26.777187 13.180000
v -5.903486 -26.703408 13.180000
v -5.902495 -26.629576 13.180000
v -5.906459 -26.777187 0.000000
v -5.902495 -26.629576 0.000000
v -5.918341 -26.924372 0.000000
v -5.938107 -27.070707 0.000000
v -5.965698 -27.215771 0.000000
v -6.001037 -27.359144 0.000000
v -6.044020 -27.500413 0.000000
v -6.094524 -27.639172 0.000000
v -6.152403 -27.775020 0.000000
v -6.217491 -27.907565 0.000000
v -6.289599 -28.036425 0.000000
v -6.368521 -28.161230 0.000000
v -6.454027 -28.281618 0.000000
v -6.545873 -28.397242 0.000000
v -6.643792 -28.507770 0.000000
v -6.747503 -28.612883 0.000000
v -6.856706 -28.712277 0.000000
v -6.971088 -28.805667 0.000000
v -7.090317 -28.892782 0.000000
v -7.214050 -28.973372 0.000000
v -7.341931 -29.047204 0.000000
v -7.473590 -29.114065 0.000000
v -7.608649 -29.173763 0.000000
v -7.746717 -29.226125 0.000000
v -7.887397 -29.271001 0.000000
v -8.030283 -29.308261 0.000000
v -8.174962 -29.337798 0.000000
v -8.321019 -29.359526 0.000000
v -8.468031 -29.373383 0.000000
v -8.615576 -29.379328 0.000000
v -8.763226 -29.377346 0.000000
v -8.910558 -29.367441 0.000000
v -9.057145 -29.349642 0.000000
v -9.202566 -29.324001 0.000000
v -9.346400 -29.290590 0.000000
v -9.488234 -29.249508 0.000000
v -9.627658 -29.200871 0.000000
v -9.764271 -29.144821 0.000000
v -9.897678 -29.081518 0.000000
v -10.027495 -29.011146 0.000000
v -10.153347 -28.933907 0.000000
v -10.274872 -28.850025 0.000000
v -10.391720 -28.759740 0.000000
v -10.503552 -28.663313 0.000000
v -10.610048 -28.561023 0.000000
v -10.710899 -28.453164 0.000000
v -10.805816 -28.340046 0.000000
v -10.894524 -28.221998 0.000000
v -10.976768 -28.099357 0.000000
v -11.052310 -27.972479 0.000000
v -11.120933 -27.841729 0.000000
v -11.182438 -27.707484 0.000000
v -11.236650 -27.570132 0.000000
v -11.283410 -27.430067 0.000000
v -11.322585 -27.287694 0.000000
v -11.354061 -27.143424 0.000000
v -11.377748 -26.997672 0.000000
v -11.393577 -26.850859 0.000000
v -11.401504 -26.703408 0.000000
v -11.402495 -26.629576 0.000000
v -11.393577 -26.408293 0.000000
v -11.401504 -26.555744 0.000000
v -11.377748 -26.261480 0.000000
v -11.354061 -26.115728 0.000000
v -11.322585 -25.971458 0.000000
v -11.283410 -25.829086 0.000000
v -11.236650 -25.689021 0.000000
v -11.182438 -25.551668 0.000000
v -11.120933 -25.417423 0.000000
v -11.052310 -25.286673 0.000000
v -10.976768 -25.159795 0.000000
v -10.894524 -25.037155 0.000000
v -10.805816 -24.919106 0.000000
v -10.710899 -24.805989 0.000000
v -10.610048 -24.698130 0.000000
v -10.503552 -24.595839 0.000000
v -10.391720 -24.499413 0.000000
v -10.274872 -24.409128 0.000000
v -10.153347 -24.325245 0.000000
v -10.027495 -24.248006 0.000000
v -9.897678 -24.177634 0.000000
v -9.764271 -24.114332 0.000000
v -9.627658 -24.058282 0.000000
v -9.488234 -24.009645 0.000000
v -9.346400 -23.968562 0.000000
v -9.202566 -23.935152 0.000000
v -9.057145 -23.909510 0.000000
v -8.910558 -23.891711 0.000000
v -8.763226 -23.881807 0.000000
v -8.615576 -23.879824 0.000000
v -8.468031 -23.885770 0.000000
v -8.321019 -23.899627 0.000000
v -8.174962 -23.921355 0.000000
v -8.030283 -23.950892 0.000000
v -7.887397 -23.988151 0.000000
v -7.746717 -24.033027 0.000000
v -7.608649 -24.085390 0.000000
v -7.473590 -24.145088 0.000000
v -7.341931 -24.211949 0.000000
v -7.214050 -24.285781 0.000000
v -7.090317 -24.366371 0.000000
v -6.971088 -24.453486 0.000000
v -6.856706 -24.546875 0.000000
v -6.747503 -24.646270 0.000000
v -6.643792 -24.751382 0.000000
v -6.545873 -24.861910 0.000000
v -6.454027 -24.977535 0.000000
v -6.368521 -25.097923 0.000000
v -6.289599 -25.222727 0.000000
v -6.217491 -25.351588 0.000000
v -6.152403 -25.484133 0.000000
v -6.094524 -25.619981 0.000000
v -6.044020 -25.758739 0.000000
v -6.001037 -25.900009 0.000000
v -5.965698 -26.043382 0.000000
v -5.938107 -26.188445 0.000000
v -5.918341 -26.334780 0.000000
v -5.906459 -26.481966 0.000000
v -19.903473 -16.384147 13.180000
v -19.906446 -16.310368 13.180000
v -19.911399 -16.236696 13.180000
v -19.918328 -16.163183 13.180000
v -19.927228 -16.089883 13.180000
v -19.938093 -16.016848 13.180000
v -19.950915 -15.944131 13.180000
v -19.965685 -15.871785 13.180000
v -19.982392 -15.799861 13.180000
v -20.001023 -15.728412 13.180000
v -20.021567 -15.657488 13.180000
v -20.044007 -15.587142 13.180000
v -20.068327 -15.517424 13.180000
v -20.094511 -15.448383 13.180000
v -20.122538 -15.380071 13.180000
v -20.152390 -15.312535 13.180000
v -20.184044 -15.245826 13.180000
v -20.217478 -15.179990 13.180000
v -20.252667 -15.115076 13.180000
v -20.289586 -15.051130 13.180000
v -20.328209 -14.988198 13.180000
v -20.368507 -14.926326 13.180000
v -20.410453 -14.865558 13.180000
v -20.454014 -14.805938 13.180000
v -20.499161 -14.747509 13.180000
v -20.545860 -14.690313 13.180000
v -20.594077 -14.634392 13.180000
v -20.643779 -14.579785 13.180000
v -20.694929 -14.526532 13.180000
v -20.747490 -14.474672 13.180000
v -20.801424 -14.424242 13.180000
v -20.856693 -14.375278 13.180000
v -20.913257 -14.327815 13.180000
v -20.971074 -14.281889 13.180000
v -21.030104 -14.237531 13.180000
v -21.090304 -14.194773 13.180000
v -21.151629 -14.153648 13.180000
v -21.214037 -14.114184 13.180000
v -21.277482 -14.076409 13.180000
v -21.341918 -14.040352 13.180000
v -21.407299 -14.006037 13.180000
v -21.473577 -13.973490 13.180000
v -21.540706 -13.942735 13.180000
v -21.608636 -13.913792 13.180000
v -21.677318 -13.886684 13.180000
v -21.746704 -13.861430 13.180000
v -21.816743 -13.838048 13.180000
v -21.887384 -13.816554 13.180000
v -21.958576 -13.796965 13.180000
v -22.030269 -13.779294 13.180000
v -22.102411 -13.763555 13.180000
v -22.174949 -13.749758 13.180000
v -22.247832 -13.737913 13.180000
v -22.321006 -13.728030 13.180000
v -22.394419 -13.720114 13.180000
v -22.468018 -13.714173 13.180000
v -22.541750 -13.710209 13.180000
v -22.615562 -13.708227 13.180000
v -22.689401 -13.708227 13.180000
v -22.763213 -13.710209 13.180000
v -22.836945 -13.714173 13.180000
v -22.910544 -13.720114 13.180000
v -22.983958 -13.728030 13.180000
v -23.057132 -13.737913 13.180000
v -23.130014 -13.749758 13.180000
v -23.202552 -13.763555 13.180000
v -23.274694 -13.779294 13.180000
v -23.346387 -13.796965 13.180000
v -23.417580 -13.816554 13.180000
v -23.488221 -13.838048 13.180000
v -23.558260 -13.861430 13.180000
v -23.627645 -13.886684 13.180000
v -23.696328 -13.913792 13.180000
v -23.764258 -13.942735 13.180000
v -23.831386 -13.973490 13.180000
v -23.897665 -14.006037 13.180000
v -23.963046 -14.040352 13.180000
v -24.027482 -14.076409 13.180000
v -24.090926 -14.114184 13.180000
v -24.153334 -14.153648 13.180000
v -24.214660 -14.194773 13.180000
v -24.274859 -14.237531 13.180000
v -24.333889 -14.281889 13.180000
v -24.391707 -14.327815 13.180000
v -24.448270 -14.375278 13.180000
v -24.503539 -14.424242 13.180000
v -24.557474 -14.474672 13.180000
v -24.610035 -14.526532 13.180000
v -24.661185 -14.579785 13.180000
v -24.710886 -14.634392 13.180000
v -24.759104 -14.690313 13.180000
v -24.805803 -14.747509 13.180000
v -24.850949 -14.805938 13.180000
v -24.894511 -14.865558 13.180000
v -24.936456 -14.926326 13.180000
v -24.976754 -14.988198 13.180000
v -25.015377 -15.051130 13.180000
v -25.052297 -15.115076 13.180000
v -25.087486 -15.179990 13.180000
v -25.120919 -15.245826 13.180000
v -25.152574 -15.312535 13.180000
v -25.182425 -15.380071 13.180000
v -25.210453 -15.448383 13.180000
v -25.236636 -15.517424 13.180000
v -25.260957 -15.587142 13.180000
v -25.283397 -15.657488 13.180000
v -25.303940 -15.728412 13.180000
v -25.322572 -15.799861 13.180000
v -25.339278 -15.871785 13.180000
v -25.354048 -15.944131 13.180000
v -25.366870 -16.016848 13.180000
v -25.377735 -16.089883 13.180000
v -25.386635 -16.163183 13.180000
v -25.393564 -16.236696 13.180000
v -25.398517 -16.310368 13.180000
v -25.401490 -16.384147 13.180000
v -25.402482 -16.457979 13.180000
v -25.401490 -16.531811 13.180000
v -25.398517 -16.605590 13.180000
v -25.393564 -16.679262 13.180000
v -25.386635 -16.752775 13.180000
v -25.377735 -16.826075 13.180000
v -25.366870 -16.899110 13.180000
v -25.354048 -16.971827 13.180000
v -25.339278 -17.044173 13.180000
v -25.322572 -17.116097 13.180000
v -25.303940 -17.187546 13.180000
v -25.283397 -17.258470 13.180000
v -25.260957 -17.328816 13.180000
v -25.236636 -17.398534 13.180000
v -25.210453 -17.467575 13.180000
v -25.182425 -17.535887 13.180000
v -25.152574 -17.603422 13.180000
v -25.120919 -17.670132 13.180000
v -25.087486 -17.735968 13.180000
v -25.052297 -17.800882 13.180000
v -25.015377 -17.864828 13.180000
v -24.976754 -17.927760 13.180000
v -24.936456 -17.989632 13.180000
v -24.894511 -18.050400 13.180000
v -24.850949 -18.110020 13.180000
v -24.805803 -18.168449 13.180000
v -24.759104 -18.225645 13.180000
v -24.710886 -18.281566 13.180000
v -24.661185 -18.336173 13.180000
v -24.610035 -18.389426 13.180000
v -24.557474 -18.441286 13.180000
v -24.503539 -18.491716 13.180000
v -24.448270 -18.540680 13.180000
v -24.391707 -18.588143 13.180000
v -24.333889 -18.634069 13.180000
v -24.274859 -18.678427 13.180000
v -24.214660 -18.721185 13.180000
v -24.153334 -18.762310 13.180000
v -24.090926 -18.801774 13.180000
v -24.027482 -18.839549 13.180000
v -23.963046 -18.875606 13.180000
v -23.897665 -18.909921 13.180000
v -23.831386 -18.942468 13.180000
v -23.764258 -18.973223 13.180000
v -23.696328 -19.002166 13.180000
v -23.627645 -19.029274 13.180000
v -23.558260 -19.054528 13.180000
v -23.488221 -19.077910 13.180000
v -23.417580 -19.099404 13.180000
v -23.346387 -19.118993 13.180000
v -23.274694 -19.136664 13.180000
v -23.202552 -19.152403 13.180000
v -23.130014 -19.166200 13.180000
v -23.057132 -19.178045 13.180000
v -22.983958 -19.187928 13.180000
v -22.910544 -19.195844 13.180000
v -22.836945 -19.201785 13.180000
v -22.763213 -19.205749 13.180000
v -22.689401 -19.207731 13.180000
v -22.615562 -19.207731 13.180000
v -22.541750 -19.205749 13.180000
v -22.468018 -19.201785 13.180000
v -22.394419 -19.195844 13.180000
v -22.321006 -19.187928 13.180000
v -22.247832 -19.178045 13.180000
v -22.174949 -19.166200 13.180000
v -22.102411 -19.152403 13.180000
v -22.030269 -19.136664 13.180000
v -21.958576 -19.118993 13.180000
v -21.887384 -19.099404 13.180000
v -21.816743 -19.077910 13.180000
v -21.746704 -19.054528 13.180000
v -21.677318 -19.029274 13.180000
v -21.608636 -19.002166 13.180000
v -21.540706 -18.973223 13.180000
v -21.473577 -18.942468 13.180000
v -21.407299 -18.909921 13.180000
v -21.341918 -18.875606 13.180000
v -21.277482 -18.839549 13.180000
v -21.214037 -18.801774 13.180000
v -21.151629 -18.762310 13.180000
v -21.090304 -18.721185 13.180000
v -21.030104 -18.678427 13.180000
v -20.971074 -18.634069 13.180000
v -20.913257 -18.588143 13.180000
v -20.856693 -18.540680 13.180000
v -20.801424 -18.491716 13.180000
v -20.747490 -18.441286 13.180000
v -20.694929 -18.389426 13.180000
v -20.643779 -18.336173 13.180000
v -20.594077 -18.281566 13.180000
v -20.545860 -18.225645 13.180000
v -20.499161 -18.168449 13.180000
v -20.454014 -18.110020 13.180000
v -20.410453 -18.050400 13.180000
v -20.368507 -17.989632 13.180000
v -20.328209 -17.927760 13.180000
v -20.289586 -17.864828 13.180000
v -20.252667 -17.800882 13.180000
v -20.217478 -17.735968 13.180000
v -20.184044 -17.670132 13.180000
v -20.152390 -17.603422 13.180000
v -20.122538 -17.535887 13.180000
v -20.094511 -17.467575 13.180000
v -20.068327 -17.398534 13.180000
v -20.044007 -17.328816 13.180000
v -20.021567 -17.258470 13.180000
v -20.001023 -17.187546 13.180000
v -19.982392 -17.116097 13.180000
v -19.965685 -17.044173 13.180000
v -19.950915 -16.971827 13.180000
v -19.938093 -16.899110 13.180000
v -19.927228 -16.826075 13.180000
v -19.918328 -16.752775 13.180000
v -19.911399 -16.679262 13.180000
v -19.906446 -16.605590 13.180000
v -19.903473 -16.531811 13.180000
v -19.902482 -16.457979 13.180000
v -19.906446 -16.605590 0.000000
v -19.902482 -16.457979 0.000000
v -19.918328 -16.752775 0.000000
v -19.938093 -16.899110 0.000000
v -19.965685 -17.044173 0.000000
v -20.001023 -17.187546 0.000000
v -20.044007 -17.328816 0.000000
v -20.094511 -17.467575 0.000000
v -20.152390 -17.603422 0.000000
v -20.217478 -17.735968 0.000000
v -20.289586 -17.864828 0.000000
v -20.368507 -17.989632 0.000000
v -20.454014 -18.110020 0.000000
v -20.545860 -18.225645 0.000000
v -20.643779 -18.336173 0.000000
v -20.747490 -18.441286 0.000000
v -20.856693 -18.540680 0.000000
v -20.971074 -18.634069 0.000000
v -21.090304 -18.721185 0.000000
v -21.214037 -18.801774 0.000000
v -21.341918 -18.875606 0.000000
v -21.473577 -18.942468 0.000000
v -21.608636 -19.002166 0.000000
v -21.746704 -19.054528 0.000000
v -21.887384 -19.099404 0.000000
v -22.030269 -19.136664 0.000000
v -22.174949 -19.166200 0.000000
v -22.321006 -19.187928 0.000000
v -22.468018 -19.201785 0.000000
v -22.615562 -19.207731 0.000000
v -22.763213 -19.205749 0.000000
v -22.910544 -19.195844 0.000000
v -23.057132 -19.178045 0.000000
v -23.202552 -19.152403 0.000000
v -23.346387 -19.118993 0.000000
v -23.488221 -19.077910 0.000000
v -23.627645 -19.029274 0.000000
v -23.764258 -18.973223 0.000000
v -23.897665 -18.909921 0.000000
v -24.027482 -18.839549 0.000000
v -24.153334 -18.762310 0.000000
v -24.274859 -18.678427 0.000000
v -24.391707 -18.588143 0.000000
v -24.503539 -18.491716 0.000000
v -24.610035 -18.389426 0.000000
v -24.710886 -18.281566 0.000000
v -24.805803 -18.168449 0.000000
v -24.894511 -18.050400 0.000000
v -24.976754 -17.927760 0.000000
v -25.052297 -17.800882 0.000000
v -25.120919 -17.670132 0.000000
v -25.182425 -17.535887 0.000000
v -25.236636 -17.398534 0.000000
v -25.283397 -17.258470 0.000000
v -25.322572 -17.116097 0.000000
v -25.354048 -16.971827 0.000000
v -25.377735 -16.826075 0.000000
v -25.393564 -16.679262 0.000000
v -25.401490 -16.531811 0.000000
v -25.402482 -16.457979 0.000000
v -25.393564 -16.236696 0.000000
v -25.401490 -16.384147 0.000000
v -25.377735 -16.089883 0.000000
v -25.354048 -15.944131 0.000000
v -25.322572 -15.799861 0.000000
v -25.283397 -15.657488 0.000000
v -25.236636 -15.517424 0.000000
v -25.182425 -15.380071 0.000000
v -25.120919 -15.245826 0.000000
v -25.052297 -15.115076 0.000000
v -24.976754 -14.988198 0.000000
v -24.894511 -14.865558 0.000000
v -24.805803 -14.747509 0.000000
v -24.710886 -14.634392 0.000000
v -24.610035 -14.526532 0.000000
v -24.503539 -14.424242 0.000000
v -24.391707 -14.327815 0.000000
v -24.274859 -14.237531 0.000000
v -24.153334 -14.153648 0.000000
v -24.027482 -14.076409 0.000000
v -23.897665 -14.006037 0.000000
v -23.764258 -13.942735 0.000000
v -23.627645 -13.886684 0.000000
v -23.488221 -13.838048 0.000000
v -23.346387 -13.796965 0.000000
v -23.202552 -13.763555 0.000000
v -23.057132 -13.737913 0.000000
v -22.910544 -13.720114 0.000000
v -22.763213 -13.710209 0.000000
v -22.615562 -13.708227 0.000000
v -22.468018 -13.714173 0.000000
v -22.321006 -13.728030 0.000000
v -22.174949 -13.749758 0.000000
v -22.030269 -13.779294 0.000000
v -21.887384 -13.816554 0.000000
v -21.746704 -13.861430 0.000000
v -21.608636 -13.913792 0.000000
v -21.473577 -13.973490 0.000000
v -21.341918 -14.040352 0.000000
v -21.214037 -14.114184 0.000000
v -21.090304 -14.194773 0.000000
v -20.971074 -14.281889 0.000000
v -20.856693 -14.375278 0.000000
v -20.747490 -14.474672 0.000000
v -20.643779 -14.579785 0.000000
v -20.545860 -14.690313 0.000000
v -20.454014 -14.805938 0.000000
v -20.368507 -14.926326 0.000000
v -20.289586 -15.051130 0.000000
v -20.217478 -15.179990 0.000000
v -20.152390 -15.312535 0.000000
v -20.094511 -15.448383 0.000000
v -20.044007 -15.587142 0.000000
v -20.001023 -15.728412 0.000000
v -19.965685 -15.871785 0.000000
v -19.938093 -16.016848 0.000000
v -19.918328 -16.163183 0.000000
v -19.906446 -16.310368 0.000000
v -28.693905 -2.661014 0.000000
v -28.550071 -2.694424 0.000000
v -27.815536 -2.743806 0.000000
v -27.668524 -2.729949 0.000000
v -28.110731 -2.747770 0.000000
v -27.963081 -2.749752 0.000000
v -28.835739 -2.619931 0.000000
v -27.522468 -2.708221 0.000000
v -28.258063 -2.737865 0.000000
v -28.404650 -2.720066 0.000000
v -28.975163 -2.571295 0.000000
v -29.851057 -2.033737 0.000000
v -29.739225 -2.130164 0.000000
v -28.550071 2.694424 0.000000
v -28.693905 2.661014 0.000000
v -27.963081 2.749752 0.000000
v -27.668524 2.729949 0.000000
v -27.815536 2.743806 0.000000
v -26.956154 2.544187 0.000000
v -27.094222 2.596549 0.000000
v -26.689436 2.417627 0.000000
v -26.821095 2.484489 0.000000
v -29.622377 -2.220448 0.000000
v -30.058405 -1.823587 0.000000
v -29.957553 -1.931447 0.000000
v -30.324273 -1.469781 0.000000
v -30.242029 -1.592421 0.000000
v -28.835739 2.619931 0.000000
v -28.110731 2.747770 0.000000
v -27.377788 2.678685 0.000000
v -27.522468 2.708221 0.000000
v -27.234902 -2.641425 0.000000
v -27.094222 -2.596549 0.000000
v -29.111776 -2.515244 0.000000
v -29.375000 -2.381570 0.000000
v -29.245183 -2.451942 0.000000
v -29.500852 -2.304331 0.000000
v -30.153321 -1.710470 0.000000
v -30.399815 -1.342903 0.000000
v -30.529943 -1.077908 0.000000
v -30.468438 -1.212153 0.000000
v -28.404650 2.720066 0.000000
v -28.258063 2.737865 0.000000
v -27.234902 2.641425 0.000000
v -25.250000 0.000000 0.000000
v -26.956154 -2.544187 0.000000
v -27.377788 -2.678685 0.000000
v -26.318593 2.176090 0.000000
v -26.437822 2.263206 0.000000
v -25.253964 -0.147611 0.000000
v -25.716026 -1.531653 0.000000
v -25.637104 -1.406849 0.000000
v -26.095008 -1.983307 0.000000
v -25.991297 -1.878194 0.000000
v -26.821095 -2.484489 0.000000
v -30.630915 -0.800491 0.000000
v -30.584155 -0.940555 0.000000
v -29.739225 2.130164 0.000000
v -29.851057 2.033737 0.000000
v -28.975163 2.571295 0.000000
v -29.111776 2.515244 0.000000
v -26.561555 2.343795 0.000000
v -25.253964 0.147611 0.000000
v -25.564996 -1.277989 0.000000
v -25.893378 -1.767666 0.000000
v -26.318593 -2.176090 0.000000
v -26.204212 -2.082701 0.000000
v -26.561555 -2.343795 0.000000
v -26.437822 -2.263206 0.000000
v -30.153321 1.710470 0.000000
v -30.242029 1.592421 0.000000
v -29.622377 2.220448 0.000000
v -29.375000 2.381570 0.000000
v -29.500852 2.304331 0.000000
v -29.245183 2.451942 0.000000
v -25.499908 1.145444 0.000000
v -25.564996 1.277989 0.000000
v -25.265846 -0.294796 0.000000
v -25.442029 -1.009596 0.000000
v -25.391525 -0.870837 0.000000
v -25.801532 -1.652041 0.000000
v -26.689436 -2.417627 0.000000
v -30.399815 1.342903 0.000000
v -30.468438 1.212153 0.000000
v -30.324273 1.469781 0.000000
v -25.716026 1.531653 0.000000
v -25.801532 1.652041 0.000000
v -25.637104 1.406849 0.000000
v -25.285612 -0.441131 0.000000
v -25.499908 -1.145444 0.000000
v -30.701566 -0.513848 0.000000
v -30.670090 -0.658118 0.000000
v -30.750000 0.000000 0.000000
v -30.749009 -0.073832 0.000000
v -30.749009 0.073832 0.000000
v -30.529943 1.077908 0.000000
v -30.584155 0.940555 0.000000
v -26.095008 1.983307 0.000000
v -26.204212 2.082701 0.000000
v -25.893378 1.767666 0.000000
v -25.991297 1.878194 0.000000
v -25.265846 0.294796 0.000000
v -25.348542 -0.729567 0.000000
v -25.313203 -0.586194 0.000000
v -30.741083 -0.221283 0.000000
v -30.741083 0.221283 0.000000
v -30.630915 0.800491 0.000000
v -30.670090 0.658118 0.000000
v -25.348542 0.729567 0.000000
v -25.391525 0.870837 0.000000
v -25.285612 0.441131 0.000000
v -25.313203 0.586194 0.000000
v -30.725253 -0.368096 0.000000
v -30.725253 0.368096 0.000000
v -29.957553 1.931447 0.000000
v -30.058405 1.823587 0.000000
v -25.442029 1.009596 0.000000
v -30.701566 0.513848 0.000000
v 33.174338 -21.543806 0.000000
v 33.174338 -41.189796 0.000000
v 28.076226 -41.189796 0.000000
v 28.076226 -21.543806 0.000000
v 23.625000 -41.189796 0.000000
v 23.625000 -21.543806 0.000000
v 19.951226 -41.189796 0.000000
v 19.951226 -21.543806 0.000000
v -0.000024 -21.543806 0.000000
v -0.000024 -41.189796 0.000000
v -15.652488 -21.543806 0.000000
v -15.652488 -41.189796 0.000000
v -19.951241 -41.189796 0.000000
v -19.951241 -21.543806 0.000000
v -23.625000 -41.189796 0.000000
v -23.625000 -21.543806 0.000000
v -33.174338 -41.189796 0.000000
v 33.174338 -2.750025 0.000000
v 48.488901 2.875000 0.000000
v 48.488901 -2.750025 0.000000
v 23.625000 2.875000 0.000000
v 23.625000 -2.750025 0.000000
v 19.951226 -2.750025 0.000000
v -15.652488 2.875000 0.000000
v -15.652488 -2.750025 0.000000
v -19.951241 -2.750025 0.000000
v -19.951241 2.875000 0.000000
v -23.625000 -2.750025 0.000000
v -33.174338 -2.750025 0.000000
v -33.174338 2.875000 0.000000
v -23.625000 2.875000 0.000000
v 48.488901 4.485451 0.000000
v 33.174338 2.875000 0.000000
v 33.174338 4.485451 0.000000
v 28.076226 2.875000 0.000000
v 28.076226 4.485451 0.000000
v -15.652488 4.485451 0.000000
v -23.625000 4.485451 0.000000
v 33.174338 11.675014 0.000000
v 28.076226 11.675014 0.000000
v 23.625000 4.485451 0.000000
v -15.652488 11.675014 0.000000
v -19.951241 4.485451 0.000000
v -23.625000 11.675014 0.000000
v -33.174338 4.485451 0.000000
v -33.174338 -21.543806 0.000000
v 28.076226 -2.750025 0.000000
v 19.951226 2.875000 0.000000
v 19.951226 4.485451 0.000000
v 19.951226 11.675014 0.000000
v 23.625000 11.675014 0.000000
v -19.951241 11.675014 0.000000
v 48.488901 11.675014 0.000000
v -33.174338 11.675014 0.000000
v -25.250991 0.073832 13.180000
v -25.253964 0.147611 13.180000
v -25.258917 0.221283 13.180000
v -25.265846 0.294796 13.180000
v -25.274747 0.368096 13.180000
v -25.285612 0.441131 13.180000
v -25.298434 0.513848 13.180000
v -25.313203 0.586194 13.180000
v -25.329910 0.658118 13.180000
v -25.348542 0.729567 13.180000
v -25.369085 0.800491 13.180000
v -25.391525 0.870837 13.180000
v -25.415845 0.940555 13.180000
v -25.442029 1.009596 13.180000
v -25.470057 1.077908 13.180000
v -25.499908 1.145444 13.180000
v -25.531562 1.212153 13.180000
v -25.564996 1.277989 13.180000
v -25.600185 1.342903 13.180000
v -25.637104 1.406849 13.180000
v -25.675727 1.469781 13.180000
v -25.716026 1.531653 13.180000
v -25.757971 1.592421 13.180000
v -25.801532 1.652041 13.180000
v -25.846679 1.710470 13.180000
v -25.893378 1.767666 13.180000
v -25.941595 1.823587 13.180000
v -25.991297 1.878194 13.180000
v -26.042447 1.931447 13.180000
v -26.095008 1.983307 13.180000
v -26.148943 2.033737 13.180000
v -26.204212 2.082701 13.180000
v -26.260775 2.130164 13.180000
v -26.318593 2.176090 13.180000
v -26.377623 2.220448 13.180000
v -26.437822 2.263206 13.180000
v -26.499148 2.304331 13.180000
v -26.561555 2.343795 13.180000
v -26.625000 2.381570 13.180000
v -26.689436 2.417627 13.180000
v -26.754817 2.451942 13.180000
v -26.821095 2.484489 13.180000
v -26.888224 2.515244 13.180000
v -26.956154 2.544187 13.180000
v -27.024837 2.571295 13.180000
v -27.094222 2.596549 13.180000
v -27.164261 2.619931 13.180000
v -27.234902 2.641425 13.180000
v -27.306095 2.661014 13.180000
v -27.377788 2.678685 13.180000
v -27.449929 2.694424 13.180000
v -27.522468 2.708221 13.180000
v -27.595350 2.720066 13.180000
v -27.668524 2.729949 13.180000
v -27.741937 2.737865 13.180000
v -27.815536 2.743806 13.180000
v -27.889269 2.747770 13.180000
v -27.963081 2.749752 13.180000
v -28.036919 2.749752 13.180000
v -28.110731 2.747770 13.180000
v -28.184464 2.743806 13.180000
v -28.258063 2.737865 13.180000
v -28.331476 2.729949 13.180000
v -28.404650 2.720066 13.180000
v -28.477532 2.708221 13.180000
v -28.550071 2.694424 13.180000
v -28.622212 2.678685 13.180000
v -28.693905 2.661014 13.180000
v -28.765098 2.641425 13.180000
v -28.835739 2.619931 13.180000
v -28.905778 2.596549 13.180000
v -28.975163 2.571295 13.180000
v -29.043846 2.544187 13.180000
v -29.111776 2.515244 13.180000
v -29.178905 2.484489 13.180000
v -29.245183 2.451942 13.180000
v -29.310564 2.417627 13.180000
v -29.375000 2.381570 13.180000
v -29.438445 2.343795 13.180000
v -29.500852 2.304331 13.180000
v -29.562178 2.263206 13.180000
v -29.622377 2.220448 13.180000
v -29.681407 2.176090 13.180000
v -29.739225 2.130164 13.180000
v -29.795788 2.082701 13.180000
v -29.851057 2.033737 13.180000
v -29.904992 1.983307 13.180000
v -29.957553 1.931447 13.180000
v -30.008703 1.878194 13.180000
v -30.058405 1.823587 13.180000
v -30.106622 1.767666 13.180000
v -30.153321 1.710470 13.180000
v -30.198468 1.652041 13.180000
v -30.242029 1.592421 13.180000
v -30.283974 1.531653 13.180000
v -30.324273 1.469781 13.180000
v -30.362896 1.406849 13.180000
v -30.399815 1.342903 13.180000
v -30.435004 1.277989 13.180000
v -30.468438 1.212153 13.180000
v -30.500092 1.145444 13.180000
v -30.529943 1.077908 13.180000
v -30.557971 1.009596 13.180000
v -30.584155 0.940555 13.180000
v -30.608475 0.870837 13.180000
v -30.630915 0.800491 13.180000
v -30.651458 0.729567 13.180000
v -30.670090 0.658118 13.180000
v -30.686797 0.586194 13.180000
v -30.701566 0.513848 13.180000
v -30.714388 0.441131 13.180000
v -30.725253 0.368096 13.180000
v -30.734154 0.294796 13.180000
v -30.741083 0.221283 13.180000
v -30.746036 0.147611 13.180000
v -30.749009 0.073832 13.180000
v -30.750000 0.000000 13.180000
v -30.749009 -0.073832 13.180000
v -30.746036 -0.147611 13.180000
v -30.741083 -0.221283 13.180000
v -30.734154 -0.294796 13.180000
v -30.725253 -0.368096 13.180000
v -30.714388 -0.441131 13.180000
v -30.701566 -0.513848 13.180000
v -30.686797 -0.586194 13.180000
v -30.670090 -0.658118 13.180000
v -30.651458 -0.729567 13.180000
v -30.630915 -0.800491 13.180000
v -30.608475 -0.870837 13.180000
v -30.584155 -0.940555 13.180000
v -30.557971 -1.009596 13.180000
v -30.529943 -1.077908 13.180000
v -30.500092 -1.145444 13.180000
v -30.468438 -1.212153 13.180000
v -30.435004 -1.277989 13.180000
v -30.399815 -1.342903 13.180000
v -30.362896 -1.406849 13.180000
v -30.324273 -1.469781 13.180000
v -30.283974 -1.531653 13.180000
v -30.242029 -1.592421 13.180000
v -30.198468 -1.652041 13.180000
v -30.153321 -1.710470 13.180000
v -30.106622 -1.767666 13.180000
v -30.058405 -1.823587 13.180000
v -30.008703 -1.878194 13.180000
v -29.957553 -1.931447 13.180000
v -29.904992 -1.983307 13.180000
v -29.851057 -2.033737 13.180000
v -29.795788 -2.082701 13.180000
v -29.739225 -2.130164 13.180000
v -29.681407 -2.176090 13.180000
v -29.622377 -2.220448 13.180000
v -29.562178 -2.263206 13.180000
v -29.500852 -2.304331 13.180000
v -29.438445 -2.343795 13.180000
v -29.375000 -2.381570 13.180000
v -29.310564 -2.417627 13.180000
v -29.245183 -2.451942 13.180000
v -29.178905 -2.484489 13.180000
v -29.111776 -2.515244 13.180000
v -29.043846 -2.544187 13.180000
v -28.975163 -2.571295 13.180000
v -28.905778 -2.596549 13.180000
v -28.835739 -2.619931 13.180000
v -28.765098 -2.641425 13.180000
v -28.693905 -2.661014 13.180000
v -28.622212 -2.678685 13.180000
v -28.550071 -2.694424 13.180000
v -28.477532 -2.708221 13.180000
v -28.404650 -2.720066 13.180000
v -28.331476 -2.729949 13.180000
v -28.258063 -2.737865 13.180000
v -28.184464 -2.743806 13.180000
v -28.110731 -2.747770 13.180000
v -28.036919 -2.749752 13.180000
v -27.963081 -2.749752 13.180000
v -27.889269 -2.747770 13.180000
v -27.815536 -2.743806 13.180000
v -27.741937 -2.737865 13.180000
v -27.668524 -2.729949 13.180000
v -27.595350 -2.720066 13.180000
v -27.522468 -2.708221 13.180000
v -27.449929 -2.694424 13.180000
v -27.377788 -2.678685 13.180000
v -27.306095 -2.661014 13.180000
v -27.234902 -2.641425 13.180000
v -27.164261 -2.619931 13.180000
v -27.094222 -2.596549 13.180000
v -27.024837 -2.571295 13.180000
v -26.956154 -2.544187 13.180000
v -26.888224 -2.515244 13.180000
v -26.821095 -2.484489 13.180000
v -26.754817 -2.451942 13.180000
v -26.689436 -2.417627 13.180000
v -26.625000 -2.381570 13.180000
v -26.561555 -2.343795 13.180000
v -26.499148 -2.304331 13.180000
v -26.437822 -2.263206 13.180000
v -26.377623 -2.220448 13.180000
v -26.318593 -2.176090 13.180000
v -26.260775 -2.130164 13.180000
v -26.204212 -2.082701 13.180000
v -26.148943 -2.033737 13.180000
v -26.095008 -1.983307 13.180000
v -26.042447 -1.931447 13.180000
v -25.991297 -1.878194 13.180000
v -25.941595 -1.823587 13.180000
v -25.893378 -1.767666 13.180000
v -25.846679 -1.710470 13.180000
v -25.801532 -1.652041 13.180000
v -25.757971 -1.592421 13.180000
v -25.716026 -1.531653 13.180000
v -25.675727 -1.469781 13.180000
v -25.637104 -1.406849 13.180000
v -25.600185 -1.342903 13.180000
v -25.564996 -1.277989 13.180000
v -25.531562 -1.212153 13.180000
v -25.499908 -1.145444 13.180000
v -25.470057 -1.077908 13.180000
v -25.442029 -1.009596 13.180000
v -25.415845 -0.940555 13.180000
v -25.391525 -0.870837 13.180000
v -25.369085 -0.800491 13.180000
v -25.348542 -0.729567 13.180000
v -25.329910 -0.658118 13.180000
v -25.313203 -0.586194 13.180000
v -25.298434 -0.513848 13.180000
v -25.285612 -0.441131 13.180000
v -25.274747 -0.368096 13.180000
v -25.265846 -0.294796 13.180000
v -25.258917 -0.221283 13.180000
v -25.253964 -0.147611 13.180000
v -25.250991 -0.073832 13.180000
v -25.250000 0.000000 13.180000
usemtl velika_moja_remenicaMaterial0
f 1 2 3
f 1 4 5
f 5 6 1
f 6 7 8
f 8 9 6
f 9 10 11
f 11 12 9
f 12 13 14
f 14 15 12
f 15 16 17
f 17 18 15
f 18 19 20
f 20 21 18
f 21 22 23
f 23 24 21
f 25 24 26
f 24 27 26
f 25 28 29
f 29 30 25
f 31 30 32
f 30 33 32
f 31 34 35
f 35 36 31
f 36 37 38
f 38 39 36
f 36 40 37
f 39 41 42
f 42 43 39
f 43 44 45
f 45 46 43
f 43 47 44
f 48 46 49
f 46 50 49
f 48 51 52
f 52 53 48
f 48 54 51
f 55 53 56
f 53 57 56
f 58 55 59
f 55 60 59
f 61 58 62
f 58 63 62
f 64 61 65
f 61 66 65
f 67 64 68
f 64 69 68
f 70 67 71
f 67 72 71
f 73 70 74
f 70 75 74
f 76 73 77
f 73 78 77
f 76 79 80
f 76 81 79
f 80 82 76
f 83 82 84
f 82 85 84
f 86 83 87
f 83 88 87
f 89 86 90
f 86 91 90
f 92 89 93
f 89 94 95
f 95 93 89
f 92 96 97
f 97 98 92
f 93 96 92
f 90 94 89
f 87 91 86
f 84 88 83
f 80 85 82
f 77 81 76
f 74 78 73
f 71 75 70
f 68 72 67
f 65 69 64
f 62 66 61
f 59 63 58
f 56 60 55
f 52 57 53
f 49 54 48
f 45 50 46
f 42 47 43
f 38 41 39
f 35 40 36
f 32 34 31
f 29 33 30
f 26 28 25
f 23 27 24
f 20 22 21
f 17 19 18
f 14 16 15
f 11 13 12
f 8 10 9
f 5 7 6
f 3 4 1
f 99 100 101
f 99 102 100
f 99 103 104
f 105 30 31
f 99 106 102
f 99 107 103
f 105 39 43
f 31 36 105
f 105 21 24
f 105 15 18
f 99 108 109
f 104 106 99
f 110 111 112
f 110 113 114
f 105 48 53
f 43 46 105
f 105 25 30
f 18 21 105
f 109 115 99
f 101 116 99
f 114 111 110
f 110 117 118
f 110 119 120
f 46 48 105
f 24 25 105
f 105 6 9
f 116 108 99
f 112 121 110
f 120 117 110
f 110 122 123
f 105 58 61
f 36 39 105
f 9 12 105
f 121 99 110
f 118 124 110
f 123 125 110
f 105 73 76
f 105 64 67
f 105 55 58
f 12 15 105
f 124 113 110
f 110 126 127
f 110 128 122
f 105 70 73
f 61 64 105
f 105 1 6
f 127 119 110
f 110 129 128
f 110 92 98
f 105 83 86
f 76 82 105
f 53 55 105
f 125 126 110
f 98 130 110
f 86 89 105
f 67 70 105
f 130 129 110
f 82 83 105
f 115 110 99
f 105 2 1
f 89 92 105
f 110 105 92
f 129 130 131
f 128 132 133
f 129 134 132
f 132 128 129
f 128 135 136
f 136 122 128
f 122 137 138
f 138 123 122
f 123 139 140
f 140 125 123
f 126 125 141
f 141 142 126
f 125 143 141
f 126 144 145
f 145 127 126
f 127 146 147
f 147 119 127
f 119 148 149
f 149 120 119
f 120 150 151
f 151 117 120
f 117 152 153
f 153 118 117
f 118 154 155
f 155 124 118
f 124 156 157
f 157 113 124
f 113 158 159
f 159 114 113
f 111 114 160
f 114 161 160
f 160 162 111
f 111 163 164
f 164 112 111
f 121 112 165
f 112 166 165
f 165 167 121
f 99 121 168
f 121 169 168
f 107 99 170
f 99 171 170
f 170 172 107
f 103 107 173
f 107 174 173
f 103 175 176
f 176 104 103
f 106 104 177
f 104 178 177
f 106 179 180
f 180 102 106
f 100 102 181
f 102 182 181
f 101 100 183
f 100 184 183
f 116 101 185
f 101 186 185
f 108 116 187
f 116 188 187
f 109 108 189
f 108 190 189
f 115 109 191
f 109 192 191
f 110 115 193
f 115 194 193
f 110 195 196
f 196 105 110
f 193 195 110
f 191 194 115
f 189 192 109
f 187 190 108
f 185 188 116
f 183 186 101
f 181 184 100
f 180 182 102
f 177 179 106
f 176 178 104
f 173 175 103
f 172 174 107
f 168 171 99
f 167 169 121
f 164 166 112
f 162 163 111
f 159 161 114
f 157 158 113
f 155 156 124
f 153 154 118
f 151 152 117
f 149 150 120
f 147 148 119
f 145 146 127
f 142 144 126
f 140 143 125
f 138 139 123
f 136 137 122
f 133 135 128
f 131 134 129
f 197 198 199
f 200 199 201
f 202 201 203
f 204 203 205
f 206 205 207
f 208 207 209
f 210 209 211
f 212 211 213
f 214 213 215
f 216 215 217
f 218 217 219
f 220 219 221
f 222 221 223
f 224 223 225
f 226 225 227
f 228 229 230
f 231 230 232
f 233 232 234
f 235 234 236
f 237 236 238
f 239 238 240
f 241 240 242
f 243 242 244
f 245 244 246
f 247 246 248
f 249 248 250
f 251 250 252
f 253 252 254
f 255 254 256
f 257 256 258
f 259 258 260
f 261 260 262
f 263 262 264
f 265 264 266
f 267 266 268
f 269 194 191
f 269 193 194
f 269 195 193
f 269 196 195
f 270 190 187
f 270 189 190
f 270 192 189
f 270 191 192
f 271 186 183
f 271 185 186
f 271 188 185
f 271 187 188
f 272 182 180
f 272 181 182
f 272 184 181
f 272 183 184
f 273 177 178
f 274 179 177
f 177 273 274
f 274 180 179
f 275 173 174
f 275 175 173
f 275 273 176
f 176 175 275
f 276 168 169
f 276 275 172
f 172 170 276
f 170 171 276
f 171 168 276
f 277 164 163
f 277 276 167
f 167 165 277
f 165 166 277
f 166 164 277
f 278 159 158
f 278 277 162
f 162 160 278
f 160 161 278
f 161 159 278
f 279 156 155
f 155 154 279
f 279 278 157
f 157 156 279
f 280 151 150
f 280 279 153
f 153 152 280
f 152 151 280
f 150 149 280
f 281 144 142
f 281 145 144
f 281 147 146
f 281 280 148
f 148 147 281
f 146 145 281
f 282 136 135
f 282 281 141
f 141 143 282
f 143 140 282
f 140 139 282
f 139 138 282
f 138 137 282
f 137 136 282
f 283 93 95
f 283 98 97
f 97 96 283
f 96 93 283
f 283 227 130
f 130 98 283
f 227 134 131
f 227 132 134
f 227 282 133
f 133 132 227
f 131 130 227
f 284 85 80
f 284 84 85
f 284 88 84
f 284 87 88
f 284 91 87
f 284 90 91
f 284 95 94
f 94 90 284
f 285 74 75
f 285 78 74
f 285 77 78
f 285 80 79
f 79 81 285
f 81 77 285
f 286 69 65
f 286 68 69
f 286 71 72
f 72 68 286
f 286 75 71
f 287 63 59
f 287 66 62
f 287 65 66
f 62 63 287
f 288 52 51
f 288 57 52
f 288 56 57
f 288 59 60
f 60 56 288
f 289 45 44
f 289 50 45
f 289 49 50
f 289 51 54
f 54 49 289
f 290 38 37
f 290 41 38
f 290 42 41
f 290 44 47
f 47 42 290
f 291 34 32
f 291 37 40
f 40 35 291
f 35 34 291
f 292 293 29
f 293 32 33
f 33 29 293
f 29 28 292
f 294 292 26
f 26 27 294
f 27 23 294
f 23 22 294
f 295 294 20
f 20 19 295
f 19 17 295
f 17 16 295
f 296 295 14
f 14 13 296
f 13 11 296
f 11 10 296
f 297 296 8
f 8 7 297
f 7 5 297
f 5 4 297
f 229 105 196
f 229 228 2
f 228 297 3
f 3 2 228
f 2 105 229
f 196 269 229
f 4 3 297
f 10 8 296
f 16 14 295
f 22 20 294
f 28 26 292
f 32 293 291
f 37 291 290
f 44 290 289
f 51 289 288
f 59 288 287
f 65 287 286
f 75 286 285
f 80 285 284
f 95 284 283
f 135 133 282
f 142 141 281
f 149 148 280
f 154 153 279
f 158 157 278
f 163 162 277
f 169 167 276
f 174 172 275
f 178 176 273
f 180 274 272
f 183 272 271
f 187 271 270
f 191 270 269
f 268 298 267
f 266 267 265
f 264 265 263
f 262 263 261
f 260 261 259
f 258 259 257
f 256 257 255
f 254 255 253
f 252 253 251
f 250 251 249
f 248 249 247
f 246 247 245
f 244 245 243
f 242 243 241
f 240 241 239
f 238 239 237
f 236 237 235
f 234 235 233
f 232 233 231
f 230 231 228
f 227 283 226
f 225 226 224
f 223 224 222
f 221 222 220
f 219 220 218
f 217 218 216
f 215 216 214
f 213 214 212
f 211 212 210
f 209 210 208
f 207 208 206
f 205 206 204
f 203 204 202
f 201 202 200
f 199 200 197
f 299 300 298
f 298 268 299
f 301 198 197
f 197 302 301
f 303 304 270
f 305 229 269
f 272 306 307
f 271 307 303
f 269 308 305
f 309 310 230
f 311 312 277
f 270 271 303
f 269 270 304
f 230 229 309
f 230 310 313
f 278 314 311
f 277 312 315
f 316 275 276
f 304 308 269
f 313 232 230
f 317 318 234
f 319 238 236
f 320 321 244
f 322 258 256
f 323 324 264
f 315 276 277
f 276 315 316
f 325 306 272
f 305 309 229
f 232 313 317
f 236 234 318
f 236 326 319
f 242 327 320
f 244 321 328
f 329 248 246
f 330 331 250
f 332 252 250
f 333 334 254
f 254 334 335
f 256 335 322
f 336 262 260
f 262 336 323
f 337 338 282
f 339 280 281
f 316 340 275
f 273 275 340
f 341 274 273
f 274 341 325
f 234 232 317
f 319 342 238
f 327 242 240
f 328 246 244
f 246 328 329
f 250 331 332
f 252 332 333
f 322 343 258
f 260 258 343
f 264 262 323
f 344 268 266
f 301 345 346
f 301 347 348
f 349 350 351
f 352 199 198
f 353 354 219
f 355 223 221
f 227 356 337
f 281 282 338
f 281 357 339
f 358 359 279
f 314 278 279
f 340 360 273
f 272 274 325
f 318 326 236
f 342 361 240
f 244 242 320
f 250 248 330
f 335 256 254
f 260 362 336
f 264 324 363
f 266 363 344
f 364 365 299
f 198 301 366
f 348 345 301
f 349 367 350
f 349 368 369
f 370 371 372
f 373 374 375
f 376 375 377
f 378 379 380
f 198 381 352
f 215 382 383
f 217 383 353
f 221 219 354
f 221 384 355
f 338 357 281
f 279 280 358
f 277 278 311
f 307 271 272
f 240 361 327
f 254 252 333
f 363 266 264
f 299 268 364
f 301 385 366
f 301 386 387
f 301 388 347
f 369 367 349
f 370 351 371
f 373 372 374
f 377 389 390
f 391 377 378
f 378 392 379
f 198 393 381
f 394 395 205
f 219 217 353
f 355 396 223
f 396 397 225
f 225 397 356
f 339 358 280
f 273 360 341
f 329 330 248
f 344 364 268
f 387 385 301
f 301 349 388
f 349 301 368
f 375 398 373
f 377 391 389
f 380 399 378
f 198 400 393
f 401 402 201
f 403 203 201
f 203 403 394
f 404 209 207
f 211 209 405
f 406 213 211
f 407 382 215
f 354 384 221
f 356 227 225
f 279 359 314
f 343 362 260
f 346 386 301
f 372 373 370
f 378 399 391
f 201 199 401
f 205 203 394
f 205 395 408
f 207 408 404
f 211 409 406
f 213 406 407
f 225 223 396
f 240 238 342
f 351 370 349
f 377 390 376
f 378 410 411
f 378 412 413
f 201 402 403
f 404 405 209
f 215 213 407
f 282 227 337
f 376 398 375
f 413 410 378
f 408 207 205
f 383 217 215
f 411 392 378
f 405 409 211
f 352 401 199
f 366 400 198
f 414 415 297
f 416 228 231
f 228 416 414
f 417 295 296
f 418 233 235
f 231 233 419
f 297 228 414
f 296 420 417
f 294 295 421
f 422 288 289
f 423 263 265
f 424 425 257
f 426 243 245
f 427 428 237
f 235 429 418
f 231 430 416
f 297 415 420
f 421 431 294
f 432 433 290
f 289 290 433
f 289 434 422
f 265 435 423
f 436 437 261
f 259 438 424
f 255 257 425
f 439 253 255
f 440 441 251
f 442 249 251
f 443 444 247
f 245 247 444
f 245 445 426
f 239 446 427
f 237 428 429
f 419 430 231
f 417 421 295
f 447 292 294
f 291 448 432
f 422 449 288
f 450 451 267
f 261 263 436
f 261 437 438
f 425 452 255
f 255 452 439
f 251 441 442
f 249 442 443
f 426 453 243
f 453 454 241
f 429 235 237
f 420 296 297
f 294 431 447
f 455 456 293
f 293 456 448
f 433 434 289
f 457 458 285
f 459 283 284
f 460 461 298
f 298 461 450
f 265 267 451
f 438 259 261
f 439 440 253
f 247 249 443
f 241 243 453
f 446 239 241
f 418 419 233
f 293 292 455
f 290 291 432
f 449 462 287
f 463 286 287
f 286 463 457
f 285 458 464
f 284 464 459
f 465 466 222
f 467 218 220
f 468 469 197
f 470 471 472
f 302 473 474
f 302 475 476
f 267 298 450
f 423 436 263
f 251 253 440
f 241 454 446
f 447 455 292
f 287 288 449
f 285 286 457
f 459 477 283
f 224 478 465
f 222 466 479
f 220 479 467
f 216 218 480
f 200 481 468
f 482 483 484
f 485 486 487
f 488 489 490
f 471 488 491
f 470 492 493
f 472 494 470
f 476 473 302
f 197 495 496
f 451 435 265
f 444 445 245
f 448 291 293
f 464 284 285
f 226 283 477
f 478 224 226
f 479 220 222
f 480 497 216
f 498 204 206
f 197 200 468
f 484 499 482
f 500 483 482
f 487 490 485
f 490 501 488
f 491 502 471
f 494 492 470
f 474 503 302
f 302 504 505
f 496 302 197
f 257 259 424
f 287 462 463
f 226 506 478
f 467 480 218
f 507 214 216
f 508 509 212
f 212 509 510
f 511 512 208
f 206 513 498
f 514 515 202
f 481 200 202
f 469 516 197
f 482 487 500
f 486 517 487
f 502 472 471
f 493 518 470
f 503 519 302
f 496 504 302
f 237 239 427
f 222 224 465
f 216 497 507
f 510 210 212
f 210 510 511
f 206 208 512
f 202 204 514
f 516 495 197
f 517 500 487
f 518 302 470
f 505 475 302
f 477 506 226
f 212 214 508
f 512 513 206
f 202 515 481
f 482 520 521
f 482 522 523
f 490 489 485
f 519 470 302
f 507 508 214
f 498 514 204
f 523 520 482
f 501 491 488
f 208 210 511
f 499 522 482
f 521 524 482
f 298 300 460
f 495 400 366
f 366 496 495
f 364 461 460
f 460 365 364
f 496 366 385
f 504 385 387
f 505 387 386
f 475 386 346
f 476 346 345
f 473 345 348
f 474 348 347
f 503 347 388
f 519 388 349
f 470 349 370
f 471 370 373
f 488 373 398
f 489 398 376
f 485 376 390
f 486 390 389
f 517 389 391
f 500 391 399
f 483 399 380
f 484 380 379
f 499 379 392
f 522 392 411
f 523 411 410
f 520 410 413
f 521 413 412
f 412 524 521
f 413 521 520
f 410 520 523
f 411 523 522
f 392 522 499
f 379 499 484
f 380 484 483
f 399 483 500
f 391 500 517
f 389 517 486
f 390 486 485
f 376 485 489
f 398 489 488
f 373 488 471
f 370 471 470
f 349 470 519
f 388 519 503
f 347 503 474
f 348 474 473
f 345 473 476
f 346 476 475
f 386 475 505
f 387 505 504
f 385 504 496
f 461 364 344
f 451 450 344
f 451 363 324
f 435 324 323
f 423 323 336
f 436 336 362
f 437 362 343
f 438 343 322
f 424 322 335
f 425 335 334
f 452 334 333
f 439 333 332
f 440 332 331
f 441 331 330
f 443 442 330
f 443 329 328
f 444 328 321
f 445 321 320
f 453 426 320
f 453 327 361
f 454 361 342
f 446 342 319
f 427 319 326
f 429 428 326
f 429 318 317
f 418 317 313
f 464 338 337
f 459 337 356
f 477 356 397
f 506 397 396
f 465 478 396
f 465 355 384
f 466 384 354
f 479 354 353
f 480 467 353
f 480 383 382
f 497 382 407
f 507 407 406
f 508 406 409
f 509 409 405
f 510 405 404
f 511 404 408
f 513 512 408
f 513 395 394
f 498 394 403
f 514 403 402
f 515 402 401
f 481 401 352
f 468 352 381
f 381 393 516
f 495 516 393
f 393 400 495
f 357 525 526
f 357 527 528
f 528 525 357
f 357 529 530
f 357 531 529
f 357 532 533
f 533 531 357
f 357 534 535
f 535 536 357
f 536 532 357
f 530 527 357
f 357 537 538
f 538 534 357
f 339 539 540
f 339 541 539
f 339 542 543
f 339 544 542
f 543 545 339
f 545 541 339
f 339 546 547
f 547 548 339
f 339 526 549
f 549 550 339
f 550 546 339
f 548 544 339
f 358 551 552
f 358 553 554
f 554 551 358
f 358 555 556
f 358 540 555
f 556 553 358
f 359 557 558
f 359 559 557
f 359 560 561
f 359 562 560
f 359 552 563
f 563 562 359
f 561 559 359
f 314 564 565
f 314 566 564
f 314 567 568
f 568 569 314
f 569 566 314
f 314 558 567
f 311 570 571
f 311 572 570
f 311 573 572
f 311 574 575
f 311 565 574
f 575 573 311
f 312 576 577
f 312 578 576
f 312 579 578
f 312 580 581
f 312 571 580
f 581 579 312
f 315 582 583
f 315 584 582
f 315 585 586
f 586 587 315
f 315 577 585
f 587 584 315
f 316 588 589
f 316 590 591
f 591 592 316
f 316 583 590
f 592 588 316
f 340 593 594
f 340 595 593
f 340 596 595
f 594 360 340
f 340 589 597
f 597 596 340
f 341 598 599
f 599 600 341
f 360 601 602
f 360 603 601
f 602 341 360
f 602 598 341
f 325 604 605
f 325 606 604
f 325 341 607
f 607 608 325
f 608 609 325
f 609 606 325
f 306 610 611
f 306 612 610
f 306 613 614
f 306 325 615
f 615 613 306
f 614 612 306
f 307 616 617
f 307 618 616
f 307 619 620
f 307 306 621
f 621 619 307
f 620 618 307
f 303 622 623
f 303 624 625
f 625 626 303
f 626 622 303
f 303 307 627
f 627 624 303
f 304 628 629
f 304 630 628
f 304 631 632
f 304 303 633
f 633 631 304
f 632 630 304
f 308 634 635
f 635 636 308
f 308 637 638
f 308 304 639
f 639 637 308
f 638 634 308
f 305 640 641
f 305 642 643
f 305 644 642
f 305 308 645
f 645 646 305
f 646 644 305
f 643 640 305
f 309 647 648
f 648 649 309
f 309 650 651
f 309 652 650
f 651 653 309
f 653 647 309
f 309 654 655
f 655 656 309
f 309 305 657
f 657 654 309
f 656 652 309
f 310 658 659
f 310 660 661
f 661 662 310
f 662 658 310
f 310 663 664
f 310 665 663
f 310 666 667
f 667 665 310
f 310 309 668
f 668 669 310
f 669 670 310
f 670 666 310
f 664 660 310
f 430 671 672
f 672 673 430
f 673 674 430
f 419 675 671
f 671 430 419
f 419 676 677
f 419 678 679
f 679 680 419
f 680 676 419
f 677 681 419
f 419 313 682
f 682 678 419
f 313 683 684
f 313 685 686
f 686 683 313
f 684 687 313
f 687 688 313
f 313 689 690
f 690 691 313
f 691 685 313
f 313 692 693
f 313 310 694
f 694 692 313
f 693 689 313
f 688 682 313
f 681 675 419
f 430 695 696
f 696 416 430
f 696 697 416
f 430 698 695
f 430 699 700
f 430 701 702
f 702 703 430
f 703 699 430
f 700 698 430
f 430 704 705
f 430 706 704
f 430 674 707
f 707 706 430
f 705 701 430
f 416 708 709
f 416 710 711
f 416 712 710
f 711 708 416
f 416 713 714
f 714 715 416
f 416 716 713
f 416 717 718
f 416 697 717
f 718 716 416
f 715 712 416
f 414 719 720
f 414 721 719
f 414 722 723
f 723 724 414
f 724 721 414
f 414 709 725
f 725 722 414
f 415 726 727
f 415 728 729
f 729 726 415
f 415 730 731
f 415 720 730
f 731 728 415
f 420 732 733
f 420 734 735
f 735 732 420
f 420 727 736
f 736 737 420
f 737 734 420
f 417 738 739
f 417 740 741
f 417 742 740
f 417 733 743
f 743 742 417
f 741 738 417
f 421 744 745
f 421 746 747
f 747 744 421
f 421 739 748
f 748 749 421
f 749 746 421
f 431 750 751
f 431 752 753
f 753 750 431
f 431 745 754
f 754 755 431
f 755 752 431
f 447 756 757
f 757 455 447
f 757 758 455
f 447 759 756
f 447 751 760
f 760 761 447
f 761 759 447
f 456 455 762
f 762 763 456
f 455 764 762
f 455 765 766
f 455 758 765
f 766 764 455
f 448 767 768
f 448 456 769
f 769 770 448
f 770 771 448
f 456 772 769
f 771 767 448
f 432 773 774
f 432 775 773
f 774 776 432
f 432 448 777
f 777 775 432
f 433 778 779
f 433 780 778
f 779 781 433
f 433 432 782
f 782 783 433
f 783 780 433
f 434 784 785
f 785 786 434
f 434 433 787
f 787 788 434
f 788 789 434
f 789 784 434
f 422 790 791
f 791 792 422
f 422 434 793
f 793 794 422
f 794 795 422
f 795 790 422
f 449 796 797
f 449 798 796
f 449 422 799
f 799 800 449
f 800 798 449
f 797 801 449
f 462 802 803
f 462 804 805
f 805 806 462
f 806 802 462
f 462 449 807
f 807 808 462
f 808 804 462
f 463 809 810
f 810 811 463
f 463 812 813
f 463 462 814
f 814 812 463
f 813 809 463
f 457 815 816
f 457 817 815
f 457 818 819
f 457 820 818
f 819 817 457
f 457 821 822
f 822 823 457
f 457 824 821
f 457 463 825
f 825 826 457
f 826 824 457
f 823 820 457
f 458 827 828
f 458 829 830
f 458 831 829
f 458 832 833
f 458 834 835
f 835 836 458
f 836 832 458
f 833 831 458
f 458 837 838
f 458 457 839
f 839 837 458
f 838 834 458
f 830 827 458
f 357 840 841
f 357 842 843
f 843 844 357
f 844 845 357
f 845 840 357
f 841 537 357
f 338 846 847
f 847 357 338
f 847 848 357
f 848 842 357
f 338 464 849
f 849 850 338
f 850 851 338
f 851 846 338
f 464 852 853
f 464 854 852
f 853 849 464
f 464 855 856
f 464 857 855
f 856 854 464
f 464 858 859
f 464 860 858
f 859 857 464
f 464 861 862
f 464 458 863
f 863 861 464
f 862 860 464
f 828 863 458
f 816 839 457
f 811 825 463
f 803 814 462
f 801 807 449
f 792 799 422
f 786 793 434
f 781 787 433
f 776 782 432
f 768 777 448
f 763 772 456
f 751 447 431
f 745 431 421
f 739 421 417
f 733 417 420
f 727 420 415
f 720 415 414
f 709 414 416
f 659 694 310
f 649 668 309
f 641 657 305
f 636 645 308
f 629 639 304
f 623 633 303
f 617 627 307
f 611 621 306
f 605 615 325
f 600 607 341
f 594 603 360
f 589 340 316
f 583 316 315
f 577 315 312
f 571 312 311
f 565 311 314
f 558 314 359
f 552 359 358
f 540 358 339
f 526 339 357
f 516 469 381
f 381 469 468
f 352 468 481
f 401 481 515
f 402 515 514
f 403 514 498
f 394 498 513
f 408 395 513
f 408 512 511
f 404 511 510
f 405 510 509
f 409 509 508
f 406 508 507
f 407 507 497
f 382 497 480
f 353 383 480
f 353 467 479
f 354 479 466
f 384 466 465
f 396 355 465
f 396 478 506
f 397 506 477
f 356 477 459
f 337 459 464
f 313 419 418
f 317 418 429
f 326 318 429
f 326 428 427
f 319 427 446
f 342 446 454
f 361 454 453
f 320 327 453
f 320 426 445
f 321 445 444
f 328 444 443
f 330 329 443
f 330 442 441
f 331 441 440
f 332 440 439
f 333 439 452
f 334 452 425
f 335 425 424
f 322 424 438
f 343 438 437
f 362 437 436
f 336 436 423
f 323 423 435
f 324 435 451
f 344 363 451
f 344 450 461
f 864 854 856
f 864 852 854
f 864 853 852
f 865 857 859
f 865 855 857
f 865 856 855
f 866 860 862
f 866 858 860
f 866 859 858
f 867 863 828
f 867 861 863
f 867 862 861
f 868 827 830
f 868 828 827
f 869 831 833
f 869 829 831
f 869 830 829
f 870 836 835
f 870 833 832
f 832 836 870
f 871 834 838
f 871 835 834
f 872 839 816
f 872 838 837
f 837 839 872
f 873 817 819
f 873 815 817
f 873 816 815
f 874 823 822
f 874 818 820
f 874 819 818
f 820 823 874
f 875 824 826
f 875 822 821
f 821 824 875
f 876 811 810
f 876 826 825
f 825 811 876
f 877 809 813
f 877 810 809
f 878 814 803
f 878 813 812
f 812 814 878
f 879 806 805
f 879 802 806
f 879 803 802
f 880 804 808
f 880 805 804
f 881 801 797
f 881 808 807
f 807 801 881
f 882 798 800
f 882 797 796
f 796 798 882
f 883 792 791
f 883 799 792
f 883 800 799
f 884 795 794
f 884 790 795
f 884 791 790
f 885 786 785
f 885 793 786
f 885 794 793
f 886 789 788
f 886 784 789
f 886 785 784
f 887 888 781
f 888 788 787
f 787 781 888
f 887 778 780
f 887 779 778
f 780 889 887
f 889 783 782
f 782 890 889
f 782 776 890
f 891 775 777
f 890 774 773
f 773 891 890
f 773 775 891
f 892 767 771
f 892 891 768
f 768 767 892
f 893 769 772
f 893 892 770
f 770 769 893
f 894 893 763
f 763 762 894
f 762 764 894
f 895 894 766
f 766 765 895
f 765 758 895
f 896 759 761
f 896 895 757
f 757 756 896
f 756 759 896
f 897 751 750
f 897 896 760
f 760 751 897
f 898 752 755
f 898 897 753
f 753 752 898
f 899 745 744
f 899 898 754
f 754 745 899
f 900 746 749
f 900 899 747
f 747 746 900
f 901 900 748
f 748 739 901
f 739 738 901
f 902 901 741
f 741 740 902
f 740 742 902
f 903 733 732
f 903 902 743
f 743 733 903
f 904 734 737
f 904 903 735
f 735 734 904
f 905 727 726
f 905 904 736
f 736 727 905
f 906 905 729
f 729 728 906
f 907 730 720
f 907 906 731
f 731 730 907
f 908 907 719
f 719 721 908
f 721 724 908
f 909 908 723
f 723 722 909
f 910 709 708
f 910 909 725
f 725 709 910
f 911 710 712
f 712 715 911
f 911 910 711
f 711 710 911
f 912 713 716
f 912 911 714
f 714 713 912
f 913 717 697
f 913 912 718
f 718 717 913
f 914 695 698
f 914 913 696
f 696 695 914
f 915 914 700
f 700 699 915
f 699 703 915
f 916 915 702
f 702 701 916
f 917 704 706
f 917 916 705
f 705 704 917
f 918 917 707
f 707 674 918
f 674 673 918
f 919 918 672
f 672 671 919
f 920 919 675
f 675 681 920
f 921 920 677
f 677 676 921
f 676 680 921
f 922 921 679
f 679 678 922
f 922 688 687
f 922 682 688
f 923 683 686
f 923 684 683
f 923 687 684
f 924 691 690
f 924 686 685
f 685 691 924
f 925 689 693
f 925 690 689
f 926 694 659
f 926 692 694
f 926 693 692
f 927 662 661
f 927 659 658
f 658 662 927
f 928 660 664
f 928 661 660
f 929 665 667
f 929 663 665
f 929 664 663
f 930 670 669
f 930 667 666
f 666 670 930
f 931 649 648
f 931 669 668
f 668 649 931
f 932 653 651
f 932 648 647
f 647 653 932
f 933 656 655
f 933 650 652
f 933 651 650
f 652 656 933
f 934 657 641
f 934 655 654
f 654 657 934
f 935 640 643
f 935 641 640
f 936 644 646
f 936 642 644
f 936 643 642
f 937 636 635
f 937 646 645
f 645 636 937
f 938 634 638
f 938 635 634
f 939 639 629
f 939 638 637
f 637 639 939
f 940 630 632
f 940 629 628
f 628 630 940
f 941 633 623
f 941 632 631
f 631 633 941
f 942 626 625
f 942 622 626
f 942 623 622
f 943 627 617
f 943 624 627
f 943 625 624
f 944 618 620
f 944 617 616
f 616 618 944
f 945 621 611
f 945 620 619
f 619 621 945
f 946 612 614
f 946 611 610
f 610 612 946
f 947 615 605
f 947 614 613
f 613 615 947
f 948 609 608
f 948 606 609
f 948 605 604
f 604 606 948
f 949 600 599
f 949 607 600
f 949 608 607
f 950 602 601
f 950 598 602
f 950 599 598
f 951 594 593
f 951 601 603
f 603 594 951
f 952 596 597
f 952 593 595
f 595 596 952
f 953 954 592
f 954 588 592
f 954 597 589
f 589 588 954
f 953 590 583
f 583 955 953
f 953 591 590
f 956 955 584
f 584 587 956
f 955 582 584
f 957 585 577
f 956 586 585
f 585 957 956
f 958 957 576
f 576 578 958
f 578 579 958
f 959 958 581
f 581 580 959
f 580 571 959
f 960 959 570
f 570 572 960
f 572 573 960
f 961 960 575
f 575 574 961
f 574 565 961
f 962 566 569
f 962 961 564
f 564 566 962
f 963 567 558
f 963 962 568
f 568 567 963
f 964 963 557
f 557 559 964
f 965 964 561
f 561 560 965
f 560 562 965
f 966 552 551
f 966 965 563
f 563 552 966
f 967 966 554
f 554 553 967
f 968 555 540
f 968 967 556
f 556 555 968
f 969 541 545
f 969 968 539
f 539 541 969
f 970 542 544
f 544 548 970
f 970 969 543
f 543 542 970
f 971 970 547
f 547 546 971
f 546 550 971
f 972 526 525
f 972 971 549
f 549 526 972
f 973 972 528
f 528 527 973
f 974 529 531
f 974 973 530
f 530 529 974
f 975 974 533
f 533 532 975
f 532 536 975
f 976 975 535
f 535 534 976
f 977 976 538
f 538 537 977
f 537 841 977
f 978 977 840
f 840 845 978
f 845 844 978
f 979 978 843
f 843 842 979
f 842 848 979
f 980 979 847
f 847 846 980
f 846 851 980
f 864 980 849
f 980 850 849
f 849 853 864
f 851 850 980
f 848 847 979
f 844 843 978
f 841 840 977
f 534 538 976
f 536 535 975
f 531 533 974
f 527 530 973
f 525 528 972
f 550 549 971
f 548 547 970
f 545 543 969
f 540 539 968
f 553 556 967
f 551 554 966
f 562 563 965
f 559 561 964
f 558 557 963
f 569 568 962
f 565 564 961
f 573 575 960
f 571 570 959
f 579 581 958
f 577 576 957
f 587 586 956
f 583 582 955
f 592 591 953
f 597 954 952
f 593 952 951
f 601 951 950
f 599 950 949
f 608 949 948
f 605 948 947
f 614 947 946
f 611 946 945
f 620 945 944
f 617 944 943
f 625 943 942
f 623 942 941
f 632 941 940
f 629 940 939
f 638 939 938
f 635 938 937
f 646 937 936
f 643 936 935
f 641 935 934
f 655 934 933
f 651 933 932
f 648 932 931
f 669 931 930
f 667 930 929
f 664 929 928
f 661 928 927
f 659 927 926
f 693 926 925
f 690 925 924
f 686 924 923
f 687 923 922
f 678 682 922
f 680 679 921
f 681 677 920
f 671 675 919
f 673 672 918
f 706 707 917
f 701 705 916
f 703 702 915
f 698 700 914
f 697 696 913
f 716 718 912
f 715 714 911
f 708 711 910
f 722 725 909
f 724 723 908
f 720 719 907
f 728 731 906
f 726 729 905
f 737 736 904
f 732 735 903
f 742 743 902
f 738 741 901
f 749 748 900
f 744 747 899
f 755 754 898
f 750 753 897
f 761 760 896
f 758 757 895
f 764 766 894
f 772 763 893
f 771 770 892
f 777 768 891
f 776 774 890
f 780 783 889
f 781 779 887
f 788 888 886
f 785 886 885
f 794 885 884
f 791 884 883
f 800 883 882
f 797 882 881
f 808 881 880
f 805 880 879
f 803 879 878
f 813 878 877
f 810 877 876
f 826 876 875
f 822 875 874
f 819 874 873
f 816 873 872
f 838 872 871
f 835 871 870
f 833 870 869
f 830 869 868
f 828 868 867
f 862 867 866
f 859 866 865
f 856 865 864
f 981 982 983
f 982 365 460
f 982 984 983
f 460 984 982
f 985 986 300
f 987 460 300
f 460 987 984
f 985 299 365
f 300 986 987
f 365 982 985
f 983 988 981
f 300 299 985
f 989 990 991
f 986 985 992
f 992 991 986
f 991 992 989
f 993 990 989
f 994 993 995
f 996 994 997
f 998 996 999
f 1000 998 1001
f 1002 1000 1003
f 1004 1002 1005
f 1006 1004 1007
f 1008 1006 1009
f 1010 1008 1011
f 1012 1010 1013
f 1014 1012 1015
f 1016 1014 1017
f 1018 1016 1019
f 1020 1018 1021
f 1022 1020 1023
f 1024 1022 1025
f 1026 1024 1027
f 1028 1026 1029
f 1030 1028 1031
f 1032 1030 1033
f 1034 1032 1035
f 1036 1034 1037
f 1038 1036 1039
f 1040 1038 1041
f 1042 1040 1043
f 1044 1042 1045
f 1046 1044 1047
f 1048 1046 1049
f 1050 1048 1051
f 1052 1050 1053
f 1054 1052 1055
f 1056 1054 1057
f 1058 1056 1059
f 1060 1058 1061
f 1062 1060 1063
f 1064 1062 1065
f 1066 1064 1067
f 1068 1066 1069
f 1070 1068 1071
f 1072 1070 1073
f 1074 1072 1075
f 1076 1074 1077
f 1077 1078 1076
f 1075 1077 1074
f 1073 1075 1072
f 1071 1073 1070
f 1069 1071 1068
f 1067 1069 1066
f 1065 1067 1064
f 1063 1065 1062
f 1061 1063 1060
f 1059 1061 1058
f 1057 1059 1056
f 1055 1057 1054
f 1053 1055 1052
f 1051 1053 1050
f 1049 1051 1048
f 1047 1049 1046
f 1045 1047 1044
f 1043 1045 1042
f 1041 1043 1040
f 1039 1041 1038
f 1037 1039 1036
f 1035 1037 1034
f 1033 1035 1032
f 1031 1033 1030
f 1029 1031 1028
f 1027 1029 1026
f 1025 1027 1024
f 1023 1025 1022
f 1021 1023 1020
f 1019 1021 1018
f 1017 1019 1016
f 1015 1017 1014
f 1013 1015 1012
f 1011 1013 1010
f 1009 1011 1008
f 1007 1009 1006
f 1005 1007 1004
f 1003 1005 1002
f 1001 1003 1000
f 999 1001 998
f 997 999 996
f 995 997 994
f 989 995 993
f 1079 1080 1076
f 1076 1078 1079
f 1081 981 988
f 1082 1081 1083
f 1084 1082 1085
f 1086 1084 1087
f 1088 1086 1089
f 1090 1088 1091
f 1092 1090 1093
f 1094 1092 1095
f 1096 1094 1097
f 1098 1096 1099
f 1100 1098 1101
f 1102 1100 1103
f 1104 1102 1105
f 1106 1104 1107
f 1108 1106 1109
f 1110 1108 1111
f 1112 1110 1113
f 1114 1112 1115
f 1116 1114 1117
f 1118 1116 1119
f 1120 1118 1121
f 1122 1120 1123
f 1124 1122 1125
f 1126 1124 1127
f 1128 1126 1129
f 1130 1128 1131
f 1132 1130 1133
f 1134 1132 1135
f 1136 1134 1137
f 1138 1136 1139
f 1140 1138 1141
f 1142 1140 1143
f 1144 1142 1145
f 1146 1144 1147
f 1148 1146 1149
f 1150 1148 1151
f 1152 1150 1153
f 1154 1152 1155
f 1156 1154 1157
f 1158 1156 1159
f 1160 1158 1161
f 1162 1160 1163
f 1164 1162 1165
f 1166 1164 1167
f 1168 1166 1169
f 1170 1168 1171
f 1172 1170 1173
f 1174 1172 1175
f 1176 1174 1177
f 1178 1176 1179
f 1180 1178 1181
f 1182 1180 1183
f 1184 1182 1185
f 1186 1184 1187
f 1188 1186 1189
f 1190 1188 1191
f 1192 1190 1193
f 1194 1192 1195
f 1196 1194 1197
f 1198 1196 1199
f 1200 1198 1201
f 1202 1200 1203
f 1204 1202 1205
f 1206 1204 1207
f 1208 1206 1209
f 1210 1208 1211
f 1212 1210 1213
f 1214 1212 1215
f 1216 1214 1217
f 1218 1216 1219
f 1220 1218 1221
f 1222 1220 1223
f 1224 1222 1225
f 1226 1224 1227
f 1228 1226 1229
f 1230 1228 1231
f 1232 1230 1233
f 1234 1232 1235
f 1236 1234 1237
f 1238 1236 1239
f 1240 1238 1241
f 1242 1240 1243
f 1244 1242 1245
f 1246 1244 1247
f 1248 1246 1249
f 1250 1248 1251
f 1252 1250 1253
f 1254 1252 1255
f 1256 1254 1257
f 1258 1256 1259
f 1260 1258 1261
f 1262 1260 1263
f 1264 1262 1265
f 1266 1264 1267
f 1268 1266 1269
f 1270 1268 1271
f 1272 1270 1273
f 1274 1272 1275
f 1276 1274 1277
f 1278 1276 1279
f 1280 1278 1281
f 1282 1280 1283
f 1284 1282 1285
f 1286 1284 1287
f 1288 1286 1289
f 1290 1288 1291
f 1292 1290 1293
f 1294 1292 1295
f 1296 1294 1297
f 1298 1296 1299
f 1300 1298 1301
f 1302 1300 1303
f 1304 1302 1305
f 1306 1304 1307
f 1308 1306 1309
f 1310 1308 1311
f 1312 1310 1313
f 1314 1312 1315
f 1316 1314 1317
f 1318 1316 1319
f 1320 1318 1321
f 1322 1320 1323
f 1324 1322 1325
f 1326 1324 1327
f 1328 1326 1329
f 1330 1328 1331
f 1332 1330 1333
f 1333 1334 1332
f 1331 1333 1330
f 1329 1331 1328
f 1327 1329 1326
f 1325 1327 1324
f 1323 1325 1322
f 1321 1323 1320
f 1319 1321 1318
f 1317 1319 1316
f 1315 1317 1314
f 1313 1315 1312
f 1311 1313 1310
f 1309 1311 1308
f 1307 1309 1306
f 1305 1307 1304
f 1303 1305 1302
f 1301 1303 1300
f 1299 1301 1298
f 1297 1299 1296
f 1295 1297 1294
f 1293 1295 1292
f 1291 1293 1290
f 1289 1291 1288
f 1287 1289 1286
f 1285 1287 1284
f 1283 1285 1282
f 1281 1283 1280
f 1279 1281 1278
f 1277 1279 1276
f 1275 1277 1274
f 1273 1275 1272
f 1271 1273 1270
f 1269 1271 1268
f 1267 1269 1266
f 1265 1267 1264
f 1263 1265 1262
f 1261 1263 1260
f 1259 1261 1258
f 1257 1259 1256
f 1255 1257 1254
f 1253 1255 1252
f 1251 1253 1250
f 1249 1251 1248
f 1247 1249 1246
f 1245 1247 1244
f 1243 1245 1242
f 1241 1243 1240
f 1239 1241 1238
f 1237 1239 1236
f 1235 1237 1234
f 1233 1235 1232
f 1231 1233 1230
f 1229 1231 1228
f 1227 1229 1226
f 1225 1227 1224
f 1223 1225 1222
f 1221 1223 1220
f 1219 1221 1218
f 1217 1219 1216
f 1215 1217 1214
f 1213 1215 1212
f 1211 1213 1210
f 1209 1211 1208
f 1207 1209 1206
f 1205 1207 1204
f 1203 1205 1202
f 1201 1203 1200
f 1199 1201 1198
f 1197 1199 1196
f 1195 1197 1194
f 1193 1195 1192
f 1191 1193 1190
f 1189 1191 1188
f 1187 1189 1186
f 1185 1187 1184
f 1183 1185 1182
f 1181 1183 1180
f 1179 1181 1178
f 1177 1179 1176
f 1175 1177 1174
f 1173 1175 1172
f 1171 1173 1170
f 1169 1171 1168
f 1167 1169 1166
f 1165 1167 1164
f 1163 1165 1162
f 1161 1163 1160
f 1159 1161 1158
f 1157 1159 1156
f 1155 1157 1154
f 1153 1155 1152
f 1151 1153 1150
f 1149 1151 1148
f 1147 1149 1146
f 1145 1147 1144
f 1143 1145 1142
f 1141 1143 1140
f 1139 1141 1138
f 1137 1139 1136
f 1135 1137 1134
f 1133 1135 1132
f 1131 1133 1130
f 1129 1131 1128
f 1127 1129 1126
f 1125 1127 1124
f 1123 1125 1122
f 1121 1123 1120
f 1119 1121 1118
f 1117 1119 1116
f 1115 1117 1114
f 1113 1115 1112
f 1111 1113 1110
f 1109 1111 1108
f 1107 1109 1106
f 1105 1107 1104
f 1103 1105 1102
f 1101 1103 1100
f 1099 1101 1098
f 1097 1099 1096
f 1095 1097 1094
f 1093 1095 1092
f 1091 1093 1090
f 1089 1091 1088
f 1087 1089 1086
f 1085 1087 1084
f 1083 1085 1082
f 988 1083 1081
f 1335 1336 1337
f 1336 1338 1337
f 1335 1339 1336
f 1332 1334 1339
f 1340 1341 1342
f 1340 1335 1343
f 1339 1335 1332
f 1338 1344 1342
f 1343 1341 1340
f 1342 1337 1338
f 1337 1343 1335
f 1342 1344 1340
f 1345 1342 1341
f 1341 1346 1345
f 1337 1347 1348
f 1348 1343 1337
f 1349 1350 1351
f 1352 1351 1350
f 1350 1353 1352
f 1344 1352 1353
f 1353 1340 1344
f 1351 1354 1349
f 1355 1356 1357
f 1358 1355 1359
f 1360 1358 1361
f 1362 1360 1363
f 1364 1362 1365
f 1366 1364 1367
f 1368 1366 1369
f 1370 1368 1371
f 1372 1370 1373
f 1374 1372 1375
f 1376 1374 1377
f 1378 1376 1379
f 1380 1378 1381
f 1382 1380 1383
f 1384 1382 1385
f 1386 1384 1387
f 1388 1386 1389
f 1390 1388 1391
f 1392 1390 1393
f 1394 1392 1395
f 1396 1394 1397
f 1398 1396 1399
f 1400 1398 1401
f 1402 1400 1403
f 1404 1402 1405
f 1406 1404 1407
f 1408 1406 1409
f 1410 1408 1411
f 1412 1410 1413
f 1414 1412 1415
f 1416 1414 1417
f 1418 1416 1419
f 1420 1418 1421
f 1422 1420 1423
f 1424 1422 1425
f 1426 1424 1427
f 1428 1426 1429
f 1430 1428 1431
f 1432 1430 1433
f 1434 1432 1435
f 1436 1434 1437
f 1438 1436 1439
f 1354 1438 1440
f 1440 1349 1354
f 1439 1440 1438
f 1437 1439 1436
f 1435 1437 1434
f 1433 1435 1432
f 1431 1433 1430
f 1429 1431 1428
f 1427 1429 1426
f 1425 1427 1424
f 1423 1425 1422
f 1421 1423 1420
f 1419 1421 1418
f 1417 1419 1416
f 1415 1417 1414
f 1413 1415 1412
f 1411 1413 1410
f 1409 1411 1408
f 1407 1409 1406
f 1405 1407 1404
f 1403 1405 1402
f 1401 1403 1400
f 1399 1401 1398
f 1397 1399 1396
f 1395 1397 1394
f 1393 1395 1392
f 1391 1393 1390
f 1389 1391 1388
f 1387 1389 1386
f 1385 1387 1384
f 1383 1385 1382
f 1381 1383 1380
f 1379 1381 1378
f 1377 1379 1376
f 1375 1377 1374
f 1373 1375 1372
f 1371 1373 1370
f 1369 1371 1368
f 1367 1369 1366
f 1365 1367 1364
f 1363 1365 1362
f 1361 1363 1360
f 1359 1361 1358
f 1357 1359 1355
f 1356 1441 1442
f 1442 1357 1356
f 1356 1443 1441
f 1442 1444 1357
f 1445 1446 1348
f 1445 1447 1448
f 1449 1450 1448
f 1449 1451 1452
f 1453 1454 1452
f 1454 1453 1455
f 1456 1455 1457
f 1458 1457 1459
f 1460 1459 1461
f 1462 1461 1463
f 1464 1463 1465
f 1466 1465 1467
f 1468 1467 1469
f 1470 1469 1471
f 1472 1471 1473
f 1473 1474 1475
f 1475 1474 1476
f 1477 1478 1479
f 1480 1481 1478
f 1480 1482 1483
f 1483 1482 1484
f 1485 1484 1486
f 1487 1486 1488
f 1489 1488 1490
f 1490 1491 1492
f 1493 1494 1492
f 1495 1496 1497
f 1498 1497 1499
f 1500 1499 1501
f 1502 1501 1503
f 1504 1503 1505
f 1506 1507 1508
f 1506 1509 1510
f 1510 1509 1511
f 1512 1511 1513
f 1514 1513 1515
f 1516 1515 1517
f 1518 1517 1519
f 1520 1519 1521
f 1522 1521 1523
f 1524 1525 1526
f 1524 1527 1528
f 1528 1527 1529
f 1530 1529 1531
f 1532 1531 1533
f 1534 1533 1535
f 1535 1536 1537
f 1538 1539 1537
f 1539 1538 1540
f 1540 1541 1542
f 1543 1542 1541
f 1541 1544 1543
f 1543 1544 1545
f 1546 1547 1548
f 1548 1549 1546
f 1548 1550 1549
f 1546 1551 1547
f 1546 1552 1553
f 1546 1554 1552
f 1546 1555 1556
f 1546 1557 1555
f 1546 1558 1559
f 1546 1560 1558
f 1559 1557 1546
f 1556 1554 1546
f 1553 1551 1546
f 1549 1561 1562
f 1549 1563 1564
f 1564 1561 1549
f 1549 1565 1566
f 1549 1567 1565
f 1566 1568 1549
f 1568 1563 1549
f 1549 1569 1570
f 1570 1571 1549
f 1549 1550 1569
f 1571 1567 1549
f 1572 1573 1574
f 1572 1575 1576
f 1576 1573 1572
f 1572 1562 1577
f 1577 1578 1572
f 1578 1575 1572
f 1579 1580 1581
f 1579 1582 1580
f 1579 1583 1584
f 1584 1585 1579
f 1585 1582 1579
f 1579 1574 1586
f 1586 1583 1579
f 1587 1588 1589
f 1587 1590 1588
f 1587 1591 1590
f 1587 1592 1593
f 1593 1591 1587
f 1587 1581 1592
f 1594 1595 1596
f 1594 1597 1595
f 1594 1598 1597
f 1594 1599 1600
f 1594 1589 1599
f 1600 1598 1594
f 1601 1602 1603
f 1601 1604 1602
f 1601 1605 1606
f 1601 1596 1605
f 1606 1607 1601
f 1607 1604 1601
f 1608 1609 1610
f 1608 1611 1609
f 1608 1612 1613
f 1613 1614 1608
f 1608 1603 1612
f 1614 1611 1608
f 1615 1616 1617
f 1615 1618 1619
f 1615 1620 1618
f 1619 1616 1615
f 1615 1610 1620
f 1621 1622 1623
f 1621 1617 1622
f 1624 1625 1626
f 1627 1628 1629
f 1627 1630 1628
f 1627 1623 1630
f 1629 1624 1627
f 1629 1625 1624
f 1631 1632 1633
f 1633 1634 1631
f 1631 1624 1635
f 1635 1632 1631
f 1634 1636 1631
f 1637 1638 1639
f 1637 1640 1638
f 1639 1641 1637
f 1637 1631 1642
f 1642 1643 1637
f 1643 1640 1637
f 1644 1645 1646
f 1644 1647 1645
f 1646 1648 1644
f 1644 1637 1649
f 1649 1650 1644
f 1650 1647 1644
f 1651 1652 1653
f 1653 1654 1651
f 1651 1644 1655
f 1655 1656 1651
f 1656 1657 1651
f 1657 1652 1651
f 1658 1659 1660
f 1658 1651 1661
f 1661 1662 1658
f 1662 1663 1658
f 1663 1659 1658
f 1660 1664 1658
f 1665 1666 1667
f 1665 1668 1669
f 1665 1670 1668
f 1665 1658 1671
f 1671 1672 1665
f 1672 1670 1665
f 1669 1666 1665
f 1673 1674 1675
f 1673 1676 1674
f 1673 1677 1678
f 1678 1676 1673
f 1673 1665 1679
f 1679 1677 1673
f 1680 1681 1682
f 1682 1683 1680
f 1680 1684 1681
f 1680 1685 1686
f 1680 1687 1685
f 1686 1684 1680
f 1680 1688 1689
f 1680 1673 1690
f 1690 1688 1680
f 1689 1691 1680
f 1691 1687 1680
f 1692 1693 1694
f 1692 1695 1693
f 1692 1696 1697
f 1692 1698 1696
f 1697 1695 1692
f 1692 1699 1700
f 1692 1701 1699
f 1700 1698 1692
f 1692 1702 1703
f 1692 1680 1704
f 1704 1702 1692
f 1703 1701 1692
f 1496 1705 1706
f 1496 1707 1708
f 1496 1709 1707
f 1708 1705 1496
f 1496 1710 1711
f 1711 1712 1496
f 1712 1709 1496
f 1496 1713 1714
f 1714 1715 1496
f 1715 1710 1496
f 1496 1716 1717
f 1717 1718 1496
f 1718 1713 1496
f 1496 1719 1720
f 1496 1721 1722
f 1496 1723 1724
f 1496 1725 1723
f 1724 1721 1496
f 1722 1719 1496
f 1720 1716 1496
f 1496 1726 1727
f 1496 1495 1728
f 1728 1726 1496
f 1727 1725 1496
f 1495 1729 1730
f 1730 1731 1495
f 1731 1728 1495
f 1495 1732 1733
f 1733 1734 1495
f 1734 1729 1495
f 1495 1735 1736
f 1495 1737 1735
f 1736 1738 1495
f 1738 1732 1495
f 1495 1739 1740
f 1495 1741 1739
f 1740 1737 1495
f 1495 1742 1743
f 1743 1744 1495
f 1495 1745 1746
f 1746 1747 1495
f 1495 1692 1748
f 1748 1745 1495
f 1747 1742 1495
f 1744 1749 1495
f 1749 1750 1495
f 1750 1741 1495
f 1751 1752 1753
f 1751 1754 1755
f 1755 1752 1751
f 1751 1756 1757
f 1757 1758 1751
f 1751 1759 1760
f 1760 1761 1751
f 1751 1706 1762
f 1762 1763 1751
f 1763 1759 1751
f 1761 1756 1751
f 1758 1754 1751
f 1764 1765 1766
f 1764 1767 1768
f 1768 1765 1764
f 1764 1769 1767
f 1764 1770 1771
f 1764 1772 1773
f 1764 1753 1772
f 1773 1774 1764
f 1774 1770 1764
f 1771 1769 1764
f 1775 1776 1777
f 1775 1778 1779
f 1775 1766 1780
f 1780 1781 1775
f 1781 1778 1775
f 1779 1776 1775
f 1782 1783 1784
f 1782 1785 1783
f 1782 1786 1787
f 1787 1788 1782
f 1788 1785 1782
f 1782 1777 1789
f 1789 1786 1782
f 1790 1791 1792
f 1790 1793 1791
f 1790 1794 1793
f 1790 1795 1796
f 1796 1794 1790
f 1790 1784 1795
f 1797 1798 1799
f 1797 1800 1798
f 1797 1801 1800
f 1797 1802 1803
f 1797 1792 1802
f 1803 1801 1797
f 1804 1805 1806
f 1804 1807 1805
f 1804 1808 1809
f 1809 1810 1804
f 1804 1799 1808
f 1810 1807 1804
f 1811 1812 1813
f 1811 1814 1812
f 1811 1815 1816
f 1816 1817 1811
f 1811 1806 1815
f 1817 1814 1811
f 1818 1819 1820
f 1818 1821 1822
f 1818 1823 1821
f 1822 1819 1818
f 1818 1813 1823
f 1824 1825 1826
f 1826 1827 1824
f 1827 1828 1824
f 1825 1829 1826
f 1825 1820 1830
f 1830 1829 1825
f 1831 1824 1832
f 1832 1833 1831
f 1834 1835 1836
f 1836 1837 1834
f 1834 1831 1838
f 1838 1835 1834
f 1837 1839 1834
f 1840 1841 1842
f 1840 1843 1841
f 1842 1844 1840
f 1840 1834 1845
f 1845 1846 1840
f 1846 1843 1840
f 1847 1848 1849
f 1849 1850 1847
f 1847 1851 1848
f 1847 1840 1852
f 1852 1853 1847
f 1853 1851 1847
f 1854 1855 1856
f 1856 1857 1854
f 1854 1847 1858
f 1858 1859 1854
f 1859 1860 1854
f 1860 1855 1854
f 1861 1862 1863
f 1861 1854 1864
f 1864 1865 1861
f 1865 1866 1861
f 1866 1862 1861
f 1863 1867 1861
f 1868 1869 1870
f 1868 1871 1872
f 1868 1873 1871
f 1868 1861 1874
f 1874 1875 1868
f 1875 1873 1868
f 1872 1869 1868
f 1876 1877 1878
f 1876 1879 1877
f 1876 1880 1881
f 1876 1868 1882
f 1882 1880 1876
f 1881 1879 1876
f 1883 1884 1885
f 1883 1886 1884
f 1885 1887 1883
f 1883 1888 1889
f 1889 1890 1883
f 1883 1891 1888
f 1883 1892 1893
f 1883 1876 1894
f 1894 1892 1883
f 1893 1891 1883
f 1890 1886 1883
f 1895 1896 1897
f 1897 1898 1895
f 1895 1899 1900
f 1900 1901 1895
f 1901 1896 1895
f 1895 1902 1903
f 1903 1904 1895
f 1904 1899 1895
f 1895 1883 1905
f 1905 1906 1895
f 1906 1907 1895
f 1907 1902 1895
f 1546 1908 1909
f 1494 1910 1908
f 1908 1546 1494
f 1909 1560 1546
f 1494 1911 1912
f 1494 1913 1914
f 1914 1911 1494
f 1912 1910 1494
f 1494 1915 1916
f 1494 1917 1915
f 1916 1913 1494
f 1494 1918 1919
f 1919 1920 1494
f 1920 1917 1494
f 1494 1921 1922
f 1494 1923 1921
f 1922 1924 1494
f 1924 1918 1494
f 1494 1925 1926
f 1926 1927 1494
f 1927 1923 1494
f 1494 1928 1925
f 1494 1929 1930
f 1493 1931 1929
f 1929 1494 1493
f 1930 1928 1494
f 1493 1932 1933
f 1933 1934 1493
f 1934 1931 1493
f 1493 1935 1932
f 1493 1936 1937
f 1937 1938 1493
f 1938 1935 1493
f 1493 1939 1940
f 1493 1941 1939
f 1940 1942 1493
f 1942 1936 1493
f 1493 1943 1944
f 1944 1945 1493
f 1945 1941 1493
f 1493 1946 1947
f 1947 1948 1493
f 1948 1949 1493
f 1949 1943 1493
f 1493 1895 1950
f 1950 1951 1493
f 1951 1952 1493
f 1952 1946 1493
f 1898 1950 1895
f 1887 1905 1883
f 1878 1894 1876
f 1870 1882 1868
f 1867 1874 1861
f 1857 1864 1854
f 1850 1858 1847
f 1844 1852 1840
f 1839 1845 1834
f 1833 1838 1831
f 1828 1832 1824
f 1820 1825 1818
f 1813 1818 1811
f 1806 1811 1804
f 1799 1804 1797
f 1792 1797 1790
f 1784 1790 1782
f 1777 1782 1775
f 1766 1775 1764
f 1753 1764 1751
f 1706 1751 1496
f 1694 1748 1692
f 1683 1704 1680
f 1675 1690 1673
f 1667 1679 1665
f 1664 1671 1658
f 1654 1661 1651
f 1648 1655 1644
f 1641 1649 1637
f 1636 1642 1631
f 1626 1635 1624
f 1623 1627 1621
f 1617 1621 1615
f 1610 1615 1608
f 1603 1608 1601
f 1596 1601 1594
f 1589 1594 1587
f 1581 1587 1579
f 1574 1579 1572
f 1562 1572 1549
f 1545 1953 1543
f 1542 1954 1540
f 1540 1954 1539
f 1537 1536 1538
f 1537 1955 1535
f 1535 1955 1534
f 1533 1534 1532
f 1531 1532 1530
f 1529 1530 1528
f 1528 1525 1524
f 1526 1523 1524
f 1523 1526 1522
f 1521 1522 1520
f 1519 1520 1518
f 1517 1518 1516
f 1515 1516 1514
f 1513 1514 1512
f 1511 1512 1510
f 1510 1507 1506
f 1508 1505 1506
f 1505 1508 1504
f 1503 1504 1502
f 1501 1502 1500
f 1499 1500 1498
f 1497 1498 1495
f 1492 1491 1493
f 1492 1956 1490
f 1490 1956 1489
f 1488 1489 1487
f 1486 1487 1485
f 1484 1485 1483
f 1483 1481 1480
f 1478 1477 1480
f 1479 1476 1477
f 1476 1479 1475
f 1475 1957 1473
f 1473 1957 1472
f 1471 1472 1470
f 1469 1470 1468
f 1467 1468 1466
f 1465 1466 1464
f 1463 1464 1462
f 1461 1462 1460
f 1459 1460 1458
f 1457 1458 1456
f 1455 1456 1454
f 1452 1451 1453
f 1452 1450 1449
f 1448 1447 1449
f 1448 1446 1445
f 1348 1347 1445
f 1953 1545 1958
f 1958 1959 1953
f 1960 1961 1962
f 1963 1962 1964
f 1965 1964 1966
f 1967 1966 1968
f 1969 1968 1970
f 1971 1970 1972
f 1973 1972 1974
f 1975 1974 1976
f 1977 1976 1978
f 1979 1978 1980
f 1981 1980 1982
f 1983 1982 1984
f 1985 1984 1986
f 1987 1986 1988
f 1989 1988 1990
f 1991 1990 1992
f 1993 1992 1994
f 1995 1994 1996
f 1997 1996 1998
f 1999 1998 2000
f 2001 2000 2002
f 2003 2002 2004
f 2005 2004 2006
f 2007 2006 2008
f 2009 2008 2010
f 2011 2010 2012
f 2013 2012 2014
f 2015 2014 1959
f 1959 1958 2015
f 2014 2015 2013
f 2012 2013 2011
f 2010 2011 2009
f 2008 2009 2007
f 2006 2007 2005
f 2004 2005 2003
f 2002 2003 2001
f 2000 2001 1999
f 1998 1999 1997
f 1996 1997 1995
f 1994 1995 1993
f 1992 1993 1991
f 1990 1991 1989
f 1988 1989 1987
f 1986 1987 1985
f 1984 1985 1983
f 1982 1983 1981
f 1980 1981 1979
f 1978 1979 1977
f 1976 1977 1975
f 1974 1975 1973
f 1972 1973 1971
f 1970 1971 1969
f 1968 1969 1967
f 1966 1967 1965
f 1964 1965 1963
f 1962 1963 1960
f 1825 2016 2017
f 1831 1834 2018
f 1847 2019 2020
f 1493 2021 2022
f 1480 2023 2024
f 2017 1818 1825
f 2016 1824 1831
f 2020 2018 1834
f 2020 1840 1847
f 1876 1883 2025
f 2022 2025 1883
f 2022 1895 1493
f 2024 1482 1480
f 2026 2023 1477
f 2018 2016 1831
f 1847 1854 2019
f 1854 1861 2027
f 1868 2028 2027
f 2028 1868 1876
f 1493 1491 2021
f 1486 1484 2029
f 2029 1484 1482
f 1477 1476 2026
f 2017 2030 1811
f 1834 1840 2020
f 2027 1861 1868
f 1883 1895 2022
f 1491 1490 2031
f 1488 2032 2031
f 2032 1488 1486
f 1480 1477 2023
f 1995 2033 2034
f 1782 1790 2035
f 2035 1790 1797
f 1804 1811 2030
f 1825 1824 2016
f 2025 2028 1876
f 2031 1490 1488
f 1482 2024 2029
f 1997 2036 2037
f 1995 2038 2033
f 1993 2039 2040
f 1991 2041 2042
f 1985 2043 2044
f 2045 1963 1965
f 1515 1513 2046
f 1509 2047 2048
f 1501 1499 2049
f 1797 2050 2035
f 2050 1797 1804
f 2027 2019 1854
f 2029 2032 1486
f 1473 1471 2051
f 2052 2001 2003
f 1997 2052 2036
f 1995 2037 2038
f 1993 2034 2039
f 1991 2040 2041
f 1989 2042 2043
f 2044 1983 1985
f 2044 2053 1977
f 1965 2053 2045
f 1529 1527 2054
f 1521 1519 2055
f 1517 2056 2055
f 2056 1517 1515
f 2046 1513 1511
f 2048 1511 1509
f 2057 2047 1506
f 1503 2058 2057
f 2058 1503 1501
f 2030 2050 1804
f 2031 2021 1491
f 1474 2059 2026
f 2059 1474 1473
f 1467 1465 2060
f 1461 2061 2062
f 1447 2063 2064
f 2052 1999 2001
f 2037 1995 1997
f 2040 1991 1993
f 2043 1987 1989
f 2044 1981 1983
f 1977 1979 2044
f 2053 1973 1975
f 1965 1967 2053
f 2065 2066 1540
f 2067 1531 1529
f 2068 2054 1527
f 1523 2069 2068
f 2055 1519 1517
f 1511 2048 2046
f 1506 1505 2057
f 2049 2058 1501
f 1496 1751 2070
f 1775 2071 2072
f 1811 1818 2017
f 2051 2059 1473
f 2051 1471 1469
f 2073 1469 1467
f 2062 2060 1465
f 2062 1463 1461
f 1459 1457 2074
f 1455 2075 2074
f 1453 1451 2076
f 2064 2076 1451
f 2064 1449 1447
f 2052 2005 2007
f 1997 1999 2052
f 2042 1989 1991
f 1979 1981 2044
f 2053 1971 1973
f 1967 1969 2053
f 2066 1541 1540
f 1535 1533 2077
f 1531 2067 2077
f 1527 1524 2068
f 2068 1524 1523
f 2046 2056 1515
f 2057 1505 1503
f 2049 1499 1497
f 2078 1497 1496
f 2072 2070 1751
f 2072 1764 1775
f 2026 1476 1474
f 2060 2073 1467
f 1461 1459 2061
f 2074 1457 1455
f 2075 1455 1453
f 1447 1445 2063
f 2003 2005 2052
f 1985 1987 2043
f 1969 1971 2053
f 2066 1544 1541
f 1536 2079 2065
f 2077 1533 1531
f 1523 1521 2069
f 1509 1506 2047
f 2070 2078 1496
f 1775 1782 2071
f 1469 2073 2051
f 2074 2061 1459
f 1451 1449 2064
f 2052 2011 2013
f 2034 1993 1995
f 2045 1960 1963
f 2066 1545 1544
f 2065 1538 1536
f 2054 2067 1529
f 1497 2078 2049
f 2035 2071 1782
f 2076 2075 1453
f 1445 1347 1345
f 1345 1347 1337
f 2066 2052 2015
f 2052 2009 2011
f 1975 1977 2053
f 1536 1535 2079
f 2055 2069 1521
f 1465 1463 2062
f 1337 1342 1345
f 2015 1958 2066
f 2007 2009 2052
f 2077 2079 1535
f 1345 2063 1445
f 2013 2015 2052
f 1751 1764 2072
f 1540 1538 2065
f 1958 1545 2066
f 1481 1483 2080
f 1494 1546 2081
f 1601 1608 2082
f 1621 2083 2084
f 1624 1631 2085
f 2086 1479 1478
f 2087 1478 1481
f 2088 1492 1494
f 2081 1546 1549
f 1572 2089 2090
f 2091 1594 1601
f 2082 1608 1615
f 2084 1615 1621
f 2083 1627 1624
f 2080 2087 1481
f 2092 2080 1483
f 1487 2093 2092
f 1549 2090 2081
f 2090 1549 1572
f 1579 1587 2094
f 1594 2091 2094
f 1615 2084 2082
f 2085 2083 1624
f 1483 1485 2092
f 2092 1485 1487
f 1489 1956 2095
f 1492 2088 2095
f 1572 1579 2089
f 2094 1587 1594
f 1621 1627 2083
f 2085 1631 1637
f 1487 1489 2093
f 2095 1956 1492
f 2094 2089 1579
f 1637 2096 2085
f 1644 2097 2096
f 2098 2097 1651
f 1665 2099 2098
f 1502 2100 2101
f 1994 1992 2102
f 1957 2103 2104
f 2095 2093 1489
f 2082 2091 1601
f 2096 1637 1644
f 2098 1658 1665
f 2101 1500 1502
f 1504 1508 2105
f 1516 2106 2107
f 2108 2109 1964
f 1984 1982 2110
f 1990 1988 2111
f 1992 1990 2112
f 2102 2113 1994
f 1996 1994 2114
f 1448 1450 2115
f 1462 1464 2116
f 1468 2117 2118
f 2104 1472 1957
f 1475 1479 2086
f 2081 2088 1494
f 1651 1658 2098
f 2105 2100 1504
f 2105 1508 1507
f 1510 1512 2119
f 2107 2119 1512
f 2107 1514 1516
f 1518 1520 2120
f 1522 2121 2120
f 1530 2122 2123
f 1964 1962 2108
f 2110 1978 1976
f 2124 1986 1984
f 1988 1986 2124
f 2111 2125 1990
f 2112 2126 1992
f 2113 2127 1994
f 2114 2128 1996
f 2129 2004 2002
f 2130 1446 1448
f 2115 1450 1452
f 1454 2131 2132
f 1456 1458 2133
f 1460 2134 2133
f 2134 1460 1462
f 2116 1464 1466
f 2118 1466 1468
f 2104 2117 1470
f 2086 2103 1475
f 1644 1651 2097
f 1673 1680 2135
f 1495 2136 2137
f 1507 2138 2105
f 2138 1507 1510
f 1516 1518 2106
f 2120 1520 1522
f 1526 1525 2139
f 2139 1525 1528
f 2123 1528 1530
f 2140 1539 1954
f 2109 1966 1964
f 2110 1980 1978
f 2110 2124 1984
f 2125 2112 1990
f 2127 2114 1994
f 2129 1998 1996
f 2002 2000 2129
f 1452 2132 2115
f 2132 1452 1454
f 2133 1458 1460
f 1466 2118 2116
f 1470 1472 2104
f 1478 2087 2086
f 2099 1665 1673
f 2135 1680 1692
f 2137 1692 1495
f 2101 2136 1498
f 2119 2138 1510
f 2120 2106 1518
f 2121 1522 1526
f 1530 1532 2122
f 1532 1534 2141
f 1955 2142 2141
f 1954 2143 2140
f 2109 1968 1966
f 2109 1976 1974
f 1982 1980 2110
f 2126 2102 1992
f 2000 1998 2129
f 2129 2008 2006
f 1454 1456 2131
f 2116 2134 1462
f 1957 1475 2103
f 1692 2137 2135
f 1498 1500 2101
f 1512 1514 2107
f 1528 2123 2139
f 2141 1534 1955
f 1537 1539 2140
f 1954 1542 2143
f 2109 1970 1968
f 1974 1972 2109
f 2124 2111 1988
f 2006 2004 2129
f 1341 1343 1348
f 1446 2130 1346
f 2133 2131 1456
f 2135 2099 1673
f 1502 1504 2100
f 2141 2122 1532
f 2142 1955 1537
f 1542 1543 2143
f 1972 1970 2109
f 2128 2129 1996
f 2129 2014 2012
f 1346 1348 1446
f 1468 1470 2117
f 2139 2121 1526
f 1543 1953 2143
f 1976 2109 2110
f 2012 2010 2129
f 2143 1959 2014
f 2115 2130 1448
f 2140 2142 1537
f 2010 2008 2129
f 2143 1953 1959
f 1495 1498 2136
f 2014 2129 2143
f 1962 1961 2108
f 1348 1346 1341
f 2052 2066 2143
f 2143 2129 2052
f 2144 1938 1937
f 2144 1932 1935
f 2144 1933 1932
f 1935 1938 2144
f 2145 1942 1940
f 2145 1937 1936
f 1936 1942 2145
f 2146 1945 1944
f 2146 1939 1941
f 2146 1940 1939
f 1941 1945 2146
f 2147 1949 1948
f 2147 1944 1943
f 1943 1949 2147
f 2148 1952 1951
f 2148 1947 1946
f 2148 1948 1947
f 1946 1952 2148
f 2149 1898 1897
f 2149 1951 1950
f 1950 1898 2149
f 2150 1901 1900
f 2150 1897 1896
f 1896 1901 2150
f 2151 1904 1903
f 2151 1900 1899
f 1899 1904 2151
f 2152 1907 1906
f 2152 1903 1902
f 1902 1907 2152
f 2153 1887 1885
f 2153 1906 1905
f 1905 1887 2153
f 2154 1890 1889
f 2154 1884 1886
f 2154 1885 1884
f 1886 1890 2154
f 2155 1891 1893
f 2155 1888 1891
f 2155 1889 1888
f 2156 1894 1878
f 2156 1892 1894
f 2156 1893 1892
f 2157 1879 1881
f 2157 1877 1879
f 2157 1878 1877
f 2158 1882 1870
f 2158 1881 1880
f 1880 1882 2158
f 2159 1869 1872
f 2159 1870 1869
f 2160 1873 1875
f 2160 1872 1871
f 1871 1873 2160
f 2161 1867 1863
f 2161 1875 1874
f 1874 1867 2161
f 2162 1866 1865
f 2162 1863 1862
f 1862 1866 2162
f 2163 1857 1856
f 2163 1864 1857
f 2163 1865 1864
f 2164 1860 1859
f 2164 1855 1860
f 2164 1856 1855
f 2165 1850 1849
f 2165 1858 1850
f 2165 1859 1858
f 2166 1851 1853
f 2166 1849 1848
f 1848 1851 2166
f 2167 1844 1842
f 2167 1853 1852
f 1852 1844 2167
f 2168 1843 1846
f 2168 1842 1841
f 1841 1843 2168
f 2169 1837 1836
f 2169 1839 1837
f 2169 1846 1845
f 1845 1839 2169
f 2170 1838 1833
f 2170 1835 1838
f 2170 1836 1835
f 2171 1828 1827
f 2171 1832 1828
f 2171 1833 1832
f 2172 1829 1830
f 2172 1827 1826
f 1826 1829 2172
f 2173 1819 1822
f 2173 1830 1820
f 1820 1819 2173
f 2174 2175 1813
f 2175 1823 1813
f 2175 1822 1821
f 1821 1823 2175
f 2174 1814 1817
f 1817 2176 2174
f 2174 1812 1814
f 2177 2176 1815
f 1815 1806 2177
f 2176 1816 1815
f 2178 1807 1810
f 2177 1805 1807
f 1807 2178 2177
f 2179 2178 1809
f 1809 1808 2179
f 1808 1799 2179
f 2180 2179 1798
f 1798 1800 2180
f 1800 1801 2180
f 2181 2180 1803
f 1803 1802 2181
f 1802 1792 2181
f 2182 1793 1794
f 2182 2181 1791
f 1791 1793 2182
f 2183 1795 1784
f 2183 2182 1796
f 1796 1795 2183
f 2184 1785 1788
f 2184 2183 1783
f 1783 1785 2184
f 2185 2184 1787
f 1787 1786 2185
f 2186 2185 1789
f 1789 1777 2186
f 1777 1776 2186
f 2187 1778 1781
f 2187 2186 1779
f 1779 1778 2187
f 2188 1766 1765
f 2188 2187 1780
f 1780 1766 2188
f 2189 1767 1769
f 2189 2188 1768
f 1768 1767 2189
f 2190 1770 1774
f 2190 2189 1771
f 1771 1770 2190
f 2191 1772 1753
f 1753 1752 2191
f 2191 2190 1773
f 1773 1772 2191
f 2192 2191 1755
f 1755 1754 2192
f 1754 1758 2192
f 2193 2192 1757
f 1757 1756 2193
f 1756 1761 2193
f 2194 2193 1760
f 1760 1759 2194
f 1759 1763 2194
f 2195 2194 1762
f 1762 1706 2195
f 1706 1705 2195
f 2196 1707 1709
f 2196 2195 1708
f 1708 1707 2196
f 2197 1711 1710
f 2197 2196 1712
f 1712 1711 2197
f 1710 1715 2197
f 2198 2197 1714
f 1714 1713 2198
f 1713 1718 2198
f 2199 2198 1717
f 1717 1716 2199
f 1716 1720 2199
f 2200 1722 1721
f 2200 2199 1719
f 1719 1722 2200
f 2201 2200 1723
f 1723 1725 2201
f 2200 1724 1723
f 2201 1726 1728
f 1728 2202 2201
f 2201 1727 1726
f 1728 1731 2202
f 2202 1729 1734
f 2202 1730 1729
f 1734 2203 2202
f 2203 1738 1736
f 2203 1733 1732
f 1732 1738 2203
f 2204 1737 1740
f 2204 1735 1737
f 2204 1736 1735
f 2205 1741 1750
f 2205 1739 1741
f 2205 1740 1739
f 2206 1744 1743
f 2206 1750 1749
f 1749 1744 2206
f 2207 1747 1746
f 2207 1743 1742
f 1742 1747 2207
f 2208 1748 1694
f 2208 1745 1748
f 2208 1746 1745
f 2209 1695 1697
f 2209 1693 1695
f 2209 1694 1693
f 2210 1698 1700
f 2210 1696 1698
f 2210 1697 1696
f 2211 1701 1703
f 2211 1699 1701
f 2211 1700 1699
f 2212 1683 1682
f 2212 1702 1704
f 2212 1703 1702
f 1704 1683 2212
f 2213 1684 1686
f 2213 1682 1681
f 1681 1684 2213
f 2214 1691 1689
f 2214 1686 1685
f 1685 1687 2214
f 1687 1691 2214
f 2215 1690 1675
f 2215 1689 1688
f 1688 1690 2215
f 2216 1676 1678
f 2216 1675 1674
f 1674 1676 2216
f 2217 1679 1667
f 2217 1677 1679
f 2217 1678 1677
f 2218 1666 1669
f 2218 1667 1666
f 2219 1670 1672
f 2219 1669 1668
f 1668 1670 2219
f 2220 1664 1660
f 2220 1672 1671
f 1671 1664 2220
f 2221 1663 1662
f 2221 1660 1659
f 1659 1663 2221
f 2222 1654 1653
f 2222 1661 1654
f 2222 1662 1661
f 2223 1657 1656
f 2223 1652 1657
f 2223 1653 1652
f 2224 1648 1646
f 2224 1655 1648
f 2224 1656 1655
f 2225 2226 1647
f 2226 1646 1645
f 1645 1647 2226
f 2225 1649 1641
f 2225 1650 1649
f 1641 2227 2225
f 2227 1639 1638
f 1638 2228 2227
f 1638 1640 2228
f 2229 1636 1634
f 2228 1643 1642
f 1642 2229 2228
f 1642 1636 2229
f 2230 1632 1635
f 2230 2229 1633
f 1633 1632 2230
f 2231 1625 1629
f 2231 2230 1626
f 1626 1625 2231
f 2232 2231 1628
f 1628 1630 2232
f 1630 1623 2232
f 2233 2232 1622
f 1622 1617 2233
f 1617 1616 2233
f 2234 1620 1610
f 2234 2233 1619
f 1619 1618 2234
f 1618 1620 2234
f 2235 1611 1614
f 2235 2234 1609
f 1609 1611 2235
f 2236 1612 1603
f 2236 2235 1613
f 1613 1612 2236
f 2237 1604 1607
f 2237 2236 1602
f 1602 1604 2237
f 2238 2237 1606
f 1606 1605 2238
f 1605 1596 2238
f 2239 2238 1595
f 1595 1597 2239
f 1597 1598 2239
f 2240 2239 1600
f 1600 1599 2240
f 1599 1589 2240
f 2241 1590 1591
f 2241 2240 1588
f 1588 1590 2241
f 2242 1592 1581
f 2242 2241 1593
f 1593 1592 2242
f 2243 1582 1585
f 2243 2242 1580
f 1580 1582 2243
f 2244 2243 1584
f 1584 1583 2244
f 2245 1574 1573
f 2245 2244 1586
f 1586 1574 2245
f 2246 2245 1576
f 1576 1575 2246
f 1575 1578 2246
f 2247 2246 1577
f 1577 1562 2247
f 1562 1561 2247
f 2248 1563 1568
f 2248 2247 1564
f 1564 1563 2248
f 2249 1565 1567
f 1567 1571 2249
f 2249 2248 1566
f 1566 1565 2249
f 2250 1569 1550
f 2250 2249 1570
f 1570 1569 2250
f 2251 1547 1551
f 2251 2250 1548
f 1548 1547 2251
f 2252 1552 1554
f 2252 2251 1553
f 1553 1552 2252
f 2253 1555 1557
f 2253 2252 1556
f 1556 1555 2253
f 2254 1558 1560
f 2254 2253 1559
f 1559 1558 2254
f 2255 1908 1910
f 1910 1912 2255
f 2255 2254 1909
f 1909 1908 2255
f 2256 1914 1913
f 2256 2255 1911
f 1911 1914 2256
f 2257 1915 1917
f 1917 1920 2257
f 2257 2256 1916
f 1916 1915 2257
f 2258 1918 1924
f 2258 2257 1919
f 1919 1918 2258
f 2259 1921 1923
f 1923 1927 2259
f 2259 2258 1922
f 1922 1921 2259
f 2260 1925 1928
f 2260 2259 1926
f 1926 1925 2260
f 2260 1934 1933
f 2260 1929 1931
f 1931 1934 2260
f 2260 1930 1929
f 1933 2144 2260
f 1928 1930 2260
f 1927 1926 2259
f 1924 1922 2258
f 1920 1919 2257
f 1913 1916 2256
f 1912 1911 2255
f 1560 1909 2254
f 1557 1559 2253
f 1554 1556 2252
f 1551 1553 2251
f 1550 1548 2250
f 1571 1570 2249
f 1568 1566 2248
f 1561 1564 2247
f 1578 1577 2246
f 1573 1576 2245
f 1583 1586 2244
f 1585 1584 2243
f 1581 1580 2242
f 1591 1593 2241
f 1589 1588 2240
f 1598 1600 2239
f 1596 1595 2238
f 1607 1606 2237
f 1603 1602 2236
f 1614 1613 2235
f 1610 1609 2234
f 1616 1619 2233
f 1623 1622 2232
f 1629 1628 2231
f 1635 1626 2230
f 1634 1633 2229
f 1640 1643 2228
f 1641 1639 2227
f 1647 1650 2225
f 1646 2226 2224
f 1656 2224 2223
f 1653 2223 2222
f 1662 2222 2221
f 1660 2221 2220
f 1672 2220 2219
f 1669 2219 2218
f 1667 2218 2217
f 1678 2217 2216
f 1675 2216 2215
f 1689 2215 2214
f 1686 2214 2213
f 1682 2213 2212
f 1703 2212 2211
f 1700 2211 2210
f 1697 2210 2209
f 1694 2209 2208
f 1746 2208 2207
f 1743 2207 2206
f 1750 2206 2205
f 1740 2205 2204
f 1736 2204 2203
f 1734 1733 2203
f 1731 1730 2202
f 1725 1727 2201
f 1721 1724 2200
f 1720 1719 2199
f 1718 1717 2198
f 1715 1714 2197
f 1709 1712 2196
f 1705 1708 2195
f 1763 1762 2194
f 1761 1760 2193
f 1758 1757 2192
f 1752 1755 2191
f 1774 1773 2190
f 1769 1771 2189
f 1765 1768 2188
f 1781 1780 2187
f 1776 1779 2186
f 1786 1789 2185
f 1788 1787 2184
f 1784 1783 2183
f 1794 1796 2182
f 1792 1791 2181
f 1801 1803 2180
f 1799 1798 2179
f 1810 1809 2178
f 1806 1805 2177
f 1817 1816 2176
f 1813 1812 2174
f 1822 2175 2173
f 1830 2173 2172
f 1827 2172 2171
f 1833 2171 2170
f 1836 2170 2169
f 1846 2169 2168
f 1842 2168 2167
f 1853 2167 2166
f 1849 2166 2165
f 1859 2165 2164
f 1856 2164 2163
f 1865 2163 2162
f 1863 2162 2161
f 1875 2161 2160
f 1872 2160 2159
f 1870 2159 2158
f 1881 2158 2157
f 1878 2157 2156
f 1893 2156 2155
f 1889 2155 2154
f 1885 2154 2153
f 1906 2153 2152
f 1903 2152 2151
f 1900 2151 2150
f 1897 2150 2149
f 1951 2149 2148
f 1948 2148 2147
f 1944 2147 2146
f 1940 2146 2145
f 1937 2145 2144
f 2261 1444 1442
f 1442 2262 2261
f 2263 2264 2261
f 2261 2262 2263
f 2265 2266 2267
f 2268 2269 2267
f 2270 2271 2272
f 2273 2274 2271
f 2275 2276 2277
f 2278 2279 2276
f 2280 2281 2282
f 2283 2284 2281
f 2285 2286 2287
f 2286 2288 2289
f 2290 2265 2291
f 2267 2266 2268
f 2292 2293 2294
f 2295 2296 2293
f 2297 2298 2296
f 2299 2300 2298
f 2301 2302 2300
f 2303 2304 2302
f 2305 2306 2307
f 2308 2309 2306
f 2310 2272 2309
f 2271 2270 2273
f 2311 2312 2313
f 2314 2277 2312
f 2276 2275 2278
f 2315 2282 2279
f 2281 2280 2283
f 2316 2317 2284
f 2318 2319 2320
f 2319 2321 2322
f 2323 2285 2324
f 2289 2287 2286
f 2288 2290 2325
f 2267 2291 2265
f 2326 2327 2269
f 2328 2329 2327
f 2330 2294 2331
f 2293 2292 2295
f 2298 2297 2299
f 2302 2301 2303
f 2332 2333 2334
f 2333 2335 2336
f 2337 2338 2339
f 2340 2341 2338
f 2342 2343 2344
f 2345 2346 2343
f 2347 2348 2346
f 2349 2350 2348
f 2351 2352 2353
f 2354 2355 2356
f 2355 2357 2358
f 2359 2360 2361
f 2362 2307 2360
f 2306 2305 2308
f 2272 2310 2270
f 2363 2364 2274
f 2365 2366 2364
f 2367 2313 2368
f 2312 2311 2314
f 2279 2278 2315
f 2284 2283 2316
f 2369 2370 2371
f 2372 2373 2374
f 2375 2376 2377
f 2376 2378 2379
f 2380 2318 2381
f 2322 2320 2319
f 2321 2382 2383
f 2382 2384 2385
f 2287 2324 2285
f 2291 2325 2290
f 2327 2326 2328
f 2386 2387 2329
f 2294 2330 2292
f 2300 2299 2301
f 2336 2334 2333
f 2335 2388 2389
f 2388 2390 2391
f 2390 2392 2393
f 2338 2337 2340
f 2394 2344 2341
f 2343 2342 2345
f 2348 2347 2349
f 2395 2396 2397
f 2398 2399 2400
f 2399 2401 2402
f 2403 2404 2405
f 2406 2407 2404
f 2408 2409 2407
f 2410 2411 2409
f 2412 2413 2411
f 2414 2415 2413
f 2415 2414 2351
f 2352 2416 2417
f 2358 2356 2355
f 2357 2418 2419
f 2418 2420 2421
f 2420 2422 2423
f 2424 2425 2426
f 2425 2427 2428
f 2360 2359 2362
f 2309 2308 2310
f 2364 2363 2365
f 2429 2430 2366
f 2431 2432 2433
f 2432 2434 2435
f 2313 2367 2311
f 2282 2315 2280
f 2371 2436 2369
f 2437 2438 2439
f 2440 2441 2442
f 2443 2444 2441
f 2445 2446 2447
f 2448 2449 2450
f 2451 2452 2449
f 2453 2454 2455
f 2454 2453 2372
f 2379 2377 2376
f 2378 2380 2456
f 2320 2381 2318
f 2385 2383 2382
f 2457 2458 2459
f 2458 2460 2461
f 2462 2463 2464
f 2463 2323 2465
f 2325 2289 2288
f 2329 2328 2386
f 2466 2331 2387
f 2296 2295 2297
f 2389 2336 2335
f 2393 2391 2390
f 2467 2468 2469
f 2470 2339 2468
f 2341 2340 2394
f 2346 2345 2347
f 2471 2472 2350
f 2473 2474 2472
f 2474 2473 2395
f 2396 2475 2476
f 2477 2478 2479
f 2478 2480 2481
f 2480 2482 2483
f 2482 2484 2485
f 2484 2486 2487
f 2486 2488 2489
f 2490 2491 2492
f 2491 2493 2494
f 2495 2496 2497
f 2498 2499 2496
f 2500 2501 2499
f 2502 2398 2503
f 2402 2400 2399
f 2504 2505 2506
f 2505 2507 2508
f 2509 2510 2511
f 2510 2512 2513
f 2514 2515 2516
f 2517 2518 2515
f 2404 2403 2406
f 2409 2408 2410
f 2413 2412 2414
f 2417 2353 2352
f 2419 2358 2357
f 2423 2421 2420
f 2422 2519 2520
f 2519 2521 2522
f 2428 2426 2425
f 2427 2523 2361
f 2307 2362 2305
f 2366 2365 2429
f 2524 2525 2526
f 2435 2433 2432
f 2434 2527 2528
f 2527 2529 2530
f 2529 2531 2532
f 2531 2533 2534
f 2533 2535 2536
f 2537 2368 2538
f 2277 2314 2275
f 2436 2371 2317
f 2439 2370 2437
f 2438 2539 2540
f 2539 2541 2542
f 2543 2544 2545
f 2544 2546 2547
f 2548 2549 2550
f 2551 2552 2553
f 2554 2555 2552
f 2441 2440 2443
f 2556 2447 2444
f 2447 2556 2445
f 2557 2558 2559
f 2560 2561 2562
f 2561 2563 2564
f 2563 2565 2566
f 2567 2568 2566
f 2569 2570 2568
f 2571 2572 2570
f 2573 2574 2575
f 2576 2577 2574
f 2578 2450 2577
f 2449 2448 2451
f 2374 2454 2372
f 2373 2375 2579
f 2456 2379 2378
f 2383 2322 2321
f 2580 2457 2581
f 2461 2459 2458
f 2460 2582 2583
f 2582 2584 2585
f 2584 2462 2586
f 2465 2464 2463
f 2269 2268 2326
f 2331 2466 2330
f 2391 2389 2388
f 2392 2587 2588
f 2587 2589 2590
f 2589 2591 2592
f 2593 2469 2594
f 2468 2467 2470
f 2344 2394 2342
f 2472 2471 2473
f 2476 2397 2396
f 2475 2477 2595
f 2481 2479 2478
f 2485 2483 2482
f 2489 2487 2486
f 2488 2596 2597
f 2596 2598 2599
f 2598 2600 2601
f 2600 2602 2603
f 2602 2604 2605
f 2604 2490 2606
f 2494 2492 2491
f 2607 2608 2494
f 2609 2610 2608
f 2611 2612 2610
f 2613 2614 2612
f 2615 2616 2614
f 2617 2618 2616
f 2619 2620 2618
f 2621 2622 2620
f 2496 2495 2498
f 2499 2498 2500
f 2400 2503 2398
f 2401 2623 2624
f 2623 2504 2625
f 2508 2506 2505
f 2507 2626 2627
f 2626 2628 2629
f 2513 2511 2510
f 2512 2630 2631
f 2632 2633 2631
f 2634 2635 2633
f 2636 2516 2637
f 2515 2514 2517
f 2638 2639 2640
f 2641 2405 2639
f 2407 2406 2408
f 2353 2415 2351
f 2416 2642 2643
f 2642 2354 2644
f 2421 2419 2418
f 2522 2520 2519
f 2645 2646 2647
f 2646 2424 2648
f 2361 2428 2427
f 2274 2273 2363
f 2649 2650 2430
f 2651 2652 2650
f 2526 2653 2524
f 2528 2435 2434
f 2532 2530 2529
f 2536 2534 2533
f 2654 2655 2656
f 2655 2657 2658
f 2659 2660 2661
f 2662 2663 2660
f 2368 2537 2367
f 2369 2437 2370
f 2542 2540 2539
f 2541 2664 2665
f 2666 2667 2668
f 2667 2669 2670
f 2671 2543 2672
f 2547 2545 2544
f 2673 2674 2675
f 2676 2677 2674
f 2678 2679 2548
f 2548 2680 2549
f 2681 2682 2683
f 2684 2685 2682
f 2686 2553 2685
f 2552 2551 2554
f 2444 2443 2556
f 2559 2446 2557
f 2558 2687 2688
f 2687 2689 2690
f 2689 2691 2692
f 2691 2693 2694
f 2693 2695 2696
f 2695 2697 2698
f 2564 2562 2561
f 2566 2565 2567
f 2570 2569 2571
f 2699 2575 2572
f 2574 2573 2576
f 2450 2578 2448
f 2700 2701 2452
f 2702 2703 2701
f 2579 2374 2373
f 2381 2456 2380
f 2384 2704 2705
f 2704 2706 2707
f 2706 2708 2709
f 2708 2710 2711
f 2710 2712 2713
f 2712 2714 2715
f 2714 2716 2717
f 2718 2719 2717
f 2720 2721 2722
f 2723 2724 2721
f 2725 2726 2724
f 2727 2728 2726
f 2729 2730 2731
f 2459 2581 2457
f 2585 2583 2582
f 2464 2586 2462
f 2387 2386 2466
f 2732 2733 2734
f 2735 2736 2733
f 2588 2393 2392
f 2592 2590 2589
f 2591 2737 2738
f 2737 2739 2740
f 2741 2742 2743
f 2744 2745 2742
f 2746 2747 2748
f 2749 2594 2747
f 2469 2593 2467
f 2350 2349 2471
f 2595 2476 2475
f 2483 2481 2480
f 2597 2489 2488
f 2601 2599 2598
f 2605 2603 2602
f 2492 2606 2490
f 2608 2607 2609
f 2612 2611 2613
f 2616 2615 2617
f 2620 2619 2621
f 2500 2502 2501
f 2624 2402 2401
f 2506 2625 2504
f 2629 2627 2626
f 2628 2750 2751
f 2750 2752 2753
f 2752 2754 2755
f 2754 2509 2756
f 2631 2513 2512
f 2633 2632 2634
f 2757 2637 2635
f 2516 2636 2514
f 2758 2759 2760
f 2761 2640 2759
f 2639 2638 2641
f 2411 2410 2412
f 2644 2643 2642
f 2520 2423 2422
f 2521 2645 2762
f 2648 2647 2646
f 2361 2523 2359
f 2650 2649 2651
f 2433 2525 2431
f 2534 2532 2531
f 2535 2763 2764
f 2763 2765 2766
f 2767 2768 2769
f 2768 2770 2771
f 2772 2773 2774
f 2775 2776 2773
f 2777 2778 2779
f 2780 2781 2782
f 2781 2783 2784
f 2658 2656 2655
f 2657 2785 2661
f 2660 2659 2662
f 2786 2787 2663
f 2317 2316 2436
f 2665 2542 2541
f 2664 2666 2788
f 2670 2668 2667
f 2789 2671 2790
f 2545 2672 2543
f 2791 2792 2793
f 2792 2794 2795
f 2796 2797 2798
f 2799 2800 2798
f 2674 2673 2676
f 2801 2802 2677
f 2803 2804 2805
f 2806 2807 2804
f 2808 2809 2810
f 2811 2812 2809
f 2813 2814 2812
f 2815 2816 2814
f 2817 2818 2816
f 2819 2820 2818
f 2821 2822 2820
f 2823 2824 2822
f 2825 2826 2827
f 2826 2828 2829
f 2550 2830 2548
f 2831 2832 2679
f 2833 2834 2832
f 2835 2836 2834
f 2837 2838 2836
f 2839 2683 2838
f 2682 2681 2684
f 2553 2686 2551
f 2840 2841 2555
f 2842 2843 2841
f 2445 2557 2446
f 2690 2688 2687
f 2694 2692 2691
f 2698 2696 2695
f 2844 2845 2846
f 2845 2560 2847
f 2566 2564 2563
f 2572 2571 2699
f 2577 2576 2578
f 2701 2700 2702
f 2848 2849 2850
f 2851 2852 2849
f 2377 2579 2375
f 2707 2705 2704
f 2711 2709 2708
f 2715 2713 2712
f 2717 2716 2718
f 2853 2722 2719
f 2721 2720 2723
f 2726 2725 2727
f 2854 2855 2856
f 2857 2858 2855
f 2731 2859 2729
f 2860 2861 2862
f 2583 2461 2460
f 2324 2465 2323
f 2863 2734 2304
f 2733 2732 2735
f 2590 2588 2587
f 2740 2738 2737
f 2739 2864 2743
f 2742 2741 2744
f 2865 2748 2745
f 2747 2746 2749
f 2339 2470 2337
f 2479 2595 2477
f 2599 2597 2596
f 2606 2605 2604
f 2610 2609 2611
f 2618 2617 2619
f 2866 2867 2622
f 2868 2869 2867
f 2870 2871 2869
f 2872 2873 2871
f 2503 2501 2502
f 2627 2508 2507
f 2753 2751 2750
f 2756 2755 2754
f 2631 2630 2632
f 2637 2757 2636
f 2874 2760 2518
f 2759 2758 2761
f 2405 2641 2403
f 2356 2644 2354
f 2647 2762 2645
f 2430 2429 2649
f 2875 2876 2652
f 2877 2878 2876
f 2879 2880 2878
f 2653 2526 2880
f 2530 2528 2527
f 2766 2764 2763
f 2765 2767 2881
f 2771 2769 2768
f 2770 2882 2883
f 2882 2884 2885
f 2886 2774 2887
f 2773 2772 2775
f 2888 2889 2890
f 2891 2892 2889
f 2893 2894 2777
f 2778 2895 2896
f 2784 2782 2781
f 2783 2654 2897
f 2661 2658 2657
f 2663 2662 2786
f 2540 2439 2438
f 2668 2788 2666
f 2669 2789 2898
f 2672 2790 2671
f 2546 2791 2899
f 2795 2793 2792
f 2794 2796 2900
f 2798 2797 2799
f 2901 2902 2903
f 2904 2905 2902
f 2906 2675 2905
f 2677 2676 2801
f 2907 2805 2802
f 2804 2803 2806
f 2908 2909 2910
f 2909 2911 2912
f 2913 2914 2915
f 2914 2916 2917
f 2918 2919 2920
f 2921 2810 2919
f 2809 2808 2811
f 2814 2813 2815
f 2818 2817 2819
f 2822 2821 2823
f 2922 2923 2924
f 2925 2926 2923
f 2927 2928 2926
f 2929 2930 2928
f 2931 2932 2933
f 2934 2935 2936
f 2935 2937 2938
f 2939 2825 2940
f 2829 2827 2826
f 2679 2678 2831
f 2834 2833 2835
f 2838 2837 2839
f 2685 2684 2686
f 2841 2840 2842
f 2941 2442 2843
f 2688 2559 2558
f 2696 2694 2693
f 2942 2844 2943
f 2847 2846 2845
f 2568 2567 2569
f 2452 2451 2700
f 2849 2848 2851
f 2944 2455 2852
f 2705 2385 2384
f 2713 2711 2710
f 2719 2718 2853
f 2724 2723 2725
f 2945 2946 2728
f 2947 2948 2946
f 2949 2950 2948
f 2951 2952 2950
f 2953 2856 2954
f 2855 2854 2857
f 2859 2731 2858
f 2862 2730 2860
f 2861 2955 2956
f 2955 2580 2957
f 2586 2585 2584
f 2734 2863 2732
f 2958 2959 2960
f 2738 2592 2591
f 2743 2864 2741
f 2748 2865 2746
f 2397 2474 2395
f 2603 2601 2600
f 2614 2613 2615
f 2867 2866 2868
f 2871 2870 2872
f 2625 2624 2623
f 2755 2753 2752
f 2635 2634 2757
f 2760 2874 2758
f 2643 2417 2416
f 2426 2648 2424
f 2876 2875 2877
f 2880 2879 2653
f 2764 2536 2535
f 2769 2881 2767
f 2885 2883 2882
f 2884 2961 2962
f 2963 2964 2965
f 2966 2887 2964
f 2774 2886 2772
f 2967 2968 2776
f 2889 2888 2891
f 2894 2893 2892
f 2896 2779 2778
f 2895 2969 2970
f 2969 2971 2972
f 2971 2973 2974
f 2975 2976 2977
f 2976 2978 2979
f 2897 2784 2783
f 2661 2785 2659
f 2980 2981 2787
f 2982 2538 2981
f 2788 2665 2664
f 2790 2898 2789
f 2793 2899 2791
f 2798 2900 2796
f 2983 2984 2800
f 2985 2903 2984
f 2902 2901 2904
f 2675 2906 2673
f 2805 2907 2803
f 2986 2987 2807
f 2988 2989 2987
f 2990 2991 2989
f 2912 2910 2909
f 2911 2913 2992
f 2917 2915 2914
f 2916 2993 2994
f 2995 2996 2997
f 2996 2998 2999
f 3000 3001 2920
f 2919 2918 2921
f 2812 2811 2813
f 2820 2819 2821
f 3002 3003 2824
f 3004 2924 3003
f 2923 2922 2925
f 2928 2927 2929
f 3005 3006 2931
f 2932 2934 3007
f 2938 2936 2935
f 2937 3008 3009
f 3008 2939 3010
f 2827 2940 2825
f 2828 3011 3012
f 3011 3013 3014
f 2832 2831 2833
f 2683 2839 2681
f 2843 2842 2941
f 2692 2690 2689
f 2697 3015 3016
f 3015 3017 3018
f 2846 2943 2844
f 2575 2699 2573
f 3019 3020 2703
f 3021 2850 3020
f 2852 2851 2944
f 2709 2707 2706
f 2722 2853 2720
f 2946 2945 2947
f 2950 2949 2951
f 3022 3023 2952
f 2856 2953 2854
f 2729 2860 2730
f 2957 2956 2955
f 2304 2303 2863
f 3024 3025 2736
f 3025 3024 2958
f 2959 3026 3027
f 3026 3028 3029
f 3030 3031 3032
f 3031 2332 3033
f 2743 2740 2739
f 2594 2749 2593
f 2494 2493 2607
f 2869 2868 2870
f 2751 2629 2628
f 2518 2517 2874
f 2762 2522 2521
f 2878 2877 2879
f 2881 2766 2765
f 2962 2885 2884
f 2961 3034 3035
f 3034 3036 3037
f 3038 3039 3040
f 3041 3042 3039
f 3043 3044 3042
f 3045 2965 3044
f 2964 2963 2966
f 2776 2775 2967
f 2892 2891 2894
f 2970 2896 2895
f 2974 2972 2971
f 2973 3046 3047
f 3046 3048 3049
f 3048 2975 3050
f 2979 2977 2976
f 2978 2780 3051
f 2656 2897 2654
f 2981 2980 2982
f 2898 2670 2669
f 2900 2795 2794
f 2984 2983 2985
f 2905 2904 2906
f 2807 2806 2986
f 2989 2988 2990
f 3052 3053 3054
f 3053 2908 3055
f 2992 2912 2911
f 2994 2917 2916
f 2999 2997 2996
f 2998 3056 3057
f 3056 3058 3059
f 3058 3000 3060
f 2920 3001 2918
f 2816 2815 2817
f 3003 3002 3004
f 2926 2925 2927
f 3006 3005 2930
f 3007 2933 2932
f 3009 2938 2937
f 2940 3010 2939
f 3014 3012 3011
f 3013 3061 3062
f 3061 3063 3064
f 3063 3065 3066
f 2836 2835 2837
f 2442 2941 2440
f 3018 3016 3015
f 3017 2942 3067
f 2562 2847 2560
f 3020 3019 3021
f 2455 2944 2453
f 2728 2727 2945
f 2952 2951 3022
f 3068 2954 3023
f 2858 2857 2859
f 2581 2957 2580
f 2960 3025 2958
f 3029 3027 3026
f 3028 3030 3069
f 3033 3032 3031
f 2745 2744 2865
f 2622 2621 2866
f 3070 3071 2873
f 3072 2497 3071
f 2511 2756 2509
f 2652 2651 2875
f 2883 2771 2770
f 3037 3035 3034
f 3073 3040 3037
f 3039 3038 3041
f 3044 3043 3045
f 2887 2966 2886
f 2779 2893 2777
f 3047 2974 2973
f 3050 3049 3048
f 3051 2979 2978
f 2787 2786 2980
f 2899 2547 2546
f 2903 2985 2901
f 2987 2986 2988
f 3074 3075 3076
f 3055 3054 3053
f 2915 2992 2913
f 2993 2995 3077
f 3057 2999 2998
f 3060 3059 3058
f 2810 2921 2808
f 2924 3004 2922
f 2933 3005 2931
f 3010 3009 3008
f 3062 3014 3013
f 3066 3064 3063
f 3065 3078 3079
f 2262 3080 3081
f 3082 3080 2262
f 2555 2554 2840
f 3067 3018 3017
f 2703 2702 3019
f 2717 2715 2714
f 3023 3022 3068
f 2956 2862 2861
f 3027 2960 2959
f 3032 3069 3030
f 2487 2485 2484
f 3071 3070 3072
f 2640 2761 2638
f 3035 2962 2961
f 3040 3073 3038
f 2965 3045 2963
f 3083 3084 2968
f 3085 2890 3084
f 2972 2970 2969
f 2977 3050 2975
f 2538 2982 2537
f 2802 2801 2907
f 3086 3076 2991
f 3076 3086 3074
f 2910 3055 2908
f 2997 3077 2995
f 2920 3060 3000
f 2930 2929 3006
f 3012 2829 2828
f 3079 3066 3065
f 3078 3082 1442
f 2262 1442 3082
f 3016 2698 2697
f 2850 3021 2848
f 2954 3068 2953
f 3069 3029 3028
f 2873 2872 3070
f 2524 2431 2525
f 3042 3041 3043
f 3084 3083 3085
f 3049 3047 3046
f 2800 2799 2983
f 3074 3087 3075
f 3087 3052 3088
f 3077 2994 2993
f 2824 2823 3002
f 3064 3062 3061
f 3081 2263 2262
f 2943 3067 2942
f 2736 2735 3024
f 2497 3072 2495
f 2968 2967 3083
f 2782 3051 2780
f 3088 3075 3087
f 3059 3057 3056
f 1442 3079 3078
f 2948 2947 2949
f 3037 3036 3073
f 2991 2990 3086
f 2936 3007 2934
f 2334 3033 2332
f 3054 3088 3052
f 2890 3085 2888
f 2548 2830 2678
f 2548 3089 3090
f 3090 2680 2548
f 2264 2263 3081
f 3091 3081 3080
f 3092 3080 3082
f 3093 3082 3078
f 3094 3078 3065
f 3095 3065 3063
f 3096 3063 3061
f 3097 3061 3013
f 3098 3013 3011
f 3099 3011 2828
f 3100 2828 2826
f 3101 2826 2825
f 3102 2825 2939
f 3103 2939 3008
f 3104 3008 2937
f 3105 2937 2935
f 3106 2935 2934
f 3107 2934 2932
f 3108 2932 2931
f 3109 2931 3006
f 3110 3006 2929
f 3111 2929 2927
f 3112 2927 2925
f 3113 2925 2922
f 3114 2922 3004
f 3115 3004 3002
f 3116 3002 2823
f 3117 2823 2821
f 3118 2821 2819
f 3119 2819 2817
f 3120 2817 2815
f 3121 2815 2813
f 3122 2813 2811
f 3123 2811 2808
f 3124 2808 2921
f 3125 2921 2918
f 3126 2918 3001
f 3127 3001 3000
f 3128 3000 3058
f 3129 3058 3056
f 3130 3056 2998
f 3131 2998 2996
f 3132 2996 2995
f 3133 2995 2993
f 3134 2993 2916
f 3135 2916 2914
f 3136 2914 2913
f 3137 2913 2911
f 3138 2911 2909
f 3139 2909 2908
f 3140 2908 3053
f 3141 3053 3052
f 3142 3052 3087
f 3143 3087 3074
f 3144 3074 3086
f 3145 3086 2990
f 3146 2990 2988
f 3147 2988 2986
f 3148 2986 2806
f 3149 2806 2803
f 3150 2803 2907
f 3151 2907 2801
f 3152 2801 2676
f 3153 2676 2673
f 3154 2673 2906
f 3155 2906 2904
f 3156 2904 2901
f 3157 2901 2985
f 3158 2985 2983
f 3159 2983 2799
f 3160 2799 2797
f 3161 2797 2796
f 3162 2796 2794
f 3163 2794 2792
f 3164 2792 2791
f 3165 2791 2546
f 3166 2546 2544
f 3167 2544 2543
f 3168 2543 2671
f 3169 2671 2789
f 3170 2789 2669
f 3171 2669 2667
f 3172 2667 2666
f 3173 2666 2664
f 3174 2664 2541
f 3175 2541 2539
f 3176 2539 2438
f 3177 2438 2437
f 3178 2437 2369
f 3179 2369 2436
f 3180 2436 2316
f 3181 2316 2283
f 3182 2283 2280
f 3183 2280 2315
f 3184 2315 2278
f 3185 2278 2275
f 3186 2275 2314
f 3187 2314 2311
f 3188 2311 2367
f 3189 2367 2537
f 3190 2537 2982
f 3191 2982 2980
f 3192 2980 2786
f 3193 2786 2662
f 3194 2662 2659
f 3195 2659 2785
f 3196 2785 2657
f 3197 2657 2655
f 3198 2655 2654
f 3199 2654 2783
f 3200 2783 2781
f 3201 2781 2780
f 3202 2780 2978
f 3203 2978 2976
f 3204 2976 2975
f 3205 2975 3048
f 3206 3048 3046
f 3207 3046 2973
f 3208 2973 2971
f 3209 2971 2969
f 3210 2969 2895
f 3211 2895 2778
f 3212 2778 2777
f 3213 2777 2894
f 3214 2894 2891
f 3215 2891 2888
f 3216 2888 3085
f 3217 3085 3083
f 3218 3083 2967
f 3219 2967 2775
f 3220 2775 2772
f 3221 2772 2886
f 3222 2886 2966
f 3223 2966 2963
f 3224 2963 3045
f 3225 3045 3043
f 3226 3043 3041
f 3227 3041 3038
f 3228 3038 3073
f 3229 3073 3036
f 3230 3036 3034
f 3231 3034 2961
f 3232 2961 2884
f 3233 2884 2882
f 3234 2882 2770
f 3235 2770 2768
f 3236 2768 2767
f 3237 2767 2765
f 3238 2765 2763
f 3239 2763 2535
f 3240 2535 2533
f 3241 2533 2531
f 3242 2531 2529
f 3243 2529 2527
f 3244 2527 2434
f 3245 2434 2432
f 3246 2432 2431
f 3247 2431 2524
f 3248 2524 2653
f 3249 2653 2879
f 3250 2879 2877
f 3251 2877 2875
f 3252 2875 2651
f 3253 2651 2649
f 3254 2649 2429
f 3255 2429 2365
f 3256 2365 2363
f 3257 2363 2273
f 3258 2273 2270
f 3259 2270 2310
f 3260 2310 2308
f 3261 2308 2305
f 3262 2305 2362
f 3263 2362 2359
f 3264 2359 2523
f 3265 2523 2427
f 3266 2427 2425
f 3267 2425 2424
f 3268 2424 2646
f 3269 2646 2645
f 3270 2645 2521
f 3271 2521 2519
f 3272 2519 2422
f 3273 2422 2420
f 3274 2420 2418
f 3275 2418 2357
f 3276 2357 2355
f 3277 2355 2354
f 3278 2354 2642
f 3279 2642 2416
f 3280 2416 2352
f 3281 2352 2351
f 3282 2351 2414
f 3283 2414 2412
f 3284 2412 2410
f 3285 2410 2408
f 3286 2408 2406
f 3287 2406 2403
f 3288 2403 2641
f 3289 2641 2638
f 3290 2638 2761
f 3291 2761 2758
f 3292 2758 2874
f 3293 2874 2517
f 3294 2517 2514
f 3295 2514 2636
f 3296 2636 2757
f 3297 2757 2634
f 3298 2634 2632
f 3299 2632 2630
f 3300 2630 2512
f 3301 2512 2510
f 3302 2510 2509
f 3303 2509 2754
f 3304 2754 2752
f 3305 2752 2750
f 3306 2750 2628
f 3307 2628 2626
f 3308 2626 2507
f 3309 2507 2505
f 3310 2505 2504
f 3311 2504 2623
f 3312 2623 2401
f 3313 2401 2399
f 3314 2399 2398
f 3315 2398 2502
f 3316 2502 2500
f 3317 2500 2498
f 3318 2498 2495
f 3319 2495 3072
f 3320 3072 3070
f 3321 3070 2872
f 3322 2872 2870
f 3323 2870 2868
f 3324 2868 2866
f 3325 2866 2621
f 3326 2621 2619
f 3327 2619 2617
f 3328 2617 2615
f 3329 2615 2613
f 3330 2613 2611
f 3331 2611 2609
f 3332 2609 2607
f 3333 2607 2493
f 3334 2493 2491
f 3335 2491 2490
f 3336 2490 2604
f 3337 2604 2602
f 3338 2602 2600
f 3339 2600 2598
f 3340 2598 2596
f 3341 2596 2488
f 3342 2488 2486
f 3343 2486 2484
f 3344 2484 2482
f 3345 2482 2480
f 3346 2480 2478
f 3347 2478 2477
f 3348 2477 2475
f 3349 2475 2396
f 3350 2396 2395
f 3351 2395 2473
f 3352 2473 2471
f 3353 2471 2349
f 3354 2349 2347
f 3355 2347 2345
f 3356 2345 2342
f 3357 2342 2394
f 3358 2394 2340
f 3359 2340 2337
f 3360 2337 2470
f 3361 2470 2467
f 3362 2467 2593
f 3363 2593 2749
f 3364 2749 2746
f 3365 2746 2865
f 3366 2865 2744
f 3367 2744 2741
f 3368 2741 2864
f 3369 2864 2739
f 3370 2739 2737
f 3371 2737 2591
f 3372 2591 2589
f 3373 2589 2587
f 3374 2587 2392
f 3375 2392 2390
f 3376 2390 2388
f 3377 2388 2335
f 3378 2335 2333
f 3379 2333 2332
f 3380 2332 3031
f 3381 3031 3030
f 3382 3030 3028
f 3383 3028 3026
f 3384 3026 2959
f 3385 2959 2958
f 3386 2958 3024
f 3387 3024 2735
f 3388 2735 2732
f 3389 2732 2863
f 3390 2863 2303
f 3391 2303 2301
f 3392 2301 2299
f 3393 2299 2297
f 3394 2297 2295
f 3395 2295 2292
f 3396 2292 2330
f 3397 2330 2466
f 3398 2466 2386
f 3399 2386 2328
f 3400 2328 2326
f 3401 2326 2268
f 3402 2268 2266
f 3403 2266 2265
f 3404 2265 2290
f 3405 2290 2288
f 3406 2288 2286
f 3407 2286 2285
f 3408 2285 2323
f 3409 2323 2463
f 3410 2463 2462
f 3411 2462 2584
f 3412 2584 2582
f 3413 2582 2460
f 3414 2460 2458
f 3415 2458 2457
f 3416 2457 2580
f 3417 2580 2955
f 3418 2955 2861
f 3419 2861 2860
f 3420 2860 2729
f 3421 2729 2859
f 3422 2859 2857
f 3423 2857 2854
f 3424 2854 2953
f 3425 2953 3068
f 3426 3068 3022
f 3427 3022 2951
f 3428 2951 2949
f 3429 2949 2947
f 3430 2947 2945
f 3431 2945 2727
f 3432 2727 2725
f 3433 2725 2723
f 3434 2723 2720
f 3435 2720 2853
f 3436 2853 2718
f 3437 2718 2716
f 3438 2716 2714
f 3439 2714 2712
f 3440 2712 2710
f 3441 2710 2708
f 3442 2708 2706
f 3443 2706 2704
f 3444 2704 2384
f 3445 2384 2382
f 3446 2382 2321
f 3447 2321 2319
f 3448 2319 2318
f 3449 2318 2380
f 3450 2380 2378
f 3451 2378 2376
f 3452 2376 2375
f 3453 2375 2373
f 3454 2373 2372
f 3455 2372 2453
f 3456 2453 2944
f 3457 2944 2851
f 3458 2851 2848
f 3459 2848 3021
f 3460 3021 3019
f 3461 3019 2702
f 3462 2702 2700
f 3463 2700 2451
f 3464 2451 2448
f 3465 2448 2578
f 3466 2578 2576
f 3467 2576 2573
f 3468 2573 2699
f 3469 2699 2571
f 3470 2571 2569
f 3471 2569 2567
f 3472 2567 2565
f 3473 2565 2563
f 3474 2563 2561
f 3475 2561 2560
f 3476 2560 2845
f 3477 2845 2844
f 3478 2844 2942
f 3479 2942 3017
f 3480 3017 3015
f 3481 3015 2697
f 3482 2697 2695
f 3483 2695 2693
f 3484 2693 2691
f 3485 2691 2689
f 3486 2689 2687
f 3487 2687 2558
f 3488 2558 2557
f 3489 2557 2445
f 3490 2445 2556
f 3491 2556 2443
f 3492 2443 2440
f 3493 2440 2941
f 3494 2941 2842
f 3495 2842 2840
f 3496 2840 2554
f 3497 2554 2551
f 3498 2551 2686
f 3499 2686 2684
f 3500 2684 2681
f 3501 2681 2839
f 3502 2839 2837
f 3503 2837 2835
f 3504 2835 2833
f 3505 2833 2831
f 3506 2831 2678
f 3507 2678 2830
f 3508 2830 2550
f 3509 2550 2549
f 3510 2549 2680
f 2680 3090 3510
f 2549 3510 3509
f 2550 3509 3508
f 2830 3508 3507
f 2678 3507 3506
f 2831 3506 3505
f 2833 3505 3504
f 2835 3504 3503
f 2837 3503 3502
f 2839 3502 3501
f 2681 3501 3500
f 2684 3500 3499
f 2686 3499 3498
f 2551 3498 3497
f 2554 3497 3496
f 2840 3496 3495
f 2842 3495 3494
f 2941 3494 3493
f 2440 3493 3492
f 2443 3492 3491
f 2556 3491 3490
f 2445 3490 3489
f 2557 3489 3488
f 2558 3488 3487
f 2687 3487 3486
f 2689 3486 3485
f 2691 3485 3484
f 2693 3484 3483
f 2695 3483 3482
f 2697 3482 3481
f 3015 3481 3480
f 3017 3480 3479
f 2942 3479 3478
f 2844 3478 3477
f 2845 3477 3476
f 2560 3476 3475
f 2561 3475 3474
f 2563 3474 3473
f 2565 3473 3472
f 2567 3472 3471
f 2569 3471 3470
f 2571 3470 3469
f 2699 3469 3468
f 2573 3468 3467
f 2576 3467 3466
f 2578 3466 3465
f 2448 3465 3464
f 2451 3464 3463
f 2700 3463 3462
f 2702 3462 3461
f 3019 3461 3460
f 3021 3460 3459
f 2848 3459 3458
f 2851 3458 3457
f 2944 3457 3456
f 2453 3456 3455
f 2372 3455 3454
f 2373 3454 3453
f 2375 3453 3452
f 2376 3452 3451
f 2378 3451 3450
f 2380 3450 3449
f 2318 3449 3448
f 2319 3448 3447
f 2321 3447 3446
f 2382 3446 3445
f 2384 3445 3444
f 2704 3444 3443
f 2706 3443 3442
f 2708 3442 3441
f 2710 3441 3440
f 2712 3440 3439
f 2714 3439 3438
f 2716 3438 3437
f 2718 3437 3436
f 2853 3436 3435
f 2720 3435 3434
f 2723 3434 3433
f 2725 3433 3432
f 2727 3432 3431
f 2945 3431 3430
f 2947 3430 3429
f 2949 3429 3428
f 2951 3428 3427
f 3022 3427 3426
f 3068 3426 3425
f 2953 3425 3424
f 2854 3424 3423
f 2857 3423 3422
f 2859 3422 3421
f 2729 3421 3420
f 2860 3420 3419
f 2861 3419 3418
f 2955 3418 3417
f 2580 3417 3416
f 2457 3416 3415
f 2458 3415 3414
f 2460 3414 3413
f 2582 3413 3412
f 2584 3412 3411
f 2462 3411 3410
f 2463 3410 3409
f 2323 3409 3408
f 2285 3408 3407
f 2286 3407 3406
f 2288 3406 3405
f 2290 3405 3404
f 2265 3404 3403
f 2266 3403 3402
f 2268 3402 3401
f 2326 3401 3400
f 2328 3400 3399
f 2386 3399 3398
f 2466 3398 3397
f 2330 3397 3396
f 2292 3396 3395
f 2295 3395 3394
f 2297 3394 3393
f 2299 3393 3392
f 2301 3392 3391
f 2303 3391 3390
f 2863 3390 3389
f 2732 3389 3388
f 2735 3388 3387
f 3024 3387 3386
f 2958 3386 3385
f 2959 3385 3384
f 3026 3384 3383
f 3028 3383 3382
f 3030 3382 3381
f 3031 3381 3380
f 2332 3380 3379
f 2333 3379 3378
f 2335 3378 3377
f 2388 3377 3376
f 2390 3376 3375
f 2392 3375 3374
f 2587 3374 3373
f 2589 3373 3372
f 2591 3372 3371
f 2737 3371 3370
f 2739 3370 3369
f 2864 3369 3368
f 2741 3368 3367
f 2744 3367 3366
f 2865 3366 3365
f 2746 3365 3364
f 2749 3364 3363
f 2593 3363 3362
f 2467 3362 3361
f 2470 3361 3360
f 2337 3360 3359
f 2340 3359 3358
f 2394 3358 3357
f 2342 3357 3356
f 2345 3356 3355
f 2347 3355 3354
f 2349 3354 3353
f 2471 3353 3352
f 2473 3352 3351
f 2395 3351 3350
f 2396 3350 3349
f 2475 3349 3348
f 2477 3348 3347
f 2478 3347 3346
f 2480 3346 3345
f 2482 3345 3344
f 2484 3344 3343
f 2486 3343 3342
f 2488 3342 3341
f 2596 3341 3340
f 2598 3340 3339
f 2600 3339 3338
f 2602 3338 3337
f 2604 3337 3336
f 2490 3336 3335
f 2491 3335 3334
f 2493 3334 3333
f 2607 3333 3332
f 2609 3332 3331
f 2611 3331 3330
f 2613 3330 3329
f 2615 3329 3328
f 2617 3328 3327
f 2619 3327 3326
f 2621 3326 3325
f 2866 3325 3324
f 2868 3324 3323
f 2870 3323 3322
f 2872 3322 3321
f 3070 3321 3320
f 3072 3320 3319
f 2495 3319 3318
f 2498 3318 3317
f 2500 3317 3316
f 2502 3316 3315
f 2398 3315 3314
f 2399 3314 3313
f 2401 3313 3312
f 2623 3312 3311
f 2504 3311 3310
f 2505 3310 3309
f 2507 3309 3308
f 2626 3308 3307
f 2628 3307 3306
f 2750 3306 3305
f 2752 3305 3304
f 2754 3304 3303
f 2509 3303 3302
f 2510 3302 3301
f 2512 3301 3300
f 2630 3300 3299
f 2632 3299 3298
f 2634 3298 3297
f 2757 3297 3296
f 2636 3296 3295
f 2514 3295 3294
f 2517 3294 3293
f 2874 3293 3292
f 2758 3292 3291
f 2761 3291 3290
f 2638 3290 3289
f 2641 3289 3288
f 2403 3288 3287
f 2406 3287 3286
f 2408 3286 3285
f 2410 3285 3284
f 2412 3284 3283
f 2414 3283 3282
f 2351 3282 3281
f 2352 3281 3280
f 2416 3280 3279
f 2642 3279 3278
f 2354 3278 3277
f 2355 3277 3276
f 2357 3276 3275
f 2418 3275 3274
f 2420 3274 3273
f 2422 3273 3272
f 2519 3272 3271
f 2521 3271 3270
f 2645 3270 3269
f 2646 3269 3268
f 2424 3268 3267
f 2425 3267 3266
f 2427 3266 3265
f 2523 3265 3264
f 2359 3264 3263
f 2362 3263 3262
f 2305 3262 3261
f 2308 3261 3260
f 2310 3260 3259
f 2270 3259 3258
f 2273 3258 3257
f 2363 3257 3256
f 2365 3256 3255
f 2429 3255 3254
f 2649 3254 3253
f 2651 3253 3252
f 2875 3252 3251
f 2877 3251 3250
f 2879 3250 3249
f 2653 3249 3248
f 2524 3248 3247
f 2431 3247 3246
f 2432 3246 3245
f 2434 3245 3244
f 2527 3244 3243
f 2529 3243 3242
f 2531 3242 3241
f 2533 3241 3240
f 2535 3240 3239
f 2763 3239 3238
f 2765 3238 3237
f 2767 3237 3236
f 2768 3236 3235
f 2770 3235 3234
f 2882 3234 3233
f 2884 3233 3232
f 2961 3232 3231
f 3034 3231 3230
f 3036 3230 3229
f 3073 3229 3228
f 3038 3228 3227
f 3041 3227 3226
f 3043 3226 3225
f 3045 3225 3224
f 2963 3224 3223
f 2966 3223 3222
f 2886 3222 3221
f 2772 3221 3220
f 2775 3220 3219
f 2967 3219 3218
f 3083 3218 3217
f 3085 3217 3216
f 2888 3216 3215
f 2891 3215 3214
f 2894 3214 3213
f 2777 3213 3212
f 2778 3212 3211
f 2895 3211 3210
f 2969 3210 3209
f 2971 3209 3208
f 2973 3208 3207
f 3046 3207 3206
f 3048 3206 3205
f 2975 3205 3204
f 2976 3204 3203
f 2978 3203 3202
f 2780 3202 3201
f 2781 3201 3200
f 2783 3200 3199
f 2654 3199 3198
f 2655 3198 3197
f 2657 3197 3196
f 2785 3196 3195
f 2659 3195 3194
f 2662 3194 3193
f 2786 3193 3192
f 2980 3192 3191
f 2982 3191 3190
f 2537 3190 3189
f 2367 3189 3188
f 2311 3188 3187
f 2314 3187 3186
f 2275 3186 3185
f 2278 3185 3184
f 2315 3184 3183
f 2280 3183 3182
f 2283 3182 3181
f 2316 3181 3180
f 2436 3180 3179
f 2369 3179 3178
f 2437 3178 3177
f 2438 3177 3176
f 2539 3176 3175
f 2541 3175 3174
f 2664 3174 3173
f 2666 3173 3172
f 2667 3172 3171
f 2669 3171 3170
f 2789 3170 3169
f 2671 3169 3168
f 2543 3168 3167
f 2544 3167 3166
f 2546 3166 3165
f 2791 3165 3164
f 2792 3164 3163
f 2794 3163 3162
f 2796 3162 3161
f 2797 3161 3160
f 2799 3160 3159
f 2983 3159 3158
f 2985 3158 3157
f 2901 3157 3156
f 2904 3156 3155
f 2906 3155 3154
f 2673 3154 3153
f 2676 3153 3152
f 2801 3152 3151
f 2907 3151 3150
f 2803 3150 3149
f 2806 3149 3148
f 2986 3148 3147
f 2988 3147 3146
f 2990 3146 3145
f 3086 3145 3144
f 3074 3144 3143
f 3087 3143 3142
f 3052 3142 3141
f 3053 3141 3140
f 2908 3140 3139
f 2909 3139 3138
f 2911 3138 3137
f 2913 3137 3136
f 2914 3136 3135
f 2916 3135 3134
f 2993 3134 3133
f 2995 3133 3132
f 2996 3132 3131
f 2998 3131 3130
f 3056 3130 3129
f 3058 3129 3128
f 3000 3128 3127
f 3001 3127 3126
f 2918 3126 3125
f 2921 3125 3124
f 2808 3124 3123
f 2811 3123 3122
f 2813 3122 3121
f 2815 3121 3120
f 2817 3120 3119
f 2819 3119 3118
f 2821 3118 3117
f 2823 3117 3116
f 3002 3116 3115
f 3004 3115 3114
f 2922 3114 3113
f 2925 3113 3112
f 2927 3112 3111
f 2929 3111 3110
f 3006 3110 3109
f 2931 3109 3108
f 2932 3108 3107
f 2934 3107 3106
f 2935 3106 3105
f 2937 3105 3104
f 3008 3104 3103
f 2939 3103 3102
f 2825 3102 3101
f 2826 3101 3100
f 2828 3100 3099
f 3011 3099 3098
f 3013 3098 3097
f 3061 3097 3096
f 3063 3096 3095
f 3065 3095 3094
f 3078 3094 3093
f 3082 3093 3092
f 3080 3092 3091
f 3081 3091 2264
f 1443 3511 3512
f 3512 1441 1443
f 3512 3511 3513
f 3513 3514 3512
f 3515 3516 3517
f 3516 3518 3519
f 3520 3521 3522
f 3523 3524 3522
f 3525 3526 3527
f 3526 3528 3529
f 3530 3531 3532
f 3531 3533 3534
f 3535 3536 3537
f 3536 3515 3538
f 3519 3517 3516
f 3518 3539 3540
f 3539 3541 3542
f 3541 3543 3544
f 3545 3546 3547
f 3546 3548 3549
f 3548 3550 3551
f 3550 3552 3553
f 3552 3554 3555
f 3554 3556 3557
f 3522 3521 3523
f 3558 3559 3524
f 3560 3561 3562
f 3563 3564 3561
f 3565 3566 3567
f 3568 3525 3569
f 3529 3527 3526
f 3528 3530 3570
f 3534 3532 3531
f 3533 3571 3572
f 3571 3573 3574
f 3575 3535 3576
f 3538 3537 3536
f 3540 3519 3518
f 3544 3542 3541
f 3577 3578 3579
f 3580 3581 3578
f 3582 3583 3584
f 3549 3547 3546
f 3553 3551 3550
f 3557 3555 3554
f 3556 3585 3586
f 3587 3588 3589
f 3588 3520 3590
f 3524 3523 3558
f 3591 3562 3559
f 3561 3560 3563
f 3592 3593 3564
f 3594 3595 3596
f 3595 3594 3565
f 3527 3569 3525
f 3532 3570 3530
f 3574 3572 3571
f 3573 3597 3598
f 3537 3576 3535
f 3542 3540 3539
f 3543 3599 3600
f 3599 3601 3602
f 3603 3604 3605
f 3606 3607 3604
f 3608 3609 3610
f 3611 3612 3609
f 3613 3579 3612
f 3578 3577 3580
f 3614 3584 3615
f 3584 3614 3582
f 3616 3617 3618
f 3617 3619 3620
f 3619 3621 3622
f 3621 3623 3624
f 3623 3625 3626
f 3625 3627 3628
f 3629 3630 3631
f 3632 3633 3630
f 3634 3635 3636
f 3635 3637 3638
f 3551 3549 3548
f 3586 3557 3556
f 3639 3587 3640
f 3590 3589 3588
f 3559 3558 3591
f 3564 3563 3592
f 3641 3642 3643
f 3644 3645 3642
f 3567 3595 3565
f 3566 3568 3646
f 3570 3529 3528
f 3598 3574 3573
f 3647 3648 3649
f 3650 3651 3648
f 3652 3653 3651
f 3654 3655 3653
f 3656 3657 3658
f 3659 3660 3657
f 3517 3538 3515
f 3602 3600 3599
f 3661 3605 3602
f 3604 3603 3606
f 3662 3663 3664
f 3665 3610 3663
f 3609 3608 3611
f 3579 3613 3577
f 3582 3616 3583
f 3620 3618 3617
f 3624 3622 3621
f 3628 3626 3625
f 3666 3667 3668
f 3667 3669 3670
f 3671 3672 3673
f 3672 3674 3675
f 3676 3677 3678
f 3679 3680 3677
f 3630 3629 3632
f 3681 3682 3633
f 3683 3684 3685
f 3684 3686 3687
f 3686 3688 3689
f 3638 3636 3635
f 3637 3690 3691
f 3692 3693 3694
f 3693 3695 3696
f 3697 3698 3699
f 3700 3701 3698
f 3555 3553 3552
f 3585 3639 3702
f 3589 3640 3587
f 3562 3591 3560
f 3703 3704 3593
f 3705 3706 3704
f 3707 3708 3709
f 3710 3711 3708
f 3712 3713 3714
f 3715 3643 3713
f 3642 3641 3644
f 3716 3717 3645
f 3718 3719 3720
f 3721 3722 3719
f 3723 3724 3725
f 3726 3727 3728
f 3729 3730 3727
f 3731 3732 3733
f 3734 3596 3732
f 3646 3567 3566
f 3572 3534 3533
f 3735 3736 3737
f 3738 3649 3736
f 3648 3647 3650
f 3653 3652 3654
f 3739 3658 3655
f 3657 3656 3659
f 3740 3741 3742
f 3743 3744 3745
f 3744 3575 3746
f 3600 3544 3543
f 3605 3661 3603
f 3747 3748 3607
f 3749 3750 3748
f 3663 3662 3665
f 3612 3611 3613
f 3751 3752 3581
f 3753 3615 3752
f 3618 3583 3616
f 3626 3624 3623
f 3627 3754 3755
f 3754 3756 3757
f 3670 3668 3667
f 3669 3758 3759
f 3675 3673 3672
f 3760 3761 3675
f 3762 3763 3761
f 3764 3765 3763
f 3766 3767 3768
f 3769 3678 3767
f 3677 3676 3679
f 3770 3771 3680
f 3772 3631 3771
f 3633 3632 3681
f 3682 3681 3683
f 3689 3687 3686
f 3773 3774 3775
f 3691 3638 3637
f 3690 3776 3777
f 3776 3692 3778
f 3696 3694 3693
f 3779 3780 3781
f 3782 3783 3780
f 3784 3699 3783
f 3698 3697 3700
f 3702 3586 3585
f 3522 3590 3520
f 3704 3703 3705
f 3785 3786 3706
f 3787 3788 3786
f 3789 3709 3788
f 3708 3707 3710
f 3790 3791 3711
f 3713 3712 3715
f 3645 3644 3716
f 3792 3720 3717
f 3719 3718 3721
f 3725 3793 3723
f 3794 3795 3796
f 3797 3798 3799
f 3798 3800 3801
f 3802 3803 3804
f 3803 3805 3806
f 3805 3807 3808
f 3807 3809 3810
f 3811 3812 3813
f 3812 3814 3815
f 3727 3726 3729
f 3816 3817 3730
f 3818 3819 3820
f 3821 3822 3819
f 3823 3733 3824
f 3732 3731 3734
f 3569 3646 3568
f 3597 3825 3826
f 3827 3828 3829
f 3828 3830 3831
f 3832 3833 3831
f 3834 3835 3833
f 3836 3837 3838
f 3839 3840 3837
f 3736 3735 3738
f 3651 3650 3652
f 3658 3739 3656
f 3660 3659 3740
f 3746 3745 3744
f 3602 3601 3661
f 3748 3747 3749
f 3841 3664 3750
f 3610 3665 3608
f 3752 3751 3753
f 3622 3620 3619
f 3757 3755 3754
f 3756 3842 3843
f 3842 3844 3845
f 3759 3670 3669
f 3758 3671 3846
f 3675 3674 3760
f 3763 3762 3764
f 3847 3848 3765
f 3849 3850 3848
f 3851 3852 3850
f 3853 3768 3852
f 3767 3766 3769
f 3680 3679 3770
f 3631 3772 3629
f 3687 3685 3684
f 3854 3855 3856
f 3855 3857 3858
f 3857 3859 3860
f 3859 3861 3862
f 3861 3863 3864
f 3863 3865 3866
f 3865 3867 3868
f 3867 3869 3870
f 3871 3872 3873
f 3874 3875 3872
f 3876 3877 3875
f 3878 3879 3877
f 3880 3775 3881
f 3775 3880 3773
f 3882 3883 3884
f 3883 3634 3885
f 3777 3691 3690
f 3694 3778 3692
f 3695 3886 3887
f 3886 3888 3889
f 3780 3779 3782
f 3699 3784 3697
f 3890 3891 3892
f 3891 3893 3894
f 3640 3702 3639
f 3706 3705 3785
f 3788 3787 3789
f 3711 3710 3790
f 3895 3896 3897
f 3643 3715 3641
f 3720 3792 3718
f 3793 3725 3722
f 3796 3724 3794
f 3801 3799 3798
f 3800 3898 3899
f 3898 3900 3901
f 3900 3902 3903
f 3904 3905 3906
f 3905 3907 3908
f 3907 3909 3910
f 3911 3912 3910
f 3913 3914 3912
f 3915 3916 3914
f 3917 3918 3919
f 3920 3921 3922
f 3921 3923 3924
f 3925 3926 3927
f 3928 3929 3926
f 3806 3804 3803
f 3810 3808 3807
f 3809 3930 3931
f 3930 3932 3933
f 3934 3935 3936
f 3937 3938 3935
f 3939 3940 3941
f 3940 3942 3943
f 3944 3811 3945
f 3815 3813 3812
f 3946 3947 3948
f 3949 3950 3948
f 3951 3952 3953
f 3954 3955 3952
f 3730 3729 3816
f 3956 3957 3817
f 3819 3818 3821
f 3958 3824 3822
f 3733 3823 3731
f 3826 3598 3597
f 3959 3827 3960
f 3831 3829 3828
f 3833 3832 3834
f 3961 3962 3835
f 3963 3964 3965
f 3966 3967 3964
f 3968 3969 3970
f 3971 3972 3973
f 3972 3974 3975
f 3976 3977 3978
f 3979 3838 3977
f 3837 3836 3839
f 3980 3737 3840
f 3649 3738 3647
f 3742 3660 3740
f 3741 3981 3982
f 3981 3983 3984
f 3983 3985 3986
f 3985 3743 3987
f 3576 3746 3575
f 3750 3749 3841
f 3581 3580 3751
f 3755 3628 3627
f 3845 3843 3842
f 3844 3666 3988
f 3846 3759 3758
f 3761 3760 3762
f 3848 3847 3849
f 3852 3851 3853
f 3678 3769 3676
f 3685 3682 3683
f 3989 3990 3991
f 3990 3992 3993
f 3992 3994 3995
f 3994 3854 3996
f 3858 3856 3855
f 3862 3860 3859
f 3866 3864 3863
f 3870 3868 3867
f 3997 3998 3870
f 3999 4000 3998
f 3872 3871 3874
f 3877 3876 3878
f 4001 3881 3879
f 3773 3882 3774
f 3885 3884 3883
f 3778 3777 3776
f 3889 3887 3886
f 3888 4002 4003
f 4004 4005 4006
f 4007 4008 4005
f 4009 3781 4008
f 3783 3782 3784
f 3894 3892 3891
f 3893 3545 4010
f 3593 3592 3703
f 3709 3789 3707
f 4011 4012 4013
f 4012 4011 3895
f 4014 4015 4016
f 4015 4017 4018
f 4019 4020 4021
f 4020 4022 4023
f 4022 4024 4025
f 4024 4026 4027
f 4028 4029 4030
f 4031 4032 4030
f 4033 4034 4032
f 4035 4036 4034
f 4037 4038 4036
f 4039 4040 4038
f 4041 4042 4040
f 4043 3714 4042
f 3717 3716 3792
f 3723 3794 3724
f 4044 4045 4046
f 4045 3797 4047
f 3899 3801 3800
f 3903 3901 3900
f 3902 3904 4048
f 3908 3906 3905
f 3910 3909 3911
f 3914 3913 3915
f 4049 4050 4051
f 4050 4049 3917
f 3918 3920 4052
f 3924 3922 3921
f 4053 4054 4055
f 4054 4056 4057
f 4058 4059 4060
f 3926 3925 3928
f 4061 4062 3929
f 4063 4064 4065
f 4066 4067 4064
f 4068 4069 4070
f 4071 4072 4073
f 4072 4074 4075
f 4074 4076 4077
f 4076 4078 4079
f 3808 3806 3805
f 3933 3931 3930
f 3932 4080 4081
f 4080 4082 4083
f 4082 4084 4085
f 4084 4086 4087
f 4088 3936 4089
f 3935 3934 3937
f 3943 3941 3940
f 3942 3944 4090
f 3813 3945 3811
f 3814 4091 4092
f 4091 4093 4094
f 4093 4095 4096
f 3948 3947 3949
f 4097 3953 3950
f 3952 3951 3954
f 4098 3728 3955
f 3817 3816 3956
f 4099 3820 3957
f 3822 3821 3958
f 3596 3734 3594
f 3829 3960 3827
f 3835 3834 3961
f 4100 3965 3962
f 3964 3963 3966
f 4101 3970 4102
f 3970 4101 3968
f 4103 4104 4105
f 4104 4106 4107
f 3975 3973 3972
f 3974 4108 4109
f 4110 3978 4111
f 3977 3976 3979
f 3840 3839 3980
f 3655 3654 3739
f 3984 3982 3981
f 3987 3986 3985
f 3607 3606 3747
f 3615 3753 3614
f 3988 3845 3844
f 3673 3846 3671
f 3850 3849 3851
f 3771 3770 3772
f 3993 3991 3990
f 3996 3995 3994
f 3860 3858 3857
f 3868 3866 3865
f 3998 3997 3999
f 4112 4113 4000
f 4114 4115 4113
f 4116 4117 4115
f 4118 4119 4120
f 4121 3873 4119
f 3875 3874 3876
f 3881 4001 3880
f 3636 3885 3634
f 4003 3889 3888
f 4002 4122 4123
f 4122 4124 4125
f 4126 4127 4128
f 4127 4129 4130
f 4131 4132 4133
f 4134 4006 4132
f 4005 4004 4007
f 3781 4009 3779
f 4135 4136 4137
f 4010 3894 3893
f 3786 3785 3787
f 4138 4139 3791
f 4140 4013 4139
f 3897 4012 3895
f 3896 4014 4141
f 4018 4016 4015
f 4017 4142 4143
f 4144 4145 4146
f 4145 4147 4148
f 4023 4021 4020
f 4027 4025 4024
f 4026 4028 4149
f 4030 4029 4031
f 4034 4033 4035
f 4038 4037 4039
f 4042 4041 4043
f 3722 3721 3793
f 4150 4151 4152
f 4151 4153 4154
f 4047 4046 4045
f 3901 3899 3898
f 3906 4048 3904
f 3912 3911 3913
f 4155 4156 3916
f 4157 4158 4156
f 4159 4160 4161
f 4162 4163 4160
f 4164 4165 4163
f 4166 4167 4165
f 4168 4169 4167
f 4170 4051 4169
f 3919 4050 3917
f 3922 4052 3920
f 4057 4055 4054
f 4056 4171 4172
f 4171 4173 4174
f 4173 4175 4176
f 4060 4177 4178
f 4060 4179 4058
f 4180 4181 4182
f 4183 3927 4181
f 3929 3928 4061
f 4184 4185 4062
f 4186 4065 4185
f 4064 4063 4066
f 4187 4070 4067
f 4070 4187 4068
f 4075 4073 4072
f 4079 4077 4076
f 4078 4188 4189
f 4188 3802 4190
f 3931 3810 3809
f 4083 4081 4080
f 4087 4085 4084
f 4191 4192 4087
f 4193 4194 4195
f 4196 4197 4194
f 3936 4088 3934
f 4198 4199 3938
f 4200 4201 4199
f 4202 4203 4201
f 4204 4205 4206
f 4205 4207 4208
f 4207 3939 4209
f 4090 3943 3942
f 4092 3815 3814
f 4096 4094 4093
f 4095 4210 4211
f 4210 3946 4212
f 3950 3949 4097
f 3955 3954 4098
f 3957 3956 4099
f 3824 3958 3823
f 3825 4213 4214
f 4213 3959 4215
f 3831 3830 3832
f 3965 4100 3963
f 4216 4217 4218
f 4219 4220 4217
f 4221 4222 4223
f 4224 4225 4222
f 4226 4102 4225
f 3968 4227 3969
f 4227 4103 4228
f 4107 4105 4104
f 4229 3971 4230
f 4109 3975 3974
f 4108 4231 4232
f 4231 4233 4234
f 4235 4236 4237
f 4238 4111 4236
f 3978 4110 3976
f 3737 3980 3735
f 3986 3984 3983
f 3664 3841 3662
f 3668 3988 3666
f 3768 3853 3766
f 3995 3993 3992
f 3864 3862 3861
f 4000 3999 4112
f 4115 4114 4116
f 4239 4240 4117
f 4241 4242 4240
f 4243 4120 4242
f 4119 4118 4121
f 3879 3878 4001
f 3887 3696 3695
f 4125 4123 4122
f 4124 4126 4244
f 4130 4128 4127
f 4245 4133 4130
f 4132 4131 4134
f 4008 4007 4009
f 4246 4247 3701
f 4248 4249 4247
f 4250 4251 4252
f 4253 4137 4251
f 4137 4253 4135
f 4254 3890 4255
f 3547 4010 3545
f 4139 4138 4140
f 4141 3897 3896
f 4143 4018 4017
f 4256 4144 4257
f 4148 4146 4145
f 4147 4258 4259
f 4258 4019 4260
f 4025 4023 4022
f 4030 4149 4028
f 4036 4035 4037
f 3714 4043 3712
f 3795 4150 4261
f 4154 4152 4151
f 3799 4047 3797
f 3910 3908 3907
f 4156 4155 4157
f 4262 4263 4158
f 4160 4159 4162
f 4165 4164 4166
f 4169 4168 4170
f 4052 3919 3918
f 4264 4265 4266
f 4265 4053 4267
f 4172 4057 4056
f 4176 4174 4173
f 4175 4268 4269
f 4268 4270 4271
f 4270 4272 4273
f 4272 4274 4275
f 4274 4058 4179
f 4059 4177 4060
f 4276 1441 3512
f 4277 4278 4279
f 4280 4281 4278
f 4282 4182 4281
f 4181 4180 4183
f 4062 4061 4184
f 4065 4186 4063
f 4068 4283 4069
f 4283 4071 4284
f 4077 4075 4074
f 4190 4189 4188
f 4081 3933 3932
f 4087 4086 4191
f 4285 4286 4192
f 4287 4288 4286
f 4289 4195 4288
f 4194 4193 4196
f 3938 3937 4198
f 4201 4200 4202
f 4290 4291 4203
f 4292 4293 4291
f 4208 4206 4205
f 3941 4209 3939
f 4094 4092 4091
f 4212 4211 4210
f 3953 4097 3951
f 3820 4099 3818
f 4215 4214 4213
f 3962 3961 4100
f 4294 4218 3967
f 4217 4216 4219
f 4295 4296 4220
f 4297 4298 4296
f 4299 4223 4298
f 4222 4221 4224
f 4102 4226 4101
f 4105 4228 4103
f 3973 4230 3971
f 4234 4232 4231
f 4233 4300 4301
f 4300 4302 4303
f 4302 4304 4305
f 4304 4306 4307
f 4236 4235 4238
f 3838 3979 3836
f 3745 3987 3743
f 3765 3764 3847
f 3856 3996 3854
f 4113 4112 4114
f 4240 4239 4241
f 4120 4243 4118
f 3884 3774 3882
f 4244 4125 4124
f 4130 4129 4245
f 4006 4134 4004
f 4247 4246 4248
f 4308 4252 4249
f 4251 4250 4253
f 4255 4136 4254
f 3791 3790 4138
f 4016 4141 4014
f 4142 4256 4309
f 4146 4257 4144
f 4260 4259 4258
f 4149 4027 4026
f 4040 4039 4041
f 4152 4261 4150
f 4153 4310 4311
f 4310 4044 4312
f 4048 3903 3902
f 4158 4157 4262
f 4163 4162 4164
f 4051 4170 4049
f 3923 4264 4313
f 4267 4266 4265
f 4174 4172 4171
f 4271 4269 4268
f 4275 4273 4272
f 4178 4314 4060
f 3512 4315 4316
f 4317 4279 4318
f 4278 4277 4280
f 4182 4282 4180
f 4185 4184 4186
f 4284 4069 4283
f 4189 4079 4078
f 4085 4083 4082
f 4286 4285 4287
f 4195 4289 4193
f 4319 4089 4197
f 4199 4198 4200
f 4291 4290 4292
f 4320 4321 4322
f 4209 4208 4207
f 4211 4096 4095
f 3728 4098 3726
f 3960 4215 3959
f 4218 4294 4216
f 4296 4295 4297
f 4223 4299 4221
f 4228 3969 4227
f 4232 4109 4108
f 4303 4301 4300
f 4307 4305 4304
f 4306 4323 4237
f 4111 4238 4110
f 3843 3757 3756
f 3688 4324 4325
f 4324 3989 4326
f 3870 3869 3997
f 4242 4241 4243
f 4123 4003 4002
f 4133 4245 4131
f 4249 4248 4308
f 4135 4254 4136
f 4013 4140 4011
f 4257 4309 4256
f 4021 4260 4019
f 4261 3796 3795
f 4312 4311 4310
f 3916 3915 4155
f 4327 4328 4329
f 4330 4161 4328
f 4167 4166 4168
f 4266 4313 4264
f 4269 4176 4175
f 4179 4275 4274
f 3512 3514 4315
f 4331 4318 1441
f 4279 4317 4277
f 3927 4183 3925
f 4073 4284 4071
f 4192 4191 4285
f 4197 4196 4319
f 4203 4202 4290
f 4332 4333 4320
f 4321 4204 4334
f 3945 4090 3944
f 4214 3826 3825
f 4220 4219 4295
f 4225 4224 4226
f 4106 4335 4336
f 4335 4229 4337
f 4301 4234 4233
f 4237 4307 4306
f 3982 3742 3741
f 4326 4325 4324
f 4117 4116 4239
f 4128 4244 4126
f 4252 4308 4250
f 4309 4143 4142
f 4032 4031 4033
f 4046 4312 4044
f 4338 4329 4263
f 4328 4327 4330
f 4313 3924 3923
f 4273 4271 4270
f 1441 4276 4331
f 4281 4280 4282
f 3804 4190 3802
f 4089 4319 4088
f 4333 4332 4293
f 4334 4322 4321
f 3948 4212 3946
f 4298 4297 4299
f 4337 4336 4335
f 4305 4303 4302
f 4325 3689 3688
f 3873 4121 3871
f 3892 4255 3890
f 4311 4154 4153
f 4329 4338 4327
f 4055 4267 4053
f 4318 4331 4317
f 4288 4287 4289
f 4322 4332 4320
f 3967 3966 4294
f 4230 4337 4229
f 3991 4326 3989
f 4259 4148 4147
f 4161 4330 4159
f 4067 4066 4187
f 4206 4334 4204
f 4237 4323 4235
f 4263 4262 4338
f 4293 4292 4333
f 3701 3700 4246
f 4336 4107 4106
f 3512 4316 4276
f 4339 4314 4178
f 4340 4178 4177
f 4341 4177 4059
f 4342 4059 4058
f 4343 4058 4274
f 4344 4274 4272
f 4345 4272 4270
f 4346 4270 4268
f 4347 4268 4175
f 4348 4175 4173
f 4349 4173 4171
f 4350 4171 4056
f 4351 4056 4054
f 4352 4054 4053
f 4353 4053 4265
f 4354 4265 4264
f 4355 4264 3923
f 4356 3923 3921
f 4357 3921 3920
f 4358 3920 3918
f 4359 3918 3917
f 4360 3917 4049
f 4361 4049 4170
f 4362 4170 4168
f 4363 4168 4166
f 4364 4166 4164
f 4365 4164 4162
f 4366 4162 4159
f 4367 4159 4330
f 4368 4330 4327
f 4369 4327 4338
f 4370 4338 4262
f 4371 4262 4157
f 4372 4157 4155
f 4373 4155 3915
f 4374 3915 3913
f 4375 3913 3911
f 4376 3911 3909
f 4377 3909 3907
f 4378 3907 3905
f 4379 3905 3904
f 4380 3904 3902
f 4381 3902 3900
f 4382 3900 3898
f 4383 3898 3800
f 4384 3800 3798
f 4385 3798 3797
f 4386 3797 4045
f 4387 4045 4044
f 4388 4044 4310
f 4389 4310 4153
f 4390 4153 4151
f 4391 4151 4150
f 4392 4150 3795
f 4393 3795 3794
f 4394 3794 3723
f 4395 3723 3793
f 4396 3793 3721
f 4397 3721 3718
f 4398 3718 3792
f 4399 3792 3716
f 4400 3716 3644
f 4401 3644 3641
f 4402 3641 3715
f 4403 3715 3712
f 4404 3712 4043
f 4405 4043 4041
f 4406 4041 4039
f 4407 4039 4037
f 4408 4037 4035
f 4409 4035 4033
f 4410 4033 4031
f 4411 4031 4029
f 4412 4029 4028
f 4413 4028 4026
f 4414 4026 4024
f 4415 4024 4022
f 4416 4022 4020
f 4417 4020 4019
f 4418 4019 4258
f 4419 4258 4147
f 4420 4147 4145
f 4421 4145 4144
f 4422 4144 4256
f 4423 4256 4142
f 4424 4142 4017
f 4425 4017 4015
f 4426 4015 4014
f 4427 4014 3896
f 4428 3896 3895
f 4429 3895 4011
f 4430 4011 4140
f 4431 4140 4138
f 4432 4138 3790
f 4433 3790 3710
f 4434 3710 3707
f 4435 3707 3789
f 4436 3789 3787
f 4437 3787 3785
f 4438 3785 3705
f 4439 3705 3703
f 4440 3703 3592
f 4441 3592 3563
f 4442 3563 3560
f 4443 3560 3591
f 4444 3591 3558
f 4445 3558 3523
f 4446 3523 3521
f 4447 3521 3520
f 4448 3520 3588
f 4449 3588 3587
f 4450 3587 3639
f 4451 3639 3585
f 4452 3585 3556
f 4453 3556 3554
f 4454 3554 3552
f 4455 3552 3550
f 4456 3550 3548
f 4457 3548 3546
f 4458 3546 3545
f 4459 3545 3893
f 4460 3893 3891
f 4461 3891 3890
f 4462 3890 4254
f 4463 4254 4135
f 4464 4135 4253
f 4465 4253 4250
f 4466 4250 4308
f 4467 4308 4248
f 4468 4248 4246
f 4469 4246 3700
f 4470 3700 3697
f 4471 3697 3784
f 4472 3784 3782
f 4473 3782 3779
f 4474 3779 4009
f 4475 4009 4007
f 4476 4007 4004
f 4477 4004 4134
f 4478 4134 4131
f 4479 4131 4245
f 4480 4245 4129
f 4481 4129 4127
f 4482 4127 4126
f 4483 4126 4124
f 4484 4124 4122
f 4485 4122 4002
f 4486 4002 3888
f 4487 3888 3886
f 4488 3886 3695
f 4489 3695 3693
f 4490 3693 3692
f 4491 3692 3776
f 4492 3776 3690
f 4493 3690 3637
f 4494 3637 3635
f 4495 3635 3634
f 4496 3634 3883
f 4497 3883 3882
f 4498 3882 3773
f 4499 3773 3880
f 4500 3880 4001
f 4501 4001 3878
f 4502 3878 3876
f 4503 3876 3874
f 4504 3874 3871
f 4505 3871 4121
f 4506 4121 4118
f 4507 4118 4243
f 4508 4243 4241
f 4509 4241 4239
f 4510 4239 4116
f 4511 4116 4114
f 4512 4114 4112
f 4513 4112 3999
f 4514 3999 3997
f 4515 3997 3869
f 4516 3869 3867
f 4517 3867 3865
f 4518 3865 3863
f 4519 3863 3861
f 4520 3861 3859
f 4521 3859 3857
f 4522 3857 3855
f 4523 3855 3854
f 4524 3854 3994
f 4525 3994 3992
f 4526 3992 3990
f 4527 3990 3989
f 4528 3989 4324
f 4529 4324 3688
f 4530 3688 3686
f 4531 3686 3684
f 4532 3684 3683
f 4533 3683 3681
f 4534 3681 3632
f 4535 3632 3629
f 4536 3629 3772
f 4537 3772 3770
f 4538 3770 3679
f 4539 3679 3676
f 4540 3676 3769
f 4541 3769 3766
f 4542 3766 3853
f 4543 3853 3851
f 4544 3851 3849
f 4545 3849 3847
f 4546 3847 3764
f 4547 3764 3762
f 4548 3762 3760
f 4549 3760 3674
f 4550 3674 3672
f 4551 3672 3671
f 4552 3671 3758
f 4553 3758 3669
f 4554 3669 3667
f 4555 3667 3666
f 4556 3666 3844
f 4557 3844 3842
f 4558 3842 3756
f 4559 3756 3754
f 4560 3754 3627
f 4561 3627 3625
f 4562 3625 3623
f 4563 3623 3621
f 4564 3621 3619
f 4565 3619 3617
f 4566 3617 3616
f 4567 3616 3582
f 4568 3582 3614
f 4569 3614 3753
f 4570 3753 3751
f 4571 3751 3580
f 4572 3580 3577
f 4573 3577 3613
f 4574 3613 3611
f 4575 3611 3608
f 4576 3608 3665
f 4577 3665 3662
f 4578 3662 3841
f 4579 3841 3749
f 4580 3749 3747
f 4581 3747 3606
f 4582 3606 3603
f 4583 3603 3661
f 4584 3661 3601
f 4585 3601 3599
f 4586 3599 3543
f 4587 3543 3541
f 4588 3541 3539
f 4589 3539 3518
f 4590 3518 3516
f 4591 3516 3515
f 4592 3515 3536
f 4593 3536 3535
f 4594 3535 3575
f 4595 3575 3744
f 4596 3744 3743
f 4597 3743 3985
f 4598 3985 3983
f 4599 3983 3981
f 4600 3981 3741
f 4601 3741 3740
f 4602 3740 3659
f 4603 3659 3656
f 4604 3656 3739
f 4605 3739 3654
f 4606 3654 3652
f 4607 3652 3650
f 4608 3650 3647
f 4609 3647 3738
f 4610 3738 3735
f 4611 3735 3980
f 4612 3980 3839
f 4613 3839 3836
f 4614 3836 3979
f 4615 3979 3976
f 4616 3976 4110
f 4617 4110 4238
f 4618 4238 4235
f 4619 4235 4323
f 4620 4323 4306
f 4621 4306 4304
f 4622 4304 4302
f 4623 4302 4300
f 4624 4300 4233
f 4625 4233 4231
f 4626 4231 4108
f 4627 4108 3974
f 4628 3974 3972
f 4629 3972 3971
f 4630 3971 4229
f 4631 4229 4335
f 4632 4335 4106
f 4633 4106 4104
f 4634 4104 4103
f 4635 4103 4227
f 4636 4227 3968
f 4637 3968 4101
f 4638 4101 4226
f 4639 4226 4224
f 4640 4224 4221
f 4641 4221 4299
f 4642 4299 4297
f 4643 4297 4295
f 4644 4295 4219
f 4645 4219 4216
f 4646 4216 4294
f 4647 4294 3966
f 4648 3966 3963
f 4649 3963 4100
f 4650 4100 3961
f 4651 3961 3834
f 4652 3834 3832
f 4653 3832 3830
f 4654 3830 3828
f 4655 3828 3827
f 4656 3827 3959
f 4657 3959 4213
f 4658 4213 3825
f 4659 3825 3597
f 4660 3597 3573
f 4661 3573 3571
f 4662 3571 3533
f 4663 3533 3531
f 4664 3531 3530
f 4665 3530 3528
f 4666 3528 3526
f 4667 3526 3525
f 4668 3525 3568
f 4669 3568 3566
f 4670 3566 3565
f 4671 3565 3594
f 4672 3594 3734
f 4673 3734 3731
f 4674 3731 3823
f 4675 3823 3958
f 4676 3958 3821
f 4677 3821 3818
f 4678 3818 4099
f 4679 4099 3956
f 4680 3956 3816
f 4681 3816 3729
f 4682 3729 3726
f 4683 3726 4098
f 4684 4098 3954
f 4685 3954 3951
f 4686 3951 4097
f 4687 4097 3949
f 4688 3949 3947
f 4689 3947 3946
f 4690 3946 4210
f 4691 4210 4095
f 4692 4095 4093
f 4693 4093 4091
f 4694 4091 3814
f 4695 3814 3812
f 4696 3812 3811
f 4697 3811 3944
f 4698 3944 3942
f 4699 3942 3940
f 4700 3940 3939
f 4701 3939 4207
f 4702 4207 4205
f 4703 4205 4204
f 4704 4204 4321
f 4705 4321 4320
f 4706 4320 4333
f 4707 4333 4292
f 4708 4292 4290
f 4709 4290 4202
f 4710 4202 4200
f 4711 4200 4198
f 4712 4198 3937
f 4713 3937 3934
f 4714 3934 4088
f 4715 4088 4319
f 4716 4319 4196
f 4717 4196 4193
f 4718 4193 4289
f 4719 4289 4287
f 4720 4287 4285
f 4721 4285 4191
f 4722 4191 4086
f 4723 4086 4084
f 4724 4084 4082
f 4725 4082 4080
f 4726 4080 3932
f 4727 3932 3930
f 4728 3930 3809
f 4729 3809 3807
f 4730 3807 3805
f 4731 3805 3803
f 4732 3803 3802
f 4733 3802 4188
f 4734 4188 4078
f 4735 4078 4076
f 4736 4076 4074
f 4737 4074 4072
f 4738 4072 4071
f 4739 4071 4283
f 4740 4283 4068
f 4741 4068 4187
f 4742 4187 4066
f 4743 4066 4063
f 4744 4063 4186
f 4745 4186 4184
f 4746 4184 4061
f 4747 4061 3928
f 4748 3928 3925
f 4749 3925 4183
f 4750 4183 4180
f 4751 4180 4282
f 4752 4282 4280
f 4753 4280 4277
f 4754 4277 4317
f 4755 4317 4331
f 4756 4331 4276
f 4757 4276 4316
f 4758 4316 4315
f 4759 4315 3514
f 3514 3513 4759
f 4315 4759 4758
f 4316 4758 4757
f 4276 4757 4756
f 4331 4756 4755
f 4317 4755 4754
f 4277 4754 4753
f 4280 4753 4752
f 4282 4752 4751
f 4180 4751 4750
f 4183 4750 4749
f 3925 4749 4748
f 3928 4748 4747
f 4061 4747 4746
f 4184 4746 4745
f 4186 4745 4744
f 4063 4744 4743
f 4066 4743 4742
f 4187 4742 4741
f 4068 4741 4740
f 4283 4740 4739
f 4071 4739 4738
f 4072 4738 4737
f 4074 4737 4736
f 4076 4736 4735
f 4078 4735 4734
f 4188 4734 4733
f 3802 4733 4732
f 3803 4732 4731
f 3805 4731 4730
f 3807 4730 4729
f 3809 4729 4728
f 3930 4728 4727
f 3932 4727 4726
f 4080 4726 4725
f 4082 4725 4724
f 4084 4724 4723
f 4086 4723 4722
f 4191 4722 4721
f 4285 4721 4720
f 4287 4720 4719
f 4289 4719 4718
f 4193 4718 4717
f 4196 4717 4716
f 4319 4716 4715
f 4088 4715 4714
f 3934 4714 4713
f 3937 4713 4712
f 4198 4712 4711
f 4200 4711 4710
f 4202 4710 4709
f 4290 4709 4708
f 4292 4708 4707
f 4333 4707 4706
f 4320 4706 4705
f 4321 4705 4704
f 4204 4704 4703
f 4205 4703 4702
f 4207 4702 4701
f 3939 4701 4700
f 3940 4700 4699
f 3942 4699 4698
f 3944 4698 4697
f 3811 4697 4696
f 3812 4696 4695
f 3814 4695 4694
f 4091 4694 4693
f 4093 4693 4692
f 4095 4692 4691
f 4210 4691 4690
f 3946 4690 4689
f 3947 4689 4688
f 3949 4688 4687
f 4097 4687 4686
f 3951 4686 4685
f 3954 4685 4684
f 4098 4684 4683
f 3726 4683 4682
f 3729 4682 4681
f 3816 4681 4680
f 3956 4680 4679
f 4099 4679 4678
f 3818 4678 4677
f 3821 4677 4676
f 3958 4676 4675
f 3823 4675 4674
f 3731 4674 4673
f 3734 4673 4672
f 3594 4672 4671
f 3565 4671 4670
f 3566 4670 4669
f 3568 4669 4668
f 3525 4668 4667
f 3526 4667 4666
f 3528 4666 4665
f 3530 4665 4664
f 3531 4664 4663
f 3533 4663 4662
f 3571 4662 4661
f 3573 4661 4660
f 3597 4660 4659
f 3825 4659 4658
f 4213 4658 4657
f 3959 4657 4656
f 3827 4656 4655
f 3828 4655 4654
f 3830 4654 4653
f 3832 4653 4652
f 3834 4652 4651
f 3961 4651 4650
f 4100 4650 4649
f 3963 4649 4648
f 3966 4648 4647
f 4294 4647 4646
f 4216 4646 4645
f 4219 4645 4644
f 4295 4644 4643
f 4297 4643 4642
f 4299 4642 4641
f 4221 4641 4640
f 4224 4640 4639
f 4226 4639 4638
f 4101 4638 4637
f 3968 4637 4636
f 4227 4636 4635
f 4103 4635 4634
f 4104 4634 4633
f 4106 4633 4632
f 4335 4632 4631
f 4229 4631 4630
f 3971 4630 4629
f 3972 4629 4628
f 3974 4628 4627
f 4108 4627 4626
f 4231 4626 4625
f 4233 4625 4624
f 4300 4624 4623
f 4302 4623 4622
f 4304 4622 4621
f 4306 4621 4620
f 4323 4620 4619
f 4235 4619 4618
f 4238 4618 4617
f 4110 4617 4616
f 3976 4616 4615
f 3979 4615 4614
f 3836 4614 4613
f 3839 4613 4612
f 3980 4612 4611
f 3735 4611 4610
f 3738 4610 4609
f 3647 4609 4608
f 3650 4608 4607
f 3652 4607 4606
f 3654 4606 4605
f 3739 4605 4604
f 3656 4604 4603
f 3659 4603 4602
f 3740 4602 4601
f 3741 4601 4600
f 3981 4600 4599
f 3983 4599 4598
f 3985 4598 4597
f 3743 4597 4596
f 3744 4596 4595
f 3575 4595 4594
f 3535 4594 4593
f 3536 4593 4592
f 3515 4592 4591
f 3516 4591 4590
f 3518 4590 4589
f 3539 4589 4588
f 3541 4588 4587
f 3543 4587 4586
f 3599 4586 4585
f 3601 4585 4584
f 3661 4584 4583
f 3603 4583 4582
f 3606 4582 4581
f 3747 4581 4580
f 3749 4580 4579
f 3841 4579 4578
f 3662 4578 4577
f 3665 4577 4576
f 3608 4576 4575
f 3611 4575 4574
f 3613 4574 4573
f 3577 4573 4572
f 3580 4572 4571
f 3751 4571 4570
f 3753 4570 4569
f 3614 4569 4568
f 3582 4568 4567
f 3616 4567 4566
f 3617 4566 4565
f 3619 4565 4564
f 3621 4564 4563
f 3623 4563 4562
f 3625 4562 4561
f 3627 4561 4560
f 3754 4560 4559
f 3756 4559 4558
f 3842 4558 4557
f 3844 4557 4556
f 3666 4556 4555
f 3667 4555 4554
f 3669 4554 4553
f 3758 4553 4552
f 3671 4552 4551
f 3672 4551 4550
f 3674 4550 4549
f 3760 4549 4548
f 3762 4548 4547
f 3764 4547 4546
f 3847 4546 4545
f 3849 4545 4544
f 3851 4544 4543
f 3853 4543 4542
f 3766 4542 4541
f 3769 4541 4540
f 3676 4540 4539
f 3679 4539 4538
f 3770 4538 4537
f 3772 4537 4536
f 3629 4536 4535
f 3632 4535 4534
f 3681 4534 4533
f 3683 4533 4532
f 3684 4532 4531
f 3686 4531 4530
f 3688 4530 4529
f 4324 4529 4528
f 3989 4528 4527
f 3990 4527 4526
f 3992 4526 4525
f 3994 4525 4524
f 3854 4524 4523
f 3855 4523 4522
f 3857 4522 4521
f 3859 4521 4520
f 3861 4520 4519
f 3863 4519 4518
f 3865 4518 4517
f 3867 4517 4516
f 3869 4516 4515
f 3997 4515 4514
f 3999 4514 4513
f 4112 4513 4512
f 4114 4512 4511
f 4116 4511 4510
f 4239 4510 4509
f 4241 4509 4508
f 4243 4508 4507
f 4118 4507 4506
f 4121 4506 4505
f 3871 4505 4504
f 3874 4504 4503
f 3876 4503 4502
f 3878 4502 4501
f 4001 4501 4500
f 3880 4500 4499
f 3773 4499 4498
f 3882 4498 4497
f 3883 4497 4496
f 3634 4496 4495
f 3635 4495 4494
f 3637 4494 4493
f 3690 4493 4492
f 3776 4492 4491
f 3692 4491 4490
f 3693 4490 4489
f 3695 4489 4488
f 3886 4488 4487
f 3888 4487 4486
f 4002 4486 4485
f 4122 4485 4484
f 4124 4484 4483
f 4126 4483 4482
f 4127 4482 4481
f 4129 4481 4480
f 4245 4480 4479
f 4131 4479 4478
f 4134 4478 4477
f 4004 4477 4476
f 4007 4476 4475
f 4009 4475 4474
f 3779 4474 4473
f 3782 4473 4472
f 3784 4472 4471
f 3697 4471 4470
f 3700 4470 4469
f 4246 4469 4468
f 4248 4468 4467
f 4308 4467 4466
f 4250 4466 4465
f 4253 4465 4464
f 4135 4464 4463
f 4254 4463 4462
f 3890 4462 4461
f 3891 4461 4460
f 3893 4460 4459
f 3545 4459 4458
f 3546 4458 4457
f 3548 4457 4456
f 3550 4456 4455
f 3552 4455 4454
f 3554 4454 4453
f 3556 4453 4452
f 3585 4452 4451
f 3639 4451 4450
f 3587 4450 4449
f 3588 4449 4448
f 3520 4448 4447
f 3521 4447 4446
f 3523 4446 4445
f 3558 4445 4444
f 3591 4444 4443
f 3560 4443 4442
f 3563 4442 4441
f 3592 4441 4440
f 3703 4440 4439
f 3705 4439 4438
f 3785 4438 4437
f 3787 4437 4436
f 3789 4436 4435
f 3707 4435 4434
f 3710 4434 4433
f 3790 4433 4432
f 4138 4432 4431
f 4140 4431 4430
f 4011 4430 4429
f 3895 4429 4428
f 3896 4428 4427
f 4014 4427 4426
f 4015 4426 4425
f 4017 4425 4424
f 4142 4424 4423
f 4256 4423 4422
f 4144 4422 4421
f 4145 4421 4420
f 4147 4420 4419
f 4258 4419 4418
f 4019 4418 4417
f 4020 4417 4416
f 4022 4416 4415
f 4024 4415 4414
f 4026 4414 4413
f 4028 4413 4412
f 4029 4412 4411
f 4031 4411 4410
f 4033 4410 4409
f 4035 4409 4408
f 4037 4408 4407
f 4039 4407 4406
f 4041 4406 4405
f 4043 4405 4404
f 3712 4404 4403
f 3715 4403 4402
f 3641 4402 4401
f 3644 4401 4400
f 3716 4400 4399
f 3792 4399 4398
f 3718 4398 4397
f 3721 4397 4396
f 3793 4396 4395
f 3723 4395 4394
f 3794 4394 4393
f 3795 4393 4392
f 4150 4392 4391
f 4151 4391 4390
f 4153 4390 4389
f 4310 4389 4388
f 4044 4388 4387
f 4045 4387 4386
f 3797 4386 4385
f 3798 4385 4384
f 3800 4384 4383
f 3898 4383 4382
f 3900 4382 4381
f 3902 4381 4380
f 3904 4380 4379
f 3905 4379 4378
f 3907 4378 4377
f 3909 4377 4376
f 3911 4376 4375
f 3913 4375 4374
f 3915 4374 4373
f 4155 4373 4372
f 4157 4372 4371
f 4262 4371 4370
f 4338 4370 4369
f 4327 4369 4368
f 4330 4368 4367
f 4159 4367 4366
f 4162 4366 4365
f 4164 4365 4364
f 4166 4364 4363
f 4168 4363 4362
f 4170 4362 4361
f 4049 4361 4360
f 3917 4360 4359
f 3918 4359 4358
f 3920 4358 4357
f 3921 4357 4356
f 3923 4356 4355
f 4264 4355 4354
f 4265 4354 4353
f 4053 4353 4352
f 4054 4352 4351
f 4056 4351 4350
f 4171 4350 4349
f 4173 4349 4348
f 4175 4348 4347
f 4268 4347 4346
f 4270 4346 4345
f 4272 4345 4344
f 4274 4344 4343
f 4058 4343 4342
f 4059 4342 4341
f 4177 4341 4340
f 4178 4340 4339
f 4314 4339 4760
f 4760 4060 4314
f 4067 2037 2036
f 4070 2038 2037
f 4069 2033 2038
f 4284 2034 2033
f 4073 2039 2034
f 4075 2040 2039
f 4077 2041 2040
f 4079 2042 2041
f 4189 2043 2042
f 4190 2044 2043
f 3804 2053 2044
f 3806 2045 2053
f 3948 4761 4762
f 3948 3950 4763
f 4763 4764 3948
f 4764 4765 3948
f 4765 4766 3948
f 4766 4767 3948
f 4767 4768 3948
f 4768 4769 3948
f 4769 4770 3948
f 4770 4761 3948
f 3950 3953 4771
f 4771 4772 3950
f 4772 4773 3950
f 4773 4774 3950
f 4774 4775 3950
f 4775 4776 3950
f 4776 4777 3950
f 3953 4778 4779
f 3953 3952 4780
f 4780 4781 3953
f 4781 4782 3953
f 4782 4783 3953
f 4783 4784 3953
f 4784 4778 3953
f 3952 4785 4786
f 3952 4787 4788
f 4788 4789 3952
f 4789 4785 3952
f 3952 3955 4790
f 4790 4787 3952
f 3955 4791 4792
f 3955 3728 4793
f 4793 4794 3955
f 4794 4795 3955
f 4795 4796 3955
f 4796 4791 3955
f 3728 4797 4798
f 3728 4799 4797
f 3728 3727 4800
f 4800 4801 3728
f 4801 4799 3728
f 3727 3730 4802
f 4802 4803 3727
f 4803 4804 3727
f 4804 4805 3727
f 4805 4806 3727
f 3730 4807 4808
f 3817 4809 4810
f 3817 4811 4809
f 4810 3730 3817
f 4810 4812 3730
f 4812 4807 3730
f 3817 4813 4814
f 3817 4815 4813
f 3957 4816 4815
f 3957 4817 4816
f 4815 3817 3957
f 3820 4818 4819
f 4819 3957 3820
f 3820 4820 4818
f 4819 4821 3957
f 3820 4822 4823
f 3820 3819 4824
f 3819 4825 4826
f 4826 4824 3819
f 4824 4822 3820
f 3819 4827 4828
f 3819 3822 4829
f 4829 4827 3819
f 3822 4830 4829
f 3822 4831 4832
f 4832 4830 3822
f 3822 3824 4833
f 4833 4834 3822
f 3824 4835 4833
f 3824 4836 4837
f 4837 4835 3824
f 3733 4838 4839
f 3733 4840 4838
f 4839 3824 3733
f 3733 4841 4840
f 3733 3732 4842
f 4842 4843 3733
f 3732 4844 4842
f 3732 4845 4844
f 3732 4846 4847
f 4847 4845 3732
f 3732 3596 4848
f 3596 4849 4848
f 3596 4850 4849
f 3596 4851 4852
f 4852 4853 3596
f 4853 4850 3596
f 3595 4854 4851
f 3595 4855 4854
f 3595 4856 4855
f 3595 4857 4856
f 3595 4858 4859
f 4859 4857 3595
f 3567 4860 4858
f 3567 4861 4862
f 3567 4863 4861
f 3567 4864 4865
f 4865 4863 3567
f 4862 4860 3567
f 3646 4866 4864
f 3646 4867 4868
f 3646 4869 4867
f 3646 4870 4871
f 4871 4872 3646
f 4872 4869 3646
f 4868 4866 3646
f 3569 4873 4870
f 3569 4874 4873
f 3569 4875 4874
f 3569 4876 4875
f 3569 4877 4876
f 3569 4878 4877
f 3569 4879 4878
f 3569 4880 4879
f 3527 4881 4880
f 3527 4882 4881
f 3527 4883 4882
f 3527 4884 4883
f 3527 4885 4884
f 3527 4886 4885
f 3527 4887 4886
f 3527 4888 4887
f 3527 4889 4890
f 4890 4891 3527
f 4891 4888 3527
f 4139 4892 4893
f 4139 4894 4892
f 4139 4013 4895
f 4895 4896 4139
f 4896 4897 4139
f 4897 4898 4139
f 4898 4899 4139
f 4899 4900 4139
f 4900 4901 4139
f 4901 4902 4139
f 4902 4894 4139
f 4013 4012 4903
f 4903 4904 4013
f 4904 4905 4013
f 4905 4906 4013
f 4906 4907 4013
f 4907 4908 4013
f 4908 4909 4013
f 4909 4910 4013
f 4012 4911 4912
f 4012 4913 4911
f 4012 4914 4915
f 4915 4916 4012
f 4916 4913 4012
f 4012 3897 4917
f 4917 4914 4012
f 3897 4918 4919
f 3897 4920 4921
f 4921 4922 3897
f 4922 4918 3897
f 3897 4141 4923
f 4923 4920 3897
f 4141 4924 4925
f 4141 4016 4926
f 4926 4927 4141
f 4927 4928 4141
f 4928 4929 4141
f 4929 4924 4141
f 4016 4930 4931
f 4016 4932 4930
f 4018 4933 4934
f 4934 4016 4018
f 4934 4935 4016
f 4935 4932 4016
f 4018 4936 4937
f 4143 4938 4939
f 4143 4940 4938
f 4939 4018 4143
f 4939 4941 4018
f 4941 4936 4018
f 4143 4309 4942
f 4942 4943 4143
f 4309 4944 4942
f 4943 4945 4143
f 4309 4946 4947
f 4257 4948 4949
f 4257 4950 4948
f 4949 4309 4257
f 4949 4946 4309
f 4257 4951 4952
f 4146 4953 4954
f 4146 4955 4956
f 4956 4953 4146
f 4954 4257 4146
f 4954 4951 4257
f 4146 4957 4958
f 4148 4959 4957
f 4957 4146 4148
f 4148 4960 4961
f 4961 4959 4148
f 4148 4259 4962
f 4259 4963 4962
f 4962 4964 4148
f 4259 4965 4963
f 4259 4260 4966
f 4966 4967 4259
f 4260 4968 4969
f 4969 4970 4260
f 4970 4966 4260
f 4260 4021 4971
f 4971 4972 4260
f 4021 4973 4971
f 4021 4974 4973
f 4021 4975 4976
f 4976 4974 4021
f 4023 4977 4975
f 4023 4978 4977
f 4023 4979 4978
f 4023 4980 4979
f 4023 4981 4980
f 4025 4982 4981
f 4025 4983 4982
f 4025 4984 4985
f 4985 4986 4025
f 4986 4983 4025
f 4027 4987 4984
f 4027 4988 4987
f 4027 4989 4988
f 4027 4990 4989
f 4027 4991 4992
f 4992 4990 4027
f 4149 4993 4991
f 4149 4994 4995
f 4149 4996 4994
f 4149 4997 4998
f 4998 4996 4149
f 4995 4993 4149
f 4030 4999 4997
f 4030 5000 4999
f 4030 5001 5000
f 4030 5002 5001
f 4030 5003 5002
f 4030 5004 5005
f 5005 5003 4030
f 4032 5006 5004
f 4032 5007 5006
f 4032 5008 5007
f 4032 5009 5008
f 4032 5010 5009
f 4032 5011 5010
f 4032 5012 5011
f 4034 5013 5012
f 4034 5014 5013
f 4034 5015 5014
f 4034 5016 5015
f 4034 5017 5016
f 4034 5018 5017
f 4034 5019 5018
f 4034 5020 5019
f 4034 5021 5022
f 5022 5020 4034
f 4165 487 482
f 4167 490 487
f 4169 501 490
f 4051 491 501
f 4050 502 491
f 3919 472 502
f 4052 494 472
f 3922 492 494
f 3924 493 492
f 4313 518 493
f 1080 1079 4060
f 4060 2548 2679
f 1079 3089 2548
f 2548 4060 1079
f 2679 4179 4060
f 4179 2679 2832
f 4275 2832 2834
f 4273 2834 2836
f 4271 2836 2838
f 4269 2838 2683
f 4176 2683 2682
f 4174 2682 2685
f 4172 2685 2553
f 4057 2553 2552
f 4055 2552 2555
f 4267 2555 2841
f 4313 4266 302
f 2841 301 302
f 302 4266 2841
f 2843 368 301
f 301 2841 2843
f 368 2843 2442
f 369 2442 2441
f 367 2441 2444
f 350 2444 2447
f 351 2447 2446
f 371 2446 2559
f 372 2559 2688
f 374 2688 2690
f 375 2690 2692
f 377 2692 2694
f 2694 2696 412
f 2696 4160 524
f 524 412 2696
f 4163 482 524
f 524 4160 4163
f 4160 2696 2698
f 4161 2698 3016
f 4328 3016 3018
f 4329 3018 3067
f 4263 3067 2943
f 4158 2943 2846
f 4156 2846 2847
f 3916 2847 2562
f 3914 2562 2564
f 3912 2564 2566
f 3910 2566 2568
f 3908 2568 2570
f 3906 2570 2572
f 4048 2572 2575
f 3903 2575 2574
f 3901 2574 2577
f 3899 2577 2450
f 3801 2450 2449
f 3799 2449 2452
f 4047 2452 2701
f 4046 2701 2703
f 4312 2703 3020
f 4311 3020 2850
f 4154 2850 2849
f 4152 2849 2852
f 4261 2852 2455
f 3796 2455 2454
f 3724 2454 2374
f 3725 2374 2579
f 3722 2579 2377
f 3719 2377 2379
f 3720 2379 2456
f 3717 2456 2381
f 3645 2381 2320
f 3642 2320 2322
f 3643 2322 2383
f 3713 2383 2385
f 3714 2385 2705
f 4042 2705 2707
f 4040 2707 2709
f 4038 2709 2711
f 4034 5023 5024
f 4034 5025 5023
f 4034 5026 5025
f 4034 5027 5026
f 4034 5028 5027
f 4034 5029 5028
f 4034 5030 5029
f 4034 5031 5030
f 4034 5032 5033
f 5033 5031 4034
f 5024 5021 4034
f 4034 5034 5035
f 4034 5036 5034
f 5035 5032 4034
f 4034 5037 5036
f 4036 5038 5037
f 4036 5039 5038
f 5037 4034 4036
f 4036 5040 5039
f 2711 5041 5040
f 2711 2713 5042
f 5042 5043 2711
f 5043 5044 2711
f 5044 5045 2711
f 5045 5046 2711
f 5046 5047 2711
f 5047 5048 2711
f 5048 5049 2711
f 5049 5050 2711
f 5050 5051 2711
f 5051 5052 2711
f 5052 5053 2711
f 5053 5054 2711
f 5054 5055 2711
f 5055 5056 2711
f 5056 5057 2711
f 5057 5058 2711
f 5058 5041 2711
f 5040 4036 2711
f 2713 5059 5060
f 2713 2715 5061
f 5061 5062 2713
f 5062 5063 2713
f 5063 5064 2713
f 5064 5065 2713
f 5065 5066 2713
f 5066 5067 2713
f 5067 5068 2713
f 5068 5059 2713
f 2715 2717 5069
f 5069 5070 2715
f 5070 5071 2715
f 5071 5072 2715
f 5072 5073 2715
f 5073 5074 2715
f 5074 5075 2715
f 2717 5076 5077
f 2717 2719 5078
f 5078 5079 2717
f 5079 5080 2717
f 5080 5081 2717
f 5081 5082 2717
f 5082 5076 2717
f 2719 5083 5084
f 2719 5085 5086
f 5086 5087 2719
f 5087 5083 2719
f 2719 2722 5088
f 5088 5085 2719
f 2722 5089 5090
f 2722 2721 5091
f 5091 5092 2722
f 5092 5093 2722
f 5093 5094 2722
f 5094 5089 2722
f 2721 5095 5096
f 2721 5097 5095
f 2721 2724 5098
f 5098 5099 2721
f 5099 5097 2721
f 2724 2726 5100
f 5100 5101 2724
f 5101 5102 2724
f 5102 5103 2724
f 5103 5104 2724
f 2726 5105 5106
f 2728 5107 5108
f 2728 5109 5107
f 5108 2726 2728
f 5108 5110 2726
f 5110 5105 2726
f 2728 5111 5112
f 2728 5113 5111
f 2946 5114 5113
f 2946 5115 5114
f 5113 2728 2946
f 2948 5116 5117
f 5117 2946 2948
f 2948 5118 5116
f 5117 5119 2946
f 2948 5120 5121
f 2948 2950 5122
f 2950 5123 5124
f 5124 5122 2950
f 5122 5120 2948
f 2950 5125 5126
f 2950 2952 5127
f 5127 5125 2950
f 2952 5128 5127
f 2952 5129 5130
f 5130 5128 2952
f 2952 3023 5131
f 5131 5132 2952
f 3023 5133 5131
f 3023 5134 5135
f 5135 5133 3023
f 2954 5136 5137
f 2954 5138 5136
f 5137 3023 2954
f 2954 5139 5138
f 2954 2856 5140
f 5140 5141 2954
f 2856 5142 5140
f 2856 5143 5142
f 2856 5144 5145
f 5145 5143 2856
f 2856 2855 5146
f 2855 5147 5146
f 2855 5148 5147
f 2855 5149 5150
f 5150 5151 2855
f 5151 5148 2855
f 2858 5152 5149
f 2858 5153 5152
f 2858 5154 5153
f 2858 5155 5154
f 2858 5156 5157
f 5157 5155 2858
f 2731 5158 5156
f 2731 5159 5160
f 2731 5161 5159
f 2731 5162 5163
f 5163 5161 2731
f 5160 5158 2731
f 2730 5164 5162
f 2730 5165 5166
f 2730 5167 5165
f 2730 5168 5169
f 5169 5170 2730
f 5170 5167 2730
f 5166 5164 2730
f 2862 5171 5168
f 2862 5172 5171
f 2862 5173 5172
f 2862 5174 5173
f 2862 5175 5174
f 2862 5176 5175
f 2862 5177 5176
f 2862 5178 5177
f 2956 5179 5178
f 2956 5180 5179
f 2956 5181 5180
f 2956 5182 5181
f 2956 5183 5182
f 2956 5184 5183
f 2956 5185 5184
f 2956 5186 5185
f 2956 5187 5188
f 5188 5189 2956
f 5189 5186 2956
f 2956 5190 5191
f 2956 5192 5190
f 2956 5193 5192
f 2956 5194 5193
f 2956 5195 5194
f 2956 5196 5195
f 2956 5197 5196
f 2956 5198 5199
f 5199 5197 2956
f 5191 5187 2956
f 2956 5200 5201
f 5201 5198 2956
f 2956 5202 5203
f 2956 5204 5202
f 5203 5200 2956
f 2956 5205 5204
f 2956 5206 5205
f 2957 5207 5206
f 2957 5208 5207
f 5206 2956 2957
f 2957 5209 5208
f 2957 3791 5210
f 5210 5209 2957
f 3791 4139 5211
f 5211 5212 3791
f 5212 5213 3791
f 5213 5214 3791
f 5214 5215 3791
f 5215 5216 3791
f 5216 5217 3791
f 5217 5218 3791
f 5218 5219 3791
f 5219 5220 3791
f 5220 5221 3791
f 5221 5222 3791
f 5222 5223 3791
f 5223 5224 3791
f 5224 5225 3791
f 5225 5226 3791
f 5226 5227 3791
f 5227 5228 3791
f 5228 5229 3791
f 5229 5230 3791
f 5230 5231 3791
f 5231 5210 3791
f 3791 2957 2581
f 3711 2581 2459
f 3708 2459 2461
f 3709 2461 2583
f 3788 2583 2585
f 3786 2585 2586
f 3706 2586 2464
f 3704 2464 2465
f 3593 2465 2324
f 3564 2324 2287
f 3561 2287 2289
f 3562 2289 2325
f 3559 2325 2291
f 3524 2291 2267
f 3522 2267 2269
f 3590 2269 2327
f 3589 2327 2329
f 3640 2329 2387
f 3702 2387 2331
f 3586 2331 2294
f 3557 2294 2293
f 3555 2293 2296
f 3553 2296 2298
f 3551 2298 2300
f 3549 2300 2302
f 3547 2302 2304
f 4010 2304 2734
f 3894 2734 2733
f 3892 2733 2736
f 4255 2736 3025
f 4136 3025 2960
f 4137 2960 3027
f 4251 3027 3029
f 4252 3029 3069
f 4249 3069 3032
f 4247 3032 3033
f 3701 3033 2334
f 3698 2334 2336
f 3699 2336 2389
f 3783 2389 2391
f 3780 2391 2393
f 3781 2393 2588
f 4008 2588 2590
f 4005 2590 2592
f 4006 2592 2738
f 4132 2738 2740
f 4133 2740 2743
f 4130 2743 2742
f 4128 2742 2745
f 4244 2745 2748
f 4125 2748 2747
f 4123 2747 2594
f 4003 2594 2469
f 3889 2469 2468
f 3887 2468 2339
f 3696 2339 2338
f 3694 2338 2341
f 3778 2341 2344
f 3777 2344 2343
f 3691 2343 2346
f 3638 2346 2348
f 3636 2348 2350
f 3885 2350 2472
f 3884 2472 2474
f 3774 2474 2397
f 3775 2397 2476
f 3881 2476 2595
f 3879 2595 2479
f 3877 2479 2481
f 3875 2481 2483
f 3872 2483 2485
f 3873 2485 2487
f 4119 2487 2489
f 4120 2489 2597
f 4242 2597 2599
f 4240 2599 2601
f 4117 2601 2603
f 4115 2603 2605
f 4113 2605 2606
f 4000 2606 2492
f 3998 2492 2494
f 3870 2494 2608
f 3868 2608 2610
f 3866 2610 2612
f 3864 2612 2614
f 3862 2614 2616
f 3860 2616 2618
f 3858 2618 2620
f 3856 2620 2622
f 3996 2622 2867
f 3995 2867 2869
f 3993 2869 2871
f 3991 2871 2873
f 4326 2873 3071
f 4325 3071 2497
f 3689 2497 2496
f 3687 2496 2499
f 3685 2499 2501
f 3682 2501 2503
f 3633 2503 2400
f 3630 2400 2402
f 3631 2402 2624
f 3771 2624 2625
f 3680 2625 2506
f 3677 2506 2508
f 3678 2508 2627
f 3767 2627 2629
f 3768 2629 2751
f 3852 2751 2753
f 3850 2753 2755
f 3848 2755 2756
f 3765 2756 2511
f 3763 2511 2513
f 3761 2513 2631
f 3675 2631 2633
f 3673 2633 2635
f 3846 2635 2637
f 3759 2637 2516
f 3670 2516 2515
f 3668 2515 2518
f 3988 2518 2760
f 3845 2760 2759
f 3843 2759 2640
f 3757 2640 2639
f 3755 2639 2405
f 3628 2405 2404
f 3626 2404 2407
f 3624 2407 2409
f 3622 2409 2411
f 3620 2411 2413
f 3618 2413 2415
f 3583 2415 2353
f 3584 2353 2417
f 3615 2417 2643
f 3752 2643 2644
f 3581 2644 2356
f 3578 2356 2358
f 3579 2358 2419
f 3612 2419 2421
f 3609 2421 2423
f 3610 2423 2520
f 3663 2520 2522
f 3664 2522 2762
f 3750 2762 2647
f 3748 2647 2648
f 3607 2648 2426
f 3604 2426 2428
f 3605 2428 2361
f 3602 2361 2360
f 3600 2360 2307
f 3544 2307 2306
f 3542 2306 2309
f 3540 2309 2272
f 3519 2272 2271
f 3517 2271 2274
f 3538 2274 2364
f 3537 2364 2366
f 3576 2366 2430
f 3746 2430 2650
f 3745 2650 2652
f 3987 2652 2876
f 3986 2876 2878
f 3984 2878 2880
f 3982 2880 2526
f 3742 2526 2525
f 3660 2525 2433
f 3657 2433 2435
f 3658 2435 2528
f 3655 2528 2530
f 3653 2530 2532
f 3651 2532 2534
f 3648 2534 2536
f 3649 2536 2764
f 3736 2764 2766
f 3737 2766 2881
f 3840 2881 2769
f 3837 2769 2771
f 3838 2771 2883
f 3977 2883 2885
f 3978 2885 2962
f 4111 2962 3035
f 4236 3035 3037
f 4237 3037 3040
f 4307 3040 3039
f 4305 3039 3042
f 4303 3042 3044
f 4301 3044 2965
f 4234 2965 2964
f 4232 2964 2887
f 4109 2887 2774
f 3975 2774 2773
f 3973 2773 2776
f 4230 2776 2968
f 4337 2968 3084
f 4336 3084 2890
f 4107 2890 2889
f 4105 2889 2892
f 4228 2892 2893
f 3969 2893 2779
f 3970 2779 2896
f 4102 2896 2970
f 4225 2970 2972
f 4222 2972 2974
f 4223 2974 3047
f 4298 3047 3049
f 4296 3049 3050
f 4220 3050 2977
f 4217 2977 2979
f 4218 2979 3051
f 3967 3051 2782
f 3964 2782 2784
f 3965 2784 2897
f 3962 2897 2656
f 3835 2656 2658
f 3833 2658 2661
f 3831 2661 2660
f 3829 2660 2663
f 3960 2663 2787
f 4215 2787 2981
f 4214 2981 2538
f 3826 2538 2368
f 3598 2368 2313
f 3574 2313 2312
f 3572 2312 2277
f 3534 2277 2276
f 3532 2276 2279
f 3570 2279 2282
f 3527 5232 5233
f 3527 5234 5232
f 3527 5235 5234
f 3527 5236 5235
f 3527 5237 5236
f 3527 5238 5237
f 3527 5239 5238
f 3527 5240 5241
f 5241 5239 3527
f 5233 4889 3527
f 3527 5242 5243
f 5243 5240 3527
f 3527 5244 5245
f 3527 5246 5244
f 5245 5242 3527
f 3527 5247 5246
f 3529 5248 5247
f 5247 3527 3529
f 3529 5249 5250
f 3529 5251 5249
f 5250 5248 3529
f 3529 5252 5251
f 2282 5253 5252
f 2282 2281 5254
f 5254 5255 2282
f 5255 5256 2282
f 5256 5257 2282
f 5257 5258 2282
f 5258 5259 2282
f 5259 5260 2282
f 5260 5261 2282
f 5261 5262 2282
f 5262 5263 2282
f 5263 5264 2282
f 5264 5265 2282
f 5265 5266 2282
f 5266 5267 2282
f 5267 5268 2282
f 5268 5269 2282
f 5269 5270 2282
f 5270 5271 2282
f 5271 5272 2282
f 5272 5273 2282
f 5273 5253 2282
f 5252 3529 2282
f 2281 5274 5275
f 2281 5276 5274
f 2281 2284 5277
f 5277 5278 2281
f 5278 5279 2281
f 5279 5280 2281
f 5280 5281 2281
f 5281 5282 2281
f 5282 5283 2281
f 5283 5284 2281
f 5284 5276 2281
f 2284 2317 5285
f 5285 5286 2284
f 5286 5287 2284
f 5287 5288 2284
f 5288 5289 2284
f 5289 5290 2284
f 5290 5291 2284
f 5291 5292 2284
f 2317 5293 5294
f 2317 5295 5293
f 2317 5296 5297
f 5297 5298 2317
f 5298 5295 2317
f 2317 2371 5299
f 5299 5296 2317
f 2371 5300 5301
f 2371 5302 5303
f 5303 5304 2371
f 5304 5300 2371
f 2371 2370 5305
f 5305 5302 2371
f 2370 5306 5307
f 2370 2439 5308
f 5308 5309 2370
f 5309 5310 2370
f 5310 5311 2370
f 5311 5306 2370
f 2439 5312 5313
f 2439 5314 5312
f 2540 5315 5316
f 5316 2439 2540
f 5316 5317 2439
f 5317 5314 2439
f 2540 5318 5319
f 2542 5320 5321
f 2542 5322 5320
f 5321 2540 2542
f 5321 5323 2540
f 5323 5318 2540
f 2542 2665 5324
f 5324 5325 2542
f 2665 5326 5324
f 5325 5327 2542
f 2665 5328 5329
f 2788 5330 5331
f 2788 5332 5330
f 5331 2665 2788
f 5331 5328 2665
f 2788 5333 5334
f 2668 5335 5336
f 2668 5337 5338
f 5338 5335 2668
f 5336 2788 2668
f 5336 5333 2788
f 2668 5339 5340
f 2670 5341 5339
f 5339 2668 2670
f 2670 5342 5343
f 5343 5341 2670
f 2670 2898 5344
f 2898 5345 5344
f 5344 5346 2670
f 2898 5347 5345
f 2898 2790 5348
f 5348 5349 2898
f 2790 5350 5351
f 5351 5352 2790
f 5352 5348 2790
f 2790 2672 5353
f 5353 5354 2790
f 2672 5355 5353
f 2672 5356 5355
f 2672 5357 5358
f 5358 5356 2672
f 2545 5359 5357
f 2545 5360 5359
f 2545 5361 5360
f 2545 5362 5361
f 2545 5363 5362
f 2547 5364 5363
f 2547 5365 5364
f 2547 5366 5367
f 5367 5368 2547
f 5368 5365 2547
f 2899 5369 5366
f 2899 5370 5369
f 2899 5371 5370
f 2899 5372 5371
f 2899 5373 5374
f 5374 5372 2899
f 2793 5375 5373
f 2793 5376 5377
f 2793 5378 5376
f 2793 5379 5380
f 5380 5378 2793
f 5377 5375 2793
f 2795 5381 5379
f 2795 5382 5381
f 2795 5383 5382
f 2795 5384 5383
f 2795 5385 5384
f 2795 5386 5387
f 5387 5385 2795
f 2900 5388 5386
f 2900 5389 5388
f 2900 5390 5389
f 2900 5391 5390
f 2900 5392 5391
f 2900 5393 5392
f 2900 5394 5393
f 2798 5395 5394
f 2798 5396 5395
f 2798 5397 5396
f 2798 5398 5397
f 2798 5399 5398
f 2798 5400 5399
f 2798 5401 5400
f 2798 5402 5401
f 2798 5403 5404
f 5404 5402 2798
f 2798 5405 5406
f 2798 5407 5405
f 2798 5408 5407
f 2798 5409 5408
f 2798 5410 5409
f 2798 5411 5410
f 2798 5412 5411
f 2798 5413 5412
f 2798 5414 5415
f 5415 5413 2798
f 5406 5403 2798
f 2798 5416 5417
f 2798 5418 5416
f 5417 5414 2798
f 2798 5419 5418
f 2800 5420 5419
f 2800 5421 5420
f 5419 2798 2800
f 2800 4212 5422
f 5422 5421 2800
f 4212 3948 5423
f 5423 5424 4212
f 5424 5425 4212
f 5425 5426 4212
f 5426 5427 4212
f 5427 5428 4212
f 5428 5429 4212
f 5429 5430 4212
f 5430 5431 4212
f 5431 5432 4212
f 5432 5433 4212
f 5433 5434 4212
f 5434 5435 4212
f 5435 5436 4212
f 5436 5437 4212
f 5437 5438 4212
f 5438 5439 4212
f 5439 5440 4212
f 5440 5422 4212
f 4212 2800 2984
f 4211 2984 2903
f 4096 2903 2902
f 4094 2902 2905
f 4092 2905 2675
f 3815 2675 2674
f 3813 2674 2677
f 3945 2677 2802
f 4090 2802 2805
f 3943 2805 2804
f 3941 2804 2807
f 4209 2807 2987
f 4208 2987 2989
f 4206 2989 2991
f 4334 2991 3076
f 4322 3076 3075
f 4332 3075 3088
f 4293 3088 3054
f 4291 3054 3055
f 4203 3055 2910
f 4201 2910 2912
f 4199 2912 2992
f 3938 2992 2915
f 3935 2915 2917
f 3936 2917 2994
f 4089 2994 3077
f 4197 3077 2997
f 4194 2997 2999
f 4195 2999 3057
f 4288 3057 3059
f 4286 3059 3060
f 4192 3060 2920
f 4087 2920 2919
f 4085 2919 2810
f 4083 2810 2809
f 4081 2809 2812
f 3933 2812 2814
f 3931 2814 2816
f 3810 2816 2818
f 3806 3808 1960
f 2818 1961 1960
f 1960 3808 2818
f 2820 2108 1961
f 1961 2818 2820
f 2108 2820 2822
f 2109 2822 2824
f 2110 2824 3003
f 2124 3003 2924
f 2111 2924 2923
f 2125 2923 2926
f 2112 2926 2928
f 2126 2928 2930
f 2102 2930 3005
f 2113 3005 2933
f 2127 2933 3007
f 2114 3007 2936
f 2936 2938 2129
f 2938 4065 2052
f 2052 2129 2938
f 4064 2036 2052
f 2052 4065 4064
f 4065 2938 3009
f 4185 3009 3010
f 4062 3010 2940
f 3929 2940 2827
f 3926 2827 2829
f 3927 2829 3012
f 4181 3012 3014
f 4182 3014 3062
f 4281 3062 3064
f 4278 3064 3066
f 4279 3066 3079
f 4318 3079 1442
f 1442 1441 4318
f 3079 4318 4279
f 3066 4279 4278
f 3064 4278 4281
f 3062 4281 4182
f 3014 4182 4181
f 3012 4181 3927
f 2829 3927 3926
f 2827 3926 3929
f 2940 3929 4062
f 3010 4062 4185
f 3009 4185 4065
f 2129 2128 2936
f 2936 2128 2114
f 3007 2114 2127
f 2933 2127 2113
f 3005 2113 2102
f 2930 2102 2126
f 2928 2126 2112
f 2926 2112 2125
f 2923 2125 2111
f 2924 2111 2124
f 3003 2124 2110
f 2824 2110 2109
f 2822 2109 2108
f 1960 2045 3806
f 2818 3808 3810
f 2816 3810 3931
f 2814 3931 3933
f 2812 3933 4081
f 2809 4081 4083
f 2810 4083 4085
f 2919 4085 4087
f 2920 4087 4192
f 3060 4192 4286
f 3059 4286 4288
f 3057 4288 4195
f 2999 4195 4194
f 2997 4194 4197
f 3077 4197 4089
f 2994 4089 3936
f 2917 3936 3935
f 2915 3935 3938
f 2992 3938 4199
f 2912 4199 4201
f 2910 4201 4203
f 3055 4203 4291
f 3054 4291 4293
f 3088 4293 4332
f 3075 4332 4322
f 3076 4322 4334
f 2991 4334 4206
f 2989 4206 4208
f 2987 4208 4209
f 2807 4209 3941
f 2804 3941 3943
f 2805 3943 4090
f 2802 4090 3945
f 2677 3945 3813
f 2674 3813 3815
f 2675 3815 4092
f 2905 4092 4094
f 2902 4094 4096
f 2903 4096 4211
f 2984 4211 4212
f 5394 2900 2798
f 5386 2795 2900
f 5379 2793 2795
f 5373 2899 2793
f 5366 2547 2899
f 5363 2545 2547
f 5357 2672 2545
f 5354 5350 2790
f 5349 5347 2898
f 5346 5342 2670
f 5340 5337 2668
f 5334 5332 2788
f 5329 5326 2665
f 5327 5322 2542
f 5319 5315 2540
f 5313 5308 2439
f 5307 5305 2370
f 5301 5299 2371
f 5294 5285 2317
f 5292 5277 2284
f 5275 5254 2281
f 2282 3529 3570
f 2279 3570 3532
f 2276 3532 3534
f 2277 3534 3572
f 2312 3572 3574
f 2313 3574 3598
f 2368 3598 3826
f 2538 3826 4214
f 2981 4214 4215
f 2787 4215 3960
f 2663 3960 3829
f 2660 3829 3831
f 2661 3831 3833
f 2658 3833 3835
f 2656 3835 3962
f 2897 3962 3965
f 2784 3965 3964
f 2782 3964 3967
f 3051 3967 4218
f 2979 4218 4217
f 2977 4217 4220
f 3050 4220 4296
f 3049 4296 4298
f 3047 4298 4223
f 2974 4223 4222
f 2972 4222 4225
f 2970 4225 4102
f 2896 4102 3970
f 2779 3970 3969
f 2893 3969 4228
f 2892 4228 4105
f 2889 4105 4107
f 2890 4107 4336
f 3084 4336 4337
f 2968 4337 4230
f 2776 4230 3973
f 2773 3973 3975
f 2774 3975 4109
f 2887 4109 4232
f 2964 4232 4234
f 2965 4234 4301
f 3044 4301 4303
f 3042 4303 4305
f 3039 4305 4307
f 3040 4307 4237
f 3037 4237 4236
f 3035 4236 4111
f 2962 4111 3978
f 2885 3978 3977
f 2883 3977 3838
f 2771 3838 3837
f 2769 3837 3840
f 2881 3840 3737
f 2766 3737 3736
f 2764 3736 3649
f 2536 3649 3648
f 2534 3648 3651
f 2532 3651 3653
f 2530 3653 3655
f 2528 3655 3658
f 2435 3658 3657
f 2433 3657 3660
f 2525 3660 3742
f 2526 3742 3982
f 2880 3982 3984
f 2878 3984 3986
f 2876 3986 3987
f 2652 3987 3745
f 2650 3745 3746
f 2430 3746 3576
f 2366 3576 3537
f 2364 3537 3538
f 2274 3538 3517
f 2271 3517 3519
f 2272 3519 3540
f 2309 3540 3542
f 2306 3542 3544
f 2307 3544 3600
f 2360 3600 3602
f 2361 3602 3605
f 2428 3605 3604
f 2426 3604 3607
f 2648 3607 3748
f 2647 3748 3750
f 2762 3750 3664
f 2522 3664 3663
f 2520 3663 3610
f 2423 3610 3609
f 2421 3609 3612
f 2419 3612 3579
f 2358 3579 3578
f 2356 3578 3581
f 2644 3581 3752
f 2643 3752 3615
f 2417 3615 3584
f 2353 3584 3583
f 2415 3583 3618
f 2413 3618 3620
f 2411 3620 3622
f 2409 3622 3624
f 2407 3624 3626
f 2404 3626 3628
f 2405 3628 3755
f 2639 3755 3757
f 2640 3757 3843
f 2759 3843 3845
f 2760 3845 3988
f 2518 3988 3668
f 2515 3668 3670
f 2516 3670 3759
f 2637 3759 3846
f 2635 3846 3673
f 2633 3673 3675
f 2631 3675 3761
f 2513 3761 3763
f 2511 3763 3765
f 2756 3765 3848
f 2755 3848 3850
f 2753 3850 3852
f 2751 3852 3768
f 2629 3768 3767
f 2627 3767 3678
f 2508 3678 3677
f 2506 3677 3680
f 2625 3680 3771
f 2624 3771 3631
f 2402 3631 3630
f 2400 3630 3633
f 2503 3633 3682
f 2501 3682 3685
f 2499 3685 3687
f 2496 3687 3689
f 2497 3689 4325
f 3071 4325 4326
f 2873 4326 3991
f 2871 3991 3993
f 2869 3993 3995
f 2867 3995 3996
f 2622 3996 3856
f 2620 3856 3858
f 2618 3858 3860
f 2616 3860 3862
f 2614 3862 3864
f 2612 3864 3866
f 2610 3866 3868
f 2608 3868 3870
f 2494 3870 3998
f 2492 3998 4000
f 2606 4000 4113
f 2605 4113 4115
f 2603 4115 4117
f 2601 4117 4240
f 2599 4240 4242
f 2597 4242 4120
f 2489 4120 4119
f 2487 4119 3873
f 2485 3873 3872
f 2483 3872 3875
f 2481 3875 3877
f 2479 3877 3879
f 2595 3879 3881
f 2476 3881 3775
f 2397 3775 3774
f 2474 3774 3884
f 2472 3884 3885
f 2350 3885 3636
f 2348 3636 3638
f 2346 3638 3691
f 2343 3691 3777
f 2344 3777 3778
f 2341 3778 3694
f 2338 3694 3696
f 2339 3696 3887
f 2468 3887 3889
f 2469 3889 4003
f 2594 4003 4123
f 2747 4123 4125
f 2748 4125 4244
f 2745 4244 4128
f 2742 4128 4130
f 2743 4130 4133
f 2740 4133 4132
f 2738 4132 4006
f 2592 4006 4005
f 2590 4005 4008
f 2588 4008 3781
f 2393 3781 3780
f 2391 3780 3783
f 2389 3783 3699
f 2336 3699 3698
f 2334 3698 3701
f 3033 3701 4247
f 3032 4247 4249
f 3069 4249 4252
f 3029 4252 4251
f 3027 4251 4137
f 2960 4137 4136
f 3025 4136 4255
f 2736 4255 3892
f 2733 3892 3894
f 2734 3894 4010
f 2304 4010 3547
f 2302 3547 3549
f 2300 3549 3551
f 2298 3551 3553
f 2296 3553 3555
f 2293 3555 3557
f 2294 3557 3586
f 2331 3586 3702
f 2387 3702 3640
f 2329 3640 3589
f 2327 3589 3590
f 2269 3590 3522
f 2267 3522 3524
f 2291 3524 3559
f 2325 3559 3562
f 2289 3562 3561
f 2287 3561 3564
f 2324 3564 3593
f 2465 3593 3704
f 2464 3704 3706
f 2586 3706 3786
f 2585 3786 3788
f 2583 3788 3709
f 2461 3709 3708
f 2459 3708 3711
f 2581 3711 3791
f 5178 2862 2956
f 5168 2730 2862
f 5162 2731 2730
f 5156 2858 2731
f 5149 2855 2858
f 5146 5144 2856
f 5141 5139 2954
f 5137 5134 3023
f 5132 5129 2952
f 5126 5123 2950
f 5121 5118 2948
f 5119 5115 2946
f 5112 5109 2728
f 5106 5100 2726
f 5104 5098 2724
f 5096 5091 2721
f 5090 5088 2722
f 5084 5078 2719
f 5077 5069 2717
f 5075 5061 2715
f 5060 5042 2713
f 2711 4036 4038
f 2709 4038 4040
f 2707 4040 4042
f 2705 4042 3714
f 2385 3714 3713
f 2383 3713 3643
f 2322 3643 3642
f 2320 3642 3645
f 2381 3645 3717
f 2456 3717 3720
f 2379 3720 3719
f 2377 3719 3722
f 2579 3722 3725
f 2374 3725 3724
f 2454 3724 3796
f 2455 3796 4261
f 2852 4261 4152
f 2849 4152 4154
f 2850 4154 4311
f 3020 4311 4312
f 2703 4312 4046
f 2701 4046 4047
f 2452 4047 3799
f 2449 3799 3801
f 2450 3801 3899
f 2577 3899 3901
f 2574 3901 3903
f 2575 3903 4048
f 2572 4048 3906
f 2570 3906 3908
f 2568 3908 3910
f 2566 3910 3912
f 2564 3912 3914
f 2562 3914 3916
f 2847 3916 4156
f 2846 4156 4158
f 2943 4158 4263
f 3067 4263 4329
f 3018 4329 4328
f 3016 4328 4161
f 2698 4161 4160
f 412 378 2694
f 2694 378 377
f 2692 377 375
f 2690 375 374
f 2688 374 372
f 2559 372 371
f 2446 371 351
f 2447 351 350
f 2444 350 367
f 2441 367 369
f 2442 369 368
f 302 518 4313
f 2841 4266 4267
f 2555 4267 4055
f 2552 4055 4057
f 2553 4057 4172
f 2685 4172 4174
f 2682 4174 4176
f 2683 4176 4269
f 2838 4269 4271
f 2836 4271 4273
f 2834 4273 4275
f 2832 4275 4179
f 4060 4760 1080
f 493 3924 4313
f 492 3922 3924
f 494 4052 3922
f 472 3919 4052
f 502 4050 3919
f 491 4051 4050
f 501 4169 4051
f 490 4167 4169
f 487 4165 4167
f 482 4163 4165
f 5012 4032 4034
f 5004 4030 4032
f 4997 4149 4030
f 4991 4027 4149
f 4984 4025 4027
f 4981 4023 4025
f 4975 4021 4023
f 4972 4968 4260
f 4967 4965 4259
f 4964 4960 4148
f 4958 4955 4146
f 4952 4950 4257
f 4947 4944 4309
f 4945 4940 4143
f 4937 4933 4018
f 4931 4926 4016
f 4925 4923 4141
f 4919 4917 3897
f 4912 4903 4012
f 4910 4895 4013
f 4893 5211 4139
f 4880 3569 3527
f 4870 3646 3569
f 4864 3567 3646
f 4858 3595 3567
f 4851 3596 3595
f 4848 4846 3732
f 4843 4841 3733
f 4839 4836 3824
f 4834 4831 3822
f 4828 4825 3819
f 4823 4820 3820
f 4821 4817 3957
f 4814 4811 3817
f 4808 4802 3730
f 4806 4800 3727
f 4798 4793 3728
f 4792 4790 3955
f 4786 4780 3952
f 4779 4771 3953
f 4777 4763 3950
f 4762 5423 3948
f 2053 3804 3806
f 2044 4190 3804
f 2043 4189 4190
f 2042 4079 4189
f 2041 4077 4079
f 2040 4075 4077
f 2039 4073 4075
f 2034 4284 4073
f 2033 4069 4284
f 2038 4070 4069
f 2037 4067 4070
f 2036 4064 4067
f 5441 5231 5230
f 5441 5210 5231
f 5442 5229 5228
f 5442 5230 5229
f 5443 5227 5226
f 5443 5228 5227
f 5444 5225 5224
f 5444 5226 5225
f 5445 5223 5222
f 5445 5224 5223
f 5446 5221 5220
f 5446 5222 5221
f 5447 5219 5218
f 5447 5220 5219
f 5448 5217 5216
f 5448 5218 5217
f 5449 5215 5214
f 5449 5216 5215
f 5450 5213 5212
f 5450 5214 5213
f 5451 4893 4892
f 5451 5212 5211
f 5211 4893 5451
f 5452 4894 4902
f 5452 4892 4894
f 5453 4901 4900
f 5453 4902 4901
f 5454 4899 4898
f 5454 4900 4899
f 5455 4897 4896
f 5455 4898 4897
f 5456 4895 4910
f 5456 4896 4895
f 5457 4909 4908
f 5457 4910 4909
f 5458 4907 4906
f 5458 4908 4907
f 5459 4905 4904
f 5459 4906 4905
f 5460 4912 4911
f 5460 4903 4912
f 5460 4904 4903
f 5461 4913 4916
f 5461 4911 4913
f 5462 4915 4914
f 5462 4916 4915
f 5463 4917 4919
f 5463 4914 4917
f 5464 4918 4922
f 5464 4919 4918
f 5465 4921 4920
f 5465 4922 4921
f 5466 4923 4925
f 5466 4920 4923
f 5467 4924 4929
f 5467 4925 4924
f 5468 4928 4927
f 5468 4929 4928
f 5469 4931 4930
f 5469 4926 4931
f 5469 4927 4926
f 5470 4932 4935
f 5470 4930 4932
f 5471 4933 4937
f 5471 4935 4934
f 4934 4933 5471
f 5472 4936 4941
f 5472 4937 4936
f 5473 4939 4938
f 5473 4941 4939
f 5474 4940 4945
f 5474 4938 4940
f 5475 4943 4942
f 5475 4945 4943
f 5476 4944 4947
f 5476 4942 4944
f 5477 4946 4949
f 5477 4947 4946
f 5478 4950 4952
f 5478 4949 4948
f 4948 4950 5478
f 5479 4951 4954
f 5479 4952 4951
f 5480 4953 4956
f 5480 4954 4953
f 5481 4958 4957
f 5481 4955 4958
f 5481 4956 4955
f 5482 4959 4961
f 5482 4957 4959
f 5483 4960 4964
f 5483 4961 4960
f 5484 4962 4963
f 5484 4964 4962
f 5485 4965 4967
f 5485 4963 4965
f 5486 4966 4970
f 5486 4967 4966
f 5487 4968 4972
f 5487 4969 4968
f 5487 4970 4969
f 5488 4971 4973
f 5488 4972 4971
f 5489 4974 4976
f 5489 4973 4974
f 5490 4977 4978
f 5490 4976 4975
f 4975 4977 5490
f 5491 4979 4980
f 5491 4978 4979
f 5492 4981 4982
f 5492 4980 4981
f 5493 4983 4986
f 5493 4982 4983
f 5494 4984 4987
f 5494 4985 4984
f 5494 4986 4985
f 5495 4988 4989
f 5495 4987 4988
f 5496 4990 4992
f 5496 4989 4990
f 5497 4991 4993
f 5497 4992 4991
f 5498 4995 4994
f 5498 4993 4995
f 5499 4996 4998
f 5499 4994 4996
f 5500 4999 5000
f 5500 4998 4997
f 4997 4999 5500
f 5501 5001 5002
f 5501 5000 5001
f 5502 5003 5005
f 5502 5002 5003
f 5503 5006 5007
f 5503 5005 5004
f 5004 5006 5503
f 5504 5008 5009
f 5504 5007 5008
f 5505 5010 5011
f 5505 5009 5010
f 5506 5012 5013
f 5506 5011 5012
f 5507 5014 5015
f 5507 5013 5014
f 5508 5016 5017
f 5508 5015 5016
f 5509 5018 5019
f 5509 5017 5018
f 5510 5020 5022
f 5510 5019 5020
f 5511 5024 5023
f 5511 5022 5021
f 5021 5024 5511
f 5512 5025 5026
f 5512 5023 5025
f 5513 5027 5028
f 5513 5026 5027
f 5514 5029 5030
f 5514 5028 5029
f 5515 5031 5033
f 5515 5030 5031
f 5516 5032 5035
f 5516 5033 5032
f 5517 5034 5036
f 5517 5035 5034
f 5518 5037 5038
f 5518 5036 5037
f 5519 5520 5039
f 5520 5038 5039
f 5519 5040 5041
f 5041 5521 5519
f 5522 5521 5058
f 5058 5057 5522
f 5523 5522 5056
f 5056 5055 5523
f 5524 5523 5054
f 5054 5053 5524
f 5525 5524 5052
f 5052 5051 5525
f 5526 5525 5050
f 5050 5049 5526
f 5527 5526 5048
f 5048 5047 5527
f 5528 5527 5046
f 5046 5045 5528
f 5529 5043 5042
f 5529 5528 5044
f 5044 5043 5529
f 5530 5529 5060
f 5060 5059 5530
f 5531 5530 5068
f 5068 5067 5531
f 5532 5531 5066
f 5066 5065 5532
f 5533 5532 5064
f 5064 5063 5533
f 5534 5533 5062
f 5062 5061 5534
f 5535 5534 5075
f 5075 5074 5535
f 5536 5535 5073
f 5073 5072 5536
f 5537 5070 5069
f 5537 5536 5071
f 5071 5070 5537
f 5538 5537 5077
f 5077 5076 5538
f 5539 5538 5082
f 5082 5081 5539
f 5540 5079 5078
f 5540 5539 5080
f 5080 5079 5540
f 5541 5540 5084
f 5084 5083 5541
f 5542 5541 5087
f 5087 5086 5542
f 5543 5542 5085
f 5085 5088 5543
f 5544 5543 5090
f 5090 5089 5544
f 5545 5544 5094
f 5094 5093 5545
f 5546 5545 5092
f 5092 5091 5546
f 5091 5096 5546
f 5547 5546 5095
f 5095 5097 5547
f 5548 5547 5099
f 5099 5098 5548
f 5549 5548 5104
f 5104 5103 5549
f 5550 5101 5100
f 5550 5549 5102
f 5102 5101 5550
f 5551 5550 5106
f 5106 5105 5551
f 5552 5551 5110
f 5110 5108 5552
f 5553 5552 5107
f 5107 5109 5553
f 5109 5112 5553
f 5554 5553 5111
f 5111 5113 5554
f 5555 5554 5114
f 5114 5115 5555
f 5556 5555 5119
f 5119 5117 5556
f 5557 5556 5116
f 5116 5118 5557
f 5558 5557 5121
f 5121 5120 5558
f 5559 5558 5122
f 5122 5124 5559
f 5124 5123 5559
f 5560 5559 5126
f 5561 5560 5125
f 5125 5127 5561
f 5562 5561 5127
f 5127 5128 5562
f 5563 5129 5132
f 5563 5562 5130
f 5130 5129 5563
f 5564 5563 5131
f 5131 5133 5564
f 5565 5564 5135
f 5135 5134 5565
f 5566 5565 5137
f 5137 5136 5566
f 5567 5566 5138
f 5138 5139 5567
f 5568 5567 5141
f 5141 5140 5568
f 5569 5568 5142
f 5142 5143 5569
f 5570 5144 5146
f 5570 5569 5145
f 5145 5144 5570
f 5571 5570 5147
f 5147 5148 5571
f 5572 5571 5151
f 5151 5150 5572
f 5150 5149 5572
f 5573 5572 5152
f 5152 5153 5573
f 5574 5573 5154
f 5154 5155 5574
f 5575 5574 5157
f 5157 5156 5575
f 5576 5575 5158
f 5158 5160 5576
f 5577 5576 5159
f 5159 5161 5577
f 5578 5577 5163
f 5163 5162 5578
f 5579 5578 5164
f 5164 5166 5579
f 5580 5579 5165
f 5165 5167 5580
f 5581 5580 5170
f 5170 5169 5581
f 5169 5168 5581
f 5582 5581 5171
f 5171 5172 5582
f 5583 5582 5173
f 5173 5174 5583
f 5584 5583 5175
f 5175 5176 5584
f 5585 5584 5177
f 5177 5178 5585
f 5586 5585 5179
f 5179 5180 5586
f 5587 5586 5181
f 5181 5182 5587
f 5588 5587 5183
f 5183 5184 5588
f 5589 5588 5185
f 5185 5186 5589
f 5590 5188 5187
f 5590 5589 5189
f 5189 5188 5590
f 5591 5590 5191
f 5191 5190 5591
f 5592 5591 5192
f 5192 5193 5592
f 5593 5592 5194
f 5194 5195 5593
f 5594 5593 5196
f 5196 5197 5594
f 5595 5594 5199
f 5199 5198 5595
f 5596 5595 5201
f 5201 5200 5596
f 5597 5596 5203
f 5203 5202 5597
f 5598 5597 5204
f 5204 5205 5598
f 5599 5598 5206
f 5206 5207 5599
f 5441 5599 5208
f 5208 5209 5441
f 5209 5210 5441
f 5207 5208 5599
f 5205 5206 5598
f 5202 5204 5597
f 5200 5203 5596
f 5198 5201 5595
f 5197 5199 5594
f 5195 5196 5593
f 5193 5194 5592
f 5190 5192 5591
f 5187 5191 5590
f 5186 5189 5589
f 5184 5185 5588
f 5182 5183 5587
f 5180 5181 5586
f 5178 5179 5585
f 5176 5177 5584
f 5174 5175 5583
f 5172 5173 5582
f 5168 5171 5581
f 5167 5170 5580
f 5166 5165 5579
f 5162 5164 5578
f 5161 5163 5577
f 5160 5159 5576
f 5156 5158 5575
f 5155 5157 5574
f 5153 5154 5573
f 5149 5152 5572
f 5148 5151 5571
f 5146 5147 5570
f 5143 5145 5569
f 5140 5142 5568
f 5139 5141 5567
f 5136 5138 5566
f 5134 5137 5565
f 5133 5135 5564
f 5132 5131 5563
f 5128 5130 5562
f 5126 5125 5560
f 5123 5126 5559
f 5120 5122 5558
f 5118 5121 5557
f 5117 5116 5556
f 5115 5119 5555
f 5113 5114 5554
f 5112 5111 5553
f 5108 5107 5552
f 5105 5110 5551
f 5100 5106 5550
f 5103 5102 5549
f 5098 5104 5548
f 5097 5099 5547
f 5096 5095 5546
f 5093 5092 5545
f 5089 5094 5544
f 5088 5090 5543
f 5086 5085 5542
f 5083 5087 5541
f 5078 5084 5540
f 5081 5080 5539
f 5076 5082 5538
f 5069 5077 5537
f 5072 5071 5536
f 5074 5073 5535
f 5061 5075 5534
f 5063 5062 5533
f 5065 5064 5532
f 5067 5066 5531
f 5059 5068 5530
f 5042 5060 5529
f 5045 5044 5528
f 5047 5046 5527
f 5049 5048 5526
f 5051 5050 5525
f 5053 5052 5524
f 5055 5054 5523
f 5057 5056 5522
f 5041 5058 5521
f 5039 5040 5519
f 5038 5520 5518
f 5036 5518 5517
f 5035 5517 5516
f 5033 5516 5515
f 5030 5515 5514
f 5028 5514 5513
f 5026 5513 5512
f 5023 5512 5511
f 5022 5511 5510
f 5019 5510 5509
f 5017 5509 5508
f 5015 5508 5507
f 5013 5507 5506
f 5011 5506 5505
f 5009 5505 5504
f 5007 5504 5503
f 5005 5503 5502
f 5002 5502 5501
f 5000 5501 5500
f 4998 5500 5499
f 4994 5499 5498
f 4993 5498 5497
f 4992 5497 5496
f 4989 5496 5495
f 4987 5495 5494
f 4986 5494 5493
f 4982 5493 5492
f 4980 5492 5491
f 4978 5491 5490
f 4976 5490 5489
f 4973 5489 5488
f 4972 5488 5487
f 4970 5487 5486
f 4967 5486 5485
f 4963 5485 5484
f 4964 5484 5483
f 4961 5483 5482
f 4957 5482 5481
f 4956 5481 5480
f 4954 5480 5479
f 4952 5479 5478
f 4949 5478 5477
f 4947 5477 5476
f 4942 5476 5475
f 4945 5475 5474
f 4938 5474 5473
f 4941 5473 5472
f 4937 5472 5471
f 4935 5471 5470
f 4930 5470 5469
f 4927 5469 5468
f 4929 5468 5467
f 4925 5467 5466
f 4920 5466 5465
f 4922 5465 5464
f 4919 5464 5463
f 4914 5463 5462
f 4916 5462 5461
f 4911 5461 5460
f 4904 5460 5459
f 4906 5459 5458
f 4908 5458 5457
f 4910 5457 5456
f 4896 5456 5455
f 4898 5455 5454
f 4900 5454 5453
f 4902 5453 5452
f 4892 5452 5451
f 5212 5451 5450
f 5214 5450 5449
f 5216 5449 5448
f 5218 5448 5447
f 5220 5447 5446
f 5222 5446 5445
f 5224 5445 5444
f 5226 5444 5443
f 5228 5443 5442
f 5230 5442 5441
f 5478 5479 5600
f 5481 5601 5602
f 5485 5603 5604
f 5470 5471 5605
f 5606 5477 5478
f 5479 5480 5602
f 5602 5480 5481
f 5482 5483 5607
f 5604 5484 5485
f 5486 5487 5608
f 5547 5548 5609
f 5466 5610 5611
f 5469 5612 5613
f 5612 5469 5470
f 5602 5600 5479
f 5607 5601 5482
f 5484 5604 5607
f 5608 5603 5486
f 5489 5614 5615
f 5497 5498 5616
f 5501 5502 5617
f 5543 5618 5619
f 5620 5546 5547
f 5548 5549 5621
f 5622 5623 5559
f 5587 5588 5624
f 5590 5625 5626
f 5594 5627 5628
f 5611 5465 5466
f 5467 5468 5613
f 5605 5612 5470
f 5471 5472 5629
f 5474 5475 5630
f 5481 5482 5601
f 5485 5486 5603
f 5488 5615 5608
f 5615 5488 5489
f 5493 5631 5632
f 5633 5496 5497
f 5498 5499 5634
f 5500 5635 5634
f 5635 5500 5501
f 5539 5636 5637
f 5619 5542 5543
f 5544 5545 5638
f 5546 5620 5638
f 5621 5609 5548
f 5555 5556 5639
f 5623 5558 5559
f 5563 5640 5641
f 5575 5576 5642
f 5579 5580 5643
f 5580 5581 5644
f 5582 5645 5644
f 5583 5584 5646
f 5584 5585 5647
f 5586 5648 5647
f 5648 5586 5587
f 5589 5626 5624
f 5626 5589 5590
f 5591 5592 5649
f 5593 5628 5649
f 5628 5593 5594
f 5443 5444 5650
f 5613 5610 5467
f 5629 5605 5471
f 5473 5651 5629
f 5651 5473 5474
f 5475 5476 5652
f 5477 5606 5652
f 5607 5483 5484
f 5489 5490 5614
f 5492 5632 5653
f 5632 5492 5493
f 5494 5495 5654
f 5496 5633 5654
f 5634 5616 5498
f 5617 5635 5501
f 5512 5655 5656
f 5637 5538 5539
f 5540 5541 5657
f 5638 5618 5544
f 5609 5620 5547
f 5551 5552 5658
f 5552 5553 5659
f 5554 5660 5659
f 5660 5554 5555
f 5556 5557 5661
f 5558 5623 5661
f 5559 5560 5622
f 5562 5641 5622
f 5641 5562 5563
f 5571 5662 5663
f 5664 5574 5575
f 5576 5577 5665
f 5578 5666 5665
f 5666 5578 5579
f 5644 5581 5582
f 5645 5582 5583
f 5647 5585 5586
f 5624 5588 5589
f 5649 5625 5591
f 5594 5595 5627
f 5598 5667 5668
f 5442 5669 5670
f 5669 5442 5443
f 5444 5445 5671
f 5446 5672 5671
f 5458 5673 5674
f 5462 5675 5676
f 5613 5468 5469
f 5630 5651 5474
f 5652 5476 5477
f 5608 5487 5488
f 5490 5491 5653
f 5493 5494 5631
f 5654 5495 5496
f 5634 5499 5500
f 5656 5511 5512
f 5513 5514 5677
f 5538 5637 5678
f 5657 5636 5540
f 5542 5619 5657
f 5638 5545 5546
f 5550 5679 5621
f 5679 5550 5551
f 5659 5553 5554
f 5661 5639 5556
f 5560 5561 5622
f 5563 5564 5640
f 5564 5565 5680
f 5566 5681 5680
f 5567 5682 5681
f 5568 5569 5683
f 5570 5663 5683
f 5663 5570 5571
f 5572 5573 5684
f 5574 5664 5684
f 5665 5642 5576
f 5643 5666 5579
f 5646 5645 5583
f 5624 5648 5587
f 5649 5592 5593
f 5668 5597 5598
f 5599 5441 5670
f 5650 5669 5443
f 5671 5445 5446
f 5674 5457 5458
f 5459 5460 5685
f 5461 5676 5685
f 5676 5461 5462
f 5629 5472 5473
f 5600 5606 5478
f 5653 5491 5492
f 5616 5633 5497
f 5505 5506 5686
f 5508 5687 5688
f 5677 5655 5513
f 5515 5689 5677
f 5516 5690 5689
f 5539 5540 5636
f 5543 5544 5618
f 5658 5679 5551
f 5639 5660 5555
f 5622 5561 5562
f 5680 5565 5566
f 5681 5566 5567
f 5683 5569 5570
f 5684 5662 5572
f 5642 5664 5575
f 5644 5643 5580
f 5590 5591 5625
f 5595 5596 5691
f 5597 5668 5691
f 5670 5667 5599
f 5671 5650 5444
f 5447 5448 5692
f 5685 5673 5459
f 5462 5463 5675
f 5463 5464 5693
f 5465 5611 5693
f 5652 5630 5475
f 5654 5631 5494
f 5502 5503 5694
f 5504 5695 5694
f 5695 5504 5505
f 5506 5507 5688
f 5688 5507 5508
f 5509 5510 5696
f 5511 5656 5696
f 5677 5514 5515
f 5689 5515 5516
f 5517 5518 5697
f 5528 5529 5698
f 5532 5533 5699
f 5535 5700 5701
f 5657 5541 5542
f 5659 5658 5552
f 5680 5640 5564
f 5683 5682 5568
f 5684 5573 5574
f 5647 5646 5584
f 5691 5596 5597
f 5670 5441 5442
f 5672 5446 5447
f 5448 5449 5702
f 5451 5452 5703
f 5685 5460 5461
f 5693 5464 5465
f 5653 5614 5490
f 5694 5503 5504
f 5688 5686 5506
f 5696 5687 5509
f 5512 5513 5655
f 5697 5690 5517
f 5527 5704 5705
f 5704 5527 5528
f 5529 5530 5706
f 5531 5707 5706
f 5707 5531 5532
f 5534 5701 5699
f 5701 5534 5535
f 5536 5537 5678
f 5621 5549 5550
f 5567 5568 5682
f 5665 5577 5578
f 5598 5599 5667
f 5702 5692 5448
f 5450 5708 5702
f 5708 5450 5451
f 5452 5453 5709
f 5454 5710 5709
f 5693 5675 5463
f 5694 5617 5502
f 5508 5509 5687
f 5516 5517 5690
f 5519 5711 5712
f 5524 5525 5713
f 5698 5704 5528
f 5706 5530 5531
f 5699 5533 5534
f 5678 5700 5536
f 5661 5557 5558
f 5691 5627 5595
f 5702 5449 5450
f 5709 5703 5452
f 5709 5453 5454
f 5455 5456 5714
f 5466 5467 5610
f 5696 5510 5511
f 5520 5712 5697
f 5712 5520 5519
f 5523 5715 5716
f 5715 5523 5524
f 5706 5698 5529
f 5535 5536 5700
f 5571 5572 5662
f 5703 5708 5451
f 5714 5710 5455
f 5457 5674 5714
f 5686 5695 5505
f 5519 5521 5711
f 5713 5715 5524
f 5525 5526 5705
f 5699 5707 5532
f 5692 5672 5447
f 5714 5456 5457
f 5697 5518 5520
f 5521 5522 5716
f 5705 5713 5525
f 5678 5537 5538
f 5458 5459 5673
f 5716 5522 5523
f 5454 5455 5710
f 5705 5526 5527
f 5716 5711 5521
f 5717 5718 5670
f 5719 5717 5669
f 5720 5719 5650
f 5721 5720 5671
f 5722 5721 5672
f 5723 5722 5692
f 5724 5723 5702
f 5725 5724 5708
f 5726 5725 5703
f 5727 5726 5709
f 5728 5727 5710
f 5729 5728 5714
f 5730 5729 5674
f 5731 5730 5673
f 5732 5731 5685
f 5733 5732 5676
f 5734 5733 5675
f 5735 5734 5693
f 5736 5735 5611
f 5737 5736 5610
f 5738 5737 5613
f 5739 5738 5612
f 5740 5739 5605
f 5741 5740 5629
f 5742 5741 5651
f 5743 5742 5630
f 5744 5743 5652
f 5745 5744 5606
f 5746 5745 5600
f 5747 5746 5602
f 5748 5747 5601
f 5749 5748 5607
f 5750 5749 5604
f 5751 5750 5603
f 5752 5751 5608
f 5753 5752 5615
f 5754 5753 5614
f 5755 5754 5653
f 5756 5755 5632
f 5757 5756 5631
f 5758 5757 5654
f 5759 5758 5633
f 5760 5759 5616
f 5761 5760 5634
f 5762 5761 5635
f 5763 5762 5617
f 5764 5763 5694
f 5765 5764 5695
f 5766 5765 5686
f 5767 5766 5688
f 5768 5767 5687
f 5769 5768 5696
f 5770 5769 5656
f 5771 5770 5655
f 5772 5771 5677
f 5773 5772 5689
f 5774 5773 5690
f 5775 5774 5697
f 5712 5711 5776
f 5711 5777 5776
f 5778 5777 5711
f 5779 5778 5716
f 5780 5779 5715
f 5781 5780 5713
f 5782 5781 5705
f 5783 5782 5704
f 5784 5783 5698
f 5785 5784 5706
f 5786 5785 5707
f 5787 5786 5699
f 5788 5787 5701
f 5789 5788 5700
f 5790 5789 5678
f 5791 5790 5637
f 5792 5791 5636
f 5793 5792 5657
f 5794 5793 5619
f 5795 5794 5618
f 5796 5795 5638
f 5797 5796 5620
f 5798 5797 5609
f 5799 5798 5621
f 5800 5799 5679
f 5801 5800 5658
f 5802 5801 5659
f 5803 5802 5660
f 5804 5803 5639
f 5805 5804 5661
f 5806 5805 5623
f 5807 5806 5622
f 5808 5807 5641
f 5809 5808 5640
f 5810 5809 5680
f 5811 5810 5681
f 5812 5811 5682
f 5813 5812 5683
f 5814 5813 5663
f 5815 5814 5662
f 5816 5815 5684
f 5817 5816 5664
f 5818 5817 5642
f 5819 5818 5665
f 5820 5819 5666
f 5821 5820 5643
f 5822 5821 5644
f 5823 5822 5645
f 5824 5823 5646
f 5825 5824 5647
f 5826 5825 5648
f 5827 5826 5624
f 5828 5827 5626
f 5829 5828 5625
f 5830 5829 5649
f 5831 5830 5628
f 5832 5831 5627
f 5833 5832 5691
f 5834 5833 5668
f 5718 5834 5667
f 5667 5670 5718
f 5668 5667 5834
f 5691 5668 5833
f 5627 5691 5832
f 5628 5627 5831
f 5649 5628 5830
f 5625 5649 5829
f 5626 5625 5828
f 5624 5626 5827
f 5648 5624 5826
f 5647 5648 5825
f 5646 5647 5824
f 5645 5646 5823
f 5644 5645 5822
f 5643 5644 5821
f 5666 5643 5820
f 5665 5666 5819
f 5642 5665 5818
f 5664 5642 5817
f 5684 5664 5816
f 5662 5684 5815
f 5663 5662 5814
f 5683 5663 5813
f 5682 5683 5812
f 5681 5682 5811
f 5680 5681 5810
f 5640 5680 5809
f 5641 5640 5808
f 5622 5641 5807
f 5623 5622 5806
f 5661 5623 5805
f 5639 5661 5804
f 5660 5639 5803
f 5659 5660 5802
f 5658 5659 5801
f 5679 5658 5800
f 5621 5679 5799
f 5609 5621 5798
f 5620 5609 5797
f 5638 5620 5796
f 5618 5638 5795
f 5619 5618 5794
f 5657 5619 5793
f 5636 5657 5792
f 5637 5636 5791
f 5678 5637 5790
f 5700 5678 5789
f 5701 5700 5788
f 5699 5701 5787
f 5707 5699 5786
f 5706 5707 5785
f 5698 5706 5784
f 5704 5698 5783
f 5705 5704 5782
f 5713 5705 5781
f 5715 5713 5780
f 5716 5715 5779
f 5711 5716 5778
f 5776 5775 5712
f 5697 5712 5775
f 5690 5697 5774
f 5689 5690 5773
f 5677 5689 5772
f 5655 5677 5771
f 5656 5655 5770
f 5696 5656 5769
f 5687 5696 5768
f 5688 5687 5767
f 5686 5688 5766
f 5695 5686 5765
f 5694 5695 5764
f 5617 5694 5763
f 5635 5617 5762
f 5634 5635 5761
f 5616 5634 5760
f 5633 5616 5759
f 5654 5633 5758
f 5631 5654 5757
f 5632 5631 5756
f 5653 5632 5755
f 5614 5653 5754
f 5615 5614 5753
f 5608 5615 5752
f 5603 5608 5751
f 5604 5603 5750
f 5607 5604 5749
f 5601 5607 5748
f 5602 5601 5747
f 5600 5602 5746
f 5606 5600 5745
f 5652 5606 5744
f 5630 5652 5743
f 5651 5630 5742
f 5629 5651 5741
f 5605 5629 5740
f 5612 5605 5739
f 5613 5612 5738
f 5610 5613 5737
f 5611 5610 5736
f 5693 5611 5735
f 5675 5693 5734
f 5676 5675 5733
f 5685 5676 5732
f 5673 5685 5731
f 5674 5673 5730
f 5714 5674 5729
f 5710 5714 5728
f 5709 5710 5727
f 5703 5709 5726
f 5708 5703 5725
f 5702 5708 5724
f 5692 5702 5723
f 5672 5692 5722
f 5671 5672 5721
f 5650 5671 5720
f 5669 5650 5719
f 5670 5669 5717
f 5835 5253 5273
f 5835 5252 5253
f 5836 5272 5271
f 5836 5273 5272
f 5837 5270 5269
f 5837 5271 5270
f 5838 5268 5267
f 5838 5269 5268
f 5839 5266 5265
f 5839 5267 5266
f 5840 5264 5263
f 5840 5265 5264
f 5841 5262 5261
f 5841 5263 5262
f 5842 5260 5259
f 5842 5261 5260
f 5843 5258 5257
f 5843 5259 5258
f 5844 5256 5255
f 5844 5257 5256
f 5845 5275 5274
f 5845 5255 5254
f 5254 5275 5845
f 5846 5276 5284
f 5846 5274 5276
f 5847 5283 5282
f 5847 5284 5283
f 5848 5281 5280
f 5848 5282 5281
f 5849 5279 5278
f 5849 5280 5279
f 5850 5277 5292
f 5850 5278 5277
f 5851 5291 5290
f 5851 5292 5291
f 5852 5289 5288
f 5852 5290 5289
f 5853 5287 5286
f 5853 5288 5287
f 5854 5294 5293
f 5854 5285 5294
f 5854 5286 5285
f 5855 5295 5298
f 5855 5293 5295
f 5856 5297 5296
f 5856 5298 5297
f 5857 5299 5301
f 5857 5296 5299
f 5858 5300 5304
f 5858 5301 5300
f 5859 5303 5302
f 5859 5304 5303
f 5860 5305 5307
f 5860 5302 5305
f 5861 5306 5311
f 5861 5307 5306
f 5862 5310 5309
f 5862 5311 5310
f 5863 5313 5312
f 5863 5308 5313
f 5863 5309 5308
f 5864 5314 5317
f 5864 5312 5314
f 5865 5315 5319
f 5865 5317 5316
f 5316 5315 5865
f 5866 5318 5323
f 5866 5319 5318
f 5867 5321 5320
f 5867 5323 5321
f 5868 5322 5327
f 5868 5320 5322
f 5869 5325 5324
f 5869 5327 5325
f 5870 5326 5329
f 5870 5324 5326
f 5871 5328 5331
f 5871 5329 5328
f 5872 5332 5334
f 5872 5331 5330
f 5330 5332 5872
f 5873 5333 5336
f 5873 5334 5333
f 5874 5336 5335
f 5875 5335 5338
f 5338 5876 5875
f 5876 5340 5339
f 5876 5337 5340
f 5876 5338 5337
f 5877 5341 5343
f 5877 5339 5341
f 5878 5342 5346
f 5878 5343 5342
f 5879 5344 5345
f 5879 5346 5344
f 5880 5347 5349
f 5880 5345 5347
f 5881 5348 5352
f 5881 5349 5348
f 5882 5350 5354
f 5882 5351 5350
f 5882 5352 5351
f 5883 5353 5355
f 5883 5354 5353
f 5884 5356 5358
f 5884 5355 5356
f 5885 5359 5360
f 5885 5358 5357
f 5357 5359 5885
f 5886 5361 5362
f 5886 5360 5361
f 5887 5363 5364
f 5887 5362 5363
f 5888 5365 5368
f 5888 5364 5365
f 5889 5366 5369
f 5889 5367 5366
f 5889 5368 5367
f 5890 5370 5371
f 5890 5369 5370
f 5891 5372 5374
f 5891 5371 5372
f 5892 5373 5375
f 5892 5374 5373
f 5893 5377 5376
f 5893 5375 5377
f 5894 5378 5380
f 5894 5376 5378
f 5895 5381 5382
f 5895 5380 5379
f 5379 5381 5895
f 5896 5383 5384
f 5896 5382 5383
f 5897 5385 5387
f 5897 5384 5385
f 5898 5388 5389
f 5898 5387 5386
f 5386 5388 5898
f 5899 5390 5391
f 5899 5389 5390
f 5900 5392 5393
f 5900 5391 5392
f 5901 5394 5395
f 5901 5393 5394
f 5902 5396 5397
f 5902 5395 5396
f 5903 5398 5399
f 5903 5397 5398
f 5904 5400 5401
f 5904 5399 5400
f 5905 5402 5404
f 5905 5401 5402
f 5906 5406 5405
f 5906 5404 5403
f 5403 5406 5906
f 5907 5407 5408
f 5907 5405 5407
f 5908 5409 5410
f 5908 5408 5409
f 5909 5411 5412
f 5909 5410 5411
f 5910 5413 5415
f 5910 5412 5413
f 5911 5414 5417
f 5911 5415 5414
f 5912 5416 5418
f 5912 5417 5416
f 5913 5419 5420
f 5913 5418 5419
f 5914 5915 5421
f 5915 5420 5421
f 5914 5422 5440
f 5440 5916 5914
f 5917 5916 5439
f 5439 5438 5917
f 5918 5917 5437
f 5437 5436 5918
f 5919 5918 5435
f 5435 5434 5919
f 5920 5919 5433
f 5433 5432 5920
f 5921 5920 5431
f 5431 5430 5921
f 5922 5921 5429
f 5429 5428 5922
f 5923 5922 5427
f 5427 5426 5923
f 5924 5424 5423
f 5924 5923 5425
f 5425 5424 5924
f 5925 5924 4762
f 4762 4761 5925
f 5926 5925 4770
f 4770 4769 5926
f 5927 5926 4768
f 4768 4767 5927
f 5928 5927 4766
f 4766 4765 5928
f 5929 5928 4764
f 4764 4763 5929
f 5930 5929 4777
f 4777 4776 5930
f 5931 5930 4775
f 4775 4774 5931
f 5932 4772 4771
f 5932 5931 4773
f 4773 4772 5932
f 5933 5932 4779
f 4779 4778 5933
f 5934 5933 4784
f 4784 4783 5934
f 5935 4781 4780
f 5935 5934 4782
f 4782 4781 5935
f 5936 5935 4786
f 4786 4785 5936
f 5937 5936 4789
f 4789 4788 5937
f 5938 5937 4787
f 4787 4790 5938
f 5939 5938 4792
f 4792 4791 5939
f 5940 5939 4796
f 4796 4795 5940
f 5941 5940 4794
f 4794 4793 5941
f 4793 4798 5941
f 5942 5941 4797
f 4797 4799 5942
f 5943 5942 4801
f 4801 4800 5943
f 5944 5943 4806
f 4806 4805 5944
f 5945 4803 4802
f 5945 5944 4804
f 4804 4803 5945
f 5946 5945 4808
f 4808 4807 5946
f 5947 5946 4812
f 4812 4810 5947
f 5948 5947 4809
f 4809 4811 5948
f 4811 4814 5948
f 5949 5948 4813
f 4813 4815 5949
f 5950 5949 4816
f 4816 4817 5950
f 5951 5950 4821
f 4821 4819 5951
f 5952 5951 4818
f 4818 4820 5952
f 5953 5952 4823
f 4823 4822 5953
f 5954 5953 4824
f 4824 4826 5954
f 4826 4825 5954
f 5955 5954 4828
f 4828 4827 5955
f 5956 5955 4829
f 4829 4830 5956
f 5957 4831 4834
f 5957 5956 4832
f 4832 4831 5957
f 5958 5957 4833
f 4833 4835 5958
f 5959 5958 4837
f 4837 4836 5959
f 5960 5959 4839
f 4839 4838 5960
f 5961 5960 4840
f 4840 4841 5961
f 5962 5961 4843
f 4843 4842 5962
f 5963 5962 4844
f 4844 4845 5963
f 5964 4846 4848
f 5964 5963 4847
f 4847 4846 5964
f 5965 5964 4849
f 4849 4850 5965
f 5966 5965 4853
f 4853 4852 5966
f 4852 4851 5966
f 5967 5966 4854
f 4854 4855 5967
f 5968 5967 4856
f 4856 4857 5968
f 5969 5968 4859
f 4859 4858 5969
f 5970 5969 4860
f 4860 4862 5970
f 5971 5970 4861
f 4861 4863 5971
f 5972 5971 4865
f 4865 4864 5972
f 5973 5972 4866
f 4866 4868 5973
f 5974 5973 4867
f 4867 4869 5974
f 5975 5974 4872
f 4872 4871 5975
f 4871 4870 5975
f 5976 5975 4873
f 4873 4874 5976
f 5977 5976 4875
f 4875 4876 5977
f 5978 5977 4877
f 4877 4878 5978
f 5979 5978 4879
f 4879 4880 5979
f 5980 5979 4881
f 4881 4882 5980
f 5981 5980 4883
f 4883 4884 5981
f 5982 5981 4885
f 4885 4886 5982
f 5983 5982 4887
f 4887 4888 5983
f 5984 4890 4889
f 5984 5983 4891
f 4891 4890 5984
f 5985 5984 5233
f 5233 5232 5985
f 5986 5985 5234
f 5234 5235 5986
f 5987 5986 5236
f 5236 5237 5987
f 5988 5987 5238
f 5238 5239 5988
f 5989 5988 5241
f 5241 5240 5989
f 5990 5989 5243
f 5243 5242 5990
f 5991 5990 5245
f 5245 5244 5991
f 5992 5991 5246
f 5246 5247 5992
f 5993 5992 5248
f 5248 5250 5993
f 5835 5993 5249
f 5249 5251 5835
f 5251 5252 5835
f 5250 5249 5993
f 5247 5248 5992
f 5244 5246 5991
f 5242 5245 5990
f 5240 5243 5989
f 5239 5241 5988
f 5237 5238 5987
f 5235 5236 5986
f 5232 5234 5985
f 4889 5233 5984
f 4888 4891 5983
f 4886 4887 5982
f 4884 4885 5981
f 4882 4883 5980
f 4880 4881 5979
f 4878 4879 5978
f 4876 4877 5977
f 4874 4875 5976
f 4870 4873 5975
f 4869 4872 5974
f 4868 4867 5973
f 4864 4866 5972
f 4863 4865 5971
f 4862 4861 5970
f 4858 4860 5969
f 4857 4859 5968
f 4855 4856 5967
f 4851 4854 5966
f 4850 4853 5965
f 4848 4849 5964
f 4845 4847 5963
f 4842 4844 5962
f 4841 4843 5961
f 4838 4840 5960
f 4836 4839 5959
f 4835 4837 5958
f 4834 4833 5957
f 4830 4832 5956
f 4827 4829 5955
f 4825 4828 5954
f 4822 4824 5953
f 4820 4823 5952
f 4819 4818 5951
f 4817 4821 5950
f 4815 4816 5949
f 4814 4813 5948
f 4810 4809 5947
f 4807 4812 5946
f 4802 4808 5945
f 4805 4804 5944
f 4800 4806 5943
f 4799 4801 5942
f 4798 4797 5941
f 4795 4794 5940
f 4791 4796 5939
f 4790 4792 5938
f 4788 4787 5937
f 4785 4789 5936
f 4780 4786 5935
f 4783 4782 5934
f 4778 4784 5933
f 4771 4779 5932
f 4774 4773 5931
f 4776 4775 5930
f 4763 4777 5929
f 4765 4764 5928
f 4767 4766 5927
f 4769 4768 5926
f 4761 4770 5925
f 5423 4762 5924
f 5426 5425 5923
f 5428 5427 5922
f 5430 5429 5921
f 5432 5431 5920
f 5434 5433 5919
f 5436 5435 5918
f 5438 5437 5917
f 5440 5439 5916
f 5421 5422 5914
f 5420 5915 5913
f 5418 5913 5912
f 5417 5912 5911
f 5415 5911 5910
f 5412 5910 5909
f 5410 5909 5908
f 5408 5908 5907
f 5405 5907 5906
f 5404 5906 5905
f 5401 5905 5904
f 5399 5904 5903
f 5397 5903 5902
f 5395 5902 5901
f 5393 5901 5900
f 5391 5900 5899
f 5389 5899 5898
f 5387 5898 5897
f 5384 5897 5896
f 5382 5896 5895
f 5380 5895 5894
f 5376 5894 5893
f 5375 5893 5892
f 5374 5892 5891
f 5371 5891 5890
f 5369 5890 5889
f 5368 5889 5888
f 5364 5888 5887
f 5362 5887 5886
f 5360 5886 5885
f 5358 5885 5884
f 5355 5884 5883
f 5354 5883 5882
f 5352 5882 5881
f 5349 5881 5880
f 5345 5880 5879
f 5346 5879 5878
f 5343 5878 5877
f 5339 5877 5876
f 5335 5875 5874
f 5336 5874 5873
f 5334 5873 5872
f 5331 5872 5871
f 5329 5871 5870
f 5324 5870 5869
f 5327 5869 5868
f 5320 5868 5867
f 5323 5867 5866
f 5319 5866 5865
f 5317 5865 5864
f 5312 5864 5863
f 5309 5863 5862
f 5311 5862 5861
f 5307 5861 5860
f 5302 5860 5859
f 5304 5859 5858
f 5301 5858 5857
f 5296 5857 5856
f 5298 5856 5855
f 5293 5855 5854
f 5286 5854 5853
f 5288 5853 5852
f 5290 5852 5851
f 5292 5851 5850
f 5278 5850 5849
f 5280 5849 5848
f 5282 5848 5847
f 5284 5847 5846
f 5274 5846 5845
f 5255 5845 5844
f 5257 5844 5843
f 5259 5843 5842
f 5261 5842 5841
f 5263 5841 5840
f 5265 5840 5839
f 5267 5839 5838
f 5269 5838 5837
f 5271 5837 5836
f 5273 5836 5835
f 5994 5875 5876
f 5872 5873 5995
f 5876 5996 5994
f 5997 5871 5872
f 5873 5874 5994
f 5994 5874 5875
f 5877 5878 5998
f 5994 5995 5873
f 5998 5996 5877
f 5880 5999 6000
f 5876 5877 5996
f 5879 6000 5998
f 6000 5879 5880
f 5881 5882 6001
f 5892 5893 6002
f 5864 5865 6003
f 5869 5870 6004
f 5871 5997 6004
f 5998 5878 5879
f 6001 5999 5881
f 5884 6005 6006
f 5888 6007 6008
f 5889 5890 6009
f 5891 6010 6009
f 6010 5891 5892
f 5893 5894 6011
f 5896 5897 6012
f 5852 6013 6014
f 5860 6015 6016
f 5863 6017 6018
f 6017 5863 5864
f 5868 5869 6019
f 6004 5870 5871
f 5880 5881 5999
f 5883 6006 6001
f 6006 5883 5884
f 5887 6008 6020
f 6008 5887 5888
f 6009 5890 5891
f 6011 6002 5893
f 5895 6021 6011
f 6021 5895 5896
f 6014 5851 5852
f 5853 5854 6022
f 6016 5859 5860
f 5861 5862 6018
f 6003 6017 5864
f 5865 5866 6023
f 5867 6024 6023
f 6024 5867 5868
f 5995 5997 5872
f 5884 5885 6005
f 5885 5886 6020
f 5888 5889 6007
f 6002 6010 5892
f 6012 6021 5896
f 5942 5943 6025
f 6022 6013 5853
f 5855 6026 6022
f 5856 6027 6026
f 6018 6015 5861
f 6023 6003 5865
f 6019 6024 5868
f 6001 5882 5883
f 6020 5886 5887
f 6011 5894 5895
f 5897 5898 6028
f 5899 6029 6028
f 5938 6030 6031
f 6032 5941 5942
f 5943 5944 6033
f 5946 5947 6034
f 5950 5951 6035
f 5848 6036 6037
f 6022 5854 5855
f 6026 5855 5856
f 5857 5858 6038
f 5859 6016 6038
f 6018 5862 5863
f 6004 6019 5869
f 6009 6007 5889
f 6028 5898 5899
f 6031 5937 5938
f 5939 5940 6039
f 5941 6032 6039
f 6033 6025 5943
f 5945 6040 6033
f 6040 5945 5946
f 6041 5949 5950
f 5951 5952 6042
f 6037 5847 5848
f 5849 5850 6043
f 5856 5857 6027
f 6038 5858 5859
f 6023 5866 5867
f 6028 6012 5897
f 5900 5901 6044
f 5903 6045 6046
f 5907 6047 6048
f 5908 5909 6049
f 5910 6050 6049
f 5934 6051 6052
f 6039 6030 5939
f 6025 6032 5942
f 6034 6040 5946
f 5947 5948 6053
f 5949 6041 6053
f 6042 6035 5951
f 5954 5955 6054
f 5957 6055 6056
f 5961 6057 6058
f 5962 5963 6059
f 5964 6060 6059
f 5969 5970 6061
f 5981 5982 6062
f 5984 6063 6064
f 5988 6065 6066
f 6043 6036 5849
f 5851 6014 6043
f 6038 6027 5857
f 6020 6005 5885
f 6029 5899 5900
f 5901 5902 6046
f 6046 5902 5903
f 5904 5905 6067
f 6048 5906 5907
f 6049 5909 5910
f 5911 6068 6050
f 6052 5933 5934
f 5935 5936 6069
f 5937 6031 6069
f 6039 5940 5941
f 6053 6034 5947
f 6035 6041 5950
f 5953 6070 6042
f 6070 5953 5954
f 5956 6056 6054
f 6056 5956 5957
f 5958 5959 6071
f 5960 6058 6071
f 6058 5960 5961
f 6059 5963 5964
f 6072 5968 5969
f 5970 5971 6073
f 5973 5974 6074
f 5977 5978 6075
f 5978 5979 6076
f 5980 6077 6076
f 6077 5980 5981
f 5983 6064 6062
f 6064 5983 5984
f 5985 5986 6078
f 5987 6066 6078
f 6066 5987 5988
f 5992 6079 6080
f 5837 5838 6081
f 5841 5842 6082
f 6043 5850 5851
f 5860 5861 6015
f 6046 6044 5901
f 6067 6045 5904
f 5906 6048 6067
f 6049 6047 5908
f 6050 5910 5911
f 5912 5913 6083
f 5914 6084 6085
f 5933 6052 6086
f 6069 6051 5935
f 5938 5939 6030
f 6053 5948 5949
f 6054 6070 5954
f 5957 5958 6055
f 6071 5959 5960
f 6059 6057 5962
f 5968 6072 6087
f 6073 6061 5970
f 6088 5972 5973
f 5974 5975 6089
f 5976 6090 6089
f 6090 5976 5977
f 6076 5979 5980
f 6062 5982 5983
f 6078 6063 5985
f 5988 5989 6065
f 5989 5990 6091
f 5991 6080 6091
f 6080 5991 5992
f 5993 5835 6092
f 5836 6093 6092
f 6093 5836 5837
f 5838 5839 6094
f 5840 6095 6094
f 6095 5840 5841
f 5842 5843 6096
f 5852 5853 6013
f 5903 5904 6045
f 5907 5908 6047
f 6083 6068 5912
f 6085 5915 5914
f 5916 5917 6097
f 5919 5920 6098
f 5923 5924 6099
f 5927 5928 6100
f 5930 6101 6102
f 5934 5935 6051
f 6033 5944 5945
f 6054 5955 5956
f 5961 5962 6057
f 5965 6103 6060
f 6061 6072 5969
f 5972 6088 6073
f 6089 6074 5974
f 6075 6090 5977
f 6062 6077 5981
f 6078 5986 5987
f 6091 5990 5991
f 6092 6079 5993
f 6081 6093 5837
f 6094 5839 5840
f 6096 6082 5842
f 5844 6104 6096
f 5845 5846 6105
f 6044 6029 5900
f 5911 5912 6068
f 5915 6085 6083
f 6097 6084 5916
f 6106 5918 5919
f 5920 5921 6107
f 5922 6108 6107
f 6108 5922 5923
f 5924 5925 6109
f 5926 6110 6109
f 6110 5926 5927
f 5929 6102 6100
f 6102 5929 5930
f 5931 5932 6086
f 6069 5936 5937
f 6071 6055 5958
f 6060 5964 5965
f 5966 5967 6087
f 6073 5971 5972
f 6089 5975 5976
f 5984 5985 6063
f 5992 5993 6079
f 6094 6081 5838
f 6096 5843 5844
f 6104 5844 5845
f 5846 5847 6037
f 6067 5905 5906
f 5914 5916 6084
f 5918 6106 6097
f 6107 6098 5920
f 6099 6108 5923
f 6109 5925 5926
f 6100 5928 5929
f 6086 6101 5931
f 6042 5952 5953
f 6087 6103 5966
f 6074 6088 5973
f 6091 6065 5989
f 6082 6095 5841
f 6037 6105 5846
f 6083 5913 5915
f 6098 6106 5919
f 6109 6099 5924
f 5930 5931 6101
f 5965 5966 6103
f 6076 6075 5978
f 6105 6104 5845
f 6097 5917 5918
f 6100 6110 5927
f 6087 5967 5968
f 5848 5849 6036
f 6086 5932 5933
f 6107 5921 5922
f 6092 5835 5836
f 6111 6112 6092
f 6113 6111 6093
f 6114 6113 6081
f 6115 6114 6094
f 6116 6115 6095
f 6117 6116 6082
f 6118 6117 6096
f 6119 6118 6104
f 6120 6119 6105
f 6121 6120 6037
f 6122 6121 6036
f 6123 6122 6043
f 6124 6123 6014
f 6125 6124 6013
f 6126 6125 6022
f 6127 6126 6026
f 6128 6127 6027
f 6129 6128 6038
f 6130 6129 6016
f 6131 6130 6015
f 6132 6131 6018
f 6133 6132 6017
f 6134 6133 6003
f 6135 6134 6023
f 6136 6135 6024
f 6137 6136 6019
f 6138 6137 6004
f 6139 6138 5997
f 6140 6139 5995
f 6141 6140 5994
f 6142 6141 5996
f 6143 6142 5998
f 6144 6143 6000
f 6145 6144 5999
f 6146 6145 6001
f 6147 6146 6006
f 6148 6147 6005
f 6149 6148 6020
f 6150 6149 6008
f 6151 6150 6007
f 6152 6151 6009
f 6153 6152 6010
f 6154 6153 6002
f 6155 6154 6011
f 6156 6155 6021
f 6157 6156 6012
f 6158 6157 6028
f 6159 6158 6029
f 6160 6159 6044
f 6161 6160 6046
f 6162 6161 6045
f 6163 6162 6067
f 6164 6163 6048
f 6165 6164 6047
f 6166 6165 6049
f 6167 6166 6050
f 6168 6167 6068
f 6169 6168 6083
f 6170 6169 6085
f 6171 6170 6084
f 6172 6171 6097
f 6173 6172 6106
f 6174 6173 6098
f 6175 6174 6107
f 6176 6175 6108
f 6177 6176 6099
f 6178 6177 6109
f 6179 6178 6110
f 6180 6179 6100
f 6181 6180 6102
f 6182 6181 6101
f 6183 6182 6086
f 6184 6183 6052
f 6185 6184 6051
f 6186 6185 6069
f 6187 6186 6031
f 6188 6187 6030
f 6189 6188 6039
f 6190 6189 6032
f 6191 6190 6025
f 6192 6191 6033
f 6193 6192 6040
f 6194 6193 6034
f 6195 6194 6053
f 6196 6195 6041
f 6197 6196 6035
f 6198 6197 6042
f 6199 6198 6070
f 6200 6199 6054
f 6201 6200 6056
f 6202 6201 6055
f 6203 6202 6071
f 6204 6203 6058
f 6205 6204 6057
f 6206 6205 6059
f 6207 6206 6060
f 6208 6207 6103
f 6209 6208 6087
f 6210 6209 6072
f 6211 6210 6061
f 6212 6211 6073
f 6213 6212 6088
f 6214 6213 6074
f 6215 6214 6089
f 6216 6215 6090
f 6217 6216 6075
f 6218 6217 6076
f 6219 6218 6077
f 6220 6219 6062
f 6221 6220 6064
f 6222 6221 6063
f 6223 6222 6078
f 6224 6223 6066
f 6225 6224 6065
f 6226 6225 6091
f 6227 6226 6080
f 6112 6227 6079
f 6079 6092 6112
f 6080 6079 6227
f 6091 6080 6226
f 6065 6091 6225
f 6066 6065 6224
f 6078 6066 6223
f 6063 6078 6222
f 6064 6063 6221
f 6062 6064 6220
f 6077 6062 6219
f 6076 6077 6218
f 6075 6076 6217
f 6090 6075 6216
f 6089 6090 6215
f 6074 6089 6214
f 6088 6074 6213
f 6073 6088 6212
f 6061 6073 6211
f 6072 6061 6210
f 6087 6072 6209
f 6103 6087 6208
f 6060 6103 6207
f 6059 6060 6206
f 6057 6059 6205
f 6058 6057 6204
f 6071 6058 6203
f 6055 6071 6202
f 6056 6055 6201
f 6054 6056 6200
f 6070 6054 6199
f 6042 6070 6198
f 6035 6042 6197
f 6041 6035 6196
f 6053 6041 6195
f 6034 6053 6194
f 6040 6034 6193
f 6033 6040 6192
f 6025 6033 6191
f 6032 6025 6190
f 6039 6032 6189
f 6030 6039 6188
f 6031 6030 6187
f 6069 6031 6186
f 6051 6069 6185
f 6052 6051 6184
f 6086 6052 6183
f 6101 6086 6182
f 6102 6101 6181
f 6100 6102 6180
f 6110 6100 6179
f 6109 6110 6178
f 6099 6109 6177
f 6108 6099 6176
f 6107 6108 6175
f 6098 6107 6174
f 6106 6098 6173
f 6097 6106 6172
f 6084 6097 6171
f 6085 6084 6170
f 6083 6085 6169
f 6068 6083 6168
f 6050 6068 6167
f 6049 6050 6166
f 6047 6049 6165
f 6048 6047 6164
f 6067 6048 6163
f 6045 6067 6162
f 6046 6045 6161
f 6044 6046 6160
f 6029 6044 6159
f 6028 6029 6158
f 6012 6028 6157
f 6021 6012 6156
f 6011 6021 6155
f 6002 6011 6154
f 6010 6002 6153
f 6009 6010 6152
f 6007 6009 6151
f 6008 6007 6150
f 6020 6008 6149
f 6005 6020 6148
f 6006 6005 6147
f 6001 6006 6146
f 5999 6001 6145
f 6000 5999 6144
f 5998 6000 6143
f 5996 5998 6142
f 5994 5996 6141
f 5995 5994 6140
f 5997 5995 6139
f 6004 5997 6138
f 6019 6004 6137
f 6024 6019 6136
f 6023 6024 6135
f 6003 6023 6134
f 6017 6003 6133
f 6018 6017 6132
f 6015 6018 6131
f 6016 6015 6130
f 6038 6016 6129
f 6027 6038 6128
f 6026 6027 6127
f 6022 6026 6126
f 6013 6022 6125
f 6014 6013 6124
f 6043 6014 6123
f 6036 6043 6122
f 6037 6036 6121
f 6105 6037 6120
f 6104 6105 6119
f 6096 6104 6118
f 6082 6096 6117
f 6095 6082 6116
f 6094 6095 6115
f 6081 6094 6114
f 6093 6081 6113
f 6092 6093 6111
f 1345 1346 2130
f 2063 2130 2115
f 2064 2115 2132
f 2076 2132 2131
f 2075 2131 2133
f 2074 2133 2134
f 2061 2134 2116
f 2062 2116 2118
f 2060 2118 2117
f 2073 2117 2104
f 2051 2104 2103
f 2059 2103 2086
f 2026 2086 2087
f 2023 2087 2080
f 2024 2080 2092
f 2029 2092 2093
f 2032 2093 2095
f 2031 2095 2088
f 2021 2088 2081
f 2022 2081 2090
f 2049 2101 2100
f 2058 2100 2105
f 2057 2105 2138
f 2047 2138 2119
f 2048 2119 2107
f 2046 2107 2106
f 2056 2106 2120
f 2055 2120 2121
f 2069 2121 2139
f 2068 2139 2123
f 2054 2123 2122
f 2067 2122 2141
f 2077 2141 2142
f 2079 2142 2140
f 2065 2140 2143
f 2136 6228 6229
f 2136 6230 6228
f 2136 6231 6230
f 2136 6232 6231
f 2136 6233 6232
f 2136 6234 6233
f 2136 6235 6236
f 6236 6234 2136
f 2137 6237 6238
f 2137 6239 6240
f 6240 6237 2137
f 2137 6229 6241
f 6241 6242 2137
f 6242 6239 2137
f 2135 6243 6244
f 2135 6245 6243
f 2135 6246 6247
f 6247 6245 2135
f 2135 6238 6246
f 2099 6248 6249
f 2099 6250 6251
f 2099 6244 6250
f 6251 6248 2099
f 2098 6252 6253
f 2098 6254 6252
f 2098 6255 6254
f 2098 6249 6256
f 6256 6255 2098
f 2097 6257 6258
f 2097 6259 6257
f 2097 6260 6259
f 2097 6253 6261
f 6261 6260 2097
f 2096 6262 6263
f 2096 6264 6262
f 2096 6265 6264
f 2096 6258 6266
f 6266 6265 2096
f 2085 6267 6268
f 2085 6263 6269
f 6269 6270 2085
f 6270 6267 2085
f 2084 2083 6271
f 2083 6268 6272
f 6272 6271 2083
f 6271 6273 2084
f 2082 2084 6274
f 6274 6275 2082
f 6275 6276 2082
f 6276 6277 2082
f 2091 2082 6278
f 6278 6279 2091
f 6279 6280 2091
f 6280 6281 2091
f 2094 2091 6282
f 6282 6283 2094
f 6283 6284 2094
f 6284 6285 2094
f 2089 2094 6286
f 6286 6287 2089
f 6287 6288 2089
f 6288 6289 2089
f 2025 6290 6291
f 2025 2090 6292
f 6292 6290 2025
f 2090 2089 6293
f 6293 6292 2090
f 2028 6294 6295
f 2028 6296 6294
f 2028 6297 6296
f 2028 6291 6297
f 2027 6298 6299
f 2027 6300 6298
f 2027 6301 6300
f 2027 6295 6301
f 2019 6302 6303
f 2019 6304 6302
f 2019 6305 6304
f 2019 6299 6305
f 2020 6306 6307
f 2020 6308 6306
f 2020 6309 6308
f 2020 6303 6309
f 2016 6310 6311
f 2018 6312 6310
f 6310 2016 2018
f 2018 6307 6312
f 2017 6313 6314
f 2017 6315 6313
f 2017 2016 6316
f 6316 6315 2017
f 2030 6317 6318
f 2030 2017 6319
f 6319 6320 2030
f 6320 6321 2030
f 6321 6317 2030
f 2050 6322 6323
f 2050 2030 6324
f 6324 6325 2050
f 6325 6326 2050
f 6326 6322 2050
f 2035 6327 6328
f 2035 2050 6329
f 6329 6330 2035
f 6330 6331 2035
f 6331 6327 2035
f 2071 6332 6333
f 6333 6334 2071
f 2071 2035 6335
f 6335 6332 2071
f 2072 6336 6337
f 2072 2071 6338
f 6338 6339 2072
f 6339 6336 2072
f 6337 6340 2072
f 2070 6341 6342
f 2070 6343 6341
f 2070 2072 6344
f 6344 6345 2070
f 6345 6346 2070
f 6346 6343 2070
f 2078 6347 6348
f 2078 2070 6349
f 6349 6350 2078
f 6350 6351 2078
f 6351 6352 2078
f 6352 6353 2078
f 6353 6354 2078
f 6354 6347 2078
f 2101 6355 6235
f 2101 6356 6357
f 6357 6358 2101
f 6358 6355 2101
f 2101 2049 6359
f 2049 6360 6361
f 2049 6362 6360
f 2049 2078 6363
f 6363 6362 2049
f 6361 6359 2049
f 6359 6356 2101
f 6235 2136 2101
f 6348 6363 2078
f 6342 6349 2070
f 6340 6344 2072
f 6334 6338 2071
f 6328 6335 2035
f 6323 6329 2050
f 6318 6324 2030
f 6314 6319 2017
f 6311 6316 2016
f 6307 2018 2020
f 6303 2020 2019
f 6299 2019 2027
f 6295 2027 2028
f 6291 2028 2025
f 6289 6293 2089
f 6285 6286 2094
f 6281 6282 2091
f 6277 6278 2082
f 6273 6274 2084
f 6268 2083 2085
f 6263 2085 2096
f 6258 2096 2097
f 6253 2097 2098
f 6249 2098 2099
f 6244 2099 2135
f 6238 2135 2137
f 6229 2137 2136
f 2143 2066 2065
f 2140 2065 2079
f 2142 2079 2077
f 2141 2077 2067
f 2122 2067 2054
f 2123 2054 2068
f 2139 2068 2069
f 2121 2069 2055
f 2120 2055 2056
f 2106 2056 2046
f 2107 2046 2048
f 2119 2048 2047
f 2138 2047 2057
f 2105 2057 2058
f 2100 2058 2049
f 2090 2025 2022
f 2081 2022 2021
f 2088 2021 2031
f 2095 2031 2032
f 2093 2032 2029
f 2092 2029 2024
f 2080 2024 2023
f 2087 2023 2026
f 2086 2026 2059
f 2103 2059 2051
f 2104 2051 2073
f 2117 2073 2060
f 2118 2060 2062
f 2116 2062 2061
f 2134 2061 2074
f 2133 2074 2075
f 2131 2075 2076
f 2132 2076 2064
f 2115 2064 2063
f 2130 2063 1345
f 6364 6365 6366
f 6366 6367 6364
f 6368 6369 6370
f 6368 6371 6372
f 6368 6373 6374
f 6364 6375 6376
f 6367 6377 6364
f 6364 6378 6379
f 6380 6381 6382
f 6368 6383 6369
f 6368 6384 6371
f 6368 6385 6373
f 6368 6386 6387
f 6364 6388 6389
f 6364 6390 6391
f 6364 6392 6393
f 6377 6375 6364
f 6364 6394 6395
f 6379 6396 6364
f 6364 6397 6398
f 6364 6399 6400
f 6364 6401 6402
f 6380 6403 6404
f 6380 6405 6406
f 6380 6407 6408
f 6380 6409 6381
f 6372 6383 6368
f 6374 6410 6368
f 6368 6411 6386
f 6391 6388 6364
f 6376 6392 6364
f 6364 6412 6413
f 6395 6414 6364
f 6398 6378 6364
f 6400 6415 6364
f 6364 6380 6401
f 6380 6416 6403
f 6408 6405 6380
f 6380 6364 6409
f 6368 6417 6418
f 6410 6384 6368
f 6368 6419 6411
f 6393 6390 6364
f 6414 6412 6364
f 6415 6397 6364
f 6402 6420 6364
f 6380 6421 6416
f 6382 6407 6380
f 6418 6422 6368
f 6387 6385 6368
f 6413 6365 6364
f 6420 6399 6364
f 6380 6423 6356
f 6406 6421 6380
f 6370 6417 6368
f 6419 6368 6290
f 6396 6394 6364
f 6404 6423 6380
f 6290 6292 6419
f 6356 6359 6380
f 6389 6368 6364
f 6422 6364 6368
f 6380 6359 6361
f 6401 6362 6363
f 6380 6360 6362
f 6362 6401 6380
f 6401 6348 6347
f 6347 6402 6401
f 6402 6354 6353
f 6353 6420 6402
f 6420 6352 6351
f 6351 6399 6420
f 6400 6399 6349
f 6349 6342 6400
f 6399 6350 6349
f 6400 6341 6343
f 6343 6415 6400
f 6415 6346 6345
f 6345 6397 6415
f 6397 6344 6340
f 6340 6398 6397
f 6398 6337 6336
f 6336 6378 6398
f 6378 6339 6338
f 6338 6379 6378
f 6379 6334 6333
f 6333 6396 6379
f 6396 6332 6335
f 6335 6394 6396
f 6394 6328 6327
f 6327 6395 6394
f 6414 6395 6330
f 6395 6331 6330
f 6330 6329 6414
f 6414 6323 6322
f 6322 6412 6414
f 6413 6412 6325
f 6412 6326 6325
f 6325 6324 6413
f 6365 6413 6317
f 6413 6318 6317
f 6366 6365 6320
f 6365 6321 6320
f 6320 6319 6366
f 6367 6366 6313
f 6366 6314 6313
f 6367 6315 6316
f 6316 6377 6367
f 6375 6377 6310
f 6377 6311 6310
f 6375 6312 6307
f 6307 6376 6375
f 6392 6376 6308
f 6376 6306 6308
f 6393 6392 6303
f 6392 6309 6303
f 6390 6393 6304
f 6393 6302 6304
f 6391 6390 6299
f 6390 6305 6299
f 6388 6391 6300
f 6391 6298 6300
f 6389 6388 6295
f 6388 6301 6295
f 6368 6389 6296
f 6389 6294 6296
f 6368 6297 6291
f 6291 6290 6368
f 6296 6297 6368
f 6295 6294 6389
f 6300 6301 6388
f 6299 6298 6391
f 6304 6305 6390
f 6303 6302 6393
f 6308 6309 6392
f 6307 6306 6376
f 6310 6312 6375
f 6316 6311 6377
f 6313 6315 6367
f 6319 6314 6366
f 6317 6321 6365
f 6324 6318 6413
f 6322 6326 6412
f 6329 6323 6414
f 6327 6331 6395
f 6335 6328 6394
f 6333 6332 6396
f 6338 6334 6379
f 6336 6339 6378
f 6340 6337 6398
f 6345 6344 6397
f 6343 6346 6415
f 6342 6341 6400
f 6351 6350 6399
f 6353 6352 6420
f 6347 6354 6402
f 6363 6348 6401
f 6361 6360 6380
f 6419 6292 6293
f 6419 6289 6288
f 6288 6411 6419
f 6411 6287 6286
f 6286 6386 6411
f 6386 6285 6284
f 6284 6387 6386
f 6387 6283 6282
f 6282 6385 6387
f 6385 6281 6280
f 6280 6373 6385
f 6373 6279 6278
f 6278 6374 6373
f 6374 6277 6276
f 6276 6410 6374
f 6384 6410 6274
f 6410 6275 6274
f 6384 6273 6271
f 6271 6371 6384
f 6372 6371 6268
f 6371 6272 6268
f 6372 6267 6270
f 6270 6383 6372
f 6383 6263 6262
f 6262 6369 6383
f 6383 6269 6263
f 6369 6264 6265
f 6265 6370 6369
f 6370 6258 6257
f 6257 6417 6370
f 6370 6266 6258
f 6418 6417 6260
f 6417 6259 6260
f 6418 6253 6252
f 6252 6422 6418
f 6418 6261 6253
f 6364 6422 6255
f 6422 6254 6255
f 6409 6364 6249
f 6364 6256 6249
f 6381 6409 6251
f 6409 6248 6251
f 6382 6381 6244
f 6381 6250 6244
f 6407 6382 6245
f 6382 6243 6245
f 6408 6407 6246
f 6407 6247 6246
f 6405 6408 6237
f 6408 6238 6237
f 6406 6405 6239
f 6405 6240 6239
f 6406 6241 6229
f 6406 6242 6241
f 6229 6421 6406
f 6416 6421 6230
f 6421 6228 6230
f 6403 6416 6232
f 6416 6231 6232
f 6404 6403 6234
f 6403 6233 6234
f 6423 6404 6355
f 6404 6236 6235
f 6235 6355 6404
f 6423 6358 6357
f 6357 6356 6423
f 6355 6358 6423
f 6234 6236 6404
f 6232 6233 6403
f 6230 6231 6416
f 6229 6228 6421
f 6239 6242 6406
f 6237 6240 6405
f 6246 6238 6408
f 6245 6247 6407
f 6244 6243 6382
f 6251 6250 6381
f 6249 6248 6409
f 6255 6256 6364
f 6252 6254 6422
f 6260 6261 6418
f 6257 6259 6417
f 6265 6266 6370
f 6262 6264 6369
f 6270 6269 6383
f 6268 6267 6372
f 6271 6272 6371
f 6274 6273 6384
f 6276 6275 6410
f 6278 6277 6374
f 6280 6279 6373
f 6282 6281 6385
f 6284 6283 6387
f 6286 6285 6386
f 6288 6287 6411
f 6293 6289 6419
f 6424 6425 6140
f 6140 6141 6424
f 6425 6138 6139
f 6426 6427 6221
f 6428 6220 6221
f 6139 6140 6425
f 6425 6136 6137
f 6425 6134 6135
f 6429 6227 6112
f 6430 6226 6227
f 6431 6432 6222
f 6222 6432 6426
f 6221 6427 6428
f 6433 6434 6215
f 6435 6436 6214
f 6437 6187 6188
f 6141 6142 6424
f 6135 6136 6425
f 6425 6132 6133
f 6425 6130 6131
f 6438 6113 6114
f 6438 6112 6111
f 6112 6438 6429
f 6227 6439 6430
f 6440 6225 6226
f 6441 6442 6223
f 6223 6442 6431
f 6428 6443 6220
f 6444 6219 6220
f 6445 6218 6219
f 6216 6446 6433
f 6215 6434 6435
f 6447 6213 6214
f 6448 6201 6202
f 6448 6449 6200
f 6189 6190 6449
f 6188 6450 6437
f 6451 6452 6186
f 6453 6454 6185
f 6137 6138 6425
f 6131 6132 6425
f 6111 6113 6438
f 6430 6455 6226
f 6226 6455 6440
f 6456 6457 6224
f 6224 6457 6441
f 6221 6222 6426
f 6220 6443 6444
f 6219 6458 6445
f 6459 6446 6216
f 6214 6215 6435
f 6214 6436 6447
f 6460 6212 6213
f 6448 6204 6205
f 6202 6203 6448
f 6449 6199 6200
f 6449 6197 6198
f 6449 6195 6196
f 6449 6193 6194
f 6450 6188 6189
f 6186 6187 6451
f 6186 6452 6453
f 6133 6134 6425
f 6425 6121 6122
f 6425 6438 6117
f 6438 6115 6116
f 6429 6439 6227
f 6224 6225 6456
f 6222 6223 6431
f 6445 6461 6218
f 6461 6462 6217
f 6217 6462 6459
f 6447 6463 6213
f 6213 6463 6460
f 6464 6211 6212
f 6465 6466 6210
f 6448 6209 6210
f 6203 6204 6448
f 6198 6199 6449
f 6194 6195 6449
f 6449 6191 6192
f 6449 6450 6189
f 6185 6186 6453
f 6424 6157 6158
f 6424 6148 6149
f 6424 6143 6144
f 6425 6129 6130
f 6425 6124 6125
f 6425 6120 6121
f 6116 6117 6438
f 6440 6456 6225
f 6444 6458 6219
f 6216 6217 6459
f 6460 6467 6212
f 6212 6467 6464
f 6210 6466 6448
f 6448 6206 6207
f 6200 6201 6448
f 6192 6193 6449
f 6437 6451 6187
f 6468 6469 6184
f 6470 6183 6184
f 6424 6161 6162
f 6424 6156 6157
f 6424 6151 6152
f 6149 6150 6424
f 6424 6145 6146
f 6142 6143 6424
f 6425 6127 6128
f 6125 6126 6425
f 6122 6123 6425
f 6114 6115 6438
f 6217 6218 6461
f 6464 6465 6211
f 6448 6208 6209
f 6205 6206 6448
f 6190 6191 6449
f 6185 6454 6468
f 6184 6469 6470
f 6471 6177 6178
f 6424 6160 6161
f 6158 6159 6424
f 6424 6154 6155
f 6150 6151 6424
f 6146 6147 6424
f 6128 6129 6425
f 6123 6124 6425
f 6223 6224 6441
f 6210 6211 6465
f 6196 6197 6449
f 6470 6472 6183
f 6473 6182 6183
f 6474 6178 6179
f 6178 6475 6471
f 6476 6176 6177
f 6159 6160 6424
f 6424 6153 6154
f 6147 6148 6424
f 6126 6127 6425
f 6215 6216 6433
f 6184 6185 6468
f 6183 6472 6473
f 6477 6181 6182
f 6478 6479 6180
f 6480 6481 6179
f 6179 6481 6474
f 6177 6482 6476
f 6483 6424 6163
f 6155 6156 6424
f 6144 6145 6424
f 6425 6118 6119
f 6207 6208 6448
f 6182 6484 6477
f 6181 6477 6478
f 6180 6479 6480
f 6471 6482 6177
f 6485 6486 6175
f 6487 6488 6174
f 6163 6164 6483
f 6152 6153 6424
f 6117 6118 6425
f 6180 6181 6478
f 6474 6475 6178
f 6176 6476 6485
f 6175 6486 6487
f 6489 6490 6173
f 6491 6172 6173
f 6492 6171 6172
f 6483 6166 6167
f 6164 6165 6483
f 6119 6120 6425
f 6179 6180 6480
f 6174 6175 6487
f 6174 6488 6489
f 6173 6490 6491
f 6172 6493 6492
f 6494 6483 6169
f 6165 6166 6483
f 6473 6484 6182
f 6173 6174 6489
f 6492 6495 6171
f 6495 6496 6170
f 6170 6496 6494
f 6162 6163 6424
f 6491 6493 6172
f 6169 6170 6494
f 6167 6168 6483
f 6170 6171 6495
f 6175 6176 6485
f 6168 6169 6483
f 6429 6438 6497
f 6439 6429 6498
f 6430 6439 6499
f 6455 6430 6500
f 6440 6455 6501
f 6456 6440 6502
f 6457 6456 6503
f 6441 6457 6504
f 6442 6441 6505
f 6431 6442 6506
f 6432 6431 6507
f 6426 6432 6508
f 6427 6426 6509
f 6428 6427 6510
f 6443 6428 6511
f 6444 6443 6512
f 6458 6444 6513
f 6445 6458 6514
f 6461 6445 6515
f 6462 6461 6516
f 6459 6462 6517
f 6446 6459 6518
f 6433 6446 6519
f 6434 6433 6520
f 6435 6434 6521
f 6436 6435 6522
f 6447 6436 6523
f 6463 6447 6524
f 6460 6463 6525
f 6467 6460 6526
f 6464 6467 6527
f 6465 6464 6528
f 6466 6465 6529
f 6448 6466 6530
f 6530 6531 6448
f 6529 6530 6466
f 6528 6529 6465
f 6527 6528 6464
f 6526 6527 6467
f 6525 6526 6460
f 6524 6525 6463
f 6523 6524 6447
f 6522 6523 6436
f 6521 6522 6435
f 6520 6521 6434
f 6519 6520 6433
f 6518 6519 6446
f 6517 6518 6459
f 6516 6517 6462
f 6515 6516 6461
f 6514 6515 6445
f 6513 6514 6458
f 6512 6513 6444
f 6511 6512 6443
f 6510 6511 6428
f 6509 6510 6427
f 6508 6509 6426
f 6507 6508 6432
f 6506 6507 6431
f 6505 6506 6442
f 6504 6505 6441
f 6503 6504 6457
f 6502 6503 6456
f 6501 6502 6440
f 6500 6501 6455
f 6499 6500 6430
f 6498 6499 6439
f 6497 6498 6429
f 6497 6438 6425
f 6425 6532 6497
f 6533 6534 6424
f 6424 6483 6533
f 6437 6450 6535
f 6451 6437 6536
f 6452 6451 6537
f 6453 6452 6538
f 6454 6453 6539
f 6468 6454 6540
f 6469 6468 6541
f 6470 6469 6542
f 6472 6470 6543
f 6473 6472 6544
f 6484 6473 6545
f 6477 6484 6546
f 6478 6477 6547
f 6479 6478 6548
f 6480 6479 6549
f 6481 6480 6550
f 6474 6481 6551
f 6475 6474 6552
f 6471 6475 6553
f 6482 6471 6554
f 6476 6482 6555
f 6485 6476 6556
f 6486 6485 6557
f 6487 6486 6558
f 6488 6487 6559
f 6489 6488 6560
f 6490 6489 6561
f 6491 6490 6562
f 6493 6491 6563
f 6492 6493 6564
f 6495 6492 6565
f 6496 6495 6566
f 6494 6496 6567
f 6483 6494 6568
f 6568 6533 6483
f 6567 6568 6494
f 6566 6567 6496
f 6565 6566 6495
f 6564 6565 6492
f 6563 6564 6493
f 6562 6563 6491
f 6561 6562 6490
f 6560 6561 6489
f 6559 6560 6488
f 6558 6559 6487
f 6557 6558 6486
f 6556 6557 6485
f 6555 6556 6476
f 6554 6555 6482
f 6553 6554 6471
f 6552 6553 6475
f 6551 6552 6474
f 6550 6551 6481
f 6549 6550 6480
f 6548 6549 6479
f 6547 6548 6478
f 6546 6547 6477
f 6545 6546 6484
f 6544 6545 6473
f 6543 6544 6472
f 6542 6543 6470
f 6541 6542 6469
f 6540 6541 6468
f 6539 6540 6454
f 6538 6539 6453
f 6537 6538 6452
f 6536 6537 6451
f 6535 6536 6437
f 6569 6570 5746
f 6570 5742 5743
f 5746 5747 6569
f 6570 5744 5745
f 6570 5741 5742
f 6571 5816 5817
f 6571 5811 5812
f 6572 6569 5757
f 5745 5746 6570
f 6570 5740 5741
f 6570 5738 5739
f 6571 5828 5829
f 6571 5815 5816
f 6571 5813 5814
f 6571 5810 5811
f 6571 5808 5809
f 6573 5805 5806
f 6574 5758 5759
f 5758 6574 6572
f 5747 5748 6569
f 5739 5740 6570
f 6575 6576 5731
f 6577 5730 5731
f 6571 5827 5828
f 5814 5815 6571
f 5809 5810 6571
f 6571 5806 5807
f 6573 5804 5805
f 6578 6579 5767
f 6580 5764 5765
f 6581 5760 5761
f 6582 5759 5760
f 5757 5758 6572
f 6569 5749 5750
f 5743 5744 6570
f 6570 5736 5737
f 6570 6583 5735
f 6584 6585 5733
f 6586 6587 5732
f 5732 6587 6575
f 5731 6576 6577
f 6588 6589 5726
f 6590 6591 5719
f 5829 6592 6571
f 6571 5825 5826
f 6571 5823 5824
f 6571 5820 5821
f 5812 5813 6571
f 5806 6571 6573
f 6573 5802 5803
f 6573 5800 5801
f 6593 5770 5771
f 6594 5769 5770
f 6595 6596 5768
f 5768 6596 6578
f 6597 6598 5766
f 5765 6599 6580
f 6600 6601 5763
f 6602 6603 5762
f 6604 6605 5761
f 5761 6605 6581
f 5760 6606 6582
f 6569 5756 5757
f 6569 5754 5755
f 6569 5751 5752
f 5748 5749 6569
f 5735 5736 6570
f 6607 5734 5735
f 5734 6607 6584
f 5733 6585 6586
f 6577 6608 5730
f 6609 5729 5730
f 6610 5728 5729
f 6611 5727 5728
f 5727 6611 6588
f 6612 5722 5723
f 6613 5721 5722
f 6614 5720 5721
f 5720 6614 6590
f 6615 6616 5717
f 5829 5830 6592
f 5824 5825 6571
f 5821 5822 6571
f 6571 5818 5819
f 5807 5808 6571
f 5801 5802 6573
f 6573 5796 5797
f 6573 5793 5794
f 6617 6618 5776
f 6618 6619 5775
f 6620 6621 5773
f 6622 6623 5772
f 6624 5771 5772
f 5771 6625 6593
f 5770 6626 6594
f 5767 5768 6578
f 5767 6579 6597
f 6627 5765 5766
f 5763 5764 6600
f 5763 6601 6602
f 5762 6603 6604
f 6582 6628 5759
f 5755 5756 6569
f 5752 5753 6569
f 5737 5738 6570
f 5733 5734 6584
f 5731 5732 6575
f 5730 6608 6609
f 5729 6629 6610
f 5726 5727 6588
f 6630 5723 5724
f 5723 6631 6612
f 5722 6632 6613
f 5719 5720 6590
f 5719 6591 6615
f 6633 6592 5718
f 6592 5833 5834
f 6592 5831 5832
f 5826 5827 6571
f 5819 5820 6571
f 5803 5804 6573
f 6573 5798 5799
f 6573 5795 5796
f 6573 5792 5793
f 6617 5782 5783
f 5775 5776 6618
f 5774 6634 6620
f 5773 6621 6622
f 5772 6623 6624
f 6594 6595 5769
f 5766 5767 6597
f 5766 6598 6627
f 5762 5763 6602
f 6581 6606 5760
f 5753 5754 6569
f 5735 6583 6607
f 6609 6629 5729
f 5728 6635 6611
f 6636 6637 5725
f 6638 6639 5724
f 5724 6639 6630
f 6613 6640 5721
f 5717 5719 6615
f 5717 6616 6633
f 5832 5833 6592
f 5822 5823 6571
f 5799 5800 6573
f 5794 5795 6573
f 6573 5783 5784
f 6617 5781 5782
f 5776 5777 6617
f 6634 5774 5775
f 5772 5773 6622
f 6593 6626 5770
f 6627 6599 5765
f 5761 5762 6604
f 5750 5751 6569
f 6610 6635 5728
f 5726 6589 6636
f 5725 6637 6638
f 6612 6632 5722
f 5718 5717 6633
f 5830 5831 6592
f 5797 5798 6573
f 6573 5788 5789
f 5784 5785 6573
f 6617 5780 5781
f 6617 5778 5779
f 5775 6619 6634
f 6624 6625 5771
f 6580 6600 5764
f 5732 5733 6586
f 5724 5725 6638
f 5721 6640 6614
f 5817 5818 6571
f 6573 5790 5791
f 6573 5787 5788
f 5785 5786 6573
f 5779 5780 6617
f 5773 5774 6620
f 5759 6628 6574
f 6630 6631 5723
f 5791 5792 6573
f 5786 5787 6573
f 5777 5778 6617
f 5725 5726 6636
f 5789 5790 6573
f 5768 5769 6595
f 5783 6573 6617
f 5834 5718 6592
f 6617 6573 6641
f 6641 6642 6617
f 6643 6644 6571
f 6571 6592 6643
f 6618 6617 6642
f 6619 6618 6645
f 6634 6619 6646
f 6620 6634 6647
f 6621 6620 6648
f 6622 6621 6649
f 6623 6622 6650
f 6624 6623 6651
f 6625 6624 6652
f 6593 6625 6653
f 6626 6593 6654
f 6594 6626 6655
f 6595 6594 6656
f 6596 6595 6657
f 6578 6596 6658
f 6579 6578 6659
f 6597 6579 6660
f 6598 6597 6661
f 6627 6598 6662
f 6599 6627 6663
f 6580 6599 6664
f 6600 6580 6665
f 6601 6600 6666
f 6602 6601 6667
f 6603 6602 6668
f 6604 6603 6669
f 6605 6604 6670
f 6581 6605 6671
f 6606 6581 6672
f 6582 6606 6673
f 6628 6582 6674
f 6574 6628 6675
f 6572 6574 6676
f 6569 6572 6677
f 6677 6678 6569
f 6676 6677 6572
f 6675 6676 6574
f 6674 6675 6628
f 6673 6674 6582
f 6672 6673 6606
f 6671 6672 6581
f 6670 6671 6605
f 6669 6670 6604
f 6668 6669 6603
f 6667 6668 6602
f 6666 6667 6601
f 6665 6666 6600
f 6664 6665 6580
f 6663 6664 6599
f 6662 6663 6627
f 6661 6662 6598
f 6660 6661 6597
f 6659 6660 6579
f 6658 6659 6578
f 6657 6658 6596
f 6656 6657 6595
f 6655 6656 6594
f 6654 6655 6626
f 6653 6654 6593
f 6652 6653 6625
f 6651 6652 6624
f 6650 6651 6623
f 6649 6650 6622
f 6648 6649 6621
f 6647 6648 6620
f 6646 6647 6634
f 6645 6646 6619
f 6642 6645 6618
f 6583 6570 6679
f 6607 6583 6680
f 6584 6607 6681
f 6585 6584 6682
f 6586 6585 6683
f 6587 6586 6684
f 6575 6587 6685
f 6576 6575 6686
f 6577 6576 6687
f 6608 6577 6688
f 6609 6608 6689
f 6629 6609 6690
f 6610 6629 6691
f 6635 6610 6692
f 6611 6635 6693
f 6588 6611 6694
f 6589 6588 6695
f 6636 6589 6696
f 6637 6636 6697
f 6638 6637 6698
f 6639 6638 6699
f 6630 6639 6700
f 6631 6630 6701
f 6612 6631 6702
f 6632 6612 6703
f 6613 6632 6704
f 6640 6613 6705
f 6614 6640 6706
f 6590 6614 6707
f 6591 6590 6708
f 6615 6591 6709
f 6616 6615 6710
f 6633 6616 6711
f 6592 6633 6712
f 6712 6643 6592
f 6711 6712 6633
f 6710 6711 6616
f 6709 6710 6615
f 6708 6709 6591
f 6707 6708 6590
f 6706 6707 6614
f 6705 6706 6640
f 6704 6705 6613
f 6703 6704 6632
f 6702 6703 6612
f 6701 6702 6631
f 6700 6701 6630
f 6699 6700 6639
f 6698 6699 6638
f 6697 6698 6637
f 6696 6697 6636
f 6695 6696 6589
f 6694 6695 6588
f 6693 6694 6611
f 6692 6693 6635
f 6691 6692 6610
f 6690 6691 6629
f 6689 6690 6609
f 6688 6689 6608
f 6687 6688 6577
f 6686 6687 6576
f 6685 6686 6575
f 6684 6685 6587
f 6683 6684 6586
f 6682 6683 6585
f 6681 6682 6584
f 6680 6681 6607
f 6679 6680 6583
f 6713 6565 6564
f 6714 6528 6527
f 6713 6566 6565
f 6713 6568 6567
f 6714 6525 6524
f 6527 6526 6714
f 6713 6556 6555
f 6567 6566 6713
f 6713 6715 6533
f 6713 6548 6547
f 6713 6550 6549
f 6526 6525 6714
f 6714 6716 6531
f 6714 6510 6509
f 6714 6512 6511
f 6714 6514 6513
f 6713 6554 6553
f 6713 6557 6556
f 6713 6559 6558
f 6713 6563 6562
f 6533 6568 6713
f 6713 6536 6535
f 6713 6542 6541
f 6713 6546 6545
f 6549 6548 6713
f 6714 6522 6521
f 6714 6529 6528
f 6531 6530 6714
f 6714 6501 6500
f 6509 6508 6714
f 6513 6512 6714
f 6553 6552 6713
f 6558 6557 6713
f 6713 6561 6560
f 6564 6563 6713
f 6713 6537 6536
f 6541 6540 6713
f 6547 6546 6713
f 6714 6519 6518
f 6714 6523 6522
f 6530 6529 6714
f 6500 6499 6714
f 6714 6505 6504
f 6714 6507 6506
f 6511 6510 6714
f 6555 6554 6713
f 6562 6561 6713
f 6713 6538 6537
f 6540 6539 6713
f 6713 6544 6543
f 6713 6551 6550
f 6714 6520 6519
f 6524 6523 6714
f 6714 6502 6501
f 6504 6503 6714
f 6508 6507 6714
f 6560 6559 6713
f 6534 6533 6715
f 6539 6538 6713
f 6545 6544 6713
f 6714 6517 6516
f 6521 6520 6714
f 6503 6502 6714
f 6714 6515 6514
f 6715 6717 6534
f 6543 6542 6713
f 6518 6517 6714
f 6714 6498 6497
f 6506 6505 6714
f 6535 6716 6713
f 6516 6515 6714
f 6499 6498 6714
f 6532 6718 6719
f 6716 6535 6531
f 6719 6497 6532
f 6497 6719 6714
f 6552 6551 6713
f 6720 2238 2239
f 6720 2233 2234
f 6720 2231 2232
f 2239 2240 6720
f 6720 2235 2236
f 2232 2233 6720
f 6721 2230 2231
f 6722 6723 2182
f 6720 2237 2238
f 2234 2235 6720
f 6721 2229 2230
f 2182 2183 6722
f 6724 6720 2246
f 6720 2243 2244
f 2240 2241 6720
f 2231 6720 6721
f 6721 2225 2227
f 6721 2217 2218
f 6721 6725 2215
f 2183 2184 6722
f 6723 2179 2180
f 6720 2245 2246
f 6720 2242 2243
f 2236 2237 6720
f 2227 2228 6721
f 2218 2219 6721
f 6725 2214 2215
f 6723 2181 2182
f 6723 2178 2179
f 6724 2247 2248
f 2244 2245 6720
f 2228 2229 6721
f 6721 2220 2221
f 6721 2216 2217
f 6725 2213 2214
f 2180 2181 6723
f 6723 2176 2177
f 6723 2172 2173
f 6723 2170 2171
f 2248 2249 6724
f 2241 2242 6720
f 6721 2223 2224
f 2221 2222 6721
f 2215 2216 6721
f 6725 2211 2212
f 2177 2178 6723
f 6723 2175 2174
f 2171 2172 6723
f 6723 2168 2169
f 6723 2163 2164
f 2246 2247 6724
f 2224 2226 6721
f 2219 2220 6721
f 6725 2210 2211
f 6722 2186 2187
f 2174 2176 6723
f 2169 2170 6723
f 6723 2166 2167
f 2164 2165 6723
f 2226 2225 6721
f 2212 2213 6725
f 6722 2190 2191
f 6722 2188 2189
f 6722 2185 2186
f 2173 2175 6723
f 2165 2166 6723
f 6724 2253 2254
f 2222 2223 6721
f 6725 2208 2209
f 6722 2195 2196
f 6722 2193 2194
f 2191 2192 6722
f 2187 2188 6722
f 2167 2168 6723
f 6726 2162 2163
f 6726 2160 2161
f 6726 2157 2158
f 2254 2255 6724
f 6724 2250 2251
f 2209 2210 6725
f 6722 2201 2202
f 2194 2195 6722
f 2189 2190 6722
f 2163 6723 6726
f 6726 2159 2160
f 6726 2156 2157
f 6726 2152 2153
f 6724 2257 2258
f 6724 2252 2253
f 2249 2250 6724
f 6725 2204 2205
f 6722 2200 2201
f 2192 2193 6722
f 2161 2162 6726
f 6726 2155 2156
f 2153 2154 6726
f 6726 2147 2148
f 6724 2256 2257
f 2251 2252 6724
f 6725 2206 2207
f 6725 2203 2204
f 2202 6725 6722
f 6722 2197 2198
f 2184 2185 6722
f 2154 2155 6726
f 6726 2150 2151
f 2148 2149 6726
f 6726 2144 2145
f 2258 2259 6724
f 2207 2208 6725
f 2202 2203 6725
f 2198 2199 6722
f 2158 2159 6726
f 2149 2150 6726
f 2145 2146 6726
f 6726 6724 2260
f 2255 2256 6724
f 2199 2200 6722
f 2151 2152 6726
f 2260 2144 6726
f 2205 2206 6725
f 2146 2147 6726
f 2196 2197 6722
f 2259 2260 6724
f 6724 6719 6718
f 6718 6720 6724
f 6726 6714 6719
f 6719 6724 6726
f 6723 6716 6714
f 6714 6726 6723
f 6723 6722 6713
f 6713 6716 6723
f 6725 6721 6717
f 6717 6715 6725
f 6715 6713 6722
f 6722 6725 6715
f 6727 6728 6678
f 6729 6705 6704
f 6678 6677 6727
f 6727 6648 6647
f 6727 6656 6655
f 6727 6658 6657
f 6729 6706 6705
f 6729 6708 6707
f 6729 6684 6683
f 6729 6686 6685
f 6729 6689 6688
f 6727 6675 6674
f 6677 6676 6727
f 6727 6645 6642
f 6647 6646 6727
f 6657 6656 6727
f 6727 6660 6659
f 6707 6706 6729
f 6685 6684 6729
f 6688 6687 6729
f 6727 6673 6672
f 6676 6675 6727
f 6646 6645 6727
f 6727 6652 6651
f 6659 6658 6727
f 6727 6662 6661
f 6729 6703 6702
f 6729 6709 6708
f 6729 6711 6710
f 6729 6680 6679
f 6729 6682 6681
f 6687 6686 6729
f 6729 6691 6690
f 6729 6693 6692
f 6727 6668 6667
f 6727 6671 6670
f 6674 6673 6727
f 6727 6649 6648
f 6651 6650 6727
f 6727 6654 6653
f 6661 6660 6727
f 6729 6697 6696
f 6729 6700 6699
f 6704 6703 6729
f 6729 6712 6711
f 6681 6680 6729
f 6690 6689 6729
f 6729 6694 6693
f 6727 6664 6663
f 6727 6666 6665
f 6727 6669 6668
f 6672 6671 6727
f 6650 6649 6727
f 6655 6654 6727
f 6729 6698 6697
f 6729 6701 6700
f 6710 6709 6729
f 6729 6730 6643
f 6683 6682 6729
f 6729 6695 6694
f 6665 6664 6727
f 6670 6669 6727
f 6641 6731 6732
f 6653 6652 6727
f 6699 6698 6729
f 6643 6712 6729
f 6692 6691 6729
f 6667 6666 6727
f 6642 6732 6727
f 6644 6643 6730
f 6702 6701 6729
f 6679 6678 6728
f 6732 6642 6641
f 6696 6695 6729
f 6663 6662 6727
f 6679 6728 6729
f 6730 6733 6644
f 6734 6735 902
f 6735 895 896
f 6735 893 894
f 6734 905 906
f 902 903 6734
f 6735 900 901
f 6735 897 898
f 894 895 6735
f 6735 891 892
f 6735 887 889
f 6736 879 880
f 6734 907 908
f 6734 904 905
f 901 902 6735
f 898 899 6735
f 892 893 6735
f 889 890 6735
f 6735 883 884
f 6736 882 883
f 880 881 6736
f 6734 909 910
f 906 907 6734
f 899 900 6735
f 890 891 6735
f 883 6735 6736
f 6736 878 879
f 6736 876 877
f 908 909 6734
f 896 897 6735
f 6735 886 888
f 881 882 6736
f 6736 875 876
f 6736 872 873
f 6737 966 967
f 6737 961 962
f 6738 936 937
f 6739 935 936
f 903 904 6734
f 6735 885 886
f 877 878 6736
f 873 874 6736
f 6737 965 966
f 962 963 6737
f 6737 6738 951
f 6738 949 950
f 6738 947 948
f 936 6738 6739
f 6739 931 932
f 6739 923 924
f 6734 919 920
f 6734 912 913
f 888 887 6735
f 874 875 6736
f 6740 969 970
f 6740 967 968
f 6737 964 965
f 6737 960 961
f 6737 955 956
f 6737 954 953
f 951 952 6737
f 948 949 6738
f 6739 934 935
f 932 933 6739
f 6739 927 928
f 924 925 6739
f 6734 921 922
f 6734 918 919
f 6734 915 916
f 6734 911 912
f 884 885 6735
f 970 971 6740
f 967 6740 6737
f 6737 959 960
f 6737 957 958
f 953 955 6737
f 950 951 6738
f 6738 945 946
f 6738 943 944
f 933 934 6739
f 6739 929 930
f 6739 926 927
f 6739 922 923
f 920 921 6734
f 916 917 6734
f 910 911 6734
f 6736 870 871
f 6740 972 973
f 968 969 6740
f 958 959 6737
f 952 954 6737
f 944 945 6738
f 6738 941 942
f 6738 939 940
f 937 938 6738
f 928 929 6739
f 922 6739 6734
f 6734 914 915
f 871 872 6736
f 6740 974 975
f 971 972 6740
f 956 957 6737
f 942 943 6738
f 938 939 6738
f 925 926 6739
f 913 914 6734
f 6736 868 869
f 973 974 6740
f 946 947 6738
f 930 931 6739
f 869 870 6736
f 6736 866 867
f 6736 6740 980
f 6740 976 977
f 963 964 6737
f 917 918 6734
f 6736 865 866
f 980 864 6736
f 977 978 6740
f 940 941 6738
f 864 865 6736
f 978 979 6740
f 867 868 6736
f 975 976 6740
f 979 980 6740
f 6734 6739 6730
f 6730 6729 6734
f 6728 6735 6734
f 6734 6729 6728
f 6735 6728 6727
f 6727 6736 6735
f 6732 6740 6736
f 6736 6727 6732
f 6731 6737 6740
f 6740 6732 6731
f 6739 6738 6733
f 6733 6730 6739
f 8157 8158 8159
f 8160 8161 8162
f 8159 8163 8164
f 8164 8165 8166
f 8165 8167 8168
f 8169 6741 6742
f 8170 6743 6744
f 8170 6745 6746
f 8170 6747 6748
f 6742 8170 8169
f 6742 6749 8170
f 6744 6750 8170
f 6748 6745 8170
f 8169 6751 6752
f 8170 6753 6754
f 8170 6755 6756
f 6750 6757 8170
f 6749 6747 8170
f 6752 6758 8169
f 6758 6741 8169
f 8170 6759 6760
f 6754 6761 8170
f 6757 6755 8170
f 8169 6762 6763
f 8169 6764 6765
f 8169 6766 6767
f 8169 6768 6769
f 8170 6770 6771
f 6760 6772 8170
f 6761 6773 8170
f 6746 6743 8170
f 6765 6762 8169
f 8169 6774 6766
f 6769 6775 8169
f 8170 6776 6777
f 8170 6778 6770
f 8170 6779 6780
f 6773 6759 8170
f 6763 6751 8169
f 8169 6781 6774
f 6775 6782 8169
f 8169 6783 6784
f 8169 6785 6786
f 6771 6776 8170
f 6780 6787 8170
f 6756 6753 8170
f 6782 6781 8169
f 8169 6788 6783
f 8169 6789 6785
f 8169 6790 6791
f 8169 6792 6793
f 8169 6794 6795
f 8168 8167 6796
f 8170 6797 6798
f 8170 6799 6800
f 8170 6801 6802
f 8170 6803 6804
f 8170 6805 6806
f 6787 6778 8170
f 6767 6764 8169
f 8169 6807 6788
f 8169 6808 6789
f 6793 6790 8169
f 6795 6809 8169
f 8168 6810 6811
f 8168 6812 6813
f 8167 6814 6796
f 8167 6815 6816
f 8167 6817 6818
f 6798 6819 8170
f 8170 6820 6821
f 8170 6822 6799
f 6802 6823 8170
f 8170 6824 6825
f 6806 6803 8170
f 6772 6779 8170
f 6786 6807 8169
f 6809 6792 8169
f 8169 6826 6827
f 8169 6828 6829
f 8168 6830 6831
f 6813 6810 8168
f 6811 6830 8168
f 8167 6832 6814
f 6818 6815 8167
f 8170 6833 6834
f 8170 6835 6836
f 8170 6837 6838
f 8170 6839 6797
f 6821 6840 8170
f 8170 6841 6842
f 6823 6822 8170
f 6825 6843 8170
f 6777 6805 8170
f 6791 6808 8169
f 8169 6844 6845
f 6829 6826 8169
f 8169 6846 6847
f 8169 6848 6849
f 8168 6850 6851
f 8168 6852 6853
f 6816 6832 8167
f 8167 6854 6855
f 8167 6856 6857
f 6834 8167 8170
f 6834 6858 8167
f 8170 6859 6860
f 6838 6835 8170
f 6840 6839 8170
f 8170 6861 6862
f 8170 6863 6864
f 6800 6841 8170
f 6843 6865 8170
f 6784 6768 8169
f 6827 6844 8169
f 6849 6846 8169
f 8169 6866 6867
f 8169 6868 6869
f 8169 8168 6870
f 8168 6871 6850
f 8168 6872 6873
f 8168 6874 6875
f 8168 6876 6852
f 6796 6812 8168
f 8167 6877 6878
f 8167 6879 6880
f 8167 6881 6882
f 6855 6883 8167
f 8167 6884 6885
f 8167 6886 6856
f 8167 6887 6888
f 8167 6889 6890
f 6858 6889 8167
f 8170 6891 6892
f 6836 6859 8170
f 6862 6820 8170
f 8170 6893 6863
f 6865 6801 8170
f 6845 6794 8169
f 6867 6848 8169
f 8169 6894 6895
f 8169 6896 6868
f 8168 6897 6870
f 8168 6898 6899
f 8168 6900 6871
f 8168 6901 6902
f 6873 6903 8168
f 8168 6904 6874
f 8168 6905 6906
f 6831 6876 8168
f 8167 6907 6908
f 8167 6909 6910
f 6878 6911 8167
f 8167 6912 6879
f 6883 6881 8167
f 8167 6913 6914
f 8167 6915 6916
f 6885 6917 8167
f 6857 6918 8167
f 8167 6919 6920
f 8167 6921 6922
f 6888 6923 8167
f 6923 6921 8167
f 6860 6891 8170
f 6864 6861 8170
f 6804 6824 8170
f 8169 6924 6925
f 8169 6926 6927
f 6895 6866 8169
f 6870 6896 8169
f 8168 6928 6929
f 8168 6930 6931
f 8168 6932 6933
f 6899 6934 8168
f 8168 6935 6936
f 6902 6900 8168
f 8168 6937 6938
f 6875 6872 8168
f 8168 6939 6940
f 8168 6941 6942
f 6853 6905 8168
f 8167 6943 6907
f 6910 6944 8167
f 6880 6877 8167
f 6914 6854 8167
f 6917 6915 8167
f 6918 6945 8167
f 8167 6946 6919
f 8167 6947 6948
f 6922 6949 8167
f 6892 6833 8170
f 6842 6893 8170
f 6927 6924 8169
f 6869 6894 8169
f 8168 6950 6951
f 8168 6952 6953
f 6931 6928 8168
f 8168 6954 6932
f 8168 6955 6898
f 6851 6935 8168
f 6903 6937 8168
f 6940 6956 8168
f 6906 6941 8168
f 8167 6957 6958
f 6944 6943 8167
f 8167 6959 6960
f 6882 6912 8167
f 6945 6884 8167
f 6920 6961 8167
f 6948 6962 8167
f 6962 6963 8167
f 8167 6949 6964
f 6890 6887 8167
f 6925 6828 8169
f 6951 6897 8168
f 6929 6952 8168
f 6933 6965 8168
f 6936 6955 8168
f 6956 6904 8168
f 8167 6966 6817
f 6908 6957 8167
f 8167 6967 6968
f 6911 6959 8167
f 6961 6886 8167
f 6964 6969 8167
f 6819 6837 8170
f 6953 6950 8168
f 6934 6954 8168
f 6942 6939 8168
f 6968 6909 8167
f 6916 6913 8167
f 8167 6970 6971
f 8167 6972 6973
f 6969 6947 8167
f 6847 6926 8169
f 6938 6901 8168
f 6960 6967 8167
f 8167 6974 6970
f 6963 6972 8167
f 6965 6930 8168
f 6971 6946 8167
f 6973 6974 8167
f 8171 6975 6976
f 8170 6977 6978
f 8172 6979 6980
f 6976 8172 8171
f 6976 6981 8172
f 8171 6982 6983
f 8171 6984 6985
f 8171 6986 6987
f 8171 6988 6989
f 8169 6990 6991
f 8169 6992 6993
f 8170 6994 6995
f 8170 6996 6977
f 8170 6997 6998
f 8172 6999 7000
f 8172 7001 7002
f 8172 7003 7004
f 8172 7005 6979
f 6985 6982 8171
f 6989 6986 8171
f 8171 7006 7007
f 8171 7008 7009
f 8171 7010 7011
f 8171 7012 7013
f 8169 7014 7015
f 8169 7016 7017
f 8169 7018 6990
f 6993 7019 8169
f 8169 8170 7020
f 8170 7021 7022
f 8170 7023 7024
f 8170 7025 7026
f 6995 7027 8170
f 8170 7028 7029
f 8170 7030 7031
f 8170 7032 6996
f 8170 7033 6997
f 8170 7034 7035
f 8172 7036 7037
f 8172 7038 7039
f 8172 7040 7041
f 8172 7042 7043
f 8172 7044 7045
f 8172 7046 7047
f 8172 7048 7049
f 7002 6999 8172
f 8172 7050 7003
f 6981 7005 8172
f 8171 7051 7052
f 6987 6984 8171
f 8171 7053 7006
f 8171 7054 7055
f 8171 7056 7057
f 8171 7058 7059
f 7009 7060 8171
f 7013 7010 8171
f 8171 7061 7062
f 8171 7063 7064
f 8171 8169 7065
f 7015 7066 8169
f 8169 7067 7068
f 7017 7069 8169
f 8169 7070 7018
f 7019 7071 8169
f 7020 7072 8169
f 8170 7073 7074
f 7024 7021 8170
f 7027 7025 8170
f 8170 7075 7028
f 8170 7076 7030
f 6998 7032 8170
f 8170 7077 7034
f 8170 7078 7079
f 7037 8170 8172
f 7037 7080 8170
f 8172 7081 7082
f 7041 7038 8172
f 8172 7083 7084
f 7043 7085 8172
f 8172 7086 7044
f 7049 7046 8172
f 8172 7087 7088
f 8172 7089 7090
f 8172 7091 7001
f 6980 7050 8172
f 7052 7092 8171
f 7007 6988 8171
f 7055 7093 8171
f 8171 7094 7095
f 7057 7096 8171
f 8171 7097 7098
f 7060 7058 8171
f 8171 7099 7100
f 8171 7101 7102
f 7062 7012 8171
f 8171 7103 7104
f 8171 7105 7063
f 8169 7106 7065
f 8169 7107 7108
f 8169 7109 7110
f 8169 7111 7014
f 7069 7067 8169
f 8169 7112 7113
f 8169 7114 7115
f 8169 7116 7117
f 8169 7118 7119
f 7071 7070 8169
f 7072 7120 8169
f 8170 7121 7122
f 8170 7123 7124
f 7074 7125 8170
f 7026 7023 8170
f 7031 7075 8170
f 7035 7033 8170
f 8170 7126 7127
f 8170 7128 7129
f 8170 7130 7131
f 7079 7132 8170
f 7132 7133 8170
f 8170 7134 7135
f 8170 7136 7137
f 8170 7138 7139
f 7080 7138 8170
f 8172 7140 7141
f 7039 7081 8172
f 7085 7083 8172
f 8172 7142 7143
f 7047 7086 8172
f 7090 7087 8172
f 8172 7144 7145
f 8172 7146 7147
f 8172 7148 7091
f 8172 7149 7150
f 7092 6975 8171
f 7093 7053 8171
f 8171 7151 7094
f 8171 7152 7056
f 7059 7097 8171
f 8171 7153 7154
f 7102 7099 8171
f 7104 7061 8171
f 7065 7105 8171
f 8169 7155 7156
f 8169 7157 7158
f 8169 7159 7107
f 7110 7160 8169
f 7068 7111 8169
f 8169 7161 7112
f 8169 7162 7163
f 8169 7164 7114
f 7117 7165 8169
f 6991 7118 8169
f 8170 7166 7020
f 7124 7121 8170
f 8170 7167 7168
f 7022 7073 8170
f 6978 7076 8170
f 7129 7126 8170
f 7131 7169 8170
f 7135 7078 8170
f 7137 7170 8170
f 7170 7134 8170
f 7082 7140 8172
f 7143 7042 8172
f 7088 7048 8172
f 8172 7171 7172
f 8172 7173 7174
f 7147 7144 8172
f 7150 7148 8172
f 8172 7175 7176
f 8172 7177 7178
f 8172 7179 7180
f 6983 7051 8171
f 7095 7181 8171
f 7098 7152 8171
f 7100 7153 8171
f 8171 7182 7183
f 7064 7103 8171
f 8169 7184 7185
f 8169 7186 7187
f 7158 7155 8169
f 7108 7188 8169
f 7066 7109 8169
f 7163 7161 8169
f 7165 7164 8169
f 7120 6992 8169
f 8170 7189 7123
f 7125 7167 8170
f 7127 7077 8170
f 8170 7190 7191
f 8170 7192 7193
f 8170 7194 7130
f 8170 7133 7195
f 7141 7036 8172
f 7045 7142 8172
f 7174 7171 8172
f 7000 7146 8172
f 7176 7196 8172
f 7180 7177 8172
f 8172 7197 7198
f 7181 7054 8171
f 7154 7008 8171
f 8171 7199 7182
f 7185 7106 8169
f 7156 7186 8169
f 7160 7159 8169
f 7115 7162 8169
f 8169 7200 7201
f 7122 7166 8170
f 7029 6994 8170
f 8170 7202 7203
f 8170 7204 7190
f 8170 7205 7192
f 7195 7194 8170
f 7139 7136 8170
f 7172 7089 8172
f 7196 7149 8172
f 7198 7179 8172
f 7096 7151 8171
f 8171 7206 7199
f 7187 7184 8169
f 7113 7016 8169
f 7119 7200 8169
f 7203 7128 8170
f 7193 7204 8170
f 8172 7207 7208
f 7145 7173 8172
f 7004 7197 8172
f 7011 7206 8171
f 7201 7116 8169
f 7191 7202 8170
f 7208 7040 8172
f 7178 7175 8172
f 7188 7157 8169
f 7169 7205 8170
f 7183 7101 8171
f 7084 7207 8172
f 8172 8173 8174
f 8173 8175 8176
f 992 985 982
f 8177 1096 1098
f 8177 1102 1104
f 1098 1100 8177
f 8177 1092 1094
f 8177 8178 1081
f 1104 1106 8177
f 1094 1096 8177
f 8177 1084 1086
f 1081 1082 8177
f 1100 1102 8177
f 8177 1088 1090
f 1082 1084 8177
f 8178 982 981
f 1090 1092 8177
f 981 1081 8178
f 1086 1088 8177
f 8170 1226 1228
f 8172 1232 1234
f 8172 1228 1230
f 8170 1224 1226
f 8170 1220 1222
f 8172 1286 1288
f 8172 1282 1284
f 8172 1272 1274
f 8172 1264 1266
f 8172 1246 1248
f 1230 1232 8172
f 1222 1224 8170
f 8179 1298 1300
f 8179 1294 1296
f 8179 8172 1292
f 1284 1286 8172
f 8172 1270 1272
f 1266 1268 8172
f 8172 1252 1254
f 1248 1250 8172
f 8172 1242 1244
f 1228 8172 8170
f 8170 1216 1218
f 1296 1298 8179
f 8172 1290 1292
f 8172 1280 1282
f 8172 1276 1278
f 1268 1270 8172
f 8172 1260 1262
f 1250 1252 8172
f 8172 1240 1242
f 8172 1236 1238
f 1218 1220 8170
f 8170 1212 1214
f 8170 1208 1210
f 1292 1294 8179
f 1278 1280 8172
f 1262 1264 8172
f 8172 1256 1258
f 1244 1246 8172
f 1234 1236 8172
f 1210 1212 8170
f 1288 1290 8172
f 1258 1260 8172
f 1238 1240 8172
f 8170 1206 1208
f 1274 1276 8172
f 1214 1216 8170
f 1254 1256 8172
f 8179 1328 1330
f 8179 1318 1320
f 8179 1326 1328
f 1320 1322 8179
f 8179 1310 1312
f 8160 1330 1332
f 8179 1324 1326
f 8179 1316 1318
f 1312 1314 8179
f 8179 1304 1306
f 1330 8160 8179
f 1314 1316 8179
f 8179 1302 1304
f 1322 1324 8179
f 1306 1308 8179
f 1308 1310 8179
f 1340 1353 8160
f 1353 1350 8161
f 3168 8180 6425
f 6425 3167 3168
f 6425 3166 3167
f 6425 3165 3166
f 6425 3164 3165
f 6425 3163 3164
f 6425 3162 3163
f 6425 3161 3162
f 6425 3160 3161
f 6425 3159 3160
f 6425 3158 3159
f 6425 3157 3158
f 6720 3104 3105
f 6534 3131 3132
f 6425 3156 3157
f 6720 3103 3104
f 3132 3133 6534
f 6425 3155 3156
f 3105 3106 6720
f 6534 3138 3139
f 6534 3130 3131
f 6425 3154 3155
f 6720 3102 3103
f 3144 3145 6424
f 3139 3140 6534
f 6534 3136 3137
f 3133 3134 6534
f 6425 3153 3154
f 6720 3108 3109
f 3106 3107 6720
f 6721 3128 6534
f 6721 3124 3125
f 6721 3117 3118
f 6721 3115 3116
f 6534 3143 3144
f 6534 3141 3142
f 3137 3138 6534
f 3134 3135 6534
f 6425 3152 3153
f 3107 3108 6720
f 6721 3127 3128
f 3125 3126 6721
f 6721 3121 3122
f 3116 3117 6721
f 6721 3113 3114
f 6424 3145 3146
f 3142 3143 6534
f 3135 3136 6534
f 6534 3128 3129
f 6425 3151 3152
f 3109 3110 6720
f 6720 3100 3101
f 3126 3127 6721
f 3122 3123 6721
f 6721 3119 3120
f 3114 3115 6721
f 6424 6534 3144
f 3129 3130 6534
f 6425 3150 3151
f 6720 3112 3113
f 3101 3102 6720
f 6720 3098 3099
f 3123 3124 6721
f 3118 3119 6721
f 3140 3141 6534
f 6425 3149 3150
f 6720 3111 3112
f 3099 3100 6720
f 3120 3121 6721
f 3146 3147 6424
f 6425 3148 3149
f 3098 6720 6532
f 3110 3111 6720
f 3147 3148 6424
f 6425 6424 3148
f 3113 6721 6720
f 6532 8180 3098
f 8180 6532 6425
f 6534 6717 6721
f 8181 3175 3176
f 8181 8180 3174
f 3174 3175 8181
f 8180 3172 3173
f 3173 3174 8180
f 8180 3168 3169
f 8181 3177 3178
f 8180 3171 3172
f 3169 3170 8180
f 3178 3179 8181
f 3170 3171 8180
f 3176 3177 8181
f 8181 3197 3198
f 8181 3195 3196
f 8181 3190 3191
f 8181 3201 3202
f 3196 3197 8181
f 8181 3193 3194
f 3191 3192 8181
f 8181 3188 3189
f 8181 3180 3181
f 3202 3203 8181
f 3194 3195 8181
f 3189 3190 8181
f 8181 3185 3186
f 8181 3183 3184
f 3181 3182 8181
f 3203 3204 8181
f 8181 3199 3200
f 3192 3193 8181
f 3186 3187 8181
f 3182 3183 8181
f 8181 3206 3207
f 3204 3205 8181
f 3198 3199 8181
f 3184 3185 8181
f 3205 3206 8181
f 3187 3188 8181
f 3200 3201 8181
f 8182 3217 3218
f 8182 3216 3217
f 8182 3214 3215
f 8182 3235 3236
f 8182 3233 3234
f 3215 3216 8182
f 8182 3212 3213
f 3234 3235 8182
f 8182 3231 3232
f 8182 3219 3220
f 3213 3214 8182
f 8182 3210 3211
f 8182 3243 3244
f 8182 3238 3239
f 3232 3233 8182
f 8182 3229 3230
f 3218 3219 8182
f 8182 3209 3210
f 3244 3245 8182
f 8182 3237 3238
f 3230 3231 8182
f 8182 3223 3224
f 8182 3221 3222
f 3211 3212 8182
f 8182 3207 3208
f 8182 3242 3243
f 8182 3240 3241
f 3236 3237 8182
f 8182 3227 3228
f 3222 3223 8182
f 3208 3209 8182
f 3241 3242 8182
f 3228 3229 8182
f 8182 3225 3226
f 3220 3221 8182
f 3239 3240 8182
f 3224 3225 8182
f 3226 3227 8182
f 8175 8182 3246
f 3246 3247 8175
f 8176 3251 3252
f 8176 3260 3261
f 3252 3253 8176
f 3261 3262 8176
f 8176 3257 3258
f 8176 3255 3256
f 3253 3254 8176
f 8176 3249 3250
f 8176 3247 3248
f 3262 3263 8176
f 3258 3259 8176
f 3254 3255 8176
f 3248 3249 8176
f 3259 3260 8176
f 3250 3251 8176
f 3256 3257 8176
f 8174 3268 3269
f 8174 3267 3268
f 8174 3265 3266
f 8174 8176 3264
f 3269 3270 8174
f 3264 3265 8174
f 3266 3267 8174
f 8171 3274 3275
f 8171 3272 3273
f 3273 3274 8171
f 8171 8174 3271
f 3271 3272 8171
f 8169 3292 3293
f 8169 3299 3300
f 8169 3297 3298
f 8169 3295 3296
f 3293 3294 8169
f 3298 3299 8169
f 3294 3295 8169
f 8169 3285 3286
f 8169 8171 3283
f 8171 3280 3281
f 8171 3276 3277
f 3296 3297 8169
f 8169 3290 3291
f 8169 3288 3289
f 3286 3287 8169
f 3283 3284 8169
f 8171 3279 3280
f 3277 3278 8171
f 3291 3292 8169
f 3287 3288 8169
f 8171 3282 3283
f 3278 3279 8171
f 3289 3290 8169
f 3281 3282 8171
f 3284 3285 8169
f 8168 8169 3323
f 8169 3319 3320
f 8169 3317 3318
f 8169 3315 3316
f 8169 3304 3305
f 3323 3324 8168
f 3318 3319 8169
f 8169 3314 3315
f 8169 3308 3309
f 8169 3303 3304
f 3324 3325 8168
f 8169 3321 3322
f 3316 3317 8169
f 8169 3312 3313
f 8169 3310 3311
f 8169 3307 3308
f 3305 3306 8169
f 8169 3301 3302
f 3322 3323 8169
f 3313 3314 8169
f 3309 3310 8169
f 3302 3303 8169
f 8168 3328 3329
f 8168 3326 3327
f 3320 3321 8169
f 3306 3307 8169
f 3327 3328 8168
f 3311 3312 8169
f 3325 3326 8168
f 8168 3334 3335
f 8168 3331 3332
f 8168 3333 3334
f 8168 3330 3331
f 8168 3336 3337
f 3332 3333 8168
f 3335 3336 8168
f 8166 3346 3347
f 8166 3348 3349
f 8166 3345 3346
f 8166 3342 3343
f 8166 3338 3339
f 3347 3348 8166
f 3343 3344 8166
f 8166 3340 3341
f 8166 3337 3338
f 3344 3345 8166
f 3339 3340 8166
f 3341 3342 8166
f 8183 3351 3352
f 8183 3349 3350
f 3350 3351 8183
f 3352 3353 8183
f 8164 3354 3355
f 8164 8183 3354
f 8184 3368 3369
f 8184 3373 3374
f 3369 3370 8184
f 8184 3372 3373
f 3370 3371 8184
f 8184 3366 3367
f 8184 3364 3365
f 8184 3356 3357
f 8184 3385 3386
f 8184 3377 3378
f 3371 3372 8184
f 3365 3366 8184
f 8184 3361 3362
f 3357 3358 8184
f 8184 3390 3391
f 8184 3384 3385
f 8184 3381 3382
f 8184 3379 3380
f 8184 3376 3377
f 3367 3368 8184
f 3362 3363 8184
f 8184 3359 3360
f 8184 3355 3356
f 3391 3392 8184
f 8184 3387 3388
f 8184 3383 3384
f 3380 3381 8184
f 8184 3375 3376
f 3363 3364 8184
f 3358 3359 8184
f 8184 3389 3390
f 3386 3387 8184
f 3378 3379 8184
f 3360 3361 8184
f 3388 3389 8184
f 3374 3375 8184
f 3382 3383 8184
f 3392 3393 8184
f 8159 3399 3400
f 8159 3398 3399
f 8159 3396 3397
f 8159 8184 3394
f 3397 3398 8159
f 3394 3395 8159
f 3395 3396 8159
f 8185 3417 3418
f 8185 3411 3412
f 8185 3403 3404
f 8185 3416 3417
f 8185 3414 3415
f 3412 3413 8185
f 8185 3409 3410
f 8185 3405 3406
f 8185 3402 3403
f 3415 3416 8185
f 3410 3411 8185
f 8185 3407 3408
f 3404 3405 8185
f 8185 3419 3420
f 3413 3414 8185
f 3406 3407 8185
f 8185 3400 3401
f 3418 3419 8185
f 3401 3402 8185
f 3408 3409 8185
f 8157 3428 3429
f 8157 8185 3427
f 8157 3431 3432
f 3427 3428 8157
f 8157 3430 3431
f 8185 3426 3427
f 8185 3423 3424
f 3429 3430 8157
f 3424 3425 8185
f 3425 3426 8185
f 8185 3421 3422
f 3422 3423 8185
f 8157 3443 3444
f 8157 3442 3443
f 8157 3446 3447
f 3444 3445 8157
f 8157 3440 3441
f 8157 3448 3449
f 3445 3446 8157
f 8157 3439 3440
f 8157 3454 3455
f 8157 3452 3453
f 8157 3450 3451
f 3447 3448 8157
f 8157 3438 3439
f 8157 3436 3437
f 8157 3434 3435
f 3453 3454 8157
f 3449 3450 8157
f 3437 3438 8157
f 8157 3433 3434
f 3451 3452 8157
f 3435 3436 8157
f 3441 3442 8157
f 6738 3500 3501
f 6738 3494 3495
f 6738 3491 3492
f 6738 6737 3488
f 6641 3462 3463
f 6737 3482 3483
f 6738 3499 3500
f 3495 3496 6738
f 6738 3490 3491
f 3488 3489 6738
f 6641 3469 3470
f 6641 3467 3468
f 6641 3461 3462
f 6641 3458 3459
f 6737 3484 3485
f 6737 3481 3482
f 6737 6731 6641
f 3501 3502 6738
f 6738 3497 3498
f 6738 3493 3494
f 3489 3490 6738
f 3468 3469 6641
f 6641 3465 3466
f 6641 3460 3461
f 6641 3457 3458
f 3457 6641 6573
f 3483 3484 6737
f 6737 3479 3480
f 6737 3477 3478
f 6737 3475 3476
f 6641 3473 6737
f 3498 3499 6738
f 3492 3493 6738
f 6641 3471 3472
f 3466 3467 6641
f 3463 3464 6641
f 6573 3456 3457
f 6737 3486 3487
f 3480 3481 6737
f 3476 3477 6737
f 3473 3474 6737
f 3496 3497 6738
f 3503 8158 6644
f 3470 3471 6641
f 3459 3460 6641
f 3485 3486 6737
f 3474 3475 6737
f 6644 6738 3503
f 3464 3465 6641
f 3478 3479 6737
f 8158 6571 6644
f 3487 3488 6737
f 6644 6733 6738
f 8157 3456 6573
f 3502 3503 6738
f 6573 6571 8157
f 6571 8158 8157
f 1349 7209 7210
f 7210 1350 1349
f 8161 1350 7210
f 1349 1440 7209
f 1440 1439 7209
f 8186 7211 7209
f 7209 1439 8186
f 8187 8162 7212
f 8161 7213 7212
f 8186 8187 7214
f 7212 8162 8161
f 7212 7214 8187
f 8178 8177 7215
f 8188 7216 7215
f 7215 8177 8188
f 8189 7217 7216
f 7216 8188 8189
f 989 992 7218
f 7219 995 989
f 7219 997 995
f 8178 7220 7218
f 8189 997 7219
f 7218 992 8178
f 7218 7219 989
f 1423 7221 7222
f 1423 7223 7224
f 1423 7225 7226
f 1433 7227 7228
f 1435 1433 7229
f 8180 1395 1393
f 1423 7230 7231
f 7222 7232 1423
f 7226 7223 1423
f 1423 7233 7234
f 1433 7235 7227
f 7235 1433 1431
f 1435 7236 7237
f 7229 7238 1435
f 8180 1389 1387
f 1393 1391 8180
f 1421 8180 7239
f 7232 7230 1423
f 7234 7225 1423
f 7224 7221 1423
f 1423 7239 7240
f 1429 7241 7242
f 1429 7243 7244
f 1433 7245 7246
f 1431 7247 7235
f 1435 7248 7249
f 7238 7236 1435
f 1437 7250 7251
f 1437 1435 7252
f 1391 1389 8180
f 8180 7253 7239
f 7240 7254 1423
f 7254 7233 1423
f 1425 7255 7256
f 1425 7257 7258
f 1425 7231 7259
f 1427 7260 7261
f 1427 7262 7263
f 1429 7264 7241
f 1429 7265 7243
f 7228 7245 1433
f 7237 7248 1435
f 1437 7266 7267
f 1437 7268 7250
f 7252 7269 1437
f 1439 1437 7270
f 3098 1359 1357
f 8180 1373 1371
f 8180 1397 1395
f 8180 1401 1399
f 8180 1409 1407
f 8180 1413 1411
f 8180 1417 1415
f 8180 1421 1419
f 8180 7271 7253
f 1425 7272 7273
f 7256 7274 1425
f 7259 7257 1425
f 7258 7255 1425
f 1427 7275 7260
f 7263 7276 1427
f 1429 7277 7264
f 1429 7261 7265
f 1431 7242 7247
f 7249 7278 1435
f 7267 7279 1437
f 7269 7268 1437
f 8186 1439 7280
f 7270 7281 1439
f 1357 3096 3097
f 1371 1369 8180
f 8180 1385 1383
f 1399 1397 8180
f 8180 1405 1403
f 1411 1409 8180
f 1419 1417 8180
f 7231 1425 1423
f 1425 7282 7272
f 7276 7275 1427
f 1427 7273 7283
f 7244 7277 1429
f 7278 7252 1435
f 7251 7266 1437
f 7281 7280 1439
f 1357 3095 3096
f 1369 1367 8180
f 8180 1377 1375
f 8180 1381 1379
f 1387 1385 8180
f 1407 1405 8180
f 7239 1423 1421
f 7274 7282 1425
f 7283 7262 1427
f 7246 7229 1433
f 7280 7284 8186
f 3093 1444 2261
f 1357 3097 3098
f 1357 1444 3095
f 8180 1361 1359
f 8180 1365 1363
f 1375 1373 8180
f 1383 1381 8180
f 1415 1413 8180
f 7261 1429 1427
f 7279 7270 1437
f 2261 3092 3093
f 1359 3098 8180
f 1367 1365 8180
f 1403 1401 8180
f 7242 1431 1429
f 3093 3094 1444
f 2261 2264 3091
f 1363 1361 8180
f 7273 1427 1425
f 3091 3092 2261
f 1379 1377 8180
f 8187 7285 7286
f 8181 7287 7288
f 8181 8187 7289
f 7286 7290 8187
f 7290 7289 8187
f 7288 7291 8181
f 7291 7292 8181
f 7289 7287 8181
f 8187 7293 7294
f 7292 7295 8181
f 8187 7296 7297
f 8187 7298 7299
f 7294 7285 8187
f 8187 7300 7301
f 8187 7302 7303
f 8187 7304 7296
f 7299 7293 8187
f 8181 7305 7306
f 8181 7307 7308
f 8181 7309 7310
f 8181 7295 7311
f 7303 7300 8187
f 7297 7298 8187
f 8181 7312 7313
f 8181 7314 7315
f 7306 7316 8181
f 7310 7307 8181
f 8181 7317 7318
f 7311 7319 8181
f 7301 7304 8187
f 8181 7320 7321
f 8181 7322 7312
f 8181 7323 7314
f 7316 7324 8181
f 7318 7309 8181
f 7319 7317 8181
f 7313 7320 8181
f 7324 7323 8181
f 8181 7325 7326
f 8187 7327 7328
f 8181 7329 7330
f 7315 7322 8181
f 7308 7325 8181
f 8187 7331 7327
f 8181 7332 7329
f 7326 7305 8181
f 8187 7333 7334
f 7328 7335 8187
f 8187 7336 7337
f 7321 7332 8181
f 7335 7333 8187
f 8187 7338 7339
f 8187 7340 7336
f 8187 7341 7342
f 8187 7343 7344
f 8181 7345 7346
f 8181 7347 7348
f 7334 7302 8187
f 7339 7349 8187
f 8187 7350 7351
f 7342 7340 8187
f 8187 7352 7353
f 8187 7354 7343
f 8186 7355 7356
f 8186 7357 7358
f 7348 7345 8181
f 8181 7359 7360
f 8181 7361 7362
f 7349 7331 8187
f 7337 7350 8187
f 7353 7363 8187
f 8187 7364 7365
f 7344 7366 8187
f 8187 7367 7368
f 8186 7369 7355
f 8186 7370 7371
f 8186 7372 7357
f 8186 7373 7374
f 7346 7375 8181
f 7362 7359 8181
f 7351 7338 8187
f 7365 7352 8187
f 8187 7376 7354
f 7368 7377 8187
f 8186 7378 7379
f 7371 7369 8186
f 7374 7372 8186
f 8186 7284 7380
f 8180 7381 7382
f 8180 7383 7384
f 8180 7385 7386
f 7360 7347 8181
f 7363 7341 8187
f 8187 7387 7388
f 8187 7389 7390
f 7377 7376 8187
f 8186 7391 7392
f 8186 7393 7394
f 7356 7378 8186
f 7380 7373 8186
f 7382 7395 8180
f 8180 7396 7383
f 7386 7397 8180
f 7330 7361 8181
f 8187 7398 7387
f 7366 7389 8187
f 8187 7399 7400
f 8187 7401 7402
f 8187 7403 7404
f 8186 7405 7391
f 8186 7406 7407
f 7379 7393 8186
f 7358 7408 8186
f 8180 7409 7410
f 8180 7411 7412
f 8180 7413 7414
f 8180 7415 7416
f 7384 7381 8180
f 7397 7417 8180
f 8181 7418 7419
f 8181 7420 7421
f 8181 7422 7423
f 8181 7424 7425
f 7388 7364 8187
f 7400 7367 8187
f 7402 7426 8187
f 7404 7427 8187
f 8187 8186 7428
f 8186 7429 7405
f 8186 7430 7406
f 8186 7431 7432
f 7408 7370 8186
f 7412 7409 8180
f 8180 7433 7434
f 7416 7413 8180
f 7417 7396 8180
f 8180 7435 7436
f 8181 7437 7418
f 7419 8180 8181
f 8181 7438 7420
f 7423 7439 8181
f 7425 7440 8181
f 8181 7441 7442
f 8181 7443 7444
f 7390 7398 8187
f 7427 7401 8187
f 8186 7445 7428
f 7407 7429 8186
f 7394 7431 8186
f 7410 7446 8180
f 8180 7447 7433
f 8180 7448 7449
f 7395 7415 8180
f 8180 7450 7435
f 7436 7385 8180
f 7419 7450 8180
f 8181 7451 7438
f 7440 7422 8181
f 7444 7441 8181
f 7426 7399 8187
f 8186 7452 7445
f 7432 7430 8186
f 7434 7411 8180
f 7414 7448 8180
f 7439 7451 8181
f 7375 7443 8181
f 7392 7452 8186
f 7449 7447 8180
f 7421 7437 8181
f 8181 7453 7454
f 7428 7403 8187
f 7442 7453 8181
f 7454 7424 8181
f 8162 7455 7456
f 8162 7457 7458
f 8162 7459 7460
f 8162 7461 7462
f 8187 7463 7464
f 8162 7465 7466
f 8162 7467 7468
f 8162 7469 7455
f 8162 7470 7457
f 8162 7471 7472
f 7462 7459 8162
f 7464 8162 8187
f 8162 7473 7474
f 8162 7475 7465
f 8162 7476 7467
f 7458 7469 8162
f 7472 7477 8162
f 7464 7461 8162
f 8187 7478 7479
f 8187 7480 7481
f 7474 7482 8162
f 8162 7483 7484
f 7468 7475 8162
f 7477 7470 8162
f 8162 7485 7486
f 7479 7463 8187
f 8187 7487 7480
f 7484 7473 8162
f 7456 7476 8162
f 7486 7488 8162
f 7481 7478 8187
f 7466 7483 8162
f 7460 7485 8162
f 7488 7471 8162
f 8172 7489 7490
f 8172 7491 7492
f 8172 7493 7494
f 8172 7495 7496
f 8172 7497 7498
f 8172 7499 7500
f 8179 7501 7502
f 8172 7503 7504
f 7490 7505 8172
f 8172 7506 7507
f 8172 7508 7491
f 8172 7509 7510
f 8172 7511 7512
f 7494 7513 8172
f 7498 7495 8172
f 8172 7514 7499
f 8179 7515 7514
f 7502 7516 8179
f 7516 7515 8179
f 8179 7517 7518
f 8179 7519 7520
f 8179 7521 7522
f 8179 7523 7524
f 8179 7525 7526
f 7505 7503 8172
f 7507 7527 8172
f 7492 7528 8172
f 8172 7529 7530
f 7512 7509 8172
f 7496 7493 8172
f 7514 8172 8179
f 7500 7531 8172
f 7518 7501 8179
f 8179 7532 7533
f 7520 7534 8179
f 7524 7521 8179
f 7526 7535 8179
f 8179 7536 7537
f 8179 8162 7538
f 7527 7489 8172
f 7530 7508 8172
f 7513 7511 8172
f 8172 7531 7539
f 7534 7532 8179
f 7535 7523 8179
f 7538 7536 8179
f 7528 7506 8172
f 7539 7497 8172
f 7533 7517 8179
f 7537 7525 8179
f 7510 7529 8172
f 7522 7519 8179
f 8175 8173 7540
f 8173 7541 7542
f 7540 7543 8175
f 8173 7544 7545
f 7542 7546 8173
f 8173 7547 7548
f 8173 7549 7550
f 8173 7551 7552
f 8173 7553 7554
f 8173 7555 7556
f 8175 7557 7558
f 8175 7559 7560
f 7543 7561 8175
f 8173 7562 7563
f 8173 7564 7544
f 7548 7541 8173
f 8173 7565 7549
f 8173 7566 7551
f 7556 7553 8173
f 7558 7567 8175
f 7561 7559 8175
f 7563 7568 8173
f 8173 7569 7570
f 8173 7571 7572
f 7546 7564 8173
f 7552 7565 8173
f 8173 7504 7555
f 7560 7557 8175
f 7570 7562 8173
f 7545 7571 8173
f 7554 7566 8173
f 7568 7540 8173
f 7550 7547 8173
f 7572 7569 8173
f 8187 7573 7574
f 8187 7575 7573
f 8187 7576 7577
f 8187 7578 7575
f 8187 7579 7576
f 8187 7580 7581
f 8187 8181 7582
f 8181 7583 7584
f 7577 7578 8187
f 7582 7580 8187
f 8181 7585 7586
f 8181 7587 7583
f 8187 7588 7589
f 7581 7579 8187
f 8181 7590 7585
f 8181 7591 7592
f 8181 7593 7587
f 8181 7594 7595
f 8181 7596 7597
f 7574 7588 8187
f 8181 7598 7590
f 8181 7599 7600
f 8181 7601 7602
f 7592 7603 8181
f 8181 7604 7605
f 8181 7606 7593
f 7597 7594 8181
f 8181 7607 7608
f 8181 7609 7610
f 8182 7611 7612
f 8182 7613 7614
f 8182 7615 7616
f 8182 7617 7618
f 8182 7619 7620
f 8175 7621 7619
f 7586 7582 8181
f 7600 7622 8181
f 7603 7601 8181
f 7605 7623 8181
f 7595 7606 8181
f 7608 7624 8181
f 8181 7625 7626
f 8181 7627 7628
f 8181 7629 7609
f 8181 7630 7631
f 7612 8181 8182
f 7614 7632 8182
f 7616 7633 8182
f 8182 7634 7635
f 8182 7636 7637
f 8182 7638 7639
f 8182 7640 7617
f 8182 7641 7642
f 7619 8182 8175
f 7622 7598 8181
f 7623 7591 8181
f 7624 7596 8181
f 7628 7625 8181
f 7631 7629 8181
f 8181 7643 7644
f 7612 7645 8181
f 7633 7613 8182
f 8182 7646 7634
f 8182 7647 7648
f 8182 7649 7636
f 8182 7650 7651
f 7618 7638 8182
f 8182 7652 7653
f 7620 7641 8182
f 8175 7654 7655
f 7602 7599 8181
f 7626 7607 8181
f 7644 7630 8181
f 7632 7611 8182
f 8182 7656 7646
f 8182 7657 7647
f 8182 7658 7659
f 7651 7649 8182
f 8182 7660 7661
f 8182 7662 7663
f 7653 7640 8182
f 8182 7664 7665
f 8182 7666 7667
f 8182 7668 7669
f 7655 7621 8175
f 8175 7670 7671
f 7584 7604 8181
f 7645 7643 8181
f 7648 7656 8182
f 7637 7658 8182
f 8182 7672 7660
f 7663 7673 8182
f 7665 7652 8182
f 7669 7666 8182
f 8182 7674 7675
f 8182 7676 7677
f 7671 7654 8175
f 8175 7678 7679
f 7610 7627 8181
f 7659 7657 8182
f 7673 7672 8182
f 7667 7664 8182
f 7675 7680 8182
f 7677 7681 8182
f 7679 7670 8175
f 7635 7615 8182
f 7639 7662 8182
f 8182 7682 7683
f 7681 7674 8182
f 7642 7684 8182
f 8175 7685 7686
f 7661 7650 8182
f 7680 7682 8182
f 8182 7687 7688
f 7686 7678 8175
f 7683 7668 8182
f 7684 7687 8182
f 7688 7676 8182
f 8188 7689 7690
f 8188 8177 7691
f 7691 7689 8188
f 8177 7692 7693
f 8177 7694 7691
f 8177 7695 7692
f 8177 7696 7697
f 8177 7698 7699
f 8177 7700 7701
f 8188 7702 7703
f 7693 7694 8177
f 8177 7704 7696
f 8177 7705 7706
f 8177 7707 7708
f 7699 7709 8177
f 8177 7710 7711
f 8177 7712 7700
f 7703 7713 8188
f 7697 7695 8177
f 8177 7714 7705
f 7709 7707 8177
f 8177 7715 7716
f 7701 7710 8177
f 7690 7702 8188
f 8177 7717 7714
f 8177 7718 7719
f 7716 7698 8177
f 8177 7720 7712
f 7706 7704 8177
f 7719 7721 8177
f 7711 7715 8177
f 7721 7717 8177
f 8177 7722 7720
f 7708 7718 8177
f 8164 7723 7724
f 8163 7725 7723
f 8164 7726 7727
f 8164 7728 7729
f 7723 8164 8163
f 7724 7730 8164
f 8163 7731 7732
f 8163 8188 7733
f 7727 7734 8164
f 8164 7735 7736
f 7729 7737 8164
f 8163 7738 7739
f 8163 7740 7741
f 7732 7742 8163
f 8163 7743 7744
f 8163 7745 7746
f 8163 7747 7748
f 8188 7749 7733
f 8188 7750 7751
f 8164 7752 7753
f 8164 7754 7755
f 7734 7756 8164
f 8164 7757 7758
f 7736 7759 8164
f 8164 7760 7728
f 7739 7725 8163
f 8163 7761 7762
f 8163 7763 7764
f 8163 7765 7740
f 7744 7731 8163
f 8163 7766 7745
f 8163 7767 7747
f 8163 7768 7769
f 7751 7749 8188
f 8188 7770 7771
f 8164 7772 7773
f 7753 7774 8164
f 8164 7775 7776
f 8164 7777 7778
f 8164 7779 7780
f 8164 7781 7754
f 7756 7782 8164
f 8164 7783 7757
f 8164 7784 7735
f 7730 7760 8164
f 8163 7785 7786
f 7764 7761 8163
f 7742 7765 8163
f 8163 7787 7788
f 8163 7789 7790
f 8163 7791 7792
f 8163 7793 7794
f 8163 7795 7796
f 8163 7797 7798
f 7748 7766 8163
f 7769 7799 8163
f 7771 7750 8188
f 8188 7800 7801
f 8165 7802 7803
f 8164 7804 7802
f 8164 7805 7772
f 7776 7752 8164
f 7780 7777 8164
f 8164 7806 7807
f 8164 7808 7809
f 8164 7810 7811
f 8164 7812 7813
f 7782 7781 8164
f 7759 7783 8164
f 7786 7738 8163
f 7741 7763 8163
f 7790 7787 8163
f 7794 7791 8163
f 7796 7814 8163
f 8163 7815 7797
f 7799 7767 8163
f 8163 7816 7817
f 7801 7770 8188
f 8188 7818 7819
f 7803 7820 8165
f 8164 7821 7804
f 8164 7822 7823
f 8164 7824 7825
f 7774 7805 8164
f 7807 7779 8164
f 7811 7808 8164
f 8164 7826 7827
f 8164 7828 7829
f 7755 7812 8164
f 7737 7784 8164
f 7788 7743 8163
f 7814 7793 8163
f 7746 7815 8163
f 7817 7830 8163
f 7819 7800 8188
f 7820 7831 8165
f 7823 7821 8164
f 7773 7824 8164
f 7809 7806 8164
f 8164 7832 7826
f 8164 7833 7834
f 7813 7828 8164
f 7762 7785 8163
f 7798 7795 8163
f 7733 7816 8163
f 8165 7835 7836
f 7802 8165 8164
f 7778 7775 8164
f 7834 7832 8164
f 7758 7726 8164
f 7830 7768 8163
f 8165 7837 7838
f 7831 7835 8165
f 7827 7810 8164
f 7792 7789 8163
f 7836 7837 8165
f 7829 7833 8164
f 7825 7822 8164
f 8167 7839 7840
f 8167 7841 7842
f 8167 7843 7839
f 8165 7844 7845
f 7840 7841 8167
f 7845 8167 8165
f 7845 7843 8167
f 8165 7846 7847
f 8167 7848 7849
f 8167 7850 7851
f 8167 7852 7853
f 8167 7854 7855
f 7847 7844 8165
f 8165 7856 7857
f 7849 7858 8167
f 8167 7859 7860
f 7853 7850 8167
f 7855 7861 8167
f 8167 7862 7863
f 7857 7846 8165
f 8165 7864 7865
f 7860 7848 8167
f 7861 7852 8167
f 8167 7866 7867
f 7863 7868 8167
f 7842 7869 8167
f 8165 7870 7864
f 7851 7859 8167
f 7868 7866 8167
f 8167 7871 7872
f 7865 7856 8165
f 7867 7854 8167
f 7869 7871 8167
f 7872 7862 8167
f 7873 7874 1198
f 1198 1200 7873
f 7875 7876 1148
f 7877 7878 1180
f 7874 1194 1196
f 7874 1190 1192
f 1200 1202 7873
f 7722 1126 1128
f 7722 1116 1118
f 1148 1150 7875
f 7879 7875 1152
f 7880 7879 1154
f 7877 1184 1186
f 1180 1182 7877
f 1192 1194 7874
f 7874 7877 1188
f 1202 1204 7873
f 1206 7881 7882
f 7722 1124 1126
f 7722 1114 1116
f 7722 8177 1110
f 7883 7884 1142
f 1152 1154 7879
f 1154 1156 7880
f 7885 7880 1158
f 7886 7885 1162
f 7887 7886 1166
f 1182 1184 7877
f 1188 1190 7874
f 7882 7873 1206
f 1206 7888 7889
f 8170 7890 7891
f 7722 1122 1124
f 1118 1120 7722
f 1110 1112 7722
f 7892 7893 1138
f 7884 7892 1140
f 1142 1144 7883
f 7876 7883 1146
f 1156 1158 7880
f 1158 1160 7885
f 1162 1164 7886
f 1166 1168 7887
f 1196 1198 7874
f 1206 7894 7881
f 7889 7895 1206
f 8170 7896 7888
f 8170 7897 7898
f 8170 7899 7890
f 1120 1122 7722
f 8177 1108 1110
f 1128 1130 7900
f 7901 7900 1130
f 7893 7902 1134
f 1140 1142 7884
f 1146 1148 7876
f 1160 1162 7885
f 1168 1170 7887
f 7903 7887 1170
f 7878 1176 1178
f 7878 7903 1174
f 1204 1206 7873
f 7888 1206 8170
f 8170 7904 7905
f 8170 7906 7897
f 8170 7907 7899
f 1112 1114 7722
f 1130 1132 7901
f 7902 7901 1132
f 1134 1136 7893
f 1144 1146 7883
f 1164 1166 7886
f 1170 1172 7903
f 1174 1176 7878
f 7895 7894 1206
f 8170 7908 7904
f 8170 7909 7910
f 8170 7911 7912
f 7891 7906 8170
f 8170 7913 7914
f 7900 7915 1128
f 1136 1138 7893
f 1150 1152 7875
f 1178 1180 7878
f 7905 7896 8170
f 8170 7916 7909
f 7898 7911 8170
f 7914 7917 8170
f 8170 8167 7918
f 1132 1134 7902
f 1172 1174 7903
f 7910 7908 8170
f 7917 7907 8170
f 7918 7919 8170
f 1138 1140 7892
f 7912 7916 8170
f 8170 7920 7921
f 7919 7922 8170
f 1186 1188 7877
f 7922 7920 8170
f 7921 7913 8170
f 1001 7923 7924
f 7925 7926 1005
f 1007 1005 7927
f 1001 7928 7929
f 7924 7930 1001
f 1003 7931 7925
f 1003 7932 7933
f 1007 7934 7935
f 7927 7936 1007
f 1009 7937 7938
f 7930 7928 1001
f 1001 7939 7940
f 1005 1003 7925
f 1003 7941 7932
f 1007 7942 7943
f 7936 7934 1007
f 7938 7944 1009
f 1009 7945 7946
f 1009 1007 7947
f 1011 1009 7948
f 999 7949 7950
f 999 7951 7952
f 7940 7923 1001
f 7933 7931 1003
f 7935 7942 1007
f 1009 7953 7937
f 7947 7945 1009
f 1011 7954 7955
f 1011 7956 7957
f 1011 7958 7959
f 7948 7960 1011
f 7961 1027 1025
f 7961 1031 1029
f 7961 1035 1033
f 7961 1041 1039
f 7961 1053 1051
f 7961 1067 1065
f 7961 1073 1071
f 3089 1079 1078
f 997 7962 7951
f 999 7963 7964
f 999 7965 7966
f 7952 7949 999
f 1001 7964 7939
f 1003 7929 7941
f 7943 7967 1007
f 7946 7953 1009
f 7957 7954 1011
f 7960 7958 1011
f 7961 1017 1015
f 7961 1023 1021
f 1029 1027 7961
f 7961 1037 1035
f 7961 1043 1041
f 7961 1047 1045
f 1051 1049 7961
f 7961 1057 1055
f 7961 1061 1059
f 1065 1063 7961
f 1071 1069 7961
f 1069 1067 7961
f 1078 7961 3089
f 997 7968 7962
f 8189 7969 7968
f 999 7970 7963
f 7950 7965 999
f 7926 7927 1005
f 7944 7948 1009
f 7959 7956 1011
f 7961 1019 1017
f 1025 1023 7961
f 1039 1037 7961
f 1049 1047 7961
f 1059 1057 7961
f 1078 1077 7961
f 7968 997 8189
f 7966 7970 999
f 7967 7947 1007
f 7961 1013 1011
f 1021 1019 7961
f 1045 1043 7961
f 1063 1061 7961
f 1077 1075 7961
f 7964 1001 999
f 7955 7961 1011
f 1033 1031 7961
f 1075 1073 7961
f 3089 3508 3509
f 7929 1003 1001
f 1055 1053 7961
f 3509 3510 3089
f 3507 3508 3089
f 1015 1013 7961
f 3089 7961 3507
f 3510 3090 3089
f 3503 7971 7972
f 3503 7973 7974
f 3503 7975 7976
f 3503 7977 7978
f 7961 7979 3503
f 3503 7980 7981
f 7972 7982 3503
f 7982 7980 3503
f 7976 7973 3503
f 7974 7971 3503
f 7978 7983 3503
f 7983 7975 3503
f 7961 3505 3506
f 3503 3504 7961
f 7981 7984 3503
f 3503 7979 7985
f 3504 3505 7961
f 3506 3507 7961
f 8158 3503 7984
f 7985 7977 3503
f 8163 8159 7986
f 8159 7987 7986
f 8159 7988 7989
f 7986 7990 8163
f 8159 7991 7992
f 8159 7993 7994
f 8159 7995 7996
f 8159 7997 7998
f 8159 7999 7988
f 8159 8000 8001
f 7990 8002 8163
f 7992 8003 8159
f 8159 8004 7993
f 8159 8005 8006
f 7998 7995 8159
f 7989 8007 8159
f 8001 8008 8159
f 8003 7987 8159
f 7994 8009 8159
f 7996 8005 8159
f 8008 7999 8159
f 8158 8010 8011
f 8009 7991 8159
f 8007 7997 8159
f 8159 8012 8013
f 8159 8014 8015
f 8159 8016 8017
f 8158 8018 8019
f 8158 8020 8021
f 8011 8022 8158
f 8158 8023 8024
f 8006 8004 8159
f 8159 8025 8026
f 8159 8027 8028
f 8159 8029 8030
f 8013 8031 8159
f 8159 8032 8014
f 8017 8033 8159
f 8159 8034 8035
f 8159 8158 8036
f 8021 8018 8158
f 8158 8037 8038
f 8024 8010 8158
f 8158 8039 8040
f 8026 8000 8159
f 8030 8027 8159
f 8015 8012 8159
f 8033 8041 8159
f 8036 8034 8159
f 8158 8042 8020
f 8038 8043 8158
f 8158 8044 8045
f 8158 8046 8047
f 8158 8048 8049
f 8158 8050 8051
f 8040 8023 8158
f 8028 8025 8159
f 8041 8032 8159
f 8019 8036 8158
f 8158 8052 8053
f 8045 8037 8158
f 8047 8054 8158
f 8051 8048 8158
f 8158 8055 8039
f 8031 8029 8159
f 8053 8042 8158
f 8054 8044 8158
f 8022 8050 8158
f 8035 8016 8159
f 8049 8046 8158
f 8043 8052 8158
f 8188 8056 8057
f 8057 8058 8188
f 8058 8059 8188
f 8163 8060 8056
f 8056 8188 8163
f 8163 8061 8062
f 8059 8063 8188
f 8062 8060 8163
f 8188 8064 8065
f 8188 8063 8066
f 8163 8067 8061
f 8189 8068 8069
f 8188 8070 8071
f 8188 8072 8073
f 8188 8074 8064
f 8188 8075 8076
f 8188 8077 8078
f 8066 8079 8188
f 8163 8080 8081
f 8163 8082 8067
f 8189 8083 8084
f 8069 8085 8189
f 8188 8086 8068
f 8188 8087 8088
f 8188 8089 8090
f 8188 8091 8092
f 8073 8070 8188
f 8076 8074 8188
f 8188 8093 8094
f 8079 8077 8188
f 8163 8095 8096
f 8081 8082 8163
f 8163 8097 8098
f 8084 8099 8189
f 8068 8189 8188
f 8188 8100 8101
f 8188 8102 8103
f 8188 8104 8105
f 8088 8106 8188
f 8188 8107 8089
f 8188 8108 8109
f 8071 8091 8188
f 8188 8110 8111
f 8188 8112 8075
f 8078 8093 8188
f 8096 8080 8163
f 8098 8113 8163
f 8189 8114 8115
f 8189 8116 8117
f 8189 8118 8119
f 8085 8083 8189
f 8188 8120 8100
f 8188 8121 8102
f 8106 8104 8188
f 8188 8122 8123
f 8188 8124 8107
f 8092 8108 8188
f 8065 8110 8188
f 8188 8125 8126
f 8094 8125 8188
f 8113 8127 8163
f 8117 8114 8189
f 8189 8128 8129
f 8189 8130 8118
f 8189 8131 8132
f 8189 8133 8134
f 8101 8086 8188
f 8105 8121 8188
f 8188 8135 8136
f 8188 8137 8138
f 8123 8139 8188
f 8109 8124 8188
f 8126 8112 8188
f 8127 8095 8163
f 8163 8140 8141
f 8129 8116 8189
f 8189 8142 8143
f 8189 8144 8145
f 8189 8146 8147
f 8132 8130 8189
f 8189 8148 8149
f 8134 8150 8189
f 8103 8120 8188
f 8138 8135 8188
f 8090 8122 8188
f 8188 8151 8152
f 8163 8153 8140
f 8143 8128 8189
f 8147 8144 8189
f 8149 8131 8189
f 8099 8133 8189
f 8139 8137 8188
f 8188 8154 8155
f 8188 8156 8151
f 8141 8097 8163
f 8145 8142 8189
f 8150 8148 8189
f 8155 8072 8188
f 8111 8156 8188
f 8119 8146 8189
f 8152 8154 8188
f 8136 8087 8188
f 8115 7969 8189
f 8002 8153 8163
f 7984 8055 8158
f 7951 999 997
f 1128 7915 7722
f 7858 7918 8167
f 7838 7870 8165
f 7713 7818 8188
f 7589 7487 8187
f 7567 7685 8175
f 7504 8173 8172
f 7482 7538 8162
f 7446 7271 8180
f 3094 3095 1444
f 7219 7217 8189
f 7215 7220 8178
f 7214 7211 8186
f 7210 7213 8161
f 3472 3473 6641
f 3455 3456 8157
f 3432 3433 8157
f 3420 3421 8185
f 3400 8185 8159
f 3393 3394 8184
f 3355 8184 8164
f 3353 3354 8183
f 3349 8183 8166
f 3337 8166 8168
f 3329 3330 8168
f 3300 3301 8169
f 3275 3276 8171
f 3270 3271 8174
f 3263 3264 8176
f 3247 8176 8175
f 3245 3246 8182
f 3207 8182 8181
f 3179 3180 8181
f 6720 6718 6532
f 8161 8160 1353
f 8160 1335 1340
f 1332 1335 8160
f 1300 1302 8179
f 1106 1108 8177
f 982 8178 992
f 8176 8174 8173
f 8174 8171 8172
f 7168 7189 8170
f 6958 6966 8167
f 8168 8166 8165
f 8166 8183 8164
f 8164 8184 8159
f 8162 8179 8160
f 8159 8185 8157
f 8190 7212 7213
f 7210 8191 8192
f 8192 7213 7210
f 7213 8192 8190
f 7212 8190 8193
f 8193 7214 7212
f 7209 7211 8194
f 8193 8194 7211
f 7211 7214 8193
f 8194 8195 7209
f 7209 8195 8191
f 8191 7210 7209
f 8196 7216 7217
f 7219 8197 8198
f 8198 7217 7219
f 7217 8198 8196
f 7216 8196 8199
f 8199 7215 7216
f 7218 7220 8200
f 8199 8200 7220
f 7220 7215 8199
f 8200 8201 7218
f 7218 8201 8197
f 8197 7219 7218
f 8036 8019 8202
f 8019 8018 8203
f 8018 8021 8204
f 8021 8020 8205
f 8020 8042 8206
f 8042 8053 8207
f 8053 8052 8208
f 8052 8043 8209
f 8043 8038 8210
f 8038 8037 8211
f 8037 8045 8212
f 8045 8044 8213
f 8044 8054 8214
f 8054 8047 8215
f 8047 8046 8216
f 8046 8049 8217
f 8049 8048 8218
f 8048 8051 8219
f 8051 8050 8220
f 8050 8022 8221
f 8022 8011 8222
f 8011 8010 8223
f 8010 8024 8224
f 8024 8023 8225
f 8023 8040 8226
f 8040 8039 8227
f 8039 8055 8228
f 8055 7984 8229
f 7984 7981 8230
f 7981 7980 8231
f 7980 7982 8232
f 7982 7972 8233
f 7972 7971 8234
f 7971 7974 8235
f 7974 7973 8236
f 7973 7976 8237
f 7976 7975 8238
f 7975 7983 8239
f 7983 7978 8240
f 7978 7977 8241
f 7977 7985 8242
f 7985 7979 8243
f 7979 7961 8244
f 7961 7955 8245
f 7955 7954 8246
f 7954 7957 8247
f 7957 7956 8248
f 7956 7959 8249
f 7959 7958 8250
f 7958 7960 8251
f 7960 7948 8252
f 7948 7944 8253
f 7944 7938 8254
f 7938 7937 8255
f 7937 7953 8256
f 7953 7946 8257
f 7946 7945 8258
f 7945 7947 8259
f 7947 7967 8260
f 7967 7943 8261
f 7943 7942 8262
f 7942 7935 8263
f 7935 7934 8264
f 7934 7936 8265
f 7936 7927 8266
f 7927 7926 8267
f 7926 7925 8268
f 7925 7931 8269
f 7931 7933 8270
f 7933 7932 8271
f 7932 7941 8272
f 7941 7929 8273
f 7929 7928 8274
f 7928 7930 8275
f 7930 7924 8276
f 7924 7923 8277
f 7923 7940 8278
f 7940 7939 8279
f 7939 7964 8280
f 7964 7963 8281
f 7963 7970 8282
f 7970 7966 8283
f 7966 7965 8284
f 7965 7950 8285
f 7950 7949 8286
f 7949 7952 8287
f 7952 7951 8288
f 7951 7962 8289
f 7962 7968 8290
f 7968 7969 8291
f 7969 8115 8292
f 8115 8114 8293
f 8114 8117 8294
f 8117 8116 8295
f 8116 8129 8296
f 8129 8128 8297
f 8128 8143 8298
f 8143 8142 8299
f 8142 8145 8300
f 8145 8144 8301
f 8144 8147 8302
f 8147 8146 8303
f 8146 8119 8304
f 8119 8118 8305
f 8118 8130 8306
f 8130 8132 8307
f 8132 8131 8308
f 8131 8149 8309
f 8149 8148 8310
f 8148 8150 8311
f 8150 8134 8312
f 8134 8133 8313
f 8133 8099 8314
f 8099 8084 8315
f 8084 8083 8316
f 8083 8085 8317
f 8085 8069 8318
f 8069 8068 8319
f 8068 8086 8320
f 8086 8101 8321
f 8101 8100 8322
f 8100 8120 8323
f 8120 8103 8324
f 8103 8102 8325
f 8102 8121 8326
f 8121 8105 8327
f 8105 8104 8328
f 8104 8106 8329
f 8106 8088 8330
f 8088 8087 8331
f 8087 8136 8332
f 8136 8135 8333
f 8135 8138 8334
f 8138 8137 8335
f 8137 8139 8336
f 8139 8123 8337
f 8123 8122 8338
f 8122 8090 8339
f 8090 8089 8340
f 8089 8107 8341
f 8107 8124 8342
f 8124 8109 8343
f 8109 8108 8344
f 8108 8092 8345
f 8092 8091 8346
f 8091 8071 8347
f 8071 8070 8348
f 8070 8073 8349
f 8073 8072 8350
f 8072 8155 8351
f 8155 8154 8352
f 8154 8152 8353
f 8152 8151 8354
f 8151 8156 8355
f 8156 8111 8356
f 8111 8110 8357
f 8110 8065 8358
f 8065 8064 8359
f 8064 8074 8360
f 8074 8076 8361
f 8076 8075 8362
f 8075 8112 8363
f 8112 8126 8364
f 8126 8125 8365
f 8125 8094 8366
f 8094 8093 8367
f 8093 8078 8368
f 8078 8077 8369
f 8077 8079 8370
f 8079 8066 8371
f 8066 8063 8372
f 8063 8059 8373
f 8059 8058 8374
f 8058 8057 8375
f 8057 8056 8376
f 8056 8060 8377
f 8060 8062 8378
f 8062 8061 8379
f 8061 8067 8380
f 8067 8082 8381
f 8082 8081 8382
f 8081 8080 8383
f 8080 8096 8384
f 8096 8095 8385
f 8095 8127 8386
f 8127 8113 8387
f 8113 8098 8388
f 8098 8097 8389
f 8097 8141 8390
f 8141 8140 8391
f 8140 8153 8392
f 8153 8002 8393
f 8002 7990 8394
f 7990 7986 8395
f 7986 7987 8396
f 7987 8003 8397
f 8003 7992 8398
f 7992 7991 8399
f 7991 8009 8400
f 8009 7994 8401
f 7994 7993 8402
f 7993 8004 8403
f 8004 8006 8404
f 8006 8005 8405
f 8005 7996 8406
f 7996 7995 8407
f 7995 7998 8408
f 7998 7997 8409
f 7997 8007 8410
f 8007 7989 8411
f 7989 7988 8412
f 7988 7999 8413
f 7999 8008 8414
f 8008 8001 8415
f 8001 8000 8416
f 8000 8026 8417
f 8026 8025 8418
f 8025 8028 8419
f 8028 8027 8420
f 8027 8030 8421
f 8030 8029 8422
f 8029 8031 8423
f 8031 8013 8424
f 8013 8012 8425
f 8012 8015 8426
f 8015 8014 8427
f 8014 8032 8428
f 8032 8041 8429
f 8041 8033 8430
f 8033 8017 8431
f 8017 8016 8432
f 8016 8035 8433
f 8035 8034 8434
f 8034 8036 8435
f 8435 8434 8034
f 8434 8433 8035
f 8433 8432 8016
f 8432 8431 8017
f 8431 8430 8033
f 8430 8429 8041
f 8429 8428 8032
f 8428 8427 8014
f 8427 8426 8015
f 8426 8425 8012
f 8425 8424 8013
f 8424 8423 8031
f 8423 8422 8029
f 8422 8421 8030
f 8421 8420 8027
f 8420 8419 8028
f 8419 8418 8025
f 8418 8417 8026
f 8417 8416 8000
f 8416 8415 8001
f 8415 8414 8008
f 8414 8413 7999
f 8413 8412 7988
f 8412 8411 7989
f 8411 8410 8007
f 8410 8409 7997
f 8409 8408 7998
f 8408 8407 7995
f 8407 8406 7996
f 8406 8405 8005
f 8405 8404 8006
f 8404 8403 8004
f 8403 8402 7993
f 8402 8401 7994
f 8401 8400 8009
f 8400 8399 7991
f 8399 8398 7992
f 8398 8397 8003
f 8397 8396 7987
f 8396 8395 7986
f 8395 8394 7990
f 8394 8393 8002
f 8393 8392 8153
f 8392 8391 8140
f 8391 8390 8141
f 8390 8389 8097
f 8389 8388 8098
f 8388 8387 8113
f 8387 8386 8127
f 8386 8385 8095
f 8385 8384 8096
f 8384 8383 8080
f 8383 8382 8081
f 8382 8381 8082
f 8381 8380 8067
f 8380 8379 8061
f 8379 8378 8062
f 8378 8377 8060
f 8377 8376 8056
f 8376 8375 8057
f 8375 8374 8058
f 8374 8373 8059
f 8373 8372 8063
f 8372 8371 8066
f 8371 8370 8079
f 8370 8369 8077
f 8369 8368 8078
f 8368 8367 8093
f 8367 8366 8094
f 8366 8365 8125
f 8365 8364 8126
f 8364 8363 8112
f 8363 8362 8075
f 8362 8361 8076
f 8361 8360 8074
f 8360 8359 8064
f 8359 8358 8065
f 8358 8357 8110
f 8357 8356 8111
f 8356 8355 8156
f 8355 8354 8151
f 8354 8353 8152
f 8353 8352 8154
f 8352 8351 8155
f 8351 8350 8072
f 8350 8349 8073
f 8349 8348 8070
f 8348 8347 8071
f 8347 8346 8091
f 8346 8345 8092
f 8345 8344 8108
f 8344 8343 8109
f 8343 8342 8124
f 8342 8341 8107
f 8341 8340 8089
f 8340 8339 8090
f 8339 8338 8122
f 8338 8337 8123
f 8337 8336 8139
f 8336 8335 8137
f 8335 8334 8138
f 8334 8333 8135
f 8333 8332 8136
f 8332 8331 8087
f 8331 8330 8088
f 8330 8329 8106
f 8329 8328 8104
f 8328 8327 8105
f 8327 8326 8121
f 8326 8325 8102
f 8325 8324 8103
f 8324 8323 8120
f 8323 8322 8100
f 8322 8321 8101
f 8321 8320 8086
f 8320 8319 8068
f 8319 8318 8069
f 8318 8317 8085
f 8317 8316 8083
f 8316 8315 8084
f 8315 8314 8099
f 8314 8313 8133
f 8313 8312 8134
f 8312 8311 8150
f 8311 8310 8148
f 8310 8309 8149
f 8309 8308 8131
f 8308 8307 8132
f 8307 8306 8130
f 8306 8305 8118
f 8305 8304 8119
f 8304 8303 8146
f 8303 8302 8147
f 8302 8301 8144
f 8301 8300 8145
f 8300 8299 8142
f 8299 8298 8143
f 8298 8297 8128
f 8297 8296 8129
f 8296 8295 8116
f 8295 8294 8117
f 8294 8293 8114
f 8293 8292 8115
f 8292 8291 7969
f 8291 8290 7968
f 8290 8289 7962
f 8289 8288 7951
f 8288 8287 7952
f 8287 8286 7949
f 8286 8285 7950
f 8285 8284 7965
f 8284 8283 7966
f 8283 8282 7970
f 8282 8281 7963
f 8281 8280 7964
f 8280 8279 7939
f 8279 8278 7940
f 8278 8277 7923
f 8277 8276 7924
f 8276 8275 7930
f 8275 8274 7928
f 8274 8273 7929
f 8273 8272 7941
f 8272 8271 7932
f 8271 8270 7933
f 8270 8269 7931
f 8269 8268 7925
f 8268 8267 7926
f 8267 8266 7927
f 8266 8265 7936
f 8265 8264 7934
f 8264 8263 7935
f 8263 8262 7942
f 8262 8261 7943
f 8261 8260 7967
f 8260 8259 7947
f 8259 8258 7945
f 8258 8257 7946
f 8257 8256 7953
f 8256 8255 7937
f 8255 8254 7938
f 8254 8253 7944
f 8253 8252 7948
f 8252 8251 7960
f 8251 8250 7958
f 8250 8249 7959
f 8249 8248 7956
f 8248 8247 7957
f 8247 8246 7954
f 8246 8245 7955
f 8245 8244 7961
f 8244 8243 7979
f 8243 8242 7985
f 8242 8241 7977
f 8241 8240 7978
f 8240 8239 7983
f 8239 8238 7975
f 8238 8237 7976
f 8237 8236 7973
f 8236 8235 7974
f 8235 8234 7971
f 8234 8233 7972
f 8233 8232 7982
f 8232 8231 7980
f 8231 8230 7981
f 8230 8229 7984
f 8229 8228 8055
f 8228 8227 8039
f 8227 8226 8040
f 8226 8225 8023
f 8225 8224 8024
f 8224 8223 8010
f 8223 8222 8011
f 8222 8221 8022
f 8221 8220 8050
f 8220 8219 8051
f 8219 8218 8048
f 8218 8217 8049
f 8217 8216 8046
f 8216 8215 8047
f 8215 8214 8054
f 8214 8213 8044
f 8213 8212 8045
f 8212 8211 8037
f 8211 8210 8038
f 8210 8209 8043
f 8209 8208 8052
f 8208 8207 8053
f 8207 8206 8042
f 8206 8205 8020
f 8205 8204 8021
f 8204 8203 8018
f 8203 8202 8019
f 8202 8435 8036
f 8436 8437 8434
f 8437 8433 8434
f 8437 8438 8432
f 8438 8431 8432
f 8438 8439 8430
f 8439 8429 8430
f 8439 8440 8428
f 8440 8427 8428
f 8441 8425 8426
f 8426 8440 8441
f 8441 8442 8424
f 8442 8423 8424
f 8442 8443 8422
f 8443 8421 8422
f 8444 8419 8420
f 8420 8443 8444
f 8444 8445 8418
f 8445 8417 8418
f 8445 8446 8416
f 8446 8415 8416
f 8446 8447 8414
f 8447 8413 8414
f 8447 8448 8412
f 8448 8411 8412
f 8448 8449 8410
f 8449 8409 8410
f 8449 8450 8408
f 8450 8407 8408
f 8451 8405 8406
f 8406 8450 8451
f 8451 8452 8404
f 8452 8403 8404
f 8452 8453 8402
f 8453 8401 8402
f 8453 8454 8400
f 8454 8399 8400
f 8454 8455 8398
f 8455 8397 8398
f 8456 8395 8396
f 8396 8455 8456
f 8456 8457 8394
f 8457 8393 8394
f 8457 8458 8392
f 8458 8391 8392
f 8458 8459 8390
f 8459 8389 8390
f 8459 8460 8388
f 8460 8387 8388
f 8460 8461 8386
f 8461 8385 8386
f 8462 8383 8384
f 8384 8461 8462
f 8462 8463 8382
f 8463 8381 8382
f 8464 8379 8380
f 8380 8463 8464
f 8465 8377 8378
f 8378 8464 8465
f 8465 8466 8376
f 8466 8375 8376
f 8466 8467 8374
f 8467 8373 8374
f 8468 8371 8372
f 8372 8467 8468
f 8469 8369 8370
f 8370 8468 8469
f 8470 8367 8368
f 8368 8469 8470
f 8470 8471 8366
f 8471 8365 8366
f 8471 8472 8364
f 8472 8363 8364
f 8473 8361 8362
f 8362 8472 8473
f 8473 8474 8360
f 8474 8359 8360
f 8474 8475 8358
f 8475 8357 8358
f 8475 8476 8356
f 8476 8355 8356
f 8476 8477 8354
f 8477 8353 8354
f 8477 8478 8352
f 8478 8351 8352
f 8478 8479 8350
f 8479 8349 8350
f 8479 8480 8348
f 8480 8347 8348
f 8480 8481 8346
f 8481 8345 8346
f 8481 8482 8344
f 8482 8343 8344
f 8482 8483 8342
f 8483 8341 8342
f 8483 8484 8340
f 8484 8339 8340
f 8484 8485 8338
f 8485 8337 8338
f 8485 8486 8336
f 8486 8335 8336
f 8486 8487 8334
f 8487 8333 8334
f 8487 8488 8332
f 8488 8331 8332
f 8488 8489 8330
f 8489 8329 8330
f 8489 8490 8328
f 8490 8327 8328
f 8490 8491 8326
f 8491 8325 8326
f 8491 8492 8324
f 8492 8323 8324
f 8492 8493 8322
f 8493 8321 8322
f 8493 8494 8320
f 8494 8319 8320
f 8317 8318 8495
f 8494 8495 8318
f 8318 8319 8494
f 8496 8315 8316
f 8316 8497 8496
f 8498 8313 8314
f 8314 8496 8498
f 8499 8311 8312
f 8312 8498 8499
f 8499 8500 8310
f 8500 8309 8310
f 8501 8307 8308
f 8308 8500 8501
f 8501 8502 8306
f 8502 8305 8306
f 8503 8303 8304
f 8304 8502 8503
f 8503 8504 8302
f 8504 8301 8302
f 8505 8299 8300
f 8300 8504 8505
f 8506 8297 8298
f 8298 8505 8506
f 8506 8507 8296
f 8507 8295 8296
f 8507 8508 8294
f 8508 8293 8294
f 8509 8291 8292
f 8292 8508 8509
f 8510 8289 8290
f 8290 8509 8510
f 8511 8287 8288
f 8288 8510 8511
f 8512 8285 8286
f 8286 8511 8512
f 8513 8283 8284
f 8284 8512 8513
f 8514 8281 8282
f 8282 8513 8514
f 8515 8279 8280
f 8280 8514 8515
f 8516 8277 8278
f 8278 8515 8516
f 8516 8517 8276
f 8517 8275 8276
f 8517 8518 8274
f 8518 8273 8274
f 8518 8519 8272
f 8519 8271 8272
f 8520 8269 8270
f 8270 8519 8520
f 8521 8267 8268
f 8268 8520 8521
f 8522 8265 8266
f 8266 8521 8522
f 8523 8263 8264
f 8264 8522 8523
f 8524 8261 8262
f 8262 8523 8524
f 8525 8259 8260
f 8260 8524 8525
f 8525 8526 8258
f 8526 8257 8258
f 8527 8255 8256
f 8256 8526 8527
f 8527 8528 8254
f 8528 8253 8254
f 8528 8529 8252
f 8529 8251 8252
f 8529 8530 8250
f 8530 8249 8250
f 8531 8247 8248
f 8248 8530 8531
f 8532 8245 8246
f 8246 8531 8532
f 8532 8533 8244
f 8533 8243 8244
f 8533 8534 8242
f 8534 8241 8242
f 8535 8239 8240
f 8240 8534 8535
f 8536 8237 8238
f 8238 8535 8536
f 8537 8235 8236
f 8236 8536 8537
f 8538 8233 8234
f 8234 8537 8538
f 8539 8231 8232
f 8232 8538 8539
f 8539 8540 8230
f 8540 8229 8230
f 8541 8227 8228
f 8228 8540 8541
f 8541 8542 8226
f 8542 8225 8226
f 8543 8223 8224
f 8224 8542 8543
f 8544 8221 8222
f 8222 8543 8544
f 8545 8219 8220
f 8220 8544 8545
f 8545 8546 8218
f 8546 8217 8218
f 8546 8547 8216
f 8547 8215 8216
f 8548 8213 8214
f 8214 8547 8548
f 8549 8211 8212
f 8212 8548 8549
f 8550 8209 8210
f 8210 8549 8550
f 8551 8207 8208
f 8208 8550 8551
f 8551 8552 8206
f 8552 8205 8206
f 8553 8203 8204
f 8204 8552 8553
f 8436 8435 8202
f 8202 8553 8436
f 8202 8203 8553
f 8204 8205 8552
f 8206 8207 8551
f 8208 8209 8550
f 8210 8211 8549
f 8212 8213 8548
f 8214 8215 8547
f 8216 8217 8546
f 8218 8219 8545
f 8220 8221 8544
f 8222 8223 8543
f 8224 8225 8542
f 8226 8227 8541
f 8228 8229 8540
f 8230 8231 8539
f 8232 8233 8538
f 8234 8235 8537
f 8236 8237 8536
f 8238 8239 8535
f 8240 8241 8534
f 8242 8243 8533
f 8244 8245 8532
f 8246 8247 8531
f 8248 8249 8530
f 8250 8251 8529
f 8252 8253 8528
f 8254 8255 8527
f 8256 8257 8526
f 8258 8259 8525
f 8260 8261 8524
f 8262 8263 8523
f 8264 8265 8522
f 8266 8267 8521
f 8268 8269 8520
f 8270 8271 8519
f 8272 8273 8518
f 8274 8275 8517
f 8276 8277 8516
f 8278 8279 8515
f 8280 8281 8514
f 8282 8283 8513
f 8284 8285 8512
f 8286 8287 8511
f 8288 8289 8510
f 8290 8291 8509
f 8292 8293 8508
f 8294 8295 8507
f 8296 8297 8506
f 8298 8299 8505
f 8300 8301 8504
f 8302 8303 8503
f 8304 8305 8502
f 8306 8307 8501
f 8308 8309 8500
f 8310 8311 8499
f 8312 8313 8498
f 8314 8315 8496
f 8316 8317 8497
f 8495 8497 8317
f 8320 8321 8493
f 8322 8323 8492
f 8324 8325 8491
f 8326 8327 8490
f 8328 8329 8489
f 8330 8331 8488
f 8332 8333 8487
f 8334 8335 8486
f 8336 8337 8485
f 8338 8339 8484
f 8340 8341 8483
f 8342 8343 8482
f 8344 8345 8481
f 8346 8347 8480
f 8348 8349 8479
f 8350 8351 8478
f 8352 8353 8477
f 8354 8355 8476
f 8356 8357 8475
f 8358 8359 8474
f 8360 8361 8473
f 8362 8363 8472
f 8364 8365 8471
f 8366 8367 8470
f 8368 8369 8469
f 8370 8371 8468
f 8372 8373 8467
f 8374 8375 8466
f 8376 8377 8465
f 8378 8379 8464
f 8380 8381 8463
f 8382 8383 8462
f 8384 8385 8461
f 8386 8387 8460
f 8388 8389 8459
f 8390 8391 8458
f 8392 8393 8457
f 8394 8395 8456
f 8396 8397 8455
f 8398 8399 8454
f 8400 8401 8453
f 8402 8403 8452
f 8404 8405 8451
f 8406 8407 8450
f 8408 8409 8449
f 8410 8411 8448
f 8412 8413 8447
f 8414 8415 8446
f 8416 8417 8445
f 8418 8419 8444
f 8420 8421 8443
f 8422 8423 8442
f 8424 8425 8441
f 8426 8427 8440
f 8428 8429 8439
f 8430 8431 8438
f 8432 8433 8437
f 8434 8435 8436
f 7729 7728 8554
f 7728 7760 8555
f 7760 7730 8556
f 7730 7724 8557
f 7724 7723 8558
f 7723 7725 8559
f 7725 7739 8560
f 7739 7738 8561
f 7738 7786 8562
f 7786 7785 8563
f 7785 7762 8564
f 7762 7761 8565
f 7761 7764 8566
f 7764 7763 8567
f 7763 7741 8568
f 7741 7740 8569
f 7740 7765 8570
f 7765 7742 8571
f 7742 7732 8572
f 7732 7731 8573
f 7731 7744 8574
f 7744 7743 8575
f 7743 7788 8576
f 7788 7787 8577
f 7787 7790 8578
f 7790 7789 8579
f 7789 7792 8580
f 7792 7791 8581
f 7791 7794 8582
f 7794 7793 8583
f 7793 7814 8584
f 7814 7796 8585
f 7796 7795 8586
f 7795 7798 8587
f 7798 7797 8588
f 7797 7815 8589
f 7815 7746 8590
f 7746 7745 8591
f 7745 7766 8592
f 7766 7748 8593
f 7748 7747 8594
f 7747 7767 8595
f 7767 7799 8596
f 7799 7769 8597
f 7769 7768 8598
f 7768 7830 8599
f 7830 7817 8600
f 7817 7816 8601
f 7816 7733 8602
f 7733 7749 8603
f 7749 7751 8604
f 7751 7750 8605
f 7750 7771 8606
f 7771 7770 8607
f 7770 7801 8608
f 7801 7800 8609
f 7800 7819 8610
f 7819 7818 8611
f 7818 7713 8612
f 7713 7703 8613
f 7703 7702 8614
f 7702 7690 8615
f 7690 7689 8616
f 7689 7691 8617
f 7691 7694 8618
f 7694 7693 8619
f 7693 7692 8620
f 7692 7695 8621
f 7695 7697 8622
f 7697 7696 8623
f 7696 7704 8624
f 7704 7706 8625
f 7706 7705 8626
f 7705 7714 8627
f 7714 7717 8628
f 7717 7721 8629
f 7721 7719 8630
f 7719 7718 8631
f 7718 7708 8632
f 7708 7707 8633
f 7707 7709 8634
f 7709 7699 8635
f 7699 7698 8636
f 7698 7716 8637
f 7716 7715 8638
f 7715 7711 8639
f 7711 7710 8640
f 7710 7701 8641
f 7701 7700 8642
f 7700 7712 8643
f 7712 7720 8644
f 7720 7722 8645
f 7722 7915 8646
f 7915 7900 8647
f 7900 7901 8648
f 7901 7902 8649
f 7902 7893 8650
f 7893 7892 8651
f 7892 7884 8652
f 7884 7883 8653
f 7883 7876 8654
f 7876 7875 8655
f 7875 7879 8656
f 7879 7880 8657
f 7880 7885 8658
f 7885 7886 8659
f 7886 7887 8660
f 7887 7903 8661
f 7903 7878 8662
f 7878 7877 8663
f 7877 7874 8664
f 7874 7873 8665
f 7873 7882 8666
f 7882 7881 8667
f 7881 7894 8668
f 7894 7895 8669
f 7895 7889 8670
f 7889 7888 8671
f 7888 7896 8672
f 7896 7905 8673
f 7905 7904 8674
f 7904 7908 8675
f 7908 7910 8676
f 7910 7909 8677
f 7909 7916 8678
f 7916 7912 8679
f 7912 7911 8680
f 7911 7898 8681
f 7898 7897 8682
f 7897 7906 8683
f 7906 7891 8684
f 7891 7890 8685
f 7890 7899 8686
f 7899 7907 8687
f 7907 7917 8688
f 7917 7914 8689
f 7914 7913 8690
f 7913 7921 8691
f 7921 7920 8692
f 7920 7922 8693
f 7922 7919 8694
f 7919 7918 8695
f 7918 7858 8696
f 7858 7849 8697
f 7849 7848 8698
f 7848 7860 8699
f 7860 7859 8700
f 7859 7851 8701
f 7851 7850 8702
f 7850 7853 8703
f 7853 7852 8704
f 7852 7861 8705
f 7861 7855 8706
f 7855 7854 8707
f 7854 7867 8708
f 7867 7866 8709
f 7866 7868 8710
f 7868 7863 8711
f 7863 7862 8712
f 7862 7872 8713
f 7872 7871 8714
f 7871 7869 8715
f 7869 7842 8716
f 7842 7841 8717
f 7841 7840 8718
f 7840 7839 8719
f 7839 7843 8720
f 7843 7845 8721
f 7845 7844 8722
f 7844 7847 8723
f 7847 7846 8724
f 7846 7857 8725
f 7857 7856 8726
f 7856 7865 8727
f 7865 7864 8728
f 7864 7870 8729
f 7870 7838 8730
f 7838 7837 8731
f 7837 7836 8732
f 7836 7835 8733
f 7835 7831 8734
f 7831 7820 8735
f 7820 7803 8736
f 7803 7802 8737
f 7802 7804 8738
f 7804 7821 8739
f 7821 7823 8740
f 7823 7822 8741
f 7822 7825 8742
f 7825 7824 8743
f 7824 7773 8744
f 7773 7772 8745
f 7772 7805 8746
f 7805 7774 8747
f 7774 7753 8748
f 7753 7752 8749
f 7752 7776 8750
f 7776 7775 8751
f 7775 7778 8752
f 7778 7777 8753
f 7777 7780 8754
f 7780 7779 8755
f 7779 7807 8756
f 7807 7806 8757
f 7806 7809 8758
f 7809 7808 8759
f 7808 7811 8760
f 7811 7810 8761
f 7810 7827 8762
f 7827 7826 8763
f 7826 7832 8764
f 7832 7834 8765
f 7834 7833 8766
f 7833 7829 8767
f 7829 7828 8768
f 7828 7813 8769
f 7813 7812 8770
f 7812 7755 8771
f 7755 7754 8772
f 7754 7781 8773
f 7781 7782 8774
f 7782 7756 8775
f 7756 7734 8776
f 7734 7727 8777
f 7727 7726 8778
f 7726 7758 8779
f 7758 7757 8780
f 7757 7783 8781
f 7783 7759 8782
f 7759 7736 8783
f 7736 7735 8784
f 7735 7784 8785
f 7784 7737 8786
f 7737 7729 8787
f 8787 8786 7737
f 8786 8785 7784
f 8785 8784 7735
f 8784 8783 7736
f 8783 8782 7759
f 8782 8781 7783
f 8781 8780 7757
f 8780 8779 7758
f 8779 8778 7726
f 8778 8777 7727
f 8777 8776 7734
f 8776 8775 7756
f 8775 8774 7782
f 8774 8773 7781
f 8773 8772 7754
f 8772 8771 7755
f 8771 8770 7812
f 8770 8769 7813
f 8769 8768 7828
f 8768 8767 7829
f 8767 8766 7833
f 8766 8765 7834
f 8765 8764 7832
f 8764 8763 7826
f 8763 8762 7827
f 8762 8761 7810
f 8761 8760 7811
f 8760 8759 7808
f 8759 8758 7809
f 8758 8757 7806
f 8757 8756 7807
f 8756 8755 7779
f 8755 8754 7780
f 8754 8753 7777
f 8753 8752 7778
f 8752 8751 7775
f 8751 8750 7776
f 8750 8749 7752
f 8749 8748 7753
f 8748 8747 7774
f 8747 8746 7805
f 8746 8745 7772
f 8745 8744 7773
f 8744 8743 7824
f 8743 8742 7825
f 8742 8741 7822
f 8741 8740 7823
f 8740 8739 7821
f 8739 8738 7804
f 8738 8737 7802
f 8737 8736 7803
f 8736 8735 7820
f 8735 8734 7831
f 8734 8733 7835
f 8733 8732 7836
f 8732 8731 7837
f 8731 8730 7838
f 8730 8729 7870
f 8729 8728 7864
f 8728 8727 7865
f 8727 8726 7856
f 8726 8725 7857
f 8725 8724 7846
f 8724 8723 7847
f 8723 8722 7844
f 8722 8721 7845
f 8721 8720 7843
f 8720 8719 7839
f 8719 8718 7840
f 8718 8717 7841
f 8717 8716 7842
f 8716 8715 7869
f 8715 8714 7871
f 8714 8713 7872
f 8713 8712 7862
f 8712 8711 7863
f 8711 8710 7868
f 8710 8709 7866
f 8709 8708 7867
f 8708 8707 7854
f 8707 8706 7855
f 8706 8705 7861
f 8705 8704 7852
f 8704 8703 7853
f 8703 8702 7850
f 8702 8701 7851
f 8701 8700 7859
f 8700 8699 7860
f 8699 8698 7848
f 8698 8697 7849
f 8697 8696 7858
f 8696 8695 7918
f 8695 8694 7919
f 8694 8693 7922
f 8693 8692 7920
f 8692 8691 7921
f 8691 8690 7913
f 8690 8689 7914
f 8689 8688 7917
f 8688 8687 7907
f 8687 8686 7899
f 8686 8685 7890
f 8685 8684 7891
f 8684 8683 7906
f 8683 8682 7897
f 8682 8681 7898
f 8681 8680 7911
f 8680 8679 7912
f 8679 8678 7916
f 8678 8677 7909
f 8677 8676 7910
f 8676 8675 7908
f 8675 8674 7904
f 8674 8673 7905
f 8673 8672 7896
f 8672 8671 7888
f 8671 8670 7889
f 8670 8669 7895
f 8669 8668 7894
f 8668 8667 7881
f 8667 8666 7882
f 8666 8665 7873
f 8665 8664 7874
f 8664 8663 7877
f 8663 8662 7878
f 8662 8661 7903
f 8661 8660 7887
f 8660 8659 7886
f 8659 8658 7885
f 8658 8657 7880
f 8657 8656 7879
f 8656 8655 7875
f 8655 8654 7876
f 8654 8653 7883
f 8653 8652 7884
f 8652 8651 7892
f 8651 8650 7893
f 8650 8649 7902
f 8649 8648 7901
f 8648 8647 7900
f 8647 8646 7915
f 8646 8645 7722
f 8645 8644 7720
f 8644 8643 7712
f 8643 8642 7700
f 8642 8641 7701
f 8641 8640 7710
f 8640 8639 7711
f 8639 8638 7715
f 8638 8637 7716
f 8637 8636 7698
f 8636 8635 7699
f 8635 8634 7709
f 8634 8633 7707
f 8633 8632 7708
f 8632 8631 7718
f 8631 8630 7719
f 8630 8629 7721
f 8629 8628 7717
f 8628 8627 7714
f 8627 8626 7705
f 8626 8625 7706
f 8625 8624 7704
f 8624 8623 7696
f 8623 8622 7697
f 8622 8621 7695
f 8621 8620 7692
f 8620 8619 7693
f 8619 8618 7694
f 8618 8617 7691
f 8617 8616 7689
f 8616 8615 7690
f 8615 8614 7702
f 8614 8613 7703
f 8613 8612 7713
f 8612 8611 7818
f 8611 8610 7819
f 8610 8609 7800
f 8609 8608 7801
f 8608 8607 7770
f 8607 8606 7771
f 8606 8605 7750
f 8605 8604 7751
f 8604 8603 7749
f 8603 8602 7733
f 8602 8601 7816
f 8601 8600 7817
f 8600 8599 7830
f 8599 8598 7768
f 8598 8597 7769
f 8597 8596 7799
f 8596 8595 7767
f 8595 8594 7747
f 8594 8593 7748
f 8593 8592 7766
f 8592 8591 7745
f 8591 8590 7746
f 8590 8589 7815
f 8589 8588 7797
f 8588 8587 7798
f 8587 8586 7795
f 8586 8585 7796
f 8585 8584 7814
f 8584 8583 7793
f 8583 8582 7794
f 8582 8581 7791
f 8581 8580 7792
f 8580 8579 7789
f 8579 8578 7790
f 8578 8577 7787
f 8577 8576 7788
f 8576 8575 7743
f 8575 8574 7744
f 8574 8573 7731
f 8573 8572 7732
f 8572 8571 7742
f 8571 8570 7765
f 8570 8569 7740
f 8569 8568 7741
f 8568 8567 7763
f 8567 8566 7764
f 8566 8565 7761
f 8565 8564 7762
f 8564 8563 7785
f 8563 8562 7786
f 8562 8561 7738
f 8561 8560 7739
f 8560 8559 7725
f 8559 8558 7723
f 8558 8557 7724
f 8557 8556 7730
f 8556 8555 7760
f 8555 8554 7728
f 8554 8787 7729
f 8788 8785 8786
f 8786 8789 8788
f 8788 8790 8784
f 8790 8783 8784
f 8790 8791 8782
f 8791 8781 8782
f 8791 8792 8780
f 8792 8779 8780
f 8793 8777 8778
f 8778 8792 8793
f 8794 8775 8776
f 8776 8793 8794
f 8795 8773 8774
f 8774 8794 8795
f 8795 8796 8772
f 8796 8771 8772
f 8796 8797 8770
f 8797 8769 8770
f 8797 8798 8768
f 8798 8767 8768
f 8798 8799 8766
f 8799 8765 8766
f 8799 8800 8764
f 8800 8763 8764
f 8801 8761 8762
f 8762 8800 8801
f 8801 8802 8760
f 8802 8759 8760
f 8802 8803 8758
f 8803 8757 8758
f 8804 8755 8756
f 8756 8803 8804
f 8804 8805 8754
f 8805 8753 8754
f 8805 8806 8752
f 8806 8751 8752
f 8806 8807 8750
f 8807 8749 8750
f 8808 8747 8748
f 8748 8807 8808
f 8808 8809 8746
f 8809 8745 8746
f 8809 8810 8744
f 8810 8743 8744
f 8810 8811 8742
f 8811 8741 8742
f 8811 8812 8740
f 8812 8739 8740
f 8812 8813 8738
f 8813 8737 8738
f 8814 8735 8736
f 8736 8813 8814
f 8814 8815 8734
f 8815 8733 8734
f 8815 8816 8732
f 8816 8731 8732
f 8817 8729 8730
f 8730 8816 8817
f 8817 8818 8728
f 8818 8727 8728
f 8818 8819 8726
f 8819 8725 8726
f 8820 8723 8724
f 8724 8819 8820
f 8821 8721 8722
f 8722 8820 8821
f 8822 8719 8720
f 8720 8821 8822
f 8822 8823 8718
f 8823 8717 8718
f 8823 8824 8716
f 8824 8715 8716
f 8824 8825 8714
f 8825 8713 8714
f 8826 8711 8712
f 8712 8825 8826
f 8826 8827 8710
f 8827 8709 8710
f 8827 8828 8708
f 8828 8707 8708
f 8829 8705 8706
f 8706 8828 8829
f 8829 8830 8704
f 8830 8703 8704
f 8831 8701 8702
f 8702 8830 8831
f 8832 8699 8700
f 8700 8831 8832
f 8832 8833 8698
f 8833 8697 8698
f 8833 8834 8696
f 8834 8695 8696
f 8834 8835 8694
f 8835 8693 8694
f 8835 8836 8692
f 8836 8691 8692
f 8836 8837 8690
f 8837 8689 8690
f 8837 8838 8688
f 8838 8687 8688
f 8839 8685 8686
f 8686 8838 8839
f 8839 8840 8684
f 8840 8683 8684
f 8840 8841 8682
f 8841 8681 8682
f 8842 8679 8680
f 8680 8841 8842
f 8842 8843 8678
f 8843 8677 8678
f 8843 8844 8676
f 8844 8675 8676
f 8844 8845 8674
f 8845 8673 8674
f 8845 8846 8672
f 8846 8671 8672
f 8669 8670 8847
f 8846 8847 8670
f 8670 8671 8846
f 8848 8667 8668
f 8668 8849 8848
f 8848 8850 8666
f 8850 8665 8666
f 8850 8851 8664
f 8851 8663 8664
f 8852 8661 8662
f 8662 8851 8852
f 8853 8659 8660
f 8660 8852 8853
f 8853 8854 8658
f 8854 8657 8658
f 8855 8655 8656
f 8656 8854 8855
f 8855 8856 8654
f 8856 8653 8654
f 8857 8651 8652
f 8652 8856 8857
f 8857 8858 8650
f 8858 8649 8650
f 8858 8859 8648
f 8859 8647 8648
f 8859 8860 8646
f 8860 8645 8646
f 8861 8643 8644
f 8644 8860 8861
f 8862 8641 8642
f 8642 8861 8862
f 8862 8863 8640
f 8863 8639 8640
f 8863 8864 8638
f 8864 8637 8638
f 8865 8635 8636
f 8636 8864 8865
f 8866 8633 8634
f 8634 8865 8866
f 8867 8631 8632
f 8632 8866 8867
f 8868 8629 8630
f 8630 8867 8868
f 8868 8869 8628
f 8869 8627 8628
f 8869 8870 8626
f 8870 8625 8626
f 8870 8871 8624
f 8871 8623 8624
f 8872 8621 8622
f 8622 8871 8872
f 8873 8619 8620
f 8620 8872 8873
f 8874 8617 8618
f 8618 8873 8874
f 8875 8615 8616
f 8616 8874 8875
f 8876 8613 8614
f 8614 8875 8876
f 8877 8611 8612
f 8612 8876 8877
f 8877 8878 8610
f 8878 8609 8610
f 8878 8879 8608
f 8879 8607 8608
f 8879 8880 8606
f 8880 8605 8606
f 8880 8881 8604
f 8881 8603 8604
f 8881 8882 8602
f 8882 8601 8602
f 8882 8883 8600
f 8883 8599 8600
f 8884 8597 8598
f 8598 8883 8884
f 8884 8885 8596
f 8885 8595 8596
f 8885 8886 8594
f 8886 8593 8594
f 8887 8591 8592
f 8592 8886 8887
f 8887 8888 8590
f 8888 8589 8590
f 8889 8587 8588
f 8588 8888 8889
f 8889 8890 8586
f 8890 8585 8586
f 8890 8891 8584
f 8891 8583 8584
f 8891 8892 8582
f 8892 8581 8582
f 8892 8893 8580
f 8893 8579 8580
f 8894 8577 8578
f 8578 8893 8894
f 8894 8895 8576
f 8895 8575 8576
f 8895 8896 8574
f 8896 8573 8574
f 8897 8571 8572
f 8572 8896 8897
f 8897 8898 8570
f 8898 8569 8570
f 8899 8567 8568
f 8568 8898 8899
f 8899 8900 8566
f 8900 8565 8566
f 8901 8563 8564
f 8564 8900 8901
f 8902 8561 8562
f 8562 8901 8902
f 8902 8903 8560
f 8903 8559 8560
f 8903 8904 8558
f 8904 8557 8558
f 8905 8555 8556
f 8556 8904 8905
f 8905 8789 8554
f 8789 8787 8554
f 8554 8555 8905
f 8556 8557 8904
f 8558 8559 8903
f 8560 8561 8902
f 8562 8563 8901
f 8564 8565 8900
f 8566 8567 8899
f 8568 8569 8898
f 8570 8571 8897
f 8572 8573 8896
f 8574 8575 8895
f 8576 8577 8894
f 8578 8579 8893
f 8580 8581 8892
f 8582 8583 8891
f 8584 8585 8890
f 8586 8587 8889
f 8588 8589 8888
f 8590 8591 8887
f 8592 8593 8886
f 8594 8595 8885
f 8596 8597 8884
f 8598 8599 8883
f 8600 8601 8882
f 8602 8603 8881
f 8604 8605 8880
f 8606 8607 8879
f 8608 8609 8878
f 8610 8611 8877
f 8612 8613 8876
f 8614 8615 8875
f 8616 8617 8874
f 8618 8619 8873
f 8620 8621 8872
f 8622 8623 8871
f 8624 8625 8870
f 8626 8627 8869
f 8628 8629 8868
f 8630 8631 8867
f 8632 8633 8866
f 8634 8635 8865
f 8636 8637 8864
f 8638 8639 8863
f 8640 8641 8862
f 8642 8643 8861
f 8644 8645 8860
f 8646 8647 8859
f 8648 8649 8858
f 8650 8651 8857
f 8652 8653 8856
f 8654 8655 8855
f 8656 8657 8854
f 8658 8659 8853
f 8660 8661 8852
f 8662 8663 8851
f 8664 8665 8850
f 8666 8667 8848
f 8668 8669 8849
f 8847 8849 8669
f 8672 8673 8845
f 8674 8675 8844
f 8676 8677 8843
f 8678 8679 8842
f 8680 8681 8841
f 8682 8683 8840
f 8684 8685 8839
f 8686 8687 8838
f 8688 8689 8837
f 8690 8691 8836
f 8692 8693 8835
f 8694 8695 8834
f 8696 8697 8833
f 8698 8699 8832
f 8700 8701 8831
f 8702 8703 8830
f 8704 8705 8829
f 8706 8707 8828
f 8708 8709 8827
f 8710 8711 8826
f 8712 8713 8825
f 8714 8715 8824
f 8716 8717 8823
f 8718 8719 8822
f 8720 8721 8821
f 8722 8723 8820
f 8724 8725 8819
f 8726 8727 8818
f 8728 8729 8817
f 8730 8731 8816
f 8732 8733 8815
f 8734 8735 8814
f 8736 8737 8813
f 8738 8739 8812
f 8740 8741 8811
f 8742 8743 8810
f 8744 8745 8809
f 8746 8747 8808
f 8748 8749 8807
f 8750 8751 8806
f 8752 8753 8805
f 8754 8755 8804
f 8756 8757 8803
f 8758 8759 8802
f 8760 8761 8801
f 8762 8763 8800
f 8764 8765 8799
f 8766 8767 8798
f 8768 8769 8797
f 8770 8771 8796
f 8772 8773 8795
f 8774 8775 8794
f 8776 8777 8793
f 8778 8779 8792
f 8780 8781 8791
f 8782 8783 8790
f 8784 8785 8788
f 8786 8787 8789
f 6966 6958 8906
f 6958 6957 8907
f 6957 6908 8908
f 6908 6907 8909
f 6907 6943 8910
f 6943 6944 8911
f 6944 6910 8912
f 6910 6909 8913
f 6909 6968 8914
f 6968 6967 8915
f 6967 6960 8916
f 6960 6959 8917
f 6959 6911 8918
f 6911 6878 8919
f 6878 6877 8920
f 6877 6880 8921
f 6880 6879 8922
f 6879 6912 8923
f 6912 6882 8924
f 6882 6881 8925
f 6881 6883 8926
f 6883 6855 8927
f 6855 6854 8928
f 6854 6914 8929
f 6914 6913 8930
f 6913 6916 8931
f 6916 6915 8932
f 6915 6917 8933
f 6917 6885 8934
f 6885 6884 8935
f 6884 6945 8936
f 6945 6918 8937
f 6918 6857 8938
f 6857 6856 8939
f 6856 6886 8940
f 6886 6961 8941
f 6961 6920 8942
f 6920 6919 8943
f 6919 6946 8944
f 6946 6971 8945
f 6971 6970 8946
f 6970 6974 8947
f 6974 6973 8948
f 6973 6972 8949
f 6972 6963 8950
f 6963 6962 8951
f 6962 6948 8952
f 6948 6947 8953
f 6947 6969 8954
f 6969 6964 8955
f 6964 6949 8956
f 6949 6922 8957
f 6922 6921 8958
f 6921 6923 8959
f 6923 6888 8960
f 6888 6887 8961
f 6887 6890 8962
f 6890 6889 8963
f 6889 6858 8964
f 6858 6834 8965
f 6834 6833 8966
f 6833 6892 8967
f 6892 6891 8968
f 6891 6860 8969
f 6860 6859 8970
f 6859 6836 8971
f 6836 6835 8972
f 6835 6838 8973
f 6838 6837 8974
f 6837 6819 8975
f 6819 6798 8976
f 6798 6797 8977
f 6797 6839 8978
f 6839 6840 8979
f 6840 6821 8980
f 6821 6820 8981
f 6820 6862 8982
f 6862 6861 8983
f 6861 6864 8984
f 6864 6863 8985
f 6863 6893 8986
f 6893 6842 8987
f 6842 6841 8988
f 6841 6800 8989
f 6800 6799 8990
f 6799 6822 8991
f 6822 6823 8992
f 6823 6802 8993
f 6802 6801 8994
f 6801 6865 8995
f 6865 6843 8996
f 6843 6825 8997
f 6825 6824 8998
f 6824 6804 8999
f 6804 6803 9000
f 6803 6806 9001
f 6806 6805 9002
f 6805 6777 9003
f 6777 6776 9004
f 6776 6771 9005
f 6771 6770 9006
f 6770 6778 9007
f 6778 6787 9008
f 6787 6780 9009
f 6780 6779 9010
f 6779 6772 9011
f 6772 6760 9012
f 6760 6759 9013
f 6759 6773 9014
f 6773 6761 9015
f 6761 6754 9016
f 6754 6753 9017
f 6753 6756 9018
f 6756 6755 9019
f 6755 6757 9020
f 6757 6750 9021
f 6750 6744 9022
f 6744 6743 9023
f 6743 6746 9024
f 6746 6745 9025
f 6745 6748 9026
f 6748 6747 9027
f 6747 6749 9028
f 6749 6742 9029
f 6742 6741 9030
f 6741 6758 9031
f 6758 6752 9032
f 6752 6751 9033
f 6751 6763 9034
f 6763 6762 9035
f 6762 6765 9036
f 6765 6764 9037
f 6764 6767 9038
f 6767 6766 9039
f 6766 6774 9040
f 6774 6781 9041
f 6781 6782 9042
f 6782 6775 9043
f 6775 6769 9044
f 6769 6768 9045
f 6768 6784 9046
f 6784 6783 9047
f 6783 6788 9048
f 6788 6807 9049
f 6807 6786 9050
f 6786 6785 9051
f 6785 6789 9052
f 6789 6808 9053
f 6808 6791 9054
f 6791 6790 9055
f 6790 6793 9056
f 6793 6792 9057
f 6792 6809 9058
f 6809 6795 9059
f 6795 6794 9060
f 6794 6845 9061
f 6845 6844 9062
f 6844 6827 9063
f 6827 6826 9064
f 6826 6829 9065
f 6829 6828 9066
f 6828 6925 9067
f 6925 6924 9068
f 6924 6927 9069
f 6927 6926 9070
f 6926 6847 9071
f 6847 6846 9072
f 6846 6849 9073
f 6849 6848 9074
f 6848 6867 9075
f 6867 6866 9076
f 6866 6895 9077
f 6895 6894 9078
f 6894 6869 9079
f 6869 6868 9080
f 6868 6896 9081
f 6896 6870 9082
f 6870 6897 9083
f 6897 6951 9084
f 6951 6950 9085
f 6950 6953 9086
f 6953 6952 9087
f 6952 6929 9088
f 6929 6928 9089
f 6928 6931 9090
f 6931 6930 9091
f 6930 6965 9092
f 6965 6933 9093
f 6933 6932 9094
f 6932 6954 9095
f 6954 6934 9096
f 6934 6899 9097
f 6899 6898 9098
f 6898 6955 9099
f 6955 6936 9100
f 6936 6935 9101
f 6935 6851 9102
f 6851 6850 9103
f 6850 6871 9104
f 6871 6900 9105
f 6900 6902 9106
f 6902 6901 9107
f 6901 6938 9108
f 6938 6937 9109
f 6937 6903 9110
f 6903 6873 9111
f 6873 6872 9112
f 6872 6875 9113
f 6875 6874 9114
f 6874 6904 9115
f 6904 6956 9116
f 6956 6940 9117
f 6940 6939 9118
f 6939 6942 9119
f 6942 6941 9120
f 6941 6906 9121
f 6906 6905 9122
f 6905 6853 9123
f 6853 6852 9124
f 6852 6876 9125
f 6876 6831 9126
f 6831 6830 9127
f 6830 6811 9128
f 6811 6810 9129
f 6810 6813 9130
f 6813 6812 9131
f 6812 6796 9132
f 6796 6814 9133
f 6814 6832 9134
f 6832 6816 9135
f 6816 6815 9136
f 6815 6818 9137
f 6818 6817 9138
f 6817 6966 9139
f 9139 9138 6817
f 9138 9137 6818
f 9137 9136 6815
f 9136 9135 6816
f 9135 9134 6832
f 9134 9133 6814
f 9133 9132 6796
f 9132 9131 6812
f 9131 9130 6813
f 9130 9129 6810
f 9129 9128 6811
f 9128 9127 6830
f 9127 9126 6831
f 9126 9125 6876
f 9125 9124 6852
f 9124 9123 6853
f 9123 9122 6905
f 9122 9121 6906
f 9121 9120 6941
f 9120 9119 6942
f 9119 9118 6939
f 9118 9117 6940
f 9117 9116 6956
f 9116 9115 6904
f 9115 9114 6874
f 9114 9113 6875
f 9113 9112 6872
f 9112 9111 6873
f 9111 9110 6903
f 9110 9109 6937
f 9109 9108 6938
f 9108 9107 6901
f 9107 9106 6902
f 9106 9105 6900
f 9105 9104 6871
f 9104 9103 6850
f 9103 9102 6851
f 9102 9101 6935
f 9101 9100 6936
f 9100 9099 6955
f 9099 9098 6898
f 9098 9097 6899
f 9097 9096 6934
f 9096 9095 6954
f 9095 9094 6932
f 9094 9093 6933
f 9093 9092 6965
f 9092 9091 6930
f 9091 9090 6931
f 9090 9089 6928
f 9089 9088 6929
f 9088 9087 6952
f 9087 9086 6953
f 9086 9085 6950
f 9085 9084 6951
f 9084 9083 6897
f 9083 9082 6870
f 9082 9081 6896
f 9081 9080 6868
f 9080 9079 6869
f 9079 9078 6894
f 9078 9077 6895
f 9077 9076 6866
f 9076 9075 6867
f 9075 9074 6848
f 9074 9073 6849
f 9073 9072 6846
f 9072 9071 6847
f 9071 9070 6926
f 9070 9069 6927
f 9069 9068 6924
f 9068 9067 6925
f 9067 9066 6828
f 9066 9065 6829
f 9065 9064 6826
f 9064 9063 6827
f 9063 9062 6844
f 9062 9061 6845
f 9061 9060 6794
f 9060 9059 6795
f 9059 9058 6809
f 9058 9057 6792
f 9057 9056 6793
f 9056 9055 6790
f 9055 9054 6791
f 9054 9053 6808
f 9053 9052 6789
f 9052 9051 6785
f 9051 9050 6786
f 9050 9049 6807
f 9049 9048 6788
f 9048 9047 6783
f 9047 9046 6784
f 9046 9045 6768
f 9045 9044 6769
f 9044 9043 6775
f 9043 9042 6782
f 9042 9041 6781
f 9041 9040 6774
f 9040 9039 6766
f 9039 9038 6767
f 9038 9037 6764
f 9037 9036 6765
f 9036 9035 6762
f 9035 9034 6763
f 9034 9033 6751
f 9033 9032 6752
f 9032 9031 6758
f 9031 9030 6741
f 9030 9029 6742
f 9029 9028 6749
f 9028 9027 6747
f 9027 9026 6748
f 9026 9025 6745
f 9025 9024 6746
f 9024 9023 6743
f 9023 9022 6744
f 9022 9021 6750
f 9021 9020 6757
f 9020 9019 6755
f 9019 9018 6756
f 9018 9017 6753
f 9017 9016 6754
f 9016 9015 6761
f 9015 9014 6773
f 9014 9013 6759
f 9013 9012 6760
f 9012 9011 6772
f 9011 9010 6779
f 9010 9009 6780
f 9009 9008 6787
f 9008 9007 6778
f 9007 9006 6770
f 9006 9005 6771
f 9005 9004 6776
f 9004 9003 6777
f 9003 9002 6805
f 9002 9001 6806
f 9001 9000 6803
f 9000 8999 6804
f 8999 8998 6824
f 8998 8997 6825
f 8997 8996 6843
f 8996 8995 6865
f 8995 8994 6801
f 8994 8993 6802
f 8993 8992 6823
f 8992 8991 6822
f 8991 8990 6799
f 8990 8989 6800
f 8989 8988 6841
f 8988 8987 6842
f 8987 8986 6893
f 8986 8985 6863
f 8985 8984 6864
f 8984 8983 6861
f 8983 8982 6862
f 8982 8981 6820
f 8981 8980 6821
f 8980 8979 6840
f 8979 8978 6839
f 8978 8977 6797
f 8977 8976 6798
f 8976 8975 6819
f 8975 8974 6837
f 8974 8973 6838
f 8973 8972 6835
f 8972 8971 6836
f 8971 8970 6859
f 8970 8969 6860
f 8969 8968 6891
f 8968 8967 6892
f 8967 8966 6833
f 8966 8965 6834
f 8965 8964 6858
f 8964 8963 6889
f 8963 8962 6890
f 8962 8961 6887
f 8961 8960 6888
f 8960 8959 6923
f 8959 8958 6921
f 8958 8957 6922
f 8957 8956 6949
f 8956 8955 6964
f 8955 8954 6969
f 8954 8953 6947
f 8953 8952 6948
f 8952 8951 6962
f 8951 8950 6963
f 8950 8949 6972
f 8949 8948 6973
f 8948 8947 6974
f 8947 8946 6970
f 8946 8945 6971
f 8945 8944 6946
f 8944 8943 6919
f 8943 8942 6920
f 8942 8941 6961
f 8941 8940 6886
f 8940 8939 6856
f 8939 8938 6857
f 8938 8937 6918
f 8937 8936 6945
f 8936 8935 6884
f 8935 8934 6885
f 8934 8933 6917
f 8933 8932 6915
f 8932 8931 6916
f 8931 8930 6913
f 8930 8929 6914
f 8929 8928 6854
f 8928 8927 6855
f 8927 8926 6883
f 8926 8925 6881
f 8925 8924 6882
f 8924 8923 6912
f 8923 8922 6879
f 8922 8921 6880
f 8921 8920 6877
f 8920 8919 6878
f 8919 8918 6911
f 8918 8917 6959
f 8917 8916 6960
f 8916 8915 6967
f 8915 8914 6968
f 8914 8913 6909
f 8913 8912 6910
f 8912 8911 6944
f 8911 8910 6943
f 8910 8909 6907
f 8909 8908 6908
f 8908 8907 6957
f 8907 8906 6958
f 8906 9139 6966
f 9140 9137 9138
f 9138 9141 9140
f 9140 9142 9136
f 9142 9135 9136
f 9142 9143 9134
f 9143 9133 9134
f 9143 9144 9132
f 9144 9131 9132
f 9145 9129 9130
f 9130 9144 9145
f 9145 9146 9128
f 9146 9127 9128
f 9147 9125 9126
f 9126 9146 9147
f 9147 9148 9124
f 9148 9123 9124
f 9148 9149 9122
f 9149 9121 9122
f 9149 9150 9120
f 9150 9119 9120
f 9151 9117 9118
f 9118 9150 9151
f 9152 9115 9116
f 9116 9151 9152
f 9152 9153 9114
f 9153 9113 9114
f 9153 9154 9112
f 9154 9111 9112
f 9155 9109 9110
f 9110 9154 9155
f 9155 9156 9108
f 9156 9107 9108
f 9156 9157 9106
f 9157 9105 9106
f 9157 9158 9104
f 9158 9103 9104
f 9158 9159 9102
f 9159 9101 9102
f 9160 9099 9100
f 9100 9159 9160
f 9161 9097 9098
f 9098 9160 9161
f 9161 9162 9096
f 9162 9095 9096
f 9162 9163 9094
f 9163 9093 9094
f 9164 9091 9092
f 9092 9163 9164
f 9164 9165 9090
f 9165 9089 9090
f 9166 9087 9088
f 9088 9165 9166
f 9166 9167 9086
f 9167 9085 9086
f 9167 9168 9084
f 9168 9083 9084
f 9168 9169 9082
f 9169 9081 9082
f 9169 9170 9080
f 9170 9079 9080
f 9170 9171 9078
f 9171 9077 9078
f 9172 9075 9076
f 9076 9171 9172
f 9173 9073 9074
f 9074 9172 9173
f 9173 9174 9072
f 9174 9071 9072
f 9174 9175 9070
f 9175 9069 9070
f 9176 9067 9068
f 9068 9175 9176
f 9176 9177 9066
f 9177 9065 9066
f 9177 9178 9064
f 9178 9063 9064
f 9178 9179 9062
f 9179 9061 9062
f 9179 9180 9060
f 9180 9059 9060
f 9181 9057 9058
f 9058 9180 9181
f 9181 9182 9056
f 9182 9055 9056
f 9182 9183 9054
f 9183 9053 9054
f 9183 9184 9052
f 9184 9051 9052
f 9184 9185 9050
f 9185 9049 9050
f 9185 9186 9048
f 9186 9047 9048
f 9186 9187 9046
f 9187 9045 9046
f 9187 9188 9044
f 9188 9043 9044
f 9188 9189 9042
f 9189 9041 9042
f 9189 9190 9040
f 9190 9039 9040
f 9191 9037 9038
f 9038 9190 9191
f 9191 9192 9036
f 9192 9035 9036
f 9192 9193 9034
f 9193 9033 9034
f 9194 9031 9032
f 9032 9193 9194
f 9194 9195 9030
f 9195 9029 9030
f 9195 9196 9028
f 9196 9027 9028
f 9196 9197 9026
f 9197 9025 9026
f 9197 9198 9024
f 9198 9023 9024
f 9021 9022 9199
f 9198 9199 9022
f 9022 9023 9198
f 9200 9019 9020
f 9020 9201 9200
f 9200 9202 9018
f 9202 9017 9018
f 9202 9203 9016
f 9203 9015 9016
f 9204 9013 9014
f 9014 9203 9204
f 9205 9011 9012
f 9012 9204 9205
f 9206 9009 9010
f 9010 9205 9206
f 9206 9207 9008
f 9207 9007 9008
f 9208 9005 9006
f 9006 9207 9208
f 9208 9209 9004
f 9209 9003 9004
f 9209 9210 9002
f 9210 9001 9002
f 9210 9211 9000
f 9211 8999 9000
f 9212 8997 8998
f 8998 9211 9212
f 9212 9213 8996
f 9213 8995 8996
f 9213 9214 8994
f 9214 8993 8994
f 9214 9215 8992
f 9215 8991 8992
f 9215 9216 8990
f 9216 8989 8990
f 9217 8987 8988
f 8988 9216 9217
f 9217 9218 8986
f 9218 8985 8986
f 9218 9219 8984
f 9219 8983 8984
f 9219 9220 8982
f 9220 8981 8982
f 9221 8979 8980
f 8980 9220 9221
f 9221 9222 8978
f 9222 8977 8978
f 9223 8975 8976
f 8976 9222 9223
f 9223 9224 8974
f 9224 8973 8974
f 9225 8971 8972
f 8972 9224 9225
f 9225 9226 8970
f 9226 8969 8970
f 9227 8967 8968
f 8968 9226 9227
f 9228 8965 8966
f 8966 9227 9228
f 9228 9229 8964
f 9229 8963 8964
f 9230 8961 8962
f 8962 9229 9230
f 9230 9231 8960
f 9231 8959 8960
f 9231 9232 8958
f 9232 8957 8958
f 9232 9233 8956
f 9233 8955 8956
f 9234 8953 8954
f 8954 9233 9234
f 9234 9235 8952
f 9235 8951 8952
f 9235 9236 8950
f 9236 8949 8950
f 9237 8947 8948
f 8948 9236 9237
f 9238 8945 8946
f 8946 9237 9238
f 9238 9239 8944
f 9239 8943 8944
f 9240 8941 8942
f 8942 9239 9240
f 9241 8939 8940
f 8940 9240 9241
f 9242 8937 8938
f 8938 9241 9242
f 9243 8935 8936
f 8936 9242 9243
f 9243 9244 8934
f 9244 8933 8934
f 9245 8931 8932
f 8932 9244 9245
f 9245 9246 8930
f 9246 8929 8930
f 9246 9247 8928
f 9247 8927 8928
f 9248 8925 8926
f 8926 9247 9248
f 9249 8923 8924
f 8924 9248 9249
f 9249 9250 8922
f 9250 8921 8922
f 9251 8919 8920
f 8920 9250 9251
f 9252 8917 8918
f 8918 9251 9252
f 9253 8915 8916
f 8916 9252 9253
f 9254 8913 8914
f 8914 9253 9254
f 9254 9255 8912
f 9255 8911 8912
f 9255 9256 8910
f 9256 8909 8910
f 9257 8907 8908
f 8908 9256 9257
f 9257 9141 8906
f 9141 9139 8906
f 8906 8907 9257
f 8908 8909 9256
f 8910 8911 9255
f 8912 8913 9254
f 8914 8915 9253
f 8916 8917 9252
f 8918 8919 9251
f 8920 8921 9250
f 8922 8923 9249
f 8924 8925 9248
f 8926 8927 9247
f 8928 8929 9246
f 8930 8931 9245
f 8932 8933 9244
f 8934 8935 9243
f 8936 8937 9242
f 8938 8939 9241
f 8940 8941 9240
f 8942 8943 9239
f 8944 8945 9238
f 8946 8947 9237
f 8948 8949 9236
f 8950 8951 9235
f 8952 8953 9234
f 8954 8955 9233
f 8956 8957 9232
f 8958 8959 9231
f 8960 8961 9230
f 8962 8963 9229
f 8964 8965 9228
f 8966 8967 9227
f 8968 8969 9226
f 8970 8971 9225
f 8972 8973 9224
f 8974 8975 9223
f 8976 8977 9222
f 8978 8979 9221
f 8980 8981 9220
f 8982 8983 9219
f 8984 8985 9218
f 8986 8987 9217
f 8988 8989 9216
f 8990 8991 9215
f 8992 8993 9214
f 8994 8995 9213
f 8996 8997 9212
f 8998 8999 9211
f 9000 9001 9210
f 9002 9003 9209
f 9004 9005 9208
f 9006 9007 9207
f 9008 9009 9206
f 9010 9011 9205
f 9012 9013 9204
f 9014 9015 9203
f 9016 9017 9202
f 9018 9019 9200
f 9020 9021 9201
f 9199 9201 9021
f 9024 9025 9197
f 9026 9027 9196
f 9028 9029 9195
f 9030 9031 9194
f 9032 9033 9193
f 9034 9035 9192
f 9036 9037 9191
f 9038 9039 9190
f 9040 9041 9189
f 9042 9043 9188
f 9044 9045 9187
f 9046 9047 9186
f 9048 9049 9185
f 9050 9051 9184
f 9052 9053 9183
f 9054 9055 9182
f 9056 9057 9181
f 9058 9059 9180
f 9060 9061 9179
f 9062 9063 9178
f 9064 9065 9177
f 9066 9067 9176
f 9068 9069 9175
f 9070 9071 9174
f 9072 9073 9173
f 9074 9075 9172
f 9076 9077 9171
f 9078 9079 9170
f 9080 9081 9169
f 9082 9083 9168
f 9084 9085 9167
f 9086 9087 9166
f 9088 9089 9165
f 9090 9091 9164
f 9092 9093 9163
f 9094 9095 9162
f 9096 9097 9161
f 9098 9099 9160
f 9100 9101 9159
f 9102 9103 9158
f 9104 9105 9157
f 9106 9107 9156
f 9108 9109 9155
f 9110 9111 9154
f 9112 9113 9153
f 9114 9115 9152
f 9116 9117 9151
f 9118 9119 9150
f 9120 9121 9149
f 9122 9123 9148
f 9124 9125 9147
f 9126 9127 9146
f 9128 9129 9145
f 9130 9131 9144
f 9132 9133 9143
f 9134 9135 9142
f 9136 9137 9140
f 9138 9139 9141
f 7189 7168 9258
f 7168 7167 9259
f 7167 7125 9260
f 7125 7074 9261
f 7074 7073 9262
f 7073 7022 9263
f 7022 7021 9264
f 7021 7024 9265
f 7024 7023 9266
f 7023 7026 9267
f 7026 7025 9268
f 7025 7027 9269
f 7027 6995 9270
f 6995 6994 9271
f 6994 7029 9272
f 7029 7028 9273
f 7028 7075 9274
f 7075 7031 9275
f 7031 7030 9276
f 7030 7076 9277
f 7076 6978 9278
f 6978 6977 9279
f 6977 6996 9280
f 6996 7032 9281
f 7032 6998 9282
f 6998 6997 9283
f 6997 7033 9284
f 7033 7035 9285
f 7035 7034 9286
f 7034 7077 9287
f 7077 7127 9288
f 7127 7126 9289
f 7126 7129 9290
f 7129 7128 9291
f 7128 7203 9292
f 7203 7202 9293
f 7202 7191 9294
f 7191 7190 9295
f 7190 7204 9296
f 7204 7193 9297
f 7193 7192 9298
f 7192 7205 9299
f 7205 7169 9300
f 7169 7131 9301
f 7131 7130 9302
f 7130 7194 9303
f 7194 7195 9304
f 7195 7133 9305
f 7133 7132 9306
f 7132 7079 9307
f 7079 7078 9308
f 7078 7135 9309
f 7135 7134 9310
f 7134 7170 9311
f 7170 7137 9312
f 7137 7136 9313
f 7136 7139 9314
f 7139 7138 9315
f 7138 7080 9316
f 7080 7037 9317
f 7037 7036 9318
f 7036 7141 9319
f 7141 7140 9320
f 7140 7082 9321
f 7082 7081 9322
f 7081 7039 9323
f 7039 7038 9324
f 7038 7041 9325
f 7041 7040 9326
f 7040 7208 9327
f 7208 7207 9328
f 7207 7084 9329
f 7084 7083 9330
f 7083 7085 9331
f 7085 7043 9332
f 7043 7042 9333
f 7042 7143 9334
f 7143 7142 9335
f 7142 7045 9336
f 7045 7044 9337
f 7044 7086 9338
f 7086 7047 9339
f 7047 7046 9340
f 7046 7049 9341
f 7049 7048 9342
f 7048 7088 9343
f 7088 7087 9344
f 7087 7090 9345
f 7090 7089 9346
f 7089 7172 9347
f 7172 7171 9348
f 7171 7174 9349
f 7174 7173 9350
f 7173 7145 9351
f 7145 7144 9352
f 7144 7147 9353
f 7147 7146 9354
f 7146 7000 9355
f 7000 6999 9356
f 6999 7002 9357
f 7002 7001 9358
f 7001 7091 9359
f 7091 7148 9360
f 7148 7150 9361
f 7150 7149 9362
f 7149 7196 9363
f 7196 7176 9364
f 7176 7175 9365
f 7175 7178 9366
f 7178 7177 9367
f 7177 7180 9368
f 7180 7179 9369
f 7179 7198 9370
f 7198 7197 9371
f 7197 7004 9372
f 7004 7003 9373
f 7003 7050 9374
f 7050 6980 9375
f 6980 6979 9376
f 6979 7005 9377
f 7005 6981 9378
f 6981 6976 9379
f 6976 6975 9380
f 6975 7092 9381
f 7092 7052 9382
f 7052 7051 9383
f 7051 6983 9384
f 6983 6982 9385
f 6982 6985 9386
f 6985 6984 9387
f 6984 6987 9388
f 6987 6986 9389
f 6986 6989 9390
f 6989 6988 9391
f 6988 7007 9392
f 7007 7006 9393
f 7006 7053 9394
f 7053 7093 9395
f 7093 7055 9396
f 7055 7054 9397
f 7054 7181 9398
f 7181 7095 9399
f 7095 7094 9400
f 7094 7151 9401
f 7151 7096 9402
f 7096 7057 9403
f 7057 7056 9404
f 7056 7152 9405
f 7152 7098 9406
f 7098 7097 9407
f 7097 7059 9408
f 7059 7058 9409
f 7058 7060 9410
f 7060 7009 9411
f 7009 7008 9412
f 7008 7154 9413
f 7154 7153 9414
f 7153 7100 9415
f 7100 7099 9416
f 7099 7102 9417
f 7102 7101 9418
f 7101 7183 9419
f 7183 7182 9420
f 7182 7199 9421
f 7199 7206 9422
f 7206 7011 9423
f 7011 7010 9424
f 7010 7013 9425
f 7013 7012 9426
f 7012 7062 9427
f 7062 7061 9428
f 7061 7104 9429
f 7104 7103 9430
f 7103 7064 9431
f 7064 7063 9432
f 7063 7105 9433
f 7105 7065 9434
f 7065 7106 9435
f 7106 7185 9436
f 7185 7184 9437
f 7184 7187 9438
f 7187 7186 9439
f 7186 7156 9440
f 7156 7155 9441
f 7155 7158 9442
f 7158 7157 9443
f 7157 7188 9444
f 7188 7108 9445
f 7108 7107 9446
f 7107 7159 9447
f 7159 7160 9448
f 7160 7110 9449
f 7110 7109 9450
f 7109 7066 9451
f 7066 7015 9452
f 7015 7014 9453
f 7014 7111 9454
f 7111 7068 9455
f 7068 7067 9456
f 7067 7069 9457
f 7069 7017 9458
f 7017 7016 9459
f 7016 7113 9460
f 7113 7112 9461
f 7112 7161 9462
f 7161 7163 9463
f 7163 7162 9464
f 7162 7115 9465
f 7115 7114 9466
f 7114 7164 9467
f 7164 7165 9468
f 7165 7117 9469
f 7117 7116 9470
f 7116 7201 9471
f 7201 7200 9472
f 7200 7119 9473
f 7119 7118 9474
f 7118 6991 9475
f 6991 6990 9476
f 6990 7018 9477
f 7018 7070 9478
f 7070 7071 9479
f 7071 7019 9480
f 7019 6993 9481
f 6993 6992 9482
f 6992 7120 9483
f 7120 7072 9484
f 7072 7020 9485
f 7020 7166 9486
f 7166 7122 9487
f 7122 7121 9488
f 7121 7124 9489
f 7124 7123 9490
f 7123 7189 9491
f 9491 9490 7123
f 9490 9489 7124
f 9489 9488 7121
f 9488 9487 7122
f 9487 9486 7166
f 9486 9485 7020
f 9485 9484 7072
f 9484 9483 7120
f 9483 9482 6992
f 9482 9481 6993
f 9481 9480 7019
f 9480 9479 7071
f 9479 9478 7070
f 9478 9477 7018
f 9477 9476 6990
f 9476 9475 6991
f 9475 9474 7118
f 9474 9473 7119
f 9473 9472 7200
f 9472 9471 7201
f 9471 9470 7116
f 9470 9469 7117
f 9469 9468 7165
f 9468 9467 7164
f 9467 9466 7114
f 9466 9465 7115
f 9465 9464 7162
f 9464 9463 7163
f 9463 9462 7161
f 9462 9461 7112
f 9461 9460 7113
f 9460 9459 7016
f 9459 9458 7017
f 9458 9457 7069
f 9457 9456 7067
f 9456 9455 7068
f 9455 9454 7111
f 9454 9453 7014
f 9453 9452 7015
f 9452 9451 7066
f 9451 9450 7109
f 9450 9449 7110
f 9449 9448 7160
f 9448 9447 7159
f 9447 9446 7107
f 9446 9445 7108
f 9445 9444 7188
f 9444 9443 7157
f 9443 9442 7158
f 9442 9441 7155
f 9441 9440 7156
f 9440 9439 7186
f 9439 9438 7187
f 9438 9437 7184
f 9437 9436 7185
f 9436 9435 7106
f 9435 9434 7065
f 9434 9433 7105
f 9433 9432 7063
f 9432 9431 7064
f 9431 9430 7103
f 9430 9429 7104
f 9429 9428 7061
f 9428 9427 7062
f 9427 9426 7012
f 9426 9425 7013
f 9425 9424 7010
f 9424 9423 7011
f 9423 9422 7206
f 9422 9421 7199
f 9421 9420 7182
f 9420 9419 7183
f 9419 9418 7101
f 9418 9417 7102
f 9417 9416 7099
f 9416 9415 7100
f 9415 9414 7153
f 9414 9413 7154
f 9413 9412 7008
f 9412 9411 7009
f 9411 9410 7060
f 9410 9409 7058
f 9409 9408 7059
f 9408 9407 7097
f 9407 9406 7098
f 9406 9405 7152
f 9405 9404 7056
f 9404 9403 7057
f 9403 9402 7096
f 9402 9401 7151
f 9401 9400 7094
f 9400 9399 7095
f 9399 9398 7181
f 9398 9397 7054
f 9397 9396 7055
f 9396 9395 7093
f 9395 9394 7053
f 9394 9393 7006
f 9393 9392 7007
f 9392 9391 6988
f 9391 9390 6989
f 9390 9389 6986
f 9389 9388 6987
f 9388 9387 6984
f 9387 9386 6985
f 9386 9385 6982
f 9385 9384 6983
f 9384 9383 7051
f 9383 9382 7052
f 9382 9381 7092
f 9381 9380 6975
f 9380 9379 6976
f 9379 9378 6981
f 9378 9377 7005
f 9377 9376 6979
f 9376 9375 6980
f 9375 9374 7050
f 9374 9373 7003
f 9373 9372 7004
f 9372 9371 7197
f 9371 9370 7198
f 9370 9369 7179
f 9369 9368 7180
f 9368 9367 7177
f 9367 9366 7178
f 9366 9365 7175
f 9365 9364 7176
f 9364 9363 7196
f 9363 9362 7149
f 9362 9361 7150
f 9361 9360 7148
f 9360 9359 7091
f 9359 9358 7001
f 9358 9357 7002
f 9357 9356 6999
f 9356 9355 7000
f 9355 9354 7146
f 9354 9353 7147
f 9353 9352 7144
f 9352 9351 7145
f 9351 9350 7173
f 9350 9349 7174
f 9349 9348 7171
f 9348 9347 7172
f 9347 9346 7089
f 9346 9345 7090
f 9345 9344 7087
f 9344 9343 7088
f 9343 9342 7048
f 9342 9341 7049
f 9341 9340 7046
f 9340 9339 7047
f 9339 9338 7086
f 9338 9337 7044
f 9337 9336 7045
f 9336 9335 7142
f 9335 9334 7143
f 9334 9333 7042
f 9333 9332 7043
f 9332 9331 7085
f 9331 9330 7083
f 9330 9329 7084
f 9329 9328 7207
f 9328 9327 7208
f 9327 9326 7040
f 9326 9325 7041
f 9325 9324 7038
f 9324 9323 7039
f 9323 9322 7081
f 9322 9321 7082
f 9321 9320 7140
f 9320 9319 7141
f 9319 9318 7036
f 9318 9317 7037
f 9317 9316 7080
f 9316 9315 7138
f 9315 9314 7139
f 9314 9313 7136
f 9313 9312 7137
f 9312 9311 7170
f 9311 9310 7134
f 9310 9309 7135
f 9309 9308 7078
f 9308 9307 7079
f 9307 9306 7132
f 9306 9305 7133
f 9305 9304 7195
f 9304 9303 7194
f 9303 9302 7130
f 9302 9301 7131
f 9301 9300 7169
f 9300 9299 7205
f 9299 9298 7192
f 9298 9297 7193
f 9297 9296 7204
f 9296 9295 7190
f 9295 9294 7191
f 9294 9293 7202
f 9293 9292 7203
f 9292 9291 7128
f 9291 9290 7129
f 9290 9289 7126
f 9289 9288 7127
f 9288 9287 7077
f 9287 9286 7034
f 9286 9285 7035
f 9285 9284 7033
f 9284 9283 6997
f 9283 9282 6998
f 9282 9281 7032
f 9281 9280 6996
f 9280 9279 6977
f 9279 9278 6978
f 9278 9277 7076
f 9277 9276 7030
f 9276 9275 7031
f 9275 9274 7075
f 9274 9273 7028
f 9273 9272 7029
f 9272 9271 6994
f 9271 9270 6995
f 9270 9269 7027
f 9269 9268 7025
f 9268 9267 7026
f 9267 9266 7023
f 9266 9265 7024
f 9265 9264 7021
f 9264 9263 7022
f 9263 9262 7073
f 9262 9261 7074
f 9261 9260 7125
f 9260 9259 7167
f 9259 9258 7168
f 9258 9491 7189
f 9492 9489 9490
f 9490 9493 9492
f 9492 9494 9488
f 9494 9487 9488
f 9494 9495 9486
f 9495 9485 9486
f 9495 9496 9484
f 9496 9483 9484
f 9497 9481 9482
f 9482 9496 9497
f 9497 9498 9480
f 9498 9479 9480
f 9499 9477 9478
f 9478 9498 9499
f 9499 9500 9476
f 9500 9475 9476
f 9500 9501 9474
f 9501 9473 9474
f 9501 9502 9472
f 9502 9471 9472
f 9502 9503 9470
f 9503 9469 9470
f 9504 9467 9468
f 9468 9503 9504
f 9504 9505 9466
f 9505 9465 9466
f 9505 9506 9464
f 9506 9463 9464
f 9507 9461 9462
f 9462 9506 9507
f 9507 9508 9460
f 9508 9459 9460
f 9508 9509 9458
f 9509 9457 9458
f 9509 9510 9456
f 9510 9455 9456
f 9511 9453 9454
f 9454 9510 9511
f 9511 9512 9452
f 9512 9451 9452
f 9513 9449 9450
f 9450 9512 9513
f 9513 9514 9448
f 9514 9447 9448
f 9514 9515 9446
f 9515 9445 9446
f 9516 9443 9444
f 9444 9515 9516
f 9516 9517 9442
f 9517 9441 9442
f 9518 9439 9440
f 9440 9517 9518
f 9518 9519 9438
f 9519 9437 9438
f 9519 9520 9436
f 9520 9435 9436
f 9520 9521 9434
f 9521 9433 9434
f 9521 9522 9432
f 9522 9431 9432
f 9522 9523 9430
f 9523 9429 9430
f 9524 9427 9428
f 9428 9523 9524
f 9525 9425 9426
f 9426 9524 9525
f 9525 9526 9424
f 9526 9423 9424
f 9526 9527 9422
f 9527 9421 9422
f 9528 9419 9420
f 9420 9527 9528
f 9528 9529 9418
f 9529 9417 9418
f 9529 9530 9416
f 9530 9415 9416
f 9530 9531 9414
f 9531 9413 9414
f 9531 9532 9412
f 9532 9411 9412
f 9533 9409 9410
f 9410 9532 9533
f 9534 9407 9408
f 9408 9533 9534
f 9535 9405 9406
f 9406 9534 9535
f 9535 9536 9404
f 9536 9403 9404
f 9536 9537 9402
f 9537 9401 9402
f 9537 9538 9400
f 9538 9399 9400
f 9538 9539 9398
f 9539 9397 9398
f 9539 9540 9396
f 9540 9395 9396
f 9540 9541 9394
f 9541 9393 9394
f 9541 9542 9392
f 9542 9391 9392
f 9543 9389 9390
f 9390 9542 9543
f 9543 9544 9388
f 9544 9387 9388
f 9544 9545 9386
f 9545 9385 9386
f 9545 9546 9384
f 9546 9383 9384
f 9546 9547 9382
f 9547 9381 9382
f 9547 9548 9380
f 9548 9379 9380
f 9548 9549 9378
f 9549 9377 9378
f 9549 9550 9376
f 9550 9375 9376
f 9373 9374 9551
f 9550 9551 9374
f 9374 9375 9550
f 9552 9371 9372
f 9372 9553 9552
f 9552 9554 9370
f 9554 9369 9370
f 9554 9555 9368
f 9555 9367 9368
f 9556 9365 9366
f 9366 9555 9556
f 9557 9363 9364
f 9364 9556 9557
f 9558 9361 9362
f 9362 9557 9558
f 9558 9559 9360
f 9559 9359 9360
f 9560 9357 9358
f 9358 9559 9560
f 9560 9561 9356
f 9561 9355 9356
f 9561 9562 9354
f 9562 9353 9354
f 9562 9563 9352
f 9563 9351 9352
f 9564 9349 9350
f 9350 9563 9564
f 9564 9565 9348
f 9565 9347 9348
f 9565 9566 9346
f 9566 9345 9346
f 9566 9567 9344
f 9567 9343 9344
f 9567 9568 9342
f 9568 9341 9342
f 9569 9339 9340
f 9340 9568 9569
f 9569 9570 9338
f 9570 9337 9338
f 9570 9571 9336
f 9571 9335 9336
f 9572 9333 9334
f 9334 9571 9572
f 9573 9331 9332
f 9332 9572 9573
f 9574 9329 9330
f 9330 9573 9574
f 9575 9327 9328
f 9328 9574 9575
f 9575 9576 9326
f 9576 9325 9326
f 9576 9577 9324
f 9577 9323 9324
f 9578 9321 9322
f 9322 9577 9578
f 9579 9319 9320
f 9320 9578 9579
f 9580 9317 9318
f 9318 9579 9580
f 9580 9581 9316
f 9581 9315 9316
f 9582 9313 9314
f 9314 9581 9582
f 9582 9583 9312
f 9583 9311 9312
f 9583 9584 9310
f 9584 9309 9310
f 9584 9585 9308
f 9585 9307 9308
f 9586 9305 9306
f 9306 9585 9586
f 9587 9303 9304
f 9304 9586 9587
f 9587 9588 9302
f 9588 9301 9302
f 9588 9589 9300
f 9589 9299 9300
f 9590 9297 9298
f 9298 9589 9590
f 9590 9591 9296
f 9591 9295 9296
f 9592 9293 9294
f 9294 9591 9592
f 9592 9593 9292
f 9593 9291 9292
f 9594 9289 9290
f 9290 9593 9594
f 9594 9595 9288
f 9595 9287 9288
f 9595 9596 9286
f 9596 9285 9286
f 9597 9283 9284
f 9284 9596 9597
f 9598 9281 9282
f 9282 9597 9598
f 9598 9599 9280
f 9599 9279 9280
f 9600 9277 9278
f 9278 9599 9600
f 9601 9275 9276
f 9276 9600 9601
f 9602 9273 9274
f 9274 9601 9602
f 9603 9271 9272
f 9272 9602 9603
f 9604 9269 9270
f 9270 9603 9604
f 9605 9267 9268
f 9268 9604 9605
f 9606 9265 9266
f 9266 9605 9606
f 9606 9607 9264
f 9607 9263 9264
f 9607 9608 9262
f 9608 9261 9262
f 9609 9259 9260
f 9260 9608 9609
f 9609 9493 9258
f 9493 9491 9258
f 9258 9259 9609
f 9260 9261 9608
f 9262 9263 9607
f 9264 9265 9606
f 9266 9267 9605
f 9268 9269 9604
f 9270 9271 9603
f 9272 9273 9602
f 9274 9275 9601
f 9276 9277 9600
f 9278 9279 9599
f 9280 9281 9598
f 9282 9283 9597
f 9284 9285 9596
f 9286 9287 9595
f 9288 9289 9594
f 9290 9291 9593
f 9292 9293 9592
f 9294 9295 9591
f 9296 9297 9590
f 9298 9299 9589
f 9300 9301 9588
f 9302 9303 9587
f 9304 9305 9586
f 9306 9307 9585
f 9308 9309 9584
f 9310 9311 9583
f 9312 9313 9582
f 9314 9315 9581
f 9316 9317 9580
f 9318 9319 9579
f 9320 9321 9578
f 9322 9323 9577
f 9324 9325 9576
f 9326 9327 9575
f 9328 9329 9574
f 9330 9331 9573
f 9332 9333 9572
f 9334 9335 9571
f 9336 9337 9570
f 9338 9339 9569
f 9340 9341 9568
f 9342 9343 9567
f 9344 9345 9566
f 9346 9347 9565
f 9348 9349 9564
f 9350 9351 9563
f 9352 9353 9562
f 9354 9355 9561
f 9356 9357 9560
f 9358 9359 9559
f 9360 9361 9558
f 9362 9363 9557
f 9364 9365 9556
f 9366 9367 9555
f 9368 9369 9554
f 9370 9371 9552
f 9372 9373 9553
f 9551 9553 9373
f 9376 9377 9549
f 9378 9379 9548
f 9380 9381 9547
f 9382 9383 9546
f 9384 9385 9545
f 9386 9387 9544
f 9388 9389 9543
f 9390 9391 9542
f 9392 9393 9541
f 9394 9395 9540
f 9396 9397 9539
f 9398 9399 9538
f 9400 9401 9537
f 9402 9403 9536
f 9404 9405 9535
f 9406 9407 9534
f 9408 9409 9533
f 9410 9411 9532
f 9412 9413 9531
f 9414 9415 9530
f 9416 9417 9529
f 9418 9419 9528
f 9420 9421 9527
f 9422 9423 9526
f 9424 9425 9525
f 9426 9427 9524
f 9428 9429 9523
f 9430 9431 9522
f 9432 9433 9521
f 9434 9435 9520
f 9436 9437 9519
f 9438 9439 9518
f 9440 9441 9517
f 9442 9443 9516
f 9444 9445 9515
f 9446 9447 9514
f 9448 9449 9513
f 9450 9451 9512
f 9452 9453 9511
f 9454 9455 9510
f 9456 9457 9509
f 9458 9459 9508
f 9460 9461 9507
f 9462 9463 9506
f 9464 9465 9505
f 9466 9467 9504
f 9468 9469 9503
f 9470 9471 9502
f 9472 9473 9501
f 9474 9475 9500
f 9476 9477 9499
f 9478 9479 9498
f 9480 9481 9497
f 9482 9483 9496
f 9484 9485 9495
f 9486 9487 9494
f 9488 9489 9492
f 9490 9491 9493
f 7539 7531 9610
f 7531 7500 9611
f 7500 7499 9612
f 7499 7514 9613
f 7514 7515 9614
f 7515 7516 9615
f 7516 7502 9616
f 7502 7501 9617
f 7501 7518 9618
f 7518 7517 9619
f 7517 7533 9620
f 7533 7532 9621
f 7532 7534 9622
f 7534 7520 9623
f 7520 7519 9624
f 7519 7522 9625
f 7522 7521 9626
f 7521 7524 9627
f 7524 7523 9628
f 7523 7535 9629
f 7535 7526 9630
f 7526 7525 9631
f 7525 7537 9632
f 7537 7536 9633
f 7536 7538 9634
f 7538 7482 9635
f 7482 7474 9636
f 7474 7473 9637
f 7473 7484 9638
f 7484 7483 9639
f 7483 7466 9640
f 7466 7465 9641
f 7465 7475 9642
f 7475 7468 9643
f 7468 7467 9644
f 7467 7476 9645
f 7476 7456 9646
f 7456 7455 9647
f 7455 7469 9648
f 7469 7458 9649
f 7458 7457 9650
f 7457 7470 9651
f 7470 7477 9652
f 7477 7472 9653
f 7472 7471 9654
f 7471 7488 9655
f 7488 7486 9656
f 7486 7485 9657
f 7485 7460 9658
f 7460 7459 9659
f 7459 7462 9660
f 7462 7461 9661
f 7461 7464 9662
f 7464 7463 9663
f 7463 7479 9664
f 7479 7478 9665
f 7478 7481 9666
f 7481 7480 9667
f 7480 7487 9668
f 7487 7589 9669
f 7589 7588 9670
f 7588 7574 9671
f 7574 7573 9672
f 7573 7575 9673
f 7575 7578 9674
f 7578 7577 9675
f 7577 7576 9676
f 7576 7579 9677
f 7579 7581 9678
f 7581 7580 9679
f 7580 7582 9680
f 7582 7586 9681
f 7586 7585 9682
f 7585 7590 9683
f 7590 7598 9684
f 7598 7622 9685
f 7622 7600 9686
f 7600 7599 9687
f 7599 7602 9688
f 7602 7601 9689
f 7601 7603 9690
f 7603 7592 9691
f 7592 7591 9692
f 7591 7623 9693
f 7623 7605 9694
f 7605 7604 9695
f 7604 7584 9696
f 7584 7583 9697
f 7583 7587 9698
f 7587 7593 9699
f 7593 7606 9700
f 7606 7595 9701
f 7595 7594 9702
f 7594 7597 9703
f 7597 7596 9704
f 7596 7624 9705
f 7624 7608 9706
f 7608 7607 9707
f 7607 7626 9708
f 7626 7625 9709
f 7625 7628 9710
f 7628 7627 9711
f 7627 7610 9712
f 7610 7609 9713
f 7609 7629 9714
f 7629 7631 9715
f 7631 7630 9716
f 7630 7644 9717
f 7644 7643 9718
f 7643 7645 9719
f 7645 7612 9720
f 7612 7611 9721
f 7611 7632 9722
f 7632 7614 9723
f 7614 7613 9724
f 7613 7633 9725
f 7633 7616 9726
f 7616 7615 9727
f 7615 7635 9728
f 7635 7634 9729
f 7634 7646 9730
f 7646 7656 9731
f 7656 7648 9732
f 7648 7647 9733
f 7647 7657 9734
f 7657 7659 9735
f 7659 7658 9736
f 7658 7637 9737
f 7637 7636 9738
f 7636 7649 9739
f 7649 7651 9740
f 7651 7650 9741
f 7650 7661 9742
f 7661 7660 9743
f 7660 7672 9744
f 7672 7673 9745
f 7673 7663 9746
f 7663 7662 9747
f 7662 7639 9748
f 7639 7638 9749
f 7638 7618 9750
f 7618 7617 9751
f 7617 7640 9752
f 7640 7653 9753
f 7653 7652 9754
f 7652 7665 9755
f 7665 7664 9756
f 7664 7667 9757
f 7667 7666 9758
f 7666 7669 9759
f 7669 7668 9760
f 7668 7683 9761
f 7683 7682 9762
f 7682 7680 9763
f 7680 7675 9764
f 7675 7674 9765
f 7674 7681 9766
f 7681 7677 9767
f 7677 7676 9768
f 7676 7688 9769
f 7688 7687 9770
f 7687 7684 9771
f 7684 7642 9772
f 7642 7641 9773
f 7641 7620 9774
f 7620 7619 9775
f 7619 7621 9776
f 7621 7655 9777
f 7655 7654 9778
f 7654 7671 9779
f 7671 7670 9780
f 7670 7679 9781
f 7679 7678 9782
f 7678 7686 9783
f 7686 7685 9784
f 7685 7567 9785
f 7567 7558 9786
f 7558 7557 9787
f 7557 7560 9788
f 7560 7559 9789
f 7559 7561 9790
f 7561 7543 9791
f 7543 7540 9792
f 7540 7568 9793
f 7568 7563 9794
f 7563 7562 9795
f 7562 7570 9796
f 7570 7569 9797
f 7569 7572 9798
f 7572 7571 9799
f 7571 7545 9800
f 7545 7544 9801
f 7544 7564 9802
f 7564 7546 9803
f 7546 7542 9804
f 7542 7541 9805
f 7541 7548 9806
f 7548 7547 9807
f 7547 7550 9808
f 7550 7549 9809
f 7549 7565 9810
f 7565 7552 9811
f 7552 7551 9812
f 7551 7566 9813
f 7566 7554 9814
f 7554 7553 9815
f 7553 7556 9816
f 7556 7555 9817
f 7555 7504 9818
f 7504 7503 9819
f 7503 7505 9820
f 7505 7490 9821
f 7490 7489 9822
f 7489 7527 9823
f 7527 7507 9824
f 7507 7506 9825
f 7506 7528 9826
f 7528 7492 9827
f 7492 7491 9828
f 7491 7508 9829
f 7508 7530 9830
f 7530 7529 9831
f 7529 7510 9832
f 7510 7509 9833
f 7509 7512 9834
f 7512 7511 9835
f 7511 7513 9836
f 7513 7494 9837
f 7494 7493 9838
f 7493 7496 9839
f 7496 7495 9840
f 7495 7498 9841
f 7498 7497 9842
f 7497 7539 9843
f 9843 9842 7497
f 9842 9841 7498
f 9841 9840 7495
f 9840 9839 7496
f 9839 9838 7493
f 9838 9837 7494
f 9837 9836 7513
f 9836 9835 7511
f 9835 9834 7512
f 9834 9833 7509
f 9833 9832 7510
f 9832 9831 7529
f 9831 9830 7530
f 9830 9829 7508
f 9829 9828 7491
f 9828 9827 7492
f 9827 9826 7528
f 9826 9825 7506
f 9825 9824 7507
f 9824 9823 7527
f 9823 9822 7489
f 9822 9821 7490
f 9821 9820 7505
f 9820 9819 7503
f 9819 9818 7504
f 9818 9817 7555
f 9817 9816 7556
f 9816 9815 7553
f 9815 9814 7554
f 9814 9813 7566
f 9813 9812 7551
f 9812 9811 7552
f 9811 9810 7565
f 9810 9809 7549
f 9809 9808 7550
f 9808 9807 7547
f 9807 9806 7548
f 9806 9805 7541
f 9805 9804 7542
f 9804 9803 7546
f 9803 9802 7564
f 9802 9801 7544
f 9801 9800 7545
f 9800 9799 7571
f 9799 9798 7572
f 9798 9797 7569
f 9797 9796 7570
f 9796 9795 7562
f 9795 9794 7563
f 9794 9793 7568
f 9793 9792 7540
f 9792 9791 7543
f 9791 9790 7561
f 9790 9789 7559
f 9789 9788 7560
f 9788 9787 7557
f 9787 9786 7558
f 9786 9785 7567
f 9785 9784 7685
f 9784 9783 7686
f 9783 9782 7678
f 9782 9781 7679
f 9781 9780 7670
f 9780 9779 7671
f 9779 9778 7654
f 9778 9777 7655
f 9777 9776 7621
f 9776 9775 7619
f 9775 9774 7620
f 9774 9773 7641
f 9773 9772 7642
f 9772 9771 7684
f 9771 9770 7687
f 9770 9769 7688
f 9769 9768 7676
f 9768 9767 7677
f 9767 9766 7681
f 9766 9765 7674
f 9765 9764 7675
f 9764 9763 7680
f 9763 9762 7682
f 9762 9761 7683
f 9761 9760 7668
f 9760 9759 7669
f 9759 9758 7666
f 9758 9757 7667
f 9757 9756 7664
f 9756 9755 7665
f 9755 9754 7652
f 9754 9753 7653
f 9753 9752 7640
f 9752 9751 7617
f 9751 9750 7618
f 9750 9749 7638
f 9749 9748 7639
f 9748 9747 7662
f 9747 9746 7663
f 9746 9745 7673
f 9745 9744 7672
f 9744 9743 7660
f 9743 9742 7661
f 9742 9741 7650
f 9741 9740 7651
f 9740 9739 7649
f 9739 9738 7636
f 9738 9737 7637
f 9737 9736 7658
f 9736 9735 7659
f 9735 9734 7657
f 9734 9733 7647
f 9733 9732 7648
f 9732 9731 7656
f 9731 9730 7646
f 9730 9729 7634
f 9729 9728 7635
f 9728 9727 7615
f 9727 9726 7616
f 9726 9725 7633
f 9725 9724 7613
f 9724 9723 7614
f 9723 9722 7632
f 9722 9721 7611
f 9721 9720 7612
f 9720 9719 7645
f 9719 9718 7643
f 9718 9717 7644
f 9717 9716 7630
f 9716 9715 7631
f 9715 9714 7629
f 9714 9713 7609
f 9713 9712 7610
f 9712 9711 7627
f 9711 9710 7628
f 9710 9709 7625
f 9709 9708 7626
f 9708 9707 7607
f 9707 9706 7608
f 9706 9705 7624
f 9705 9704 7596
f 9704 9703 7597
f 9703 9702 7594
f 9702 9701 7595
f 9701 9700 7606
f 9700 9699 7593
f 9699 9698 7587
f 9698 9697 7583
f 9697 9696 7584
f 9696 9695 7604
f 9695 9694 7605
f 9694 9693 7623
f 9693 9692 7591
f 9692 9691 7592
f 9691 9690 7603
f 9690 9689 7601
f 9689 9688 7602
f 9688 9687 7599
f 9687 9686 7600
f 9686 9685 7622
f 9685 9684 7598
f 9684 9683 7590
f 9683 9682 7585
f 9682 9681 7586
f 9681 9680 7582
f 9680 9679 7580
f 9679 9678 7581
f 9678 9677 7579
f 9677 9676 7576
f 9676 9675 7577
f 9675 9674 7578
f 9674 9673 7575
f 9673 9672 7573
f 9672 9671 7574
f 9671 9670 7588
f 9670 9669 7589
f 9669 9668 7487
f 9668 9667 7480
f 9667 9666 7481
f 9666 9665 7478
f 9665 9664 7479
f 9664 9663 7463
f 9663 9662 7464
f 9662 9661 7461
f 9661 9660 7462
f 9660 9659 7459
f 9659 9658 7460
f 9658 9657 7485
f 9657 9656 7486
f 9656 9655 7488
f 9655 9654 7471
f 9654 9653 7472
f 9653 9652 7477
f 9652 9651 7470
f 9651 9650 7457
f 9650 9649 7458
f 9649 9648 7469
f 9648 9647 7455
f 9647 9646 7456
f 9646 9645 7476
f 9645 9644 7467
f 9644 9643 7468
f 9643 9642 7475
f 9642 9641 7465
f 9641 9640 7466
f 9640 9639 7483
f 9639 9638 7484
f 9638 9637 7473
f 9637 9636 7474
f 9636 9635 7482
f 9635 9634 7538
f 9634 9633 7536
f 9633 9632 7537
f 9632 9631 7525
f 9631 9630 7526
f 9630 9629 7535
f 9629 9628 7523
f 9628 9627 7524
f 9627 9626 7521
f 9626 9625 7522
f 9625 9624 7519
f 9624 9623 7520
f 9623 9622 7534
f 9622 9621 7532
f 9621 9620 7533
f 9620 9619 7517
f 9619 9618 7518
f 9618 9617 7501
f 9617 9616 7502
f 9616 9615 7516
f 9615 9614 7515
f 9614 9613 7514
f 9613 9612 7499
f 9612 9611 7500
f 9611 9610 7531
f 9610 9843 7539
f 9844 9841 9842
f 9842 9845 9844
f 9844 9846 9840
f 9846 9839 9840
f 9846 9847 9838
f 9847 9837 9838
f 9847 9848 9836
f 9848 9835 9836
f 9849 9833 9834
f 9834 9848 9849
f 9850 9831 9832
f 9832 9849 9850
f 9851 9829 9830
f 9830 9850 9851
f 9851 9852 9828
f 9852 9827 9828
f 9852 9853 9826
f 9853 9825 9826
f 9854 9823 9824
f 9824 9853 9854
f 9854 9855 9822
f 9855 9821 9822
f 9856 9819 9820
f 9820 9855 9856
f 9856 9857 9818
f 9857 9817 9818
f 9857 9858 9816
f 9858 9815 9816
f 9858 9859 9814
f 9859 9813 9814
f 9860 9811 9812
f 9812 9859 9860
f 9860 9861 9810
f 9861 9809 9810
f 9861 9862 9808
f 9862 9807 9808
f 9862 9863 9806
f 9863 9805 9806
f 9864 9803 9804
f 9804 9863 9864
f 9864 9865 9802
f 9865 9801 9802
f 9865 9866 9800
f 9866 9799 9800
f 9866 9867 9798
f 9867 9797 9798
f 9867 9868 9796
f 9868 9795 9796
f 9868 9869 9794
f 9869 9793 9794
f 9869 9870 9792
f 9870 9791 9792
f 9870 9871 9790
f 9871 9789 9790
f 9871 9872 9788
f 9872 9787 9788
f 9873 9785 9786
f 9786 9872 9873
f 9873 9874 9784
f 9874 9783 9784
f 9874 9875 9782
f 9875 9781 9782
f 9876 9779 9780
f 9780 9875 9876
f 9877 9777 9778
f 9778 9876 9877
f 9878 9775 9776
f 9776 9877 9878
f 9878 9879 9774
f 9879 9773 9774
f 9879 9880 9772
f 9880 9771 9772
f 9880 9881 9770
f 9881 9769 9770
f 9882 9767 9768
f 9768 9881 9882
f 9882 9883 9766
f 9883 9765 9766
f 9883 9884 9764
f 9884 9763 9764
f 9884 9885 9762
f 9885 9761 9762
f 9885 9886 9760
f 9886 9759 9760
f 9887 9757 9758
f 9758 9886 9887
f 9888 9755 9756
f 9756 9887 9888
f 9889 9753 9754
f 9754 9888 9889
f 9889 9890 9752
f 9890 9751 9752
f 9890 9891 9750
f 9891 9749 9750
f 9891 9892 9748
f 9892 9747 9748
f 9892 9893 9746
f 9893 9745 9746
f 9893 9894 9744
f 9894 9743 9744
f 9895 9741 9742
f 9742 9894 9895
f 9895 9896 9740
f 9896 9739 9740
f 9896 9897 9738
f 9897 9737 9738
f 9897 9898 9736
f 9898 9735 9736
f 9898 9899 9734
f 9899 9733 9734
f 9899 9900 9732
f 9900 9731 9732
f 9900 9901 9730
f 9901 9729 9730
f 9901 9902 9728
f 9902 9727 9728
f 9725 9726 9903
f 9902 9903 9726
f 9726 9727 9902
f 9904 9723 9724
f 9724 9905 9904
f 9904 9906 9722
f 9906 9721 9722
f 9906 9907 9720
f 9907 9719 9720
f 9908 9717 9718
f 9718 9907 9908
f 9909 9715 9716
f 9716 9908 9909
f 9910 9713 9714
f 9714 9909 9910
f 9911 9711 9712
f 9712 9910 9911
f 9911 9912 9710
f 9912 9709 9710
f 9913 9707 9708
f 9708 9912 9913
f 9914 9705 9706
f 9706 9913 9914
f 9914 9915 9704
f 9915 9703 9704
f 9915 9916 9702
f 9916 9701 9702
f 9917 9699 9700
f 9700 9916 9917
f 9918 9697 9698
f 9698 9917 9918
f 9919 9695 9696
f 9696 9918 9919
f 9919 9920 9694
f 9920 9693 9694
f 9921 9691 9692
f 9692 9920 9921
f 9922 9689 9690
f 9690 9921 9922
f 9923 9687 9688
f 9688 9922 9923
f 9924 9685 9686
f 9686 9923 9924
f 9924 9925 9684
f 9925 9683 9684
f 9925 9926 9682
f 9926 9681 9682
f 9927 9679 9680
f 9680 9926 9927
f 9928 9677 9678
f 9678 9927 9928
f 9929 9675 9676
f 9676 9928 9929
f 9930 9673 9674
f 9674 9929 9930
f 9931 9671 9672
f 9672 9930 9931
f 9932 9669 9670
f 9670 9931 9932
f 9933 9667 9668
f 9668 9932 9933
f 9933 9934 9666
f 9934 9665 9666
f 9935 9663 9664
f 9664 9934 9935
f 9935 9936 9662
f 9936 9661 9662
f 9936 9937 9660
f 9937 9659 9660
f 9937 9938 9658
f 9938 9657 9658
f 9938 9939 9656
f 9939 9655 9656
f 9940 9653 9654
f 9654 9939 9940
f 9940 9941 9652
f 9941 9651 9652
f 9941 9942 9650
f 9942 9649 9650
f 9943 9647 9648
f 9648 9942 9943
f 9944 9645 9646
f 9646 9943 9944
f 9945 9643 9644
f 9644 9944 9945
f 9945 9946 9642
f 9946 9641 9642
f 9946 9947 9640
f 9947 9639 9640
f 9947 9948 9638
f 9948 9637 9638
f 9949 9635 9636
f 9636 9948 9949
f 9949 9950 9634
f 9950 9633 9634
f 9950 9951 9632
f 9951 9631 9632
f 9951 9952 9630
f 9952 9629 9630
f 9953 9627 9628
f 9628 9952 9953
f 9954 9625 9626
f 9626 9953 9954
f 9955 9623 9624
f 9624 9954 9955
f 9955 9956 9622
f 9956 9621 9622
f 9956 9957 9620
f 9957 9619 9620
f 9958 9617 9618
f 9618 9957 9958
f 9958 9959 9616
f 9959 9615 9616
f 9959 9960 9614
f 9960 9613 9614
f 9961 9611 9612
f 9612 9960 9961
f 9961 9845 9610
f 9845 9843 9610
f 9610 9611 9961
f 9612 9613 9960
f 9614 9615 9959
f 9616 9617 9958
f 9618 9619 9957
f 9620 9621 9956
f 9622 9623 9955
f 9624 9625 9954
f 9626 9627 9953
f 9628 9629 9952
f 9630 9631 9951
f 9632 9633 9950
f 9634 9635 9949
f 9636 9637 9948
f 9638 9639 9947
f 9640 9641 9946
f 9642 9643 9945
f 9644 9645 9944
f 9646 9647 9943
f 9648 9649 9942
f 9650 9651 9941
f 9652 9653 9940
f 9654 9655 9939
f 9656 9657 9938
f 9658 9659 9937
f 9660 9661 9936
f 9662 9663 9935
f 9664 9665 9934
f 9666 9667 9933
f 9668 9669 9932
f 9670 9671 9931
f 9672 9673 9930
f 9674 9675 9929
f 9676 9677 9928
f 9678 9679 9927
f 9680 9681 9926
f 9682 9683 9925
f 9684 9685 9924
f 9686 9687 9923
f 9688 9689 9922
f 9690 9691 9921
f 9692 9693 9920
f 9694 9695 9919
f 9696 9697 9918
f 9698 9699 9917
f 9700 9701 9916
f 9702 9703 9915
f 9704 9705 9914
f 9706 9707 9913
f 9708 9709 9912
f 9710 9711 9911
f 9712 9713 9910
f 9714 9715 9909
f 9716 9717 9908
f 9718 9719 9907
f 9720 9721 9906
f 9722 9723 9904
f 9724 9725 9905
f 9903 9905 9725
f 9728 9729 9901
f 9730 9731 9900
f 9732 9733 9899
f 9734 9735 9898
f 9736 9737 9897
f 9738 9739 9896
f 9740 9741 9895
f 9742 9743 9894
f 9744 9745 9893
f 9746 9747 9892
f 9748 9749 9891
f 9750 9751 9890
f 9752 9753 9889
f 9754 9755 9888
f 9756 9757 9887
f 9758 9759 9886
f 9760 9761 9885
f 9762 9763 9884
f 9764 9765 9883
f 9766 9767 9882
f 9768 9769 9881
f 9770 9771 9880
f 9772 9773 9879
f 9774 9775 9878
f 9776 9777 9877
f 9778 9779 9876
f 9780 9781 9875
f 9782 9783 9874
f 9784 9785 9873
f 9786 9787 9872
f 9788 9789 9871
f 9790 9791 9870
f 9792 9793 9869
f 9794 9795 9868
f 9796 9797 9867
f 9798 9799 9866
f 9800 9801 9865
f 9802 9803 9864
f 9804 9805 9863
f 9806 9807 9862
f 9808 9809 9861
f 9810 9811 9860
f 9812 9813 9859
f 9814 9815 9858
f 9816 9817 9857
f 9818 9819 9856
f 9820 9821 9855
f 9822 9823 9854
f 9824 9825 9853
f 9826 9827 9852
f 9828 9829 9851
f 9830 9831 9850
f 9832 9833 9849
f 9834 9835 9848
f 9836 9837 9847
f 9838 9839 9846
f 9840 9841 9844
f 9842 9843 9845
f 10080 10081 10082
f 10083 10082 10084
f 10085 10084 10086
f 10086 9145 9144
f 9144 10087 10086
f 9144 9143 10087
f 10088 9230 9229
f 10087 9253 9252
f 10087 9140 9141
f 9143 9142 10087
f 10086 9147 9146
f 10088 9227 9226
f 9229 9228 10088
f 10087 9231 9230
f 10087 9236 9235
f 10087 9254 9253
f 10087 9256 9255
f 9141 9257 10087
f 9146 9145 10086
f 10086 9150 9149
f 10088 9200 9201
f 10088 9212 9211
f 10088 9224 9223
f 9226 9225 10088
f 9230 10088 10087
f 9228 9227 10088
f 10087 9233 9232
f 9235 9234 10087
f 10087 9245 9244
f 10087 9248 9247
f 9255 9254 10087
f 9142 9140 10087
f 9149 9148 10086
f 10086 9159 9158
f 10089 9169 9168
f 10088 9202 9200
f 10088 9204 9203
f 10088 9208 9207
f 9211 9210 10088
f 9223 9222 10088
f 9234 9233 10087
f 10087 9238 9237
f 10087 9242 9241
f 10087 9246 9245
f 10087 9249 9248
f 9257 9256 10087
f 10086 9151 9150
f 10086 9156 9155
f 9158 9157 10086
f 10086 9161 9160
f 10086 9163 9162
f 10086 9167 9166
f 10089 9170 9169
f 10089 9173 9172
f 10089 9186 9185
f 10089 10088 9195
f 10088 9197 9196
f 9203 9202 10088
f 10088 9206 9205
f 10088 9209 9208
f 10088 9213 9212
f 10088 9217 9216
f 10088 9219 9218
f 9225 9224 10088
f 9237 9236 10087
f 10087 9243 9242
f 9247 9246 10087
f 10087 9251 9250
f 9148 9147 10086
f 9157 9156 10086
f 9162 9161 10086
f 9166 9165 10086
f 10089 9171 9170
f 10089 9174 9173
f 10089 9176 9175
f 10089 9184 9183
f 10089 9187 9186
f 10089 9194 9193
f 9196 9195 10088
f 9205 9204 10088
f 9210 9209 10088
f 9218 9217 10088
f 10088 9221 9220
f 9232 9231 10087
f 10087 9240 9239
f 9244 9243 10087
f 9252 9251 10087
f 10086 9154 9153
f 9160 9159 10086
f 9165 9164 10086
f 9168 10086 10089
f 9175 9174 10089
f 10089 9180 9179
f 10089 9182 9181
f 9185 9184 10089
f 10089 9190 9189
f 10089 9192 9191
f 9195 9194 10089
f 10088 9199 9198
f 9207 9206 10088
f 10088 9215 9214
f 9220 9219 10088
f 9239 9238 10087
f 9250 9249 10087
f 9153 9152 10086
f 9164 9163 10086
f 9172 9171 10089
f 9181 9180 10089
f 10089 9188 9187
f 9191 9190 10089
f 9198 9197 10088
f 9214 9213 10088
f 9222 9221 10088
f 9152 9151 10086
f 9168 9167 10086
f 9183 9182 10089
f 9193 9192 10089
f 9216 9215 10088
f 9155 9154 10086
f 10089 9178 9177
f 9189 9188 10089
f 9241 9240 10087
f 9179 9178 10089
f 9177 9176 10089
f 10088 10089 9496
f 10088 9582 9581
f 10089 9497 9496
f 9581 10090 10088
f 9496 9495 10088
f 10089 9511 9510
f 10090 9579 9578
f 9581 9580 10090
f 10088 9588 9587
f 10088 9600 9599
f 9495 9494 10088
f 10089 9501 9500
f 9510 9509 10089
f 10089 9515 9514
f 10089 9519 9518
f 10091 9521 9520
f 10090 9576 9575
f 9578 9577 10090
f 10088 9583 9582
f 10088 9585 9584
f 9587 9586 10088
f 10088 9590 9589
f 10088 9592 9591
f 10088 9601 9600
f 10088 9608 9607
f 10089 9498 9497
f 9500 9499 10089
f 10089 9506 9505
f 10089 9512 9511
f 9514 9513 10089
f 9518 9517 10089
f 10091 9522 9521
f 10091 9525 9524
f 10091 9528 9527
f 10091 9530 9529
f 10091 9545 9544
f 10090 9558 9557
f 10090 9560 9559
f 10090 9564 9563
f 9575 9574 10090
f 9580 9579 10090
f 9586 9585 10088
f 9591 9590 10088
f 10088 9594 9593
f 10088 9598 9597
f 10088 9602 9601
f 10088 9604 9603
f 9607 9606 10088
f 10088 9493 9609
f 9499 9498 10089
f 10089 9503 9502
f 9505 9504 10089
f 10089 9508 9507
f 9513 9512 10089
f 9517 9516 10089
f 10091 9523 9522
f 10091 9526 9525
f 9529 9528 10091
f 10091 9536 9535
f 10091 9538 9537
f 9544 9543 10091
f 10090 9552 9553
f 9559 9558 10090
f 9563 9562 10090
f 9577 9576 10090
f 9589 9588 10088
f 10088 9595 9594
f 9597 9596 10088
f 9603 9602 10088
f 9606 9605 10088
f 10088 9492 9493
f 9502 9501 10089
f 9507 9506 10089
f 9516 9515 10089
f 9520 10089 10091
f 9527 9526 10091
f 10091 9532 9531
f 9535 9534 10091
f 10091 9539 9538
f 10091 9542 9541
f 10091 9546 9545
f 10090 9548 9547
f 10090 9554 9552
f 10090 9556 9555
f 10090 9561 9560
f 10090 9565 9564
f 10090 9572 9571
f 9584 9583 10088
f 9596 9595 10088
f 9605 9604 10088
f 9494 9492 10088
f 9509 9508 10089
f 9524 9523 10091
f 10091 9533 9532
f 9537 9536 10091
f 9543 9542 10091
f 10090 9549 9548
f 9555 9554 10090
f 9562 9561 10090
f 10090 9567 9566
f 10090 9573 9572
f 9593 9592 10088
f 9609 9608 10088
f 9520 9519 10089
f 9534 9533 10091
f 9541 9540 10091
f 9547 10091 10090
f 10090 9551 9550
f 9557 9556 10090
f 10090 9568 9567
f 9574 9573 10090
f 9504 9503 10089
f 9540 9539 10091
f 9550 9549 10090
f 9566 9565 10090
f 10090 9570 9569
f 9599 9598 10088
f 9547 9546 10091
f 9569 9568 10090
f 9531 9530 10091
f 9571 9570 10090
f 10090 10091 10092
f 10093 10092 10094
f 10095 10094 10096
f 10097 10080 10083
f 10098 10099 10097
f 10100 10101 10102
f 10103 10104 10105
f 10106 10105 10107
f 10108 9962 9963
f 10107 9964 9965
f 10108 9966 9967
f 10108 9968 9962
f 10107 9967 9964
f 9965 9969 10107
f 10108 9970 9966
f 9967 10107 10108
f 9963 9971 10108
f 10108 9972 9968
f 10108 9973 9974
f 10109 9975 9976
f 10109 10110 9977
f 10110 9978 9979
f 10110 9980 9981
f 10110 9982 9983
f 9971 9970 10108
f 9974 9984 10108
f 10108 9985 9986
f 10108 9987 9988
f 9976 9989 10109
f 9979 9977 10110
f 9977 9990 10109
f 10110 9991 9992
f 9983 9980 10110
f 10107 9993 9994
f 10108 9995 9972
f 10108 9996 9997
f 9984 9998 10108
f 10108 9999 9985
f 10108 10000 9987
f 10108 10001 10002
f 10109 10003 9975
f 10109 9990 10004
f 9992 9978 10110
f 9981 10005 10110
f 10110 10107 10006
f 9994 10007 10107
f 10107 9969 10008
f 9997 9995 10108
f 9986 9973 10108
f 10002 10000 10108
f 10004 10003 10109
f 10005 9991 10110
f 10110 10009 10010
f 10107 10011 10006
f 10107 10012 10013
f 10107 10014 10015
f 10007 10016 10107
f 9988 9999 10108
f 10108 10017 10018
f 10109 10019 10020
f 10109 10021 10022
f 10010 10023 10110
f 10006 10024 10110
f 10013 10025 10107
f 10015 10026 10107
f 10107 10027 10028
f 10107 10029 10030
f 10008 9993 10107
f 10018 10001 10108
f 10109 10031 10032
f 10109 10033 10019
f 10109 10034 10035
f 10022 10036 10109
f 10023 9982 10110
f 10110 10037 10038
f 10107 10039 10011
f 10107 10040 10041
f 10107 10042 10012
f 10028 10014 10107
f 10107 10043 10029
f 9998 9996 10108
f 10109 10044 10045
f 10032 10046 10109
f 10035 10033 10109
f 9989 10021 10109
f 10110 10047 10048
f 10038 10049 10110
f 10107 10050 10039
f 10107 10051 10040
f 10026 10042 10107
f 10016 10043 10107
f 10108 10052 10053
f 10108 10054 10055
f 10109 10056 10054
f 10109 10057 10058
f 10046 10044 10109
f 10036 10034 10109
f 10110 10059 10060
f 10110 10061 10062
f 10049 10047 10110
f 10024 10063 10110
f 10107 10064 10065
f 10025 10051 10107
f 10053 10017 10108
f 10055 10066 10108
f 10109 10067 10056
f 10109 10068 10069
f 10045 10057 10109
f 10060 10009 10110
f 10048 10061 10110
f 10110 10070 10071
f 10110 10072 10073
f 10065 10050 10107
f 10030 10027 10107
f 10066 10074 10108
f 10109 10075 10067
f 10058 10068 10109
f 10109 10076 10077
f 10062 10059 10110
f 10071 10078 10110
f 10063 10072 10110
f 10074 10052 10108
f 10109 10079 10075
f 10077 10031 10109
f 10078 10037 10110
f 10041 10064 10107
f 10069 10079 10109
f 10073 10070 10110
f 10020 10076 10109
f 10111 10098 10112
f 10113 10112 10114
f 10115 10114 10100
f 10116 10103 10106
f 10117 10110 10109
f 10118 10113 10115
f 10119 10115 10120
f 10121 10116 10122
f 10123 10117 10124
f 10093 9862 9861
f 10093 9854 9853
f 10093 9856 9855
f 10093 9859 9858
f 10093 9863 9862
f 10093 10095 9871
f 10095 9874 9873
f 10095 9877 9876
f 9855 9854 10093
f 9858 9857 10093
f 9861 9860 10093
f 10093 9865 9864
f 10093 9867 9866
f 9871 9870 10093
f 10095 9875 9874
f 10095 9878 9877
f 10095 9880 9879
f 10093 9851 9850
f 9857 9856 10093
f 9864 9863 10093
f 10093 9868 9867
f 9870 9869 10093
f 9873 9872 10095
f 9879 9878 10095
f 10093 9852 9851
f 9860 9859 10093
f 9869 9868 10093
f 9876 9875 10095
f 9853 9852 10093
f 9872 9871 10095
f 10093 9849 9848
f 9866 9865 10093
f 9850 9849 10093
f 10104 10090 9959
f 10090 9960 9959
f 10090 9961 9960
f 10090 9844 9845
f 10090 10093 9847
f 9845 9961 10090
f 9847 9846 10090
f 9846 9844 10090
f 10105 9944 9943
f 10105 9945 9944
f 10105 9941 9940
f 9943 9942 10105
f 10105 9948 9947
f 10107 9929 9928
f 10107 9932 9931
f 10107 10105 9934
f 10105 9937 9936
f 10105 9939 9938
f 9942 9941 10105
f 9947 9946 10105
f 9928 9927 10107
f 9931 9930 10107
f 9934 9933 10107
f 9938 9937 10105
f 9946 9945 10105
f 9930 9929 10107
f 10105 9935 9934
f 9940 9939 10105
f 10105 9959 9958
f 9933 9932 10107
f 10105 9949 9948
f 10105 9951 9950
f 10105 9953 9952
f 9958 9957 10105
f 9957 9956 10105
f 9936 9935 10105
f 9952 9951 10105
f 10105 9955 9954
f 9956 9955 10105
f 9950 9949 10105
f 9954 9953 10105
f 10108 9919 9918
f 10108 9920 9919
f 10125 9905 9903
f 10108 9911 9910
f 10108 9913 9912
f 9918 9917 10108
f 10108 9923 9922
f 10125 9904 9905
f 10108 9908 9907
f 9912 9911 10108
f 10108 9915 9914
f 9917 9916 10108
f 9922 9921 10108
f 9903 9902 10125
f 10108 9909 9908
f 9914 9913 10108
f 9921 9920 10108
f 10095 10125 9884
f 10125 9888 9887
f 10125 9892 9891
f 10125 9894 9893
f 10125 9906 9904
f 9907 10125 10108
f 9916 9915 10108
f 10108 10107 9926
f 9884 9883 10095
f 10125 9886 9885
f 10125 9889 9888
f 9893 9892 10125
f 10125 9896 9895
f 9902 9901 10125
f 9910 9909 10108
f 9926 9925 10108
f 10095 9882 9881
f 9885 9884 10125
f 10125 9890 9889
f 9895 9894 10125
f 10125 9898 9897
f 10125 9900 9899
f 9907 9906 10125
f 9925 9924 10108
f 9883 9882 10095
f 9891 9890 10125
f 9899 9898 10125
f 9924 9923 10108
f 9887 9886 10125
f 9901 9900 10125
f 9897 9896 10125
f 10085 10087 8820
f 10085 8818 8817
f 10087 8821 8820
f 10087 8824 8823
f 10087 8826 8825
f 10085 8819 8818
f 10087 8822 8821
f 8825 8824 10087
f 8817 8816 10085
f 8823 8822 10087
f 10087 8828 8827
f 10087 8830 8829
f 10087 8832 8831
f 10087 8837 8836
f 10087 8839 8838
f 8820 8819 10085
f 8829 8828 10087
f 10087 8833 8832
f 10087 8835 8834
f 8838 8837 10087
f 10087 8841 8840
f 8827 8826 10087
f 8834 8833 10087
f 8840 8839 10087
f 10087 8843 8842
f 10085 8813 8812
f 10085 8815 8814
f 8831 8830 10087
f 8842 8841 10087
f 8814 8813 10085
f 8836 8835 10087
f 8816 8815 10085
f 10126 10083 8904
f 10083 8905 8904
f 8904 8903 10126
f 10083 8788 8789
f 10083 8792 8791
f 10083 8806 8805
f 10126 8902 8901
f 8789 8905 10083
f 8791 8790 10083
f 10083 8794 8793
f 10083 8796 8795
f 10083 8798 8797
f 10083 8800 8799
f 10083 8804 8803
f 10083 8807 8806
f 10083 10085 8809
f 10126 8884 8883
f 10126 8888 8887
f 8901 8900 10126
f 8790 8788 10083
f 8795 8794 10083
f 8799 8798 10083
f 8805 8804 10083
f 8809 8808 10083
f 10126 8885 8884
f 8887 8886 10126
f 10126 8890 8889
f 10126 8892 8891
f 10126 8894 8893
f 8903 8902 10126
f 8797 8796 10083
f 10083 8802 8801
f 8808 8807 10083
f 8886 8885 10126
f 8891 8890 10126
f 10126 8895 8894
f 10126 8897 8896
f 10126 8899 8898
f 8793 8792 10083
f 8803 8802 10083
f 10085 8811 8810
f 8889 8888 10126
f 8896 8895 10126
f 8900 8899 10126
f 8810 8809 10085
f 8893 8892 10126
f 8801 8800 10083
f 8898 8897 10126
f 10102 8863 8862
f 10102 8864 8863
f 10102 8855 8854
f 10102 8857 8856
f 8862 8861 10102
f 10102 8867 8866
f 10102 10101 8876
f 8856 8855 10102
f 10102 8859 8858
f 8861 8860 10102
f 8866 8865 10102
f 10102 8873 8872
f 8876 8875 10102
f 8858 8857 10102
f 8865 8864 10102
f 8872 8871 10102
f 8875 8874 10102
f 10101 8878 8877
f 10102 8853 8852
f 8860 8859 10102
f 10102 8870 8869
f 8874 8873 10102
f 10101 8879 8878
f 10101 8881 8880
f 10101 8883 8882
f 8854 8853 10102
f 8869 8868 10102
f 8877 8876 10101
f 8882 8881 10101
f 8868 8867 10102
f 8880 8879 10101
f 8871 8870 10102
f 10112 10097 8436
f 8436 8553 10112
f 10097 8451 8450
f 10097 10126 8464
f 10097 8437 8436
f 8450 8449 10097
f 10097 8453 8452
f 10097 8460 8459
f 8464 8463 10097
f 8463 8462 10097
f 10112 8529 8528
f 10112 8532 8531
f 10112 8534 8533
f 10097 8438 8437
f 8452 8451 10097
f 8459 8458 10097
f 10097 8462 8461
f 10126 8465 8464
f 10114 8527 8526
f 8528 10114 10112
f 8533 8532 10112
f 10097 8439 8438
f 10097 8441 8440
f 10097 8444 8443
f 10097 8454 8453
f 10097 8456 8455
f 8458 8457 10097
f 8528 8527 10114
f 8531 8530 10112
f 10112 8537 8536
f 10112 8547 8546
f 8440 8439 10097
f 8443 8442 10097
f 8455 8454 10097
f 8461 8460 10097
f 8530 8529 10112
f 8536 8535 10112
f 10112 8544 8543
f 8546 8545 10112
f 10112 8549 8548
f 10112 8552 8551
f 8442 8441 10097
f 10097 8446 8445
f 10097 8448 8447
f 8457 8456 10097
f 8535 8534 10112
f 10112 8539 8538
f 10112 8541 8540
f 8543 8542 10112
f 8548 8547 10112
f 8551 8550 10112
f 8445 8444 10097
f 8449 8448 10097
f 8538 8537 10112
f 8542 8541 10112
f 8550 8549 10112
f 8447 8446 10097
f 8540 8539 10112
f 8553 8552 10112
f 8545 8544 10112
f 10101 8470 8469
f 10100 8497 8495
f 10101 8471 8470
f 10101 8478 8477
f 8495 10101 10100
f 10101 8466 8465
f 8469 8468 10101
f 10101 8479 8478
f 10101 8481 8480
f 10101 8484 8483
f 10100 8496 8497
f 10100 8508 8507
f 10101 8467 8466
f 8465 10126 10101
f 10101 8472 8471
f 8480 8479 10101
f 10101 8485 8484
f 10101 8487 8486
f 8495 8494 10101
f 10100 8505 8504
f 8507 8506 10100
f 10100 8521 8520
f 8468 8467 10101
f 10101 8475 8474
f 10101 8482 8481
f 8486 8485 10101
f 8494 8493 10101
f 10100 8503 8502
f 8506 8505 10100
f 8520 8519 10100
f 10114 8523 8522
f 10101 8473 8472
f 10101 8476 8475
f 8483 8482 10101
f 10101 8489 8488
f 10100 8498 8496
f 10100 8501 8500
f 8504 8503 10100
f 10100 8522 8521
f 10114 8524 8523
f 8474 8473 10101
f 8488 8487 10101
f 8493 8492 10101
f 8502 8501 10100
f 10100 8510 8509
f 10100 8512 8511
f 10100 8517 8516
f 8522 10100 10114
f 8477 8476 10101
f 10101 8491 8490
f 10100 8499 8498
f 8509 8508 10100
f 10100 8513 8512
f 10100 8515 8514
f 10100 8518 8517
f 10114 8525 8524
f 8490 8489 10101
f 8500 8499 10100
f 8514 8513 10100
f 8519 8518 10100
f 8492 8491 10101
f 8516 8515 10100
f 8511 8510 10100
f 10120 10100 8196
f 10127 8199 8196
f 8196 10100 10127
f 10128 8200 8199
f 8199 10127 10128
f 10128 10129 8201
f 10129 10130 8197
f 8197 8201 10129
f 10120 8198 8197
f 8197 10130 10120
f 10122 10106 8190
f 10106 10110 8193
f 8193 8190 10106
f 10117 8194 8193
f 8193 10110 10117
f 10117 10123 8195
f 10131 8191 8195
f 8195 10123 10131
f 10122 8192 8191
f 8191 10131 10122
f 10119 4342 4343
f 10119 4344 4345
f 10119 4341 4342
f 4343 4344 10119
f 10119 4348 4349
f 4345 4346 10119
f 10119 4347 4348
f 10119 4340 4341
f 4346 4347 10119
f 10132 4395 4396
f 10132 4393 4394
f 10132 4391 4392
f 10132 4389 4390
f 10132 4398 4399
f 4394 4395 10132
f 4390 4391 10132
f 10132 4400 4401
f 10132 4397 4398
f 4392 4393 10132
f 4401 4402 10132
f 4396 4397 10132
f 4399 4400 10132
f 10132 4388 4389
f 10111 10132 4407
f 10111 4411 4412
f 10132 4406 4407
f 10111 4410 4411
f 4407 4408 10111
f 10111 4413 4414
f 10111 4409 4410
f 10132 4405 4406
f 10132 4403 4404
f 4412 4413 10111
f 4404 4405 10132
f 4408 4409 10111
f 10098 10111 4415
f 4415 4416 10098
f 10099 10098 4421
f 4421 4422 10099
f 10098 4419 4420
f 4420 4421 10098
f 4422 4423 10099
f 4423 4424 10099
f 4424 4425 10099
f 10098 4417 4418
f 4418 4419 10098
f 10099 4442 4443
f 10099 4440 4441
f 10099 4429 4430
f 10099 4448 4449
f 4441 4442 10099
f 10099 4438 4439
f 4430 4431 10099
f 10099 4427 4428
f 10099 4450 4451
f 10099 4447 4448
f 10099 4444 4445
f 4439 4440 10099
f 10099 4432 4433
f 4428 4429 10099
f 10099 4453 4454
f 4451 4452 10099
f 10099 4446 4447
f 4443 4444 10099
f 10099 4436 4437
f 10099 4434 4435
f 4431 4432 10099
f 4452 4453 10099
f 4445 4446 10099
f 4435 4436 10099
f 10099 4426 4427
f 4449 4450 10099
f 4433 4434 10099
f 4437 4438 10099
f 10097 10099 4455
f 4455 10080 10097
f 10080 4486 4487
f 10080 4480 4481
f 10080 4491 4492
f 10080 4489 4490
f 4487 4488 10080
f 10080 4484 4485
f 4481 4482 10080
f 10080 4473 4474
f 10080 4493 4494
f 4490 4491 10080
f 4485 4486 10080
f 4482 4483 10080
f 10080 4477 4478
f 10080 4475 4476
f 10080 4472 4473
f 10080 4466 4467
f 10080 4462 4463
f 4492 4493 10080
f 4483 4484 10080
f 4478 4479 10080
f 4474 4475 10080
f 10080 4465 4466
f 4463 4464 10080
f 10080 4459 4460
f 4488 4489 10080
f 4476 4477 10080
f 10080 4470 4471
f 4467 4468 10080
f 10080 4461 4462
f 10080 4458 4459
f 10080 4456 4457
f 4479 4480 10080
f 10080 4469 4470
f 4464 4465 10080
f 4457 4458 10080
f 4471 4472 10080
f 4460 4461 10080
f 4468 4469 10080
f 10082 4498 4499
f 10082 4496 4497
f 10082 4501 4502
f 4497 4498 10082
f 4502 4503 10082
f 4499 4500 10082
f 4500 4501 10082
f 10082 10081 4495
f 4495 4496 10082
f 10084 4508 4509
f 10084 4510 4511
f 10084 4507 4508
f 10084 4505 4506
f 10084 10082 4504
f 4509 4510 10084
f 4504 4505 10084
f 4506 4507 10084
f 10086 4516 4517
f 10086 4515 4516
f 10086 10084 4512
f 10086 4514 4515
f 4512 4513 10086
f 4513 4514 10086
f 10089 4534 4535
f 10089 4531 4532
f 10089 4533 4534
f 10089 4530 4531
f 4532 4533 10089
f 10089 4528 4529
f 4529 4530 10089
f 10089 10086 4525
f 10086 4519 4520
f 10089 4543 4544
f 10089 4527 4528
f 4525 4526 10089
f 10086 4518 4519
f 10089 4546 4547
f 4544 4545 10089
f 10089 4540 4541
f 4526 4527 10089
f 10086 4523 4524
f 4520 4521 10086
f 4545 4546 10089
f 4541 4542 10089
f 10089 4538 4539
f 10089 4536 4537
f 4524 4525 10086
f 4521 4522 10086
f 4542 4543 10089
f 4537 4538 10089
f 4522 4523 10086
f 4547 4548 10089
f 4535 4536 10089
f 4539 4540 10089
f 10089 4556 4557
f 10089 4554 4555
f 10089 4550 4551
f 10091 4571 4572
f 4555 4556 10089
f 4551 4552 10089
f 10091 4570 4571
f 10091 4568 4569
f 10091 10089 4567
f 10089 4564 4565
f 10089 4562 4563
f 10089 4559 4560
f 4557 4558 10089
f 4552 4553 10089
f 4569 4570 10091
f 10089 4566 4567
f 4563 4564 10089
f 4560 4561 10089
f 4553 4554 10089
f 4567 4568 10091
f 4561 4562 10089
f 10089 4549 4550
f 4572 4573 10091
f 4558 4559 10089
f 4565 4566 10089
f 10091 4580 4581
f 10091 4579 4580
f 10091 4577 4578
f 10091 4575 4576
f 4578 4579 10091
f 10091 4574 4575
f 4576 4577 10091
f 10092 4586 4587
f 10092 4584 4585
f 4585 4586 10092
f 10092 4582 4583
f 4583 4584 10092
f 10092 4581 4582
f 10094 4599 4600
f 10094 4597 4598
f 4600 4601 10094
f 10094 4596 4597
f 4598 4599 10094
f 10094 4603 4604
f 4601 4602 10094
f 10094 4594 4595
f 10094 4590 4591
f 4602 4603 10094
f 10094 4593 4594
f 10094 4589 4590
f 4595 4596 10094
f 4591 4592 10094
f 4592 4593 10094
f 10094 4587 4588
f 4588 4589 10094
f 10125 10096 4605
f 10125 4630 4631
f 10125 4627 4628
f 10125 4608 4609
f 4605 4606 10125
f 10125 4636 4637
f 4631 4632 10125
f 4628 4629 10125
f 10125 4623 4624
f 10125 4616 4617
f 4609 4610 10125
f 4606 4607 10125
f 10125 4641 4642
f 10125 4639 4640
f 4637 4638 10125
f 4629 4630 10125
f 10125 4625 4626
f 10125 4622 4623
f 10125 4620 4621
f 10125 4618 4619
f 10125 4615 4616
f 10125 4611 4612
f 4607 4608 10125
f 4640 4641 10125
f 10125 4635 4636
f 10125 4633 4634
f 4626 4627 10125
f 4621 4622 10125
f 4617 4618 10125
f 10125 4613 4614
f 4610 4611 10125
f 4638 4639 10125
f 4632 4633 10125
f 4619 4620 10125
f 4612 4613 10125
f 4634 4635 10125
f 4614 4615 10125
f 4624 4625 10125
f 10108 4652 4653
f 10108 4664 4665
f 10108 4656 4657
f 4653 4654 10108
f 10108 4663 4664
f 4657 4658 10108
f 10108 4651 4652
f 10108 4649 4650
f 10108 4647 4648
f 10125 4644 4645
f 10108 4671 4672
f 10108 4662 4663
f 10108 4655 4656
f 4650 4651 10108
f 10108 4646 4647
f 4645 10108 10125
f 10108 4670 4671
f 10108 4668 4669
f 10108 4666 4667
f 10108 4661 4662
f 4654 4655 10108
f 4645 4646 10108
f 4669 4670 10108
f 4665 4666 10108
f 10108 4659 4660
f 4648 4649 10108
f 4667 4668 10108
f 4658 4659 10108
f 4660 4661 10108
f 10125 4643 4644
f 10108 4677 4678
f 4678 10109 10108
f 10108 4675 4676
f 10109 4680 4681
f 4676 4677 10108
f 10108 4673 4674
f 10109 4679 4680
f 4674 4675 10108
f 4678 4679 10109
f 10109 4683 4684
f 10109 4682 4683
f 10133 1388 1390
f 10133 1394 1396
f 10133 1386 1388
f 10133 1382 1384
f 10133 1420 1422
f 10133 1414 1416
f 10133 1410 1412
f 10133 1406 1408
f 10133 1402 1404
f 10133 1392 1394
f 1384 1386 10133
f 10133 1366 1368
f 4754 4755 1443
f 1356 4751 4752
f 10133 1418 1420
f 1412 1414 10133
f 1404 1406 10133
f 10133 1398 1400
f 1390 1392 10133
f 10133 1378 1380
f 10133 1364 1366
f 1356 4753 4754
f 1356 4750 4751
f 1416 1418 10133
f 1400 1402 10133
f 1380 1382 10133
f 10133 1374 1376
f 10133 1370 1372
f 10133 1362 1364
f 10133 4750 1356
f 4752 4753 1356
f 4757 4758 3511
f 1408 1410 10133
f 1376 1378 10133
f 1368 1370 10133
f 10133 1358 1360
f 1443 1356 4754
f 1443 4756 4757
f 10123 1422 1424
f 1396 1398 10133
f 1360 1362 10133
f 1356 1355 10133
f 3511 1443 4757
f 1422 10123 10133
f 1355 1358 10133
f 4758 4759 3511
f 1372 1374 10133
f 1443 4755 4756
f 4759 3513 3511
f 10131 10123 1354
f 10123 1428 1430
f 10123 1438 1354
f 10123 1432 1434
f 10123 1426 1428
f 10123 1436 1438
f 1430 1432 10123
f 1434 1436 10123
f 1352 10121 10131
f 1344 1338 10121
f 1338 1336 10116
f 1336 1339 10103
f 10104 1325 1323
f 10104 1327 1325
f 10104 1333 1331
f 10103 1339 1334
f 1323 1321 10104
f 1331 1329 10104
f 1334 10104 10103
f 1321 1319 10104
f 1334 1333 10104
f 1329 1327 10104
f 10090 1289 1287
f 10090 10104 1303
f 10090 1291 1289
f 10104 1305 1303
f 10088 10090 1231
f 10090 1271 1269
f 10090 1279 1277
f 10090 1293 1291
f 10090 1301 1299
f 10104 1307 1305
f 10088 1227 1225
f 1231 1229 10088
f 10090 1235 1233
f 10090 1239 1237
f 10090 1273 1271
f 1277 1275 10090
f 10090 1283 1281
f 1287 1285 10090
f 10090 1297 1295
f 1303 1301 10090
f 1229 1227 10088
f 1237 1235 10090
f 10090 1253 1251
f 10090 1267 1265
f 1275 1273 10090
f 1285 1283 10090
f 1299 1297 10090
f 10088 1223 1221
f 1233 1231 10090
f 10090 1249 1247
f 10090 1255 1253
f 10090 1259 1257
f 10090 1263 1261
f 1269 1267 10090
f 1295 1293 10090
f 10104 1311 1309
f 10088 1215 1213
f 10088 1219 1217
f 1225 1223 10088
f 10090 1243 1241
f 1247 1245 10090
f 1257 1255 10090
f 1265 1263 10090
f 1309 1307 10104
f 1217 1215 10088
f 1241 1239 10090
f 1251 1249 10090
f 1281 1279 10090
f 1213 1211 10088
f 1245 1243 10090
f 10104 1313 1311
f 10104 1317 1315
f 1221 1219 10088
f 1315 1313 10104
f 1261 1259 10090
f 8851 1121 1119
f 8851 1129 1127
f 8850 1145 1143
f 8851 1123 1121
f 8851 1131 1129
f 8850 1147 1145
f 8850 1151 1149
f 8851 1125 1123
f 8851 1133 1131
f 1137 1135 8851
f 8850 1141 1139
f 1149 1147 8850
f 8850 1155 1153
f 1127 1125 8851
f 8851 8850 1137
f 1143 1141 8850
f 8850 1157 1155
f 8850 1177 1175
f 8851 1117 1115
f 1135 1133 8851
f 1153 1151 8850
f 1175 1173 8850
f 10102 1103 1101
f 10102 1109 1107
f 10102 8851 1111
f 1115 1113 8851
f 1139 1137 8850
f 8850 1161 1159
f 8850 1165 1163
f 8850 1171 1169
f 8850 1179 1177
f 8850 1183 1181
f 8850 1193 1191
f 10102 1105 1103
f 1111 1109 10102
f 1119 1117 8851
f 1163 1161 8850
f 1169 1167 8850
f 1181 1179 8850
f 8850 1187 1185
f 1191 1189 8850
f 8850 1205 1203
f 8850 1209 1207
f 1107 1105 10102
f 1159 1157 8850
f 1173 1171 8850
f 1189 1187 8850
f 8850 1201 1199
f 1207 1205 8850
f 1203 1201 8850
f 1113 1111 8851
f 1185 1183 8850
f 8850 1197 1195
f 1209 8849 8847
f 1167 1165 8850
f 1199 1197 8850
f 10088 1209 8846
f 1209 8848 8849
f 1195 1193 8850
f 10088 8844 8843
f 8847 8846 1209
f 1101 1099 10102
f 10088 8845 8844
f 8850 8848 1209
f 8846 8845 10088
f 10127 10102 988
f 10102 1087 1085
f 10102 1091 1089
f 10102 1083 988
f 1089 1087 10102
f 10102 1095 1093
f 10102 1099 1097
f 1085 1083 10102
f 1097 1095 10102
f 1093 1091 10102
f 10128 10127 983
f 10129 10128 984
f 991 10129 987
f 10130 998 1000
f 10129 991 990
f 1000 1002 10130
f 10130 994 996
f 990 10130 10129
f 996 998 10130
f 990 993 10130
f 993 994 10130
f 10119 1034 1036
f 10119 1074 1076
f 10119 1064 1066
f 10119 1060 1062
f 10119 1046 1048
f 1036 1038 10119
f 10119 1024 1026
f 10119 1020 1022
f 10119 1072 1074
f 1076 1080 10119
f 1066 1068 10119
f 1068 1070 10119
f 10119 1058 1060
f 10119 1054 1056
f 10119 1050 1052
f 10119 1044 1046
f 10119 1040 1042
f 10119 1032 1034
f 10119 1028 1030
f 1022 1024 10119
f 10119 1016 1018
f 10119 1010 1012
f 10119 1070 1072
f 1062 1064 10119
f 1052 1054 10119
f 1042 1044 10119
f 1030 1032 10119
f 1018 1020 10119
f 1012 1014 10119
f 1080 4760 10119
f 1056 1058 10119
f 1038 1040 10119
f 1014 1016 10119
f 1026 1028 10119
f 10119 1006 1008
f 10119 10130 1004
f 1048 1050 10119
f 1004 1006 10119
f 4340 10119 4760
f 1008 1010 10119
f 10118 4360 4361
f 10118 4357 4358
f 10118 4373 4374
f 10118 4370 4371
f 10118 4368 4369
f 10118 4366 4367
f 10118 4359 4360
f 10118 4356 4357
f 10118 4372 4373
f 4369 4370 10118
f 10118 4365 4366
f 4358 4359 10118
f 10118 4354 4355
f 4371 4372 10118
f 10118 4364 4365
f 4355 4356 10118
f 10118 4352 4353
f 10118 4349 4350
f 4388 10132 6569
f 6678 4381 4382
f 10118 4375 4376
f 4367 4368 10118
f 10118 4362 4363
f 4353 4354 10118
f 4350 4351 10118
f 6678 4387 4388
f 4382 4383 6678
f 10118 4378 4379
f 4376 4377 10118
f 4363 4364 10118
f 4351 4352 10118
f 6678 4386 4387
f 6678 4384 4385
f 6678 4380 4381
f 4377 4378 10118
f 4361 4362 10118
f 4385 4386 6678
f 6678 4379 4380
f 4374 4375 10118
f 4383 4384 6678
f 6569 6678 4388
f 10111 6570 6569
f 10111 10113 6570
f 10113 6679 6570
f 10118 6678 6679
f 6679 10113 10118
f 4695 4696 6449
f 6448 4694 4695
f 6448 4691 4692
f 6448 4689 4690
f 6448 4693 4694
f 4690 4691 6448
f 6448 4687 4688
f 4692 4693 6448
f 6448 4686 4687
f 4688 4689 6448
f 6448 4684 4685
f 4685 4686 6448
f 6449 6448 4695
f 10133 10124 6531
f 6448 10124 4684
f 6448 6531 10124
f 10133 4735 4736
f 6535 4714 4715
f 6535 4712 4713
f 4703 6535 6450
f 6450 4700 4701
f 4736 4737 10133
f 6535 4717 4718
f 4713 4714 6535
f 4701 4702 6450
f 10133 4741 4742
f 4737 4738 10133
f 10133 4732 4733
f 10133 4728 4729
f 10133 4726 4727
f 10133 4724 4725
f 10133 4721 4722
f 4718 4719 6535
f 4715 4716 6535
f 6535 4709 4710
f 6535 4706 4707
f 6535 4704 4705
f 6450 4702 4703
f 10133 4748 4749
f 4742 4743 10133
f 10133 4734 4735
f 10133 4731 4732
f 4729 4730 10133
f 4725 4726 10133
f 4722 4723 10133
f 10133 6535 4720
f 4716 4717 6535
f 4710 4711 6535
f 4707 4708 6535
f 4703 4704 6535
f 10133 4747 4748
f 4743 4744 10133
f 10133 4739 4740
f 4733 4734 10133
f 4727 4728 10133
f 4720 4721 10133
f 4711 4712 6535
f 4705 4706 6535
f 10133 4746 4747
f 4744 4745 10133
f 4738 4739 10133
f 4723 4724 10133
f 4708 4709 6535
f 6450 4698 4699
f 4745 4746 10133
f 4730 4731 10133
f 4697 4698 6450
f 4699 4700 6450
f 4740 4741 10133
f 6449 4696 4697
f 4749 4750 10133
f 4719 4720 6535
f 6450 6449 4697
f 6531 6535 10133
f 6569 10132 10111
f 4379 6678 10118
f 4760 4339 4340
f 1002 1004 10130
f 987 986 991
f 984 987 10129
f 983 984 10128
f 988 983 10127
f 8843 10087 10088
f 1211 1209 10088
f 1319 1317 10104
f 10103 10116 1336
f 10116 10121 1338
f 10121 1352 1344
f 10131 1351 1352
f 1354 1351 10131
f 1424 1426 10123
f 4684 10124 10109
f 4681 4682 10109
f 4672 4673 10108
f 4642 4643 10125
f 4605 10096 4604
f 4604 10096 10094
f 4587 10094 10092
f 4581 10092 10091
f 4573 4574 10091
f 4548 4549 10089
f 4517 4518 10086
f 4511 4512 10084
f 4503 4504 10082
f 4495 10081 4494
f 4494 10081 10080
f 4455 4456 10080
f 4454 4455 10099
f 4425 4426 10099
f 4416 4417 10098
f 4414 4415 10111
f 4402 4403 10132
f 4349 10118 10119
f 8195 8194 10117
f 8190 8192 10122
f 8201 8200 10128
f 8196 8198 10120
f 8526 8525 10114
f 8852 8851 10102
f 8883 10101 10126
f 8812 8811 10085
f 9881 9880 10095
f 9927 9926 10107
f 9959 10105 10104
f 9848 9847 10093
f 10124 10133 10123
f 10122 10131 10121
f 10120 10130 10119
f 10115 10119 10118
f 10109 10124 10117
f 10106 10122 10116
f 10100 10120 10115
f 10114 10115 10113
f 10112 10113 10111
f 10054 10108 10109
f 10107 10110 10106
f 10105 10106 10103
f 10102 10127 10100
f 10097 10112 10098
f 10083 10126 10097
f 10096 10125 10095
f 10094 10095 10093
f 10092 10093 10090
f 9553 9551 10090
f 9201 9199 10088
f 10086 10087 10085
f 10084 10085 10083
f 10082 10083 10080
f 7445 7452 10134
f 7452 7392 10135
f 7392 7391 10136
f 7391 7405 10137
f 7405 7429 10138
f 7429 7407 10139
f 7407 7406 10140
f 7406 7430 10141
f 7430 7432 10142
f 7432 7431 10143
f 7431 7394 10144
f 7394 7393 10145
f 7393 7379 10146
f 7379 7378 10147
f 7378 7356 10148
f 7356 7355 10149
f 7355 7369 10150
f 7369 7371 10151
f 7371 7370 10152
f 7370 7408 10153
f 7408 7358 10154
f 7358 7357 10155
f 7357 7372 10156
f 7372 7374 10157
f 7374 7373 10158
f 7373 7380 10159
f 7380 7284 10160
f 7284 7280 10161
f 7280 7281 10162
f 7281 7270 10163
f 7270 7279 10164
f 7279 7267 10165
f 7267 7266 10166
f 7266 7251 10167
f 7251 7250 10168
f 7250 7268 10169
f 7268 7269 10170
f 7269 7252 10171
f 7252 7278 10172
f 7278 7249 10173
f 7249 7248 10174
f 7248 7237 10175
f 7237 7236 10176
f 7236 7238 10177
f 7238 7229 10178
f 7229 7246 10179
f 7246 7245 10180
f 7245 7228 10181
f 7228 7227 10182
f 7227 7235 10183
f 7235 7247 10184
f 7247 7242 10185
f 7242 7241 10186
f 7241 7264 10187
f 7264 7277 10188
f 7277 7244 10189
f 7244 7243 10190
f 7243 7265 10191
f 7265 7261 10192
f 7261 7260 10193
f 7260 7275 10194
f 7275 7276 10195
f 7276 7263 10196
f 7263 7262 10197
f 7262 7283 10198
f 7283 7273 10199
f 7273 7272 10200
f 7272 7282 10201
f 7282 7274 10202
f 7274 7256 10203
f 7256 7255 10204
f 7255 7258 10205
f 7258 7257 10206
f 7257 7259 10207
f 7259 7231 10208
f 7231 7230 10209
f 7230 7232 10210
f 7232 7222 10211
f 7222 7221 10212
f 7221 7224 10213
f 7224 7223 10214
f 7223 7226 10215
f 7226 7225 10216
f 7225 7234 10217
f 7234 7233 10218
f 7233 7254 10219
f 7254 7240 10220
f 7240 7239 10221
f 7239 7253 10222
f 7253 7271 10223
f 7271 7446 10224
f 7446 7410 10225
f 7410 7409 10226
f 7409 7412 10227
f 7412 7411 10228
f 7411 7434 10229
f 7434 7433 10230
f 7433 7447 10231
f 7447 7449 10232
f 7449 7448 10233
f 7448 7414 10234
f 7414 7413 10235
f 7413 7416 10236
f 7416 7415 10237
f 7415 7395 10238
f 7395 7382 10239
f 7382 7381 10240
f 7381 7384 10241
f 7384 7383 10242
f 7383 7396 10243
f 7396 7417 10244
f 7417 7397 10245
f 7397 7386 10246
f 7386 7385 10247
f 7385 7436 10248
f 7436 7435 10249
f 7435 7450 10250
f 7450 7419 10251
f 7419 7418 10252
f 7418 7437 10253
f 7437 7421 10254
f 7421 7420 10255
f 7420 7438 10256
f 7438 7451 10257
f 7451 7439 10258
f 7439 7423 10259
f 7423 7422 10260
f 7422 7440 10261
f 7440 7425 10262
f 7425 7424 10263
f 7424 7454 10264
f 7454 7453 10265
f 7453 7442 10266
f 7442 7441 10267
f 7441 7444 10268
f 7444 7443 10269
f 7443 7375 10270
f 7375 7346 10271
f 7346 7345 10272
f 7345 7348 10273
f 7348 7347 10274
f 7347 7360 10275
f 7360 7359 10276
f 7359 7362 10277
f 7362 7361 10278
f 7361 7330 10279
f 7330 7329 10280
f 7329 7332 10281
f 7332 7321 10282
f 7321 7320 10283
f 7320 7313 10284
f 7313 7312 10285
f 7312 7322 10286
f 7322 7315 10287
f 7315 7314 10288
f 7314 7323 10289
f 7323 7324 10290
f 7324 7316 10291
f 7316 7306 10292
f 7306 7305 10293
f 7305 7326 10294
f 7326 7325 10295
f 7325 7308 10296
f 7308 7307 10297
f 7307 7310 10298
f 7310 7309 10299
f 7309 7318 10300
f 7318 7317 10301
f 7317 7319 10302
f 7319 7311 10303
f 7311 7295 10304
f 7295 7292 10305
f 7292 7291 10306
f 7291 7288 10307
f 7288 7287 10308
f 7287 7289 10309
f 7289 7290 10310
f 7290 7286 10311
f 7286 7285 10312
f 7285 7294 10313
f 7294 7293 10314
f 7293 7299 10315
f 7299 7298 10316
f 7298 7297 10317
f 7297 7296 10318
f 7296 7304 10319
f 7304 7301 10320
f 7301 7300 10321
f 7300 7303 10322
f 7303 7302 10323
f 7302 7334 10324
f 7334 7333 10325
f 7333 7335 10326
f 7335 7328 10327
f 7328 7327 10328
f 7327 7331 10329
f 7331 7349 10330
f 7349 7339 10331
f 7339 7338 10332
f 7338 7351 10333
f 7351 7350 10334
f 7350 7337 10335
f 7337 7336 10336
f 7336 7340 10337
f 7340 7342 10338
f 7342 7341 10339
f 7341 7363 10340
f 7363 7353 10341
f 7353 7352 10342
f 7352 7365 10343
f 7365 7364 10344
f 7364 7388 10345
f 7388 7387 10346
f 7387 7398 10347
f 7398 7390 10348
f 7390 7389 10349
f 7389 7366 10350
f 7366 7344 10351
f 7344 7343 10352
f 7343 7354 10353
f 7354 7376 10354
f 7376 7377 10355
f 7377 7368 10356
f 7368 7367 10357
f 7367 7400 10358
f 7400 7399 10359
f 7399 7426 10360
f 7426 7402 10361
f 7402 7401 10362
f 7401 7427 10363
f 7427 7404 10364
f 7404 7403 10365
f 7403 7428 10366
f 7428 7445 10367
f 10367 10366 7428
f 10366 10365 7403
f 10365 10364 7404
f 10364 10363 7427
f 10363 10362 7401
f 10362 10361 7402
f 10361 10360 7426
f 10360 10359 7399
f 10359 10358 7400
f 10358 10357 7367
f 10357 10356 7368
f 10356 10355 7377
f 10355 10354 7376
f 10354 10353 7354
f 10353 10352 7343
f 10352 10351 7344
f 10351 10350 7366
f 10350 10349 7389
f 10349 10348 7390
f 10348 10347 7398
f 10347 10346 7387
f 10346 10345 7388
f 10345 10344 7364
f 10344 10343 7365
f 10343 10342 7352
f 10342 10341 7353
f 10341 10340 7363
f 10340 10339 7341
f 10339 10338 7342
f 10338 10337 7340
f 10337 10336 7336
f 10336 10335 7337
f 10335 10334 7350
f 10334 10333 7351
f 10333 10332 7338
f 10332 10331 7339
f 10331 10330 7349
f 10330 10329 7331
f 10329 10328 7327
f 10328 10327 7328
f 10327 10326 7335
f 10326 10325 7333
f 10325 10324 7334
f 10324 10323 7302
f 10323 10322 7303
f 10322 10321 7300
f 10321 10320 7301
f 10320 10319 7304
f 10319 10318 7296
f 10318 10317 7297
f 10317 10316 7298
f 10316 10315 7299
f 10315 10314 7293
f 10314 10313 7294
f 10313 10312 7285
f 10312 10311 7286
f 10311 10310 7290
f 10310 10309 7289
f 10309 10308 7287
f 10308 10307 7288
f 10307 10306 7291
f 10306 10305 7292
f 10305 10304 7295
f 10304 10303 7311
f 10303 10302 7319
f 10302 10301 7317
f 10301 10300 7318
f 10300 10299 7309
f 10299 10298 7310
f 10298 10297 7307
f 10297 10296 7308
f 10296 10295 7325
f 10295 10294 7326
f 10294 10293 7305
f 10293 10292 7306
f 10292 10291 7316
f 10291 10290 7324
f 10290 10289 7323
f 10289 10288 7314
f 10288 10287 7315
f 10287 10286 7322
f 10286 10285 7312
f 10285 10284 7313
f 10284 10283 7320
f 10283 10282 7321
f 10282 10281 7332
f 10281 10280 7329
f 10280 10279 7330
f 10279 10278 7361
f 10278 10277 7362
f 10277 10276 7359
f 10276 10275 7360
f 10275 10274 7347
f 10274 10273 7348
f 10273 10272 7345
f 10272 10271 7346
f 10271 10270 7375
f 10270 10269 7443
f 10269 10268 7444
f 10268 10267 7441
f 10267 10266 7442
f 10266 10265 7453
f 10265 10264 7454
f 10264 10263 7424
f 10263 10262 7425
f 10262 10261 7440
f 10261 10260 7422
f 10260 10259 7423
f 10259 10258 7439
f 10258 10257 7451
f 10257 10256 7438
f 10256 10255 7420
f 10255 10254 7421
f 10254 10253 7437
f 10253 10252 7418
f 10252 10251 7419
f 10251 10250 7450
f 10250 10249 7435
f 10249 10248 7436
f 10248 10247 7385
f 10247 10246 7386
f 10246 10245 7397
f 10245 10244 7417
f 10244 10243 7396
f 10243 10242 7383
f 10242 10241 7384
f 10241 10240 7381
f 10240 10239 7382
f 10239 10238 7395
f 10238 10237 7415
f 10237 10236 7416
f 10236 10235 7413
f 10235 10234 7414
f 10234 10233 7448
f 10233 10232 7449
f 10232 10231 7447
f 10231 10230 7433
f 10230 10229 7434
f 10229 10228 7411
f 10228 10227 7412
f 10227 10226 7409
f 10226 10225 7410
f 10225 10224 7446
f 10224 10223 7271
f 10223 10222 7253
f 10222 10221 7239
f 10221 10220 7240
f 10220 10219 7254
f 10219 10218 7233
f 10218 10217 7234
f 10217 10216 7225
f 10216 10215 7226
f 10215 10214 7223
f 10214 10213 7224
f 10213 10212 7221
f 10212 10211 7222
f 10211 10210 7232
f 10210 10209 7230
f 10209 10208 7231
f 10208 10207 7259
f 10207 10206 7257
f 10206 10205 7258
f 10205 10204 7255
f 10204 10203 7256
f 10203 10202 7274
f 10202 10201 7282
f 10201 10200 7272
f 10200 10199 7273
f 10199 10198 7283
f 10198 10197 7262
f 10197 10196 7263
f 10196 10195 7276
f 10195 10194 7275
f 10194 10193 7260
f 10193 10192 7261
f 10192 10191 7265
f 10191 10190 7243
f 10190 10189 7244
f 10189 10188 7277
f 10188 10187 7264
f 10187 10186 7241
f 10186 10185 7242
f 10185 10184 7247
f 10184 10183 7235
f 10183 10182 7227
f 10182 10181 7228
f 10181 10180 7245
f 10180 10179 7246
f 10179 10178 7229
f 10178 10177 7238
f 10177 10176 7236
f 10176 10175 7237
f 10175 10174 7248
f 10174 10173 7249
f 10173 10172 7278
f 10172 10171 7252
f 10171 10170 7269
f 10170 10169 7268
f 10169 10168 7250
f 10168 10167 7251
f 10167 10166 7266
f 10166 10165 7267
f 10165 10164 7279
f 10164 10163 7270
f 10163 10162 7281
f 10162 10161 7280
f 10161 10160 7284
f 10160 10159 7380
f 10159 10158 7373
f 10158 10157 7374
f 10157 10156 7372
f 10156 10155 7357
f 10155 10154 7358
f 10154 10153 7408
f 10153 10152 7370
f 10152 10151 7371
f 10151 10150 7369
f 10150 10149 7355
f 10149 10148 7356
f 10148 10147 7378
f 10147 10146 7379
f 10146 10145 7393
f 10145 10144 7394
f 10144 10143 7431
f 10143 10142 7432
f 10142 10141 7430
f 10141 10140 7406
f 10140 10139 7407
f 10139 10138 7429
f 10138 10137 7405
f 10137 10136 7391
f 10136 10135 7392
f 10135 10134 7452
f 10134 10367 7445
f 10006 10011 10366
f 10011 10365 10366
f 10011 10039 10364
f 10039 10363 10364
f 10039 10050 10362
f 10050 10361 10362
f 10050 10065 10360
f 10065 10359 10360
f 10064 10357 10358
f 10358 10065 10064
f 10064 10041 10356
f 10041 10355 10356
f 10041 10040 10354
f 10040 10353 10354
f 10040 10051 10352
f 10051 10351 10352
f 10051 10025 10350
f 10025 10349 10350
f 10013 10347 10348
f 10348 10025 10013
f 10012 10345 10346
f 10346 10013 10012
f 10012 10042 10344
f 10042 10343 10344
f 10042 10026 10342
f 10026 10341 10342
f 10026 10015 10340
f 10015 10339 10340
f 10015 10014 10338
f 10014 10337 10338
f 10014 10028 10336
f 10028 10335 10336
f 10028 10027 10334
f 10027 10333 10334
f 10027 10030 10332
f 10030 10331 10332
f 10030 10029 10330
f 10029 10329 10330
f 10029 10043 10328
f 10043 10327 10328
f 10043 10016 10326
f 10016 10325 10326
f 10016 10007 10324
f 10007 10323 10324
f 10007 9994 10322
f 9994 10321 10322
f 9994 9993 10320
f 9993 10319 10320
f 10008 10317 10318
f 10318 9993 10008
f 9969 10315 10316
f 10316 10008 9969
f 9969 9965 10314
f 9965 10313 10314
f 9964 10311 10312
f 10312 9965 9964
f 9967 10309 10310
f 10310 9964 9967
f 9967 9966 10308
f 9966 10307 10308
f 9966 9970 10306
f 9970 10305 10306
f 9971 10303 10304
f 10304 9970 9971
f 9963 10301 10302
f 10302 9971 9963
f 9962 10299 10300
f 10300 9963 9962
f 9962 9968 10298
f 9968 10297 10298
f 9968 9972 10296
f 9972 10295 10296
f 9972 9995 10294
f 9995 10293 10294
f 9995 9997 10292
f 9997 10291 10292
f 9997 9996 10290
f 9996 10289 10290
f 9996 9998 10288
f 9998 10287 10288
f 9998 9984 10286
f 9984 10285 10286
f 9984 9974 10284
f 9974 10283 10284
f 9974 9973 10282
f 9973 10281 10282
f 9986 10279 10280
f 10280 9973 9986
f 9986 9985 10278
f 9985 10277 10278
f 9985 9999 10276
f 9999 10275 10276
f 9988 10273 10274
f 10274 9999 9988
f 9988 9987 10272
f 9987 10271 10272
f 9987 10000 10270
f 10000 10269 10270
f 10000 10002 10268
f 10002 10267 10268
f 10002 10001 10266
f 10001 10265 10266
f 10001 10018 10264
f 10018 10263 10264
f 10018 10017 10262
f 10017 10261 10262
f 10017 10053 10260
f 10053 10259 10260
f 10053 10052 10258
f 10052 10257 10258
f 10052 10074 10256
f 10074 10255 10256
f 10074 10066 10254
f 10066 10253 10254
f 10066 10055 10252
f 10055 10251 10252
f 10249 10250 10054
f 10055 10054 10250
f 10250 10251 10055
f 10067 10247 10248
f 10248 10056 10067
f 10075 10245 10246
f 10246 10067 10075
f 10079 10243 10244
f 10244 10075 10079
f 10079 10069 10242
f 10069 10241 10242
f 10068 10239 10240
f 10240 10069 10068
f 10068 10058 10238
f 10058 10237 10238
f 10057 10235 10236
f 10236 10058 10057
f 10045 10233 10234
f 10234 10057 10045
f 10045 10044 10232
f 10044 10231 10232
f 10044 10046 10230
f 10046 10229 10230
f 10046 10032 10228
f 10032 10227 10228
f 10032 10031 10226
f 10031 10225 10226
f 10077 10223 10224
f 10224 10031 10077
f 10076 10221 10222
f 10222 10077 10076
f 10076 10020 10220
f 10020 10219 10220
f 10019 10217 10218
f 10218 10020 10019
f 10019 10033 10216
f 10033 10215 10216
f 10035 10213 10214
f 10214 10033 10035
f 10034 10211 10212
f 10212 10035 10034
f 10034 10036 10210
f 10036 10209 10210
f 10036 10022 10208
f 10022 10207 10208
f 10022 10021 10206
f 10021 10205 10206
f 10021 9989 10204
f 9989 10203 10204
f 9989 9976 10202
f 9976 10201 10202
f 9975 10199 10200
f 10200 9976 9975
f 10003 10197 10198
f 10198 9975 10003
f 10004 10195 10196
f 10196 10003 10004
f 9990 10193 10194
f 10194 10004 9990
f 9977 10191 10192
f 10192 9990 9977
f 9977 9979 10190
f 9979 10189 10190
f 9979 9978 10188
f 9978 10187 10188
f 9978 9992 10186
f 9992 10185 10186
f 9991 10183 10184
f 10184 9992 9991
f 9991 10005 10182
f 10005 10181 10182
f 9981 10179 10180
f 10180 10005 9981
f 9981 9980 10178
f 9980 10177 10178
f 9980 9983 10176
f 9983 10175 10176
f 9983 9982 10174
f 9982 10173 10174
f 10023 10171 10172
f 10172 9982 10023
f 10010 10169 10170
f 10170 10023 10010
f 10010 10009 10168
f 10009 10167 10168
f 10060 10165 10166
f 10166 10009 10060
f 10060 10059 10164
f 10059 10163 10164
f 10062 10161 10162
f 10162 10059 10062
f 10061 10159 10160
f 10160 10062 10061
f 10061 10048 10158
f 10048 10157 10158
f 10048 10047 10156
f 10047 10155 10156
f 10047 10049 10154
f 10049 10153 10154
f 10049 10038 10152
f 10038 10151 10152
f 10037 10149 10150
f 10150 10038 10037
f 10078 10147 10148
f 10148 10037 10078
f 10078 10071 10146
f 10071 10145 10146
f 10070 10143 10144
f 10144 10071 10070
f 10073 10141 10142
f 10142 10070 10073
f 10072 10139 10140
f 10140 10073 10072
f 10063 10137 10138
f 10138 10072 10063
f 10024 10135 10136
f 10136 10063 10024
f 10006 10367 10134
f 10134 10024 10006
f 10134 10135 10024
f 10136 10137 10063
f 10138 10139 10072
f 10140 10141 10073
f 10142 10143 10070
f 10144 10145 10071
f 10146 10147 10078
f 10148 10149 10037
f 10150 10151 10038
f 10152 10153 10049
f 10154 10155 10047
f 10156 10157 10048
f 10158 10159 10061
f 10160 10161 10062
f 10162 10163 10059
f 10164 10165 10060
f 10166 10167 10009
f 10168 10169 10010
f 10170 10171 10023
f 10172 10173 9982
f 10174 10175 9983
f 10176 10177 9980
f 10178 10179 9981
f 10180 10181 10005
f 10182 10183 9991
f 10184 10185 9992
f 10186 10187 9978
f 10188 10189 9979
f 10190 10191 9977
f 10192 10193 9990
f 10194 10195 10004
f 10196 10197 10003
f 10198 10199 9975
f 10200 10201 9976
f 10202 10203 9989
f 10204 10205 10021
f 10206 10207 10022
f 10208 10209 10036
f 10210 10211 10034
f 10212 10213 10035
f 10214 10215 10033
f 10216 10217 10019
f 10218 10219 10020
f 10220 10221 10076
f 10222 10223 10077
f 10224 10225 10031
f 10226 10227 10032
f 10228 10229 10046
f 10230 10231 10044
f 10232 10233 10045
f 10234 10235 10057
f 10236 10237 10058
f 10238 10239 10068
f 10240 10241 10069
f 10242 10243 10079
f 10244 10245 10075
f 10246 10247 10067
f 10248 10249 10056
f 10054 10056 10249
f 10252 10253 10066
f 10254 10255 10074
f 10256 10257 10052
f 10258 10259 10053
f 10260 10261 10017
f 10262 10263 10018
f 10264 10265 10001
f 10266 10267 10002
f 10268 10269 10000
f 10270 10271 9987
f 10272 10273 9988
f 10274 10275 9999
f 10276 10277 9985
f 10278 10279 9986
f 10280 10281 9973
f 10282 10283 9974
f 10284 10285 9984
f 10286 10287 9998
f 10288 10289 9996
f 10290 10291 9997
f 10292 10293 9995
f 10294 10295 9972
f 10296 10297 9968
f 10298 10299 9962
f 10300 10301 9963
f 10302 10303 9971
f 10304 10305 9970
f 10306 10307 9966
f 10308 10309 9967
f 10310 10311 9964
f 10312 10313 9965
f 10314 10315 9969
f 10316 10317 10008
f 10318 10319 9993
f 10320 10321 9994
f 10322 10323 10007
f 10324 10325 10016
f 10326 10327 10043
f 10328 10329 10029
f 10330 10331 10030
f 10332 10333 10027
f 10334 10335 10028
f 10336 10337 10014
f 10338 10339 10015
f 10340 10341 10026
f 10342 10343 10042
f 10344 10345 10012
f 10346 10347 10013
f 10348 10349 10025
f 10350 10351 10051
f 10352 10353 10040
f 10354 10355 10041
f 10356 10357 10064
f 10358 10359 10065
f 10360 10361 10050
f 10362 10363 10039
f 10364 10365 10011
f 10366 10367 10006
