# 
# Wavefront OBJ file
# Created with Kaydara FBX
# 
mtllib zupcanik_korman_potenciometar.mtl

g zupcanik_korman_potenciometar
v -12.699999 -0.003720 0.000000
v -20.263808 -0.003720 0.000000
v -20.263788 -0.003720 30.000000
v -12.699999 -0.003720 30.000000
v -20.423728 -0.065561 30.000000
v -20.581290 -0.130724 0.000000
v -20.581290 -0.130724 30.000000
v -20.738262 -0.199894 0.000000
v -20.738262 -0.199894 30.000000
v -20.895331 -0.273380 0.000000
v -20.895331 -0.273380 30.000000
v -21.053162 -0.351523 0.000000
v -21.053162 -0.351523 30.000000
v -21.212508 -0.434742 0.000000
v -21.212508 -0.434742 30.000000
v -21.374238 -0.523555 0.000000
v -21.374238 -0.523555 30.000000
v -21.539387 -0.618612 0.000000
v -21.539387 -0.618612 30.000000
v -21.707373 -0.719612 0.000000
v -21.707373 -0.719612 30.000000
v -21.737471 -0.738147 0.000000
v -21.737471 -0.738147 30.000000
v -20.423728 -0.065561 0.000000
v -21.725356 -1.035085 0.000000
v -21.725356 -1.035085 30.000000
v -21.709185 -1.331836 0.000000
v -21.709185 -1.331836 30.000000
v -21.688959 -1.628364 0.000000
v -21.688959 -1.628364 30.000000
v -21.676183 -1.790411 0.000000
v -21.676183 -1.790411 30.000000
v -21.484871 -1.877595 0.000000
v -21.484871 -1.877595 30.000000
v -21.295081 -1.959464 0.000000
v -21.295081 -1.959464 30.000000
v -21.112296 -2.033673 0.000000
v -21.112296 -2.033673 30.000000
v -20.934693 -2.101215 0.000000
v -20.934693 -2.101215 30.000000
v -20.760789 -2.162849 0.000000
v -20.760789 -2.162849 30.000000
v -20.589408 -2.219145 0.000000
v -20.589408 -2.219145 30.000000
v -20.419586 -2.270537 0.000000
v -20.419586 -2.270537 30.000000
v -20.250503 -2.317360 0.000000
v -20.250503 -2.317360 30.000000
v -20.081474 -2.359868 0.000000
v -20.081474 -2.359868 30.000000
v -19.938633 -2.392183 30.000000
v -19.805157 -2.418915 30.000000
v -19.938633 -2.392183 0.000000
v -19.680100 -2.440487 30.000000
v -19.805157 -2.418915 0.000000
v -19.680100 -2.440487 0.000000
v -19.562742 -2.457253 0.000000
v -19.562742 -2.457253 30.000000
v -19.452506 -2.469525 30.000000
v -19.336599 -2.478605 0.000000
v -19.336599 -2.478605 30.000000
v -19.215556 -2.484799 0.000000
v -19.215556 -2.484799 30.000000
v -19.071993 -2.488998 0.000000
v -19.071993 -2.488998 30.000000
v -18.826723 -2.492162 0.000000
v -18.826723 -2.492162 30.000000
v -18.574730 -2.495087 0.000000
v -18.574730 -2.495087 30.000000
v -19.452506 -2.469525 0.000000
v -18.542195 -2.496829 0.000000
v -18.542195 -2.496829 30.000000
v -18.510143 -2.500942 0.000000
v -18.510143 -2.500942 30.000000
v -18.478355 -2.507430 0.000000
v -18.478355 -2.507430 30.000000
v -18.446908 -2.516301 0.000000
v -18.446908 -2.516301 30.000000
v -18.415914 -2.527562 0.000000
v -18.415914 -2.527562 30.000000
v -18.385522 -2.541213 0.000000
v -18.385522 -2.541213 30.000000
v -18.355917 -2.557228 0.000000
v -18.355917 -2.557228 30.000000
v -18.327310 -2.575553 0.000000
v -18.327310 -2.575553 30.000000
v -18.299935 -2.596098 0.000000
v -18.299935 -2.596098 30.000000
v -18.276200 -2.616703 0.000000
v -18.276200 -2.616703 30.000000
v -18.251856 -2.641092 0.000000
v -18.251856 -2.641092 30.000000
v -18.229418 -2.667216 0.000000
v -18.229418 -2.667216 30.000000
v -18.209076 -2.694850 0.000000
v -18.209076 -2.694850 30.000000
v -18.190981 -2.723764 0.000000
v -18.190981 -2.723764 30.000000
v -18.175239 -2.753733 0.000000
v -18.175239 -2.753733 30.000000
v -18.163656 -2.778891 0.000000
v -18.163469 -2.780114 30.000000
v -18.018930 -3.599836 0.000000
v -18.018687 -3.601048 30.000000
v -18.071282 -3.327068 30.000000
v -18.071282 -3.327068 0.000000
v -18.119372 -3.054338 30.000000
v -18.119372 -3.054338 0.000000
v -18.021310 -3.632038 0.000000
v -18.025953 -3.664688 0.000000
v -18.025953 -3.664688 30.000000
v -18.033058 -3.697242 30.000000
v -18.042640 -3.729513 30.000000
v -18.033058 -3.697242 0.000000
v -18.054688 -3.761282 30.000000
v -18.042640 -3.729513 0.000000
v -18.069161 -3.792301 0.000000
v -18.069161 -3.792301 30.000000
v -18.084012 -3.819052 0.000000
v -18.084012 -3.819052 30.000000
v -18.102817 -3.847926 0.000000
v -18.102817 -3.847926 30.000000
v -18.123716 -3.875299 0.000000
v -18.123716 -3.875299 30.000000
v -18.146528 -3.900934 0.000000
v -18.146528 -3.900934 30.000000
v -18.171059 -3.924638 0.000000
v -18.171059 -3.924638 30.000000
v -18.197111 -3.946259 0.000000
v -18.197111 -3.946259 30.000000
v -18.224497 -3.965691 0.000000
v -18.224497 -3.965691 30.000000
v -18.253054 -3.982864 0.000000
v -18.253054 -3.982864 30.000000
v -18.282650 -3.997740 0.000000
v -18.282650 -3.997740 30.000000
v -18.307899 -4.008314 0.000000
v -18.307899 -4.008314 30.000000
v -18.021310 -3.632038 30.000000
v -18.054688 -3.761282 0.000000
v -18.583073 -4.111999 30.000000
v -18.583073 -4.111999 0.000000
v -18.771758 -4.183594 0.000000
v -18.771758 -4.183594 30.000000
v -18.908727 -4.238045 0.000000
v -18.908727 -4.238045 30.000000
v -19.026993 -4.288246 0.000000
v -19.026993 -4.288246 30.000000
v -19.128291 -4.334595 30.000000
v -19.236208 -4.388422 0.000000
v -19.236208 -4.388422 30.000000
v -19.341577 -4.445266 0.000000
v -19.341577 -4.445266 30.000000
v -19.452450 -4.509247 0.000000
v -19.452450 -4.509247 30.000000
v -19.568945 -4.580657 0.000000
v -19.568945 -4.580657 30.000000
v -19.691563 -4.659996 0.000000
v -19.691563 -4.659996 30.000000
v -19.820990 -4.747889 0.000000
v -19.820990 -4.747889 30.000000
v -19.958403 -4.845703 0.000000
v -19.958403 -4.845703 30.000000
v -20.095549 -4.948129 0.000000
v -20.095549 -4.948129 30.000000
v -20.231631 -5.054648 0.000000
v -20.231631 -5.054648 30.000000
v -20.367218 -5.165731 0.000000
v -20.367218 -5.165731 30.000000
v -20.502925 -5.281932 0.000000
v -20.502925 -5.281932 30.000000
v -20.639451 -5.403916 0.000000
v -20.639451 -5.403916 30.000000
v -20.777611 -5.532505 0.000000
v -20.777611 -5.532505 30.000000
v -20.918386 -5.668726 0.000000
v -20.918386 -5.668726 30.000000
v -20.981306 -5.731256 0.000000
v -20.981306 -5.731256 30.000000
v -19.128291 -4.334595 0.000000
v -20.901039 -6.017396 0.000000
v -20.901039 -6.017396 30.000000
v -20.816868 -6.302419 0.000000
v -20.816868 -6.302419 30.000000
v -20.728803 -6.586290 0.000000
v -20.728803 -6.586290 30.000000
v -20.679002 -6.741022 0.000000
v -20.679002 -6.741022 30.000000
v -20.472740 -6.781737 30.000000
v -20.269186 -6.817630 30.000000
v -20.472740 -6.781737 0.000000
v -20.074214 -6.847686 30.000000
v -20.269186 -6.817630 0.000000
v -19.885822 -6.872449 30.000000
v -20.074214 -6.847686 0.000000
v -19.702392 -6.892316 0.000000
v -19.702392 -6.892316 30.000000
v -19.522648 -6.907572 30.000000
v -19.522648 -6.907572 0.000000
v -19.345552 -6.918415 0.000000
v -19.345552 -6.918415 30.000000
v -19.170228 -6.924982 0.000000
v -19.170228 -6.924982 30.000000
v -18.995952 -6.927364 0.000000
v -18.995952 -6.927364 30.000000
v -18.849509 -6.925867 0.000000
v -18.849509 -6.925867 30.000000
v -18.713466 -6.921097 0.000000
v -18.713466 -6.921097 30.000000
v -18.586805 -6.913246 0.000000
v -18.586805 -6.913246 30.000000
v -18.468744 -6.902496 0.000000
v -18.468744 -6.902496 30.000000
v -18.358649 -6.889015 0.000000
v -18.358649 -6.889015 30.000000
v -18.243772 -6.871120 0.000000
v -18.243772 -6.871120 30.000000
v -18.124564 -6.849233 30.000000
v -17.983902 -6.820211 30.000000
v -18.124564 -6.849233 0.000000
v -17.744514 -6.766726 30.000000
v -17.983902 -6.820211 0.000000
v -17.498639 -6.711459 30.000000
v -17.744514 -6.766726 0.000000
v -17.498639 -6.711459 0.000000
v -19.885822 -6.872449 0.000000
v -17.466579 -6.705651 0.000000
v -17.466579 -6.705651 30.000000
v -17.434443 -6.702262 0.000000
v -17.434443 -6.702262 30.000000
v -17.402015 -6.701244 0.000000
v -17.402015 -6.701244 30.000000
v -17.369370 -6.702623 0.000000
v -17.369370 -6.702623 30.000000
v -17.336615 -6.706434 30.000000
v -17.303894 -6.712707 30.000000
v -17.336615 -6.706434 0.000000
v -17.271393 -6.721463 30.000000
v -17.303894 -6.712707 0.000000
v -17.239331 -6.732697 30.000000
v -17.271393 -6.721463 0.000000
v -17.207956 -6.746375 30.000000
v -17.239331 -6.732697 0.000000
v -17.180110 -6.760951 0.000000
v -17.180110 -6.760951 30.000000
v -17.150797 -6.779068 0.000000
v -17.150797 -6.779068 30.000000
v -17.122939 -6.799314 0.000000
v -17.122939 -6.799314 30.000000
v -17.096773 -6.821512 0.000000
v -17.096773 -6.821512 30.000000
v -17.072498 -6.845473 0.000000
v -17.072498 -6.845473 30.000000
v -17.050269 -6.871004 0.000000
v -17.050269 -6.871004 30.000000
v -17.033196 -6.892813 0.000000
v -17.032732 -6.893960 30.000000
v -17.207956 -6.746375 0.000000
v -16.703049 -7.658253 0.000000
v -16.702532 -7.659377 30.000000
v -16.816894 -7.404911 30.000000
v -16.816894 -7.404911 0.000000
v -16.926583 -7.150622 30.000000
v -16.926583 -7.150622 0.000000
v -16.694926 -7.722976 0.000000
v -16.694926 -7.722976 30.000000
v -16.697938 -7.690136 30.000000
v -16.694332 -7.756292 0.000000
v -16.694332 -7.756292 30.000000
v -16.696213 -7.789903 0.000000
v -16.696213 -7.789903 30.000000
v -16.700610 -7.823594 0.000000
v -16.700610 -7.823594 30.000000
v -16.707540 -7.857114 0.000000
v -16.707540 -7.857114 30.000000
v -16.715821 -7.886569 0.000000
v -16.715821 -7.886569 30.000000
v -16.727460 -7.919002 0.000000
v -16.727460 -7.919002 30.000000
v -16.741483 -7.950456 30.000000
v -16.757769 -7.980661 30.000000
v -16.741483 -7.950456 0.000000
v -16.776172 -8.009383 30.000000
v -16.757769 -7.980661 0.000000
v -16.796535 -8.036430 30.000000
v -16.776172 -8.009383 0.000000
v -16.818702 -8.061653 30.000000
v -16.796535 -8.036430 0.000000
v -16.842529 -8.084949 30.000000
v -16.818702 -8.061653 0.000000
v -16.867897 -8.106249 30.000000
v -16.842529 -8.084949 0.000000
v -16.890026 -8.122362 0.000000
v -16.890026 -8.122362 30.000000
v -16.697938 -7.690136 0.000000
v -16.867897 -8.106249 0.000000
v -17.133872 -8.286711 0.000000
v -17.133872 -8.286711 30.000000
v -17.300960 -8.399890 0.000000
v -17.300960 -8.399890 30.000000
v -17.421680 -8.484461 0.000000
v -17.421680 -8.484461 30.000000
v -17.525180 -8.560582 0.000000
v -17.525180 -8.560582 30.000000
v -17.613059 -8.629043 0.000000
v -17.613059 -8.629043 30.000000
v -17.705654 -8.706306 30.000000
v -17.795074 -8.785918 0.000000
v -17.795074 -8.785918 30.000000
v -17.888203 -8.873743 30.000000
v -17.985089 -8.970094 0.000000
v -17.985089 -8.970094 30.000000
v -18.086105 -9.075572 30.000000
v -18.191774 -9.190944 30.000000
v -18.086105 -9.075572 0.000000
v -18.302925 -9.317811 30.000000
v -18.191774 -9.190944 0.000000
v -18.412753 -9.449104 30.000000
v -18.302925 -9.317811 0.000000
v -18.520603 -9.584134 30.000000
v -18.412753 -9.449104 0.000000
v -18.626917 -9.723492 30.000000
v -18.520603 -9.584134 0.000000
v -18.732168 -9.867856 30.000000
v -18.626917 -9.723492 0.000000
v -18.836883 -10.018038 30.000000
v -18.732168 -9.867856 0.000000
v -18.941664 -10.175023 30.000000
v -18.836883 -10.018038 0.000000
v -19.047230 -10.340036 30.000000
v -18.941664 -10.175023 0.000000
v -19.094034 -10.415391 30.000000
v -19.047230 -10.340036 0.000000
v -19.094034 -10.415391 0.000000
v -17.888203 -8.873743 0.000000
v -17.705654 -8.706306 0.000000
v -18.949942 -10.675308 0.000000
v -18.949942 -10.675308 30.000000
v -18.802309 -10.933236 0.000000
v -18.802309 -10.933236 30.000000
v -18.651153 -11.189146 0.000000
v -18.651153 -11.189146 30.000000
v -18.567010 -11.328223 0.000000
v -18.567010 -11.328223 30.000000
v -18.356919 -11.320273 30.000000
v -18.150574 -11.308256 30.000000
v -18.356919 -11.320273 0.000000
v -17.953926 -11.292538 30.000000
v -18.150574 -11.308256 0.000000
v -17.764901 -11.273187 30.000000
v -17.953926 -11.292538 0.000000
v -17.581834 -11.250217 30.000000
v -17.764901 -11.273187 0.000000
v -17.403417 -11.223610 0.000000
v -17.403417 -11.223610 30.000000
v -17.228594 -11.193320 0.000000
v -17.228594 -11.193320 30.000000
v -17.056481 -11.159277 30.000000
v -16.886353 -11.121404 0.000000
v -16.886353 -11.121404 30.000000
v -16.744204 -11.086175 0.000000
v -16.744204 -11.086175 30.000000
v -16.612927 -11.050160 0.000000
v -16.612927 -11.050160 30.000000
v -16.491491 -11.013311 30.000000
v -16.491491 -11.013311 0.000000
v -16.379092 -10.975624 0.000000
v -16.379092 -10.975624 30.000000
v -16.275073 -10.937117 30.000000
v -16.275073 -10.937117 0.000000
v -16.167420 -10.893212 0.000000
v -16.167420 -10.893212 30.000000
v -16.056473 -10.844423 0.000000
v -16.056473 -10.844423 30.000000
v -15.926295 -10.783745 0.000000
v -15.926295 -10.783745 30.000000
v -15.705694 -10.676495 0.000000
v -15.705694 -10.676495 30.000000
v -15.479192 -10.566014 0.000000
v -15.479192 -10.566014 30.000000
v -17.056481 -11.159277 0.000000
v -17.581834 -11.250217 0.000000
v -15.449336 -10.552970 0.000000
v -15.449336 -10.552970 30.000000
v -15.418847 -10.542261 0.000000
v -15.418847 -10.542261 30.000000
v -15.387529 -10.533792 30.000000
v -15.355445 -10.527606 30.000000
v -15.387529 -10.533792 0.000000
v -15.322694 -10.523759 30.000000
v -15.355445 -10.527606 0.000000
v -15.289409 -10.522318 30.000000
v -15.322694 -10.523759 0.000000
v -15.255765 -10.523342 30.000000
v -15.289409 -10.522318 0.000000
v -15.221976 -10.526880 30.000000
v -15.255765 -10.523342 0.000000
v -15.188293 -10.532953 30.000000
v -15.221976 -10.526880 0.000000
v -15.157835 -10.540715 0.000000
v -15.157835 -10.540715 30.000000
v -15.125134 -10.551584 0.000000
v -15.125134 -10.551584 30.000000
v -15.093358 -10.564859 0.000000
v -15.093358 -10.564859 30.000000
v -15.062778 -10.580425 0.000000
v -15.062778 -10.580425 30.000000
v -15.033632 -10.598142 0.000000
v -15.033632 -10.598142 30.000000
v -15.006114 -10.617858 0.000000
v -15.006114 -10.617858 30.000000
v -14.984471 -10.635142 0.000000
v -14.983756 -10.636150 30.000000
v -15.188293 -10.532953 0.000000
v -14.486701 -11.303812 0.000000
v -14.485939 -11.304786 30.000000
v -14.655903 -11.083553 30.000000
v -14.655903 -11.083553 0.000000
v -14.821278 -10.861415 30.000000
v -14.821278 -10.861415 0.000000
v -14.463871 -11.364917 0.000000
v -14.463871 -11.364917 30.000000
v -14.474375 -11.333656 30.000000
v -14.455611 -11.397198 0.000000
v -14.455611 -11.397198 30.000000
v -14.449689 -11.430337 30.000000
v -14.446198 -11.464134 30.000000
v -14.449689 -11.430337 0.000000
v -14.445211 -11.498349 30.000000
v -14.446198 -11.464134 0.000000
v -14.446476 -11.528919 0.000000
v -14.446476 -11.528919 30.000000
v -14.450322 -11.563162 0.000000
v -14.450322 -11.563162 30.000000
v -14.456713 -11.597002 0.000000
v -14.456713 -11.597002 30.000000
v -14.465594 -11.630149 0.000000
v -14.465594 -11.630149 30.000000
v -14.476877 -11.662341 0.000000
v -14.476877 -11.662341 30.000000
v -14.490454 -11.693354 0.000000
v -14.490454 -11.693354 30.000000
v -14.506206 -11.723010 0.000000
v -14.506206 -11.723010 30.000000
v -14.524019 -11.751173 0.000000
v -14.524019 -11.751173 30.000000
v -14.543791 -11.777749 0.000000
v -14.543791 -11.777749 30.000000
v -14.561608 -11.798531 0.000000
v -14.561608 -11.798531 30.000000
v -14.474375 -11.333656 0.000000
v -14.445211 -11.498349 0.000000
v -14.760979 -12.014685 30.000000
v -14.760979 -12.014685 0.000000
v -14.897462 -12.163345 0.000000
v -14.897462 -12.163345 30.000000
v -14.995425 -12.273477 30.000000
v -15.078581 -12.371415 30.000000
v -14.995425 -12.273477 0.000000
v -15.148303 -12.458297 30.000000
v -15.078581 -12.371415 0.000000
v -15.220584 -12.554831 0.000000
v -15.220584 -12.554831 30.000000
v -15.289233 -12.652919 0.000000
v -15.289233 -12.652919 30.000000
v -15.359598 -12.759854 0.000000
v -15.359598 -12.759854 30.000000
v -15.431653 -12.875951 0.000000
v -15.431653 -12.875951 30.000000
v -15.505620 -13.001882 0.000000
v -15.505620 -13.001882 30.000000
v -15.581835 -13.138513 0.000000
v -15.581835 -13.138513 30.000000
v -15.660732 -13.287593 0.000000
v -15.660732 -13.287593 30.000000
v -15.737322 -13.440675 0.000000
v -15.737322 -13.440675 30.000000
v -15.811124 -13.596937 0.000000
v -15.811124 -13.596937 30.000000
v -15.882435 -13.757057 0.000000
v -15.882435 -13.757057 30.000000
v -15.951556 -13.921802 0.000000
v -15.951556 -13.921802 30.000000
v -16.018814 -14.092084 0.000000
v -16.018814 -14.092084 30.000000
v -16.084568 -14.269002 0.000000
v -16.084568 -14.269002 30.000000
v -16.149233 -14.453913 0.000000
v -16.149233 -14.453913 30.000000
v -16.177397 -14.538030 0.000000
v -16.177397 -14.538030 30.000000
v -15.148303 -12.458297 0.000000
v -15.977248 -14.757711 0.000000
v -15.977248 -14.757711 30.000000
v -15.774113 -14.974640 0.000000
v -15.774113 -14.974640 30.000000
v -15.568014 -15.188793 0.000000
v -15.568014 -15.188793 30.000000
v -15.454066 -15.304716 0.000000
v -15.454066 -15.304716 30.000000
v -15.251471 -15.248530 0.000000
v -15.251471 -15.248530 30.000000
v -15.053460 -15.189250 0.000000
v -15.053460 -15.189250 30.000000
v -14.865737 -15.128607 0.000000
v -14.865737 -15.128607 30.000000
v -14.686270 -15.066185 0.000000
v -14.686270 -15.066185 30.000000
v -14.513434 -15.001616 0.000000
v -14.513434 -15.001616 30.000000
v -14.345963 -14.934580 0.000000
v -14.345963 -14.934580 30.000000
v -14.182838 -14.864789 0.000000
v -14.182838 -14.864789 30.000000
v -14.023215 -14.791973 0.000000
v -14.023215 -14.791973 30.000000
v -13.866407 -14.715886 0.000000
v -13.866407 -14.715886 30.000000
v -13.736213 -14.648825 0.000000
v -13.736213 -14.648825 30.000000
v -13.616781 -14.583506 0.000000
v -13.616781 -14.583506 30.000000
v -13.507117 -14.519645 0.000000
v -13.507117 -14.519645 30.000000
v -13.406438 -14.457053 0.000000
v -13.406438 -14.457053 30.000000
v -13.314104 -14.395596 0.000000
v -13.314104 -14.395596 30.000000
v -13.219477 -14.328048 30.000000
v -13.122772 -14.254988 30.000000
v -13.219477 -14.328048 0.000000
v -13.122772 -14.254988 0.000000
v -13.010097 -14.165924 0.000000
v -13.010097 -14.165924 30.000000
v -12.820176 -14.010691 30.000000
v -12.625258 -13.850953 30.000000
v -12.820176 -14.010691 0.000000
v -12.625258 -13.850953 0.000000
v -12.599214 -13.831375 0.000000
v -12.599214 -13.831375 30.000000
v -12.572017 -13.813924 0.000000
v -12.572017 -13.813924 30.000000
v -12.543496 -13.798461 0.000000
v -12.543496 -13.798461 30.000000
v -12.513704 -13.785042 0.000000
v -12.513704 -13.785042 30.000000
v -12.482723 -13.773747 0.000000
v -12.482723 -13.773747 30.000000
v -12.450667 -13.764668 0.000000
v -12.450667 -13.764668 30.000000
v -12.417694 -13.757906 0.000000
v -12.417694 -13.757906 30.000000
v -12.384000 -13.753556 0.000000
v -12.384000 -13.753556 30.000000
v -12.349824 -13.751698 0.000000
v -12.349824 -13.751698 30.000000
v -12.318398 -13.752226 0.000000
v -12.318398 -13.752226 30.000000
v -12.284072 -13.755260 0.000000
v -12.284072 -13.755260 30.000000
v -12.250091 -13.760850 0.000000
v -12.250091 -13.760850 30.000000
v -12.216745 -13.768944 0.000000
v -12.216745 -13.768944 30.000000
v -12.184299 -13.779462 0.000000
v -12.184299 -13.779462 30.000000
v -12.152976 -13.792300 0.000000
v -12.152976 -13.792300 30.000000
v -12.127931 -13.804127 0.000000
v -12.127001 -13.804943 30.000000
v -11.489372 -14.339979 0.000000
v -11.488406 -14.340752 30.000000
v -11.704808 -14.164678 30.000000
v -11.704808 -14.164678 0.000000
v -11.916954 -13.986666 30.000000
v -11.916954 -13.986666 0.000000
v -11.453066 -14.394173 30.000000
v -11.470495 -14.366177 30.000000
v -11.470495 -14.366177 0.000000
v -11.453066 -14.394173 0.000000
v -11.437583 -14.423678 0.000000
v -11.437583 -14.423678 30.000000
v -11.424179 -14.454558 0.000000
v -11.424179 -14.454558 30.000000
v -11.412988 -14.486639 0.000000
v -11.412988 -14.486639 30.000000
v -11.404137 -14.519704 0.000000
v -11.404137 -14.519704 30.000000
v -11.398318 -14.549742 0.000000
v -11.398318 -14.549742 30.000000
v -11.394163 -14.583949 0.000000
v -11.394163 -14.583949 30.000000
v -11.392578 -14.618351 0.000000
v -11.392578 -14.618351 30.000000
v -11.393575 -14.652652 0.000000
v -11.393575 -14.652652 30.000000
v -11.397130 -14.686578 0.000000
v -11.397130 -14.686578 30.000000
v -11.403189 -14.719887 0.000000
v -11.403189 -14.719887 30.000000
v -11.411677 -14.752376 30.000000
v -11.422515 -14.783888 30.000000
v -11.411677 -14.752376 0.000000
v -11.435625 -14.814307 30.000000
v -11.422515 -14.783888 0.000000
v -11.435625 -14.814307 0.000000
v -11.448170 -14.838638 0.000000
v -11.448170 -14.838638 30.000000
v -11.592318 -15.094943 0.000000
v -11.592318 -15.094943 30.000000
v -11.690839 -15.271072 0.000000
v -11.690839 -15.271072 30.000000
v -11.760763 -15.400827 0.000000
v -11.760763 -15.400827 30.000000
v -11.819091 -15.515302 0.000000
v -11.819091 -15.515302 30.000000
v -11.866897 -15.615921 0.000000
v -11.866897 -15.615921 30.000000
v -11.914967 -15.726522 30.000000
v -11.959146 -15.837797 30.000000
v -11.914967 -15.726522 0.000000
v -12.002953 -15.958077 30.000000
v -11.959146 -15.837797 0.000000
v -12.046292 -16.087662 0.000000
v -12.046292 -16.087662 30.000000
v -12.089224 -16.227257 0.000000
v -12.089224 -16.227257 30.000000
v -12.131875 -16.377781 0.000000
v -12.131875 -16.377781 30.000000
v -12.174265 -16.541038 0.000000
v -12.174265 -16.541038 30.000000
v -12.213487 -16.707656 0.000000
v -12.213487 -16.707656 30.000000
v -12.249264 -16.876726 30.000000
v -12.249264 -16.876726 0.000000
v -12.281726 -17.048975 0.000000
v -12.281726 -17.048975 30.000000
v -12.310991 -17.225220 0.000000
v -12.310991 -17.225220 30.000000
v -12.337166 -17.406423 30.000000
v -12.337166 -17.406423 0.000000
v -12.360348 -17.593736 0.000000
v -12.360348 -17.593736 30.000000
v -12.380626 -17.788575 30.000000
v -12.380626 -17.788575 0.000000
v -12.388633 -17.876920 0.000000
v -12.388633 -17.876920 30.000000
v -12.002953 -15.958077 0.000000
v -12.143217 -18.044522 0.000000
v -12.143217 -18.044522 30.000000
v -11.895530 -18.208758 0.000000
v -11.895530 -18.208758 30.000000
v -11.645599 -18.369608 0.000000
v -11.645599 -18.369608 30.000000
v -11.507989 -18.456129 0.000000
v -11.507989 -18.456129 30.000000
v -11.323813 -18.354736 0.000000
v -11.323813 -18.354736 30.000000
v -11.144809 -18.251389 30.000000
v -10.976132 -18.149088 0.000000
v -10.976132 -18.149088 30.000000
v -10.815899 -18.046961 30.000000
v -10.662612 -17.944274 0.000000
v -10.662612 -17.944274 30.000000
v -10.515115 -17.840423 0.000000
v -10.515115 -17.840423 30.000000
v -10.372481 -17.734895 0.000000
v -10.372481 -17.734895 30.000000
v -10.233954 -17.627229 0.000000
v -10.233954 -17.627229 30.000000
v -10.098919 -17.517031 30.000000
v -9.987700 -17.421753 30.000000
v -10.098919 -17.517031 0.000000
v -9.987700 -17.421753 0.000000
v -9.886551 -17.330652 0.000000
v -9.886551 -17.330652 30.000000
v -9.794570 -17.243222 30.000000
v -9.711040 -17.159099 30.000000
v -9.794570 -17.243222 0.000000
v -9.635367 -17.078004 0.000000
v -9.635367 -17.078004 30.000000
v -9.558869 -16.990455 0.000000
v -9.558869 -16.990455 30.000000
v -9.481620 -16.897062 0.000000
v -9.481620 -16.897062 30.000000
v -9.392521 -16.784414 0.000000
v -9.392521 -16.784414 30.000000
v -9.243519 -16.589567 0.000000
v -9.243519 -16.589567 30.000000
v -9.090692 -16.389184 0.000000
v -9.090692 -16.389184 30.000000
v -9.711040 -17.159099 0.000000
v -10.815899 -18.046961 0.000000
v -11.144809 -18.251389 0.000000
v -9.069866 -16.364127 0.000000
v -9.069866 -16.364127 30.000000
v -9.047427 -16.340874 0.000000
v -9.047427 -16.340874 30.000000
v -9.023241 -16.319251 0.000000
v -9.023241 -16.319251 30.000000
v -8.997346 -16.299323 0.000000
v -8.997346 -16.299323 30.000000
v -8.969805 -16.281187 0.000000
v -8.969805 -16.281187 30.000000
v -8.940707 -16.264961 30.000000
v -8.910182 -16.250777 0.000000
v -8.910182 -16.250777 30.000000
v -8.878400 -16.238774 0.000000
v -8.878400 -16.238774 30.000000
v -8.845573 -16.229084 30.000000
v -8.814872 -16.222351 0.000000
v -8.814872 -16.222351 30.000000
v -8.780772 -16.217387 0.000000
v -8.780772 -16.217387 30.000000
v -8.746418 -16.214989 0.000000
v -8.746418 -16.214989 30.000000
v -8.712105 -16.215175 0.000000
v -8.712105 -16.215175 30.000000
v -8.678107 -16.217927 0.000000
v -8.678107 -16.217927 30.000000
v -8.644667 -16.223196 0.000000
v -8.644667 -16.223196 30.000000
v -8.617570 -16.228928 0.000000
v -8.616478 -16.229508 30.000000
v -8.845573 -16.229084 0.000000
v -8.940707 -16.264961 0.000000
v -7.872647 -16.603075 0.000000
v -7.871529 -16.603604 30.000000
v -8.122703 -16.482182 30.000000
v -8.122703 -16.482182 0.000000
v -8.370184 -16.357893 30.000000
v -8.370184 -16.357893 0.000000
v -7.824822 -16.647435 0.000000
v -7.824822 -16.647435 30.000000
v -7.848238 -16.624213 30.000000
v -7.802952 -16.672574 30.000000
v -7.782788 -16.699531 30.000000
v -7.802952 -16.672574 0.000000
v -7.764501 -16.728166 30.000000
v -7.782788 -16.699531 0.000000
v -7.748263 -16.758299 0.000000
v -7.748263 -16.758299 30.000000
v -7.735673 -16.786185 0.000000
v -7.735673 -16.786185 30.000000
v -7.723742 -16.818511 0.000000
v -7.723742 -16.818511 30.000000
v -7.714266 -16.851621 0.000000
v -7.714266 -16.851621 30.000000
v -7.707326 -16.885227 0.000000
v -7.707326 -16.885227 30.000000
v -7.702961 -16.919059 0.000000
v -7.702961 -16.919059 30.000000
v -7.701175 -16.952867 0.000000
v -7.701175 -16.952867 30.000000
v -7.701942 -16.986438 0.000000
v -7.701942 -16.986438 30.000000
v -7.705221 -17.019599 0.000000
v -7.705221 -17.019599 30.000000
v -7.710962 -17.052222 0.000000
v -7.710962 -17.052222 30.000000
v -7.717557 -17.078790 0.000000
v -7.717557 -17.078790 30.000000
v -7.848238 -16.624213 0.000000
v -7.764501 -16.728166 0.000000
v -7.798712 -17.361430 30.000000
v -7.853959 -17.555531 30.000000
v -7.798712 -17.361430 0.000000
v -7.853959 -17.555531 0.000000
v -7.892075 -17.697914 0.000000
v -7.892075 -17.697914 30.000000
v -7.922431 -17.822755 30.000000
v -7.945744 -17.931687 30.000000
v -7.922431 -17.822755 0.000000
v -7.967012 -18.050393 0.000000
v -7.967012 -18.050393 30.000000
v -7.984338 -18.168856 0.000000
v -7.984338 -18.168856 30.000000
v -7.999226 -18.295997 0.000000
v -7.999226 -18.295997 30.000000
v -8.011512 -18.432083 0.000000
v -8.011512 -18.432083 30.000000
v -8.021095 -18.577816 0.000000
v -8.021095 -18.577816 30.000000
v -8.027882 -18.734118 0.000000
v -8.027882 -18.734118 30.000000
v -8.031481 -18.902751 0.000000
v -8.031481 -18.902751 30.000000
v -8.031221 -19.073923 0.000000
v -8.031221 -19.073923 30.000000
v -8.027042 -19.246687 0.000000
v -8.027042 -19.246687 30.000000
v -8.018906 -19.421779 0.000000
v -8.018906 -19.421779 30.000000
v -8.006738 -19.600022 0.000000
v -8.006738 -19.600022 30.000000
v -7.990419 -19.782377 0.000000
v -7.990419 -19.782377 30.000000
v -7.969778 -19.969987 0.000000
v -7.969778 -19.969987 30.000000
v -7.944577 -20.164251 0.000000
v -7.944577 -20.164251 30.000000
v -7.931994 -20.252061 0.000000
v -7.931994 -20.252061 30.000000
v -7.945744 -17.931687 0.000000
v -7.654542 -20.358548 0.000000
v -7.654542 -20.358548 30.000000
v -7.375656 -20.461236 0.000000
v -7.375656 -20.461236 30.000000
v -7.095367 -20.560113 0.000000
v -7.095367 -20.560113 30.000000
v -6.941514 -20.612566 0.000000
v -6.941514 -20.612566 30.000000
v -6.785685 -20.471432 0.000000
v -6.785685 -20.471432 30.000000
v -6.635340 -20.329590 0.000000
v -6.635340 -20.329590 30.000000
v -6.494802 -20.191147 0.000000
v -6.494802 -20.191147 30.000000
v -6.362439 -20.054821 0.000000
v -6.362439 -20.054821 30.000000
v -6.236966 -19.919551 0.000000
v -6.236966 -19.919551 30.000000
v -6.117394 -19.784485 0.000000
v -6.117394 -19.784485 30.000000
v -6.002941 -19.648907 0.000000
v -6.002941 -19.648907 30.000000
v -5.892978 -19.512197 0.000000
v -5.892978 -19.512197 30.000000
v -5.786996 -19.373829 0.000000
v -5.786996 -19.373829 30.000000
v -5.700748 -19.255470 0.000000
v -5.700748 -19.255470 30.000000
v -5.623335 -19.143497 0.000000
v -5.623335 -19.143497 30.000000
v -5.553995 -19.037212 0.000000
v -5.553995 -19.037212 30.000000
v -5.492117 -18.936093 0.000000
v -5.492117 -18.936093 30.000000
v -5.437186 -18.839733 0.000000
v -5.437186 -18.839733 30.000000
v -5.382940 -18.736902 0.000000
v -5.382940 -18.736902 30.000000
v -5.329311 -18.628212 30.000000
v -5.268593 -18.498053 30.000000
v -5.329311 -18.628212 0.000000
v -5.168541 -18.274095 30.000000
v -5.268593 -18.498053 0.000000
v -5.066046 -18.043869 30.000000
v -5.168541 -18.274095 0.000000
v -5.066046 -18.043869 0.000000
v -5.051559 -18.014685 0.000000
v -5.051559 -18.014685 30.000000
v -5.035087 -17.986884 0.000000
v -5.035087 -17.986884 30.000000
v -5.016540 -17.960266 0.000000
v -5.016540 -17.960266 30.000000
v -4.995939 -17.934904 0.000000
v -4.995939 -17.934904 30.000000
v -4.973322 -17.910905 0.000000
v -4.973322 -17.910905 30.000000
v -4.948751 -17.888406 0.000000
v -4.948751 -17.888406 30.000000
v -4.922320 -17.867564 0.000000
v -4.922320 -17.867564 30.000000
v -4.894162 -17.848555 0.000000
v -4.894162 -17.848555 30.000000
v -4.864455 -17.831557 0.000000
v -4.864455 -17.831557 30.000000
v -4.836134 -17.817925 0.000000
v -4.836134 -17.817925 30.000000
v -4.804098 -17.805231 0.000000
v -4.804098 -17.805231 30.000000
v -4.771223 -17.794975 30.000000
v -4.737792 -17.787243 30.000000
v -4.771223 -17.794975 0.000000
v -4.704076 -17.782080 0.000000
v -4.704076 -17.782080 30.000000
v -4.670323 -17.779495 0.000000
v -4.670323 -17.779495 30.000000
v -4.642634 -17.778824 0.000000
v -4.641437 -17.779136 30.000000
v -4.737792 -17.787243 0.000000
v -3.831507 -17.971094 0.000000
v -3.830297 -17.971351 30.000000
v -4.102702 -17.911127 30.000000
v -4.102702 -17.911127 0.000000
v -4.372175 -17.847261 30.000000
v -4.372175 -17.847261 0.000000
v -3.774740 -18.003229 0.000000
v -3.774740 -18.003229 30.000000
v -3.802881 -17.986034 30.000000
v -3.747663 -18.022647 0.000000
v -3.747663 -18.022647 30.000000
v -3.721825 -18.044227 0.000000
v -3.721825 -18.044227 30.000000
v -3.697427 -18.067873 0.000000
v -3.697427 -18.067873 30.000000
v -3.674678 -18.093449 0.000000
v -3.674678 -18.093449 30.000000
v -3.655997 -18.117680 0.000000
v -3.655997 -18.117680 30.000000
v -3.636932 -18.146384 0.000000
v -3.636932 -18.146384 30.000000
v -3.620076 -18.176415 0.000000
v -3.620076 -18.176415 30.000000
v -3.605573 -18.207516 0.000000
v -3.605573 -18.207516 30.000000
v -3.593523 -18.239429 0.000000
v -3.593523 -18.239429 30.000000
v -3.583989 -18.271913 0.000000
v -3.583989 -18.271913 30.000000
v -3.576993 -18.304756 0.000000
v -3.576993 -18.304756 30.000000
v -3.572536 -18.337780 0.000000
v -3.572536 -18.337780 30.000000
v -3.570599 -18.370847 0.000000
v -3.570599 -18.370847 30.000000
v -3.570890 -18.398220 0.000000
v -3.570890 -18.398220 30.000000
v -3.802881 -17.986034 0.000000
v -3.584675 -18.691957 0.000000
v -3.584675 -18.691957 30.000000
v -3.593670 -18.893567 0.000000
v -3.593670 -18.893567 30.000000
v -3.597923 -19.040902 0.000000
v -3.597923 -19.040902 30.000000
v -3.598670 -19.169379 0.000000
v -3.598670 -19.169379 30.000000
v -3.596234 -19.280750 0.000000
v -3.596234 -19.280750 30.000000
v -3.589553 -19.401161 0.000000
v -3.589553 -19.401161 30.000000
v -3.579093 -19.520428 0.000000
v -3.579093 -19.520428 30.000000
v -3.564259 -19.647574 0.000000
v -3.564259 -19.647574 30.000000
v -3.544830 -19.782826 0.000000
v -3.544830 -19.782826 30.000000
v -3.520546 -19.926840 0.000000
v -3.520546 -19.926840 30.000000
v -3.491105 -20.080495 0.000000
v -3.491105 -20.080495 30.000000
v -3.455717 -20.245412 0.000000
v -3.455717 -20.245412 30.000000
v -3.415989 -20.411910 0.000000
v -3.415989 -20.411910 30.000000
v -3.372081 -20.579053 0.000000
v -3.372081 -20.579053 30.000000
v -3.323785 -20.747549 0.000000
v -3.323785 -20.747549 30.000000
v -3.270839 -20.918182 0.000000
v -3.270839 -20.918182 30.000000
v -3.212906 -21.091858 0.000000
v -3.212906 -21.091858 30.000000
v -3.149556 -21.269651 0.000000
v -3.149556 -21.269651 30.000000
v -3.080234 -21.452866 0.000000
v -3.080234 -21.452866 30.000000
v -3.047740 -21.535408 0.000000
v -3.047740 -21.535408 30.000000
v -2.753209 -21.575040 0.000000
v -2.753209 -21.575040 30.000000
v -2.458158 -21.610644 0.000000
v -2.458158 -21.610644 30.000000
v -2.162622 -21.642217 0.000000
v -2.162622 -21.642217 30.000000
v -2.000819 -21.657775 0.000000
v -2.000819 -21.657775 30.000000
v -1.881738 -21.484509 0.000000
v -1.881738 -21.484509 30.000000
v -1.768157 -21.311818 0.000000
v -1.768157 -21.311818 30.000000
v -1.663334 -21.144696 0.000000
v -1.663334 -21.144696 30.000000
v -1.565979 -20.981520 0.000000
v -1.565979 -20.981520 30.000000
v -1.475083 -20.820960 0.000000
v -1.475083 -20.820960 30.000000
v -1.389882 -20.661959 0.000000
v -1.389882 -20.661959 30.000000
v -1.309782 -20.503642 0.000000
v -1.309782 -20.503642 30.000000
v -1.234309 -20.345258 0.000000
v -1.234309 -20.345258 30.000000
v -1.163095 -20.186178 0.000000
v -1.163095 -20.186178 30.000000
v -1.106467 -20.051119 0.000000
v -1.106467 -20.051119 30.000000
v -1.056963 -19.924312 30.000000
v -1.056963 -19.924312 0.000000
v -1.014003 -19.804901 0.000000
v -1.014003 -19.804901 30.000000
v -0.977113 -19.692238 0.000000
v -0.977113 -19.692238 30.000000
v -0.945885 -19.585807 0.000000
v -0.945885 -19.585807 30.000000
v -0.916816 -19.473237 0.000000
v -0.916816 -19.473237 30.000000
v -0.889697 -19.355109 0.000000
v -0.889697 -19.355109 30.000000
v -0.860632 -19.214456 0.000000
v -0.860632 -19.214456 30.000000
v -0.814926 -18.973462 0.000000
v -0.814926 -18.973462 30.000000
v -0.768287 -18.725805 0.000000
v -0.768287 -18.725805 30.000000
v -0.760922 -18.694067 0.000000
v -0.760922 -18.694067 30.000000
v -0.751305 -18.663216 0.000000
v -0.751305 -18.663216 30.000000
v -0.739396 -18.633038 0.000000
v -0.739396 -18.633038 30.000000
v -0.725199 -18.603609 0.000000
v -0.725199 -18.603609 30.000000
v -0.708727 -18.575041 0.000000
v -0.708727 -18.575041 30.000000
v -0.690007 -18.547482 0.000000
v -0.690007 -18.547482 30.000000
v -0.669094 -18.521107 0.000000
v -0.669094 -18.521107 30.000000
v -0.646079 -18.496117 0.000000
v -0.646079 -18.496117 30.000000
v -0.621093 -18.472725 0.000000
v -0.621093 -18.472725 30.000000
v -0.596680 -18.452929 0.000000
v -0.596680 -18.452929 30.000000
v -0.568434 -18.433190 0.000000
v -0.568434 -18.433190 30.000000
v -0.538810 -18.415629 0.000000
v -0.538810 -18.415629 30.000000
v -0.508064 -18.400395 0.000000
v -0.508064 -18.400395 30.000000
v -0.476447 -18.387596 0.000000
v -0.476447 -18.387596 30.000000
v -0.444200 -18.377297 0.000000
v -0.444200 -18.377297 30.000000
v -0.417412 -18.370258 0.000000
v -0.416176 -18.370286 30.000000
v 0.416192 -18.370287 0.000000
v 0.417428 -18.370258 30.000000
v 0.138477 -18.374478 30.000000
v 0.138477 -18.374478 0.000000
v -0.138461 -18.374478 30.000000
v -0.138461 -18.374478 0.000000
v 0.478839 -18.388465 0.000000
v 0.478839 -18.388465 30.000000
v 0.447491 -18.378222 30.000000
v 0.509665 -18.401115 0.000000
v 0.509665 -18.401115 30.000000
v 0.539782 -18.416155 0.000000
v 0.539782 -18.416155 30.000000
v 0.568976 -18.433537 0.000000
v 0.568976 -18.433537 30.000000
v 0.597010 -18.453176 0.000000
v 0.597010 -18.453176 30.000000
v 0.620776 -18.472447 0.000000
v 0.620776 -18.472447 30.000000
v 0.645946 -18.495980 0.000000
v 0.645946 -18.495980 30.000000
v 0.669274 -18.521315 0.000000
v 0.669274 -18.521315 30.000000
v 0.690558 -18.548232 0.000000
v 0.690558 -18.548232 30.000000
v 0.709642 -18.576506 0.000000
v 0.709642 -18.576506 30.000000
v 0.726412 -18.605916 0.000000
v 0.726412 -18.605916 30.000000
v 0.740792 -18.636261 0.000000
v 0.740792 -18.636261 30.000000
v 0.752746 -18.667366 0.000000
v 0.752746 -18.667366 30.000000
v 0.762256 -18.699096 0.000000
v 0.762256 -18.699096 30.000000
v 0.768286 -18.725798 0.000000
v 0.768286 -18.725798 30.000000
v 0.447491 -18.378222 0.000000
v 0.822612 -19.014796 0.000000
v 0.822612 -19.014796 30.000000
v 0.860354 -19.213046 0.000000
v 0.860354 -19.213046 30.000000
v 0.890194 -19.357390 0.000000
v 0.890194 -19.357390 30.000000
v 0.919095 -19.482576 0.000000
v 0.919095 -19.482576 30.000000
v 0.947150 -19.590384 0.000000
v 0.947150 -19.590384 30.000000
v 0.981419 -19.706009 30.000000
v 1.019102 -19.819648 0.000000
v 1.019102 -19.819648 30.000000
v 1.062859 -19.939946 0.000000
v 1.062859 -19.939946 30.000000
v 1.112955 -20.067071 0.000000
v 1.112955 -20.067071 30.000000
v 1.169797 -20.201603 0.000000
v 1.169797 -20.201603 30.000000
v 1.233879 -20.344327 0.000000
v 1.233879 -20.344327 30.000000
v 1.306346 -20.496637 0.000000
v 1.306346 -20.496637 30.000000
v 1.383400 -20.649486 0.000000
v 1.383400 -20.649486 30.000000
v 1.464670 -20.801997 0.000000
v 1.464670 -20.801997 30.000000
v 1.550522 -20.954814 0.000000
v 1.550522 -20.954814 30.000000
v 1.641392 -21.108637 0.000000
v 1.641392 -21.108637 30.000000
v 1.737816 -21.264271 0.000000
v 1.737816 -21.264271 30.000000
v 1.840460 -21.422662 0.000000
v 1.840460 -21.422662 30.000000
v 1.950166 -21.584952 0.000000
v 1.950166 -21.584952 30.000000
v 2.000819 -21.657775 0.000000
v 2.000819 -21.657775 30.000000
v 0.981419 -19.706009 0.000000
v 2.296551 -21.628415 0.000000
v 2.296551 -21.628415 30.000000
v 2.591860 -21.595017 0.000000
v 2.591860 -21.595017 30.000000
v 2.886710 -21.557583 0.000000
v 2.886710 -21.557583 30.000000
v 3.047740 -21.535408 0.000000
v 3.047740 -21.535408 30.000000
v 3.123653 -21.339350 0.000000
v 3.123653 -21.339350 30.000000
v 3.194347 -21.145120 0.000000
v 3.194347 -21.145120 30.000000
v 3.257804 -20.958330 0.000000
v 3.257804 -20.958330 30.000000
v 3.314904 -20.777100 0.000000
v 3.314904 -20.777100 30.000000
v 3.366322 -20.599906 0.000000
v 3.366322 -20.599906 30.000000
v 3.412558 -20.425543 0.000000
v 3.412558 -20.425543 30.000000
v 3.453989 -20.253020 0.000000
v 3.453989 -20.253020 30.000000
v 3.490901 -20.081500 0.000000
v 3.490901 -20.081500 30.000000
v 3.523510 -19.910285 0.000000
v 3.523510 -19.910285 30.000000
v 3.547465 -19.765807 0.000000
v 3.547465 -19.765807 30.000000
v 3.566390 -19.631002 0.000000
v 3.566390 -19.631002 30.000000
v 3.580654 -19.504903 0.000000
v 3.580654 -19.504903 30.000000
v 3.590568 -19.386769 0.000000
v 3.590568 -19.386769 30.000000
v 3.596410 -19.276005 0.000000
v 3.596410 -19.276005 30.000000
v 3.598735 -19.159766 0.000000
v 3.598735 -19.159766 30.000000
v 3.597880 -19.038568 0.000000
v 3.597880 -19.038568 30.000000
v 3.593725 -18.895004 0.000000
v 3.593725 -18.895004 30.000000
v 3.582622 -18.649965 0.000000
v 3.582622 -18.649965 30.000000
v 3.570890 -18.398228 0.000000
v 3.570890 -18.398228 30.000000
v 3.570738 -18.365647 0.000000
v 3.570738 -18.365647 30.000000
v 3.572980 -18.333410 0.000000
v 3.572980 -18.333410 30.000000
v 3.577609 -18.301299 0.000000
v 3.577609 -18.301299 30.000000
v 3.584636 -18.269389 0.000000
v 3.584636 -18.269389 30.000000
v 3.594076 -18.237792 0.000000
v 3.594076 -18.237792 30.000000
v 3.605936 -18.206659 0.000000
v 3.605936 -18.206659 30.000000
v 3.620203 -18.176172 0.000000
v 3.620203 -18.176172 30.000000
v 3.636834 -18.146548 0.000000
v 3.636834 -18.146548 30.000000
v 3.655752 -18.118025 0.000000
v 3.655752 -18.118025 30.000000
v 3.674942 -18.093132 0.000000
v 3.674942 -18.093132 30.000000
v 3.697874 -18.067411 0.000000
v 3.697874 -18.067411 30.000000
v 3.722650 -18.043491 0.000000
v 3.722650 -18.043491 30.000000
v 3.749055 -18.021578 0.000000
v 3.749055 -18.021578 30.000000
v 3.776867 -18.001832 0.000000
v 3.776867 -18.001832 30.000000
v 3.805870 -17.984374 0.000000
v 3.805870 -17.984374 30.000000
v 3.830313 -17.971348 0.000000
v 3.831522 -17.971090 30.000000
v 4.641453 -17.779133 0.000000
v 4.642649 -17.778820 30.000000
v 4.372190 -17.847257 30.000000
v 4.372190 -17.847257 0.000000
v 4.102718 -17.911123 30.000000
v 4.102718 -17.911123 0.000000
v 4.706603 -17.782374 0.000000
v 4.706603 -17.782374 30.000000
v 4.673739 -17.779636 30.000000
v 4.739516 -17.787574 0.000000
v 4.739516 -17.787574 30.000000
v 4.772290 -17.795263 0.000000
v 4.772290 -17.795263 30.000000
v 4.804705 -17.805443 0.000000
v 4.804705 -17.805443 30.000000
v 4.836513 -17.818089 0.000000
v 4.836513 -17.818089 30.000000
v 4.864082 -17.831359 0.000000
v 4.864082 -17.831359 30.000000
v 4.894001 -17.848453 0.000000
v 4.894001 -17.848453 30.000000
v 4.922543 -17.867725 0.000000
v 4.922543 -17.867725 30.000000
v 4.949461 -17.889008 0.000000
v 4.949461 -17.889008 30.000000
v 4.974551 -17.912119 30.000000
v 4.997651 -17.936869 0.000000
v 4.997651 -17.936869 30.000000
v 5.018642 -17.963079 0.000000
v 5.018642 -17.963079 30.000000
v 5.037446 -17.990590 30.000000
v 5.054018 -18.019271 0.000000
v 5.054018 -18.019271 30.000000
v 5.066043 -18.043862 0.000000
v 5.066043 -18.043862 30.000000
v 4.673739 -17.779636 0.000000
v 5.037446 -17.990590 0.000000
v 4.974551 -17.912119 0.000000
v 5.185552 -18.312542 0.000000
v 5.185552 -18.312542 30.000000
v 5.267996 -18.496745 0.000000
v 5.267996 -18.496745 30.000000
v 5.330320 -18.630316 0.000000
v 5.330320 -18.630316 30.000000
v 5.387312 -18.745463 0.000000
v 5.387312 -18.745463 30.000000
v 5.439473 -18.843895 0.000000
v 5.439473 -18.843895 30.000000
v 5.499483 -18.948500 0.000000
v 5.499483 -18.948500 30.000000
v 5.562358 -19.050385 30.000000
v 5.632677 -19.157350 0.000000
v 5.632677 -19.157350 30.000000
v 5.710740 -19.269496 0.000000
v 5.710740 -19.269496 30.000000
v 5.797075 -19.387293 0.000000
v 5.797075 -19.387293 30.000000
v 5.892344 -19.511390 30.000000
v 5.997983 -19.642884 30.000000
v 5.892344 -19.511390 0.000000
v 6.108210 -19.773842 30.000000
v 5.997983 -19.642884 0.000000
v 6.222461 -19.903501 30.000000
v 6.108210 -19.773842 0.000000
v 6.341240 -20.032399 30.000000
v 6.222461 -19.903501 0.000000
v 6.341240 -20.032399 0.000000
v 6.465134 -20.161120 0.000000
v 6.465134 -20.161120 30.000000
v 6.594851 -20.290322 30.000000
v 6.731256 -20.420772 30.000000
v 6.594851 -20.290322 0.000000
v 6.875431 -20.553388 0.000000
v 6.875431 -20.553388 30.000000
v 6.941514 -20.612566 0.000000
v 6.941514 -20.612566 30.000000
v 6.731256 -20.420772 0.000000
v 5.562358 -19.050385 0.000000
v 7.222503 -20.515797 0.000000
v 7.222503 -20.515797 30.000000
v 7.502149 -20.415196 0.000000
v 7.502149 -20.415196 30.000000
v 7.780419 -20.310775 0.000000
v 7.780419 -20.310775 30.000000
v 7.931994 -20.252061 0.000000
v 7.931994 -20.252061 30.000000
v 7.960647 -20.043781 0.000000
v 7.960647 -20.043781 30.000000
v 7.984644 -19.838484 0.000000
v 7.984644 -19.838484 30.000000
v 8.003313 -19.642094 0.000000
v 8.003313 -19.642094 30.000000
v 8.017079 -19.452581 0.000000
v 8.017079 -19.452581 30.000000
v 8.026248 -19.268306 0.000000
v 8.026248 -19.268306 30.000000
v 8.031026 -19.087979 30.000000
v 8.031026 -19.087979 0.000000
v 8.031554 -18.910552 0.000000
v 8.031554 -18.910552 30.000000
v 8.027916 -18.735143 0.000000
v 8.027916 -18.735143 30.000000
v 8.020161 -18.561023 0.000000
v 8.020161 -18.561023 30.000000
v 8.010151 -18.414916 0.000000
v 8.010151 -18.414916 30.000000
v 7.997479 -18.279380 0.000000
v 7.997479 -18.279380 30.000000
v 7.982277 -18.153390 0.000000
v 7.982277 -18.153390 30.000000
v 7.964680 -18.036154 0.000000
v 7.964680 -18.036154 30.000000
v 7.944821 -17.927028 0.000000
v 7.944821 -17.927028 30.000000
v 7.920277 -17.813387 0.000000
v 7.920277 -17.813387 30.000000
v 7.891495 -17.695653 0.000000
v 7.891495 -17.695653 30.000000
v 7.854343 -17.556917 0.000000
v 7.854343 -17.556917 30.000000
v 7.787030 -17.321043 0.000000
v 7.787030 -17.321043 30.000000
v 7.717559 -17.078797 0.000000
v 7.717559 -17.078797 30.000000
v 7.709898 -17.047129 0.000000
v 7.709898 -17.047129 30.000000
v 7.704645 -17.015244 0.000000
v 7.704645 -17.015244 30.000000
v 7.701744 -16.982931 0.000000
v 7.701744 -16.982931 30.000000
v 7.701223 -16.950261 30.000000
v 7.703122 -16.917339 30.000000
v 7.701223 -16.950261 0.000000
v 7.703122 -16.917339 0.000000
v 7.707482 -16.884310 0.000000
v 7.707482 -16.884310 30.000000
v 7.714333 -16.851354 0.000000
v 7.714333 -16.851354 30.000000
v 7.723684 -16.818694 30.000000
v 7.723684 -16.818694 0.000000
v 7.735515 -16.786576 0.000000
v 7.735515 -16.786576 30.000000
v 7.748447 -16.757929 0.000000
v 7.748447 -16.757929 30.000000
v 7.764829 -16.727613 0.000000
v 7.764829 -16.727613 30.000000
v 7.783421 -16.698625 0.000000
v 7.783421 -16.698625 30.000000
v 7.804060 -16.671212 0.000000
v 7.804060 -16.671212 30.000000
v 7.826569 -16.645585 0.000000
v 7.826569 -16.645585 30.000000
v 7.850764 -16.621909 0.000000
v 7.850764 -16.621909 30.000000
v 7.871544 -16.603597 0.000000
v 7.872661 -16.603067 30.000000
v 8.616492 -16.229502 0.000000
v 8.617584 -16.228921 30.000000
v 8.370198 -16.357885 30.000000
v 8.370198 -16.357885 0.000000
v 8.122718 -16.482175 30.000000
v 8.122718 -16.482175 0.000000
v 8.680634 -16.217630 30.000000
v 8.648024 -16.222546 30.000000
v 8.648024 -16.222546 0.000000
v 8.713858 -16.215100 30.000000
v 8.680634 -16.217630 0.000000
v 8.747522 -16.215023 30.000000
v 8.713858 -16.215100 0.000000
v 8.781412 -16.217454 30.000000
v 8.747522 -16.215023 0.000000
v 8.815278 -16.222423 30.000000
v 8.781412 -16.217454 0.000000
v 8.845165 -16.228978 0.000000
v 8.845165 -16.228978 30.000000
v 8.878219 -16.238711 0.000000
v 8.878219 -16.238711 30.000000
v 8.910436 -16.250882 0.000000
v 8.910436 -16.250882 30.000000
v 8.941537 -16.265383 0.000000
v 8.941537 -16.265383 30.000000
v 8.971280 -16.282085 0.000000
v 8.971280 -16.282085 30.000000
v 8.999465 -16.300841 0.000000
v 8.999465 -16.300841 30.000000
v 9.025935 -16.321504 0.000000
v 9.025935 -16.321504 30.000000
v 9.050577 -16.343936 0.000000
v 9.050577 -16.343936 30.000000
v 9.073316 -16.368022 0.000000
v 9.073316 -16.368022 30.000000
v 9.090688 -16.389178 0.000000
v 9.090688 -16.389178 30.000000
v 8.815278 -16.222423 0.000000
v 9.268938 -16.623054 0.000000
v 9.268938 -16.623054 30.000000
v 9.391640 -16.783279 0.000000
v 9.391640 -16.783279 30.000000
v 9.483087 -16.898878 0.000000
v 9.483087 -16.898878 30.000000
v 9.565098 -16.997777 30.000000
v 9.638552 -17.081526 30.000000
v 9.565098 -16.997777 0.000000
v 9.721069 -17.169472 0.000000
v 9.721069 -17.169472 30.000000
v 9.805745 -17.254112 0.000000
v 9.805745 -17.254112 30.000000
v 9.898837 -17.341976 0.000000
v 9.898837 -17.341976 30.000000
v 10.000658 -17.433097 0.000000
v 10.000658 -17.433097 30.000000
v 10.111831 -17.527808 0.000000
v 10.111831 -17.527808 30.000000
v 10.233152 -17.626590 0.000000
v 10.233152 -17.626590 30.000000
v 10.366267 -17.730177 0.000000
v 10.366267 -17.730177 30.000000
v 10.503724 -17.832185 0.000000
v 10.503724 -17.832185 30.000000
v 10.644796 -17.932001 0.000000
v 10.644796 -17.932001 30.000000
v 10.790100 -18.030033 0.000000
v 10.790100 -18.030033 30.000000
v 10.940340 -18.126712 0.000000
v 10.940340 -18.126712 30.000000
v 11.096356 -18.222517 0.000000
v 11.096356 -18.222517 30.000000
v 11.259168 -18.317993 0.000000
v 11.259168 -18.317993 30.000000
v 11.430041 -18.413785 0.000000
v 11.430041 -18.413785 30.000000
v 11.507989 -18.456129 0.000000
v 11.507989 -18.456129 30.000000
v 9.638552 -17.081526 0.000000
v 11.759088 -18.297168 0.000000
v 11.759088 -18.297168 30.000000
v 12.007996 -18.134787 0.000000
v 12.007996 -18.134787 30.000000
v 12.254684 -17.969007 0.000000
v 12.254684 -17.969007 30.000000
v 12.388633 -17.876920 0.000000
v 12.388633 -17.876920 30.000000
v 12.368481 -17.667647 0.000000
v 12.368481 -17.667647 30.000000
v 12.344486 -17.462349 0.000000
v 12.344486 -17.462349 30.000000
v 12.317361 -17.266948 0.000000
v 12.317361 -17.266948 30.000000
v 12.287052 -17.079368 0.000000
v 12.287052 -17.079368 30.000000
v 12.253476 -16.897946 0.000000
v 12.253476 -16.897946 30.000000
v 12.216540 -16.721378 0.000000
v 12.216540 -16.721378 30.000000
v 12.176136 -16.548612 0.000000
v 12.176136 -16.548612 30.000000
v 12.132144 -16.378770 0.000000
v 12.132144 -16.378770 30.000000
v 12.084443 -16.211132 0.000000
v 12.084443 -16.211132 30.000000
v 12.041008 -16.071271 0.000000
v 12.041008 -16.071271 30.000000
v 11.997420 -15.942311 0.000000
v 11.997420 -15.942311 30.000000
v 11.953573 -15.823223 0.000000
v 11.953573 -15.823223 30.000000
v 11.909414 -15.713205 0.000000
v 11.909414 -15.713205 30.000000
v 11.864924 -15.611601 0.000000
v 11.864924 -15.611601 30.000000
v 11.814834 -15.506683 0.000000
v 11.814834 -15.506683 30.000000
v 11.759677 -15.398760 0.000000
v 11.759677 -15.398760 30.000000
v 11.691532 -15.272331 30.000000
v 11.571637 -15.058339 30.000000
v 11.691532 -15.272331 0.000000
v 11.448173 -14.838644 30.000000
v 11.571637 -15.058339 0.000000
v 11.448173 -14.838644 0.000000
v 11.433415 -14.809597 0.000000
v 11.433415 -14.809597 30.000000
v 11.420951 -14.779783 0.000000
v 11.420951 -14.779783 30.000000
v 11.410676 -14.749010 0.000000
v 11.410676 -14.749010 30.000000
v 11.402634 -14.717341 0.000000
v 11.402634 -14.717341 30.000000
v 11.396890 -14.684868 0.000000
v 11.396890 -14.684868 30.000000
v 11.393516 -14.651723 0.000000
v 11.393516 -14.651723 30.000000
v 11.392582 -14.618076 0.000000
v 11.392582 -14.618076 30.000000
v 11.394149 -14.584139 0.000000
v 11.394149 -14.584139 30.000000
v 11.398254 -14.550160 0.000000
v 11.398254 -14.550160 30.000000
v 11.404231 -14.519302 0.000000
v 11.404231 -14.519302 30.000000
v 11.413180 -14.486025 0.000000
v 11.413180 -14.486025 30.000000
v 11.424585 -14.453531 0.000000
v 11.424585 -14.453531 30.000000
v 11.438347 -14.422098 0.000000
v 11.438347 -14.422098 30.000000
v 11.454339 -14.391970 0.000000
v 11.454339 -14.391970 30.000000
v 11.472422 -14.363352 0.000000
v 11.472422 -14.363352 30.000000
v 11.488418 -14.340742 0.000000
v 11.489384 -14.339968 30.000000
v 12.127014 -13.804934 0.000000
v 12.127943 -13.804116 30.000000
v 11.916966 -13.986656 30.000000
v 11.916966 -13.986656 0.000000
v 11.704820 -14.164668 30.000000
v 11.704820 -14.164668 0.000000
v 12.156092 -13.790893 0.000000
v 12.186689 -13.778590 0.000000
v 12.186689 -13.778590 30.000000
v 12.218435 -13.768466 30.000000
v 12.218435 -13.768466 0.000000
v 12.251173 -13.760628 0.000000
v 12.251173 -13.760628 30.000000
v 12.284710 -13.755177 0.000000
v 12.284710 -13.755177 30.000000
v 12.318810 -13.752202 0.000000
v 12.318810 -13.752202 30.000000
v 12.349402 -13.751688 0.000000
v 12.349402 -13.751688 30.000000
v 12.383810 -13.753536 0.000000
v 12.383810 -13.753536 30.000000
v 12.417965 -13.757949 0.000000
v 12.417965 -13.757949 30.000000
v 12.451572 -13.764888 30.000000
v 12.484365 -13.774280 30.000000
v 12.451572 -13.764888 0.000000
v 12.516116 -13.786030 30.000000
v 12.484365 -13.774280 0.000000
v 12.546637 -13.800032 30.000000
v 12.516116 -13.786030 0.000000
v 12.575788 -13.816176 30.000000
v 12.546637 -13.800032 0.000000
v 12.603469 -13.834370 30.000000
v 12.575788 -13.816176 0.000000
v 12.625252 -13.850949 0.000000
v 12.625252 -13.850949 30.000000
v 12.156092 -13.790893 30.000000
v 12.603469 -13.834370 0.000000
v 12.852632 -14.037414 0.000000
v 13.008977 -14.165023 0.000000
v 13.008977 -14.165023 30.000000
v 13.124619 -14.256416 0.000000
v 13.124619 -14.256416 30.000000
v 13.227226 -14.333736 0.000000
v 13.227226 -14.333736 30.000000
v 13.318015 -14.398288 0.000000
v 13.318015 -14.398288 30.000000
v 13.418589 -14.464834 30.000000
v 13.520502 -14.527665 30.000000
v 13.418589 -14.464834 0.000000
v 13.631347 -14.591692 30.000000
v 13.520502 -14.527665 0.000000
v 13.751438 -14.656875 0.000000
v 13.751438 -14.656875 30.000000
v 13.881456 -14.723395 30.000000
v 14.022287 -14.791536 30.000000
v 13.881456 -14.723395 0.000000
v 14.175704 -14.861632 30.000000
v 14.022287 -14.791536 0.000000
v 14.332980 -14.929191 30.000000
v 14.175704 -14.861632 0.000000
v 14.493269 -14.993783 30.000000
v 14.332980 -14.929191 0.000000
v 14.657263 -15.055662 30.000000
v 14.493269 -14.993783 0.000000
v 14.825749 -15.115088 30.000000
v 14.657263 -15.055662 0.000000
v 14.999654 -15.172330 30.000000
v 14.825749 -15.115088 0.000000
v 15.180096 -15.227686 30.000000
v 14.999654 -15.172330 0.000000
v 15.368454 -15.281490 30.000000
v 15.180096 -15.227686 0.000000
v 15.454066 -15.304716 30.000000
v 15.368454 -15.281490 0.000000
v 15.454066 -15.304716 0.000000
v 13.631347 -14.591692 0.000000
v 12.852632 -14.037414 30.000000
v 15.661737 -15.092133 30.000000
v 15.866489 -14.876727 0.000000
v 15.866489 -14.876727 30.000000
v 16.068296 -14.658526 0.000000
v 16.068296 -14.658526 30.000000
v 16.177397 -14.538030 0.000000
v 16.177397 -14.538030 30.000000
v 15.661737 -15.092133 0.000000
v 16.109526 -14.339045 30.000000
v 16.038833 -14.144815 30.000000
v 16.109526 -14.339045 0.000000
v 15.967377 -13.960936 30.000000
v 16.038833 -14.144815 0.000000
v 15.894626 -13.785403 30.000000
v 15.967377 -13.960936 0.000000
v 15.820117 -13.616614 0.000000
v 15.820117 -13.616614 30.000000
v 15.743457 -13.453323 0.000000
v 15.743457 -13.453323 30.000000
v 15.664299 -13.294532 0.000000
v 15.664299 -13.294532 30.000000
v 15.582325 -13.139413 0.000000
v 15.582325 -13.139413 30.000000
v 15.497249 -12.987295 0.000000
v 15.497249 -12.987295 30.000000
v 15.422731 -12.861221 0.000000
v 15.422731 -12.861221 30.000000
v 15.350578 -12.745788 0.000000
v 15.350578 -12.745788 30.000000
v 15.280450 -12.640022 30.000000
v 15.212109 -12.543154 30.000000
v 15.280450 -12.640022 0.000000
v 15.212109 -12.543154 0.000000
v 15.145387 -12.454549 0.000000
v 15.145387 -12.454549 30.000000
v 15.072451 -12.364010 0.000000
v 15.072451 -12.364010 30.000000
v 14.993892 -12.271717 0.000000
v 14.993892 -12.271717 30.000000
v 14.898427 -12.164411 0.000000
v 14.898427 -12.164411 30.000000
v 14.732414 -11.983837 0.000000
v 14.732414 -11.983837 30.000000
v 14.561613 -11.798536 0.000000
v 14.561613 -11.798536 30.000000
v 15.894626 -13.785403 0.000000
v 14.540554 -11.773676 0.000000
v 14.540554 -11.773676 30.000000
v 14.521550 -11.747539 0.000000
v 14.521550 -11.747539 30.000000
v 14.504455 -11.719965 0.000000
v 14.504455 -11.719965 30.000000
v 14.489327 -11.691004 0.000000
v 14.489327 -11.691004 30.000000
v 14.476249 -11.660732 0.000000
v 14.476249 -11.660732 30.000000
v 14.465322 -11.629258 30.000000
v 14.456654 -11.596734 30.000000
v 14.465322 -11.629258 0.000000
v 14.450352 -11.563350 30.000000
v 14.456654 -11.596734 0.000000
v 14.446510 -11.529340 30.000000
v 14.450352 -11.563350 0.000000
v 14.445210 -11.497936 0.000000
v 14.445210 -11.497936 30.000000
v 14.446244 -11.463492 0.000000
v 14.446244 -11.463492 30.000000
v 14.449848 -11.429243 0.000000
v 14.449848 -11.429243 30.000000
v 14.455989 -11.395484 0.000000
v 14.455989 -11.395484 30.000000
v 14.464603 -11.362480 0.000000
v 14.464603 -11.362480 30.000000
v 14.475598 -11.330464 0.000000
v 14.475598 -11.330464 30.000000
v 14.485949 -11.304773 0.000000
v 14.486710 -11.303798 30.000000
v 14.446510 -11.529340 0.000000
v 14.983766 -10.636138 0.000000
v 14.984481 -10.635129 30.000000
v 14.821288 -10.861402 30.000000
v 14.821288 -10.861402 0.000000
v 14.655912 -11.083540 30.000000
v 14.655912 -11.083540 0.000000
v 15.035757 -10.596742 30.000000
v 15.008822 -10.615770 30.000000
v 15.008822 -10.615770 0.000000
v 15.064312 -10.579570 30.000000
v 15.035757 -10.596742 0.000000
v 15.094360 -10.564393 30.000000
v 15.064312 -10.579570 0.000000
v 15.125736 -10.551356 30.000000
v 15.094360 -10.564393 0.000000
v 15.158231 -10.540597 30.000000
v 15.125736 -10.551356 0.000000
v 15.187880 -10.533042 0.000000
v 15.187880 -10.533042 30.000000
v 15.221787 -10.526905 0.000000
v 15.221787 -10.526905 30.000000
v 15.256039 -10.523322 0.000000
v 15.256039 -10.523322 30.000000
v 15.290340 -10.522323 0.000000
v 15.290340 -10.522323 30.000000
v 15.324415 -10.523900 0.000000
v 15.324415 -10.523900 30.000000
v 15.358020 -10.528011 0.000000
v 15.358020 -10.528011 30.000000
v 15.390947 -10.534596 0.000000
v 15.390947 -10.534596 30.000000
v 15.423036 -10.543583 0.000000
v 15.423036 -10.543583 30.000000
v 15.454166 -10.554902 0.000000
v 15.454166 -10.554902 30.000000
v 15.479185 -10.566011 0.000000
v 15.479185 -10.566011 30.000000
v 15.158231 -10.540597 0.000000
v 15.743438 -10.695012 30.000000
v 15.924998 -10.783126 30.000000
v 15.743438 -10.695012 0.000000
v 15.924998 -10.783126 0.000000
v 16.058599 -10.845387 0.000000
v 16.058599 -10.845387 30.000000
v 16.176272 -10.896960 30.000000
v 16.279500 -10.938835 30.000000
v 16.176272 -10.896960 0.000000
v 16.392709 -10.980393 0.000000
v 16.392709 -10.980393 30.000000
v 16.506365 -11.018027 0.000000
v 16.506365 -11.018027 30.000000
v 16.628988 -11.054766 0.000000
v 16.628988 -11.054766 30.000000
v 16.760874 -11.090497 0.000000
v 16.760874 -11.090497 30.000000
v 16.902729 -11.125240 0.000000
v 16.902729 -11.125240 30.000000
v 17.055478 -11.159066 0.000000
v 17.055478 -11.159066 30.000000
v 17.220924 -11.191893 0.000000
v 17.220924 -11.191893 30.000000
v 17.389541 -11.221360 0.000000
v 17.389541 -11.221360 30.000000
v 17.560405 -11.247245 0.000000
v 17.560405 -11.247245 30.000000
v 17.734250 -11.269638 0.000000
v 17.734250 -11.269638 30.000000
v 17.911898 -11.288606 0.000000
v 17.911898 -11.288606 30.000000
v 18.094317 -11.304200 0.000000
v 18.094317 -11.304200 30.000000
v 18.282660 -11.316451 0.000000
v 18.282660 -11.316451 30.000000
v 18.478349 -11.325367 0.000000
v 18.478349 -11.325367 30.000000
v 18.567010 -11.328223 0.000000
v 18.567010 -11.328223 30.000000
v 16.279500 -10.938835 0.000000
v 18.720059 -11.073477 0.000000
v 18.720059 -11.073477 30.000000
v 18.869615 -10.816659 0.000000
v 18.869615 -10.816659 30.000000
v 19.015661 -10.557799 0.000000
v 19.015661 -10.557799 30.000000
v 19.094034 -10.415391 0.000000
v 19.094034 -10.415391 30.000000
v 18.982103 -10.237422 0.000000
v 18.982103 -10.237422 30.000000
v 18.868524 -10.064730 0.000000
v 18.868524 -10.064730 30.000000
v 18.756588 -9.902287 0.000000
v 18.756588 -9.902287 30.000000
v 18.645317 -9.748262 0.000000
v 18.645317 -9.748262 30.000000
v 18.533890 -9.601206 0.000000
v 18.533890 -9.601206 30.000000
v 18.421640 -9.459996 0.000000
v 18.421640 -9.459996 30.000000
v 18.307996 -9.323740 0.000000
v 18.307996 -9.323740 30.000000
v 18.192458 -9.191707 0.000000
v 18.192458 -9.191707 30.000000
v 18.074595 -9.063309 0.000000
v 18.074595 -9.063309 30.000000
v 17.973011 -8.957818 0.000000
v 17.973011 -8.957818 30.000000
v 17.876183 -8.862137 0.000000
v 17.876183 -8.862137 30.000000
v 17.783553 -8.775395 0.000000
v 17.783553 -8.775395 30.000000
v 17.694715 -8.696898 0.000000
v 17.694715 -8.696898 30.000000
v 17.609358 -8.626068 0.000000
v 17.609358 -8.626068 30.000000
v 17.517508 -8.554790 30.000000
v 17.517508 -8.554790 0.000000
v 17.419782 -8.483102 0.000000
v 17.419782 -8.483102 30.000000
v 17.302144 -8.400704 30.000000
v 17.098963 -8.263283 30.000000
v 17.302144 -8.400704 0.000000
v 16.890033 -8.122366 30.000000
v 17.098963 -8.263283 0.000000
v 16.890033 -8.122366 0.000000
v 16.863808 -8.103032 0.000000
v 16.863808 -8.103032 30.000000
v 16.839289 -8.081983 0.000000
v 16.839289 -8.081983 30.000000
v 16.816296 -8.059095 0.000000
v 16.816296 -8.059095 30.000000
v 16.794897 -8.034403 0.000000
v 16.794897 -8.034403 30.000000
v 16.775190 -8.007962 0.000000
v 16.775190 -8.007962 30.000000
v 16.757299 -7.979857 0.000000
v 16.757299 -7.979857 30.000000
v 16.741364 -7.950209 0.000000
v 16.741364 -7.950209 30.000000
v 16.727533 -7.919178 0.000000
v 16.727533 -7.919178 30.000000
v 16.715952 -7.886970 0.000000
v 16.715952 -7.886970 30.000000
v 16.707444 -7.856713 0.000000
v 16.707444 -7.856713 30.000000
v 16.700507 -7.822959 0.000000
v 16.700507 -7.822959 30.000000
v 16.696115 -7.788802 0.000000
v 16.696115 -7.788802 30.000000
v 16.694306 -7.754537 0.000000
v 16.694306 -7.754537 30.000000
v 16.695076 -7.720436 0.000000
v 16.695076 -7.720436 30.000000
v 16.698391 -7.686747 0.000000
v 16.698391 -7.686747 30.000000
v 16.702539 -7.659362 0.000000
v 16.703054 -7.658238 30.000000
v 17.032739 -6.893945 0.000000
v 17.033202 -6.892798 30.000000
v 16.926590 -7.150607 30.000000
v 16.926590 -7.150607 0.000000
v 16.816900 -7.404896 30.000000
v 16.816900 -7.404896 0.000000
v 17.074243 -6.843621 30.000000
v 17.052422 -6.868348 30.000000
v 17.052422 -6.868348 0.000000
v 17.098068 -6.820327 30.000000
v 17.074243 -6.843621 0.000000
v 17.123807 -6.798630 30.000000
v 17.098068 -6.820327 0.000000
v 17.151330 -6.778708 30.000000
v 17.123807 -6.798630 0.000000
v 17.180468 -6.760745 30.000000
v 17.151330 -6.778708 0.000000
v 17.207575 -6.746556 0.000000
v 17.207575 -6.746556 30.000000
v 17.239153 -6.732765 0.000000
v 17.239153 -6.732765 30.000000
v 17.271655 -6.721380 0.000000
v 17.271655 -6.721380 30.000000
v 17.304801 -6.712498 0.000000
v 17.304801 -6.712498 30.000000
v 17.338322 -6.706173 0.000000
v 17.338322 -6.706173 30.000000
v 17.371969 -6.702424 0.000000
v 17.371969 -6.702424 30.000000
v 17.405528 -6.701238 0.000000
v 17.405528 -6.701238 30.000000
v 17.438823 -6.702583 0.000000
v 17.438823 -6.702583 30.000000
v 17.471725 -6.706418 0.000000
v 17.471725 -6.706418 30.000000
v 17.498631 -6.711457 0.000000
v 17.498631 -6.711457 30.000000
v 17.180468 -6.760745 0.000000
v 17.785512 -6.776040 0.000000
v 17.785512 -6.776040 30.000000
v 17.982497 -6.819908 0.000000
v 17.982497 -6.819908 30.000000
v 18.126855 -6.849680 0.000000
v 18.126855 -6.849680 30.000000
v 18.253250 -6.872726 0.000000
v 18.253250 -6.872726 30.000000
v 18.363353 -6.889666 0.000000
v 18.363353 -6.889666 30.000000
v 18.483095 -6.903996 30.000000
v 18.602366 -6.914405 30.000000
v 18.483095 -6.903996 0.000000
v 18.730156 -6.921875 0.000000
v 18.730156 -6.921875 30.000000
v 18.866727 -6.926228 30.000000
v 19.012770 -6.927320 0.000000
v 19.012770 -6.927320 30.000000
v 19.169203 -6.925008 0.000000
v 19.169203 -6.925008 30.000000
v 19.337760 -6.918795 0.000000
v 19.337760 -6.918795 30.000000
v 19.508627 -6.908583 0.000000
v 19.508627 -6.908583 30.000000
v 19.680855 -6.894366 0.000000
v 19.680855 -6.894366 30.000000
v 19.855178 -6.876064 0.000000
v 19.855178 -6.876064 30.000000
v 20.032413 -6.853552 0.000000
v 20.032413 -6.853552 30.000000
v 20.213510 -6.826657 0.000000
v 20.213510 -6.826657 30.000000
v 20.399602 -6.795143 0.000000
v 20.399602 -6.795143 30.000000
v 20.592072 -6.758689 0.000000
v 20.592072 -6.758689 30.000000
v 20.679002 -6.741022 0.000000
v 20.679002 -6.741022 30.000000
v 18.866727 -6.926228 0.000000
v 18.602366 -6.914405 0.000000
v 20.769177 -6.457847 0.000000
v 20.769177 -6.457847 30.000000
v 20.855475 -6.173462 0.000000
v 20.855475 -6.173462 30.000000
v 20.937888 -5.887899 0.000000
v 20.937888 -5.887899 30.000000
v 20.981306 -5.731256 0.000000
v 20.981306 -5.731256 30.000000
v 20.831350 -5.583896 30.000000
v 20.681007 -5.442053 30.000000
v 20.831350 -5.583896 0.000000
v 20.534626 -5.309803 0.000000
v 20.534626 -5.309803 30.000000
v 20.390834 -5.185591 0.000000
v 20.390834 -5.185591 30.000000
v 20.248498 -5.068195 30.000000
v 20.106707 -4.956678 0.000000
v 20.106707 -4.956678 30.000000
v 19.964704 -4.850303 0.000000
v 19.964704 -4.850303 30.000000
v 19.821832 -4.748474 0.000000
v 19.821832 -4.748474 30.000000
v 19.677535 -4.650718 0.000000
v 19.677535 -4.650718 30.000000
v 19.554361 -4.571497 0.000000
v 19.554361 -4.571497 30.000000
v 19.438077 -4.500726 30.000000
v 19.327940 -4.437683 30.000000
v 19.438077 -4.500726 0.000000
v 19.327940 -4.437683 0.000000
v 19.223394 -4.381790 0.000000
v 19.223394 -4.381790 30.000000
v 19.124003 -4.332554 30.000000
v 19.018192 -4.284379 0.000000
v 19.018192 -4.284379 30.000000
v 18.906568 -4.237160 0.000000
v 18.906568 -4.237160 30.000000
v 18.773098 -4.184113 0.000000
v 18.773098 -4.184113 30.000000
v 18.543702 -4.097253 0.000000
v 18.543702 -4.097253 30.000000
v 18.307906 -4.008317 0.000000
v 18.307906 -4.008317 30.000000
v 19.124003 -4.332554 0.000000
v 20.248498 -5.068195 0.000000
v 20.681007 -5.442053 0.000000
v 18.277929 -3.995552 0.000000
v 18.277929 -3.995552 30.000000
v 18.249217 -3.980725 0.000000
v 18.249217 -3.980725 30.000000
v 18.221566 -3.963756 0.000000
v 18.221566 -3.963756 30.000000
v 18.195049 -3.944665 30.000000
v 18.169776 -3.923482 30.000000
v 18.195049 -3.944665 0.000000
v 18.145886 -3.900260 30.000000
v 18.169776 -3.923482 0.000000
v 18.123543 -3.875085 30.000000
v 18.145886 -3.900260 0.000000
v 18.102929 -3.848081 30.000000
v 18.123543 -3.875085 0.000000
v 18.084231 -3.819412 30.000000
v 18.102929 -3.848081 0.000000
v 18.068976 -3.791932 0.000000
v 18.068976 -3.791932 30.000000
v 18.054441 -3.760688 0.000000
v 18.054441 -3.760688 30.000000
v 18.042291 -3.728465 0.000000
v 18.042291 -3.728465 30.000000
v 18.032628 -3.695540 0.000000
v 18.032628 -3.695540 30.000000
v 18.025513 -3.662181 0.000000
v 18.025513 -3.662181 30.000000
v 18.020970 -3.628636 0.000000
v 18.020970 -3.628636 30.000000
v 18.018690 -3.601032 0.000000
v 18.018932 -3.599820 30.000000
v 18.084231 -3.819412 0.000000
v 18.163472 -2.780098 0.000000
v 18.163658 -2.778875 30.000000
v 18.119375 -3.054322 30.000000
v 18.119375 -3.054322 0.000000
v 18.071285 -3.327052 30.000000
v 18.071285 -3.327052 0.000000
v 18.192252 -2.721559 0.000000
v 18.192252 -2.721559 30.000000
v 18.176722 -2.750652 30.000000
v 18.210063 -2.693398 0.000000
v 18.210063 -2.693398 30.000000
v 18.230104 -2.666350 0.000000
v 18.230104 -2.666350 30.000000
v 18.252291 -2.640618 0.000000
v 18.252291 -2.640618 30.000000
v 18.276501 -2.616420 0.000000
v 18.276501 -2.616420 30.000000
v 18.299605 -2.596362 0.000000
v 18.299605 -2.596362 30.000000
v 18.327152 -2.575660 0.000000
v 18.327152 -2.575660 30.000000
v 18.356152 -2.557086 0.000000
v 18.356152 -2.557086 30.000000
v 18.386357 -2.540800 0.000000
v 18.386357 -2.540800 30.000000
v 18.417515 -2.526915 0.000000
v 18.417515 -2.526915 30.000000
v 18.449391 -2.515508 0.000000
v 18.449391 -2.515508 30.000000
v 18.481771 -2.506615 0.000000
v 18.481771 -2.506615 30.000000
v 18.514480 -2.500244 0.000000
v 18.514480 -2.500244 30.000000
v 18.547379 -2.496388 0.000000
v 18.547379 -2.496388 30.000000
v 18.574722 -2.495087 0.000000
v 18.574722 -2.495087 30.000000
v 18.176722 -2.750652 0.000000
v 18.868763 -2.491770 0.000000
v 18.868763 -2.491770 30.000000
v 19.070556 -2.489027 0.000000
v 19.070556 -2.489027 30.000000
v 19.217889 -2.484706 30.000000
v 19.346191 -2.477982 0.000000
v 19.346191 -2.477982 30.000000
v 19.457233 -2.469074 0.000000
v 19.457233 -2.469074 30.000000
v 19.577052 -2.455403 30.000000
v 19.695508 -2.438026 30.000000
v 19.577052 -2.455403 0.000000
v 19.821577 -2.415824 0.000000
v 19.821577 -2.415824 30.000000
v 19.955470 -2.388564 0.000000
v 19.955470 -2.388564 30.000000
v 20.097829 -2.355947 30.000000
v 20.249511 -2.317621 0.000000
v 20.249511 -2.317621 30.000000
v 20.412092 -2.272704 0.000000
v 20.412092 -2.272704 30.000000
v 20.575998 -2.223362 0.000000
v 20.575998 -2.223362 30.000000
v 20.740306 -2.169810 0.000000
v 20.740306 -2.169810 30.000000
v 20.905708 -2.111799 0.000000
v 20.905708 -2.111799 30.000000
v 21.072974 -2.049021 0.000000
v 21.072974 -2.049021 30.000000
v 21.242988 -1.981088 0.000000
v 21.242988 -1.981088 30.000000
v 21.416796 -1.907507 0.000000
v 21.416796 -1.907507 30.000000
v 21.595671 -1.827649 0.000000
v 21.595671 -1.827649 30.000000
v 21.676183 -1.790411 0.000000
v 21.676183 -1.790411 30.000000
v 20.097829 -2.355947 0.000000
v 19.695508 -2.438026 0.000000
v 19.217889 -2.484706 0.000000
v 21.698623 -1.494074 0.000000
v 21.698623 -1.494074 30.000000
v 21.717012 -1.197452 0.000000
v 21.717012 -1.197452 30.000000
v 21.731347 -0.900581 0.000000
v 21.731347 -0.900581 30.000000
v 21.737471 -0.738147 0.000000
v 21.737471 -0.738147 30.000000
v 20.256206 -0.000891 0.000000
v -4.638377 -11.822667 0.000000
v -1.891693 -12.558324 0.000000
v 0.949822 -12.664432 0.000000
v -7.411911 -10.312787 0.000000
v -4.342231 -11.934615 0.000000
v -1.578062 -12.601576 0.000000
v 1.265215 -12.636820 0.000000
v 6.622140 -10.836848 0.000000
v 9.091124 -8.868003 0.000000
v 9.309353 -8.638631 0.000000
v 8.867245 -9.091863 0.000000
v 10.836295 -6.623043 0.000000
v 12.038244 -4.046071 0.000000
v -9.520622 -8.405222 0.000000
v -7.152540 -10.494340 0.000000
v -4.043385 -12.039146 0.000000
v -1.263450 -12.636997 0.000000
v 1.579822 -12.601356 0.000000
v 4.045067 -12.038581 0.000000
v 6.890214 -10.668409 0.000000
v 10.998022 -6.350868 0.000000
v 12.135360 -3.744735 0.000000
v 20.382605 -0.049249 0.000000
v 20.545110 -0.115385 0.000000
v -12.224454 -3.442779 0.000000
v -12.134837 -3.746430 0.000000
v -12.306474 -3.136988 0.000000
v -11.152065 -6.076303 0.000000
v -9.308146 -8.639932 0.000000
v -6.888723 -10.669372 0.000000
v 1.893447 -12.558059 0.000000
v 4.343898 -11.934008 0.000000
v 7.154006 -10.493341 0.000000
v 9.521796 -8.403891 0.000000
v 11.152913 -6.074745 0.000000
v 12.224935 -3.441071 0.000000
v 20.707817 -0.186145 0.000000
v -10.997134 -6.352404 0.000000
v -9.089885 -8.869273 0.000000
v -6.620626 -10.837773 0.000000
v 4.640029 -11.822019 0.000000
v 20.871503 -0.261956 0.000000
v -12.037678 -4.047753 0.000000
v -10.835370 -6.624557 0.000000
v 21.037076 -0.343362 0.000000
v 12.636715 -1.266269 0.000000
v 21.205637 -0.431065 0.000000
v -5.792325 -11.302166 0.000000
v -5.508795 -11.443041 0.000000
v -2.824756 -12.381872 0.000000
v 21.378571 -0.525994 0.000000
v -2.515234 -12.448438 0.000000
v -3.132523 -12.307611 0.000000
v -0.315688 -12.696076 0.000000
v 0.000887 -12.700000 0.000000
v 8.403097 -9.522497 0.000000
v 7.918065 -9.929464 0.000000
v 8.163118 -9.729004 0.000000
v 10.123114 -7.668935 0.000000
v 10.311133 -7.414212 0.000000
v 11.702271 -4.934252 0.000000
v -8.401767 -9.523671 0.000000
v -8.161758 -9.730144 0.000000
v -6.072256 -11.154268 0.000000
v 0.317462 -12.696032 0.000000
v 5.793904 -11.301357 0.000000
v 7.668091 -10.123753 0.000000
v 11.575638 -5.224423 0.000000
v 21.557574 -0.629342 0.000000
v -11.701582 -4.935887 0.000000
v -11.574908 -5.226040 0.000000
v -10.122042 -7.670349 0.000000
v -7.916677 -9.930570 0.000000
v -5.221841 -11.576804 0.000000
v -6.348414 -10.999438 0.000000
v -3.438344 -12.225702 0.000000
v -3.742027 -12.136195 0.000000
v -0.632067 -12.684262 0.000000
v 2.826486 -12.381477 0.000000
v 3.134243 -12.307174 0.000000
v 6.073815 -11.153420 0.000000
v 5.510393 -11.442271 0.000000
v 4.933276 -11.702683 0.000000
v 7.413352 -10.311751 0.000000
v 9.928803 -7.918893 0.000000
v 11.821632 -4.641015 0.000000
v 11.441811 -5.511348 0.000000
v 12.664353 -0.950878 0.000000
v 12.684120 -0.634897 0.000000
v -12.447524 -2.519750 0.000000
v -12.557637 -1.896249 0.000000
v -12.506467 -2.208686 0.000000
v -9.927697 -7.920280 0.000000
v -10.310097 -7.415652 0.000000
v -8.865974 -9.093102 0.000000
v -8.636554 -9.311280 0.000000
v -4.931641 -11.703372 0.000000
v -2.204148 -12.507267 0.000000
v 3.440052 -12.225222 0.000000
v 2.205895 -12.506959 0.000000
v 2.516973 -12.448086 0.000000
v 5.223458 -11.576074 0.000000
v 9.728323 -8.163929 0.000000
v 11.300874 -5.794847 0.000000
v 12.557902 -1.894494 0.000000
v -11.933039 -4.346560 0.000000
v -9.727182 -8.165288 0.000000
v -10.666872 -6.892594 0.000000
v -7.666677 -10.124824 0.000000
v 0.633839 -12.684173 0.000000
v -0.948053 -12.664565 0.000000
v 6.349950 -10.998551 0.000000
v 8.637855 -9.310073 0.000000
v 10.492744 -7.154881 0.000000
v 10.667835 -6.891103 0.000000
v 11.933646 -4.344893 0.000000
v 12.601224 -1.580873 0.000000
v 12.506775 -2.206938 0.000000
v 12.447876 -2.518011 0.000000
v 12.696005 -0.318520 0.000000
v -12.636538 -1.268035 0.000000
v -12.601003 -1.582633 0.000000
v -11.441041 -5.512946 0.000000
v -11.820984 -4.642666 0.000000
v -10.491744 -7.156347 0.000000
v 12.381241 -2.827519 0.000000
v 12.700000 -0.001946 0.000000
v -12.684031 -0.636669 0.000000
v -12.664220 -0.952648 0.000000
v -12.695960 -0.320294 0.000000
v -12.380846 -2.829248 0.000000
v 3.743723 -12.135672 0.000000
v 12.306912 -3.135269 0.000000
v -11.300064 -5.796426 0.000000
v 20.256205 -0.000891 30.000000
v 4.343898 -11.934008 30.000000
v 4.045067 -12.038581 30.000000
v 1.579822 -12.601356 30.000000
v 1.265215 -12.636820 30.000000
v -1.578062 -12.601576 30.000000
v -1.891693 -12.558324 30.000000
v 4.640029 -11.822019 30.000000
v 1.893447 -12.558059 30.000000
v -1.263450 -12.636997 30.000000
v -4.342231 -11.934615 30.000000
v -4.638377 -11.822667 30.000000
v 10.998022 -6.350868 30.000000
v 10.836295 -6.623043 30.000000
v 9.309353 -8.638631 30.000000
v 9.091124 -8.868003 30.000000
v 6.890214 -10.668409 30.000000
v 6.622140 -10.836848 30.000000
v -0.948053 -12.664565 30.000000
v -4.043385 -12.039146 30.000000
v -6.620626 -10.837773 30.000000
v -6.888723 -10.669372 30.000000
v 12.135360 -3.744735 30.000000
v 12.038244 -4.046071 30.000000
v 11.152913 -6.074745 30.000000
v 9.521796 -8.403891 30.000000
v 7.154006 -10.493341 30.000000
v 20.707817 -0.186145 30.000000
v 20.545110 -0.115385 30.000000
v 12.224935 -3.441071 30.000000
v 7.413352 -10.311751 30.000000
v 20.871503 -0.261956 30.000000
v 12.684120 -0.634897 30.000000
v 12.664353 -0.950878 30.000000
v 12.700000 -0.001946 30.000000
v 12.696005 -0.318520 30.000000
v 12.306912 -3.135269 30.000000
v 21.037076 -0.343362 30.000000
v 21.205637 -0.431065 30.000000
v 21.378571 -0.525994 30.000000
v 5.793904 -11.301357 30.000000
v 5.510393 -11.442271 30.000000
v 2.826486 -12.381477 30.000000
v 2.516973 -12.448086 30.000000
v -0.315688 -12.696076 30.000000
v -2.824756 -12.381872 30.000000
v -3.132523 -12.307611 30.000000
v -5.792325 -11.302166 30.000000
v 21.557574 -0.629342 30.000000
v 11.702271 -4.934252 30.000000
v 11.575638 -5.224423 30.000000
v 10.123114 -7.668935 30.000000
v 5.223458 -11.576074 30.000000
v 4.933276 -11.702683 30.000000
v 3.134243 -12.307174 30.000000
v 3.743723 -12.135672 30.000000
v 3.440052 -12.225222 30.000000
v 0.000887 -12.700000 30.000000
v 0.317462 -12.696032 30.000000
v -6.072256 -11.154268 30.000000
v -5.508795 -11.443041 30.000000
v 20.382605 -0.049249 30.000000
v 9.928803 -7.918893 30.000000
v 10.311133 -7.414212 30.000000
v 7.918065 -9.929464 30.000000
v 6.073815 -11.153420 30.000000
v 2.205895 -12.506959 30.000000
v 0.633839 -12.684173 30.000000
v -2.515234 -12.448438 30.000000
v -11.820984 -4.642666 30.000000
v -11.933039 -4.346560 30.000000
v 8.163118 -9.729004 30.000000
v 8.403097 -9.522497 30.000000
v 6.349950 -10.998551 30.000000
v 0.949822 -12.664432 30.000000
v -3.438344 -12.225702 30.000000
v -3.742027 -12.136195 30.000000
v -4.931641 -11.703372 30.000000
v -5.221841 -11.576804 30.000000
v -12.037678 -4.047753 30.000000
v -12.134837 -3.746430 30.000000
v -11.701582 -4.935887 30.000000
v -9.089885 -8.869273 30.000000
v -9.308146 -8.639932 30.000000
v 12.447876 -2.518011 30.000000
v 12.557902 -1.894494 30.000000
v 12.506775 -2.206938 30.000000
v 11.441811 -5.511348 30.000000
v 11.300874 -5.794847 30.000000
v 11.821632 -4.641015 30.000000
v 9.728323 -8.163929 30.000000
v 10.492744 -7.154881 30.000000
v 7.668091 -10.123753 30.000000
v -2.204148 -12.507267 30.000000
v -6.348414 -10.999438 30.000000
v -12.557637 -1.896249 30.000000
v -12.447524 -2.519750 30.000000
v -12.506467 -2.208686 30.000000
v -12.224454 -3.442779 30.000000
v -12.306474 -3.136988 30.000000
v -11.441041 -5.512946 30.000000
v -11.574908 -5.226040 30.000000
v -9.520622 -8.405222 30.000000
v -9.727182 -8.165288 30.000000
v -8.865974 -9.093102 30.000000
v 12.636715 -1.266269 30.000000
v 12.601224 -1.580873 30.000000
v 11.933646 -4.344893 30.000000
v 10.667835 -6.891103 30.000000
v -0.632067 -12.684262 30.000000
v -12.380846 -2.829248 30.000000
v -11.300064 -5.796426 30.000000
v -10.491744 -7.156347 30.000000
v -10.666872 -6.892594 30.000000
v -9.927697 -7.920280 30.000000
v -10.122042 -7.670349 30.000000
v 12.381241 -2.827519 30.000000
v 8.637855 -9.310073 30.000000
v 8.867245 -9.091863 30.000000
v -10.835370 -6.624557 30.000000
v -10.997134 -6.352404 30.000000
v -10.310097 -7.415652 30.000000
v -8.401767 -9.523671 30.000000
v -8.636554 -9.311280 30.000000
v -7.916677 -9.930570 30.000000
v -8.161758 -9.730144 30.000000
v -12.636538 -1.268035 30.000000
v -11.152065 -6.076303 30.000000
v -7.411911 -10.312787 30.000000
v -7.666677 -10.124824 30.000000
v -7.152540 -10.494340 30.000000
v -12.684031 -0.636669 30.000000
v -12.695960 -0.320294 30.000000
v -12.664220 -0.952648 30.000000
v -12.601003 -1.582633 30.000000
usemtl zupcanik_korman_potenciometarMaterial0
f 1 2 3
f 3 4 1
f 5 3 2
f 6 7 5
f 8 9 7
f 10 11 9
f 12 13 11
f 14 15 13
f 16 17 15
f 18 19 17
f 20 21 19
f 22 23 21
f 21 20 22
f 19 18 20
f 17 16 18
f 15 14 16
f 13 12 14
f 11 10 12
f 9 8 10
f 7 6 8
f 5 24 6
f 2 24 5
f 25 26 23
f 27 28 26
f 29 30 28
f 31 32 30
f 30 29 31
f 28 27 29
f 26 25 27
f 23 22 25
f 33 34 32
f 35 36 34
f 35 37 38
f 39 40 38
f 41 42 40
f 41 43 44
f 45 46 44
f 45 47 48
f 49 50 48
f 51 50 49
f 52 51 53
f 54 52 55
f 56 57 58
f 59 58 57
f 60 61 59
f 60 62 63
f 64 65 63
f 66 67 65
f 68 69 67
f 67 66 68
f 65 64 66
f 63 62 64
f 63 61 60
f 59 70 60
f 57 70 59
f 58 54 56
f 55 56 54
f 53 55 52
f 49 53 51
f 48 47 49
f 48 46 45
f 44 43 45
f 44 42 41
f 40 39 41
f 38 37 39
f 38 36 35
f 34 33 35
f 32 31 33
f 71 72 69
f 73 74 72
f 75 76 74
f 75 77 78
f 79 80 78
f 81 82 80
f 81 83 84
f 85 86 84
f 87 88 86
f 89 90 88
f 91 92 90
f 93 94 92
f 95 96 94
f 97 98 96
f 99 100 98
f 100 99 101
f 101 102 100
f 98 97 99
f 96 95 97
f 94 93 95
f 92 91 93
f 90 89 91
f 88 87 89
f 86 85 87
f 84 83 85
f 84 82 81
f 80 79 81
f 78 77 79
f 78 76 75
f 74 73 75
f 72 71 73
f 69 68 71
f 103 104 105
f 106 105 107
f 108 107 102
f 102 101 108
f 107 108 106
f 105 106 103
f 109 110 111
f 112 111 110
f 113 112 114
f 115 113 116
f 117 118 115
f 117 119 120
f 121 122 120
f 123 124 122
f 125 126 124
f 127 128 126
f 129 130 128
f 131 132 130
f 133 134 132
f 135 136 134
f 137 138 136
f 109 139 104
f 104 103 109
f 136 135 137
f 134 133 135
f 132 131 133
f 130 129 131
f 128 127 129
f 126 125 127
f 124 123 125
f 122 121 123
f 120 119 121
f 120 118 117
f 115 140 117
f 116 140 115
f 114 116 113
f 110 114 112
f 111 139 109
f 141 138 137
f 142 143 144
f 145 146 144
f 145 147 148
f 149 148 147
f 150 151 149
f 152 153 151
f 154 155 153
f 156 157 155
f 158 159 157
f 160 161 159
f 162 163 161
f 164 165 163
f 166 167 165
f 168 169 167
f 170 171 169
f 172 173 171
f 174 175 173
f 176 177 175
f 178 179 177
f 177 176 178
f 175 174 176
f 173 172 174
f 171 170 172
f 169 168 170
f 167 166 168
f 165 164 166
f 163 162 164
f 161 160 162
f 159 158 160
f 157 156 158
f 155 154 156
f 153 152 154
f 151 150 152
f 149 180 150
f 147 180 149
f 148 146 145
f 144 143 145
f 144 141 142
f 137 142 141
f 181 182 179
f 183 184 182
f 185 186 184
f 187 188 186
f 186 185 187
f 184 183 185
f 182 181 183
f 179 178 181
f 189 188 187
f 190 189 191
f 192 190 193
f 194 192 195
f 196 197 194
f 198 197 196
f 199 200 201
f 202 203 201
f 202 204 205
f 206 207 205
f 208 209 207
f 210 211 209
f 212 213 211
f 212 214 215
f 214 216 217
f 218 217 216
f 219 218 220
f 221 219 222
f 223 221 224
f 224 225 223
f 222 224 221
f 220 222 219
f 216 220 218
f 217 215 214
f 215 213 212
f 211 210 212
f 209 208 210
f 207 206 208
f 205 204 206
f 205 203 202
f 201 200 202
f 201 198 199
f 196 199 198
f 194 226 196
f 195 226 194
f 193 195 192
f 191 193 190
f 187 191 189
f 227 228 223
f 229 230 228
f 231 232 230
f 233 234 232
f 235 234 233
f 236 235 237
f 238 236 239
f 240 238 241
f 242 240 243
f 244 245 242
f 246 247 245
f 248 249 247
f 250 251 249
f 252 253 251
f 254 255 253
f 255 254 256
f 256 257 255
f 253 252 254
f 251 250 252
f 249 248 250
f 247 246 248
f 245 244 246
f 242 258 244
f 243 258 242
f 241 243 240
f 239 241 238
f 237 239 236
f 233 237 235
f 232 231 233
f 230 229 231
f 228 227 229
f 223 225 227
f 259 260 261
f 262 261 263
f 264 263 257
f 257 256 264
f 263 264 262
f 261 262 259
f 265 266 267
f 268 269 266
f 270 271 269
f 272 273 271
f 274 275 273
f 276 277 275
f 278 279 277
f 280 279 278
f 281 280 282
f 283 281 284
f 285 283 286
f 287 285 288
f 289 287 290
f 291 289 292
f 293 294 291
f 295 267 260
f 260 259 295
f 291 296 293
f 292 296 291
f 290 292 289
f 288 290 287
f 286 288 285
f 284 286 283
f 282 284 281
f 278 282 280
f 277 276 278
f 275 274 276
f 273 272 274
f 271 270 272
f 269 268 270
f 266 265 268
f 267 295 265
f 297 298 294
f 297 299 300
f 299 301 302
f 303 304 302
f 305 306 304
f 307 306 305
f 308 309 307
f 310 309 308
f 311 312 310
f 313 312 311
f 314 313 315
f 316 314 317
f 318 316 319
f 320 318 321
f 322 320 323
f 324 322 325
f 326 324 327
f 328 326 329
f 330 328 331
f 332 330 333
f 333 334 332
f 331 333 330
f 329 331 328
f 327 329 326
f 325 327 324
f 323 325 322
f 321 323 320
f 319 321 318
f 317 319 316
f 315 317 314
f 311 315 313
f 310 335 311
f 308 335 310
f 307 336 308
f 305 336 307
f 304 303 305
f 302 301 303
f 302 300 299
f 300 298 297
f 294 293 297
f 337 338 332
f 339 340 338
f 341 342 340
f 343 344 342
f 342 341 343
f 340 339 341
f 338 337 339
f 332 334 337
f 345 344 343
f 346 345 347
f 348 346 349
f 350 348 351
f 352 350 353
f 354 355 352
f 354 356 357
f 358 357 356
f 359 360 358
f 359 361 362
f 363 364 362
f 365 364 363
f 366 367 368
f 369 368 367
f 370 371 372
f 373 374 372
f 375 376 374
f 377 378 376
f 379 380 378
f 378 377 379
f 376 375 377
f 374 373 375
f 372 371 373
f 372 369 370
f 367 370 369
f 368 365 366
f 363 366 365
f 362 361 363
f 362 360 359
f 358 381 359
f 356 381 358
f 357 355 354
f 352 382 354
f 353 382 352
f 351 353 350
f 349 351 348
f 347 349 346
f 343 347 345
f 383 384 380
f 383 385 386
f 387 386 385
f 388 387 389
f 390 388 391
f 392 390 393
f 394 392 395
f 396 394 397
f 398 396 399
f 400 401 398
f 402 403 401
f 404 405 403
f 406 407 405
f 408 409 407
f 410 411 409
f 411 410 412
f 412 413 411
f 409 408 410
f 407 406 408
f 405 404 406
f 403 402 404
f 401 400 402
f 398 414 400
f 399 414 398
f 397 399 396
f 395 397 394
f 393 395 392
f 391 393 390
f 389 391 388
f 385 389 387
f 386 384 383
f 380 379 383
f 415 416 417
f 418 417 419
f 420 419 413
f 413 412 420
f 419 420 418
f 417 418 415
f 421 422 423
f 421 424 425
f 426 425 424
f 427 426 428
f 429 427 430
f 431 432 429
f 433 434 432
f 435 436 434
f 437 438 436
f 439 440 438
f 441 442 440
f 443 444 442
f 445 446 444
f 447 448 446
f 449 450 448
f 451 423 416
f 416 415 451
f 448 447 449
f 446 445 447
f 444 443 445
f 442 441 443
f 440 439 441
f 438 437 439
f 436 435 437
f 434 433 435
f 432 431 433
f 429 452 431
f 430 452 429
f 428 430 427
f 424 428 426
f 425 422 421
f 423 451 421
f 453 450 449
f 454 455 456
f 457 456 455
f 458 457 459
f 460 458 461
f 462 463 460
f 464 465 463
f 466 467 465
f 468 469 467
f 470 471 469
f 472 473 471
f 472 474 475
f 476 477 475
f 478 479 477
f 480 481 479
f 482 483 481
f 484 485 483
f 486 487 485
f 488 489 487
f 490 491 489
f 489 488 490
f 487 486 488
f 485 484 486
f 483 482 484
f 481 480 482
f 479 478 480
f 477 476 478
f 475 474 476
f 475 473 472
f 471 470 472
f 469 468 470
f 467 466 468
f 465 464 466
f 463 462 464
f 460 492 462
f 461 492 460
f 459 461 458
f 455 459 457
f 456 453 454
f 449 454 453
f 493 494 491
f 495 496 494
f 497 498 496
f 499 500 498
f 498 497 499
f 496 495 497
f 494 493 495
f 491 490 493
f 501 502 500
f 503 504 502
f 505 506 504
f 507 508 506
f 509 510 508
f 511 512 510
f 511 513 514
f 515 516 514
f 515 517 518
f 517 519 520
f 521 522 520
f 523 524 522
f 525 526 524
f 525 527 528
f 529 528 527
f 530 529 531
f 532 533 534
f 535 534 533
f 536 535 537
f 537 538 536
f 533 537 535
f 534 530 532
f 531 532 530
f 527 531 529
f 528 526 525
f 524 523 525
f 522 521 523
f 520 519 521
f 520 518 517
f 518 516 515
f 514 513 515
f 514 512 511
f 510 509 511
f 508 507 509
f 506 505 507
f 504 503 505
f 502 501 503
f 500 499 501
f 539 540 536
f 541 542 540
f 541 543 544
f 545 546 544
f 545 547 548
f 549 550 548
f 551 552 550
f 551 553 554
f 555 556 554
f 557 558 556
f 559 560 558
f 561 562 560
f 563 564 562
f 565 566 564
f 567 568 566
f 568 567 569
f 569 570 568
f 566 565 567
f 564 563 565
f 562 561 563
f 560 559 561
f 558 557 559
f 556 555 557
f 554 553 555
f 554 552 551
f 550 549 551
f 548 547 549
f 548 546 545
f 544 543 545
f 544 542 541
f 540 539 541
f 536 538 539
f 571 572 573
f 574 573 575
f 576 575 570
f 570 569 576
f 575 576 574
f 573 574 571
f 577 578 579
f 580 581 582
f 583 584 582
f 583 585 586
f 587 588 586
f 589 590 588
f 589 591 592
f 593 594 592
f 593 595 596
f 595 597 598
f 599 600 598
f 601 600 599
f 602 601 603
f 604 602 605
f 604 606 607
f 579 578 572
f 572 571 579
f 607 608 604
f 605 606 604
f 603 605 602
f 599 603 601
f 598 597 599
f 598 596 595
f 596 594 593
f 592 591 593
f 592 590 589
f 588 587 589
f 586 585 587
f 586 584 583
f 582 581 583
f 582 577 580
f 579 580 577
f 609 610 608
f 609 611 612
f 613 614 612
f 615 616 614
f 617 618 616
f 619 618 617
f 620 619 621
f 622 620 623
f 624 625 622
f 624 626 627
f 628 629 627
f 628 630 631
f 632 633 631
f 634 633 632
f 635 636 637
f 638 639 637
f 640 639 638
f 641 642 643
f 644 643 642
f 645 646 647
f 647 644 645
f 642 645 644
f 643 640 641
f 638 641 640
f 637 636 638
f 637 634 635
f 632 635 634
f 631 630 632
f 631 629 628
f 627 626 628
f 627 625 624
f 622 648 624
f 623 648 622
f 621 623 620
f 617 621 619
f 616 615 617
f 614 613 615
f 612 611 613
f 612 610 609
f 608 607 609
f 649 650 647
f 649 651 652
f 653 654 652
f 653 655 656
f 656 654 653
f 652 651 653
f 652 650 649
f 647 646 649
f 657 658 656
f 659 658 657
f 660 661 659
f 662 661 660
f 663 664 662
f 663 665 666
f 667 668 666
f 667 669 670
f 671 670 669
f 672 671 673
f 674 675 676
f 677 676 675
f 678 677 679
f 680 681 678
f 682 683 681
f 682 684 685
f 686 687 685
f 688 689 687
f 690 691 689
f 689 688 690
f 687 686 688
f 685 684 686
f 685 683 682
f 681 680 682
f 678 692 680
f 679 692 678
f 675 679 677
f 676 672 674
f 673 674 672
f 669 673 671
f 670 668 667
f 666 665 667
f 666 664 663
f 662 693 663
f 660 693 662
f 659 694 660
f 657 694 659
f 656 655 657
f 690 695 696
f 697 698 696
f 697 699 700
f 701 702 700
f 701 703 704
f 705 704 703
f 706 707 705
f 706 708 709
f 710 709 708
f 711 712 710
f 711 713 714
f 715 716 714
f 717 718 716
f 719 720 718
f 721 722 720
f 722 721 723
f 723 724 722
f 720 719 721
f 718 717 719
f 716 715 717
f 714 713 715
f 714 712 711
f 710 725 711
f 708 725 710
f 709 707 706
f 705 726 706
f 703 726 705
f 704 702 701
f 700 699 701
f 700 698 697
f 696 695 697
f 696 691 690
f 727 728 729
f 730 729 731
f 732 731 724
f 724 723 732
f 731 732 730
f 729 730 727
f 733 734 735
f 736 734 733
f 737 736 738
f 739 737 740
f 741 742 739
f 743 744 742
f 745 746 744
f 747 748 746
f 749 750 748
f 751 752 750
f 753 754 752
f 755 756 754
f 757 758 756
f 759 760 758
f 761 762 760
f 763 735 728
f 728 727 763
f 760 759 761
f 758 757 759
f 756 755 757
f 754 753 755
f 752 751 753
f 750 749 751
f 748 747 749
f 746 745 747
f 744 743 745
f 742 741 743
f 739 764 741
f 740 764 739
f 738 740 737
f 733 738 736
f 735 763 733
f 765 762 761
f 766 765 767
f 768 769 770
f 771 770 769
f 772 771 773
f 774 775 772
f 776 777 775
f 778 779 777
f 780 781 779
f 782 783 781
f 784 785 783
f 786 787 785
f 788 789 787
f 790 791 789
f 792 793 791
f 794 795 793
f 796 797 795
f 798 799 797
f 800 801 799
f 802 803 801
f 801 800 802
f 799 798 800
f 797 796 798
f 795 794 796
f 793 792 794
f 791 790 792
f 789 788 790
f 787 786 788
f 785 784 786
f 783 782 784
f 781 780 782
f 779 778 780
f 777 776 778
f 775 774 776
f 772 804 774
f 773 804 772
f 769 773 771
f 770 766 768
f 767 768 766
f 761 767 765
f 805 806 803
f 807 808 806
f 809 810 808
f 811 812 810
f 810 809 811
f 808 807 809
f 806 805 807
f 803 802 805
f 813 814 812
f 815 816 814
f 817 818 816
f 819 820 818
f 821 822 820
f 823 824 822
f 823 825 826
f 827 828 826
f 829 830 828
f 829 831 832
f 833 834 832
f 835 836 834
f 835 837 838
f 839 840 838
f 839 841 842
f 843 842 841
f 844 843 845
f 846 844 847
f 848 846 849
f 849 850 848
f 847 849 846
f 845 847 844
f 841 845 843
f 842 840 839
f 838 837 839
f 838 836 835
f 834 833 835
f 832 831 833
f 832 830 829
f 828 827 829
f 826 825 827
f 826 824 823
f 822 821 823
f 820 819 821
f 818 817 819
f 816 815 817
f 814 813 815
f 812 811 813
f 850 851 852
f 853 854 852
f 855 856 854
f 857 858 856
f 859 860 858
f 861 862 860
f 863 864 862
f 865 866 864
f 867 868 866
f 869 870 868
f 871 872 870
f 873 872 871
f 874 873 875
f 876 877 874
f 878 879 877
f 879 878 880
f 880 881 879
f 877 876 878
f 874 882 876
f 875 882 874
f 871 875 873
f 870 869 871
f 868 867 869
f 866 865 867
f 864 863 865
f 862 861 863
f 860 859 861
f 858 857 859
f 856 855 857
f 854 853 855
f 852 851 853
f 852 848 850
f 883 884 885
f 886 885 887
f 888 887 881
f 881 880 888
f 887 888 886
f 885 886 883
f 889 890 891
f 892 893 890
f 892 894 895
f 896 897 895
f 898 899 897
f 900 901 899
f 902 903 901
f 904 905 903
f 906 907 905
f 908 909 907
f 910 911 909
f 912 913 911
f 914 915 913
f 916 917 915
f 918 919 917
f 920 891 884
f 884 883 920
f 917 916 918
f 915 914 916
f 913 912 914
f 911 910 912
f 909 908 910
f 907 906 908
f 905 904 906
f 903 902 904
f 901 900 902
f 899 898 900
f 897 896 898
f 895 894 896
f 895 893 892
f 890 889 892
f 891 920 889
f 918 921 922
f 923 924 922
f 923 925 926
f 927 928 926
f 929 930 928
f 931 932 930
f 933 934 932
f 935 936 934
f 937 938 936
f 939 940 938
f 941 942 940
f 941 943 944
f 945 946 944
f 947 948 946
f 949 950 948
f 951 952 950
f 953 954 952
f 955 956 954
f 957 958 956
f 958 957 959
f 959 960 958
f 956 955 957
f 954 953 955
f 952 951 953
f 950 949 951
f 948 947 949
f 946 945 947
f 944 943 945
f 944 942 941
f 940 939 941
f 938 937 939
f 936 935 937
f 934 933 935
f 932 931 933
f 930 929 931
f 928 927 929
f 926 925 927
f 926 924 923
f 922 921 923
f 922 919 918
f 961 962 960
f 963 964 962
f 965 966 964
f 967 968 966
f 966 965 967
f 964 963 965
f 962 961 963
f 960 959 961
f 969 970 968
f 969 971 972
f 973 974 972
f 975 976 974
f 977 978 976
f 979 980 978
f 979 981 982
f 983 984 982
f 985 986 984
f 987 988 986
f 989 988 987
f 990 991 992
f 993 994 992
f 995 996 994
f 997 998 996
f 997 999 1000
f 1001 1002 1000
f 1003 1004 1002
f 1005 1006 1004
f 1004 1003 1005
f 1002 1001 1003
f 1000 999 1001
f 1000 998 997
f 996 995 997
f 994 993 995
f 992 991 993
f 992 989 990
f 987 990 989
f 986 985 987
f 984 983 985
f 982 981 983
f 982 980 979
f 978 977 979
f 976 975 977
f 974 973 975
f 972 971 973
f 972 970 969
f 968 967 969
f 1007 1008 1006
f 1009 1010 1008
f 1011 1012 1010
f 1013 1014 1012
f 1015 1016 1014
f 1017 1018 1016
f 1019 1020 1018
f 1021 1022 1020
f 1023 1024 1022
f 1025 1026 1024
f 1027 1028 1026
f 1029 1030 1028
f 1031 1032 1030
f 1033 1034 1032
f 1035 1036 1034
f 1036 1035 1037
f 1037 1038 1036
f 1034 1033 1035
f 1032 1031 1033
f 1030 1029 1031
f 1028 1027 1029
f 1026 1025 1027
f 1024 1023 1025
f 1022 1021 1023
f 1020 1019 1021
f 1018 1017 1019
f 1016 1015 1017
f 1014 1013 1015
f 1012 1011 1013
f 1010 1009 1011
f 1008 1007 1009
f 1006 1005 1007
f 1039 1040 1041
f 1042 1041 1043
f 1044 1043 1038
f 1038 1037 1044
f 1043 1044 1042
f 1041 1042 1039
f 1045 1046 1047
f 1045 1048 1049
f 1050 1051 1049
f 1050 1052 1053
f 1054 1055 1053
f 1056 1057 1055
f 1058 1059 1057
f 1060 1061 1059
f 1062 1063 1061
f 1064 1065 1063
f 1066 1067 1065
f 1068 1069 1067
f 1070 1071 1069
f 1072 1073 1071
f 1074 1075 1073
f 1076 1047 1040
f 1040 1039 1076
f 1073 1072 1074
f 1071 1070 1072
f 1069 1068 1070
f 1067 1066 1068
f 1065 1064 1066
f 1063 1062 1064
f 1061 1060 1062
f 1059 1058 1060
f 1057 1056 1058
f 1055 1054 1056
f 1053 1052 1054
f 1053 1051 1050
f 1049 1048 1050
f 1049 1046 1045
f 1047 1076 1045
f 1077 1078 1075
f 1079 1080 1078
f 1079 1081 1082
f 1083 1084 1082
f 1085 1086 1084
f 1087 1086 1085
f 1088 1089 1087
f 1090 1091 1089
f 1092 1093 1091
f 1094 1095 1093
f 1096 1097 1095
f 1098 1099 1097
f 1100 1101 1099
f 1102 1103 1101
f 1104 1105 1103
f 1106 1107 1105
f 1108 1109 1107
f 1110 1111 1109
f 1112 1113 1111
f 1114 1115 1113
f 1113 1112 1114
f 1111 1110 1112
f 1109 1108 1110
f 1107 1106 1108
f 1105 1104 1106
f 1103 1102 1104
f 1101 1100 1102
f 1099 1098 1100
f 1097 1096 1098
f 1095 1094 1096
f 1093 1092 1094
f 1091 1090 1092
f 1089 1088 1090
f 1087 1116 1088
f 1085 1116 1087
f 1084 1083 1085
f 1082 1081 1083
f 1082 1080 1079
f 1078 1077 1079
f 1075 1074 1077
f 1114 1117 1118
f 1119 1120 1118
f 1121 1122 1120
f 1123 1124 1122
f 1122 1121 1123
f 1120 1119 1121
f 1118 1117 1119
f 1118 1115 1114
f 1125 1126 1124
f 1127 1128 1126
f 1129 1130 1128
f 1131 1132 1130
f 1133 1134 1132
f 1135 1136 1134
f 1137 1138 1136
f 1139 1140 1138
f 1139 1141 1142
f 1143 1144 1142
f 1145 1146 1144
f 1145 1147 1148
f 1149 1150 1148
f 1151 1152 1150
f 1153 1154 1152
f 1153 1155 1156
f 1157 1158 1156
f 1159 1160 1158
f 1161 1162 1160
f 1160 1159 1161
f 1158 1157 1159
f 1156 1155 1157
f 1156 1154 1153
f 1152 1151 1153
f 1150 1149 1151
f 1148 1147 1149
f 1148 1146 1145
f 1144 1143 1145
f 1142 1141 1143
f 1142 1140 1139
f 1138 1137 1139
f 1136 1135 1137
f 1134 1133 1135
f 1132 1131 1133
f 1130 1129 1131
f 1128 1127 1129
f 1126 1125 1127
f 1124 1123 1125
f 1163 1164 1162
f 1163 1165 1166
f 1165 1167 1168
f 1169 1170 1168
f 1171 1172 1170
f 1173 1174 1172
f 1175 1176 1174
f 1177 1178 1176
f 1179 1180 1178
f 1181 1182 1180
f 1183 1184 1182
f 1185 1186 1184
f 1187 1188 1186
f 1189 1190 1188
f 1191 1192 1190
f 1192 1191 1193
f 1193 1194 1192
f 1190 1189 1191
f 1188 1187 1189
f 1186 1185 1187
f 1184 1183 1185
f 1182 1181 1183
f 1180 1179 1181
f 1178 1177 1179
f 1176 1175 1177
f 1174 1173 1175
f 1172 1171 1173
f 1170 1169 1171
f 1168 1167 1169
f 1168 1166 1165
f 1166 1164 1163
f 1162 1161 1163
f 1195 1196 1197
f 1198 1197 1199
f 1200 1199 1194
f 1194 1193 1200
f 1199 1200 1198
f 1197 1198 1195
f 1201 1202 1203
f 1204 1205 1202
f 1204 1206 1207
f 1206 1208 1209
f 1210 1211 1209
f 1212 1213 1211
f 1212 1214 1215
f 1216 1217 1215
f 1216 1218 1219
f 1220 1219 1218
f 1221 1222 1220
f 1221 1223 1224
f 1225 1224 1223
f 1226 1227 1225
f 1228 1229 1227
f 1230 1203 1196
f 1196 1195 1230
f 1227 1226 1228
f 1225 1231 1226
f 1223 1231 1225
f 1224 1222 1221
f 1220 1232 1221
f 1218 1232 1220
f 1219 1217 1216
f 1215 1214 1216
f 1215 1213 1212
f 1211 1210 1212
f 1209 1208 1210
f 1209 1207 1206
f 1207 1205 1204
f 1202 1201 1204
f 1203 1230 1201
f 1233 1234 1229
f 1233 1235 1236
f 1237 1238 1236
f 1239 1240 1238
f 1241 1242 1240
f 1241 1243 1244
f 1245 1244 1243
f 1246 1247 1245
f 1246 1248 1249
f 1250 1251 1249
f 1252 1251 1250
f 1253 1252 1254
f 1255 1253 1256
f 1257 1255 1258
f 1259 1257 1260
f 1261 1262 1263
f 1264 1263 1262
f 1265 1264 1266
f 1267 1268 1265
f 1267 1269 1270
f 1270 1268 1267
f 1265 1271 1267
f 1266 1271 1265
f 1262 1266 1264
f 1263 1259 1261
f 1260 1261 1259
f 1258 1260 1257
f 1256 1258 1255
f 1254 1256 1253
f 1250 1254 1252
f 1249 1248 1250
f 1249 1247 1246
f 1245 1272 1246
f 1243 1272 1245
f 1244 1242 1241
f 1240 1239 1241
f 1238 1237 1239
f 1236 1235 1237
f 1236 1234 1233
f 1229 1228 1233
f 1273 1274 1270
f 1275 1276 1274
f 1277 1278 1276
f 1277 1279 1280
f 1280 1278 1277
f 1276 1275 1277
f 1274 1273 1275
f 1270 1269 1273
f 1281 1282 1280
f 1283 1284 1282
f 1283 1285 1286
f 1287 1288 1286
f 1289 1290 1288
f 1291 1290 1289
f 1292 1293 1294
f 1295 1296 1294
f 1295 1297 1298
f 1299 1300 1298
f 1299 1301 1302
f 1301 1303 1304
f 1305 1306 1304
f 1305 1307 1308
f 1309 1310 1308
f 1311 1312 1310
f 1313 1314 1312
f 1313 1315 1316
f 1317 1318 1316
f 1316 1315 1317
f 1316 1314 1313
f 1312 1311 1313
f 1310 1309 1311
f 1308 1307 1309
f 1308 1306 1305
f 1304 1303 1305
f 1304 1302 1301
f 1302 1300 1299
f 1298 1297 1299
f 1298 1296 1295
f 1294 1293 1295
f 1294 1291 1292
f 1289 1292 1291
f 1288 1287 1289
f 1286 1285 1287
f 1286 1284 1283
f 1282 1281 1283
f 1280 1279 1281
f 1317 1319 1320
f 1321 1322 1320
f 1323 1324 1322
f 1325 1324 1323
f 1326 1325 1327
f 1328 1329 1330
f 1331 1332 1330
f 1333 1332 1331
f 1334 1335 1336
f 1337 1338 1336
f 1339 1340 1338
f 1339 1341 1342
f 1343 1344 1342
f 1345 1346 1344
f 1347 1348 1346
f 1348 1347 1349
f 1349 1350 1348
f 1346 1345 1347
f 1344 1343 1345
f 1342 1341 1343
f 1342 1340 1339
f 1338 1337 1339
f 1336 1335 1337
f 1336 1333 1334
f 1331 1334 1333
f 1330 1329 1331
f 1330 1326 1328
f 1327 1328 1326
f 1323 1327 1325
f 1322 1321 1323
f 1320 1319 1321
f 1320 1318 1317
f 1351 1352 1353
f 1354 1353 1355
f 1356 1355 1350
f 1350 1349 1356
f 1355 1356 1354
f 1353 1354 1351
f 1357 1358 1359
f 1360 1357 1361
f 1362 1360 1363
f 1364 1362 1365
f 1366 1364 1367
f 1368 1369 1366
f 1370 1371 1369
f 1372 1373 1371
f 1374 1375 1373
f 1376 1377 1375
f 1378 1379 1377
f 1380 1381 1379
f 1382 1383 1381
f 1384 1385 1383
f 1386 1387 1385
f 1359 1358 1352
f 1352 1351 1359
f 1385 1384 1386
f 1383 1382 1384
f 1381 1380 1382
f 1379 1378 1380
f 1377 1376 1378
f 1375 1374 1376
f 1373 1372 1374
f 1371 1370 1372
f 1369 1368 1370
f 1366 1388 1368
f 1367 1388 1366
f 1365 1367 1364
f 1363 1365 1362
f 1361 1363 1360
f 1359 1361 1357
f 1386 1389 1390
f 1391 1392 1390
f 1391 1393 1394
f 1395 1394 1393
f 1396 1395 1397
f 1398 1399 1396
f 1400 1401 1399
f 1402 1403 1401
f 1404 1405 1403
f 1406 1407 1405
f 1408 1409 1407
f 1410 1411 1409
f 1412 1413 1411
f 1414 1415 1413
f 1416 1417 1415
f 1418 1419 1417
f 1418 1420 1421
f 1422 1423 1421
f 1424 1425 1423
f 1426 1427 1425
f 1425 1424 1426
f 1423 1422 1424
f 1421 1420 1422
f 1421 1419 1418
f 1417 1416 1418
f 1415 1414 1416
f 1413 1412 1414
f 1411 1410 1412
f 1409 1408 1410
f 1407 1406 1408
f 1405 1404 1406
f 1403 1402 1404
f 1401 1400 1402
f 1399 1398 1400
f 1396 1428 1398
f 1397 1428 1396
f 1393 1397 1395
f 1394 1392 1391
f 1390 1389 1391
f 1390 1387 1386
f 1429 1430 1427
f 1429 1431 1432
f 1433 1434 1432
f 1435 1436 1434
f 1434 1433 1435
f 1432 1431 1433
f 1432 1430 1429
f 1427 1426 1429
f 1437 1438 1436
f 1439 1440 1438
f 1441 1442 1440
f 1441 1443 1444
f 1445 1446 1444
f 1445 1447 1448
f 1449 1450 1448
f 1449 1451 1452
f 1453 1454 1452
f 1453 1455 1456
f 1457 1458 1456
f 1459 1460 1458
f 1459 1461 1462
f 1463 1464 1462
f 1465 1466 1464
f 1465 1467 1468
f 1469 1468 1467
f 1470 1469 1471
f 1472 1470 1473
f 1473 1474 1472
f 1471 1473 1470
f 1467 1471 1469
f 1468 1466 1465
f 1464 1463 1465
f 1462 1461 1463
f 1462 1460 1459
f 1458 1457 1459
f 1456 1455 1457
f 1456 1454 1453
f 1452 1451 1453
f 1452 1450 1449
f 1448 1447 1449
f 1448 1446 1445
f 1444 1443 1445
f 1444 1442 1441
f 1440 1439 1441
f 1438 1437 1439
f 1436 1435 1437
f 1475 1476 1472
f 1477 1478 1476
f 1479 1480 1478
f 1481 1482 1480
f 1483 1484 1482
f 1485 1486 1484
f 1487 1488 1486
f 1489 1490 1488
f 1491 1492 1490
f 1493 1494 1492
f 1495 1496 1494
f 1497 1498 1496
f 1499 1500 1498
f 1501 1502 1500
f 1503 1504 1502
f 1504 1503 1505
f 1505 1506 1504
f 1502 1501 1503
f 1500 1499 1501
f 1498 1497 1499
f 1496 1495 1497
f 1494 1493 1495
f 1492 1491 1493
f 1490 1489 1491
f 1488 1487 1489
f 1486 1485 1487
f 1484 1483 1485
f 1482 1481 1483
f 1480 1479 1481
f 1478 1477 1479
f 1476 1475 1477
f 1472 1474 1475
f 1507 1508 1509
f 1510 1509 1511
f 1512 1511 1506
f 1506 1505 1512
f 1511 1512 1510
f 1509 1510 1507
f 1513 1514 1515
f 1516 1515 1514
f 1517 1518 1519
f 1520 1521 1519
f 1522 1523 1521
f 1524 1525 1523
f 1526 1527 1525
f 1528 1529 1527
f 1530 1529 1528
f 1531 1530 1532
f 1533 1531 1534
f 1535 1533 1536
f 1537 1535 1538
f 1539 1537 1540
f 1541 1542 1539
f 1513 1543 1508
f 1508 1507 1513
f 1539 1544 1541
f 1540 1544 1539
f 1538 1540 1537
f 1536 1538 1535
f 1534 1536 1533
f 1532 1534 1531
f 1528 1532 1530
f 1527 1526 1528
f 1525 1524 1526
f 1523 1522 1524
f 1521 1520 1522
f 1519 1518 1520
f 1519 1516 1517
f 1514 1517 1516
f 1515 1543 1513
f 1542 1541 1545
f 1545 1546 1547
f 1548 1549 1547
f 1550 1551 1549
f 1552 1553 1551
f 1554 1553 1552
f 1555 1554 1556
f 1557 1555 1558
f 1559 1560 1557
f 1561 1560 1559
f 1562 1561 1563
f 1564 1562 1565
f 1566 1564 1567
f 1568 1566 1569
f 1570 1568 1571
f 1572 1570 1573
f 1574 1572 1575
f 1576 1574 1577
f 1578 1576 1579
f 1580 1578 1581
f 1581 1582 1580
f 1579 1581 1578
f 1577 1579 1576
f 1575 1577 1574
f 1573 1575 1572
f 1571 1573 1570
f 1569 1571 1568
f 1567 1569 1566
f 1565 1567 1564
f 1563 1565 1562
f 1559 1563 1561
f 1557 1583 1559
f 1558 1583 1557
f 1556 1558 1555
f 1552 1556 1554
f 1551 1550 1552
f 1549 1548 1550
f 1547 1546 1548
f 1547 1584 1545
f 1545 1584 1542
f 1585 1580 1582
f 1586 1587 1585
f 1588 1589 1587
f 1590 1591 1589
f 1589 1588 1590
f 1587 1586 1588
f 1585 1592 1586
f 1582 1592 1585
f 1593 1591 1590
f 1594 1593 1595
f 1596 1594 1597
f 1598 1596 1599
f 1600 1601 1598
f 1600 1602 1603
f 1604 1605 1603
f 1604 1606 1607
f 1606 1608 1609
f 1610 1611 1609
f 1612 1613 1611
f 1614 1613 1612
f 1615 1614 1616
f 1617 1618 1619
f 1618 1620 1621
f 1622 1623 1621
f 1624 1625 1623
f 1626 1627 1625
f 1628 1629 1627
f 1627 1626 1628
f 1625 1624 1626
f 1623 1622 1624
f 1621 1620 1622
f 1621 1619 1618
f 1619 1615 1617
f 1616 1617 1615
f 1612 1616 1614
f 1611 1610 1612
f 1609 1608 1610
f 1609 1607 1606
f 1607 1605 1604
f 1603 1602 1604
f 1603 1601 1600
f 1598 1630 1600
f 1599 1630 1598
f 1597 1599 1596
f 1595 1597 1594
f 1590 1595 1593
f 1631 1632 1629
f 1631 1633 1634
f 1635 1636 1634
f 1635 1637 1638
f 1639 1640 1638
f 1641 1640 1639
f 1642 1641 1643
f 1644 1642 1645
f 1646 1644 1647
f 1648 1649 1646
f 1650 1651 1649
f 1652 1653 1651
f 1654 1655 1653
f 1656 1657 1655
f 1658 1659 1657
f 1659 1658 1660
f 1660 1661 1659
f 1657 1656 1658
f 1655 1654 1656
f 1653 1652 1654
f 1651 1650 1652
f 1649 1648 1650
f 1646 1662 1648
f 1647 1662 1646
f 1645 1647 1644
f 1643 1645 1642
f 1639 1643 1641
f 1638 1637 1639
f 1638 1636 1635
f 1634 1633 1635
f 1634 1632 1631
f 1629 1628 1631
f 1663 1664 1665
f 1666 1665 1667
f 1668 1667 1661
f 1661 1660 1668
f 1667 1668 1666
f 1665 1666 1663
f 1669 1670 1671
f 1672 1669 1673
f 1674 1672 1675
f 1676 1674 1677
f 1678 1676 1679
f 1680 1681 1678
f 1682 1683 1681
f 1684 1685 1683
f 1686 1687 1685
f 1688 1689 1687
f 1690 1691 1689
f 1692 1693 1691
f 1694 1695 1693
f 1696 1697 1695
f 1698 1699 1697
f 1671 1670 1664
f 1664 1663 1671
f 1697 1696 1698
f 1695 1694 1696
f 1693 1692 1694
f 1691 1690 1692
f 1689 1688 1690
f 1687 1686 1688
f 1685 1684 1686
f 1683 1682 1684
f 1681 1680 1682
f 1678 1700 1680
f 1679 1700 1678
f 1677 1679 1676
f 1675 1677 1674
f 1673 1675 1672
f 1671 1673 1669
f 1701 1699 1698
f 1702 1701 1703
f 1704 1705 1706
f 1707 1706 1705
f 1708 1707 1709
f 1710 1711 1708
f 1712 1713 1711
f 1714 1715 1713
f 1716 1717 1715
f 1716 1718 1719
f 1720 1721 1719
f 1722 1723 1721
f 1724 1725 1723
f 1726 1727 1725
f 1728 1729 1727
f 1730 1731 1729
f 1732 1733 1731
f 1734 1735 1733
f 1736 1737 1735
f 1738 1739 1737
f 1737 1736 1738
f 1735 1734 1736
f 1733 1732 1734
f 1731 1730 1732
f 1729 1728 1730
f 1727 1726 1728
f 1725 1724 1726
f 1723 1722 1724
f 1721 1720 1722
f 1719 1718 1720
f 1719 1717 1716
f 1715 1714 1716
f 1713 1712 1714
f 1711 1710 1712
f 1708 1740 1710
f 1709 1740 1708
f 1705 1709 1707
f 1706 1702 1704
f 1703 1704 1702
f 1698 1703 1701
f 1741 1742 1739
f 1743 1744 1742
f 1745 1746 1744
f 1745 1747 1748
f 1748 1746 1745
f 1744 1743 1745
f 1742 1741 1743
f 1739 1738 1741
f 1749 1750 1748
f 1751 1752 1750
f 1753 1754 1752
f 1753 1755 1756
f 1757 1758 1756
f 1757 1759 1760
f 1759 1761 1762
f 1763 1764 1762
f 1765 1766 1764
f 1765 1767 1768
f 1769 1770 1768
f 1771 1772 1770
f 1773 1774 1772
f 1773 1775 1776
f 1777 1776 1775
f 1778 1779 1780
f 1781 1780 1779
f 1782 1781 1783
f 1784 1782 1785
f 1785 1786 1784
f 1783 1785 1782
f 1779 1783 1781
f 1780 1777 1778
f 1775 1778 1777
f 1776 1774 1773
f 1772 1771 1773
f 1770 1769 1771
f 1768 1767 1769
f 1768 1766 1765
f 1764 1763 1765
f 1762 1761 1763
f 1762 1760 1759
f 1760 1758 1757
f 1756 1755 1757
f 1756 1754 1753
f 1752 1751 1753
f 1750 1749 1751
f 1748 1747 1749
f 1787 1788 1784
f 1787 1789 1790
f 1791 1792 1790
f 1793 1794 1792
f 1795 1796 1794
f 1797 1798 1796
f 1799 1800 1798
f 1801 1802 1800
f 1803 1804 1802
f 1805 1806 1804
f 1807 1808 1806
f 1809 1810 1808
f 1811 1812 1810
f 1813 1814 1812
f 1815 1816 1814
f 1816 1815 1817
f 1817 1818 1816
f 1814 1813 1815
f 1812 1811 1813
f 1810 1809 1811
f 1808 1807 1809
f 1806 1805 1807
f 1804 1803 1805
f 1802 1801 1803
f 1800 1799 1801
f 1798 1797 1799
f 1796 1795 1797
f 1794 1793 1795
f 1792 1791 1793
f 1790 1789 1791
f 1790 1788 1787
f 1784 1786 1787
f 1819 1820 1821
f 1822 1821 1823
f 1824 1823 1818
f 1818 1817 1824
f 1823 1824 1822
f 1821 1822 1819
f 1825 1826 1827
f 1828 1825 1829
f 1830 1828 1831
f 1832 1830 1833
f 1834 1832 1835
f 1836 1837 1834
f 1838 1839 1837
f 1840 1841 1839
f 1842 1843 1841
f 1844 1845 1843
f 1846 1847 1845
f 1848 1849 1847
f 1850 1851 1849
f 1852 1853 1851
f 1854 1855 1853
f 1827 1826 1820
f 1820 1819 1827
f 1853 1852 1854
f 1851 1850 1852
f 1849 1848 1850
f 1847 1846 1848
f 1845 1844 1846
f 1843 1842 1844
f 1841 1840 1842
f 1839 1838 1840
f 1837 1836 1838
f 1834 1856 1836
f 1835 1856 1834
f 1833 1835 1832
f 1831 1833 1830
f 1829 1831 1828
f 1827 1829 1825
f 1854 1857 1858
f 1859 1860 1858
f 1859 1861 1862
f 1863 1864 1862
f 1865 1866 1864
f 1867 1866 1865
f 1868 1867 1869
f 1870 1871 1868
f 1872 1871 1870
f 1873 1874 1872
f 1873 1875 1876
f 1877 1878 1876
f 1879 1880 1878
f 1881 1882 1880
f 1883 1884 1882
f 1885 1886 1884
f 1887 1888 1886
f 1889 1890 1888
f 1891 1892 1890
f 1893 1894 1892
f 1892 1891 1893
f 1890 1889 1891
f 1888 1887 1889
f 1886 1885 1887
f 1884 1883 1885
f 1882 1881 1883
f 1880 1879 1881
f 1878 1877 1879
f 1876 1875 1877
f 1876 1874 1873
f 1872 1895 1873
f 1870 1895 1872
f 1868 1896 1870
f 1869 1896 1868
f 1865 1869 1867
f 1864 1863 1865
f 1862 1861 1863
f 1862 1860 1859
f 1858 1857 1859
f 1858 1855 1854
f 1893 1897 1898
f 1899 1900 1898
f 1901 1902 1900
f 1903 1904 1902
f 1902 1901 1903
f 1900 1899 1901
f 1898 1897 1899
f 1898 1894 1893
f 1905 1904 1903
f 1906 1905 1907
f 1908 1909 1906
f 1908 1910 1911
f 1912 1911 1910
f 1913 1914 1912
f 1913 1915 1916
f 1917 1918 1916
f 1917 1919 1920
f 1921 1922 1920
f 1923 1922 1921
f 1924 1923 1925
f 1926 1927 1928
f 1929 1928 1927
f 1930 1931 1929
f 1930 1932 1933
f 1934 1935 1933
f 1936 1937 1935
f 1938 1939 1937
f 1937 1936 1938
f 1935 1934 1936
f 1933 1932 1934
f 1933 1931 1930
f 1929 1940 1930
f 1927 1940 1929
f 1928 1924 1926
f 1925 1926 1924
f 1921 1925 1923
f 1920 1919 1921
f 1920 1918 1917
f 1916 1915 1917
f 1916 1914 1913
f 1912 1941 1913
f 1910 1941 1912
f 1911 1909 1908
f 1906 1942 1908
f 1907 1942 1906
f 1903 1907 1905
f 1943 1944 1939
f 1945 1946 1944
f 1945 1947 1948
f 1949 1948 1947
f 1950 1949 1951
f 1952 1950 1953
f 1954 1952 1955
f 1956 1954 1957
f 1958 1956 1959
f 1960 1961 1958
f 1962 1963 1961
f 1964 1965 1963
f 1966 1967 1965
f 1968 1969 1967
f 1970 1971 1969
f 1971 1970 1972
f 1972 1973 1971
f 1969 1968 1970
f 1967 1966 1968
f 1965 1964 1966
f 1963 1962 1964
f 1961 1960 1962
f 1958 1974 1960
f 1959 1974 1958
f 1957 1959 1956
f 1955 1957 1954
f 1953 1955 1952
f 1951 1953 1950
f 1947 1951 1949
f 1948 1946 1945
f 1944 1943 1945
f 1939 1938 1943
f 1975 1976 1977
f 1978 1977 1979
f 1980 1979 1973
f 1973 1972 1980
f 1979 1980 1978
f 1977 1978 1975
f 1981 1982 1983
f 1984 1985 1982
f 1986 1987 1985
f 1986 1988 1989
f 1990 1991 1989
f 1992 1993 1991
f 1994 1995 1993
f 1996 1997 1995
f 1998 1999 1997
f 2000 2001 1999
f 2002 2003 2001
f 2004 2005 2003
f 2006 2007 2005
f 2008 2009 2007
f 2010 2011 2009
f 2012 1983 1976
f 1976 1975 2012
f 2009 2008 2010
f 2007 2006 2008
f 2005 2004 2006
f 2003 2002 2004
f 2001 2000 2002
f 1999 1998 2000
f 1997 1996 1998
f 1995 1994 1996
f 1993 1992 1994
f 1991 1990 1992
f 1989 1988 1990
f 1989 1987 1986
f 1985 1984 1986
f 1982 1981 1984
f 1983 2012 1981
f 2013 2014 2011
f 2013 2015 2016
f 2017 2016 2015
f 2018 2019 2017
f 2020 2021 2019
f 2022 2021 2020
f 2023 2022 2024
f 2025 2026 2023
f 2027 2028 2026
f 2029 2028 2027
f 2030 2031 2029
f 2032 2033 2031
f 2034 2035 2033
f 2034 2036 2037
f 2038 2039 2037
f 2040 2041 2039
f 2042 2043 2041
f 2044 2045 2043
f 2046 2047 2045
f 2048 2049 2047
f 2047 2046 2048
f 2045 2044 2046
f 2043 2042 2044
f 2041 2040 2042
f 2039 2038 2040
f 2037 2036 2038
f 2037 2035 2034
f 2033 2032 2034
f 2031 2030 2032
f 2029 2050 2030
f 2027 2050 2029
f 2026 2025 2027
f 2023 2051 2025
f 2024 2051 2023
f 2020 2024 2022
f 2019 2018 2020
f 2017 2052 2018
f 2015 2052 2017
f 2016 2014 2013
f 2011 2010 2013
f 2053 2054 2049
f 2055 2056 2054
f 2057 2058 2056
f 2059 2060 2058
f 2058 2057 2059
f 2056 2055 2057
f 2054 2053 2055
f 2049 2048 2053
f 809 841 839
f 965 997 995
f 839 837 809
f 995 993 965
f 1121 1153 1151
f 1433 1465 1463
f 1588 1620 1618
f 1745 1778 1775
f 1901 1930 1940
f 497 531 527
f 653 682 680
f 837 835 809
f 993 991 965
f 1151 1149 1121
f 1277 1309 1307
f 1463 1461 1433
f 1618 1617 1588
f 1775 1773 1745
f 1940 1927 1901
f 185 216 214
f 341 371 370
f 527 525 497
f 680 692 653
f 809 845 841
f 965 999 997
f 1149 1147 1121
f 1307 1305 1277
f 1461 1459 1433
f 1617 1616 1588
f 1773 1771 1745
f 1927 1926 1901
f 214 212 185
f 370 367 341
f 525 523 497
f 692 679 653
f 835 833 809
f 991 990 965
f 1121 1155 1153
f 1305 1303 1277
f 1433 1467 1465
f 1588 1622 1620
f 1745 1779 1778
f 1901 1932 1930
f 212 210 185
f 367 366 341
f 497 532 531
f 653 684 682
f 833 831 809
f 990 987 965
f 1147 1145 1121
f 1277 1311 1309
f 1459 1457 1433
f 1616 1612 1588
f 1771 1769 1745
f 1926 1925 1901
f 185 220 216
f 341 373 371
f 523 521 497
f 679 675 653
f 831 829 809
f 987 985 965
f 1145 1143 1121
f 1303 1301 1277
f 1457 1455 1433
f 1612 1610 1588
f 1769 1767 1745
f 1925 1921 1901
f 29 60 70
f 210 208 185
f 366 363 341
f 521 519 497
f 675 674 653
f 829 827 809
f 985 983 965
f 1143 1141 1121
f 1301 1299 1277
f 1455 1453 1433
f 1610 1608 1588
f 1767 1765 1745
f 1921 1919 1901
f 70 57 29
f 208 206 185
f 363 361 341
f 519 517 497
f 674 673 653
f 827 825 809
f 983 981 965
f 1141 1139 1121
f 1299 1297 1277
f 1453 1451 1433
f 1608 1606 1588
f 1765 1763 1745
f 1919 1917 1901
f 57 56 29
f 206 204 185
f 361 359 341
f 517 515 497
f 673 669 653
f 825 823 809
f 981 979 965
f 1139 1137 1121
f 1297 1295 1277
f 1451 1449 1433
f 1606 1604 1588
f 1763 1761 1745
f 1917 1915 1901
f 2061 2024 2020
f 29 62 60
f 204 202 185
f 359 381 341
f 515 513 497
f 669 667 653
f 849 790 788
f 823 821 809
f 1003 947 945
f 979 977 965
f 1137 1135 1121
f 1295 1293 1277
f 1449 1447 1433
f 1604 1602 1588
f 1761 1759 1745
f 1915 1913 1901
f 2061 2051 2024
f 56 55 29
f 202 200 185
f 381 356 341
f 513 511 497
f 667 665 653
f 849 792 790
f 821 819 809
f 1003 949 947
f 977 975 965
f 1159 1102 1100
f 1135 1133 1121
f 1293 1292 1277
f 1473 1414 1412
f 1447 1445 1433
f 1626 1571 1569
f 1602 1600 1588
f 1785 1726 1724
f 1759 1757 1745
f 1936 1881 1879
f 1913 1941 1901
f 2061 2025 2051
f 55 53 29
f 200 199 185
f 356 354 341
f 537 478 476
f 511 509 497
f 688 635 632
f 665 663 653
f 849 794 792
f 819 817 809
f 1003 951 949
f 975 973 965
f 1159 1104 1102
f 1133 1131 1121
f 1315 1260 1258
f 1292 1289 1277
f 1473 1416 1414
f 1445 1443 1433
f 1626 1573 1571
f 1600 1630 1588
f 1785 1728 1726
f 1757 1755 1745
f 1936 1883 1881
f 1941 1910 1901
f 2020 2018 2061
f 53 49 29
f 224 166 164
f 199 196 185
f 377 323 321
f 354 382 341
f 537 480 478
f 509 507 497
f 688 636 635
f 663 693 653
f 849 796 794
f 809 847 845
f 882 774 804
f 1003 953 951
f 965 1001 999
f 1031 931 929
f 1159 1106 1104
f 1131 1129 1121
f 1315 1261 1260
f 1289 1287 1277
f 1473 1418 1416
f 1443 1441 1433
f 1626 1575 1573
f 1630 1599 1588
f 1785 1730 1728
f 1755 1753 1745
f 1936 1885 1883
f 1910 1908 1901
f 2061 2027 2025
f 49 47 29
f 224 168 166
f 196 226 185
f 377 325 323
f 382 353 341
f 537 482 480
f 507 505 497
f 688 638 636
f 693 660 653
f 763 727 2062
f 849 798 796
f 849 805 802
f 849 809 807
f 817 815 809
f 882 776 774
f 920 883 2063
f 1003 955 953
f 1003 961 959
f 1003 965 963
f 973 971 965
f 1031 933 931
f 1076 1039 2064
f 1159 1108 1106
f 1121 1157 1155
f 1187 1116 1085
f 1315 1262 1261
f 1287 1285 1277
f 1473 1420 1418
f 1433 1471 1467
f 1499 1398 1428
f 1626 1577 1575
f 1588 1624 1622
f 1654 1556 1552
f 1785 1732 1730
f 1745 1783 1779
f 1811 1710 1740
f 1936 1887 1885
f 1901 1934 1932
f 1966 1869 1865
f 2061 2050 2027
f 2061 2034 2032
f 66 6 24
f 47 45 29
f 224 170 168
f 226 195 185
f 377 327 325
f 353 351 341
f 537 484 482
f 497 533 532
f 563 462 492
f 579 571 2065
f 688 641 638
f 653 686 684
f 717 621 617
f 2062 2066 763
f 849 800 798
f 807 805 849
f 815 813 809
f 786 859 857
f 882 778 776
f 2063 2067 920
f 1003 957 955
f 963 961 1003
f 971 969 965
f 943 1015 1013
f 1031 935 933
f 2064 2068 1076
f 1159 1110 1108
f 1159 1117 1114
f 1159 1121 1119
f 1129 1127 1121
f 1187 1088 1116
f 1315 1266 1262
f 1277 1313 1311
f 1343 1243 1241
f 1359 1351 2069
f 1473 1422 1420
f 1473 1429 1426
f 1473 1433 1431
f 1441 1439 1433
f 1499 1400 1398
f 1513 2070 2071
f 1513 1507 2072
f 1626 1579 1577
f 1626 1592 1582
f 1626 1588 1586
f 1599 1597 1588
f 1654 1558 1556
f 1671 1663 2073
f 1785 1734 1732
f 1785 1741 1738
f 1785 1745 1743
f 1753 1751 1745
f 1811 1712 1710
f 1827 1819 2074
f 1936 1889 1887
f 1936 1897 1893
f 1936 1901 1899
f 1908 1942 1901
f 1966 1896 1869
f 2018 2052 2061
f 2061 2036 2034
f 66 8 6
f 45 43 29
f 224 172 170
f 185 222 220
f 250 150 180
f 377 329 327
f 341 375 373
f 406 336 305
f 451 415 2075
f 537 486 484
f 537 493 490
f 537 497 495
f 505 503 497
f 563 464 462
f 2065 2076 579
f 688 642 641
f 688 649 646
f 688 653 651
f 660 694 653
f 717 623 621
f 2077 733 763
f 802 800 849
f 809 849 847
f 857 855 786
f 786 869 867
f 804 773 882
f 2078 889 920
f 959 957 1003
f 965 1003 1001
f 1013 1011 943
f 943 1025 1023
f 929 927 1031
f 2068 2079 1076
f 1159 1112 1110
f 1119 1117 1159
f 1127 1125 1121
f 1098 1171 1169
f 1187 1090 1088
f 1230 1195 2080
f 1315 1271 1266
f 1315 1273 1269
f 1315 1277 1275
f 1285 1283 1277
f 1343 1272 1243
f 2069 2081 1359
f 1473 1424 1422
f 1431 1429 1473
f 1439 1437 1433
f 1410 1483 1481
f 1499 1402 1400
f 2072 2070 1513
f 1626 1581 1579
f 1586 1592 1626
f 1597 1595 1588
f 1567 1639 1637
f 1654 1583 1558
f 2073 2082 1671
f 1785 1736 1734
f 1743 1741 1785
f 1751 1749 1745
f 1722 1795 1793
f 1811 1714 1712
f 2074 2083 1827
f 1936 1891 1889
f 1899 1897 1936
f 1942 1907 1901
f 1877 1953 1951
f 1966 1870 1896
f 2061 2030 2050
f 2061 2038 2036
f 2057 2084 2085
f 66 10 8
f 43 41 29
f 109 2086 2087
f 109 103 2088
f 224 174 172
f 224 181 178
f 224 185 183
f 195 193 185
f 250 152 150
f 295 259 2089
f 377 331 329
f 377 337 334
f 377 341 339
f 351 349 341
f 406 308 336
f 2075 2090 451
f 537 488 486
f 495 493 537
f 503 501 497
f 474 547 545
f 563 466 464
f 2076 2091 579
f 688 645 642
f 651 649 688
f 694 657 653
f 630 703 701
f 717 648 623
f 2077 738 733
f 813 811 809
f 855 853 786
f 786 863 861
f 786 871 869
f 867 865 786
f 773 769 882
f 2078 892 889
f 969 967 965
f 1011 1009 943
f 943 1019 1017
f 943 1027 1025
f 1023 1021 943
f 927 925 1031
f 2092 1045 1076
f 1114 1112 1159
f 1121 1159 1157
f 1169 1167 1098
f 1098 1181 1179
f 1085 1083 1187
f 2080 2093 1230
f 1315 1267 1271
f 1275 1273 1315
f 1283 1281 1277
f 1256 1328 1327
f 1343 1246 1272
f 2094 1361 1359
f 1426 1424 1473
f 1433 1473 1471
f 1481 1479 1410
f 1410 1493 1491
f 1428 1397 1499
f 2095 1514 1513
f 1582 1581 1626
f 1588 1626 1624
f 1637 1635 1567
f 1567 1648 1662
f 1552 1550 1654
f 2096 1673 1671
f 1738 1736 1785
f 1745 1785 1783
f 1793 1791 1722
f 1722 1805 1803
f 1740 1709 1811
f 2097 1829 1827
f 1893 1891 1936
f 1901 1936 1934
f 1951 1947 1877
f 1877 1960 1974
f 1865 1863 1966
f 2032 2030 2061
f 2085 2098 2057
f 66 12 10
f 41 39 29
f 2088 2086 109
f 224 176 174
f 183 181 224
f 193 191 185
f 162 237 233
f 250 154 152
f 2089 2099 295
f 377 333 331
f 339 337 377
f 349 347 341
f 319 393 391
f 406 335 308
f 2100 421 451
f 490 488 537
f 497 537 533
f 545 543 474
f 474 557 555
f 492 461 563
f 2101 580 579
f 646 645 688
f 653 688 686
f 701 699 630
f 630 711 725
f 617 615 717
f 2077 740 738
f 2077 745 743
f 786 850 849
f 861 859 786
f 853 851 786
f 865 863 786
f 769 768 882
f 2078 894 892
f 2078 902 900
f 943 1005 1003
f 1017 1015 943
f 1009 1007 943
f 1021 1019 943
f 925 923 1031
f 2092 1048 1045
f 1125 1123 1121
f 1167 1165 1098
f 1098 1175 1173
f 1098 1183 1181
f 1179 1177 1098
f 1083 1081 1187
f 2102 1201 1230
f 1269 1267 1315
f 1277 1315 1313
f 1327 1323 1256
f 1256 1337 1335
f 1241 1239 1343
f 2094 1363 1361
f 1437 1435 1433
f 1479 1477 1410
f 1410 1487 1485
f 1410 1495 1493
f 1491 1489 1410
f 1397 1393 1499
f 2095 1517 1514
f 1595 1590 1588
f 1635 1633 1567
f 1567 1645 1643
f 1567 1650 1648
f 1662 1647 1567
f 1550 1548 1654
f 2096 1675 1673
f 1749 1747 1745
f 1791 1789 1722
f 1722 1799 1797
f 1722 1807 1805
f 1803 1801 1722
f 1709 1705 1811
f 2097 1831 1829
f 1907 1903 1901
f 1947 1945 1877
f 1877 1957 1955
f 1877 1962 1960
f 1974 1959 1877
f 1863 1861 1966
f 2061 2040 2038
f 2098 2103 2057
f 66 14 12
f 39 37 29
f 2104 110 109
f 178 176 224
f 185 224 222
f 233 231 162
f 162 244 258
f 180 147 250
f 2105 265 295
f 334 333 377
f 341 377 375
f 391 389 319
f 319 400 414
f 305 303 406
f 2100 424 421
f 501 499 497
f 543 541 474
f 474 551 549
f 474 559 557
f 555 553 474
f 461 459 563
f 2101 581 580
f 657 655 653
f 699 697 630
f 630 706 726
f 630 713 711
f 725 708 630
f 615 613 717
f 2077 764 740
f 743 741 2077
f 741 764 2077
f 786 851 850
f 759 876 882
f 768 767 882
f 2078 896 894
f 900 898 2078
f 898 896 2078
f 943 1007 1005
f 916 1033 1031
f 923 921 1031
f 2092 1050 1048
f 2092 1058 1056
f 1098 1161 1159
f 1173 1171 1098
f 1165 1163 1098
f 1177 1175 1098
f 1081 1079 1187
f 2102 1204 1201
f 1281 1279 1277
f 1323 1321 1256
f 1256 1331 1329
f 1256 1339 1337
f 1335 1334 1256
f 1239 1237 1343
f 2094 1365 1363
f 2094 1370 1368
f 1410 1474 1473
f 1485 1483 1410
f 1477 1475 1410
f 1489 1487 1410
f 1393 1391 1499
f 2095 1518 1517
f 2095 1526 1524
f 1567 1628 1626
f 1643 1639 1567
f 1633 1631 1567
f 1647 1645 1567
f 1548 1546 1654
f 2096 1677 1675
f 2096 1682 1680
f 1722 1786 1785
f 1797 1795 1722
f 1789 1787 1722
f 1801 1799 1722
f 1705 1704 1811
f 2097 1833 1831
f 2097 1838 1836
f 1877 1938 1936
f 1955 1953 1877
f 1945 1943 1877
f 1959 1957 1877
f 1861 1859 1966
f 2061 2042 2040
f 2103 2106 2057
f 66 16 14
f 29 64 62
f 2104 114 110
f 191 187 185
f 231 229 162
f 162 241 239
f 162 246 244
f 258 243 162
f 147 145 250
f 2105 268 265
f 347 343 341
f 389 385 319
f 319 397 395
f 319 402 400
f 414 399 319
f 303 301 406
f 2100 428 424
f 2100 433 431
f 474 538 537
f 549 547 474
f 541 539 474
f 553 551 474
f 459 455 563
f 2101 583 581
f 2101 591 589
f 630 690 688
f 726 703 630
f 697 695 630
f 708 706 630
f 613 611 717
f 880 747 745
f 784 875 871
f 780 882 875
f 767 761 882
f 1037 904 902
f 941 1029 1027
f 937 1031 1029
f 921 918 1031
f 2092 1052 1050
f 1056 1054 2092
f 1054 1052 2092
f 1098 1163 1161
f 1072 1189 1187
f 1079 1077 1187
f 2102 1206 1204
f 2102 1214 1212
f 1256 1317 1315
f 1329 1328 1256
f 1321 1319 1256
f 1334 1331 1256
f 1237 1235 1343
f 2094 1367 1365
f 1368 1388 2094
f 1388 1367 2094
f 1410 1475 1474
f 1384 1501 1499
f 1391 1389 1499
f 2095 1520 1518
f 1524 1522 2095
f 1522 1520 2095
f 1567 1631 1628
f 1544 1656 1654
f 1546 1545 1654
f 2096 1679 1677
f 1680 1700 2096
f 1700 1679 2096
f 1722 1787 1786
f 1696 1813 1811
f 1704 1703 1811
f 2097 1835 1833
f 1836 1856 2097
f 1856 1835 2097
f 1877 1943 1938
f 1852 1968 1966
f 1859 1857 1966
f 2107 1981 2012
f 2061 2044 2042
f 2106 2108 2057
f 66 18 16
f 66 25 22
f 66 29 27
f 37 35 29
f 2 79 77
f 2104 116 114
f 2104 121 119
f 162 225 224
f 239 237 162
f 229 227 162
f 243 241 162
f 145 143 250
f 2105 270 268
f 2105 278 276
f 319 379 377
f 395 393 319
f 385 383 319
f 399 397 319
f 301 299 406
f 2100 430 428
f 431 452 2100
f 452 430 2100
f 474 539 538
f 447 565 563
f 455 454 563
f 2101 585 583
f 589 587 2101
f 587 585 2101
f 630 695 690
f 606 719 717
f 611 609 717
f 2109 2110 730
f 745 2077 880
f 871 786 784
f 788 786 849
f 875 782 780
f 875 784 782
f 882 761 759
f 882 780 778
f 2111 886 888
f 902 2078 1037
f 1027 943 941
f 945 943 1003
f 1029 939 937
f 1029 941 939
f 1031 918 916
f 1031 937 935
f 1193 1060 1058
f 1096 1185 1183
f 1092 1187 1185
f 1077 1074 1187
f 2102 1208 1206
f 1212 1210 2102
f 1210 1208 2102
f 1256 1319 1317
f 1226 1345 1343
f 1235 1233 1343
f 1505 1372 1370
f 1408 1497 1495
f 1404 1499 1497
f 1389 1386 1499
f 1660 1528 1526
f 1565 1652 1650
f 1559 1654 1652
f 1545 1541 1654
f 1817 1684 1682
f 1720 1809 1807
f 1716 1811 1809
f 1703 1698 1811
f 1972 1840 1838
f 1875 1964 1962
f 1895 1966 1964
f 1857 1854 1966
f 2107 1984 1981
f 2061 2046 2044
f 2046 2061 2053
f 2061 2057 2055
f 2108 2112 2057
f 66 20 18
f 27 25 66
f 35 33 29
f 77 75 2
f 2104 140 116
f 119 117 2104
f 117 140 2104
f 162 227 225
f 135 252 250
f 143 142 250
f 2105 272 270
f 276 274 2105
f 274 272 2105
f 319 383 379
f 296 408 406
f 299 297 406
f 569 435 433
f 472 561 559
f 468 563 561
f 454 449 563
f 723 593 591
f 628 715 713
f 624 717 715
f 609 607 717
f 2110 727 730
f 2109 732 723
f 880 749 747
f 2111 2113 883
f 888 2114 2111
f 1037 906 904
f 2115 2116 1044
f 1058 2092 1193
f 1183 1098 1096
f 1100 1098 1159
f 1185 1094 1092
f 1185 1096 1094
f 1187 1074 1072
f 1187 1092 1090
f 1349 1216 1214
f 1254 1341 1339
f 1248 1343 1341
f 1233 1228 1343
f 1370 2094 1505
f 1495 1410 1408
f 1412 1410 1473
f 1497 1406 1404
f 1497 1408 1406
f 1499 1386 1384
f 1499 1404 1402
f 2117 1507 1510
f 2118 2119 1512
f 1526 2095 1660
f 1650 1567 1565
f 1569 1567 1626
f 1652 1563 1559
f 1652 1565 1563
f 1654 1541 1544
f 1654 1559 1583
f 2120 2121 1666
f 1682 2096 1817
f 1807 1722 1720
f 1724 1722 1785
f 1809 1718 1716
f 1809 1720 1718
f 1811 1698 1696
f 1811 1716 1714
f 2122 1822 1824
f 1838 2097 1972
f 1962 1877 1875
f 1879 1877 1936
f 1964 1873 1895
f 1964 1875 1873
f 1966 1854 1852
f 1966 1895 1870
f 2107 1986 1984
f 2052 2015 2061
f 2055 2053 2061
f 2057 2061 2084
f 22 20 66
f 29 66 64
f 75 73 2
f 2 83 81
f 256 123 121
f 160 248 246
f 156 250 248
f 142 137 250
f 412 282 278
f 317 404 402
f 311 406 404
f 297 293 406
f 433 2100 569
f 559 474 472
f 476 474 537
f 561 470 468
f 561 472 470
f 563 449 447
f 563 468 466
f 2123 2124 576
f 591 2101 723
f 713 630 628
f 632 630 688
f 715 626 624
f 715 628 626
f 717 607 606
f 717 624 648
f 723 2125 2109
f 880 751 749
f 759 757 876
f 757 880 878
f 888 880 2114
f 1037 908 906
f 916 914 1033
f 914 1037 1035
f 2126 1039 1042
f 2116 1042 1044
f 1193 1062 1060
f 1214 2102 1349
f 1339 1256 1254
f 1258 1256 1315
f 1341 1250 1248
f 1341 1254 1250
f 1343 1228 1226
f 1343 1248 1246
f 2127 1354 1356
f 1505 1374 1372
f 1510 2119 2117
f 1505 2128 2118
f 1660 1532 1528
f 2121 1663 1666
f 2120 1668 1660
f 1817 1686 1684
f 1824 2129 2122
f 1972 1842 1840
f 2107 1988 1986
f 2107 1992 1990
f 2053 2048 2046
f 2112 2130 2057
f 33 31 29
f 81 79 2
f 73 71 2
f 1 85 83
f 1 89 87
f 121 2104 256
f 246 162 160
f 164 162 224
f 248 158 156
f 248 160 158
f 250 137 135
f 250 156 154
f 2131 2132 262
f 278 2105 412
f 402 319 317
f 321 319 377
f 404 315 311
f 404 317 315
f 406 293 296
f 406 311 335
f 2133 418 420
f 569 437 435
f 2134 571 574
f 2124 574 576
f 723 595 593
f 727 2110 2135
f 723 2136 2125
f 880 753 751
f 878 876 757
f 880 2137 2114
f 880 2077 2138
f 1037 910 908
f 1035 1033 914
f 1042 2116 2126
f 1037 2139 2115
f 1193 1064 1062
f 1072 1070 1189
f 1070 1193 1191
f 2140 2141 1198
f 2140 1200 1193
f 1349 1218 1216
f 2127 2142 1351
f 1356 2143 2127
f 1349 2102 2144
f 1505 1376 1374
f 1384 1382 1501
f 1382 1505 1503
f 1510 1512 2119
f 1505 2145 2128
f 1660 1534 1532
f 1544 1540 1656
f 1540 1660 1658
f 1660 2146 2120
f 1817 1688 1686
f 1696 1694 1813
f 1694 1817 1815
f 2122 2147 1819
f 1817 2148 2129
f 1972 1844 1842
f 1852 1850 1968
f 1850 1972 1970
f 1990 1988 2107
f 2107 1996 1994
f 2002 2149 2150
f 2149 2002 2000
f 2130 2059 2057
f 2 68 66
f 83 2 1
f 1 91 89
f 2151 103 106
f 2152 2153 108
f 256 125 123
f 2132 259 262
f 412 284 282
f 2133 2154 415
f 420 2155 2133
f 569 439 437
f 447 445 565
f 445 569 567
f 576 569 2123
f 569 2156 2157
f 723 597 595
f 606 605 719
f 605 723 721
f 2135 2158 727
f 723 2101 2136
f 880 755 753
f 883 2113 2159
f 2138 2137 880
f 1037 912 910
f 1044 1037 2115
f 1193 1066 1064
f 1191 1189 1070
f 1195 2141 2160
f 2141 1195 1198
f 1193 2161 2162
f 1349 1232 1218
f 1226 1231 1345
f 1231 1349 1347
f 1356 1349 2143
f 2144 2163 1349
f 1505 1378 1376
f 1503 1501 1382
f 1512 1505 2118
f 1660 1536 1534
f 1658 1656 1540
f 1666 1668 2120
f 1660 2095 2164
f 1817 1690 1688
f 1815 1813 1694
f 1824 1817 2129
f 1817 2096 2165
f 1972 1846 1844
f 1970 1968 1850
f 2166 1975 1978
f 1994 1992 2107
f 2012 1975 2107
f 2107 2000 1998
f 2000 2107 2149
f 2015 2013 2061
f 2 71 68
f 87 85 1
f 106 2153 2151
f 2153 106 108
f 256 127 125
f 135 133 252
f 133 256 254
f 262 264 2131
f 2131 264 256
f 256 2104 2167
f 412 286 284
f 296 292 408
f 292 412 410
f 415 2154 2168
f 420 412 2155
f 412 2105 2169
f 569 441 439
f 567 565 445
f 571 2134 2170
f 2157 2123 569
f 723 599 597
f 721 719 605
f 730 732 2109
f 757 755 880
f 883 886 2111
f 914 912 1037
f 2126 2171 1039
f 1037 2078 2172
f 1193 1068 1066
f 1198 1200 2140
f 1193 2092 2161
f 1349 1221 1232
f 1347 1345 1231
f 1351 2142 2173
f 2163 2143 1349
f 1505 1380 1378
f 2117 2174 1507
f 1660 1538 1536
f 1663 2175 2176
f 2164 2146 1660
f 1817 1692 1690
f 1819 2147 2177
f 2165 2148 1817
f 1972 1848 1846
f 1975 2166 2178
f 1978 2179 2166
f 2180 2179 1980
f 1998 1996 2107
f 2150 2181 2002
f 2013 2010 2061
f 108 101 2152
f 101 2182 2183
f 256 129 127
f 254 252 133
f 2132 2184 259
f 2167 2185 256
f 412 288 286
f 410 408 292
f 415 418 2133
f 2169 2186 412
f 569 443 441
f 574 2124 2134
f 723 603 599
f 2066 2077 763
f 2067 2078 920
f 2172 2139 1037
f 1070 1068 1193
f 1193 2162 2140
f 1349 1223 1221
f 1351 1354 2127
f 1382 1380 1505
f 1505 2094 2145
f 1540 1538 1660
f 2121 2175 1663
f 1694 1692 1817
f 1819 1822 2122
f 1850 1848 1972
f 1978 1980 2179
f 1972 2187 2180
f 2181 2188 2002
f 2061 2004 2002
f 2010 2008 2061
f 1 93 91
f 99 2189 2190
f 99 1 2191
f 2151 2192 103
f 101 2190 2182
f 256 131 129
f 256 2185 2131
f 412 290 288
f 2186 2155 412
f 445 443 569
f 569 2100 2156
f 605 603 723
f 2159 2063 883
f 2079 2092 1076
f 2160 2193 1195
f 1231 1223 1349
f 2081 2094 1359
f 2071 2095 1513
f 2082 2096 1671
f 2083 2097 1827
f 1980 1972 2180
f 1972 2097 2194
f 2002 2188 2061
f 2008 2006 2061
f 1 95 93
f 2191 2189 99
f 2183 2152 101
f 133 131 256
f 2184 2195 259
f 292 290 412
f 2090 2100 451
f 2091 2101 579
f 2171 2064 1039
f 2093 2102 1230
f 2174 2072 1507
f 2177 2074 1819
f 2194 2187 1972
f 2006 2004 2061
f 1 97 95
f 2190 101 99
f 2087 2104 109
f 2099 2105 295
f 2170 2065 571
f 2193 2080 1195
f 2176 2073 1663
f 99 97 1
f 2195 2089 259
f 2158 2062 727
f 2178 2107 1975
f 2192 2088 103
f 2173 2069 1351
f 2168 2075 415
f 24 2 66
f 1278 1306 1308
f 1122 1150 1152
f 1278 1304 1306
f 1122 1148 1150
f 966 994 996
f 810 838 840
f 654 678 681
f 342 368 369
f 186 213 215
f 1746 1774 1776
f 1589 1615 1619
f 1278 1302 1304
f 1316 1240 1242
f 1122 1146 1148
f 1160 1084 1086
f 966 992 994
f 810 836 838
f 654 677 678
f 498 526 528
f 342 365 368
f 186 211 213
f 1746 1772 1774
f 1589 1614 1615
f 1434 1462 1464
f 1308 1310 1278
f 1242 1244 1316
f 1152 1154 1122
f 1086 1087 1160
f 966 989 992
f 1004 928 930
f 810 834 836
f 846 771 772
f 654 676 677
f 689 616 618
f 498 524 526
f 342 364 365
f 378 304 306
f 186 209 211
f 221 148 149
f 1902 1928 1929
f 1746 1770 1772
f 1782 1707 1708
f 1589 1613 1614
f 1627 1551 1553
f 1434 1460 1462
f 1278 1300 1302
f 1244 1245 1316
f 1122 1144 1146
f 1087 1089 1160
f 996 998 966
f 930 932 1004
f 840 842 810
f 772 775 846
f 681 683 654
f 618 619 689
f 498 522 524
f 535 458 460
f 369 372 342
f 306 307 378
f 215 217 186
f 149 151 221
f 1902 1924 1928
f 1776 1777 1746
f 1708 1711 1782
f 1619 1621 1589
f 1553 1554 1627
f 1434 1458 1460
f 1470 1395 1396
f 1278 1298 1300
f 1316 1238 1240
f 1122 1142 1144
f 1160 1082 1084
f 966 988 989
f 932 934 1004
f 810 832 834
f 775 777 846
f 654 672 676
f 619 620 689
f 528 529 498
f 460 463 535
f 342 362 364
f 307 309 378
f 186 207 209
f 151 153 221
f 1902 1923 1924
f 1937 1864 1866
f 1746 1768 1770
f 1711 1713 1782
f 1589 1611 1613
f 1554 1555 1627
f 1464 1466 1434
f 1396 1399 1470
f 1278 1296 1298
f 1245 1247 1316
f 1122 1140 1142
f 1089 1091 1160
f 966 986 988
f 1004 926 928
f 810 830 832
f 846 770 771
f 654 671 672
f 689 614 616
f 498 520 522
f 463 465 535
f 342 360 362
f 378 302 304
f 186 205 207
f 221 146 148
f 1929 1931 1902
f 1866 1867 1937
f 1746 1766 1768
f 1782 1706 1707
f 1589 1609 1611
f 1627 1549 1551
f 1434 1456 1458
f 1399 1401 1470
f 1278 1294 1296
f 1316 1252 1253
f 1247 1249 1316
f 1122 1138 1140
f 1160 1097 1099
f 1091 1093 1160
f 966 984 986
f 934 936 1004
f 810 828 830
f 777 779 846
f 654 670 671
f 620 622 689
f 498 518 520
f 535 457 458
f 342 358 360
f 309 310 378
f 186 203 205
f 153 155 221
f 1902 1922 1923
f 1867 1868 1937
f 1746 1764 1766
f 1713 1715 1782
f 1589 1607 1609
f 1555 1557 1627
f 1434 1454 1456
f 1470 1394 1395
f 1278 1291 1294
f 1253 1255 1316
f 1316 1236 1238
f 1122 1136 1138
f 1099 1101 1160
f 1160 1080 1082
f 966 982 984
f 1004 942 944
f 936 938 1004
f 810 826 828
f 846 785 787
f 779 781 846
f 654 668 670
f 689 629 631
f 622 625 689
f 498 516 518
f 465 467 535
f 342 357 358
f 378 314 316
f 310 312 378
f 186 201 203
f 221 161 163
f 155 157 221
f 1902 1920 1922
f 1937 1862 1864
f 1746 1762 1764
f 1782 1721 1723
f 1715 1717 1782
f 1589 1605 1607
f 1627 1562 1564
f 1557 1560 1627
f 1434 1452 1454
f 1401 1403 1470
f 1278 1290 1291
f 1255 1257 1316
f 1249 1251 1316
f 1122 1134 1136
f 1101 1103 1160
f 1093 1095 1160
f 966 980 982
f 944 946 1004
f 1004 924 926
f 810 824 826
f 787 789 846
f 846 766 770
f 654 666 668
f 631 633 689
f 689 612 614
f 498 514 516
f 535 473 475
f 467 469 535
f 342 355 357
f 316 318 378
f 378 300 302
f 186 198 201
f 163 165 221
f 221 144 146
f 1902 1918 1920
f 1868 1871 1937
f 1746 1760 1762
f 1723 1725 1782
f 1782 1702 1706
f 1589 1603 1605
f 1564 1566 1627
f 1627 1547 1549
f 1434 1450 1452
f 1470 1409 1411
f 1403 1405 1470
f 1278 1288 1290
f 1251 1252 1316
f 1122 1132 1134
f 1095 1097 1160
f 966 978 980
f 946 948 1004
f 938 940 1004
f 810 822 824
f 789 791 846
f 781 783 846
f 654 664 666
f 633 634 689
f 625 627 689
f 498 512 514
f 475 477 535
f 535 456 457
f 342 352 355
f 318 320 378
f 312 313 378
f 186 197 198
f 165 167 221
f 157 159 221
f 1902 1916 1918
f 1937 1876 1878
f 1871 1872 1937
f 1746 1758 1760
f 1725 1727 1782
f 1717 1719 1782
f 1589 1601 1603
f 1566 1568 1627
f 1560 1561 1627
f 1434 1448 1450
f 1411 1413 1470
f 1470 1392 1394
f 1278 1286 1288
f 1257 1259 1316
f 1122 1130 1132
f 1103 1105 1160
f 966 976 978
f 940 942 1004
f 810 820 822
f 783 785 846
f 654 662 664
f 627 629 689
f 498 510 512
f 477 479 535
f 469 471 535
f 342 350 352
f 313 314 378
f 186 194 197
f 159 161 221
f 30 58 59
f 1902 1914 1916
f 1878 1880 1937
f 1937 1860 1862
f 1746 1756 1758
f 1719 1721 1782
f 1589 1598 1601
f 1561 1562 1627
f 1434 1446 1448
f 1413 1415 1470
f 1405 1407 1470
f 1278 1284 1286
f 1259 1263 1316
f 1122 1128 1130
f 1105 1107 1160
f 966 974 976
f 948 950 1004
f 810 818 820
f 791 793 846
f 654 661 662
f 634 637 689
f 498 508 510
f 471 473 535
f 342 348 350
f 320 322 378
f 186 192 194
f 167 169 221
f 30 54 58
f 1902 1912 1914
f 1880 1882 1937
f 1872 1874 1937
f 1746 1754 1756
f 1727 1729 1782
f 1589 1596 1598
f 1568 1570 1627
f 1434 1444 1446
f 1407 1409 1470
f 1310 1312 1278
f 1263 1264 1316
f 1154 1156 1122
f 1107 1109 1160
f 966 972 974
f 950 952 1004
f 810 816 818
f 793 795 846
f 654 659 661
f 637 639 689
f 498 506 508
f 479 481 535
f 342 346 348
f 322 324 378
f 186 190 192
f 169 171 221
f 30 52 54
f 2196 2019 2021
f 1902 1911 1912
f 1874 1876 1937
f 1746 1752 1754
f 1729 1731 1782
f 1589 1594 1596
f 1570 1572 1627
f 1434 1442 1444
f 1415 1417 1470
f 1278 1282 1284
f 1316 1274 1276
f 1316 1268 1270
f 1264 1265 1316
f 1122 1126 1128
f 1160 1118 1120
f 1160 1113 1115
f 1109 1111 1160
f 998 1000 966
f 952 954 1004
f 842 843 810
f 795 797 846
f 683 685 654
f 639 640 689
f 498 504 506
f 481 483 535
f 372 374 342
f 324 326 378
f 217 218 186
f 171 173 221
f 59 61 30
f 2021 2022 2196
f 1902 1909 1911
f 1882 1884 1937
f 1777 1780 1746
f 1731 1733 1782
f 1621 1623 1589
f 1572 1574 1627
f 1434 1440 1442
f 1417 1419 1470
f 1278 1280 1282
f 1270 1274 1316
f 1316 1234 1236
f 1122 1124 1126
f 1115 1118 1160
f 1160 1078 1080
f 966 970 972
f 1004 962 964
f 1004 958 960
f 954 956 1004
f 810 814 816
f 846 806 808
f 846 801 803
f 797 799 846
f 654 658 659
f 689 650 652
f 689 644 647
f 640 643 689
f 529 530 498
f 483 485 535
f 342 345 346
f 378 338 340
f 378 330 332
f 326 328 378
f 186 189 190
f 221 182 184
f 221 177 179
f 173 175 221
f 30 51 52
f 2022 2023 2196
f 1902 1906 1909
f 1884 1886 1937
f 1746 1750 1752
f 1782 1742 1744
f 1782 1737 1739
f 1733 1735 1782
f 1589 1593 1594
f 1627 1585 1587
f 1627 1578 1580
f 1574 1576 1627
f 1466 1468 1434
f 1419 1421 1470
f 1225 1324 1325
f 1312 1314 1278
f 1265 1268 1316
f 1071 1168 1170
f 1156 1158 1122
f 1111 1113 1160
f 966 968 970
f 960 962 1004
f 1004 922 924
f 810 812 814
f 803 806 846
f 846 765 766
f 654 656 658
f 647 650 689
f 689 610 612
f 498 502 504
f 535 494 496
f 535 489 491
f 485 487 535
f 342 344 345
f 332 338 378
f 378 298 300
f 186 188 189
f 179 182 221
f 221 141 144
f 30 50 51
f 2196 2017 2019
f 1931 1933 1902
f 1886 1888 1937
f 1746 1748 1750
f 1739 1742 1782
f 1782 1701 1702
f 1589 1591 1593
f 1580 1585 1627
f 1627 1584 1547
f 1434 1438 1440
f 1470 1430 1432
f 1470 1425 1427
f 1421 1423 1470
f 1225 1322 1324
f 1276 1278 1316
f 1203 2197 2198
f 1071 1166 1168
f 1120 1122 1160
f 1047 2199 2200
f 915 1012 1014
f 1000 1002 966
f 956 958 1004
f 891 2201 2202
f 758 856 858
f 843 844 810
f 799 801 846
f 602 700 702
f 685 687 654
f 643 644 689
f 498 500 502
f 491 494 535
f 535 453 456
f 289 387 388
f 374 376 342
f 328 330 378
f 134 232 234
f 218 219 186
f 175 177 221
f 30 48 50
f 2023 2026 2196
f 1902 1905 1906
f 1937 1898 1900
f 1937 1892 1894
f 1888 1890 1937
f 1695 1792 1794
f 1780 1781 1746
f 1735 1737 1782
f 1537 1636 1638
f 1623 1625 1589
f 1576 1578 1627
f 1434 1436 1438
f 1427 1430 1470
f 1470 1390 1392
f 1325 1326 1225
f 1316 1229 1234
f 1203 2203 2197
f 1170 1172 1071
f 1160 1075 1078
f 1047 2204 2199
f 915 1010 1012
f 964 966 1004
f 891 2205 2201
f 758 854 856
f 808 810 846
f 735 2206 2207
f 602 698 700
f 652 654 689
f 446 544 546
f 530 534 498
f 487 489 535
f 289 386 387
f 340 342 378
f 134 230 232
f 184 186 221
f 30 46 48
f 2196 2031 2033
f 2026 2028 2196
f 1902 1904 1905
f 1894 1898 1937
f 1937 1858 1860
f 1695 1790 1792
f 1744 1746 1782
f 1670 2208 2209
f 1537 1634 1636
f 1587 1589 1627
f 1543 2210 2211
f 1383 1480 1482
f 1468 1469 1434
f 1423 1425 1470
f 1358 2212 2213
f 1225 1320 1322
f 1314 1316 1278
f 2198 1196 1203
f 1071 1164 1166
f 1158 1160 1122
f 2200 1040 1047
f 1014 1016 915
f 1004 919 922
f 891 2214 2205
f 858 860 758
f 846 762 765
f 735 2215 2206
f 702 704 602
f 689 608 610
f 578 2216 2217
f 446 542 544
f 496 498 535
f 388 390 289
f 378 294 298
f 234 235 134
f 221 138 141
f 30 44 46
f 67 3 5
f 2033 2035 2196
f 2196 2016 2017
f 1851 1948 1949
f 1933 1935 1902
f 1890 1892 1937
f 1826 2218 2219
f 1794 1796 1695
f 1782 1699 1701
f 1670 2220 2208
f 1638 1640 1537
f 1627 1542 1584
f 1543 2221 2210
f 1383 1478 1480
f 1432 1434 1470
f 1358 2222 2212
f 1225 1333 1336
f 1326 1330 1225
f 1318 1227 1229
f 1203 1202 2203
f 1071 1178 1180
f 1172 1174 1071
f 1162 1073 1075
f 1047 1046 2204
f 915 1008 1010
f 1002 1004 966
f 2202 884 891
f 758 852 854
f 844 846 810
f 2207 728 735
f 602 696 698
f 687 689 654
f 2217 572 578
f 546 548 446
f 535 450 453
f 289 384 386
f 376 378 342
f 2217 260 267
f 134 228 230
f 219 221 186
f 2217 104 139
f 30 42 44
f 5 7 67
f 2058 2223 2224
f 2035 2037 2196
f 2028 2029 2196
f 1851 1946 1948
f 1900 1902 1937
f 1826 2225 2218
f 1695 1788 1790
f 1781 1782 1746
f 2209 1664 1670
f 1537 1632 1634
f 1625 1627 1589
f 2211 1508 1543
f 1482 1484 1383
f 1470 1387 1390
f 1358 2226 2222
f 1336 1338 1225
f 1330 1332 1225
f 1316 1318 1229
f 2203 1209 1211
f 1202 1205 2203
f 1180 1182 1071
f 1174 1176 1071
f 1160 1162 1075
f 2204 1053 1055
f 1046 1049 2204
f 915 1022 1024
f 1016 1018 915
f 1006 917 919
f 891 890 2214
f 758 866 868
f 860 862 758
f 848 760 762
f 735 734 2215
f 602 709 710
f 704 705 602
f 691 604 608
f 578 577 2216
f 446 540 542
f 534 535 498
f 2217 416 423
f 289 396 398
f 390 392 289
f 380 291 294
f 267 266 2217
f 134 240 242
f 235 236 134
f 223 136 138
f 139 111 2217
f 111 112 2217
f 30 40 42
f 7 9 67
f 2058 2227 2223
f 2029 2031 2196
f 1983 2228 2229
f 1983 2230 2231
f 1949 1950 1851
f 1937 1855 1858
f 1826 2232 2225
f 1695 1802 1804
f 1796 1798 1695
f 1784 1697 1699
f 1670 1669 2220
f 1537 1644 1646
f 1640 1641 1537
f 1629 1539 1542
f 1543 1515 2221
f 1383 1476 1478
f 1469 1470 1434
f 2213 1352 1358
f 1332 1333 1225
f 1320 1225 1227
f 1211 1213 2203
f 1205 1207 2203
f 1176 1178 1071
f 1164 1071 1073
f 1055 1057 2204
f 1049 1051 2204
f 1024 1026 915
f 1018 1020 915
f 1004 1006 919
f 2214 897 899
f 890 893 2214
f 868 870 758
f 862 864 758
f 846 848 762
f 2215 739 742
f 734 736 2215
f 710 712 602
f 705 707 602
f 689 691 608
f 2216 586 588
f 577 582 2216
f 446 554 556
f 548 550 446
f 536 448 450
f 423 422 2217
f 398 401 289
f 392 394 289
f 378 380 294
f 2217 273 275
f 266 269 2217
f 242 245 134
f 236 238 134
f 221 223 138
f 2217 115 118
f 30 38 40
f 9 11 67
f 2058 2233 2227
f 2037 2039 2196
f 2231 2228 1983
f 1851 1944 1946
f 1935 1937 1902
f 2219 1820 1826
f 1804 1806 1695
f 1798 1800 1695
f 1782 1784 1699
f 2220 1676 1678
f 1669 1672 2220
f 1646 1649 1537
f 1641 1642 1537
f 1627 1629 1542
f 2221 1521 1523
f 1515 1516 2221
f 1383 1490 1492
f 1484 1486 1383
f 1472 1385 1387
f 1358 1357 2226
f 1318 1320 1227
f 1350 2203 1215
f 1207 1209 2203
f 1162 1164 1073
f 1194 2204 1059
f 1051 1053 2204
f 1020 1022 915
f 1008 915 917
f 899 901 2214
f 893 895 2214
f 864 866 758
f 852 758 760
f 742 744 2215
f 736 737 2215
f 707 709 602
f 696 602 604
f 588 590 2216
f 582 584 2216
f 556 558 446
f 550 552 446
f 535 536 450
f 2217 427 429
f 422 425 2217
f 394 396 289
f 384 289 291
f 275 277 2217
f 269 271 2217
f 238 240 134
f 228 134 136
f 118 120 2217
f 120 122 2217
f 112 113 2217
f 4 3 76
f 30 36 38
f 11 13 67
f 2058 2234 2233
f 2039 2041 2196
f 2229 1976 1983
f 1851 1956 1958
f 1950 1952 1851
f 1939 1853 1855
f 1826 1825 2232
f 1800 1802 1695
f 1788 1695 1697
f 1678 1681 2220
f 1672 1674 2220
f 1642 1644 1537
f 1632 1537 1539
f 1523 1525 2221
f 1516 1519 2221
f 1492 1494 1383
f 1486 1488 1383
f 1470 1472 1387
f 2226 1364 1366
f 1357 1360 2226
f 1338 1340 1225
f 1213 1215 2203
f 1182 1184 1071
f 1057 1059 2204
f 1006 1008 917
f 1038 2214 903
f 895 897 2214
f 848 852 760
f 881 2215 746
f 737 739 2215
f 691 696 604
f 724 2216 592
f 584 586 2216
f 552 554 446
f 540 446 448
f 429 432 2217
f 425 426 2217
f 380 384 291
f 271 273 2217
f 223 228 136
f 113 115 2217
f 76 78 4
f 61 63 30
f 13 15 67
f 2058 2235 2234
f 2041 2043 2196
f 1983 1982 2230
f 1958 1961 1851
f 1952 1954 1851
f 1937 1939 1855
f 2232 1832 1834
f 1825 1828 2232
f 1784 1788 1697
f 1818 2220 1683
f 1674 1676 2220
f 1629 1632 1539
f 1661 2221 1527
f 1519 1521 2221
f 1488 1490 1383
f 1476 1383 1385
f 1366 1369 2226
f 1360 1362 2226
f 2236 2237 1355
f 1340 1342 1225
f 1215 1217 1350
f 2238 2239 1194
f 2238 1199 1197
f 1184 1186 1071
f 1059 1061 1194
f 2240 1038 1043
f 1026 1028 915
f 901 903 2214
f 2241 2242 887
f 870 872 758
f 744 746 2215
f 2243 731 729
f 712 714 602
f 590 592 2216
f 536 540 448
f 426 427 2217
f 401 403 289
f 277 279 2217
f 245 247 134
f 3 74 76
f 30 34 36
f 67 26 28
f 67 21 23
f 15 17 67
f 2058 2244 2235
f 2196 2054 2056
f 2047 2049 2054
f 2043 2045 2196
f 2230 1989 1991
f 1982 1985 2230
f 1954 1956 1851
f 1944 1851 1853
f 1834 1837 2232
f 1828 1830 2232
f 2245 2246 1823
f 1806 1808 1695
f 1681 1683 2220
f 2247 1667 1665
f 1649 1651 1537
f 1525 1527 2221
f 1472 1476 1385
f 1506 2226 1371
f 1362 1364 2226
f 1350 2248 2249
f 2237 1350 1355
f 2236 1353 1352
f 1225 1346 1348
f 1342 1344 1225
f 1217 1219 1350
f 1194 1199 2238
f 1197 2250 2238
f 1196 2251 2252
f 1071 1190 1192
f 1186 1188 1071
f 1061 1063 1194
f 1043 2253 2240
f 2254 2253 1041
f 1028 1030 915
f 903 905 1038
f 2242 881 887
f 2241 885 884
f 872 873 758
f 746 748 881
f 2243 2255 724
f 729 2256 2243
f 714 716 602
f 592 594 724
f 558 560 446
f 432 434 2217
f 403 405 289
f 279 280 2217
f 247 249 134
f 122 124 2217
f 78 80 4
f 30 32 34
f 23 26 67
f 17 19 67
f 2224 2257 2058
f 2054 2196 2047
f 2196 2014 2016
f 1991 1993 2230
f 1985 1987 2230
f 1939 1944 1853
f 1973 2232 1839
f 1830 1832 2232
f 2246 1818 1823
f 1808 1810 1695
f 1683 1685 1818
f 2247 2258 1661
f 1665 2259 2247
f 1651 1653 1537
f 1527 1529 1661
f 2260 1506 1511
f 1494 1496 1383
f 1369 1371 2226
f 1350 2237 2248
f 1352 2261 2236
f 1344 1346 1225
f 1219 1220 1350
f 2239 2262 1194
f 2252 2250 1196
f 1188 1190 1071
f 1063 1065 1194
f 1043 1041 2253
f 1040 2263 2254
f 915 1034 1036
f 1030 1032 915
f 905 907 1038
f 884 2264 2241
f 758 877 879
f 873 874 758
f 748 750 881
f 729 728 2256
f 602 720 722
f 716 718 602
f 594 596 724
f 560 562 446
f 570 2217 438
f 434 436 2217
f 289 409 411
f 405 407 289
f 283 285 413
f 280 281 2217
f 134 253 255
f 249 251 134
f 128 130 257
f 124 126 2217
f 104 2265 2266
f 3 72 74
f 63 65 30
f 19 21 67
f 2058 2060 2244
f 2045 2047 2196
f 1987 1989 2230
f 1961 1963 1851
f 1837 1839 2232
f 1823 1821 2245
f 2245 1821 1820
f 1695 1814 1816
f 1810 1812 1695
f 1685 1687 1818
f 1665 1664 2259
f 1537 1657 1659
f 1653 1655 1537
f 1529 1530 1661
f 1511 2267 2260
f 2268 2267 1509
f 1496 1498 1383
f 1371 1373 1506
f 1355 1353 2236
f 1352 2213 2269
f 1350 1224 1225
f 1220 1222 1350
f 1197 1196 2250
f 1194 1069 1071
f 1065 1067 1194
f 1041 1040 2254
f 1040 2200 2270
f 1032 1034 915
f 907 909 1038
f 881 2271 2272
f 887 885 2241
f 874 877 758
f 750 752 881
f 724 731 2243
f 728 2273 2274
f 718 720 602
f 596 598 724
f 446 566 568
f 562 564 446
f 436 438 2217
f 407 409 289
f 281 283 2217
f 251 253 134
f 126 128 2217
f 104 2275 2276
f 104 2277 2265
f 104 2278 2279
f 4 86 88
f 80 82 4
f 28 30 67
f 2056 2058 2196
f 1993 1995 2230
f 2280 1973 1979
f 2281 2282 1977
f 1963 1965 1851
f 1839 1841 1973
f 1818 2283 2284
f 1820 2285 2245
f 1812 1814 1695
f 1687 1689 1818
f 1661 2258 2286
f 1664 2287 2259
f 1655 1657 1537
f 1530 1531 1661
f 2260 2288 1506
f 2267 1511 1509
f 1383 1502 1504
f 1498 1500 1383
f 1373 1375 1506
f 2269 2261 1352
f 1222 1224 1350
f 1196 2198 2251
f 1067 1069 1194
f 2270 2263 1040
f 1038 913 915
f 909 911 1038
f 2242 2271 881
f 884 2202 2289
f 881 756 758
f 752 754 881
f 2255 2290 724
f 728 2207 2273
f 724 601 602
f 598 600 724
f 564 566 446
f 438 440 570
f 2217 419 417
f 413 287 289
f 413 2217 283
f 2217 263 261
f 257 132 134
f 257 2217 128
f 2291 102 107
f 2292 2293 105
f 104 2294 2295
f 2266 2275 104
f 104 2296 2297
f 104 2298 2299
f 104 2300 2278
f 88 90 4
f 82 84 4
f 65 67 30
f 2196 2011 2014
f 1995 1997 2230
f 1979 2282 2280
f 2282 1979 1977
f 1976 2301 2302
f 1851 1969 1971
f 1965 1967 1851
f 1841 1843 1973
f 2246 2283 1818
f 1820 2219 2303
f 1818 1693 1695
f 1689 1691 1818
f 1661 1667 2247
f 1664 2209 2304
f 1661 1535 1537
f 1531 1533 1661
f 1509 1508 2268
f 1500 1502 1383
f 1375 1377 1506
f 1348 1350 1225
f 1192 1194 1071
f 2240 2305 1038
f 911 913 1038
f 2289 2264 884
f 754 756 881
f 2274 2256 728
f 600 601 724
f 2217 575 573
f 570 444 446
f 440 442 570
f 2217 413 419
f 285 287 413
f 2217 257 263
f 130 132 257
f 107 2293 2291
f 104 2306 2292
f 2276 2294 104
f 104 2307 2296
f 104 2308 2309
f 104 2310 2311
f 2279 2298 104
f 84 86 4
f 67 69 3
f 2196 2009 2011
f 1997 1999 2230
f 2280 2312 1973
f 2302 2281 1976
f 1967 1969 1851
f 1843 1845 1973
f 2303 2285 1820
f 1691 1693 1818
f 2304 2287 1664
f 1533 1535 1661
f 1508 2313 2268
f 1508 2211 2314
f 1506 1381 1383
f 1377 1379 1506
f 2262 2204 1194
f 1036 1038 915
f 879 881 758
f 722 724 602
f 2217 570 575
f 442 444 570
f 411 413 289
f 255 257 134
f 105 104 2292
f 2297 2277 104
f 104 2315 2316
f 104 2317 2308
f 2299 2310 104
f 104 2318 2319
f 104 2320 2321
f 100 102 2322
f 69 72 3
f 2196 2007 2009
f 2196 2230 2003
f 1999 2001 2230
f 1977 1976 2281
f 1973 1849 1851
f 1845 1847 1973
f 1816 1818 1695
f 1659 1661 1537
f 2314 2313 1508
f 1379 1381 1506
f 2305 2214 1038
f 2290 2216 724
f 568 570 446
f 261 260 2217
f 2295 2306 104
f 2316 2323 104
f 2311 2317 104
f 2321 2318 104
f 104 2324 2325
f 104 2217 2326
f 100 2327 2328
f 2322 2329 100
f 90 92 4
f 2196 2005 2007
f 2001 2003 2230
f 1976 2229 2301
f 1847 1849 1973
f 2286 2221 1661
f 1504 1506 1383
f 2272 2215 881
f 417 416 2217
f 102 2291 2330
f 2323 2307 104
f 2319 2300 104
f 2326 2324 104
f 2325 2320 104
f 2329 2327 100
f 92 94 4
f 2003 2005 2196
f 1971 1973 1851
f 2288 2226 1506
f 573 572 2217
f 107 105 2293
f 2309 2315 104
f 4 98 100
f 94 96 4
f 2312 2232 1973
f 2249 2203 1350
f 96 98 4
f 2284 2220 1818
f 2328 4 100
f 2330 2322 102
f 2257 2196 2058
f 2130 2244 2060
f 2112 2235 2244
f 2108 2234 2235
f 2108 2106 2233
f 2103 2227 2233
f 2103 2098 2223
f 2085 2224 2223
f 2085 2084 2257
f 2257 2084 2061
f 2061 2196 2257
f 2257 2224 2085
f 2223 2098 2085
f 2223 2227 2103
f 2233 2106 2103
f 2233 2234 2108
f 2235 2112 2108
f 2244 2130 2112
f 2060 2059 2130
f 2188 2230 2196
f 2196 2061 2188
f 2231 2230 2188
f 2228 2231 2181
f 2229 2228 2150
f 2301 2229 2149
f 2302 2301 2107
f 2281 2302 2178
f 2282 2281 2166
f 2280 2282 2179
f 2312 2280 2180
f 2232 2312 2187
f 2225 2232 2194
f 2218 2225 2097
f 2219 2218 2083
f 2303 2219 2074
f 2285 2303 2177
f 2245 2285 2147
f 2246 2245 2122
f 2283 2246 2129
f 2284 2283 2148
f 2220 2284 2165
f 2208 2220 2096
f 2209 2208 2082
f 2304 2209 2073
f 2287 2304 2176
f 2259 2287 2175
f 2247 2259 2121
f 2258 2247 2120
f 2286 2258 2146
f 2221 2286 2164
f 2210 2221 2095
f 2211 2210 2071
f 2314 2211 2070
f 2313 2314 2072
f 2268 2313 2174
f 2267 2268 2117
f 2260 2267 2119
f 2288 2260 2118
f 2226 2288 2128
f 2222 2226 2145
f 2212 2222 2094
f 2213 2212 2081
f 2269 2213 2069
f 2261 2269 2173
f 2236 2261 2142
f 2237 2236 2127
f 2248 2237 2143
f 2249 2248 2163
f 2203 2249 2144
f 2197 2203 2102
f 2198 2197 2093
f 2251 2198 2080
f 2252 2251 2193
f 2250 2252 2160
f 2238 2250 2141
f 2239 2238 2140
f 2262 2239 2162
f 2204 2262 2161
f 2199 2204 2092
f 2200 2199 2079
f 2270 2200 2068
f 2263 2270 2064
f 2254 2263 2171
f 2253 2254 2126
f 2240 2253 2116
f 2305 2240 2115
f 2214 2305 2139
f 2205 2214 2172
f 2201 2205 2078
f 2202 2201 2067
f 2289 2202 2063
f 2264 2289 2159
f 2241 2264 2113
f 2242 2241 2111
f 2271 2242 2114
f 2272 2271 2137
f 2215 2272 2138
f 2206 2215 2077
f 2207 2206 2066
f 2273 2207 2062
f 2274 2273 2158
f 2256 2274 2135
f 2243 2256 2110
f 2255 2243 2109
f 2290 2255 2125
f 2216 2290 2136
f 2217 2216 2101
f 2326 2217 2091
f 2324 2326 2076
f 2325 2324 2065
f 2320 2325 2170
f 2321 2320 2134
f 2318 2321 2124
f 2319 2318 2123
f 2300 2319 2157
f 2278 2300 2156
f 2279 2278 2100
f 2298 2279 2090
f 2299 2298 2075
f 2310 2299 2168
f 2311 2310 2154
f 2317 2311 2133
f 2308 2317 2155
f 2309 2308 2186
f 2315 2309 2169
f 2316 2315 2105
f 2323 2316 2099
f 2307 2323 2089
f 2296 2307 2195
f 2297 2296 2184
f 2277 2297 2132
f 2265 2277 2131
f 2266 2265 2185
f 2275 2266 2167
f 2276 2275 2104
f 2294 2276 2087
f 2295 2294 2086
f 2306 2295 2088
f 2292 2306 2192
f 2293 2292 2151
f 2291 2293 2153
f 2330 2291 2152
f 2322 2330 2183
f 2329 2322 2182
f 2327 2329 2190
f 2328 2327 2189
f 4 2328 2191
f 2191 1 4
f 2189 2191 2328
f 2190 2189 2327
f 2182 2190 2329
f 2183 2182 2322
f 2152 2183 2330
f 2153 2152 2291
f 2151 2153 2293
f 2192 2151 2292
f 2088 2192 2306
f 2086 2088 2295
f 2087 2086 2294
f 2104 2087 2276
f 2167 2104 2275
f 2185 2167 2266
f 2131 2185 2265
f 2132 2131 2277
f 2184 2132 2297
f 2195 2184 2296
f 2089 2195 2307
f 2099 2089 2323
f 2105 2099 2316
f 2169 2105 2315
f 2186 2169 2309
f 2155 2186 2308
f 2133 2155 2317
f 2154 2133 2311
f 2168 2154 2310
f 2075 2168 2299
f 2090 2075 2298
f 2100 2090 2279
f 2156 2100 2278
f 2157 2156 2300
f 2123 2157 2319
f 2124 2123 2318
f 2134 2124 2321
f 2170 2134 2320
f 2065 2170 2325
f 2076 2065 2324
f 2091 2076 2326
f 2101 2091 2217
f 2136 2101 2216
f 2125 2136 2290
f 2109 2125 2255
f 2110 2109 2243
f 2135 2110 2256
f 2158 2135 2274
f 2062 2158 2273
f 2066 2062 2207
f 2077 2066 2206
f 2138 2077 2215
f 2137 2138 2272
f 2114 2137 2271
f 2111 2114 2242
f 2113 2111 2241
f 2159 2113 2264
f 2063 2159 2289
f 2067 2063 2202
f 2078 2067 2201
f 2172 2078 2205
f 2139 2172 2214
f 2115 2139 2305
f 2116 2115 2240
f 2126 2116 2253
f 2171 2126 2254
f 2064 2171 2263
f 2068 2064 2270
f 2079 2068 2200
f 2092 2079 2199
f 2161 2092 2204
f 2162 2161 2262
f 2140 2162 2239
f 2141 2140 2238
f 2160 2141 2250
f 2193 2160 2252
f 2080 2193 2251
f 2093 2080 2198
f 2102 2093 2197
f 2144 2102 2203
f 2163 2144 2249
f 2143 2163 2248
f 2127 2143 2237
f 2142 2127 2236
f 2173 2142 2261
f 2069 2173 2269
f 2081 2069 2213
f 2094 2081 2212
f 2145 2094 2222
f 2128 2145 2226
f 2118 2128 2288
f 2119 2118 2260
f 2117 2119 2267
f 2174 2117 2268
f 2072 2174 2313
f 2070 2072 2314
f 2071 2070 2211
f 2095 2071 2210
f 2164 2095 2221
f 2146 2164 2286
f 2120 2146 2258
f 2121 2120 2247
f 2175 2121 2259
f 2176 2175 2287
f 2073 2176 2304
f 2082 2073 2209
f 2096 2082 2208
f 2165 2096 2220
f 2148 2165 2284
f 2129 2148 2283
f 2122 2129 2246
f 2147 2122 2245
f 2177 2147 2285
f 2074 2177 2303
f 2083 2074 2219
f 2097 2083 2218
f 2194 2097 2225
f 2187 2194 2232
f 2180 2187 2312
f 2179 2180 2280
f 2166 2179 2282
f 2178 2166 2281
f 2107 2178 2302
f 2149 2107 2301
f 2150 2149 2229
f 2181 2150 2228
f 2188 2181 2231
