# 
# Wavefront OBJ file
# Created with Kaydara FBX
# 
mtllib zupcanik2_potenciometar.mtl

g zupcanik2_potenciometar
v -9.800000 -0.000000 6.000000
v -9.800000 -0.000000 13.000000
v -9.796003 0.279849 13.000000
v -9.796003 0.279849 6.000000
v -9.784017 0.559470 13.000000
v -9.784017 0.559470 6.000000
v -9.764051 0.838635 13.000000
v -9.764051 0.838635 6.000000
v -9.736121 1.117116 13.000000
v -9.736121 1.117116 6.000000
v -9.700250 1.394685 13.000000
v -9.700250 1.394685 6.000000
v -9.656468 1.671117 13.000000
v -9.656468 1.671117 6.000000
v -9.604809 1.946187 13.000000
v -9.604809 1.946187 6.000000
v -9.545317 2.219668 13.000000
v -9.545317 2.219668 6.000000
v -9.478039 2.491340 13.000000
v -9.478039 2.491340 6.000000
v -9.403031 2.760979 13.000000
v -9.403031 2.760979 6.000000
v -9.320354 3.028367 13.000000
v -9.320354 3.028367 6.000000
v -9.230075 3.293284 13.000000
v -9.230075 3.293284 6.000000
v -9.132267 3.555516 13.000000
v -9.132267 3.555516 6.000000
v -9.027012 3.814847 13.000000
v -9.027012 3.814847 6.000000
v -8.914394 4.071067 13.000000
v -8.914394 4.071067 6.000000
v -8.794505 4.323967 13.000000
v -8.794505 4.323967 6.000000
v -8.667443 4.573340 13.000000
v -8.667443 4.573340 6.000000
v -8.533312 4.818983 13.000000
v -8.533312 4.818983 6.000000
v -8.392220 5.060695 13.000000
v -8.392220 5.060695 6.000000
v -8.244285 5.298280 13.000000
v -8.244285 5.298280 6.000000
v -8.089625 5.531544 13.000000
v -8.089625 5.531544 6.000000
v -7.928367 5.760295 13.000000
v -7.928367 5.760295 6.000000
v -7.760642 5.984349 13.000000
v -7.760642 5.984349 6.000000
v -7.586588 6.203522 13.000000
v -7.586588 6.203522 6.000000
v -7.406346 6.417635 13.000000
v -7.406346 6.417635 6.000000
v -7.220063 6.626514 13.000000
v -7.220063 6.626514 6.000000
v -7.027892 6.829988 13.000000
v -7.027892 6.829988 6.000000
v -6.829988 7.027892 13.000000
v -6.829988 7.027892 6.000000
v -6.626514 7.220063 13.000000
v -6.626514 7.220063 6.000000
v -6.417635 7.406346 13.000000
v -6.417635 7.406346 6.000000
v -6.203522 7.586588 13.000000
v -6.203522 7.586588 6.000000
v -5.984349 7.760642 13.000000
v -5.984349 7.760642 6.000000
v -5.760295 7.928367 13.000000
v -5.760295 7.928367 6.000000
v -5.531544 8.089625 13.000000
v -5.531544 8.089625 6.000000
v -5.298280 8.244285 13.000000
v -5.298280 8.244285 6.000000
v -5.060695 8.392220 13.000000
v -5.060695 8.392220 6.000000
v -4.818983 8.533312 13.000000
v -4.818983 8.533312 6.000000
v -4.573340 8.667443 13.000000
v -4.573340 8.667443 6.000000
v -4.323967 8.794505 13.000000
v -4.323967 8.794505 6.000000
v -4.071067 8.914394 13.000000
v -4.071067 8.914394 6.000000
v -3.814847 9.027012 13.000000
v -3.814847 9.027012 6.000000
v -3.555516 9.132267 13.000000
v -3.555516 9.132267 6.000000
v -3.293284 9.230075 13.000000
v -3.293284 9.230075 6.000000
v -3.028367 9.320354 13.000000
v -3.028367 9.320354 6.000000
v -2.760979 9.403031 13.000000
v -2.760979 9.403031 6.000000
v -2.491340 9.478039 13.000000
v -2.491340 9.478039 6.000000
v -2.219668 9.545317 13.000000
v -2.219668 9.545317 6.000000
v -1.946187 9.604809 13.000000
v -1.946187 9.604809 6.000000
v -1.671117 9.656468 13.000000
v -1.671117 9.656468 6.000000
v -1.394685 9.700250 13.000000
v -1.394685 9.700250 6.000000
v -1.117116 9.736121 13.000000
v -1.117116 9.736121 6.000000
v -0.838635 9.764051 13.000000
v -0.838635 9.764051 6.000000
v -0.559470 9.784017 13.000000
v -0.559470 9.784017 6.000000
v -0.279849 9.796003 13.000000
v -0.279849 9.796003 6.000000
v -0.000000 9.800000 13.000000
v -0.000000 9.800000 6.000000
v 0.279849 9.796003 13.000000
v 0.279849 9.796003 6.000000
v 0.559470 9.784017 13.000000
v 0.559470 9.784017 6.000000
v 0.838635 9.764051 13.000000
v 0.838635 9.764051 6.000000
v 1.117116 9.736121 13.000000
v 1.117116 9.736121 6.000000
v 1.394685 9.700250 13.000000
v 1.394685 9.700250 6.000000
v 1.671117 9.656468 13.000000
v 1.671117 9.656468 6.000000
v 1.946187 9.604809 13.000000
v 1.946187 9.604809 6.000000
v 2.219668 9.545317 13.000000
v 2.219668 9.545317 6.000000
v 2.491340 9.478039 13.000000
v 2.491340 9.478039 6.000000
v 2.760979 9.403031 13.000000
v 2.760979 9.403031 6.000000
v 3.028367 9.320354 13.000000
v 3.028367 9.320354 6.000000
v 3.293284 9.230075 13.000000
v 3.293284 9.230075 6.000000
v 3.555516 9.132267 13.000000
v 3.555516 9.132267 6.000000
v 3.814847 9.027012 13.000000
v 3.814847 9.027012 6.000000
v 4.071067 8.914394 13.000000
v 4.071067 8.914394 6.000000
v 4.323967 8.794505 13.000000
v 4.323967 8.794505 6.000000
v 4.573340 8.667443 13.000000
v 4.573340 8.667443 6.000000
v 4.818983 8.533312 13.000000
v 4.818983 8.533312 6.000000
v 5.060695 8.392220 13.000000
v 5.060695 8.392220 6.000000
v 5.298280 8.244285 13.000000
v 5.298280 8.244285 6.000000
v 5.531544 8.089625 13.000000
v 5.531544 8.089625 6.000000
v 5.760295 7.928367 13.000000
v 5.760295 7.928367 6.000000
v 5.984349 7.760642 13.000000
v 5.984349 7.760642 6.000000
v 6.203522 7.586588 13.000000
v 6.203522 7.586588 6.000000
v 6.417635 7.406346 13.000000
v 6.417635 7.406346 6.000000
v 6.626514 7.220063 13.000000
v 6.626514 7.220063 6.000000
v 6.829988 7.027892 13.000000
v 6.829988 7.027892 6.000000
v 7.027892 6.829988 13.000000
v 7.027892 6.829988 6.000000
v 7.220063 6.626514 13.000000
v 7.220063 6.626514 6.000000
v 7.406346 6.417635 13.000000
v 7.406346 6.417635 6.000000
v 7.586588 6.203522 13.000000
v 7.586588 6.203522 6.000000
v 7.760642 5.984349 13.000000
v 7.760642 5.984349 6.000000
v 7.928367 5.760295 13.000000
v 7.928367 5.760295 6.000000
v 8.089625 5.531544 13.000000
v 8.089625 5.531544 6.000000
v 8.244285 5.298280 13.000000
v 8.244285 5.298280 6.000000
v 8.392220 5.060695 13.000000
v 8.392220 5.060695 6.000000
v 8.533312 4.818983 13.000000
v 8.533312 4.818983 6.000000
v 8.667443 4.573340 13.000000
v 8.667443 4.573340 6.000000
v 8.794505 4.323967 13.000000
v 8.794505 4.323967 6.000000
v 8.914394 4.071067 13.000000
v 8.914394 4.071067 6.000000
v 9.027012 3.814847 13.000000
v 9.027012 3.814847 6.000000
v 9.132267 3.555516 13.000000
v 9.132267 3.555516 6.000000
v 9.230075 3.293284 13.000000
v 9.230075 3.293284 6.000000
v 9.320354 3.028367 13.000000
v 9.320354 3.028367 6.000000
v 9.403031 2.760979 13.000000
v 9.403031 2.760979 6.000000
v 9.478039 2.491340 13.000000
v 9.478039 2.491340 6.000000
v 9.545317 2.219668 13.000000
v 9.545317 2.219668 6.000000
v 9.604809 1.946187 13.000000
v 9.604809 1.946187 6.000000
v 9.656468 1.671117 13.000000
v 9.656468 1.671117 6.000000
v 9.700250 1.394685 13.000000
v 9.700250 1.394685 6.000000
v 9.736121 1.117116 13.000000
v 9.736121 1.117116 6.000000
v 9.764051 0.838635 13.000000
v 9.764051 0.838635 6.000000
v 9.784017 0.559470 13.000000
v 9.784017 0.559470 6.000000
v 9.796003 0.279849 13.000000
v 9.796003 0.279849 6.000000
v 9.800000 0.000000 13.000000
v 9.800000 0.000000 6.000000
v 9.796003 -0.279849 13.000000
v 9.796003 -0.279849 6.000000
v 9.784017 -0.559470 13.000000
v 9.784017 -0.559470 6.000000
v 9.764051 -0.838635 13.000000
v 9.764051 -0.838635 6.000000
v 9.736121 -1.117116 13.000000
v 9.736121 -1.117116 6.000000
v 9.700250 -1.394685 13.000000
v 9.700250 -1.394685 6.000000
v 9.656468 -1.671117 13.000000
v 9.656468 -1.671117 6.000000
v 9.604809 -1.946187 13.000000
v 9.604809 -1.946187 6.000000
v 9.545317 -2.219668 13.000000
v 9.545317 -2.219668 6.000000
v 9.478039 -2.491340 13.000000
v 9.478039 -2.491340 6.000000
v 9.403031 -2.760979 13.000000
v 9.403031 -2.760979 6.000000
v 9.320354 -3.028367 13.000000
v 9.320354 -3.028367 6.000000
v 9.230075 -3.293284 13.000000
v 9.230075 -3.293284 6.000000
v 9.132267 -3.555516 13.000000
v 9.132267 -3.555516 6.000000
v 9.027012 -3.814847 13.000000
v 9.027012 -3.814847 6.000000
v 8.914394 -4.071067 13.000000
v 8.914394 -4.071067 6.000000
v 8.794505 -4.323967 13.000000
v 8.794505 -4.323967 6.000000
v 8.667443 -4.573340 13.000000
v 8.667443 -4.573340 6.000000
v 8.533312 -4.818983 13.000000
v 8.533312 -4.818983 6.000000
v 8.392220 -5.060695 13.000000
v 8.392220 -5.060695 6.000000
v 8.244285 -5.298280 13.000000
v 8.244285 -5.298280 6.000000
v 8.089625 -5.531544 13.000000
v 8.089625 -5.531544 6.000000
v 7.928367 -5.760295 13.000000
v 7.928367 -5.760295 6.000000
v 7.760642 -5.984349 13.000000
v 7.760642 -5.984349 6.000000
v 7.586588 -6.203522 13.000000
v 7.586588 -6.203522 6.000000
v 7.406346 -6.417635 13.000000
v 7.406346 -6.417635 6.000000
v 7.220063 -6.626514 13.000000
v 7.220063 -6.626514 6.000000
v 7.027892 -6.829988 13.000000
v 7.027892 -6.829988 6.000000
v 6.829988 -7.027892 13.000000
v 6.829988 -7.027892 6.000000
v 6.626514 -7.220063 13.000000
v 6.626514 -7.220063 6.000000
v 6.417635 -7.406346 13.000000
v 6.417635 -7.406346 6.000000
v 6.203522 -7.586588 13.000000
v 6.203522 -7.586588 6.000000
v 5.984349 -7.760642 13.000000
v 5.984349 -7.760642 6.000000
v 5.760295 -7.928367 13.000000
v 5.760295 -7.928367 6.000000
v 5.531544 -8.089625 13.000000
v 5.531544 -8.089625 6.000000
v 5.298280 -8.244285 13.000000
v 5.298280 -8.244285 6.000000
v 5.060695 -8.392220 13.000000
v 5.060695 -8.392220 6.000000
v 4.818983 -8.533312 13.000000
v 4.818983 -8.533312 6.000000
v 4.573340 -8.667443 13.000000
v 4.573340 -8.667443 6.000000
v 4.323967 -8.794505 13.000000
v 4.323967 -8.794505 6.000000
v 4.071067 -8.914394 13.000000
v 4.071067 -8.914394 6.000000
v 3.814847 -9.027012 13.000000
v 3.814847 -9.027012 6.000000
v 3.555516 -9.132267 13.000000
v 3.555516 -9.132267 6.000000
v 3.293284 -9.230075 13.000000
v 3.293284 -9.230075 6.000000
v 3.028367 -9.320354 13.000000
v 3.028367 -9.320354 6.000000
v 2.760979 -9.403031 13.000000
v 2.760979 -9.403031 6.000000
v 2.491340 -9.478039 13.000000
v 2.491340 -9.478039 6.000000
v 2.219668 -9.545317 13.000000
v 2.219668 -9.545317 6.000000
v 1.946187 -9.604809 13.000000
v 1.946187 -9.604809 6.000000
v 1.671117 -9.656468 13.000000
v 1.671117 -9.656468 6.000000
v 1.394685 -9.700250 13.000000
v 1.394685 -9.700250 6.000000
v 1.117116 -9.736121 13.000000
v 1.117116 -9.736121 6.000000
v 0.838635 -9.764051 13.000000
v 0.838635 -9.764051 6.000000
v 0.559470 -9.784017 13.000000
v 0.559470 -9.784017 6.000000
v 0.279849 -9.796003 13.000000
v 0.279849 -9.796003 6.000000
v 0.000000 -9.800000 13.000000
v 0.000000 -9.800000 6.000000
v -0.279849 -9.796003 13.000000
v -0.279849 -9.796003 6.000000
v -0.559470 -9.784017 13.000000
v -0.559470 -9.784017 6.000000
v -0.838635 -9.764051 13.000000
v -0.838635 -9.764051 6.000000
v -1.117116 -9.736121 13.000000
v -1.117116 -9.736121 6.000000
v -1.394685 -9.700250 13.000000
v -1.394685 -9.700250 6.000000
v -1.671117 -9.656468 13.000000
v -1.671117 -9.656468 6.000000
v -1.946187 -9.604809 13.000000
v -1.946187 -9.604809 6.000000
v -2.219668 -9.545317 13.000000
v -2.219668 -9.545317 6.000000
v -2.491340 -9.478039 13.000000
v -2.491340 -9.478039 6.000000
v -2.760979 -9.403031 13.000000
v -2.760979 -9.403031 6.000000
v -3.028367 -9.320354 13.000000
v -3.028367 -9.320354 6.000000
v -3.293284 -9.230075 13.000000
v -3.293284 -9.230075 6.000000
v -3.555516 -9.132267 13.000000
v -3.555516 -9.132267 6.000000
v -3.814847 -9.027012 13.000000
v -3.814847 -9.027012 6.000000
v -4.071067 -8.914394 13.000000
v -4.071067 -8.914394 6.000000
v -4.323967 -8.794505 13.000000
v -4.323967 -8.794505 6.000000
v -4.573340 -8.667443 13.000000
v -4.573340 -8.667443 6.000000
v -4.818983 -8.533312 13.000000
v -4.818983 -8.533312 6.000000
v -5.060695 -8.392220 13.000000
v -5.060695 -8.392220 6.000000
v -5.298280 -8.244285 13.000000
v -5.298280 -8.244285 6.000000
v -5.531544 -8.089625 13.000000
v -5.531544 -8.089625 6.000000
v -5.760295 -7.928367 13.000000
v -5.760295 -7.928367 6.000000
v -5.984349 -7.760642 13.000000
v -5.984349 -7.760642 6.000000
v -6.203522 -7.586588 13.000000
v -6.203522 -7.586588 6.000000
v -6.417635 -7.406346 13.000000
v -6.417635 -7.406346 6.000000
v -6.626514 -7.220063 13.000000
v -6.626514 -7.220063 6.000000
v -6.829988 -7.027892 13.000000
v -6.829988 -7.027892 6.000000
v -7.027892 -6.829988 13.000000
v -7.027892 -6.829988 6.000000
v -7.220063 -6.626514 13.000000
v -7.220063 -6.626514 6.000000
v -7.406346 -6.417635 13.000000
v -7.406346 -6.417635 6.000000
v -7.586588 -6.203522 13.000000
v -7.586588 -6.203522 6.000000
v -7.760642 -5.984349 13.000000
v -7.760642 -5.984349 6.000000
v -7.928367 -5.760295 13.000000
v -7.928367 -5.760295 6.000000
v -8.089625 -5.531544 13.000000
v -8.089625 -5.531544 6.000000
v -8.244285 -5.298280 13.000000
v -8.244285 -5.298280 6.000000
v -8.392220 -5.060695 13.000000
v -8.392220 -5.060695 6.000000
v -8.533312 -4.818983 13.000000
v -8.533312 -4.818983 6.000000
v -8.667443 -4.573340 13.000000
v -8.667443 -4.573340 6.000000
v -8.794505 -4.323967 13.000000
v -8.794505 -4.323967 6.000000
v -8.914394 -4.071067 13.000000
v -8.914394 -4.071067 6.000000
v -9.027012 -3.814847 13.000000
v -9.027012 -3.814847 6.000000
v -9.132267 -3.555516 13.000000
v -9.132267 -3.555516 6.000000
v -9.230075 -3.293284 13.000000
v -9.230075 -3.293284 6.000000
v -9.320354 -3.028367 13.000000
v -9.320354 -3.028367 6.000000
v -9.403031 -2.760979 13.000000
v -9.403031 -2.760979 6.000000
v -9.478039 -2.491340 13.000000
v -9.478039 -2.491340 6.000000
v -9.545317 -2.219668 13.000000
v -9.545317 -2.219668 6.000000
v -9.604809 -1.946187 13.000000
v -9.604809 -1.946187 6.000000
v -9.656468 -1.671117 13.000000
v -9.656468 -1.671117 6.000000
v -9.700250 -1.394685 13.000000
v -9.700250 -1.394685 6.000000
v -9.736121 -1.117116 13.000000
v -9.736121 -1.117116 6.000000
v -9.764051 -0.838635 13.000000
v -9.764051 -0.838635 6.000000
v -9.784017 -0.559470 13.000000
v -9.784017 -0.559470 6.000000
v -9.796003 -0.279849 13.000000
v -9.796003 -0.279849 6.000000
v -3.246023 -0.160725 13.000000
v -3.250000 -0.000000 13.000000
v -3.214269 -0.480601 13.000000
v -3.186568 -0.638971 13.000000
v -3.234103 -0.321056 13.000000
v -3.151070 -0.795777 13.000000
v -3.107860 -0.950635 13.000000
v -2.693872 -1.818117 13.000000
v -2.780489 -1.682671 13.000000
v -2.600664 -1.949115 13.000000
v -3.246023 0.160725 13.000000
v -0.756743 -3.160671 13.000000
v -0.912124 -3.119380 13.000000
v -0.599510 -3.194227 13.000000
v -3.057045 -1.103167 13.000000
v -2.998748 -1.253000 13.000000
v -2.933114 -1.399766 13.000000
v -2.501091 -2.075342 13.000000
v -2.395397 -2.196491 13.000000
v -2.283841 -2.312265 13.000000
v 0.000000 -3.250000 13.000000
v 0.040197 -3.249751 13.000000
v -1.065273 3.070455 13.000000
v -0.912124 3.119380 13.000000
v -1.648153 2.801088 13.000000
v -1.507612 2.879168 13.000000
v -1.916800 2.624572 13.000000
v -2.044250 2.526567 13.000000
v -3.186568 0.638971 13.000000
v -2.860301 -1.543106 13.000000
v -2.166697 -2.422380 13.000000
v -2.044250 -2.526567 13.000000
v -1.784660 -2.716153 13.000000
v -1.916800 -2.624572 13.000000
v -1.363381 -2.950202 13.000000
v -1.507612 -2.879168 13.000000
v -1.215815 -3.014016 13.000000
v -1.065273 -3.070455 13.000000
v -0.120565 -3.247763 13.000000
v -0.281031 -3.237827 13.000000
v 0.200860 -3.243787 13.000000
v 1.435936 -2.915577 13.000000
v 1.578365 -2.840997 13.000000
v 3.169789 0.717593 13.000000
v 3.201398 0.559958 13.000000
v 3.130422 0.873473 13.000000
v 3.028823 1.178444 13.000000
v 2.966839 1.326789 13.000000
v -1.215815 3.014016 13.000000
v -1.363381 2.950202 13.000000
v -1.784660 2.716153 13.000000
v -2.998748 1.253000 13.000000
v -3.107860 0.950635 13.000000
v -3.057045 1.103167 13.000000
v -3.151070 0.795777 13.000000
v -3.214269 0.480601 13.000000
v -3.234103 0.321056 13.000000
v -1.648153 -2.801088 13.000000
v 0.361031 -3.229885 13.000000
v 0.834689 -3.140986 13.000000
v 0.989001 -3.095865 13.000000
v 1.140893 -3.043167 13.000000
v 1.289993 -2.983022 13.000000
v 3.083396 1.027215 13.000000
v 1.289993 2.983022 13.000000
v 1.435936 2.915577 13.000000
v 0.678334 3.178421 13.000000
v 0.834689 3.140986 13.000000
v -2.166697 2.422380 13.000000
v -2.395397 2.196491 13.000000
v -2.501091 2.075342 13.000000
v -2.933114 1.399766 13.000000
v -2.860301 1.543106 13.000000
v -0.440810 -3.219967 13.000000
v 0.678334 -3.178421 13.000000
v 2.106118 -2.475231 13.000000
v 1.981131 -2.576358 13.000000
v 3.241055 0.240964 13.000000
v 3.249006 0.080387 13.000000
v 2.897594 1.471886 13.000000
v 2.821258 1.613382 13.000000
v 2.738018 1.750930 13.000000
v 2.648078 1.884193 13.000000
v 2.340335 2.255068 13.000000
v 2.448993 2.136571 13.000000
v 2.225950 2.368047 13.000000
v 1.981131 2.576358 13.000000
v 1.140893 3.043167 13.000000
v 0.989001 3.095865 13.000000
v 0.520319 3.208079 13.000000
v 0.361031 3.229885 13.000000
v 0.200860 3.243787 13.000000
v 0.040197 3.249751 13.000000
v -2.283841 2.312265 13.000000
v -2.693872 1.818117 13.000000
v -2.780489 1.682671 13.000000
v 0.520319 -3.208079 13.000000
v 1.716932 -2.759465 13.000000
v 1.851297 -2.671180 13.000000
v 2.225950 -2.368047 13.000000
v 2.340335 -2.255068 13.000000
v 2.551658 -2.012844 13.000000
v 2.448993 -2.136571 13.000000
v 2.897594 -1.471886 13.000000
v 2.821258 -1.613382 13.000000
v 3.225173 0.400951 13.000000
v 2.106118 2.475231 13.000000
v 1.851297 2.671180 13.000000
v 1.716932 2.759465 13.000000
v -0.281031 3.237827 13.000000
v -0.440810 3.219967 13.000000
v -0.756743 3.160671 13.000000
v -2.600664 1.949115 13.000000
v 2.648078 -1.884193 13.000000
v 2.966839 -1.326789 13.000000
v 3.028823 -1.178444 13.000000
v 3.083396 -1.027215 13.000000
v -0.120565 3.247763 13.000000
v -0.599510 3.194227 13.000000
v 2.738018 -1.750930 13.000000
v 3.130422 -0.873473 13.000000
v 3.169789 -0.717593 13.000000
v 3.201398 -0.559958 13.000000
v 3.249006 -0.080387 13.000000
v 2.551658 2.012844 13.000000
v 1.578365 2.840997 13.000000
v 3.225173 -0.400951 13.000000
v 3.241055 -0.240964 13.000000
v -3.246023 -0.160725 -6.000000
v -3.250000 0.000000 -6.000000
v -3.234103 -0.321056 -6.000000
v -3.214269 -0.480601 -6.000000
v -3.186568 -0.638971 -6.000000
v -3.151070 -0.795777 -6.000000
v -3.107860 -0.950635 -6.000000
v -3.057045 -1.103167 -6.000000
v -2.998748 -1.253000 -6.000000
v -2.933114 -1.399766 -6.000000
v -2.860301 -1.543106 -6.000000
v -2.780489 -1.682671 -6.000000
v -2.693872 -1.818117 -6.000000
v -2.600664 -1.949115 -6.000000
v -2.501091 -2.075342 -6.000000
v -2.395397 -2.196491 -6.000000
v -2.283841 -2.312265 -6.000000
v -2.166697 -2.422380 -6.000000
v -2.044250 -2.526567 -6.000000
v -1.916800 -2.624572 -6.000000
v -1.784660 -2.716153 -6.000000
v -1.648153 -2.801088 -6.000000
v -1.507612 -2.879168 -6.000000
v -1.363381 -2.950202 -6.000000
v -1.215815 -3.014016 -6.000000
v -1.065273 -3.070455 -6.000000
v -0.912124 -3.119380 -6.000000
v -0.756743 -3.160671 -6.000000
v -0.599510 -3.194227 -6.000000
v -0.440810 -3.219967 -6.000000
v -0.281031 -3.237827 -6.000000
v -0.120565 -3.247763 -6.000000
v 0.040197 -3.249751 -6.000000
v 0.000000 -3.250000 -6.000000
v 0.200860 -3.243787 -6.000000
v 0.361031 -3.229885 -6.000000
v 0.520319 -3.208079 -6.000000
v 0.678334 -3.178421 -6.000000
v 0.834689 -3.140986 -6.000000
v 0.989001 -3.095865 -6.000000
v 1.140893 -3.043167 -6.000000
v 1.289993 -2.983022 -6.000000
v 1.435936 -2.915577 -6.000000
v 1.578365 -2.840997 -6.000000
v 1.716932 -2.759465 -6.000000
v 1.851297 -2.671180 -6.000000
v 1.981131 -2.576358 -6.000000
v 2.106118 -2.475231 -6.000000
v 2.225950 -2.368047 -6.000000
v 2.340335 -2.255068 -6.000000
v 2.448993 -2.136571 -6.000000
v 2.551658 -2.012844 -6.000000
v 2.648078 -1.884193 -6.000000
v 2.738018 -1.750930 -6.000000
v 2.821258 -1.613382 -6.000000
v 2.897594 -1.471886 -6.000000
v 2.821258 1.613382 -6.000000
v 2.897594 1.471886 -6.000000
v 2.738018 1.750930 -6.000000
v 2.648078 1.884193 -6.000000
v 2.551658 2.012844 -6.000000
v 2.448993 2.136571 -6.000000
v 2.340335 2.255068 -6.000000
v 2.225950 2.368047 -6.000000
v 2.106118 2.475231 -6.000000
v 1.981131 2.576358 -6.000000
v 1.851297 2.671180 -6.000000
v 1.716932 2.759465 -6.000000
v 1.578365 2.840997 -6.000000
v 1.435936 2.915577 -6.000000
v 1.289993 2.983022 -6.000000
v 1.140893 3.043167 -6.000000
v 0.989001 3.095865 -6.000000
v 0.834689 3.140986 -6.000000
v 0.678334 3.178421 -6.000000
v 0.520319 3.208079 -6.000000
v 0.361031 3.229885 -6.000000
v 0.200860 3.243787 -6.000000
v 0.040197 3.249751 -6.000000
v -0.120565 3.247763 -6.000000
v -0.281031 3.237827 -6.000000
v -0.440810 3.219967 -6.000000
v -0.599510 3.194227 -6.000000
v -0.756743 3.160671 -6.000000
v -0.912124 3.119380 -6.000000
v -1.065273 3.070455 -6.000000
v -1.215815 3.014016 -6.000000
v -1.363381 2.950202 -6.000000
v -1.507612 2.879168 -6.000000
v -1.648153 2.801088 -6.000000
v -1.784660 2.716153 -6.000000
v -1.916800 2.624572 -6.000000
v -2.044250 2.526567 -6.000000
v -2.166697 2.422380 -6.000000
v -2.283841 2.312265 -6.000000
v -2.395397 2.196491 -6.000000
v -2.501091 2.075342 -6.000000
v -2.600664 1.949115 -6.000000
v -2.693872 1.818117 -6.000000
v -2.780489 1.682671 -6.000000
v -2.860301 1.543106 -6.000000
v -2.933114 1.399766 -6.000000
v -2.998748 1.253000 -6.000000
v -3.057045 1.103167 -6.000000
v -3.107860 0.950635 -6.000000
v -3.151070 0.795777 -6.000000
v -3.186568 0.638971 -6.000000
v -3.214269 0.480601 -6.000000
v -3.234103 0.321056 -6.000000
v -3.246023 0.160725 -6.000000
v 3.241055 0.240964 -6.000000
v 3.246210 0.156916 -4.391178
v 3.243295 0.208659 -4.384363
v 3.249006 0.080387 -6.000000
v 3.249005 0.080401 -4.397689
v 3.248316 0.104622 -4.396085
v 3.225173 0.400951 -6.000000
v 3.235035 0.311529 -4.364899
v 3.229736 0.362362 -4.352292
v 3.241052 0.241002 -4.379100
v 3.239554 0.260366 -4.375576
v 3.201398 0.559958 -6.000000
v 3.216947 0.462335 -4.321456
v 3.209500 0.511477 -4.303223
v 3.225167 0.400998 -4.341343
v 3.223696 0.412657 -4.337802
v 3.169789 0.717593 -6.000000
v 3.183455 0.654303 -4.237694
v 3.173720 0.700000 -4.212436
v 3.192729 0.607437 -4.261356
v 3.201412 0.559877 -4.283175
v 3.130422 0.873473 -6.000000
v 3.141876 0.831333 -4.126448
v 3.130586 0.872886 -4.094564
v 3.169763 0.717705 -4.202040
v 3.163483 0.744898 -4.185381
v 3.152861 0.788648 -4.156734
v 3.083396 1.027215 -6.000000
v 3.095535 0.990033 -3.989866
v 3.083710 1.026273 -3.952242
v 3.130420 0.873481 -4.094089
v 3.119087 0.913126 -4.061227
v 3.107368 0.952242 -4.026273
v 3.028823 1.178444 -6.000000
v 3.048556 1.126413 -3.831381
v 3.037181 1.156734 -3.788648
v 3.083390 1.027233 -3.951206
v 3.071869 1.061188 -3.913170
v 3.060136 1.094564 -3.872886
v 2.966839 1.326789 -6.000000
v 2.977265 1.303223 -3.511477
v 2.969235 1.321417 -3.462446
v 3.028770 1.178581 -3.755611
v 3.026128 1.185347 -3.744951
v 3.015377 1.212436 -3.700000
v 3.005067 1.237769 -3.654161
v 2.995243 1.261356 -3.607437
v 2.985952 1.283195 -3.559830
v 2.955310 1.352272 -2.637565
v 2.961889 1.337802 -2.587343
v 2.949500 1.364899 -2.688471
v 2.966751 1.326985 -2.553783
v 2.944543 1.375562 -2.739557
v 2.940415 1.384363 -2.791341
v 2.937183 1.391207 -2.843339
v 2.934867 1.396085 -2.895378
v 2.933468 1.399024 -2.947728
v 2.933002 1.400000 -3.000000
v 2.966750 1.326986 -3.446216
v 2.961889 1.337802 -3.412657
v 2.955316 1.352261 -3.362480
v 2.949500 1.364899 -3.311529
v 2.944526 1.375597 -3.260253
v 2.940415 1.384363 -3.208659
v 2.937184 1.391205 -3.156679
v 2.934867 1.396085 -3.104622
v 2.933469 1.399021 -3.052350
v 3.015377 1.212436 -2.300000
v 3.026126 1.185352 -2.255056
v 2.995243 1.261356 -2.392563
v 3.005089 1.237715 -2.345736
v 2.985944 1.283213 -2.440211
v 2.977265 1.303223 -2.488523
v 3.028770 1.178581 -2.244389
v 2.969228 1.321432 -2.537596
v 3.060136 1.094564 -2.127114
v 3.071867 1.061194 -2.086836
v 3.048554 1.126417 -2.168625
v 3.083390 1.027233 -2.048794
v 3.037181 1.156734 -2.211352
v 3.095532 0.990041 -2.010142
v 3.107368 0.952242 -1.973727
v 3.119084 0.913135 -1.938782
v 3.130420 0.873481 -1.905911
v 3.083710 1.026273 -2.047758
v 3.141873 0.831343 -1.873560
v 3.152861 0.788648 -1.843266
v 3.163481 0.744909 -1.814626
v 3.169763 0.717705 -1.797960
v 3.130586 0.872886 -1.905436
v 3.192729 0.607437 -1.738644
v 3.201429 0.559776 -1.716781
v 3.173720 0.700000 -1.787564
v 3.183453 0.654315 -1.762312
v 3.216940 0.462383 -1.678560
v 3.223696 0.412657 -1.662198
v 3.225167 0.400998 -1.658657
v 3.209500 0.511477 -1.696777
v 3.235035 0.311529 -1.635101
v 3.239550 0.260417 -1.624434
v 3.241052 0.241002 -1.620900
v 3.229730 0.362412 -1.647721
v 3.246223 0.156641 -1.608791
v 3.248316 0.104622 -1.603915
v 3.249005 0.080401 -1.602311
v 3.243295 0.208659 -1.615637
v 3.250000 0.000000 -1.600000
v 3.249578 -0.052348 -1.600979
v 3.249580 0.052274 -1.600976
v 3.246221 -0.156677 -1.608795
v 3.243295 -0.208659 -1.615637
v 3.249005 -0.080401 -1.602311
v 3.248316 -0.104622 -1.603915
v 3.235035 -0.311529 -1.635101
v 3.229720 -0.362500 -1.647745
v 3.241052 -0.241002 -1.620900
v 3.239564 -0.260241 -1.624400
v 3.216928 -0.462467 -1.678590
v 3.209500 -0.511477 -1.696777
v 3.225167 -0.400998 -1.658657
v 3.223696 -0.412657 -1.662198
v 3.192729 -0.607437 -1.738644
v 3.183495 -0.654110 -1.762204
v 3.173720 -0.700000 -1.787564
v 3.169763 -0.717705 -1.797961
v 3.201416 -0.559852 -1.716814
v 3.141850 -0.831431 -1.873624
v 3.130586 -0.872886 -1.905436
v 3.163469 -0.744958 -1.814657
v 3.152861 -0.788648 -1.843266
v 3.095576 -0.989905 -2.010006
v 3.083710 -1.026273 -2.047758
v 3.130420 -0.873481 -1.905911
v 3.119060 -0.913217 -1.938852
v 3.107368 -0.952242 -1.973727
v 3.048531 -1.126480 -2.168710
v 3.037181 -1.156734 -2.211352
v 3.083390 -1.027233 -2.048794
v 3.071905 -1.061086 -2.086711
v 3.060136 -1.094564 -2.127114
v 2.977265 -1.303223 -2.488523
v 2.969216 -1.321459 -2.537673
v 3.028770 -1.178582 -2.244391
v 3.026104 -1.185408 -2.255146
v 3.015377 -1.212436 -2.300000
v 3.005088 -1.237718 -2.345741
v 2.995243 -1.261356 -2.392563
v 2.985985 -1.283119 -2.439996
v 2.966839 -1.326789 -6.000000
v 2.955308 -1.352278 -3.362415
v 2.961889 -1.337802 -3.412657
v 2.944521 -1.375607 -3.260202
v 2.949500 -1.364899 -3.311529
v 2.966750 -1.326987 -3.446212
v 2.937187 -1.391197 -3.156749
v 2.940415 -1.384363 -3.208659
v 2.934867 -1.396085 -3.104622
v 2.933470 -1.399018 -3.052420
v 2.933002 -1.400000 -3.000000
v 2.934867 -1.396085 -2.895378
v 2.933466 -1.399026 -2.947799
v 2.966751 -1.326984 -2.553780
v 2.961889 -1.337802 -2.587343
v 2.955301 -1.352294 -2.637645
v 2.949500 -1.364899 -2.688471
v 2.944535 -1.375577 -2.739640
v 2.940415 -1.384363 -2.791341
v 2.937196 -1.391179 -2.843089
v 3.026083 -1.185462 -3.744768
v 3.028769 -1.178583 -3.755607
v 3.015377 -1.212436 -3.700000
v 3.005068 -1.237766 -3.654168
v 2.995243 -1.261356 -3.607437
v 2.985968 -1.283159 -3.559914
v 2.977265 -1.303223 -3.511477
v 2.969249 -1.321386 -3.462535
v 3.028823 -1.178444 -6.000000
v 3.071894 -1.061117 -3.913252
v 3.083390 -1.027233 -3.951206
v 3.060136 -1.094564 -3.872886
v 3.048578 -1.126353 -3.831462
v 3.037181 -1.156734 -3.788648
v 3.083396 -1.027215 -6.000000
v 3.119042 -0.913279 -4.061094
v 3.130420 -0.873481 -4.094089
v 3.107368 -0.952242 -4.026273
v 3.095557 -0.989962 -3.989937
v 3.083710 -1.026273 -3.952242
v 3.130422 -0.873473 -6.000000
v 3.163505 -0.744808 -4.185437
v 3.169763 -0.717705 -4.202040
v 3.152861 -0.788648 -4.156734
v 3.130586 -0.872886 -4.094564
v 3.141865 -0.831375 -4.126417
v 3.169789 -0.717593 -6.000000
v 3.192729 -0.607437 -4.261356
v 3.201398 -0.559955 -4.283141
v 3.173720 -0.700000 -4.212436
v 3.183475 -0.654208 -4.237745
v 3.201398 -0.559958 -6.000000
v 3.223696 -0.412657 -4.337802
v 3.225167 -0.400999 -4.341343
v 3.216920 -0.462524 -4.321390
v 3.209500 -0.511477 -4.303223
v 3.225173 -0.400951 -6.000000
v 3.239561 -0.260277 -4.375593
v 3.241052 -0.241002 -4.379100
v 3.235035 -0.311529 -4.364899
v 3.229746 -0.362275 -4.352315
v 3.241055 -0.240964 -6.000000
v 3.248316 -0.104622 -4.396085
v 3.249005 -0.080400 -4.397689
v 3.246214 -0.156824 -4.391189
v 3.243295 -0.208659 -4.384363
v 3.249006 -0.080387 -6.000000
v 3.250000 -0.000000 -4.400000
v 3.249578 0.052354 -4.399021
v 3.249576 -0.052497 -4.399015
v -0.118226 -6.999002 -6.000000
v -0.354544 -6.991016 -6.000000
v -4.284742 5.535430 -6.000000
v -4.095343 5.676986 -6.000000
v 3.293258 -6.176929 -6.000000
v 3.082759 -6.284632 -6.000000
v -0.000000 -7.000000 -6.000000
v -5.877125 -3.802552 -6.000000
v -6.002200 -3.601888 -6.000000
v -6.745940 -1.868770 -6.000000
v -6.900389 -1.176706 -6.000000
v -4.469252 5.387559 -6.000000
v -3.901271 5.812064 -6.000000
v -3.702748 5.940510 -6.000000
v -3.500000 6.062178 -6.000000
v 6.964085 0.708178 -6.000000
v 6.984030 0.472568 -6.000000
v 3.500000 -6.062178 -6.000000
v 2.868742 -6.385164 -6.000000
v 0.354544 -6.991016 -6.000000
v 0.118226 -6.999002 -6.000000
v -1.754568 -6.776540 -6.000000
v -1.982439 -6.713415 -6.000000
v -5.462274 -4.377621 -6.000000
v -5.607008 -4.190640 -6.000000
v -5.745344 -3.998878 -6.000000
v -6.678975 -2.095542 -6.000000
v -6.805207 -1.639865 -6.000000
v -6.856710 -1.409090 -6.000000
v -6.936194 -0.942980 -6.000000
v -6.964085 -0.708178 -6.000000
v -6.984030 -0.472568 -6.000000
v -3.293258 6.176929 -6.000000
v -2.431137 6.564265 -6.000000
v 6.936194 0.942980 -6.000000
v 6.996006 0.236419 -6.000000
v 7.000000 -0.000000 -6.000000
v 6.964085 -0.708178 -6.000000
v 4.648662 -5.233540 -6.000000
v 2.651452 -6.478410 -6.000000
v 2.431137 -6.564265 -6.000000
v 1.982439 -6.713415 -6.000000
v 1.754568 -6.776540 -6.000000
v 0.590457 -6.975053 -6.000000
v -0.590457 -6.975053 -6.000000
v -0.825697 -6.951131 -6.000000
v -1.524695 -6.831933 -6.000000
v -4.284742 -5.535430 -6.000000
v -4.822768 -5.073550 -6.000000
v -5.311307 -4.559607 -6.000000
v -6.231669 -3.188464 -6.000000
v -6.335802 -2.976175 -6.000000
v -6.996006 -0.236419 -6.000000
v -7.000000 0.000000 -6.000000
v -5.877125 3.802552 -6.000000
v -3.082759 6.284632 -6.000000
v -2.651452 6.478410 -6.000000
v -2.208047 6.642630 -6.000000
v -1.982439 6.713415 -6.000000
v 1.293082 6.879530 -6.000000
v 4.648662 5.233540 -6.000000
v 4.822768 5.073550 -6.000000
v 5.154280 4.736391 -6.000000
v 5.311307 4.559607 -6.000000
v 6.678975 2.095542 -6.000000
v 6.745940 1.868770 -6.000000
v 6.996006 -0.236419 -6.000000
v 6.984030 -0.472568 -6.000000
v 5.607008 -4.190640 -6.000000
v 5.462274 -4.377621 -6.000000
v 4.822768 -5.073550 -6.000000
v 4.469252 -5.387559 -6.000000
v 4.284742 -5.535430 -6.000000
v 4.095343 -5.676986 -6.000000
v 2.208047 -6.642630 -6.000000
v 1.293082 -6.879530 -6.000000
v 1.059994 -6.919278 -6.000000
v 0.825697 -6.951131 -6.000000
v -1.059994 -6.919278 -6.000000
v -1.293082 -6.879530 -6.000000
v -2.208047 -6.642630 -6.000000
v -2.431137 -6.564265 -6.000000
v -2.651452 -6.478410 -6.000000
v -3.082759 -6.284632 -6.000000
v -3.293258 -6.176929 -6.000000
v -3.702748 -5.940510 -6.000000
v -4.095343 -5.676986 -6.000000
v -4.469252 -5.387559 -6.000000
v -4.648662 -5.233540 -6.000000
v -4.991372 -4.907770 -6.000000
v -5.154280 -4.736391 -6.000000
v -6.120426 -3.397114 -6.000000
v -6.522268 -2.541657 -6.000000
v -6.604389 -2.319923 -6.000000
v -6.900389 1.176706 -6.000000
v -6.856710 1.409090 -6.000000
v -6.745940 1.868770 -6.000000
v -6.678975 2.095542 -6.000000
v -6.120426 3.397114 -6.000000
v -6.002200 3.601888 -6.000000
v -5.311307 4.559607 -6.000000
v -5.154280 4.736391 -6.000000
v -4.991372 4.907770 -6.000000
v -4.822768 5.073550 -6.000000
v -4.648662 5.233540 -6.000000
v -2.868742 6.385164 -6.000000
v 0.590457 6.975053 -6.000000
v 0.825697 6.951131 -6.000000
v 1.059994 6.919278 -6.000000
v 1.524695 6.831933 -6.000000
v 1.754568 6.776540 -6.000000
v 1.982439 6.713415 -6.000000
v 2.651452 6.478410 -6.000000
v 4.095343 5.676986 -6.000000
v 4.284742 5.535430 -6.000000
v 4.469252 5.387559 -6.000000
v 4.991372 4.907770 -6.000000
v 6.335802 2.976175 -6.000000
v 6.432705 2.760491 -6.000000
v 6.522268 2.541657 -6.000000
v 6.604389 2.319923 -6.000000
v 6.805207 1.639865 -6.000000
v 6.856710 1.409090 -6.000000
v 6.900389 1.176706 -6.000000
v 6.936194 -0.942980 -6.000000
v 6.856710 -1.409090 -6.000000
v 6.335802 -2.976175 -6.000000
v 6.231669 -3.188464 -6.000000
v 5.745344 -3.998878 -6.000000
v 5.311307 -4.559607 -6.000000
v 5.154280 -4.736391 -6.000000
v 4.991372 -4.907770 -6.000000
v 3.901271 -5.812064 -6.000000
v 3.702748 -5.940510 -6.000000
v 1.524695 -6.831933 -6.000000
v -2.868742 -6.385164 -6.000000
v -3.500000 -6.062178 -6.000000
v -3.901271 -5.812064 -6.000000
v -6.432705 -2.760491 -6.000000
v -6.936194 0.942980 -6.000000
v -6.805207 1.639865 -6.000000
v -5.745344 3.998878 -6.000000
v -5.607008 4.190640 -6.000000
v -5.462274 4.377621 -6.000000
v -0.825697 6.951131 -6.000000
v -0.590457 6.975053 -6.000000
v 0.354544 6.991016 -6.000000
v 2.208047 6.642630 -6.000000
v 2.431137 6.564265 -6.000000
v 2.868742 6.385164 -6.000000
v 3.082759 6.284632 -6.000000
v 3.293258 6.176929 -6.000000
v 3.901271 5.812064 -6.000000
v 6.002200 3.601888 -6.000000
v 6.231669 3.188464 -6.000000
v 6.900389 -1.176706 -6.000000
v 6.805207 -1.639865 -6.000000
v 6.745940 -1.868770 -6.000000
v 6.678975 -2.095542 -6.000000
v 6.432705 -2.760491 -6.000000
v 6.120426 -3.397114 -6.000000
v -6.984030 0.472568 -6.000000
v -6.964085 0.708178 -6.000000
v -6.231669 3.188464 -6.000000
v -1.754568 6.776540 -6.000000
v -1.524695 6.831933 -6.000000
v -1.293082 6.879530 -6.000000
v -1.059994 6.919278 -6.000000
v -0.354544 6.991016 -6.000000
v -0.118226 6.999002 -6.000000
v 0.118226 6.999002 -6.000000
v 3.500000 6.062178 -6.000000
v 3.702748 5.940510 -6.000000
v 5.607008 4.190640 -6.000000
v 5.745344 3.998878 -6.000000
v 5.877125 3.802552 -6.000000
v 6.120426 3.397114 -6.000000
v 6.604389 -2.319923 -6.000000
v 6.522268 -2.541657 -6.000000
v 6.002200 -3.601888 -6.000000
v 5.877125 -3.802552 -6.000000
v -6.996006 0.236419 -6.000000
v -6.604389 2.319923 -6.000000
v -6.522268 2.541657 -6.000000
v -6.432705 2.760491 -6.000000
v -6.335802 2.976175 -6.000000
v 5.462274 4.377621 -6.000000
v 6.999218 -0.104622 -4.396085
v 6.999803 -0.052481 -4.399016
v 7.000000 0.000000 -4.400000
v 6.996889 -0.208659 -4.384363
v 6.998243 -0.156809 -4.391190
v 6.993064 -0.311529 -4.364899
v 6.994633 -0.274064 -4.372913
v 6.996006 -0.236419 -4.379893
v 6.987826 -0.412657 -4.337802
v 6.990620 -0.362262 -4.352319
v 6.981289 -0.511477 -4.303223
v 6.984030 -0.472568 -4.317831
v 6.973594 -0.607437 -4.261356
v 6.977569 -0.559938 -4.283148
v 6.964912 -0.700001 -4.212435
v 6.969364 -0.654196 -4.237751
v 6.955432 -0.788648 -4.156734
v 6.959834 -0.748807 -4.182915
v 6.964085 -0.708178 -4.207677
v 6.945363 -0.872886 -4.094564
v 6.950469 -0.831250 -4.126509
v 6.936176 -0.943113 -4.034668
v 6.940794 -0.908500 -4.065189
v 6.934929 -0.952242 -4.026273
v 6.924360 -1.026273 -3.952242
v 6.929642 -0.989983 -3.989916
v 6.913894 -1.094564 -3.872886
v 6.919102 -1.061142 -3.913224
v 6.903765 -1.156734 -3.788648
v 6.908783 -1.126375 -3.831432
v 6.894200 -1.212436 -3.700000
v 6.900389 -1.176706 -3.758526
v 6.885418 -1.261356 -3.607437
v 6.889692 -1.237797 -3.654108
v 6.877617 -1.303223 -3.511477
v 6.881383 -1.283188 -3.559847
v 6.870974 -1.337802 -3.412657
v 6.874145 -1.321413 -3.462459
v 6.865643 -1.364899 -3.311529
v 6.868144 -1.352259 -3.362486
v 6.861745 -1.384363 -3.208659
v 6.863504 -1.375616 -3.260157
v 6.859369 -1.396085 -3.104622
v 6.860361 -1.391202 -3.156703
v 6.858571 -1.400000 -3.000000
v 6.858771 -1.399020 -3.052374
v 6.859369 -1.396085 -2.895378
v 6.858770 -1.399025 -2.947752
v 6.861745 -1.384363 -2.791341
v 6.860363 -1.391192 -2.843206
v 6.865643 -1.364899 -2.688471
v 6.863512 -1.375576 -2.739633
v 6.870974 -1.337802 -2.587343
v 6.868137 -1.352291 -2.637635
v 6.877617 -1.303223 -2.488523
v 6.874137 -1.321455 -2.537661
v 6.885418 -1.261356 -2.392563
v 6.881374 -1.283233 -2.440256
v 6.894200 -1.212436 -2.300000
v 6.889709 -1.237703 -2.345714
v 6.903765 -1.156734 -2.211352
v 6.900389 -1.176706 -2.241474
v 6.913894 -1.094564 -2.127114
v 6.908770 -1.126453 -2.168673
v 6.924360 -1.026273 -2.047758
v 6.919089 -1.061227 -2.086875
v 6.934929 -0.952242 -1.973728
v 6.929656 -0.989881 -2.009982
v 6.945363 -0.872886 -1.905436
v 6.940810 -0.908385 -1.934713
v 6.936194 -0.942980 -1.965211
v 6.955432 -0.788648 -1.843266
v 6.950457 -0.831351 -1.873565
v 6.964077 -0.708261 -1.792372
v 6.959824 -0.748899 -1.817143
v 6.964912 -0.700000 -1.787564
v 6.973594 -0.607437 -1.738644
v 6.969355 -0.654288 -1.762297
v 6.981289 -0.511477 -1.696777
v 6.977584 -0.559751 -1.716770
v 6.987826 -0.412657 -1.662198
v 6.984030 -0.472568 -1.682169
v 6.993064 -0.311529 -1.635101
v 6.990613 -0.362386 -1.647714
v 6.996004 -0.236485 -1.620118
v 6.994630 -0.274132 -1.627101
v 6.996889 -0.208659 -1.615637
v 6.999218 -0.104622 -1.603915
v 6.998246 -0.156673 -1.608794
v 6.999805 -0.052268 -1.600976
v 7.000000 0.000000 -1.600000
v 6.999218 0.104622 -1.603915
v 6.999804 0.052354 -1.600979
v 6.996889 0.208659 -1.615637
v 6.998246 0.156684 -1.608795
v 6.993064 0.311529 -1.635101
v 6.994634 0.274024 -1.627080
v 6.996006 0.236419 -1.620107
v 6.987826 0.412657 -1.662198
v 6.990609 0.362464 -1.647735
v 6.981289 0.511477 -1.696777
v 6.984030 0.472568 -1.682169
v 6.973594 0.607437 -1.738644
v 6.977578 0.559824 -1.716802
v 6.964912 0.700001 -1.787565
v 6.969374 0.654086 -1.762191
v 6.955432 0.788648 -1.843266
v 6.959820 0.748941 -1.817170
v 6.964085 0.708178 -1.792323
v 6.945363 0.872886 -1.905436
v 6.950450 0.831408 -1.873607
v 6.936176 0.943114 -1.965333
v 6.940804 0.908427 -1.934749
v 6.934929 0.952242 -1.973727
v 6.924360 1.026273 -2.047758
v 6.929654 0.989895 -2.009996
v 6.913894 1.094564 -2.127114
v 6.919108 1.061106 -2.086735
v 6.903765 1.156734 -2.211352
v 6.908763 1.126496 -2.168732
v 6.894200 1.212436 -2.300000
v 6.900389 1.176706 -2.241474
v 6.885418 1.261356 -2.392563
v 6.889703 1.237738 -2.345779
v 6.877617 1.303223 -2.488523
v 6.881392 1.283137 -2.440036
v 6.870974 1.337802 -2.587343
v 6.874133 1.321473 -2.537713
v 6.865643 1.364899 -2.688471
v 6.868133 1.352313 -2.637716
v 6.861745 1.384363 -2.791341
v 6.863508 1.375591 -2.739715
v 6.859369 1.396085 -2.895378
v 6.860364 1.391188 -2.843167
v 6.858571 1.400000 -3.000000
v 6.858772 1.399017 -2.947546
v 6.859369 1.396085 -3.104622
v 6.858772 1.399017 -3.052460
v 6.861745 1.384363 -3.208659
v 6.860363 1.391193 -3.156788
v 6.865643 1.364899 -3.311529
v 6.863507 1.375600 -3.260242
v 6.870974 1.337802 -3.412657
v 6.868131 1.352324 -3.362241
v 6.877617 1.303223 -3.511477
v 6.874149 1.321393 -3.462515
v 6.885418 1.261356 -3.607437
v 6.881388 1.283157 -3.559917
v 6.894200 1.212436 -3.700000
v 6.889699 1.237762 -3.654176
v 6.903765 1.156734 -3.788648
v 6.900389 1.176706 -3.758526
v 6.913894 1.094564 -3.872886
v 6.908769 1.126460 -3.831317
v 6.924360 1.026273 -3.952242
v 6.919109 1.061096 -3.913278
v 6.934929 0.952242 -4.026272
v 6.929649 0.989933 -3.989966
v 6.945363 0.872886 -4.094564
v 6.940800 0.908458 -4.065225
v 6.936194 0.942980 -4.034789
v 6.955432 0.788648 -4.156734
v 6.950445 0.831451 -4.126361
v 6.964077 0.708261 -4.207629
v 6.959839 0.748757 -4.182947
v 6.964912 0.700000 -4.212436
v 6.973594 0.607437 -4.261356
v 6.969370 0.654129 -4.237786
v 6.981289 0.511477 -4.303223
v 6.977575 0.559868 -4.283179
v 6.987826 0.412657 -4.337802
v 6.984030 0.472568 -4.317831
v 6.993064 0.311529 -4.364899
v 6.990611 0.362425 -4.352275
v 6.996004 0.236485 -4.379882
v 6.994634 0.274043 -4.372917
v 6.996889 0.208659 -4.384363
v 6.999218 0.104622 -4.396085
v 6.998244 0.156769 -4.391195
v 6.999804 0.052440 -4.399018
v 6.856710 1.409090 0.000000
v 6.805207 1.639865 0.000000
v 6.745940 1.868770 0.000000
v 6.678975 2.095542 0.000000
v 6.604389 2.319923 0.000000
v 6.522268 2.541657 0.000000
v 6.432705 2.760491 0.000000
v 6.335802 2.976175 0.000000
v 6.231669 3.188464 0.000000
v 6.120426 3.397114 0.000000
v 6.002200 3.601888 0.000000
v 5.877125 3.802552 0.000000
v 5.745344 3.998878 0.000000
v 5.607008 4.190640 0.000000
v 5.462274 4.377621 0.000000
v 5.311307 4.559607 0.000000
v 5.154280 4.736391 0.000000
v 4.991372 4.907770 0.000000
v 4.822768 5.073550 0.000000
v 4.648662 5.233540 0.000000
v 4.469252 5.387559 0.000000
v 4.284742 5.535430 0.000000
v 4.095343 5.676986 0.000000
v 3.901271 5.812064 0.000000
v 3.702748 5.940510 0.000000
v 3.500000 6.062178 0.000000
v 3.293258 6.176929 0.000000
v 3.082759 6.284632 0.000000
v 2.868742 6.385164 0.000000
v 2.651452 6.478410 0.000000
v 2.431137 6.564265 0.000000
v 2.208047 6.642630 0.000000
v 1.982439 6.713415 0.000000
v 1.754568 6.776540 0.000000
v 1.524695 6.831933 0.000000
v 1.293082 6.879530 0.000000
v 1.059994 6.919278 0.000000
v 0.825697 6.951131 0.000000
v 0.590457 6.975053 0.000000
v 0.354544 6.991016 0.000000
v 0.118226 6.999002 0.000000
v -0.118226 6.999002 0.000000
v -0.354544 6.991016 0.000000
v -0.590457 6.975053 0.000000
v -0.825697 6.951131 0.000000
v -1.059994 6.919278 0.000000
v -1.293082 6.879530 0.000000
v -1.524695 6.831933 0.000000
v -1.754568 6.776540 0.000000
v -1.982439 6.713415 0.000000
v -2.208047 6.642630 0.000000
v -2.431137 6.564265 0.000000
v -2.651452 6.478410 0.000000
v -2.868742 6.385164 0.000000
v -3.082759 6.284632 0.000000
v -3.293258 6.176929 0.000000
v -3.500000 6.062178 0.000000
v -3.702748 5.940510 0.000000
v -3.901271 5.812064 0.000000
v -4.095343 5.676986 0.000000
v -4.284742 5.535430 0.000000
v -4.469252 5.387559 0.000000
v -4.648662 5.233540 0.000000
v -4.822768 5.073550 0.000000
v -4.991372 4.907770 0.000000
v -5.154280 4.736391 0.000000
v -5.311307 4.559607 0.000000
v -5.462274 4.377621 0.000000
v -5.607008 4.190640 0.000000
v -5.745344 3.998878 0.000000
v -5.877125 3.802552 0.000000
v -6.002200 3.601888 0.000000
v -6.120426 3.397114 0.000000
v -6.231669 3.188464 0.000000
v -6.335802 2.976175 0.000000
v -6.432705 2.760491 0.000000
v -6.522268 2.541657 0.000000
v -6.604389 2.319923 0.000000
v -6.678975 2.095542 0.000000
v -6.745940 1.868770 0.000000
v -6.805207 1.639865 0.000000
v -6.856710 1.409090 0.000000
v -6.900389 1.176706 0.000000
v -6.936194 0.942980 0.000000
v -6.964085 0.708178 0.000000
v -6.984030 0.472568 0.000000
v -6.996006 0.236419 0.000000
v -7.000000 0.000000 0.000000
v -6.996006 -0.236419 0.000000
v -6.984030 -0.472568 0.000000
v -6.964085 -0.708178 0.000000
v -6.936194 -0.942980 0.000000
v -6.900389 -1.176706 0.000000
v -6.856710 -1.409090 0.000000
v -6.805207 -1.639865 0.000000
v -6.745940 -1.868770 0.000000
v -6.678975 -2.095542 0.000000
v -6.604389 -2.319923 0.000000
v -6.522268 -2.541657 0.000000
v -6.432705 -2.760491 0.000000
v -6.335802 -2.976175 0.000000
v -6.231669 -3.188464 0.000000
v -6.120426 -3.397114 0.000000
v -6.002200 -3.601888 0.000000
v -5.877125 -3.802552 0.000000
v -5.745344 -3.998878 0.000000
v -5.607008 -4.190640 0.000000
v -5.462274 -4.377621 0.000000
v -5.311307 -4.559607 0.000000
v -5.154280 -4.736391 0.000000
v -4.991372 -4.907770 0.000000
v -4.822768 -5.073550 0.000000
v -4.648662 -5.233540 0.000000
v -4.469252 -5.387559 0.000000
v -4.284742 -5.535430 0.000000
v -4.095343 -5.676986 0.000000
v -3.901271 -5.812064 0.000000
v -3.702748 -5.940510 0.000000
v -3.500000 -6.062178 0.000000
v -3.293258 -6.176929 0.000000
v -3.082759 -6.284632 0.000000
v -2.868742 -6.385164 0.000000
v -2.651452 -6.478410 0.000000
v -2.431137 -6.564265 0.000000
v -2.208047 -6.642630 0.000000
v -1.982439 -6.713415 0.000000
v -1.754568 -6.776540 0.000000
v -1.524695 -6.831933 0.000000
v -1.293082 -6.879530 0.000000
v -1.059994 -6.919278 0.000000
v -0.825697 -6.951131 0.000000
v -0.590457 -6.975053 0.000000
v -0.354544 -6.991016 0.000000
v 0.118226 -6.999002 0.000000
v -0.118226 -6.999002 0.000000
v 0.354544 -6.991016 0.000000
v 0.590457 -6.975053 0.000000
v 0.825697 -6.951131 0.000000
v 1.059994 -6.919278 0.000000
v 1.293082 -6.879530 0.000000
v 1.524695 -6.831933 0.000000
v 1.754568 -6.776540 0.000000
v 1.982439 -6.713415 0.000000
v 2.208047 -6.642630 0.000000
v 2.431137 -6.564265 0.000000
v 2.651452 -6.478410 0.000000
v 2.868742 -6.385164 0.000000
v 3.082759 -6.284632 0.000000
v 3.293258 -6.176929 0.000000
v 3.500000 -6.062178 0.000000
v 3.702748 -5.940510 0.000000
v 3.901271 -5.812064 0.000000
v 4.095343 -5.676986 0.000000
v 4.284742 -5.535430 0.000000
v 4.469252 -5.387559 0.000000
v 4.648662 -5.233540 0.000000
v 4.822768 -5.073550 0.000000
v 4.991372 -4.907770 0.000000
v 5.154280 -4.736391 0.000000
v 5.311307 -4.559607 0.000000
v 5.462274 -4.377621 0.000000
v 5.607008 -4.190640 0.000000
v 5.745344 -3.998878 0.000000
v 5.877125 -3.802552 0.000000
v 6.002200 -3.601888 0.000000
v 6.120426 -3.397114 0.000000
v 6.231669 -3.188464 0.000000
v 6.335802 -2.976175 0.000000
v 6.432705 -2.760491 0.000000
v 6.522268 -2.541657 0.000000
v 6.604389 -2.319923 0.000000
v 6.678975 -2.095542 0.000000
v 6.745940 -1.868770 0.000000
v 6.805207 -1.639865 0.000000
v 6.856710 -1.409090 0.000000
v 6.900389 -1.176706 0.000000
v 6.936194 -0.942980 0.000000
v 6.964085 -0.708178 0.000000
v 6.984030 -0.472568 0.000000
v 6.996006 -0.236419 0.000000
v 7.000000 0.000000 0.000000
v 6.996006 0.236419 0.000000
v 6.984030 0.472568 0.000000
v 6.964085 0.708178 0.000000
v 6.936194 0.942980 0.000000
v 6.900389 1.176706 0.000000
v 1.358278 -16.874231 6.000000
v -1.318208 -17.341569 6.000000
v -1.302652 -17.444467 6.000000
v -3.055377 -16.650803 6.000000
v -5.761620 -16.409492 6.000000
v -5.773226 -16.512910 6.000000
v -7.260812 -15.292651 6.000000
v -9.812387 -14.359135 6.000000
v -9.850363 -14.456025 6.000000
v -10.971436 -12.892330 6.000000
v -13.194455 -11.330227 6.000000
v -13.256215 -11.413986 6.000000
v 16.650803 -3.055377 6.000000
v 16.409492 -5.761620 6.000000
v 16.512910 -5.773226 6.000000
v 15.292651 -7.260812 6.000000
v 14.359135 -9.812387 6.000000
v 14.456025 -9.850363 6.000000
v 12.892330 -10.971436 6.000000
v 11.330227 -13.194455 6.000000
v 11.413986 -13.256215 6.000000
v 9.613418 -13.934374 6.000000
v 7.529183 -15.677344 6.000000
v 7.594103 -15.758678 6.000000
v 5.679368 -15.947707 6.000000
v 3.215037 -17.091847 6.000000
v 3.256695 -17.187212 6.000000
v 0.352881 -19.541314 6.000000
v 1.285708 -17.536923 6.000000
v 1.305140 -17.429501 6.000000
v -1.331080 -17.232415 6.000000
v -4.716808 -18.966792 6.000000
v -3.296991 -17.272132 6.000000
v -3.250419 -17.173400 6.000000
v -5.745802 -16.300726 6.000000
v -9.465053 -17.099715 6.000000
v -7.655006 -15.830274 6.000000
v -7.584466 -15.746961 6.000000
v -9.768957 -14.258169 6.000000
v -13.568271 -14.067320 6.000000
v -11.491344 -13.309609 6.000000
v -11.401645 -13.247392 6.000000
v -13.126373 -11.243942 6.000000
v -16.874231 -1.358278 6.000000
v -17.341569 1.318208 6.000000
v -17.444467 1.302652 6.000000
v -16.650803 3.055377 6.000000
v -16.409492 5.761620 6.000000
v -16.512910 5.773226 6.000000
v -15.292651 7.260812 6.000000
v -14.359135 9.812387 6.000000
v -14.456025 9.850363 6.000000
v -12.892330 10.971436 6.000000
v -11.330227 13.194455 6.000000
v -11.413986 13.256215 6.000000
v -1.358278 16.874231 6.000000
v 1.318208 17.341569 6.000000
v 1.302652 17.444467 6.000000
v 3.055377 16.650803 6.000000
v 5.761620 16.409492 6.000000
v 5.773226 16.512910 6.000000
v 7.260812 15.292651 6.000000
v 9.812387 14.359135 6.000000
v 9.850363 14.456025 6.000000
v 10.971436 12.892330 6.000000
v 13.194455 11.330227 6.000000
v 13.256215 11.413986 6.000000
v 18.966792 -4.716808 6.000000
v 17.272132 -3.296991 6.000000
v 17.173400 -3.250419 6.000000
v 16.300726 -5.745802 6.000000
v 17.099715 -9.465053 6.000000
v 15.830274 -7.655006 6.000000
v 15.746961 -7.584466 6.000000
v 14.258169 -9.768957 6.000000
v 14.067320 -13.568271 6.000000
v 13.309609 -11.491344 6.000000
v 13.247392 -11.401645 6.000000
v 11.243942 -13.126373 6.000000
v 10.076261 -16.746834 6.000000
v 9.881917 -14.544567 6.000000
v 9.845035 -14.441821 6.000000
v 7.463458 -15.589249 6.000000
v 5.398521 -18.784128 6.000000
v 5.780788 -16.606601 6.000000
v 5.771755 -16.497810 6.000000
v 3.174353 -16.989743 6.000000
v 1.321438 -17.316612 6.000000
v -1.282366 -17.553645 6.000000
v -3.205458 -17.068576 6.000000
v -5.781888 -16.623618 6.000000
v -7.513907 -15.657345 6.000000
v -9.887384 -14.560720 6.000000
v -11.310296 -13.179091 6.000000
v -13.319071 -11.505532 6.000000
v -13.934374 -9.613418 6.000000
v -15.677344 -7.529183 6.000000
v -15.758678 -7.594103 6.000000
v -15.947707 -5.679368 6.000000
v -17.091847 -3.215037 6.000000
v -17.187212 -3.256695 6.000000
v -19.541314 -0.352881 6.000000
v -17.536923 -1.285708 6.000000
v -17.429501 -1.305140 6.000000
v -17.232415 1.331080 6.000000
v -18.966792 4.716808 6.000000
v -17.272132 3.296991 6.000000
v -17.173400 3.250419 6.000000
v -16.300726 5.745802 6.000000
v -17.099715 9.465053 6.000000
v -15.830274 7.655006 6.000000
v -15.746961 7.584466 6.000000
v -14.258169 9.768957 6.000000
v -14.067320 13.568271 6.000000
v -13.309609 11.491344 6.000000
v -13.247392 11.401645 6.000000
v -11.243942 13.126373 6.000000
v -9.613418 13.934374 6.000000
v -7.529183 15.677344 6.000000
v -7.594103 15.758678 6.000000
v -5.679368 15.947707 6.000000
v -3.215037 17.091847 6.000000
v -3.256695 17.187212 6.000000
v -0.352881 19.541314 6.000000
v -1.285708 17.536923 6.000000
v -1.305140 17.429501 6.000000
v 1.331080 17.232415 6.000000
v 4.716808 18.966792 6.000000
v 3.296991 17.272132 6.000000
v 3.250419 17.173400 6.000000
v 5.745802 16.300726 6.000000
v 9.465053 17.099715 6.000000
v 7.655006 15.830274 6.000000
v 7.584466 15.746961 6.000000
v 9.768957 14.258169 6.000000
v 13.568271 14.067320 6.000000
v 11.491344 13.309609 6.000000
v 11.401645 13.247392 6.000000
v 13.126373 11.243942 6.000000
v 13.934374 9.613418 6.000000
v 15.677344 7.529183 6.000000
v 15.758678 7.594103 6.000000
v 15.947707 5.679368 6.000000
v 17.091847 3.215037 6.000000
v 17.187212 3.256695 6.000000
v 17.068576 -3.205458 6.000000
v 16.623618 -5.781888 6.000000
v 15.657345 -7.513907 6.000000
v 14.560720 -9.887384 6.000000
v 13.179091 -11.310296 6.000000
v 11.505532 -13.319071 6.000000
v 9.802705 -14.335907 6.000000
v 7.666261 -15.843085 6.000000
v 5.758280 -16.384549 6.000000
v 3.304547 -17.287420 6.000000
v 1.261313 -17.651148 6.000000
v -1.100517 -18.206249 6.000000
v -1.045896 -18.359963 6.000000
v -1.257161 -17.669087 6.000000
v -3.350119 -17.376151 6.000000
v -5.775142 -17.301052 6.000000
v -5.762165 -17.463664 6.000000
v -5.787420 -16.741650 6.000000
v -7.733245 -15.916999 6.000000
v -10.056200 -15.216816 6.000000
v -10.085753 -15.377246 6.000000
v -9.923277 -14.673298 6.000000
v -11.589364 -13.373129 6.000000
v -13.651945 -12.095580 6.000000
v -13.722014 -12.242894 6.000000
v -13.382878 -11.604984 6.000000
v -16.746834 -10.076261 6.000000
v -14.544567 -9.881917 6.000000
v -14.441821 -9.845035 6.000000
v -15.589249 -7.463458 6.000000
v -18.784128 -5.398521 6.000000
v -16.606601 -5.780788 6.000000
v -16.497810 -5.771755 6.000000
v -16.989743 -3.174353 6.000000
v -17.316612 -1.321438 6.000000
v -17.553645 1.282366 6.000000
v -17.068576 3.205458 6.000000
v -16.623618 5.781888 6.000000
v -15.657345 7.513907 6.000000
v -14.560720 9.887384 6.000000
v -13.179091 11.310296 6.000000
v -11.505532 13.319071 6.000000
v -10.076261 16.746834 6.000000
v -9.881917 14.544567 6.000000
v -9.845035 14.441821 6.000000
v -7.463458 15.589249 6.000000
v -5.398521 18.784128 6.000000
v -5.780788 16.606601 6.000000
v -5.771755 16.497810 6.000000
v -3.174353 16.989743 6.000000
v -1.321438 17.316612 6.000000
v 1.282366 17.553645 6.000000
v 3.205458 17.068576 6.000000
v 5.781888 16.623618 6.000000
v 7.513907 15.657345 6.000000
v 9.887384 14.560720 6.000000
v 11.310296 13.179091 6.000000
v 13.319071 11.505532 6.000000
v 16.746834 10.076261 6.000000
v 14.544567 9.881917 6.000000
v 14.441821 9.845035 6.000000
v 15.589249 7.463458 6.000000
v 18.784128 5.398521 6.000000
v 16.606601 5.780788 6.000000
v 16.497810 5.771755 6.000000
v 16.989743 3.174353 6.000000
v 17.376151 -3.350119 6.000000
v 17.301052 -5.775142 6.000000
v 17.463664 -5.762165 6.000000
v 16.741650 -5.787420 6.000000
v 15.916999 -7.733245 6.000000
v 15.216816 -10.056200 6.000000
v 15.377246 -10.085753 6.000000
v 14.673298 -9.923277 6.000000
v 13.373129 -11.589364 6.000000
v 12.095580 -13.651945 6.000000
v 12.242894 -13.722014 6.000000
v 11.604984 -13.382878 6.000000
v 9.917903 -14.655686 6.000000
v 8.150049 -16.317333 6.000000
v 8.274209 -16.423142 6.000000
v 7.745810 -15.930458 6.000000
v 5.786788 -16.723248 6.000000
v 3.649107 -17.870721 6.000000
v 3.741651 -18.005060 6.000000
v 3.358772 -17.392404 6.000000
v 1.231598 -17.772757 6.000000
v 0.986549 -18.514882 6.000000
v 1.047284 -18.356199 6.000000
v -1.148837 -18.059194 6.000000
v -1.342735 -17.104043 6.000000
v -3.410296 -17.485926 6.000000
v -3.839071 -18.139341 6.000000
v -3.739336 -18.001784 6.000000
v -5.783755 -17.146501 6.000000
v -5.723835 -16.173712 6.000000
v -7.819784 -16.007458 6.000000
v -8.403065 -16.527633 6.000000
v -8.271126 -16.420577 6.000000
v -10.024519 -15.065302 6.000000
v -9.714864 -14.141168 6.000000
v -11.696366 -13.438108 6.000000
v -12.394403 -13.789594 6.000000
v -12.239252 -13.720334 6.000000
v -13.582129 -11.957428 6.000000
v -13.043842 -11.144928 6.000000
v -14.335907 -9.802705 6.000000
v -15.843085 -7.666261 6.000000
v -16.384549 -5.758280 6.000000
v -17.287420 -3.304547 6.000000
v -17.651148 -1.261313 6.000000
v -18.206249 1.100517 6.000000
v -18.359963 1.045896 6.000000
v -17.669087 1.257161 6.000000
v -17.376151 3.350119 6.000000
v -17.301052 5.775142 6.000000
v -17.463664 5.762165 6.000000
v -16.741650 5.787420 6.000000
v -15.916999 7.733245 6.000000
v -15.216816 10.056200 6.000000
v -15.377246 10.085753 6.000000
v -14.673298 9.923277 6.000000
v -13.373129 11.589364 6.000000
v -12.095580 13.651945 6.000000
v -12.242894 13.722014 6.000000
v -11.604984 13.382878 6.000000
v -9.802705 14.335907 6.000000
v -7.666261 15.843085 6.000000
v -5.758280 16.384549 6.000000
v -3.304547 17.287420 6.000000
v -1.261313 17.651148 6.000000
v 1.100517 18.206249 6.000000
v 1.045896 18.359963 6.000000
v 1.257161 17.669087 6.000000
v 3.350119 17.376151 6.000000
v 5.775142 17.301052 6.000000
v 5.762165 17.463664 6.000000
v 5.787420 16.741650 6.000000
v 7.733245 15.916999 6.000000
v 10.056200 15.216816 6.000000
v 10.085753 15.377246 6.000000
v 9.923277 14.673298 6.000000
v 11.589364 13.373129 6.000000
v 13.651945 12.095580 6.000000
v 13.722014 12.242894 6.000000
v 13.382878 11.604984 6.000000
v 14.335907 9.802705 6.000000
v 15.843085 7.666261 6.000000
v 16.384549 5.758280 6.000000
v 17.287420 3.304547 6.000000
v 17.485926 -3.410296 6.000000
v 18.139341 -3.839071 6.000000
v 18.001784 -3.739336 6.000000
v 17.146501 -5.783755 6.000000
v 16.173712 -5.723835 6.000000
v 16.007458 -7.819784 6.000000
v 16.527633 -8.403065 6.000000
v 16.420577 -8.271126 6.000000
v 15.065302 -10.024519 6.000000
v 14.141168 -9.714864 6.000000
v 13.438108 -11.696366 6.000000
v 13.789594 -12.394403 6.000000
v 13.720334 -12.239252 6.000000
v 11.957428 -13.582129 6.000000
v 11.144928 -13.043842 6.000000
v 9.952973 -14.775860 6.000000
v 10.111817 -15.541084 6.000000
v 10.085074 -15.373293 6.000000
v 8.034675 -16.214139 6.000000
v 7.389179 -15.483904 6.000000
v 5.789560 -16.848404 6.000000
v 5.744937 -17.628665 6.000000
v 5.762532 -17.459670 6.000000
v 3.564372 -17.741183 6.000000
v 3.129869 -16.868762 6.000000
v 1.196146 -17.902492 6.000000
v 1.103078 -18.198735 6.000000
v -0.987737 -18.511888 6.000000
v -1.226710 -17.791475 6.000000
v -3.478118 -17.602065 6.000000
v -3.644687 -17.864125 6.000000
v -5.745310 -17.625466 6.000000
v -5.789684 -16.867749 6.000000
v -7.915353 -16.102086 6.000000
v -8.144074 -16.312106 6.000000
v -10.111349 -15.537897 6.000000
v -9.958100 -14.794514 6.000000
v -11.813170 -13.504776 6.000000
v -12.088455 -13.648443 6.000000
v -13.788317 -12.391446 6.000000
v -13.447888 -11.713057 6.000000
v -14.655686 -9.917903 6.000000
v -16.317333 -8.150049 6.000000
v -16.423142 -8.274209 6.000000
v -15.930458 -7.745810 6.000000
v -16.723248 -5.786788 6.000000
v -17.870721 -3.649107 6.000000
v -18.005060 -3.741651 6.000000
v -17.392404 -3.358772 6.000000
v -17.772757 -1.231598 6.000000
v -18.514882 -0.986549 6.000000
v -18.356199 -1.047284 6.000000
v -18.059194 1.148837 6.000000
v -17.104043 1.342735 6.000000
v -17.485926 3.410296 6.000000
v -18.139341 3.839071 6.000000
v -18.001784 3.739336 6.000000
v -17.146501 5.783755 6.000000
v -16.173712 5.723835 6.000000
v -16.007458 7.819784 6.000000
v -16.527633 8.403065 6.000000
v -16.420577 8.271126 6.000000
v -15.065302 10.024519 6.000000
v -14.141168 9.714864 6.000000
v -13.438108 11.696366 6.000000
v -13.789594 12.394403 6.000000
v -13.720334 12.239252 6.000000
v -11.957428 13.582129 6.000000
v -11.144928 13.043842 6.000000
v -9.917903 14.655686 6.000000
v -8.150049 16.317333 6.000000
v -8.274209 16.423142 6.000000
v -7.745810 15.930458 6.000000
v -5.786788 16.723248 6.000000
v -3.649107 17.870721 6.000000
v -3.741651 18.005060 6.000000
v -3.358772 17.392404 6.000000
v -1.231598 17.772757 6.000000
v -0.986549 18.514882 6.000000
v -1.047284 18.356199 6.000000
v 1.148837 18.059194 6.000000
v 1.342735 17.104043 6.000000
v 3.410296 17.485926 6.000000
v 3.839071 18.139341 6.000000
v 3.739336 18.001784 6.000000
v 5.783755 17.146501 6.000000
v 5.723835 16.173712 6.000000
v 7.819784 16.007458 6.000000
v 8.403065 16.527633 6.000000
v 8.271126 16.420577 6.000000
v 10.024519 15.065302 6.000000
v 9.714864 14.141168 6.000000
v 11.696366 13.438108 6.000000
v 12.394403 13.789594 6.000000
v 12.239252 13.720334 6.000000
v 13.582129 11.957428 6.000000
v 13.043842 11.144928 6.000000
v 14.655686 9.917903 6.000000
v 16.317333 8.150049 6.000000
v 16.423142 8.274209 6.000000
v 15.930458 7.745810 6.000000
v 16.723248 5.786788 6.000000
v 17.870721 3.649107 6.000000
v 18.005060 3.741651 6.000000
v 17.392404 3.358772 6.000000
v 17.602065 -3.478118 6.000000
v 17.864125 -3.644687 6.000000
v 17.625466 -5.745310 6.000000
v 16.867749 -5.789684 6.000000
v 16.102086 -7.915353 6.000000
v 16.312106 -8.144074 6.000000
v 15.537897 -10.111349 6.000000
v 14.794514 -9.958100 6.000000
v 13.504776 -11.813170 6.000000
v 13.648443 -12.088455 6.000000
v 12.391446 -13.788317 6.000000
v 11.713057 -13.447888 6.000000
v 9.987139 -14.905940 6.000000
v 10.054661 -15.209027 6.000000
v 8.400539 -16.525634 6.000000
v 7.833375 -16.021224 6.000000
v 5.788894 -16.982894 6.000000
v 5.775671 -17.293130 6.000000
v 3.837149 -18.136756 6.000000
v 3.419861 -17.502741 6.000000
v 1.154373 -18.041596 6.000000
v 0.920369 -18.675775 6.000000
v -0.925078 -18.664684 6.000000
v -1.190714 -17.921298 6.000000
v -3.554470 -17.725617 6.000000
v -3.944638 -18.277623 6.000000
v -5.724333 -17.789272 6.000000
v -5.788515 -17.002465 6.000000
v -8.021082 -16.201667 6.000000
v -8.540825 -16.633880 6.000000
v -10.133483 -15.701551 6.000000
v -9.991838 -14.924942 6.000000
v -11.941070 -13.573599 6.000000
v -12.554968 -13.856566 6.000000
v -13.852054 -12.543795 6.000000
v -13.514233 -11.830309 6.000000
v -14.775860 -9.952973 6.000000
v -15.541084 -10.111817 6.000000
v -15.373293 -10.085074 6.000000
v -16.214139 -8.034675 6.000000
v -15.483904 -7.389179 6.000000
v -16.848404 -5.789560 6.000000
v -17.628665 -5.744937 6.000000
v -17.459670 -5.762532 6.000000
v -17.741183 -3.564372 6.000000
v -16.868762 -3.129869 6.000000
v -17.902492 -1.196146 6.000000
v -18.198735 -1.103078 6.000000
v -18.511888 0.987737 6.000000
v -17.791475 1.226710 6.000000
v -17.602065 3.478118 6.000000
v -17.864125 3.644687 6.000000
v -17.625466 5.745310 6.000000
v -16.867749 5.789684 6.000000
v -16.102086 7.915353 6.000000
v -16.312106 8.144074 6.000000
v -15.537897 10.111349 6.000000
v -14.794514 9.958100 6.000000
v -13.504776 11.813170 6.000000
v -13.648443 12.088455 6.000000
v -12.391446 13.788317 6.000000
v -11.713057 13.447888 6.000000
v -9.952973 14.775860 6.000000
v -10.111817 15.541084 6.000000
v -10.085074 15.373293 6.000000
v -8.034675 16.214139 6.000000
v -7.389179 15.483904 6.000000
v -5.789560 16.848404 6.000000
v -5.744937 17.628665 6.000000
v -5.762532 17.459670 6.000000
v -3.564372 17.741183 6.000000
v -3.129869 16.868762 6.000000
v -1.196146 17.902492 6.000000
v -1.103078 18.198735 6.000000
v 0.987737 18.511888 6.000000
v 1.226710 17.791475 6.000000
v 3.478118 17.602065 6.000000
v 3.644687 17.864125 6.000000
v 5.745310 17.625466 6.000000
v 5.789684 16.867749 6.000000
v 7.915353 16.102086 6.000000
v 8.144074 16.312106 6.000000
v 10.111349 15.537897 6.000000
v 9.958100 14.794514 6.000000
v 11.813170 13.504776 6.000000
v 12.088455 13.648443 6.000000
v 13.788317 12.391446 6.000000
v 13.447888 11.713057 6.000000
v 14.775860 9.952973 6.000000
v 15.541084 10.111817 6.000000
v 15.373293 10.085074 6.000000
v 16.214139 8.034675 6.000000
v 15.483904 7.389179 6.000000
v 16.848404 5.789560 6.000000
v 17.628665 5.744937 6.000000
v 17.459670 5.762532 6.000000
v 17.741183 3.564372 6.000000
v 16.868762 3.129869 6.000000
v 17.725617 -3.554470 6.000000
v 18.277623 -3.944638 6.000000
v 17.789272 -5.724333 6.000000
v 17.002465 -5.788515 6.000000
v 16.201667 -8.021082 6.000000
v 16.633880 -8.540825 6.000000
v 15.701551 -10.133483 6.000000
v 14.924942 -9.991838 6.000000
v 13.573599 -11.941070 6.000000
v 13.856566 -12.554968 6.000000
v 12.543795 -13.852054 6.000000
v 11.830309 -13.514233 6.000000
v 10.020514 -15.047294 6.000000
v 10.134950 -15.713511 6.000000
v 8.531201 -16.626630 6.000000
v 7.929460 -16.115656 6.000000
v 5.784547 -17.128070 6.000000
v 5.722654 -17.801205 6.000000
v 3.937219 -18.268128 6.000000
v 3.488231 -17.618824 6.000000
v 1.333633 -17.207159 6.000000
v 0.848074 -18.840097 6.000000
v -3.165350 -16.966009 6.000000
v -4.056999 -18.417634 6.000000
v -7.448619 -15.568653 6.000000
v -8.685595 -16.740040 6.000000
v -11.224278 -13.110320 6.000000
v -12.722282 -13.921640 6.000000
v -14.905940 -9.987139 6.000000
v -15.209027 -10.054661 6.000000
v -16.525634 -8.400539 6.000000
v -16.021224 -7.833375 6.000000
v -16.982894 -5.788894 6.000000
v -17.293130 -5.775671 6.000000
v -18.136756 -3.837149 6.000000
v -17.502741 -3.419861 6.000000
v -18.041596 -1.154373 6.000000
v -18.675775 -0.920369 6.000000
v -18.664684 0.925078 6.000000
v -17.921298 1.190714 6.000000
v -17.725617 3.554470 6.000000
v -18.277623 3.944638 6.000000
v -17.789272 5.724333 6.000000
v -17.002465 5.788515 6.000000
v -16.201667 8.021082 6.000000
v -16.633880 8.540825 6.000000
v -15.701551 10.133483 6.000000
v -14.924942 9.991838 6.000000
v -13.573599 11.941070 6.000000
v -13.856566 12.554968 6.000000
v -12.543795 13.852054 6.000000
v -11.830309 13.514233 6.000000
v -9.987139 14.905940 6.000000
v -10.054661 15.209027 6.000000
v -8.400539 16.525634 6.000000
v -7.833375 16.021224 6.000000
v -5.788894 16.982894 6.000000
v -5.775671 17.293130 6.000000
v -3.837149 18.136756 6.000000
v -3.419861 17.502741 6.000000
v -1.154373 18.041596 6.000000
v -0.920369 18.675775 6.000000
v 0.925078 18.664684 6.000000
v 1.190714 17.921298 6.000000
v 3.554470 17.725617 6.000000
v 3.944638 18.277623 6.000000
v 5.724333 17.789272 6.000000
v 5.788515 17.002465 6.000000
v 8.021082 16.201667 6.000000
v 8.540825 16.633880 6.000000
v 10.133483 15.701551 6.000000
v 9.991838 14.924942 6.000000
v 11.941070 13.573599 6.000000
v 12.554968 13.856566 6.000000
v 13.852054 12.543795 6.000000
v 13.514233 11.830309 6.000000
v 14.905940 9.987139 6.000000
v 15.209027 10.054661 6.000000
v 16.525634 8.400539 6.000000
v 16.021224 7.833375 6.000000
v 16.982894 5.788894 6.000000
v 17.293130 5.775671 6.000000
v 18.136756 3.837149 6.000000
v 17.502741 3.419861 6.000000
v 16.966009 -3.165350 6.000000
v 18.417634 -4.056999 6.000000
v 15.568653 -7.448619 6.000000
v 16.740040 -8.685595 6.000000
v 13.110320 -11.224278 6.000000
v 13.921640 -12.722282 6.000000
v 9.758540 -14.235020 6.000000
v 10.154502 -15.891966 6.000000
v 5.741731 -16.275670 6.000000
v 5.695353 -17.978639 6.000000
v -0.857564 -18.819119 6.000000
v -5.699090 -17.955919 6.000000
v -10.152232 -15.869053 6.000000
v -13.913516 -12.700737 6.000000
v -15.047294 -10.020514 6.000000
v -15.713511 -10.134950 6.000000
v -16.626630 -8.531201 6.000000
v -16.115656 -7.929460 6.000000
v -17.128070 -5.784547 6.000000
v -17.801205 -5.722654 6.000000
v -18.268128 -3.937219 6.000000
v -17.618824 -3.488231 6.000000
v -17.207159 -1.333633 6.000000
v -18.840097 -0.848074 6.000000
v -16.966009 3.165350 6.000000
v -18.417634 4.056999 6.000000
v -15.568653 7.448619 6.000000
v -16.740040 8.685595 6.000000
v -13.110320 11.224278 6.000000
v -13.921640 12.722282 6.000000
v -10.020514 15.047294 6.000000
v -10.134950 15.713511 6.000000
v -8.531201 16.626630 6.000000
v -7.929460 16.115656 6.000000
v -5.784547 17.128070 6.000000
v -5.722654 17.801205 6.000000
v -3.937219 18.268128 6.000000
v -3.488231 17.618824 6.000000
v -1.333633 17.207159 6.000000
v -0.848074 18.840097 6.000000
v 3.165350 16.966009 6.000000
v 4.056999 18.417634 6.000000
v 7.448619 15.568653 6.000000
v 8.685595 16.740040 6.000000
v 11.224278 13.110320 6.000000
v 12.722282 13.921640 6.000000
v 15.047294 10.020514 6.000000
v 15.713511 10.134950 6.000000
v 16.626630 8.531201 6.000000
v 16.115656 7.929460 6.000000
v 17.128070 5.784547 6.000000
v 17.801205 5.722654 6.000000
v 18.268128 3.937219 6.000000
v 17.618824 3.488231 6.000000
v 17.955919 -5.699090 6.000000
v 15.869053 -10.152232 6.000000
v 12.700737 -13.913516 6.000000
v 8.666887 -16.726617 6.000000
v 4.042403 -18.399827 6.000000
v 0.768758 -19.009407 6.000000
v -0.784733 -18.976114 6.000000
v -4.177433 -18.560647 6.000000
v -5.669373 -18.126415 6.000000
v -8.838939 -16.847009 6.000000
v -10.167655 -16.041430 6.000000
v -12.898087 -13.985275 6.000000
v -13.973028 -12.863249 6.000000
v -14.235020 -9.758540 6.000000
v -15.891966 -10.154502 6.000000
v -16.275670 -5.741731 6.000000
v -17.978639 -5.695353 6.000000
v -18.819119 0.857564 6.000000
v -17.955919 5.699090 6.000000
v -15.869053 10.152232 6.000000
v -12.700737 13.913516 6.000000
v -9.758540 14.235020 6.000000
v -10.154502 15.891966 6.000000
v -5.741731 16.275670 6.000000
v -5.695353 17.978639 6.000000
v 0.857564 18.819119 6.000000
v 5.699090 17.955919 6.000000
v 10.152232 15.869053 6.000000
v 13.913516 12.700737 6.000000
v 14.235020 9.758540 6.000000
v 15.891966 10.154502 6.000000
v 16.275670 5.741731 6.000000
v 17.978639 5.695353 6.000000
v 18.560647 -4.177433 6.000000
v 18.126415 -5.669373 6.000000
v 16.847009 -8.838939 6.000000
v 16.041430 -10.167655 6.000000
v 13.985275 -12.898087 6.000000
v 12.863249 -13.973028 6.000000
v 10.170468 -16.078250 6.000000
v 8.808458 -16.826163 6.000000
v 5.662560 -18.162708 6.000000
v 4.153386 -18.532622 6.000000
v 0.681335 -19.185436 6.000000
v -1.354394 -16.937157 6.000000
v -4.307437 -18.708051 6.000000
v -5.691903 -16.009494 6.000000
v -9.002665 -16.955742 6.000000
v -9.641518 -13.990811 6.000000
v -13.084376 -14.047928 6.000000
v -12.934080 -11.018677 6.000000
v -16.726617 -8.666887 6.000000
v -18.399827 -4.042403 6.000000
v -19.009407 -0.768758 6.000000
v -18.976114 0.784733 6.000000
v -18.560647 4.177433 6.000000
v -18.126415 5.669373 6.000000
v -16.847009 8.838939 6.000000
v -16.041430 10.167655 6.000000
v -13.985275 12.898087 6.000000
v -12.863249 13.973028 6.000000
v -8.666887 16.726617 6.000000
v -4.042403 18.399827 6.000000
v -0.768758 19.009407 6.000000
v 0.784733 18.976114 6.000000
v 4.177433 18.560647 6.000000
v 5.669373 18.126415 6.000000
v 8.838939 16.847009 6.000000
v 10.167655 16.041430 6.000000
v 12.898087 13.985275 6.000000
v 13.973028 12.863249 6.000000
v 16.726617 8.666887 6.000000
v 18.399827 4.042403 6.000000
v 19.541314 0.352881 6.000000
v 17.536923 1.285708 6.000000
v 17.429501 1.305140 6.000000
v 18.708051 -4.307437 6.000000
v 16.009494 -5.691903 6.000000
v 16.955742 -9.002665 6.000000
v 13.990811 -9.641518 6.000000
v 14.047928 -13.084376 6.000000
v 11.018677 -12.934080 6.000000
v 10.182771 -16.274408 6.000000
v 7.295638 -15.345205 6.000000
v 5.623675 -18.355366 6.000000
v 3.075414 -16.710580 6.000000
v 0.594927 -19.350729 6.000000
v -0.210567 -19.543365 6.000000
v 0.071151 -19.544370 6.000000
v -0.527493 -19.474852 6.000000
v -0.492235 -19.538300 6.000000
v -0.705994 -19.136769 6.000000
v -4.433682 -18.845347 6.000000
v -5.261587 -18.822943 6.000000
v -4.989729 -18.896827 6.000000
v -5.549982 -18.674737 6.000000
v -5.532346 -18.745149 6.000000
v -5.634898 -18.301975 6.000000
v -9.160143 -17.055686 6.000000
v -9.954039 -16.819768 6.000000
v -9.710566 -16.961497 6.000000
v -10.194248 -16.601970 6.000000
v -10.195438 -16.674547 6.000000
v -10.179793 -16.219931 6.000000
v -13.262355 -14.103709 6.000000
v -13.968139 -13.670353 6.000000
v -13.769645 -13.870268 6.000000
v -14.143793 -13.397806 6.000000
v -14.163727 -13.467602 6.000000
v -14.030952 -13.032526 6.000000
v -16.078250 -10.170468 6.000000
v -16.826163 -8.808458 6.000000
v -18.162708 -5.662560 6.000000
v -18.532622 -4.153386 6.000000
v -19.185436 -0.681335 6.000000
v -16.937157 1.354394 6.000000
v -18.708051 4.307437 6.000000
v -16.009494 5.691903 6.000000
v -16.955742 9.002665 6.000000
v -13.990811 9.641518 6.000000
v -14.047928 13.084376 6.000000
v -11.018677 12.934080 6.000000
v -10.170468 16.078250 6.000000
v -8.808458 16.826163 6.000000
v -5.662560 18.162708 6.000000
v -4.153386 18.532622 6.000000
v -0.681335 19.185436 6.000000
v 1.354394 16.937157 6.000000
v 4.307437 18.708051 6.000000
v 5.691903 16.009494 6.000000
v 9.002665 16.955742 6.000000
v 9.641518 13.990811 6.000000
v 13.084376 14.047928 6.000000
v 12.934080 11.018677 6.000000
v 16.078250 10.170468 6.000000
v 16.826163 8.808458 6.000000
v 18.162708 5.662560 6.000000
v 18.532622 4.153386 6.000000
v 17.316612 1.321438 6.000000
v 18.845347 -4.433682 6.000000
v 18.822943 -5.261587 6.000000
v 18.896827 -4.989729 6.000000
v 18.674737 -5.549982 6.000000
v 18.745149 -5.532346 6.000000
v 18.301975 -5.634898 6.000000
v 17.055686 -9.160143 6.000000
v 16.819768 -9.954039 6.000000
v 16.961497 -9.710566 6.000000
v 16.601970 -10.194248 6.000000
v 16.674547 -10.195438 6.000000
v 16.219931 -10.179793 6.000000
v 14.103709 -13.262355 6.000000
v 13.670353 -13.968139 6.000000
v 13.870268 -13.769645 6.000000
v 13.397806 -14.143793 6.000000
v 13.467602 -14.163727 6.000000
v 13.032526 -14.030952 6.000000
v 10.190586 -16.460760 6.000000
v 9.589327 -17.030334 6.000000
v 9.833804 -16.890346 6.000000
v 9.280603 -17.129463 6.000000
v 9.342862 -17.166782 6.000000
v 8.956976 -16.925925 6.000000
v 5.582992 -18.537391 6.000000
v 4.854803 -18.931940 6.000000
v 5.127182 -18.859997 6.000000
v 4.530943 -18.947787 6.000000
v 4.581422 -18.999949 6.000000
v 4.271023 -18.667424 6.000000
v 1.344674 -17.079067 6.000000
v -0.620584 -19.302439 6.000000
v -3.121532 -16.845139 6.000000
v -5.595277 -18.484105 6.000000
v -7.375012 -15.463243 6.000000
v -10.188661 -16.406110 6.000000
v -11.125896 -13.027553 6.000000
v -14.087705 -13.210066 6.000000
v -16.274408 -10.182771 6.000000
v -15.345205 -7.295638 6.000000
v -18.355366 -5.623675 6.000000
v -16.710580 -3.075414 6.000000
v -19.350729 -0.594927 6.000000
v -19.543365 0.210567 6.000000
v -19.544370 -0.071151 6.000000
v -19.474852 0.527493 6.000000
v -19.538300 0.492235 6.000000
v -19.136769 0.705994 6.000000
v -18.845347 4.433682 6.000000
v -18.822943 5.261587 6.000000
v -18.896827 4.989729 6.000000
v -18.674737 5.549982 6.000000
v -18.745149 5.532346 6.000000
v -18.301975 5.634898 6.000000
v -17.055686 9.160143 6.000000
v -16.819768 9.954039 6.000000
v -16.961497 9.710566 6.000000
v -16.601970 10.194248 6.000000
v -16.674547 10.195438 6.000000
v -16.219931 10.179793 6.000000
v -14.103709 13.262355 6.000000
v -13.670353 13.968139 6.000000
v -13.870268 13.769645 6.000000
v -13.397806 14.143793 6.000000
v -13.467602 14.163727 6.000000
v -13.032526 14.030952 6.000000
v -10.182771 16.274408 6.000000
v -7.295638 15.345205 6.000000
v -5.623675 18.355366 6.000000
v -3.075414 16.710580 6.000000
v -0.594927 19.350729 6.000000
v 0.210567 19.543365 6.000000
v -0.071151 19.544370 6.000000
v 0.527493 19.474852 6.000000
v 0.492235 19.538300 6.000000
v 0.705994 19.136769 6.000000
v 4.433682 18.845347 6.000000
v 5.261587 18.822943 6.000000
v 4.989729 18.896827 6.000000
v 5.549982 18.674737 6.000000
v 5.532346 18.745149 6.000000
v 5.634898 18.301975 6.000000
v 9.160143 17.055686 6.000000
v 9.954039 16.819768 6.000000
v 9.710566 16.961497 6.000000
v 10.194248 16.601970 6.000000
v 10.195438 16.674547 6.000000
v 10.179793 16.219931 6.000000
v 13.262355 14.103709 6.000000
v 13.968139 13.670353 6.000000
v 13.769645 13.870268 6.000000
v 14.143793 13.397806 6.000000
v 14.163727 13.467602 6.000000
v 14.030952 13.032526 6.000000
v 16.274408 10.182771 6.000000
v 15.345205 7.295638 6.000000
v 18.355366 5.623675 6.000000
v 16.710580 3.075414 6.000000
v 17.651148 1.261313 6.000000
v 16.845139 -3.121532 6.000000
v 18.484105 -5.595277 6.000000
v 15.463243 -7.375012 6.000000
v 16.406110 -10.188661 6.000000
v 13.027553 -11.125896 6.000000
v 13.210066 -14.087705 6.000000
v 9.704056 -14.118569 6.000000
v 9.113777 -17.026694 6.000000
v 5.719243 -16.149085 6.000000
v 4.396400 -18.805343 6.000000
v 0.492235 -19.538300 6.000000
v -4.581422 -18.999949 6.000000
v -9.342862 -17.166782 6.000000
v -13.467602 -14.163727 6.000000
v -16.460760 -10.190586 6.000000
v -17.030334 -9.589327 6.000000
v -16.890346 -9.833804 6.000000
v -17.129463 -9.280603 6.000000
v -17.166782 -9.342862 6.000000
v -16.925925 -8.956976 6.000000
v -18.537391 -5.582992 6.000000
v -18.931940 -4.854803 6.000000
v -18.859997 -5.127182 6.000000
v -18.947787 -4.530943 6.000000
v -18.999949 -4.581422 6.000000
v -18.667424 -4.271023 6.000000
v -17.079067 -1.344674 6.000000
v -19.302439 0.620584 6.000000
v -16.845139 3.121532 6.000000
v -18.484105 5.595277 6.000000
v -15.463243 7.375012 6.000000
v -16.406110 10.188661 6.000000
v -13.027553 11.125896 6.000000
v -13.210066 14.087705 6.000000
v -10.190586 16.460760 6.000000
v -9.589327 17.030334 6.000000
v -9.833804 16.890346 6.000000
v -9.280603 17.129463 6.000000
v -9.342862 17.166782 6.000000
v -8.956976 16.925925 6.000000
v -5.582992 18.537391 6.000000
v -4.854803 18.931940 6.000000
v -5.127182 18.859997 6.000000
v -4.530943 18.947787 6.000000
v -4.581422 18.999949 6.000000
v -4.271023 18.667424 6.000000
v -1.344674 17.079067 6.000000
v 0.620584 19.302439 6.000000
v 3.121532 16.845139 6.000000
v 5.595277 18.484105 6.000000
v 7.375012 15.463243 6.000000
v 10.188661 16.406110 6.000000
v 11.125896 13.027553 6.000000
v 14.087705 13.210066 6.000000
v 16.460760 10.190586 6.000000
v 17.030334 9.589327 6.000000
v 16.890346 9.833804 6.000000
v 17.129463 9.280603 6.000000
v 17.166782 9.342862 6.000000
v 16.925925 8.956976 6.000000
v 18.537391 5.582992 6.000000
v 18.931940 4.854803 6.000000
v 18.859997 5.127182 6.000000
v 18.947787 4.530943 6.000000
v 18.999949 4.581422 6.000000
v 18.667424 4.271023 6.000000
v 17.772757 1.231598 6.000000
v 18.514882 0.986549 6.000000
v 18.356199 1.047284 6.000000
v 18.999949 -4.581422 6.000000
v 17.166782 -9.342862 6.000000
v 14.163727 -13.467602 6.000000
v 10.195438 -16.674547 6.000000
v 5.532346 -18.745149 6.000000
v -14.118569 -9.704056 6.000000
v -17.026694 -9.113777 6.000000
v -16.149085 -5.719243 6.000000
v -18.805343 -4.396400 6.000000
v -19.538300 -0.492235 6.000000
v -18.999949 4.581422 6.000000
v -17.166782 9.342862 6.000000
v -14.163727 13.467602 6.000000
v -9.704056 14.118569 6.000000
v -9.113777 17.026694 6.000000
v -5.719243 16.149085 6.000000
v -4.396400 18.805343 6.000000
v -0.492235 19.538300 6.000000
v 4.581422 18.999949 6.000000
v 9.342862 17.166782 6.000000
v 13.467602 14.163727 6.000000
v 14.118569 9.704056 6.000000
v 17.026694 9.113777 6.000000
v 16.149085 5.719243 6.000000
v 18.805343 4.396400 6.000000
v 17.902492 1.196146 6.000000
v 18.198735 1.103078 6.000000
v -1.392407 -16.417469 6.000000
v 1.402368 -16.378828 6.000000
v 1.413096 -16.347946 6.000000
v -1.368501 -16.705803 6.000000
v -5.594115 -15.497676 6.000000
v -2.884570 -16.183692 6.000000
v -2.866213 -16.156639 6.000000
v -5.645651 -15.782373 6.000000
v -9.414594 -13.521742 6.000000
v -6.974928 -14.885665 6.000000
v -6.950195 -14.864284 6.000000
v -9.538058 -13.783400 6.000000
v -12.593484 -10.624324 6.000000
v -10.589957 -12.573204 6.000000
v -10.560533 -12.558953 6.000000
v -12.780463 -10.845111 6.000000
v -16.674547 -10.195438 6.000000
v -18.745149 -5.532346 6.000000
v -10.195438 16.674547 6.000000
v -5.532346 18.745149 6.000000
v 16.674547 10.195438 6.000000
v 18.745149 5.532346 6.000000
v 18.041596 1.154373 6.000000
v 18.675775 0.920369 6.000000
v 15.497676 -5.594115 6.000000
v 16.183692 -2.884570 6.000000
v 16.156639 -2.866213 6.000000
v 15.782373 -5.645651 6.000000
v 13.521742 -9.414594 6.000000
v 14.885665 -6.974928 6.000000
v 14.864284 -6.950195 6.000000
v 13.783400 -9.538058 6.000000
v 10.624324 -12.593484 6.000000
v 12.573204 -10.589957 6.000000
v 12.558953 -10.560533 6.000000
v 10.845111 -12.780463 6.000000
v 7.002875 -14.914149 6.000000
v 9.403900 -13.483297 6.000000
v 9.397750 -13.451188 6.000000
v 7.167745 -15.151901 6.000000
v 2.904192 -16.218439 6.000000
v 5.593736 -15.457774 6.000000
v 5.596106 -15.425167 6.000000
v 3.001910 -16.490761 6.000000
v 1.394000 -16.410186 6.000000
v -2.900768 -16.211816 6.000000
v -6.997853 -14.908638 6.000000
v -10.618047 -12.589461 6.000000
v -16.417469 1.392407 6.000000
v -16.378828 -1.402368 6.000000
v -16.347946 -1.413096 6.000000
v -16.705803 1.368501 6.000000
v -15.497676 5.594115 6.000000
v -16.183692 2.884570 6.000000
v -16.156639 2.866213 6.000000
v -15.782373 5.645651 6.000000
v -13.521742 9.414594 6.000000
v -14.885665 6.974928 6.000000
v -14.864284 6.950195 6.000000
v -13.783400 9.538058 6.000000
v -10.624324 12.593484 6.000000
v -12.573204 10.589957 6.000000
v -12.558953 10.560533 6.000000
v -10.845111 12.780463 6.000000
v 1.392407 16.417469 6.000000
v -1.402368 16.378828 6.000000
v -1.413096 16.347946 6.000000
v 1.368501 16.705803 6.000000
v 5.594115 15.497676 6.000000
v 2.884570 16.183692 6.000000
v 2.866213 16.156639 6.000000
v 5.645651 15.782373 6.000000
v 9.414594 13.521742 6.000000
v 6.974928 14.885665 6.000000
v 6.950195 14.864284 6.000000
v 9.538058 13.783400 6.000000
v 12.593484 10.624324 6.000000
v 10.589957 12.573204 6.000000
v 10.560533 12.558953 6.000000
v 12.780463 10.845111 6.000000
v 17.207159 1.333633 6.000000
v 18.840097 0.848074 6.000000
v 16.211816 -2.900768 6.000000
v 14.908638 -6.997853 6.000000
v 12.589461 -10.618047 6.000000
v 9.412333 -13.514638 6.000000
v 5.593770 -15.490229 6.000000
v 1.426188 -16.317655 6.000000
v 1.373946 -16.620873 6.000000
v -1.384318 -16.474311 6.000000
v -1.663508 -16.091970 6.000000
v -2.845728 -16.130769 6.000000
v -2.974669 -16.410134 6.000000
v -5.601014 -15.554675 6.000000
v -5.771734 -15.113102 6.000000
v -6.923713 -14.844597 6.000000
v -7.120564 -15.081071 6.000000
v -9.436010 -13.575013 6.000000
v -9.486626 -13.104301 6.000000
v -10.529857 -12.546791 6.000000
v -10.781206 -12.724258 6.000000
v -12.627958 -10.670236 6.000000
v -12.555019 -10.202463 6.000000
v -14.914149 -7.002875 6.000000
v -13.483297 -9.403900 6.000000
v -13.451188 -9.397750 6.000000
v -15.151901 -7.167745 6.000000
v -16.218439 -2.904192 6.000000
v -15.457774 -5.593736 6.000000
v -15.425167 -5.596106 6.000000
v -16.490761 -3.001910 6.000000
v -16.410186 -1.394000 6.000000
v -16.211816 2.900768 6.000000
v -14.908638 6.997853 6.000000
v -12.589461 10.618047 6.000000
v -7.002875 14.914149 6.000000
v -9.403900 13.483297 6.000000
v -9.397750 13.451188 6.000000
v -7.167745 15.151901 6.000000
v -2.904192 16.218439 6.000000
v -5.593736 15.457774 6.000000
v -5.596106 15.425167 6.000000
v -3.001910 16.490761 6.000000
v -1.394000 16.410186 6.000000
v 2.900768 16.211816 6.000000
v 6.997853 14.908638 6.000000
v 10.618047 12.589461 6.000000
v 14.914149 7.002875 6.000000
v 13.483297 9.403900 6.000000
v 13.451188 9.397750 6.000000
v 15.151901 7.167745 6.000000
v 16.218439 2.904192 6.000000
v 15.457774 5.593736 6.000000
v 15.425167 5.596106 6.000000
v 16.490761 3.001910 6.000000
v 16.130769 -2.845728 6.000000
v 16.410134 -2.974669 6.000000
v 15.554675 -5.601014 6.000000
v 15.113102 -5.771734 6.000000
v 14.844597 -6.923713 6.000000
v 15.081071 -7.120564 6.000000
v 13.575013 -9.436010 6.000000
v 13.104301 -9.486626 6.000000
v 12.546791 -10.529857 6.000000
v 12.724258 -10.781206 6.000000
v 10.670236 -12.627958 6.000000
v 10.202463 -12.555019 6.000000
v 9.393942 -13.418410 6.000000
v 9.500308 -13.707125 6.000000
v 7.038301 -14.959331 6.000000
v 6.605345 -14.767809 6.000000
v 5.600911 -15.392520 6.000000
v 5.628928 -15.698927 6.000000
v 2.926717 -16.271250 6.000000
v 2.558083 -15.974197 6.000000
v 1.387990 -16.441940 6.000000
v -1.692533 -16.080674 6.000000
v -2.914792 -16.240933 6.000000
v -5.796846 -15.094678 6.000000
v -7.018936 -14.933133 6.000000
v -9.506113 -13.080005 6.000000
v -10.644750 -12.607664 6.000000
v -12.567555 -10.173952 6.000000
v -13.514638 -9.412333 6.000000
v -15.490229 -5.593770 6.000000
v -16.317655 -1.426188 6.000000
v -16.620873 -1.373946 6.000000
v -16.474311 1.384318 6.000000
v -16.091970 1.663508 6.000000
v -16.130769 2.845728 6.000000
v -16.410134 2.974669 6.000000
v -15.554675 5.601014 6.000000
v -15.113102 5.771734 6.000000
v -14.844597 6.923713 6.000000
v -15.081071 7.120564 6.000000
v -13.575013 9.436010 6.000000
v -13.104301 9.486626 6.000000
v -12.546791 10.529857 6.000000
v -12.724258 10.781206 6.000000
v -10.670236 12.627958 6.000000
v -10.202463 12.555019 6.000000
v -9.412333 13.514638 6.000000
v -5.593770 15.490229 6.000000
v -1.426188 16.317655 6.000000
v -1.373946 16.620873 6.000000
v 1.384318 16.474311 6.000000
v 1.663508 16.091970 6.000000
v 2.845728 16.130769 6.000000
v 2.974669 16.410134 6.000000
v 5.601014 15.554675 6.000000
v 5.771734 15.113102 6.000000
v 6.923713 14.844597 6.000000
v 7.120564 15.081071 6.000000
v 9.436010 13.575013 6.000000
v 9.486626 13.104301 6.000000
v 10.529857 12.546791 6.000000
v 10.781206 12.724258 6.000000
v 12.627958 10.670236 6.000000
v 12.555019 10.202463 6.000000
v 13.514638 9.412333 6.000000
v 15.490229 5.593770 6.000000
v 19.009407 0.768758 6.000000
v 16.240933 -2.914792 6.000000
v 15.094678 -5.796846 6.000000
v 14.933133 -7.018936 6.000000
v 13.080005 -9.506113 6.000000
v 12.607664 -10.644750 6.000000
v 10.173952 -12.567555 6.000000
v 9.423004 -13.545143 6.000000
v 6.574560 -14.772538 6.000000
v 5.596182 -15.522456 6.000000
v 2.527123 -15.970798 6.000000
v 1.441630 -16.288107 6.000000
v 1.384318 -16.474311 6.000000
v -1.386831 -16.450115 6.000000
v -1.633563 -16.105690 6.000000
v -2.823165 -16.106225 6.000000
v -2.926717 -16.271250 6.000000
v -5.597179 -15.530653 6.000000
v -5.746360 -15.134105 6.000000
v -6.895566 -14.826730 6.000000
v -7.038301 -14.959331 6.000000
v -9.426089 -13.552802 6.000000
v -9.467552 -13.131155 6.000000
v -10.498045 -12.536817 6.000000
v -10.670236 -12.627958 6.000000
v -12.612626 -10.651350 6.000000
v -12.543546 -10.233339 6.000000
v -13.418410 -9.393942 6.000000
v -13.707125 -9.500308 6.000000
v -14.959331 -7.038301 6.000000
v -14.767809 -6.605345 6.000000
v -15.392520 -5.600911 6.000000
v -15.698927 -5.628928 6.000000
v -16.271250 -2.926717 6.000000
v -15.974197 -2.558083 6.000000
v -16.441940 -1.387990 6.000000
v -16.080674 1.692533 6.000000
v -16.240933 2.914792 6.000000
v -15.094678 5.796846 6.000000
v -14.933133 7.018936 6.000000
v -13.080005 9.506113 6.000000
v -12.607664 10.644750 6.000000
v -10.173952 12.567555 6.000000
v -9.393942 13.418410 6.000000
v -9.500308 13.707125 6.000000
v -7.038301 14.959331 6.000000
v -6.605345 14.767809 6.000000
v -5.600911 15.392520 6.000000
v -5.628928 15.698927 6.000000
v -2.926717 16.271250 6.000000
v -2.558083 15.974197 6.000000
v -1.387990 16.441940 6.000000
v 1.692533 16.080674 6.000000
v 2.914792 16.240933 6.000000
v 5.796846 15.094678 6.000000
v 7.018936 14.933133 6.000000
v 9.506113 13.080005 6.000000
v 10.644750 12.607664 6.000000
v 12.567555 10.173952 6.000000
v 13.418410 9.393942 6.000000
v 13.707125 9.500308 6.000000
v 14.959331 7.038301 6.000000
v 14.767809 6.605345 6.000000
v 15.392520 5.600911 6.000000
v 15.698927 5.628928 6.000000
v 16.271250 2.926717 6.000000
v 15.974197 2.558083 6.000000
v 19.185436 0.681335 6.000000
v 16.080674 -1.692533 6.000000
v 16.091970 -1.663508 6.000000
v 16.106225 -2.823165 6.000000
v 16.271250 -2.926717 6.000000
v 15.530653 -5.597179 6.000000
v 15.134105 -5.746360 6.000000
v 14.826730 -6.895566 6.000000
v 14.959331 -7.038301 6.000000
v 13.552802 -9.426089 6.000000
v 13.131155 -9.467552 6.000000
v 12.536817 -10.498045 6.000000
v 12.627958 -10.670236 6.000000
v 10.651350 -12.612626 6.000000
v 10.233339 -12.543546 6.000000
v 9.392542 -13.385100 6.000000
v 9.436010 -13.575013 6.000000
v 7.024027 -14.939634 6.000000
v 6.638138 -14.764718 6.000000
v 5.608180 -15.359982 6.000000
v 5.601014 -15.554675 6.000000
v 2.918027 -16.248530 6.000000
v 2.590558 -15.979699 6.000000
v 1.459386 -16.259488 6.000000
v -1.604412 -16.121738 6.000000
v -2.798606 -16.083176 6.000000
v -5.722356 -15.157151 6.000000
v -6.865878 -14.810823 6.000000
v -9.450330 -13.159629 6.000000
v -10.465252 -12.529136 6.000000
v -12.534281 -10.265300 6.000000
v -13.545143 -9.423004 6.000000
v -14.772538 -6.574560 6.000000
v -15.522456 -5.596182 6.000000
v -15.970798 -2.527123 6.000000
v -16.288107 -1.441630 6.000000
v -16.474311 -1.384318 6.000000
v -16.450115 1.386831 6.000000
v -16.105690 1.633563 6.000000
v -16.106225 2.823165 6.000000
v -16.271250 2.926717 6.000000
v -15.530653 5.597179 6.000000
v -15.134105 5.746360 6.000000
v -14.826730 6.895566 6.000000
v -14.959331 7.038301 6.000000
v -13.552802 9.426089 6.000000
v -13.131155 9.467552 6.000000
v -12.536817 10.498045 6.000000
v -12.627958 10.670236 6.000000
v -10.651350 12.612626 6.000000
v -10.233339 12.543546 6.000000
v -9.423004 13.545143 6.000000
v -6.574560 14.772538 6.000000
v -5.596182 15.522456 6.000000
v -2.527123 15.970798 6.000000
v -1.441630 16.288107 6.000000
v -1.384318 16.474311 6.000000
v 1.386831 16.450115 6.000000
v 1.633563 16.105690 6.000000
v 2.823165 16.106225 6.000000
v 2.926717 16.271250 6.000000
v 5.597179 15.530653 6.000000
v 5.746360 15.134105 6.000000
v 6.895566 14.826730 6.000000
v 7.038301 14.959331 6.000000
v 9.426089 13.552802 6.000000
v 9.467552 13.131155 6.000000
v 10.498045 12.536817 6.000000
v 10.670236 12.627958 6.000000
v 12.612626 10.651350 6.000000
v 12.543546 10.233339 6.000000
v 13.545143 9.423004 6.000000
v 14.772538 6.574560 6.000000
v 15.522456 5.596182 6.000000
v 15.970798 2.527123 6.000000
v 19.350729 0.594927 6.000000
v 19.544370 0.071151 6.000000
v 16.417469 -1.392407 6.000000
v 16.105690 -1.633563 6.000000
v 16.083176 -2.798606 6.000000
v 15.157151 -5.722356 6.000000
v 14.810823 -6.865878 6.000000
v 13.159629 -9.450330 6.000000
v 12.529136 -10.465252 6.000000
v 10.265300 -12.534281 6.000000
v 9.393609 -13.351436 6.000000
v 6.671408 -14.764041 6.000000
v 5.617924 -15.327742 6.000000
v 2.622870 -15.987656 6.000000
v 1.479389 -16.232008 6.000000
v -1.576233 -16.140077 6.000000
v -2.772173 -16.061809 6.000000
v -5.699884 -15.182158 6.000000
v -6.834816 -14.797025 6.000000
v -9.435096 -13.189600 6.000000
v -10.431677 -12.523849 6.000000
v -12.527323 -10.298193 6.000000
v -13.385100 -9.392542 6.000000
v -13.575013 -9.436010 6.000000
v -14.939634 -7.024027 6.000000
v -14.764718 -6.638138 6.000000
v -15.359982 -5.608180 6.000000
v -15.554675 -5.601014 6.000000
v -16.248530 -2.918027 6.000000
v -15.979699 -2.590558 6.000000
v -16.259488 -1.459386 6.000000
v -16.121738 1.604412 6.000000
v -16.083176 2.798606 6.000000
v -15.157151 5.722356 6.000000
v -14.810823 6.865878 6.000000
v -13.159629 9.450330 6.000000
v -12.529136 10.465252 6.000000
v -10.265300 12.534281 6.000000
v -9.392542 13.385100 6.000000
v -9.436010 13.575013 6.000000
v -7.024027 14.939634 6.000000
v -6.638138 14.764718 6.000000
v -5.608180 15.359982 6.000000
v -5.601014 15.554675 6.000000
v -2.918027 16.248530 6.000000
v -2.590558 15.979699 6.000000
v -1.459386 16.259488 6.000000
v 1.604412 16.121738 6.000000
v 2.798606 16.083176 6.000000
v 5.722356 15.157151 6.000000
v 6.865878 14.810823 6.000000
v 9.450330 13.159629 6.000000
v 10.465252 12.529136 6.000000
v 12.534281 10.265300 6.000000
v 13.385100 9.392542 6.000000
v 13.575013 9.436010 6.000000
v 14.939634 7.024027 6.000000
v 14.764718 6.638138 6.000000
v 15.359982 5.608180 6.000000
v 15.554675 5.601014 6.000000
v 16.248530 2.918027 6.000000
v 15.979699 2.590558 6.000000
v 16.410186 1.394000 6.000000
v 16.378828 1.402368 6.000000
v 17.079067 1.344674 6.000000
v 19.136769 -0.705994 6.000000
v 16.121738 -1.604412 6.000000
v 16.061809 -2.772173 6.000000
v 15.182158 -5.699884 6.000000
v 14.797025 -6.834816 6.000000
v 13.189600 -9.435096 6.000000
v 12.523849 -10.431677 6.000000
v 10.298193 -12.527323 6.000000
v 9.397192 -13.317637 6.000000
v 6.704981 -14.765833 6.000000
v 5.630133 -15.296021 6.000000
v 2.654835 -15.998077 6.000000
v -1.549233 -16.160638 6.000000
v -5.679124 -15.209006 6.000000
v -9.421993 -13.220906 6.000000
v -12.522769 -10.331824 6.000000
v -13.351436 -9.393609 6.000000
v -14.764041 -6.671408 6.000000
v -15.327742 -5.617924 6.000000
v -15.987656 -2.622870 6.000000
v -16.232008 -1.479389 6.000000
v -16.140077 1.576233 6.000000
v -16.061809 2.772173 6.000000
v -15.182158 5.699884 6.000000
v -14.797025 6.834816 6.000000
v -13.189600 9.435096 6.000000
v -12.523849 10.431677 6.000000
v -10.298193 12.527323 6.000000
v -9.393609 13.351436 6.000000
v -6.671408 14.764041 6.000000
v -5.617924 15.327742 6.000000
v -2.622870 15.987656 6.000000
v -1.479389 16.232008 6.000000
v 1.576233 16.140077 6.000000
v 2.772173 16.061809 6.000000
v 5.699884 15.182158 6.000000
v 6.834816 14.797025 6.000000
v 9.435096 13.189600 6.000000
v 10.431677 12.523849 6.000000
v 12.527323 10.298193 6.000000
v 13.351436 9.393609 6.000000
v 14.764041 6.671408 6.000000
v 15.327742 5.617924 6.000000
v 15.987656 2.622870 6.000000
v 16.347946 1.413096 6.000000
v 16.317655 1.426188 6.000000
v 16.441940 1.387990 6.000000
v 19.538300 0.492235 6.000000
v 19.474852 -0.527493 6.000000
v 19.538300 -0.492235 6.000000
v 19.543365 -0.210567 6.000000
v 19.302439 -0.620584 6.000000
v 16.140077 -1.576233 6.000000
v 15.209006 -5.679124 6.000000
v 13.220906 -9.421993 6.000000
v 10.331824 -12.522769 6.000000
v 6.738644 -14.770139 6.000000
v 2.686237 -16.010948 6.000000
v 1.501530 -16.205896 6.000000
v -1.499632 -16.207985 6.000000
v -1.477517 -16.234405 6.000000
v -1.523633 -16.183312 6.000000
v -2.744027 -16.042318 6.000000
v -5.643469 -15.267578 6.000000
v -5.628945 -15.298821 6.000000
v -5.660266 -15.237533 6.000000
v -6.802584 -14.785483 6.000000
v -9.402712 -13.286711 6.000000
v -9.396770 -13.320648 6.000000
v -9.411161 -13.253342 6.000000
v -10.397556 -12.521041 6.000000
v -12.521177 -10.400376 6.000000
v -12.524220 -10.434695 6.000000
v -12.520701 -10.365958 6.000000
v -13.317637 -9.397192 6.000000
v -14.765833 -6.704981 6.000000
v -15.296021 -5.630133 6.000000
v -15.998077 -2.654835 6.000000
v -16.160638 1.549233 6.000000
v -15.209006 5.679124 6.000000
v -13.220906 9.421993 6.000000
v -10.331824 12.522769 6.000000
v -9.397192 13.317637 6.000000
v -6.704981 14.765833 6.000000
v -5.630133 15.296021 6.000000
v -2.654835 15.998077 6.000000
v 1.549233 16.160638 6.000000
v 5.679124 15.209006 6.000000
v 9.421993 13.220906 6.000000
v 12.522769 10.331824 6.000000
v 13.317637 9.397192 6.000000
v 14.765833 6.704981 6.000000
v 15.296021 5.630133 6.000000
v 15.998077 2.654835 6.000000
v 16.288107 1.441630 6.000000
v 16.874231 1.358278 6.000000
v 16.160638 -1.549233 6.000000
v 16.042318 -2.744027 6.000000
v 15.267578 -5.643469 6.000000
v 15.298821 -5.628945 6.000000
v 15.237533 -5.660266 6.000000
v 14.785483 -6.802584 6.000000
v 13.286711 -9.402712 6.000000
v 13.320648 -9.396770 6.000000
v 13.253342 -9.411161 6.000000
v 12.521041 -10.397556 6.000000
v 10.400376 -12.521177 6.000000
v 10.434695 -12.524220 6.000000
v 10.365958 -12.520701 6.000000
v 9.403311 -13.283952 6.000000
v 6.805273 -14.786343 6.000000
v 6.837635 -14.798165 6.000000
v 6.772151 -14.776975 6.000000
v 5.644761 -15.265069 6.000000
v 2.746401 -16.043845 6.000000
v 2.774601 -16.063640 6.000000
v 2.716833 -16.026224 6.000000
v 1.525690 -16.181362 6.000000
v -2.714342 -16.024873 6.000000
v -6.769395 -14.776315 6.000000
v -9.732199 -12.912669 6.000000
v -10.363125 -12.520776 6.000000
v -14.770139 -6.738644 6.000000
v -16.010948 -2.686237 6.000000
v -16.205896 -1.501530 6.000000
v -16.207985 1.499632 6.000000
v -16.234405 1.477517 6.000000
v -16.183312 1.523633 6.000000
v -16.042318 2.744027 6.000000
v -15.267578 5.643469 6.000000
v -15.298821 5.628945 6.000000
v -15.237533 5.660266 6.000000
v -14.785483 6.802584 6.000000
v -13.286711 9.402712 6.000000
v -13.320648 9.396770 6.000000
v -13.253342 9.411161 6.000000
v -12.521041 10.397556 6.000000
v -10.400376 12.521177 6.000000
v -10.434695 12.524220 6.000000
v -10.365958 12.520701 6.000000
v -6.738644 14.770139 6.000000
v -2.686237 16.010948 6.000000
v -1.501530 16.205896 6.000000
v 1.499632 16.207985 6.000000
v 1.477517 16.234405 6.000000
v 1.523633 16.183312 6.000000
v 2.744027 16.042318 6.000000
v 5.643469 15.267578 6.000000
v 5.628945 15.298821 6.000000
v 5.660266 15.237533 6.000000
v 6.802584 14.785483 6.000000
v 9.402712 13.286711 6.000000
v 9.396770 13.320648 6.000000
v 9.411161 13.253342 6.000000
v 10.397556 12.521041 6.000000
v 12.521177 10.400376 6.000000
v 12.524220 10.434695 6.000000
v 12.520701 10.365958 6.000000
v 14.770139 6.738644 6.000000
v 16.010948 2.686237 6.000000
v 17.791475 -1.226710 6.000000
v 16.450115 -1.386831 6.000000
v 16.474311 -1.384318 6.000000
v 16.385147 -1.400481 6.000000
v 16.183312 -1.523633 6.000000
v 16.024873 -2.714342 6.000000
v 14.991559 -6.058538 6.000000
v 14.776315 -6.769395 6.000000
v 12.520776 -10.363125 6.000000
v 9.411967 -13.250625 6.000000
v 5.661748 -15.235118 6.000000
v 1.551630 -16.158682 6.000000
v 1.692420 -16.080685 6.000000
v -2.683415 -16.009679 6.000000
v -2.527235 -15.970780 6.000000
v -6.574664 -14.772492 6.000000
v -6.316598 -14.884667 6.000000
v -6.735590 -14.769644 6.000000
v -9.953800 -12.742629 6.000000
v -10.328745 -12.523081 6.000000
v -10.174040 -12.567483 6.000000
v -13.283952 -9.403311 6.000000
v -14.786343 -6.805273 6.000000
v -14.798165 -6.837635 6.000000
v -14.776975 -6.772151 6.000000
v -15.265069 -5.644761 6.000000
v -16.043845 -2.746401 6.000000
v -16.063640 -2.774601 6.000000
v -16.026224 -2.716833 6.000000
v -16.181362 -1.525690 6.000000
v -16.024873 2.714342 6.000000
v -14.991559 6.058538 6.000000
v -14.776315 6.769395 6.000000
v -12.520776 10.363125 6.000000
v -9.403311 13.283952 6.000000
v -6.805273 14.786343 6.000000
v -6.837635 14.798165 6.000000
v -6.772151 14.776975 6.000000
v -5.644761 15.265069 6.000000
v -2.746401 16.043845 6.000000
v -2.774601 16.063640 6.000000
v -2.716833 16.026224 6.000000
v -1.525690 16.181362 6.000000
v 2.714342 16.024873 6.000000
v 6.058538 14.991559 6.000000
v 6.769395 14.776315 6.000000
v 9.732199 12.912669 6.000000
v 10.363125 12.520776 6.000000
v 13.283952 9.403311 6.000000
v 14.786343 6.805273 6.000000
v 14.798165 6.837635 6.000000
v 14.776975 6.772151 6.000000
v 15.265069 5.644761 6.000000
v 16.043845 2.746401 6.000000
v 16.063640 2.774601 6.000000
v 16.026224 2.716833 6.000000
v 16.259488 1.459386 6.000000
v 16.474311 1.384318 6.000000
v 16.620873 1.373946 6.000000
v 17.669087 -1.257161 6.000000
v 17.553645 -1.282366 6.000000
v 18.359963 -1.045896 6.000000
v 18.976114 -0.784733 6.000000
v 16.207985 -1.499632 6.000000
v 16.009679 -2.683415 6.000000
v 15.970780 -2.527235 6.000000
v 14.884667 -6.316598 6.000000
v 14.769644 -6.735590 6.000000
v 14.772492 -6.574664 6.000000
v 12.912669 -9.732199 6.000000
v 12.523081 -10.328745 6.000000
v 12.567483 -10.174040 6.000000
v 9.423092 -13.218014 6.000000
v 9.506021 -13.080072 6.000000
v 6.058540 -14.991558 6.000000
v 6.316600 -14.884666 6.000000
v 5.680934 -15.206497 6.000000
v 5.796740 -15.094719 6.000000
v 1.972000 -16.048799 6.000000
v 2.248932 -16.012340 6.000000
v 1.579160 -16.138033 6.000000
v -1.457454 -16.262383 6.000000
v -2.651479 -15.996859 6.000000
v -5.616807 -15.331039 6.000000
v -6.058538 -14.991559 6.000000
v -6.701424 -14.765526 6.000000
v -9.393384 -13.354910 6.000000
v -10.294678 -12.527947 6.000000
v -12.529817 -10.468666 6.000000
v -13.250625 -9.411967 6.000000
v -15.235118 -5.661748 6.000000
v -16.158682 -1.551630 6.000000
v -16.080685 -1.692420 6.000000
v -16.009679 2.683415 6.000000
v -15.970780 2.527235 6.000000
v -14.884667 6.316598 6.000000
v -14.769644 6.735590 6.000000
v -14.772492 6.574664 6.000000
v -12.742629 9.953800 6.000000
v -12.523081 10.328745 6.000000
v -12.567483 10.174040 6.000000
v -9.411967 13.250625 6.000000
v -6.058540 14.991558 6.000000
v -6.316600 14.884666 6.000000
v -5.661748 15.235118 6.000000
v -1.551630 16.158682 6.000000
v -1.692420 16.080685 6.000000
v 2.683415 16.009679 6.000000
v 2.527235 15.970780 6.000000
v 6.316598 14.884667 6.000000
v 6.735590 14.769644 6.000000
v 6.574664 14.772492 6.000000
v 9.953800 12.742629 6.000000
v 10.328745 12.523081 6.000000
v 10.174040 12.567483 6.000000
v 12.912668 9.732201 6.000000
v 13.250625 9.411967 6.000000
v 15.235118 5.661748 6.000000
v 16.232008 1.479389 6.000000
v 17.232415 -1.331080 6.000000
v 16.705803 -1.368501 6.000000
v 16.937157 -1.354394 6.000000
v 17.341569 -1.318208 6.000000
v 17.444467 -1.302652 6.000000
v 18.206249 -1.100517 6.000000
v 18.059194 -1.148837 6.000000
v 18.819119 -0.857564 6.000000
v 16.234405 -1.477517 6.000000
v 15.996859 -2.651479 6.000000
v 15.331039 -5.616807 6.000000
v 14.765526 -6.701424 6.000000
v 13.354910 -9.393384 6.000000
v 12.742629 -9.953800 6.000000
v 12.527947 -10.294678 6.000000
v 10.468666 -12.529817 6.000000
v 9.732201 -12.912668 6.000000
v 9.436609 -13.186366 6.000000
v 6.868999 -14.812364 6.000000
v 5.702181 -15.179426 6.000000
v 2.801222 -16.085473 6.000000
v 1.638047 -16.103464 6.000000
v 1.668941 -16.089762 6.000000
v 1.608045 -16.119584 6.000000
v -1.439612 -16.291683 6.000000
v -2.248929 -16.012340 6.000000
v -1.971997 -16.048799 6.000000
v -2.585651 -15.978710 6.000000
v -2.552263 -15.973470 6.000000
v -2.618803 -15.986515 6.000000
v -5.607156 -15.363958 6.000000
v -6.633142 -14.765033 6.000000
v -6.599535 -14.768613 6.000000
v -6.667184 -14.763991 6.000000
v -9.392582 -13.389206 6.000000
v -10.228595 -12.545143 6.000000
v -10.197060 -12.557299 6.000000
v -10.261208 -12.535326 6.000000
v -12.537919 -10.502000 6.000000
v -13.218014 -9.423092 6.000000
v -13.080072 -9.506021 6.000000
v -14.991558 -6.058540 6.000000
v -14.884666 -6.316600 6.000000
v -15.206497 -5.680934 6.000000
v -15.094719 -5.796740 6.000000
v -16.048799 -1.972000 6.000000
v -16.012340 -2.248932 6.000000
v -16.138033 -1.579160 6.000000
v -16.262383 1.457454 6.000000
v -16.012340 2.248929 6.000000
v -16.048799 1.971997 6.000000
v -15.996859 2.651479 6.000000
v -15.331039 5.616807 6.000000
v -14.765526 6.701424 6.000000
v -13.354910 9.393384 6.000000
v -12.912669 9.732199 6.000000
v -12.527947 10.294678 6.000000
v -10.468666 12.529817 6.000000
v -9.732201 12.912668 6.000000
v -9.423092 13.218014 6.000000
v -9.506021 13.080072 6.000000
v -5.796740 15.094719 6.000000
v -5.680934 15.206497 6.000000
v -1.579160 16.138033 6.000000
v 1.457454 16.262383 6.000000
v 2.248929 16.012340 6.000000
v 1.971997 16.048799 6.000000
v 2.651479 15.996859 6.000000
v 5.616807 15.331039 6.000000
v 6.701424 14.765526 6.000000
v 9.393384 13.354910 6.000000
v 10.294678 12.527947 6.000000
v 12.529817 10.468666 6.000000
v 13.080072 9.506021 6.000000
v 12.742627 9.953802 6.000000
v 13.218014 9.423092 6.000000
v 14.991558 6.058540 6.000000
v 14.884666 6.316600 6.000000
v 15.206497 5.680934 6.000000
v 15.094719 5.796740 6.000000
v 17.104043 -1.342735 6.000000
v 17.921298 -1.190714 6.000000
v 18.664684 -0.925078 6.000000
v 16.262383 -1.457454 6.000000
v 16.012340 -2.248929 6.000000
v 16.048799 -1.971997 6.000000
v 15.978710 -2.585651 6.000000
v 15.973470 -2.552263 6.000000
v 15.986515 -2.618803 6.000000
v 15.363958 -5.607156 6.000000
v 14.765033 -6.633142 6.000000
v 14.768613 -6.599535 6.000000
v 14.763991 -6.667184 6.000000
v 13.389206 -9.392582 6.000000
v 12.545143 -10.228595 6.000000
v 12.557299 -10.197060 6.000000
v 12.535326 -10.261208 6.000000
v 10.502000 -12.537919 6.000000
v 9.953802 -12.742627 6.000000
v 9.470323 -13.126986 6.000000
v 9.490226 -13.099672 6.000000
v 9.452399 -13.155947 6.000000
v 6.899101 -14.828817 6.000000
v 5.750115 -15.130794 6.000000
v 5.776410 -15.109562 6.000000
v 5.725307 -15.154130 6.000000
v 2.826040 -16.109156 6.000000
v -1.424117 -16.322061 6.000000
v -5.600052 -15.397312 6.000000
v -9.394352 -13.423261 6.000000
v -12.548443 -10.534437 6.000000
v -12.912668 -9.732201 6.000000
v -12.742627 -9.953802 6.000000
v -13.186366 -9.436609 6.000000
v -14.812364 -6.868999 6.000000
v -15.179426 -5.702181 6.000000
v -16.085473 -2.801222 6.000000
v -16.103464 -1.638047 6.000000
v -16.089762 -1.668941 6.000000
v -16.119584 -1.608045 6.000000
v -16.291683 1.439612 6.000000
v -15.978710 2.585651 6.000000
v -15.973470 2.552263 6.000000
v -15.986515 2.618803 6.000000
v -15.363958 5.607156 6.000000
v -14.765033 6.633142 6.000000
v -14.768613 6.599535 6.000000
v -14.763991 6.667184 6.000000
v -13.389206 9.392582 6.000000
v -12.545143 10.228595 6.000000
v -12.557299 10.197060 6.000000
v -12.535326 10.261208 6.000000
v -10.502000 12.537919 6.000000
v -9.436609 13.186366 6.000000
v -6.868999 14.812364 6.000000
v -5.702181 15.179426 6.000000
v -2.801222 16.085473 6.000000
v -1.972000 16.048799 6.000000
v -2.248932 16.012340 6.000000
v -1.638047 16.103464 6.000000
v -1.668941 16.089762 6.000000
v -1.608045 16.119584 6.000000
v 1.439612 16.291683 6.000000
v 2.585651 15.978710 6.000000
v 2.552263 15.973470 6.000000
v 2.618803 15.986515 6.000000
v 5.607156 15.363958 6.000000
v 6.633142 14.765033 6.000000
v 6.599535 14.768613 6.000000
v 6.667184 14.763991 6.000000
v 9.392582 13.389206 6.000000
v 10.228595 12.545143 6.000000
v 10.197060 12.557299 6.000000
v 10.261208 12.535326 6.000000
v 12.537919 10.502000 6.000000
v 13.186366 9.436609 6.000000
v 14.812364 6.868999 6.000000
v 15.179426 5.702181 6.000000
v 16.085473 2.801222 6.000000
v 16.205896 1.501530 6.000000
v 18.511888 -0.987737 6.000000
v 16.291683 -1.439612 6.000000
v 15.397312 -5.600052 6.000000
v 13.423261 -9.394352 6.000000
v 10.534437 -12.548443 6.000000
v 6.927709 -14.847378 6.000000
v 2.848869 -16.134489 6.000000
v -1.400481 -16.385147 6.000000
v -1.411058 -16.353286 6.000000
v -5.593549 -15.464366 6.000000
v -5.595519 -15.430853 6.000000
v -9.405426 -13.489713 6.000000
v -9.398655 -13.456832 6.000000
v -12.576339 -10.595759 6.000000
v -12.561288 -10.565751 6.000000
v -13.126986 -9.470323 6.000000
v -13.099672 -9.490226 6.000000
v -13.155947 -9.452399 6.000000
v -14.828817 -6.899101 6.000000
v -15.130794 -5.750115 6.000000
v -15.109562 -5.776410 6.000000
v -15.154130 -5.725307 6.000000
v -16.109156 -2.826040 6.000000
v -16.322061 1.424117 6.000000
v -15.397312 5.600052 6.000000
v -13.423261 9.394352 6.000000
v -10.534437 12.548443 6.000000
v -9.953802 12.742627 6.000000
v -9.470323 13.126986 6.000000
v -9.490226 13.099672 6.000000
v -9.452399 13.155947 6.000000
v -6.899101 14.828817 6.000000
v -5.750115 15.130794 6.000000
v -5.776410 15.109562 6.000000
v -5.725307 15.154130 6.000000
v -2.826040 16.109156 6.000000
v 1.424117 16.322061 6.000000
v 5.600052 15.397312 6.000000
v 9.394352 13.423261 6.000000
v 12.548443 10.534437 6.000000
v 13.126986 9.470323 6.000000
v 13.099672 9.490226 6.000000
v 13.155947 9.452399 6.000000
v 14.828817 6.899101 6.000000
v 15.130794 5.750115 6.000000
v 15.109562 5.776410 6.000000
v 15.154130 5.725307 6.000000
v 16.109156 2.826040 6.000000
v 16.181362 1.525690 6.000000
v 16.322061 -1.424117 6.000000
v 15.464366 -5.593549 6.000000
v 15.430853 -5.595519 6.000000
v 13.489713 -9.405426 6.000000
v 13.456832 -9.398655 6.000000
v 10.595759 -12.576339 6.000000
v 10.565751 -12.561288 6.000000
v 6.979721 -14.890194 6.000000
v 6.954631 -14.867890 6.000000
v 2.888027 -16.189308 6.000000
v 2.869565 -16.161270 6.000000
v -14.847378 -6.927709 6.000000
v -16.134489 -2.848869 6.000000
v -16.385147 1.400481 6.000000
v -16.353286 1.411058 6.000000
v -15.464366 5.593549 6.000000
v -15.430853 5.595519 6.000000
v -13.489713 9.405426 6.000000
v -13.456832 9.398655 6.000000
v -10.595759 12.576339 6.000000
v -10.565751 12.561288 6.000000
v -6.927709 14.847378 6.000000
v -2.848869 16.134489 6.000000
v 1.400481 16.385147 6.000000
v 1.411058 16.353286 6.000000
v 5.593549 15.464366 6.000000
v 5.595519 15.430853 6.000000
v 9.405426 13.489713 6.000000
v 9.398655 13.456832 6.000000
v 12.576339 10.595759 6.000000
v 12.561288 10.565751 6.000000
v 14.847378 6.927709 6.000000
v 16.134489 2.848869 6.000000
v 16.080685 1.692420 6.000000
v 16.048799 1.972000 6.000000
v 16.012340 2.248932 6.000000
v 16.158682 1.551630 6.000000
v 16.353286 -1.411058 6.000000
v -14.890194 -6.979721 6.000000
v -14.867890 -6.954631 6.000000
v -16.189308 -2.888027 6.000000
v -16.161270 -2.869565 6.000000
v -6.979721 14.890194 6.000000
v -6.954631 14.867890 6.000000
v -2.888027 16.189308 6.000000
v -2.869565 16.161270 6.000000
v 14.890194 6.979721 6.000000
v 14.867890 6.954631 6.000000
v 16.189308 2.888027 6.000000
v 16.161270 2.869565 6.000000
v 16.089762 1.668941 6.000000
v 16.138033 1.579160 6.000000
v 16.103464 1.638047 6.000000
v 16.119584 1.608045 6.000000
v -9.465053 -17.099715 0.000000
v -7.513907 -15.657345 0.000000
v -7.584466 -15.746961 0.000000
v -4.716808 -18.966792 0.000000
v -3.205458 -17.068576 0.000000
v -3.250419 -17.173400 0.000000
v 0.352881 -19.541314 0.000000
v 1.321438 -17.316612 0.000000
v 1.305140 -17.429501 0.000000
v 5.398521 -18.784128 0.000000
v 5.758280 -16.384549 0.000000
v 5.771755 -16.497810 0.000000
v 17.099715 -9.465053 0.000000
v 15.657345 -7.513907 0.000000
v 15.746961 -7.584466 0.000000
v 18.966792 -4.716808 0.000000
v 17.068576 -3.205458 0.000000
v 17.173400 -3.250419 0.000000
v 19.541314 0.352881 0.000000
v 17.316612 1.321438 0.000000
v 17.429501 1.305140 0.000000
v 18.784128 5.398521 0.000000
v 16.384549 5.758280 0.000000
v 16.497810 5.771755 0.000000
v 9.465053 17.099715 0.000000
v 7.513907 15.657345 0.000000
v 7.584466 15.746961 0.000000
v 4.716808 18.966792 0.000000
v 3.205458 17.068576 0.000000
v 3.250419 17.173400 0.000000
v -0.352881 19.541314 0.000000
v -1.321438 17.316612 0.000000
v -1.305140 17.429501 0.000000
v -5.398521 18.784128 0.000000
v -5.758280 16.384549 0.000000
v -5.771755 16.497810 0.000000
v -7.448619 -15.568653 0.000000
v -3.165350 -16.966009 0.000000
v 1.333633 -17.207159 0.000000
v 5.741731 -16.275670 0.000000
v 15.568653 -7.448619 0.000000
v 16.966009 -3.165350 0.000000
v 17.207159 1.333633 0.000000
v 16.275670 5.741731 0.000000
v 7.448619 15.568653 0.000000
v 3.165350 16.966009 0.000000
v -1.333633 17.207159 0.000000
v -5.741731 16.275670 0.000000
v -17.099715 9.465053 0.000000
v -15.657345 7.513907 0.000000
v -15.746961 7.584466 0.000000
v -18.966792 4.716808 0.000000
v -17.068576 3.205458 0.000000
v -17.173400 3.250419 0.000000
v -13.568271 -14.067320 0.000000
v -11.310296 -13.179091 0.000000
v -11.401645 -13.247392 0.000000
v -7.655006 -15.830274 0.000000
v -3.296991 -17.272132 0.000000
v 1.285708 -17.536923 0.000000
v 5.780788 -16.606601 0.000000
v 14.067320 -13.568271 0.000000
v 13.179091 -11.310296 0.000000
v 13.247392 -11.401645 0.000000
v 15.830274 -7.655006 0.000000
v 17.272132 -3.296991 0.000000
v 17.536923 1.285708 0.000000
v 16.606601 5.780788 0.000000
v 13.568271 14.067320 0.000000
v 11.310296 13.179091 0.000000
v 11.401645 13.247392 0.000000
v 7.655006 15.830274 0.000000
v 3.296991 17.272132 0.000000
v -1.285708 17.536923 0.000000
v -5.780788 16.606601 0.000000
v -15.568653 7.448619 0.000000
v -16.966009 3.165350 0.000000
v -11.224278 -13.110320 0.000000
v -8.144074 -16.312106 0.000000
v -8.271126 -16.420577 0.000000
v -7.733245 -15.916999 0.000000
v -3.644687 -17.864125 0.000000
v -3.739336 -18.001784 0.000000
v -3.350119 -17.376151 0.000000
v 1.103078 -18.198735 0.000000
v 1.047284 -18.356199 0.000000
v 1.261313 -17.651148 0.000000
v 5.775671 -17.293130 0.000000
v 5.762532 -17.459670 0.000000
v 5.786788 -16.723248 0.000000
v 10.076261 -16.746834 0.000000
v 9.802705 -14.335907 0.000000
v 9.845035 -14.441821 0.000000
v 13.110320 -11.224278 0.000000
v 16.312106 -8.144074 0.000000
v 16.420577 -8.271126 0.000000
v 15.916999 -7.733245 0.000000
v 17.864125 -3.644687 0.000000
v 18.001784 -3.739336 0.000000
v 17.376151 -3.350119 0.000000
v 18.198735 1.103078 0.000000
v 18.356199 1.047284 0.000000
v 17.651148 1.261313 0.000000
v 17.293130 5.775671 0.000000
v 17.459670 5.762532 0.000000
v 16.723248 5.786788 0.000000
v 16.746834 10.076261 0.000000
v 14.335907 9.802705 0.000000
v 14.441821 9.845035 0.000000
v 11.224278 13.110320 0.000000
v 8.144074 16.312106 0.000000
v 8.271126 16.420577 0.000000
v 7.733245 15.916999 0.000000
v 3.644687 17.864125 0.000000
v 3.739336 18.001784 0.000000
v 3.350119 17.376151 0.000000
v -1.103078 18.198735 0.000000
v -1.047284 18.356199 0.000000
v -1.261313 17.651148 0.000000
v -5.775671 17.293130 0.000000
v -5.762532 17.459670 0.000000
v -5.786788 16.723248 0.000000
v -10.076261 16.746834 0.000000
v -9.802705 14.335907 0.000000
v -9.845035 14.441821 0.000000
v -14.067320 13.568271 0.000000
v -13.179091 11.310296 0.000000
v -13.247392 11.401645 0.000000
v -15.830274 7.655006 0.000000
v -17.272132 3.296991 0.000000
v -18.784128 -5.398521 0.000000
v -16.384549 -5.758280 0.000000
v -16.497810 -5.771755 0.000000
v -11.491344 -13.309609 0.000000
v -8.021082 -16.201667 0.000000
v -7.819784 -16.007458 0.000000
v -3.554470 -17.725617 0.000000
v -3.410296 -17.485926 0.000000
v 1.154373 -18.041596 0.000000
v 1.231598 -17.772757 0.000000
v 5.784547 -17.128070 0.000000
v 5.789560 -16.848404 0.000000
v 9.758540 -14.235020 0.000000
v 13.309609 -11.491344 0.000000
v 16.201667 -8.021082 0.000000
v 16.007458 -7.819784 0.000000
v 17.725617 -3.554470 0.000000
v 17.485926 -3.410296 0.000000
v 18.041596 1.154373 0.000000
v 17.772757 1.231598 0.000000
v 17.128070 5.784547 0.000000
v 16.848404 5.789560 0.000000
v 14.235020 9.758540 0.000000
v 11.491344 13.309609 0.000000
v 8.021082 16.201667 0.000000
v 7.819784 16.007458 0.000000
v 3.554470 17.725617 0.000000
v 3.410296 17.485926 0.000000
v -1.154373 18.041596 0.000000
v -1.231598 17.772757 0.000000
v -5.784547 17.128070 0.000000
v -5.789560 16.848404 0.000000
v -9.758540 14.235020 0.000000
v -13.110320 11.224278 0.000000
v -16.312106 8.144074 0.000000
v -16.420577 8.271126 0.000000
v -15.916999 7.733245 0.000000
v -17.864125 3.644687 0.000000
v -18.001784 3.739336 0.000000
v -17.376151 3.350119 0.000000
v -16.275670 -5.741731 0.000000
v -16.746834 -10.076261 0.000000
v -14.335907 -9.802705 0.000000
v -14.441821 -9.845035 0.000000
v -12.088455 -13.648443 0.000000
v -12.239252 -13.720334 0.000000
v -11.589364 -13.373129 0.000000
v -8.403065 -16.527633 0.000000
v -7.915353 -16.102086 0.000000
v -3.839071 -18.139341 0.000000
v -3.478118 -17.602065 0.000000
v 0.986549 -18.514882 0.000000
v 1.196146 -17.902492 0.000000
v 5.744937 -17.628665 0.000000
v 5.788894 -16.982894 0.000000
v 9.881917 -14.544567 0.000000
v 13.648443 -12.088455 0.000000
v 13.720334 -12.239252 0.000000
v 13.373129 -11.589364 0.000000
v 16.527633 -8.403065 0.000000
v 16.102086 -7.915353 0.000000
v 18.139341 -3.839071 0.000000
v 17.602065 -3.478118 0.000000
v 18.514882 0.986549 0.000000
v 17.902492 1.196146 0.000000
v 17.628665 5.744937 0.000000
v 16.982894 5.788894 0.000000
v 14.544567 9.881917 0.000000
v 12.088455 13.648443 0.000000
v 12.239252 13.720334 0.000000
v 11.589364 13.373129 0.000000
v 8.403065 16.527633 0.000000
v 7.915353 16.102086 0.000000
v 3.839071 18.139341 0.000000
v 3.478118 17.602065 0.000000
v -0.986549 18.514882 0.000000
v -1.196146 17.902492 0.000000
v -5.744937 17.628665 0.000000
v -5.788894 16.982894 0.000000
v -9.881917 14.544567 0.000000
v -13.309609 11.491344 0.000000
v -16.201667 8.021082 0.000000
v -16.007458 7.819784 0.000000
v -17.725617 3.554470 0.000000
v -17.485926 3.410296 0.000000
v -16.606601 -5.780788 0.000000
v -14.235020 -9.758540 0.000000
v -11.941070 -13.573599 0.000000
v -11.696366 -13.438108 0.000000
v -8.540825 -16.633880 0.000000
v -7.375012 -15.463243 0.000000
v -3.944638 -18.277623 0.000000
v -3.121532 -16.845139 0.000000
v 0.920369 -18.675775 0.000000
v 1.344674 -17.079067 0.000000
v 5.722654 -17.801205 0.000000
v 5.719243 -16.149085 0.000000
v 10.054661 -15.209027 0.000000
v 10.085074 -15.373293 0.000000
v 9.917903 -14.655686 0.000000
v 13.573599 -11.941070 0.000000
v 13.438108 -11.696366 0.000000
v 16.633880 -8.540825 0.000000
v 15.463243 -7.375012 0.000000
v 18.277623 -3.944638 0.000000
v 16.845139 -3.121532 0.000000
v 18.675775 0.920369 0.000000
v 17.079067 1.344674 0.000000
v 17.801205 5.722654 0.000000
v 16.149085 5.719243 0.000000
v 15.209027 10.054661 0.000000
v 15.373293 10.085074 0.000000
v 14.655686 9.917903 0.000000
v 11.941070 13.573599 0.000000
v 11.696366 13.438108 0.000000
v 8.540825 16.633880 0.000000
v 7.375012 15.463243 0.000000
v 3.944638 18.277623 0.000000
v 3.121532 16.845139 0.000000
v -0.920369 18.675775 0.000000
v -1.344674 17.079067 0.000000
v -5.722654 17.801205 0.000000
v -5.719243 16.149085 0.000000
v -10.054661 15.209027 0.000000
v -10.085074 15.373293 0.000000
v -9.917903 14.655686 0.000000
v -13.648443 12.088455 0.000000
v -13.720334 12.239252 0.000000
v -13.373129 11.589364 0.000000
v -16.527633 8.403065 0.000000
v -16.102086 7.915353 0.000000
v -18.139341 3.839071 0.000000
v -17.602065 3.478118 0.000000
v -17.293130 -5.775671 0.000000
v -17.459670 -5.762532 0.000000
v -16.723248 -5.786788 0.000000
v -14.544567 -9.881917 0.000000
v -12.394403 -13.789594 0.000000
v -11.813170 -13.504776 0.000000
v 10.020514 -15.047294 0.000000
v 9.952973 -14.775860 0.000000
v 13.789594 -12.394403 0.000000
v 13.504776 -11.813170 0.000000
v 15.047294 10.020514 0.000000
v 14.775860 9.952973 0.000000
v 12.394403 13.789594 0.000000
v 11.813170 13.504776 0.000000
v -10.020514 15.047294 0.000000
v -9.952973 14.775860 0.000000
v -13.573599 11.941070 0.000000
v -13.438108 11.696366 0.000000
v -16.633880 8.540825 0.000000
v -15.463243 7.375012 0.000000
v -18.277623 3.944638 0.000000
v -16.845139 3.121532 0.000000
v -19.541314 -0.352881 0.000000
v -17.316612 -1.321438 0.000000
v -17.429501 -1.305140 0.000000
v -17.128070 -5.784547 0.000000
v -16.848404 -5.789560 0.000000
v -15.209027 -10.054661 0.000000
v -15.373293 -10.085074 0.000000
v -14.655686 -9.917903 0.000000
v -12.554968 -13.856566 0.000000
v -11.125896 -13.027553 0.000000
v -8.685595 -16.740040 0.000000
v -4.056999 -18.417634 0.000000
v 0.848074 -18.840097 0.000000
v 5.695353 -17.978639 0.000000
v 10.111817 -15.541084 0.000000
v 9.987139 -14.905940 0.000000
v 13.856566 -12.554968 0.000000
v 13.027553 -11.125896 0.000000
v 16.740040 -8.685595 0.000000
v 18.417634 -4.056999 0.000000
v 18.840097 0.848074 0.000000
v 17.978639 5.695353 0.000000
v 15.541084 10.111817 0.000000
v 14.905940 9.987139 0.000000
v 12.554968 13.856566 0.000000
v 11.125896 13.027553 0.000000
v 8.685595 16.740040 0.000000
v 4.056999 18.417634 0.000000
v -0.848074 18.840097 0.000000
v -5.695353 17.978639 0.000000
v -10.111817 15.541084 0.000000
v -9.987139 14.905940 0.000000
v -13.789594 12.394403 0.000000
v -13.504776 11.813170 0.000000
v -17.207159 -1.333633 0.000000
v -17.628665 -5.744937 0.000000
v -16.982894 -5.788894 0.000000
v -15.047294 -10.020514 0.000000
v -14.775860 -9.952973 0.000000
v -7.260812 -15.292651 0.000000
v -10.179793 -16.219931 0.000000
v -10.167655 -16.041430 0.000000
v -8.838939 -16.847009 0.000000
v -3.055377 -16.650803 0.000000
v -5.634898 -18.301975 0.000000
v -5.669373 -18.126415 0.000000
v -4.177433 -18.560647 0.000000
v 1.358278 -16.874231 0.000000
v -0.705994 -19.136769 0.000000
v -0.784733 -18.976114 0.000000
v 0.768758 -19.009407 0.000000
v 5.679368 -15.947707 0.000000
v 4.271023 -18.667424 0.000000
v 4.153386 -18.532622 0.000000
v 5.662560 -18.162708 0.000000
v 10.134950 -15.713511 0.000000
v 9.704056 -14.118569 0.000000
v 15.292651 -7.260812 0.000000
v 16.219931 -10.179793 0.000000
v 16.041430 -10.167655 0.000000
v 16.847009 -8.838939 0.000000
v 16.650803 -3.055377 0.000000
v 18.301975 -5.634898 0.000000
v 18.126415 -5.669373 0.000000
v 18.560647 -4.177433 0.000000
v 16.874231 1.358278 0.000000
v 19.136769 -0.705994 0.000000
v 18.976114 -0.784733 0.000000
v 19.009407 0.768758 0.000000
v 15.947707 5.679368 0.000000
v 18.667424 4.271023 0.000000
v 18.532622 4.153386 0.000000
v 18.162708 5.662560 0.000000
v 15.713511 10.134950 0.000000
v 14.118569 9.704056 0.000000
v 7.260812 15.292651 0.000000
v 10.179793 16.219931 0.000000
v 10.167655 16.041430 0.000000
v 8.838939 16.847009 0.000000
v 3.055377 16.650803 0.000000
v 5.634898 18.301975 0.000000
v 5.669373 18.126415 0.000000
v 4.177433 18.560647 0.000000
v -1.358278 16.874231 0.000000
v 0.705994 19.136769 0.000000
v 0.784733 18.976114 0.000000
v -0.768758 19.009407 0.000000
v -5.679368 15.947707 0.000000
v -4.271023 18.667424 0.000000
v -4.153386 18.532622 0.000000
v -5.662560 18.162708 0.000000
v -10.134950 15.713511 0.000000
v -9.704056 14.118569 0.000000
v -13.856566 12.554968 0.000000
v -13.027553 11.125896 0.000000
v -16.740040 8.685595 0.000000
v -18.417634 4.056999 0.000000
v -19.544370 -0.071151 0.000000
v -17.553645 1.282366 0.000000
v -17.444467 1.302652 0.000000
v -17.536923 -1.285708 0.000000
v -17.801205 -5.722654 0.000000
v -16.149085 -5.719243 0.000000
v -15.541084 -10.111817 0.000000
v -14.905940 -9.987139 0.000000
v -12.722282 -13.921640 0.000000
v -10.188661 -16.406110 0.000000
v -9.954039 -16.819768 0.000000
v -10.195438 -16.674547 0.000000
v -9.710566 -16.961497 0.000000
v -9.002665 -16.955742 0.000000
v -5.595277 -18.484105 0.000000
v -5.261587 -18.822943 0.000000
v -5.532346 -18.745149 0.000000
v -4.989729 -18.896827 0.000000
v -4.307437 -18.708051 0.000000
v -0.620584 -19.302439 0.000000
v -0.210567 -19.543365 0.000000
v -0.492235 -19.538300 0.000000
v 0.071151 -19.544370 0.000000
v 0.681335 -19.185436 0.000000
v 4.396400 -18.805343 0.000000
v 4.854803 -18.931940 0.000000
v 4.581422 -18.999949 0.000000
v 5.127182 -18.859997 0.000000
v 5.623675 -18.355366 0.000000
v 13.921640 -12.722282 0.000000
v 16.406110 -10.188661 0.000000
v 16.819768 -9.954039 0.000000
v 16.674547 -10.195438 0.000000
v 16.961497 -9.710566 0.000000
v 16.955742 -9.002665 0.000000
v 18.484105 -5.595277 0.000000
v 18.822943 -5.261587 0.000000
v 18.745149 -5.532346 0.000000
v 18.896827 -4.989729 0.000000
v 18.708051 -4.307437 0.000000
v 19.302439 -0.620584 0.000000
v 19.543365 -0.210567 0.000000
v 19.538300 -0.492235 0.000000
v 19.544370 0.071151 0.000000
v 19.185436 0.681335 0.000000
v 18.805343 4.396400 0.000000
v 18.931940 4.854803 0.000000
v 18.999949 4.581422 0.000000
v 18.859997 5.127182 0.000000
v 18.355366 5.623675 0.000000
v 12.722282 13.921640 0.000000
v 10.188661 16.406110 0.000000
v 9.954039 16.819768 0.000000
v 10.195438 16.674547 0.000000
v 9.710566 16.961497 0.000000
v 9.002665 16.955742 0.000000
v 5.595277 18.484105 0.000000
v 5.261587 18.822943 0.000000
v 5.532346 18.745149 0.000000
v 4.989729 18.896827 0.000000
v 4.307437 18.708051 0.000000
v 0.620584 19.302439 0.000000
v 0.210567 19.543365 0.000000
v 0.492235 19.538300 0.000000
v -0.071151 19.544370 0.000000
v -0.681335 19.185436 0.000000
v -4.396400 18.805343 0.000000
v -4.854803 18.931940 0.000000
v -4.581422 18.999949 0.000000
v -5.127182 18.859997 0.000000
v -5.623675 18.355366 0.000000
v -15.292651 7.260812 0.000000
v -16.219931 10.179793 0.000000
v -16.041430 10.167655 0.000000
v -16.847009 8.838939 0.000000
v -16.650803 3.055377 0.000000
v -18.301975 5.634898 0.000000
v -18.126415 5.669373 0.000000
v -18.560647 4.177433 0.000000
v -17.341569 1.318208 0.000000
v -18.198735 -1.103078 0.000000
v -18.356199 -1.047284 0.000000
v -17.651148 -1.261313 0.000000
v -15.713511 -10.134950 0.000000
v -14.118569 -9.704056 0.000000
v -10.971436 -12.892330 0.000000
v -14.030952 -13.032526 0.000000
v -13.973028 -12.863249 0.000000
v -12.898087 -13.985275 0.000000
v -10.194248 -16.601970 0.000000
v -5.549982 -18.674737 0.000000
v -0.527493 -19.474852 0.000000
v 4.530943 -18.947787 0.000000
v 10.154502 -15.891966 0.000000
v 12.892330 -10.971436 0.000000
v 13.032526 -14.030952 0.000000
v 12.863249 -13.973028 0.000000
v 13.985275 -12.898087 0.000000
v 16.601970 -10.194248 0.000000
v 18.674737 -5.549982 0.000000
v 19.474852 -0.527493 0.000000
v 18.947787 4.530943 0.000000
v 15.891966 10.154502 0.000000
v 10.971436 12.892330 0.000000
v 14.030952 13.032526 0.000000
v 13.973028 12.863249 0.000000
v 12.898087 13.985275 0.000000
v 10.194248 16.601970 0.000000
v 5.549982 18.674737 0.000000
v 0.527493 19.474852 0.000000
v -4.530943 18.947787 0.000000
v -10.154502 15.891966 0.000000
v -13.921640 12.722282 0.000000
v -16.406110 10.188661 0.000000
v -16.819768 9.954039 0.000000
v -16.674547 10.195438 0.000000
v -16.961497 9.710566 0.000000
v -16.955742 9.002665 0.000000
v -18.484105 5.595277 0.000000
v -18.822943 5.261587 0.000000
v -18.745149 5.532346 0.000000
v -18.896827 4.989729 0.000000
v -18.708051 4.307437 0.000000
v -17.669087 1.257161 0.000000
v -18.041596 -1.154373 0.000000
v -17.772757 -1.231598 0.000000
v -17.978639 -5.695353 0.000000
v -14.087705 -13.210066 0.000000
v -13.968139 -13.670353 0.000000
v -14.163727 -13.467602 0.000000
v -13.769645 -13.870268 0.000000
v -13.084376 -14.047928 0.000000
v -9.160143 -17.055686 0.000000
v -6.667184 -14.763991 0.000000
v -9.887384 -14.560720 0.000000
v -9.850363 -14.456025 0.000000
v -4.433682 -18.845347 0.000000
v -2.618803 -15.986515 0.000000
v -5.781888 -16.623618 0.000000
v -5.773226 -16.512910 0.000000
v 0.594927 -19.350729 0.000000
v 1.608045 -16.119584 0.000000
v -1.282366 -17.553645 0.000000
v -1.302652 -17.444467 0.000000
v 5.582992 -18.537391 0.000000
v 5.725307 -15.154130 0.000000
v 3.304547 -17.287420 0.000000
v 3.256695 -17.187212 0.000000
v 9.613418 -13.934374 0.000000
v 8.956976 -16.925925 0.000000
v 8.808458 -16.826163 0.000000
v 10.170468 -16.078250 0.000000
v 13.210066 -14.087705 0.000000
v 13.670353 -13.968139 0.000000
v 13.467602 -14.163727 0.000000
v 13.870268 -13.769645 0.000000
v 14.047928 -13.084376 0.000000
v 17.055686 -9.160143 0.000000
v 14.763991 -6.667184 0.000000
v 14.560720 -9.887384 0.000000
v 14.456025 -9.850363 0.000000
v 18.845347 -4.433682 0.000000
v 15.986515 -2.618803 0.000000
v 16.623618 -5.781888 0.000000
v 16.512910 -5.773226 0.000000
v 19.350729 0.594927 0.000000
v 16.119584 1.608045 0.000000
v 17.553645 -1.282366 0.000000
v 17.444467 -1.302652 0.000000
v 18.537391 5.582992 0.000000
v 15.154130 5.725307 0.000000
v 17.287420 3.304547 0.000000
v 17.187212 3.256695 0.000000
v 13.934374 9.613418 0.000000
v 16.925925 8.956976 0.000000
v 16.826163 8.808458 0.000000
v 16.078250 10.170468 0.000000
v 14.087705 13.210066 0.000000
v 13.968139 13.670353 0.000000
v 14.163727 13.467602 0.000000
v 13.769645 13.870268 0.000000
v 13.084376 14.047928 0.000000
v 9.160143 17.055686 0.000000
v 6.667184 14.763991 0.000000
v 9.887384 14.560720 0.000000
v 9.850363 14.456025 0.000000
v 4.433682 18.845347 0.000000
v 2.618803 15.986515 0.000000
v 5.781888 16.623618 0.000000
v 5.773226 16.512910 0.000000
v -0.594927 19.350729 0.000000
v -1.608045 16.119584 0.000000
v 1.282366 17.553645 0.000000
v 1.302652 17.444467 0.000000
v -5.582992 18.537391 0.000000
v -5.725307 15.154130 0.000000
v -3.304547 17.287420 0.000000
v -3.256695 17.187212 0.000000
v -9.613418 13.934374 0.000000
v -8.956976 16.925925 0.000000
v -8.808458 16.826163 0.000000
v -10.170468 16.078250 0.000000
v -12.892330 10.971436 0.000000
v -13.032526 14.030952 0.000000
v -12.863249 13.973028 0.000000
v -13.985275 12.898087 0.000000
v -16.601970 10.194248 0.000000
v -18.674737 5.549982 0.000000
v -17.791475 1.226710 0.000000
v -18.511888 0.987737 0.000000
v -18.359963 1.045896 0.000000
v -18.514882 -0.986549 0.000000
v -17.902492 -1.196146 0.000000
v -15.947707 -5.679368 0.000000
v -18.667424 -4.271023 0.000000
v -18.532622 -4.153386 0.000000
v -18.162708 -5.662560 0.000000
v -15.891966 -10.154502 0.000000
v -14.143793 -13.397806 0.000000
v -9.342862 -17.166782 0.000000
v -10.152232 -15.869053 0.000000
v -6.923713 -14.844597 0.000000
v -6.950195 -14.864284 0.000000
v -6.865878 -14.810823 0.000000
v -6.895566 -14.826730 0.000000
v -9.812387 -14.359135 0.000000
v -4.581422 -18.999949 0.000000
v -5.699090 -17.955919 0.000000
v -2.845728 -16.130769 0.000000
v -2.866213 -16.156639 0.000000
v -2.798606 -16.083176 0.000000
v -2.823165 -16.106225 0.000000
v -5.761620 -16.409492 0.000000
v 0.492235 -19.538300 0.000000
v -0.857564 -18.819119 0.000000
v 1.426188 -16.317655 0.000000
v 1.413096 -16.347946 0.000000
v 1.459386 -16.259488 0.000000
v 1.441630 -16.288107 0.000000
v -1.318208 -17.341569 0.000000
v 5.532346 -18.745149 0.000000
v 4.042403 -18.399827 0.000000
v 5.600911 -15.392520 0.000000
v 5.596106 -15.425167 0.000000
v 5.617924 -15.327742 0.000000
v 5.608180 -15.359982 0.000000
v 3.215037 -17.091847 0.000000
v 9.113777 -17.026694 0.000000
v 9.589327 -17.030334 0.000000
v 9.342862 -17.166782 0.000000
v 9.833804 -16.890346 0.000000
v 10.182771 -16.274408 0.000000
v 13.397806 -14.143793 0.000000
v 17.166782 -9.342862 0.000000
v 15.869053 -10.152232 0.000000
v 14.844597 -6.923713 0.000000
v 14.864284 -6.950195 0.000000
v 14.810823 -6.865878 0.000000
v 14.826730 -6.895566 0.000000
v 14.359135 -9.812387 0.000000
v 18.999949 -4.581422 0.000000
v 17.955919 -5.699090 0.000000
v 16.130769 -2.845728 0.000000
v 16.156639 -2.866213 0.000000
v 16.083176 -2.798606 0.000000
v 16.106225 -2.823165 0.000000
v 16.409492 -5.761620 0.000000
v 19.538300 0.492235 0.000000
v 18.819119 -0.857564 0.000000
v 16.317655 1.426188 0.000000
v 16.347946 1.413096 0.000000
v 16.259488 1.459386 0.000000
v 16.288107 1.441630 0.000000
v 17.341569 -1.318208 0.000000
v 18.745149 5.532346 0.000000
v 18.399827 4.042403 0.000000
v 15.392520 5.600911 0.000000
v 15.425167 5.596106 0.000000
v 15.327742 5.617924 0.000000
v 15.359982 5.608180 0.000000
v 17.091847 3.215037 0.000000
v 17.026694 9.113777 0.000000
v 17.030334 9.589327 0.000000
v 17.166782 9.342862 0.000000
v 16.890346 9.833804 0.000000
v 16.274408 10.182771 0.000000
v 14.143793 13.397806 0.000000
v 9.342862 17.166782 0.000000
v 10.152232 15.869053 0.000000
v 6.923713 14.844597 0.000000
v 6.950195 14.864284 0.000000
v 6.865878 14.810823 0.000000
v 6.895566 14.826730 0.000000
v 9.812387 14.359135 0.000000
v 4.581422 18.999949 0.000000
v 5.699090 17.955919 0.000000
v 2.845728 16.130769 0.000000
v 2.866213 16.156639 0.000000
v 2.798606 16.083176 0.000000
v 2.823165 16.106225 0.000000
v 5.761620 16.409492 0.000000
v -0.492235 19.538300 0.000000
v 0.857564 18.819119 0.000000
v -1.426188 16.317655 0.000000
v -1.413096 16.347946 0.000000
v -1.459386 16.259488 0.000000
v -1.441630 16.288107 0.000000
v 1.318208 17.341569 0.000000
v -5.532346 18.745149 0.000000
v -4.042403 18.399827 0.000000
v -5.600911 15.392520 0.000000
v -5.596106 15.425167 0.000000
v -5.617924 15.327742 0.000000
v -5.608180 15.359982 0.000000
v -3.215037 17.091847 0.000000
v -9.113777 17.026694 0.000000
v -9.589327 17.030334 0.000000
v -9.342862 17.166782 0.000000
v -9.833804 16.890346 0.000000
v -10.182771 16.274408 0.000000
v -13.210066 14.087705 0.000000
v -13.670353 13.968139 0.000000
v -13.467602 14.163727 0.000000
v -13.870268 13.769645 0.000000
v -14.047928 13.084376 0.000000
v -17.055686 9.160143 0.000000
v -14.763991 6.667184 0.000000
v -14.560720 9.887384 0.000000
v -14.456025 9.850363 0.000000
v -18.845347 4.433682 0.000000
v -15.986515 2.618803 0.000000
v -16.623618 5.781888 0.000000
v -16.512910 5.773226 0.000000
v -17.232415 1.331080 0.000000
v -18.206249 1.100517 0.000000
v -18.675775 -0.920369 0.000000
v -17.079067 -1.344674 0.000000
v -18.805343 -4.396400 0.000000
v -18.931940 -4.854803 0.000000
v -18.999949 -4.581422 0.000000
v -18.859997 -5.127182 0.000000
v -18.355366 -5.623675 0.000000
v -13.934374 -9.613418 0.000000
v -16.925925 -8.956976 0.000000
v -16.826163 -8.808458 0.000000
v -16.078250 -10.170468 0.000000
v -13.262355 -14.103709 0.000000
v -10.261208 -12.535326 0.000000
v -13.319071 -11.505532 0.000000
v -13.256215 -11.413986 0.000000
v -7.120564 -15.081071 0.000000
v -6.974928 -14.885665 0.000000
v -6.834816 -14.797025 0.000000
v -9.923277 -14.673298 0.000000
v -2.974669 -16.410134 0.000000
v -2.884570 -16.183692 0.000000
v -2.772173 -16.061809 0.000000
v -5.787420 -16.741650 0.000000
v 1.373946 -16.620873 0.000000
v 1.402368 -16.378828 0.000000
v 1.479389 -16.232008 0.000000
v -1.257161 -17.669087 0.000000
v 5.628928 -15.698927 0.000000
v 5.593736 -15.457774 0.000000
v 5.630133 -15.296021 0.000000
v 3.358772 -17.392404 0.000000
v 9.280603 -17.129463 0.000000
v 14.103709 -13.262355 0.000000
v 12.535326 -10.261208 0.000000
v 11.505532 -13.319071 0.000000
v 11.413986 -13.256215 0.000000
v 15.081071 -7.120564 0.000000
v 14.885665 -6.974928 0.000000
v 14.797025 -6.834816 0.000000
v 14.673298 -9.923277 0.000000
v 16.410134 -2.974669 0.000000
v 16.183692 -2.884570 0.000000
v 16.061809 -2.772173 0.000000
v 16.741650 -5.787420 0.000000
v 16.620873 1.373946 0.000000
v 16.378828 1.402368 0.000000
v 16.232008 1.479389 0.000000
v 17.669087 -1.257161 0.000000
v 15.698927 5.628928 0.000000
v 15.457774 5.593736 0.000000
v 15.296021 5.630133 0.000000
v 17.392404 3.358772 0.000000
v 17.129463 9.280603 0.000000
v 13.262355 14.103709 0.000000
v 10.261208 12.535326 0.000000
v 13.319071 11.505532 0.000000
v 13.256215 11.413986 0.000000
v 7.120564 15.081071 0.000000
v 6.974928 14.885665 0.000000
v 6.834816 14.797025 0.000000
v 9.923277 14.673298 0.000000
v 2.974669 16.410134 0.000000
v 2.884570 16.183692 0.000000
v 2.772173 16.061809 0.000000
v 5.787420 16.741650 0.000000
v -1.373946 16.620873 0.000000
v -1.402368 16.378828 0.000000
v -1.479389 16.232008 0.000000
v 1.257161 17.669087 0.000000
v -5.628928 15.698927 0.000000
v -5.593736 15.457774 0.000000
v -5.630133 15.296021 0.000000
v -3.358772 17.392404 0.000000
v -9.280603 17.129463 0.000000
v -13.397806 14.143793 0.000000
v -17.166782 9.342862 0.000000
v -15.869053 10.152232 0.000000
v -14.844597 6.923713 0.000000
v -14.864284 6.950195 0.000000
v -14.810823 6.865878 0.000000
v -14.826730 6.895566 0.000000
v -14.359135 9.812387 0.000000
v -18.999949 4.581422 0.000000
v -17.955919 5.699090 0.000000
v -16.130769 2.845728 0.000000
v -16.156639 2.866213 0.000000
v -16.083176 2.798606 0.000000
v -16.106225 2.823165 0.000000
v -16.409492 5.761620 0.000000
v -17.921298 1.190714 0.000000
v -18.664684 0.925078 0.000000
v -18.947787 -4.530943 0.000000
v -17.026694 -9.113777 0.000000
v -17.030334 -9.589327 0.000000
v -17.166782 -9.342862 0.000000
v -16.890346 -9.833804 0.000000
v -16.274408 -10.182771 0.000000
v -13.467602 -14.163727 0.000000
v -13.913516 -12.700737 0.000000
v -10.529857 -12.546791 0.000000
v -10.560533 -12.558953 0.000000
v -10.465252 -12.529136 0.000000
v -10.498045 -12.536817 0.000000
v -13.194455 -11.330227 0.000000
v -9.450330 -13.159629 0.000000
v -9.467552 -13.131155 0.000000
v -7.038301 -14.959331 0.000000
v -6.997853 -14.908638 0.000000
v -6.802584 -14.785483 0.000000
v -9.768957 -14.258169 0.000000
v -5.722356 -15.157151 0.000000
v -5.746360 -15.134105 0.000000
v -2.926717 -16.271250 0.000000
v -2.900768 -16.211816 0.000000
v -2.744027 -16.042318 0.000000
v -5.745802 -16.300726 0.000000
v -1.604412 -16.121738 0.000000
v -1.633563 -16.105690 0.000000
v 1.384318 -16.474311 0.000000
v 1.394000 -16.410186 0.000000
v 1.501530 -16.205896 0.000000
v -1.331080 -17.232415 0.000000
v 2.622870 -15.987656 0.000000
v 2.590558 -15.979699 0.000000
v 5.601014 -15.554675 0.000000
v 5.593770 -15.490229 0.000000
v 5.644761 -15.265069 0.000000
v 3.174353 -16.989743 0.000000
v 10.190586 -16.460760 0.000000
v 9.452399 -13.155947 0.000000
v 7.666261 -15.843085 0.000000
v 7.594103 -15.758678 0.000000
v 14.163727 -13.467602 0.000000
v 12.700737 -13.913516 0.000000
v 12.546791 -10.529857 0.000000
v 12.558953 -10.560533 0.000000
v 12.529136 -10.465252 0.000000
v 12.536817 -10.498045 0.000000
v 11.330227 -13.194455 0.000000
v 13.159629 -9.450330 0.000000
v 13.131155 -9.467552 0.000000
v 14.959331 -7.038301 0.000000
v 14.908638 -6.997853 0.000000
v 14.785483 -6.802584 0.000000
v 14.258169 -9.768957 0.000000
v 15.157151 -5.722356 0.000000
v 15.134105 -5.746360 0.000000
v 16.271250 -2.926717 0.000000
v 16.211816 -2.900768 0.000000
v 16.042318 -2.744027 0.000000
v 16.300726 -5.745802 0.000000
v 16.121738 -1.604412 0.000000
v 16.105690 -1.633563 0.000000
v 16.474311 1.384318 0.000000
v 16.410186 1.394000 0.000000
v 16.205896 1.501530 0.000000
v 17.232415 -1.331080 0.000000
v 15.987656 2.622870 0.000000
v 15.979699 2.590558 0.000000
v 15.554675 5.601014 0.000000
v 15.490229 5.593770 0.000000
v 15.265069 5.644761 0.000000
v 16.989743 3.174353 0.000000
v 16.460760 10.190586 0.000000
v 13.155947 9.452399 0.000000
v 15.843085 7.666261 0.000000
v 15.758678 7.594103 0.000000
v 13.467602 14.163727 0.000000
v 13.913516 12.700737 0.000000
v 10.529857 12.546791 0.000000
v 10.560533 12.558953 0.000000
v 10.465252 12.529136 0.000000
v 10.498045 12.536817 0.000000
v 13.194455 11.330227 0.000000
v 9.450330 13.159629 0.000000
v 9.467552 13.131155 0.000000
v 7.038301 14.959331 0.000000
v 6.997853 14.908638 0.000000
v 6.802584 14.785483 0.000000
v 9.768957 14.258169 0.000000
v 5.722356 15.157151 0.000000
v 5.746360 15.134105 0.000000
v 2.926717 16.271250 0.000000
v 2.900768 16.211816 0.000000
v 2.744027 16.042318 0.000000
v 5.745802 16.300726 0.000000
v 1.604412 16.121738 0.000000
v 1.633563 16.105690 0.000000
v -1.384318 16.474311 0.000000
v -1.394000 16.410186 0.000000
v -1.501530 16.205896 0.000000
v 1.331080 17.232415 0.000000
v -2.622870 15.987656 0.000000
v -2.590558 15.979699 0.000000
v -5.601014 15.554675 0.000000
v -5.593770 15.490229 0.000000
v -5.644761 15.265069 0.000000
v -3.174353 16.989743 0.000000
v -10.190586 16.460760 0.000000
v -9.452399 13.155947 0.000000
v -7.666261 15.843085 0.000000
v -7.594103 15.758678 0.000000
v -14.103709 13.262355 0.000000
v -12.535326 10.261208 0.000000
v -11.505532 13.319071 0.000000
v -11.413986 13.256215 0.000000
v -15.081071 7.120564 0.000000
v -14.885665 6.974928 0.000000
v -14.797025 6.834816 0.000000
v -14.673298 9.923277 0.000000
v -16.410134 2.974669 0.000000
v -16.183692 2.884570 0.000000
v -16.061809 2.772173 0.000000
v -16.741650 5.787420 0.000000
v -18.059194 1.148837 0.000000
v -18.819119 0.857564 0.000000
v -18.840097 -0.848074 0.000000
v -18.537391 -5.582992 0.000000
v -15.154130 -5.725307 0.000000
v -17.287420 -3.304547 0.000000
v -17.187212 -3.256695 0.000000
v -17.129463 -9.280603 0.000000
v -10.781206 -12.724258 0.000000
v -10.589957 -12.573204 0.000000
v -10.431677 -12.523849 0.000000
v -13.382878 -11.604984 0.000000
v -9.486626 -13.104301 0.000000
v -9.506024 -13.080081 0.000000
v -9.421993 -13.220906 0.000000
v -9.435096 -13.189600 0.000000
v -7.018936 -14.933133 0.000000
v -10.111349 -15.537897 0.000000
v -6.769395 -14.776315 0.000000
v -9.714864 -14.141168 0.000000
v -5.771734 -15.113102 0.000000
v -5.796740 -15.094728 0.000000
v -5.679124 -15.209006 0.000000
v -5.699884 -15.182158 0.000000
v -2.914792 -16.240933 0.000000
v -5.745310 -17.625466 0.000000
v -2.714342 -16.024873 0.000000
v -5.723835 -16.173712 0.000000
v -1.663508 -16.091970 0.000000
v -1.692418 -16.080695 0.000000
v -1.549233 -16.160638 0.000000
v -1.576233 -16.140077 0.000000
v 1.387990 -16.441940 0.000000
v -0.987737 -18.511888 0.000000
v 1.525690 -16.181362 0.000000
v -1.342735 -17.104043 0.000000
v 2.558083 -15.974197 0.000000
v 2.527240 -15.970788 0.000000
v 2.686237 -16.010948 0.000000
v 2.654835 -15.998077 0.000000
v 5.596182 -15.522456 0.000000
v 3.837149 -18.136756 0.000000
v 5.661748 -15.235118 0.000000
v 3.129869 -16.868762 0.000000
v 10.195438 -16.674547 0.000000
v 8.666887 -16.726617 0.000000
v 9.393942 -13.418410 0.000000
v 9.397750 -13.451188 0.000000
v 9.393609 -13.351436 0.000000
v 9.392542 -13.385100 0.000000
v 7.529183 -15.677344 0.000000
v 12.724258 -10.781206 0.000000
v 12.573204 -10.589957 0.000000
v 12.523849 -10.431677 0.000000
v 11.604984 -13.382878 0.000000
v 13.104301 -9.486626 0.000000
v 13.080081 -9.506024 0.000000
v 13.220906 -9.421993 0.000000
v 13.189600 -9.435096 0.000000
v 14.933133 -7.018936 0.000000
v 15.537897 -10.111349 0.000000
v 14.776315 -6.769395 0.000000
v 14.141168 -9.714864 0.000000
v 15.113102 -5.771734 0.000000
v 15.094728 -5.796740 0.000000
v 15.209006 -5.679124 0.000000
v 15.182158 -5.699884 0.000000
v 16.240933 -2.914792 0.000000
v 17.625466 -5.745310 0.000000
v 16.024873 -2.714342 0.000000
v 16.173712 -5.723835 0.000000
v 16.091970 -1.663508 0.000000
v 16.080695 -1.692418 0.000000
v 16.160638 -1.549233 0.000000
v 16.140077 -1.576233 0.000000
v 16.441940 1.387990 0.000000
v 18.511888 -0.987737 0.000000
v 16.181362 1.525690 0.000000
v 17.104043 -1.342735 0.000000
v 15.974197 2.558083 0.000000
v 15.970788 2.527240 0.000000
v 16.010948 2.686237 0.000000
v 15.998077 2.654835 0.000000
v 15.522456 5.596182 0.000000
v 18.136756 3.837149 0.000000
v 15.235118 5.661748 0.000000
v 16.868762 3.129869 0.000000
v 16.674547 10.195438 0.000000
v 16.726617 8.666887 0.000000
v 13.418410 9.393942 0.000000
v 13.451188 9.397750 0.000000
v 13.351436 9.393609 0.000000
v 13.385100 9.392542 0.000000
v 15.677344 7.529183 0.000000
v 10.781206 12.724258 0.000000
v 10.589957 12.573204 0.000000
v 10.431677 12.523849 0.000000
v 13.382878 11.604984 0.000000
v 9.486626 13.104301 0.000000
v 9.506024 13.080081 0.000000
v 9.421993 13.220906 0.000000
v 9.435096 13.189600 0.000000
v 7.018936 14.933133 0.000000
v 10.111349 15.537897 0.000000
v 6.769395 14.776315 0.000000
v 9.714864 14.141168 0.000000
v 5.771734 15.113102 0.000000
v 5.796740 15.094728 0.000000
v 5.679124 15.209006 0.000000
v 5.699884 15.182158 0.000000
v 2.914792 16.240933 0.000000
v 5.745310 17.625466 0.000000
v 2.714342 16.024873 0.000000
v 5.723835 16.173712 0.000000
v 1.663508 16.091970 0.000000
v 1.692418 16.080695 0.000000
v 1.549233 16.160638 0.000000
v 1.576233 16.140077 0.000000
v -1.387990 16.441940 0.000000
v 0.987737 18.511888 0.000000
v -1.525690 16.181362 0.000000
v 1.342735 17.104043 0.000000
v -2.558083 15.974197 0.000000
v -2.527240 15.970788 0.000000
v -2.686237 16.010948 0.000000
v -2.654835 15.998077 0.000000
v -5.596182 15.522456 0.000000
v -3.837149 18.136756 0.000000
v -5.661748 15.235118 0.000000
v -3.129869 16.868762 0.000000
v -10.195438 16.674547 0.000000
v -8.666887 16.726617 0.000000
v -9.393942 13.418410 0.000000
v -9.397750 13.451188 0.000000
v -9.393609 13.351436 0.000000
v -9.392542 13.385100 0.000000
v -7.529183 15.677344 0.000000
v -14.163727 13.467602 0.000000
v -12.700737 13.913516 0.000000
v -12.546791 10.529857 0.000000
v -12.558953 10.560533 0.000000
v -12.529136 10.465252 0.000000
v -12.536817 10.498045 0.000000
v -11.330227 13.194455 0.000000
v -13.159629 9.450330 0.000000
v -13.131155 9.467552 0.000000
v -14.959331 7.038301 0.000000
v -14.908638 6.997853 0.000000
v -14.785483 6.802584 0.000000
v -14.258169 9.768957 0.000000
v -15.157151 5.722356 0.000000
v -15.134105 5.746360 0.000000
v -16.271250 2.926717 0.000000
v -16.211816 2.900768 0.000000
v -16.042318 2.744027 0.000000
v -16.300726 5.745802 0.000000
v -19.009407 -0.768758 0.000000
v -18.745149 -5.532346 0.000000
v -18.399827 -4.042403 0.000000
v -15.392520 -5.600911 0.000000
v -15.425167 -5.596106 0.000000
v -15.327742 -5.617924 0.000000
v -15.359982 -5.608180 0.000000
v -17.091847 -3.215037 0.000000
v -16.460760 -10.190586 0.000000
v -13.155947 -9.452399 0.000000
v -15.843085 -7.666261 0.000000
v -15.758678 -7.594103 0.000000
v -12.534281 -10.265300 0.000000
v -12.543546 -10.233339 0.000000
v -10.670236 -12.627958 0.000000
v -10.618047 -12.589461 0.000000
v -10.397556 -12.521041 0.000000
v -13.126373 -11.243942 0.000000
v -9.402712 -13.286711 0.000000
v -9.411161 -13.253342 0.000000
v -10.133483 -15.701551 0.000000
v -9.641518 -13.990811 0.000000
v -5.643469 -15.267578 0.000000
v -5.660266 -15.237533 0.000000
v -5.724333 -17.789272 0.000000
v -5.691903 -16.009494 0.000000
v -1.499632 -16.207985 0.000000
v -1.523633 -16.183312 0.000000
v -0.925078 -18.664684 0.000000
v -1.354394 -16.937157 0.000000
v 2.746401 -16.043845 0.000000
v 2.716833 -16.026224 0.000000
v 3.937219 -18.268128 0.000000
v 3.075414 -16.710580 0.000000
v 9.500308 -13.707125 0.000000
v 9.403900 -13.483297 0.000000
v 9.397192 -13.317637 0.000000
v 7.745810 -15.930458 0.000000
v 10.265300 -12.534281 0.000000
v 10.233339 -12.543546 0.000000
v 12.627958 -10.670236 0.000000
v 12.589461 -10.618047 0.000000
v 12.521041 -10.397556 0.000000
v 11.243942 -13.126373 0.000000
v 13.286711 -9.402712 0.000000
v 13.253342 -9.411161 0.000000
v 15.701551 -10.133483 0.000000
v 13.990811 -9.641518 0.000000
v 15.267578 -5.643469 0.000000
v 15.237533 -5.660266 0.000000
v 17.789272 -5.724333 0.000000
v 16.009494 -5.691903 0.000000
v 16.207985 -1.499632 0.000000
v 16.183312 -1.523633 0.000000
v 18.664684 -0.925078 0.000000
v 16.937157 -1.354394 0.000000
v 16.043845 2.746401 0.000000
v 16.026224 2.716833 0.000000
v 18.268128 3.937219 0.000000
v 16.710580 3.075414 0.000000
v 13.707125 9.500308 0.000000
v 13.483297 9.403900 0.000000
v 13.317637 9.397192 0.000000
v 15.930458 7.745810 0.000000
v 12.534281 10.265300 0.000000
v 12.543546 10.233339 0.000000
v 10.670236 12.627958 0.000000
v 10.618047 12.589461 0.000000
v 10.397556 12.521041 0.000000
v 13.126373 11.243942 0.000000
v 9.402712 13.286711 0.000000
v 9.411161 13.253342 0.000000
v 10.133483 15.701551 0.000000
v 9.641518 13.990811 0.000000
v 5.643469 15.267578 0.000000
v 5.660266 15.237533 0.000000
v 5.724333 17.789272 0.000000
v 5.691903 16.009494 0.000000
v 1.499632 16.207985 0.000000
v 1.523633 16.183312 0.000000
v 0.925078 18.664684 0.000000
v 1.354394 16.937157 0.000000
v -2.746401 16.043845 0.000000
v -2.716833 16.026224 0.000000
v -3.937219 18.268128 0.000000
v -3.075414 16.710580 0.000000
v -9.500308 13.707125 0.000000
v -9.403900 13.483297 0.000000
v -9.397192 13.317637 0.000000
v -7.745810 15.930458 0.000000
v -12.724258 10.781206 0.000000
v -12.573204 10.589957 0.000000
v -12.523849 10.431677 0.000000
v -11.604984 13.382878 0.000000
v -13.104301 9.486626 0.000000
v -13.080081 9.506024 0.000000
v -13.220906 9.421993 0.000000
v -13.189600 9.435096 0.000000
v -14.933133 7.018936 0.000000
v -15.537897 10.111349 0.000000
v -14.776315 6.769395 0.000000
v -14.141168 9.714864 0.000000
v -15.113102 5.771734 0.000000
v -15.094728 5.796740 0.000000
v -15.209006 5.679124 0.000000
v -15.182158 5.699884 0.000000
v -16.240933 2.914792 0.000000
v -17.625466 5.745310 0.000000
v -16.024873 2.714342 0.000000
v -16.173712 5.723835 0.000000
v -18.976114 0.784733 0.000000
v -19.185436 -0.681335 0.000000
v -15.698927 -5.628928 0.000000
v -15.457774 -5.593736 0.000000
v -15.296021 -5.630133 0.000000
v -17.392404 -3.358772 0.000000
v -16.674547 -10.195438 0.000000
v -16.726617 -8.666887 0.000000
v -13.418410 -9.393942 0.000000
v -13.451188 -9.397750 0.000000
v -13.351436 -9.393609 0.000000
v -13.385100 -9.392542 0.000000
v -15.677344 -7.529183 0.000000
v -12.555019 -10.202463 0.000000
v -12.567488 -10.174048 0.000000
v -12.522769 -10.331824 0.000000
v -12.527323 -10.298193 0.000000
v -10.644750 -12.607664 0.000000
v -13.788317 -12.391446 0.000000
v -10.363125 -12.520776 0.000000
v -13.043842 -11.144928 0.000000
v -6.574558 -14.772539 0.000000
v -9.396770 -13.320648 0.000000
v -10.085753 -15.377246 0.000000
v -6.735590 -14.769644 0.000000
v -10.024519 -15.065302 0.000000
v -6.701424 -14.765526 0.000000
v -9.426089 -13.552802 0.000000
v -6.633142 -14.765033 0.000000
v -9.538058 -13.783400 0.000000
v -2.527121 -15.970798 0.000000
v -5.628945 -15.298821 0.000000
v -5.762165 -17.463664 0.000000
v -2.683415 -16.009679 0.000000
v -5.783755 -17.146501 0.000000
v -2.651479 -15.996859 0.000000
v -5.597179 -15.530653 0.000000
v -2.585651 -15.978710 0.000000
v -5.645651 -15.782373 0.000000
v 1.692535 -16.080673 0.000000
v -1.477517 -16.234405 0.000000
v -1.045896 -18.359963 0.000000
v 1.551630 -16.158682 0.000000
v -1.148837 -18.059194 0.000000
v 1.579160 -16.138033 0.000000
v -1.386831 -16.450115 0.000000
v 1.638047 -16.103464 0.000000
v -1.368501 -16.705803 0.000000
v 5.796848 -15.094677 0.000000
v 2.774601 -16.063640 0.000000
v 3.741651 -18.005060 0.000000
v 5.680934 -15.206497 0.000000
v 3.564372 -17.741183 0.000000
v 5.702181 -15.179426 0.000000
v 2.918027 -16.248530 0.000000
v 5.750115 -15.130794 0.000000
v 3.001910 -16.490761 0.000000
v 6.671408 -14.764041 0.000000
v 6.638138 -14.764718 0.000000
v 9.436010 -13.575013 0.000000
v 9.412333 -13.514638 0.000000
v 9.403311 -13.283952 0.000000
v 7.463458 -15.589249 0.000000
v 10.202463 -12.555019 0.000000
v 10.174048 -12.567488 0.000000
v 10.331824 -12.522769 0.000000
v 10.298193 -12.527323 0.000000
v 12.607664 -10.644750 0.000000
v 12.391446 -13.788317 0.000000
v 12.520776 -10.363125 0.000000
v 11.144928 -13.043842 0.000000
v 14.772539 -6.574558 0.000000
v 13.320648 -9.396770 0.000000
v 15.377246 -10.085753 0.000000
v 14.769644 -6.735590 0.000000
v 15.065302 -10.024519 0.000000
v 14.765526 -6.701424 0.000000
v 13.552802 -9.426089 0.000000
v 14.765033 -6.633142 0.000000
v 13.783400 -9.538058 0.000000
v 15.970798 -2.527121 0.000000
v 15.298821 -5.628945 0.000000
v 17.463664 -5.762165 0.000000
v 16.009679 -2.683415 0.000000
v 17.146501 -5.783755 0.000000
v 15.996859 -2.651479 0.000000
v 15.530653 -5.597179 0.000000
v 15.978710 -2.585651 0.000000
v 15.782373 -5.645651 0.000000
v 16.080673 1.692535 0.000000
v 16.234405 -1.477517 0.000000
v 18.359963 -1.045896 0.000000
v 16.158682 1.551630 0.000000
v 18.059194 -1.148837 0.000000
v 16.138033 1.579160 0.000000
v 16.450115 -1.386831 0.000000
v 16.103464 1.638047 0.000000
v 16.705803 -1.368501 0.000000
v 15.094677 5.796848 0.000000
v 16.063640 2.774601 0.000000
v 18.005060 3.741651 0.000000
v 15.206497 5.680934 0.000000
v 17.741183 3.564372 0.000000
v 15.179426 5.702181 0.000000
v 16.248530 2.918027 0.000000
v 15.130794 5.750115 0.000000
v 16.490761 3.001910 0.000000
v 14.764041 6.671408 0.000000
v 14.764718 6.638138 0.000000
v 13.575013 9.436010 0.000000
v 13.514638 9.412333 0.000000
v 13.283952 9.403311 0.000000
v 15.589249 7.463458 0.000000
v 12.555019 10.202463 0.000000
v 12.567488 10.174048 0.000000
v 12.522769 10.331824 0.000000
v 12.527323 10.298193 0.000000
v 10.644750 12.607664 0.000000
v 13.788317 12.391446 0.000000
v 10.363125 12.520776 0.000000
v 13.043842 11.144928 0.000000
v 6.574558 14.772539 0.000000
v 9.396770 13.320648 0.000000
v 10.085753 15.377246 0.000000
v 6.735590 14.769644 0.000000
v 10.024519 15.065302 0.000000
v 6.701424 14.765526 0.000000
v 9.426089 13.552802 0.000000
v 6.633142 14.765033 0.000000
v 9.538058 13.783400 0.000000
v 2.527121 15.970798 0.000000
v 5.628945 15.298821 0.000000
v 5.762165 17.463664 0.000000
v 2.683415 16.009679 0.000000
v 5.783755 17.146501 0.000000
v 2.651479 15.996859 0.000000
v 5.597179 15.530653 0.000000
v 2.585651 15.978710 0.000000
v 5.645651 15.782373 0.000000
v -1.692535 16.080673 0.000000
v 1.477517 16.234405 0.000000
v 1.045896 18.359963 0.000000
v -1.551630 16.158682 0.000000
v 1.148837 18.059194 0.000000
v -1.579160 16.138033 0.000000
v 1.386831 16.450115 0.000000
v -1.638047 16.103464 0.000000
v 1.368501 16.705803 0.000000
v -5.796848 15.094677 0.000000
v -2.774601 16.063640 0.000000
v -3.741651 18.005060 0.000000
v -5.680934 15.206497 0.000000
v -3.564372 17.741183 0.000000
v -5.702181 15.179426 0.000000
v -2.918027 16.248530 0.000000
v -5.750115 15.130794 0.000000
v -3.001910 16.490761 0.000000
v -6.671408 14.764041 0.000000
v -6.638138 14.764718 0.000000
v -9.436010 13.575013 0.000000
v -9.412333 13.514638 0.000000
v -9.403311 13.283952 0.000000
v -7.463458 15.589249 0.000000
v -10.265300 12.534281 0.000000
v -10.233339 12.543546 0.000000
v -12.627958 10.670236 0.000000
v -12.589461 10.618047 0.000000
v -12.521041 10.397556 0.000000
v -11.243942 13.126373 0.000000
v -13.286711 9.402712 0.000000
v -13.253342 9.411161 0.000000
v -15.701551 10.133483 0.000000
v -13.990811 9.641518 0.000000
v -15.267578 5.643469 0.000000
v -15.237533 5.660266 0.000000
v -17.789272 5.724333 0.000000
v -16.009494 5.691903 0.000000
v -19.136769 0.705994 0.000000
v -16.874231 -1.358278 0.000000
v -15.987656 -2.622870 0.000000
v -15.979699 -2.590558 0.000000
v -15.554675 -5.601014 0.000000
v -15.490229 -5.593770 0.000000
v -15.265069 -5.644761 0.000000
v -16.989743 -3.174353 0.000000
v -13.707125 -9.500308 0.000000
v -13.483297 -9.403900 0.000000
v -13.317637 -9.397192 0.000000
v -15.930458 -7.745810 0.000000
v -12.521177 -10.400376 0.000000
v -12.520701 -10.365958 0.000000
v -13.852054 -12.543795 0.000000
v -12.934080 -11.018677 0.000000
v -10.056200 -15.216816 0.000000
v -9.958100 -14.794514 0.000000
v -9.436010 -13.575013 0.000000
v -5.775142 -17.301052 0.000000
v -5.789684 -16.867749 0.000000
v -5.601014 -15.554675 0.000000
v -1.100517 -18.206249 0.000000
v -1.226710 -17.791475 0.000000
v -1.384318 -16.474311 0.000000
v 3.649107 -17.870721 0.000000
v 3.419861 -17.502741 0.000000
v 2.926717 -16.271250 0.000000
v 6.605345 -14.767809 0.000000
v 6.574671 -14.772499 0.000000
v 6.738644 -14.770139 0.000000
v 6.704981 -14.765833 0.000000
v 9.423004 -13.545143 0.000000
v 8.400539 -16.525634 0.000000
v 9.411967 -13.250625 0.000000
v 7.389179 -15.483904 0.000000
v 10.400376 -12.521177 0.000000
v 10.365958 -12.520701 0.000000
v 12.543795 -13.852054 0.000000
v 11.018677 -12.934080 0.000000
v 15.216816 -10.056200 0.000000
v 14.794514 -9.958100 0.000000
v 13.575013 -9.436010 0.000000
v 17.301052 -5.775142 0.000000
v 16.867749 -5.789684 0.000000
v 15.554675 -5.601014 0.000000
v 18.206249 -1.100517 0.000000
v 17.791475 -1.226710 0.000000
v 16.474311 -1.384318 0.000000
v 17.870721 3.649107 0.000000
v 17.502741 3.419861 0.000000
v 16.271250 2.926717 0.000000
v 14.767809 6.605345 0.000000
v 14.772499 6.574671 0.000000
v 14.770139 6.738644 0.000000
v 14.765833 6.704981 0.000000
v 13.545143 9.423004 0.000000
v 16.525634 8.400539 0.000000
v 13.250625 9.411967 0.000000
v 15.483904 7.389179 0.000000
v 12.521177 10.400376 0.000000
v 12.520701 10.365958 0.000000
v 13.852054 12.543795 0.000000
v 12.934080 11.018677 0.000000
v 10.056200 15.216816 0.000000
v 9.958100 14.794514 0.000000
v 9.436010 13.575013 0.000000
v 5.775142 17.301052 0.000000
v 5.789684 16.867749 0.000000
v 5.601014 15.554675 0.000000
v 1.100517 18.206249 0.000000
v 1.226710 17.791475 0.000000
v 1.384318 16.474311 0.000000
v -3.649107 17.870721 0.000000
v -3.419861 17.502741 0.000000
v -2.926717 16.271250 0.000000
v -6.605345 14.767809 0.000000
v -6.574671 14.772499 0.000000
v -6.738644 14.770139 0.000000
v -6.704981 14.765833 0.000000
v -9.423004 13.545143 0.000000
v -8.400539 16.525634 0.000000
v -9.411967 13.250625 0.000000
v -7.389179 15.483904 0.000000
v -10.202463 12.555019 0.000000
v -10.174048 12.567488 0.000000
v -10.331824 12.522769 0.000000
v -10.298193 12.527323 0.000000
v -12.607664 10.644750 0.000000
v -12.391446 13.788317 0.000000
v -12.520776 10.363125 0.000000
v -11.144928 13.043842 0.000000
v -14.772539 6.574558 0.000000
v -13.320648 9.396770 0.000000
v -15.377246 10.085753 0.000000
v -14.769644 6.735590 0.000000
v -15.065302 10.024519 0.000000
v -14.765526 6.701424 0.000000
v -13.552802 9.426089 0.000000
v -14.765033 6.633142 0.000000
v -13.783400 9.538058 0.000000
v -15.970798 2.527121 0.000000
v -15.298821 5.628945 0.000000
v -17.463664 5.762165 0.000000
v -16.009679 2.683415 0.000000
v -17.146501 5.783755 0.000000
v -15.996859 2.651479 0.000000
v -15.530653 5.597179 0.000000
v -15.978710 2.585651 0.000000
v -15.782373 5.645651 0.000000
v -17.104043 1.342735 0.000000
v -19.350729 -0.594927 0.000000
v -15.974197 -2.558083 0.000000
v -15.970788 -2.527240 0.000000
v -16.010948 -2.686237 0.000000
v -15.998077 -2.654835 0.000000
v -15.522456 -5.596182 0.000000
v -18.136756 -3.837149 0.000000
v -15.235118 -5.661748 0.000000
v -16.868762 -3.129869 0.000000
v -14.764041 -6.671408 0.000000
v -14.764718 -6.638138 0.000000
v -13.575013 -9.436010 0.000000
v -13.514638 -9.412333 0.000000
v -13.283952 -9.403311 0.000000
v -15.589249 -7.463458 0.000000
v -10.173950 -12.567556 0.000000
v -12.524220 -10.434695 0.000000
v -13.722014 -12.242894 0.000000
v -10.328745 -12.523081 0.000000
v -13.582129 -11.957428 0.000000
v -10.294678 -12.527947 0.000000
v -12.612626 -10.651350 0.000000
v -10.228595 -12.545143 0.000000
v -12.780463 -10.845111 0.000000
v -9.393384 -13.354910 0.000000
v -9.991838 -14.924942 0.000000
v -6.316598 -14.884667 0.000000
v -5.616807 -15.331039 0.000000
v -5.788515 -17.002465 0.000000
v -2.248929 -16.012340 0.000000
v -1.457454 -16.262383 0.000000
v -1.190714 -17.921298 0.000000
v 2.801222 -16.085473 0.000000
v 3.488231 -17.618824 0.000000
v 6.805273 -14.786343 0.000000
v 6.772151 -14.776975 0.000000
v 8.531201 -16.626630 0.000000
v 7.295638 -15.345205 0.000000
v 12.567556 -10.173950 0.000000
v 10.434695 -12.524220 0.000000
v 12.242894 -13.722014 0.000000
v 12.523081 -10.328745 0.000000
v 11.957428 -13.582129 0.000000
v 12.527947 -10.294678 0.000000
v 10.651350 -12.612626 0.000000
v 12.545143 -10.228595 0.000000
v 10.845111 -12.780463 0.000000
v 13.354910 -9.393384 0.000000
v 14.924942 -9.991838 0.000000
v 14.991559 -6.058538 0.000000
v 14.884667 -6.316598 0.000000
v 15.331039 -5.616807 0.000000
v 17.002465 -5.788515 0.000000
v 16.048799 -1.971997 0.000000
v 16.262383 -1.457454 0.000000
v 17.921298 -1.190714 0.000000
v 16.085473 2.801222 0.000000
v 17.618824 3.488231 0.000000
v 14.991558 6.058540 0.000000
v 14.786343 6.805273 0.000000
v 14.776975 6.772151 0.000000
v 16.626630 8.531201 0.000000
v 15.345205 7.295638 0.000000
v 10.173950 12.567556 0.000000
v 12.524220 10.434695 0.000000
v 13.722014 12.242894 0.000000
v 10.328745 12.523081 0.000000
v 13.582129 11.957428 0.000000
v 10.294678 12.527947 0.000000
v 12.612626 10.651350 0.000000
v 10.228595 12.545143 0.000000
v 12.780463 10.845111 0.000000
v 9.393384 13.354910 0.000000
v 9.991838 14.924942 0.000000
v 5.616807 15.331039 0.000000
v 5.788515 17.002465 0.000000
v 1.457454 16.262383 0.000000
v 1.190714 17.921298 0.000000
v -2.801222 16.085473 0.000000
v -3.488231 17.618824 0.000000
v -6.805273 14.786343 0.000000
v -6.772151 14.776975 0.000000
v -8.531201 16.626630 0.000000
v -7.295638 15.345205 0.000000
v -10.400376 12.521177 0.000000
v -10.365958 12.520701 0.000000
v -12.543795 13.852054 0.000000
v -11.018677 12.934080 0.000000
v -15.216816 10.056200 0.000000
v -14.794514 9.958100 0.000000
v -13.575013 9.436010 0.000000
v -17.301052 5.775142 0.000000
v -16.867749 5.789684 0.000000
v -15.554675 5.601014 0.000000
v -19.302439 0.620584 0.000000
v -19.538300 -0.492235 0.000000
v -16.317655 -1.426188 0.000000
v -16.347946 -1.413096 0.000000
v -16.043845 -2.746401 0.000000
v -16.026224 -2.716833 0.000000
v -18.268128 -3.937219 0.000000
v -16.710580 -3.075414 0.000000
v -14.767809 -6.605345 0.000000
v -14.772499 -6.574671 0.000000
v -14.770139 -6.738644 0.000000
v -14.765833 -6.704981 0.000000
v -13.545143 -9.423004 0.000000
v -16.525634 -8.400539 0.000000
v -13.250625 -9.411967 0.000000
v -15.483904 -7.389179 0.000000
v -13.651945 -12.095580 0.000000
v -13.447888 -11.713057 0.000000
v -12.627958 -10.670236 0.000000
v -9.392582 -13.389206 0.000000
v -6.058538 -14.991559 0.000000
v -5.607156 -15.363958 0.000000
v -1.971997 -16.048799 0.000000
v -1.439612 -16.291683 0.000000
v 2.248932 -16.012340 0.000000
v 1.972000 -16.048799 0.000000
v 2.826040 -16.109156 0.000000
v 6.316600 -14.884666 0.000000
v 9.506115 -13.080004 0.000000
v 6.837635 -14.798165 0.000000
v 8.274209 -16.423142 0.000000
v 9.423092 -13.218014 0.000000
v 8.034675 -16.214139 0.000000
v 9.436609 -13.186366 0.000000
v 7.024027 -14.939634 0.000000
v 9.470323 -13.126986 0.000000
v 7.167745 -15.151901 0.000000
v 12.095580 -13.651945 0.000000
v 11.713057 -13.447888 0.000000
v 10.670236 -12.627958 0.000000
v 13.389206 -9.392582 0.000000
v 15.363958 -5.607156 0.000000
v 16.291683 -1.439612 0.000000
v 16.012340 2.248932 0.000000
v 16.048799 1.972000 0.000000
v 16.109156 2.826040 0.000000
v 14.884666 6.316600 0.000000
v 13.080004 9.506115 0.000000
v 14.798165 6.837635 0.000000
v 16.423142 8.274209 0.000000
v 13.218014 9.423092 0.000000
v 16.214139 8.034675 0.000000
v 13.186366 9.436609 0.000000
v 14.939634 7.024027 0.000000
v 13.126986 9.470323 0.000000
v 15.151901 7.167745 0.000000
v 13.651945 12.095580 0.000000
v 13.447888 11.713057 0.000000
v 12.627958 10.670236 0.000000
v 9.392582 13.389206 0.000000
v 6.058538 14.991559 0.000000
v 5.607156 15.363958 0.000000
v 2.248929 16.012340 0.000000
v 1.439612 16.291683 0.000000
v -2.248932 16.012340 0.000000
v -1.972000 16.048799 0.000000
v -2.826040 16.109156 0.000000
v -6.316600 14.884666 0.000000
v -9.506115 13.080004 0.000000
v -6.837635 14.798165 0.000000
v -8.274209 16.423142 0.000000
v -9.423092 13.218014 0.000000
v -8.034675 16.214139 0.000000
v -9.436609 13.186366 0.000000
v -7.024027 14.939634 0.000000
v -9.470323 13.126986 0.000000
v -7.167745 15.151901 0.000000
v -12.567556 10.173950 0.000000
v -10.434695 12.524220 0.000000
v -12.242894 13.722014 0.000000
v -12.523081 10.328745 0.000000
v -11.957428 13.582129 0.000000
v -12.527947 10.294678 0.000000
v -10.651350 12.612626 0.000000
v -12.545143 10.228595 0.000000
v -10.845111 12.780463 0.000000
v -13.354910 9.393384 0.000000
v -14.924942 9.991838 0.000000
v -15.331039 5.616807 0.000000
v -17.002465 5.788515 0.000000
v -19.474852 0.527493 0.000000
v -19.543365 0.210567 0.000000
v -16.620873 -1.373946 0.000000
v -16.378828 -1.402368 0.000000
v -16.410186 -1.394000 0.000000
v -16.259488 -1.459386 0.000000
v -16.288107 -1.441630 0.000000
v -15.094677 -5.796848 0.000000
v -16.063640 -2.774601 0.000000
v -18.005060 -3.741651 0.000000
v -15.206497 -5.680934 0.000000
v -17.741183 -3.564372 0.000000
v -15.179426 -5.702181 0.000000
v -16.248530 -2.918027 0.000000
v -15.130794 -5.750115 0.000000
v -16.490761 -3.001910 0.000000
v -14.786343 -6.805273 0.000000
v -14.776975 -6.772151 0.000000
v -16.626630 -8.531201 0.000000
v -15.345205 -7.295638 0.000000
v -12.529817 -10.468666 0.000000
v -13.514233 -11.830309 0.000000
v -9.732199 -12.912669 0.000000
v -9.394352 -13.423261 0.000000
v -9.414594 -13.521742 0.000000
v -6.599535 -14.768613 0.000000
v -5.600052 -15.397312 0.000000
v -5.594115 -15.497676 0.000000
v -2.552263 -15.973470 0.000000
v -1.424117 -16.322061 0.000000
v -1.392407 -16.417469 0.000000
v 1.668941 -16.089762 0.000000
v 2.848869 -16.134489 0.000000
v 2.904192 -16.218439 0.000000
v 5.776410 -15.109562 0.000000
v 8.150049 -16.317333 0.000000
v 7.833375 -16.021224 0.000000
v 7.038301 -14.959331 0.000000
v 10.468666 -12.529817 0.000000
v 11.830309 -13.514233 0.000000
v 13.423261 -9.394352 0.000000
v 13.521742 -9.414594 0.000000
v 14.768613 -6.599535 0.000000
v 15.397312 -5.600052 0.000000
v 15.497676 -5.594115 0.000000
v 15.973470 -2.552263 0.000000
v 16.012340 -2.248929 0.000000
v 16.322061 -1.424117 0.000000
v 16.417469 -1.392407 0.000000
v 16.089762 1.668941 0.000000
v 16.134489 2.848869 0.000000
v 16.218439 2.904192 0.000000
v 15.109562 5.776410 0.000000
v 16.317333 8.150049 0.000000
v 16.021224 7.833375 0.000000
v 14.959331 7.038301 0.000000
v 12.529817 10.468666 0.000000
v 13.514233 11.830309 0.000000
v 9.732199 12.912669 0.000000
v 9.394352 13.423261 0.000000
v 9.414594 13.521742 0.000000
v 6.599535 14.768613 0.000000
v 6.316598 14.884667 0.000000
v 5.600052 15.397312 0.000000
v 5.594115 15.497676 0.000000
v 2.552263 15.973470 0.000000
v 1.971997 16.048799 0.000000
v 1.424117 16.322061 0.000000
v 1.392407 16.417469 0.000000
v -1.668941 16.089762 0.000000
v -2.848869 16.134489 0.000000
v -2.904192 16.218439 0.000000
v -5.776410 15.109562 0.000000
v -8.150049 16.317333 0.000000
v -7.833375 16.021224 0.000000
v -7.038301 14.959331 0.000000
v -12.095580 13.651945 0.000000
v -11.713057 13.447888 0.000000
v -10.670236 12.627958 0.000000
v -12.742629 9.953800 0.000000
v -13.389206 9.392582 0.000000
v -15.363958 5.607156 0.000000
v -16.048799 1.971997 0.000000
v -16.121738 1.604412 0.000000
v -16.105690 1.633563 0.000000
v -19.538300 0.492235 0.000000
v -16.474311 -1.384318 0.000000
v -16.441940 -1.387990 0.000000
v -16.232008 -1.479389 0.000000
v -17.870721 -3.649107 0.000000
v -17.502741 -3.419861 0.000000
v -16.271250 -2.926717 0.000000
v -13.080004 -9.506115 0.000000
v -14.798165 -6.837635 0.000000
v -16.423142 -8.274209 0.000000
v -13.218014 -9.423092 0.000000
v -16.214139 -8.034675 0.000000
v -13.186366 -9.436609 0.000000
v -14.939634 -7.024027 0.000000
v -13.126986 -9.470323 0.000000
v -15.151901 -7.167745 0.000000
v -12.537919 -10.502000 0.000000
v -9.398655 -13.456832 0.000000
v -5.595519 -15.430853 0.000000
v -1.411058 -16.353286 0.000000
v 2.869565 -16.161270 0.000000
v 6.058540 -14.991558 0.000000
v 6.868999 -14.812364 0.000000
v 7.929460 -16.115656 0.000000
v 9.732201 -12.912668 0.000000
v 10.502000 -12.537919 0.000000
v 12.742629 -9.953800 0.000000
v 13.456832 -9.398655 0.000000
v 15.430853 -5.595519 0.000000
v 16.353286 -1.411058 0.000000
v 16.161270 2.869565 0.000000
v 14.812364 6.868999 0.000000
v 16.115656 7.929460 0.000000
v 12.742627 9.953802 0.000000
v 12.912668 9.732201 0.000000
v 12.537919 10.502000 0.000000
v 9.398655 13.456832 0.000000
v 5.595519 15.430853 0.000000
v 1.411058 16.353286 0.000000
v -2.869565 16.161270 0.000000
v -6.058540 14.991558 0.000000
v -6.868999 14.812364 0.000000
v -7.929460 16.115656 0.000000
v -9.732201 12.912668 0.000000
v -10.468666 12.529817 0.000000
v -11.830309 13.514233 0.000000
v -12.912669 9.732199 0.000000
v -13.423261 9.394352 0.000000
v -13.521742 9.414594 0.000000
v -14.768613 6.599535 0.000000
v -14.991559 6.058538 0.000000
v -14.884667 6.316598 0.000000
v -15.397312 5.600052 0.000000
v -15.497676 5.594115 0.000000
v -15.973470 2.552263 0.000000
v -16.080695 1.692418 0.000000
v -16.091970 1.663508 0.000000
v -16.160638 1.549233 0.000000
v -16.140077 1.576233 0.000000
v -16.937157 1.354394 0.000000
v -16.085473 -2.801222 0.000000
v -17.618824 -3.488231 0.000000
v -14.991558 -6.058540 0.000000
v -16.317333 -8.150049 0.000000
v -16.021224 -7.833375 0.000000
v -14.959331 -7.038301 0.000000
v -12.548443 -10.534437 0.000000
v -12.593484 -10.624324 0.000000
v -10.197060 -12.557299 0.000000
v -9.953800 -12.742629 0.000000
v -9.405426 -13.489713 0.000000
v -5.593549 -15.464366 0.000000
v -1.400481 -16.385147 0.000000
v 2.888027 -16.189308 0.000000
v 6.899101 -14.828817 0.000000
v 9.953802 -12.742627 0.000000
v 10.534437 -12.548443 0.000000
v 10.624324 -12.593484 0.000000
v 12.557299 -10.197060 0.000000
v 12.912669 -9.732199 0.000000
v 13.489713 -9.405426 0.000000
v 15.464366 -5.593549 0.000000
v 16.385147 -1.400481 0.000000
v 16.189308 2.888027 0.000000
v 14.828817 6.899101 0.000000
v 12.548443 10.534437 0.000000
v 12.593484 10.624324 0.000000
v 10.197060 12.557299 0.000000
v 9.953800 12.742629 0.000000
v 9.405426 13.489713 0.000000
v 5.593549 15.464366 0.000000
v 1.400481 16.385147 0.000000
v -2.888027 16.189308 0.000000
v -6.899101 14.828817 0.000000
v -9.953802 12.742627 0.000000
v -10.502000 12.537919 0.000000
v -13.456832 9.398655 0.000000
v -15.430853 5.595519 0.000000
v -16.012340 2.248929 0.000000
v -16.207985 1.499632 0.000000
v -16.183312 1.523633 0.000000
v -16.262383 1.457454 0.000000
v -16.234405 1.477517 0.000000
v -16.705803 1.368501 0.000000
v -16.181362 -1.525690 0.000000
v -16.205896 -1.501530 0.000000
v -16.012340 -2.248932 0.000000
v -16.048799 -1.972000 0.000000
v -16.080673 -1.692535 0.000000
v -16.109156 -2.826040 0.000000
v -14.884666 -6.316600 0.000000
v -14.812364 -6.868999 0.000000
v -16.115656 -7.929460 0.000000
v -12.561288 -10.565751 0.000000
v 6.927709 -14.847378 0.000000
v 7.002875 -14.914149 0.000000
v 9.490226 -13.099672 0.000000
v 10.565751 -12.561288 0.000000
v 14.847378 6.927709 0.000000
v 14.914149 7.002875 0.000000
v 13.099672 9.490226 0.000000
v 12.561288 10.565751 0.000000
v -6.927709 14.847378 0.000000
v -7.002875 14.914149 0.000000
v -9.490226 13.099672 0.000000
v -10.534437 12.548443 0.000000
v -10.624324 12.593484 0.000000
v -12.557299 10.197060 0.000000
v -13.489713 9.405426 0.000000
v -15.464366 5.593549 0.000000
v -16.291683 1.439612 0.000000
v -16.353286 1.411058 0.000000
v -16.322061 1.424117 0.000000
v -16.450115 1.386831 0.000000
v -16.474311 1.384318 0.000000
v -16.138033 -1.579160 0.000000
v -16.158682 -1.551630 0.000000
v -16.134489 -2.848869 0.000000
v -16.218439 -2.904192 0.000000
v -15.109562 -5.776410 0.000000
v -14.828817 -6.899101 0.000000
v -12.742627 -9.953802 0.000000
v -12.912668 -9.732201 0.000000
v -12.576339 -10.595759 0.000000
v 6.954631 -14.867890 0.000000
v 10.595759 -12.576339 0.000000
v 14.867890 6.954631 0.000000
v 12.576339 10.595759 0.000000
v -6.954631 14.867890 0.000000
v -10.565751 12.561288 0.000000
v -16.385147 1.400481 0.000000
v -16.103464 -1.638047 0.000000
v -16.119584 -1.608045 0.000000
v -16.161270 -2.869565 0.000000
v -14.847378 -6.927709 0.000000
v -14.914149 -7.002875 0.000000
v -13.099672 -9.490226 0.000000
v 6.979721 -14.890194 0.000000
v 14.890194 6.979721 0.000000
v -6.979721 14.890194 0.000000
v -10.595759 12.576339 0.000000
v -16.417469 1.392407 0.000000
v -16.089762 -1.668941 0.000000
v -16.189308 -2.888027 0.000000
v -14.867890 -6.954631 0.000000
v -14.890194 -6.979721 0.000000
usemtl zupcanik2_potenciometarMaterial0
f 1 2 3
f 4 3 5
f 6 5 7
f 8 7 9
f 10 9 11
f 12 11 13
f 14 13 15
f 16 15 17
f 18 17 19
f 20 19 21
f 22 21 23
f 24 23 25
f 26 25 27
f 28 27 29
f 30 29 31
f 32 31 33
f 34 33 35
f 36 35 37
f 38 37 39
f 40 39 41
f 42 41 43
f 44 43 45
f 46 45 47
f 48 47 49
f 50 49 51
f 52 51 53
f 54 53 55
f 56 55 57
f 58 57 59
f 60 59 61
f 62 61 63
f 64 63 65
f 66 65 67
f 68 67 69
f 70 69 71
f 72 71 73
f 74 73 75
f 76 75 77
f 78 77 79
f 80 79 81
f 82 81 83
f 84 83 85
f 86 85 87
f 88 87 89
f 90 89 91
f 92 91 93
f 94 93 95
f 96 95 97
f 98 97 99
f 100 99 101
f 102 101 103
f 104 103 105
f 106 105 107
f 108 107 109
f 110 109 111
f 112 111 113
f 114 113 115
f 116 115 117
f 118 117 119
f 120 119 121
f 122 121 123
f 124 123 125
f 126 125 127
f 128 127 129
f 130 129 131
f 132 131 133
f 134 133 135
f 136 135 137
f 138 137 139
f 140 139 141
f 142 141 143
f 144 143 145
f 146 145 147
f 148 147 149
f 150 149 151
f 152 151 153
f 154 153 155
f 156 155 157
f 158 157 159
f 160 159 161
f 162 161 163
f 164 163 165
f 166 165 167
f 168 167 169
f 170 169 171
f 172 171 173
f 174 173 175
f 176 175 177
f 178 177 179
f 180 179 181
f 182 181 183
f 184 183 185
f 186 185 187
f 188 187 189
f 190 189 191
f 192 191 193
f 194 193 195
f 196 195 197
f 198 197 199
f 200 199 201
f 202 201 203
f 204 203 205
f 206 205 207
f 208 207 209
f 210 209 211
f 212 211 213
f 214 213 215
f 216 215 217
f 218 217 219
f 220 219 221
f 222 221 223
f 224 223 225
f 226 225 227
f 228 227 229
f 230 229 231
f 232 231 233
f 234 233 235
f 236 235 237
f 238 237 239
f 240 239 241
f 242 241 243
f 244 243 245
f 246 245 247
f 248 247 249
f 250 249 251
f 252 251 253
f 254 253 255
f 256 255 257
f 258 257 259
f 260 259 261
f 262 261 263
f 264 263 265
f 266 265 267
f 268 267 269
f 270 269 271
f 272 271 273
f 274 273 275
f 276 275 277
f 278 277 279
f 280 279 281
f 282 281 283
f 284 283 285
f 286 285 287
f 288 287 289
f 290 289 291
f 292 291 293
f 294 293 295
f 296 295 297
f 298 297 299
f 300 299 301
f 302 301 303
f 304 303 305
f 306 305 307
f 308 307 309
f 310 309 311
f 312 311 313
f 314 313 315
f 316 315 317
f 318 317 319
f 320 319 321
f 322 321 323
f 324 323 325
f 326 325 327
f 328 327 329
f 330 329 331
f 332 331 333
f 334 333 335
f 336 335 337
f 338 337 339
f 340 339 341
f 342 341 343
f 344 343 345
f 346 345 347
f 348 347 349
f 350 349 351
f 352 351 353
f 354 353 355
f 356 355 357
f 358 357 359
f 360 359 361
f 362 361 363
f 364 363 365
f 366 365 367
f 368 367 369
f 370 369 371
f 372 371 373
f 374 373 375
f 376 375 377
f 378 377 379
f 380 379 381
f 382 381 383
f 384 383 385
f 386 385 387
f 388 387 389
f 390 389 391
f 392 391 393
f 394 393 395
f 396 395 397
f 398 397 399
f 400 399 401
f 402 401 403
f 404 403 405
f 406 405 407
f 408 407 409
f 410 409 411
f 412 411 413
f 414 413 415
f 416 415 417
f 418 417 419
f 420 419 421
f 422 421 423
f 424 423 425
f 426 425 427
f 428 427 429
f 430 429 431
f 432 431 433
f 434 433 435
f 436 435 437
f 438 437 439
f 440 439 2
f 2 1 440
f 439 440 438
f 437 438 436
f 435 436 434
f 433 434 432
f 431 432 430
f 429 430 428
f 427 428 426
f 425 426 424
f 423 424 422
f 421 422 420
f 419 420 418
f 417 418 416
f 415 416 414
f 413 414 412
f 411 412 410
f 409 410 408
f 407 408 406
f 405 406 404
f 403 404 402
f 401 402 400
f 399 400 398
f 397 398 396
f 395 396 394
f 393 394 392
f 391 392 390
f 389 390 388
f 387 388 386
f 385 386 384
f 383 384 382
f 381 382 380
f 379 380 378
f 377 378 376
f 375 376 374
f 373 374 372
f 371 372 370
f 369 370 368
f 367 368 366
f 365 366 364
f 363 364 362
f 361 362 360
f 359 360 358
f 357 358 356
f 355 356 354
f 353 354 352
f 351 352 350
f 349 350 348
f 347 348 346
f 345 346 344
f 343 344 342
f 341 342 340
f 339 340 338
f 337 338 336
f 335 336 334
f 333 334 332
f 331 332 330
f 329 330 328
f 327 328 326
f 325 326 324
f 323 324 322
f 321 322 320
f 319 320 318
f 317 318 316
f 315 316 314
f 313 314 312
f 311 312 310
f 309 310 308
f 307 308 306
f 305 306 304
f 303 304 302
f 301 302 300
f 299 300 298
f 297 298 296
f 295 296 294
f 293 294 292
f 291 292 290
f 289 290 288
f 287 288 286
f 285 286 284
f 283 284 282
f 281 282 280
f 279 280 278
f 277 278 276
f 275 276 274
f 273 274 272
f 271 272 270
f 269 270 268
f 267 268 266
f 265 266 264
f 263 264 262
f 261 262 260
f 259 260 258
f 257 258 256
f 255 256 254
f 253 254 252
f 251 252 250
f 249 250 248
f 247 248 246
f 245 246 244
f 243 244 242
f 241 242 240
f 239 240 238
f 237 238 236
f 235 236 234
f 233 234 232
f 231 232 230
f 229 230 228
f 227 228 226
f 225 226 224
f 223 224 222
f 221 222 220
f 219 220 218
f 217 218 216
f 215 216 214
f 213 214 212
f 211 212 210
f 209 210 208
f 207 208 206
f 205 206 204
f 203 204 202
f 201 202 200
f 199 200 198
f 197 198 196
f 195 196 194
f 193 194 192
f 191 192 190
f 189 190 188
f 187 188 186
f 185 186 184
f 183 184 182
f 181 182 180
f 179 180 178
f 177 178 176
f 175 176 174
f 173 174 172
f 171 172 170
f 169 170 168
f 167 168 166
f 165 166 164
f 163 164 162
f 161 162 160
f 159 160 158
f 157 158 156
f 155 156 154
f 153 154 152
f 151 152 150
f 149 150 148
f 147 148 146
f 145 146 144
f 143 144 142
f 141 142 140
f 139 140 138
f 137 138 136
f 135 136 134
f 133 134 132
f 131 132 130
f 129 130 128
f 127 128 126
f 125 126 124
f 123 124 122
f 121 122 120
f 119 120 118
f 117 118 116
f 115 116 114
f 113 114 112
f 111 112 110
f 109 110 108
f 107 108 106
f 105 106 104
f 103 104 102
f 101 102 100
f 99 100 98
f 97 98 96
f 95 96 94
f 93 94 92
f 91 92 90
f 89 90 88
f 87 88 86
f 85 86 84
f 83 84 82
f 81 82 80
f 79 80 78
f 77 78 76
f 75 76 74
f 73 74 72
f 71 72 70
f 69 70 68
f 67 68 66
f 65 66 64
f 63 64 62
f 61 62 60
f 59 60 58
f 57 58 56
f 55 56 54
f 53 54 52
f 51 52 50
f 49 50 48
f 47 48 46
f 45 46 44
f 43 44 42
f 41 42 40
f 39 40 38
f 37 38 36
f 35 36 34
f 33 34 32
f 31 32 30
f 29 30 28
f 27 28 26
f 25 26 24
f 23 24 22
f 21 22 20
f 19 20 18
f 17 18 16
f 15 16 14
f 13 14 12
f 11 12 10
f 9 10 8
f 7 8 6
f 5 6 4
f 3 4 1
f 439 441 442
f 433 431 443
f 429 427 444
f 442 2 439
f 435 445 441
f 445 435 433
f 443 431 429
f 425 446 444
f 3 2 442
f 441 437 435
f 444 443 429
f 444 427 425
f 421 447 446
f 401 448 449
f 397 450 448
f 7 5 451
f 451 5 3
f 443 445 433
f 446 423 421
f 449 403 401
f 448 399 397
f 349 452 453
f 345 454 452
f 442 451 3
f 425 423 446
f 419 417 455
f 415 456 455
f 411 457 456
f 405 403 449
f 397 395 450
f 395 393 458
f 391 389 459
f 387 460 459
f 353 351 453
f 453 351 349
f 452 347 345
f 333 331 461
f 331 329 462
f 89 463 464
f 75 465 466
f 69 67 467
f 65 468 467
f 17 15 469
f 439 437 441
f 447 421 419
f 455 417 415
f 456 413 411
f 409 407 470
f 470 407 405
f 458 450 395
f 458 393 391
f 459 389 387
f 383 471 460
f 381 379 472
f 373 473 474
f 363 475 476
f 359 477 475
f 478 355 353
f 345 343 454
f 335 479 480
f 462 461 331
f 329 327 481
f 301 299 482
f 297 483 482
f 207 484 485
f 203 486 484
f 197 195 487
f 193 488 487
f 464 91 89
f 85 489 463
f 83 81 490
f 466 77 75
f 73 71 491
f 491 71 69
f 467 67 65
f 31 29 492
f 23 493 494
f 21 19 495
f 495 19 17
f 13 496 469
f 9 497 496
f 455 447 419
f 411 409 457
f 449 470 405
f 459 458 391
f 460 385 383
f 471 383 381
f 377 375 474
f 474 375 373
f 369 498 473
f 367 365 476
f 476 365 363
f 475 361 359
f 357 355 478
f 349 347 452
f 339 337 480
f 480 337 335
f 481 462 329
f 325 323 499
f 315 313 500
f 311 501 500
f 307 502 501
f 503 303 301
f 482 299 297
f 485 209 207
f 484 205 203
f 504 199 197
f 487 195 193
f 141 505 506
f 127 507 508
f 463 87 85
f 489 85 83
f 79 77 466
f 491 465 73
f 65 63 468
f 61 509 468
f 55 53 510
f 51 511 510
f 33 512 513
f 512 33 31
f 27 25 494
f 494 25 23
f 469 495 17
f 469 15 13
f 496 11 9
f 415 413 456
f 401 399 448
f 472 471 381
f 472 379 377
f 473 371 369
f 498 369 367
f 359 357 477
f 453 478 353
f 343 341 514
f 514 341 339
f 461 479 333
f 481 327 325
f 319 317 515
f 515 317 315
f 500 313 311
f 501 309 307
f 305 303 503
f 297 295 483
f 283 516 517
f 217 518 519
f 211 209 485
f 203 201 486
f 201 199 504
f 193 191 488
f 189 520 488
f 187 185 521
f 183 181 522
f 179 523 522
f 169 524 525
f 165 526 524
f 159 157 527
f 506 143 141
f 137 528 505
f 135 133 529
f 508 129 127
f 123 530 507
f 121 119 531
f 117 532 531
f 113 533 532
f 490 489 83
f 490 81 79
f 467 491 69
f 468 63 61
f 534 57 55
f 510 53 51
f 45 43 535
f 41 39 536
f 37 513 536
f 492 512 31
f 492 29 27
f 495 493 21
f 9 7 497
f 470 457 409
f 474 472 377
f 476 498 367
f 478 477 357
f 480 514 339
f 499 481 325
f 321 537 499
f 500 515 315
f 307 305 502
f 482 503 301
f 293 538 483
f 291 289 539
f 287 285 517
f 517 285 283
f 279 540 516
f 277 275 541
f 269 542 543
f 255 544 545
f 519 219 217
f 215 213 546
f 546 213 211
f 504 486 201
f 488 191 189
f 520 189 187
f 521 185 183
f 522 181 179
f 525 171 169
f 524 167 165
f 163 161 547
f 547 161 159
f 155 548 527
f 151 549 548
f 505 139 137
f 528 137 135
f 131 129 508
f 507 125 123
f 530 123 121
f 531 119 117
f 532 115 113
f 107 105 550
f 103 551 550
f 97 95 552
f 466 490 79
f 61 59 509
f 59 57 534
f 51 49 511
f 47 553 511
f 553 47 45
f 535 43 41
f 536 39 37
f 494 492 27
f 13 11 496
f 387 385 460
f 363 361 475
f 335 333 479
f 499 323 321
f 311 309 501
f 483 295 293
f 538 293 291
f 539 289 287
f 516 281 279
f 540 279 277
f 273 271 543
f 543 271 269
f 267 265 554
f 545 257 255
f 253 251 555
f 249 247 556
f 245 557 556
f 546 518 215
f 207 205 484
f 521 520 187
f 179 177 523
f 173 171 525
f 165 163 526
f 527 547 159
f 527 157 155
f 548 153 151
f 145 143 506
f 529 528 135
f 529 133 131
f 531 530 121
f 113 111 533
f 558 109 107
f 550 105 103
f 99 559 551
f 559 99 97
f 93 91 464
f 75 73 465
f 510 534 55
f 535 553 45
f 37 35 513
f 23 21 493
f 373 371 473
f 321 319 537
f 503 502 305
f 517 539 287
f 541 540 277
f 541 275 273
f 554 542 267
f 263 261 560
f 259 545 560
f 555 544 253
f 555 251 249
f 556 247 245
f 241 561 557
f 239 237 562
f 235 233 563
f 225 223 564
f 485 546 211
f 522 521 183
f 175 565 523
f 565 175 173
f 547 526 163
f 151 149 549
f 149 147 566
f 566 147 145
f 508 529 131
f 117 115 532
f 111 109 558
f 103 101 551
f 552 559 97
f 552 95 93
f 534 509 59
f 536 535 41
f 451 497 7
f 515 537 319
f 283 281 516
f 269 267 542
f 554 265 263
f 560 261 259
f 556 555 249
f 557 243 241
f 561 241 239
f 562 237 235
f 231 567 563
f 227 568 567
f 568 227 225
f 221 519 564
f 487 504 197
f 525 565 173
f 155 153 548
f 506 566 145
f 127 125 507
f 550 558 107
f 464 552 93
f 511 49 47
f 514 454 343
f 543 541 273
f 259 257 545
f 245 243 557
f 563 562 235
f 563 233 231
f 564 568 225
f 564 223 221
f 523 177 175
f 566 549 149
f 558 533 111
f 89 87 463
f 539 538 291
f 255 253 544
f 231 229 567
f 221 219 519
f 169 167 524
f 551 101 99
f 560 554 263
f 567 229 227
f 141 139 505
f 562 561 239
f 513 35 33
f 217 215 518
f 569 570 442
f 571 569 441
f 572 571 445
f 573 572 443
f 574 573 444
f 575 574 446
f 576 575 447
f 577 576 455
f 578 577 456
f 579 578 457
f 580 579 470
f 581 580 449
f 582 581 448
f 583 582 450
f 584 583 458
f 585 584 459
f 586 585 460
f 587 586 471
f 588 587 472
f 589 588 474
f 590 589 473
f 591 590 498
f 592 591 476
f 593 592 475
f 594 593 477
f 595 594 478
f 596 595 453
f 597 596 452
f 598 597 454
f 599 598 514
f 600 599 480
f 601 602 461
f 479 461 602
f 602 600 479
f 603 601 462
f 604 603 481
f 605 604 499
f 606 605 537
f 607 606 515
f 608 607 500
f 609 608 501
f 610 609 502
f 611 610 503
f 612 611 482
f 613 612 483
f 614 613 538
f 615 614 539
f 616 615 517
f 617 616 516
f 618 617 540
f 619 618 541
f 620 619 543
f 621 620 542
f 622 621 554
f 623 622 560
f 624 623 545
f 625 626 520
f 627 625 521
f 628 627 522
f 629 628 523
f 630 629 565
f 631 630 525
f 632 631 524
f 633 632 526
f 634 633 547
f 635 634 527
f 636 635 548
f 637 636 549
f 638 637 566
f 639 638 506
f 640 639 505
f 641 640 528
f 642 641 529
f 643 642 508
f 644 643 507
f 645 644 530
f 646 645 531
f 647 646 532
f 648 647 533
f 649 648 558
f 650 649 550
f 651 650 551
f 652 651 559
f 653 652 552
f 654 653 464
f 655 654 463
f 656 655 489
f 657 656 490
f 658 657 466
f 659 658 465
f 660 659 491
f 661 660 467
f 662 661 468
f 663 662 509
f 664 663 534
f 665 664 510
f 666 665 511
f 667 666 553
f 668 667 535
f 669 668 536
f 670 669 513
f 671 670 512
f 672 671 492
f 673 672 494
f 674 673 493
f 675 674 495
f 676 675 469
f 677 676 496
f 678 677 497
f 570 678 451
f 679 680 681
f 679 682 683
f 683 684 679
f 684 680 679
f 685 686 687
f 685 679 688
f 688 689 685
f 689 686 685
f 690 691 692
f 690 685 693
f 693 694 690
f 694 691 690
f 695 696 697
f 695 698 696
f 695 690 699
f 699 698 695
f 700 701 702
f 700 695 703
f 703 704 700
f 704 705 700
f 705 701 700
f 706 707 708
f 706 700 709
f 709 710 706
f 710 711 706
f 711 707 706
f 712 713 714
f 712 706 715
f 715 716 712
f 716 717 712
f 717 713 712
f 718 719 720
f 718 712 721
f 721 722 718
f 722 723 718
f 723 724 718
f 724 725 718
f 725 726 718
f 726 719 718
f 488 727 728
f 488 729 727
f 728 730 488
f 488 731 729
f 488 732 731
f 488 733 732
f 488 734 733
f 520 735 734
f 734 488 520
f 520 626 736
f 736 735 520
f 626 718 737
f 737 738 626
f 738 739 626
f 739 740 626
f 740 741 626
f 741 742 626
f 742 743 626
f 743 744 626
f 744 745 626
f 745 736 626
f 487 746 747
f 487 748 749
f 487 750 748
f 749 746 487
f 487 751 750
f 747 752 487
f 488 730 753
f 753 487 488
f 753 751 487
f 504 754 755
f 504 756 754
f 755 757 504
f 487 752 758
f 758 504 487
f 758 756 504
f 486 759 760
f 760 761 486
f 761 762 486
f 504 757 763
f 763 486 504
f 763 759 486
f 484 764 765
f 765 766 484
f 766 767 484
f 486 762 768
f 768 484 486
f 768 764 484
f 484 769 770
f 484 767 771
f 771 772 484
f 772 769 484
f 485 773 774
f 774 546 485
f 774 775 546
f 485 770 776
f 776 773 485
f 546 777 778
f 778 518 546
f 778 779 518
f 546 775 780
f 780 777 546
f 518 781 782
f 782 519 518
f 782 783 519
f 518 779 784
f 784 781 518
f 564 785 786
f 519 783 787
f 787 564 519
f 787 785 564
f 568 788 789
f 568 564 790
f 790 791 568
f 791 788 568
f 567 792 793
f 567 568 794
f 794 795 567
f 795 792 567
f 563 796 797
f 563 567 798
f 798 799 563
f 799 796 563
f 562 800 801
f 801 802 562
f 802 803 562
f 562 563 804
f 804 800 562
f 561 805 806
f 561 562 803
f 803 807 561
f 807 808 561
f 808 805 561
f 557 809 810
f 557 561 811
f 811 812 557
f 812 813 557
f 813 809 557
f 556 814 815
f 556 557 816
f 816 817 556
f 817 818 556
f 818 814 556
f 555 819 820
f 555 556 821
f 821 822 555
f 822 823 555
f 823 824 555
f 824 825 555
f 825 826 555
f 826 819 555
f 827 828 829
f 827 830 831
f 831 828 827
f 829 832 827
f 827 833 834
f 827 835 833
f 834 830 827
f 827 836 835
f 624 837 836
f 836 827 624
f 544 838 839
f 839 624 544
f 839 837 624
f 544 555 840
f 840 841 544
f 841 842 544
f 842 843 544
f 843 844 544
f 844 845 544
f 845 846 544
f 846 838 544
f 827 847 848
f 827 849 847
f 827 850 849
f 827 851 850
f 827 852 851
f 827 853 852
f 827 832 854
f 854 853 827
f 855 856 857
f 855 858 856
f 855 859 858
f 855 848 860
f 860 859 855
f 861 862 863
f 861 864 862
f 861 865 864
f 861 857 866
f 866 865 861
f 867 868 869
f 867 870 868
f 867 863 871
f 871 872 867
f 872 870 867
f 873 874 875
f 873 869 876
f 876 877 873
f 877 874 873
f 878 879 880
f 878 881 879
f 878 875 882
f 882 881 878
f 883 884 885
f 883 886 884
f 883 880 887
f 887 886 883
f 888 889 890
f 888 891 889
f 888 885 892
f 892 891 888
f 682 893 894
f 894 895 682
f 893 890 896
f 896 894 893
f 895 683 682
f 890 893 888
f 885 888 883
f 880 883 878
f 875 878 873
f 869 873 867
f 863 867 861
f 857 861 855
f 848 855 827
f 820 840 555
f 815 821 556
f 810 816 557
f 806 811 561
f 797 804 563
f 793 798 567
f 789 794 568
f 786 790 564
f 770 485 484
f 720 737 718
f 714 721 712
f 708 715 706
f 702 709 700
f 697 703 695
f 692 699 690
f 687 693 685
f 681 688 679
f 451 442 570
f 497 451 678
f 496 497 677
f 469 496 676
f 495 469 675
f 493 495 674
f 494 493 673
f 492 494 672
f 512 492 671
f 513 512 670
f 536 513 669
f 535 536 668
f 553 535 667
f 511 553 666
f 510 511 665
f 534 510 664
f 509 534 663
f 468 509 662
f 467 468 661
f 491 467 660
f 465 491 659
f 466 465 658
f 490 466 657
f 489 490 656
f 463 489 655
f 464 463 654
f 552 464 653
f 559 552 652
f 551 559 651
f 550 551 650
f 558 550 649
f 533 558 648
f 532 533 647
f 531 532 646
f 530 531 645
f 507 530 644
f 508 507 643
f 529 508 642
f 528 529 641
f 505 528 640
f 506 505 639
f 566 506 638
f 549 566 637
f 548 549 636
f 527 548 635
f 547 527 634
f 526 547 633
f 524 526 632
f 525 524 631
f 565 525 630
f 523 565 629
f 522 523 628
f 521 522 627
f 520 521 625
f 545 544 624
f 560 545 623
f 554 560 622
f 542 554 621
f 543 542 620
f 541 543 619
f 540 541 618
f 516 540 617
f 517 516 616
f 539 517 615
f 538 539 614
f 483 538 613
f 482 483 612
f 503 482 611
f 502 503 610
f 501 502 609
f 500 501 608
f 515 500 607
f 537 515 606
f 499 537 605
f 481 499 604
f 462 481 603
f 461 462 601
f 480 479 600
f 514 480 599
f 454 514 598
f 452 454 597
f 453 452 596
f 478 453 595
f 477 478 594
f 475 477 593
f 476 475 592
f 498 476 591
f 473 498 590
f 474 473 589
f 472 474 588
f 471 472 587
f 460 471 586
f 459 460 585
f 458 459 584
f 450 458 583
f 448 450 582
f 449 448 581
f 470 449 580
f 457 470 579
f 456 457 578
f 455 456 577
f 447 455 576
f 446 447 575
f 444 446 574
f 443 444 573
f 445 443 572
f 441 445 571
f 442 441 569
f 897 898 600
f 899 900 660
f 901 902 611
f 903 602 601
f 602 903 897
f 904 905 580
f 906 574 575
f 907 572 573
f 661 908 899
f 909 659 660
f 910 911 658
f 912 913 679
f 612 914 901
f 915 610 611
f 916 917 601
f 600 602 897
f 918 919 595
f 920 921 582
f 922 581 582
f 581 922 904
f 575 923 906
f 924 925 573
f 573 925 907
f 926 927 571
f 928 569 571
f 908 661 662
f 660 900 909
f 659 909 910
f 911 929 657
f 930 654 655
f 685 931 912
f 932 682 679
f 933 893 682
f 934 883 888
f 935 616 617
f 914 612 613
f 611 902 915
f 936 937 609
f 938 939 607
f 940 603 604
f 601 917 903
f 898 941 599
f 942 598 599
f 943 596 597
f 596 943 918
f 944 587 588
f 945 585 586
f 583 946 920
f 580 581 904
f 947 948 578
f 573 574 924
f 571 572 926
f 571 927 928
f 949 950 570
f 951 667 668
f 660 661 899
f 657 658 911
f 952 656 657
f 655 953 930
f 954 955 653
f 956 643 644
f 957 958 632
f 959 960 630
f 961 962 700
f 679 913 932
f 682 932 933
f 963 964 888
f 888 964 934
f 965 966 620
f 617 967 935
f 968 969 615
f 970 614 615
f 611 612 901
f 610 915 936
f 971 608 609
f 608 971 938
f 972 973 605
f 604 974 940
f 599 600 898
f 599 941 942
f 975 976 597
f 595 596 918
f 977 594 595
f 978 979 593
f 980 981 591
f 982 589 590
f 588 983 944
f 984 985 586
f 586 985 945
f 986 987 584
f 946 583 584
f 582 921 922
f 988 579 580
f 579 988 947
f 989 990 576
f 907 926 572
f 570 569 949
f 991 992 675
f 993 994 673
f 995 996 668
f 668 996 951
f 997 998 664
f 999 663 664
f 1000 1001 662
f 658 659 910
f 657 929 952
f 1002 953 655
f 653 654 954
f 1003 1004 645
f 644 1005 956
f 1006 1007 642
f 1008 641 642
f 1009 639 640
f 1010 1011 634
f 1012 633 634
f 633 1012 957
f 1013 631 632
f 631 1013 959
f 1014 718 626
f 1015 1016 712
f 1017 706 712
f 706 1017 961
f 1018 695 700
f 1019 1020 690
f 933 963 893
f 934 1021 883
f 1022 873 878
f 1023 1024 624
f 621 1025 965
f 1026 619 620
f 1027 618 619
f 1028 967 617
f 615 616 968
f 615 969 970
f 1029 1030 613
f 609 610 936
f 607 608 938
f 1031 606 607
f 606 1031 972
f 601 603 916
f 597 598 975
f 595 919 977
f 594 977 978
f 1032 592 593
f 592 1032 980
f 590 1033 982
f 1034 983 588
f 586 587 984
f 584 585 986
f 582 583 920
f 578 579 947
f 1035 577 578
f 577 1035 989
f 990 923 575
f 928 949 569
f 1036 676 677
f 676 1036 991
f 1037 674 675
f 674 1037 993
f 951 1038 667
f 1038 1039 666
f 1040 665 666
f 664 998 999
f 663 999 1000
f 952 1002 656
f 930 954 654
f 1041 1042 649
f 1043 646 647
f 646 1043 1003
f 1005 644 645
f 642 643 1006
f 642 1007 1008
f 1044 1045 640
f 640 1045 1009
f 1046 1047 638
f 1048 637 638
f 1049 635 636
f 635 1049 1010
f 632 633 957
f 630 631 959
f 1050 625 627
f 626 1051 1014
f 712 1016 1017
f 700 962 1018
f 695 1018 1019
f 888 893 963
f 1021 1052 878
f 878 1052 1022
f 1053 1054 867
f 1055 861 867
f 827 1056 1023
f 1057 623 624
f 620 966 1026
f 619 1026 1027
f 935 968 616
f 613 614 1029
f 609 937 971
f 605 606 972
f 973 974 604
f 942 975 598
f 593 594 978
f 591 592 980
f 1033 590 591
f 588 589 1034
f 945 986 585
f 580 905 988
f 576 577 989
f 906 924 574
f 1058 1059 677
f 675 676 991
f 673 674 993
f 1060 669 670
f 666 667 1038
f 666 1039 1040
f 662 663 1000
f 655 656 1002
f 1061 652 653
f 1062 1063 651
f 1064 650 651
f 650 1064 1041
f 1065 648 649
f 1066 1067 647
f 645 646 1003
f 956 1006 643
f 640 641 1044
f 638 639 1046
f 638 1047 1048
f 1068 1069 636
f 634 635 1010
f 632 958 1013
f 1070 628 629
f 1071 1072 627
f 627 1072 1050
f 1073 1051 626
f 712 718 1015
f 690 695 1019
f 931 685 690
f 878 883 1021
f 867 873 1053
f 867 1054 1055
f 1074 1075 855
f 1056 827 855
f 624 1024 1057
f 1076 1077 622
f 1027 1028 618
f 970 1029 614
f 607 939 1031
f 940 916 603
f 593 979 1032
f 982 1034 589
f 584 987 946
f 575 576 990
f 1078 678 570
f 678 1078 1058
f 675 992 1037
f 1079 672 673
f 1080 671 672
f 1081 1082 670
f 670 1082 1060
f 1040 997 665
f 662 1001 908
f 653 955 1061
f 651 1063 1064
f 649 1042 1065
f 648 1065 1066
f 645 1004 1005
f 1009 1046 639
f 636 637 1068
f 634 1011 1012
f 960 1083 629
f 629 1083 1070
f 1050 1073 625
f 1014 1015 718
f 690 1020 931
f 1022 1053 873
f 855 861 1074
f 624 827 1023
f 623 1057 1076
f 1025 621 622
f 617 618 1028
f 604 605 973
f 591 981 1033
f 578 948 1035
f 677 678 1058
f 673 994 1079
f 672 1079 1080
f 1060 995 669
f 664 665 997
f 651 652 1062
f 647 648 1066
f 1008 1044 641
f 636 1069 1049
f 1070 1071 628
f 626 625 1073
f 679 685 912
f 855 1075 1056
f 622 1077 1025
f 613 1030 914
f 944 984 587
f 677 1059 1036
f 670 671 1081
f 1061 1062 652
f 647 1067 1043
f 629 630 960
f 700 706 961
f 622 623 1076
f 597 976 943
f 1080 1081 671
f 649 650 1041
f 627 628 1071
f 620 621 965
f 668 669 995
f 1055 1074 861
f 1048 1068 637
f 570 950 1078
f 1084 896 890
f 1085 894 896
f 896 1084 1085
f 1085 1086 894
f 1087 1088 889
f 889 891 1087
f 1088 1084 889
f 1089 1090 892
f 892 885 1089
f 1090 1091 892
f 1091 1087 892
f 885 884 1089
f 1092 887 880
f 1092 1093 886
f 886 887 1092
f 1093 1089 886
f 1094 1095 879
f 879 881 1094
f 1095 1092 879
f 1096 1097 882
f 882 875 1096
f 1097 1094 882
f 1098 1099 874
f 874 877 1098
f 1099 1096 874
f 1100 1101 876
f 876 869 1100
f 1101 1102 876
f 1102 1098 876
f 869 868 1100
f 1103 1104 870
f 870 872 1103
f 1104 1100 870
f 871 1105 1106
f 1107 1105 871
f 871 863 1107
f 1106 1103 871
f 863 862 1107
f 1108 1109 864
f 864 865 1108
f 1109 1107 864
f 1110 857 856
f 1110 1111 866
f 866 857 1110
f 856 858 1110
f 1112 1113 858
f 858 859 1112
f 859 860 1112
f 1114 848 847
f 1114 1115 860
f 860 848 1114
f 847 849 1114
f 1116 1117 849
f 849 850 1116
f 850 851 1116
f 1118 1119 851
f 851 852 1118
f 852 853 1118
f 1120 1121 853
f 853 854 1120
f 854 832 1120
f 832 829 1120
f 1122 1123 829
f 829 828 1122
f 828 831 1122
f 1124 1125 831
f 831 830 1124
f 830 834 1124
f 1126 1127 834
f 834 833 1126
f 833 835 1126
f 1128 1129 835
f 835 836 1128
f 836 837 1128
f 1128 839 838
f 1128 837 839
f 838 1130 1131
f 1130 846 845
f 1130 838 846
f 845 1132 1133
f 1132 844 843
f 1132 845 844
f 843 1134 1135
f 1134 842 841
f 1134 843 842
f 841 1136 1137
f 1136 820 819
f 1136 840 820
f 1136 841 840
f 819 1138 1139
f 1138 826 825
f 1138 819 826
f 825 1140 1141
f 1140 824 823
f 1140 825 824
f 823 1142 1143
f 1142 821 815
f 1142 823 822
f 822 821 1142
f 815 1144 1145
f 1144 814 818
f 1144 815 814
f 818 1146 1147
f 1146 816 810
f 1146 818 817
f 817 816 1146
f 810 1148 1149
f 1148 809 813
f 813 1150 1151
f 1148 810 809
f 1150 811 806
f 806 1152 1153
f 1153 1154 806
f 1150 812 811
f 1150 813 812
f 1152 805 808
f 808 1155 1156
f 1152 806 805
f 1155 803 802
f 802 1157 1158
f 802 1159 1157
f 1155 807 803
f 1155 808 807
f 1159 801 800
f 800 1160 1161
f 1159 802 801
f 1160 804 797
f 797 1162 1163
f 1160 800 804
f 1162 796 799
f 799 1164 1165
f 1162 797 796
f 1164 793 792
f 792 1166 1167
f 1164 799 798
f 798 793 1164
f 1166 794 789
f 789 1168 1169
f 789 1170 1168
f 1166 795 794
f 1166 792 795
f 1170 788 791
f 791 1171 1172
f 1170 789 788
f 1173 1171 786
f 785 1174 1173
f 1171 791 790
f 790 786 1171
f 1175 787 783
f 1176 785 787
f 787 1175 1176
f 1176 1174 785
f 1177 1178 782
f 782 781 1177
f 1178 1175 782
f 1179 1180 784
f 784 779 1179
f 1180 1181 784
f 1181 1177 784
f 779 778 1179
f 1182 780 775
f 1182 1183 777
f 777 780 1182
f 1183 1179 777
f 1184 1185 774
f 774 773 1184
f 1185 1182 774
f 1186 1187 776
f 776 770 1186
f 1187 1184 776
f 1188 1189 769
f 769 772 1188
f 1189 1186 769
f 1190 1191 771
f 771 767 1190
f 1191 1192 771
f 1192 1188 771
f 767 766 1190
f 1193 1194 765
f 765 764 1193
f 1194 1190 765
f 768 1195 1196
f 1197 1195 768
f 768 762 1197
f 1196 1193 768
f 762 761 1197
f 1198 1199 760
f 760 759 1198
f 1199 1197 760
f 1200 757 755
f 1200 1201 763
f 763 757 1200
f 755 754 1200
f 1202 1203 754
f 754 756 1202
f 756 758 1202
f 1204 752 747
f 1204 1205 758
f 758 752 1204
f 747 746 1204
f 1206 1207 746
f 746 749 1206
f 749 748 1206
f 1208 1209 748
f 748 750 1208
f 750 751 1208
f 1210 1211 751
f 751 753 1210
f 753 730 1210
f 730 728 1210
f 1212 1213 728
f 728 727 1212
f 727 729 1212
f 1214 1215 729
f 729 731 1214
f 731 732 1214
f 1216 1217 732
f 732 733 1216
f 733 734 1216
f 1218 1219 734
f 734 735 1218
f 735 736 1218
f 1218 745 744
f 1218 736 745
f 744 1220 1221
f 1220 743 742
f 1220 744 743
f 742 1222 1223
f 1222 741 740
f 1222 742 741
f 740 1224 1225
f 1224 739 738
f 1224 740 739
f 738 1226 1227
f 1226 720 719
f 1226 737 720
f 1226 738 737
f 719 1228 1229
f 1228 726 725
f 1228 719 726
f 725 1230 1231
f 1230 724 723
f 1230 725 724
f 723 1232 1233
f 1232 721 714
f 1232 723 722
f 722 721 1232
f 714 1234 1235
f 1234 713 717
f 1234 714 713
f 717 1236 1237
f 1236 715 708
f 1236 717 716
f 716 715 1236
f 708 1238 1239
f 1238 707 711
f 711 1240 1241
f 1238 708 707
f 1240 709 702
f 702 1242 1243
f 1243 1244 702
f 1240 710 709
f 1240 711 710
f 1242 701 705
f 705 1245 1246
f 1242 702 701
f 1245 703 697
f 697 1247 1248
f 697 1249 1247
f 1245 704 703
f 1245 705 704
f 1249 696 698
f 698 1250 1251
f 1249 697 696
f 1250 699 692
f 692 1252 1253
f 1250 698 699
f 1252 691 694
f 694 1254 1255
f 1252 692 691
f 1254 687 686
f 686 1256 1257
f 1254 694 693
f 693 687 1254
f 1256 688 681
f 681 1258 1259
f 681 1260 1258
f 1256 689 688
f 1256 686 689
f 1260 680 684
f 684 1261 1262
f 1260 681 680
f 1263 1261 895
f 894 1086 1263
f 1261 684 683
f 683 895 1261
f 895 894 1263
f 684 1262 1260
f 681 1259 1256
f 686 1257 1254
f 694 1255 1252
f 692 1253 1250
f 698 1251 1249
f 697 1248 1245
f 705 1246 1242
f 702 1244 1240
f 711 1241 1238
f 708 1239 1236
f 717 1237 1234
f 714 1235 1232
f 723 1233 1230
f 725 1231 1228
f 719 1229 1226
f 738 1227 1224
f 740 1225 1222
f 742 1223 1220
f 744 1221 1218
f 1219 1216 734
f 1217 1214 732
f 1215 1212 729
f 1213 1210 728
f 1211 1208 751
f 1209 1206 748
f 1207 1204 746
f 1205 1202 758
f 1203 1200 754
f 1201 1198 763
f 759 763 1198
f 761 760 1197
f 764 768 1193
f 766 765 1190
f 772 771 1188
f 770 769 1186
f 773 776 1184
f 775 774 1182
f 778 777 1179
f 781 784 1177
f 783 782 1175
f 786 785 1173
f 791 1172 1170
f 789 1169 1166
f 792 1167 1164
f 799 1165 1162
f 797 1163 1160
f 800 1161 1159
f 802 1158 1155
f 808 1156 1152
f 806 1154 1150
f 813 1151 1148
f 810 1149 1146
f 818 1147 1144
f 815 1145 1142
f 823 1143 1140
f 825 1141 1138
f 819 1139 1136
f 841 1137 1134
f 843 1135 1132
f 845 1133 1130
f 838 1131 1128
f 1129 1126 835
f 1127 1124 834
f 1125 1122 831
f 1123 1120 829
f 1121 1118 853
f 1119 1116 851
f 1117 1114 849
f 1115 1112 860
f 1113 1110 858
f 1111 1108 866
f 865 866 1108
f 862 864 1107
f 872 871 1103
f 868 870 1100
f 877 876 1098
f 875 874 1096
f 881 882 1094
f 880 879 1092
f 884 886 1089
f 891 892 1087
f 890 889 1084
f 1264 1019 1018
f 1265 1018 962
f 1266 962 961
f 1267 961 1017
f 1268 1017 1016
f 1269 1016 1015
f 1270 1015 1014
f 1271 1014 1051
f 1272 1051 1073
f 1273 1073 1050
f 1274 1050 1072
f 1275 1072 1071
f 1276 1071 1070
f 1277 1070 1083
f 1278 1083 960
f 1279 960 959
f 1280 959 1013
f 1281 1013 958
f 1282 958 957
f 1283 957 1012
f 1284 1012 1011
f 1285 1011 1010
f 1286 1010 1049
f 1287 1049 1069
f 1288 1069 1068
f 1289 1068 1048
f 1290 1048 1047
f 1291 1047 1046
f 1292 1046 1009
f 1293 1009 1045
f 1294 1045 1044
f 1295 1044 1008
f 1296 1008 1007
f 1297 1007 1006
f 1298 1006 956
f 1299 956 1005
f 1300 1005 1004
f 1301 1004 1003
f 1302 1003 1043
f 1303 1043 1067
f 1304 1067 1066
f 1305 1066 1065
f 1306 1065 1042
f 1307 1042 1041
f 1308 1041 1064
f 1309 1064 1063
f 1310 1063 1062
f 1311 1062 1061
f 1312 1061 955
f 1313 955 954
f 1314 954 930
f 1315 930 953
f 1316 953 1002
f 1317 1002 952
f 1318 952 929
f 1319 929 911
f 1320 911 910
f 1321 910 909
f 1322 909 900
f 1323 900 899
f 1324 899 908
f 1325 908 1001
f 1326 1001 1000
f 1327 1000 999
f 1328 999 998
f 1329 998 997
f 1330 997 1040
f 1331 1040 1039
f 1332 1039 1038
f 1333 1038 951
f 1334 951 996
f 1335 996 995
f 1336 995 1060
f 1337 1060 1082
f 1338 1082 1081
f 1339 1081 1080
f 1340 1080 1079
f 1341 1079 994
f 1342 994 993
f 1343 993 1037
f 1344 1037 992
f 1345 992 991
f 1346 991 1036
f 1347 1036 1059
f 1348 1059 1058
f 1349 1058 1078
f 1350 1078 950
f 1351 950 949
f 1352 949 928
f 1353 928 927
f 1354 927 926
f 1355 926 907
f 1356 907 925
f 1357 925 924
f 1358 924 906
f 1359 906 923
f 1360 923 990
f 1361 990 989
f 1362 989 1035
f 1363 1035 948
f 1364 948 947
f 1365 947 988
f 1366 988 905
f 1367 905 904
f 1368 904 922
f 1369 922 921
f 1370 921 920
f 1371 920 946
f 1372 946 987
f 1373 987 986
f 1374 986 945
f 1375 945 985
f 1376 985 984
f 1377 984 944
f 1378 944 983
f 1379 983 1034
f 1380 1034 982
f 1381 982 1033
f 1382 1033 981
f 1383 981 980
f 1384 980 1032
f 1385 1032 979
f 1386 979 978
f 1387 978 977
f 1388 977 919
f 1389 919 918
f 1390 918 943
f 1391 943 976
f 1392 976 975
f 1393 975 942
f 1394 942 941
f 1395 941 898
f 1396 898 897
f 1397 1398 903
f 1398 897 903
f 1397 917 916
f 1399 916 940
f 1400 940 974
f 1401 974 973
f 1402 973 972
f 1403 972 1031
f 1404 1031 939
f 1405 939 938
f 1406 938 971
f 1407 971 937
f 1408 937 936
f 1409 936 915
f 1410 915 902
f 1411 902 901
f 1412 901 914
f 1413 914 1030
f 1414 1030 1029
f 1415 1029 970
f 1416 970 969
f 1417 969 968
f 1418 968 935
f 1419 935 967
f 1420 967 1028
f 1421 1028 1027
f 1422 1027 1026
f 1423 1026 966
f 1424 966 965
f 1425 965 1025
f 1426 1025 1077
f 1427 1077 1076
f 1428 1076 1057
f 1429 1057 1024
f 1430 1024 1023
f 1431 1023 1056
f 1432 1056 1075
f 1433 1075 1074
f 1434 1074 1055
f 1435 1055 1054
f 1436 1054 1053
f 1437 1053 1022
f 963 1088 1087
f 963 933 1085
f 1085 1084 963
f 1084 1088 963
f 933 1086 1085
f 964 963 1091
f 1091 1090 964
f 1090 1089 964
f 1089 1093 964
f 1093 1092 964
f 934 1099 1098
f 934 1097 1096
f 1096 1099 934
f 934 964 1095
f 1095 1094 934
f 1094 1097 934
f 1021 1103 1106
f 1021 1104 1103
f 1021 934 1102
f 1102 1101 1021
f 1101 1100 1021
f 1100 1104 1021
f 1052 1113 1112
f 1052 1021 1105
f 1105 1107 1052
f 1107 1109 1052
f 1109 1108 1052
f 1108 1111 1052
f 1111 1110 1052
f 1110 1113 1052
f 1438 1142 1145
f 1438 1140 1143
f 1438 1138 1141
f 1141 1140 1438
f 1438 1139 1138
f 1438 1136 1139
f 1438 1137 1136
f 1438 1135 1134
f 1134 1137 1438
f 1143 1142 1438
f 1438 1133 1132
f 1132 1135 1438
f 1022 1114 1117
f 1117 1116 1022
f 1116 1119 1022
f 1022 1118 1121
f 1121 1120 1022
f 1022 1123 1122
f 1022 1125 1124
f 1438 1022 1128
f 1022 1129 1128
f 1128 1131 1438
f 1022 1127 1126
f 1126 1129 1022
f 1131 1130 1438
f 1130 1133 1438
f 1124 1127 1022
f 1122 1125 1022
f 1120 1123 1022
f 1119 1118 1022
f 1022 1052 1115
f 1115 1114 1022
f 1439 1150 1154
f 1439 1151 1150
f 1439 1148 1151
f 1439 1146 1149
f 1149 1148 1439
f 1439 1147 1146
f 1439 1145 1144
f 1144 1147 1439
f 1440 1158 1157
f 1440 1155 1158
f 1440 1156 1155
f 1440 1154 1153
f 1153 1152 1440
f 1152 1156 1440
f 1441 1162 1165
f 1441 1163 1162
f 1441 1160 1163
f 1441 1157 1159
f 1159 1161 1441
f 1161 1160 1441
f 1442 1169 1168
f 1442 1166 1169
f 1442 1167 1166
f 1442 1164 1167
f 1442 1165 1164
f 1443 1171 1173
f 1443 1168 1170
f 1170 1172 1443
f 1172 1171 1443
f 1173 1444 1443
f 1445 1178 1177
f 1445 1444 1176
f 1176 1175 1445
f 1175 1178 1445
f 1444 1174 1176
f 1446 1445 1181
f 1181 1180 1446
f 1180 1179 1446
f 1179 1183 1446
f 1183 1182 1446
f 1447 1189 1188
f 1447 1187 1186
f 1186 1189 1447
f 1447 1446 1185
f 1185 1184 1447
f 1184 1187 1447
f 1448 1193 1196
f 1448 1194 1193
f 1448 1447 1192
f 1192 1191 1448
f 1191 1190 1448
f 1190 1194 1448
f 1449 1203 1202
f 1449 1200 1203
f 1449 1448 1195
f 1195 1197 1449
f 1197 1199 1449
f 1199 1198 1449
f 1198 1201 1449
f 1201 1200 1449
f 1019 1232 1235
f 1019 1230 1233
f 1019 1231 1230
f 1019 1228 1231
f 1019 1229 1228
f 1019 1226 1229
f 1019 1227 1226
f 1019 1225 1224
f 1224 1227 1019
f 1233 1232 1019
f 1019 1223 1222
f 1222 1225 1019
f 1019 1221 1220
f 1019 1264 1218
f 1218 1221 1019
f 1220 1223 1019
f 1264 1208 1211
f 1264 1204 1207
f 1207 1206 1264
f 1206 1209 1264
f 1209 1208 1264
f 1211 1210 1264
f 1210 1213 1264
f 1213 1212 1264
f 1212 1215 1264
f 1215 1214 1264
f 1214 1217 1264
f 1217 1216 1264
f 1216 1219 1264
f 1219 1218 1264
f 1264 1449 1205
f 1205 1204 1264
f 1020 1240 1244
f 1020 1241 1240
f 1020 1238 1241
f 1020 1239 1238
f 1020 1236 1239
f 1020 1237 1236
f 1020 1235 1234
f 1234 1237 1020
f 931 1248 1247
f 931 1245 1248
f 931 1246 1245
f 931 1244 1243
f 1243 1242 931
f 1242 1246 931
f 912 1252 1255
f 912 1253 1252
f 912 1251 1250
f 912 1247 1249
f 1249 1251 912
f 1250 1253 912
f 913 1259 1258
f 913 1256 1259
f 913 1257 1256
f 913 1254 1257
f 913 1255 1254
f 932 1261 1263
f 932 1262 1261
f 932 1258 1260
f 1260 1262 932
f 1263 933 932
f 1263 1086 933
f 1258 932 913
f 1255 913 912
f 1247 912 931
f 1244 931 1020
f 1235 1020 1019
f 1202 1205 1449
f 1196 1195 1448
f 1188 1192 1447
f 1182 1185 1446
f 1177 1181 1445
f 1173 1174 1444
f 1168 1443 1442
f 1165 1442 1441
f 1157 1441 1440
f 1154 1440 1439
f 1145 1439 1438
f 1112 1115 1052
f 1106 1105 1021
f 1098 1102 934
f 1092 1095 964
f 1087 1091 963
f 1022 1438 1437
f 1053 1437 1436
f 1054 1436 1435
f 1055 1435 1434
f 1074 1434 1433
f 1075 1433 1432
f 1056 1432 1431
f 1023 1431 1430
f 1024 1430 1429
f 1057 1429 1428
f 1076 1428 1427
f 1077 1427 1426
f 1025 1426 1425
f 965 1425 1424
f 966 1424 1423
f 1026 1423 1422
f 1027 1422 1421
f 1028 1421 1420
f 967 1420 1419
f 935 1419 1418
f 968 1418 1417
f 969 1417 1416
f 970 1416 1415
f 1029 1415 1414
f 1030 1414 1413
f 914 1413 1412
f 901 1412 1411
f 902 1411 1410
f 915 1410 1409
f 936 1409 1408
f 937 1408 1407
f 971 1407 1406
f 938 1406 1405
f 939 1405 1404
f 1031 1404 1403
f 972 1403 1402
f 973 1402 1401
f 974 1401 1400
f 940 1400 1399
f 916 1399 1397
f 903 917 1397
f 897 1398 1396
f 898 1396 1395
f 941 1395 1394
f 942 1394 1393
f 975 1393 1392
f 976 1392 1391
f 943 1391 1390
f 918 1390 1389
f 919 1389 1388
f 977 1388 1387
f 978 1387 1386
f 979 1386 1385
f 1032 1385 1384
f 980 1384 1383
f 981 1383 1382
f 1033 1382 1381
f 982 1381 1380
f 1034 1380 1379
f 983 1379 1378
f 944 1378 1377
f 984 1377 1376
f 985 1376 1375
f 945 1375 1374
f 986 1374 1373
f 987 1373 1372
f 946 1372 1371
f 920 1371 1370
f 921 1370 1369
f 922 1369 1368
f 904 1368 1367
f 905 1367 1366
f 988 1366 1365
f 947 1365 1364
f 948 1364 1363
f 1035 1363 1362
f 989 1362 1361
f 990 1361 1360
f 923 1360 1359
f 906 1359 1358
f 924 1358 1357
f 925 1357 1356
f 907 1356 1355
f 926 1355 1354
f 927 1354 1353
f 928 1353 1352
f 949 1352 1351
f 950 1351 1350
f 1078 1350 1349
f 1058 1349 1348
f 1059 1348 1347
f 1036 1347 1346
f 991 1346 1345
f 992 1345 1344
f 1037 1344 1343
f 993 1343 1342
f 994 1342 1341
f 1079 1341 1340
f 1080 1340 1339
f 1081 1339 1338
f 1082 1338 1337
f 1060 1337 1336
f 995 1336 1335
f 996 1335 1334
f 951 1334 1333
f 1038 1333 1332
f 1039 1332 1331
f 1040 1331 1330
f 997 1330 1329
f 998 1329 1328
f 999 1328 1327
f 1000 1327 1326
f 1001 1326 1325
f 908 1325 1324
f 899 1324 1323
f 900 1323 1322
f 909 1322 1321
f 910 1321 1320
f 911 1320 1319
f 929 1319 1318
f 952 1318 1317
f 1002 1317 1316
f 953 1316 1315
f 930 1315 1314
f 954 1314 1313
f 955 1313 1312
f 1061 1312 1311
f 1062 1311 1310
f 1063 1310 1309
f 1064 1309 1308
f 1041 1308 1307
f 1042 1307 1306
f 1065 1306 1305
f 1066 1305 1304
f 1067 1304 1303
f 1043 1303 1302
f 1003 1302 1301
f 1004 1301 1300
f 1005 1300 1299
f 956 1299 1298
f 1006 1298 1297
f 1007 1297 1296
f 1008 1296 1295
f 1044 1295 1294
f 1045 1294 1293
f 1009 1293 1292
f 1046 1292 1291
f 1047 1291 1290
f 1048 1290 1289
f 1068 1289 1288
f 1069 1288 1287
f 1049 1287 1286
f 1010 1286 1285
f 1011 1285 1284
f 1012 1284 1283
f 957 1283 1282
f 958 1282 1281
f 1013 1281 1280
f 959 1280 1279
f 960 1279 1278
f 1083 1278 1277
f 1070 1277 1276
f 1071 1276 1275
f 1072 1275 1274
f 1050 1274 1273
f 1073 1273 1272
f 1051 1272 1271
f 1014 1271 1270
f 1015 1270 1269
f 1016 1269 1268
f 1017 1268 1267
f 961 1267 1266
f 962 1266 1265
f 1018 1265 1264
f 1450 1451 1452
f 1453 1454 1455
f 1456 1457 1458
f 1459 1460 1461
f 1462 1463 1464
f 1465 1466 1467
f 1468 1469 1470
f 1471 1472 1473
f 1474 1475 1476
f 1477 1478 1479
f 1450 1480 1451
f 1481 1482 1483
f 1453 1484 1454
f 1485 1486 1487
f 1456 1488 1457
f 1489 1490 1491
f 1459 1492 1460
f 1493 1494 1495
f 1496 1497 1498
f 1499 1500 1501
f 1502 1503 1504
f 1505 1506 1507
f 1508 1509 1510
f 1511 1512 1513
f 1514 1515 1516
f 1517 1518 1519
f 1462 1520 1463
f 1521 1522 1523
f 1465 1524 1466
f 1525 1526 1527
f 1468 1528 1469
f 1529 1530 1531
f 1471 1532 1472
f 1533 1534 1535
f 1474 1536 1475
f 1479 1537 1477
f 1452 1538 1450
f 1483 1539 1481
f 1455 1540 1453
f 1487 1541 1485
f 1458 1542 1456
f 1491 1543 1489
f 1461 1544 1459
f 1545 1546 1547
f 1548 1549 1550
f 1551 1552 1553
f 1493 1554 1494
f 1555 1556 1557
f 1496 1558 1497
f 1559 1560 1561
f 1499 1562 1500
f 1563 1564 1565
f 1502 1566 1503
f 1567 1568 1569
f 1570 1571 1572
f 1573 1574 1575
f 1505 1576 1506
f 1577 1578 1579
f 1508 1580 1509
f 1581 1582 1583
f 1511 1584 1512
f 1585 1586 1587
f 1514 1588 1515
f 1589 1590 1591
f 1592 1593 1594
f 1519 1595 1517
f 1464 1596 1462
f 1523 1597 1521
f 1467 1598 1465
f 1527 1599 1525
f 1470 1600 1468
f 1531 1601 1529
f 1473 1602 1471
f 1535 1603 1533
f 1476 1604 1474
f 1477 1605 1478
f 1450 1606 1607
f 1538 1608 1450
f 1481 1609 1482
f 1453 1610 1611
f 1540 1612 1453
f 1485 1613 1486
f 1456 1614 1615
f 1542 1616 1456
f 1489 1617 1490
f 1459 1618 1619
f 1544 1620 1459
f 1621 1622 1623
f 1545 1624 1546
f 1625 1626 1627
f 1548 1628 1549
f 1553 1629 1551
f 1495 1630 1493
f 1557 1631 1555
f 1498 1632 1496
f 1561 1633 1559
f 1501 1634 1499
f 1565 1635 1563
f 1504 1636 1502
f 1637 1638 1639
f 1567 1640 1568
f 1641 1642 1643
f 1570 1644 1571
f 1575 1645 1573
f 1507 1646 1505
f 1579 1647 1577
f 1510 1648 1508
f 1583 1649 1581
f 1513 1650 1511
f 1587 1651 1585
f 1516 1652 1514
f 1653 1654 1655
f 1589 1656 1590
f 1657 1658 1659
f 1592 1660 1593
f 1517 1661 1518
f 1462 1662 1663
f 1596 1664 1462
f 1521 1665 1522
f 1465 1666 1667
f 1598 1668 1465
f 1525 1669 1526
f 1468 1670 1671
f 1600 1672 1468
f 1529 1673 1530
f 1471 1674 1675
f 1602 1676 1471
f 1533 1677 1534
f 1474 1678 1679
f 1604 1680 1474
f 1477 1681 1605
f 1477 1682 1683
f 1450 1684 1606
f 1450 1685 1480
f 1481 1686 1609
f 1481 1687 1688
f 1453 1689 1610
f 1453 1690 1484
f 1485 1691 1613
f 1485 1692 1693
f 1456 1694 1614
f 1456 1695 1488
f 1489 1696 1617
f 1489 1697 1698
f 1459 1699 1618
f 1459 1700 1492
f 1623 1701 1621
f 1547 1702 1545
f 1627 1703 1625
f 1550 1704 1548
f 1551 1705 1552
f 1493 1706 1707
f 1630 1708 1493
f 1555 1709 1556
f 1496 1710 1711
f 1632 1712 1496
f 1559 1713 1560
f 1499 1714 1715
f 1634 1716 1499
f 1563 1717 1564
f 1502 1718 1719
f 1636 1720 1502
f 1639 1721 1637
f 1569 1722 1567
f 1643 1723 1641
f 1572 1724 1570
f 1573 1725 1574
f 1505 1726 1727
f 1646 1728 1505
f 1577 1729 1578
f 1508 1730 1731
f 1648 1732 1508
f 1581 1733 1582
f 1511 1734 1735
f 1650 1736 1511
f 1585 1737 1586
f 1514 1738 1739
f 1652 1740 1514
f 1655 1741 1653
f 1591 1742 1589
f 1659 1743 1657
f 1594 1744 1592
f 1517 1745 1661
f 1517 1746 1747
f 1462 1748 1662
f 1462 1749 1520
f 1521 1750 1665
f 1521 1751 1752
f 1465 1753 1666
f 1465 1754 1524
f 1525 1755 1669
f 1525 1756 1757
f 1468 1758 1670
f 1468 1759 1528
f 1529 1760 1673
f 1529 1761 1762
f 1471 1763 1674
f 1471 1764 1532
f 1533 1765 1677
f 1533 1766 1767
f 1474 1768 1678
f 1474 1769 1536
f 1477 1770 1681
f 1683 1771 1477
f 1607 1772 1450
f 1608 1773 1450
f 1481 1774 1686
f 1688 1775 1481
f 1611 1776 1453
f 1612 1777 1453
f 1485 1778 1691
f 1693 1779 1485
f 1615 1780 1456
f 1616 1781 1456
f 1489 1782 1696
f 1698 1783 1489
f 1619 1784 1459
f 1620 1785 1459
f 1621 1786 1622
f 1545 1787 1788
f 1702 1789 1545
f 1625 1790 1626
f 1548 1791 1792
f 1704 1793 1548
f 1551 1794 1705
f 1551 1795 1796
f 1493 1797 1706
f 1493 1798 1554
f 1555 1799 1709
f 1555 1800 1801
f 1496 1802 1710
f 1496 1803 1558
f 1559 1804 1713
f 1559 1805 1806
f 1499 1807 1714
f 1499 1808 1562
f 1563 1809 1717
f 1563 1810 1811
f 1502 1812 1718
f 1502 1813 1566
f 1637 1814 1638
f 1567 1815 1816
f 1722 1817 1567
f 1641 1818 1642
f 1570 1819 1820
f 1724 1821 1570
f 1573 1822 1725
f 1573 1823 1824
f 1505 1825 1726
f 1505 1826 1576
f 1577 1827 1729
f 1577 1828 1829
f 1508 1830 1730
f 1508 1831 1580
f 1581 1832 1733
f 1581 1833 1834
f 1511 1835 1734
f 1511 1836 1584
f 1585 1837 1737
f 1585 1838 1839
f 1514 1840 1738
f 1514 1841 1588
f 1653 1842 1654
f 1589 1843 1844
f 1742 1845 1589
f 1657 1846 1658
f 1592 1847 1848
f 1744 1849 1592
f 1517 1850 1745
f 1747 1851 1517
f 1663 1852 1462
f 1664 1853 1462
f 1521 1854 1750
f 1752 1855 1521
f 1667 1856 1465
f 1668 1857 1465
f 1525 1858 1755
f 1757 1859 1525
f 1671 1860 1468
f 1672 1861 1468
f 1529 1862 1760
f 1762 1863 1529
f 1675 1864 1471
f 1676 1865 1471
f 1533 1866 1765
f 1767 1867 1533
f 1679 1868 1474
f 1680 1869 1474
f 1477 1870 1770
f 1477 1871 1682
f 1772 1872 1450
f 1773 1873 1450
f 1481 1874 1774
f 1481 1875 1687
f 1776 1876 1453
f 1777 1877 1453
f 1485 1878 1778
f 1485 1879 1692
f 1780 1880 1456
f 1781 1881 1456
f 1489 1882 1782
f 1489 1883 1697
f 1784 1884 1459
f 1785 1885 1459
f 1621 1886 1786
f 1621 1887 1888
f 1545 1889 1787
f 1545 1890 1624
f 1625 1891 1790
f 1625 1892 1893
f 1548 1894 1791
f 1548 1895 1628
f 1551 1896 1794
f 1796 1897 1551
f 1707 1898 1493
f 1708 1899 1493
f 1555 1900 1799
f 1801 1901 1555
f 1711 1902 1496
f 1712 1903 1496
f 1559 1904 1804
f 1806 1905 1559
f 1715 1906 1499
f 1716 1907 1499
f 1563 1908 1809
f 1811 1909 1563
f 1719 1910 1502
f 1720 1911 1502
f 1637 1912 1814
f 1637 1913 1914
f 1567 1915 1815
f 1567 1916 1640
f 1641 1917 1818
f 1641 1918 1919
f 1570 1920 1819
f 1570 1921 1644
f 1573 1922 1822
f 1824 1923 1573
f 1727 1924 1505
f 1728 1925 1505
f 1577 1926 1827
f 1829 1927 1577
f 1731 1928 1508
f 1732 1929 1508
f 1581 1930 1832
f 1834 1931 1581
f 1735 1932 1511
f 1736 1933 1511
f 1585 1934 1837
f 1839 1935 1585
f 1739 1936 1514
f 1740 1937 1514
f 1653 1938 1842
f 1653 1939 1940
f 1589 1941 1843
f 1589 1942 1656
f 1657 1943 1846
f 1657 1944 1945
f 1592 1946 1847
f 1592 1947 1660
f 1517 1948 1850
f 1517 1949 1746
f 1852 1950 1462
f 1853 1951 1462
f 1521 1952 1854
f 1521 1953 1751
f 1856 1954 1465
f 1857 1955 1465
f 1525 1956 1858
f 1525 1957 1756
f 1860 1958 1468
f 1861 1959 1468
f 1529 1960 1862
f 1529 1961 1761
f 1864 1962 1471
f 1865 1963 1471
f 1533 1964 1866
f 1533 1965 1766
f 1868 1966 1474
f 1869 1967 1474
f 1537 1968 1477
f 1477 1969 1871
f 1873 1684 1450
f 1539 1970 1481
f 1481 1971 1875
f 1877 1689 1453
f 1541 1972 1485
f 1485 1973 1879
f 1881 1694 1456
f 1543 1974 1489
f 1489 1975 1883
f 1885 1699 1459
f 1621 1976 1886
f 1888 1977 1621
f 1788 1978 1545
f 1789 1979 1545
f 1625 1980 1891
f 1893 1981 1625
f 1792 1982 1548
f 1793 1983 1548
f 1551 1984 1896
f 1551 1985 1795
f 1898 1986 1493
f 1899 1987 1493
f 1555 1988 1900
f 1555 1989 1800
f 1902 1990 1496
f 1903 1991 1496
f 1559 1992 1904
f 1559 1993 1805
f 1906 1994 1499
f 1907 1995 1499
f 1563 1996 1908
f 1563 1997 1810
f 1910 1998 1502
f 1911 1999 1502
f 1637 2000 1912
f 1914 2001 1637
f 1816 2002 1567
f 1817 2003 1567
f 1641 2004 1917
f 1919 2005 1641
f 1820 2006 1570
f 1821 2007 1570
f 1573 2008 1922
f 1573 2009 1823
f 1924 2010 1505
f 1925 2011 1505
f 1577 2012 1926
f 1577 2013 1828
f 1928 2014 1508
f 1929 2015 1508
f 1581 2016 1930
f 1581 2017 1833
f 1932 2018 1511
f 1933 2019 1511
f 1585 2020 1934
f 1585 2021 1838
f 1936 2022 1514
f 1937 2023 1514
f 1653 2024 1938
f 1940 2025 1653
f 1844 2026 1589
f 1845 2027 1589
f 1657 2028 1943
f 1945 2029 1657
f 1848 2030 1592
f 1849 2031 1592
f 1595 2032 1517
f 1517 2033 1949
f 1951 1748 1462
f 1597 2034 1521
f 1521 2035 1953
f 1955 1753 1465
f 1599 2036 1525
f 1525 2037 1957
f 1959 1758 1468
f 1601 2038 1529
f 1529 2039 1961
f 1963 1763 1471
f 1603 2040 1533
f 1533 2041 1965
f 1967 1768 1474
f 1771 1870 1477
f 1872 2042 1450
f 1775 1874 1481
f 1876 2043 1453
f 1779 1878 1485
f 1880 2044 1456
f 1783 1882 1489
f 1884 2045 1459
f 1621 2046 1976
f 1621 2047 1887
f 1978 2048 1545
f 1979 2049 1545
f 1625 2050 1980
f 1625 2051 1892
f 1982 2052 1548
f 1983 2053 1548
f 1629 2054 1551
f 1551 2055 1985
f 1987 1797 1493
f 1631 2056 1555
f 1555 2057 1989
f 1991 1802 1496
f 1633 2058 1559
f 1559 2059 1993
f 1995 1807 1499
f 1635 2060 1563
f 1563 2061 1997
f 1999 1812 1502
f 1637 2062 2000
f 1637 2063 1913
f 2002 2064 1567
f 2003 2065 1567
f 1641 2066 2004
f 1641 2067 1918
f 2006 2068 1570
f 2007 2069 1570
f 1645 2070 1573
f 1573 2071 2009
f 2011 1825 1505
f 1647 2072 1577
f 1577 2073 2013
f 2015 1830 1508
f 1649 2074 1581
f 1581 2075 2017
f 2019 1835 1511
f 1651 2076 1585
f 1585 2077 2021
f 2023 1840 1514
f 1653 2078 2024
f 1653 2079 1939
f 2026 2080 1589
f 2027 2081 1589
f 1657 2082 2028
f 1657 2083 1944
f 2030 2084 1592
f 2031 2085 1592
f 1851 1948 1517
f 1950 2086 1462
f 1855 1952 1521
f 1954 2087 1465
f 1859 1956 1525
f 1958 2088 1468
f 1863 1960 1529
f 1962 2089 1471
f 1867 1964 1533
f 1966 2090 1474
f 1477 2091 1969
f 2042 2092 1450
f 1481 2093 1971
f 2043 2094 1453
f 1485 2095 1973
f 2044 2096 1456
f 1489 2097 1975
f 2045 2098 1459
f 1701 2099 1621
f 1621 2100 2047
f 2049 1889 1545
f 1703 2101 1625
f 1625 2102 2051
f 2053 1894 1548
f 1897 1984 1551
f 1986 2103 1493
f 1901 1988 1555
f 1990 2104 1496
f 1905 1992 1559
f 1994 2105 1499
f 1909 1996 1563
f 1998 2106 1502
f 1721 2107 1637
f 1637 2108 2063
f 2065 1915 1567
f 1723 2109 1641
f 1641 2110 2067
f 2069 1920 1570
f 1923 2008 1573
f 2010 2111 1505
f 1927 2012 1577
f 2014 2112 1508
f 1931 2016 1581
f 2018 2113 1511
f 1935 2020 1585
f 2022 2114 1514
f 1741 2115 1653
f 1653 2116 2079
f 2081 1941 1589
f 1743 2117 1657
f 1657 2118 2083
f 2085 1946 1592
f 1517 2119 2033
f 2086 2120 1462
f 1521 2121 2035
f 2087 2122 1465
f 1525 2123 2037
f 2088 2124 1468
f 1529 2125 2039
f 2089 2126 1471
f 1533 2127 2041
f 2090 2128 1474
f 1477 2129 2091
f 1450 2130 1685
f 1481 2131 2093
f 1453 2132 1690
f 1485 2133 2095
f 1456 2134 1695
f 1489 2135 2097
f 1459 2136 1700
f 1977 2046 1621
f 2048 2137 1545
f 1981 2050 1625
f 2052 2138 1548
f 1551 2139 2055
f 2103 2140 1493
f 1555 2141 2057
f 2104 2142 1496
f 1559 2143 2059
f 2105 2144 1499
f 1563 2145 2061
f 2106 2146 1502
f 2001 2062 1637
f 2064 2147 1567
f 2005 2066 1641
f 2068 2148 1570
f 1573 2149 2071
f 2111 2150 1505
f 1577 2151 2073
f 2112 2152 1508
f 1581 2153 2075
f 2113 2154 1511
f 1585 2155 2077
f 2114 2156 1514
f 2025 2078 1653
f 2080 2157 1589
f 2029 2082 1657
f 2084 2158 1592
f 2159 2160 2161
f 1517 2162 2119
f 1462 2163 1749
f 1521 2164 2121
f 1465 2165 1754
f 1525 2166 2123
f 1468 2167 1759
f 1529 2168 2125
f 1471 2169 1764
f 1533 2170 2127
f 1474 2171 1769
f 1477 2172 2129
f 1450 2173 2174
f 1450 2175 2176
f 2092 2177 1450
f 1481 2178 2131
f 1453 2179 2180
f 1453 2181 2182
f 2094 2183 1453
f 1485 2184 2133
f 1456 2185 2186
f 1456 2187 2188
f 2096 2189 1456
f 1489 2190 2135
f 1459 2191 2192
f 1459 2193 2194
f 2098 2195 1459
f 1621 2196 2100
f 2137 2197 1545
f 1625 2198 2102
f 2138 2199 1548
f 1551 2200 2139
f 1493 2201 1798
f 1555 2202 2141
f 1496 2203 1803
f 1559 2204 2143
f 1499 2205 1808
f 1563 2206 2145
f 1502 2207 1813
f 1637 2208 2108
f 2147 2209 1567
f 1641 2210 2110
f 2148 2211 1570
f 1573 2212 2149
f 1505 2213 1826
f 1577 2214 2151
f 1508 2215 1831
f 1581 2216 2153
f 1511 2217 1836
f 1585 2218 2155
f 1514 2219 1841
f 1653 2220 2116
f 2157 2221 1589
f 1657 2222 2118
f 2158 2223 1592
f 2161 2224 2159
f 1517 2225 2162
f 1462 2226 2227
f 1462 2228 2229
f 2120 2230 1462
f 1521 2231 2164
f 1465 2232 2233
f 1465 2234 2235
f 2122 2236 1465
f 1525 2237 2166
f 1468 2238 2239
f 1468 2240 2241
f 2124 2242 1468
f 1529 2243 2168
f 1471 2244 2245
f 1471 2246 2247
f 2126 2248 1471
f 1533 2249 2170
f 1474 2250 2251
f 1474 2252 2253
f 2128 2254 1474
f 1968 2255 1477
f 2176 2173 1450
f 2177 2256 1450
f 1970 2257 1481
f 2182 2179 1453
f 2183 2258 1453
f 1972 2259 1485
f 2188 2185 1456
f 2189 2260 1456
f 1974 2261 1489
f 2194 2191 1459
f 2195 2262 1459
f 1621 2263 2196
f 1545 2264 1890
f 1625 2265 2198
f 1548 2266 1895
f 1551 2267 2200
f 1493 2268 2269
f 1493 2270 2271
f 2140 2272 1493
f 1555 2273 2202
f 1496 2274 2275
f 1496 2276 2277
f 2142 2278 1496
f 1559 2279 2204
f 1499 2280 2281
f 1499 2282 2283
f 2144 2284 1499
f 1563 2285 2206
f 1502 2286 2287
f 1502 2288 2289
f 2146 2290 1502
f 1637 2291 2208
f 1567 2292 1916
f 1641 2293 2210
f 1570 2294 1921
f 1573 2295 2212
f 1505 2296 2297
f 1505 2298 2299
f 2150 2300 1505
f 1577 2301 2214
f 1508 2302 2303
f 1508 2304 2305
f 2152 2306 1508
f 1581 2307 2216
f 1511 2308 2309
f 1511 2310 2311
f 2154 2312 1511
f 1585 2313 2218
f 1514 2314 2315
f 1514 2316 2317
f 2156 2318 1514
f 1653 2319 2220
f 1589 2320 1942
f 1657 2321 2222
f 1592 2322 1947
f 2159 2323 2160
f 2032 2324 1517
f 2229 2226 1462
f 2230 2325 1462
f 2034 2326 1521
f 2235 2232 1465
f 2236 2327 1465
f 2036 2328 1525
f 2241 2238 1468
f 2242 2329 1468
f 2038 2330 1529
f 2247 2244 1471
f 2248 2331 1471
f 2040 2332 1533
f 2253 2250 1474
f 2254 2333 1474
f 1477 2334 2172
f 2256 2175 1450
f 1481 2335 2178
f 2258 2181 1453
f 1485 2336 2184
f 2260 2187 1456
f 1489 2337 2190
f 2262 2193 1459
f 1621 2338 2263
f 1545 2339 2340
f 1545 2341 2342
f 2197 2343 1545
f 1625 2344 2265
f 1548 2345 2346
f 1548 2347 2348
f 2199 2349 1548
f 2054 2350 1551
f 2271 2268 1493
f 2272 2351 1493
f 2056 2352 1555
f 2277 2274 1496
f 2278 2353 1496
f 2058 2354 1559
f 2283 2280 1499
f 2284 2355 1499
f 2060 2356 1563
f 2289 2286 1502
f 2290 2357 1502
f 1637 2358 2291
f 1567 2359 2360
f 1567 2361 2362
f 2209 2363 1567
f 1641 2364 2293
f 1570 2365 2366
f 1570 2367 2368
f 2211 2369 1570
f 2070 2370 1573
f 2299 2296 1505
f 2300 2371 1505
f 2072 2372 1577
f 2305 2302 1508
f 2306 2373 1508
f 2074 2374 1581
f 2311 2308 1511
f 2312 2375 1511
f 2076 2376 1585
f 2317 2314 1514
f 2318 2377 1514
f 1653 2378 2319
f 1589 2379 2380
f 1589 2381 2382
f 2221 2383 1589
f 1657 2384 2321
f 1592 2385 2386
f 1592 2387 2388
f 2223 2389 1592
f 2159 2390 2323
f 2159 2391 2392
f 1517 2393 2225
f 2325 2228 1462
f 1521 2394 2231
f 2327 2234 1465
f 1525 2395 2237
f 2329 2240 1468
f 1529 2396 2243
f 2331 2246 1471
f 1533 2397 2249
f 2333 2252 1474
f 2174 1477 1450
f 2180 1481 1453
f 2186 1485 1456
f 2192 1489 1459
f 2099 2398 1621
f 2342 2339 1545
f 2343 2399 1545
f 2101 2400 1625
f 2348 2345 1548
f 2349 2401 1548
f 1551 2402 2267
f 2351 2270 1493
f 1555 2403 2273
f 2353 2276 1496
f 1559 2404 2279
f 2355 2282 1499
f 1563 2405 2285
f 2357 2288 1502
f 2107 2406 1637
f 2362 2359 1567
f 2363 2407 1567
f 2109 2408 1641
f 2368 2365 1570
f 2369 2409 1570
f 1573 2410 2295
f 2371 2298 1505
f 1577 2411 2301
f 2373 2304 1508
f 1581 2412 2307
f 2375 2310 1511
f 1585 2413 2313
f 2377 2316 1514
f 2115 2414 1653
f 2382 2379 1589
f 2383 2415 1589
f 2117 2416 1657
f 2388 2385 1592
f 2389 2417 1592
f 2159 2418 2390
f 2392 2419 2159
f 2227 1517 1462
f 2233 1521 1465
f 2239 1525 1468
f 2245 1529 1471
f 2251 1533 1474
f 2420 2421 2422
f 1450 2423 2130
f 2424 2425 2426
f 1453 2427 2132
f 2428 2429 2430
f 1456 2431 2134
f 2432 2433 2434
f 1459 2435 2136
f 1621 2436 2338
f 2399 2341 1545
f 1625 2437 2344
f 2401 2347 1548
f 2269 1551 1493
f 2275 1555 1496
f 2281 1559 1499
f 2287 1563 1502
f 1637 2438 2358
f 2407 2361 1567
f 1641 2439 2364
f 2409 2367 1570
f 2297 1573 1505
f 2303 1577 1508
f 2309 1581 1511
f 2315 1585 1514
f 1653 2440 2378
f 2415 2381 1589
f 1657 2441 2384
f 2417 2387 1592
f 2159 2442 2418
f 2159 2443 2391
f 2444 2445 2446
f 1462 2447 2163
f 2448 2449 2450
f 1465 2451 2165
f 2452 2453 2454
f 1468 2455 2167
f 2456 2457 2458
f 1471 2459 2169
f 2460 2461 2462
f 1474 2463 2171
f 2420 2464 2421
f 2255 1450 1477
f 2424 2465 2425
f 2257 1453 1481
f 2428 2466 2429
f 2259 1456 1485
f 2432 2467 2433
f 2261 1459 1489
f 2340 1621 1545
f 2346 1625 1548
f 2468 2469 2470
f 1493 2471 2201
f 2472 2473 2474
f 1496 2475 2203
f 2476 2477 2478
f 1499 2479 2205
f 2480 2481 2482
f 1502 2483 2207
f 2360 1637 1567
f 2366 1641 1570
f 2484 2485 2486
f 1505 2487 2213
f 2488 2489 2490
f 1508 2491 2215
f 2492 2493 2494
f 1511 2495 2217
f 2496 2497 2498
f 1514 2499 2219
f 2380 1653 1589
f 2386 1657 1592
f 2224 2500 2159
f 2159 2501 2443
f 2444 2502 2445
f 2324 1462 1517
f 2448 2503 2449
f 2326 1465 1521
f 2452 2504 2453
f 2328 1468 1525
f 2456 2505 2457
f 2330 1471 1529
f 2460 2506 2461
f 2332 1474 1533
f 2422 2507 2420
f 2508 2509 2423
f 2510 330 332
f 2426 2511 2424
f 2512 2513 2427
f 2514 350 352
f 2430 2515 2428
f 2516 2517 2431
f 2518 368 370
f 2434 2519 2432
f 2520 2521 2435
f 2522 386 388
f 2523 2524 2525
f 1545 2526 2264
f 2527 2528 2529
f 1548 2530 2266
f 2468 2531 2469
f 2350 1493 1551
f 2472 2532 2473
f 2352 1496 1555
f 2476 2533 2477
f 2354 1499 1559
f 2480 2534 2481
f 2356 1502 1563
f 2535 2536 2537
f 1567 2538 2292
f 2539 2540 2541
f 1570 2542 2294
f 2484 2543 2485
f 2370 1505 1573
f 2488 2544 2489
f 2372 1508 1577
f 2492 2545 2493
f 2374 1511 1581
f 2496 2546 2497
f 2376 1514 1585
f 2547 2548 2549
f 1589 2550 2320
f 2551 2552 2553
f 1592 2554 2322
f 2419 2442 2159
f 2446 2555 2444
f 2556 2557 2447
f 2558 240 242
f 2450 2559 2448
f 2560 2561 2451
f 2562 258 260
f 2454 2563 2452
f 2564 2565 2455
f 2566 276 278
f 2458 2567 2456
f 2568 2569 2459
f 2570 294 296
f 2462 2571 2460
f 2572 2573 2463
f 2574 312 314
f 2420 2575 2464
f 1450 2508 2423
f 332 2576 2510
f 2424 2577 2465
f 1453 2512 2427
f 352 2578 2514
f 2428 2579 2466
f 1456 2516 2431
f 370 2580 2518
f 2432 2581 2467
f 1459 2520 2435
f 388 2582 2522
f 2523 2583 2524
f 2398 1545 1621
f 2527 2584 2528
f 2400 1548 1625
f 2470 2585 2468
f 2586 2587 2471
f 2588 440 1
f 2474 2589 2472
f 2590 2591 2475
f 2592 20 22
f 2478 2593 2476
f 2594 2595 2479
f 2596 38 40
f 2482 2597 2480
f 2598 2599 2483
f 2600 56 58
f 2535 2601 2536
f 2406 1567 1637
f 2539 2602 2540
f 2408 1570 1641
f 2486 2603 2484
f 2604 2605 2487
f 2606 110 112
f 2490 2607 2488
f 2608 2609 2491
f 2610 130 132
f 2494 2611 2492
f 2612 2613 2495
f 2614 148 150
f 2498 2615 2496
f 2616 2617 2499
f 2618 166 168
f 2547 2619 2548
f 2414 1589 1653
f 2551 2620 2552
f 2416 1592 1657
f 2159 2621 2501
f 2444 2622 2502
f 1462 2556 2447
f 242 2623 2558
f 2448 2624 2503
f 1465 2560 2451
f 260 2625 2562
f 2452 2626 2504
f 1468 2564 2455
f 278 2627 2566
f 2456 2628 2505
f 1471 2568 2459
f 296 2629 2570
f 2460 2630 2506
f 1474 2572 2463
f 314 2631 2574
f 2507 2632 2420
f 2633 2634 2509
f 2510 2635 330
f 2511 2636 2424
f 2637 2638 2513
f 2514 2639 350
f 2515 2640 2428
f 2641 2642 2517
f 2518 2643 368
f 2519 2644 2432
f 2645 2646 2521
f 2522 2647 386
f 2525 2648 2523
f 2649 2650 2526
f 2651 404 406
f 2529 2652 2527
f 2653 2654 2530
f 2655 422 424
f 2468 2656 2531
f 1493 2586 2471
f 1 2657 2588
f 2472 2658 2532
f 1496 2590 2475
f 22 2659 2592
f 2476 2660 2533
f 1499 2594 2479
f 40 2661 2596
f 2480 2662 2534
f 1502 2598 2483
f 58 2663 2600
f 2537 2664 2535
f 2665 2666 2538
f 2667 74 76
f 2541 2668 2539
f 2669 2670 2542
f 2671 92 94
f 2484 2672 2543
f 1505 2604 2487
f 112 2673 2606
f 2488 2674 2544
f 1508 2608 2491
f 132 2675 2610
f 2492 2676 2545
f 1511 2612 2495
f 150 2677 2614
f 2496 2678 2546
f 1514 2616 2499
f 168 2679 2618
f 2549 2680 2547
f 2681 2682 2550
f 2683 184 186
f 2553 2684 2551
f 2685 2686 2554
f 2687 202 204
f 2159 2688 2621
f 222 2689 2690
f 2555 2691 2444
f 2692 2693 2557
f 2558 2694 240
f 2559 2695 2448
f 2696 2697 2561
f 2562 2698 258
f 2563 2699 2452
f 2700 2701 2565
f 2566 2702 276
f 2567 2703 2456
f 2704 2705 2569
f 2570 2706 294
f 2571 2707 2460
f 2708 2709 2573
f 2574 2710 312
f 2632 2711 2420
f 2508 2633 2509
f 2635 2712 330
f 2636 2713 2424
f 2512 2637 2513
f 2639 2714 350
f 2640 2715 2428
f 2516 2641 2517
f 2643 2716 368
f 2644 2717 2432
f 2520 2645 2521
f 2647 2718 386
f 2523 2719 2583
f 1545 2649 2526
f 406 2720 2651
f 2527 2721 2584
f 1548 2653 2530
f 424 2722 2655
f 2585 2723 2468
f 2724 2725 2587
f 2588 2726 440
f 2589 2727 2472
f 2728 2729 2591
f 2592 2730 20
f 2593 2731 2476
f 2732 2733 2595
f 2596 2734 38
f 2597 2735 2480
f 2736 2737 2599
f 2600 2738 56
f 2535 2739 2601
f 1567 2665 2538
f 76 2740 2667
f 2539 2741 2602
f 1570 2669 2542
f 94 2742 2671
f 2603 2743 2484
f 2744 2745 2605
f 2606 2746 110
f 2607 2747 2488
f 2748 2749 2609
f 2610 2750 130
f 2611 2751 2492
f 2752 2753 2613
f 2614 2754 148
f 2615 2755 2496
f 2756 2757 2617
f 2618 2758 166
f 2547 2759 2619
f 1589 2681 2550
f 186 2760 2683
f 2551 2761 2620
f 1592 2685 2554
f 204 2762 2687
f 2159 2763 2688
f 2764 222 2765
f 2690 2766 222
f 2691 2767 2444
f 2556 2692 2557
f 2694 2768 240
f 2695 2769 2448
f 2560 2696 2561
f 2698 2770 258
f 2699 2771 2452
f 2564 2700 2565
f 2702 2772 276
f 2703 2773 2456
f 2568 2704 2569
f 2706 2774 294
f 2707 2775 2460
f 2572 2708 2573
f 2710 2776 312
f 2711 2777 2420
f 2575 2420 2634
f 2712 2778 330
f 2713 2779 2424
f 2577 2424 2638
f 2714 2780 350
f 2715 2781 2428
f 2579 2428 2642
f 2716 2782 368
f 2717 2783 2432
f 2581 2432 2646
f 2718 2784 386
f 2648 2785 2523
f 2786 2787 2650
f 2651 2788 404
f 2652 2789 2527
f 2790 2791 2654
f 2655 2792 422
f 2723 2793 2468
f 2586 2724 2587
f 2726 2794 440
f 2727 2795 2472
f 2590 2728 2591
f 2730 2796 20
f 2731 2797 2476
f 2594 2732 2595
f 2734 2798 38
f 2735 2799 2480
f 2598 2736 2599
f 2738 2800 56
f 2664 2801 2535
f 2802 2803 2666
f 2667 2804 74
f 2668 2805 2539
f 2806 2807 2670
f 2671 2808 92
f 2743 2809 2484
f 2604 2744 2605
f 2746 2810 110
f 2747 2811 2488
f 2608 2748 2609
f 2750 2812 130
f 2751 2813 2492
f 2612 2752 2613
f 2754 2814 148
f 2755 2815 2496
f 2616 2756 2617
f 2758 2816 166
f 2680 2817 2547
f 2818 2819 2682
f 2683 2820 184
f 2684 2821 2551
f 2822 2823 2686
f 2687 2824 202
f 222 2825 2826
f 2500 2827 2159
f 2765 2828 2764
f 2766 2829 222
f 2767 2830 2444
f 2622 2444 2693
f 2768 2831 240
f 2769 2832 2448
f 2624 2448 2697
f 2770 2833 258
f 2771 2834 2452
f 2626 2452 2701
f 2772 2835 276
f 2773 2836 2456
f 2628 2456 2705
f 2774 2837 294
f 2775 2838 2460
f 2630 2460 2709
f 2776 2839 312
f 2633 2575 2634
f 2778 2840 330
f 2637 2577 2638
f 2780 2841 350
f 2641 2579 2642
f 2782 2842 368
f 2645 2581 2646
f 2784 2843 386
f 2785 2844 2523
f 2649 2786 2650
f 2788 2845 404
f 2789 2846 2527
f 2653 2790 2654
f 2792 2847 422
f 2793 2848 2468
f 2656 2468 2725
f 2794 2849 440
f 2795 2850 2472
f 2658 2472 2729
f 2796 2851 20
f 2797 2852 2476
f 2660 2476 2733
f 2798 2853 38
f 2799 2854 2480
f 2662 2480 2737
f 2800 2855 56
f 2801 2856 2535
f 2665 2802 2666
f 2804 2857 74
f 2805 2858 2539
f 2669 2806 2670
f 2808 2859 92
f 2809 2860 2484
f 2672 2484 2745
f 2810 2861 110
f 2811 2862 2488
f 2674 2488 2749
f 2812 2863 130
f 2813 2864 2492
f 2676 2492 2753
f 2814 2865 148
f 2815 2866 2496
f 2678 2496 2757
f 2816 2867 166
f 2817 2868 2547
f 2681 2818 2682
f 2820 2869 184
f 2821 2870 2551
f 2685 2822 2686
f 2824 2871 202
f 222 2872 2873
f 222 2874 2825
f 2826 2872 222
f 2159 2875 2763
f 2876 2877 2878
f 2828 2879 2764
f 2829 2880 222
f 2692 2622 2693
f 2831 2881 240
f 2696 2624 2697
f 2833 2882 258
f 2700 2626 2701
f 2835 2883 276
f 2704 2628 2705
f 2837 2884 294
f 2708 2630 2709
f 2839 2885 312
f 2777 2886 2420
f 330 2887 2888
f 2840 2889 330
f 2779 2890 2424
f 350 2891 2892
f 2841 2893 350
f 2781 2894 2428
f 368 2895 2896
f 2842 2897 368
f 2783 2898 2432
f 386 2899 2900
f 2843 2901 386
f 2844 2902 2523
f 2719 2523 2787
f 2845 2903 404
f 2846 2904 2527
f 2721 2527 2791
f 2847 2905 422
f 2724 2656 2725
f 2849 2906 440
f 2728 2658 2729
f 2851 2907 20
f 2732 2660 2733
f 2853 2908 38
f 2736 2662 2737
f 2855 2909 56
f 2856 2910 2535
f 2739 2535 2803
f 2857 2911 74
f 2858 2912 2539
f 2741 2539 2807
f 2859 2913 92
f 2744 2672 2745
f 2861 2914 110
f 2748 2674 2749
f 2863 2915 130
f 2752 2676 2753
f 2865 2916 148
f 2756 2678 2757
f 2867 2917 166
f 2868 2918 2547
f 2759 2547 2819
f 2869 2919 184
f 2870 2920 2551
f 2761 2551 2823
f 2871 2921 202
f 2873 2922 222
f 2923 2764 2159
f 2879 2876 2764
f 2880 2924 222
f 2830 2925 2444
f 240 2926 2927
f 2881 2928 240
f 2832 2929 2448
f 258 2930 2931
f 2882 2932 258
f 2834 2933 2452
f 276 2934 2935
f 2883 2936 276
f 2836 2937 2456
f 294 2938 2939
f 2884 2940 294
f 2838 2941 2460
f 312 2942 2943
f 2885 2944 312
f 2886 2945 2420
f 2889 2887 330
f 2890 2946 2424
f 2893 2891 350
f 2894 2947 2428
f 2897 2895 368
f 2948 2580 376
f 2898 2949 2432
f 2901 2899 386
f 2786 2719 2787
f 2903 2950 404
f 2790 2721 2791
f 2905 2951 422
f 2848 2952 2468
f 440 2953 2954
f 2906 2955 440
f 2850 2956 2472
f 20 2957 2958
f 2907 2959 20
f 2852 2960 2476
f 38 2961 2962
f 2908 2963 38
f 2854 2964 2480
f 56 2965 2966
f 2909 2967 56
f 2802 2739 2803
f 2911 2968 74
f 2806 2741 2807
f 2913 2969 92
f 2860 2970 2484
f 110 2971 2972
f 2914 2973 110
f 2862 2974 2488
f 130 2975 2976
f 2915 2977 130
f 2864 2978 2492
f 148 2979 2980
f 2916 2981 148
f 2866 2982 2496
f 166 2983 2984
f 2917 2985 166
f 2818 2759 2819
f 2919 2986 184
f 2822 2761 2823
f 2921 2987 202
f 2827 2923 2159
f 2988 2989 2990
f 222 2991 2765
f 2924 2992 222
f 2925 2993 2444
f 2928 2926 240
f 2994 248 250
f 2929 2995 2448
f 2932 2930 258
f 2933 2996 2452
f 2936 2934 276
f 2937 2997 2456
f 2940 2938 294
f 2941 2998 2460
f 2944 2942 312
f 2945 2999 2420
f 2888 3000 330
f 2946 3001 2424
f 2892 3002 350
f 3003 3004 360
f 2947 3005 2428
f 2896 3003 368
f 378 3006 2948
f 2949 3007 2432
f 2900 3008 386
f 2902 3009 2523
f 404 3010 3011
f 2950 3012 404
f 2904 3013 2527
f 422 3014 3015
f 2951 3016 422
f 2952 3017 2468
f 2955 2953 440
f 2956 3018 2472
f 2959 2957 20
f 3019 28 30
f 2960 3020 2476
f 2963 2961 38
f 2964 3021 2480
f 2967 2965 56
f 2910 3022 2535
f 74 3023 3024
f 2968 3025 74
f 2912 3026 2539
f 92 3027 3028
f 2969 3029 92
f 2970 3030 2484
f 2973 2971 110
f 2974 3031 2488
f 2977 2975 130
f 3032 138 140
f 2978 3033 2492
f 2981 2979 148
f 3034 2677 156
f 2982 3035 2496
f 2985 2983 166
f 2918 3036 2547
f 184 3037 3038
f 2986 3039 184
f 2920 3040 2551
f 202 3041 3042
f 2987 3043 202
f 2922 3044 222
f 222 2764 3045
f 2923 3046 2764
f 2990 3047 2988
f 2990 3048 3047
f 3049 2765 2989
f 2878 2764 2876
f 2765 3050 2828
f 2992 3051 222
f 2689 228 230
f 2993 3052 2444
f 2927 3053 240
f 250 3054 2994
f 2995 3055 2448
f 2931 3056 258
f 3057 2625 266
f 2996 3058 2452
f 2935 3059 276
f 2997 3060 2456
f 2939 3061 294
f 3062 3063 304
f 2998 3064 2460
f 2943 3065 312
f 3000 3066 324
f 3066 3067 322
f 2631 320 322
f 2999 3068 2420
f 2888 3069 3000
f 2576 338 340
f 3001 3070 2424
f 2892 3071 3002
f 360 362 3003
f 3072 358 360
f 3005 3073 2428
f 2896 3074 3003
f 3006 378 380
f 2580 374 376
f 3007 3075 2432
f 2900 3076 3008
f 3009 3077 2523
f 3012 3010 404
f 3013 3078 2527
f 3016 3014 422
f 3017 3079 2468
f 2954 3080 440
f 2657 8 10
f 2657 4 6
f 3018 3081 2472
f 2958 3082 20
f 30 3083 3019
f 3020 3084 2476
f 2962 3085 38
f 3086 48 50
f 3021 3087 2480
f 2966 3088 56
f 3022 3089 2535
f 3025 3023 74
f 3090 3091 84
f 3026 3092 2539
f 3029 3027 92
f 2742 100 102
f 3030 3093 2484
f 2972 3094 110
f 3031 3095 2488
f 2976 3096 130
f 140 3097 3032
f 3033 3098 2492
f 2980 3099 148
f 158 3100 3034
f 3035 3101 2496
f 2984 3102 166
f 3103 176 178
f 3036 3104 2547
f 3039 3037 184
f 3040 3105 2551
f 3043 3041 202
f 3044 3106 222
f 3046 3045 2764
f 3107 3108 3109
f 3110 2990 3108
f 2990 3111 3048
f 2989 3112 3049
f 2989 3113 3112
f 2765 3114 3050
f 3051 3115 222
f 2689 226 228
f 3052 3116 2444
f 2927 3117 3053
f 2623 246 248
f 3055 3118 2448
f 2931 3119 3056
f 3120 268 270
f 268 3120 3057
f 3058 3121 2452
f 2935 3122 3059
f 3123 286 288
f 3060 3124 2456
f 2939 3125 3061
f 306 3065 3062
f 3064 3126 2460
f 2943 3127 3065
f 324 326 3000
f 322 3067 2631
f 2420 3128 3129
f 3068 3130 2420
f 3069 3131 3000
f 3002 3132 342
f 3133 340 342
f 2576 336 338
f 2576 332 334
f 2424 3134 3135
f 3070 3136 2424
f 3071 3137 3002
f 362 364 3003
f 360 3004 3072
f 2578 354 356
f 2428 3138 3139
f 3073 3140 2428
f 3074 3141 3003
f 380 3008 3006
f 2580 372 374
f 2432 3142 3143
f 3075 3144 2432
f 3076 3145 3008
f 3077 3146 2523
f 3011 3147 404
f 3148 3149 414
f 3078 3150 2527
f 3015 3151 422
f 3152 3153 432
f 2722 430 432
f 3079 3154 2468
f 2954 3155 3080
f 3082 3156 12
f 3157 10 12
f 6 8 2657
f 3081 3158 2472
f 2958 3159 3082
f 3085 3083 30
f 2659 26 28
f 3084 3160 2476
f 2962 3161 3085
f 50 3088 3086
f 3162 2661 46
f 3087 3163 2480
f 2966 3164 3088
f 3165 66 68
f 3089 3166 2535
f 3024 3167 74
f 86 3168 3090
f 2740 82 84
f 3092 3169 2539
f 3028 3168 92
f 2742 98 100
f 3093 3170 2484
f 2972 3171 3094
f 3096 3172 122
f 3173 120 122
f 3095 3174 2488
f 2976 3175 3096
f 3099 3097 140
f 2675 136 138
f 3098 3176 2492
f 2980 3177 3099
f 3100 158 160
f 2677 154 156
f 3101 3178 2496
f 2984 3179 3102
f 178 3180 3103
f 3181 2679 174
f 3104 3182 2547
f 3038 3180 184
f 3183 3184 194
f 3105 3185 2551
f 3042 3186 202
f 3045 2874 222
f 3108 3107 3110
f 3109 3187 3107
f 2990 3110 3111
f 2989 3188 3113
f 2765 3189 3114
f 3115 3190 222
f 3053 3191 232
f 3192 230 232
f 2689 224 226
f 2444 3193 3194
f 3116 3195 2444
f 3117 3196 3053
f 3056 3054 250
f 2623 244 246
f 2448 3197 3198
f 3118 3199 2448
f 3119 3200 3056
f 270 3059 3120
f 2625 264 266
f 2452 3201 3202
f 3121 3203 2452
f 3122 3204 3059
f 3061 290 292
f 288 3061 3123
f 3205 2627 284
f 2456 3206 3207
f 3124 3208 2456
f 3125 3209 3061
f 304 306 3062
f 2629 302 304
f 2460 3210 3211
f 3126 3212 2460
f 3127 3213 3065
f 322 324 3066
f 2631 314 316
f 3130 3128 2420
f 3131 3214 3000
f 3002 344 346
f 342 3132 3133
f 334 336 2576
f 3136 3134 2424
f 3137 3215 3002
f 3072 2578 358
f 2578 352 354
f 3140 3138 2428
f 3141 3216 3003
f 3008 382 384
f 376 378 2948
f 3144 3142 2432
f 3145 3217 3008
f 3218 396 398
f 3219 2582 394
f 3146 3220 2523
f 3011 3221 3147
f 416 3151 3148
f 2720 412 414
f 3150 3222 2527
f 3015 3223 3151
f 3080 3152 434
f 432 3153 2722
f 2468 3224 3225
f 3154 3226 2468
f 3155 3227 3080
f 12 14 3082
f 10 3157 2657
f 2472 3228 3229
f 3158 3230 2472
f 3159 3231 3082
f 3085 32 34
f 3019 2659 28
f 2476 3232 3233
f 3160 3234 2476
f 3161 3235 3085
f 50 52 3088
f 48 3086 3162
f 2480 3236 3237
f 3163 3238 2480
f 3164 3239 3088
f 68 3167 3165
f 3166 3240 2535
f 3024 3241 3167
f 84 3091 2740
f 2740 78 80
f 3169 3242 2539
f 3028 3243 3168
f 3094 106 108
f 3094 3244 104
f 3244 3245 102
f 2742 96 98
f 2484 3246 3247
f 3170 3248 2484
f 3171 3249 3094
f 3096 126 128
f 122 3172 3173
f 2673 118 120
f 2488 3250 3251
f 3174 3252 2488
f 3175 3253 3096
f 3032 2675 138
f 2492 3254 3255
f 3176 3256 2492
f 3177 3257 3099
f 3102 160 162
f 156 158 3034
f 2496 3258 3259
f 3178 3260 2496
f 3179 3261 3102
f 174 176 3181
f 3182 3262 2547
f 3038 3263 3180
f 196 3186 3183
f 2760 192 194
f 3185 3264 2551
f 3042 3265 3186
f 3106 3266 222
f 2989 2988 3188
f 2765 3267 3189
f 3190 3268 222
f 3053 234 236
f 232 3191 3192
f 2689 222 224
f 3195 3193 2444
f 3196 3269 3053
f 3056 254 256
f 2994 2623 248
f 3199 3197 2448
f 3200 3270 3056
f 3059 272 274
f 266 268 3057
f 3203 3201 2452
f 3204 3271 3059
f 3061 288 290
f 284 286 3205
f 2627 278 280
f 3208 3206 2456
f 3209 3272 3061
f 306 308 3065
f 2629 300 302
f 2629 296 298
f 3212 3210 2460
f 3213 3273 3065
f 326 328 3000
f 316 318 2631
f 3000 3274 2420
f 3214 3275 3000
f 346 348 3002
f 340 3133 2576
f 3002 3276 2424
f 3215 3277 3002
f 356 358 2578
f 3003 3278 2428
f 3216 3279 3003
f 380 382 3008
f 3008 3280 2432
f 3217 3281 3008
f 3147 400 402
f 398 3147 3218
f 2582 392 394
f 2523 3282 3283
f 3220 3284 2523
f 3221 3285 3147
f 3151 416 418
f 414 3149 2720
f 2527 3286 3287
f 3222 3288 2527
f 3223 3289 3151
f 434 436 3080
f 2722 428 430
f 2722 424 426
f 3226 3224 2468
f 3227 3290 3080
f 12 3156 3157
f 3230 3228 2472
f 3231 3291 3082
f 30 32 3085
f 3234 3232 2476
f 3235 3292 3085
f 52 54 3088
f 2661 44 46
f 3238 3236 2480
f 3239 3293 3088
f 3165 3294 66
f 3294 2663 64
f 2663 58 60
f 2535 3295 3296
f 3240 3297 2535
f 3241 3298 3167
f 80 82 2740
f 2539 3299 3300
f 3242 3301 2539
f 3243 3302 3168
f 104 106 3094
f 102 3245 2742
f 3248 3246 2484
f 3249 3303 3094
f 3096 124 126
f 120 3173 2673
f 2673 114 116
f 3252 3250 2488
f 3253 3304 3096
f 3099 144 146
f 140 142 3099
f 3256 3254 2492
f 3257 3305 3099
f 162 164 3102
f 2677 152 154
f 3260 3258 2496
f 3261 3306 3102
f 3180 178 180
f 2679 172 174
f 2547 3307 3308
f 3262 3309 2547
f 3263 3310 3180
f 194 196 3183
f 2760 190 192
f 2551 3311 3312
f 3264 3313 2551
f 3265 3314 3186
f 3266 3315 222
f 2765 3049 3267
f 3268 3316 222
f 236 238 3053
f 230 3192 2689
f 3053 3317 2444
f 3269 3318 3053
f 3056 252 254
f 2623 242 244
f 3056 3319 2448
f 3270 3320 3056
f 270 272 3059
f 2625 260 262
f 3059 3321 2452
f 3271 3322 3059
f 3123 3205 286
f 280 282 2627
f 3061 3323 2456
f 3272 3324 3061
f 308 310 3065
f 298 300 2629
f 3065 3325 2460
f 3273 3326 3065
f 318 320 2631
f 3275 3274 3000
f 342 344 3002
f 3277 3276 3002
f 364 366 3003
f 3279 3278 3003
f 2580 370 372
f 3281 3280 3008
f 3147 398 400
f 394 396 3219
f 3284 3282 2523
f 3285 3327 3147
f 414 416 3148
f 2720 408 410
f 3288 3286 2527
f 3289 3328 3151
f 436 438 3080
f 426 428 2722
f 3080 3329 2468
f 3290 3330 3080
f 3082 16 18
f 2657 1 4
f 3082 3331 2472
f 3291 3332 3082
f 34 36 3085
f 2659 22 24
f 3085 3333 2476
f 3292 3334 3085
f 46 48 3162
f 2661 40 42
f 3088 3335 2480
f 3293 3336 3088
f 64 66 3294
f 60 62 2663
f 3297 3295 2535
f 3298 3337 3167
f 3168 86 88
f 2740 76 78
f 3301 3299 2539
f 3302 3338 3168
f 102 104 3244
f 3094 3339 2484
f 3303 3340 3094
f 122 124 3096
f 2673 112 114
f 3096 3341 2488
f 3304 3342 3096
f 142 144 3099
f 2675 132 134
f 3099 3343 2492
f 3305 3344 3099
f 160 3102 3100
f 3102 3345 2496
f 3306 3346 3102
f 3103 3181 176
f 3309 3307 2547
f 3310 3347 3180
f 196 198 3186
f 2760 188 190
f 3313 3311 2551
f 3314 3348 3186
f 3349 3350 214
f 3350 3351 212
f 2762 210 212
f 2762 206 208
f 3315 3352 222
f 3316 3353 222
f 232 234 3053
f 3318 3317 3053
f 250 252 3056
f 3320 3319 3056
f 262 264 2625
f 3322 3321 3059
f 282 284 2627
f 3324 3323 3061
f 304 3063 2629
f 3326 3325 3065
f 3129 3000 2420
f 3135 3002 2424
f 3139 3003 2428
f 3143 3008 2432
f 3218 3219 396
f 2582 388 390
f 3147 3354 2523
f 3327 3355 3147
f 418 420 3151
f 2720 406 408
f 3151 3356 2527
f 3328 3357 3151
f 432 434 3152
f 3330 3329 3080
f 14 16 3082
f 3332 3331 3082
f 24 26 2659
f 3334 3333 3085
f 42 44 2661
f 3336 3335 3088
f 3167 70 72
f 62 64 2663
f 3167 3358 2535
f 3337 3359 3167
f 84 86 3090
f 3168 3360 2539
f 3338 3361 3168
f 2742 94 96
f 3340 3339 3094
f 116 118 2673
f 3342 3341 3096
f 134 136 2675
f 3344 3343 3099
f 2677 150 152
f 3346 3345 3102
f 180 182 3180
f 2679 168 170
f 3180 3362 2547
f 3347 3363 3180
f 198 200 3186
f 2760 186 188
f 3186 3364 2551
f 3348 3365 3186
f 3349 216 218
f 212 214 3350
f 208 210 2762
f 3366 3349 220
f 3352 3367 222
f 3353 2991 222
f 3194 3053 2444
f 3198 3056 2448
f 3202 3059 2452
f 3207 3061 2456
f 3211 3065 2460
f 348 350 3002
f 384 386 3008
f 390 392 2582
f 3355 3354 3147
f 410 412 2720
f 3357 3356 3151
f 3225 3080 2468
f 3229 3082 2472
f 3233 3085 2476
f 3237 3088 2480
f 68 70 3167
f 3359 3358 3167
f 88 90 3168
f 3361 3360 3168
f 3247 3094 2484
f 3251 3096 2488
f 3255 3099 2492
f 3259 3102 2496
f 170 172 2679
f 3363 3362 3180
f 194 3184 2760
f 3365 3364 3186
f 214 216 3349
f 2762 204 206
f 222 3368 3366
f 3367 3369 222
f 238 240 3053
f 274 276 3059
f 310 312 3065
f 366 368 3003
f 3283 3147 2523
f 3287 3151 2527
f 18 20 3082
f 54 56 3088
f 3296 3167 2535
f 3300 3168 2539
f 128 130 3096
f 164 166 3102
f 3308 3180 2547
f 3312 3186 2551
f 212 3351 2762
f 3369 3368 222
f 256 258 3056
f 328 330 3000
f 420 422 3151
f 36 38 3085
f 90 92 3168
f 146 148 3099
f 200 202 3186
f 220 222 3366
f 292 294 3061
f 438 440 3080
f 108 110 3094
f 218 220 3349
f 402 404 3147
f 182 184 3180
f 72 74 3167
f 3370 3371 3372
f 3373 3374 3375
f 3376 3377 3378
f 3379 3380 3381
f 3382 3383 3384
f 3385 3386 3387
f 3388 3389 3390
f 3391 3392 3393
f 3394 3395 3396
f 3397 3398 3399
f 3400 3401 3402
f 3403 3404 3405
f 3370 3406 3371
f 3373 3407 3374
f 3376 3408 3377
f 3379 3409 3380
f 3382 3410 3383
f 3385 3411 3386
f 3388 3412 3389
f 3391 3413 3392
f 3394 3414 3395
f 3397 3415 3398
f 3400 3416 3401
f 3403 3417 3404
f 3418 3419 3420
f 3421 3422 3423
f 3424 3425 3426
f 3372 3427 3370
f 3375 3428 3373
f 3378 3429 3376
f 3381 3430 3379
f 3431 3432 3433
f 3384 3434 3382
f 3387 3435 3385
f 3390 3436 3388
f 3393 3437 3391
f 3438 3439 3440
f 3396 3441 3394
f 3399 3442 3397
f 3402 3443 3400
f 3405 3444 3403
f 3418 3445 3419
f 3421 3446 3422
f 3424 3447 3425
f 3370 3448 3449
f 3427 3450 3370
f 3373 3451 3452
f 3428 3453 3373
f 3376 3454 3455
f 3429 3456 3376
f 3379 3457 3458
f 3430 3459 3379
f 3460 3461 3462
f 3431 3463 3432
f 3382 3464 3465
f 3434 3466 3382
f 3385 3467 3468
f 3435 3469 3385
f 3388 3470 3471
f 3436 3472 3388
f 3391 3473 3474
f 3437 3475 3391
f 3476 3477 3478
f 3438 3479 3439
f 3394 3480 3481
f 3441 3482 3394
f 3397 3483 3484
f 3442 3485 3397
f 3400 3486 3487
f 3443 3488 3400
f 3403 3489 3490
f 3444 3491 3403
f 3492 3493 3494
f 3495 3496 3497
f 3420 3498 3418
f 3423 3499 3421
f 3500 3501 3502
f 3426 3503 3424
f 3370 3504 3448
f 3450 3505 3370
f 3373 3506 3451
f 3453 3507 3373
f 3376 3508 3454
f 3456 3509 3376
f 3379 3510 3457
f 3459 3511 3379
f 3460 3512 3461
f 3433 3513 3431
f 3382 3514 3464
f 3466 3515 3382
f 3385 3516 3467
f 3469 3517 3385
f 3388 3518 3470
f 3472 3519 3388
f 3391 3520 3473
f 3475 3521 3391
f 3476 3522 3477
f 3440 3523 3438
f 3394 3524 3480
f 3482 3525 3394
f 3397 3526 3483
f 3485 3527 3397
f 3400 3528 3486
f 3488 3529 3400
f 3403 3530 3489
f 3491 3531 3403
f 3492 3532 3493
f 3495 3533 3496
f 3418 3534 3535
f 3498 3536 3418
f 3421 3537 3538
f 3499 3539 3421
f 3500 3540 3501
f 3541 3542 3543
f 3424 3544 3545
f 3503 3546 3424
f 3449 3547 3370
f 3505 3548 3370
f 3452 3549 3373
f 3507 3550 3373
f 3455 3551 3376
f 3509 3552 3376
f 3458 3553 3379
f 3511 3554 3379
f 3462 3555 3460
f 3431 3556 3557
f 3513 3558 3431
f 3465 3559 3382
f 3515 3560 3382
f 3468 3561 3385
f 3517 3562 3385
f 3471 3563 3388
f 3519 3564 3388
f 3474 3565 3391
f 3521 3566 3391
f 3478 3567 3476
f 3438 3568 3569
f 3523 3570 3438
f 3481 3571 3394
f 3525 3572 3394
f 3484 3573 3397
f 3527 3574 3397
f 3487 3575 3400
f 3529 3576 3400
f 3490 3577 3403
f 3531 3578 3403
f 3494 3579 3492
f 3497 3580 3495
f 3418 3581 3534
f 3536 3582 3418
f 3421 3583 3537
f 3539 3584 3421
f 3502 3585 3500
f 3541 3586 3542
f 3424 3587 3544
f 3546 3588 3424
f 3547 3589 3370
f 3370 3590 3406
f 3549 3591 3373
f 3373 3592 3407
f 3551 3593 3376
f 3376 3594 3408
f 3553 3595 3379
f 3379 3596 3409
f 3460 3597 3598
f 3555 3599 3460
f 3431 3600 3556
f 3558 3601 3431
f 3559 3602 3382
f 3382 3603 3410
f 3561 3604 3385
f 3385 3605 3411
f 3563 3606 3388
f 3388 3607 3412
f 3565 3608 3391
f 3391 3609 3413
f 3476 3610 3611
f 3567 3612 3476
f 3438 3613 3568
f 3570 3614 3438
f 3571 3615 3394
f 3394 3616 3414
f 3573 3617 3397
f 3397 3618 3415
f 3575 3619 3400
f 3400 3620 3416
f 3577 3621 3403
f 3403 3622 3417
f 3492 3623 3624
f 3579 3625 3492
f 3495 3626 3627
f 3580 3628 3495
f 3535 3629 3418
f 3582 3630 3418
f 3538 3631 3421
f 3584 3632 3421
f 3500 3633 3634
f 3585 3635 3500
f 3543 3636 3541
f 3545 3637 3424
f 3588 3638 3424
f 3548 3504 3370
f 3550 3506 3373
f 3552 3508 3376
f 3554 3510 3379
f 3460 3639 3597
f 3599 3640 3460
f 3557 3641 3431
f 3601 3642 3431
f 3560 3514 3382
f 3562 3516 3385
f 3564 3518 3388
f 3566 3520 3391
f 3476 3643 3610
f 3612 3644 3476
f 3569 3645 3438
f 3614 3646 3438
f 3572 3524 3394
f 3574 3526 3397
f 3576 3528 3400
f 3578 3530 3403
f 3492 3647 3623
f 3625 3648 3492
f 3495 3649 3626
f 3628 3650 3495
f 3629 3651 3418
f 3418 3652 3445
f 3631 3653 3421
f 3421 3654 3446
f 3655 3656 3657
f 3500 3658 3633
f 3635 3659 3500
f 3541 3660 3661
f 3636 3662 3541
f 3637 3663 3424
f 3424 3664 3447
f 3589 3665 3370
f 3591 3666 3373
f 3593 3667 3376
f 3595 3668 3379
f 3598 3669 3460
f 3640 3670 3460
f 3641 3671 3431
f 3431 3672 3463
f 3602 3673 3382
f 3604 3674 3385
f 3606 3675 3388
f 3608 3676 3391
f 3611 3677 3476
f 3644 3678 3476
f 3645 3679 3438
f 3438 3680 3479
f 3615 3681 3394
f 3617 3682 3397
f 3619 3683 3400
f 3621 3684 3403
f 3624 3685 3492
f 3648 3686 3492
f 3627 3687 3495
f 3650 3688 3495
f 3630 3581 3418
f 3632 3583 3421
f 3655 3689 3656
f 3634 3690 3500
f 3659 3691 3500
f 3541 3692 3660
f 3662 3693 3541
f 3638 3587 3424
f 3694 3695 3696
f 3665 3697 3370
f 3698 3699 3700
f 3666 3701 3373
f 3702 3703 3704
f 3667 3705 3376
f 3706 3707 3708
f 3668 3709 3379
f 3669 3710 3460
f 3460 3711 3512
f 3642 3600 3431
f 3712 3713 3714
f 3673 3715 3382
f 3716 3717 3718
f 3674 3719 3385
f 3720 3721 3722
f 3675 3723 3388
f 3724 3725 3726
f 3676 3727 3391
f 3677 3728 3476
f 3476 3729 3522
f 3646 3613 3438
f 3730 3731 3732
f 3681 3733 3394
f 3734 3735 3736
f 3682 3737 3397
f 3738 3739 3740
f 3683 3741 3400
f 3742 3743 3744
f 3684 3745 3403
f 3685 3746 3492
f 3492 3747 3532
f 3687 3748 3495
f 3495 3749 3533
f 3651 3750 3418
f 3653 3751 3421
f 3752 3753 3754
f 3657 3755 3655
f 3690 3756 3500
f 3500 3757 3540
f 3661 3758 3541
f 3693 3759 3541
f 3663 3760 3424
f 3694 3761 3695
f 3694 3762 3763
f 3694 3370 3764
f 3697 3765 3370
f 3698 3766 3699
f 3698 3767 3768
f 3698 3373 3769
f 3701 3770 3373
f 3702 3771 3703
f 3702 3772 3773
f 3702 3376 3774
f 3705 3775 3376
f 3706 3776 3707
f 3706 3777 3778
f 3706 3379 3779
f 3709 3780 3379
f 3670 3639 3460
f 3671 3781 3431
f 3712 3782 3713
f 3712 3783 3784
f 3712 3382 3785
f 3715 3786 3382
f 3716 3787 3717
f 3716 3788 3789
f 3716 3385 3790
f 3719 3791 3385
f 3720 3792 3721
f 3720 3793 3794
f 3720 3388 3795
f 3723 3796 3388
f 3724 3797 3725
f 3724 3798 3799
f 3724 3391 3800
f 3727 3801 3391
f 3678 3643 3476
f 3679 3802 3438
f 3730 3803 3731
f 3730 3804 3805
f 3730 3394 3806
f 3733 3807 3394
f 3734 3808 3735
f 3734 3809 3810
f 3734 3397 3811
f 3737 3812 3397
f 3738 3813 3739
f 3738 3814 3815
f 3738 3400 3816
f 3741 3817 3400
f 3742 3818 3743
f 3742 3819 3820
f 3742 3403 3821
f 3745 3822 3403
f 3686 3647 3492
f 3688 3649 3495
f 3823 3824 3825
f 3750 3826 3418
f 3827 3828 3829
f 3751 3830 3421
f 3754 3831 3752
f 3655 3832 3833
f 3755 3834 3655
f 3691 3658 3500
f 3758 3835 3541
f 3541 3836 3586
f 3837 3838 3839
f 3760 3840 3424
f 3694 3841 3761
f 3764 3762 3694
f 3370 3694 3590
f 3698 3842 3766
f 3769 3767 3698
f 3373 3698 3592
f 3702 3843 3771
f 3774 3772 3702
f 3376 3702 3594
f 3706 3844 3776
f 3779 3777 3706
f 3379 3706 3596
f 3710 3845 3460
f 3846 3847 3848
f 3781 3849 3431
f 3712 3850 3782
f 3785 3783 3712
f 3382 3712 3603
f 3716 3851 3787
f 3790 3788 3716
f 3385 3716 3605
f 3720 3852 3792
f 3795 3793 3720
f 3388 3720 3607
f 3724 3853 3797
f 3800 3798 3724
f 3391 3724 3609
f 3728 3854 3476
f 3855 3856 3857
f 3802 3858 3438
f 3730 3859 3803
f 3806 3804 3730
f 3394 3730 3616
f 3734 3860 3808
f 3811 3809 3734
f 3397 3734 3618
f 3738 3861 3813
f 3816 3814 3738
f 3400 3738 3620
f 3742 3862 3818
f 3821 3819 3742
f 3403 3742 3622
f 3746 3863 3492
f 3748 3864 3495
f 3823 3865 3824
f 3823 3866 3867
f 3823 3418 3868
f 3826 3869 3418
f 3827 3870 3828
f 3827 3871 3872
f 3827 3421 3873
f 3830 3874 3421
f 3752 3875 3753
f 3655 3876 3832
f 3834 3877 3655
f 3756 3878 3500
f 3759 3692 3541
f 3837 3879 3838
f 3837 3880 3881
f 3837 3424 3882
f 3840 3883 3424
f 3763 3841 3694
f 3765 3884 3370
f 3885 3886 3887
f 3768 3842 3698
f 3770 3888 3373
f 3889 3890 3891
f 3773 3843 3702
f 3775 3892 3376
f 3893 3894 3895
f 3778 3844 3706
f 3780 3896 3379
f 3897 3898 3899
f 3900 3901 3902
f 3845 3903 3460
f 3846 3904 3847
f 3846 3905 3906
f 3846 3431 3907
f 3849 3908 3431
f 3784 3850 3712
f 3786 3909 3382
f 3910 3911 3912
f 3789 3851 3716
f 3791 3913 3385
f 3914 3915 3916
f 3794 3852 3720
f 3796 3917 3388
f 3918 3919 3920
f 3799 3853 3724
f 3801 3921 3391
f 3922 3923 3924
f 3925 3926 3927
f 3854 3928 3476
f 3855 3929 3856
f 3855 3930 3931
f 3855 3438 3932
f 3858 3933 3438
f 3805 3859 3730
f 3807 3934 3394
f 3935 3936 3937
f 3810 3860 3734
f 3812 3938 3397
f 3939 3940 3941
f 3815 3861 3738
f 3817 3942 3400
f 3943 3944 3945
f 3820 3862 3742
f 3822 3946 3403
f 3947 3948 3949
f 3950 3951 3952
f 3863 3953 3492
f 3954 3955 3956
f 3864 3957 3495
f 3823 3958 3865
f 3868 3866 3823
f 3418 3823 3652
f 3827 3959 3870
f 3873 3871 3827
f 3421 3827 3654
f 3752 3960 3875
f 3752 3961 3962
f 3833 3963 3655
f 3877 3964 3655
f 3965 3966 3967
f 3878 3968 3500
f 3835 3969 3541
f 3837 3970 3879
f 3882 3880 3837
f 3424 3837 3664
f 3884 3971 3370
f 3972 3973 3974
f 3972 3975 3976
f 3887 3977 3885
f 3888 3978 3373
f 3979 3980 3981
f 3979 3982 3983
f 3891 3984 3889
f 3892 3985 3376
f 3986 3987 3988
f 3986 3989 3990
f 3895 3991 3893
f 3896 3992 3379
f 3993 3994 3995
f 3993 3996 3997
f 3899 3998 3897
f 3900 3999 3901
f 3900 4000 4001
f 3900 3460 4002
f 3903 4003 3460
f 3846 4004 3904
f 3907 3905 3846
f 3431 3846 3672
f 3909 4005 3382
f 4006 4007 4008
f 4006 4009 4010
f 3912 4011 3910
f 3913 4012 3385
f 4013 4014 4015
f 4013 4016 4017
f 3916 4018 3914
f 3917 4019 3388
f 4020 4021 4022
f 4020 4023 4024
f 3920 4025 3918
f 3921 4026 3391
f 4027 4028 4029
f 4027 4030 4031
f 3924 4032 3922
f 3925 4033 3926
f 3925 4034 4035
f 3925 3476 4036
f 3928 4037 3476
f 3855 4038 3929
f 3932 3930 3855
f 3438 3855 3680
f 3934 4039 3394
f 4040 4041 4042
f 4040 4043 4044
f 3937 4045 3935
f 3938 4046 3397
f 4047 4048 4049
f 4047 4050 4051
f 3941 4052 3939
f 3942 4053 3400
f 4054 4055 4056
f 4054 4057 4058
f 3945 4059 3943
f 3946 4060 3403
f 4061 4062 4063
f 4061 4064 4065
f 3949 4066 3947
f 3950 4067 3951
f 3950 4068 4069
f 3950 3492 4070
f 3953 4071 3492
f 3954 4072 3955
f 3954 4073 4074
f 3954 3495 4075
f 3957 4076 3495
f 3867 3958 3823
f 3869 4077 3418
f 4078 4079 4080
f 3872 3959 3827
f 3874 4081 3421
f 4082 4083 4084
f 3831 4085 3752
f 3962 4086 3752
f 3963 4087 3655
f 3655 4088 3689
f 3965 4089 3966
f 3965 4090 4091
f 3965 3500 4092
f 3968 4093 3500
f 4094 4095 4096
f 3969 4097 3541
f 3881 3970 3837
f 3883 4098 3424
f 4099 4100 4101
f 3972 4102 3694
f 3974 4103 3972
f 3972 4104 3975
f 3976 3973 3972
f 3885 4105 3886
f 3979 4106 3698
f 3981 4107 3979
f 3979 4108 3982
f 3983 3980 3979
f 3889 4109 3890
f 3986 4110 3702
f 3988 4111 3986
f 3986 4112 3989
f 3990 3987 3986
f 3893 4113 3894
f 3993 4114 3706
f 3995 4115 3993
f 3993 4116 3996
f 3997 3994 3993
f 3897 4117 3898
f 3900 4118 3999
f 4002 4000 3900
f 3460 3900 3711
f 3906 4004 3846
f 3908 4119 3431
f 4120 4121 4122
f 4006 4123 3712
f 4008 4124 4006
f 4006 4125 4009
f 4010 4007 4006
f 3910 4126 3911
f 4013 4127 3716
f 4015 4128 4013
f 4013 4129 4016
f 4017 4014 4013
f 3914 4130 3915
f 4020 4131 3720
f 4022 4132 4020
f 4020 4133 4023
f 4024 4021 4020
f 3918 4134 3919
f 4027 4135 3724
f 4029 4136 4027
f 4027 4137 4030
f 4031 4028 4027
f 3922 4138 3923
f 3925 4139 4033
f 4036 4034 3925
f 3476 3925 3729
f 3931 4038 3855
f 3933 4140 3438
f 4141 4142 4143
f 4040 4144 3730
f 4042 4145 4040
f 4040 4146 4043
f 4044 4041 4040
f 3935 4147 3936
f 4047 4148 3734
f 4049 4149 4047
f 4047 4150 4050
f 4051 4048 4047
f 3939 4151 3940
f 4054 4152 3738
f 4056 4153 4054
f 4054 4154 4057
f 4058 4055 4054
f 3943 4155 3944
f 4061 4156 3742
f 4063 4157 4061
f 4061 4158 4064
f 4065 4062 4061
f 3947 4159 3948
f 3950 4160 4067
f 4070 4068 3950
f 3492 3950 3747
f 3954 4161 4072
f 4075 4073 3954
f 3495 3954 3749
f 4077 4162 3418
f 4163 4164 4165
f 4163 4166 4167
f 4080 4168 4078
f 4081 4169 3421
f 4170 4171 4172
f 4170 4173 4174
f 4084 4175 4082
f 3752 4176 3960
f 3752 4177 3961
f 3964 3876 3655
f 3965 4178 4089
f 4092 4090 3965
f 3500 3965 3757
f 4094 4179 4095
f 4094 4180 4181
f 4094 3541 4182
f 4097 4183 3541
f 4098 4184 3424
f 4185 4186 4187
f 4185 4188 4189
f 4101 4190 4099
f 1384 4191 4192
f 3972 4193 4102
f 4103 4194 3972
f 3972 4195 4104
f 3977 4196 3885
f 1392 4197 4198
f 3979 4199 4106
f 4107 4200 3979
f 3979 4201 4108
f 3984 4202 3889
f 1400 4203 4204
f 3986 4205 4110
f 4111 4206 3986
f 3986 4207 4112
f 3991 4208 3893
f 1408 4209 4210
f 3993 4211 4114
f 4115 4212 3993
f 3993 4213 4116
f 3998 4214 3897
f 4001 4118 3900
f 4003 4215 3460
f 4216 4217 4218
f 4119 4219 3431
f 4220 4221 4222
f 4220 4223 4224
f 4122 4225 4120
f 1431 4226 4227
f 4006 4228 4123
f 4124 4229 4006
f 4006 4230 4125
f 4011 4231 3910
f 1439 4232 4233
f 4013 4234 4127
f 4128 4235 4013
f 4013 4236 4129
f 4018 4237 3914
f 1446 4238 4239
f 4020 4240 4131
f 4132 4241 4020
f 4020 4242 4133
f 4025 4243 3918
f 1268 4244 4245
f 4027 4246 4135
f 4136 4247 4027
f 4027 4248 4137
f 4032 4249 3922
f 4035 4139 3925
f 4037 4250 3476
f 4251 4252 4253
f 4140 4254 3438
f 4255 4256 4257
f 4255 4258 4259
f 4143 4260 4141
f 1291 4261 4262
f 4040 4263 4144
f 4145 4264 4040
f 4040 4265 4146
f 4045 4266 3935
f 1299 4267 4268
f 4047 4269 4148
f 4149 4270 4047
f 4047 4271 4150
f 4052 4272 3939
f 1307 4273 4274
f 4054 4275 4152
f 4153 4276 4054
f 4054 4277 4154
f 4059 4278 3943
f 1315 4279 4280
f 4061 4281 4156
f 4157 4282 4061
f 4061 4283 4158
f 4066 4284 3947
f 4069 4160 3950
f 4071 4285 3492
f 4286 4287 4288
f 4074 4161 3954
f 4076 4289 3495
f 4290 4291 4292
f 4163 4293 3823
f 4165 4294 4163
f 4163 4295 4166
f 4167 4164 4163
f 4078 4296 4079
f 4170 4297 3827
f 4172 4298 4170
f 4170 4299 4173
f 4174 4171 4170
f 4082 4300 4083
f 3752 4301 4176
f 3752 4302 4177
f 4087 4303 3655
f 4091 4178 3965
f 4093 4304 3500
f 4305 4306 4307
f 4094 4308 4179
f 4182 4180 4094
f 3541 4094 3836
f 4185 4309 3837
f 4187 4310 4185
f 4185 4311 4188
f 4189 4186 4185
f 4099 4312 4100
f 4192 4313 1384
f 4313 4314 1384
f 1384 4315 4316
f 3972 4317 4193
f 4194 4317 3972
f 4318 4319 4195
f 4196 4320 3885
f 4198 4321 1392
f 4321 4322 1392
f 1392 4323 4324
f 3979 4325 4199
f 4200 4325 3979
f 4326 4327 4201
f 4202 4328 3889
f 4204 4329 1400
f 4329 4330 1400
f 1400 4331 4332
f 3986 4333 4205
f 4206 4333 3986
f 4334 4335 4207
f 4208 4336 3893
f 4210 4337 1408
f 4337 4338 1408
f 1408 4339 4340
f 3993 4341 4211
f 4212 4341 3993
f 4342 4343 4213
f 4214 4344 3897
f 4215 4345 3460
f 4346 4347 4348
f 4346 4349 4350
f 4218 4351 4216
f 4220 4352 3846
f 4222 4353 4220
f 4220 4354 4223
f 4224 4221 4220
f 4120 4355 4121
f 4227 4356 1431
f 4356 4357 1431
f 1431 4358 4359
f 4006 4360 4228
f 4229 4360 4006
f 4361 4362 4230
f 4231 4363 3910
f 4233 4364 1439
f 4364 4365 1439
f 1439 4366 4367
f 4013 4368 4234
f 4235 4368 4013
f 4369 4370 4236
f 4237 4371 3914
f 4239 4372 1446
f 4372 4373 1446
f 1446 4374 4375
f 4020 4376 4240
f 4241 4376 4020
f 4377 4378 4242
f 4243 4379 3918
f 4245 4380 1268
f 4380 4381 1268
f 1268 4382 4383
f 4027 4384 4246
f 4247 4384 4027
f 4385 4386 4248
f 4249 4387 3922
f 4250 4388 3476
f 4389 4390 4391
f 4389 4392 4393
f 4253 4394 4251
f 4255 4395 3855
f 4257 4396 4255
f 4255 4397 4258
f 4259 4256 4255
f 4141 4398 4142
f 4262 4399 1291
f 4399 4400 1291
f 1291 4401 4402
f 4040 4403 4263
f 4264 4403 4040
f 4404 4405 4265
f 4266 4406 3935
f 4268 4407 1299
f 4407 4408 1299
f 1299 4409 4410
f 4047 4411 4269
f 4270 4411 4047
f 4412 4413 4271
f 4272 4414 3939
f 4274 4415 1307
f 4415 4416 1307
f 1307 4417 4418
f 4054 4419 4275
f 4276 4419 4054
f 4420 4421 4277
f 4278 4422 3943
f 4280 4423 1315
f 4423 4424 1315
f 1315 4425 4426
f 4061 4427 4281
f 4282 4427 4061
f 4428 4429 4283
f 4284 4430 3947
f 4285 4431 3492
f 4432 4433 4434
f 4432 4435 4436
f 4288 4437 4286
f 4289 4438 3495
f 4439 4440 4441
f 4439 4442 4443
f 4292 4444 4290
f 1338 4445 4446
f 4163 4447 4293
f 4294 4448 4163
f 4163 4449 4295
f 4168 4450 4078
f 1346 4451 4452
f 4170 4453 4297
f 4298 4454 4170
f 4170 4455 4299
f 4175 4456 4082
f 4086 4301 3752
f 4303 4457 3655
f 4304 4458 3500
f 4459 4460 4461
f 4459 4462 4463
f 4307 4464 4305
f 4181 4308 4094
f 4183 4465 3541
f 4466 4467 4468
f 1377 4469 4470
f 4185 4471 4309
f 4310 4472 4185
f 4185 4473 4311
f 4190 4474 4099
f 4316 4191 1384
f 1384 4475 4476
f 4195 4477 4318
f 4195 3972 4477
f 4320 4478 3885
f 4324 4197 1392
f 1392 4479 4480
f 4201 4481 4326
f 4201 3979 4481
f 4328 4482 3889
f 4332 4203 1400
f 1400 4483 4484
f 4207 4485 4334
f 4207 3986 4485
f 4336 4486 3893
f 4340 4209 1408
f 1408 4487 4488
f 4213 4489 4342
f 4213 3993 4489
f 4344 4490 3897
f 4346 4491 3900
f 4348 4492 4346
f 4346 4493 4349
f 4350 4347 4346
f 4216 4494 4217
f 1423 4495 4496
f 4220 4497 4352
f 4353 4498 4220
f 4220 4499 4354
f 4225 4500 4120
f 4359 4226 1431
f 1431 4501 4502
f 4230 4503 4361
f 4230 4006 4503
f 4363 4504 3910
f 4367 4232 1439
f 1439 4505 4506
f 4236 4507 4369
f 4236 4013 4507
f 4371 4508 3914
f 4375 4238 1446
f 1446 4509 4510
f 4242 4511 4377
f 4242 4020 4511
f 4379 4512 3918
f 4383 4244 1268
f 1268 4513 4514
f 4248 4515 4385
f 4248 4027 4515
f 4387 4516 3922
f 4389 4517 3925
f 4391 4518 4389
f 4389 4519 4392
f 4393 4390 4389
f 4251 4520 4252
f 1284 4521 4522
f 4255 4523 4395
f 4396 4524 4255
f 4255 4525 4397
f 4260 4526 4141
f 4402 4261 1291
f 1291 4527 4528
f 4265 4529 4404
f 4265 4040 4529
f 4406 4530 3935
f 4410 4267 1299
f 1299 4531 4532
f 4271 4533 4412
f 4271 4047 4533
f 4414 4534 3939
f 4418 4273 1307
f 1307 4535 4536
f 4277 4537 4420
f 4277 4054 4537
f 4422 4538 3943
f 4426 4279 1315
f 1315 4539 4540
f 4283 4541 4428
f 4283 4061 4541
f 4430 4542 3947
f 4432 4543 3950
f 4434 4544 4432
f 4432 4545 4435
f 4436 4433 4432
f 4286 4546 4287
f 4439 4547 3954
f 4441 4548 4439
f 4439 4549 4442
f 4443 4440 4439
f 4290 4550 4291
f 4446 4551 1338
f 4551 4552 1338
f 1338 4553 4554
f 4163 4555 4447
f 4448 4555 4163
f 4556 4557 4449
f 4450 4558 4078
f 4452 4559 1346
f 4559 4560 1346
f 1346 4561 4562
f 4170 4563 4453
f 4454 4563 4170
f 4564 4565 4455
f 4456 4566 4082
f 3752 4567 4302
f 4457 4568 3655
f 4459 4569 3965
f 4461 4570 4459
f 4459 4571 4462
f 4463 4460 4459
f 4305 4572 4306
f 4465 4573 3541
f 4574 4575 4576
f 4574 4577 4578
f 4468 4579 4466
f 4470 4580 1377
f 4580 4581 1377
f 1377 4582 4583
f 4185 4584 4471
f 4472 4584 4185
f 4585 4586 4473
f 4474 4587 4099
f 4476 4315 1384
f 4588 4589 4475
f 3696 3972 3694
f 4590 4591 4319
f 4592 4593 4591
f 4594 4595 3885
f 4478 4596 3885
f 4480 4323 1392
f 4597 4598 4479
f 3700 3979 3698
f 4599 4600 4327
f 4601 4602 4600
f 4603 4604 3889
f 4482 4605 3889
f 4484 4331 1400
f 4606 4607 4483
f 3704 3986 3702
f 4608 4609 4335
f 4610 4611 4609
f 4612 4613 3893
f 4486 4614 3893
f 4488 4339 1408
f 1408 4615 4616
f 3708 3993 3706
f 4617 4618 4343
f 4619 4620 4618
f 4621 4622 3897
f 4490 4623 3897
f 1415 4624 4625
f 4346 4626 4491
f 4492 4627 4346
f 4346 4628 4493
f 4351 4629 4216
f 4496 4630 1423
f 4630 4631 1423
f 1423 4632 4633
f 4220 4634 4497
f 4498 4634 4220
f 4635 4636 4499
f 4500 4637 4120
f 4502 4358 1431
f 4638 4639 4501
f 3714 4006 3712
f 4640 4641 4362
f 4642 4643 4641
f 4644 4645 3910
f 4504 4646 3910
f 4506 4366 1439
f 1439 4647 4648
f 3718 4013 3716
f 4649 4650 4370
f 4651 4652 4650
f 4653 4654 3914
f 4508 4655 3914
f 4510 4374 1446
f 4656 4657 4509
f 3722 4020 3720
f 4658 4659 4378
f 4660 4661 4659
f 4662 4663 3918
f 4512 4664 3918
f 4514 4382 1268
f 4665 4666 4513
f 3726 4027 3724
f 4667 4668 4386
f 4669 4670 4668
f 4671 4672 3922
f 4516 4673 3922
f 1276 4674 4675
f 4389 4676 4517
f 4518 4677 4389
f 4389 4678 4519
f 4394 4679 4251
f 4522 4680 1284
f 4680 4681 1284
f 1284 4682 4683
f 4255 4684 4523
f 4524 4684 4255
f 4685 4686 4525
f 4526 4687 4141
f 4528 4401 1291
f 4688 4689 4527
f 3732 4040 3730
f 4690 4691 4405
f 4692 4693 4691
f 4694 4695 3935
f 4530 4696 3935
f 4532 4409 1299
f 4697 4698 4531
f 3736 4047 3734
f 4699 4700 4413
f 4701 4702 4700
f 4703 4704 3939
f 4534 4705 3939
f 4536 4417 1307
f 4706 4707 4535
f 3740 4054 3738
f 4708 4709 4421
f 4710 4711 4709
f 4712 4713 3943
f 4538 4714 3943
f 4540 4425 1315
f 1315 4715 4716
f 3744 4061 3742
f 4717 4718 4429
f 4719 4720 4718
f 4721 4722 3947
f 4542 4723 3947
f 1322 4724 4725
f 4432 4726 4543
f 4544 4727 4432
f 4432 4728 4545
f 4437 4729 4286
f 1330 4730 4731
f 4439 4732 4547
f 4548 4733 4439
f 4439 4734 4549
f 4444 4735 4290
f 4554 4445 1338
f 1338 4736 4737
f 4449 4738 4556
f 4449 4163 4738
f 4558 4739 4078
f 4562 4451 1346
f 1346 4740 4741
f 4455 4742 4564
f 4455 4170 4742
f 4566 4743 4082
f 3752 4744 4567
f 3655 4745 4088
f 1361 4746 4747
f 4459 4748 4569
f 4570 4749 4459
f 4459 4750 4571
f 4464 4751 4305
f 4574 4752 4094
f 4576 4753 4574
f 4574 4754 4577
f 4578 4575 4574
f 4466 4755 4467
f 4583 4469 1377
f 1377 4756 4757
f 4473 4758 4585
f 4473 4185 4758
f 4587 4759 4099
f 4475 1384 4588
f 4319 4318 4590
f 4591 4760 4592
f 4591 4590 4760
f 4761 3885 4593
f 4596 4762 3885
f 4479 1392 4597
f 4327 4326 4599
f 4600 4763 4601
f 4600 4599 4763
f 4764 3889 4602
f 4605 4765 3889
f 4483 1400 4606
f 4335 4334 4608
f 4609 4766 4610
f 4609 4608 4766
f 4767 3893 4611
f 4614 4768 3893
f 4616 4487 1408
f 4343 4342 4617
f 4618 4769 4619
f 4618 4617 4769
f 4770 3897 4620
f 4623 4771 3897
f 4625 4772 1415
f 4772 4773 1415
f 1415 4774 4775
f 4346 4776 4626
f 4627 4776 4346
f 4777 4778 4628
f 4629 4779 4216
f 4633 4495 1423
f 1423 4780 4781
f 4499 4782 4635
f 4499 4220 4782
f 4637 4783 4120
f 4501 1431 4638
f 4362 4361 4640
f 4641 4784 4642
f 4641 4640 4784
f 4785 3910 4643
f 4646 4786 3910
f 4648 4505 1439
f 4370 4369 4649
f 4650 4787 4651
f 4650 4649 4787
f 4788 3914 4652
f 4655 4789 3914
f 4509 1446 4656
f 4378 4377 4658
f 4659 4790 4660
f 4659 4658 4790
f 4791 3918 4661
f 4664 4792 3918
f 4513 1268 4665
f 4386 4385 4667
f 4668 4793 4669
f 4668 4667 4793
f 4794 3922 4670
f 4673 4795 3922
f 4675 4796 1276
f 4796 4797 1276
f 1276 4798 4799
f 4389 4800 4676
f 4677 4800 4389
f 4801 4802 4678
f 4679 4803 4251
f 4683 4521 1284
f 1284 4804 4805
f 4525 4806 4685
f 4525 4255 4806
f 4687 4807 4141
f 4527 1291 4688
f 4405 4404 4690
f 4691 4808 4692
f 4691 4690 4808
f 4809 3935 4693
f 4696 4810 3935
f 4531 1299 4697
f 4413 4412 4699
f 4700 4811 4701
f 4700 4699 4811
f 4812 3939 4702
f 4705 4813 3939
f 4535 1307 4706
f 4421 4420 4708
f 4709 4814 4710
f 4709 4708 4814
f 4815 3943 4711
f 4714 4816 3943
f 4716 4539 1315
f 4429 4428 4717
f 4718 4817 4719
f 4718 4717 4817
f 4818 3947 4720
f 4723 4819 3947
f 4725 4820 1322
f 4820 4821 1322
f 1322 4822 4823
f 4432 4824 4726
f 4727 4824 4432
f 4825 4826 4728
f 4729 4827 4286
f 4731 4828 1330
f 4828 4829 1330
f 1330 4830 4831
f 4439 4832 4732
f 4733 4832 4439
f 4833 4834 4734
f 4735 4835 4290
f 4737 4553 1338
f 4836 4837 4736
f 3825 4163 3823
f 4838 4839 4557
f 4840 4841 4839
f 4842 4843 4078
f 4739 4844 4078
f 4741 4561 1346
f 1346 4845 4846
f 3829 4170 3827
f 4847 4848 4565
f 4849 4850 4848
f 4851 4852 4082
f 4743 4853 4082
f 4085 4854 3752
f 4568 4855 3655
f 4747 4856 1361
f 4856 4857 1361
f 1361 4858 4859
f 4459 4860 4748
f 4749 4860 4459
f 4861 4862 4750
f 4751 4863 4305
f 1369 4864 4865
f 4574 4866 4752
f 4753 4867 4574
f 4574 4868 4754
f 4579 4869 4466
f 4757 4582 1377
f 1377 4870 4871
f 3839 4185 3837
f 4872 4873 4586
f 4874 4875 4873
f 4876 4877 4099
f 4759 4878 4099
f 4588 4879 4589
f 4593 4880 4761
f 4593 4592 4880
f 3885 4762 4594
f 3885 4761 4105
f 4881 4588 1385
f 4597 4882 4598
f 4602 4883 4764
f 4602 4601 4883
f 3889 4765 4603
f 3889 4764 4109
f 4884 1393 1394
f 4606 4885 4607
f 4611 4886 4767
f 4611 4610 4886
f 3893 4768 4612
f 3893 4767 4113
f 4615 4887 4616
f 4620 4888 4770
f 4620 4619 4888
f 3897 4771 4621
f 3897 4770 4117
f 4775 4624 1415
f 1415 4889 4890
f 4628 4891 4777
f 4628 4346 4891
f 4779 4892 4216
f 4781 4632 1423
f 4893 4894 4780
f 3848 4220 3846
f 4895 4896 4636
f 4897 4898 4896
f 4899 4900 4120
f 4783 4901 4120
f 4638 4902 4639
f 4643 4903 4785
f 4643 4642 4903
f 3910 4786 4644
f 3910 4785 4126
f 4904 4905 1432
f 4647 4906 4648
f 4652 4907 4788
f 4652 4651 4907
f 3914 4789 4653
f 3914 4788 4130
f 4908 1440 1441
f 4656 4909 4657
f 4661 4910 4791
f 4661 4660 4910
f 3918 4792 4662
f 3918 4791 4134
f 4665 4911 4666
f 4670 4912 4794
f 4670 4669 4912
f 3922 4795 4671
f 3922 4794 4138
f 4913 1269 1270
f 4799 4674 1276
f 1276 4914 4915
f 4678 4916 4801
f 4678 4389 4916
f 4803 4917 4251
f 4805 4682 1284
f 1284 4918 4919
f 3857 4255 3855
f 4920 4921 4686
f 4922 4923 4921
f 4924 4925 4141
f 4807 4926 4141
f 4688 4927 4689
f 4693 4928 4809
f 4693 4692 4928
f 3935 4810 4694
f 3935 4809 4147
f 4697 4929 4698
f 4702 4930 4812
f 4702 4701 4930
f 3939 4813 4703
f 3939 4812 4151
f 4706 4931 4707
f 4711 4932 4815
f 4711 4710 4932
f 3943 4816 4712
f 3943 4815 4155
f 4715 4933 4716
f 4720 4934 4818
f 4720 4719 4934
f 3947 4819 4721
f 3947 4818 4159
f 4823 4724 1322
f 1322 4935 4936
f 4728 4937 4825
f 4728 4432 4937
f 4827 4938 4286
f 4831 4730 1330
f 1330 4939 4940
f 4734 4941 4833
f 4734 4439 4941
f 4835 4942 4290
f 4736 1338 4836
f 4557 4556 4838
f 4839 4943 4840
f 4839 4838 4943
f 4944 4078 4841
f 4844 4945 4078
f 4846 4740 1346
f 4565 4564 4847
f 4848 4946 4849
f 4848 4847 4946
f 4947 4082 4850
f 4853 4948 4082
f 3752 4949 4744
f 4855 4950 3655
f 1351 4951 4952
f 4859 4746 1361
f 1361 4953 4954
f 4750 4955 4861
f 4750 4459 4955
f 4863 4956 4305
f 4865 4957 1369
f 4957 4958 1369
f 1369 4959 4960
f 4574 4961 4866
f 4867 4961 4574
f 4962 4963 4868
f 4869 4964 4466
f 4871 4756 1377
f 4586 4585 4872
f 4873 4965 4874
f 4873 4872 4965
f 4966 4099 4875
f 4878 4967 4099
f 4588 4968 4879
f 1386 4969 4881
f 4597 4970 4882
f 4330 4971 1394
f 1394 4971 4884
f 4606 4972 4885
f 4973 4974 1401
f 4615 4975 4887
f 4773 1412 1413
f 4976 1409 1410
f 4890 4774 1415
f 4977 4978 4889
f 3902 4346 3900
f 4979 4980 4778
f 4981 4982 4980
f 4983 4984 4216
f 4892 4985 4216
f 4780 1423 4893
f 4636 4635 4895
f 4896 4986 4897
f 4896 4895 4986
f 4987 4120 4898
f 4901 4988 4120
f 4638 4989 4902
f 1433 4365 4904
f 4638 1431 1432
f 4647 4990 4906
f 1441 4373 4908
f 4656 4991 4909
f 4381 4992 1448
f 4993 4656 1447
f 4665 4994 4911
f 4797 4995 1270
f 1270 4995 4913
f 4915 4798 1276
f 4996 4997 4914
f 3927 4389 3925
f 4998 4999 4802
f 5000 5001 4999
f 5002 5003 4251
f 4917 5004 4251
f 4919 4804 1284
f 4686 4685 4920
f 4921 5005 4922
f 4921 4920 5005
f 5006 4141 4923
f 4926 5007 4141
f 4688 5008 4927
f 4408 5009 1293
f 4697 5010 4929
f 5011 1300 1301
f 4706 5012 4931
f 4424 1311 1312
f 5013 5014 1308
f 4715 5015 4933
f 5016 1316 1317
f 4936 4822 1322
f 5017 5018 4935
f 3952 4432 3950
f 5019 5020 4826
f 5021 5022 5020
f 5023 5024 4286
f 4938 5025 4286
f 4940 4830 1330
f 5026 5027 4939
f 3956 4439 3954
f 5028 5029 4834
f 5030 5031 5029
f 5032 5033 4290
f 4942 5034 4290
f 4836 5035 4837
f 4841 5036 4944
f 4841 4840 5036
f 4078 4945 4842
f 4078 4944 4296
f 4845 5037 4846
f 4850 5038 4947
f 4850 4849 5038
f 4082 4948 4851
f 4082 4947 4300
f 3752 5039 4949
f 5039 3752 5040
f 3752 5041 4745
f 4952 5042 1351
f 5042 5043 1351
f 1351 5044 5045
f 4954 4858 1361
f 5046 5047 4953
f 3967 4459 3965
f 5048 5049 4862
f 5050 5051 5049
f 5052 5053 4305
f 4956 5054 4305
f 4960 4864 1369
f 1369 5055 5056
f 4868 5057 4962
f 4868 4574 5057
f 4964 5058 4466
f 4870 5059 4871
f 4875 5060 4966
f 4875 4874 5060
f 4099 4967 4876
f 4099 4966 4312
f 5061 1378 1379
f 4588 5062 4968
f 4594 5063 4595
f 5063 4588 5064
f 4322 1389 1390
f 4322 1387 1388
f 4322 4969 1386
f 4588 1384 1385
f 4597 5065 4970
f 4603 5066 4604
f 5066 4597 5067
f 4330 1395 1396
f 4884 4597 1393
f 4606 5068 4972
f 4612 5069 4613
f 5069 4606 5070
f 4338 1406 1407
f 1402 4338 4973
f 4615 5071 4975
f 4621 5072 4622
f 5072 4615 5073
f 4773 1411 1412
f 1410 4773 4976
f 4889 1415 4977
f 4778 4777 4979
f 4980 5074 4981
f 4980 4979 5074
f 5075 4216 4982
f 4985 5076 4216
f 4893 5077 4894
f 4898 5078 4987
f 4898 4897 5078
f 4120 4988 4899
f 4120 4987 4355
f 4357 1426 1427
f 4638 5079 4989
f 4644 5080 4645
f 5080 4638 5081
f 4365 1436 1437
f 4365 1433 1434
f 1432 4905 4638
f 4647 5082 4990
f 4653 5083 4654
f 5083 4647 5084
f 4373 1442 1443
f 4908 5085 1440
f 4656 5086 4991
f 4662 5087 4663
f 5087 4656 5088
f 1448 1449 4381
f 1448 4992 4993
f 4665 5089 4994
f 4671 5090 4672
f 5090 4665 5091
f 4797 1273 1274
f 4797 1271 1272
f 4913 4665 1269
f 4914 1276 4996
f 4802 4801 4998
f 4999 5092 5000
f 4999 4998 5092
f 5093 4251 5001
f 5004 5094 4251
f 4918 5095 4919
f 4923 5096 5006
f 4923 4922 5096
f 4141 5007 4924
f 4141 5006 4398
f 5097 1285 1286
f 4688 5098 5008
f 4694 5099 4695
f 5099 4688 5100
f 4408 1296 1297
f 1293 1294 4408
f 5101 4688 1292
f 4697 5102 5010
f 4703 5103 4704
f 5103 4697 5104
f 4416 1305 1306
f 4416 5105 1301
f 1301 5105 5011
f 4706 5106 5012
f 4712 5107 4713
f 5107 4706 5108
f 1312 1313 4424
f 1309 4424 5013
f 4706 1307 1308
f 4715 5109 5015
f 4721 5110 4722
f 5110 4715 5111
f 4821 1317 1318
f 1317 4821 5016
f 4935 1322 5017
f 4826 4825 5019
f 5020 5112 5021
f 5020 5019 5112
f 5113 4286 5022
f 5025 5114 4286
f 4939 1330 5026
f 4834 4833 5028
f 5029 5115 5030
f 5029 5028 5115
f 5116 4290 5031
f 5034 5117 4290
f 5118 1331 1332
f 4836 5119 5035
f 4560 1340 1341
f 4845 5120 5037
f 5121 1347 1348
f 1351 5122 5123
f 5040 5124 5039
f 3752 5125 5041
f 3752 1351 5126
f 5043 5126 1351
f 1351 5127 5044
f 5045 4951 1351
f 4953 1361 5046
f 4862 4861 5048
f 5049 5128 5050
f 5049 5048 5128
f 5129 4305 5051
f 5054 5130 4305
f 5056 4959 1369
f 5131 5132 5055
f 4096 4574 4094
f 5133 5134 4963
f 5135 5136 5134
f 5137 5138 4466
f 5058 5139 4466
f 4870 5140 5059
f 1379 4314 5061
f 4870 1377 1378
f 4588 5141 5062
f 5064 4595 5063
f 1388 1389 4322
f 1385 1386 4881
f 4597 5142 5065
f 5067 4604 5066
f 4330 1397 1399
f 1394 1395 4330
f 4606 5143 5068
f 5070 4613 5069
f 4338 1405 1406
f 4338 1403 1404
f 1401 1402 4973
f 4606 1400 1401
f 4615 5144 5071
f 5073 4622 5072
f 1413 1414 4773
f 4976 5145 1409
f 4977 5146 4978
f 4982 5147 5075
f 4982 4981 5147
f 4216 5076 4983
f 4216 5075 4494
f 5148 4977 1416
f 4893 5149 5077
f 1427 1428 4357
f 5150 1424 1425
f 4638 5151 5079
f 5081 4645 5080
f 4365 1435 1436
f 1432 1433 4904
f 4647 5152 5082
f 5084 4654 5083
f 4373 1444 1445
f 1441 1442 4373
f 4656 5153 5086
f 5088 4663 5087
f 4381 1266 1267
f 1449 1264 4381
f 4656 1446 1447
f 4665 5154 5089
f 5091 4672 5090
f 1272 1273 4797
f 4665 1268 1269
f 4996 5155 4997
f 5001 5156 5093
f 5001 5000 5156
f 4251 5094 5002
f 4251 5093 4520
f 5157 5158 1277
f 4918 5159 5095
f 1286 4400 5097
f 4688 5160 5098
f 5100 4695 5099
f 1297 1298 4408
f 1294 1295 4408
f 1293 5009 5101
f 4697 5161 5102
f 5104 4704 5103
f 4416 1304 1305
f 4416 1302 1303
f 5011 4697 1300
f 4706 5162 5106
f 5108 4713 5107
f 4424 1310 1311
f 1308 5014 4706
f 4715 5163 5109
f 5111 4722 5110
f 4821 1319 1320
f 5016 5164 1316
f 4715 1315 1316
f 5017 5165 5018
f 5022 5166 5113
f 5022 5021 5166
f 4286 5114 5023
f 4286 5113 4546
f 5167 5017 1323
f 5026 5168 5027
f 5031 5169 5116
f 5031 5030 5169
f 4290 5117 5032
f 4290 5116 4550
f 4552 5170 1332
f 1332 5170 5118
f 4836 5171 5119
f 4842 5172 4843
f 5172 4836 5173
f 4560 1343 1344
f 1341 1342 4560
f 5174 5175 1339
f 4845 5176 5120
f 4851 5177 4852
f 5177 4845 5178
f 1348 5179 5121
f 5123 5180 1351
f 5180 5179 1351
f 1351 5181 5182
f 4854 5183 3752
f 5126 5125 3752
f 5046 5184 5047
f 5051 5185 5129
f 5051 5050 5185
f 4305 5130 5052
f 4305 5129 4572
f 5186 1362 1363
f 5055 1369 5131
f 4963 4962 5133
f 5134 5187 5135
f 5134 5133 5187
f 5188 4466 5136
f 5139 5189 4466
f 4870 5190 5140
f 4876 5191 4877
f 5191 4870 5192
f 4314 1379 1380
f 1378 5193 4870
f 4588 5194 5141
f 1386 1387 4322
f 4597 5195 5142
f 4330 1398 1397
f 4597 1392 1393
f 4606 5196 5143
f 1404 1405 4338
f 1401 4974 4606
f 4615 5197 5144
f 1410 1411 4773
f 4615 1408 1409
f 4977 5198 5146
f 4631 1420 1421
f 4631 5199 1417
f 1417 5199 5148
f 4893 5200 5149
f 4899 5201 4900
f 5201 4893 5202
f 1428 1429 4357
f 4357 5203 1425
f 1425 5203 5150
f 4638 5204 5151
f 1434 1435 4365
f 4647 5205 5152
f 1443 1444 4373
f 4647 1439 1440
f 4656 5206 5153
f 4381 1265 1266
f 1447 1448 4993
f 4665 5207 5154
f 1270 1271 4797
f 4996 5208 5155
f 4681 1279 1280
f 1278 4681 5157
f 4918 5209 5159
f 4924 5210 4925
f 5210 4918 5211
f 4400 1288 1289
f 5097 5212 1285
f 4688 5213 5160
f 1295 1296 4408
f 4688 1291 1292
f 4697 5214 5161
f 1303 1304 4416
f 4697 1299 1300
f 4706 5215 5162
f 1313 1314 4424
f 1308 1309 5013
f 4715 5216 5163
f 1320 1321 4821
f 1316 5164 4715
f 5017 5217 5165
f 4829 5218 1324
f 1324 5218 5167
f 5026 5219 5168
f 5118 5026 1331
f 4836 5220 5171
f 5173 4843 5172
f 1342 1343 4560
f 1340 4560 5174
f 4836 1338 1339
f 4845 5221 5176
f 5178 4852 5177
f 5179 1349 1350
f 5121 5222 1347
f 5182 5122 1351
f 1351 5223 5224
f 1351 5225 5226
f 5183 5227 3752
f 1351 5228 5229
f 4857 1358 1359
f 4857 5230 1355
f 5231 5232 1354
f 5046 5233 5184
f 4958 1365 1366
f 4958 5234 1363
f 1363 5234 5186
f 5131 5235 5132
f 5136 5236 5188
f 5136 5135 5236
f 4466 5189 5137
f 4466 5188 4755
f 4870 5237 5190
f 5192 4877 5191
f 5061 5193 1378
f 5063 5194 4588
f 1390 1391 4322
f 5066 5195 4597
f 1396 1398 4330
f 5069 5196 4606
f 1402 1403 4338
f 5072 5197 4615
f 1409 5145 4615
f 4977 5238 5198
f 4983 5239 4984
f 5239 4977 5240
f 4631 1419 1420
f 1416 1417 5148
f 4893 5241 5200
f 5202 4900 5201
f 1429 1430 4357
f 5150 4893 1424
f 5080 5204 4638
f 1437 1438 4365
f 5083 5205 4647
f 1440 5085 4647
f 5087 5206 4656
f 1264 1265 4381
f 5090 5207 4665
f 1274 1275 4797
f 4996 5242 5208
f 5002 5243 5003
f 5243 4996 5244
f 1280 1281 4681
f 1277 1278 5157
f 4996 1276 1277
f 4918 5245 5209
f 5211 4925 5210
f 1289 1290 4400
f 1286 1287 4400
f 5099 5213 4688
f 1292 1293 5101
f 5103 5214 4697
f 1301 1302 4416
f 5107 5215 4706
f 1309 1310 4424
f 5110 5216 4715
f 1318 1319 4821
f 5017 5246 5217
f 5023 5247 5024
f 5247 5017 5248
f 1324 1325 4829
f 5017 1322 1323
f 5026 5249 5219
f 5032 5250 5033
f 5250 5026 5251
f 4552 1335 1336
f 1332 1333 4552
f 4836 5252 5220
f 1344 1345 4560
f 1339 5175 4836
f 4845 5253 5221
f 1348 1349 5179
f 4845 1346 1347
f 5224 5181 1351
f 1351 5254 5225
f 5226 5223 1351
f 1351 5255 5256
f 1351 3752 5257
f 5227 5258 3752
f 5229 5127 1351
f 3655 3752 4745
f 1351 5259 5260
f 4857 1357 1358
f 1355 1356 4857
f 1355 5230 5231
f 5046 5261 5233
f 5052 5262 5053
f 5262 5046 5263
f 1366 1367 4958
f 5186 5046 1362
f 5131 5264 5235
f 5265 5266 1370
f 4870 5267 5237
f 4314 1382 1383
f 1380 1381 4314
f 1391 1392 4322
f 1399 1400 4330
f 1407 1408 4338
f 1414 1415 4773
f 4977 5268 5238
f 5240 4984 5239
f 4631 1418 1419
f 4977 1415 1416
f 4893 5269 5241
f 1425 1426 4357
f 1438 1439 4365
f 1445 1446 4373
f 1267 1268 4381
f 1275 1276 4797
f 4996 5270 5242
f 5244 5003 5243
f 1281 1282 4681
f 1277 5158 4996
f 4918 5271 5245
f 1287 1288 4400
f 4918 1284 1285
f 1298 1299 4408
f 1306 1307 4416
f 1314 1315 4424
f 1321 1322 4821
f 5017 5272 5246
f 5248 5024 5247
f 4829 1326 1327
f 1323 1324 5167
f 5026 5273 5249
f 5251 5033 5250
f 4552 1334 1335
f 5026 1330 1331
f 5172 5252 4836
f 1339 1340 5174
f 5177 5253 4845
f 1347 5222 4845
f 1351 5274 5255
f 5256 5254 1351
f 5258 5257 3752
f 5260 5228 1351
f 1351 5275 5276
f 1356 1357 4857
f 5232 1353 1354
f 5232 1351 1352
f 5046 5277 5261
f 5263 5053 5262
f 1367 1368 4958
f 1363 1364 4958
f 5131 5278 5264
f 5137 5279 5138
f 5279 5131 5280
f 4581 1372 1373
f 1371 4581 5265
f 5131 1369 1370
f 5191 5267 4870
f 1381 1382 4314
f 4977 5281 5268
f 1417 1418 4631
f 5201 5269 4893
f 4893 1423 1424
f 4996 5282 5270
f 1278 1279 4681
f 5210 5271 4918
f 1285 5212 4918
f 5017 5283 5272
f 4829 1328 1329
f 1325 1326 4829
f 5026 5284 5273
f 1333 1334 4552
f 1345 1346 4560
f 1350 1351 5179
f 5257 5285 1351
f 5276 5259 1351
f 1351 5232 5286
f 1359 1360 4857
f 1352 1353 5232
f 5046 5287 5277
f 1364 1365 4958
f 5131 5288 5278
f 5280 5138 5279
f 4581 1375 1376
f 4581 1371 1372
f 1370 5266 5131
f 1383 1384 4314
f 5239 5281 4977
f 1421 1422 4631
f 1430 1431 4357
f 5243 5282 4996
f 1282 1283 4681
f 1290 1291 4400
f 5247 5283 5017
f 1327 1328 4829
f 5250 5284 5026
f 1336 1337 4552
f 5285 5274 1351
f 5286 5275 1351
f 1354 1355 5231
f 5262 5287 5046
f 5046 1361 1362
f 5131 5289 5288
f 4581 1374 1375
f 1370 1371 5265
f 1422 1423 4631
f 1283 1284 4681
f 1329 1330 4829
f 1337 1338 4552
f 1360 1361 4857
f 1368 1369 4958
f 5279 5289 5131
f 1373 1374 4581
f 1376 1377 4581
f 4821 2740 3091
f 5016 3091 3090
f 5164 3090 3168
f 3168 4715 5164
f 3090 5164 5016
f 3091 5016 4821
f 4829 2663 3294
f 5218 3294 3165
f 5167 3165 3167
f 3167 5017 5167
f 3165 5167 5218
f 3294 5218 4829
f 4552 2661 3162
f 5170 3162 3086
f 5118 3086 3088
f 3088 5026 5118
f 3086 5118 5170
f 3162 5170 4552
f 4560 2659 3019
f 5174 3019 3083
f 5175 3083 3085
f 3085 4836 5175
f 3083 5175 5174
f 3019 5174 4560
f 5179 2657 3157
f 5121 3157 3156
f 5222 3156 3082
f 3082 4845 5222
f 3156 5222 5121
f 3157 5121 5179
f 4857 2722 3153
f 5230 3153 3152
f 5231 3152 3080
f 3080 5232 5231
f 3152 5231 5230
f 3153 5230 4857
f 4958 2720 3149
f 5234 3149 3148
f 5186 3148 3151
f 3151 5046 5186
f 3148 5186 5234
f 3149 5234 4958
f 4581 2582 3219
f 5265 3219 3218
f 5266 3218 3147
f 3147 5131 5266
f 3218 5266 5265
f 3219 5265 4581
f 4314 2580 2948
f 5061 2948 3006
f 5193 3006 3008
f 3008 4870 5193
f 3006 5193 5061
f 2948 5061 4314
f 4322 2578 3072
f 4969 3072 3004
f 4881 3004 3003
f 3003 4588 4881
f 3004 4881 4969
f 3072 4969 4322
f 4330 2576 3133
f 4971 3133 3132
f 4884 3132 3002
f 3002 4597 4884
f 3132 4884 4971
f 3133 4971 4330
f 4338 2631 3067
f 4973 3067 3066
f 4974 3066 3000
f 3000 4606 4974
f 3066 4974 4973
f 3067 4973 4338
f 4773 2629 3063
f 4976 3063 3062
f 5145 3062 3065
f 3065 4615 5145
f 3062 5145 4976
f 3063 4976 4773
f 4631 2627 3205
f 5199 3205 3123
f 5148 3123 3061
f 3061 4977 5148
f 3123 5148 5199
f 3205 5199 4631
f 4357 2625 3057
f 5203 3057 3120
f 5150 3120 3059
f 3059 4893 5150
f 3120 5150 5203
f 3057 5203 4357
f 4365 2623 2994
f 4904 2994 3054
f 4905 3054 3056
f 3056 4638 4905
f 3054 4905 4904
f 2994 4904 4365
f 4373 2689 3192
f 4908 3192 3191
f 5085 3191 3053
f 3053 4647 5085
f 3191 5085 4908
f 3192 4908 4373
f 4381 2762 3351
f 4992 3351 3350
f 4993 3350 3349
f 3349 4656 4993
f 3350 4993 4992
f 3351 4992 4381
f 4797 2760 3184
f 4995 3184 3183
f 4913 3183 3186
f 3186 4665 4913
f 3183 4913 4995
f 3184 4995 4797
f 4681 2679 3181
f 5157 3181 3103
f 5158 3103 3180
f 3180 4996 5158
f 3103 5158 5157
f 3181 5157 4681
f 4400 2677 3034
f 5097 3034 3100
f 5212 3100 3102
f 3102 4918 5212
f 3100 5212 5097
f 3034 5097 4400
f 4408 2675 3032
f 5009 3032 3097
f 5101 3097 3099
f 3099 4688 5101
f 3097 5101 5009
f 3032 5009 4408
f 4416 2673 3173
f 5105 3173 3172
f 5011 3172 3096
f 3096 4697 5011
f 3172 5011 5105
f 3173 5105 4416
f 4424 2742 3245
f 5013 3245 3244
f 5014 3244 3094
f 3094 4706 5014
f 3244 5014 5013
f 3245 5013 4424
f 3814 2296 2299
f 3816 2297 2296
f 3400 1573 2297
f 4053 2410 1573
f 1573 3400 4053
f 2297 3816 3400
f 2296 3814 3816
f 2299 3815 3814
f 3942 2295 2410
f 3817 2212 2295
f 3741 2149 2212
f 3683 2071 2149
f 3619 2009 2071
f 3575 1823 2009
f 3487 1824 1823
f 3486 1923 1824
f 2008 1923 3486
f 3576 1922 2008
f 3529 1822 1922
f 3488 1725 1822
f 3443 1574 1725
f 3402 1575 1574
f 1645 1575 3402
f 2070 1645 3401
f 3416 3620 2370
f 1505 2370 3620
f 2604 1505 3738
f 4152 4275 2744
f 2744 2604 4152
f 3738 4152 2604
f 3620 3738 1505
f 2370 2070 3416
f 3401 3416 2070
f 3402 3401 1645
f 1574 3443 3402
f 1725 3488 3443
f 1822 3529 3488
f 1922 3576 3529
f 2008 3528 3576
f 3486 3528 2008
f 1824 3487 3486
f 1823 3575 3487
f 2009 3619 3575
f 2071 3683 3619
f 2149 3741 3683
f 2212 3817 3741
f 2295 3942 3817
f 2410 4053 3942
f 4419 2672 2744
f 4276 2543 2672
f 4153 2485 2543
f 4056 2486 2485
f 4055 2603 2486
f 4058 2743 2603
f 4057 2809 2743
f 4154 2860 2809
f 4277 2970 2860
f 4421 3030 2970
f 3093 3030 4421
f 3170 3093 4709
f 3248 3170 4711
f 3246 3248 3943
f 3247 3246 4713
f 5108 4706 3094
f 3094 3247 5108
f 4713 5108 3247
f 3943 4713 3246
f 4711 3943 3248
f 4709 4711 3170
f 4421 4709 3093
f 2970 4277 4421
f 2860 4154 4277
f 2809 4057 4154
f 2743 4058 4057
f 2603 4055 4058
f 2486 4056 4055
f 2485 4153 4056
f 2543 4276 4153
f 2672 4419 4276
f 2744 4275 4419
f 4274 2746 2606
f 4273 2810 2746
f 4418 2861 2810
f 4417 2914 2861
f 4536 2973 2914
f 4535 2971 2973
f 2972 2971 4535
f 3171 2972 4707
f 3249 3171 4931
f 3303 3249 5012
f 3340 3303 5106
f 3339 3340 5162
f 2484 3339 5215
f 4712 2745 2484
f 4712 4816 2605
f 2606 2673 4416
f 4416 4415 2606
f 2605 2745 4712
f 2484 5107 4712
f 5215 5107 2484
f 5162 5215 3339
f 5106 5162 3340
f 5012 5106 3303
f 4931 5012 3249
f 4707 4931 3171
f 4535 4707 2972
f 2973 4536 4535
f 2914 4417 4536
f 2861 4418 4417
f 2810 4273 4418
f 2746 4274 4273
f 2606 4415 4274
f 4714 2487 2605
f 4538 2213 2487
f 4422 1826 2213
f 4278 1576 1826
f 4059 1506 1576
f 1507 1506 4059
f 1646 1507 3945
f 1728 1646 3944
f 1925 1728 4155
f 2011 1925 4815
f 1825 2011 4932
f 4814 1726 1825
f 1727 1726 4814
f 1924 1727 4708
f 2010 1924 4420
f 2111 2010 4537
f 2150 2111 4054
f 2300 2150 3740
f 2371 2300 3739
f 2298 2371 3813
f 2299 2298 3861
f 3861 3815 2299
f 3813 3861 2298
f 3739 3813 2371
f 3740 3739 2300
f 4054 3740 2150
f 4537 4054 2111
f 4420 4537 2010
f 4708 4420 1924
f 4814 4708 1727
f 1825 4710 4814
f 4932 4710 1825
f 4815 4932 2011
f 4155 4815 1925
f 3944 4155 1728
f 3945 3944 1646
f 4059 3945 1507
f 1576 4278 4059
f 1826 4422 4278
f 2213 4538 4422
f 2487 4714 4538
f 2605 4816 4714
f 2302 2305 3810
f 3811 2303 2302
f 3397 1577 2303
f 4046 2411 1577
f 1577 3397 4046
f 2303 3811 3397
f 2302 3809 3811
f 3810 3809 2302
f 3938 2301 2411
f 3812 2214 2301
f 3737 2151 2214
f 3682 2073 2151
f 3617 2013 2073
f 3573 1828 2013
f 3484 1829 1828
f 3483 1927 1829
f 3526 2012 1927
f 3574 1926 2012
f 1827 1926 3574
f 3485 1729 1827
f 3485 3442 1578
f 1579 1578 3442
f 3398 1647 1579
f 3415 2072 1647
f 3618 2372 2072
f 3618 3734 1508
f 4148 2608 1508
f 4148 4269 2748
f 2748 2608 4148
f 1508 3734 4148
f 1508 2372 3618
f 2072 3415 3618
f 1647 3398 3415
f 1579 3399 3398
f 3442 3399 1579
f 1578 1729 3485
f 1827 3527 3485
f 3574 3527 1827
f 2012 3526 3574
f 1927 3483 3526
f 1829 3484 3483
f 1828 3573 3484
f 2013 3617 3573
f 2073 3682 3617
f 2151 3737 3682
f 2214 3812 3737
f 2301 3938 3812
f 2411 4046 3938
f 4411 2674 2748
f 4270 2544 2674
f 4149 2489 2544
f 4149 4049 2490
f 4048 2607 2490
f 4051 2747 2607
f 4050 2811 2747
f 4150 2862 2811
f 4271 2974 2862
f 4413 3031 2974
f 4700 3095 3031
f 3174 3095 4700
f 3252 3174 4702
f 3250 3252 3939
f 3251 3250 4704
f 5104 4697 3096
f 3096 3251 5104
f 4704 5104 3251
f 3939 4704 3250
f 4702 3939 3252
f 4700 4702 3174
f 3031 4413 4700
f 2974 4271 4413
f 2862 4150 4271
f 2811 4050 4150
f 2747 4051 4050
f 2607 4048 4051
f 2490 4049 4048
f 2490 2489 4149
f 2544 4270 4149
f 2674 4411 4270
f 2748 4269 4411
f 4268 2750 2610
f 4267 2812 2750
f 4410 2863 2812
f 4409 2915 2863
f 4532 2977 2915
f 4531 2975 2977
f 4698 2976 2975
f 4929 3175 2976
f 5010 3253 3175
f 5102 3304 3253
f 5161 3342 3304
f 5214 3341 3342
f 5103 2488 3341
f 4703 2749 2488
f 4703 4813 2609
f 2610 2675 4408
f 4408 4407 2610
f 2609 2749 4703
f 2488 5103 4703
f 3341 5214 5103
f 3342 5161 5214
f 3304 5102 5161
f 3253 5010 5102
f 3175 4929 5010
f 2976 4698 4929
f 2975 4531 4698
f 2977 4532 4531
f 2915 4409 4532
f 2863 4410 4409
f 2812 4267 4410
f 2750 4268 4267
f 2610 4407 4268
f 4705 2491 2609
f 2215 2491 4705
f 1831 2215 4534
f 4272 1580 1831
f 4052 1509 1580
f 3941 1510 1509
f 3940 1648 1510
f 4151 1732 1648
f 4812 1929 1732
f 4930 2015 1929
f 4701 1830 2015
f 4811 1730 1830
f 4699 1731 1730
f 4412 1928 1731
f 4533 2014 1928
f 4047 2112 2014
f 3736 2152 2112
f 3735 2306 2152
f 3808 2373 2306
f 3860 2304 2373
f 3860 3810 2305
f 2305 2304 3860
f 2373 3808 3860
f 2306 3735 3808
f 2152 3736 3735
f 2112 4047 3736
f 2014 4533 4047
f 1928 4412 4533
f 1731 4699 4412
f 1730 4811 4699
f 1830 4701 4811
f 2015 4930 4701
f 1929 4812 4930
f 1732 4151 4812
f 1648 3940 4151
f 1510 3941 3940
f 1509 4052 3941
f 1580 4272 4052
f 1831 4414 4272
f 4534 4414 1831
f 4705 4534 2215
f 2609 4813 4705
f 3804 2308 2311
f 3804 3806 2309
f 3394 1581 2309
f 4039 2412 1581
f 1581 3394 4039
f 2309 3806 3394
f 2309 2308 3804
f 2311 3805 3804
f 2307 2412 4039
f 2216 2307 3934
f 2153 2216 3807
f 2075 2153 3733
f 2017 2075 3681
f 1833 2017 3615
f 1834 1833 3571
f 1931 1834 3481
f 3524 2016 1931
f 3572 1930 2016
f 3572 3525 1832
f 1733 1832 3525
f 3441 1582 1733
f 1583 1582 3441
f 3395 1649 1583
f 3395 3414 2074
f 3616 2374 2074
f 3730 1511 2374
f 4144 2612 1511
f 4144 4263 2752
f 2752 2612 4144
f 1511 3730 4144
f 2374 3616 3730
f 2074 3414 3616
f 2074 1649 3395
f 1583 3396 3395
f 3441 3396 1583
f 1733 3482 3441
f 3525 3482 1733
f 1832 1930 3572
f 2016 3524 3572
f 1931 3480 3524
f 3481 3480 1931
f 3571 3481 1834
f 3615 3571 1833
f 3681 3615 2017
f 3733 3681 2075
f 3807 3733 2153
f 3934 3807 2216
f 4039 3934 2307
f 4403 2676 2752
f 2545 2676 4403
f 4145 2493 2545
f 4145 4042 2494
f 2611 2494 4042
f 2751 2611 4041
f 2813 2751 4044
f 2864 2813 4043
f 4265 2978 2864
f 4405 3033 2978
f 4691 3098 3033
f 4693 3176 3098
f 3935 3256 3176
f 4695 3254 3256
f 5100 3255 3254
f 5100 4688 3099
f 3099 3255 5100
f 3254 4695 5100
f 3256 3935 4695
f 3176 4693 3935
f 3098 4691 4693
f 3033 4405 4691
f 2978 4265 4405
f 2864 4146 4265
f 4043 4146 2864
f 4044 4043 2813
f 4041 4044 2751
f 4042 4041 2611
f 2494 2493 4145
f 2545 4264 4145
f 4403 4264 2545
f 2752 4263 4403
f 4399 4262 2754
f 4261 2814 2754
f 4402 2865 2814
f 4401 2916 2865
f 4528 2981 2916
f 4527 2979 2981
f 2980 2979 4527
f 3177 2980 4689
f 3257 3177 4927
f 3305 3257 5008
f 3344 3305 5098
f 3343 3344 5160
f 2492 3343 5213
f 2753 2492 5099
f 4694 4810 2613
f 2614 2677 4400
f 4400 4399 2614
f 2613 2753 4694
f 5099 4694 2753
f 5213 5099 2492
f 5160 5213 3343
f 5098 5160 3344
f 5008 5098 3305
f 4927 5008 3257
f 4689 4927 3177
f 4527 4689 2980
f 2981 4528 4527
f 2916 4401 4528
f 2865 4402 4401
f 2814 4261 4402
f 2754 4262 4261
f 2754 2614 4399
f 4696 2495 2613
f 4530 2217 2495
f 4406 1836 2217
f 4266 1584 1836
f 4045 1512 1584
f 1513 1512 4045
f 1650 1513 3937
f 1736 1650 3936
f 1933 1736 4147
f 4928 2019 1933
f 4928 4692 1835
f 4808 1734 1835
f 1735 1734 4808
f 1932 1735 4690
f 2018 1932 4404
f 2113 2018 4529
f 2154 2113 4040
f 2312 2154 3732
f 2375 2312 3731
f 2310 2375 3803
f 2311 2310 3859
f 3859 3805 2311
f 3803 3859 2310
f 3731 3803 2375
f 3732 3731 2312
f 4040 3732 2154
f 4529 4040 2113
f 4404 4529 2018
f 4690 4404 1932
f 4808 4690 1735
f 1835 4692 4808
f 1835 2019 4928
f 1933 4809 4928
f 4147 4809 1933
f 3936 4147 1736
f 3937 3936 1650
f 4045 3937 1513
f 1584 4266 4045
f 1836 4406 4266
f 2217 4530 4406
f 2495 4696 4530
f 2613 4810 4696
f 3930 2314 2317
f 3930 3932 2315
f 3438 1585 2315
f 4254 2413 1585
f 1585 3438 4254
f 2315 3932 3438
f 2315 2314 3930
f 2317 3931 3930
f 2313 2413 4254
f 2218 2313 4140
f 2155 2218 3933
f 2077 2155 3858
f 2021 2077 3802
f 1838 2021 3679
f 1839 1838 3645
f 3568 1935 1839
f 3613 2020 1935
f 3613 3646 1934
f 1837 1934 3646
f 3570 1737 1837
f 1586 1737 3570
f 3440 1587 1586
f 3440 3439 1651
f 3479 2076 1651
f 3479 3680 2376
f 1514 2376 3680
f 2616 1514 3855
f 4395 4523 2756
f 2756 2616 4395
f 3855 4395 2616
f 3680 3855 1514
f 2376 2076 3479
f 1651 3439 3479
f 1651 1587 3440
f 1586 3523 3440
f 3570 3523 1586
f 1837 3614 3570
f 3646 3614 1837
f 1934 2020 3613
f 1935 3568 3613
f 1839 3569 3568
f 3645 3569 1839
f 3679 3645 1838
f 3802 3679 2021
f 3858 3802 2077
f 3933 3858 2155
f 4140 3933 2218
f 4254 4140 2313
f 4684 2678 2756
f 4524 2546 2678
f 4396 2497 2546
f 4396 4257 2498
f 4256 2615 2498
f 2755 2615 4256
f 2815 2755 4259
f 4397 2866 2815
f 4525 2982 2866
f 4686 3035 2982
f 4921 3101 3035
f 4923 3178 3101
f 4141 3260 3178
f 4925 3258 3260
f 5211 3259 3258
f 5211 4918 3102
f 3102 3259 5211
f 3258 4925 5211
f 3260 4141 4925
f 3178 4923 4141
f 3101 4921 4923
f 3035 4686 4921
f 2982 4525 4686
f 2866 4397 4525
f 2815 4258 4397
f 4259 4258 2815
f 4256 4259 2755
f 2498 4257 4256
f 2498 2497 4396
f 2546 4524 4396
f 2678 4684 4524
f 2756 4523 4684
f 2758 2618 4680
f 2816 2758 4522
f 2867 2816 4521
f 2917 2867 4683
f 4805 2985 2917
f 4804 2983 2985
f 4919 2984 2983
f 5095 3179 2984
f 5159 3261 3179
f 5209 3306 3261
f 5245 3346 3306
f 5271 3345 3346
f 5210 2496 3345
f 4924 2757 2496
f 4924 5007 2617
f 2618 2679 4681
f 4681 4680 2618
f 2617 2757 4924
f 2496 5210 4924
f 3345 5271 5210
f 3346 5245 5271
f 3306 5209 5245
f 3261 5159 5209
f 3179 5095 5159
f 2984 4919 5095
f 2983 4804 4919
f 2985 4805 4804
f 2917 4682 4805
f 4683 4682 2917
f 4521 4683 2867
f 4522 4521 2816
f 4680 4522 2758
f 4926 2499 2617
f 2219 2499 4926
f 1841 2219 4807
f 1588 1841 4687
f 1515 1588 4526
f 4143 1516 1515
f 4142 1652 1516
f 4398 1740 1652
f 5006 1937 1740
f 5096 2023 1937
f 4922 1840 2023
f 1738 1840 4922
f 4920 1739 1738
f 4685 1936 1739
f 4806 2022 1936
f 4255 2114 2022
f 3857 2156 2114
f 3856 2318 2156
f 3929 2377 2318
f 4038 2316 2377
f 3931 2317 2316
f 2316 4038 3931
f 2377 3929 4038
f 2318 3856 3929
f 2156 3857 3856
f 2114 4255 3857
f 2022 4806 4255
f 1936 4685 4806
f 1739 4920 4685
f 1738 5005 4920
f 4922 5005 1738
f 2023 5096 4922
f 1937 5006 5096
f 1740 4398 5006
f 1652 4142 4398
f 1516 4143 4142
f 1515 4260 4143
f 4526 4260 1515
f 4687 4526 1588
f 4807 4687 1841
f 4926 4807 2219
f 2617 5007 4926
f 4034 2379 2382
f 4036 2380 2379
f 3476 1653 2380
f 3476 4388 2440
f 2440 1653 3476
f 2380 4036 3476
f 2379 4034 4036
f 2382 4035 4034
f 4250 2378 2440
f 4037 2319 2378
f 3928 2220 2319
f 3854 2116 2220
f 3728 2079 2116
f 3677 1939 2079
f 3611 1940 1939
f 3610 2025 1940
f 2078 2025 3610
f 3678 2024 2078
f 3678 3644 1938
f 3612 1842 1938
f 3567 1654 1842
f 3478 1655 1654
f 1741 1655 3478
f 2115 1741 3477
f 2414 2115 3522
f 3729 3925 1589
f 2681 1589 3925
f 4517 4676 2818
f 2818 2681 4517
f 3925 4517 2681
f 1589 2414 3729
f 3522 3729 2414
f 3477 3522 2115
f 3478 3477 1741
f 1654 3567 3478
f 1842 3612 3567
f 1938 3644 3612
f 1938 2024 3678
f 2078 3643 3678
f 3610 3643 2078
f 1940 3611 3610
f 1939 3677 3611
f 2079 3728 3677
f 2116 3854 3728
f 2220 3928 3854
f 2319 4037 3928
f 2378 4250 4037
f 2440 4388 4250
f 4800 2759 2818
f 4677 2619 2759
f 4518 2548 2619
f 4518 4391 2549
f 4390 2680 2549
f 4393 2817 2680
f 4392 2868 2817
f 4519 2918 2868
f 4678 3036 2918
f 4802 3104 3036
f 3182 3104 4802
f 3262 3182 4999
f 3309 3262 5001
f 3307 3309 4251
f 3308 3307 5003
f 5244 4996 3180
f 3180 3308 5244
f 5003 5244 3308
f 4251 5003 3307
f 5001 4251 3309
f 4999 5001 3262
f 4802 4999 3182
f 3036 4678 4802
f 2918 4519 4678
f 2868 4392 4519
f 2817 4393 4392
f 2680 4390 4393
f 2549 4391 4390
f 2549 2548 4518
f 2619 4677 4518
f 2759 4800 4677
f 2818 4676 4800
f 4675 2820 2683
f 4674 2869 2820
f 4799 2919 2869
f 4798 2986 2919
f 4915 3039 2986
f 4914 3037 3039
f 4997 3038 3037
f 5155 3263 3038
f 5208 3310 3263
f 5242 3347 3310
f 5270 3363 3347
f 5282 3362 3363
f 5243 2547 3362
f 5002 2819 2547
f 5002 5094 2682
f 2683 2760 4797
f 4797 4796 2683
f 2682 2819 5002
f 2547 5243 5002
f 3362 5282 5243
f 3363 5270 5282
f 3347 5242 5270
f 3310 5208 5242
f 3263 5155 5208
f 3038 4997 5155
f 3037 4914 4997
f 3039 4915 4914
f 2986 4798 4915
f 2919 4799 4798
f 2869 4674 4799
f 2820 4675 4674
f 2683 4796 4675
f 2550 2682 5094
f 2320 2550 5004
f 1942 2320 4917
f 1656 1942 4803
f 1590 1656 4679
f 4253 1591 1590
f 4252 1742 1591
f 4520 1845 1742
f 5093 2027 1845
f 5156 2081 2027
f 5000 1941 2081
f 1843 1941 5000
f 4998 1844 1843
f 4801 2026 1844
f 4916 2080 2026
f 4389 2157 2080
f 3927 2221 2157
f 3926 2383 2221
f 4033 2415 2383
f 4139 2381 2415
f 4139 4035 2382
f 2382 2381 4139
f 2415 4033 4139
f 2383 3926 4033
f 2221 3927 3926
f 2157 4389 3927
f 2080 4916 4389
f 2026 4801 4916
f 1844 4998 4801
f 1843 5092 4998
f 5000 5092 1843
f 2081 5156 5000
f 2027 5093 5156
f 1845 4520 5093
f 1742 4252 4520
f 1591 4253 4252
f 1590 4394 4253
f 4679 4394 1590
f 4803 4679 1656
f 4917 4803 1942
f 5004 4917 2320
f 5094 5004 2550
f 3798 2385 2388
f 3800 2386 2385
f 3391 1657 2386
f 4026 2441 1657
f 1657 3391 4026
f 2386 3800 3391
f 2385 3798 3800
f 2388 3799 3798
f 2384 2441 4026
f 3801 2321 2384
f 3727 2222 2321
f 3676 2118 2222
f 3608 2083 2118
f 3565 1944 2083
f 3474 1945 1944
f 3473 2029 1945
f 3520 2082 2029
f 3566 2028 2082
f 3521 1943 2028
f 3475 1846 1943
f 3437 1658 1846
f 3393 1659 1658
f 1743 1659 3393
f 3392 3413 2117
f 3609 2416 2117
f 3609 3724 1592
f 4135 2685 1592
f 4135 4246 2822
f 2822 2685 4135
f 1592 3724 4135
f 1592 2416 3609
f 2117 3413 3609
f 2117 1743 3392
f 3393 3392 1743
f 1658 3437 3393
f 1846 3475 3437
f 1943 3521 3475
f 2028 3566 3521
f 2082 3520 3566
f 2029 3473 3520
f 1945 3474 3473
f 1944 3565 3474
f 2083 3608 3565
f 2118 3676 3608
f 2222 3727 3676
f 2321 3801 3727
f 2384 3921 3801
f 4026 3921 2384
f 4384 2761 2822
f 4247 2620 2761
f 4136 2552 2620
f 4029 2553 2552
f 4028 2684 2553
f 4031 2821 2684
f 4030 2870 2821
f 4137 2920 2870
f 4248 3040 2920
f 4386 3105 3040
f 4668 3185 3105
f 4670 3264 3185
f 3922 3313 3264
f 4672 3311 3313
f 5091 3312 3311
f 5091 4665 3186
f 3186 3312 5091
f 3311 4672 5091
f 3313 3922 4672
f 3264 4670 3922
f 3185 4668 4670
f 3105 4386 4668
f 3040 4248 4386
f 2920 4137 4248
f 2870 4030 4137
f 2821 4031 4030
f 2684 4028 4031
f 2553 4029 4028
f 2552 4136 4029
f 2620 4247 4136
f 2761 4384 4247
f 2822 4246 4384
f 4245 2824 2687
f 4244 2871 2824
f 4383 2921 2871
f 4382 2987 2921
f 4514 3043 2987
f 4513 3041 3043
f 4666 3042 3041
f 4911 3265 3042
f 4994 3314 3265
f 5089 3348 3314
f 5154 3365 3348
f 5207 3364 3365
f 5090 2551 3364
f 4671 2823 2551
f 4671 4795 2686
f 2687 2762 4381
f 4381 4380 2687
f 2686 2823 4671
f 2551 5090 4671
f 3364 5207 5090
f 3365 5154 5207
f 3348 5089 5154
f 3314 4994 5089
f 3265 4911 4994
f 3042 4666 4911
f 3041 4513 4666
f 3043 4514 4513
f 2987 4382 4514
f 2921 4383 4382
f 2871 4244 4383
f 2824 4245 4244
f 2687 4380 4245
f 4673 2554 2686
f 4516 2322 2554
f 4387 1947 2322
f 4249 1660 1947
f 4032 1593 1660
f 1594 1593 4032
f 1744 1594 3924
f 1849 1744 3923
f 2031 1849 4138
f 4912 2085 2031
f 4669 1946 2085
f 4793 1847 1946
f 4667 1848 1847
f 4385 2030 1848
f 4515 2084 2030
f 4027 2158 2084
f 3726 2223 2158
f 3725 2389 2223
f 3797 2417 2389
f 3853 2387 2417
f 3799 2388 2387
f 2387 3853 3799
f 2417 3797 3853
f 2389 3725 3797
f 2223 3726 3725
f 2158 4027 3726
f 2084 4515 4027
f 2030 4385 4515
f 1848 4667 4385
f 1847 4793 4667
f 1946 4669 4793
f 2085 4912 4669
f 2031 4794 4912
f 4138 4794 2031
f 3923 4138 1849
f 3924 3923 1744
f 4032 3924 1594
f 1660 4249 4032
f 1947 4387 4249
f 2322 4516 4387
f 2554 4673 4516
f 2686 4795 4673
f 3793 2878 2877
f 3795 2764 2878
f 3388 2159 2764
f 4019 2875 2159
f 2159 3388 4019
f 2764 3795 3388
f 2878 3793 3795
f 2877 3794 3793
f 3917 2763 2875
f 3796 2688 2763
f 3723 2621 2688
f 3675 2501 2621
f 3606 2443 2501
f 3563 2391 2443
f 3471 2392 2391
f 3470 2419 2392
f 2442 2419 3470
f 3564 2418 2442
f 3519 2390 2418
f 3472 2323 2390
f 3436 2160 2323
f 3390 2161 2160
f 2224 2161 3390
f 2500 2224 3389
f 2827 2500 3412
f 3607 3720 2923
f 3046 2923 3720
f 4131 4240 3045
f 3045 3046 4131
f 3720 4131 3046
f 2923 2827 3607
f 3412 3607 2827
f 3389 3412 2500
f 3390 3389 2224
f 2160 3436 3390
f 2323 3472 3436
f 2390 3519 3472
f 2418 3564 3519
f 2442 3518 3564
f 3470 3518 2442
f 2392 3471 3470
f 2391 3563 3471
f 2443 3606 3563
f 2501 3675 3606
f 2621 3723 3675
f 2688 3796 3723
f 2763 3917 3796
f 2875 4019 3917
f 4376 2874 3045
f 4241 2825 2874
f 4132 2826 2825
f 4022 2872 2826
f 4021 2873 2872
f 4024 2922 2873
f 4023 3044 2922
f 4133 3106 3044
f 4242 3266 3106
f 4378 3315 3266
f 3352 3315 4378
f 3367 3352 4659
f 3369 3367 4661
f 3368 3369 3918
f 3366 3368 4663
f 5088 4656 3349
f 3349 3366 5088
f 4663 5088 3366
f 3918 4663 3368
f 4661 3918 3369
f 4659 4661 3367
f 4378 4659 3352
f 3266 4242 4378
f 3106 4133 4242
f 3044 4023 4133
f 2922 4024 4023
f 2873 4021 4024
f 2872 4022 4021
f 2826 4132 4022
f 2825 4241 4132
f 2874 4376 4241
f 3045 4240 4376
f 4239 2766 2690
f 4238 2829 2766
f 4375 2880 2829
f 4374 2924 2880
f 4510 2992 2924
f 4509 3051 2992
f 3115 3051 4509
f 3190 3115 4657
f 3268 3190 4909
f 3316 3268 4991
f 3353 3316 5086
f 2991 3353 5153
f 2765 2991 5206
f 4662 2989 2765
f 4662 4792 2990
f 2690 2689 4373
f 4373 4372 2690
f 2990 2989 4662
f 2765 5087 4662
f 5206 5087 2765
f 5153 5206 2991
f 5086 5153 3353
f 4991 5086 3316
f 4909 4991 3268
f 4657 4909 3190
f 4509 4657 3115
f 2992 4510 4509
f 2924 4374 4510
f 2880 4375 4374
f 2829 4238 4375
f 2766 4239 4238
f 2690 4372 4239
f 4664 3108 2990
f 4664 4512 3109
f 4379 3187 3109
f 4243 3107 3187
f 4025 3110 3107
f 3111 3110 4025
f 3048 3111 3920
f 3047 3048 3919
f 2988 3047 4134
f 3188 2988 4791
f 4660 3113 3188
f 4660 4790 3112
f 3049 3112 4790
f 3267 3049 4658
f 3189 3267 4377
f 3114 3189 4511
f 3050 3114 4020
f 2828 3050 3722
f 2879 2828 3721
f 2876 2879 3792
f 2877 2876 3852
f 3852 3794 2877
f 3792 3852 2876
f 3721 3792 2879
f 3722 3721 2828
f 4020 3722 3050
f 4511 4020 3114
f 4377 4511 3189
f 4658 4377 3267
f 4790 4658 3049
f 3112 3113 4660
f 3188 4910 4660
f 4791 4910 3188
f 4134 4791 2988
f 3919 4134 3047
f 3920 3919 3048
f 4025 3920 3111
f 3107 4243 4025
f 3187 4379 4243
f 3109 4512 4379
f 3109 3108 4664
f 2990 4792 4664
f 2226 2229 3789
f 3790 2227 2226
f 3385 1517 2227
f 4012 2393 1517
f 1517 3385 4012
f 2227 3790 3385
f 2226 3788 3790
f 3789 3788 2226
f 4012 3913 2225
f 3791 2162 2225
f 3719 2119 2162
f 3674 2033 2119
f 3604 1949 2033
f 3561 1746 1949
f 3468 1747 1746
f 3467 1851 1747
f 3516 1948 1851
f 3562 1850 1948
f 1745 1850 3562
f 3469 1661 1745
f 3469 3435 1518
f 1519 1518 3435
f 3386 1595 1519
f 3386 3411 2032
f 3605 2324 2032
f 3605 3716 1462
f 4127 2556 1462
f 4127 4234 2692
f 2692 2556 4127
f 1462 3716 4127
f 1462 2324 3605
f 2032 3411 3605
f 2032 1595 3386
f 1519 3387 3386
f 3435 3387 1519
f 1518 1661 3469
f 1745 3517 3469
f 3562 3517 1745
f 1948 3516 3562
f 1851 3467 3516
f 1747 3468 3467
f 1746 3561 3468
f 1949 3604 3561
f 2033 3674 3604
f 2119 3719 3674
f 2162 3791 3719
f 2225 3913 3791
f 2225 2393 4012
f 4368 2622 2692
f 4235 2502 2622
f 4128 2445 2502
f 4015 2446 2445
f 4014 2555 2446
f 4017 2691 2555
f 4016 2767 2691
f 4129 2830 2767
f 4236 2925 2830
f 4370 2993 2925
f 4650 3052 2993
f 3116 3052 4650
f 3195 3116 4652
f 3193 3195 3914
f 3194 3193 4654
f 5084 4647 3053
f 3053 3194 5084
f 4654 5084 3194
f 3914 4654 3193
f 4652 3914 3195
f 4650 4652 3116
f 2993 4370 4650
f 2925 4236 4370
f 2830 4129 4236
f 2767 4016 4129
f 2691 4017 4016
f 2555 4014 4017
f 2446 4015 4014
f 2445 4128 4015
f 2502 4235 4128
f 2622 4368 4235
f 2692 4234 4368
f 4233 2694 2558
f 4232 2768 2694
f 4367 2831 2768
f 4366 2881 2831
f 4506 2928 2881
f 4505 2926 2928
f 4648 2927 2926
f 4906 3117 2927
f 4990 3196 3117
f 5082 3269 3196
f 5152 3318 3269
f 5205 3317 3318
f 5083 2444 3317
f 4653 2693 2444
f 4653 4789 2557
f 2558 2623 4365
f 4365 4364 2558
f 2557 2693 4653
f 2444 5083 4653
f 3317 5205 5083
f 3318 5152 5205
f 3269 5082 5152
f 3196 4990 5082
f 3117 4906 4990
f 2927 4648 4906
f 2926 4505 4648
f 2928 4506 4505
f 2881 4366 4506
f 2831 4367 4366
f 2768 4232 4367
f 2694 4233 4232
f 2558 4364 4233
f 2447 2557 4789
f 4508 2163 2447
f 1749 2163 4508
f 4237 1520 1749
f 4018 1463 1520
f 3916 1464 1463
f 3915 1596 1464
f 4130 1664 1596
f 4788 1853 1664
f 4907 1951 1853
f 4651 1748 1951
f 4787 1662 1748
f 4649 1663 1662
f 4369 1852 1663
f 4507 1950 1852
f 4013 2086 1950
f 3718 2120 2086
f 3717 2230 2120
f 3787 2325 2230
f 3851 2228 2325
f 3851 3789 2229
f 2229 2228 3851
f 2325 3787 3851
f 2230 3717 3787
f 2120 3718 3717
f 2086 4013 3718
f 1950 4507 4013
f 1852 4369 4507
f 1663 4649 4369
f 1662 4787 4649
f 1748 4651 4787
f 1951 4907 4651
f 1853 4788 4907
f 1664 4130 4788
f 1596 3915 4130
f 1464 3916 3915
f 1463 4018 3916
f 1520 4237 4018
f 1749 4371 4237
f 4508 4371 1749
f 2447 4655 4508
f 4789 4655 2447
f 3783 2232 2235
f 3785 2233 2232
f 3382 1521 2233
f 4005 2394 1521
f 1521 3382 4005
f 2233 3785 3382
f 2232 3783 3785
f 2235 3784 3783
f 2231 2394 4005
f 2164 2231 3909
f 2121 2164 3786
f 2035 2121 3715
f 1953 2035 3673
f 1751 1953 3602
f 1752 1751 3559
f 1855 1752 3465
f 3514 1952 1855
f 1854 1952 3514
f 1750 1854 3560
f 1665 1750 3515
f 3434 1522 1665
f 3434 3384 1523
f 3383 1597 1523
f 3410 2034 1597
f 2034 3410 3603
f 3712 1465 2326
f 4123 2560 1465
f 4123 4228 2696
f 2696 2560 4123
f 1465 3712 4123
f 2326 3603 3712
f 3603 2326 2034
f 1597 3383 3410
f 1523 3384 3383
f 1523 1522 3434
f 1665 3466 3434
f 3515 3466 1665
f 3560 3515 1750
f 3514 3560 1854
f 1855 3464 3514
f 3465 3464 1855
f 3559 3465 1752
f 3602 3559 1751
f 3673 3602 1953
f 3715 3673 2035
f 3786 3715 2121
f 3909 3786 2164
f 4005 3909 2231
f 4360 2624 2696
f 2503 2624 4360
f 2449 2503 4229
f 2450 2449 4124
f 2559 2450 4008
f 2695 2559 4007
f 2769 2695 4010
f 2832 2769 4009
f 4230 2929 2832
f 4362 2995 2929
f 4641 3055 2995
f 4643 3118 3055
f 3910 3199 3118
f 4645 3197 3199
f 5081 3198 3197
f 5081 4638 3056
f 3056 3198 5081
f 3197 4645 5081
f 3199 3910 4645
f 3118 4643 3910
f 3055 4641 4643
f 2995 4362 4641
f 2929 4230 4362
f 2832 4125 4230
f 4009 4125 2832
f 4010 4009 2769
f 4007 4010 2695
f 4008 4007 2559
f 4124 4008 2450
f 4229 4124 2449
f 4360 4229 2503
f 2696 4228 4360
f 4227 2698 2562
f 4226 2770 2698
f 4359 2833 2770
f 4358 2882 2833
f 4502 2932 2882
f 4501 2930 2932
f 2931 2930 4501
f 3119 2931 4639
f 3200 3119 4902
f 3270 3200 4989
f 3320 3270 5079
f 3319 3320 5151
f 2448 3319 5204
f 2697 2448 5080
f 4644 4786 2561
f 2562 2625 4357
f 4357 4356 2562
f 2561 2697 4644
f 5080 4644 2697
f 5204 5080 2448
f 5151 5204 3319
f 5079 5151 3320
f 4989 5079 3270
f 4902 4989 3200
f 4639 4902 3119
f 4501 4639 2931
f 2932 4502 4501
f 2882 4358 4502
f 2833 4359 4358
f 2770 4226 4359
f 2698 4227 4226
f 2562 4356 4227
f 4646 2451 2561
f 4504 2165 2451
f 4363 1754 2165
f 4231 1524 1754
f 4011 1466 1524
f 1467 1466 4011
f 1598 1467 3912
f 1668 1598 3911
f 1857 1668 4126
f 1955 1857 4785
f 4642 1753 1955
f 4642 4784 1666
f 1667 1666 4784
f 1856 1667 4640
f 1954 1856 4361
f 2087 1954 4503
f 2122 2087 4006
f 2236 2122 3714
f 2327 2236 3713
f 2234 2327 3782
f 2235 2234 3850
f 3850 3784 2235
f 3782 3850 2234
f 3713 3782 2327
f 3714 3713 2236
f 4006 3714 2122
f 4503 4006 2087
f 4361 4503 1954
f 4640 4361 1856
f 4784 4640 1667
f 1666 1753 4642
f 1955 4903 4642
f 4785 4903 1955
f 4126 4785 1857
f 3911 4126 1668
f 3912 3911 1598
f 4011 3912 1467
f 1524 4231 4011
f 1754 4363 4231
f 2165 4504 4363
f 2451 4646 4504
f 2561 4786 4646
f 3905 2238 2241
f 3907 2239 2238
f 3431 1525 2239
f 3431 4219 2395
f 2395 1525 3431
f 2239 3907 3431
f 2238 3905 3907
f 2241 3906 3905
f 2237 2395 4219
f 2166 2237 4119
f 2123 2166 3908
f 2037 2123 3849
f 1957 2037 3781
f 1756 1957 3671
f 1757 1756 3641
f 3556 1859 1757
f 3600 1956 1859
f 1858 1956 3600
f 1755 1858 3642
f 1669 1755 3601
f 3513 1526 1669
f 3513 3433 1527
f 3432 1599 1527
f 3432 3463 2036
f 3672 2328 2036
f 1468 2328 3672
f 4352 2564 1468
f 4352 4497 2700
f 2700 2564 4352
f 1468 3846 4352
f 3672 3846 1468
f 2036 3463 3672
f 2036 1599 3432
f 1527 3433 3432
f 1527 1526 3513
f 1669 3558 3513
f 3601 3558 1669
f 3642 3601 1755
f 3600 3642 1858
f 1859 3556 3600
f 1757 3557 3556
f 3641 3557 1757
f 3671 3641 1756
f 3781 3671 1957
f 3849 3781 2037
f 3908 3849 2123
f 4119 3908 2166
f 4219 4119 2237
f 4634 2626 2700
f 4498 2504 2626
f 4353 2453 2504
f 4222 2454 2453
f 2563 2454 4222
f 2699 2563 4221
f 2771 2699 4224
f 4354 2834 2771
f 4499 2933 2834
f 4636 2996 2933
f 4896 3058 2996
f 4898 3121 3058
f 4120 3203 3121
f 4900 3201 3203
f 5202 3202 3201
f 5202 4893 3059
f 3059 3202 5202
f 3201 4900 5202
f 3203 4120 4900
f 3121 4898 4120
f 3058 4896 4898
f 2996 4636 4896
f 2933 4499 4636
f 2834 4354 4499
f 2771 4223 4354
f 4224 4223 2771
f 4221 4224 2699
f 4222 4221 2563
f 2453 4353 4222
f 2504 4498 4353
f 2626 4634 4498
f 2700 4497 4634
f 2702 2566 4630
f 2772 2702 4496
f 2835 2772 4495
f 2883 2835 4633
f 4781 2936 2883
f 4780 2934 2936
f 4894 2935 2934
f 5077 3122 2935
f 5149 3204 3122
f 5200 3271 3204
f 5241 3322 3271
f 5269 3321 3322
f 5201 2452 3321
f 4899 2701 2452
f 4899 4988 2565
f 2566 2627 4631
f 4631 4630 2566
f 2565 2701 4899
f 2452 5201 4899
f 3321 5269 5201
f 3322 5241 5269
f 3271 5200 5241
f 3204 5149 5200
f 3122 5077 5149
f 2935 4894 5077
f 2934 4780 4894
f 2936 4781 4780
f 2883 4632 4781
f 4633 4632 2883
f 4495 4633 2835
f 4496 4495 2772
f 4630 4496 2702
f 4901 2455 2565
f 2167 2455 4901
f 1759 2167 4783
f 1528 1759 4637
f 1469 1528 4500
f 4122 1470 1469
f 4121 1600 1470
f 4355 1672 1600
f 4987 1861 1672
f 5078 1959 1861
f 4897 1758 1959
f 1670 1758 4897
f 4895 1671 1670
f 4635 1860 1671
f 4782 1958 1860
f 4220 2088 1958
f 3848 2124 2088
f 3847 2242 2124
f 3904 2329 2242
f 4004 2240 2329
f 3906 2241 2240
f 2240 4004 3906
f 2329 3904 4004
f 2242 3847 3904
f 2124 3848 3847
f 2088 4220 3848
f 1958 4782 4220
f 1860 4635 4782
f 1671 4895 4635
f 1670 4986 4895
f 4897 4986 1670
f 1959 5078 4897
f 1861 4987 5078
f 1672 4355 4987
f 1600 4121 4355
f 1470 4122 4121
f 1469 4225 4122
f 4500 4225 1469
f 4637 4500 1528
f 4783 4637 1759
f 4901 4783 2167
f 2565 4988 4901
f 4000 2244 2247
f 4002 2245 2244
f 3460 1529 2245
f 3460 4345 2396
f 2396 1529 3460
f 2245 4002 3460
f 2244 4000 4002
f 2247 4001 4000
f 4215 2243 2396
f 4003 2168 2243
f 3903 2125 2168
f 3845 2039 2125
f 3710 1961 2039
f 3669 1761 1961
f 3598 1762 1761
f 3597 1863 1762
f 1960 1863 3597
f 3670 1862 1960
f 3670 3640 1760
f 3599 1673 1760
f 3555 1530 1673
f 3462 1531 1530
f 1601 1531 3462
f 2038 1601 3461
f 2330 2038 3512
f 3711 3900 1471
f 2568 1471 3900
f 4491 4626 2704
f 2704 2568 4491
f 3900 4491 2568
f 1471 2330 3711
f 3512 3711 2330
f 3461 3512 2038
f 3462 3461 1601
f 1530 3555 3462
f 1673 3599 3555
f 1760 3640 3599
f 1760 1862 3670
f 1960 3639 3670
f 3597 3639 1960
f 1762 3598 3597
f 1761 3669 3598
f 1961 3710 3669
f 2039 3845 3710
f 2125 3903 3845
f 2168 4003 3903
f 2243 4215 4003
f 2396 4345 4215
f 4776 2628 2704
f 4627 2505 2628
f 4492 2457 2505
f 4492 4348 2458
f 4347 2567 2458
f 4350 2703 2567
f 4349 2773 2703
f 4493 2836 2773
f 4628 2937 2836
f 4778 2997 2937
f 3060 2997 4778
f 3124 3060 4980
f 3208 3124 4982
f 3206 3208 4216
f 3207 3206 4984
f 5240 4977 3061
f 3061 3207 5240
f 4984 5240 3207
f 4216 4984 3206
f 4982 4216 3208
f 4980 4982 3124
f 4778 4980 3060
f 2937 4628 4778
f 2836 4493 4628
f 2773 4349 4493
f 2703 4350 4349
f 2567 4347 4350
f 2458 4348 4347
f 2458 2457 4492
f 2505 4627 4492
f 2628 4776 4627
f 2704 4626 4776
f 4625 2706 2570
f 4624 2774 2706
f 4775 2837 2774
f 4774 2884 2837
f 4890 2940 2884
f 4889 2938 2940
f 4978 2939 2938
f 5146 3125 2939
f 5198 3209 3125
f 5238 3272 3209
f 5268 3324 3272
f 5281 3323 3324
f 5239 2456 3323
f 4983 2705 2456
f 4983 5076 2569
f 2570 2629 4773
f 4773 4772 2570
f 2569 2705 4983
f 2456 5239 4983
f 3323 5281 5239
f 3324 5268 5281
f 3272 5238 5268
f 3209 5198 5238
f 3125 5146 5198
f 2939 4978 5146
f 2938 4889 4978
f 2940 4890 4889
f 2884 4774 4890
f 2837 4775 4774
f 2774 4624 4775
f 2706 4625 4624
f 2570 4772 4625
f 2459 2569 5076
f 2169 2459 4985
f 1764 2169 4892
f 1532 1764 4779
f 1472 1532 4629
f 4218 1473 1472
f 4217 1602 1473
f 4494 1676 1602
f 5075 1865 1676
f 5147 1963 1865
f 4981 1763 1963
f 1674 1763 4981
f 4979 1675 1674
f 4777 1864 1675
f 4891 1962 1864
f 4346 2089 1962
f 3902 2126 2089
f 3901 2248 2126
f 3999 2331 2248
f 4118 2246 2331
f 4118 4001 2247
f 2247 2246 4118
f 2331 3999 4118
f 2248 3901 3999
f 2126 3902 3901
f 2089 4346 3902
f 1962 4891 4346
f 1864 4777 4891
f 1675 4979 4777
f 1674 5074 4979
f 4981 5074 1674
f 1963 5147 4981
f 1865 5075 5147
f 1676 4494 5075
f 1602 4217 4494
f 1473 4218 4217
f 1472 4351 4218
f 4629 4351 1472
f 4779 4629 1532
f 4892 4779 1764
f 4985 4892 2169
f 5076 4985 2459
f 3777 2250 2253
f 3779 2251 2250
f 3379 1533 2251
f 3992 2397 1533
f 1533 3379 3992
f 2251 3779 3379
f 2250 3777 3779
f 2253 3778 3777
f 2249 2397 3992
f 3780 2170 2249
f 3709 2127 2170
f 3668 2041 2127
f 3595 1965 2041
f 3553 1766 1965
f 3458 1767 1766
f 3457 1867 1767
f 3510 1964 1867
f 3554 1866 1964
f 3511 1765 1866
f 3459 1677 1765
f 3430 1534 1677
f 3381 1535 1534
f 1603 1535 3381
f 2040 1603 3380
f 3409 3596 2332
f 1474 2332 3596
f 4114 2572 1474
f 4114 4211 2708
f 2708 2572 4114
f 1474 3706 4114
f 3596 3706 1474
f 2332 2040 3409
f 3380 3409 2040
f 3381 3380 1603
f 1534 3430 3381
f 1677 3459 3430
f 1765 3511 3459
f 1866 3554 3511
f 1964 3510 3554
f 1867 3457 3510
f 1767 3458 3457
f 1766 3553 3458
f 1965 3595 3553
f 2041 3668 3595
f 2127 3709 3668
f 2170 3780 3709
f 2249 3896 3780
f 3992 3896 2249
f 4341 2630 2708
f 4212 2506 2630
f 4115 2461 2506
f 4115 3995 2462
f 3994 2571 2462
f 3997 2707 2571
f 3996 2775 2707
f 4116 2838 2775
f 4213 2941 2838
f 4343 2998 2941
f 4618 3064 2998
f 4620 3126 3064
f 3897 3212 3126
f 4622 3210 3212
f 5073 3211 3210
f 5073 4615 3065
f 3065 3211 5073
f 3210 4622 5073
f 3212 3897 4622
f 3126 4620 3897
f 3064 4618 4620
f 2998 4343 4618
f 2941 4213 4343
f 2838 4116 4213
f 2775 3996 4116
f 2707 3997 3996
f 2571 3994 3997
f 2462 3995 3994
f 2462 2461 4115
f 2506 4212 4115
f 2630 4341 4212
f 2708 4211 4341
f 4210 2710 2574
f 4209 2776 2710
f 4340 2839 2776
f 4339 2885 2839
f 4488 2944 2885
f 4487 2942 2944
f 4616 2943 2942
f 4887 3127 2943
f 4975 3213 3127
f 5071 3273 3213
f 5144 3326 3273
f 5197 3325 3326
f 5072 2460 3325
f 4621 2709 2460
f 4621 4771 2573
f 2574 2631 4338
f 4338 4337 2574
f 2573 2709 4621
f 2460 5072 4621
f 3325 5197 5072
f 3326 5144 5197
f 3273 5071 5144
f 3213 4975 5071
f 3127 4887 4975
f 2943 4616 4887
f 2942 4487 4616
f 2944 4488 4487
f 2885 4339 4488
f 2839 4340 4339
f 2776 4209 4340
f 2710 4210 4209
f 2574 4337 4210
f 4623 2463 2573
f 4490 2171 2463
f 4344 1769 2171
f 4214 1536 1769
f 3998 1475 1536
f 1476 1475 3998
f 1604 1476 3899
f 1680 1604 3898
f 1869 1680 4117
f 4888 1967 1869
f 4619 1768 1967
f 4769 1678 1768
f 4617 1679 1678
f 4342 1868 1679
f 4489 1966 1868
f 3993 2090 1966
f 3708 2128 2090
f 3707 2254 2128
f 3776 2333 2254
f 3844 2252 2333
f 3778 2253 2252
f 2252 3844 3778
f 2333 3776 3844
f 2254 3707 3776
f 2128 3708 3707
f 2090 3993 3708
f 1966 4489 3993
f 1868 4342 4489
f 1679 4617 4342
f 1678 4769 4617
f 1768 4619 4769
f 1967 4888 4619
f 1869 4770 4888
f 4117 4770 1869
f 3898 4117 1680
f 3899 3898 1604
f 3998 3899 1476
f 1536 4214 3998
f 1769 4344 4214
f 2171 4490 4344
f 2463 4623 4490
f 2573 4771 4623
f 3772 2173 2176
f 3774 2174 2173
f 3376 1477 2174
f 3985 2334 1477
f 1477 3376 3985
f 2174 3774 3376
f 2173 3772 3774
f 2176 3773 3772
f 3985 3892 2172
f 3775 2129 2172
f 3705 2091 2129
f 3667 1969 2091
f 3593 1871 1969
f 3551 1682 1871
f 3455 1683 1682
f 3454 1771 1683
f 1870 1771 3454
f 3552 1770 1870
f 3509 1681 1770
f 3456 1605 1681
f 3429 1478 1605
f 3429 3378 1479
f 3377 1537 1479
f 1968 1537 3377
f 3408 3594 2255
f 1450 2255 3594
f 2508 1450 3702
f 4110 4205 2633
f 2633 2508 4110
f 3702 4110 2508
f 3594 3702 1450
f 2255 1968 3408
f 3377 3408 1968
f 1479 3378 3377
f 1479 1478 3429
f 1605 3456 3429
f 1681 3509 3456
f 1770 3552 3509
f 1870 3508 3552
f 3454 3508 1870
f 1683 3455 3454
f 1682 3551 3455
f 1871 3593 3551
f 1969 3667 3593
f 2091 3705 3667
f 2129 3775 3705
f 2172 3892 3775
f 2172 2334 3985
f 4333 2575 2633
f 4206 2464 2575
f 4111 2421 2464
f 3988 2422 2421
f 3987 2507 2422
f 3990 2632 2507
f 3989 2711 2632
f 4112 2777 2711
f 4207 2886 2777
f 4335 2945 2886
f 2999 2945 4335
f 3068 2999 4609
f 3130 3068 4611
f 3128 3130 3893
f 3129 3128 4613
f 5070 4606 3000
f 3000 3129 5070
f 4613 5070 3129
f 3893 4613 3128
f 4611 3893 3130
f 4609 4611 3068
f 4335 4609 2999
f 2886 4207 4335
f 2777 4112 4207
f 2711 3989 4112
f 2632 3990 3989
f 2507 3987 3990
f 2422 3988 3987
f 2421 4111 3988
f 2464 4206 4111
f 2575 4333 4206
f 2633 4205 4333
f 4204 2635 2510
f 4203 2712 2635
f 4332 2778 2712
f 4331 2840 2778
f 4484 2889 2840
f 4483 2887 2889
f 2888 2887 4483
f 3069 2888 4607
f 3131 3069 4885
f 3214 3131 4972
f 3275 3214 5068
f 3274 3275 5143
f 2420 3274 5196
f 4612 2634 2420
f 4612 4768 2509
f 2510 2576 4330
f 4330 4329 2510
f 2509 2634 4612
f 2420 5069 4612
f 5196 5069 2420
f 5143 5196 3274
f 5068 5143 3275
f 4972 5068 3214
f 4885 4972 3131
f 4607 4885 3069
f 4483 4607 2888
f 2889 4484 4483
f 2840 4331 4484
f 2778 4332 4331
f 2712 4203 4332
f 2635 4204 4203
f 2510 4329 4204
f 4614 2423 2509
f 4486 2130 2423
f 4336 1685 2130
f 4208 1480 1685
f 3991 1451 1480
f 1452 1451 3991
f 3895 3894 1538
f 4113 1608 1538
f 1773 1608 4113
f 1873 1773 4767
f 1684 1873 4886
f 4766 1606 1684
f 1607 1606 4766
f 1772 1607 4608
f 1872 1772 4334
f 2042 1872 4485
f 2092 2042 3986
f 2177 2092 3704
f 2256 2177 3703
f 2175 2256 3771
f 2176 2175 3843
f 3843 3773 2176
f 3771 3843 2175
f 3703 3771 2256
f 3704 3703 2177
f 3986 3704 2092
f 4485 3986 2042
f 4334 4485 1872
f 4608 4334 1772
f 4766 4608 1607
f 1684 4610 4766
f 4886 4610 1684
f 4767 4886 1873
f 4113 4767 1773
f 1538 3894 4113
f 1538 1452 3895
f 3991 3895 1452
f 1480 4208 3991
f 1685 4336 4208
f 2130 4486 4336
f 2423 4614 4486
f 2509 4768 4614
f 3767 2179 2182
f 3769 2180 2179
f 3373 1481 2180
f 3373 3978 2335
f 2335 1481 3373
f 2180 3769 3373
f 2179 3767 3769
f 2182 3768 3767
f 3888 2178 2335
f 3888 3770 2131
f 3701 2093 2131
f 3666 1971 2093
f 3591 1875 1971
f 3549 1687 1875
f 3452 1688 1687
f 3451 1775 1688
f 3506 1874 1775
f 3550 1774 1874
f 1686 1774 3550
f 3453 1609 1686
f 3453 3428 1482
f 3375 1483 1482
f 3374 1539 1483
f 3374 3407 1970
f 3592 2257 1970
f 3592 3698 1453
f 4106 2512 1453
f 4106 4199 2637
f 2637 2512 4106
f 1453 3698 4106
f 1453 2257 3592
f 1970 3407 3592
f 1970 1539 3374
f 1483 3375 3374
f 1482 3428 3375
f 1482 1609 3453
f 1686 3507 3453
f 3550 3507 1686
f 1874 3506 3550
f 1775 3451 3506
f 1688 3452 3451
f 1687 3549 3452
f 1875 3591 3549
f 1971 3666 3591
f 2093 3701 3666
f 2131 3770 3701
f 2131 2178 3888
f 2335 3978 3888
f 4325 2577 2637
f 4200 2465 2577
f 4107 2425 2465
f 3981 2426 2425
f 3980 2511 2426
f 3983 2636 2511
f 3982 2713 2636
f 4108 2779 2713
f 4201 2890 2779
f 4327 2946 2890
f 4600 3001 2946
f 3070 3001 4600
f 3136 3070 4602
f 3134 3136 3889
f 3135 3134 4604
f 5067 4597 3002
f 3002 3135 5067
f 4604 5067 3135
f 3889 4604 3134
f 4602 3889 3136
f 4600 4602 3070
f 2946 4327 4600
f 2890 4201 4327
f 2779 4108 4201
f 2713 3982 4108
f 2636 3983 3982
f 2511 3980 3983
f 2426 3981 3980
f 2425 4107 3981
f 2465 4200 4107
f 2577 4325 4200
f 2637 4199 4325
f 4198 2639 2514
f 4197 2714 2639
f 4324 2780 2714
f 4323 2841 2780
f 4480 2893 2841
f 4479 2891 2893
f 4598 2892 2891
f 4882 3071 2892
f 4970 3137 3071
f 5065 3215 3137
f 5142 3277 3215
f 5195 3276 3277
f 5066 2424 3276
f 4603 2638 2424
f 4603 4765 2513
f 2514 2578 4322
f 4322 4321 2514
f 2513 2638 4603
f 2424 5066 4603
f 3276 5195 5066
f 3277 5142 5195
f 3215 5065 5142
f 3137 4970 5065
f 3071 4882 4970
f 2892 4598 4882
f 2891 4479 4598
f 2893 4480 4479
f 2841 4323 4480
f 2780 4324 4323
f 2714 4197 4324
f 2639 4198 4197
f 2514 4321 4198
f 4605 2427 2513
f 2132 2427 4605
f 1690 2132 4482
f 4202 1484 1690
f 3984 1454 1484
f 3891 1455 1454
f 3890 1540 1455
f 4109 1612 1540
f 4764 1777 1612
f 4883 1877 1777
f 4601 1689 1877
f 4763 1610 1689
f 4599 1611 1610
f 4326 1776 1611
f 4481 1876 1776
f 3979 2043 1876
f 3700 2094 2043
f 3699 2183 2094
f 3766 2258 2183
f 3842 2181 2258
f 3768 2182 2181
f 2181 3842 3768
f 2258 3766 3842
f 2183 3699 3766
f 2094 3700 3699
f 2043 3979 3700
f 1876 4481 3979
f 1776 4326 4481
f 1611 4599 4326
f 1610 4763 4599
f 1689 4601 4763
f 1877 4883 4601
f 1777 4764 4883
f 1612 4109 4764
f 1540 3890 4109
f 1455 3891 3890
f 1454 3984 3891
f 1484 4202 3984
f 1690 4328 4202
f 4482 4328 1690
f 4605 4482 2132
f 2513 4765 4605
f 3762 2185 2188
f 3764 2186 2185
f 3370 1485 2186
f 3370 3971 2336
f 2336 1485 3370
f 2186 3764 3370
f 2185 3762 3764
f 2188 3763 3762
f 3971 3884 2184
f 2133 2184 3884
f 2095 2133 3765
f 1973 2095 3697
f 1879 1973 3665
f 1692 1879 3589
f 1693 1692 3547
f 1779 1693 3449
f 3504 1878 1779
f 1778 1878 3504
f 1691 1778 3548
f 3450 1613 1691
f 3450 3427 1486
f 3372 1487 1486
f 3371 1541 1487
f 3371 3406 1972
f 3590 2259 1972
f 3694 1456 2259
f 4102 2516 1456
f 4102 4193 2641
f 2641 2516 4102
f 1456 3694 4102
f 2259 3590 3694
f 1972 3406 3590
f 1972 1541 3371
f 1487 3372 3371
f 1486 3427 3372
f 1486 1613 3450
f 1691 3505 3450
f 3548 3505 1691
f 3504 3548 1778
f 1779 3448 3504
f 3449 3448 1779
f 3547 3449 1693
f 3589 3547 1692
f 3665 3589 1879
f 3697 3665 1973
f 3765 3697 2095
f 3884 3765 2133
f 2184 2336 3971
f 4317 2579 2641
f 2466 2579 4317
f 4103 2429 2466
f 4103 3974 2430
f 2515 2430 3974
f 2640 2515 3973
f 2715 2640 3976
f 2781 2715 3975
f 4195 2894 2781
f 4319 2947 2894
f 4591 3005 2947
f 4593 3073 3005
f 3885 3140 3073
f 4595 3138 3140
f 5064 3139 3138
f 5064 4588 3003
f 3003 3139 5064
f 3138 4595 5064
f 3140 3885 4595
f 3073 4593 3885
f 3005 4591 4593
f 2947 4319 4591
f 2894 4195 4319
f 2781 4104 4195
f 3975 4104 2781
f 3976 3975 2715
f 3973 3976 2640
f 3974 3973 2515
f 2430 2429 4103
f 2466 4194 4103
f 4317 4194 2466
f 2641 4193 4317
f 4192 2643 2518
f 4191 2716 2643
f 4316 2782 2716
f 4315 2842 2782
f 4476 2897 2842
f 4475 2895 2897
f 2896 2895 4475
f 3074 2896 4589
f 3141 3074 4879
f 3216 3141 4968
f 3279 3216 5062
f 3278 3279 5141
f 2428 3278 5194
f 2642 2428 5063
f 4594 4762 2517
f 2518 2580 4314
f 4314 4313 2518
f 2517 2642 4594
f 5063 4594 2642
f 5194 5063 2428
f 5141 5194 3278
f 5062 5141 3279
f 4968 5062 3216
f 4879 4968 3141
f 4589 4879 3074
f 4475 4589 2896
f 2897 4476 4475
f 2842 4315 4476
f 2782 4316 4315
f 2716 4191 4316
f 2643 4192 4191
f 2518 4313 4192
f 4596 2431 2517
f 4478 2134 2431
f 4320 1695 2134
f 4196 1488 1695
f 3977 1457 1488
f 1458 1457 3977
f 1542 1458 3887
f 1616 1542 3886
f 1781 1616 4105
f 1881 1781 4761
f 1694 1881 4880
f 4760 1614 1694
f 1615 1614 4760
f 1780 1615 4590
f 1880 1780 4318
f 2044 1880 4477
f 2096 2044 3972
f 2189 2096 3696
f 2260 2189 3695
f 2187 2260 3761
f 2188 2187 3841
f 3841 3763 2188
f 3761 3841 2187
f 3695 3761 2260
f 3696 3695 2189
f 3972 3696 2096
f 4477 3972 2044
f 4318 4477 1880
f 4590 4318 1780
f 4760 4590 1615
f 1694 4592 4760
f 4880 4592 1694
f 4761 4880 1881
f 4105 4761 1781
f 3886 4105 1616
f 3887 3886 1542
f 3977 3887 1458
f 1488 4196 3977
f 1695 4320 4196
f 2134 4478 4320
f 2431 4596 4478
f 2517 4762 4596
f 3880 2191 2194
f 3882 2192 2191
f 3424 1489 2192
f 1489 3424 4184
f 4184 2337 1489
f 2192 3882 3424
f 2191 3880 3882
f 2194 3881 3880
f 2190 2337 4184
f 2135 2190 4098
f 2097 2135 3883
f 1975 2097 3840
f 1883 1975 3760
f 1697 1883 3663
f 1698 1697 3637
f 3544 1783 1698
f 3587 1882 1783
f 3587 3638 1782
f 1696 1782 3638
f 1617 1696 3588
f 3503 1490 1617
f 3503 3426 1491
f 3425 1543 1491
f 3447 1974 1543
f 3447 3664 2261
f 1459 2261 3664
f 2520 1459 3837
f 4309 4471 2645
f 2645 2520 4309
f 3837 4309 2520
f 3664 3837 1459
f 2261 1974 3447
f 1543 3425 3447
f 1491 3426 3425
f 1491 1490 3503
f 1617 3546 3503
f 3588 3546 1617
f 3638 3588 1696
f 1782 1882 3587
f 1783 3544 3587
f 1698 3545 3544
f 3637 3545 1698
f 3663 3637 1697
f 3760 3663 1883
f 3840 3760 1975
f 3883 3840 2097
f 4098 3883 2135
f 4184 4098 2190
f 4584 2581 2645
f 4472 2467 2581
f 4472 4310 2433
f 4187 2434 2433
f 2519 2434 4187
f 2644 2519 4186
f 2717 2644 4189
f 4311 2783 2717
f 4473 2898 2783
f 4586 2949 2898
f 4873 3007 2949
f 4875 3075 3007
f 4099 3144 3075
f 4877 3142 3144
f 5192 3143 3142
f 5192 4870 3008
f 3008 3143 5192
f 3142 4877 5192
f 3144 4099 4877
f 3075 4875 4099
f 3007 4873 4875
f 2949 4586 4873
f 2898 4473 4586
f 2783 4311 4473
f 2717 4188 4311
f 4189 4188 2717
f 4186 4189 2644
f 4187 4186 2519
f 2433 4310 4187
f 2433 2467 4472
f 2581 4584 4472
f 2645 4471 4584
f 2647 2522 4580
f 2718 2647 4470
f 2784 2718 4469
f 2843 2784 4583
f 4757 2901 2843
f 4756 2899 2901
f 4871 2900 2899
f 5059 3076 2900
f 5140 3145 3076
f 5190 3217 3145
f 5237 3281 3217
f 5267 3280 3281
f 5191 2432 3280
f 4876 2646 2432
f 4876 4967 2521
f 2522 2582 4581
f 4581 4580 2522
f 2521 2646 4876
f 2432 5191 4876
f 3280 5267 5191
f 3281 5237 5267
f 3217 5190 5237
f 3145 5140 5190
f 3076 5059 5140
f 2900 4871 5059
f 2899 4756 4871
f 2901 4757 4756
f 2843 4582 4757
f 4583 4582 2843
f 4469 4583 2784
f 4470 4469 2718
f 4580 4470 2647
f 4878 2435 2521
f 2136 2435 4878
f 1700 2136 4759
f 1492 1700 4587
f 1460 1492 4474
f 4101 1461 1460
f 4100 1544 1461
f 4312 1620 1544
f 4966 1785 1620
f 5060 1885 1785
f 4874 1699 1885
f 1618 1699 4874
f 4872 1619 1618
f 4585 1784 1619
f 4758 1884 1784
f 4185 2045 1884
f 3839 2098 2045
f 3838 2195 2098
f 3879 2262 2195
f 3970 2193 2262
f 3881 2194 2193
f 2193 3970 3881
f 2262 3879 3970
f 2195 3838 3879
f 2098 3839 3838
f 2045 4185 3839
f 1884 4758 4185
f 1784 4585 4758
f 1619 4872 4585
f 1618 4965 4872
f 4874 4965 1618
f 1885 5060 4874
f 1785 4966 5060
f 1620 4312 4966
f 1544 4100 4312
f 1461 4101 4100
f 1460 4190 4101
f 4474 4190 1460
f 4587 4474 1492
f 4759 4587 1700
f 4878 4759 2136
f 2521 4967 4878
f 4180 2339 2342
f 4182 2340 2339
f 3541 1621 2340
f 4573 2436 1621
f 1621 3541 4573
f 2340 4182 3541
f 2339 4180 4182
f 2342 4181 4180
f 4465 2338 2436
f 4183 2263 2338
f 4097 2196 2263
f 3969 2100 2196
f 3835 2047 2100
f 3758 1887 2047
f 3758 3661 1888
f 3660 1977 1888
f 3692 2046 1977
f 3692 3759 1976
f 3693 1886 1976
f 3662 1786 1886
f 3636 1622 1786
f 3543 1623 1622
f 1701 1623 3543
f 2099 1701 3542
f 2398 2099 3586
f 3836 4094 1545
f 4094 4752 2649
f 2786 2649 4752
f 4752 4866 2786
f 2649 1545 4094
f 1545 2398 3836
f 3586 3836 2398
f 3542 3586 2099
f 3543 3542 1701
f 1622 3636 3543
f 1786 3662 3636
f 1886 3693 3662
f 1976 3759 3693
f 1976 2046 3692
f 1977 3660 3692
f 1888 3661 3660
f 1888 1887 3758
f 2047 3835 3758
f 2100 3969 3835
f 2196 4097 3969
f 2263 4183 4097
f 2338 4465 4183
f 2436 4573 4465
f 4961 2719 2786
f 4961 4867 2583
f 4753 2524 2583
f 4753 4576 2525
f 4575 2648 2525
f 4575 4578 2785
f 4577 2844 2785
f 4754 2902 2844
f 4868 3009 2902
f 4963 3077 3009
f 3146 3077 4963
f 3220 3146 5134
f 4466 3284 3220
f 4466 5138 3282
f 5138 5280 3283
f 5280 5131 3147
f 3147 3283 5280
f 3283 3282 5138
f 3282 3284 4466
f 3220 5136 4466
f 5134 5136 3220
f 4963 5134 3146
f 3009 4868 4963
f 2902 4754 4868
f 2844 4577 4754
f 2785 4578 4577
f 2785 2648 4575
f 2525 4576 4575
f 2525 2524 4753
f 2583 4867 4753
f 2583 2719 4961
f 2786 4866 4961
f 4957 4865 2788
f 4864 2845 2788
f 4960 2903 2845
f 4960 4959 2950
f 5056 3012 2950
f 5055 3010 3012
f 5132 3011 3010
f 5235 3221 3011
f 5264 3285 3221
f 5264 5278 3327
f 5288 3355 3327
f 5289 3354 3355
f 5279 2523 3354
f 5137 2787 2523
f 5137 5189 2650
f 2651 2720 4958
f 4958 4957 2651
f 2650 2787 5137
f 2523 5279 5137
f 3354 5289 5279
f 3355 5288 5289
f 3327 5278 5288
f 3327 3285 5264
f 3221 5235 5264
f 3011 5132 5235
f 3010 5055 5132
f 3012 5056 5055
f 2950 4959 5056
f 2950 2903 4960
f 2845 4864 4960
f 2788 4865 4864
f 2788 2651 4957
f 2526 2650 5189
f 2264 2526 5139
f 1890 2264 5058
f 1624 1890 4964
f 1546 1624 4869
f 4468 1547 1546
f 4467 1702 1547
f 4755 1789 1702
f 5188 1979 1789
f 5236 2049 1979
f 5135 1889 2049
f 5135 5187 1787
f 5133 1788 1787
f 5133 4962 1978
f 5057 2048 1978
f 4574 2137 2048
f 4574 4096 2197
f 4095 2343 2197
f 4179 2399 2343
f 4308 2341 2399
f 4181 2342 2341
f 2341 4308 4181
f 2399 4179 4308
f 2343 4095 4179
f 2197 4096 4095
f 2197 2137 4574
f 2048 5057 4574
f 1978 4962 5057
f 1978 1788 5133
f 1787 5187 5133
f 1787 1889 5135
f 2049 5236 5135
f 1979 5188 5236
f 1789 4755 5188
f 1702 4467 4755
f 1547 4468 4467
f 1546 4579 4468
f 4869 4579 1546
f 4964 4869 1624
f 5058 4964 1890
f 5139 5058 2264
f 5189 5139 2526
f 4091 4090 2345
f 4092 2346 2345
f 3500 1625 2346
f 1625 3500 4458
f 4458 2437 1625
f 2346 4092 3500
f 2345 4090 4092
f 2345 2348 4091
f 4458 4304 2344
f 4093 2265 2344
f 3968 2198 2265
f 3878 2102 2198
f 3756 2051 2102
f 3690 1892 2051
f 3634 1893 1892
f 3633 1981 1893
f 3658 2050 1981
f 1980 2050 3658
f 3659 1891 1980
f 3635 1790 1891
f 3585 1626 1790
f 3502 1627 1626
f 1703 1627 3502
f 3501 3540 2101
f 3757 2400 2101
f 3757 3965 1548
f 4569 2653 1548
f 4569 4748 2790
f 2790 2653 4569
f 1548 3965 4569
f 1548 2400 3757
f 2101 3540 3757
f 2101 1703 3501
f 3502 3501 1703
f 1626 3585 3502
f 1790 3635 3585
f 1891 3659 3635
f 1980 3691 3659
f 3658 3691 1980
f 1981 3633 3658
f 1893 3634 3633
f 1892 3690 3634
f 2051 3756 3690
f 2102 3878 3756
f 2198 3968 3878
f 2265 4093 3968
f 2344 4304 4093
f 2344 2437 4458
f 4860 2721 2790
f 4749 2584 2721
f 4570 2528 2584
f 4570 4461 2529
f 4460 2652 2529
f 4463 2789 2652
f 4462 2846 2789
f 4571 2904 2846
f 4750 3013 2904
f 4862 3078 3013
f 5049 3150 3078
f 5051 3222 3150
f 4305 3288 3222
f 5053 3286 3288
f 5263 3287 3286
f 5263 5046 3151
f 3151 3287 5263
f 3286 5053 5263
f 3288 4305 5053
f 3222 5051 4305
f 3150 5049 5051
f 3078 4862 5049
f 3013 4750 4862
f 2904 4571 4750
f 2846 4462 4571
f 2789 4463 4462
f 2652 4460 4463
f 2529 4461 4460
f 2529 2528 4570
f 2584 4749 4570
f 2721 4860 4749
f 2790 4748 4860
f 4747 2792 2655
f 4746 2847 2792
f 4859 2905 2847
f 4858 2951 2905
f 4954 3016 2951
f 4953 3014 3016
f 5047 3015 3014
f 5184 3223 3015
f 5233 3289 3223
f 5261 3328 3289
f 5277 3357 3328
f 5287 3356 3357
f 5262 2527 3356
f 5052 2791 2527
f 5052 5130 2654
f 2655 2722 4857
f 4857 4856 2655
f 2654 2791 5052
f 2527 5262 5052
f 3356 5287 5262
f 3357 5277 5287
f 3328 5261 5277
f 3289 5233 5261
f 3223 5184 5233
f 3015 5047 5184
f 3014 4953 5047
f 3016 4954 4953
f 2951 4858 4954
f 2905 4859 4858
f 2847 4746 4859
f 2792 4747 4746
f 2655 4856 4747
f 5054 2530 2654
f 4956 2266 2530
f 4863 1895 2266
f 4751 1628 1895
f 4464 1549 1628
f 1550 1549 4464
f 1704 1550 4307
f 1793 1704 4306
f 1983 1793 4572
f 5185 2053 1983
f 5185 5050 1894
f 5128 1791 1894
f 5048 1792 1791
f 4861 1982 1792
f 4955 2052 1982
f 4459 2138 2052
f 3967 2199 2138
f 3966 2349 2199
f 4089 2401 2349
f 4178 2347 2401
f 4091 2348 2347
f 2347 4178 4091
f 2401 4089 4178
f 2349 3966 4089
f 2199 3967 3966
f 2138 4459 3967
f 2052 4955 4459
f 1982 4861 4955
f 1792 5048 4861
f 1791 5128 5048
f 1894 5050 5128
f 1894 2053 5185
f 1983 5129 5185
f 4572 5129 1983
f 4306 4572 1793
f 4307 4306 1704
f 4464 4307 1550
f 1628 4751 4464
f 1895 4863 4751
f 2266 4956 4863
f 2530 5054 4956
f 2654 5130 5054
f 5040 2268 2271
f 3752 2269 2268
f 3655 1551 2269
f 4950 2402 1551
f 1551 3655 4950
f 2269 3752 3655
f 2268 5040 3752
f 2271 5124 5040
f 4855 2267 2402
f 4568 2200 2267
f 4457 2139 2200
f 4303 2055 2139
f 4087 1985 2055
f 3963 1795 1985
f 3833 1796 1795
f 3832 1897 1796
f 1984 1897 3832
f 3964 1896 1984
f 3964 3877 1794
f 3834 1705 1794
f 3755 1552 1705
f 3657 1553 1552
f 1629 1553 3657
f 3656 3689 2054
f 4088 2350 2054
f 4088 4745 1493
f 2586 1493 4745
f 5041 5125 2724
f 2724 2586 5041
f 4745 5041 2586
f 1493 2350 4088
f 2054 3689 4088
f 2054 1629 3656
f 3657 3656 1629
f 1552 3755 3657
f 1705 3834 3755
f 1794 3877 3834
f 1794 1896 3964
f 1984 3876 3964
f 3832 3876 1984
f 1796 3833 3832
f 1795 3963 3833
f 1985 4087 3963
f 2055 4303 4087
f 2139 4457 4303
f 2200 4568 4457
f 2267 4855 4568
f 2402 4950 4855
f 5126 2656 2724
f 5043 2531 2656
f 5042 2469 2531
f 4952 2470 2469
f 4951 2585 2470
f 5045 2723 2585
f 5044 2793 2723
f 5127 2848 2793
f 5229 2952 2848
f 5228 3017 2952
f 3079 3017 5228
f 3154 3079 5260
f 3226 3154 5259
f 3224 3226 5276
f 3225 3224 5275
f 5286 5232 3080
f 3080 3225 5286
f 5275 5286 3225
f 5276 5275 3224
f 5259 5276 3226
f 5260 5259 3154
f 5228 5260 3079
f 2952 5229 5228
f 2848 5127 5229
f 2793 5044 5127
f 2723 5045 5044
f 2585 4951 5045
f 2470 4952 4951
f 2469 5042 4952
f 2531 5043 5042
f 2656 5126 5043
f 2724 5125 5126
f 5123 2726 2588
f 5122 2794 2726
f 5182 2849 2794
f 5181 2906 2849
f 5224 2955 2906
f 5223 2953 2955
f 2954 2953 5223
f 3155 2954 5226
f 3227 3155 5225
f 3290 3227 5254
f 3330 3290 5256
f 3329 3330 5255
f 2468 3329 5274
f 5257 2725 2468
f 5257 5258 2587
f 2588 2657 5179
f 5179 5180 2588
f 2587 2725 5257
f 2468 5285 5257
f 5274 5285 2468
f 5255 5274 3329
f 5256 5255 3330
f 5254 5256 3290
f 5225 5254 3227
f 5226 5225 3155
f 5223 5226 2954
f 2955 5224 5223
f 2906 5181 5224
f 2849 5182 5181
f 2794 5122 5182
f 2726 5123 5122
f 2588 5180 5123
f 5227 2471 2587
f 5183 2201 2471
f 4854 1798 2201
f 4085 1554 1798
f 3831 1494 1554
f 1495 1494 3831
f 1630 1495 3754
f 1708 1630 3753
f 1899 1708 3875
f 4176 1987 1899
f 4176 4301 1797
f 4086 1706 1797
f 1707 1706 4086
f 1898 1707 3962
f 1986 1898 3961
f 2103 1986 4177
f 2140 2103 4302
f 2272 2140 4567
f 2351 2272 4744
f 2270 2351 4949
f 2271 2270 5039
f 5039 5124 2271
f 4949 5039 2270
f 4744 4949 2351
f 4567 4744 2272
f 4302 4567 2140
f 4177 4302 2103
f 3961 4177 1986
f 3962 3961 1898
f 4086 3962 1707
f 1797 4301 4086
f 1797 1987 4176
f 1899 3960 4176
f 3875 3960 1899
f 3753 3875 1708
f 3754 3753 1630
f 3831 3754 1495
f 1554 4085 3831
f 1798 4854 4085
f 2201 5183 4854
f 2471 5227 5183
f 2587 5258 5227
f 3871 2274 2277
f 3873 2275 2274
f 3421 1555 2275
f 3421 4169 2403
f 2403 1555 3421
f 2275 3873 3421
f 2274 3871 3873
f 2277 3872 3871
f 4081 2273 2403
f 3874 2202 2273
f 3830 2141 2202
f 3751 2057 2141
f 3653 1989 2057
f 3631 1800 1989
f 3538 1801 1800
f 3537 1901 1801
f 3583 1988 1901
f 3632 1900 1988
f 3632 3584 1799
f 3539 1709 1799
f 1556 1709 3539
f 1557 1556 3499
f 3422 1631 1557
f 3422 3446 2056
f 3654 2352 2056
f 3654 3827 1496
f 4297 2590 1496
f 4297 4453 2728
f 2728 2590 4297
f 1496 3827 4297
f 1496 2352 3654
f 2056 3446 3654
f 2056 1631 3422
f 1557 3423 3422
f 3499 3423 1557
f 3539 3499 1556
f 1799 3584 3539
f 1799 1900 3632
f 1988 3583 3632
f 1901 3537 3583
f 1801 3538 3537
f 1800 3631 3538
f 1989 3653 3631
f 2057 3751 3653
f 2141 3830 3751
f 2202 3874 3830
f 2273 4081 3874
f 2403 4169 4081
f 4563 2658 2728
f 4454 2532 2658
f 4298 2473 2532
f 4172 2474 2473
f 4171 2589 2474
f 4174 2727 2589
f 4173 2795 2727
f 4299 2850 2795
f 4455 2956 2850
f 4565 3018 2956
f 4848 3081 3018
f 3158 3081 4848
f 3230 3158 4850
f 3228 3230 4082
f 3229 3228 4852
f 5178 4845 3082
f 3082 3229 5178
f 4852 5178 3229
f 4082 4852 3228
f 4850 4082 3230
f 4848 4850 3158
f 3018 4565 4848
f 2956 4455 4565
f 2850 4299 4455
f 2795 4173 4299
f 2727 4174 4173
f 2589 4171 4174
f 2474 4172 4171
f 2473 4298 4172
f 2532 4454 4298
f 2658 4563 4454
f 2728 4453 4563
f 4452 2730 2592
f 4451 2796 2730
f 4562 2851 2796
f 4561 2907 2851
f 4741 2959 2907
f 4740 2957 2959
f 4846 2958 2957
f 5037 3159 2958
f 5120 3231 3159
f 5176 3291 3231
f 5221 3332 3291
f 5253 3331 3332
f 5177 2472 3331
f 4851 2729 2472
f 4851 4948 2591
f 2592 2659 4560
f 4560 4559 2592
f 2591 2729 4851
f 2472 5177 4851
f 3331 5253 5177
f 3332 5221 5253
f 3291 5176 5221
f 3231 5120 5176
f 3159 5037 5120
f 2958 4846 5037
f 2957 4740 4846
f 2959 4741 4740
f 2907 4561 4741
f 2851 4562 4561
f 2796 4451 4562
f 2730 4452 4451
f 2592 4559 4452
f 4853 2475 2591
f 2203 2475 4853
f 1803 2203 4743
f 4456 1558 1803
f 4175 1497 1558
f 4084 1498 1497
f 4083 1632 1498
f 4300 1712 1632
f 4947 1903 1712
f 5038 1991 1903
f 4849 1802 1991
f 4946 1710 1802
f 4847 1711 1710
f 4564 1902 1711
f 4742 1990 1902
f 4170 2104 1990
f 3829 2142 2104
f 3828 2278 2142
f 3870 2353 2278
f 3959 2276 2353
f 3872 2277 2276
f 2276 3959 3872
f 2353 3870 3959
f 2278 3828 3870
f 2142 3829 3828
f 2104 4170 3829
f 1990 4742 4170
f 1902 4564 4742
f 1711 4847 4564
f 1710 4946 4847
f 1802 4849 4946
f 1991 5038 4849
f 1903 4947 5038
f 1712 4300 4947
f 1632 4083 4300
f 1498 4084 4083
f 1497 4175 4084
f 1558 4456 4175
f 1803 4566 4456
f 4743 4566 1803
f 4853 4743 2203
f 2591 4948 4853
f 2280 2283 3867
f 3868 2281 2280
f 3418 1559 2281
f 4162 2404 1559
f 1559 3418 4162
f 2281 3868 3418
f 2280 3866 3868
f 3867 3866 2280
f 2279 2404 4162
f 2204 2279 4077
f 2143 2204 3869
f 2059 2143 3826
f 1993 2059 3750
f 1805 1993 3651
f 1806 1805 3629
f 1905 1806 3535
f 3534 3581 1992
f 3630 1904 1992
f 1804 1904 3630
f 1713 1804 3582
f 1560 1713 3536
f 3420 1561 1560
f 3419 1633 1561
f 3419 3445 2058
f 3652 2354 2058
f 3823 1499 2354
f 4293 2594 1499
f 4293 4447 2732
f 2732 2594 4293
f 1499 3823 4293
f 2354 3652 3823
f 2058 3445 3652
f 2058 1633 3419
f 1561 3420 3419
f 1560 3498 3420
f 3536 3498 1560
f 3582 3536 1713
f 3630 3582 1804
f 1992 3581 3630
f 1992 1905 3534
f 3535 3534 1905
f 3629 3535 1806
f 3651 3629 1805
f 3750 3651 1993
f 3826 3750 2059
f 3869 3826 2143
f 4077 3869 2204
f 4162 4077 2279
f 4555 2660 2732
f 4555 4448 2533
f 2477 2533 4448
f 2478 2477 4294
f 2593 2478 4165
f 2731 2593 4164
f 2797 2731 4167
f 2852 2797 4166
f 4449 2960 2852
f 4557 3020 2960
f 4839 3084 3020
f 4841 3160 3084
f 4078 3234 3160
f 4843 3232 3234
f 5173 3233 3232
f 5173 4836 3085
f 3085 3233 5173
f 3232 4843 5173
f 3234 4078 4843
f 3160 4841 4078
f 3084 4839 4841
f 3020 4557 4839
f 2960 4449 4557
f 2852 4295 4449
f 4166 4295 2852
f 4167 4166 2797
f 4164 4167 2731
f 4165 4164 2593
f 4294 4165 2478
f 4448 4294 2477
f 2533 2660 4555
f 2732 4447 4555
f 4446 2734 2596
f 4445 2798 2734
f 4554 2853 2798
f 4553 2908 2853
f 4737 2963 2908
f 4736 2961 2963
f 2962 2961 4736
f 3161 2962 4837
f 3235 3161 5035
f 3292 3235 5119
f 3334 3292 5171
f 3333 3334 5220
f 2476 3333 5252
f 2733 2476 5172
f 4842 4945 2595
f 2596 2661 4552
f 4552 4551 2596
f 2595 2733 4842
f 5172 4842 2733
f 5252 5172 2476
f 5220 5252 3333
f 5171 5220 3334
f 5119 5171 3292
f 5035 5119 3235
f 4837 5035 3161
f 4736 4837 2962
f 2963 4737 4736
f 2908 4553 4737
f 2853 4554 4553
f 2798 4445 4554
f 2734 4446 4445
f 2596 4551 4446
f 4844 2479 2595
f 4739 2205 2479
f 4558 1808 2205
f 4450 1562 1808
f 4168 1500 1562
f 1501 1500 4168
f 1634 1501 4080
f 1716 1634 4079
f 1907 1716 4296
f 1995 1907 4944
f 1807 1995 5036
f 4943 1714 1807
f 1715 1714 4943
f 1906 1715 4838
f 1994 1906 4556
f 2105 1994 4738
f 2144 2105 4163
f 2284 2144 3825
f 2355 2284 3824
f 2282 2355 3865
f 3958 3867 2283
f 2283 2282 3958
f 3865 3958 2282
f 3824 3865 2355
f 3825 3824 2284
f 4163 3825 2144
f 4738 4163 2105
f 4556 4738 1994
f 4838 4556 1906
f 4943 4838 1715
f 1807 4840 4943
f 5036 4840 1807
f 4944 5036 1995
f 4296 4944 1907
f 4079 4296 1716
f 4080 4079 1634
f 4168 4080 1501
f 1562 4450 4168
f 1808 4558 4450
f 2205 4739 4558
f 2479 4844 4739
f 2595 4945 4844
f 4073 2286 2289
f 4075 2287 2286
f 3495 1563 2287
f 3495 4438 2405
f 2405 1563 3495
f 2287 4075 3495
f 2286 4073 4075
f 2289 4074 4073
f 4289 2285 2405
f 4289 4076 2206
f 2145 2206 4076
f 2061 2145 3957
f 1997 2061 3864
f 1810 1997 3748
f 1811 1810 3687
f 3626 1909 1811
f 3649 1996 1909
f 3649 3688 1908
f 1809 1908 3688
f 1717 1809 3650
f 1564 1717 3628
f 3497 1565 1564
f 3496 1635 1565
f 3533 2060 1635
f 3749 2356 2060
f 3749 3954 1502
f 2598 1502 3954
f 4547 4732 2736
f 2736 2598 4547
f 3954 4547 2598
f 1502 2356 3749
f 2060 3533 3749
f 1635 3496 3533
f 1565 3497 3496
f 1564 3580 3497
f 3628 3580 1564
f 3650 3628 1717
f 3688 3650 1809
f 1908 1996 3649
f 1909 3626 3649
f 1811 3627 3626
f 3687 3627 1811
f 3748 3687 1810
f 3864 3748 1997
f 3957 3864 2061
f 4076 3957 2145
f 2206 2285 4289
f 2405 4438 4289
f 4832 2662 2736
f 4733 2534 2662
f 4733 4548 2481
f 4441 2482 2481
f 2597 2482 4441
f 4443 2735 2597
f 4443 4442 2799
f 4549 2854 2799
f 4734 2964 2854
f 4834 3021 2964
f 5029 3087 3021
f 5031 3163 3087
f 4290 3238 3163
f 5033 3236 3238
f 5251 3237 3236
f 5251 5026 3088
f 3088 3237 5251
f 3236 5033 5251
f 3238 4290 5033
f 3163 5031 4290
f 3087 5029 5031
f 3021 4834 5029
f 2964 4734 4834
f 2854 4549 4734
f 2799 4442 4549
f 2799 2735 4443
f 2597 4440 4443
f 4441 4440 2597
f 2481 4548 4441
f 2481 2534 4733
f 2662 4832 4733
f 2736 4732 4832
f 2738 2600 4828
f 2800 2738 4731
f 2855 2800 4730
f 2909 2855 4831
f 4940 2967 2909
f 4939 2965 2967
f 5027 2966 2965
f 5168 3164 2966
f 5219 3239 3164
f 5249 3293 3239
f 5273 3336 3293
f 5284 3335 3336
f 5250 2480 3335
f 5032 2737 2480
f 5032 5117 2599
f 2600 2663 4829
f 4829 4828 2600
f 2599 2737 5032
f 2480 5250 5032
f 3335 5284 5250
f 3336 5273 5284
f 3293 5249 5273
f 3239 5219 5249
f 3164 5168 5219
f 2966 5027 5168
f 2965 4939 5027
f 2967 4940 4939
f 2909 4830 4940
f 4831 4830 2909
f 4730 4831 2855
f 4731 4730 2800
f 4828 4731 2738
f 5034 2483 2599
f 2207 2483 5034
f 1813 2207 4942
f 1566 1813 4835
f 1503 1566 4735
f 4292 1504 1503
f 4291 1636 1504
f 4550 1720 1636
f 5116 1911 1720
f 5169 1999 1911
f 5030 1812 1999
f 1718 1812 5030
f 5028 1719 1718
f 4833 1910 1719
f 4941 1998 1910
f 4439 2106 1998
f 3956 2146 2106
f 3955 2290 2146
f 4072 2357 2290
f 4161 2288 2357
f 2288 4161 4074
f 4074 2289 2288
f 2357 4072 4161
f 2290 3955 4072
f 2146 3956 3955
f 2106 4439 3956
f 1998 4941 4439
f 1910 4833 4941
f 1719 5028 4833
f 1718 5115 5028
f 5030 5115 1718
f 1999 5169 5030
f 1911 5116 5169
f 1720 4550 5116
f 1636 4291 4550
f 1504 4292 4291
f 1503 4444 4292
f 4735 4444 1503
f 4835 4735 1566
f 4942 4835 1813
f 5034 4942 2207
f 2599 5117 5034
f 4068 2359 2362
f 4070 2360 2359
f 3492 1637 2360
f 3492 4431 2438
f 2438 1637 3492
f 2360 4070 3492
f 2359 4068 4070
f 2362 4069 4068
f 2438 4431 4285
f 4285 4071 2291
f 3953 2208 2291
f 3863 2108 2208
f 3746 2063 2108
f 3685 1913 2063
f 3624 1914 1913
f 3623 2001 1914
f 3647 2062 2001
f 3647 3686 2000
f 3648 1912 2000
f 3625 1814 1912
f 3579 1638 1814
f 3579 3494 1639
f 1721 1639 3494
f 3493 3532 2107
f 2406 2107 3532
f 1567 2406 3747
f 2665 1567 3950
f 4543 4726 2802
f 2802 2665 4543
f 3950 4543 2665
f 3747 3950 1567
f 3532 3747 2406
f 2107 1721 3493
f 3494 3493 1721
f 1639 1638 3579
f 1814 3625 3579
f 1912 3648 3625
f 2000 3686 3648
f 2000 2062 3647
f 2001 3623 3647
f 1914 3624 3623
f 1913 3685 3624
f 2063 3746 3685
f 2108 3863 3746
f 2208 3953 3863
f 2291 4071 3953
f 2291 2358 4285
f 4285 2358 2438
f 4824 2739 2802
f 4727 2601 2739
f 4727 4544 2536
f 4434 2537 2536
f 4433 2664 2537
f 4436 2801 2664
f 4435 2856 2801
f 4545 2910 2856
f 4728 3022 2910
f 4826 3089 3022
f 3166 3089 4826
f 3240 3166 5020
f 3297 3240 5022
f 3295 3297 4286
f 3296 3295 5024
f 5248 5017 3167
f 3167 3296 5248
f 5024 5248 3296
f 4286 5024 3295
f 5022 4286 3297
f 5020 5022 3240
f 4826 5020 3166
f 3022 4728 4826
f 2910 4545 4728
f 2856 4435 4545
f 2801 4436 4435
f 2664 4433 4436
f 2537 4434 4433
f 2536 4544 4434
f 2536 2601 4727
f 2739 4824 4727
f 2802 4726 4824
f 4725 2804 2667
f 4724 2857 2804
f 4823 2911 2857
f 4822 2968 2911
f 4936 3025 2968
f 4935 3023 3025
f 5018 3024 3023
f 5165 3241 3024
f 5217 3298 3241
f 5246 3337 3298
f 5272 3359 3337
f 5283 3358 3359
f 5247 2535 3358
f 5023 2803 2535
f 5023 5114 2666
f 2667 2740 4821
f 4821 4820 2667
f 2666 2803 5023
f 2535 5247 5023
f 3358 5283 5247
f 3359 5272 5283
f 3337 5246 5272
f 3298 5217 5246
f 3241 5165 5217
f 3024 5018 5165
f 3023 4935 5018
f 3025 4936 4935
f 2968 4822 4936
f 2911 4823 4822
f 2857 4724 4823
f 2804 4725 4724
f 2667 4820 4725
f 2538 2666 5114
f 2292 2538 5025
f 1916 2292 4938
f 1640 1916 4827
f 1568 1640 4729
f 4288 1569 1568
f 4287 1722 1569
f 4546 1817 1722
f 5113 2003 1817
f 5166 2065 2003
f 5021 1915 2065
f 1815 1915 5021
f 5019 1816 1815
f 4825 2002 1816
f 4937 2064 2002
f 4432 2147 2064
f 3952 2209 2147
f 3951 2363 2209
f 4067 2407 2363
f 4160 2361 2407
f 4069 2362 2361
f 2361 4160 4069
f 2407 4067 4160
f 2363 3951 4067
f 2209 3952 3951
f 2147 4432 3952
f 2064 4937 4432
f 2002 4825 4937
f 1816 5019 4825
f 1815 5112 5019
f 5021 5112 1815
f 2065 5166 5021
f 2003 5113 5166
f 1817 4546 5113
f 1722 4287 4546
f 1569 4288 4287
f 1568 4437 4288
f 4729 4437 1568
f 4827 4729 1640
f 4938 4827 1916
f 5025 4938 2292
f 5114 5025 2538
f 3819 2365 2368
f 3821 2366 2365
f 3403 1641 2366
f 4060 2439 1641
f 1641 3403 4060
f 2366 3821 3403
f 2365 3819 3821
f 2368 3820 3819
f 2364 2439 4060
f 3822 2293 2364
f 3745 2210 2293
f 3684 2110 2210
f 3621 2067 2110
f 3577 1918 2067
f 3490 1919 1918
f 3489 2005 1919
f 3530 2066 2005
f 2004 2066 3530
f 3531 1917 2004
f 3491 1818 1917
f 3444 1642 1818
f 3444 3405 1643
f 1723 1643 3405
f 3417 2109 1723
f 3417 3622 2408
f 1570 2408 3622
f 4156 2669 1570
f 4156 4281 2806
f 2806 2669 4156
f 1570 3742 4156
f 3622 3742 1570
f 2408 2109 3417
f 1723 3404 3417
f 3405 3404 1723
f 1643 1642 3444
f 1818 3491 3444
f 1917 3531 3491
f 2004 3578 3531
f 3530 3578 2004
f 2005 3489 3530
f 1919 3490 3489
f 1918 3577 3490
f 2067 3621 3577
f 2110 3684 3621
f 2210 3745 3684
f 2293 3822 3745
f 2364 3946 3822
f 4060 3946 2364
f 4427 2741 2806
f 4282 2602 2741
f 4157 2540 2602
f 4157 4063 2541
f 4062 2668 2541
f 4065 2805 2668
f 4064 2858 2805
f 4158 2912 2858
f 4283 3026 2912
f 4429 3092 3026
f 4718 3169 3092
f 4720 3242 3169
f 3947 3301 3242
f 4722 3299 3301
f 5111 3300 3299
f 5111 4715 3168
f 3168 3300 5111
f 3299 4722 5111
f 3301 3947 4722
f 3242 4720 3947
f 3169 4718 4720
f 3092 4429 4718
f 3026 4283 4429
f 2912 4158 4283
f 2858 4064 4158
f 2805 4065 4064
f 2668 4062 4065
f 2541 4063 4062
f 2541 2540 4157
f 2602 4282 4157
f 2741 4427 4282
f 2806 4281 4427
f 4280 2808 2671
f 4279 2859 2808
f 4426 2913 2859
f 4425 2969 2913
f 4540 3029 2969
f 4539 3027 3029
f 4716 3028 3027
f 4933 3243 3028
f 5015 3302 3243
f 5109 3338 3302
f 5163 3361 3338
f 5216 3360 3361
f 5110 2539 3360
f 4721 2807 2539
f 4721 4819 2670
f 2671 2742 4424
f 4424 4423 2671
f 2670 2807 4721
f 2539 5110 4721
f 3360 5216 5110
f 3361 5163 5216
f 3338 5109 5163
f 3302 5015 5109
f 3243 4933 5015
f 3028 4716 4933
f 3027 4539 4716
f 3029 4540 4539
f 2969 4425 4540
f 2913 4426 4425
f 2859 4279 4426
f 2808 4280 4279
f 2671 4423 4280
f 4723 2542 2670
f 4542 2294 2542
f 4430 1921 2294
f 4284 1644 1921
f 4066 1571 1644
f 1572 1571 4066
f 1724 1572 3949
f 1821 1724 3948
f 2007 1821 4159
f 4934 2069 2007
f 4719 1920 2069
f 4817 1819 1920
f 4717 1820 1819
f 4428 2006 1820
f 4541 2068 2006
f 4061 2148 2068
f 3744 2211 2148
f 3743 2369 2211
f 3818 2409 2369
f 3862 2367 2409
f 3820 2368 2367
f 2367 3862 3820
f 2409 3818 3862
f 2369 3743 3818
f 2211 3744 3743
f 2148 4061 3744
f 2068 4541 4061
f 2006 4428 4541
f 1820 4717 4428
f 1819 4817 4717
f 1920 4719 4817
f 2069 4934 4719
f 2007 4818 4934
f 4159 4818 2007
f 3948 4159 1821
f 3949 3948 1724
f 4066 3949 1572
f 1644 4284 4066
f 1921 4430 4284
f 2294 4542 4430
f 2542 4723 4542
f 2670 4819 4723
