# 
# Wavefront OBJ file
# Created with Kaydara FBX
# 
mtllib donji_deo_kucista.mtl

g donji_deo_kucista
v 31.803963 40.124891 4.000000
v 31.815834 40.240363 4.000000
v 31.835557 40.354755 4.000000
v 31.863041 40.467534 4.000000
v 31.898156 40.578175 4.000000
v 31.940741 40.686161 4.000000
v 31.990595 40.790990 4.000000
v 32.047487 40.892172 4.000000
v 32.111151 40.989236 4.000000
v 32.181291 41.081729 4.000000
v 32.257579 41.169220 4.000000
v 32.339660 41.251300 4.000000
v 32.427150 41.327589 4.000000
v 32.519643 41.397728 4.000000
v 32.616707 41.461392 4.000000
v 32.717889 41.518284 4.000000
v 32.822718 41.568139 4.000000
v 32.930705 41.610723 4.000000
v 33.041345 41.645839 4.000000
v 33.154125 41.673322 4.000000
v 33.268517 41.693045 4.000000
v 33.383988 41.704916 4.000000
v 33.500000 41.708879 4.000000
v 33.616012 41.704916 4.000000
v 33.731483 41.693045 4.000000
v 33.845875 41.673322 4.000000
v 33.958655 41.645839 4.000000
v 34.069295 41.610723 4.000000
v 34.177282 41.568139 4.000000
v 34.282111 41.518284 4.000000
v 34.383293 41.461392 4.000000
v 34.480357 41.397728 4.000000
v 34.572850 41.327589 4.000000
v 34.660340 41.251300 4.000000
v 34.742421 41.169220 4.000000
v 34.818709 41.081729 4.000000
v 34.888849 40.989236 4.000000
v 34.952513 40.892172 4.000000
v 35.009405 40.790990 4.000000
v 35.059259 40.686161 4.000000
v 35.101844 40.578175 4.000000
v 35.136959 40.467534 4.000000
v 35.164443 40.354755 4.000000
v 35.184166 40.240363 4.000000
v 35.196037 40.124891 4.000000
v 35.200000 40.008879 4.000000
v 35.196037 39.892867 4.000000
v 35.184166 39.777396 4.000000
v 35.164443 39.663004 4.000000
v 35.136959 39.550225 4.000000
v 35.101844 39.439584 4.000000
v 35.059259 39.331598 4.000000
v 35.009405 39.226769 4.000000
v 34.952513 39.125587 4.000000
v 34.888849 39.028523 4.000000
v 34.818709 38.936030 4.000000
v 34.742421 38.848539 4.000000
v 34.660340 38.766458 4.000000
v 34.572850 38.690170 4.000000
v 34.480357 38.620031 4.000000
v 34.383293 38.556366 4.000000
v 34.282111 38.499474 4.000000
v 34.177282 38.449620 4.000000
v 34.069295 38.407036 4.000000
v 33.958655 38.371920 4.000000
v 33.845875 38.344436 4.000000
v 33.731483 38.324713 4.000000
v 33.616012 38.312842 4.000000
v 33.500000 38.308879 4.000000
v 33.383988 38.312842 4.000000
v 33.268517 38.324713 4.000000
v 33.154125 38.344436 4.000000
v 33.041345 38.371920 4.000000
v 32.930705 38.407036 4.000000
v 32.822718 38.449620 4.000000
v 32.717889 38.499474 4.000000
v 32.616707 38.556366 4.000000
v 32.519643 38.620031 4.000000
v 32.427150 38.690170 4.000000
v 32.339660 38.766458 4.000000
v 32.257579 38.848539 4.000000
v 32.181291 38.936030 4.000000
v 32.111151 39.028523 4.000000
v 32.047487 39.125587 4.000000
v 31.990595 39.226769 4.000000
v 31.940741 39.331598 4.000000
v 31.898156 39.439584 4.000000
v 31.863041 39.550225 4.000000
v 31.835557 39.663004 4.000000
v 31.815834 39.777396 4.000000
v 31.803963 39.892867 4.000000
v 31.800000 40.008879 4.000000
v 33.500000 40.008879 4.000000
v 31.803963 39.892867 -19.900000
v 31.800000 40.008879 -19.900000
v 31.815834 39.777396 -19.900000
v 31.835557 39.663004 -19.900000
v 31.863041 39.550225 -19.900000
v 31.898156 39.439584 -19.900000
v 31.940741 39.331598 -19.900000
v 31.990595 39.226769 -19.900000
v 32.047487 39.125587 -19.900000
v 32.111151 39.028523 -19.900000
v 32.181291 38.936030 -19.900000
v 32.257579 38.848539 -19.900000
v 32.339660 38.766458 -19.900000
v 32.427150 38.690170 -19.900000
v 32.519643 38.620031 -19.900000
v 32.616707 38.556366 -19.900000
v 32.717889 38.499474 -19.900000
v 32.822718 38.449620 -19.900000
v 32.930705 38.407036 -19.900000
v 33.041345 38.371920 -19.900000
v 33.154125 38.344436 -19.900000
v 33.268517 38.324713 -19.900000
v 33.383988 38.312842 -19.900000
v 33.500000 38.308879 -19.900000
v 33.616012 38.312842 -19.900000
v 33.731483 38.324713 -19.900000
v 33.845875 38.344436 -19.900000
v 33.958655 38.371920 -19.900000
v 34.069295 38.407036 -19.900000
v 34.177282 38.449620 -19.900000
v 34.282111 38.499474 -19.900000
v 34.383293 38.556366 -19.900000
v 34.480357 38.620031 -19.900000
v 34.572850 38.690170 -19.900000
v 34.660340 38.766458 -19.900000
v 34.742421 38.848539 -19.900000
v 34.818709 38.936030 -19.900000
v 34.888849 39.028523 -19.900000
v 34.952513 39.125587 -19.900000
v 35.009405 39.226769 -19.900000
v 35.059259 39.331598 -19.900000
v 35.101844 39.439584 -19.900000
v 35.136959 39.550225 -19.900000
v 35.164443 39.663004 -19.900000
v 35.184166 39.777396 -19.900000
v 35.196037 39.892867 -19.900000
v 35.200000 40.008879 -19.900000
v 35.196037 40.124891 -19.900000
v 35.184166 40.240363 -19.900000
v 35.164443 40.354755 -19.900000
v 35.136959 40.467534 -19.900000
v 35.101844 40.578175 -19.900000
v 35.059259 40.686161 -19.900000
v 35.009405 40.790990 -19.900000
v 34.952513 40.892172 -19.900000
v 34.888849 40.989236 -19.900000
v 34.818709 41.081729 -19.900000
v 34.742421 41.169220 -19.900000
v 34.660340 41.251300 -19.900000
v 34.572850 41.327589 -19.900000
v 34.480357 41.397728 -19.900000
v 34.383293 41.461392 -19.900000
v 34.282111 41.518284 -19.900000
v 34.177282 41.568139 -19.900000
v 34.069295 41.610723 -19.900000
v 33.958655 41.645839 -19.900000
v 33.845875 41.673322 -19.900000
v 33.731483 41.693045 -19.900000
v 33.616012 41.704916 -19.900000
v 33.500000 41.708879 -19.900000
v 33.383988 41.704916 -19.900000
v 33.268517 41.693045 -19.900000
v 33.154125 41.673322 -19.900000
v 33.041345 41.645839 -19.900000
v 32.930705 41.610723 -19.900000
v 32.822718 41.568139 -19.900000
v 32.717889 41.518284 -19.900000
v 32.616707 41.461392 -19.900000
v 32.519643 41.397728 -19.900000
v 32.427150 41.327589 -19.900000
v 32.339660 41.251300 -19.900000
v 32.257579 41.169220 -19.900000
v 32.181291 41.081729 -19.900000
v 32.111151 40.989236 -19.900000
v 32.047487 40.892172 -19.900000
v 31.990595 40.790990 -19.900000
v 31.940741 40.686161 -19.900000
v 31.898156 40.578175 -19.900000
v 31.863041 40.467534 -19.900000
v 31.835557 40.354755 -19.900000
v 31.815834 40.240363 -19.900000
v 31.803963 40.124891 -19.900000
v 30.209103 40.008879 -19.900000
v 30.209103 44.000000 -19.900000
v 36.790888 40.008865 -19.900000
v 35.145448 37.158879 -19.900000
v 31.854552 37.158879 -19.900000
v 36.816906 44.000000 -19.900000
v 36.816906 40.008851 -19.900000
v 30.209103 44.000000 -23.000000
v 30.209103 40.008879 -23.000000
v 36.816906 44.000000 -23.000000
v 36.816906 40.008851 -23.000000
v 36.790888 40.008865 -23.000000
v 35.145448 37.158879 -23.000000
v 31.854552 37.158879 -23.000000
v 34.177282 41.568139 -23.000000
v 34.282111 41.518284 -23.000000
v 33.958655 41.645839 -23.000000
v 34.069295 41.610723 -23.000000
v 34.383293 41.461392 -23.000000
v 33.845875 41.673322 -23.000000
v 32.822718 41.568139 -23.000000
v 32.930705 41.610723 -23.000000
v 32.616707 41.461392 -23.000000
v 32.717889 41.518284 -23.000000
v 31.898156 40.578175 -23.000000
v 31.940741 40.686161 -23.000000
v 34.818709 41.081729 -23.000000
v 34.888849 40.989236 -23.000000
v 33.616012 41.704916 -23.000000
v 33.731483 41.693045 -23.000000
v 33.500000 41.708879 -23.000000
v 33.041345 41.645839 -23.000000
v 32.519643 41.397728 -23.000000
v 31.990595 40.790990 -23.000000
v 31.863041 40.467534 -23.000000
v 31.940741 39.331598 -23.000000
v 31.898156 39.439584 -23.000000
v 32.047487 39.125587 -23.000000
v 35.059259 40.686161 -23.000000
v 34.742421 41.169220 -23.000000
v 33.383988 41.704916 -23.000000
v 33.154125 41.673322 -23.000000
v 33.268517 41.693045 -23.000000
v 32.047487 40.892172 -23.000000
v 31.835557 40.354755 -23.000000
v 31.990595 39.226769 -23.000000
v 32.111151 39.028523 -23.000000
v 32.257579 38.848539 -23.000000
v 32.181291 38.936030 -23.000000
v 32.616707 38.556366 -23.000000
v 32.519643 38.620031 -23.000000
v 32.822718 38.449620 -23.000000
v 32.717889 38.499474 -23.000000
v 33.041345 38.371920 -23.000000
v 32.930705 38.407036 -23.000000
v 35.101844 40.578175 -23.000000
v 34.660340 41.251300 -23.000000
v 34.480357 41.397728 -23.000000
v 34.572850 41.327589 -23.000000
v 32.339660 41.251300 -23.000000
v 32.427150 41.327589 -23.000000
v 31.803963 40.124891 -23.000000
v 31.815834 40.240363 -23.000000
v 31.863041 39.550225 -23.000000
v 33.154125 38.344436 -23.000000
v 34.177282 38.449620 -23.000000
v 34.069295 38.407036 -23.000000
v 34.480357 38.620031 -23.000000
v 34.383293 38.556366 -23.000000
v 34.660340 38.766458 -23.000000
v 34.572850 38.690170 -23.000000
v 35.136959 40.467534 -23.000000
v 34.952513 40.892172 -23.000000
v 35.009405 40.790990 -23.000000
v 32.257579 41.169220 -23.000000
v 32.111151 40.989236 -23.000000
v 32.181291 41.081729 -23.000000
v 31.803963 39.892867 -23.000000
v 31.800000 40.008879 -23.000000
v 31.835557 39.663004 -23.000000
v 31.815834 39.777396 -23.000000
v 33.383988 38.312842 -23.000000
v 33.268517 38.324713 -23.000000
v 34.282111 38.499474 -23.000000
v 35.164443 40.354755 -23.000000
v 35.184166 40.240363 -23.000000
v 32.427150 38.690170 -23.000000
v 32.339660 38.766458 -23.000000
v 33.500000 38.308879 -23.000000
v 35.196037 40.124891 -23.000000
v 35.200000 40.008879 -23.000000
v 33.616012 38.312842 -23.000000
v 33.845875 38.344436 -23.000000
v 33.731483 38.324713 -23.000000
v 33.958655 38.371920 -23.000000
v 35.059259 39.331598 -23.000000
v 35.009405 39.226769 -23.000000
v 34.952513 39.125587 -23.000000
v 34.888849 39.028523 -23.000000
v 35.101844 39.439584 -23.000000
v 35.136959 39.550225 -23.000000
v 34.818709 38.936030 -23.000000
v 34.742421 38.848539 -23.000000
v 35.164443 39.663004 -23.000000
v 35.196037 39.892867 -23.000000
v 35.184166 39.777396 -23.000000
v 31.803963 39.892867 -29.000000
v 31.800000 40.008879 -29.000000
v 31.815834 39.777396 -29.000000
v 31.835557 39.663004 -29.000000
v 31.863041 39.550225 -29.000000
v 31.898156 39.439584 -29.000000
v 31.940741 39.331598 -29.000000
v 31.990595 39.226769 -29.000000
v 32.047487 39.125587 -29.000000
v 32.111151 39.028523 -29.000000
v 32.181291 38.936030 -29.000000
v 32.257579 38.848539 -29.000000
v 32.339660 38.766458 -29.000000
v 32.427150 38.690170 -29.000000
v 32.519643 38.620031 -29.000000
v 32.616707 38.556366 -29.000000
v 32.717889 38.499474 -29.000000
v 32.822718 38.449620 -29.000000
v 32.930705 38.407036 -29.000000
v 33.041345 38.371920 -29.000000
v 33.154125 38.344436 -29.000000
v 33.268517 38.324713 -29.000000
v 33.383988 38.312842 -29.000000
v 33.500000 38.308879 -29.000000
v 33.616012 38.312842 -29.000000
v 33.731483 38.324713 -29.000000
v 33.845875 38.344436 -29.000000
v 33.958655 38.371920 -29.000000
v 34.069295 38.407036 -29.000000
v 34.177282 38.449620 -29.000000
v 34.282111 38.499474 -29.000000
v 34.383293 38.556366 -29.000000
v 34.480357 38.620031 -29.000000
v 34.572850 38.690170 -29.000000
v 34.660340 38.766458 -29.000000
v 34.742421 38.848539 -29.000000
v 34.818709 38.936030 -29.000000
v 34.888849 39.028523 -29.000000
v 34.952513 39.125587 -29.000000
v 35.009405 39.226769 -29.000000
v 35.059259 39.331598 -29.000000
v 35.101844 39.439584 -29.000000
v 35.136959 39.550225 -29.000000
v 35.164443 39.663004 -29.000000
v 35.184166 39.777396 -29.000000
v 35.196037 39.892867 -29.000000
v 35.200000 40.008879 -29.000000
v 35.196037 40.124891 -29.000000
v 35.184166 40.240363 -29.000000
v 35.164443 40.354755 -29.000000
v 35.136959 40.467534 -29.000000
v 35.101844 40.578175 -29.000000
v 35.059259 40.686161 -29.000000
v 35.009405 40.790990 -29.000000
v 34.952513 40.892172 -29.000000
v 34.888849 40.989236 -29.000000
v 34.818709 41.081729 -29.000000
v 34.742421 41.169220 -29.000000
v 34.660340 41.251300 -29.000000
v 34.572850 41.327589 -29.000000
v 34.480357 41.397728 -29.000000
v 34.383293 41.461392 -29.000000
v 34.282111 41.518284 -29.000000
v 34.177282 41.568139 -29.000000
v 34.069295 41.610723 -29.000000
v 33.958655 41.645839 -29.000000
v 33.845875 41.673322 -29.000000
v 33.731483 41.693045 -29.000000
v 33.616012 41.704916 -29.000000
v 33.500000 41.708879 -29.000000
v 33.383988 41.704916 -29.000000
v 33.268517 41.693045 -29.000000
v 33.154125 41.673322 -29.000000
v 33.041345 41.645839 -29.000000
v 32.930705 41.610723 -29.000000
v 32.822718 41.568139 -29.000000
v 32.717889 41.518284 -29.000000
v 32.616707 41.461392 -29.000000
v 32.519643 41.397728 -29.000000
v 32.427150 41.327589 -29.000000
v 32.339660 41.251300 -29.000000
v 32.257579 41.169220 -29.000000
v 32.181291 41.081729 -29.000000
v 32.111151 40.989236 -29.000000
v 32.047487 40.892172 -29.000000
v 31.990595 40.790990 -29.000000
v 31.940741 40.686161 -29.000000
v 31.898156 40.578175 -29.000000
v 31.863041 40.467534 -29.000000
v 31.835557 40.354755 -29.000000
v 31.815834 40.240363 -29.000000
v 31.803963 40.124891 -29.000000
v 28.500000 44.000000 -29.000000
v 38.500000 36.000000 -29.000000
v 38.500000 44.000000 -29.000000
v 28.500000 36.000000 -29.000000
v 38.500000 44.000000 -35.975000
v 38.500000 36.000000 -35.975000
v 28.500000 36.000000 -35.975000
v 28.500000 44.000000 -35.975000
v 40.525000 44.000000 -38.000000
v 40.525000 36.000000 -38.000000
v 61.750000 44.000000 -38.000000
v 61.750000 36.000000 -38.000000
v 26.475000 36.000000 -38.000000
v 26.475000 44.000000 -38.000000
v -9.475000 36.000000 -38.000000
v -9.475000 44.000000 -38.000000
v 8.506166 44.000000 -38.000000
v -11.500000 36.000000 -35.975000
v -11.500000 44.000000 -35.975000
v -11.500000 36.000000 -29.000000
v -11.500000 44.000000 -29.000000
v -14.803963 40.124891 -29.000000
v -14.815834 40.240363 -29.000000
v -14.803963 39.892867 -29.000000
v -14.800000 40.008879 -29.000000
v -15.047487 40.892172 -29.000000
v -15.111151 40.989236 -29.000000
v -14.898156 40.578175 -29.000000
v -14.940741 40.686161 -29.000000
v -14.835557 40.354755 -29.000000
v -14.835557 39.663004 -29.000000
v -14.815834 39.777396 -29.000000
v -14.990595 40.790990 -29.000000
v -14.863041 40.467534 -29.000000
v -14.863041 39.550225 -29.000000
v -15.047487 39.125587 -29.000000
v -14.990595 39.226769 -29.000000
v -21.500000 44.000000 -29.000000
v -18.059259 40.686161 -29.000000
v -18.101844 40.578175 -29.000000
v -17.952513 40.892172 -29.000000
v -18.009405 40.790990 -29.000000
v -15.181291 41.081729 -29.000000
v -15.257579 41.169220 -29.000000
v -14.940741 39.331598 -29.000000
v -14.898156 39.439584 -29.000000
v -15.111151 39.028523 -29.000000
v -16.383988 38.312842 -29.000000
v -16.268517 38.324713 -29.000000
v -21.500000 36.000000 -29.000000
v -16.616012 38.312842 -29.000000
v -16.500000 38.308879 -29.000000
v -16.845875 38.344436 -29.000000
v -16.731483 38.324713 -29.000000
v -17.177282 38.449620 -29.000000
v -17.069295 38.407036 -29.000000
v -17.383293 38.556366 -29.000000
v -17.282111 38.499474 -29.000000
v -17.572850 38.690170 -29.000000
v -17.480357 38.620031 -29.000000
v -18.059259 39.331598 -29.000000
v -18.009405 39.226769 -29.000000
v -18.136959 40.467534 -29.000000
v -18.164443 40.354755 -29.000000
v -17.742421 41.169220 -29.000000
v -17.818709 41.081729 -29.000000
v -17.572850 41.327589 -29.000000
v -17.660340 41.251300 -29.000000
v -16.845875 41.673322 -29.000000
v -16.958655 41.645839 -29.000000
v -16.616012 41.704916 -29.000000
v -16.731483 41.693045 -29.000000
v -16.383988 41.704916 -29.000000
v -16.500000 41.708879 -29.000000
v -15.519643 41.397728 -29.000000
v -15.616707 41.461392 -29.000000
v -15.339660 41.251300 -29.000000
v -15.257579 38.848539 -29.000000
v -15.181291 38.936030 -29.000000
v -16.154125 38.344436 -29.000000
v -16.958655 38.371920 -29.000000
v -17.660340 38.766458 -29.000000
v -17.818709 38.936030 -29.000000
v -17.742421 38.848539 -29.000000
v -17.952513 39.125587 -29.000000
v -18.184166 39.777396 -29.000000
v -18.164443 39.663004 -29.000000
v -18.184166 40.240363 -29.000000
v -17.888849 40.989236 -29.000000
v -17.282111 41.518284 -29.000000
v -17.383293 41.461392 -29.000000
v -17.069295 41.610723 -29.000000
v -17.177282 41.568139 -29.000000
v -16.154125 41.673322 -29.000000
v -16.268517 41.693045 -29.000000
v -15.822718 41.568139 -29.000000
v -15.930705 41.610723 -29.000000
v -15.717889 41.518284 -29.000000
v -15.427150 41.327589 -29.000000
v -15.339660 38.766458 -29.000000
v -15.519643 38.620031 -29.000000
v -15.427150 38.690170 -29.000000
v -15.822718 38.449620 -29.000000
v -15.717889 38.499474 -29.000000
v -16.041345 38.371920 -29.000000
v -15.930705 38.407036 -29.000000
v -17.888849 39.028523 -29.000000
v -18.136959 39.550225 -29.000000
v -18.101844 39.439584 -29.000000
v -18.196037 39.892867 -29.000000
v -17.480357 41.397728 -29.000000
v -16.041345 41.645839 -29.000000
v -18.196037 40.124891 -29.000000
v -15.616707 38.556366 -29.000000
v -18.200000 40.008879 -29.000000
v -21.500000 36.000000 -35.975000
v -21.500000 44.000000 -35.975000
v -23.525000 36.000000 -38.000000
v -23.525000 44.000000 -38.000000
v -18.200000 40.008879 -23.000000
v -18.196037 39.892867 -23.000000
v -18.184166 39.777396 -23.000000
v -18.164443 39.663004 -23.000000
v -18.136959 39.550225 -23.000000
v -18.101844 39.439584 -23.000000
v -18.059259 39.331598 -23.000000
v -18.009405 39.226769 -23.000000
v -17.952513 39.125587 -23.000000
v -17.888849 39.028523 -23.000000
v -17.818709 38.936030 -23.000000
v -17.742421 38.848539 -23.000000
v -17.660340 38.766458 -23.000000
v -17.572850 38.690170 -23.000000
v -17.480357 38.620031 -23.000000
v -17.383293 38.556366 -23.000000
v -17.282111 38.499474 -23.000000
v -17.177282 38.449620 -23.000000
v -17.069295 38.407036 -23.000000
v -16.958655 38.371920 -23.000000
v -16.845875 38.344436 -23.000000
v -16.731483 38.324713 -23.000000
v -16.616012 38.312842 -23.000000
v -16.500000 38.308879 -23.000000
v -16.383988 38.312842 -23.000000
v -16.268517 38.324713 -23.000000
v -16.154125 38.344436 -23.000000
v -16.041345 38.371920 -23.000000
v -15.930705 38.407036 -23.000000
v -15.822718 38.449620 -23.000000
v -15.717889 38.499474 -23.000000
v -15.616707 38.556366 -23.000000
v -15.519643 38.620031 -23.000000
v -15.427150 38.690170 -23.000000
v -15.339660 38.766458 -23.000000
v -15.257579 38.848539 -23.000000
v -15.181291 38.936030 -23.000000
v -15.111151 39.028523 -23.000000
v -15.047487 39.125587 -23.000000
v -14.990595 39.226769 -23.000000
v -14.940741 39.331598 -23.000000
v -14.898156 39.439584 -23.000000
v -14.863041 39.550225 -23.000000
v -14.835557 39.663004 -23.000000
v -14.815834 39.777396 -23.000000
v -14.803963 39.892867 -23.000000
v -14.800000 40.008879 -23.000000
v -14.803963 40.124891 -23.000000
v -14.815834 40.240363 -23.000000
v -14.835557 40.354755 -23.000000
v -14.863041 40.467534 -23.000000
v -14.898156 40.578175 -23.000000
v -14.940741 40.686161 -23.000000
v -14.990595 40.790990 -23.000000
v -15.047487 40.892172 -23.000000
v -15.111151 40.989236 -23.000000
v -15.181291 41.081729 -23.000000
v -15.257579 41.169220 -23.000000
v -15.339660 41.251300 -23.000000
v -15.427150 41.327589 -23.000000
v -15.519643 41.397728 -23.000000
v -15.616707 41.461392 -23.000000
v -15.717889 41.518284 -23.000000
v -15.822718 41.568139 -23.000000
v -15.930705 41.610723 -23.000000
v -16.041345 41.645839 -23.000000
v -16.154125 41.673322 -23.000000
v -16.268517 41.693045 -23.000000
v -16.383988 41.704916 -23.000000
v -16.500000 41.708879 -23.000000
v -16.616012 41.704916 -23.000000
v -16.731483 41.693045 -23.000000
v -16.845875 41.673322 -23.000000
v -16.958655 41.645839 -23.000000
v -17.069295 41.610723 -23.000000
v -17.177282 41.568139 -23.000000
v -17.282111 41.518284 -23.000000
v -17.383293 41.461392 -23.000000
v -17.480357 41.397728 -23.000000
v -17.572850 41.327589 -23.000000
v -17.660340 41.251300 -23.000000
v -17.742421 41.169220 -23.000000
v -17.818709 41.081729 -23.000000
v -17.888849 40.989236 -23.000000
v -17.952513 40.892172 -23.000000
v -18.009405 40.790990 -23.000000
v -18.059259 40.686161 -23.000000
v -18.101844 40.578175 -23.000000
v -18.136959 40.467534 -23.000000
v -18.164443 40.354755 -23.000000
v -18.184166 40.240363 -23.000000
v -18.196037 40.124891 -23.000000
v -43.250000 36.000000 -38.000000
v -50.408160 41.245407 -38.000000
v -50.295487 41.422665 -38.000000
v -48.314153 43.264284 -38.000000
v -48.129143 43.363717 -38.000000
v -50.176416 41.595689 -38.000000
v -50.706327 40.690626 -38.000000
v -50.613717 40.879143 -38.000000
v -51.246164 38.460002 -38.000000
v -51.234661 38.669723 -38.000000
v -46.128884 43.965506 -38.000000
v -45.919723 43.984661 -38.000000
v -47.356562 43.692029 -38.000000
v -47.156570 43.756203 -38.000000
v -47.748852 43.541991 -38.000000
v -47.554078 43.620593 -38.000000
v -48.495407 43.158160 -38.000000
v -48.845689 42.926416 -38.000000
v -48.672665 43.045487 -38.000000
v -49.490927 42.389445 -38.000000
v -49.337083 42.532440 -38.000000
v -49.919721 41.928120 -38.000000
v -49.782440 42.087083 -38.000000
v -50.514284 41.064153 -38.000000
v -50.791991 40.498852 -38.000000
v -51.215506 38.878884 -38.000000
v -46.337207 43.938724 -38.000000
v -47.940626 43.456327 -38.000000
v -49.014249 42.801105 -38.000000
v -49.178120 42.669721 -38.000000
v -50.051105 41.764249 -38.000000
v -50.942029 40.106562 -38.000000
v -50.870593 40.304078 -38.000000
v -51.063031 39.704367 -38.000000
v -51.006203 39.906570 -38.000000
v -51.154353 39.294412 -38.000000
v -51.112436 39.500224 -38.000000
v -51.188724 39.087207 -38.000000
v -46.544412 43.904353 -38.000000
v -46.954367 43.813031 -38.000000
v -46.750224 43.862436 -38.000000
v -51.250000 38.250000 -38.000000
v -45.710002 43.996164 -38.000000
v -49.639445 42.240927 -38.000000
v -51.250000 7.025000 -38.000000
v -43.250000 7.025000 -38.000000
v -45.500000 44.000000 -38.000000
v -43.250000 5.000000 -35.975000
v -51.250000 5.000000 -35.975000
v -43.250000 5.000000 -29.000000
v -51.250000 5.000000 -29.000000
v -45.710002 43.996164 7.000000
v -45.500000 44.000000 7.000000
v -45.500000 44.000000 -17.450000
v -45.919723 43.984661 7.000000
v -46.128884 43.965506 7.000000
v -46.337207 43.938724 7.000000
v -46.544412 43.904353 7.000000
v -46.750224 43.862436 7.000000
v -46.954367 43.813031 7.000000
v -47.156570 43.756203 7.000000
v -47.356562 43.692029 7.000000
v -47.554078 43.620593 7.000000
v -47.748852 43.541991 7.000000
v -47.940626 43.456327 7.000000
v -48.129143 43.363717 7.000000
v -48.314153 43.264284 7.000000
v -48.495407 43.158160 7.000000
v -48.672665 43.045487 7.000000
v -48.845689 42.926416 7.000000
v -49.014249 42.801105 7.000000
v -49.178120 42.669721 7.000000
v -49.337083 42.532440 7.000000
v -49.490927 42.389445 7.000000
v -49.639445 42.240927 7.000000
v -49.782440 42.087083 7.000000
v -49.919721 41.928120 7.000000
v -50.051105 41.764249 7.000000
v -50.176416 41.595689 7.000000
v -50.295487 41.422665 7.000000
v -50.408160 41.245407 7.000000
v -50.514284 41.064153 7.000000
v -50.613717 40.879143 7.000000
v -50.706327 40.690626 7.000000
v -50.791991 40.498852 7.000000
v -50.870593 40.304078 7.000000
v -50.942029 40.106562 7.000000
v -51.006203 39.906570 7.000000
v -51.063031 39.704367 7.000000
v -51.112436 39.500224 7.000000
v -51.154353 39.294412 7.000000
v -51.188724 39.087207 7.000000
v -51.215506 38.878884 7.000000
v -51.234661 38.669723 7.000000
v -51.246164 38.460002 7.000000
v -51.250000 38.250000 7.000000
v -47.366012 1.696037 -29.000000
v -47.481483 1.684166 -29.000000
v -47.708655 1.636959 -29.000000
v -47.819295 1.601844 -29.000000
v -47.595875 1.664443 -29.000000
v -47.133988 1.696037 -29.000000
v -47.250000 1.700000 -29.000000
v -46.904125 1.664443 -29.000000
v -47.018517 1.684166 -29.000000
v -46.791345 1.636959 -29.000000
v -46.572718 1.559259 -29.000000
v -46.680705 1.601844 -29.000000
v -46.269643 1.388849 -29.000000
v -46.366707 1.452513 -29.000000
v -43.250000 -5.000000 -29.000000
v -51.250000 -5.000000 -29.000000
v -47.250000 -1.700000 -29.000000
v -48.032111 1.509405 -29.000000
v -48.133293 1.452513 -29.000000
v -46.467889 1.509405 -29.000000
v -45.690741 0.677282 -29.000000
v -45.740595 0.782111 -29.000000
v -45.613041 0.458655 -29.000000
v -45.648156 0.569295 -29.000000
v -45.553963 0.116012 -29.000000
v -45.565834 0.231483 -29.000000
v -46.791345 -1.636959 -29.000000
v -46.680705 -1.601844 -29.000000
v -47.366012 -1.696037 -29.000000
v -47.708655 -1.636959 -29.000000
v -47.595875 -1.664443 -29.000000
v -47.927282 -1.559259 -29.000000
v -47.819295 -1.601844 -29.000000
v -47.927282 1.559259 -29.000000
v -45.585557 0.345875 -29.000000
v -45.553963 -0.116012 -29.000000
v -45.550000 0.000000 -29.000000
v -46.904125 -1.664443 -29.000000
v -47.133988 -1.696037 -29.000000
v -47.018517 -1.684166 -29.000000
v -47.481483 -1.684166 -29.000000
v -48.410340 1.242421 -29.000000
v -48.492421 1.160340 -29.000000
v -46.089660 1.242421 -29.000000
v -46.177150 1.318709 -29.000000
v -45.931291 1.072850 -29.000000
v -46.007579 1.160340 -29.000000
v -45.797487 0.883293 -29.000000
v -45.861151 0.980357 -29.000000
v -45.585557 -0.345875 -29.000000
v -45.565834 -0.231483 -29.000000
v -46.467889 -1.509405 -29.000000
v -46.366707 -1.452513 -29.000000
v -48.322850 -1.318709 -29.000000
v -48.230357 -1.388849 -29.000000
v -48.809259 0.677282 -29.000000
v -48.851844 0.569295 -29.000000
v -48.568709 1.072850 -29.000000
v -48.230357 1.388849 -29.000000
v -48.322850 1.318709 -29.000000
v -45.613041 -0.458655 -29.000000
v -45.690741 -0.677282 -29.000000
v -45.648156 -0.569295 -29.000000
v -45.797487 -0.883293 -29.000000
v -45.740595 -0.782111 -29.000000
v -46.572718 -1.559259 -29.000000
v -48.410340 -1.242421 -29.000000
v -48.568709 -1.072850 -29.000000
v -48.492421 -1.160340 -29.000000
v -48.809259 -0.677282 -29.000000
v -48.759405 -0.782111 -29.000000
v -48.886959 -0.458655 -29.000000
v -48.851844 -0.569295 -29.000000
v -48.946037 -0.116012 -29.000000
v -48.934166 -0.231483 -29.000000
v -48.759405 0.782111 -29.000000
v -48.638849 0.980357 -29.000000
v -48.702513 0.883293 -29.000000
v -45.931291 -1.072850 -29.000000
v -45.861151 -0.980357 -29.000000
v -46.089660 -1.242421 -29.000000
v -46.007579 -1.160340 -29.000000
v -48.133293 -1.452513 -29.000000
v -48.032111 -1.509405 -29.000000
v -48.702513 -0.883293 -29.000000
v -48.638849 -0.980357 -29.000000
v -48.914443 -0.345875 -29.000000
v -48.914443 0.345875 -29.000000
v -48.934166 0.231483 -29.000000
v -48.886959 0.458655 -29.000000
v -46.269643 -1.388849 -29.000000
v -46.177150 -1.318709 -29.000000
v -48.950000 -0.000000 -29.000000
v -48.946037 0.116012 -29.000000
v -43.250000 -5.000000 -35.975000
v -51.250000 -5.000000 -35.975000
v -43.250000 -7.025000 -38.000000
v -51.250000 -7.025000 -38.000000
v -48.950000 0.000000 -23.000000
v -48.946037 -0.116012 -23.000000
v -48.934166 -0.231483 -23.000000
v -48.914443 -0.345875 -23.000000
v -48.886959 -0.458655 -23.000000
v -48.851844 -0.569295 -23.000000
v -48.809259 -0.677282 -23.000000
v -48.759405 -0.782111 -23.000000
v -48.702513 -0.883293 -23.000000
v -48.638849 -0.980357 -23.000000
v -48.568709 -1.072850 -23.000000
v -48.492421 -1.160340 -23.000000
v -48.410340 -1.242421 -23.000000
v -48.322850 -1.318709 -23.000000
v -48.230357 -1.388849 -23.000000
v -48.133293 -1.452513 -23.000000
v -48.032111 -1.509405 -23.000000
v -47.927282 -1.559259 -23.000000
v -47.819295 -1.601844 -23.000000
v -47.708655 -1.636959 -23.000000
v -47.595875 -1.664443 -23.000000
v -47.481483 -1.684166 -23.000000
v -47.366012 -1.696037 -23.000000
v -47.250000 -1.700000 -23.000000
v -47.133988 -1.696037 -23.000000
v -47.018517 -1.684166 -23.000000
v -46.904125 -1.664443 -23.000000
v -46.791345 -1.636959 -23.000000
v -46.680705 -1.601844 -23.000000
v -46.572718 -1.559259 -23.000000
v -46.467889 -1.509405 -23.000000
v -46.366707 -1.452513 -23.000000
v -46.269643 -1.388849 -23.000000
v -46.177150 -1.318709 -23.000000
v -46.089660 -1.242421 -23.000000
v -46.007579 -1.160340 -23.000000
v -45.931291 -1.072850 -23.000000
v -45.861151 -0.980357 -23.000000
v -45.797487 -0.883293 -23.000000
v -45.740595 -0.782111 -23.000000
v -45.690741 -0.677282 -23.000000
v -45.648156 -0.569295 -23.000000
v -45.613041 -0.458655 -23.000000
v -45.585557 -0.345875 -23.000000
v -45.565834 -0.231483 -23.000000
v -45.553963 -0.116012 -23.000000
v -45.550000 0.000000 -23.000000
v -45.553963 0.116012 -23.000000
v -45.565834 0.231483 -23.000000
v -45.585557 0.345875 -23.000000
v -45.613041 0.458655 -23.000000
v -45.648156 0.569295 -23.000000
v -45.690741 0.677282 -23.000000
v -45.740595 0.782111 -23.000000
v -45.797487 0.883293 -23.000000
v -45.861151 0.980357 -23.000000
v -45.931291 1.072850 -23.000000
v -46.007579 1.160340 -23.000000
v -46.089660 1.242421 -23.000000
v -46.177150 1.318709 -23.000000
v -46.269643 1.388849 -23.000000
v -46.366707 1.452513 -23.000000
v -46.467889 1.509405 -23.000000
v -46.572718 1.559259 -23.000000
v -46.680705 1.601844 -23.000000
v -46.791345 1.636959 -23.000000
v -46.904125 1.664443 -23.000000
v -47.018517 1.684166 -23.000000
v -47.133988 1.696037 -23.000000
v -47.250000 1.700000 -23.000000
v -47.366012 1.696037 -23.000000
v -47.481483 1.684166 -23.000000
v -47.595875 1.664443 -23.000000
v -47.708655 1.636959 -23.000000
v -47.819295 1.601844 -23.000000
v -47.927282 1.559259 -23.000000
v -48.032111 1.509405 -23.000000
v -48.133293 1.452513 -23.000000
v -48.230357 1.388849 -23.000000
v -48.322850 1.318709 -23.000000
v -48.410340 1.242421 -23.000000
v -48.492421 1.160340 -23.000000
v -48.568709 1.072850 -23.000000
v -48.638849 0.980357 -23.000000
v -48.702513 0.883293 -23.000000
v -48.759405 0.782111 -23.000000
v -48.809259 0.677282 -23.000000
v -48.851844 0.569295 -23.000000
v -48.886959 0.458655 -23.000000
v -48.914443 0.345875 -23.000000
v -48.934166 0.231483 -23.000000
v -48.946037 0.116012 -23.000000
v -51.250000 -3.290897 -23.000000
v -51.250000 3.290897 -23.000000
v -51.250000 3.290897 -19.900000
v -51.250000 32.230815 7.000000
v -51.250000 -38.250000 -38.000000
v -51.250000 -32.226375 7.000000
v -51.250000 -3.290897 -19.900000
v -51.250000 -38.250000 7.000000
v -51.250000 0.000000 7.000000
v -47.250000 3.290897 -23.000000
v -47.250000 3.290897 -19.900000
v -47.250000 -3.290897 -19.900000
v -47.250000 -3.290897 -23.000000
v -44.400000 1.645448 -23.000000
v -44.400000 -1.645448 -23.000000
v -44.400000 1.645448 -19.900000
v -44.400000 -1.645448 -19.900000
v -47.819295 1.601844 -19.900000
v -47.927282 1.559259 -19.900000
v -47.366012 1.696037 -19.900000
v -47.481483 1.684166 -19.900000
v -47.708655 1.636959 -19.900000
v -47.595875 1.664443 -19.900000
v -46.904125 1.664443 -19.900000
v -47.018517 1.684166 -19.900000
v -47.133988 1.696037 -19.900000
v -47.250000 1.700000 -19.900000
v -46.791345 1.636959 -19.900000
v -46.572718 1.559259 -19.900000
v -46.680705 1.601844 -19.900000
v -46.366707 1.452513 -19.900000
v -46.269643 1.388849 -19.900000
v -47.927282 -1.559259 -19.900000
v -48.032111 1.509405 -19.900000
v -48.133293 1.452513 -19.900000
v -46.467889 1.509405 -19.900000
v -45.690741 0.677282 -19.900000
v -45.740595 0.782111 -19.900000
v -45.613041 0.458655 -19.900000
v -45.648156 0.569295 -19.900000
v -45.553963 0.116012 -19.900000
v -45.565834 0.231483 -19.900000
v -46.791345 -1.636959 -19.900000
v -46.680705 -1.601844 -19.900000
v -47.366012 -1.696037 -19.900000
v -47.250000 -1.700000 -19.900000
v -47.708655 -1.636959 -19.900000
v -47.595875 -1.664443 -19.900000
v -47.819295 -1.601844 -19.900000
v -45.585557 0.345875 -19.900000
v -45.553963 -0.116012 -19.900000
v -45.550000 0.000000 -19.900000
v -46.467889 -1.509405 -19.900000
v -46.366707 -1.452513 -19.900000
v -46.904125 -1.664443 -19.900000
v -47.133988 -1.696037 -19.900000
v -47.018517 -1.684166 -19.900000
v -47.481483 -1.684166 -19.900000
v -48.410340 1.242421 -19.900000
v -48.492421 1.160340 -19.900000
v -46.089660 1.242421 -19.900000
v -46.177150 1.318709 -19.900000
v -45.931291 1.072850 -19.900000
v -46.007579 1.160340 -19.900000
v -45.797487 0.883293 -19.900000
v -45.861151 0.980357 -19.900000
v -45.585557 -0.345875 -19.900000
v -45.565834 -0.231483 -19.900000
v -48.322850 -1.318709 -19.900000
v -48.230357 -1.388849 -19.900000
v -48.809259 0.677282 -19.900000
v -48.851844 0.569295 -19.900000
v -48.568709 1.072850 -19.900000
v -48.230357 1.388849 -19.900000
v -48.322850 1.318709 -19.900000
v -45.613041 -0.458655 -19.900000
v -45.690741 -0.677282 -19.900000
v -45.648156 -0.569295 -19.900000
v -45.797487 -0.883293 -19.900000
v -45.740595 -0.782111 -19.900000
v -46.572718 -1.559259 -19.900000
v -48.410340 -1.242421 -19.900000
v -48.568709 -1.072850 -19.900000
v -48.492421 -1.160340 -19.900000
v -48.809259 -0.677282 -19.900000
v -48.759405 -0.782111 -19.900000
v -48.886959 -0.458655 -19.900000
v -48.851844 -0.569295 -19.900000
v -48.946037 -0.116012 -19.900000
v -48.934166 -0.231483 -19.900000
v -48.759405 0.782111 -19.900000
v -48.638849 0.980357 -19.900000
v -48.702513 0.883293 -19.900000
v -45.931291 -1.072850 -19.900000
v -45.861151 -0.980357 -19.900000
v -46.089660 -1.242421 -19.900000
v -46.007579 -1.160340 -19.900000
v -48.133293 -1.452513 -19.900000
v -48.032111 -1.509405 -19.900000
v -48.702513 -0.883293 -19.900000
v -48.638849 -0.980357 -19.900000
v -48.914443 -0.345875 -19.900000
v -48.914443 0.345875 -19.900000
v -48.934166 0.231483 -19.900000
v -48.950000 -0.000000 -19.900000
v -48.886959 0.458655 -19.900000
v -46.269643 -1.388849 -19.900000
v -46.177150 -1.318709 -19.900000
v -48.946037 0.116012 -19.900000
v -51.246164 -38.460002 -38.000000
v -51.246164 -38.460002 7.000000
v -51.234661 -38.669723 -38.000000
v -51.234661 -38.669723 7.000000
v -51.215506 -38.878884 -38.000000
v -51.215506 -38.878884 7.000000
v -51.188724 -39.087207 -38.000000
v -51.188724 -39.087207 7.000000
v -51.154353 -39.294412 -38.000000
v -51.154353 -39.294412 7.000000
v -51.112436 -39.500224 -38.000000
v -51.112436 -39.500224 7.000000
v -51.063031 -39.704367 -38.000000
v -51.063031 -39.704367 7.000000
v -51.006203 -39.906570 -38.000000
v -51.006203 -39.906570 7.000000
v -50.942029 -40.106562 -38.000000
v -50.942029 -40.106562 7.000000
v -50.870593 -40.304078 -38.000000
v -50.870593 -40.304078 7.000000
v -50.791991 -40.498852 -38.000000
v -50.791991 -40.498852 7.000000
v -50.706327 -40.690626 -38.000000
v -50.706327 -40.690626 7.000000
v -50.613717 -40.879143 -38.000000
v -50.613717 -40.879143 7.000000
v -50.514284 -41.064153 -38.000000
v -50.514284 -41.064153 7.000000
v -50.408160 -41.245407 -38.000000
v -50.408160 -41.245407 7.000000
v -50.295487 -41.422665 -38.000000
v -50.295487 -41.422665 7.000000
v -50.176416 -41.595689 -38.000000
v -50.176416 -41.595689 7.000000
v -50.051105 -41.764249 -38.000000
v -50.051105 -41.764249 7.000000
v -49.919721 -41.928120 -38.000000
v -49.919721 -41.928120 7.000000
v -49.782440 -42.087083 -38.000000
v -49.782440 -42.087083 7.000000
v -49.639445 -42.240927 -38.000000
v -49.639445 -42.240927 7.000000
v -49.490927 -42.389445 -38.000000
v -49.490927 -42.389445 7.000000
v -49.337083 -42.532440 -38.000000
v -49.337083 -42.532440 7.000000
v -49.178120 -42.669721 -38.000000
v -49.178120 -42.669721 7.000000
v -49.014249 -42.801105 -38.000000
v -49.014249 -42.801105 7.000000
v -48.845689 -42.926416 -38.000000
v -48.845689 -42.926416 7.000000
v -48.672665 -43.045487 -38.000000
v -48.672665 -43.045487 7.000000
v -48.495407 -43.158160 -38.000000
v -48.495407 -43.158160 7.000000
v -48.314153 -43.264284 -38.000000
v -48.314153 -43.264284 7.000000
v -48.129143 -43.363717 -38.000000
v -48.129143 -43.363717 7.000000
v -47.940626 -43.456327 -38.000000
v -47.940626 -43.456327 7.000000
v -47.748852 -43.541991 -38.000000
v -47.748852 -43.541991 7.000000
v -47.554078 -43.620593 -38.000000
v -47.554078 -43.620593 7.000000
v -47.356562 -43.692029 -38.000000
v -47.356562 -43.692029 7.000000
v -47.156570 -43.756203 -38.000000
v -47.156570 -43.756203 7.000000
v -46.954367 -43.813031 -38.000000
v -46.954367 -43.813031 7.000000
v -46.750224 -43.862436 -38.000000
v -46.750224 -43.862436 7.000000
v -46.544412 -43.904353 -38.000000
v -46.544412 -43.904353 7.000000
v -46.337207 -43.938724 -38.000000
v -46.337207 -43.938724 7.000000
v -46.128884 -43.965506 -38.000000
v -46.128884 -43.965506 7.000000
v -45.919723 -43.984661 -38.000000
v -45.919723 -43.984661 7.000000
v -45.710002 -43.996164 -38.000000
v -45.710002 -43.996164 7.000000
v -45.500000 -44.000000 -38.000000
v -45.500000 -44.000000 7.000000
v -48.950000 0.000000 4.000000
v -48.946037 -0.116012 4.000000
v -48.934166 -0.231483 4.000000
v -48.914443 -0.345875 4.000000
v -48.886959 -0.458655 4.000000
v -48.851844 -0.569295 4.000000
v -48.809259 -0.677282 4.000000
v -48.759405 -0.782111 4.000000
v -48.702513 -0.883293 4.000000
v -48.638849 -0.980357 4.000000
v -48.568709 -1.072850 4.000000
v -48.492421 -1.160340 4.000000
v -48.410340 -1.242421 4.000000
v -48.322850 -1.318709 4.000000
v -48.230357 -1.388849 4.000000
v -48.133293 -1.452513 4.000000
v -48.032111 -1.509405 4.000000
v -47.927282 -1.559259 4.000000
v -47.819295 -1.601844 4.000000
v -47.708655 -1.636959 4.000000
v -47.595875 -1.664443 4.000000
v -47.481483 -1.684166 4.000000
v -47.366012 -1.696037 4.000000
v -47.250000 -1.700000 4.000000
v -47.133988 -1.696037 4.000000
v -47.018517 -1.684166 4.000000
v -46.904125 -1.664443 4.000000
v -46.791345 -1.636959 4.000000
v -46.680705 -1.601844 4.000000
v -46.572718 -1.559259 4.000000
v -46.467889 -1.509405 4.000000
v -46.366707 -1.452513 4.000000
v -46.269643 -1.388849 4.000000
v -46.177150 -1.318709 4.000000
v -46.089660 -1.242421 4.000000
v -46.007579 -1.160340 4.000000
v -45.931291 -1.072850 4.000000
v -45.861151 -0.980357 4.000000
v -45.797487 -0.883293 4.000000
v -45.740595 -0.782111 4.000000
v -45.690741 -0.677282 4.000000
v -45.648156 -0.569295 4.000000
v -45.613041 -0.458655 4.000000
v -45.585557 -0.345875 4.000000
v -45.565834 -0.231483 4.000000
v -45.553963 -0.116012 4.000000
v -45.550000 0.000000 4.000000
v -45.553963 0.116012 4.000000
v -45.565834 0.231483 4.000000
v -45.585557 0.345875 4.000000
v -45.613041 0.458655 4.000000
v -45.648156 0.569295 4.000000
v -45.690741 0.677282 4.000000
v -45.740595 0.782111 4.000000
v -45.797487 0.883293 4.000000
v -45.861151 0.980357 4.000000
v -45.931291 1.072850 4.000000
v -46.007579 1.160340 4.000000
v -46.089660 1.242421 4.000000
v -46.177150 1.318709 4.000000
v -46.269643 1.388849 4.000000
v -46.366707 1.452513 4.000000
v -46.467889 1.509405 4.000000
v -46.572718 1.559259 4.000000
v -46.680705 1.601844 4.000000
v -46.791345 1.636959 4.000000
v -46.904125 1.664443 4.000000
v -47.018517 1.684166 4.000000
v -47.133988 1.696037 4.000000
v -47.250000 1.700000 4.000000
v -47.366012 1.696037 4.000000
v -47.481483 1.684166 4.000000
v -47.595875 1.664443 4.000000
v -47.708655 1.636959 4.000000
v -47.819295 1.601844 4.000000
v -47.927282 1.559259 4.000000
v -48.032111 1.509405 4.000000
v -48.133293 1.452513 4.000000
v -48.230357 1.388849 4.000000
v -48.322850 1.318709 4.000000
v -48.410340 1.242421 4.000000
v -48.492421 1.160340 4.000000
v -48.568709 1.072850 4.000000
v -48.638849 0.980357 4.000000
v -48.702513 0.883293 4.000000
v -48.759405 0.782111 4.000000
v -48.809259 0.677282 4.000000
v -48.851844 0.569295 4.000000
v -48.886959 0.458655 4.000000
v -48.914443 0.345875 4.000000
v -48.934166 0.231483 4.000000
v -48.946037 0.116012 4.000000
v -47.250000 0.000000 4.000000
v -43.250000 -36.000000 -38.000000
v -23.525000 -44.000000 -38.000000
v -23.525000 -36.000000 -38.000000
v -21.500000 -36.000000 -35.975000
v -21.500000 -44.000000 -35.975000
v -21.500000 -36.000000 -29.000000
v -21.500000 -44.000000 -29.000000
v 61.750000 -36.000000 0.000000
v 61.750000 0.000000 7.000000
v 61.750000 -32.226375 7.000000
v 61.750000 36.000000 0.000000
v 61.750000 32.230815 7.000000
v 61.750000 -44.000000 -38.000000
v 61.750000 -36.000000 -38.000000
v 61.750000 44.000000 -17.450000
v 61.750000 44.000000 7.000000
v 61.750000 -43.548625 7.000000
v 61.750000 -44.000000 7.000000
v 40.525000 -36.000000 -38.000000
v 40.525000 -44.000000 -38.000000
v 38.500000 -44.000000 -35.975000
v 38.500000 -36.000000 -35.975000
v 38.500000 -36.000000 -29.000000
v 38.500000 -44.000000 -29.000000
v -11.500000 -36.000000 -29.000000
v -15.257579 -38.839660 -29.000000
v -15.339660 -38.757579 -29.000000
v -15.047487 -39.116707 -29.000000
v -15.111151 -39.019643 -29.000000
v -15.427150 -38.681291 -29.000000
v -15.181291 -38.927150 -29.000000
v -14.803963 -39.883988 -29.000000
v -14.815834 -39.768517 -29.000000
v -11.500000 -44.000000 -29.000000
v -14.803963 -40.116012 -29.000000
v -14.800000 -40.000000 -29.000000
v -17.282111 -38.490595 -29.000000
v -17.383293 -38.547487 -29.000000
v -14.898156 -39.430705 -29.000000
v -14.940741 -39.322718 -29.000000
v -14.835557 -39.654125 -29.000000
v -15.822718 -41.559259 -29.000000
v -15.717889 -41.509405 -29.000000
v -16.041345 -41.636959 -29.000000
v -15.930705 -41.601844 -29.000000
v -18.059259 -39.322718 -29.000000
v -18.101844 -39.430705 -29.000000
v -17.952513 -39.116707 -29.000000
v -18.009405 -39.217889 -29.000000
v -17.742421 -38.839660 -29.000000
v -17.818709 -38.927150 -29.000000
v -17.572850 -38.681291 -29.000000
v -17.660340 -38.757579 -29.000000
v -17.177282 -38.440741 -29.000000
v -14.990595 -39.217889 -29.000000
v -14.863041 -39.541345 -29.000000
v -14.835557 -40.345875 -29.000000
v -14.815834 -40.231483 -29.000000
v -15.047487 -40.883293 -29.000000
v -14.990595 -40.782111 -29.000000
v -15.427150 -41.318709 -29.000000
v -15.339660 -41.242421 -29.000000
v -17.572850 -41.318709 -29.000000
v -17.480357 -41.388849 -29.000000
v -18.184166 -39.768517 -29.000000
v -18.196037 -39.883988 -29.000000
v -18.136959 -39.541345 -29.000000
v -18.164443 -39.654125 -29.000000
v -17.480357 -38.611151 -29.000000
v -16.616012 -38.303963 -29.000000
v -16.731483 -38.315834 -29.000000
v -16.383988 -38.303963 -29.000000
v -16.500000 -38.300000 -29.000000
v -14.898156 -40.569295 -29.000000
v -14.863041 -40.458655 -29.000000
v -14.940741 -40.677282 -29.000000
v -15.519643 -41.388849 -29.000000
v -16.154125 -41.664443 -29.000000
v -16.383988 -41.696037 -29.000000
v -16.268517 -41.684166 -29.000000
v -17.660340 -41.242421 -29.000000
v -17.818709 -41.072850 -29.000000
v -17.742421 -41.160340 -29.000000
v -18.009405 -40.782111 -29.000000
v -17.952513 -40.883293 -29.000000
v -17.888849 -39.019643 -29.000000
v -16.958655 -38.363041 -29.000000
v -17.069295 -38.398156 -29.000000
v -16.845875 -38.335557 -29.000000
v -16.154125 -38.335557 -29.000000
v -16.268517 -38.315834 -29.000000
v -15.519643 -38.611151 -29.000000
v -15.616707 -38.547487 -29.000000
v -15.257579 -41.160340 -29.000000
v -15.181291 -41.072850 -29.000000
v -15.616707 -41.452513 -29.000000
v -16.616012 -41.696037 -29.000000
v -16.500000 -41.700000 -29.000000
v -16.845875 -41.664443 -29.000000
v -16.731483 -41.684166 -29.000000
v -17.177282 -41.559259 -29.000000
v -17.069295 -41.601844 -29.000000
v -17.383293 -41.452513 -29.000000
v -17.282111 -41.509405 -29.000000
v -17.888849 -40.980357 -29.000000
v -18.101844 -40.569295 -29.000000
v -18.059259 -40.677282 -29.000000
v -18.200000 -40.000000 -29.000000
v -16.041345 -38.363041 -29.000000
v -15.822718 -38.440741 -29.000000
v -15.930705 -38.398156 -29.000000
v -15.717889 -38.490595 -29.000000
v -15.111151 -40.980357 -29.000000
v -16.958655 -41.636959 -29.000000
v -18.136959 -40.458655 -29.000000
v -18.184166 -40.231483 -29.000000
v -18.164443 -40.345875 -29.000000
v -18.196037 -40.116012 -29.000000
v -11.500000 -36.000000 -35.975000
v -11.500000 -44.000000 -35.975000
v -9.475000 -44.000000 -38.000000
v -9.475000 -36.000000 -38.000000
v 26.475000 -44.000000 -38.000000
v 26.475000 -36.000000 -38.000000
v -43.250000 -36.000000 0.000000
v 28.500000 -36.000000 -29.000000
v 28.500000 -36.000000 -35.975000
v 28.500000 -44.000000 -29.000000
v 28.500000 -44.000000 -35.975000
v 31.940741 -39.322718 -29.000000
v 31.898156 -39.430705 -29.000000
v 32.047487 -39.116707 -29.000000
v 31.990595 -39.217889 -29.000000
v 32.822718 -38.440741 -29.000000
v 32.717889 -38.490595 -29.000000
v 33.041345 -38.363041 -29.000000
v 32.930705 -38.398156 -29.000000
v 34.480357 -41.388849 -29.000000
v 34.572850 -41.318709 -29.000000
v 34.282111 -41.509405 -29.000000
v 34.383293 -41.452513 -29.000000
v 33.958655 -41.636959 -29.000000
v 34.069295 -41.601844 -29.000000
v 31.863041 -39.541345 -29.000000
v 32.111151 -39.019643 -29.000000
v 32.616707 -38.547487 -29.000000
v 33.154125 -38.335557 -29.000000
v 34.177282 -38.440741 -29.000000
v 34.069295 -38.398156 -29.000000
v 34.383293 -38.547487 -29.000000
v 34.282111 -38.490595 -29.000000
v 34.177282 -41.559259 -29.000000
v 32.822718 -41.559259 -29.000000
v 32.930705 -41.601844 -29.000000
v 32.616707 -41.452513 -29.000000
v 32.717889 -41.509405 -29.000000
v 32.427150 -41.318709 -29.000000
v 32.519643 -41.388849 -29.000000
v 31.835557 -39.654125 -29.000000
v 31.815834 -39.768517 -29.000000
v 32.257579 -38.839660 -29.000000
v 32.181291 -38.927150 -29.000000
v 33.383988 -38.303963 -29.000000
v 33.268517 -38.315834 -29.000000
v 33.500000 -38.300000 -29.000000
v 33.958655 -38.363041 -29.000000
v 34.480357 -38.611151 -29.000000
v 35.136959 -39.541345 -29.000000
v 35.101844 -39.430705 -29.000000
v 33.041345 -41.636959 -29.000000
v 31.898156 -40.569295 -29.000000
v 31.940741 -40.677282 -29.000000
v 32.339660 -38.757579 -29.000000
v 32.519643 -38.611151 -29.000000
v 32.427150 -38.681291 -29.000000
v 33.616012 -38.303963 -29.000000
v 33.845875 -38.335557 -29.000000
v 33.731483 -38.315834 -29.000000
v 35.059259 -39.322718 -29.000000
v 35.009405 -39.217889 -29.000000
v 35.164443 -39.654125 -29.000000
v 34.952513 -40.883293 -29.000000
v 35.009405 -40.782111 -29.000000
v 33.845875 -41.664443 -29.000000
v 33.616012 -41.696037 -29.000000
v 33.731483 -41.684166 -29.000000
v 33.383988 -41.696037 -29.000000
v 33.500000 -41.700000 -29.000000
v 33.154125 -41.664443 -29.000000
v 33.268517 -41.684166 -29.000000
v 32.111151 -40.980357 -29.000000
v 32.181291 -41.072850 -29.000000
v 31.990595 -40.782111 -29.000000
v 32.047487 -40.883293 -29.000000
v 31.863041 -40.458655 -29.000000
v 31.803963 -39.883988 -29.000000
v 34.660340 -38.757579 -29.000000
v 34.572850 -38.681291 -29.000000
v 34.952513 -39.116707 -29.000000
v 34.888849 -39.019643 -29.000000
v 35.196037 -39.883988 -29.000000
v 35.184166 -39.768517 -29.000000
v 35.196037 -40.116012 -29.000000
v 35.200000 -40.000000 -29.000000
v 35.059259 -40.677282 -29.000000
v 34.818709 -41.072850 -29.000000
v 34.888849 -40.980357 -29.000000
v 32.257579 -41.160340 -29.000000
v 32.339660 -41.242421 -29.000000
v 31.835557 -40.345875 -29.000000
v 34.742421 -38.839660 -29.000000
v 34.818709 -38.927150 -29.000000
v 35.164443 -40.345875 -29.000000
v 35.184166 -40.231483 -29.000000
v 35.101844 -40.569295 -29.000000
v 35.136959 -40.458655 -29.000000
v 34.660340 -41.242421 -29.000000
v 34.742421 -41.160340 -29.000000
v 31.803963 -40.116012 -29.000000
v 31.815834 -40.231483 -29.000000
v 31.800000 -40.000000 -29.000000
v 31.800000 -40.000000 -23.000000
v 31.803963 -40.116012 -23.000000
v 31.815834 -40.231483 -23.000000
v 31.835557 -40.345875 -23.000000
v 31.863041 -40.458655 -23.000000
v 31.898156 -40.569295 -23.000000
v 31.940741 -40.677282 -23.000000
v 31.990595 -40.782111 -23.000000
v 32.047487 -40.883293 -23.000000
v 32.111151 -40.980357 -23.000000
v 32.181291 -41.072850 -23.000000
v 32.257579 -41.160340 -23.000000
v 32.339660 -41.242421 -23.000000
v 32.427150 -41.318709 -23.000000
v 32.519643 -41.388849 -23.000000
v 32.616707 -41.452513 -23.000000
v 32.717889 -41.509405 -23.000000
v 32.822718 -41.559259 -23.000000
v 32.930705 -41.601844 -23.000000
v 33.041345 -41.636959 -23.000000
v 33.154125 -41.664443 -23.000000
v 33.268517 -41.684166 -23.000000
v 33.383988 -41.696037 -23.000000
v 33.500000 -41.700000 -23.000000
v 33.616012 -41.696037 -23.000000
v 33.731483 -41.684166 -23.000000
v 33.845875 -41.664443 -23.000000
v 33.958655 -41.636959 -23.000000
v 34.069295 -41.601844 -23.000000
v 34.177282 -41.559259 -23.000000
v 34.282111 -41.509405 -23.000000
v 34.383293 -41.452513 -23.000000
v 34.480357 -41.388849 -23.000000
v 34.572850 -41.318709 -23.000000
v 34.660340 -41.242421 -23.000000
v 34.742421 -41.160340 -23.000000
v 34.818709 -41.072850 -23.000000
v 34.888849 -40.980357 -23.000000
v 34.952513 -40.883293 -23.000000
v 35.009405 -40.782111 -23.000000
v 35.059259 -40.677282 -23.000000
v 35.101844 -40.569295 -23.000000
v 35.136959 -40.458655 -23.000000
v 35.164443 -40.345875 -23.000000
v 35.184166 -40.231483 -23.000000
v 35.196037 -40.116012 -23.000000
v 35.200000 -40.000000 -23.000000
v 35.196037 -39.883988 -23.000000
v 35.184166 -39.768517 -23.000000
v 35.164443 -39.654125 -23.000000
v 35.136959 -39.541345 -23.000000
v 35.101844 -39.430705 -23.000000
v 35.059259 -39.322718 -23.000000
v 35.009405 -39.217889 -23.000000
v 34.952513 -39.116707 -23.000000
v 34.888849 -39.019643 -23.000000
v 34.818709 -38.927150 -23.000000
v 34.742421 -38.839660 -23.000000
v 34.660340 -38.757579 -23.000000
v 34.572850 -38.681291 -23.000000
v 34.480357 -38.611151 -23.000000
v 34.383293 -38.547487 -23.000000
v 34.282111 -38.490595 -23.000000
v 34.177282 -38.440741 -23.000000
v 34.069295 -38.398156 -23.000000
v 33.958655 -38.363041 -23.000000
v 33.845875 -38.335557 -23.000000
v 33.731483 -38.315834 -23.000000
v 33.616012 -38.303963 -23.000000
v 33.500000 -38.300000 -23.000000
v 33.383988 -38.303963 -23.000000
v 33.268517 -38.315834 -23.000000
v 33.154125 -38.335557 -23.000000
v 33.041345 -38.363041 -23.000000
v 32.930705 -38.398156 -23.000000
v 32.822718 -38.440741 -23.000000
v 32.717889 -38.490595 -23.000000
v 32.616707 -38.547487 -23.000000
v 32.519643 -38.611151 -23.000000
v 32.427150 -38.681291 -23.000000
v 32.339660 -38.757579 -23.000000
v 32.257579 -38.839660 -23.000000
v 32.181291 -38.927150 -23.000000
v 32.111151 -39.019643 -23.000000
v 32.047487 -39.116707 -23.000000
v 31.990595 -39.217889 -23.000000
v 31.940741 -39.322718 -23.000000
v 31.898156 -39.430705 -23.000000
v 31.863041 -39.541345 -23.000000
v 31.835557 -39.654125 -23.000000
v 31.815834 -39.768517 -23.000000
v 31.803963 -39.883988 -23.000000
v -18.200000 -40.000000 -23.000000
v -18.196037 -40.116012 -23.000000
v -18.184166 -40.231483 -23.000000
v -18.164443 -40.345875 -23.000000
v -18.136959 -40.458655 -23.000000
v -18.101844 -40.569295 -23.000000
v -18.059259 -40.677282 -23.000000
v -18.009405 -40.782111 -23.000000
v -17.952513 -40.883293 -23.000000
v -17.888849 -40.980357 -23.000000
v -17.818709 -41.072850 -23.000000
v -17.742421 -41.160340 -23.000000
v -17.660340 -41.242421 -23.000000
v -17.572850 -41.318709 -23.000000
v -17.480357 -41.388849 -23.000000
v -17.383293 -41.452513 -23.000000
v -17.282111 -41.509405 -23.000000
v -17.177282 -41.559259 -23.000000
v -17.069295 -41.601844 -23.000000
v -16.958655 -41.636959 -23.000000
v -16.845875 -41.664443 -23.000000
v -16.731483 -41.684166 -23.000000
v -16.616012 -41.696037 -23.000000
v -16.500000 -41.700000 -23.000000
v -16.383988 -41.696037 -23.000000
v -16.268517 -41.684166 -23.000000
v -16.154125 -41.664443 -23.000000
v -16.041345 -41.636959 -23.000000
v -15.930705 -41.601844 -23.000000
v -15.822718 -41.559259 -23.000000
v -15.717889 -41.509405 -23.000000
v -15.616707 -41.452513 -23.000000
v -15.519643 -41.388849 -23.000000
v -15.427150 -41.318709 -23.000000
v -15.339660 -41.242421 -23.000000
v -15.257579 -41.160340 -23.000000
v -15.181291 -41.072850 -23.000000
v -15.111151 -40.980357 -23.000000
v -15.047487 -40.883293 -23.000000
v -14.990595 -40.782111 -23.000000
v -14.940741 -40.677282 -23.000000
v -14.898156 -40.569295 -23.000000
v -14.863041 -40.458655 -23.000000
v -14.835557 -40.345875 -23.000000
v -14.815834 -40.231483 -23.000000
v -14.803963 -40.116012 -23.000000
v -14.800000 -40.000000 -23.000000
v -14.803963 -39.883988 -23.000000
v -14.815834 -39.768517 -23.000000
v -14.835557 -39.654125 -23.000000
v -14.863041 -39.541345 -23.000000
v -14.898156 -39.430705 -23.000000
v -14.940741 -39.322718 -23.000000
v -14.990595 -39.217889 -23.000000
v -15.047487 -39.116707 -23.000000
v -15.111151 -39.019643 -23.000000
v -15.181291 -38.927150 -23.000000
v -15.257579 -38.839660 -23.000000
v -15.339660 -38.757579 -23.000000
v -15.427150 -38.681291 -23.000000
v -15.519643 -38.611151 -23.000000
v -15.616707 -38.547487 -23.000000
v -15.717889 -38.490595 -23.000000
v -15.822718 -38.440741 -23.000000
v -15.930705 -38.398156 -23.000000
v -16.041345 -38.363041 -23.000000
v -16.154125 -38.335557 -23.000000
v -16.268517 -38.315834 -23.000000
v -16.383988 -38.303963 -23.000000
v -16.500000 -38.300000 -23.000000
v -16.616012 -38.303963 -23.000000
v -16.731483 -38.315834 -23.000000
v -16.845875 -38.335557 -23.000000
v -16.958655 -38.363041 -23.000000
v -17.069295 -38.398156 -23.000000
v -17.177282 -38.440741 -23.000000
v -17.282111 -38.490595 -23.000000
v -17.383293 -38.547487 -23.000000
v -17.480357 -38.611151 -23.000000
v -17.572850 -38.681291 -23.000000
v -17.660340 -38.757579 -23.000000
v -17.742421 -38.839660 -23.000000
v -17.818709 -38.927150 -23.000000
v -17.888849 -39.019643 -23.000000
v -17.952513 -39.116707 -23.000000
v -18.009405 -39.217889 -23.000000
v -18.059259 -39.322718 -23.000000
v -18.101844 -39.430705 -23.000000
v -18.136959 -39.541345 -23.000000
v -18.164443 -39.654125 -23.000000
v -18.184166 -39.768517 -23.000000
v -18.196037 -39.883988 -23.000000
v -43.250000 34.500000 -9.438682
v -43.250000 34.500000 -5.511162
v -43.250000 36.000000 -0.000000
v -43.250000 36.000000 -9.438682
v -43.250000 36.000000 -5.511162
v -43.851332 34.500000 -9.091502
v -43.851332 34.500000 -5.858341
v -43.851332 37.500000 -9.091502
v -43.851332 37.500000 -5.858341
v -41.051332 37.500000 -10.708083
v -41.051332 36.000000 -10.708083
v -41.051332 37.500000 -4.241760
v -41.051332 36.000000 -4.241760
v -38.251332 36.000000 -9.091502
v -38.251332 37.500000 -9.091502
v -38.251332 36.000000 -7.474922
v -38.251332 37.500000 -7.474922
v -33.541336 36.000000 -0.493999
v -33.313421 36.000000 -0.406303
v -34.420992 36.000000 -0.917224
v -34.206345 36.000000 -0.800767
v -36.923108 36.000000 -3.204006
v -36.781332 36.000000 -3.005171
v -38.024241 36.000000 -5.638704
v -38.251332 36.000000 -5.858341
v -33.766285 36.000000 -0.589043
v -33.988032 36.000000 -0.691335
v -35.040704 36.000000 -1.307481
v -34.838391 36.000000 -1.170714
v -35.802463 36.000000 -1.917922
v -35.619553 36.000000 -1.756121
v -36.152059 36.000000 -2.258894
v -35.980027 36.000000 -2.085572
v -36.478807 36.000000 -2.621820
v -36.318377 36.000000 -2.437706
v -36.633179 36.000000 -2.811041
v -37.725363 36.000000 -4.709411
v -37.632003 36.000000 -4.483758
v -38.079926 36.000000 -5.876475
v -32.614301 36.000000 -0.188185
v -32.376954 36.000000 -0.130725
v -33.082782 36.000000 -0.326047
v -32.849660 36.000000 -0.253316
v -34.631748 36.000000 -1.040583
v -35.431490 36.000000 -1.600339
v -35.238473 36.000000 -1.450740
v -37.423573 36.000000 -4.042128
v -37.308724 36.000000 -3.826616
v -37.531371 36.000000 -4.261252
v -37.889884 36.000000 -5.169207
v -37.811354 36.000000 -4.937974
v -37.960871 36.000000 -5.402866
v -31.897293 36.000000 -0.039048
v -31.655484 36.000000 -0.004927
v -32.137867 36.000000 -0.080995
v -37.186943 36.000000 -3.614944
v -37.058360 36.000000 -3.407335
v -31.615050 36.000000 0.000000
v -38.127868 36.000000 -6.115927
v -38.168016 36.000000 -6.356808
v -38.200329 36.000000 -6.598864
v -38.251333 36.000000 -7.473589
v -38.249954 36.000000 -7.329536
v -38.224772 36.000000 -6.841842
v -38.241319 36.000000 -7.085485
v -38.251332 37.500000 -5.858341
v -38.251333 37.500000 -7.473589
v -41.620628 37.500000 -5.873078
v -41.509987 37.500000 -5.837962
v -40.705457 37.500000 -5.810479
v -40.592678 37.500000 -5.837962
v -41.397208 37.500000 -5.810479
v -41.282816 37.500000 -5.790756
v -41.728614 37.500000 -5.915663
v -41.934625 37.500000 -6.022409
v -39.662484 37.500000 -6.494565
v -39.598819 37.500000 -6.591629
v -40.269222 37.500000 -5.965517
v -40.168040 37.500000 -6.022409
v -40.482037 37.500000 -5.873078
v -40.935320 37.500000 -5.778885
v -40.819849 37.500000 -5.790756
v -41.167345 37.500000 -5.778885
v -41.051332 37.500000 -5.774922
v -41.833443 37.500000 -5.965517
v -40.269222 37.500000 -8.984327
v -40.374051 37.500000 -9.034181
v -40.168040 37.500000 -8.927435
v -39.492073 37.500000 -6.797640
v -39.449489 37.500000 -6.905626
v -39.541928 37.500000 -6.692811
v -39.890992 37.500000 -6.232501
v -39.808911 37.500000 -6.314581
v -40.374051 37.500000 -5.915663
v -39.978483 37.500000 -8.793631
v -40.070976 37.500000 -8.863771
v -39.414373 37.500000 -7.016267
v -39.732623 37.500000 -6.402072
v -40.070976 37.500000 -6.086073
v -39.978483 37.500000 -6.156213
v -42.370042 37.500000 -6.402072
v -42.293754 37.500000 -6.314581
v -39.386889 37.500000 -7.129046
v -39.367166 37.500000 -7.243438
v -42.211673 37.500000 -6.232501
v -42.503845 37.500000 -6.591629
v -42.440181 37.500000 -6.494565
v -40.705457 37.500000 -9.139365
v -40.819849 37.500000 -9.159088
v -40.482037 37.500000 -9.076765
v -40.592678 37.500000 -9.111881
v -39.890992 37.500000 -8.717343
v -42.124182 37.500000 -6.156213
v -42.031689 37.500000 -6.086073
v -42.610592 37.500000 -8.152204
v -42.653176 37.500000 -8.044217
v -42.503845 37.500000 -8.358214
v -42.560737 37.500000 -8.257032
v -40.935320 37.500000 -9.170959
v -39.732623 37.500000 -8.547771
v -39.808911 37.500000 -8.635262
v -39.414373 37.500000 -7.933576
v -39.449489 37.500000 -8.044217
v -39.351332 37.500000 -7.474922
v -39.662484 37.500000 -8.455278
v -39.541928 37.500000 -8.257032
v -39.598819 37.500000 -8.358214
v -39.492073 37.500000 -8.152204
v -39.386889 37.500000 -7.820797
v -39.355295 37.500000 -7.590934
v -39.367166 37.500000 -7.706405
v -39.355295 37.500000 -7.358910
v -42.610592 37.500000 -6.797640
v -42.560737 37.500000 -6.692811
v -42.688292 37.500000 -7.016267
v -42.653176 37.500000 -6.905626
v -42.747369 37.500000 -7.358910
v -42.735499 37.500000 -7.243438
v -42.747369 37.500000 -7.590934
v -42.751332 37.500000 -7.474922
v -42.715775 37.500000 -7.820797
v -42.735499 37.500000 -7.706405
v -42.688292 37.500000 -7.933576
v -41.833443 37.500000 -8.984327
v -41.934625 37.500000 -8.927435
v -42.715775 37.500000 -7.129046
v -41.728614 37.500000 -9.034181
v -41.620628 37.500000 -9.076765
v -41.397208 37.500000 -9.139365
v -41.509987 37.500000 -9.111881
v -41.167345 37.500000 -9.170959
v -41.282816 37.500000 -9.159088
v -42.370042 37.500000 -8.547771
v -42.440181 37.500000 -8.455278
v -42.211673 37.500000 -8.717343
v -42.293754 37.500000 -8.635262
v -42.031689 37.500000 -8.863771
v -42.124182 37.500000 -8.793631
v -41.051332 37.500000 -9.174922
v -41.109372 42.785000 -5.775913
v -41.167345 42.785000 -5.778885
v -41.225181 42.785000 -5.783834
v -41.282816 42.785000 -5.790756
v -41.340180 42.785000 -5.799641
v -41.397208 42.785000 -5.810479
v -41.453832 42.785000 -5.823258
v -41.509987 42.785000 -5.837962
v -41.565607 42.785000 -5.854576
v -41.620628 42.785000 -5.873078
v -41.674985 42.785000 -5.893448
v -41.728614 42.785000 -5.915663
v -41.781454 42.785000 -5.939695
v -41.833443 42.785000 -5.965517
v -41.884520 42.785000 -5.993099
v -41.934625 42.785000 -6.022409
v -42.031689 42.785000 -6.086073
v -41.983701 42.785000 -6.053412
v -42.124182 42.785000 -6.156213
v -42.078534 42.785000 -6.120353
v -42.211673 42.785000 -6.232501
v -42.168579 42.785000 -6.193610
v -42.253414 42.785000 -6.272840
v -42.293754 42.785000 -6.314581
v -42.332645 42.785000 -6.357675
v -42.370042 42.785000 -6.402072
v -42.405901 42.785000 -6.447720
v -42.440181 42.785000 -6.494565
v -42.503845 42.785000 -6.591629
v -42.472842 42.785000 -6.542554
v -42.533155 42.785000 -6.641734
v -42.560737 42.785000 -6.692811
v -42.586559 42.785000 -6.744800
v -42.610592 42.785000 -6.797640
v -42.632806 42.785000 -6.851270
v -42.653176 42.785000 -6.905626
v -42.671679 42.785000 -6.960647
v -42.688292 42.785000 -7.016267
v -42.702996 42.785000 -7.072422
v -42.715775 42.785000 -7.129046
v -42.735499 42.785000 -7.243438
v -42.726614 42.785000 -7.186074
v -42.747369 42.785000 -7.358910
v -42.742420 42.785000 -7.301073
v -42.750341 42.785000 -7.416882
v -42.751332 42.785000 -7.474922
v -42.750341 42.785000 -7.532962
v -42.747369 42.785000 -7.590934
v -42.735499 42.785000 -7.706405
v -42.742420 42.785000 -7.648771
v -42.726614 42.785000 -7.763769
v -42.715775 42.785000 -7.820797
v -42.688292 42.785000 -7.933576
v -42.702996 42.785000 -7.877421
v -42.671679 42.785000 -7.989196
v -42.653176 42.785000 -8.044217
v -42.610592 42.785000 -8.152204
v -42.632806 42.785000 -8.098574
v -42.586559 42.785000 -8.205044
v -42.560737 42.785000 -8.257032
v -42.533155 42.785000 -8.308109
v -42.503845 42.785000 -8.358214
v -42.472842 42.785000 -8.407290
v -42.440181 42.785000 -8.455278
v -42.370042 42.785000 -8.547771
v -42.405901 42.785000 -8.502124
v -42.332645 42.785000 -8.592168
v -42.293754 42.785000 -8.635262
v -42.253414 42.785000 -8.677003
v -42.211673 42.785000 -8.717343
v -42.124182 42.785000 -8.793631
v -42.168579 42.785000 -8.756234
v -42.078534 42.785000 -8.829490
v -42.031689 42.785000 -8.863771
v -41.934625 42.785000 -8.927435
v -41.983701 42.785000 -8.896431
v -41.884520 42.785000 -8.956745
v -41.833443 42.785000 -8.984327
v -41.728614 42.785000 -9.034181
v -41.781454 42.785000 -9.010149
v -41.674985 42.785000 -9.056395
v -41.620628 42.785000 -9.076765
v -41.509987 42.785000 -9.111881
v -41.565607 42.785000 -9.095268
v -41.453832 42.785000 -9.126586
v -41.397208 42.785000 -9.139365
v -41.340180 42.785000 -9.150203
v -41.282816 42.785000 -9.159088
v -41.167345 42.785000 -9.170959
v -41.225181 42.785000 -9.166009
v -41.051332 42.785000 -9.174922
v -41.109372 42.785000 -9.173931
v -40.993293 42.785000 -9.173931
v -40.935320 42.785000 -9.170959
v -40.877483 42.785000 -9.166009
v -40.819849 42.785000 -9.159088
v -40.762485 42.785000 -9.150203
v -40.705457 42.785000 -9.139365
v -40.648833 42.785000 -9.126586
v -40.592678 42.785000 -9.111881
v -40.537058 42.785000 -9.095268
v -40.482037 42.785000 -9.076765
v -40.374051 42.785000 -9.034181
v -40.427680 42.785000 -9.056395
v -40.321211 42.785000 -9.010149
v -40.269222 42.785000 -8.984327
v -40.168040 42.785000 -8.927435
v -40.218145 42.785000 -8.956745
v -40.118964 42.785000 -8.896431
v -40.070976 42.785000 -8.863771
v -40.024131 42.785000 -8.829490
v -39.978483 42.785000 -8.793631
v -39.934086 42.785000 -8.756234
v -39.890992 42.785000 -8.717343
v -39.849251 42.785000 -8.677003
v -39.808911 42.785000 -8.635262
v -39.770020 42.785000 -8.592168
v -39.732623 42.785000 -8.547771
v -39.696764 42.785000 -8.502124
v -39.662484 42.785000 -8.455278
v -39.629823 42.785000 -8.407290
v -39.598819 42.785000 -8.358214
v -39.569510 42.785000 -8.308109
v -39.541928 42.785000 -8.257032
v -39.516105 42.785000 -8.205044
v -39.492073 42.785000 -8.152204
v -39.469859 42.785000 -8.098574
v -39.449489 42.785000 -8.044217
v -39.414373 42.785000 -7.933576
v -39.430986 42.785000 -7.989196
v -39.399668 42.785000 -7.877421
v -39.386889 42.785000 -7.820797
v -39.367166 42.785000 -7.706405
v -39.376051 42.785000 -7.763769
v -39.360245 42.785000 -7.648771
v -39.355295 42.785000 -7.590934
v -39.352323 42.785000 -7.532962
v -39.351332 42.785000 -7.474922
v -39.352323 42.785000 -7.416882
v -39.355295 42.785000 -7.358910
v -39.360245 42.785000 -7.301073
v -39.367166 42.785000 -7.243438
v -39.376051 42.785000 -7.186074
v -39.386889 42.785000 -7.129046
v -39.414373 42.785000 -7.016267
v -39.399668 42.785000 -7.072422
v -39.430986 42.785000 -6.960647
v -39.449489 42.785000 -6.905626
v -39.492073 42.785000 -6.797640
v -39.469859 42.785000 -6.851270
v -39.541928 42.785000 -6.692811
v -39.516105 42.785000 -6.744800
v -39.598819 42.785000 -6.591629
v -39.569510 42.785000 -6.641734
v -39.662484 42.785000 -6.494565
v -39.629823 42.785000 -6.542554
v -39.732623 42.785000 -6.402072
v -39.696764 42.785000 -6.447720
v -39.808911 42.785000 -6.314581
v -39.770020 42.785000 -6.357675
v -39.890992 42.785000 -6.232501
v -39.849251 42.785000 -6.272840
v -39.978483 42.785000 -6.156213
v -39.934086 42.785000 -6.193610
v -40.070976 42.785000 -6.086073
v -40.024131 42.785000 -6.120353
v -40.168040 42.785000 -6.022409
v -40.118964 42.785000 -6.053412
v -40.218145 42.785000 -5.993099
v -40.269222 42.785000 -5.965517
v -40.374051 42.785000 -5.915663
v -40.321211 42.785000 -5.939695
v -40.427680 42.785000 -5.893448
v -40.482037 42.785000 -5.873078
v -40.537058 42.785000 -5.854576
v -40.592678 42.785000 -5.837962
v -40.705457 42.785000 -5.810479
v -40.648833 42.785000 -5.823258
v -40.762485 42.785000 -5.799641
v -40.819849 42.785000 -5.790756
v -40.935320 42.785000 -5.778885
v -40.877483 42.785000 -5.783834
v -41.051332 42.785000 -5.774922
v -40.993293 42.785000 -5.775913
v -41.051332 44.000000 -4.559922
v -40.951811 44.000000 -4.561621
v -40.852406 44.000000 -4.566717
v -40.753232 44.000000 -4.575204
v -40.654407 44.000000 -4.587072
v -40.556044 44.000000 -4.602307
v -40.458258 44.000000 -4.620892
v -40.361164 44.000000 -4.642804
v -40.264875 44.000000 -4.668018
v -40.169502 44.000000 -4.696505
v -40.075158 44.000000 -4.728231
v -39.981952 44.000000 -4.763160
v -39.889993 44.000000 -4.801251
v -39.799388 44.000000 -4.842459
v -39.710243 44.000000 -4.886736
v -39.622661 44.000000 -4.934031
v -39.536745 44.000000 -4.984289
v -39.452595 44.000000 -5.037451
v -39.370309 44.000000 -5.093454
v -39.289983 44.000000 -5.152235
v -39.211711 44.000000 -5.213723
v -39.135584 44.000000 -5.277848
v -39.061690 44.000000 -5.344535
v -38.990116 44.000000 -5.413705
v -38.920946 44.000000 -5.485279
v -38.854259 44.000000 -5.559173
v -38.790134 44.000000 -5.635300
v -38.728646 44.000000 -5.713573
v -38.669865 44.000000 -5.793899
v -38.613862 44.000000 -5.876185
v -38.560700 44.000000 -5.960335
v -38.510442 44.000000 -6.046250
v -38.463147 44.000000 -6.133832
v -38.418870 44.000000 -6.222977
v -38.377661 44.000000 -6.313583
v -38.339571 44.000000 -6.405542
v -38.304642 44.000000 -6.498748
v -38.272915 44.000000 -6.593092
v -38.244429 44.000000 -6.688464
v -38.244429 44.000000 -8.261379
v -38.272915 44.000000 -8.356752
v -38.304642 44.000000 -8.451096
v -38.339571 44.000000 -8.544302
v -38.377661 44.000000 -8.636261
v -38.418870 44.000000 -8.726866
v -38.463147 44.000000 -8.816011
v -38.510442 44.000000 -8.903593
v -38.560700 44.000000 -8.989509
v -38.613862 44.000000 -9.073659
v -38.669865 44.000000 -9.155945
v -38.728646 44.000000 -9.236271
v -38.790134 44.000000 -9.314543
v -38.854259 44.000000 -9.390670
v -38.920946 44.000000 -9.464564
v -38.990116 44.000000 -9.536138
v -39.061690 44.000000 -9.605309
v -39.135584 44.000000 -9.671995
v -39.211711 44.000000 -9.736120
v -39.289983 44.000000 -9.797609
v -39.370309 44.000000 -9.856389
v -39.452595 44.000000 -9.912393
v -39.536745 44.000000 -9.965554
v -39.622661 44.000000 -10.015812
v -39.710243 44.000000 -10.063107
v -39.799388 44.000000 -10.107385
v -39.889993 44.000000 -10.148593
v -39.981952 44.000000 -10.186683
v -40.075158 44.000000 -10.221612
v -40.169502 44.000000 -10.253339
v -40.264875 44.000000 -10.281826
v -40.361164 44.000000 -10.307040
v -40.458258 44.000000 -10.328952
v -40.556044 44.000000 -10.347536
v -40.654407 44.000000 -10.362771
v -40.753232 44.000000 -10.374639
v -40.852406 44.000000 -10.383126
v -40.951811 44.000000 -10.388222
v -41.051332 44.000000 -10.389922
v -41.150854 44.000000 -10.388222
v -41.250259 44.000000 -10.383126
v -41.349432 44.000000 -10.374639
v -41.448258 44.000000 -10.362771
v -41.546621 44.000000 -10.347536
v -41.644407 44.000000 -10.328952
v -41.741501 44.000000 -10.307040
v -41.837790 44.000000 -10.281826
v -41.933162 44.000000 -10.253339
v -42.027506 44.000000 -10.221612
v -42.120712 44.000000 -10.186683
v -42.212672 44.000000 -10.148593
v -42.303277 44.000000 -10.107385
v -42.392422 44.000000 -10.063107
v -42.480004 44.000000 -10.015812
v -42.565920 44.000000 -9.965554
v -42.650070 44.000000 -9.912393
v -42.732356 44.000000 -9.856389
v -42.812681 44.000000 -9.797609
v -42.890954 44.000000 -9.736120
v -42.967081 44.000000 -9.671995
v -43.040975 44.000000 -9.605309
v -43.112549 44.000000 -9.536138
v -43.181719 44.000000 -9.464564
v -43.248406 44.000000 -9.390670
v -43.312531 44.000000 -9.314543
v -43.374019 44.000000 -9.236271
v -43.432800 44.000000 -9.155945
v -43.488803 44.000000 -9.073659
v -43.541965 44.000000 -8.989509
v -43.592223 44.000000 -8.903593
v -43.639518 44.000000 -8.816011
v -43.683795 44.000000 -8.726866
v -43.725003 44.000000 -8.636261
v -43.763094 44.000000 -8.544302
v -43.798023 44.000000 -8.451096
v -43.829749 44.000000 -8.356752
v -43.858236 44.000000 -8.261379
v -43.883450 44.000000 -8.165090
v -43.905363 44.000000 -8.067996
v -43.923947 44.000000 -7.970210
v -43.939182 44.000000 -7.871847
v -43.951050 44.000000 -7.773022
v -43.959537 44.000000 -7.673848
v -43.964633 44.000000 -7.574443
v -43.966332 44.000000 -7.474922
v -43.964633 44.000000 -7.375400
v -43.959537 44.000000 -7.275995
v -43.951050 44.000000 -7.176822
v -43.939182 44.000000 -7.077996
v -43.923947 44.000000 -6.979633
v -43.905363 44.000000 -6.881847
v -43.883450 44.000000 -6.784753
v -43.858236 44.000000 -6.688464
v -43.829749 44.000000 -6.593092
v -43.798023 44.000000 -6.498748
v -43.763094 44.000000 -6.405542
v -43.725003 44.000000 -6.313583
v -43.683795 44.000000 -6.222977
v -43.639518 44.000000 -6.133832
v -43.592223 44.000000 -6.046250
v -43.541965 44.000000 -5.960335
v -43.488803 44.000000 -5.876185
v -43.432800 44.000000 -5.793899
v -43.374019 44.000000 -5.713573
v -43.312531 44.000000 -5.635300
v -43.248406 44.000000 -5.559173
v -43.181719 44.000000 -5.485279
v -43.112549 44.000000 -5.413705
v -43.040975 44.000000 -5.344535
v -42.967081 44.000000 -5.277848
v -42.890954 44.000000 -5.213723
v -42.812681 44.000000 -5.152235
v -42.732356 44.000000 -5.093454
v -42.650070 44.000000 -5.037451
v -42.565920 44.000000 -4.984289
v -42.480004 44.000000 -4.934031
v -42.392422 44.000000 -4.886736
v -42.303277 44.000000 -4.842459
v -42.212672 44.000000 -4.801251
v -42.120712 44.000000 -4.763160
v -42.027506 44.000000 -4.728231
v -41.933162 44.000000 -4.696505
v -41.837790 44.000000 -4.668018
v -41.741501 44.000000 -4.642804
v -41.644407 44.000000 -4.620892
v -41.546621 44.000000 -4.602307
v -41.448258 44.000000 -4.587072
v -41.349432 44.000000 -4.575204
v -41.250259 44.000000 -4.566717
v -41.150854 44.000000 -4.561621
v -38.219599 44.000000 -6.783176
v -38.224772 43.981590 -6.841842
v -38.228544 43.968091 -6.888339
v -38.232309 43.954551 -6.938800
v -38.235746 43.942130 -6.989466
v -38.238681 43.931480 -7.037381
v -38.241319 43.921870 -7.085485
v -38.243825 43.912709 -7.137513
v -38.245856 43.905263 -7.186510
v -38.247543 43.899056 -7.234770
v -38.248925 43.893956 -7.283232
v -38.249954 43.890149 -7.329536
v -38.250741 43.887225 -7.379251
v -38.251188 43.885554 -7.426989
v -38.251332 43.885000 -7.474922
v -38.251171 43.885571 -7.522856
v -38.250707 43.887259 -7.570594
v -38.250666 43.887409 -7.573741
v -38.249903 43.890197 -7.620269
v -38.248857 43.894024 -7.666616
v -38.247457 43.899141 -7.715078
v -38.245753 43.905366 -7.763344
v -38.243456 43.913739 -7.817837
v -38.241348 43.921403 -7.861145
v -38.238619 43.931298 -7.910875
v -38.235572 43.942307 -7.960408
v -38.232116 43.954746 -8.011077
v -38.228332 43.968308 -8.061548
v -38.224089 43.983440 -8.113396
v -38.219505 43.999700 -8.165019
v -38.219421 44.000000 -8.165936
v -31.169184 44.000000 0.039699
v -30.925204 44.000000 0.050157
v -30.925204 36.000000 0.050157
v -31.412696 44.000000 0.021331
v -31.169184 36.000000 0.039699
v -31.412696 36.000000 0.021331
v -31.655484 44.000000 -0.004927
v -31.897293 44.000000 -0.039048
v -32.137867 44.000000 -0.080995
v -32.376954 44.000000 -0.130725
v -32.614301 44.000000 -0.188185
v -32.849660 44.000000 -0.253316
v -33.082782 44.000000 -0.326047
v -33.313421 44.000000 -0.406303
v -33.541336 44.000000 -0.493999
v -33.766285 44.000000 -0.589043
v -33.988032 44.000000 -0.691335
v -34.206345 44.000000 -0.800767
v -34.420992 44.000000 -0.917224
v -34.631748 44.000000 -1.040583
v -34.838391 44.000000 -1.170714
v -35.040704 44.000000 -1.307481
v -35.238473 44.000000 -1.450740
v -35.431490 44.000000 -1.600339
v -35.619553 44.000000 -1.756121
v -35.802463 44.000000 -1.917922
v -35.980027 44.000000 -2.085572
v -36.152059 44.000000 -2.258894
v -36.318377 44.000000 -2.437706
v -36.478807 44.000000 -2.621820
v -36.633179 44.000000 -2.811041
v -36.781332 44.000000 -3.005171
v -36.923108 44.000000 -3.204006
v -37.058360 44.000000 -3.407335
v -37.186943 44.000000 -3.614944
v -37.308724 44.000000 -3.826616
v -37.423573 44.000000 -4.042128
v -37.531371 44.000000 -4.261252
v -37.632003 44.000000 -4.483758
v -37.725363 44.000000 -4.709411
v -37.811354 44.000000 -4.937974
v -37.889884 44.000000 -5.169207
v -37.960871 44.000000 -5.402866
v -38.024241 44.000000 -5.638704
v -38.079926 44.000000 -5.876475
v -38.127868 44.000000 -6.115927
v -38.168016 44.000000 -6.356808
v -38.200329 44.000000 -6.598864
v -38.174405 44.000000 -8.546929
v -38.205305 44.000000 -8.304688
v -38.205305 36.000000 -8.304688
v -38.135662 44.000000 -8.788040
v -38.174405 36.000000 -8.546929
v -38.089118 44.000000 -9.027767
v -38.135662 36.000000 -8.788040
v -38.034821 44.000000 -9.265859
v -38.089118 36.000000 -9.027767
v -37.972829 44.000000 -9.502063
v -38.034821 36.000000 -9.265859
v -37.903206 44.000000 -9.736132
v -37.972829 36.000000 -9.502063
v -37.826026 44.000000 -9.967819
v -37.903206 36.000000 -9.736132
v -37.741370 44.000000 -10.196880
v -37.826026 36.000000 -9.967819
v -37.649328 44.000000 -10.423074
v -37.741370 36.000000 -10.196880
v -37.549996 44.000000 -10.646163
v -37.649328 36.000000 -10.423074
v -37.443478 44.000000 -10.865912
v -37.549996 36.000000 -10.646163
v -37.329888 44.000000 -11.082090
v -37.443478 36.000000 -10.865912
v -37.209344 44.000000 -11.294469
v -37.329888 36.000000 -11.082090
v -37.081974 44.000000 -11.502825
v -37.209344 36.000000 -11.294469
v -36.947911 44.000000 -11.706940
v -37.081974 36.000000 -11.502825
v -36.807297 44.000000 -11.906598
v -36.947911 36.000000 -11.706940
v -36.660280 44.000000 -12.101589
v -36.807297 36.000000 -11.906598
v -36.507014 44.000000 -12.291708
v -36.660280 36.000000 -12.101589
v -36.347661 44.000000 -12.476754
v -36.507014 36.000000 -12.291708
v -36.182389 44.000000 -12.656534
v -36.347661 36.000000 -12.476754
v -36.011371 44.000000 -12.830857
v -36.182389 36.000000 -12.656534
v -35.834788 44.000000 -12.999540
v -36.011371 36.000000 -12.830857
v -35.652825 44.000000 -13.162405
v -35.834788 36.000000 -12.999540
v -35.465675 44.000000 -13.319282
v -35.652825 36.000000 -13.162405
v -35.273533 44.000000 -13.470004
v -35.465675 36.000000 -13.319282
v -35.076603 44.000000 -13.614414
v -35.273533 36.000000 -13.470004
v -34.875092 44.000000 -13.752359
v -35.076603 36.000000 -13.614414
v -34.669211 44.000000 -13.883694
v -34.875092 36.000000 -13.752359
v -34.459178 44.000000 -14.008280
v -34.669211 36.000000 -13.883694
v -34.245214 44.000000 -14.125987
v -34.459178 36.000000 -14.008280
v -34.027544 44.000000 -14.236691
v -34.245214 36.000000 -14.125987
v -33.806397 44.000000 -14.340275
v -34.027544 36.000000 -14.236691
v -33.582006 44.000000 -14.436629
v -33.806397 36.000000 -14.340275
v -33.354607 44.000000 -14.525654
v -33.582006 36.000000 -14.436629
v -33.124440 44.000000 -14.607254
v -33.354607 36.000000 -14.525654
v -32.891747 44.000000 -14.681344
v -33.124440 36.000000 -14.607254
v -32.656772 44.000000 -14.747846
v -32.891747 36.000000 -14.681344
v -32.419764 44.000000 -14.806690
v -32.656772 36.000000 -14.747846
v -32.180971 44.000000 -14.857814
v -32.419764 36.000000 -14.806690
v -31.940645 44.000000 -14.901165
v -32.180971 36.000000 -14.857814
v -31.699040 44.000000 -14.936695
v -31.940645 36.000000 -14.901165
v -31.456409 44.000000 -14.964369
v -31.699040 36.000000 -14.936695
v -31.213008 44.000000 -14.984157
v -31.456409 36.000000 -14.964369
v -30.969093 44.000000 -14.996038
v -31.213008 36.000000 -14.984157
v -30.724922 44.000000 -15.000000
v -30.969093 36.000000 -14.996038
v -38.228330 36.000000 -8.061572
v -38.243456 36.000000 -7.817837
v -38.250666 36.000000 -7.573739
v -30.724922 36.000000 -15.000000
v -15.775078 44.000000 0.050157
v -15.775078 36.000000 0.050157
v -15.775078 36.000000 -15.000000
v -15.775078 44.000000 -15.000000
v -14.907698 36.000000 0.000000
v -15.531402 36.000000 0.046210
v -15.287981 36.000000 0.034375
v -15.045072 36.000000 0.014664
v -15.531402 44.000000 -14.996054
v -15.287981 44.000000 -14.984219
v -15.531402 36.000000 -14.996054
v -15.045072 44.000000 -14.964507
v -15.287981 36.000000 -14.984219
v -14.802927 44.000000 -14.936941
v -15.045072 36.000000 -14.964507
v -14.561803 44.000000 -14.901547
v -14.802927 36.000000 -14.936941
v -14.321951 44.000000 -14.858364
v -14.561803 36.000000 -14.901547
v -14.083623 44.000000 -14.807437
v -14.321951 36.000000 -14.858364
v -13.847070 44.000000 -14.748819
v -14.083623 36.000000 -14.807437
v -13.612538 44.000000 -14.682572
v -13.847070 36.000000 -14.748819
v -13.380275 44.000000 -14.608765
v -13.612538 36.000000 -14.682572
v -13.150524 44.000000 -14.527476
v -13.380275 36.000000 -14.608765
v -12.923525 44.000000 -14.438789
v -13.150524 36.000000 -14.527476
v -12.699517 44.000000 -14.342798
v -12.923525 36.000000 -14.438789
v -12.478735 44.000000 -14.239604
v -12.699517 36.000000 -14.342798
v -12.261411 44.000000 -14.129315
v -12.478735 36.000000 -14.239604
v -12.047772 44.000000 -14.012046
v -12.261411 36.000000 -14.129315
v -11.838042 44.000000 -13.887920
v -12.047772 36.000000 -14.012046
v -11.632442 44.000000 -13.757068
v -11.838042 36.000000 -13.887920
v -11.431186 44.000000 -13.619627
v -11.632442 36.000000 -13.757068
v -11.234487 44.000000 -13.475741
v -11.431186 36.000000 -13.619627
v -11.042551 44.000000 -13.325561
v -11.234487 36.000000 -13.475741
v -10.855578 44.000000 -13.169245
v -11.042551 36.000000 -13.325561
v -10.673765 44.000000 -13.006956
v -10.855578 36.000000 -13.169245
v -10.497302 44.000000 -12.838865
v -10.673765 36.000000 -13.006956
v -10.326375 44.000000 -12.665147
v -10.497302 36.000000 -12.838865
v -10.161164 44.000000 -12.485986
v -10.326375 36.000000 -12.665147
v -10.001840 44.000000 -12.301569
v -10.161164 36.000000 -12.485986
v -9.848572 44.000000 -12.112089
v -10.001840 36.000000 -12.301569
v -9.701519 44.000000 -11.917746
v -9.848572 36.000000 -12.112089
v -9.560838 44.000000 -11.718743
v -9.701519 36.000000 -11.917746
v -9.426674 44.000000 -11.515288
v -9.560838 36.000000 -11.718743
v -9.299168 44.000000 -11.307596
v -9.426674 36.000000 -11.515288
v -9.178455 44.000000 -11.095884
v -9.299168 36.000000 -11.307596
v -9.064661 44.000000 -10.880374
v -9.178455 36.000000 -11.095884
v -8.957905 44.000000 -10.661292
v -9.064661 36.000000 -10.880374
v -8.858300 44.000000 -10.438868
v -8.957905 36.000000 -10.661292
v -8.765949 44.000000 -10.213335
v -8.858300 36.000000 -10.438868
v -8.680950 44.000000 -9.984930
v -8.765949 36.000000 -10.213335
v -8.603391 44.000000 -9.753892
v -8.680950 36.000000 -9.984930
v -8.533355 44.000000 -9.520464
v -8.603391 36.000000 -9.753892
v -8.470914 44.000000 -9.284891
v -8.533355 36.000000 -9.520464
v -8.416134 44.000000 -9.047419
v -8.470914 36.000000 -9.284891
v -8.369073 44.000000 -8.808298
v -8.416134 36.000000 -9.047419
v -8.329780 44.000000 -8.567778
v -8.369073 36.000000 -8.808298
v -8.298296 44.000000 -8.326112
v -8.329780 36.000000 -8.567778
v -8.329780 44.000000 -6.382065
v -8.298296 44.000000 -6.623731
v -8.298296 36.000000 -6.623731
v -8.369073 44.000000 -6.141546
v -8.329780 36.000000 -6.382065
v -8.416134 44.000000 -5.902424
v -8.369073 36.000000 -6.141546
v -8.470914 44.000000 -5.664953
v -8.416134 36.000000 -5.902424
v -8.533355 44.000000 -5.429379
v -8.470914 36.000000 -5.664953
v -8.603391 44.000000 -5.195951
v -8.533355 36.000000 -5.429379
v -8.680950 44.000000 -4.964914
v -8.603391 36.000000 -5.195951
v -8.765949 44.000000 -4.736509
v -8.680950 36.000000 -4.964914
v -8.858300 44.000000 -4.510976
v -8.765949 36.000000 -4.736509
v -8.957905 44.000000 -4.288552
v -8.858300 36.000000 -4.510976
v -9.064661 44.000000 -4.069470
v -8.957905 36.000000 -4.288552
v -9.178455 44.000000 -3.853960
v -9.064661 36.000000 -4.069470
v -9.299168 44.000000 -3.642248
v -9.178455 36.000000 -3.853960
v -9.426674 44.000000 -3.434555
v -9.299168 36.000000 -3.642248
v -9.560838 44.000000 -3.231101
v -9.426674 36.000000 -3.434555
v -9.701519 44.000000 -3.032098
v -9.560838 36.000000 -3.231101
v -9.848572 44.000000 -2.837754
v -9.701519 36.000000 -3.032098
v -10.001840 44.000000 -2.648275
v -9.848572 36.000000 -2.837754
v -10.161164 44.000000 -2.463858
v -10.001840 36.000000 -2.648275
v -10.326375 44.000000 -2.284696
v -10.161164 36.000000 -2.463858
v -10.497302 44.000000 -2.110979
v -10.326375 36.000000 -2.284696
v -10.673765 44.000000 -1.942888
v -10.497302 36.000000 -2.110979
v -10.855578 44.000000 -1.780599
v -10.673765 36.000000 -1.942888
v -11.042551 44.000000 -1.624282
v -10.855578 36.000000 -1.780599
v -11.234487 44.000000 -1.474102
v -11.042551 36.000000 -1.624282
v -11.431186 44.000000 -1.330216
v -11.234487 36.000000 -1.474102
v -11.632442 44.000000 -1.192775
v -11.431186 36.000000 -1.330216
v -11.838042 44.000000 -1.061923
v -11.632442 36.000000 -1.192775
v -12.047772 44.000000 -0.937798
v -11.838042 36.000000 -1.061923
v -12.261411 44.000000 -0.820529
v -12.047772 36.000000 -0.937798
v -12.478735 44.000000 -0.710239
v -12.261411 36.000000 -0.820529
v -12.699517 44.000000 -0.607045
v -12.478735 36.000000 -0.710239
v -12.923525 44.000000 -0.511055
v -12.699517 36.000000 -0.607045
v -13.150524 44.000000 -0.422368
v -12.923525 36.000000 -0.511055
v -13.380275 44.000000 -0.341078
v -13.150524 36.000000 -0.422368
v -13.612538 44.000000 -0.267271
v -13.380275 36.000000 -0.341078
v -13.847070 44.000000 -0.201024
v -13.612538 36.000000 -0.267271
v -14.083623 44.000000 -0.142406
v -13.847070 36.000000 -0.201024
v -14.321951 44.000000 -0.091479
v -14.083623 36.000000 -0.142406
v -14.561803 44.000000 -0.048296
v -14.321951 36.000000 -0.091479
v -14.802927 44.000000 -0.012903
v -14.561803 36.000000 -0.048296
v -15.045072 44.000000 0.014664
v -14.802927 36.000000 -0.012903
v -15.287981 44.000000 0.034375
v -15.531402 44.000000 0.046210
v -8.281461 44.000000 -6.787532
v -8.274654 43.975784 -6.866290
v -8.274654 36.000000 -6.866290
v -8.262650 43.932582 -7.038773
v -8.258878 43.918872 -7.109487
v -8.272921 43.969587 -6.888035
v -8.269142 43.956026 -6.938528
v -8.265691 43.943589 -6.989218
v -8.258878 36.000000 -7.109487
v -8.252444 43.895328 -7.283138
v -8.250987 43.889967 -7.353068
v -8.255534 43.906660 -7.186367
v -8.253837 43.900440 -7.234656
v -8.250987 36.000000 -7.353068
v -8.250153 43.886896 -7.426966
v -8.250000 43.886333 -7.474922
v -8.250609 43.888576 -7.379205
v -8.250987 36.000000 -7.596776
v -8.250153 43.886896 -7.522874
v -8.258878 36.000000 -7.840356
v -8.252444 43.895328 -7.666705
v -8.253837 43.900440 -7.715191
v -8.250987 43.889967 -7.596776
v -8.255534 43.906660 -7.763476
v -8.274654 36.000000 -8.083553
v -8.262650 43.932583 -7.911074
v -8.265691 43.943589 -7.960626
v -8.258878 43.918872 -7.840356
v -8.259927 43.922690 -7.861320
v -8.269142 43.956027 -8.011319
v -8.298296 36.000000 -8.326112
v -8.274654 43.975784 -8.083553
v -8.281461 44.000000 -8.162312
v -5.448667 44.000000 -4.559922
v -5.349146 44.000000 -4.561621
v -5.390628 42.785000 -5.775913
v -5.249741 44.000000 -4.566717
v -5.332655 42.785000 -5.778885
v -5.150567 44.000000 -4.575204
v -5.274818 42.785000 -5.783834
v -5.051742 44.000000 -4.587072
v -5.217184 42.785000 -5.790756
v -4.953379 44.000000 -4.602307
v -5.159820 42.785000 -5.799641
v -4.855593 44.000000 -4.620892
v -5.102792 42.785000 -5.810479
v -4.758499 44.000000 -4.642804
v -5.046168 42.785000 -5.823258
v -4.662210 44.000000 -4.668018
v -4.990013 42.785000 -5.837962
v -4.566838 44.000000 -4.696505
v -4.934393 42.785000 -5.854576
v -4.472493 44.000000 -4.728231
v -4.879372 42.785000 -5.873078
v -4.379287 44.000000 -4.763160
v -4.825015 42.785000 -5.893448
v -4.287328 44.000000 -4.801251
v -4.771386 42.785000 -5.915663
v -4.196723 44.000000 -4.842459
v -4.718546 42.785000 -5.939695
v -4.107578 44.000000 -4.886736
v -4.666557 42.785000 -5.965517
v -4.019996 44.000000 -4.934031
v -4.615480 42.785000 -5.993099
v -3.934080 44.000000 -4.984289
v -4.565375 42.785000 -6.022409
v -3.849930 44.000000 -5.037451
v -4.516299 42.785000 -6.053412
v -3.767644 44.000000 -5.093454
v -4.468311 42.785000 -6.086073
v -3.687318 44.000000 -5.152235
v -4.421466 42.785000 -6.120353
v -3.609046 44.000000 -5.213723
v -4.375818 42.785000 -6.156213
v -3.532919 44.000000 -5.277848
v -4.331421 42.785000 -6.193610
v -3.459025 44.000000 -5.344535
v -4.288327 42.785000 -6.232501
v -3.387451 44.000000 -5.413705
v -4.246586 42.785000 -6.272840
v -3.318281 44.000000 -5.485279
v -4.206246 42.785000 -6.314581
v -3.251594 44.000000 -5.559173
v -4.167355 42.785000 -6.357675
v -3.187469 44.000000 -5.635300
v -4.129958 42.785000 -6.402072
v -3.125981 44.000000 -5.713573
v -4.094099 42.785000 -6.447720
v -3.067200 44.000000 -5.793899
v -4.059819 42.785000 -6.494565
v -3.011197 44.000000 -5.876185
v -4.027158 42.785000 -6.542554
v -2.958035 44.000000 -5.960335
v -3.996154 42.785000 -6.591629
v -2.907777 44.000000 -6.046250
v -3.966845 42.785000 -6.641734
v -2.860482 44.000000 -6.133832
v -3.939263 42.785000 -6.692811
v -2.816205 44.000000 -6.222977
v -3.913440 42.785000 -6.744800
v -2.774997 44.000000 -6.313583
v -3.889408 42.785000 -6.797640
v -2.736906 44.000000 -6.405542
v -3.867194 42.785000 -6.851270
v -2.701977 44.000000 -6.498748
v -3.846824 42.785000 -6.905626
v -2.670250 44.000000 -6.593092
v -3.828321 42.785000 -6.960647
v -2.641764 44.000000 -6.688464
v -3.811708 42.785000 -7.016267
v -2.616549 44.000000 -6.784753
v -3.797003 42.785000 -7.072422
v -2.594637 44.000000 -6.881847
v -3.784225 42.785000 -7.129046
v -2.576053 44.000000 -6.979633
v -3.773386 42.785000 -7.186074
v -2.560818 44.000000 -7.077996
v -3.764501 42.785000 -7.243438
v -2.548950 44.000000 -7.176822
v -3.757580 42.785000 -7.301073
v -2.540463 44.000000 -7.275995
v -3.752631 42.785000 -7.358910
v -2.535367 44.000000 -7.375400
v -3.749659 42.785000 -7.416882
v -2.533667 44.000000 -7.474922
v -3.748667 42.785000 -7.474922
v -2.535367 44.000000 -7.574443
v -3.749659 42.785000 -7.532962
v -2.540463 44.000000 -7.673848
v -3.752631 42.785000 -7.590934
v -2.548950 44.000000 -7.773022
v -3.757580 42.785000 -7.648771
v -2.560818 44.000000 -7.871847
v -3.764501 42.785000 -7.706405
v -2.576053 44.000000 -7.970210
v -3.773386 42.785000 -7.763769
v -2.594637 44.000000 -8.067996
v -3.784225 42.785000 -7.820797
v -2.616549 44.000000 -8.165090
v -3.797003 42.785000 -7.877421
v -2.641764 44.000000 -8.261379
v -3.811708 42.785000 -7.933576
v -2.670250 44.000000 -8.356752
v -3.828321 42.785000 -7.989196
v -2.701977 44.000000 -8.451096
v -3.846824 42.785000 -8.044217
v -2.736906 44.000000 -8.544302
v -3.867194 42.785000 -8.098574
v -2.774997 44.000000 -8.636261
v -3.889408 42.785000 -8.152204
v -2.816205 44.000000 -8.726866
v -3.913440 42.785000 -8.205044
v -2.860482 44.000000 -8.816011
v -3.939263 42.785000 -8.257032
v -2.907777 44.000000 -8.903593
v -3.966845 42.785000 -8.308109
v -2.958035 44.000000 -8.989509
v -3.996154 42.785000 -8.358214
v -3.011197 44.000000 -9.073659
v -4.027158 42.785000 -8.407290
v -3.067200 44.000000 -9.155945
v -4.059819 42.785000 -8.455278
v -3.125981 44.000000 -9.236271
v -4.094099 42.785000 -8.502124
v -3.187469 44.000000 -9.314543
v -4.129958 42.785000 -8.547771
v -3.251594 44.000000 -9.390670
v -4.167355 42.785000 -8.592168
v -3.318281 44.000000 -9.464564
v -4.206246 42.785000 -8.635262
v -3.387451 44.000000 -9.536138
v -4.246586 42.785000 -8.677003
v -3.459025 44.000000 -9.605309
v -4.288327 42.785000 -8.717343
v -3.532919 44.000000 -9.671995
v -4.331421 42.785000 -8.756234
v -3.609046 44.000000 -9.736120
v -4.375818 42.785000 -8.793631
v -3.687318 44.000000 -9.797609
v -4.421466 42.785000 -8.829490
v -3.767644 44.000000 -9.856389
v -4.468311 42.785000 -8.863771
v -3.849930 44.000000 -9.912393
v -4.516299 42.785000 -8.896431
v -3.934080 44.000000 -9.965554
v -4.565375 42.785000 -8.927435
v -4.019996 44.000000 -10.015812
v -4.615480 42.785000 -8.956745
v -4.107578 44.000000 -10.063107
v -4.666557 42.785000 -8.984327
v -4.196723 44.000000 -10.107385
v -4.718546 42.785000 -9.010149
v -4.287328 44.000000 -10.148593
v -4.771386 42.785000 -9.034181
v -4.379287 44.000000 -10.186683
v -4.825015 42.785000 -9.056395
v -4.472493 44.000000 -10.221612
v -4.879372 42.785000 -9.076765
v -4.566838 44.000000 -10.253339
v -4.934393 42.785000 -9.095268
v -4.662210 44.000000 -10.281826
v -4.990013 42.785000 -9.111881
v -4.758499 44.000000 -10.307040
v -5.046168 42.785000 -9.126586
v -4.855593 44.000000 -10.328952
v -5.102792 42.785000 -9.139365
v -4.953379 44.000000 -10.347536
v -5.159820 42.785000 -9.150203
v -5.051742 44.000000 -10.362771
v -5.217184 42.785000 -9.159088
v -5.150567 44.000000 -10.374639
v -5.274818 42.785000 -9.166009
v -5.249741 44.000000 -10.383126
v -5.332655 42.785000 -9.170959
v -5.349146 44.000000 -10.388222
v -5.390628 42.785000 -9.173931
v -5.448667 44.000000 -10.389922
v -5.448667 42.785000 -9.174922
v -5.548189 44.000000 -10.388222
v -5.506707 42.785000 -9.173931
v -5.647594 44.000000 -10.383126
v -5.564680 42.785000 -9.170959
v -5.746767 44.000000 -10.374639
v -5.622517 42.785000 -9.166009
v -5.845593 44.000000 -10.362771
v -5.680151 42.785000 -9.159088
v -5.943956 44.000000 -10.347536
v -5.737515 42.785000 -9.150203
v -6.041742 44.000000 -10.328952
v -5.794543 42.785000 -9.139365
v -6.138836 44.000000 -10.307040
v -5.851167 42.785000 -9.126586
v -6.235125 44.000000 -10.281826
v -5.907322 42.785000 -9.111881
v -6.330497 44.000000 -10.253339
v -5.962942 42.785000 -9.095268
v -6.424842 44.000000 -10.221612
v -6.017963 42.785000 -9.076765
v -6.518048 44.000000 -10.186683
v -6.072320 42.785000 -9.056395
v -6.610007 44.000000 -10.148593
v -6.125949 42.785000 -9.034181
v -6.700612 44.000000 -10.107385
v -6.178789 42.785000 -9.010149
v -6.789757 44.000000 -10.063107
v -6.230778 42.785000 -8.984327
v -6.877339 44.000000 -10.015812
v -6.281855 42.785000 -8.956745
v -6.963255 44.000000 -9.965554
v -6.331960 42.785000 -8.927435
v -7.047405 44.000000 -9.912393
v -6.381036 42.785000 -8.896431
v -7.129691 44.000000 -9.856389
v -6.429024 42.785000 -8.863771
v -7.210017 44.000000 -9.797609
v -6.475869 42.785000 -8.829490
v -7.288289 44.000000 -9.736120
v -6.521517 42.785000 -8.793631
v -7.364416 44.000000 -9.671995
v -6.565914 42.785000 -8.756234
v -7.438310 44.000000 -9.605309
v -6.609008 42.785000 -8.717343
v -7.509884 44.000000 -9.536138
v -6.650749 42.785000 -8.677003
v -7.579054 44.000000 -9.464564
v -6.691089 42.785000 -8.635262
v -7.645741 44.000000 -9.390670
v -6.729980 42.785000 -8.592168
v -7.709866 44.000000 -9.314543
v -6.767377 42.785000 -8.547771
v -7.771354 44.000000 -9.236271
v -6.803236 42.785000 -8.502124
v -7.830135 44.000000 -9.155945
v -6.837516 42.785000 -8.455278
v -7.886138 44.000000 -9.073659
v -6.870177 42.785000 -8.407290
v -7.939300 44.000000 -8.989509
v -6.901180 42.785000 -8.358214
v -7.989558 44.000000 -8.903593
v -6.930490 42.785000 -8.308109
v -8.036853 44.000000 -8.816011
v -6.958072 42.785000 -8.257032
v -8.081130 44.000000 -8.726866
v -6.983895 42.785000 -8.205044
v -8.122338 44.000000 -8.636261
v -7.007927 42.785000 -8.152204
v -8.160429 44.000000 -8.544302
v -7.030141 42.785000 -8.098574
v -8.195358 44.000000 -8.451096
v -7.050511 42.785000 -8.044217
v -8.227084 44.000000 -8.356752
v -7.069014 42.785000 -7.989196
v -8.255571 44.000000 -8.261379
v -7.085627 42.785000 -7.933576
v -8.280786 44.000000 -8.165090
v -7.100332 42.785000 -7.877421
v -8.280786 44.000000 -6.784753
v -8.255571 44.000000 -6.688464
v -7.085627 42.785000 -7.016267
v -8.227084 44.000000 -6.593092
v -7.069014 42.785000 -6.960647
v -8.195358 44.000000 -6.498748
v -7.050511 42.785000 -6.905626
v -8.160429 44.000000 -6.405542
v -7.030141 42.785000 -6.851270
v -8.122338 44.000000 -6.313583
v -7.007927 42.785000 -6.797640
v -8.081130 44.000000 -6.222977
v -6.983895 42.785000 -6.744800
v -8.036853 44.000000 -6.133832
v -6.958072 42.785000 -6.692811
v -7.989558 44.000000 -6.046250
v -6.930490 42.785000 -6.641734
v -7.939300 44.000000 -5.960335
v -6.901180 42.785000 -6.591629
v -7.886138 44.000000 -5.876185
v -6.870177 42.785000 -6.542554
v -7.830135 44.000000 -5.793899
v -6.837516 42.785000 -6.494565
v -7.771354 44.000000 -5.713573
v -6.803236 42.785000 -6.447720
v -7.709866 44.000000 -5.635300
v -6.767377 42.785000 -6.402072
v -7.645741 44.000000 -5.559173
v -6.729980 42.785000 -6.357675
v -7.579054 44.000000 -5.485279
v -6.691089 42.785000 -6.314581
v -7.509884 44.000000 -5.413705
v -6.650749 42.785000 -6.272840
v -7.438310 44.000000 -5.344535
v -6.609008 42.785000 -6.232501
v -7.364416 44.000000 -5.277848
v -6.565914 42.785000 -6.193610
v -7.288289 44.000000 -5.213723
v -6.521517 42.785000 -6.156213
v -7.210017 44.000000 -5.152235
v -6.475869 42.785000 -6.120353
v -7.129691 44.000000 -5.093454
v -6.429024 42.785000 -6.086073
v -7.047405 44.000000 -5.037451
v -6.381036 42.785000 -6.053412
v -6.963255 44.000000 -4.984289
v -6.331960 42.785000 -6.022409
v -6.877339 44.000000 -4.934031
v -6.281855 42.785000 -5.993099
v -6.789757 44.000000 -4.886736
v -6.230778 42.785000 -5.965517
v -6.700612 44.000000 -4.842459
v -6.178789 42.785000 -5.939695
v -6.610007 44.000000 -4.801251
v -6.125949 42.785000 -5.915663
v -6.518048 44.000000 -4.763160
v -6.072320 42.785000 -5.893448
v -6.424842 44.000000 -4.728231
v -6.017963 42.785000 -5.873078
v -6.330497 44.000000 -4.696505
v -5.962942 42.785000 -5.854576
v -6.235125 44.000000 -4.668018
v -5.907322 42.785000 -5.837962
v -6.138836 44.000000 -4.642804
v -5.851167 42.785000 -5.823258
v -6.041742 44.000000 -4.620892
v -5.794543 42.785000 -5.810479
v -5.943956 44.000000 -4.602307
v -5.737515 42.785000 -5.799641
v -5.845593 44.000000 -4.587072
v -5.680151 42.785000 -5.790756
v -5.746767 44.000000 -4.575204
v -5.622517 42.785000 -5.783834
v -5.647594 44.000000 -4.566717
v -5.564680 42.785000 -5.778885
v -5.548189 44.000000 -4.561621
v -5.506707 42.785000 -5.775913
v -5.448667 42.785000 -5.774922
v -7.113110 42.785000 -7.820797
v -7.123949 42.785000 -7.763769
v -7.132834 42.785000 -7.706405
v -7.139755 42.785000 -7.648771
v -7.144704 42.785000 -7.590934
v -7.148667 42.785000 -7.474922
v -7.147676 42.785000 -7.532962
v -7.147676 42.785000 -7.416882
v -7.144704 42.785000 -7.358910
v -7.139755 42.785000 -7.301073
v -7.132834 42.785000 -7.243438
v -7.123949 42.785000 -7.186074
v -7.113110 42.785000 -7.129046
v -7.100332 42.785000 -7.072422
v -5.564680 37.500000 -5.778885
v -5.448667 37.500000 -5.774922
v -5.680151 37.500000 -5.790756
v -5.794543 37.500000 -5.810479
v -5.907322 37.500000 -5.837962
v -6.017963 37.500000 -5.873078
v -6.125949 37.500000 -5.915663
v -6.230778 37.500000 -5.965517
v -6.331960 37.500000 -6.022409
v -6.429024 37.500000 -6.086073
v -6.521517 37.500000 -6.156213
v -6.609008 37.500000 -6.232501
v -6.691089 37.500000 -6.314581
v -6.767377 37.500000 -6.402072
v -6.837516 37.500000 -6.494565
v -6.901180 37.500000 -6.591629
v -6.958072 37.500000 -6.692811
v -7.007927 37.500000 -6.797640
v -7.050511 37.500000 -6.905626
v -7.085627 37.500000 -7.016267
v -7.113110 37.500000 -7.129046
v -7.132834 37.500000 -7.243438
v -7.144704 37.500000 -7.358910
v -7.148667 37.500000 -7.474922
v -7.144704 37.500000 -7.590934
v -7.132834 37.500000 -7.706405
v -7.113110 37.500000 -7.820797
v -7.085627 37.500000 -7.933576
v -7.050511 37.500000 -8.044217
v -7.007927 37.500000 -8.152204
v -6.958072 37.500000 -8.257032
v -6.901180 37.500000 -8.358214
v -6.837516 37.500000 -8.455278
v -6.767377 37.500000 -8.547771
v -6.691089 37.500000 -8.635262
v -6.609008 37.500000 -8.717343
v -6.521517 37.500000 -8.793631
v -6.429024 37.500000 -8.863771
v -6.331960 37.500000 -8.927435
v -6.230778 37.500000 -8.984327
v -6.125949 37.500000 -9.034181
v -6.017963 37.500000 -9.076765
v -5.907322 37.500000 -9.111881
v -5.794543 37.500000 -9.139365
v -5.680151 37.500000 -9.159088
v -5.564680 37.500000 -9.170959
v -5.448667 37.500000 -9.174922
v -5.332655 37.500000 -9.170959
v -5.217184 37.500000 -9.159088
v -5.102792 37.500000 -9.139365
v -4.990013 37.500000 -9.111881
v -4.879372 37.500000 -9.076765
v -4.771386 37.500000 -9.034181
v -4.666557 37.500000 -8.984327
v -4.565375 37.500000 -8.927435
v -4.468311 37.500000 -8.863771
v -4.375818 37.500000 -8.793631
v -4.288327 37.500000 -8.717343
v -4.206246 37.500000 -8.635262
v -4.129958 37.500000 -8.547771
v -4.059819 37.500000 -8.455278
v -3.996154 37.500000 -8.358214
v -3.939263 37.500000 -8.257032
v -3.889408 37.500000 -8.152204
v -3.846824 37.500000 -8.044217
v -3.811708 37.500000 -7.933576
v -3.784225 37.500000 -7.820797
v -3.764501 37.500000 -7.706405
v -3.752631 37.500000 -7.590934
v -3.748667 37.500000 -7.474922
v -3.752631 37.500000 -7.358910
v -3.764501 37.500000 -7.243438
v -3.784225 37.500000 -7.129046
v -3.811708 37.500000 -7.016267
v -3.846824 37.500000 -6.905626
v -3.889408 37.500000 -6.797640
v -3.939263 37.500000 -6.692811
v -3.996154 37.500000 -6.591629
v -4.059819 37.500000 -6.494565
v -4.129958 37.500000 -6.402072
v -4.206246 37.500000 -6.314581
v -4.288327 37.500000 -6.232501
v -4.375818 37.500000 -6.156213
v -4.468311 37.500000 -6.086073
v -4.565375 37.500000 -6.022409
v -4.666557 37.500000 -5.965517
v -4.771386 37.500000 -5.915663
v -4.879372 37.500000 -5.873078
v -4.990013 37.500000 -5.837962
v -5.102792 37.500000 -5.810479
v -5.217184 37.500000 -5.790756
v -5.332655 37.500000 -5.778885
v 29.109824 22.253933 0.000000
v 29.250000 22.250000 0.000000
v 29.250000 -22.250000 0.000000
v 29.390176 22.253933 0.000000
v 29.390176 -22.253933 0.000000
v 29.109824 -22.253933 0.000000
v 28.970089 -22.265719 0.000000
v 28.831234 22.285322 0.000000
v 28.557911 -22.347707 0.000000
v 28.424302 -22.390292 0.000000
v 28.831234 -22.285322 0.000000
v 28.693698 -22.312680 0.000000
v 28.970089 22.265719 0.000000
v 28.293291 -22.440301 0.000000
v 28.165291 22.497578 0.000000
v 28.293291 22.440301 0.000000
v 28.557911 22.347707 0.000000
v 28.693698 22.312680 0.000000
v 28.424302 22.390292 0.000000
v -26.750000 -24.750000 0.000000
v 27.385895 -23.084134 0.000000
v 27.295421 -23.191275 0.000000
v 27.133190 -23.419920 0.000000
v 27.061941 -23.540703 0.000000
v 27.211098 -23.303322 0.000000
v 27.919920 22.633190 0.000000
v 27.803322 -22.711098 0.000000
v 27.691275 -22.795421 0.000000
v 28.040703 -22.561941 0.000000
v 27.919920 -22.633190 0.000000
v 30.206709 -22.440301 0.000000
v 30.696678 22.711098 0.000000
v 30.808725 22.795421 0.000000
v 29.668766 -22.285322 0.000000
v 29.668766 22.285322 0.000000
v 29.806302 22.312680 0.000000
v 28.040703 22.561941 0.000000
v -26.890292 25.575698 0.000000
v -26.940301 25.706709 0.000000
v 26.785322 25.168766 0.000000
v -26.785322 25.168766 0.000000
v -26.812680 25.306302 0.000000
v 26.753933 24.890176 0.000000
v -26.753933 24.890176 0.000000
v -26.765719 25.029911 0.000000
v 26.750000 24.750000 0.000000
v 27.133190 26.080080 0.000000
v 27.061941 25.959297 0.000000
v 27.295421 26.308725 0.000000
v 27.211098 26.196678 0.000000
v 27.803322 26.788902 0.000000
v 27.691275 26.704579 0.000000
v 26.997578 -23.665291 0.000000
v 26.940301 -23.793291 0.000000
v 27.482233 -22.982233 0.000000
v 31.017767 22.982233 0.000000
v 31.114105 23.084134 0.000000
v 30.915866 22.885895 0.000000
v 29.942089 22.347707 0.000000
v 29.529911 22.265719 0.000000
v 29.529911 -22.265719 0.000000
v -26.847707 25.442089 0.000000
v -26.750000 24.750000 0.000000
v 26.765719 25.029911 0.000000
v 26.997578 25.834709 0.000000
v 26.940301 25.706709 0.000000
v 27.482233 26.517767 0.000000
v 27.385895 26.415866 0.000000
v 27.919920 26.866810 0.000000
v 27.584134 26.614105 0.000000
v 29.109824 27.246067 0.000000
v 28.970089 27.234281 0.000000
v 29.390176 27.246067 0.000000
v 29.250000 27.250000 0.000000
v 26.785322 -24.331234 0.000000
v 26.765719 -24.470089 0.000000
v 26.847707 -24.057911 0.000000
v 26.812680 -24.193698 0.000000
v 26.890292 -23.924302 0.000000
v 27.584134 -22.885895 0.000000
v 30.459297 22.561941 0.000000
v 30.580080 22.633190 0.000000
v 30.075698 22.390292 0.000000
v 30.206709 22.440301 0.000000
v 29.942089 -22.347707 0.000000
v 29.806302 -22.312680 0.000000
v 30.075698 -22.390292 0.000000
v 26.997578 23.665291 0.000000
v -27.919920 22.633190 0.000000
v -27.803322 22.711098 0.000000
v -31.366810 26.080080 0.000000
v -31.438059 25.959297 0.000000
v -30.459297 26.938059 0.000000
v -30.580080 26.866810 0.000000
v 26.847707 25.442089 0.000000
v 26.812680 25.306302 0.000000
v 26.890292 25.575698 0.000000
v 28.293291 27.059699 0.000000
v 28.165291 27.002422 0.000000
v 28.831234 27.214678 0.000000
v 28.693698 27.187320 0.000000
v 26.753933 -24.609824 0.000000
v 28.165291 -22.497578 0.000000
v 31.204579 23.191275 0.000000
v 30.334709 22.497578 0.000000
v -26.785322 24.331234 0.000000
v 26.890292 23.924302 0.000000
v 26.940301 23.793291 0.000000
v -26.753933 24.609824 0.000000
v 26.753933 24.609824 0.000000
v 26.765719 24.470089 0.000000
v -27.691275 22.795421 0.000000
v -27.584134 22.885895 0.000000
v -26.765719 -24.470089 0.000000
v -29.390176 22.253933 0.000000
v -29.250000 22.250000 0.000000
v -29.668766 22.285322 0.000000
v -29.529911 22.265719 0.000000
v -29.942089 22.347707 0.000000
v -29.806302 22.312680 0.000000
v -30.206709 22.440301 0.000000
v -30.075698 22.390292 0.000000
v -31.288902 26.196678 0.000000
v -31.114105 26.415866 0.000000
v -31.204579 26.308725 0.000000
v -30.696678 26.788902 0.000000
v -30.808725 26.704579 0.000000
v -29.942089 27.152293 0.000000
v -30.075698 27.109708 0.000000
v -29.668766 27.214678 0.000000
v -29.806302 27.187320 0.000000
v -29.390176 27.246067 0.000000
v -29.529911 27.234281 0.000000
v -29.109824 27.246067 0.000000
v -29.250000 27.250000 0.000000
v 28.040703 26.938059 0.000000
v 28.557911 27.152293 0.000000
v 28.424302 27.109708 0.000000
v 29.668766 27.214678 0.000000
v 29.529911 27.234281 0.000000
v 30.206709 27.059699 0.000000
v 30.075698 27.109708 0.000000
v 31.652293 24.057911 0.000000
v 31.687320 24.193698 0.000000
v 31.502422 23.665291 0.000000
v 31.559699 23.793291 0.000000
v 30.696678 -22.711098 0.000000
v 31.288902 23.303322 0.000000
v 31.204579 -23.191275 0.000000
v 31.114105 -23.084134 0.000000
v 31.502422 -23.665291 0.000000
v 31.438059 -23.540703 0.000000
v 27.385895 23.084134 0.000000
v -26.753933 -24.609824 0.000000
v 26.847707 24.057911 0.000000
v 26.785322 24.331234 0.000000
v 26.812680 24.193698 0.000000
v -26.765719 24.470089 0.000000
v -26.997578 23.665291 0.000000
v -26.940301 23.793291 0.000000
v -27.482233 22.982233 0.000000
v -27.385895 23.084134 0.000000
v -28.831234 22.285322 0.000000
v -28.693698 22.312680 0.000000
v -30.580080 22.633190 0.000000
v -30.459297 22.561941 0.000000
v -30.334709 -27.002422 0.000000
v -30.206709 -27.059699 0.000000
v -28.424302 27.109708 0.000000
v -27.133190 26.080080 0.000000
v -27.211098 26.196678 0.000000
v -26.997578 25.834709 0.000000
v -27.061941 25.959297 0.000000
v 29.942089 27.152293 0.000000
v 29.806302 27.187320 0.000000
v 31.714678 24.331234 0.000000
v 31.734281 24.470089 0.000000
v 31.609708 23.924302 0.000000
v 31.366810 23.419920 0.000000
v 31.438059 23.540703 0.000000
v 30.459297 -22.561941 0.000000
v 30.334709 -22.497578 0.000000
v 30.580080 -22.633190 0.000000
v 31.017767 -22.982233 0.000000
v 30.915866 -22.885895 0.000000
v 31.366810 -23.419920 0.000000
v 31.288902 -23.303322 0.000000
v 31.609708 -23.924302 0.000000
v 27.482233 22.982233 0.000000
v 27.584134 22.885895 0.000000
v 27.295421 23.191275 0.000000
v -26.847707 24.057911 0.000000
v -26.812680 24.193698 0.000000
v -26.890292 23.924302 0.000000
v -27.295421 23.191275 0.000000
v -27.211098 23.303322 0.000000
v -28.040703 22.561941 0.000000
v -28.424302 22.390292 0.000000
v -28.293291 22.440301 0.000000
v -28.557911 22.347707 0.000000
v -29.109824 22.253933 0.000000
v -28.970089 22.265719 0.000000
v -30.334709 22.497578 0.000000
v -29.250000 -22.250000 0.000000
v -31.559699 23.793291 0.000000
v -31.502422 23.665291 0.000000
v 30.696678 -26.788902 0.000000
v 30.808725 -26.704579 0.000000
v 29.109824 -27.246067 0.000000
v 29.250000 -27.250000 0.000000
v 28.831234 -27.214678 0.000000
v 28.970089 -27.234281 0.000000
v 28.557911 -27.152293 0.000000
v 28.693698 -27.187320 0.000000
v 28.165291 -27.002422 0.000000
v 28.293291 -27.059699 0.000000
v -26.785322 -25.168766 0.000000
v 26.890292 -25.575698 0.000000
v 26.940301 -25.706709 0.000000
v -26.753933 -24.890176 0.000000
v 26.753933 -24.890176 0.000000
v 26.765719 -25.029911 0.000000
v 26.997578 -25.834709 0.000000
v -27.803322 -26.788902 0.000000
v -27.691275 -26.704579 0.000000
v -29.390176 -27.246067 0.000000
v -29.250000 -27.250000 0.000000
v -29.668766 -27.214678 0.000000
v -29.529911 -27.234281 0.000000
v -29.942089 -27.152293 0.000000
v -29.806302 -27.187320 0.000000
v -30.075698 -27.109708 0.000000
v -31.017767 26.517767 0.000000
v -30.915866 26.614105 0.000000
v -28.831234 27.214678 0.000000
v -28.970089 27.234281 0.000000
v -28.557911 27.152293 0.000000
v -28.693698 27.187320 0.000000
v -28.293291 27.059699 0.000000
v 30.808725 -22.795421 0.000000
v 31.559699 -23.793291 0.000000
v 27.061941 23.540703 0.000000
v -27.133190 23.419920 0.000000
v -27.061941 23.540703 0.000000
v -28.165291 22.497578 0.000000
v -31.366810 -23.419920 0.000000
v -31.438059 -23.540703 0.000000
v -31.114105 -23.084134 0.000000
v -31.204579 -23.191275 0.000000
v -30.696678 -22.711098 0.000000
v -30.808725 -22.795421 0.000000
v -30.459297 -22.561941 0.000000
v -30.580080 -22.633190 0.000000
v -29.942089 -22.347707 0.000000
v -30.075698 -22.390292 0.000000
v -29.668766 -22.285322 0.000000
v -29.806302 -22.312680 0.000000
v -29.390176 -22.253933 0.000000
v -29.529911 -22.265719 0.000000
v -29.109824 -22.253933 0.000000
v -26.785322 -24.331234 0.000000
v -26.812680 -24.193698 0.000000
v 31.017767 -26.517767 0.000000
v 31.114105 -26.415866 0.000000
v 30.915866 -26.614105 0.000000
v 29.668766 -27.214678 0.000000
v 29.806302 -27.187320 0.000000
v 29.390176 -27.246067 0.000000
v 29.529911 -27.234281 0.000000
v 28.424302 -27.109708 0.000000
v 27.919920 -26.866810 0.000000
v 28.040703 -26.938059 0.000000
v 26.847707 -25.442089 0.000000
v 26.785322 -25.168766 0.000000
v 26.812680 -25.306302 0.000000
v 26.750000 -24.750000 0.000000
v -26.765719 -25.029911 0.000000
v -26.997578 -25.834709 0.000000
v -26.940301 -25.706709 0.000000
v -27.584134 -26.614105 0.000000
v -27.482233 -26.517767 0.000000
v -28.293291 -27.059699 0.000000
v -28.165291 -27.002422 0.000000
v -28.557911 -27.152293 0.000000
v -28.831234 -27.214678 0.000000
v -28.693698 -27.187320 0.000000
v -30.206709 27.059699 0.000000
v -30.334709 27.002422 0.000000
v -27.482233 26.517767 0.000000
v -27.584134 26.614105 0.000000
v -27.295421 26.308725 0.000000
v -27.385895 26.415866 0.000000
v 30.459297 26.938059 0.000000
v 30.334709 27.002422 0.000000
v 30.696678 26.788902 0.000000
v 30.580080 26.866810 0.000000
v 31.687320 25.306302 0.000000
v 31.652293 25.442089 0.000000
v 31.734281 25.029911 0.000000
v 31.714678 25.168766 0.000000
v 31.750000 24.750000 0.000000
v 31.746067 24.890176 0.000000
v 31.746067 24.609824 0.000000
v 27.691275 22.795421 0.000000
v 27.803322 22.711098 0.000000
v 27.133190 23.419920 0.000000
v 27.211098 23.303322 0.000000
v -31.204579 23.191275 0.000000
v -31.114105 23.084134 0.000000
v -31.288902 -23.303322 0.000000
v -31.502422 -23.665291 0.000000
v -31.017767 -22.982233 0.000000
v -26.890292 -23.924302 0.000000
v -26.940301 -23.793291 0.000000
v -26.847707 -24.057911 0.000000
v 31.652293 -25.442089 0.000000
v 31.687320 -25.306302 0.000000
v 31.502422 -25.834709 0.000000
v 31.559699 -25.706709 0.000000
v 30.459297 -26.938059 0.000000
v 30.580080 -26.866810 0.000000
v 30.075698 -27.109708 0.000000
v 30.206709 -27.059699 0.000000
v 29.942089 -27.152293 0.000000
v -26.847707 -25.442089 0.000000
v -26.812680 -25.306302 0.000000
v -26.890292 -25.575698 0.000000
v -27.295421 -26.308725 0.000000
v -27.211098 -26.196678 0.000000
v -27.385895 -26.415866 0.000000
v -28.040703 -26.938059 0.000000
v -27.919920 -26.866810 0.000000
v -28.424302 -27.109708 0.000000
v -29.109824 -27.246067 0.000000
v -28.970089 -27.234281 0.000000
v -30.580080 -26.866810 0.000000
v -30.459297 -26.938059 0.000000
v -28.040703 26.938059 0.000000
v -28.165291 27.002422 0.000000
v -27.803322 26.788902 0.000000
v -27.919920 26.866810 0.000000
v 31.017767 26.517767 0.000000
v 30.915866 26.614105 0.000000
v 31.204579 26.308725 0.000000
v 31.114105 26.415866 0.000000
v 31.366810 26.080080 0.000000
v 31.288902 26.196678 0.000000
v 31.502422 25.834709 0.000000
v 31.438059 25.959297 0.000000
v -31.017767 22.982233 0.000000
v -30.915866 22.885895 0.000000
v -30.915866 -22.885895 0.000000
v -28.831234 -22.285322 0.000000
v -28.970089 -22.265719 0.000000
v -28.557911 -22.347707 0.000000
v -28.693698 -22.312680 0.000000
v -28.293291 -22.440301 0.000000
v -28.424302 -22.390292 0.000000
v -27.295421 -23.191275 0.000000
v -27.385895 -23.084134 0.000000
v -26.997578 -23.665291 0.000000
v 31.714678 -25.168766 0.000000
v 31.734281 -25.029911 0.000000
v 31.609708 -25.575698 0.000000
v 31.366810 -26.080080 0.000000
v 31.438059 -25.959297 0.000000
v 31.204579 -26.308725 0.000000
v 31.288902 -26.196678 0.000000
v 30.334709 -27.002422 0.000000
v 27.482233 -26.517767 0.000000
v 27.584134 -26.614105 0.000000
v 27.295421 -26.308725 0.000000
v 27.385895 -26.415866 0.000000
v 27.061941 -25.959297 0.000000
v -27.133190 -26.080080 0.000000
v -27.061941 -25.959297 0.000000
v -27.691275 26.704579 0.000000
v 31.609708 25.575698 0.000000
v 31.559699 25.706709 0.000000
v -30.808725 22.795421 0.000000
v -30.696678 22.711098 0.000000
v -31.366810 23.419920 0.000000
v -31.288902 23.303322 0.000000
v -31.438059 23.540703 0.000000
v -30.206709 -22.440301 0.000000
v -30.334709 -22.497578 0.000000
v -27.803322 -22.711098 0.000000
v -27.919920 -22.633190 0.000000
v -27.482233 -22.982233 0.000000
v -27.584134 -22.885895 0.000000
v -27.061941 -23.540703 0.000000
v 31.687320 -24.193698 0.000000
v 31.652293 -24.057911 0.000000
v 31.734281 -24.470089 0.000000
v 31.714678 -24.331234 0.000000
v 31.750000 -24.750000 0.000000
v 31.746067 -24.609824 0.000000
v 31.746067 -24.890176 0.000000
v 27.691275 -26.704579 0.000000
v 27.803322 -26.788902 0.000000
v 27.133190 -26.080080 0.000000
v 27.211098 -26.196678 0.000000
v 30.808725 26.704579 0.000000
v -28.040703 -22.561941 0.000000
v -28.165291 -22.497578 0.000000
v -27.691275 -22.795421 0.000000
v -27.133190 -23.419920 0.000000
v -27.211098 -23.303322 0.000000
v -31.017767 -26.517767 0.000000
v -30.915866 -26.614105 0.000000
v -31.204579 -26.308725 0.000000
v -31.114105 -26.415866 0.000000
v -30.808725 -26.704579 0.000000
v -30.696678 -26.788902 0.000000
v -31.366810 -26.080080 0.000000
v -31.288902 -26.196678 0.000000
v -31.502422 -25.834709 0.000000
v -31.438059 -25.959297 0.000000
v -31.687320 -25.306302 0.000000
v -31.652293 -25.442089 0.000000
v -31.734281 -25.029911 0.000000
v -31.714678 -25.168766 0.000000
v -31.750000 -24.750000 0.000000
v -31.746067 -24.890176 0.000000
v -31.687320 24.193698 0.000000
v -31.652293 24.057911 0.000000
v -31.734281 24.470089 0.000000
v -31.714678 24.331234 0.000000
v -31.502422 25.834709 0.000000
v -31.609708 -25.575698 0.000000
v -31.559699 -25.706709 0.000000
v -31.609708 23.924302 0.000000
v -31.750000 24.750000 0.000000
v -31.746067 24.609824 0.000000
v -31.609708 -23.924302 0.000000
v -31.652293 -24.057911 0.000000
v -31.687320 25.306302 0.000000
v -31.714678 25.168766 0.000000
v -31.609708 25.575698 0.000000
v -31.652293 25.442089 0.000000
v -31.559699 -23.793291 0.000000
v -31.559699 25.706709 0.000000
v -31.687320 -24.193698 0.000000
v -31.714678 -24.331234 0.000000
v -31.734281 25.029911 0.000000
v -31.746067 24.890176 0.000000
v -31.734281 -24.470089 0.000000
v -31.746067 -24.609824 0.000000
v 31.750000 -24.750000 -1.800000
v 31.746067 -24.609824 -1.800000
v 31.734281 -24.470089 -1.800000
v 31.714678 -24.331234 -1.800000
v 31.687320 -24.193698 -1.800000
v 31.652293 -24.057911 -1.800000
v 31.609708 -23.924302 -1.800000
v 31.559699 -23.793291 -1.800000
v 31.502422 -23.665291 -1.800000
v 31.438059 -23.540703 -1.800000
v 31.366810 -23.419920 -1.800000
v 31.288902 -23.303322 -1.800000
v 31.204579 -23.191275 -1.800000
v 31.114105 -23.084134 -1.800000
v 31.017767 -22.982233 -1.800000
v 30.915866 -22.885895 -1.800000
v 30.808725 -22.795421 -1.800000
v 30.696678 -22.711098 -1.800000
v 30.580080 -22.633190 -1.800000
v 30.459297 -22.561941 -1.800000
v 30.334709 -22.497578 -1.800000
v 30.206709 -22.440301 -1.800000
v 30.075698 -22.390292 -1.800000
v 29.942089 -22.347707 -1.800000
v 29.806302 -22.312680 -1.800000
v 29.668766 -22.285322 -1.800000
v 29.529911 -22.265719 -1.800000
v 29.390176 -22.253933 -1.800000
v 29.250000 -22.250000 -1.800000
v 29.109824 -22.253933 -1.800000
v 28.970089 -22.265719 -1.800000
v 28.831234 -22.285322 -1.800000
v 28.693698 -22.312680 -1.800000
v 28.557911 -22.347707 -1.800000
v 28.424302 -22.390292 -1.800000
v 28.293291 -22.440301 -1.800000
v 28.165291 -22.497578 -1.800000
v 28.040703 -22.561941 -1.800000
v 27.919920 -22.633190 -1.800000
v 27.803322 -22.711098 -1.800000
v 27.691275 -22.795421 -1.800000
v 27.584134 -22.885895 -1.800000
v 27.482233 -22.982233 -1.800000
v 27.385895 -23.084134 -1.800000
v 27.295421 -23.191275 -1.800000
v 27.211098 -23.303322 -1.800000
v 27.133190 -23.419920 -1.800000
v 27.061941 -23.540703 -1.800000
v 26.997578 -23.665291 -1.800000
v 26.940301 -23.793291 -1.800000
v 26.890292 -23.924302 -1.800000
v 26.847707 -24.057911 -1.800000
v 26.812680 -24.193698 -1.800000
v 26.785322 -24.331234 -1.800000
v 26.765719 -24.470089 -1.800000
v 26.753933 -24.609824 -1.800000
v 26.750000 -24.750000 -1.800000
v 26.753933 -24.890176 -1.800000
v 26.765719 -25.029911 -1.800000
v 26.785322 -25.168766 -1.800000
v 26.812680 -25.306302 -1.800000
v 26.847707 -25.442089 -1.800000
v 26.890292 -25.575698 -1.800000
v 26.940301 -25.706709 -1.800000
v 26.997578 -25.834709 -1.800000
v 27.061941 -25.959297 -1.800000
v 27.133190 -26.080080 -1.800000
v 27.211098 -26.196678 -1.800000
v 27.295421 -26.308725 -1.800000
v 27.385895 -26.415866 -1.800000
v 27.482233 -26.517767 -1.800000
v 27.584134 -26.614105 -1.800000
v 27.691275 -26.704579 -1.800000
v 27.803322 -26.788902 -1.800000
v 27.919920 -26.866810 -1.800000
v 28.040703 -26.938059 -1.800000
v 28.165291 -27.002422 -1.800000
v 28.293291 -27.059699 -1.800000
v 28.424302 -27.109708 -1.800000
v 28.557911 -27.152293 -1.800000
v 28.693698 -27.187320 -1.800000
v 28.831234 -27.214678 -1.800000
v 28.970089 -27.234281 -1.800000
v 29.109824 -27.246067 -1.800000
v 29.250000 -27.250000 -1.800000
v 29.390176 -27.246067 -1.800000
v 29.529911 -27.234281 -1.800000
v 29.668766 -27.214678 -1.800000
v 29.806302 -27.187320 -1.800000
v 29.942089 -27.152293 -1.800000
v 30.075698 -27.109708 -1.800000
v 30.206709 -27.059699 -1.800000
v 30.334709 -27.002422 -1.800000
v 30.459297 -26.938059 -1.800000
v 30.580080 -26.866810 -1.800000
v 30.696678 -26.788902 -1.800000
v 30.808725 -26.704579 -1.800000
v 30.915866 -26.614105 -1.800000
v 31.017767 -26.517767 -1.800000
v 31.114105 -26.415866 -1.800000
v 31.204579 -26.308725 -1.800000
v 31.288902 -26.196678 -1.800000
v 31.366810 -26.080080 -1.800000
v 31.438059 -25.959297 -1.800000
v 31.502422 -25.834709 -1.800000
v 31.559699 -25.706709 -1.800000
v 31.609708 -25.575698 -1.800000
v 31.652293 -25.442089 -1.800000
v 31.687320 -25.306302 -1.800000
v 31.714678 -25.168766 -1.800000
v 31.734281 -25.029911 -1.800000
v 31.746067 -24.890176 -1.800000
v 29.573271 -26.469883 -1.800000
v 29.338636 -26.497754 -1.800000
v 29.220443 -26.499750 -1.800000
v 29.102386 -26.493763 -1.800000
v 28.132687 -23.403110 -1.800000
v 28.642216 -23.108934 -1.800000
v 30.651752 -23.702340 -1.800000
v 30.577827 -23.610098 -1.800000
v 29.912863 -26.369603 -1.800000
v 29.802012 -26.410657 -1.800000
v 29.688642 -26.444135 -1.800000
v 29.456424 -26.487783 -1.800000
v 28.985001 -26.479820 -1.800000
v 28.868826 -26.457983 -1.800000
v 28.532814 -26.346291 -1.800000
v 28.642216 -26.391066 -1.800000
v 28.044308 -26.018387 -1.800000
v 28.132687 -26.096890 -1.800000
v 27.598903 -24.170019 -1.800000
v 27.641824 -24.059877 -1.800000
v 28.044308 -23.481613 -1.800000
v 27.961430 -23.565902 -1.800000
v 28.532814 -23.153709 -1.800000
v 28.426685 -23.205768 -1.800000
v 29.220443 -23.000250 -1.800000
v 29.338636 -23.002246 -1.800000
v 29.456424 -23.012217 -1.800000
v 30.497843 -23.523057 -1.800000
v 30.919744 -24.226115 -1.800000
v 30.880567 -24.114586 -1.800000
v 30.951302 -24.340034 -1.800000
v 30.975097 -24.455823 -1.800000
v 30.951302 -25.159966 -1.800000
v 30.975097 -25.044177 -1.800000
v 30.919744 -25.273885 -1.800000
v 30.125000 -26.265544 -1.800000
v 30.020690 -26.321158 -1.800000
v 28.754390 -26.428354 -1.800000
v 28.426685 -26.294232 -1.800000
v 27.961430 -25.934098 -1.800000
v 27.598903 -25.329981 -1.800000
v 27.563515 -25.217192 -1.800000
v 27.563515 -24.282808 -1.800000
v 27.749450 -23.849528 -1.800000
v 27.884432 -23.655595 -1.800000
v 28.226164 -23.330754 -1.800000
v 28.324313 -23.264873 -1.800000
v 28.868826 -23.042017 -1.800000
v 28.985001 -23.020180 -1.800000
v 29.102386 -23.006237 -1.800000
v 30.719281 -23.799362 -1.800000
v 30.780107 -23.900722 -1.800000
v 30.833950 -24.005956 -1.800000
v 30.991021 -24.572955 -1.800000
v 31.000000 -24.750000 -1.800000
v 30.999002 -24.690895 -1.800000
v 30.999002 -24.809105 -1.800000
v 30.880567 -25.385414 -1.800000
v 30.577827 -25.889902 -1.800000
v 30.412166 -26.058385 -1.800000
v 30.321185 -26.133858 -1.800000
v 30.225318 -26.203016 -1.800000
v 28.324313 -26.235127 -1.800000
v 28.226164 -26.169246 -1.800000
v 27.884432 -25.844405 -1.800000
v 27.813664 -25.749719 -1.800000
v 27.692083 -25.547116 -1.800000
v 27.749450 -25.650472 -1.800000
v 27.535823 -25.102272 -1.800000
v 27.535823 -24.397728 -1.800000
v 27.692083 -23.952884 -1.800000
v 27.813664 -23.750281 -1.800000
v 28.754390 -23.071646 -1.800000
v 29.688642 -23.055865 -1.800000
v 29.573271 -23.030117 -1.800000
v 29.802012 -23.089343 -1.800000
v 29.912863 -23.130397 -1.800000
v 30.020690 -23.178842 -1.800000
v 30.125000 -23.234456 -1.800000
v 30.833950 -25.494044 -1.800000
v 30.780107 -25.599278 -1.800000
v 30.719281 -25.700638 -1.800000
v 30.651752 -25.797660 -1.800000
v 30.497843 -25.976943 -1.800000
v 27.641824 -25.440123 -1.800000
v 27.515951 -24.985745 -1.800000
v 27.515951 -24.514255 -1.800000
v 27.503992 -24.631858 -1.800000
v 30.225318 -23.296984 -1.800000
v 30.991021 -24.927045 -1.800000
v 27.503992 -24.868142 -1.800000
v 30.321185 -23.366142 -1.800000
v 30.412166 -23.441615 -1.800000
v 27.500000 -24.750000 -1.800000
v 27.500000 -24.750000 5.000000
v 27.503992 -24.868142 5.000000
v 27.515951 -24.985745 5.000000
v 27.535823 -25.102272 5.000000
v 27.563515 -25.217192 5.000000
v 27.598903 -25.329981 5.000000
v 27.641824 -25.440123 5.000000
v 27.692083 -25.547116 5.000000
v 27.749450 -25.650472 5.000000
v 27.813664 -25.749719 5.000000
v 27.884432 -25.844405 5.000000
v 27.961430 -25.934098 5.000000
v 28.044308 -26.018387 5.000000
v 28.132687 -26.096890 5.000000
v 28.226164 -26.169246 5.000000
v 28.324313 -26.235127 5.000000
v 28.426685 -26.294232 5.000000
v 28.532814 -26.346291 5.000000
v 28.642216 -26.391066 5.000000
v 28.754390 -26.428354 5.000000
v 28.868826 -26.457983 5.000000
v 28.985001 -26.479820 5.000000
v 29.102386 -26.493763 5.000000
v 29.220443 -26.499750 5.000000
v 29.338636 -26.497754 5.000000
v 29.456424 -26.487783 5.000000
v 29.573271 -26.469883 5.000000
v 29.688642 -26.444135 5.000000
v 29.802012 -26.410657 5.000000
v 29.912863 -26.369603 5.000000
v 30.020690 -26.321158 5.000000
v 30.125000 -26.265544 5.000000
v 30.225318 -26.203016 5.000000
v 30.321185 -26.133858 5.000000
v 30.412166 -26.058385 5.000000
v 30.497843 -25.976943 5.000000
v 30.577827 -25.889902 5.000000
v 30.651752 -25.797660 5.000000
v 30.719281 -25.700638 5.000000
v 30.780107 -25.599278 5.000000
v 30.833950 -25.494044 5.000000
v 30.880567 -25.385414 5.000000
v 30.919744 -25.273885 5.000000
v 30.951302 -25.159966 5.000000
v 30.975097 -25.044177 5.000000
v 30.991021 -24.927045 5.000000
v 31.000000 -24.750000 5.000000
v 30.999002 -24.809105 5.000000
v 30.999002 -24.690895 5.000000
v 30.991021 -24.572955 5.000000
v 30.975097 -24.455823 5.000000
v 30.951302 -24.340034 5.000000
v 30.919744 -24.226115 5.000000
v 30.880567 -24.114586 5.000000
v 30.833950 -24.005956 5.000000
v 30.780107 -23.900722 5.000000
v 30.719281 -23.799362 5.000000
v 30.651752 -23.702340 5.000000
v 30.577827 -23.610098 5.000000
v 30.497843 -23.523057 5.000000
v 30.412166 -23.441615 5.000000
v 30.321185 -23.366142 5.000000
v 30.225318 -23.296984 5.000000
v 30.125000 -23.234456 5.000000
v 30.020690 -23.178842 5.000000
v 29.912863 -23.130397 5.000000
v 29.802012 -23.089343 5.000000
v 29.688642 -23.055865 5.000000
v 29.573271 -23.030117 5.000000
v 29.456424 -23.012217 5.000000
v 29.338636 -23.002246 5.000000
v 29.220443 -23.000250 5.000000
v 29.102386 -23.006237 5.000000
v 28.985001 -23.020180 5.000000
v 28.868826 -23.042017 5.000000
v 28.754390 -23.071646 5.000000
v 28.642216 -23.108934 5.000000
v 28.532814 -23.153709 5.000000
v 28.426685 -23.205768 5.000000
v 28.324313 -23.264873 5.000000
v 28.226164 -23.330754 5.000000
v 28.132687 -23.403110 5.000000
v 28.044308 -23.481613 5.000000
v 27.961430 -23.565902 5.000000
v 27.884432 -23.655595 5.000000
v 27.813664 -23.750281 5.000000
v 27.749450 -23.849528 5.000000
v 27.692083 -23.952884 5.000000
v 27.641824 -24.059877 5.000000
v 27.598903 -24.170019 5.000000
v 27.563515 -24.282808 5.000000
v 27.535823 -24.397728 5.000000
v 27.515951 -24.514255 5.000000
v 27.503992 -24.631858 5.000000
v -26.750000 -24.750000 -1.800000
v -26.753933 -24.609824 -1.800000
v -26.765719 -24.470089 -1.800000
v -26.785322 -24.331234 -1.800000
v -26.812680 -24.193698 -1.800000
v -26.847707 -24.057911 -1.800000
v -26.890292 -23.924302 -1.800000
v -26.940301 -23.793291 -1.800000
v -26.997578 -23.665291 -1.800000
v -27.061941 -23.540703 -1.800000
v -27.133190 -23.419920 -1.800000
v -27.211098 -23.303322 -1.800000
v -27.295421 -23.191275 -1.800000
v -27.385895 -23.084134 -1.800000
v -27.482233 -22.982233 -1.800000
v -27.584134 -22.885895 -1.800000
v -27.691275 -22.795421 -1.800000
v -27.803322 -22.711098 -1.800000
v -27.919920 -22.633190 -1.800000
v -28.040703 -22.561941 -1.800000
v -28.165291 -22.497578 -1.800000
v -28.293291 -22.440301 -1.800000
v -28.424302 -22.390292 -1.800000
v -28.557911 -22.347707 -1.800000
v -28.693698 -22.312680 -1.800000
v -28.831234 -22.285322 -1.800000
v -28.970089 -22.265719 -1.800000
v -29.109824 -22.253933 -1.800000
v -29.250000 -22.250000 -1.800000
v -29.390176 -22.253933 -1.800000
v -29.529911 -22.265719 -1.800000
v -29.668766 -22.285322 -1.800000
v -29.806302 -22.312680 -1.800000
v -29.942089 -22.347707 -1.800000
v -30.075698 -22.390292 -1.800000
v -30.206709 -22.440301 -1.800000
v -30.334709 -22.497578 -1.800000
v -30.459297 -22.561941 -1.800000
v -30.580080 -22.633190 -1.800000
v -30.696678 -22.711098 -1.800000
v -30.808725 -22.795421 -1.800000
v -30.915866 -22.885895 -1.800000
v -31.017767 -22.982233 -1.800000
v -31.114105 -23.084134 -1.800000
v -31.204579 -23.191275 -1.800000
v -31.288902 -23.303322 -1.800000
v -31.366810 -23.419920 -1.800000
v -31.438059 -23.540703 -1.800000
v -31.502422 -23.665291 -1.800000
v -31.559699 -23.793291 -1.800000
v -31.609708 -23.924302 -1.800000
v -31.652293 -24.057911 -1.800000
v -31.687320 -24.193698 -1.800000
v -31.714678 -24.331234 -1.800000
v -31.734281 -24.470089 -1.800000
v -31.746067 -24.609824 -1.800000
v -31.750000 -24.750000 -1.800000
v -31.746067 -24.890176 -1.800000
v -31.734281 -25.029911 -1.800000
v -31.714678 -25.168766 -1.800000
v -31.687320 -25.306302 -1.800000
v -31.652293 -25.442089 -1.800000
v -31.609708 -25.575698 -1.800000
v -31.559699 -25.706709 -1.800000
v -31.502422 -25.834709 -1.800000
v -31.438059 -25.959297 -1.800000
v -31.366810 -26.080080 -1.800000
v -31.288902 -26.196678 -1.800000
v -31.204579 -26.308725 -1.800000
v -31.114105 -26.415866 -1.800000
v -31.017767 -26.517767 -1.800000
v -30.915866 -26.614105 -1.800000
v -30.808725 -26.704579 -1.800000
v -30.696678 -26.788902 -1.800000
v -30.580080 -26.866810 -1.800000
v -30.459297 -26.938059 -1.800000
v -30.334709 -27.002422 -1.800000
v -30.206709 -27.059699 -1.800000
v -30.075698 -27.109708 -1.800000
v -29.942089 -27.152293 -1.800000
v -29.806302 -27.187320 -1.800000
v -29.668766 -27.214678 -1.800000
v -29.529911 -27.234281 -1.800000
v -29.390176 -27.246067 -1.800000
v -29.250000 -27.250000 -1.800000
v -29.109824 -27.246067 -1.800000
v -28.970089 -27.234281 -1.800000
v -28.831234 -27.214678 -1.800000
v -28.693698 -27.187320 -1.800000
v -28.557911 -27.152293 -1.800000
v -28.424302 -27.109708 -1.800000
v -28.293291 -27.059699 -1.800000
v -28.165291 -27.002422 -1.800000
v -28.040703 -26.938059 -1.800000
v -27.919920 -26.866810 -1.800000
v -27.803322 -26.788902 -1.800000
v -27.691275 -26.704579 -1.800000
v -27.584134 -26.614105 -1.800000
v -27.482233 -26.517767 -1.800000
v -27.385895 -26.415866 -1.800000
v -27.295421 -26.308725 -1.800000
v -27.211098 -26.196678 -1.800000
v -27.133190 -26.080080 -1.800000
v -27.061941 -25.959297 -1.800000
v -26.997578 -25.834709 -1.800000
v -26.940301 -25.706709 -1.800000
v -26.890292 -25.575698 -1.800000
v -26.847707 -25.442089 -1.800000
v -26.812680 -25.306302 -1.800000
v -26.785322 -25.168766 -1.800000
v -26.765719 -25.029911 -1.800000
v -26.753933 -24.890176 -1.800000
v -28.926729 -26.469883 -1.800000
v -29.161364 -26.497754 -1.800000
v -29.279557 -26.499750 -1.800000
v -29.397614 -26.493763 -1.800000
v -30.367313 -23.403110 -1.800000
v -29.857784 -23.108934 -1.800000
v -27.848248 -23.702340 -1.800000
v -27.922173 -23.610098 -1.800000
v -28.587137 -26.369603 -1.800000
v -28.697988 -26.410657 -1.800000
v -28.811358 -26.444135 -1.800000
v -29.043576 -26.487783 -1.800000
v -29.514999 -26.479820 -1.800000
v -29.631174 -26.457983 -1.800000
v -29.967186 -26.346291 -1.800000
v -29.857784 -26.391066 -1.800000
v -30.455692 -26.018387 -1.800000
v -30.367313 -26.096890 -1.800000
v -30.901097 -24.170019 -1.800000
v -30.858176 -24.059877 -1.800000
v -30.455692 -23.481613 -1.800000
v -30.538570 -23.565902 -1.800000
v -29.967186 -23.153709 -1.800000
v -30.073315 -23.205768 -1.800000
v -29.279557 -23.000250 -1.800000
v -29.161364 -23.002246 -1.800000
v -29.043576 -23.012217 -1.800000
v -28.002157 -23.523057 -1.800000
v -27.580256 -24.226115 -1.800000
v -27.619433 -24.114586 -1.800000
v -27.548698 -24.340034 -1.800000
v -27.524903 -24.455823 -1.800000
v -27.548698 -25.159966 -1.800000
v -27.524903 -25.044177 -1.800000
v -27.580256 -25.273885 -1.800000
v -28.375000 -26.265544 -1.800000
v -28.479310 -26.321158 -1.800000
v -29.745610 -26.428354 -1.800000
v -30.073315 -26.294232 -1.800000
v -30.538570 -25.934098 -1.800000
v -30.901097 -25.329981 -1.800000
v -30.936485 -25.217192 -1.800000
v -30.936485 -24.282808 -1.800000
v -30.750550 -23.849528 -1.800000
v -30.615568 -23.655595 -1.800000
v -30.273836 -23.330754 -1.800000
v -30.175687 -23.264873 -1.800000
v -29.631174 -23.042017 -1.800000
v -29.514999 -23.020180 -1.800000
v -29.397614 -23.006237 -1.800000
v -27.780719 -23.799362 -1.800000
v -27.719893 -23.900722 -1.800000
v -27.666050 -24.005956 -1.800000
v -27.508979 -24.572955 -1.800000
v -27.500000 -24.750000 -1.800000
v -27.500998 -24.690895 -1.800000
v -27.500998 -24.809105 -1.800000
v -27.619433 -25.385414 -1.800000
v -27.922173 -25.889902 -1.800000
v -28.087834 -26.058385 -1.800000
v -28.178815 -26.133858 -1.800000
v -28.274682 -26.203016 -1.800000
v -30.175687 -26.235127 -1.800000
v -30.273836 -26.169246 -1.800000
v -30.615568 -25.844405 -1.800000
v -30.686336 -25.749719 -1.800000
v -30.807917 -25.547116 -1.800000
v -30.750550 -25.650472 -1.800000
v -30.964177 -25.102272 -1.800000
v -30.964177 -24.397728 -1.800000
v -30.807917 -23.952884 -1.800000
v -30.686336 -23.750281 -1.800000
v -29.745610 -23.071646 -1.800000
v -28.811358 -23.055865 -1.800000
v -28.926729 -23.030117 -1.800000
v -28.697988 -23.089343 -1.800000
v -28.587137 -23.130397 -1.800000
v -28.479310 -23.178842 -1.800000
v -28.375000 -23.234456 -1.800000
v -27.666050 -25.494044 -1.800000
v -27.719893 -25.599278 -1.800000
v -27.780719 -25.700638 -1.800000
v -27.848248 -25.797660 -1.800000
v -28.002157 -25.976943 -1.800000
v -30.858176 -25.440123 -1.800000
v -30.984049 -24.985745 -1.800000
v -30.984049 -24.514255 -1.800000
v -30.996008 -24.631858 -1.800000
v -28.274682 -23.296984 -1.800000
v -27.508979 -24.927045 -1.800000
v -30.996008 -24.868142 -1.800000
v -28.178815 -23.366142 -1.800000
v -28.087834 -23.441615 -1.800000
v -31.000000 -24.750000 -1.800000
v -31.000000 -24.750000 5.000000
v -30.996008 -24.868142 5.000000
v -30.984049 -24.985745 5.000000
v -30.964177 -25.102272 5.000000
v -30.936485 -25.217192 5.000000
v -30.901097 -25.329981 5.000000
v -30.858176 -25.440123 5.000000
v -30.807917 -25.547116 5.000000
v -30.750550 -25.650472 5.000000
v -30.686336 -25.749719 5.000000
v -30.615568 -25.844405 5.000000
v -30.538570 -25.934098 5.000000
v -30.455692 -26.018387 5.000000
v -30.367313 -26.096890 5.000000
v -30.273836 -26.169246 5.000000
v -30.175687 -26.235127 5.000000
v -30.073315 -26.294232 5.000000
v -29.967186 -26.346291 5.000000
v -29.857784 -26.391066 5.000000
v -29.745610 -26.428354 5.000000
v -29.631174 -26.457983 5.000000
v -29.514999 -26.479820 5.000000
v -29.397614 -26.493763 5.000000
v -29.279557 -26.499750 5.000000
v -29.161364 -26.497754 5.000000
v -29.043576 -26.487783 5.000000
v -28.926729 -26.469883 5.000000
v -28.811358 -26.444135 5.000000
v -28.697988 -26.410657 5.000000
v -28.587137 -26.369603 5.000000
v -28.479310 -26.321158 5.000000
v -28.375000 -26.265544 5.000000
v -28.274682 -26.203016 5.000000
v -28.178815 -26.133858 5.000000
v -28.087834 -26.058385 5.000000
v -28.002157 -25.976943 5.000000
v -27.922173 -25.889902 5.000000
v -27.848248 -25.797660 5.000000
v -27.780719 -25.700638 5.000000
v -27.719893 -25.599278 5.000000
v -27.666050 -25.494044 5.000000
v -27.619433 -25.385414 5.000000
v -27.580256 -25.273885 5.000000
v -27.548698 -25.159966 5.000000
v -27.524903 -25.044177 5.000000
v -27.508979 -24.927045 5.000000
v -27.500000 -24.750000 5.000000
v -27.500998 -24.809105 5.000000
v -27.500998 -24.690895 5.000000
v -27.508979 -24.572955 5.000000
v -27.524903 -24.455823 5.000000
v -27.548698 -24.340034 5.000000
v -27.580256 -24.226115 5.000000
v -27.619433 -24.114586 5.000000
v -27.666050 -24.005956 5.000000
v -27.719893 -23.900722 5.000000
v -27.780719 -23.799362 5.000000
v -27.848248 -23.702340 5.000000
v -27.922173 -23.610098 5.000000
v -28.002157 -23.523057 5.000000
v -28.087834 -23.441615 5.000000
v -28.178815 -23.366142 5.000000
v -28.274682 -23.296984 5.000000
v -28.375000 -23.234456 5.000000
v -28.479310 -23.178842 5.000000
v -28.587137 -23.130397 5.000000
v -28.697988 -23.089343 5.000000
v -28.811358 -23.055865 5.000000
v -28.926729 -23.030117 5.000000
v -29.043576 -23.012217 5.000000
v -29.161364 -23.002246 5.000000
v -29.279557 -23.000250 5.000000
v -29.397614 -23.006237 5.000000
v -29.514999 -23.020180 5.000000
v -29.631174 -23.042017 5.000000
v -29.745610 -23.071646 5.000000
v -29.857784 -23.108934 5.000000
v -29.967186 -23.153709 5.000000
v -30.073315 -23.205768 5.000000
v -30.175687 -23.264873 5.000000
v -30.273836 -23.330754 5.000000
v -30.367313 -23.403110 5.000000
v -30.455692 -23.481613 5.000000
v -30.538570 -23.565902 5.000000
v -30.615568 -23.655595 5.000000
v -30.686336 -23.750281 5.000000
v -30.750550 -23.849528 5.000000
v -30.807917 -23.952884 5.000000
v -30.858176 -24.059877 5.000000
v -30.901097 -24.170019 5.000000
v -30.936485 -24.282808 5.000000
v -30.964177 -24.397728 5.000000
v -30.984049 -24.514255 5.000000
v -30.996008 -24.631858 5.000000
v -26.750000 24.750000 -1.800000
v -26.753933 24.890176 -1.800000
v -26.765719 25.029911 -1.800000
v -26.785322 25.168766 -1.800000
v -26.812680 25.306302 -1.800000
v -26.847707 25.442089 -1.800000
v -26.890292 25.575698 -1.800000
v -26.940301 25.706709 -1.800000
v -26.997578 25.834709 -1.800000
v -27.061941 25.959297 -1.800000
v -27.133190 26.080080 -1.800000
v -27.211098 26.196678 -1.800000
v -27.295421 26.308725 -1.800000
v -27.385895 26.415866 -1.800000
v -27.482233 26.517767 -1.800000
v -27.584134 26.614105 -1.800000
v -27.691275 26.704579 -1.800000
v -27.803322 26.788902 -1.800000
v -27.919920 26.866810 -1.800000
v -28.040703 26.938059 -1.800000
v -28.165291 27.002422 -1.800000
v -28.293291 27.059699 -1.800000
v -28.424302 27.109708 -1.800000
v -28.557911 27.152293 -1.800000
v -28.693698 27.187320 -1.800000
v -28.831234 27.214678 -1.800000
v -28.970089 27.234281 -1.800000
v -29.109824 27.246067 -1.800000
v -29.250000 27.250000 -1.800000
v -29.390176 27.246067 -1.800000
v -29.529911 27.234281 -1.800000
v -29.668766 27.214678 -1.800000
v -29.806302 27.187320 -1.800000
v -29.942089 27.152293 -1.800000
v -30.075698 27.109708 -1.800000
v -30.206709 27.059699 -1.800000
v -30.334709 27.002422 -1.800000
v -30.459297 26.938059 -1.800000
v -30.580080 26.866810 -1.800000
v -30.696678 26.788902 -1.800000
v -30.808725 26.704579 -1.800000
v -30.915866 26.614105 -1.800000
v -31.017767 26.517767 -1.800000
v -31.114105 26.415866 -1.800000
v -31.204579 26.308725 -1.800000
v -31.288902 26.196678 -1.800000
v -31.366810 26.080080 -1.800000
v -31.438059 25.959297 -1.800000
v -31.502422 25.834709 -1.800000
v -31.559699 25.706709 -1.800000
v -31.609708 25.575698 -1.800000
v -31.652293 25.442089 -1.800000
v -31.687320 25.306302 -1.800000
v -31.714678 25.168766 -1.800000
v -31.734281 25.029911 -1.800000
v -31.746067 24.890176 -1.800000
v -31.750000 24.750000 -1.800000
v -31.746067 24.609824 -1.800000
v -31.734281 24.470089 -1.800000
v -31.714678 24.331234 -1.800000
v -31.687320 24.193698 -1.800000
v -31.652293 24.057911 -1.800000
v -31.609708 23.924302 -1.800000
v -31.559699 23.793291 -1.800000
v -31.502422 23.665291 -1.800000
v -31.438059 23.540703 -1.800000
v -31.366810 23.419920 -1.800000
v -31.288902 23.303322 -1.800000
v -31.204579 23.191275 -1.800000
v -31.114105 23.084134 -1.800000
v -31.017767 22.982233 -1.800000
v -30.915866 22.885895 -1.800000
v -30.808725 22.795421 -1.800000
v -30.696678 22.711098 -1.800000
v -30.580080 22.633190 -1.800000
v -30.459297 22.561941 -1.800000
v -30.334709 22.497578 -1.800000
v -30.206709 22.440301 -1.800000
v -30.075698 22.390292 -1.800000
v -29.942089 22.347707 -1.800000
v -29.806302 22.312680 -1.800000
v -29.668766 22.285322 -1.800000
v -29.529911 22.265719 -1.800000
v -29.390176 22.253933 -1.800000
v -29.250000 22.250000 -1.800000
v -29.109824 22.253933 -1.800000
v -28.970089 22.265719 -1.800000
v -28.831234 22.285322 -1.800000
v -28.693698 22.312680 -1.800000
v -28.557911 22.347707 -1.800000
v -28.424302 22.390292 -1.800000
v -28.293291 22.440301 -1.800000
v -28.165291 22.497578 -1.800000
v -28.040703 22.561941 -1.800000
v -27.919920 22.633190 -1.800000
v -27.803322 22.711098 -1.800000
v -27.691275 22.795421 -1.800000
v -27.584134 22.885895 -1.800000
v -27.482233 22.982233 -1.800000
v -27.385895 23.084134 -1.800000
v -27.295421 23.191275 -1.800000
v -27.211098 23.303322 -1.800000
v -27.133190 23.419920 -1.800000
v -27.061941 23.540703 -1.800000
v -26.997578 23.665291 -1.800000
v -26.940301 23.793291 -1.800000
v -26.890292 23.924302 -1.800000
v -26.847707 24.057911 -1.800000
v -26.812680 24.193698 -1.800000
v -26.785322 24.331234 -1.800000
v -26.765719 24.470089 -1.800000
v -26.753933 24.609824 -1.800000
v -28.926729 23.030117 -1.800000
v -29.161364 23.002246 -1.800000
v -29.279557 23.000250 -1.800000
v -29.397614 23.006237 -1.800000
v -30.367313 26.096890 -1.800000
v -29.857784 26.391066 -1.800000
v -27.848248 25.797660 -1.800000
v -27.922173 25.889902 -1.800000
v -28.587137 23.130397 -1.800000
v -28.697988 23.089343 -1.800000
v -28.811358 23.055865 -1.800000
v -29.043576 23.012217 -1.800000
v -29.514999 23.020180 -1.800000
v -29.631174 23.042017 -1.800000
v -29.967186 23.153709 -1.800000
v -29.857784 23.108934 -1.800000
v -30.455692 23.481613 -1.800000
v -30.367313 23.403110 -1.800000
v -30.901097 25.329981 -1.800000
v -30.858176 25.440123 -1.800000
v -30.455692 26.018387 -1.800000
v -30.538570 25.934098 -1.800000
v -29.967186 26.346291 -1.800000
v -30.073315 26.294232 -1.800000
v -29.279557 26.499750 -1.800000
v -29.161364 26.497754 -1.800000
v -29.043576 26.487783 -1.800000
v -28.002157 25.976943 -1.800000
v -27.580256 25.273885 -1.800000
v -27.619433 25.385414 -1.800000
v -27.548698 25.159966 -1.800000
v -27.524903 25.044177 -1.800000
v -27.548698 24.340034 -1.800000
v -27.524903 24.455823 -1.800000
v -27.580256 24.226115 -1.800000
v -28.375000 23.234456 -1.800000
v -28.479310 23.178842 -1.800000
v -29.745610 23.071646 -1.800000
v -30.073315 23.205768 -1.800000
v -30.538570 23.565902 -1.800000
v -30.901097 24.170019 -1.800000
v -30.936485 24.282808 -1.800000
v -30.936485 25.217192 -1.800000
v -30.750550 25.650472 -1.800000
v -30.615568 25.844405 -1.800000
v -30.273836 26.169246 -1.800000
v -30.175687 26.235127 -1.800000
v -29.631174 26.457983 -1.800000
v -29.514999 26.479820 -1.800000
v -29.397614 26.493763 -1.800000
v -27.780719 25.700638 -1.800000
v -27.719893 25.599278 -1.800000
v -27.666050 25.494044 -1.800000
v -27.508979 24.927045 -1.800000
v -27.500000 24.750000 -1.800000
v -27.500998 24.809105 -1.800000
v -27.500998 24.690895 -1.800000
v -27.619433 24.114586 -1.800000
v -27.922173 23.610098 -1.800000
v -28.087834 23.441615 -1.800000
v -28.178815 23.366142 -1.800000
v -28.274682 23.296984 -1.800000
v -30.175687 23.264873 -1.800000
v -30.273836 23.330754 -1.800000
v -30.615568 23.655595 -1.800000
v -30.686336 23.750281 -1.800000
v -30.807917 23.952884 -1.800000
v -30.750550 23.849528 -1.800000
v -30.964177 24.397728 -1.800000
v -30.964177 25.102272 -1.800000
v -30.807917 25.547116 -1.800000
v -30.686336 25.749719 -1.800000
v -29.745610 26.428354 -1.800000
v -28.811358 26.444135 -1.800000
v -28.926729 26.469883 -1.800000
v -28.697988 26.410657 -1.800000
v -28.587137 26.369603 -1.800000
v -28.479310 26.321158 -1.800000
v -28.375000 26.265544 -1.800000
v -27.666050 24.005956 -1.800000
v -27.719893 23.900722 -1.800000
v -27.780719 23.799362 -1.800000
v -27.848248 23.702340 -1.800000
v -28.002157 23.523057 -1.800000
v -30.858176 24.059877 -1.800000
v -30.984049 24.514255 -1.800000
v -30.984049 24.985745 -1.800000
v -30.996008 24.868142 -1.800000
v -28.274682 26.203016 -1.800000
v -27.508979 24.572955 -1.800000
v -30.996008 24.631858 -1.800000
v -28.178815 26.133858 -1.800000
v -28.087834 26.058385 -1.800000
v -31.000000 24.750000 -1.800000
v -31.000000 24.750000 5.000000
v -30.996008 24.631858 5.000000
v -30.984049 24.514255 5.000000
v -30.964177 24.397728 5.000000
v -30.936485 24.282808 5.000000
v -30.901097 24.170019 5.000000
v -30.858176 24.059877 5.000000
v -30.807917 23.952884 5.000000
v -30.750550 23.849528 5.000000
v -30.686336 23.750281 5.000000
v -30.615568 23.655595 5.000000
v -30.538570 23.565902 5.000000
v -30.455692 23.481613 5.000000
v -30.367313 23.403110 5.000000
v -30.273836 23.330754 5.000000
v -30.175687 23.264873 5.000000
v -30.073315 23.205768 5.000000
v -29.967186 23.153709 5.000000
v -29.857784 23.108934 5.000000
v -29.745610 23.071646 5.000000
v -29.631174 23.042017 5.000000
v -29.514999 23.020180 5.000000
v -29.397614 23.006237 5.000000
v -29.279557 23.000250 5.000000
v -29.161364 23.002246 5.000000
v -29.043576 23.012217 5.000000
v -28.926729 23.030117 5.000000
v -28.811358 23.055865 5.000000
v -28.697988 23.089343 5.000000
v -28.587137 23.130397 5.000000
v -28.479310 23.178842 5.000000
v -28.375000 23.234456 5.000000
v -28.274682 23.296984 5.000000
v -28.178815 23.366142 5.000000
v -28.087834 23.441615 5.000000
v -28.002157 23.523057 5.000000
v -27.922173 23.610098 5.000000
v -27.848248 23.702340 5.000000
v -27.780719 23.799362 5.000000
v -27.719893 23.900722 5.000000
v -27.666050 24.005956 5.000000
v -27.619433 24.114586 5.000000
v -27.580256 24.226115 5.000000
v -27.548698 24.340034 5.000000
v -27.524903 24.455823 5.000000
v -27.508979 24.572955 5.000000
v -27.500000 24.750000 5.000000
v -27.500998 24.690895 5.000000
v -27.500998 24.809105 5.000000
v -27.508979 24.927045 5.000000
v -27.524903 25.044177 5.000000
v -27.548698 25.159966 5.000000
v -27.580256 25.273885 5.000000
v -27.619433 25.385414 5.000000
v -27.666050 25.494044 5.000000
v -27.719893 25.599278 5.000000
v -27.780719 25.700638 5.000000
v -27.848248 25.797660 5.000000
v -27.922173 25.889902 5.000000
v -28.002157 25.976943 5.000000
v -28.087834 26.058385 5.000000
v -28.178815 26.133858 5.000000
v -28.274682 26.203016 5.000000
v -28.375000 26.265544 5.000000
v -28.479310 26.321158 5.000000
v -28.587137 26.369603 5.000000
v -28.697988 26.410657 5.000000
v -28.811358 26.444135 5.000000
v -28.926729 26.469883 5.000000
v -29.043576 26.487783 5.000000
v -29.161364 26.497754 5.000000
v -29.279557 26.499750 5.000000
v -29.397614 26.493763 5.000000
v -29.514999 26.479820 5.000000
v -29.631174 26.457983 5.000000
v -29.745610 26.428354 5.000000
v -29.857784 26.391066 5.000000
v -29.967186 26.346291 5.000000
v -30.073315 26.294232 5.000000
v -30.175687 26.235127 5.000000
v -30.273836 26.169246 5.000000
v -30.367313 26.096890 5.000000
v -30.455692 26.018387 5.000000
v -30.538570 25.934098 5.000000
v -30.615568 25.844405 5.000000
v -30.686336 25.749719 5.000000
v -30.750550 25.650472 5.000000
v -30.807917 25.547116 5.000000
v -30.858176 25.440123 5.000000
v -30.901097 25.329981 5.000000
v -30.936485 25.217192 5.000000
v -30.964177 25.102272 5.000000
v -30.984049 24.985745 5.000000
v -30.996008 24.868142 5.000000
v 31.750000 24.750000 -1.800000
v 31.746067 24.890176 -1.800000
v 31.734281 25.029911 -1.800000
v 31.714678 25.168766 -1.800000
v 31.687320 25.306302 -1.800000
v 31.652293 25.442089 -1.800000
v 31.609708 25.575698 -1.800000
v 31.559699 25.706709 -1.800000
v 31.502422 25.834709 -1.800000
v 31.438059 25.959297 -1.800000
v 31.366810 26.080080 -1.800000
v 31.288902 26.196678 -1.800000
v 31.204579 26.308725 -1.800000
v 31.114105 26.415866 -1.800000
v 31.017767 26.517767 -1.800000
v 30.915866 26.614105 -1.800000
v 30.808725 26.704579 -1.800000
v 30.696678 26.788902 -1.800000
v 30.580080 26.866810 -1.800000
v 30.459297 26.938059 -1.800000
v 30.334709 27.002422 -1.800000
v 30.206709 27.059699 -1.800000
v 30.075698 27.109708 -1.800000
v 29.942089 27.152293 -1.800000
v 29.806302 27.187320 -1.800000
v 29.668766 27.214678 -1.800000
v 29.529911 27.234281 -1.800000
v 29.390176 27.246067 -1.800000
v 29.250000 27.250000 -1.800000
v 29.109824 27.246067 -1.800000
v 28.970089 27.234281 -1.800000
v 28.831234 27.214678 -1.800000
v 28.693698 27.187320 -1.800000
v 28.557911 27.152293 -1.800000
v 28.424302 27.109708 -1.800000
v 28.293291 27.059699 -1.800000
v 28.165291 27.002422 -1.800000
v 28.040703 26.938059 -1.800000
v 27.919920 26.866810 -1.800000
v 27.803322 26.788902 -1.800000
v 27.691275 26.704579 -1.800000
v 27.584134 26.614105 -1.800000
v 27.482233 26.517767 -1.800000
v 27.385895 26.415866 -1.800000
v 27.295421 26.308725 -1.800000
v 27.211098 26.196678 -1.800000
v 27.133190 26.080080 -1.800000
v 27.061941 25.959297 -1.800000
v 26.997578 25.834709 -1.800000
v 26.940301 25.706709 -1.800000
v 26.890292 25.575698 -1.800000
v 26.847707 25.442089 -1.800000
v 26.812680 25.306302 -1.800000
v 26.785322 25.168766 -1.800000
v 26.765719 25.029911 -1.800000
v 26.753933 24.890176 -1.800000
v 26.750000 24.750000 -1.800000
v 26.753933 24.609824 -1.800000
v 26.765719 24.470089 -1.800000
v 26.785322 24.331234 -1.800000
v 26.812680 24.193698 -1.800000
v 26.847707 24.057911 -1.800000
v 26.890292 23.924302 -1.800000
v 26.940301 23.793291 -1.800000
v 26.997578 23.665291 -1.800000
v 27.061941 23.540703 -1.800000
v 27.133190 23.419920 -1.800000
v 27.211098 23.303322 -1.800000
v 27.295421 23.191275 -1.800000
v 27.385895 23.084134 -1.800000
v 27.482233 22.982233 -1.800000
v 27.584134 22.885895 -1.800000
v 27.691275 22.795421 -1.800000
v 27.803322 22.711098 -1.800000
v 27.919920 22.633190 -1.800000
v 28.040703 22.561941 -1.800000
v 28.165291 22.497578 -1.800000
v 28.293291 22.440301 -1.800000
v 28.424302 22.390292 -1.800000
v 28.557911 22.347707 -1.800000
v 28.693698 22.312680 -1.800000
v 28.831234 22.285322 -1.800000
v 28.970089 22.265719 -1.800000
v 29.109824 22.253933 -1.800000
v 29.250000 22.250000 -1.800000
v 29.390176 22.253933 -1.800000
v 29.529911 22.265719 -1.800000
v 29.668766 22.285322 -1.800000
v 29.806302 22.312680 -1.800000
v 29.942089 22.347707 -1.800000
v 30.075698 22.390292 -1.800000
v 30.206709 22.440301 -1.800000
v 30.334709 22.497578 -1.800000
v 30.459297 22.561941 -1.800000
v 30.580080 22.633190 -1.800000
v 30.696678 22.711098 -1.800000
v 30.808725 22.795421 -1.800000
v 30.915866 22.885895 -1.800000
v 31.017767 22.982233 -1.800000
v 31.114105 23.084134 -1.800000
v 31.204579 23.191275 -1.800000
v 31.288902 23.303322 -1.800000
v 31.366810 23.419920 -1.800000
v 31.438059 23.540703 -1.800000
v 31.502422 23.665291 -1.800000
v 31.559699 23.793291 -1.800000
v 31.609708 23.924302 -1.800000
v 31.652293 24.057911 -1.800000
v 31.687320 24.193698 -1.800000
v 31.714678 24.331234 -1.800000
v 31.734281 24.470089 -1.800000
v 31.746067 24.609824 -1.800000
v 29.573271 23.030117 -1.800000
v 29.338636 23.002246 -1.800000
v 29.220443 23.000250 -1.800000
v 29.102386 23.006237 -1.800000
v 28.132687 26.096890 -1.800000
v 28.642216 26.391066 -1.800000
v 30.651752 25.797660 -1.800000
v 30.577827 25.889902 -1.800000
v 29.912863 23.130397 -1.800000
v 29.802012 23.089343 -1.800000
v 29.688642 23.055865 -1.800000
v 29.456424 23.012217 -1.800000
v 28.985001 23.020180 -1.800000
v 28.868826 23.042017 -1.800000
v 28.532814 23.153709 -1.800000
v 28.642216 23.108934 -1.800000
v 28.044308 23.481613 -1.800000
v 28.132687 23.403110 -1.800000
v 27.598903 25.329981 -1.800000
v 27.641824 25.440123 -1.800000
v 28.044308 26.018387 -1.800000
v 27.961430 25.934098 -1.800000
v 28.532814 26.346291 -1.800000
v 28.426685 26.294232 -1.800000
v 29.220443 26.499750 -1.800000
v 29.338636 26.497754 -1.800000
v 29.456424 26.487783 -1.800000
v 30.497843 25.976943 -1.800000
v 30.919744 25.273885 -1.800000
v 30.880567 25.385414 -1.800000
v 30.951302 25.159966 -1.800000
v 30.975097 25.044177 -1.800000
v 30.951302 24.340034 -1.800000
v 30.975097 24.455823 -1.800000
v 30.919744 24.226115 -1.800000
v 30.125000 23.234456 -1.800000
v 30.020690 23.178842 -1.800000
v 28.754390 23.071646 -1.800000
v 28.426685 23.205768 -1.800000
v 27.961430 23.565902 -1.800000
v 27.598903 24.170019 -1.800000
v 27.563515 24.282808 -1.800000
v 27.563515 25.217192 -1.800000
v 27.749450 25.650472 -1.800000
v 27.884432 25.844405 -1.800000
v 28.226164 26.169246 -1.800000
v 28.324313 26.235127 -1.800000
v 28.868826 26.457983 -1.800000
v 28.985001 26.479820 -1.800000
v 29.102386 26.493763 -1.800000
v 30.719281 25.700638 -1.800000
v 30.780107 25.599278 -1.800000
v 30.833950 25.494044 -1.800000
v 30.991021 24.927045 -1.800000
v 30.999002 24.690895 -1.800000
v 30.999002 24.809105 -1.800000
v 30.880567 24.114586 -1.800000
v 30.577827 23.610098 -1.800000
v 30.412166 23.441615 -1.800000
v 30.321185 23.366142 -1.800000
v 30.225318 23.296984 -1.800000
v 28.324313 23.264873 -1.800000
v 28.226164 23.330754 -1.800000
v 27.884432 23.655595 -1.800000
v 27.813664 23.750281 -1.800000
v 27.692083 23.952884 -1.800000
v 27.749450 23.849528 -1.800000
v 27.535823 24.397728 -1.800000
v 27.535823 25.102272 -1.800000
v 27.692083 25.547116 -1.800000
v 27.813664 25.749719 -1.800000
v 28.754390 26.428354 -1.800000
v 29.688642 26.444135 -1.800000
v 29.573271 26.469883 -1.800000
v 29.802012 26.410657 -1.800000
v 29.912863 26.369603 -1.800000
v 30.020690 26.321158 -1.800000
v 30.125000 26.265544 -1.800000
v 30.833950 24.005956 -1.800000
v 30.780107 23.900722 -1.800000
v 30.719281 23.799362 -1.800000
v 30.651752 23.702340 -1.800000
v 30.497843 23.523057 -1.800000
v 27.641824 24.059877 -1.800000
v 27.515951 24.514255 -1.800000
v 27.515951 24.985745 -1.800000
v 27.503992 24.868142 -1.800000
v 30.225318 26.203016 -1.800000
v 30.991021 24.572955 -1.800000
v 27.503992 24.631858 -1.800000
v 30.321185 26.133858 -1.800000
v 30.412166 26.058385 -1.800000
v 27.500000 24.750000 -1.800000
v 27.500000 24.750000 5.000000
v 27.503992 24.631858 5.000000
v 27.515951 24.514255 5.000000
v 27.535823 24.397728 5.000000
v 27.563515 24.282808 5.000000
v 27.598903 24.170019 5.000000
v 27.641824 24.059877 5.000000
v 27.692083 23.952884 5.000000
v 27.749450 23.849528 5.000000
v 27.813664 23.750281 5.000000
v 27.884432 23.655595 5.000000
v 27.961430 23.565902 5.000000
v 28.044308 23.481613 5.000000
v 28.132687 23.403110 5.000000
v 28.226164 23.330754 5.000000
v 28.324313 23.264873 5.000000
v 28.426685 23.205768 5.000000
v 28.532814 23.153709 5.000000
v 28.642216 23.108934 5.000000
v 28.754390 23.071646 5.000000
v 28.868826 23.042017 5.000000
v 28.985001 23.020180 5.000000
v 29.102386 23.006237 5.000000
v 29.220443 23.000250 5.000000
v 29.338636 23.002246 5.000000
v 29.456424 23.012217 5.000000
v 29.573271 23.030117 5.000000
v 29.688642 23.055865 5.000000
v 29.802012 23.089343 5.000000
v 29.912863 23.130397 5.000000
v 30.020690 23.178842 5.000000
v 30.125000 23.234456 5.000000
v 30.225318 23.296984 5.000000
v 30.321185 23.366142 5.000000
v 30.412166 23.441615 5.000000
v 30.497843 23.523057 5.000000
v 30.577827 23.610098 5.000000
v 30.651752 23.702340 5.000000
v 30.719281 23.799362 5.000000
v 30.780107 23.900722 5.000000
v 30.833950 24.005956 5.000000
v 30.880567 24.114586 5.000000
v 30.919744 24.226115 5.000000
v 30.951302 24.340034 5.000000
v 30.975097 24.455823 5.000000
v 30.991021 24.572955 5.000000
v 31.000000 24.750000 5.000000
v 30.999002 24.690895 5.000000
v 30.999002 24.809105 5.000000
v 30.991021 24.927045 5.000000
v 30.975097 25.044177 5.000000
v 30.951302 25.159966 5.000000
v 30.919744 25.273885 5.000000
v 30.880567 25.385414 5.000000
v 30.833950 25.494044 5.000000
v 30.780107 25.599278 5.000000
v 30.719281 25.700638 5.000000
v 30.651752 25.797660 5.000000
v 30.577827 25.889902 5.000000
v 30.497843 25.976943 5.000000
v 30.412166 26.058385 5.000000
v 30.321185 26.133858 5.000000
v 30.225318 26.203016 5.000000
v 30.125000 26.265544 5.000000
v 30.020690 26.321158 5.000000
v 29.912863 26.369603 5.000000
v 29.802012 26.410657 5.000000
v 29.688642 26.444135 5.000000
v 29.573271 26.469883 5.000000
v 29.456424 26.487783 5.000000
v 29.338636 26.497754 5.000000
v 29.220443 26.499750 5.000000
v 29.102386 26.493763 5.000000
v 28.985001 26.479820 5.000000
v 28.868826 26.457983 5.000000
v 28.754390 26.428354 5.000000
v 28.642216 26.391066 5.000000
v 28.532814 26.346291 5.000000
v 28.426685 26.294232 5.000000
v 28.324313 26.235127 5.000000
v 28.226164 26.169246 5.000000
v 28.132687 26.096890 5.000000
v 28.044308 26.018387 5.000000
v 27.961430 25.934098 5.000000
v 27.884432 25.844405 5.000000
v 27.813664 25.749719 5.000000
v 27.749450 25.650472 5.000000
v 27.692083 25.547116 5.000000
v 27.641824 25.440123 5.000000
v 27.598903 25.329981 5.000000
v 27.563515 25.217192 5.000000
v 27.535823 25.102272 5.000000
v 27.515951 24.985745 5.000000
v 27.503992 24.868142 5.000000
v -13.209103 -40.000000 -23.000000
v -14.854552 -37.150000 -23.000000
v -19.790897 -44.000000 -23.000000
v -18.145448 -37.150000 -23.000000
v -19.790897 -40.000000 -23.000000
v -13.209103 -44.000000 -23.000000
v -19.790897 -44.000000 -19.900000
v -19.790897 -40.000000 -19.900000
v -13.209103 -44.000000 -19.900000
v -13.209103 -40.000000 -19.900000
v -18.145448 -37.150000 -19.900000
v -14.854552 -37.150000 -19.900000
v -15.257579 -38.839660 -19.900000
v -15.339660 -38.757579 -19.900000
v -15.047487 -39.116707 -19.900000
v -15.111151 -39.019643 -19.900000
v -15.427150 -38.681291 -19.900000
v -15.181291 -38.927150 -19.900000
v -14.803963 -39.883988 -19.900000
v -14.815834 -39.768517 -19.900000
v -17.952513 -39.116707 -19.900000
v -17.282111 -38.490595 -19.900000
v -17.383293 -38.547487 -19.900000
v -14.990595 -39.217889 -19.900000
v -14.898156 -39.430705 -19.900000
v -14.940741 -39.322718 -19.900000
v -14.835557 -39.654125 -19.900000
v -14.803963 -40.116012 -19.900000
v -14.800000 -40.000000 -19.900000
v -15.822718 -41.559259 -19.900000
v -15.717889 -41.509405 -19.900000
v -16.041345 -41.636959 -19.900000
v -15.930705 -41.601844 -19.900000
v -18.059259 -39.322718 -19.900000
v -18.101844 -39.430705 -19.900000
v -18.009405 -39.217889 -19.900000
v -17.742421 -38.839660 -19.900000
v -17.818709 -38.927150 -19.900000
v -17.572850 -38.681291 -19.900000
v -17.660340 -38.757579 -19.900000
v -17.177282 -38.440741 -19.900000
v -14.863041 -39.541345 -19.900000
v -14.835557 -40.345875 -19.900000
v -14.815834 -40.231483 -19.900000
v -14.940741 -40.677282 -19.900000
v -15.047487 -40.883293 -19.900000
v -14.990595 -40.782111 -19.900000
v -15.427150 -41.318709 -19.900000
v -15.339660 -41.242421 -19.900000
v -17.572850 -41.318709 -19.900000
v -17.480357 -41.388849 -19.900000
v -18.184166 -39.768517 -19.900000
v -18.196037 -39.883988 -19.900000
v -18.136959 -39.541345 -19.900000
v -18.164443 -39.654125 -19.900000
v -17.480357 -38.611151 -19.900000
v -16.616012 -38.303963 -19.900000
v -16.731483 -38.315834 -19.900000
v -16.383988 -38.303963 -19.900000
v -16.500000 -38.300000 -19.900000
v -14.898156 -40.569295 -19.900000
v -14.863041 -40.458655 -19.900000
v -15.519643 -41.388849 -19.900000
v -16.154125 -41.664443 -19.900000
v -16.383988 -41.696037 -19.900000
v -16.268517 -41.684166 -19.900000
v -17.660340 -41.242421 -19.900000
v -17.818709 -41.072850 -19.900000
v -17.742421 -41.160340 -19.900000
v -18.009405 -40.782111 -19.900000
v -17.952513 -40.883293 -19.900000
v -18.101844 -40.569295 -19.900000
v -18.059259 -40.677282 -19.900000
v -17.888849 -39.019643 -19.900000
v -16.958655 -38.363041 -19.900000
v -17.069295 -38.398156 -19.900000
v -16.845875 -38.335557 -19.900000
v -16.154125 -38.335557 -19.900000
v -16.268517 -38.315834 -19.900000
v -15.519643 -38.611151 -19.900000
v -15.616707 -38.547487 -19.900000
v -15.257579 -41.160340 -19.900000
v -15.181291 -41.072850 -19.900000
v -15.616707 -41.452513 -19.900000
v -16.500000 -41.700000 -19.900000
v -16.845875 -41.664443 -19.900000
v -16.731483 -41.684166 -19.900000
v -17.177282 -41.559259 -19.900000
v -17.069295 -41.601844 -19.900000
v -17.383293 -41.452513 -19.900000
v -17.282111 -41.509405 -19.900000
v -17.888849 -40.980357 -19.900000
v -16.041345 -38.363041 -19.900000
v -15.822718 -38.440741 -19.900000
v -15.930705 -38.398156 -19.900000
v -15.717889 -38.490595 -19.900000
v -15.111151 -40.980357 -19.900000
v -16.616012 -41.696037 -19.900000
v -16.958655 -41.636959 -19.900000
v -18.136959 -40.458655 -19.900000
v -18.184166 -40.231483 -19.900000
v -18.164443 -40.345875 -19.900000
v -18.200000 -40.000000 -19.900000
v -18.196037 -40.116012 -19.900000
v -18.200000 -40.000000 4.000000
v -18.196037 -40.116012 4.000000
v -18.184166 -40.231483 4.000000
v -18.164443 -40.345875 4.000000
v -18.136959 -40.458655 4.000000
v -18.101844 -40.569295 4.000000
v -18.059259 -40.677282 4.000000
v -18.009405 -40.782111 4.000000
v -17.952513 -40.883293 4.000000
v -17.888849 -40.980357 4.000000
v -17.818709 -41.072850 4.000000
v -17.742421 -41.160340 4.000000
v -17.660340 -41.242421 4.000000
v -17.572850 -41.318709 4.000000
v -17.480357 -41.388849 4.000000
v -17.383293 -41.452513 4.000000
v -17.282111 -41.509405 4.000000
v -17.177282 -41.559259 4.000000
v -17.069295 -41.601844 4.000000
v -16.958655 -41.636959 4.000000
v -16.845875 -41.664443 4.000000
v -16.731483 -41.684166 4.000000
v -16.616012 -41.696037 4.000000
v -16.500000 -41.700000 4.000000
v -16.383988 -41.696037 4.000000
v -16.268517 -41.684166 4.000000
v -16.154125 -41.664443 4.000000
v -16.041345 -41.636959 4.000000
v -15.930705 -41.601844 4.000000
v -15.822718 -41.559259 4.000000
v -15.717889 -41.509405 4.000000
v -15.616707 -41.452513 4.000000
v -15.519643 -41.388849 4.000000
v -15.427150 -41.318709 4.000000
v -15.339660 -41.242421 4.000000
v -15.257579 -41.160340 4.000000
v -15.181291 -41.072850 4.000000
v -15.111151 -40.980357 4.000000
v -15.047487 -40.883293 4.000000
v -14.990595 -40.782111 4.000000
v -14.940741 -40.677282 4.000000
v -14.898156 -40.569295 4.000000
v -14.863041 -40.458655 4.000000
v -14.835557 -40.345875 4.000000
v -14.815834 -40.231483 4.000000
v -14.803963 -40.116012 4.000000
v -14.800000 -40.000000 4.000000
v -14.803963 -39.883988 4.000000
v -14.815834 -39.768517 4.000000
v -14.835557 -39.654125 4.000000
v -14.863041 -39.541345 4.000000
v -14.898156 -39.430705 4.000000
v -14.940741 -39.322718 4.000000
v -14.990595 -39.217889 4.000000
v -15.047487 -39.116707 4.000000
v -15.111151 -39.019643 4.000000
v -15.181291 -38.927150 4.000000
v -15.257579 -38.839660 4.000000
v -15.339660 -38.757579 4.000000
v -15.427150 -38.681291 4.000000
v -15.519643 -38.611151 4.000000
v -15.616707 -38.547487 4.000000
v -15.717889 -38.490595 4.000000
v -15.822718 -38.440741 4.000000
v -15.930705 -38.398156 4.000000
v -16.041345 -38.363041 4.000000
v -16.154125 -38.335557 4.000000
v -16.268517 -38.315834 4.000000
v -16.383988 -38.303963 4.000000
v -16.500000 -38.300000 4.000000
v -16.616012 -38.303963 4.000000
v -16.731483 -38.315834 4.000000
v -16.845875 -38.335557 4.000000
v -16.958655 -38.363041 4.000000
v -17.069295 -38.398156 4.000000
v -17.177282 -38.440741 4.000000
v -17.282111 -38.490595 4.000000
v -17.383293 -38.547487 4.000000
v -17.480357 -38.611151 4.000000
v -17.572850 -38.681291 4.000000
v -17.660340 -38.757579 4.000000
v -17.742421 -38.839660 4.000000
v -17.818709 -38.927150 4.000000
v -17.888849 -39.019643 4.000000
v -17.952513 -39.116707 4.000000
v -18.009405 -39.217889 4.000000
v -18.059259 -39.322718 4.000000
v -18.101844 -39.430705 4.000000
v -18.136959 -39.541345 4.000000
v -18.164443 -39.654125 4.000000
v -18.184166 -39.768517 4.000000
v -18.196037 -39.883988 4.000000
v -16.500000 -40.000000 4.000000
v 35.145448 -37.150000 -23.000000
v 31.854552 -37.150000 -23.000000
v 30.209103 -40.000000 -23.000000
v 30.209103 -44.000000 -23.000000
v 36.790897 -40.000000 -23.000000
v 36.790897 -44.000000 -23.000000
v 36.790897 -40.000000 -19.900000
v 36.790897 -44.000000 -19.900000
v 30.209103 -44.000000 -19.900000
v 30.209103 -40.000000 -19.900000
v 31.854552 -37.150000 -19.900000
v 35.145448 -37.150000 -19.900000
v 32.047487 -39.116707 -19.900000
v 31.940741 -39.322718 -19.900000
v 31.898156 -39.430705 -19.900000
v 31.990595 -39.217889 -19.900000
v 32.822718 -38.440741 -19.900000
v 32.717889 -38.490595 -19.900000
v 33.041345 -38.363041 -19.900000
v 32.930705 -38.398156 -19.900000
v 34.480357 -41.388849 -19.900000
v 34.572850 -41.318709 -19.900000
v 34.282111 -41.509405 -19.900000
v 34.383293 -41.452513 -19.900000
v 33.958655 -41.636959 -19.900000
v 34.069295 -41.601844 -19.900000
v 31.863041 -39.541345 -19.900000
v 32.111151 -39.019643 -19.900000
v 32.616707 -38.547487 -19.900000
v 33.154125 -38.335557 -19.900000
v 34.177282 -38.440741 -19.900000
v 34.069295 -38.398156 -19.900000
v 34.383293 -38.547487 -19.900000
v 34.282111 -38.490595 -19.900000
v 34.177282 -41.559259 -19.900000
v 32.822718 -41.559259 -19.900000
v 32.930705 -41.601844 -19.900000
v 32.616707 -41.452513 -19.900000
v 32.717889 -41.509405 -19.900000
v 32.427150 -41.318709 -19.900000
v 32.519643 -41.388849 -19.900000
v 31.898156 -40.569295 -19.900000
v 31.940741 -40.677282 -19.900000
v 31.835557 -39.654125 -19.900000
v 31.815834 -39.768517 -19.900000
v 32.257579 -38.839660 -19.900000
v 32.181291 -38.927150 -19.900000
v 33.383988 -38.303963 -19.900000
v 33.268517 -38.315834 -19.900000
v 33.616012 -38.303963 -19.900000
v 33.500000 -38.300000 -19.900000
v 33.958655 -38.363041 -19.900000
v 34.480357 -38.611151 -19.900000
v 35.009405 -39.217889 -19.900000
v 34.952513 -39.116707 -19.900000
v 35.136959 -39.541345 -19.900000
v 35.101844 -39.430705 -19.900000
v 33.041345 -41.636959 -19.900000
v 32.339660 -38.757579 -19.900000
v 32.519643 -38.611151 -19.900000
v 32.427150 -38.681291 -19.900000
v 33.845875 -38.335557 -19.900000
v 33.731483 -38.315834 -19.900000
v 35.059259 -39.322718 -19.900000
v 35.164443 -39.654125 -19.900000
v 35.059259 -40.677282 -19.900000
v 34.952513 -40.883293 -19.900000
v 35.009405 -40.782111 -19.900000
v 33.845875 -41.664443 -19.900000
v 33.616012 -41.696037 -19.900000
v 33.731483 -41.684166 -19.900000
v 33.383988 -41.696037 -19.900000
v 33.500000 -41.700000 -19.900000
v 33.154125 -41.664443 -19.900000
v 33.268517 -41.684166 -19.900000
v 32.111151 -40.980357 -19.900000
v 32.181291 -41.072850 -19.900000
v 31.990595 -40.782111 -19.900000
v 32.047487 -40.883293 -19.900000
v 31.863041 -40.458655 -19.900000
v 31.803963 -39.883988 -19.900000
v 34.660340 -38.757579 -19.900000
v 34.572850 -38.681291 -19.900000
v 34.888849 -39.019643 -19.900000
v 35.196037 -39.883988 -19.900000
v 35.184166 -39.768517 -19.900000
v 34.818709 -41.072850 -19.900000
v 34.888849 -40.980357 -19.900000
v 32.257579 -41.160340 -19.900000
v 32.339660 -41.242421 -19.900000
v 31.835557 -40.345875 -19.900000
v 34.742421 -38.839660 -19.900000
v 34.818709 -38.927150 -19.900000
v 35.196037 -40.116012 -19.900000
v 35.200000 -40.000000 -19.900000
v 35.164443 -40.345875 -19.900000
v 35.184166 -40.231483 -19.900000
v 35.101844 -40.569295 -19.900000
v 35.136959 -40.458655 -19.900000
v 34.660340 -41.242421 -19.900000
v 34.742421 -41.160340 -19.900000
v 31.803963 -40.116012 -19.900000
v 31.815834 -40.231483 -19.900000
v 31.800000 -40.000000 -19.900000
v 31.800000 -40.000000 4.000000
v 31.803963 -40.116012 4.000000
v 31.815834 -40.231483 4.000000
v 31.835557 -40.345875 4.000000
v 31.863041 -40.458655 4.000000
v 31.898156 -40.569295 4.000000
v 31.940741 -40.677282 4.000000
v 31.990595 -40.782111 4.000000
v 32.047487 -40.883293 4.000000
v 32.111151 -40.980357 4.000000
v 32.181291 -41.072850 4.000000
v 32.257579 -41.160340 4.000000
v 32.339660 -41.242421 4.000000
v 32.427150 -41.318709 4.000000
v 32.519643 -41.388849 4.000000
v 32.616707 -41.452513 4.000000
v 32.717889 -41.509405 4.000000
v 32.822718 -41.559259 4.000000
v 32.930705 -41.601844 4.000000
v 33.041345 -41.636959 4.000000
v 33.154125 -41.664443 4.000000
v 33.268517 -41.684166 4.000000
v 33.383988 -41.696037 4.000000
v 33.500000 -41.700000 4.000000
v 33.616012 -41.696037 4.000000
v 33.731483 -41.684166 4.000000
v 33.845875 -41.664443 4.000000
v 33.958655 -41.636959 4.000000
v 34.069295 -41.601844 4.000000
v 34.177282 -41.559259 4.000000
v 34.282111 -41.509405 4.000000
v 34.383293 -41.452513 4.000000
v 34.480357 -41.388849 4.000000
v 34.572850 -41.318709 4.000000
v 34.660340 -41.242421 4.000000
v 34.742421 -41.160340 4.000000
v 34.818709 -41.072850 4.000000
v 34.888849 -40.980357 4.000000
v 34.952513 -40.883293 4.000000
v 35.009405 -40.782111 4.000000
v 35.059259 -40.677282 4.000000
v 35.101844 -40.569295 4.000000
v 35.136959 -40.458655 4.000000
v 35.164443 -40.345875 4.000000
v 35.184166 -40.231483 4.000000
v 35.196037 -40.116012 4.000000
v 35.200000 -40.000000 4.000000
v 35.196037 -39.883988 4.000000
v 35.184166 -39.768517 4.000000
v 35.164443 -39.654125 4.000000
v 35.136959 -39.541345 4.000000
v 35.101844 -39.430705 4.000000
v 35.059259 -39.322718 4.000000
v 35.009405 -39.217889 4.000000
v 34.952513 -39.116707 4.000000
v 34.888849 -39.019643 4.000000
v 34.818709 -38.927150 4.000000
v 34.742421 -38.839660 4.000000
v 34.660340 -38.757579 4.000000
v 34.572850 -38.681291 4.000000
v 34.480357 -38.611151 4.000000
v 34.383293 -38.547487 4.000000
v 34.282111 -38.490595 4.000000
v 34.177282 -38.440741 4.000000
v 34.069295 -38.398156 4.000000
v 33.958655 -38.363041 4.000000
v 33.845875 -38.335557 4.000000
v 33.731483 -38.315834 4.000000
v 33.616012 -38.303963 4.000000
v 33.500000 -38.300000 4.000000
v 33.383988 -38.303963 4.000000
v 33.268517 -38.315834 4.000000
v 33.154125 -38.335557 4.000000
v 33.041345 -38.363041 4.000000
v 32.930705 -38.398156 4.000000
v 32.822718 -38.440741 4.000000
v 32.717889 -38.490595 4.000000
v 32.616707 -38.547487 4.000000
v 32.519643 -38.611151 4.000000
v 32.427150 -38.681291 4.000000
v 32.339660 -38.757579 4.000000
v 32.257579 -38.839660 4.000000
v 32.181291 -38.927150 4.000000
v 32.111151 -39.019643 4.000000
v 32.047487 -39.116707 4.000000
v 31.990595 -39.217889 4.000000
v 31.940741 -39.322718 4.000000
v 31.898156 -39.430705 4.000000
v 31.863041 -39.541345 4.000000
v 31.835557 -39.654125 4.000000
v 31.815834 -39.768517 4.000000
v 31.803963 -39.883988 4.000000
v 33.500000 -40.000000 4.000000
v -13.209103 40.008879 -23.000000
v -13.209103 44.000000 -23.000000
v -19.790897 40.008879 -23.000000
v -18.145448 37.158879 -23.000000
v -19.790897 44.000000 -23.000000
v -14.854552 37.158879 -23.000000
v -19.790897 44.000000 -19.900000
v -19.790897 40.008879 -19.900000
v -13.209103 44.000000 -19.900000
v -13.209103 40.008879 -19.900000
v -18.145448 37.158879 -19.900000
v -14.854552 37.158879 -19.900000
v -14.898156 40.578175 -19.900000
v -14.940741 40.686161 -19.900000
v -14.803963 40.124891 -19.900000
v -14.815834 40.240363 -19.900000
v -15.047487 40.892172 -19.900000
v -15.111151 40.989236 -19.900000
v -14.835557 40.354755 -19.900000
v -14.803963 39.892867 -19.900000
v -14.800000 40.008879 -19.900000
v -14.835557 39.663004 -19.900000
v -14.815834 39.777396 -19.900000
v -15.047487 39.125587 -19.900000
v -18.059259 40.686161 -19.900000
v -14.990595 40.790990 -19.900000
v -14.863041 40.467534 -19.900000
v -14.863041 39.550225 -19.900000
v -14.990595 39.226769 -19.900000
v -18.009405 39.226769 -19.900000
v -17.952513 39.125587 -19.900000
v -18.101844 40.578175 -19.900000
v -17.952513 40.892172 -19.900000
v -18.009405 40.790990 -19.900000
v -15.181291 41.081729 -19.900000
v -15.257579 41.169220 -19.900000
v -14.940741 39.331598 -19.900000
v -14.898156 39.439584 -19.900000
v -15.111151 39.028523 -19.900000
v -16.383988 38.312842 -19.900000
v -16.268517 38.324713 -19.900000
v -16.616012 38.312842 -19.900000
v -16.500000 38.308879 -19.900000
v -16.845875 38.344436 -19.900000
v -16.731483 38.324713 -19.900000
v -17.177282 38.449620 -19.900000
v -17.069295 38.407036 -19.900000
v -17.383293 38.556366 -19.900000
v -17.282111 38.499474 -19.900000
v -17.572850 38.690170 -19.900000
v -17.480357 38.620031 -19.900000
v -18.059259 39.331598 -19.900000
v -18.136959 40.467534 -19.900000
v -18.164443 40.354755 -19.900000
v -17.742421 41.169220 -19.900000
v -17.818709 41.081729 -19.900000
v -17.572850 41.327589 -19.900000
v -17.660340 41.251300 -19.900000
v -16.845875 41.673322 -19.900000
v -16.958655 41.645839 -19.900000
v -16.616012 41.704916 -19.900000
v -16.731483 41.693045 -19.900000
v -16.383988 41.704916 -19.900000
v -16.500000 41.708879 -19.900000
v -15.519643 41.397728 -19.900000
v -15.616707 41.461392 -19.900000
v -15.339660 41.251300 -19.900000
v -15.257579 38.848539 -19.900000
v -15.181291 38.936030 -19.900000
v -16.154125 38.344436 -19.900000
v -16.958655 38.371920 -19.900000
v -17.660340 38.766458 -19.900000
v -17.818709 38.936030 -19.900000
v -17.742421 38.848539 -19.900000
v -18.184166 39.777396 -19.900000
v -18.164443 39.663004 -19.900000
v -18.184166 40.240363 -19.900000
v -17.888849 40.989236 -19.900000
v -17.282111 41.518284 -19.900000
v -17.383293 41.461392 -19.900000
v -17.069295 41.610723 -19.900000
v -17.177282 41.568139 -19.900000
v -16.154125 41.673322 -19.900000
v -16.268517 41.693045 -19.900000
v -15.822718 41.568139 -19.900000
v -15.930705 41.610723 -19.900000
v -15.717889 41.518284 -19.900000
v -15.427150 41.327589 -19.900000
v -15.339660 38.766458 -19.900000
v -15.519643 38.620031 -19.900000
v -15.427150 38.690170 -19.900000
v -15.822718 38.449620 -19.900000
v -15.717889 38.499474 -19.900000
v -16.041345 38.371920 -19.900000
v -15.930705 38.407036 -19.900000
v -17.888849 39.028523 -19.900000
v -18.136959 39.550225 -19.900000
v -18.101844 39.439584 -19.900000
v -18.196037 39.892867 -19.900000
v -17.480357 41.397728 -19.900000
v -16.041345 41.645839 -19.900000
v -18.196037 40.124891 -19.900000
v -15.616707 38.556366 -19.900000
v -18.200000 40.008879 -19.900000
v -18.200000 40.008879 -18.000000
v -18.196037 39.892867 -18.000000
v -18.184166 39.777396 -18.000000
v -18.164443 39.663004 -18.000000
v -18.136959 39.550225 -18.000000
v -18.101844 39.439584 -18.000000
v -18.059259 39.331598 -18.000000
v -18.009405 39.226769 -18.000000
v -17.952513 39.125587 -18.000000
v -17.888849 39.028523 -18.000000
v -17.818709 38.936030 -18.000000
v -17.742421 38.848539 -18.000000
v -17.660340 38.766458 -18.000000
v -17.572850 38.690170 -18.000000
v -17.480357 38.620031 -18.000000
v -17.383293 38.556366 -18.000000
v -17.282111 38.499474 -18.000000
v -17.177282 38.449620 -18.000000
v -17.069295 38.407036 -18.000000
v -16.958655 38.371920 -18.000000
v -16.845875 38.344436 -18.000000
v -16.731483 38.324713 -18.000000
v -16.616012 38.312842 -18.000000
v -16.500000 38.308879 -18.000000
v -16.383988 38.312842 -18.000000
v -16.268517 38.324713 -18.000000
v -16.154125 38.344436 -18.000000
v -16.041345 38.371920 -18.000000
v -15.930705 38.407036 -18.000000
v -15.822718 38.449620 -18.000000
v -15.717889 38.499474 -18.000000
v -15.616707 38.556366 -18.000000
v -15.519643 38.620031 -18.000000
v -15.427150 38.690170 -18.000000
v -15.339660 38.766458 -18.000000
v -15.257579 38.848539 -18.000000
v -15.181291 38.936030 -18.000000
v -15.111151 39.028523 -18.000000
v -15.047487 39.125587 -18.000000
v -14.990595 39.226769 -18.000000
v -14.940741 39.331598 -18.000000
v -14.898156 39.439584 -18.000000
v -14.863041 39.550225 -18.000000
v -14.835557 39.663004 -18.000000
v -14.815834 39.777396 -18.000000
v -14.803963 39.892867 -18.000000
v -14.800000 40.008879 -18.000000
v -14.803963 40.124891 -18.000000
v -14.815834 40.240363 -18.000000
v -14.835557 40.354755 -18.000000
v -14.863041 40.467534 -18.000000
v -14.898156 40.578175 -18.000000
v -14.940741 40.686161 -18.000000
v -14.990595 40.790990 -18.000000
v -15.047487 40.892172 -18.000000
v -15.111151 40.989236 -18.000000
v -15.181291 41.081729 -18.000000
v -15.257579 41.169220 -18.000000
v -15.339660 41.251300 -18.000000
v -15.427150 41.327589 -18.000000
v -15.519643 41.397728 -18.000000
v -15.616707 41.461392 -18.000000
v -15.717889 41.518284 -18.000000
v -15.822718 41.568139 -18.000000
v -15.930705 41.610723 -18.000000
v -16.041345 41.645839 -18.000000
v -16.154125 41.673322 -18.000000
v -16.268517 41.693045 -18.000000
v -16.383988 41.704916 -18.000000
v -16.500000 41.708879 -18.000000
v -16.616012 41.704916 -18.000000
v -16.731483 41.693045 -18.000000
v -16.845875 41.673322 -18.000000
v -16.958655 41.645839 -18.000000
v -17.069295 41.610723 -18.000000
v -17.177282 41.568139 -18.000000
v -17.282111 41.518284 -18.000000
v -17.383293 41.461392 -18.000000
v -17.480357 41.397728 -18.000000
v -17.572850 41.327589 -18.000000
v -17.660340 41.251300 -18.000000
v -17.742421 41.169220 -18.000000
v -17.818709 41.081729 -18.000000
v -17.888849 40.989236 -18.000000
v -17.952513 40.892172 -18.000000
v -18.009405 40.790990 -18.000000
v -18.059259 40.686161 -18.000000
v -18.101844 40.578175 -18.000000
v -18.136959 40.467534 -18.000000
v -18.164443 40.354755 -18.000000
v -18.184166 40.240363 -18.000000
v -18.196037 40.124891 -18.000000
v -16.500000 40.008879 -18.000000
v -5.448667 36.000000 -10.708083
v -8.248667 36.000000 -9.091502
v -5.448667 36.000000 -4.241760
v -8.248667 36.000000 -5.858341
v -2.648667 36.000000 -5.858341
v -2.648667 36.000000 -9.091502
v -2.648667 37.500000 -9.091502
v -2.648667 37.500000 -5.858341
v -8.248667 37.500000 -9.091502
v -5.448667 37.500000 -4.241760
v -8.248667 37.500000 -5.858341
v -5.448667 37.500000 -10.708083
v -27.633419 27.550000 5.000000
v -30.866581 27.550000 5.000000
v -27.633419 21.950000 5.000000
v -32.483162 24.750000 5.000000
v -30.866581 21.950000 5.000000
v -26.016838 24.750000 5.000000
v -26.016838 24.750000 7.000000
v -27.633419 27.550000 7.000000
v -30.866581 27.550000 7.000000
v -32.483162 24.750000 7.000000
v -30.866581 21.950000 7.000000
v -27.633419 21.950000 7.000000
v 30.866581 27.550000 5.000000
v 27.633419 27.550000 5.000000
v 30.866581 21.950000 5.000000
v 26.016838 24.750000 5.000000
v 27.633419 21.950000 5.000000
v 32.483162 24.750000 5.000000
v 27.633419 27.550000 7.000000
v 26.016838 24.750000 7.000000
v 27.633419 21.950000 7.000000
v 30.866581 21.950000 7.000000
v 32.483162 24.750000 7.000000
v 30.866581 27.550000 7.000000
v 30.866581 -21.950000 5.000000
v 27.633419 -21.950000 5.000000
v 30.866581 -27.550000 5.000000
v 26.016838 -24.750000 5.000000
v 27.633419 -27.550000 5.000000
v 32.483162 -24.750000 5.000000
v 27.633419 -27.550000 7.000000
v 30.866581 -27.550000 7.000000
v 32.483162 -24.750000 7.000000
v 30.866581 -21.950000 7.000000
v 27.633419 -21.950000 7.000000
v 26.016838 -24.750000 7.000000
v -27.633419 -21.950000 5.000000
v -30.866581 -21.950000 5.000000
v -27.633419 -27.550000 5.000000
v -32.483162 -24.750000 5.000000
v -30.866581 -27.550000 5.000000
v -26.016838 -24.750000 5.000000
v -27.633419 -27.550000 7.000000
v -26.016838 -24.750000 7.000000
v -27.633419 -21.950000 7.000000
v -30.866581 -21.950000 7.000000
v -32.483162 -24.750000 7.000000
v -30.866581 -27.550000 7.000000
v -41.866581 -44.000000 7.000000
v -15.307044 -44.000000 7.000000
v 8.500000 -44.000000 7.000000
v 23.807044 -44.000000 7.000000
v -4.595444 -40.105744 7.000000
v -4.597250 -40.000000 7.000000
v -4.568402 -40.421742 7.000000
v -4.581012 -40.316738 7.000000
v -4.452128 -40.936963 7.000000
v -4.482396 -40.835628 7.000000
v -4.581012 -39.683262 7.000000
v -4.568402 -39.578258 7.000000
v -4.595444 -39.894256 7.000000
v -4.552214 -40.526255 7.000000
v -4.418418 -41.037206 7.000000
v -4.381305 -38.863761 7.000000
v -4.340833 -38.766052 7.000000
v -4.590030 -39.788636 7.000000
v -4.590030 -40.211364 7.000000
v -4.532468 -40.630154 7.000000
v -4.509186 -40.733319 7.000000
v -4.250002 -38.575064 7.000000
v -4.199750 -38.482006 7.000000
v -4.418418 -38.962794 7.000000
v -4.509186 -39.266681 7.000000
v -4.482396 -39.164372 7.000000
v -4.146351 -38.390719 7.000000
v -4.297048 -38.669782 7.000000
v -4.532468 -39.369846 7.000000
v -4.452128 -39.063037 7.000000
v -4.552214 -39.473745 7.000000
v -4.381305 -41.136239 7.000000
v 1.568402 -39.578258 7.000000
v 1.581012 -39.683262 7.000000
v 1.552214 -39.473745 7.000000
v -3.902572 -41.954637 7.000000
v -3.967905 -41.871471 7.000000
v -4.089865 -38.301307 7.000000
v -4.030360 -38.213877 7.000000
v -4.297048 -41.330218 7.000000
v -4.340833 -41.233948 7.000000
v -4.089865 -41.698693 7.000000
v -4.146351 -41.609281 7.000000
v -4.030360 -41.786123 7.000000
v 1.532468 -39.369846 7.000000
v 1.418418 -38.962794 7.000000
v 1.452128 -39.063037 7.000000
v -3.017994 -37.300250 7.000000
v -2.924936 -37.249998 7.000000
v -3.198693 -37.410135 7.000000
v -3.109281 -37.353649 7.000000
v -3.614038 -37.736418 7.000000
v -3.535524 -37.665562 7.000000
v -3.763582 -37.885962 7.000000
v -3.690086 -37.809914 7.000000
v -3.967905 -38.128529 7.000000
v -4.199750 -41.517994 7.000000
v -4.250002 -41.424936 7.000000
v -3.198693 -42.589865 7.000000
v -3.286123 -42.530360 7.000000
v -2.830218 -42.797048 7.000000
v -2.924936 -42.750002 7.000000
v 1.509186 -39.266681 7.000000
v 1.482396 -39.164372 7.000000
v 1.340833 -38.766052 7.000000
v 1.381305 -38.863761 7.000000
v 0.834438 -37.964476 7.000000
v 0.902572 -38.045363 7.000000
v 0.614038 -37.736418 7.000000
v 0.690086 -37.809914 7.000000
v -3.371471 -37.532095 7.000000
v -3.286123 -37.469640 7.000000
v -3.902572 -38.045363 7.000000
v -3.834438 -37.964476 7.000000
v -3.763582 -42.114038 7.000000
v -3.834438 -42.035524 7.000000
v -3.109281 -42.646351 7.000000
v -3.017994 -42.699750 7.000000
v 1.590030 -39.788636 7.000000
v 1.595444 -39.894256 7.000000
v 1.297048 -38.669782 7.000000
v 1.199750 -38.482006 7.000000
v 1.250002 -38.575064 7.000000
v 1.089865 -38.301307 7.000000
v 1.146351 -38.390719 7.000000
v 0.967905 -38.128529 7.000000
v 1.030360 -38.213877 7.000000
v 0.763582 -37.885962 7.000000
v 0.535524 -37.665562 7.000000
v -3.454637 -37.597428 7.000000
v -3.614038 -42.263582 7.000000
v -3.690086 -42.190086 7.000000
v -3.454637 -42.402572 7.000000
v -3.535524 -42.334438 7.000000
v 1.509186 -40.733319 7.000000
v 1.482396 -40.835628 7.000000
v 1.581012 -40.316738 7.000000
v 1.568402 -40.421742 7.000000
v 0.286123 -37.469640 7.000000
v 0.371471 -37.532095 7.000000
v -2.830218 -37.202952 7.000000
v -2.733948 -37.159167 7.000000
v -3.371471 -42.467905 7.000000
v 1.418418 -41.037206 7.000000
v 1.381305 -41.136239 7.000000
v 1.452128 -40.936963 7.000000
v 1.552214 -40.526255 7.000000
v 1.532468 -40.630154 7.000000
v 1.590030 -40.211364 7.000000
v 0.454637 -37.597428 7.000000
v 0.017994 -37.300250 7.000000
v 0.109281 -37.353649 7.000000
v -2.537206 -37.081582 7.000000
v -2.436963 -37.047872 7.000000
v -2.636239 -37.118695 7.000000
v 0.198693 -37.410135 7.000000
v -0.075064 -37.249998 7.000000
v -2.636239 -42.881305 7.000000
v -2.733948 -42.840833 7.000000
v -2.436963 -42.952128 7.000000
v -2.537206 -42.918418 7.000000
v -1.816738 -43.081012 7.000000
v -1.921742 -43.068402 7.000000
v 1.089865 -41.698693 7.000000
v 1.030360 -41.786123 7.000000
v 1.199750 -41.517994 7.000000
v 1.146351 -41.609281 7.000000
v 1.297048 -41.330218 7.000000
v 1.250002 -41.424936 7.000000
v 1.597250 -40.000000 7.000000
v 1.595444 -40.105744 7.000000
v -0.169782 -37.202952 7.000000
v -0.363761 -37.118695 7.000000
v -0.266052 -37.159167 7.000000
v -0.563037 -37.047872 7.000000
v -0.462794 -37.081582 7.000000
v -2.335628 -37.017604 7.000000
v -2.233319 -36.990814 7.000000
v -2.130154 -43.032468 7.000000
v -2.233319 -43.009186 7.000000
v -2.026255 -43.052214 7.000000
v -1.500000 -43.097250 7.000000
v -1.605744 -43.095444 7.000000
v 0.017994 -42.699750 7.000000
v -0.075064 -42.750002 7.000000
v 0.198693 -42.589865 7.000000
v 0.109281 -42.646351 7.000000
v 0.454637 -42.402572 7.000000
v 0.371471 -42.467905 7.000000
v 0.967905 -41.871471 7.000000
v 0.902572 -41.954637 7.000000
v 1.340833 -41.233948 7.000000
v -0.869846 -36.967532 7.000000
v -0.766681 -36.990814 7.000000
v -1.711364 -36.909970 7.000000
v -1.605744 -36.904556 7.000000
v -2.026255 -36.947786 7.000000
v -1.921742 -36.931598 7.000000
v -2.130154 -36.967532 7.000000
v -2.335628 -42.982396 7.000000
v -1.711364 -43.090030 7.000000
v -1.394256 -43.095444 7.000000
v 0.535524 -42.334438 7.000000
v 0.690086 -42.190086 7.000000
v 0.614038 -42.263582 7.000000
v -0.664372 -37.017604 7.000000
v -1.078258 -36.931598 7.000000
v -0.973745 -36.947786 7.000000
v -1.288636 -36.909970 7.000000
v -1.183262 -36.918988 7.000000
v -1.500000 -36.902750 7.000000
v -1.394256 -36.904556 7.000000
v -1.288636 -43.090030 7.000000
v -0.266052 -42.840833 7.000000
v -0.363761 -42.881305 7.000000
v 0.286123 -42.530360 7.000000
v 0.834438 -42.035524 7.000000
v 0.763582 -42.114038 7.000000
v -1.816738 -36.918988 7.000000
v -1.183262 -43.081012 7.000000
v -0.869846 -43.032468 7.000000
v -0.973745 -43.052214 7.000000
v -0.462794 -42.918418 7.000000
v -0.563037 -42.952128 7.000000
v -0.169782 -42.797048 7.000000
v -1.078258 -43.068402 7.000000
v -0.664372 -42.982396 7.000000
v -0.766681 -43.009186 7.000000
v 15.659167 -38.766052 7.000000
v 15.702952 -38.669782 7.000000
v 15.853649 -38.390719 7.000000
v 15.910135 -38.301307 7.000000
v 15.618695 -38.863761 7.000000
v 15.517604 -39.164372 7.000000
v 15.547872 -39.063037 7.000000
v 15.431598 -39.578258 7.000000
v 15.749998 -41.424936 7.000000
v 15.702952 -41.330218 7.000000
v 21.418418 -38.962794 7.000000
v 21.452128 -39.063037 7.000000
v 21.250002 -38.575064 7.000000
v 21.297048 -38.669782 7.000000
v 15.800250 -38.482006 7.000000
v 15.749998 -38.575064 7.000000
v 15.581582 -38.962794 7.000000
v 15.467532 -39.369846 7.000000
v 15.490814 -39.266681 7.000000
v 15.418988 -39.683262 7.000000
v 15.447786 -40.526255 7.000000
v 15.431598 -40.421742 7.000000
v 15.581582 -41.037206 7.000000
v 15.547872 -40.936963 7.000000
v 15.659167 -41.233948 7.000000
v 21.482396 -39.164372 7.000000
v 21.199750 -38.482006 7.000000
v 15.447786 -39.473745 7.000000
v 15.404556 -39.894256 7.000000
v 15.409970 -39.788636 7.000000
v 15.418988 -40.316738 7.000000
v 15.409970 -40.211364 7.000000
v 15.467532 -40.630154 7.000000
v 15.517604 -40.835628 7.000000
v 15.490814 -40.733319 7.000000
v 15.618695 -41.136239 7.000000
v 15.800250 -41.517994 7.000000
v 15.910135 -41.698693 7.000000
v 15.853649 -41.609281 7.000000
v 16.097428 -41.954637 7.000000
v 16.032095 -41.871471 7.000000
v 16.309914 -42.190086 7.000000
v 16.236418 -42.114038 7.000000
v 17.075064 -42.750002 7.000000
v 16.982006 -42.699750 7.000000
v 17.563037 -42.952128 7.000000
v 17.462794 -42.918418 7.000000
v 20.109281 -42.646351 7.000000
v 20.017994 -42.699750 7.000000
v 20.454637 -42.402572 7.000000
v 20.371471 -42.467905 7.000000
v 20.614038 -42.263582 7.000000
v 20.535524 -42.334438 7.000000
v 21.089865 -41.698693 7.000000
v 21.030360 -41.786123 7.000000
v 21.340833 -41.233948 7.000000
v 21.297048 -41.330218 7.000000
v 21.482396 -40.835628 7.000000
v 21.452128 -40.936963 7.000000
v 21.581012 -40.316738 7.000000
v 21.568402 -40.421742 7.000000
v 21.568402 -39.578258 7.000000
v 21.581012 -39.683262 7.000000
v 21.381305 -38.863761 7.000000
v 21.340833 -38.766052 7.000000
v 20.834438 -37.964476 7.000000
v 20.902572 -38.045363 7.000000
v 20.690086 -37.809914 7.000000
v 20.763582 -37.885962 7.000000
v 20.198693 -37.410135 7.000000
v 20.286123 -37.469640 7.000000
v 19.636239 -37.118695 7.000000
v 19.733948 -37.159167 7.000000
v 19.436963 -37.047872 7.000000
v 19.537206 -37.081582 7.000000
v 19.130154 -36.967532 7.000000
v 19.233319 -36.990814 7.000000
v 15.969640 -41.786123 7.000000
v 16.165562 -42.035524 7.000000
v 16.464476 -42.334438 7.000000
v 16.385962 -42.263582 7.000000
v 16.628529 -42.467905 7.000000
v 16.545363 -42.402572 7.000000
v 16.801307 -42.589865 7.000000
v 16.713877 -42.530360 7.000000
v 17.169782 -42.797048 7.000000
v 17.363761 -42.881305 7.000000
v 17.973745 -43.052214 7.000000
v 17.869846 -43.032468 7.000000
v 18.183262 -43.081012 7.000000
v 18.078258 -43.068402 7.000000
v 19.924936 -42.750002 7.000000
v 20.286123 -42.530360 7.000000
v 20.690086 -42.190086 7.000000
v 20.967905 -41.871471 7.000000
v 21.381305 -41.136239 7.000000
v 21.509186 -40.733319 7.000000
v 21.552214 -40.526255 7.000000
v 21.590030 -39.788636 7.000000
v 21.552214 -39.473745 7.000000
v 21.089865 -38.301307 7.000000
v 21.146351 -38.390719 7.000000
v 20.967905 -38.128529 7.000000
v 21.030360 -38.213877 7.000000
v 20.371471 -37.532095 7.000000
v 19.924936 -37.249998 7.000000
v 20.017994 -37.300250 7.000000
v 19.026255 -36.947786 7.000000
v 18.816738 -36.918988 7.000000
v 18.921742 -36.931598 7.000000
v 17.169782 -37.202952 7.000000
v 17.266052 -37.159167 7.000000
v 16.982006 -37.300250 7.000000
v 17.075064 -37.249998 7.000000
v 16.801307 -37.410135 7.000000
v 16.890719 -37.353649 7.000000
v 16.385962 -37.736418 7.000000
v 16.464476 -37.665562 7.000000
v 15.404556 -40.105744 7.000000
v 15.402750 -40.000000 7.000000
v 16.890719 -42.646351 7.000000
v 17.266052 -42.840833 7.000000
v 17.766681 -43.009186 7.000000
v 18.288636 -43.090030 7.000000
v 20.198693 -42.589865 7.000000
v 20.834438 -42.035524 7.000000
v 20.763582 -42.114038 7.000000
v 20.902572 -41.954637 7.000000
v 21.250002 -41.424936 7.000000
v 21.418418 -41.037206 7.000000
v 21.532468 -40.630154 7.000000
v 21.595444 -40.105744 7.000000
v 21.590030 -40.211364 7.000000
v 21.509186 -39.266681 7.000000
v 21.532468 -39.369846 7.000000
v 20.535524 -37.665562 7.000000
v 20.614038 -37.736418 7.000000
v 20.454637 -37.597428 7.000000
v 20.109281 -37.353649 7.000000
v 19.830218 -37.202952 7.000000
v 17.462794 -37.081582 7.000000
v 17.563037 -37.047872 7.000000
v 17.363761 -37.118695 7.000000
v 16.628529 -37.532095 7.000000
v 16.713877 -37.469640 7.000000
v 16.309914 -37.809914 7.000000
v 15.969640 -38.213877 7.000000
v 16.032095 -38.128529 7.000000
v 18.711364 -36.909970 7.000000
v 16.545363 -37.597428 7.000000
v 16.165562 -37.964476 7.000000
v 16.236418 -37.885962 7.000000
v 16.097428 -38.045363 7.000000
v 17.664372 -42.982396 7.000000
v 19.830218 -42.797048 7.000000
v 19.733948 -42.840833 7.000000
v 21.199750 -41.517994 7.000000
v 21.146351 -41.609281 7.000000
v 19.335628 -37.017604 7.000000
v 18.078258 -36.931598 7.000000
v 18.183262 -36.918988 7.000000
v 17.766681 -36.990814 7.000000
v 17.869846 -36.967532 7.000000
v 18.711364 -43.090030 7.000000
v 18.605744 -43.095444 7.000000
v 18.921742 -43.068402 7.000000
v 18.816738 -43.081012 7.000000
v 19.130154 -43.032468 7.000000
v 19.026255 -43.052214 7.000000
v 19.537206 -42.918418 7.000000
v 19.436963 -42.952128 7.000000
v 19.636239 -42.881305 7.000000
v 21.597250 -40.000000 7.000000
v 21.595444 -39.894256 7.000000
v 18.500000 -36.902750 7.000000
v 18.605744 -36.904556 7.000000
v 18.288636 -36.909970 7.000000
v 18.394256 -36.904556 7.000000
v 17.973745 -36.947786 7.000000
v 17.664372 -37.017604 7.000000
v 18.500000 -43.097250 7.000000
v 18.394256 -43.095444 7.000000
v 19.335628 -42.982396 7.000000
v 19.233319 -43.009186 7.000000
v -41.866581 44.000000 7.000000
v -4.568402 39.587137 7.000000
v -4.581012 39.692142 7.000000
v -15.307044 44.000000 7.000000
v -4.595444 39.903136 7.000000
v -4.597250 40.008879 7.000000
v -4.452128 39.071916 7.000000
v -4.482396 39.173251 7.000000
v -4.595444 40.114623 7.000000
v -4.552214 39.482624 7.000000
v -4.418418 38.971673 7.000000
v -4.381305 41.145119 7.000000
v -4.340833 41.242827 7.000000
v -4.590030 40.220243 7.000000
v -4.581012 40.325617 7.000000
v -4.590030 39.797516 7.000000
v -4.532468 39.378725 7.000000
v -4.509186 39.275561 7.000000
v -4.250002 41.433816 7.000000
v -4.199750 41.526873 7.000000
v -4.418418 41.046085 7.000000
v -4.509186 40.742198 7.000000
v -4.482396 40.844507 7.000000
v -4.146351 41.618161 7.000000
v -4.297048 41.339097 7.000000
v -4.532468 40.639033 7.000000
v -4.452128 40.945843 7.000000
v -4.568402 40.430622 7.000000
v -4.552214 40.535134 7.000000
v -4.381305 38.872640 7.000000
v 8.500000 44.000000 7.000000
v 1.568402 40.430622 7.000000
v 1.581012 40.325617 7.000000
v -3.902572 38.054242 7.000000
v -3.967905 38.137408 7.000000
v 1.552214 40.535134 7.000000
v -4.089865 41.707572 7.000000
v -4.030360 41.795002 7.000000
v -4.297048 38.678662 7.000000
v -4.340833 38.774932 7.000000
v -4.089865 38.310187 7.000000
v -4.146351 38.399598 7.000000
v -4.030360 38.222756 7.000000
v 1.532468 40.639033 7.000000
v 1.418418 41.046085 7.000000
v 1.452128 40.945843 7.000000
v -3.017994 42.708630 7.000000
v -2.924936 42.758882 7.000000
v -3.198693 42.598744 7.000000
v -3.109281 42.655230 7.000000
v -3.614038 42.272461 7.000000
v -3.535524 42.343317 7.000000
v -3.763582 42.122917 7.000000
v -3.690086 42.198966 7.000000
v -3.967905 41.880351 7.000000
v -4.199750 38.490885 7.000000
v -4.250002 38.583943 7.000000
v -3.198693 37.419014 7.000000
v -3.286123 37.478519 7.000000
v -2.924936 37.258877 7.000000
v -3.017994 37.309129 7.000000
v 1.509186 40.742198 7.000000
v 1.482396 40.844507 7.000000
v 1.340833 41.242827 7.000000
v 1.381305 41.145119 7.000000
v 0.834438 42.044403 7.000000
v 0.902572 41.963516 7.000000
v 0.614038 42.272461 7.000000
v 0.690086 42.198966 7.000000
v -3.371471 42.476784 7.000000
v -3.286123 42.539239 7.000000
v -3.902572 41.963516 7.000000
v -3.834438 42.044403 7.000000
v -3.763582 37.894842 7.000000
v -3.834438 37.973355 7.000000
v -3.109281 37.362529 7.000000
v -2.830218 37.211831 7.000000
v 1.581012 39.692142 7.000000
v 1.568402 39.587137 7.000000
v 1.590030 40.220243 7.000000
v 1.595444 40.114623 7.000000
v 1.297048 41.339097 7.000000
v 1.199750 41.526873 7.000000
v 1.250002 41.433816 7.000000
v 1.089865 41.707572 7.000000
v 1.146351 41.618161 7.000000
v 0.967905 41.880351 7.000000
v 1.030360 41.795002 7.000000
v 0.763582 42.122917 7.000000
v 0.535524 42.343317 7.000000
v -3.454637 42.411451 7.000000
v -3.614038 37.745298 7.000000
v -3.690086 37.818793 7.000000
v -3.454637 37.606308 7.000000
v -3.535524 37.674442 7.000000
v 1.509186 39.275561 7.000000
v 1.482396 39.173251 7.000000
v 0.286123 42.539239 7.000000
v 0.371471 42.476784 7.000000
v -2.830218 42.805928 7.000000
v -2.733948 42.849712 7.000000
v -3.371471 37.540975 7.000000
v 1.418418 38.971673 7.000000
v 1.381305 38.872640 7.000000
v 1.452128 39.071916 7.000000
v 1.552214 39.482624 7.000000
v 1.532468 39.378725 7.000000
v 1.590030 39.797516 7.000000
v 0.454637 42.411451 7.000000
v 0.017994 42.708630 7.000000
v 0.109281 42.655230 7.000000
v -2.537206 42.927297 7.000000
v -2.436963 42.961007 7.000000
v -2.636239 42.890184 7.000000
v -2.636239 37.127574 7.000000
v -2.733948 37.168047 7.000000
v 0.198693 42.598744 7.000000
v -0.075064 42.758882 7.000000
v -2.537206 37.090462 7.000000
v -2.335628 37.026484 7.000000
v -2.436963 37.056752 7.000000
v -2.130154 36.976411 7.000000
v -2.233319 36.999693 7.000000
v -1.921742 36.940477 7.000000
v -2.026255 36.956665 7.000000
v 1.089865 38.310187 7.000000
v 1.030360 38.222756 7.000000
v 1.199750 38.490885 7.000000
v 1.146351 38.399598 7.000000
v 1.297048 38.678662 7.000000
v 1.250002 38.583943 7.000000
v 1.597250 40.008879 7.000000
v 1.595444 39.903136 7.000000
v -0.169782 42.805928 7.000000
v -0.363761 42.890184 7.000000
v -0.266052 42.849712 7.000000
v -0.563037 42.961007 7.000000
v -0.462794 42.927297 7.000000
v -2.233319 43.018066 7.000000
v -2.130154 43.041348 7.000000
v -1.711364 36.918850 7.000000
v -1.816738 36.927867 7.000000
v -1.500000 36.911629 7.000000
v -1.605744 36.913435 7.000000
v 0.017994 37.309129 7.000000
v -0.075064 37.258877 7.000000
v 0.198693 37.419014 7.000000
v 0.109281 37.362529 7.000000
v 0.454637 37.606308 7.000000
v 0.371471 37.540975 7.000000
v 0.967905 38.137408 7.000000
v 0.902572 38.054242 7.000000
v 1.340833 38.774932 7.000000
v -0.869846 43.041348 7.000000
v -0.766681 43.018066 7.000000
v -1.288636 43.098909 7.000000
v -1.183262 43.089891 7.000000
v -1.711364 43.098909 7.000000
v -1.605744 43.104324 7.000000
v -2.026255 43.061094 7.000000
v -1.921742 43.077281 7.000000
v -2.335628 42.991275 7.000000
v -1.288636 36.918850 7.000000
v -1.394256 36.913435 7.000000
v 0.535524 37.674442 7.000000
v 0.690086 37.818793 7.000000
v 0.614038 37.745298 7.000000
v -0.664372 42.991275 7.000000
v -1.078258 43.077281 7.000000
v -0.973745 43.061094 7.000000
v -1.500000 43.106129 7.000000
v -1.394256 43.104324 7.000000
v -0.266052 37.168047 7.000000
v -0.363761 37.127574 7.000000
v 0.286123 37.478519 7.000000
v 0.834438 37.973355 7.000000
v 0.763582 37.894842 7.000000
v -1.816738 43.089891 7.000000
v -1.078258 36.940477 7.000000
v -1.183262 36.927867 7.000000
v -0.462794 37.090462 7.000000
v -0.563037 37.056752 7.000000
v -0.169782 37.211831 7.000000
v -0.869846 36.976411 7.000000
v -0.973745 36.956665 7.000000
v -0.664372 37.026484 7.000000
v -0.766681 36.999693 7.000000
v 8.506166 44.000000 7.000000
v 15.659167 41.242827 7.000000
v 15.702952 41.339097 7.000000
v 15.618695 41.145119 7.000000
v 15.853649 41.618161 7.000000
v 15.910135 41.707572 7.000000
v 15.517604 40.844507 7.000000
v 15.547872 40.945843 7.000000
v 15.431598 39.587137 7.000000
v 15.749998 38.583943 7.000000
v 15.702952 38.678662 7.000000
v 23.807044 44.000000 7.000000
v 21.418418 41.046085 7.000000
v 21.452128 40.945843 7.000000
v 21.250002 41.433816 7.000000
v 21.297048 41.339097 7.000000
v 15.800250 41.526873 7.000000
v 15.749998 41.433816 7.000000
v 15.581582 41.046085 7.000000
v 15.467532 40.639033 7.000000
v 15.490814 40.742198 7.000000
v 15.418988 40.325617 7.000000
v 15.431598 40.430622 7.000000
v 15.447786 39.482624 7.000000
v 15.581582 38.971673 7.000000
v 15.547872 39.071916 7.000000
v 15.659167 38.774932 7.000000
v 21.482396 40.844507 7.000000
v 21.199750 41.526873 7.000000
v 15.447786 40.535134 7.000000
v 15.404556 40.114623 7.000000
v 15.409970 40.220243 7.000000
v 15.418988 39.692142 7.000000
v 15.409970 39.797516 7.000000
v 15.467532 39.378725 7.000000
v 15.517604 39.173251 7.000000
v 15.490814 39.275561 7.000000
v 15.618695 38.872640 7.000000
v 15.800250 38.490885 7.000000
v 15.910135 38.310187 7.000000
v 15.853649 38.399598 7.000000
v 16.097428 38.054242 7.000000
v 16.032095 38.137408 7.000000
v 16.309914 37.818793 7.000000
v 16.236418 37.894842 7.000000
v 17.075064 37.258877 7.000000
v 16.982006 37.309129 7.000000
v 17.563037 37.056752 7.000000
v 17.462794 37.090462 7.000000
v 18.183262 36.927867 7.000000
v 20.109281 37.362529 7.000000
v 20.017994 37.309129 7.000000
v 20.454637 37.606308 7.000000
v 20.371471 37.540975 7.000000
v 20.614038 37.745298 7.000000
v 20.535524 37.674442 7.000000
v 21.089865 38.310187 7.000000
v 21.030360 38.222756 7.000000
v 21.340833 38.774932 7.000000
v 21.297048 38.678662 7.000000
v 21.482396 39.173251 7.000000
v 21.452128 39.071916 7.000000
v 21.581012 39.692142 7.000000
v 21.568402 39.587137 7.000000
v 21.381305 41.145119 7.000000
v 21.340833 41.242827 7.000000
v 20.834438 42.044403 7.000000
v 20.902572 41.963516 7.000000
v 20.690086 42.198966 7.000000
v 20.763582 42.122917 7.000000
v 20.198693 42.598744 7.000000
v 20.286123 42.539239 7.000000
v 19.636239 42.890184 7.000000
v 19.733948 42.849712 7.000000
v 19.436963 42.961007 7.000000
v 19.537206 42.927297 7.000000
v 19.130154 43.041348 7.000000
v 19.233319 43.018066 7.000000
v 15.969640 38.222756 7.000000
v 16.165562 37.973355 7.000000
v 16.464476 37.674442 7.000000
v 16.385962 37.745298 7.000000
v 16.628529 37.540975 7.000000
v 16.545363 37.606308 7.000000
v 16.801307 37.419014 7.000000
v 16.713877 37.478519 7.000000
v 17.169782 37.211831 7.000000
v 17.363761 37.127574 7.000000
v 17.973745 36.956665 7.000000
v 17.869846 36.976411 7.000000
v 18.078258 36.940477 7.000000
v 19.924936 37.258877 7.000000
v 20.286123 37.478519 7.000000
v 20.690086 37.818793 7.000000
v 20.967905 38.137408 7.000000
v 21.381305 38.872640 7.000000
v 21.509186 39.275561 7.000000
v 21.552214 39.482624 7.000000
v 21.590030 39.797516 7.000000
v 21.581012 40.325617 7.000000
v 21.590030 40.220243 7.000000
v 21.552214 40.535134 7.000000
v 21.568402 40.430622 7.000000
v 21.089865 41.707572 7.000000
v 21.146351 41.618161 7.000000
v 20.967905 41.880351 7.000000
v 21.030360 41.795002 7.000000
v 20.371471 42.476784 7.000000
v 19.924936 42.758882 7.000000
v 20.017994 42.708630 7.000000
v 19.026255 43.061094 7.000000
v 18.816738 43.089891 7.000000
v 18.921742 43.077281 7.000000
v 17.169782 42.805928 7.000000
v 17.266052 42.849712 7.000000
v 16.982006 42.708630 7.000000
v 17.075064 42.758882 7.000000
v 16.801307 42.598744 7.000000
v 16.890719 42.655230 7.000000
v 16.385962 42.272461 7.000000
v 16.464476 42.343317 7.000000
v 15.404556 39.903136 7.000000
v 15.402750 40.008879 7.000000
v 16.890719 37.362529 7.000000
v 17.266052 37.168047 7.000000
v 17.766681 36.999693 7.000000
v 18.288636 36.918850 7.000000
v 20.198693 37.419014 7.000000
v 20.834438 37.973355 7.000000
v 20.763582 37.894842 7.000000
v 20.902572 38.054242 7.000000
v 21.250002 38.583943 7.000000
v 21.418418 38.971673 7.000000
v 21.532468 39.378725 7.000000
v 21.595444 39.903136 7.000000
v 21.509186 40.742198 7.000000
v 21.532468 40.639033 7.000000
v 20.535524 42.343317 7.000000
v 20.614038 42.272461 7.000000
v 20.454637 42.411451 7.000000
v 20.109281 42.655230 7.000000
v 19.830218 42.805928 7.000000
v 17.462794 42.927297 7.000000
v 17.563037 42.961007 7.000000
v 17.363761 42.890184 7.000000
v 16.628529 42.476784 7.000000
v 16.713877 42.539239 7.000000
v 16.309914 42.198966 7.000000
v 15.969640 41.795002 7.000000
v 16.032095 41.880351 7.000000
v 18.711364 43.098909 7.000000
v 16.545363 42.411451 7.000000
v 16.165562 42.044403 7.000000
v 16.236418 42.122917 7.000000
v 16.097428 41.963516 7.000000
v 17.664372 37.026484 7.000000
v 19.830218 37.211831 7.000000
v 19.733948 37.168047 7.000000
v 21.199750 38.490885 7.000000
v 21.146351 38.399598 7.000000
v 19.335628 42.991275 7.000000
v 18.288636 43.098909 7.000000
v 18.394256 43.104324 7.000000
v 17.664372 42.991275 7.000000
v 17.766681 43.018066 7.000000
v 18.921742 36.940477 7.000000
v 18.816738 36.927867 7.000000
v 19.130154 36.976411 7.000000
v 19.026255 36.956665 7.000000
v 19.537206 37.090462 7.000000
v 19.436963 37.056752 7.000000
v 19.636239 37.127574 7.000000
v 21.597250 40.008879 7.000000
v 21.595444 40.114623 7.000000
v 18.500000 43.106129 7.000000
v 18.605744 43.104324 7.000000
v 17.973745 43.061094 7.000000
v 18.078258 43.077281 7.000000
v 17.869846 43.041348 7.000000
v 18.500000 36.911629 7.000000
v 18.394256 36.913435 7.000000
v 18.711364 36.918850 7.000000
v 18.605744 36.913435 7.000000
v 19.335628 37.026484 7.000000
v 19.233319 36.999693 7.000000
v 18.183262 43.089891 7.000000
v -41.866581 -43.548625 7.000000
v -15.307044 -43.548625 7.000000
v 8.500000 -43.548625 7.000000
v 23.807044 -43.548625 7.000000
v -41.866581 -32.226375 7.000000
v -15.307044 -32.226375 7.000000
v 8.500000 -32.226375 7.000000
v 23.807044 -32.226375 7.000000
v -15.307044 0.000000 7.000000
v -41.866581 0.000000 7.000000
v 8.500000 0.000000 7.000000
v 23.807044 0.000000 7.000000
v -41.866581 32.230815 7.000000
v -15.307044 32.230815 7.000000
v 8.500000 32.230815 7.000000
v 23.807044 32.230815 7.000000
v 20.199009 -39.941960 5.602750
v 20.196037 -39.883988 5.602750
v 20.191087 -39.826151 5.602750
v 20.184166 -39.768517 5.602750
v 20.175281 -39.711152 5.602750
v 20.164443 -39.654125 5.602750
v 20.151664 -39.597500 5.602750
v 20.136959 -39.541345 5.602750
v 20.120346 -39.485725 5.602750
v 20.101844 -39.430705 5.602750
v 20.081473 -39.376348 5.602750
v 20.059259 -39.322718 5.602750
v 20.035227 -39.269878 5.602750
v 20.009405 -39.217889 5.602750
v 19.981823 -39.166813 5.602750
v 19.952513 -39.116707 5.602750
v 19.921510 -39.067632 5.602750
v 19.888849 -39.019643 5.602750
v 19.854569 -38.972798 5.602750
v 19.818709 -38.927150 5.602750
v 19.781312 -38.882754 5.602750
v 19.742421 -38.839660 5.602750
v 19.702082 -38.797918 5.602750
v 19.660340 -38.757579 5.602750
v 19.617246 -38.718688 5.602750
v 19.572850 -38.681291 5.602750
v 19.527202 -38.645431 5.602750
v 19.480357 -38.611151 5.602750
v 19.432368 -38.578490 5.602750
v 19.383293 -38.547487 5.602750
v 19.333187 -38.518177 5.602750
v 19.282111 -38.490595 5.602750
v 19.230122 -38.464773 5.602750
v 19.177282 -38.440741 5.602750
v 19.123652 -38.418527 5.602750
v 19.069295 -38.398156 5.602750
v 19.014275 -38.379654 5.602750
v 18.958655 -38.363041 5.602750
v 18.902500 -38.348336 5.602750
v 18.845875 -38.335557 5.602750
v 18.788848 -38.324719 5.602750
v 18.731483 -38.315834 5.602750
v 18.673849 -38.308913 5.602750
v 18.616012 -38.303963 5.602750
v 18.558040 -38.300991 5.602750
v 18.500000 -38.300000 5.602750
v 18.441960 -38.300991 5.602750
v 18.383988 -38.303963 5.602750
v 18.326151 -38.308913 5.602750
v 18.268517 -38.315834 5.602750
v 18.211152 -38.324719 5.602750
v 18.154125 -38.335557 5.602750
v 18.097500 -38.348336 5.602750
v 18.041345 -38.363041 5.602750
v 17.985725 -38.379654 5.602750
v 17.930705 -38.398156 5.602750
v 17.876348 -38.418527 5.602750
v 17.822718 -38.440741 5.602750
v 17.769878 -38.464773 5.602750
v 17.717889 -38.490595 5.602750
v 17.666813 -38.518177 5.602750
v 17.616707 -38.547487 5.602750
v 17.567632 -38.578490 5.602750
v 17.519643 -38.611151 5.602750
v 17.472798 -38.645431 5.602750
v 17.427150 -38.681291 5.602750
v 17.382754 -38.718688 5.602750
v 17.339660 -38.757579 5.602750
v 17.297918 -38.797918 5.602750
v 17.257579 -38.839660 5.602750
v 17.218688 -38.882754 5.602750
v 17.181291 -38.927150 5.602750
v 17.145431 -38.972798 5.602750
v 17.111151 -39.019643 5.602750
v 17.078490 -39.067632 5.602750
v 17.047487 -39.116707 5.602750
v 17.018177 -39.166813 5.602750
v 16.990595 -39.217889 5.602750
v 16.964773 -39.269878 5.602750
v 16.940741 -39.322718 5.602750
v 16.918527 -39.376348 5.602750
v 16.898156 -39.430705 5.602750
v 16.879654 -39.485725 5.602750
v 16.863041 -39.541345 5.602750
v 16.848336 -39.597500 5.602750
v 16.835557 -39.654125 5.602750
v 16.824719 -39.711152 5.602750
v 16.815834 -39.768517 5.602750
v 16.808913 -39.826151 5.602750
v 16.803963 -39.883988 5.602750
v 16.800991 -39.941960 5.602750
v 16.800000 -40.000000 5.602750
v 16.800991 -40.058040 5.602750
v 16.803963 -40.116012 5.602750
v 16.808913 -40.173849 5.602750
v 16.815834 -40.231483 5.602750
v 16.824719 -40.288848 5.602750
v 16.835557 -40.345875 5.602750
v 16.848336 -40.402500 5.602750
v 16.863041 -40.458655 5.602750
v 16.879654 -40.514275 5.602750
v 16.898156 -40.569295 5.602750
v 16.918527 -40.623652 5.602750
v 16.940741 -40.677282 5.602750
v 16.964773 -40.730122 5.602750
v 16.990595 -40.782111 5.602750
v 17.018177 -40.833187 5.602750
v 17.047487 -40.883293 5.602750
v 17.078490 -40.932368 5.602750
v 17.111151 -40.980357 5.602750
v 17.145431 -41.027202 5.602750
v 17.181291 -41.072850 5.602750
v 17.218688 -41.117246 5.602750
v 17.257579 -41.160340 5.602750
v 17.297918 -41.202082 5.602750
v 17.339660 -41.242421 5.602750
v 17.382754 -41.281312 5.602750
v 17.427150 -41.318709 5.602750
v 17.472798 -41.354569 5.602750
v 17.519643 -41.388849 5.602750
v 17.567632 -41.421510 5.602750
v 17.616707 -41.452513 5.602750
v 17.666813 -41.481823 5.602750
v 17.717889 -41.509405 5.602750
v 17.769878 -41.535227 5.602750
v 17.822718 -41.559259 5.602750
v 17.876348 -41.581473 5.602750
v 17.930705 -41.601844 5.602750
v 17.985725 -41.620346 5.602750
v 18.041345 -41.636959 5.602750
v 18.097500 -41.651664 5.602750
v 18.154125 -41.664443 5.602750
v 18.211152 -41.675281 5.602750
v 18.268517 -41.684166 5.602750
v 18.326151 -41.691087 5.602750
v 18.383988 -41.696037 5.602750
v 18.441960 -41.699009 5.602750
v 18.500000 -41.700000 5.602750
v 18.558040 -41.699009 5.602750
v 18.616012 -41.696037 5.602750
v 18.673849 -41.691087 5.602750
v 18.731483 -41.684166 5.602750
v 18.788848 -41.675281 5.602750
v 18.845875 -41.664443 5.602750
v 18.902500 -41.651664 5.602750
v 18.958655 -41.636959 5.602750
v 19.014275 -41.620346 5.602750
v 19.069295 -41.601844 5.602750
v 19.123652 -41.581473 5.602750
v 19.177282 -41.559259 5.602750
v 19.230122 -41.535227 5.602750
v 19.282111 -41.509405 5.602750
v 19.333187 -41.481823 5.602750
v 19.383293 -41.452513 5.602750
v 19.432368 -41.421510 5.602750
v 19.480357 -41.388849 5.602750
v 19.527202 -41.354569 5.602750
v 19.572850 -41.318709 5.602750
v 19.617246 -41.281312 5.602750
v 19.660340 -41.242421 5.602750
v 19.702082 -41.202082 5.602750
v 19.742421 -41.160340 5.602750
v 19.781312 -41.117246 5.602750
v 19.818709 -41.072850 5.602750
v 19.854569 -41.027202 5.602750
v 19.888849 -40.980357 5.602750
v 19.921510 -40.932368 5.602750
v 19.952513 -40.883293 5.602750
v 19.981823 -40.833187 5.602750
v 20.009405 -40.782111 5.602750
v 20.035227 -40.730122 5.602750
v 20.059259 -40.677282 5.602750
v 20.081473 -40.623652 5.602750
v 20.101844 -40.569295 5.602750
v 20.120346 -40.514275 5.602750
v 20.136959 -40.458655 5.602750
v 20.151664 -40.402500 5.602750
v 20.164443 -40.345875 5.602750
v 20.175281 -40.288848 5.602750
v 20.184166 -40.231483 5.602750
v 20.191087 -40.173849 5.602750
v 20.196037 -40.116012 5.602750
v 20.199009 -40.058040 5.602750
v 20.200000 -40.000000 5.602750
v 18.616012 -41.696037 -1.241760
v 18.500000 -41.700000 -1.241760
v 18.731483 -41.684166 -1.241760
v 18.845875 -41.664443 -1.241760
v 18.958655 -41.636959 -1.241760
v 19.069295 -41.601844 -1.241760
v 19.177282 -41.559259 -1.241760
v 19.282111 -41.509405 -1.241760
v 19.383293 -41.452513 -1.241760
v 19.480357 -41.388849 -1.241760
v 19.572850 -41.318709 -1.241760
v 19.660340 -41.242421 -1.241760
v 19.742421 -41.160340 -1.241760
v 19.818709 -41.072850 -1.241760
v 19.888849 -40.980357 -1.241760
v 19.952513 -40.883293 -1.241760
v 20.009405 -40.782111 -1.241760
v 20.059259 -40.677282 -1.241760
v 20.101844 -40.569295 -1.241760
v 20.136959 -40.458655 -1.241760
v 20.164443 -40.345875 -1.241760
v 20.184166 -40.231483 -1.241760
v 20.196037 -40.116012 -1.241760
v 20.200000 -40.000000 -1.241760
v 20.196037 -39.883988 -1.241760
v 20.184166 -39.768517 -1.241760
v 20.164443 -39.654125 -1.241760
v 20.136959 -39.541345 -1.241760
v 20.101844 -39.430705 -1.241760
v 20.059259 -39.322718 -1.241760
v 20.009405 -39.217889 -1.241760
v 19.952513 -39.116707 -1.241760
v 19.888849 -39.019643 -1.241760
v 19.818709 -38.927150 -1.241760
v 19.742421 -38.839660 -1.241760
v 19.660340 -38.757579 -1.241760
v 19.572850 -38.681291 -1.241760
v 19.480357 -38.611151 -1.241760
v 19.383293 -38.547487 -1.241760
v 19.282111 -38.490595 -1.241760
v 19.177282 -38.440741 -1.241760
v 19.069295 -38.398156 -1.241760
v 18.958655 -38.363041 -1.241760
v 18.845875 -38.335557 -1.241760
v 18.731483 -38.315834 -1.241760
v 18.616012 -38.303963 -1.241760
v 18.500000 -38.300000 -1.241760
v 18.383988 -38.303963 -1.241760
v 18.268517 -38.315834 -1.241760
v 18.154125 -38.335557 -1.241760
v 18.041345 -38.363041 -1.241760
v 17.930705 -38.398156 -1.241760
v 17.822718 -38.440741 -1.241760
v 17.717889 -38.490595 -1.241760
v 17.616707 -38.547487 -1.241760
v 17.519643 -38.611151 -1.241760
v 17.427150 -38.681291 -1.241760
v 17.339660 -38.757579 -1.241760
v 17.257579 -38.839660 -1.241760
v 17.181291 -38.927150 -1.241760
v 17.111151 -39.019643 -1.241760
v 17.047487 -39.116707 -1.241760
v 16.990595 -39.217889 -1.241760
v 16.940741 -39.322718 -1.241760
v 16.898156 -39.430705 -1.241760
v 16.863041 -39.541345 -1.241760
v 16.835557 -39.654125 -1.241760
v 16.815834 -39.768517 -1.241760
v 16.803963 -39.883988 -1.241760
v 16.800000 -40.000000 -1.241760
v 16.803963 -40.116012 -1.241760
v 16.815834 -40.231483 -1.241760
v 16.835557 -40.345875 -1.241760
v 16.863041 -40.458655 -1.241760
v 16.898156 -40.569295 -1.241760
v 16.940741 -40.677282 -1.241760
v 16.990595 -40.782111 -1.241760
v 17.047487 -40.883293 -1.241760
v 17.111151 -40.980357 -1.241760
v 17.181291 -41.072850 -1.241760
v 17.257579 -41.160340 -1.241760
v 17.339660 -41.242421 -1.241760
v 17.427150 -41.318709 -1.241760
v 17.519643 -41.388849 -1.241760
v 17.616707 -41.452513 -1.241760
v 17.717889 -41.509405 -1.241760
v 17.822718 -41.559259 -1.241760
v 17.930705 -41.601844 -1.241760
v 18.041345 -41.636959 -1.241760
v 18.154125 -41.664443 -1.241760
v 18.268517 -41.684166 -1.241760
v 18.383988 -41.696037 -1.241760
v 0.199009 -39.941960 5.602750
v 0.196037 -39.883988 5.602750
v 0.191087 -39.826151 5.602750
v 0.184166 -39.768517 5.602750
v 0.175281 -39.711152 5.602750
v 0.164443 -39.654125 5.602750
v 0.151664 -39.597500 5.602750
v 0.136959 -39.541345 5.602750
v 0.120346 -39.485725 5.602750
v 0.101844 -39.430705 5.602750
v 0.081473 -39.376348 5.602750
v 0.059259 -39.322718 5.602750
v 0.035227 -39.269878 5.602750
v 0.009405 -39.217889 5.602750
v -0.018177 -39.166813 5.602750
v -0.047487 -39.116707 5.602750
v -0.078490 -39.067632 5.602750
v -0.111151 -39.019643 5.602750
v -0.145431 -38.972798 5.602750
v -0.181291 -38.927150 5.602750
v -0.218688 -38.882754 5.602750
v -0.257579 -38.839660 5.602750
v -0.297918 -38.797918 5.602750
v -0.339660 -38.757579 5.602750
v -0.382754 -38.718688 5.602750
v -0.427150 -38.681291 5.602750
v -0.472798 -38.645431 5.602750
v -0.519643 -38.611151 5.602750
v -0.567632 -38.578490 5.602750
v -0.616707 -38.547487 5.602750
v -0.666813 -38.518177 5.602750
v -0.717889 -38.490595 5.602750
v -0.769878 -38.464773 5.602750
v -0.822718 -38.440741 5.602750
v -0.876348 -38.418527 5.602750
v -0.930705 -38.398156 5.602750
v -0.985725 -38.379654 5.602750
v -1.041345 -38.363041 5.602750
v -1.097500 -38.348336 5.602750
v -1.154125 -38.335557 5.602750
v -1.211152 -38.324719 5.602750
v -1.268517 -38.315834 5.602750
v -1.326151 -38.308913 5.602750
v -1.383988 -38.303963 5.602750
v -1.441960 -38.300991 5.602750
v -1.500000 -38.300000 5.602750
v -1.558040 -38.300991 5.602750
v -1.616012 -38.303963 5.602750
v -1.673849 -38.308913 5.602750
v -1.731483 -38.315834 5.602750
v -1.788848 -38.324719 5.602750
v -1.845875 -38.335557 5.602750
v -1.902500 -38.348336 5.602750
v -1.958655 -38.363041 5.602750
v -2.014275 -38.379654 5.602750
v -2.069295 -38.398156 5.602750
v -2.123652 -38.418527 5.602750
v -2.177282 -38.440741 5.602750
v -2.230122 -38.464773 5.602750
v -2.282111 -38.490595 5.602750
v -2.333187 -38.518177 5.602750
v -2.383293 -38.547487 5.602750
v -2.432368 -38.578490 5.602750
v -2.480357 -38.611151 5.602750
v -2.527202 -38.645431 5.602750
v -2.572850 -38.681291 5.602750
v -2.617246 -38.718688 5.602750
v -2.660340 -38.757579 5.602750
v -2.702082 -38.797918 5.602750
v -2.742421 -38.839660 5.602750
v -2.781312 -38.882754 5.602750
v -2.818709 -38.927150 5.602750
v -2.854569 -38.972798 5.602750
v -2.888849 -39.019643 5.602750
v -2.921510 -39.067632 5.602750
v -2.952513 -39.116707 5.602750
v -2.981823 -39.166813 5.602750
v -3.009405 -39.217889 5.602750
v -3.035227 -39.269878 5.602750
v -3.059259 -39.322718 5.602750
v -3.081473 -39.376348 5.602750
v -3.101844 -39.430705 5.602750
v -3.120346 -39.485725 5.602750
v -3.136959 -39.541345 5.602750
v -3.151664 -39.597500 5.602750
v -3.164443 -39.654125 5.602750
v -3.175281 -39.711152 5.602750
v -3.184166 -39.768517 5.602750
v -3.191087 -39.826151 5.602750
v -3.196037 -39.883988 5.602750
v -3.199009 -39.941960 5.602750
v -3.200000 -40.000000 5.602750
v -3.199009 -40.058040 5.602750
v -3.196037 -40.116012 5.602750
v -3.191087 -40.173849 5.602750
v -3.184166 -40.231483 5.602750
v -3.175281 -40.288848 5.602750
v -3.164443 -40.345875 5.602750
v -3.151664 -40.402500 5.602750
v -3.136959 -40.458655 5.602750
v -3.120346 -40.514275 5.602750
v -3.101844 -40.569295 5.602750
v -3.081473 -40.623652 5.602750
v -3.059259 -40.677282 5.602750
v -3.035227 -40.730122 5.602750
v -3.009405 -40.782111 5.602750
v -2.981823 -40.833187 5.602750
v -2.952513 -40.883293 5.602750
v -2.921510 -40.932368 5.602750
v -2.888849 -40.980357 5.602750
v -2.854569 -41.027202 5.602750
v -2.818709 -41.072850 5.602750
v -2.781312 -41.117246 5.602750
v -2.742421 -41.160340 5.602750
v -2.702082 -41.202082 5.602750
v -2.660340 -41.242421 5.602750
v -2.617246 -41.281312 5.602750
v -2.572850 -41.318709 5.602750
v -2.527202 -41.354569 5.602750
v -2.480357 -41.388849 5.602750
v -2.432368 -41.421510 5.602750
v -2.383293 -41.452513 5.602750
v -2.333187 -41.481823 5.602750
v -2.282111 -41.509405 5.602750
v -2.230122 -41.535227 5.602750
v -2.177282 -41.559259 5.602750
v -2.123652 -41.581473 5.602750
v -2.069295 -41.601844 5.602750
v -2.014275 -41.620346 5.602750
v -1.958655 -41.636959 5.602750
v -1.902500 -41.651664 5.602750
v -1.845875 -41.664443 5.602750
v -1.788848 -41.675281 5.602750
v -1.731483 -41.684166 5.602750
v -1.673849 -41.691087 5.602750
v -1.616012 -41.696037 5.602750
v -1.558040 -41.699009 5.602750
v -1.500000 -41.700000 5.602750
v -1.441960 -41.699009 5.602750
v -1.383988 -41.696037 5.602750
v -1.326151 -41.691087 5.602750
v -1.268517 -41.684166 5.602750
v -1.211152 -41.675281 5.602750
v -1.154125 -41.664443 5.602750
v -1.097500 -41.651664 5.602750
v -1.041345 -41.636959 5.602750
v -0.985725 -41.620346 5.602750
v -0.930705 -41.601844 5.602750
v -0.876348 -41.581473 5.602750
v -0.822718 -41.559259 5.602750
v -0.769878 -41.535227 5.602750
v -0.717889 -41.509405 5.602750
v -0.666813 -41.481823 5.602750
v -0.616707 -41.452513 5.602750
v -0.567632 -41.421510 5.602750
v -0.519643 -41.388849 5.602750
v -0.472798 -41.354569 5.602750
v -0.427150 -41.318709 5.602750
v -0.382754 -41.281312 5.602750
v -0.339660 -41.242421 5.602750
v -0.297918 -41.202082 5.602750
v -0.257579 -41.160340 5.602750
v -0.218688 -41.117246 5.602750
v -0.181291 -41.072850 5.602750
v -0.145431 -41.027202 5.602750
v -0.111151 -40.980357 5.602750
v -0.078490 -40.932368 5.602750
v -0.047487 -40.883293 5.602750
v -0.018177 -40.833187 5.602750
v 0.009405 -40.782111 5.602750
v 0.035227 -40.730122 5.602750
v 0.059259 -40.677282 5.602750
v 0.081473 -40.623652 5.602750
v 0.101844 -40.569295 5.602750
v 0.120346 -40.514275 5.602750
v 0.136959 -40.458655 5.602750
v 0.151664 -40.402500 5.602750
v 0.164443 -40.345875 5.602750
v 0.175281 -40.288848 5.602750
v 0.184166 -40.231483 5.602750
v 0.191087 -40.173849 5.602750
v 0.196037 -40.116012 5.602750
v 0.199009 -40.058040 5.602750
v 0.200000 -40.000000 5.602750
v -1.383988 -41.696037 -1.241760
v -1.500000 -41.700000 -1.241760
v -1.268517 -41.684166 -1.241760
v -1.154125 -41.664443 -1.241760
v -1.041345 -41.636959 -1.241760
v -0.930705 -41.601844 -1.241760
v -0.822718 -41.559259 -1.241760
v -0.717889 -41.509405 -1.241760
v -0.616707 -41.452513 -1.241760
v -0.519643 -41.388849 -1.241760
v -0.427150 -41.318709 -1.241760
v -0.339660 -41.242421 -1.241760
v -0.257579 -41.160340 -1.241760
v -0.181291 -41.072850 -1.241760
v -0.111151 -40.980357 -1.241760
v -0.047487 -40.883293 -1.241760
v 0.009405 -40.782111 -1.241760
v 0.059259 -40.677282 -1.241760
v 0.101844 -40.569295 -1.241760
v 0.136959 -40.458655 -1.241760
v 0.164443 -40.345875 -1.241760
v 0.184166 -40.231483 -1.241760
v 0.196037 -40.116012 -1.241760
v 0.200000 -40.000000 -1.241760
v 0.196037 -39.883988 -1.241760
v 0.184166 -39.768517 -1.241760
v 0.164443 -39.654125 -1.241760
v 0.136959 -39.541345 -1.241760
v 0.101844 -39.430705 -1.241760
v 0.059259 -39.322718 -1.241760
v 0.009405 -39.217889 -1.241760
v -0.047487 -39.116707 -1.241760
v -0.111151 -39.019643 -1.241760
v -0.181291 -38.927150 -1.241760
v -0.257579 -38.839660 -1.241760
v -0.339660 -38.757579 -1.241760
v -0.427150 -38.681291 -1.241760
v -0.519643 -38.611151 -1.241760
v -0.616707 -38.547487 -1.241760
v -0.717889 -38.490595 -1.241760
v -0.822718 -38.440741 -1.241760
v -0.930705 -38.398156 -1.241760
v -1.041345 -38.363041 -1.241760
v -1.154125 -38.335557 -1.241760
v -1.268517 -38.315834 -1.241760
v -1.383988 -38.303963 -1.241760
v -1.500000 -38.300000 -1.241760
v -1.616012 -38.303963 -1.241760
v -1.731483 -38.315834 -1.241760
v -1.845875 -38.335557 -1.241760
v -1.958655 -38.363041 -1.241760
v -2.069295 -38.398156 -1.241760
v -2.177282 -38.440741 -1.241760
v -2.282111 -38.490595 -1.241760
v -2.383293 -38.547487 -1.241760
v -2.480357 -38.611151 -1.241760
v -2.572850 -38.681291 -1.241760
v -2.660340 -38.757579 -1.241760
v -2.742421 -38.839660 -1.241760
v -2.818709 -38.927150 -1.241760
v -2.888849 -39.019643 -1.241760
v -2.952513 -39.116707 -1.241760
v -3.009405 -39.217889 -1.241760
v -3.059259 -39.322718 -1.241760
v -3.101844 -39.430705 -1.241760
v -3.136959 -39.541345 -1.241760
v -3.164443 -39.654125 -1.241760
v -3.184166 -39.768517 -1.241760
v -3.196037 -39.883988 -1.241760
v -3.200000 -40.000000 -1.241760
v -3.196037 -40.116012 -1.241760
v -3.184166 -40.231483 -1.241760
v -3.164443 -40.345875 -1.241760
v -3.136959 -40.458655 -1.241760
v -3.101844 -40.569295 -1.241760
v -3.059259 -40.677282 -1.241760
v -3.009405 -40.782111 -1.241760
v -2.952513 -40.883293 -1.241760
v -2.888849 -40.980357 -1.241760
v -2.818709 -41.072850 -1.241760
v -2.742421 -41.160340 -1.241760
v -2.660340 -41.242421 -1.241760
v -2.572850 -41.318709 -1.241760
v -2.480357 -41.388849 -1.241760
v -2.383293 -41.452513 -1.241760
v -2.282111 -41.509405 -1.241760
v -2.177282 -41.559259 -1.241760
v -2.069295 -41.601844 -1.241760
v -1.958655 -41.636959 -1.241760
v -1.845875 -41.664443 -1.241760
v -1.731483 -41.684166 -1.241760
v -1.616012 -41.696037 -1.241760
v 20.199009 40.066919 5.602750
v 20.196037 40.124891 5.602750
v 20.191087 40.182728 5.602750
v 20.184166 40.240363 5.602750
v 20.175281 40.297727 5.602750
v 20.164443 40.354755 5.602750
v 20.151664 40.411379 5.602750
v 20.136959 40.467534 5.602750
v 20.120346 40.523154 5.602750
v 20.101844 40.578175 5.602750
v 20.081473 40.632532 5.602750
v 20.059259 40.686161 5.602750
v 20.035227 40.739001 5.602750
v 20.009405 40.790990 5.602750
v 19.981823 40.842067 5.602750
v 19.952513 40.892172 5.602750
v 19.921510 40.941248 5.602750
v 19.888849 40.989236 5.602750
v 19.854569 41.036081 5.602750
v 19.818709 41.081729 5.602750
v 19.781312 41.126126 5.602750
v 19.742421 41.169220 5.602750
v 19.702082 41.210961 5.602750
v 19.660340 41.251300 5.602750
v 19.617246 41.290192 5.602750
v 19.572850 41.327589 5.602750
v 19.527202 41.363448 5.602750
v 19.480357 41.397728 5.602750
v 19.432368 41.430389 5.602750
v 19.383293 41.461392 5.602750
v 19.333187 41.490702 5.602750
v 19.282111 41.518284 5.602750
v 19.230122 41.544106 5.602750
v 19.177282 41.568139 5.602750
v 19.123652 41.590353 5.602750
v 19.069295 41.610723 5.602750
v 19.014275 41.629225 5.602750
v 18.958655 41.645839 5.602750
v 18.902500 41.660543 5.602750
v 18.845875 41.673322 5.602750
v 18.788848 41.684161 5.602750
v 18.731483 41.693045 5.602750
v 18.673849 41.699967 5.602750
v 18.616012 41.704916 5.602750
v 18.558040 41.707888 5.602750
v 18.500000 41.708879 5.602750
v 18.441960 41.707888 5.602750
v 18.383988 41.704916 5.602750
v 18.326151 41.699967 5.602750
v 18.268517 41.693045 5.602750
v 18.211152 41.684161 5.602750
v 18.154125 41.673322 5.602750
v 18.097500 41.660543 5.602750
v 18.041345 41.645839 5.602750
v 17.985725 41.629225 5.602750
v 17.930705 41.610723 5.602750
v 17.876348 41.590353 5.602750
v 17.822718 41.568139 5.602750
v 17.769878 41.544106 5.602750
v 17.717889 41.518284 5.602750
v 17.666813 41.490702 5.602750
v 17.616707 41.461392 5.602750
v 17.567632 41.430389 5.602750
v 17.519643 41.397728 5.602750
v 17.472798 41.363448 5.602750
v 17.427150 41.327589 5.602750
v 17.382754 41.290192 5.602750
v 17.339660 41.251300 5.602750
v 17.297918 41.210961 5.602750
v 17.257579 41.169220 5.602750
v 17.218688 41.126126 5.602750
v 17.181291 41.081729 5.602750
v 17.145431 41.036081 5.602750
v 17.111151 40.989236 5.602750
v 17.078490 40.941248 5.602750
v 17.047487 40.892172 5.602750
v 17.018177 40.842067 5.602750
v 16.990595 40.790990 5.602750
v 16.964773 40.739001 5.602750
v 16.940741 40.686161 5.602750
v 16.918527 40.632532 5.602750
v 16.898156 40.578175 5.602750
v 16.879654 40.523154 5.602750
v 16.863041 40.467534 5.602750
v 16.848336 40.411379 5.602750
v 16.835557 40.354755 5.602750
v 16.824719 40.297727 5.602750
v 16.815834 40.240363 5.602750
v 16.808913 40.182728 5.602750
v 16.803963 40.124891 5.602750
v 16.800991 40.066919 5.602750
v 16.800000 40.008879 5.602750
v 16.800991 39.950839 5.602750
v 16.803963 39.892867 5.602750
v 16.808913 39.835030 5.602750
v 16.815834 39.777396 5.602750
v 16.824719 39.720032 5.602750
v 16.835557 39.663004 5.602750
v 16.848336 39.606380 5.602750
v 16.863041 39.550225 5.602750
v 16.879654 39.494605 5.602750
v 16.898156 39.439584 5.602750
v 16.918527 39.385227 5.602750
v 16.940741 39.331598 5.602750
v 16.964773 39.278758 5.602750
v 16.990595 39.226769 5.602750
v 17.018177 39.175692 5.602750
v 17.047487 39.125587 5.602750
v 17.078490 39.076511 5.602750
v 17.111151 39.028523 5.602750
v 17.145431 38.981677 5.602750
v 17.181291 38.936030 5.602750
v 17.218688 38.891633 5.602750
v 17.257579 38.848539 5.602750
v 17.297918 38.806798 5.602750
v 17.339660 38.766458 5.602750
v 17.382754 38.727567 5.602750
v 17.427150 38.690170 5.602750
v 17.472798 38.654311 5.602750
v 17.519643 38.620031 5.602750
v 17.567632 38.587370 5.602750
v 17.616707 38.556366 5.602750
v 17.666813 38.527057 5.602750
v 17.717889 38.499474 5.602750
v 17.769878 38.473652 5.602750
v 17.822718 38.449620 5.602750
v 17.876348 38.427406 5.602750
v 17.930705 38.407036 5.602750
v 17.985725 38.388533 5.602750
v 18.041345 38.371920 5.602750
v 18.097500 38.357215 5.602750
v 18.154125 38.344436 5.602750
v 18.211152 38.333598 5.602750
v 18.268517 38.324713 5.602750
v 18.326151 38.317792 5.602750
v 18.383988 38.312842 5.602750
v 18.441960 38.309870 5.602750
v 18.500000 38.308879 5.602750
v 18.558040 38.309870 5.602750
v 18.616012 38.312842 5.602750
v 18.673849 38.317792 5.602750
v 18.731483 38.324713 5.602750
v 18.788848 38.333598 5.602750
v 18.845875 38.344436 5.602750
v 18.902500 38.357215 5.602750
v 18.958655 38.371920 5.602750
v 19.014275 38.388533 5.602750
v 19.069295 38.407036 5.602750
v 19.123652 38.427406 5.602750
v 19.177282 38.449620 5.602750
v 19.230122 38.473652 5.602750
v 19.282111 38.499474 5.602750
v 19.333187 38.527057 5.602750
v 19.383293 38.556366 5.602750
v 19.432368 38.587370 5.602750
v 19.480357 38.620031 5.602750
v 19.527202 38.654311 5.602750
v 19.572850 38.690170 5.602750
v 19.617246 38.727567 5.602750
v 19.660340 38.766458 5.602750
v 19.702082 38.806798 5.602750
v 19.742421 38.848539 5.602750
v 19.781312 38.891633 5.602750
v 19.818709 38.936030 5.602750
v 19.854569 38.981677 5.602750
v 19.888849 39.028523 5.602750
v 19.921510 39.076511 5.602750
v 19.952513 39.125587 5.602750
v 19.981823 39.175692 5.602750
v 20.009405 39.226769 5.602750
v 20.035227 39.278758 5.602750
v 20.059259 39.331598 5.602750
v 20.081473 39.385227 5.602750
v 20.101844 39.439584 5.602750
v 20.120346 39.494605 5.602750
v 20.136959 39.550225 5.602750
v 20.151664 39.606380 5.602750
v 20.164443 39.663004 5.602750
v 20.175281 39.720032 5.602750
v 20.184166 39.777396 5.602750
v 20.191087 39.835030 5.602750
v 20.196037 39.892867 5.602750
v 20.199009 39.950839 5.602750
v 20.200000 40.008879 5.602750
v 18.616012 38.312842 -1.241760
v 18.500000 38.308879 -1.241760
v 18.731483 38.324713 -1.241760
v 18.845875 38.344436 -1.241760
v 18.958655 38.371920 -1.241760
v 19.069295 38.407036 -1.241760
v 19.177282 38.449620 -1.241760
v 19.282111 38.499474 -1.241760
v 19.383293 38.556366 -1.241760
v 19.480357 38.620031 -1.241760
v 19.572850 38.690170 -1.241760
v 19.660340 38.766458 -1.241760
v 19.742421 38.848539 -1.241760
v 19.818709 38.936030 -1.241760
v 19.888849 39.028523 -1.241760
v 19.952513 39.125587 -1.241760
v 20.009405 39.226769 -1.241760
v 20.059259 39.331598 -1.241760
v 20.101844 39.439584 -1.241760
v 20.136959 39.550225 -1.241760
v 20.164443 39.663004 -1.241760
v 20.184166 39.777396 -1.241760
v 20.196037 39.892867 -1.241760
v 20.200000 40.008879 -1.241760
v 20.196037 40.124891 -1.241760
v 20.184166 40.240363 -1.241760
v 20.164443 40.354755 -1.241760
v 20.136959 40.467534 -1.241760
v 20.101844 40.578175 -1.241760
v 20.059259 40.686161 -1.241760
v 20.009405 40.790990 -1.241760
v 19.952513 40.892172 -1.241760
v 19.888849 40.989236 -1.241760
v 19.818709 41.081729 -1.241760
v 19.742421 41.169220 -1.241760
v 19.660340 41.251300 -1.241760
v 19.572850 41.327589 -1.241760
v 19.480357 41.397728 -1.241760
v 19.383293 41.461392 -1.241760
v 19.282111 41.518284 -1.241760
v 19.177282 41.568139 -1.241760
v 19.069295 41.610723 -1.241760
v 18.958655 41.645839 -1.241760
v 18.845875 41.673322 -1.241760
v 18.731483 41.693045 -1.241760
v 18.616012 41.704916 -1.241760
v 18.500000 41.708879 -1.241760
v 18.383988 41.704916 -1.241760
v 18.268517 41.693045 -1.241760
v 18.154125 41.673322 -1.241760
v 18.041345 41.645839 -1.241760
v 17.930705 41.610723 -1.241760
v 17.822718 41.568139 -1.241760
v 17.717889 41.518284 -1.241760
v 17.616707 41.461392 -1.241760
v 17.519643 41.397728 -1.241760
v 17.427150 41.327589 -1.241760
v 17.339660 41.251300 -1.241760
v 17.257579 41.169220 -1.241760
v 17.181291 41.081729 -1.241760
v 17.111151 40.989236 -1.241760
v 17.047487 40.892172 -1.241760
v 16.990595 40.790990 -1.241760
v 16.940741 40.686161 -1.241760
v 16.898156 40.578175 -1.241760
v 16.863041 40.467534 -1.241760
v 16.835557 40.354755 -1.241760
v 16.815834 40.240363 -1.241760
v 16.803963 40.124891 -1.241760
v 16.800000 40.008879 -1.241760
v 16.803963 39.892867 -1.241760
v 16.815834 39.777396 -1.241760
v 16.835557 39.663004 -1.241760
v 16.863041 39.550225 -1.241760
v 16.898156 39.439584 -1.241760
v 16.940741 39.331598 -1.241760
v 16.990595 39.226769 -1.241760
v 17.047487 39.125587 -1.241760
v 17.111151 39.028523 -1.241760
v 17.181291 38.936030 -1.241760
v 17.257579 38.848539 -1.241760
v 17.339660 38.766458 -1.241760
v 17.427150 38.690170 -1.241760
v 17.519643 38.620031 -1.241760
v 17.616707 38.556366 -1.241760
v 17.717889 38.499474 -1.241760
v 17.822718 38.449620 -1.241760
v 17.930705 38.407036 -1.241760
v 18.041345 38.371920 -1.241760
v 18.154125 38.344436 -1.241760
v 18.268517 38.324713 -1.241760
v 18.383988 38.312842 -1.241760
v 0.199009 40.066919 5.602750
v 0.196037 40.124891 5.602750
v 0.191087 40.182728 5.602750
v 0.184166 40.240363 5.602750
v 0.175281 40.297727 5.602750
v 0.164443 40.354755 5.602750
v 0.151664 40.411379 5.602750
v 0.136959 40.467534 5.602750
v 0.120346 40.523154 5.602750
v 0.101844 40.578175 5.602750
v 0.081473 40.632532 5.602750
v 0.059259 40.686161 5.602750
v 0.035227 40.739001 5.602750
v 0.009405 40.790990 5.602750
v -0.018177 40.842067 5.602750
v -0.047487 40.892172 5.602750
v -0.078490 40.941248 5.602750
v -0.111151 40.989236 5.602750
v -0.145431 41.036081 5.602750
v -0.181291 41.081729 5.602750
v -0.218688 41.126126 5.602750
v -0.257579 41.169220 5.602750
v -0.297918 41.210961 5.602750
v -0.339660 41.251300 5.602750
v -0.382754 41.290192 5.602750
v -0.427150 41.327589 5.602750
v -0.472798 41.363448 5.602750
v -0.519643 41.397728 5.602750
v -0.567632 41.430389 5.602750
v -0.616707 41.461392 5.602750
v -0.666813 41.490702 5.602750
v -0.717889 41.518284 5.602750
v -0.769878 41.544106 5.602750
v -0.822718 41.568139 5.602750
v -0.876348 41.590353 5.602750
v -0.930705 41.610723 5.602750
v -0.985725 41.629225 5.602750
v -1.041345 41.645839 5.602750
v -1.097500 41.660543 5.602750
v -1.154125 41.673322 5.602750
v -1.211152 41.684161 5.602750
v -1.268517 41.693045 5.602750
v -1.326151 41.699967 5.602750
v -1.383988 41.704916 5.602750
v -1.441960 41.707888 5.602750
v -1.500000 41.708879 5.602750
v -1.558040 41.707888 5.602750
v -1.616012 41.704916 5.602750
v -1.673849 41.699967 5.602750
v -1.731483 41.693045 5.602750
v -1.788848 41.684161 5.602750
v -1.845875 41.673322 5.602750
v -1.902500 41.660543 5.602750
v -1.958655 41.645839 5.602750
v -2.014275 41.629225 5.602750
v -2.069295 41.610723 5.602750
v -2.123652 41.590353 5.602750
v -2.177282 41.568139 5.602750
v -2.230122 41.544106 5.602750
v -2.282111 41.518284 5.602750
v -2.333187 41.490702 5.602750
v -2.383293 41.461392 5.602750
v -2.432368 41.430389 5.602750
v -2.480357 41.397728 5.602750
v -2.527202 41.363448 5.602750
v -2.572850 41.327589 5.602750
v -2.617246 41.290192 5.602750
v -2.660340 41.251300 5.602750
v -2.702082 41.210961 5.602750
v -2.742421 41.169220 5.602750
v -2.781312 41.126126 5.602750
v -2.818709 41.081729 5.602750
v -2.854569 41.036081 5.602750
v -2.888849 40.989236 5.602750
v -2.921510 40.941248 5.602750
v -2.952513 40.892172 5.602750
v -2.981823 40.842067 5.602750
v -3.009405 40.790990 5.602750
v -3.035227 40.739001 5.602750
v -3.059259 40.686161 5.602750
v -3.081473 40.632532 5.602750
v -3.101844 40.578175 5.602750
v -3.120346 40.523154 5.602750
v -3.136959 40.467534 5.602750
v -3.151664 40.411379 5.602750
v -3.164443 40.354755 5.602750
v -3.175281 40.297727 5.602750
v -3.184166 40.240363 5.602750
v -3.191087 40.182728 5.602750
v -3.196037 40.124891 5.602750
v -3.199009 40.066919 5.602750
v -3.200000 40.008879 5.602750
v -3.199009 39.950839 5.602750
v -3.196037 39.892867 5.602750
v -3.191087 39.835030 5.602750
v -3.184166 39.777396 5.602750
v -3.175281 39.720032 5.602750
v -3.164443 39.663004 5.602750
v -3.151664 39.606380 5.602750
v -3.136959 39.550225 5.602750
v -3.120346 39.494605 5.602750
v -3.101844 39.439584 5.602750
v -3.081473 39.385227 5.602750
v -3.059259 39.331598 5.602750
v -3.035227 39.278758 5.602750
v -3.009405 39.226769 5.602750
v -2.981823 39.175692 5.602750
v -2.952513 39.125587 5.602750
v -2.921510 39.076511 5.602750
v -2.888849 39.028523 5.602750
v -2.854569 38.981677 5.602750
v -2.818709 38.936030 5.602750
v -2.781312 38.891633 5.602750
v -2.742421 38.848539 5.602750
v -2.702082 38.806798 5.602750
v -2.660340 38.766458 5.602750
v -2.617246 38.727567 5.602750
v -2.572850 38.690170 5.602750
v -2.527202 38.654311 5.602750
v -2.480357 38.620031 5.602750
v -2.432368 38.587370 5.602750
v -2.383293 38.556366 5.602750
v -2.333187 38.527057 5.602750
v -2.282111 38.499474 5.602750
v -2.230122 38.473652 5.602750
v -2.177282 38.449620 5.602750
v -2.123652 38.427406 5.602750
v -2.069295 38.407036 5.602750
v -2.014275 38.388533 5.602750
v -1.958655 38.371920 5.602750
v -1.902500 38.357215 5.602750
v -1.845875 38.344436 5.602750
v -1.788848 38.333598 5.602750
v -1.731483 38.324713 5.602750
v -1.673849 38.317792 5.602750
v -1.616012 38.312842 5.602750
v -1.558040 38.309870 5.602750
v -1.500000 38.308879 5.602750
v -1.441960 38.309870 5.602750
v -1.383988 38.312842 5.602750
v -1.326151 38.317792 5.602750
v -1.268517 38.324713 5.602750
v -1.211152 38.333598 5.602750
v -1.154125 38.344436 5.602750
v -1.097500 38.357215 5.602750
v -1.041345 38.371920 5.602750
v -0.985725 38.388533 5.602750
v -0.930705 38.407036 5.602750
v -0.876348 38.427406 5.602750
v -0.822718 38.449620 5.602750
v -0.769878 38.473652 5.602750
v -0.717889 38.499474 5.602750
v -0.666813 38.527057 5.602750
v -0.616707 38.556366 5.602750
v -0.567632 38.587370 5.602750
v -0.519643 38.620031 5.602750
v -0.472798 38.654311 5.602750
v -0.427150 38.690170 5.602750
v -0.382754 38.727567 5.602750
v -0.339660 38.766458 5.602750
v -0.297918 38.806798 5.602750
v -0.257579 38.848539 5.602750
v -0.218688 38.891633 5.602750
v -0.181291 38.936030 5.602750
v -0.145431 38.981677 5.602750
v -0.111151 39.028523 5.602750
v -0.078490 39.076511 5.602750
v -0.047487 39.125587 5.602750
v -0.018177 39.175692 5.602750
v 0.009405 39.226769 5.602750
v 0.035227 39.278758 5.602750
v 0.059259 39.331598 5.602750
v 0.081473 39.385227 5.602750
v 0.101844 39.439584 5.602750
v 0.120346 39.494605 5.602750
v 0.136959 39.550225 5.602750
v 0.151664 39.606380 5.602750
v 0.164443 39.663004 5.602750
v 0.175281 39.720032 5.602750
v 0.184166 39.777396 5.602750
v 0.191087 39.835030 5.602750
v 0.196037 39.892867 5.602750
v 0.199009 39.950839 5.602750
v 0.200000 40.008879 5.602750
v -1.383988 38.312842 -1.241760
v -1.500000 38.308879 -1.241760
v -1.268517 38.324713 -1.241760
v -1.154125 38.344436 -1.241760
v -1.041345 38.371920 -1.241760
v -0.930705 38.407036 -1.241760
v -0.822718 38.449620 -1.241760
v -0.717889 38.499474 -1.241760
v -0.616707 38.556366 -1.241760
v -0.519643 38.620031 -1.241760
v -0.427150 38.690170 -1.241760
v -0.339660 38.766458 -1.241760
v -0.257579 38.848539 -1.241760
v -0.181291 38.936030 -1.241760
v -0.111151 39.028523 -1.241760
v -0.047487 39.125587 -1.241760
v 0.009405 39.226769 -1.241760
v 0.059259 39.331598 -1.241760
v 0.101844 39.439584 -1.241760
v 0.136959 39.550225 -1.241760
v 0.164443 39.663004 -1.241760
v 0.184166 39.777396 -1.241760
v 0.196037 39.892867 -1.241760
v 0.200000 40.008879 -1.241760
v 0.196037 40.124891 -1.241760
v 0.184166 40.240363 -1.241760
v 0.164443 40.354755 -1.241760
v 0.136959 40.467534 -1.241760
v 0.101844 40.578175 -1.241760
v 0.059259 40.686161 -1.241760
v 0.009405 40.790990 -1.241760
v -0.047487 40.892172 -1.241760
v -0.111151 40.989236 -1.241760
v -0.181291 41.081729 -1.241760
v -0.257579 41.169220 -1.241760
v -0.339660 41.251300 -1.241760
v -0.427150 41.327589 -1.241760
v -0.519643 41.397728 -1.241760
v -0.616707 41.461392 -1.241760
v -0.717889 41.518284 -1.241760
v -0.822718 41.568139 -1.241760
v -0.930705 41.610723 -1.241760
v -1.041345 41.645839 -1.241760
v -1.154125 41.673322 -1.241760
v -1.268517 41.693045 -1.241760
v -1.383988 41.704916 -1.241760
v -1.500000 41.708879 -1.241760
v -1.616012 41.704916 -1.241760
v -1.731483 41.693045 -1.241760
v -1.845875 41.673322 -1.241760
v -1.958655 41.645839 -1.241760
v -2.069295 41.610723 -1.241760
v -2.177282 41.568139 -1.241760
v -2.282111 41.518284 -1.241760
v -2.383293 41.461392 -1.241760
v -2.480357 41.397728 -1.241760
v -2.572850 41.327589 -1.241760
v -2.660340 41.251300 -1.241760
v -2.742421 41.169220 -1.241760
v -2.818709 41.081729 -1.241760
v -2.888849 40.989236 -1.241760
v -2.952513 40.892172 -1.241760
v -3.009405 40.790990 -1.241760
v -3.059259 40.686161 -1.241760
v -3.101844 40.578175 -1.241760
v -3.136959 40.467534 -1.241760
v -3.164443 40.354755 -1.241760
v -3.184166 40.240363 -1.241760
v -3.196037 40.124891 -1.241760
v -3.200000 40.008879 -1.241760
v -3.196037 39.892867 -1.241760
v -3.184166 39.777396 -1.241760
v -3.164443 39.663004 -1.241760
v -3.136959 39.550225 -1.241760
v -3.101844 39.439584 -1.241760
v -3.059259 39.331598 -1.241760
v -3.009405 39.226769 -1.241760
v -2.952513 39.125587 -1.241760
v -2.888849 39.028523 -1.241760
v -2.818709 38.936030 -1.241760
v -2.742421 38.848539 -1.241760
v -2.660340 38.766458 -1.241760
v -2.572850 38.690170 -1.241760
v -2.480357 38.620031 -1.241760
v -2.383293 38.556366 -1.241760
v -2.282111 38.499474 -1.241760
v -2.177282 38.449620 -1.241760
v -2.069295 38.407036 -1.241760
v -1.958655 38.371920 -1.241760
v -1.845875 38.344436 -1.241760
v -1.731483 38.324713 -1.241760
v -1.616012 38.312842 -1.241760
v 15.650000 44.000000 -1.241760
v 15.650000 38.363431 -1.241760
v 18.500000 36.717983 -1.241760
v 21.350000 44.000000 -1.241760
v 21.350000 38.363431 -1.241760
v 21.350000 44.000000 -4.241760
v 21.350000 38.363431 -4.241760
v 15.650000 44.000000 -4.241760
v 15.650000 38.363431 -4.241760
v 18.500000 36.717983 -4.241760
v 16.940741 40.686161 -4.241760
v 16.990595 40.790990 -4.241760
v 17.111151 39.028523 -4.241760
v 17.047487 39.125587 -4.241760
v 17.257579 38.848539 -4.241760
v 17.181291 38.936030 -4.241760
v 17.427150 38.690170 -4.241760
v 17.339660 38.766458 -4.241760
v 17.339660 41.251300 -4.241760
v 17.427150 41.327589 -4.241760
v 17.111151 40.989236 -4.241760
v 17.181291 41.081729 -4.241760
v 17.047487 40.892172 -4.241760
v 16.940741 39.331598 -4.241760
v 16.898156 39.439584 -4.241760
v 16.990595 39.226769 -4.241760
v 17.717889 38.499474 -4.241760
v 17.616707 38.556366 -4.241760
v 17.519643 41.397728 -4.241760
v 16.863041 40.467534 -4.241760
v 16.898156 40.578175 -4.241760
v 16.803963 40.124891 -4.241760
v 16.815834 40.240363 -4.241760
v 17.519643 38.620031 -4.241760
v 17.257579 41.169220 -4.241760
v 16.835557 40.354755 -4.241760
v 16.800000 40.008879 -4.241760
v 16.815834 39.777396 -4.241760
v 16.803963 39.892867 -4.241760
v 16.863041 39.550225 -4.241760
v 16.835557 39.663004 -4.241760
v 17.822718 38.449620 -4.241760
v 18.383988 38.312842 -4.241760
v 18.268517 38.324713 -4.241760
v 18.845875 41.673322 -4.241760
v 18.958655 41.645839 -4.241760
v 18.616012 41.704916 -4.241760
v 18.731483 41.693045 -4.241760
v 18.383988 41.704916 -4.241760
v 18.500000 41.708879 -4.241760
v 18.154125 38.344436 -4.241760
v 18.616012 38.312842 -4.241760
v 18.500000 38.308879 -4.241760
v 18.845875 38.344436 -4.241760
v 18.731483 38.324713 -4.241760
v 19.383293 38.556366 -4.241760
v 18.154125 41.673322 -4.241760
v 18.268517 41.693045 -4.241760
v 18.958655 38.371920 -4.241760
v 19.177282 38.449620 -4.241760
v 19.069295 38.407036 -4.241760
v 19.282111 38.499474 -4.241760
v 19.572850 38.690170 -4.241760
v 19.480357 38.620031 -4.241760
v 18.041345 41.645839 -4.241760
v 17.822718 41.568139 -4.241760
v 17.930705 41.610723 -4.241760
v 17.616707 41.461392 -4.241760
v 17.717889 41.518284 -4.241760
v 18.041345 38.371920 -4.241760
v 17.930705 38.407036 -4.241760
v 19.660340 38.766458 -4.241760
v 19.818709 38.936030 -4.241760
v 19.742421 38.848539 -4.241760
v 20.059259 39.331598 -4.241760
v 20.009405 39.226769 -4.241760
v 20.136959 39.550225 -4.241760
v 20.101844 39.439584 -4.241760
v 20.184166 39.777396 -4.241760
v 20.164443 39.663004 -4.241760
v 20.200000 40.008879 -4.241760
v 20.196037 39.892867 -4.241760
v 19.572850 41.327589 -4.241760
v 19.660340 41.251300 -4.241760
v 19.383293 41.461392 -4.241760
v 19.480357 41.397728 -4.241760
v 19.069295 41.610723 -4.241760
v 19.177282 41.568139 -4.241760
v 19.952513 39.125587 -4.241760
v 19.888849 39.028523 -4.241760
v 20.184166 40.240363 -4.241760
v 19.888849 40.989236 -4.241760
v 19.952513 40.892172 -4.241760
v 19.282111 41.518284 -4.241760
v 20.196037 40.124891 -4.241760
v 20.136959 40.467534 -4.241760
v 20.164443 40.354755 -4.241760
v 20.059259 40.686161 -4.241760
v 20.101844 40.578175 -4.241760
v 20.009405 40.790990 -4.241760
v 19.742421 41.169220 -4.241760
v 19.818709 41.081729 -4.241760
v 18.616012 38.312842 -13.000000
v 18.500000 38.308879 -13.000000
v 18.731483 38.324713 -13.000000
v 18.845875 38.344436 -13.000000
v 18.958655 38.371920 -13.000000
v 19.069295 38.407036 -13.000000
v 19.177282 38.449620 -13.000000
v 19.282111 38.499474 -13.000000
v 19.383293 38.556366 -13.000000
v 19.480357 38.620031 -13.000000
v 19.572850 38.690170 -13.000000
v 19.660340 38.766458 -13.000000
v 19.742421 38.848539 -13.000000
v 19.818709 38.936030 -13.000000
v 19.888849 39.028523 -13.000000
v 19.952513 39.125587 -13.000000
v 20.009405 39.226769 -13.000000
v 20.059259 39.331598 -13.000000
v 20.101844 39.439584 -13.000000
v 20.136959 39.550225 -13.000000
v 20.164443 39.663004 -13.000000
v 20.184166 39.777396 -13.000000
v 20.196037 39.892867 -13.000000
v 20.200000 40.008879 -13.000000
v 20.196037 40.124891 -13.000000
v 20.184166 40.240363 -13.000000
v 20.164443 40.354755 -13.000000
v 20.136959 40.467534 -13.000000
v 20.101844 40.578175 -13.000000
v 20.059259 40.686161 -13.000000
v 20.009405 40.790990 -13.000000
v 19.952513 40.892172 -13.000000
v 19.888849 40.989236 -13.000000
v 19.818709 41.081729 -13.000000
v 19.742421 41.169220 -13.000000
v 19.660340 41.251300 -13.000000
v 19.572850 41.327589 -13.000000
v 19.480357 41.397728 -13.000000
v 19.383293 41.461392 -13.000000
v 19.282111 41.518284 -13.000000
v 19.177282 41.568139 -13.000000
v 19.069295 41.610723 -13.000000
v 18.958655 41.645839 -13.000000
v 18.845875 41.673322 -13.000000
v 18.731483 41.693045 -13.000000
v 18.616012 41.704916 -13.000000
v 18.500000 41.708879 -13.000000
v 18.383988 41.704916 -13.000000
v 18.268517 41.693045 -13.000000
v 18.154125 41.673322 -13.000000
v 18.041345 41.645839 -13.000000
v 17.930705 41.610723 -13.000000
v 17.822718 41.568139 -13.000000
v 17.717889 41.518284 -13.000000
v 17.616707 41.461392 -13.000000
v 17.519643 41.397728 -13.000000
v 17.427150 41.327589 -13.000000
v 17.339660 41.251300 -13.000000
v 17.257579 41.169220 -13.000000
v 17.181291 41.081729 -13.000000
v 17.111151 40.989236 -13.000000
v 17.047487 40.892172 -13.000000
v 16.990595 40.790990 -13.000000
v 16.940741 40.686161 -13.000000
v 16.898156 40.578175 -13.000000
v 16.863041 40.467534 -13.000000
v 16.835557 40.354755 -13.000000
v 16.815834 40.240363 -13.000000
v 16.803963 40.124891 -13.000000
v 16.800000 40.008879 -13.000000
v 16.803963 39.892867 -13.000000
v 16.815834 39.777396 -13.000000
v 16.835557 39.663004 -13.000000
v 16.863041 39.550225 -13.000000
v 16.898156 39.439584 -13.000000
v 16.940741 39.331598 -13.000000
v 16.990595 39.226769 -13.000000
v 17.047487 39.125587 -13.000000
v 17.111151 39.028523 -13.000000
v 17.181291 38.936030 -13.000000
v 17.257579 38.848539 -13.000000
v 17.339660 38.766458 -13.000000
v 17.427150 38.690170 -13.000000
v 17.519643 38.620031 -13.000000
v 17.616707 38.556366 -13.000000
v 17.717889 38.499474 -13.000000
v 17.822718 38.449620 -13.000000
v 17.930705 38.407036 -13.000000
v 18.041345 38.371920 -13.000000
v 18.154125 38.344436 -13.000000
v 18.268517 38.324713 -13.000000
v 18.383988 38.312842 -13.000000
v 18.500000 40.008879 -13.000000
v 1.362333 44.000000 -4.241760
v -4.350000 44.000000 -1.241760
v -4.350000 44.000000 -4.241760
v 1.362333 44.000000 -1.241760
v 8.506166 44.000000 -17.450000
v -4.350000 38.363431 -1.241760
v -4.350000 38.363431 -4.241760
v 1.362333 41.654314 -4.241760
v 1.362333 41.654314 -1.241760
v 1.350000 41.654321 -4.241760
v 1.350000 41.654321 -1.241760
v 1.350000 38.363431 -1.241760
v -1.500000 36.717983 -1.241760
v 1.350000 38.363431 -4.241760
v -1.500000 36.717983 -4.241760
v -3.009405 40.790990 -4.241760
v -2.952513 40.892172 -4.241760
v -3.196037 40.124891 -4.241760
v -3.184166 40.240363 -4.241760
v -2.888849 40.989236 -4.241760
v -2.818709 41.081729 -4.241760
v -3.059259 40.686161 -4.241760
v -3.164443 40.354755 -4.241760
v -3.164443 39.663004 -4.241760
v -3.184166 39.777396 -4.241760
v -3.101844 40.578175 -4.241760
v -3.136959 40.467534 -4.241760
v -3.136959 39.550225 -4.241760
v -3.059259 39.331598 -4.241760
v -3.101844 39.439584 -4.241760
v -3.196037 39.892867 -4.241760
v -3.200000 40.008879 -4.241760
v -3.009405 39.226769 -4.241760
v -2.742421 41.169220 -4.241760
v -2.660340 41.251300 -4.241760
v -2.888849 39.028523 -4.241760
v -2.952513 39.125587 -4.241760
v -2.572850 38.690170 -4.241760
v -2.660340 38.766458 -4.241760
v -2.177282 41.568139 -4.241760
v -2.069295 41.610723 -4.241760
v -2.572850 41.327589 -4.241760
v -2.742421 38.848539 -4.241760
v -2.818709 38.936030 -4.241760
v -2.480357 38.620031 -4.241760
v 0.136959 39.550225 -4.241760
v 0.101844 39.439584 -4.241760
v 0.184166 39.777396 -4.241760
v 0.164443 39.663004 -4.241760
v -2.282111 41.518284 -4.241760
v -2.480357 41.397728 -4.241760
v -2.383293 41.461392 -4.241760
v -2.282111 38.499474 -4.241760
v -2.383293 38.556366 -4.241760
v -1.958655 38.371920 -4.241760
v -2.069295 38.407036 -4.241760
v -0.047487 39.125587 -4.241760
v -0.111151 39.028523 -4.241760
v -0.427150 41.327589 -4.241760
v -0.339660 41.251300 -4.241760
v -0.616707 41.461392 -4.241760
v -0.519643 41.397728 -4.241760
v -0.822718 41.568139 -4.241760
v -0.717889 41.518284 -4.241760
v -1.041345 41.645839 -4.241760
v -0.930705 41.610723 -4.241760
v -2.177282 38.449620 -4.241760
v -0.257579 38.848539 -4.241760
v -0.339660 38.766458 -4.241760
v -0.181291 38.936030 -4.241760
v 0.196037 39.892867 -4.241760
v 0.200000 40.008879 -4.241760
v -1.383988 41.704916 -4.241760
v -1.268517 41.693045 -4.241760
v -1.500000 41.708879 -4.241760
v -1.845875 41.673322 -4.241760
v -1.731483 41.693045 -4.241760
v -1.616012 38.312842 -4.241760
v -1.731483 38.324713 -4.241760
v -0.616707 38.556366 -4.241760
v -0.427150 38.690170 -4.241760
v -0.519643 38.620031 -4.241760
v 0.059259 39.331598 -4.241760
v 0.009405 39.226769 -4.241760
v -1.154125 41.673322 -4.241760
v -1.616012 41.704916 -4.241760
v -1.958655 41.645839 -4.241760
v -1.845875 38.344436 -4.241760
v -0.822718 38.449620 -4.241760
v -0.930705 38.407036 -4.241760
v -0.717889 38.499474 -4.241760
v 0.164443 40.354755 -4.241760
v 0.184166 40.240363 -4.241760
v -1.383988 38.312842 -4.241760
v -1.500000 38.308879 -4.241760
v -1.154125 38.344436 -4.241760
v -1.268517 38.324713 -4.241760
v 0.136959 40.467534 -4.241760
v 0.059259 40.686161 -4.241760
v 0.101844 40.578175 -4.241760
v -0.111151 40.989236 -4.241760
v -0.047487 40.892172 -4.241760
v -1.041345 38.371920 -4.241760
v 0.009405 40.790990 -4.241760
v -0.257579 41.169220 -4.241760
v -0.181291 41.081729 -4.241760
v 0.196037 40.124891 -4.241760
v -1.383988 38.312842 -13.000000
v -1.500000 38.308879 -13.000000
v -1.268517 38.324713 -13.000000
v -1.154125 38.344436 -13.000000
v -1.041345 38.371920 -13.000000
v -0.930705 38.407036 -13.000000
v -0.822718 38.449620 -13.000000
v -0.717889 38.499474 -13.000000
v -0.616707 38.556366 -13.000000
v -0.519643 38.620031 -13.000000
v -0.427150 38.690170 -13.000000
v -0.339660 38.766458 -13.000000
v -0.257579 38.848539 -13.000000
v -0.181291 38.936030 -13.000000
v -0.111151 39.028523 -13.000000
v -0.047487 39.125587 -13.000000
v 0.009405 39.226769 -13.000000
v 0.059259 39.331598 -13.000000
v 0.101844 39.439584 -13.000000
v 0.136959 39.550225 -13.000000
v 0.164443 39.663004 -13.000000
v 0.184166 39.777396 -13.000000
v 0.196037 39.892867 -13.000000
v 0.200000 40.008879 -13.000000
v 0.196037 40.124891 -13.000000
v 0.184166 40.240363 -13.000000
v 0.164443 40.354755 -13.000000
v 0.136959 40.467534 -13.000000
v 0.101844 40.578175 -13.000000
v 0.059259 40.686161 -13.000000
v 0.009405 40.790990 -13.000000
v -0.047487 40.892172 -13.000000
v -0.111151 40.989236 -13.000000
v -0.181291 41.081729 -13.000000
v -0.257579 41.169220 -13.000000
v -0.339660 41.251300 -13.000000
v -0.427150 41.327589 -13.000000
v -0.519643 41.397728 -13.000000
v -0.616707 41.461392 -13.000000
v -0.717889 41.518284 -13.000000
v -0.822718 41.568139 -13.000000
v -0.930705 41.610723 -13.000000
v -1.041345 41.645839 -13.000000
v -1.154125 41.673322 -13.000000
v -1.268517 41.693045 -13.000000
v -1.383988 41.704916 -13.000000
v -1.500000 41.708879 -13.000000
v -1.616012 41.704916 -13.000000
v -1.731483 41.693045 -13.000000
v -1.845875 41.673322 -13.000000
v -1.958655 41.645839 -13.000000
v -2.069295 41.610723 -13.000000
v -2.177282 41.568139 -13.000000
v -2.282111 41.518284 -13.000000
v -2.383293 41.461392 -13.000000
v -2.480357 41.397728 -13.000000
v -2.572850 41.327589 -13.000000
v -2.660340 41.251300 -13.000000
v -2.742421 41.169220 -13.000000
v -2.818709 41.081729 -13.000000
v -2.888849 40.989236 -13.000000
v -2.952513 40.892172 -13.000000
v -3.009405 40.790990 -13.000000
v -3.059259 40.686161 -13.000000
v -3.101844 40.578175 -13.000000
v -3.136959 40.467534 -13.000000
v -3.164443 40.354755 -13.000000
v -3.184166 40.240363 -13.000000
v -3.196037 40.124891 -13.000000
v -3.200000 40.008879 -13.000000
v -3.196037 39.892867 -13.000000
v -3.184166 39.777396 -13.000000
v -3.164443 39.663004 -13.000000
v -3.136959 39.550225 -13.000000
v -3.101844 39.439584 -13.000000
v -3.059259 39.331598 -13.000000
v -3.009405 39.226769 -13.000000
v -2.952513 39.125587 -13.000000
v -2.888849 39.028523 -13.000000
v -2.818709 38.936030 -13.000000
v -2.742421 38.848539 -13.000000
v -2.660340 38.766458 -13.000000
v -2.572850 38.690170 -13.000000
v -2.480357 38.620031 -13.000000
v -2.383293 38.556366 -13.000000
v -2.282111 38.499474 -13.000000
v -2.177282 38.449620 -13.000000
v -2.069295 38.407036 -13.000000
v -1.958655 38.371920 -13.000000
v -1.845875 38.344436 -13.000000
v -1.731483 38.324713 -13.000000
v -1.616012 38.312842 -13.000000
v -1.500000 40.008879 -13.000000
v 15.650000 -38.354552 -1.241760
v 15.650000 -44.000000 -1.241760
v 18.500000 -36.709103 -1.241760
v 21.350000 -38.354552 -1.241760
v 21.350000 -44.000000 -1.241760
v 21.350000 -38.354552 -4.241760
v 21.350000 -44.000000 -4.241760
v 15.650000 -44.000000 -4.241760
v 15.650000 -38.354552 -4.241760
v 18.500000 -36.709103 -4.241760
v 16.940741 -39.322718 -4.241760
v 16.990595 -39.217889 -4.241760
v 17.111151 -40.980357 -4.241760
v 17.047487 -40.883293 -4.241760
v 17.257579 -41.160340 -4.241760
v 17.181291 -41.072850 -4.241760
v 17.427150 -41.318709 -4.241760
v 17.339660 -41.242421 -4.241760
v 17.339660 -38.757579 -4.241760
v 17.427150 -38.681291 -4.241760
v 17.111151 -39.019643 -4.241760
v 17.181291 -38.927150 -4.241760
v 17.047487 -39.116707 -4.241760
v 16.940741 -40.677282 -4.241760
v 16.898156 -40.569295 -4.241760
v 16.990595 -40.782111 -4.241760
v 17.519643 -38.611151 -4.241760
v 16.863041 -39.541345 -4.241760
v 16.898156 -39.430705 -4.241760
v 16.815834 -40.231483 -4.241760
v 17.519643 -41.388849 -4.241760
v 17.717889 -41.509405 -4.241760
v 17.616707 -41.452513 -4.241760
v 17.257579 -38.839660 -4.241760
v 16.815834 -39.768517 -4.241760
v 16.835557 -39.654125 -4.241760
v 16.800000 -40.000000 -4.241760
v 16.803963 -39.883988 -4.241760
v 16.803963 -40.116012 -4.241760
v 16.863041 -40.458655 -4.241760
v 16.835557 -40.345875 -4.241760
v 17.822718 -41.559259 -4.241760
v 18.383988 -41.696037 -4.241760
v 18.268517 -41.684166 -4.241760
v 18.616012 -41.696037 -4.241760
v 18.500000 -41.700000 -4.241760
v 18.845875 -38.335557 -4.241760
v 18.958655 -38.363041 -4.241760
v 18.616012 -38.303963 -4.241760
v 18.731483 -38.315834 -4.241760
v 18.154125 -41.664443 -4.241760
v 18.845875 -41.664443 -4.241760
v 18.731483 -41.684166 -4.241760
v 18.383988 -38.303963 -4.241760
v 18.500000 -38.300000 -4.241760
v 18.154125 -38.335557 -4.241760
v 18.268517 -38.315834 -4.241760
v 17.616707 -38.547487 -4.241760
v 18.958655 -41.636959 -4.241760
v 19.177282 -41.559259 -4.241760
v 19.069295 -41.601844 -4.241760
v 19.383293 -41.452513 -4.241760
v 19.282111 -41.509405 -4.241760
v 19.572850 -41.318709 -4.241760
v 19.480357 -41.388849 -4.241760
v 20.196037 -40.116012 -4.241760
v 20.184166 -40.231483 -4.241760
v 18.041345 -38.363041 -4.241760
v 17.822718 -38.440741 -4.241760
v 17.930705 -38.398156 -4.241760
v 17.717889 -38.490595 -4.241760
v 18.041345 -41.636959 -4.241760
v 17.930705 -41.601844 -4.241760
v 19.660340 -41.242421 -4.241760
v 19.818709 -41.072850 -4.241760
v 19.742421 -41.160340 -4.241760
v 20.059259 -40.677282 -4.241760
v 20.009405 -40.782111 -4.241760
v 20.136959 -40.458655 -4.241760
v 20.101844 -40.569295 -4.241760
v 20.164443 -40.345875 -4.241760
v 20.200000 -40.000000 -4.241760
v 19.572850 -38.681291 -4.241760
v 19.660340 -38.757579 -4.241760
v 19.383293 -38.547487 -4.241760
v 19.480357 -38.611151 -4.241760
v 19.282111 -38.490595 -4.241760
v 19.069295 -38.398156 -4.241760
v 19.177282 -38.440741 -4.241760
v 19.952513 -40.883293 -4.241760
v 19.888849 -40.980357 -4.241760
v 19.888849 -39.019643 -4.241760
v 19.952513 -39.116707 -4.241760
v 20.184166 -39.768517 -4.241760
v 20.196037 -39.883988 -4.241760
v 20.136959 -39.541345 -4.241760
v 20.164443 -39.654125 -4.241760
v 20.059259 -39.322718 -4.241760
v 20.101844 -39.430705 -4.241760
v 20.009405 -39.217889 -4.241760
v 19.742421 -38.839660 -4.241760
v 19.818709 -38.927150 -4.241760
v 18.616012 -41.696037 -13.000000
v 18.500000 -41.700000 -13.000000
v 18.731483 -41.684166 -13.000000
v 18.845875 -41.664443 -13.000000
v 18.958655 -41.636959 -13.000000
v 19.069295 -41.601844 -13.000000
v 19.177282 -41.559259 -13.000000
v 19.282111 -41.509405 -13.000000
v 19.383293 -41.452513 -13.000000
v 19.480357 -41.388849 -13.000000
v 19.572850 -41.318709 -13.000000
v 19.660340 -41.242421 -13.000000
v 19.742421 -41.160340 -13.000000
v 19.818709 -41.072850 -13.000000
v 19.888849 -40.980357 -13.000000
v 19.952513 -40.883293 -13.000000
v 20.009405 -40.782111 -13.000000
v 20.059259 -40.677282 -13.000000
v 20.101844 -40.569295 -13.000000
v 20.136959 -40.458655 -13.000000
v 20.164443 -40.345875 -13.000000
v 20.184166 -40.231483 -13.000000
v 20.196037 -40.116012 -13.000000
v 20.200000 -40.000000 -13.000000
v 20.196037 -39.883988 -13.000000
v 20.184166 -39.768517 -13.000000
v 20.164443 -39.654125 -13.000000
v 20.136959 -39.541345 -13.000000
v 20.101844 -39.430705 -13.000000
v 20.059259 -39.322718 -13.000000
v 20.009405 -39.217889 -13.000000
v 19.952513 -39.116707 -13.000000
v 19.888849 -39.019643 -13.000000
v 19.818709 -38.927150 -13.000000
v 19.742421 -38.839660 -13.000000
v 19.660340 -38.757579 -13.000000
v 19.572850 -38.681291 -13.000000
v 19.480357 -38.611151 -13.000000
v 19.383293 -38.547487 -13.000000
v 19.282111 -38.490595 -13.000000
v 19.177282 -38.440741 -13.000000
v 19.069295 -38.398156 -13.000000
v 18.958655 -38.363041 -13.000000
v 18.845875 -38.335557 -13.000000
v 18.731483 -38.315834 -13.000000
v 18.616012 -38.303963 -13.000000
v 18.500000 -38.300000 -13.000000
v 18.383988 -38.303963 -13.000000
v 18.268517 -38.315834 -13.000000
v 18.154125 -38.335557 -13.000000
v 18.041345 -38.363041 -13.000000
v 17.930705 -38.398156 -13.000000
v 17.822718 -38.440741 -13.000000
v 17.717889 -38.490595 -13.000000
v 17.616707 -38.547487 -13.000000
v 17.519643 -38.611151 -13.000000
v 17.427150 -38.681291 -13.000000
v 17.339660 -38.757579 -13.000000
v 17.257579 -38.839660 -13.000000
v 17.181291 -38.927150 -13.000000
v 17.111151 -39.019643 -13.000000
v 17.047487 -39.116707 -13.000000
v 16.990595 -39.217889 -13.000000
v 16.940741 -39.322718 -13.000000
v 16.898156 -39.430705 -13.000000
v 16.863041 -39.541345 -13.000000
v 16.835557 -39.654125 -13.000000
v 16.815834 -39.768517 -13.000000
v 16.803963 -39.883988 -13.000000
v 16.800000 -40.000000 -13.000000
v 16.803963 -40.116012 -13.000000
v 16.815834 -40.231483 -13.000000
v 16.835557 -40.345875 -13.000000
v 16.863041 -40.458655 -13.000000
v 16.898156 -40.569295 -13.000000
v 16.940741 -40.677282 -13.000000
v 16.990595 -40.782111 -13.000000
v 17.047487 -40.883293 -13.000000
v 17.111151 -40.980357 -13.000000
v 17.181291 -41.072850 -13.000000
v 17.257579 -41.160340 -13.000000
v 17.339660 -41.242421 -13.000000
v 17.427150 -41.318709 -13.000000
v 17.519643 -41.388849 -13.000000
v 17.616707 -41.452513 -13.000000
v 17.717889 -41.509405 -13.000000
v 17.822718 -41.559259 -13.000000
v 17.930705 -41.601844 -13.000000
v 18.041345 -41.636959 -13.000000
v 18.154125 -41.664443 -13.000000
v 18.268517 -41.684166 -13.000000
v 18.383988 -41.696037 -13.000000
v 18.500000 -40.000000 -13.000000
v -4.350000 -44.000000 -4.241760
v -4.350000 -44.000000 -1.241760
v 1.353009 -44.000000 -4.241760
v 1.353009 -44.000000 -1.241760
v -4.350000 -38.354552 -1.241760
v -4.350000 -38.354552 -4.241760
v 1.350000 -41.645448 -1.241760
v 1.350000 -41.645448 -4.241760
v 1.350000 -38.354552 -1.241760
v -1.500000 -36.709103 -1.241760
v 1.350000 -38.354552 -4.241760
v -1.500000 -36.709103 -4.241760
v -3.009405 -39.217889 -4.241760
v -2.952513 -39.116707 -4.241760
v -2.888849 -39.019643 -4.241760
v -2.818709 -38.927150 -4.241760
v -3.059259 -39.322718 -4.241760
v -3.196037 -39.883988 -4.241760
v -3.184166 -39.768517 -4.241760
v -3.184166 -40.231483 -4.241760
v -3.164443 -39.654125 -4.241760
v -3.164443 -40.345875 -4.241760
v -3.101844 -39.430705 -4.241760
v -3.136959 -39.541345 -4.241760
v -3.136959 -40.458655 -4.241760
v -3.059259 -40.677282 -4.241760
v -3.101844 -40.569295 -4.241760
v -3.196037 -40.116012 -4.241760
v -3.200000 -40.000000 -4.241760
v -3.009405 -40.782111 -4.241760
v -2.742421 -38.839660 -4.241760
v -2.660340 -38.757579 -4.241760
v -2.888849 -40.980357 -4.241760
v -2.952513 -40.883293 -4.241760
v -2.572850 -41.318709 -4.241760
v -2.660340 -41.242421 -4.241760
v -2.177282 -38.440741 -4.241760
v -2.069295 -38.398156 -4.241760
v -2.383293 -38.547487 -4.241760
v -2.572850 -38.681291 -4.241760
v -2.742421 -41.160340 -4.241760
v -2.818709 -41.072850 -4.241760
v -2.480357 -41.388849 -4.241760
v 0.136959 -40.458655 -4.241760
v 0.101844 -40.569295 -4.241760
v 0.184166 -40.231483 -4.241760
v 0.164443 -40.345875 -4.241760
v -0.717889 -38.490595 -4.241760
v -0.616707 -38.547487 -4.241760
v -2.282111 -38.490595 -4.241760
v -2.480357 -38.611151 -4.241760
v -1.958655 -41.636959 -4.241760
v -2.069295 -41.601844 -4.241760
v -0.181291 -41.072850 -4.241760
v -0.047487 -40.883293 -4.241760
v -0.111151 -40.980357 -4.241760
v -0.427150 -38.681291 -4.241760
v -0.339660 -38.757579 -4.241760
v -0.519643 -38.611151 -4.241760
v -0.822718 -38.440741 -4.241760
v -1.041345 -38.363041 -4.241760
v -0.930705 -38.398156 -4.241760
v -2.282111 -41.509405 -4.241760
v -2.383293 -41.452513 -4.241760
v -2.177282 -41.559259 -4.241760
v -0.257579 -41.160340 -4.241760
v -0.339660 -41.242421 -4.241760
v 0.196037 -40.116012 -4.241760
v -1.383988 -38.303963 -4.241760
v -1.268517 -38.315834 -4.241760
v -1.845875 -38.335557 -4.241760
v -1.731483 -38.315834 -4.241760
v -1.616012 -41.696037 -4.241760
v -1.731483 -41.684166 -4.241760
v -0.427150 -41.318709 -4.241760
v -0.519643 -41.388849 -4.241760
v 0.059259 -40.677282 -4.241760
v 0.009405 -40.782111 -4.241760
v 0.200000 -40.000000 -4.241760
v -1.154125 -38.335557 -4.241760
v -1.616012 -38.303963 -4.241760
v -1.500000 -38.300000 -4.241760
v -1.958655 -38.363041 -4.241760
v -1.845875 -41.664443 -4.241760
v -1.383988 -41.696037 -4.241760
v -1.500000 -41.700000 -4.241760
v -0.822718 -41.559259 -4.241760
v -0.930705 -41.601844 -4.241760
v -0.616707 -41.452513 -4.241760
v -0.717889 -41.509405 -4.241760
v 0.164443 -39.654125 -4.241760
v 0.184166 -39.768517 -4.241760
v -1.154125 -41.664443 -4.241760
v -1.268517 -41.684166 -4.241760
v 0.136959 -39.541345 -4.241760
v 0.059259 -39.322718 -4.241760
v 0.101844 -39.430705 -4.241760
v -0.111151 -39.019643 -4.241760
v -0.047487 -39.116707 -4.241760
v -1.041345 -41.636959 -4.241760
v 0.009405 -39.217889 -4.241760
v 0.196037 -39.883988 -4.241760
v -0.257579 -38.839660 -4.241760
v -0.181291 -38.927150 -4.241760
v -1.383988 -41.696037 -13.000000
v -1.500000 -41.700000 -13.000000
v -1.268517 -41.684166 -13.000000
v -1.154125 -41.664443 -13.000000
v -1.041345 -41.636959 -13.000000
v -0.930705 -41.601844 -13.000000
v -0.822718 -41.559259 -13.000000
v -0.717889 -41.509405 -13.000000
v -0.616707 -41.452513 -13.000000
v -0.519643 -41.388849 -13.000000
v -0.427150 -41.318709 -13.000000
v -0.339660 -41.242421 -13.000000
v -0.257579 -41.160340 -13.000000
v -0.181291 -41.072850 -13.000000
v -0.111151 -40.980357 -13.000000
v -0.047487 -40.883293 -13.000000
v 0.009405 -40.782111 -13.000000
v 0.059259 -40.677282 -13.000000
v 0.101844 -40.569295 -13.000000
v 0.136959 -40.458655 -13.000000
v 0.164443 -40.345875 -13.000000
v 0.184166 -40.231483 -13.000000
v 0.196037 -40.116012 -13.000000
v 0.200000 -40.000000 -13.000000
v 0.196037 -39.883988 -13.000000
v 0.184166 -39.768517 -13.000000
v 0.164443 -39.654125 -13.000000
v 0.136959 -39.541345 -13.000000
v 0.101844 -39.430705 -13.000000
v 0.059259 -39.322718 -13.000000
v 0.009405 -39.217889 -13.000000
v -0.047487 -39.116707 -13.000000
v -0.111151 -39.019643 -13.000000
v -0.181291 -38.927150 -13.000000
v -0.257579 -38.839660 -13.000000
v -0.339660 -38.757579 -13.000000
v -0.427150 -38.681291 -13.000000
v -0.519643 -38.611151 -13.000000
v -0.616707 -38.547487 -13.000000
v -0.717889 -38.490595 -13.000000
v -0.822718 -38.440741 -13.000000
v -0.930705 -38.398156 -13.000000
v -1.041345 -38.363041 -13.000000
v -1.154125 -38.335557 -13.000000
v -1.268517 -38.315834 -13.000000
v -1.383988 -38.303963 -13.000000
v -1.500000 -38.300000 -13.000000
v -1.616012 -38.303963 -13.000000
v -1.731483 -38.315834 -13.000000
v -1.845875 -38.335557 -13.000000
v -1.958655 -38.363041 -13.000000
v -2.069295 -38.398156 -13.000000
v -2.177282 -38.440741 -13.000000
v -2.282111 -38.490595 -13.000000
v -2.383293 -38.547487 -13.000000
v -2.480357 -38.611151 -13.000000
v -2.572850 -38.681291 -13.000000
v -2.660340 -38.757579 -13.000000
v -2.742421 -38.839660 -13.000000
v -2.818709 -38.927150 -13.000000
v -2.888849 -39.019643 -13.000000
v -2.952513 -39.116707 -13.000000
v -3.009405 -39.217889 -13.000000
v -3.059259 -39.322718 -13.000000
v -3.101844 -39.430705 -13.000000
v -3.136959 -39.541345 -13.000000
v -3.164443 -39.654125 -13.000000
v -3.184166 -39.768517 -13.000000
v -3.196037 -39.883988 -13.000000
v -3.200000 -40.000000 -13.000000
v -3.196037 -40.116012 -13.000000
v -3.184166 -40.231483 -13.000000
v -3.164443 -40.345875 -13.000000
v -3.136959 -40.458655 -13.000000
v -3.101844 -40.569295 -13.000000
v -3.059259 -40.677282 -13.000000
v -3.009405 -40.782111 -13.000000
v -2.952513 -40.883293 -13.000000
v -2.888849 -40.980357 -13.000000
v -2.818709 -41.072850 -13.000000
v -2.742421 -41.160340 -13.000000
v -2.660340 -41.242421 -13.000000
v -2.572850 -41.318709 -13.000000
v -2.480357 -41.388849 -13.000000
v -2.383293 -41.452513 -13.000000
v -2.282111 -41.509405 -13.000000
v -2.177282 -41.559259 -13.000000
v -2.069295 -41.601844 -13.000000
v -1.958655 -41.636959 -13.000000
v -1.845875 -41.664443 -13.000000
v -1.731483 -41.684166 -13.000000
v -1.616012 -41.696037 -13.000000
v -1.500000 -40.000000 -13.000000
usemtl donji_deo_kucistaMaterial0
f 93 1 2
f 2 3 93
f 3 4 93
f 4 5 93
f 5 6 93
f 6 7 93
f 7 8 93
f 8 9 93
f 9 10 93
f 10 11 93
f 11 12 93
f 12 13 93
f 13 14 93
f 14 15 93
f 15 16 93
f 16 17 93
f 17 18 93
f 18 19 93
f 19 20 93
f 20 21 93
f 21 22 93
f 22 23 93
f 23 24 93
f 24 25 93
f 25 26 93
f 26 27 93
f 27 28 93
f 28 29 93
f 29 30 93
f 30 31 93
f 31 32 93
f 32 33 93
f 33 34 93
f 34 35 93
f 35 36 93
f 36 37 93
f 37 38 93
f 38 39 93
f 39 40 93
f 40 41 93
f 41 42 93
f 42 43 93
f 43 44 93
f 44 45 93
f 45 46 93
f 46 47 93
f 47 48 93
f 48 49 93
f 49 50 93
f 50 51 93
f 51 52 93
f 52 53 93
f 53 54 93
f 54 55 93
f 55 56 93
f 56 57 93
f 57 58 93
f 58 59 93
f 59 60 93
f 60 61 93
f 61 62 93
f 62 63 93
f 63 64 93
f 64 65 93
f 65 66 93
f 66 67 93
f 67 68 93
f 68 69 93
f 69 70 93
f 70 71 93
f 71 72 93
f 72 73 93
f 73 74 93
f 74 75 93
f 75 76 93
f 76 77 93
f 77 78 93
f 78 79 93
f 79 80 93
f 80 81 93
f 81 82 93
f 82 83 93
f 83 84 93
f 84 85 93
f 85 86 93
f 86 87 93
f 87 88 93
f 88 89 93
f 89 90 93
f 90 91 93
f 91 92 93
f 92 1 93
f 94 95 92
f 96 94 91
f 97 96 90
f 98 97 89
f 99 98 88
f 100 99 87
f 101 100 86
f 102 101 85
f 103 102 84
f 104 103 83
f 105 104 82
f 106 105 81
f 107 106 80
f 108 107 79
f 109 108 78
f 110 109 77
f 111 110 76
f 112 111 75
f 113 112 74
f 114 113 73
f 115 114 72
f 116 115 71
f 117 116 70
f 118 117 69
f 119 118 68
f 120 119 67
f 121 120 66
f 122 121 65
f 123 122 64
f 124 123 63
f 125 124 62
f 126 125 61
f 127 126 60
f 128 127 59
f 129 128 58
f 130 129 57
f 131 130 56
f 132 131 55
f 133 132 54
f 134 133 53
f 135 134 52
f 136 135 51
f 137 136 50
f 138 137 49
f 139 138 48
f 140 139 47
f 141 140 46
f 142 141 45
f 143 142 44
f 144 143 43
f 145 144 42
f 146 145 41
f 147 146 40
f 148 147 39
f 149 148 38
f 150 149 37
f 151 150 36
f 152 151 35
f 153 152 34
f 154 153 33
f 155 154 32
f 156 155 31
f 157 156 30
f 158 157 29
f 159 158 28
f 160 159 27
f 161 160 26
f 162 161 25
f 163 162 24
f 164 163 23
f 165 164 22
f 166 165 21
f 167 166 20
f 168 167 19
f 169 168 18
f 170 169 17
f 171 170 16
f 172 171 15
f 173 172 14
f 174 173 13
f 175 174 12
f 176 175 11
f 177 176 10
f 178 177 9
f 179 178 8
f 180 179 7
f 181 180 6
f 182 181 5
f 183 182 4
f 184 183 3
f 185 184 2
f 95 185 1
f 1 92 95
f 2 1 185
f 3 2 184
f 4 3 183
f 5 4 182
f 6 5 181
f 7 6 180
f 8 7 179
f 9 8 178
f 10 9 177
f 11 10 176
f 12 11 175
f 13 12 174
f 14 13 173
f 15 14 172
f 16 15 171
f 17 16 170
f 18 17 169
f 19 18 168
f 20 19 167
f 21 20 166
f 22 21 165
f 23 22 164
f 24 23 163
f 25 24 162
f 26 25 161
f 27 26 160
f 28 27 159
f 29 28 158
f 30 29 157
f 31 30 156
f 32 31 155
f 33 32 154
f 34 33 153
f 35 34 152
f 36 35 151
f 37 36 150
f 38 37 149
f 39 38 148
f 40 39 147
f 41 40 146
f 42 41 145
f 43 42 144
f 44 43 143
f 45 44 142
f 46 45 141
f 47 46 140
f 48 47 139
f 49 48 138
f 50 49 137
f 51 50 136
f 52 51 135
f 53 52 134
f 54 53 133
f 55 54 132
f 56 55 131
f 57 56 130
f 58 57 129
f 59 58 128
f 60 59 127
f 61 60 126
f 62 61 125
f 63 62 124
f 64 63 123
f 65 64 122
f 66 65 121
f 67 66 120
f 68 67 119
f 69 68 118
f 70 69 117
f 71 70 116
f 72 71 115
f 73 72 114
f 74 73 113
f 75 74 112
f 76 75 111
f 77 76 110
f 78 77 109
f 79 78 108
f 80 79 107
f 81 80 106
f 82 81 105
f 83 82 104
f 84 83 103
f 85 84 102
f 86 85 101
f 87 86 100
f 88 87 99
f 89 88 98
f 90 89 97
f 91 90 96
f 92 91 94
f 186 187 180
f 187 188 155
f 180 181 186
f 187 178 179
f 187 169 170
f 187 167 168
f 155 156 187
f 156 157 187
f 189 126 127
f 189 124 125
f 189 121 122
f 181 182 186
f 187 177 178
f 170 171 187
f 187 166 167
f 188 154 155
f 125 126 189
f 122 123 189
f 190 111 112
f 190 109 110
f 190 107 108
f 186 183 184
f 179 180 187
f 187 175 176
f 168 169 187
f 187 164 165
f 187 158 159
f 157 158 187
f 188 144 145
f 188 189 132
f 123 124 189
f 112 113 190
f 108 109 190
f 186 101 102
f 186 99 100
f 182 183 186
f 187 174 175
f 187 172 173
f 165 166 187
f 187 162 163
f 187 160 161
f 159 160 187
f 188 146 147
f 188 143 144
f 132 133 188
f 189 120 121
f 189 118 119
f 190 116 117
f 190 114 115
f 110 111 190
f 190 103 104
f 102 190 186
f 186 98 99
f 184 185 186
f 173 174 187
f 163 164 187
f 188 152 153
f 188 148 149
f 145 146 188
f 188 141 142
f 133 134 188
f 189 130 131
f 119 120 189
f 117 189 190
f 113 114 190
f 190 105 106
f 102 103 190
f 186 97 98
f 176 177 187
f 161 162 187
f 188 151 152
f 149 150 188
f 142 143 188
f 188 139 140
f 188 137 138
f 188 135 136
f 131 132 189
f 189 128 129
f 117 118 189
f 106 107 190
f 100 101 186
f 186 94 96
f 171 172 187
f 150 151 188
f 140 141 188
f 136 137 188
f 129 130 189
f 115 116 190
f 96 97 186
f 153 154 188
f 138 139 188
f 127 128 189
f 186 95 94
f 147 148 188
f 104 105 190
f 134 135 188
f 191 192 188
f 188 187 191
f 185 95 186
f 193 187 186
f 186 194 193
f 191 195 196
f 196 192 191
f 192 196 197
f 197 188 192
f 188 197 198
f 198 189 188
f 189 198 199
f 199 190 189
f 190 199 194
f 194 186 190
f 195 200 201
f 195 202 203
f 201 204 195
f 195 205 202
f 193 206 207
f 193 208 209
f 194 210 211
f 195 212 213
f 203 200 195
f 195 214 215
f 195 193 216
f 207 217 193
f 193 218 208
f 193 211 219
f 194 220 210
f 194 221 222
f 194 199 223
f 196 195 224
f 195 225 212
f 215 205 195
f 193 226 216
f 193 227 228
f 209 206 193
f 219 229 193
f 194 230 220
f 194 231 221
f 199 232 223
f 199 233 234
f 199 235 236
f 199 237 238
f 199 239 240
f 224 241 196
f 195 242 225
f 195 243 244
f 216 214 195
f 217 227 193
f 193 245 246
f 211 193 194
f 194 247 248
f 222 249 194
f 234 232 199
f 238 235 199
f 199 250 239
f 198 251 252
f 198 253 254
f 198 255 256
f 241 257 196
f 195 258 259
f 244 242 195
f 228 226 193
f 193 260 245
f 193 261 262
f 248 230 194
f 194 263 264
f 194 265 266
f 223 231 194
f 240 237 199
f 199 267 268
f 198 269 251
f 256 253 198
f 196 270 271
f 259 224 195
f 204 243 195
f 262 260 193
f 264 247 194
f 249 265 194
f 199 272 273
f 268 250 199
f 199 198 274
f 254 269 198
f 275 276 197
f 257 270 196
f 246 218 193
f 266 263 194
f 236 272 199
f 198 277 274
f 198 278 279
f 252 280 198
f 198 281 282
f 271 275 196
f 229 261 193
f 274 267 199
f 280 278 198
f 198 283 284
f 198 285 281
f 197 286 285
f 213 258 195
f 279 277 198
f 198 287 288
f 282 283 198
f 197 289 286
f 197 290 291
f 273 233 199
f 284 287 198
f 291 289 197
f 288 255 198
f 197 276 290
f 285 198 197
f 197 196 275
f 292 293 264
f 294 292 263
f 295 294 266
f 296 295 265
f 297 296 249
f 298 297 222
f 299 298 221
f 300 299 231
f 301 300 223
f 302 301 232
f 303 302 234
f 304 303 233
f 305 304 273
f 306 305 272
f 307 306 236
f 308 307 235
f 309 308 238
f 310 309 237
f 311 310 240
f 312 311 239
f 313 312 250
f 314 313 268
f 315 314 267
f 316 315 274
f 317 316 277
f 318 317 279
f 319 318 278
f 320 319 280
f 321 320 252
f 322 321 251
f 323 322 269
f 324 323 254
f 325 324 253
f 326 325 256
f 327 326 255
f 328 327 288
f 329 328 287
f 330 329 284
f 331 330 283
f 332 331 282
f 333 332 281
f 334 333 285
f 335 334 286
f 336 335 289
f 337 336 291
f 338 337 290
f 339 338 276
f 340 339 275
f 341 340 271
f 342 341 270
f 343 342 257
f 344 343 241
f 345 344 224
f 346 345 259
f 347 346 258
f 348 347 213
f 349 348 212
f 350 349 225
f 351 350 242
f 352 351 244
f 353 352 243
f 354 353 204
f 355 354 201
f 356 355 200
f 357 356 203
f 358 357 202
f 359 358 205
f 360 359 215
f 361 360 214
f 362 361 216
f 363 362 226
f 364 363 228
f 365 364 227
f 366 365 217
f 367 366 207
f 368 367 206
f 369 368 209
f 370 369 208
f 371 370 218
f 372 371 246
f 373 372 245
f 374 373 260
f 375 374 262
f 376 375 261
f 377 376 229
f 378 377 219
f 379 378 211
f 380 379 210
f 381 380 220
f 382 381 230
f 383 382 248
f 293 383 247
f 247 264 293
f 248 247 383
f 230 248 382
f 220 230 381
f 210 220 380
f 211 210 379
f 219 211 378
f 229 219 377
f 261 229 376
f 262 261 375
f 260 262 374
f 245 260 373
f 246 245 372
f 218 246 371
f 208 218 370
f 209 208 369
f 206 209 368
f 207 206 367
f 217 207 366
f 227 217 365
f 228 227 364
f 226 228 363
f 216 226 362
f 214 216 361
f 215 214 360
f 205 215 359
f 202 205 358
f 203 202 357
f 200 203 356
f 201 200 355
f 204 201 354
f 243 204 353
f 244 243 352
f 242 244 351
f 225 242 350
f 212 225 349
f 213 212 348
f 258 213 347
f 259 258 346
f 224 259 345
f 241 224 344
f 257 241 343
f 270 257 342
f 271 270 341
f 275 271 340
f 276 275 339
f 290 276 338
f 291 290 337
f 289 291 336
f 286 289 335
f 285 286 334
f 281 285 333
f 282 281 332
f 283 282 331
f 284 283 330
f 287 284 329
f 288 287 328
f 255 288 327
f 256 255 326
f 253 256 325
f 254 253 324
f 269 254 323
f 251 269 322
f 252 251 321
f 280 252 320
f 278 280 319
f 279 278 318
f 277 279 317
f 274 277 316
f 267 274 315
f 268 267 314
f 250 268 313
f 239 250 312
f 240 239 311
f 237 240 310
f 238 237 309
f 235 238 308
f 236 235 307
f 272 236 306
f 273 272 305
f 233 273 304
f 234 233 303
f 232 234 302
f 223 232 301
f 231 223 300
f 221 231 299
f 222 221 298
f 249 222 297
f 265 249 296
f 266 265 295
f 263 266 294
f 264 263 292
f 384 378 379
f 384 376 377
f 384 367 368
f 384 365 366
f 385 324 325
f 385 322 323
f 385 319 320
f 379 380 384
f 384 375 376
f 368 369 384
f 384 364 365
f 386 355 356
f 386 353 354
f 323 324 385
f 320 321 385
f 387 309 310
f 387 307 308
f 387 305 306
f 384 381 382
f 377 378 384
f 384 373 374
f 366 367 384
f 384 362 363
f 384 386 361
f 356 357 386
f 386 352 353
f 386 342 343
f 321 322 385
f 310 311 387
f 306 307 387
f 387 297 298
f 380 381 384
f 384 372 373
f 384 370 371
f 363 364 384
f 386 360 361
f 386 358 359
f 354 355 386
f 386 344 345
f 386 341 342
f 385 330 331
f 385 318 319
f 385 316 317
f 385 387 315
f 387 312 313
f 308 309 387
f 387 301 302
f 387 299 300
f 387 296 297
f 382 383 384
f 371 372 384
f 361 362 384
f 357 358 386
f 386 350 351
f 386 346 347
f 343 344 386
f 386 339 340
f 385 337 338
f 331 332 385
f 385 328 329
f 317 318 385
f 387 314 315
f 311 312 387
f 387 303 304
f 300 301 387
f 387 295 296
f 374 375 384
f 359 360 386
f 386 349 350
f 347 348 386
f 340 341 386
f 338 386 385
f 385 335 336
f 385 333 334
f 329 330 385
f 385 326 327
f 315 316 385
f 304 305 387
f 298 299 387
f 387 292 294
f 369 370 384
f 348 349 386
f 338 339 386
f 334 335 385
f 327 328 385
f 313 314 387
f 294 295 387
f 387 384 293
f 351 352 386
f 336 337 385
f 325 326 385
f 293 292 387
f 345 346 386
f 302 303 387
f 332 333 385
f 383 293 384
f 385 386 388
f 388 389 385
f 384 387 390
f 390 391 384
f 389 388 392
f 392 393 389
f 394 395 393
f 393 392 394
f 390 396 397
f 397 391 390
f 398 399 400
f 400 396 398
f 400 397 396
f 401 402 399
f 399 398 401
f 403 404 402
f 402 401 403
f 404 405 406
f 403 407 408
f 404 409 410
f 404 411 412
f 406 413 404
f 408 404 403
f 403 414 415
f 404 416 409
f 404 417 411
f 408 405 404
f 403 418 414
f 403 419 420
f 421 422 423
f 421 424 425
f 404 426 427
f 412 416 404
f 415 407 403
f 403 428 429
f 403 430 419
f 403 431 432
f 433 434 435
f 433 436 437
f 433 438 439
f 433 440 441
f 433 442 443
f 433 444 445
f 421 446 447
f 425 422 421
f 421 448 449
f 421 450 451
f 421 452 453
f 421 454 455
f 404 456 457
f 404 458 459
f 427 460 404
f 413 417 404
f 420 428 403
f 403 461 462
f 432 463 403
f 435 403 433
f 433 464 436
f 441 438 433
f 433 465 442
f 433 466 467
f 445 468 433
f 433 469 470
f 447 471 421
f 421 472 424
f 451 448 421
f 421 473 474
f 421 475 476
f 455 452 421
f 457 421 404
f 404 477 478
f 404 479 480
f 459 481 404
f 460 482 404
f 429 418 403
f 403 483 461
f 403 484 485
f 403 486 487
f 403 488 489
f 435 431 403
f 439 464 433
f 467 465 433
f 468 490 433
f 433 491 492
f 433 493 469
f 423 446 421
f 421 494 450
f 476 473 421
f 457 454 421
f 404 495 477
f 481 479 404
f 410 426 404
f 485 483 403
f 489 486 403
f 437 434 433
f 490 466 433
f 470 491 433
f 471 496 421
f 474 494 421
f 478 456 404
f 482 458 404
f 403 497 484
f 463 488 403
f 492 444 433
f 433 421 498
f 449 472 421
f 480 495 404
f 487 497 403
f 498 493 433
f 453 475 421
f 443 440 433
f 462 430 403
f 496 498 421
f 421 433 499
f 499 500 421
f 499 501 502
f 502 500 499
f 493 498 503
f 469 493 504
f 470 469 505
f 491 470 506
f 492 491 507
f 444 492 508
f 445 444 509
f 468 445 510
f 490 468 511
f 466 490 512
f 467 466 513
f 465 467 514
f 442 465 515
f 443 442 516
f 440 443 517
f 441 440 518
f 438 441 519
f 439 438 520
f 464 439 521
f 436 464 522
f 437 436 523
f 434 437 524
f 435 434 525
f 431 435 526
f 432 431 527
f 463 432 528
f 488 463 529
f 489 488 530
f 486 489 531
f 487 486 532
f 497 487 533
f 484 497 534
f 485 484 535
f 483 485 536
f 461 483 537
f 462 461 538
f 430 462 539
f 419 430 540
f 420 419 541
f 428 420 542
f 429 428 543
f 418 429 544
f 414 418 545
f 415 414 546
f 407 415 547
f 408 407 548
f 405 408 549
f 406 405 550
f 413 406 551
f 417 413 552
f 411 417 553
f 412 411 554
f 416 412 555
f 409 416 556
f 410 409 557
f 426 410 558
f 427 426 559
f 460 427 560
f 482 460 561
f 458 482 562
f 459 458 563
f 481 459 564
f 479 481 565
f 480 479 566
f 495 480 567
f 477 495 568
f 478 477 569
f 456 478 570
f 457 456 571
f 454 457 572
f 455 454 573
f 452 455 574
f 453 452 575
f 475 453 576
f 476 475 577
f 473 476 578
f 474 473 579
f 494 474 580
f 450 494 581
f 451 450 582
f 448 451 583
f 449 448 584
f 472 449 585
f 424 472 586
f 425 424 587
f 422 425 588
f 423 422 589
f 446 423 590
f 447 446 591
f 471 447 592
f 496 471 593
f 498 496 594
f 594 503 498
f 593 594 496
f 592 593 471
f 591 592 447
f 590 591 446
f 589 590 423
f 588 589 422
f 587 588 425
f 586 587 424
f 585 586 472
f 584 585 449
f 583 584 448
f 582 583 451
f 581 582 450
f 580 581 494
f 579 580 474
f 578 579 473
f 577 578 476
f 576 577 475
f 575 576 453
f 574 575 452
f 573 574 455
f 572 573 454
f 571 572 457
f 570 571 456
f 569 570 478
f 568 569 477
f 567 568 495
f 566 567 480
f 565 566 479
f 564 565 481
f 563 564 459
f 562 563 458
f 561 562 482
f 560 561 460
f 559 560 427
f 558 559 426
f 557 558 410
f 556 557 409
f 555 556 416
f 554 555 412
f 553 554 411
f 552 553 417
f 551 552 413
f 550 551 406
f 549 550 405
f 548 549 408
f 547 548 407
f 546 547 415
f 545 546 414
f 544 545 418
f 543 544 429
f 542 543 428
f 541 542 420
f 540 541 419
f 539 540 430
f 538 539 462
f 537 538 461
f 536 537 483
f 535 536 485
f 534 535 484
f 533 534 497
f 532 533 487
f 531 532 486
f 530 531 489
f 529 530 488
f 528 529 463
f 527 528 432
f 526 527 431
f 525 526 435
f 524 525 434
f 523 524 437
f 522 523 436
f 521 522 464
f 520 521 439
f 519 520 438
f 518 519 441
f 517 518 440
f 516 517 443
f 515 516 442
f 514 515 465
f 513 514 467
f 512 513 466
f 511 512 490
f 510 511 468
f 509 510 445
f 508 509 444
f 507 508 492
f 506 507 491
f 505 506 470
f 504 505 469
f 503 504 493
f 595 596 597
f 595 598 599
f 597 600 595
f 595 601 602
f 595 603 604
f 595 605 606
f 595 607 608
f 595 609 610
f 595 611 598
f 595 612 613
f 595 614 615
f 595 616 617
f 595 618 596
f 595 619 601
f 604 620 595
f 595 621 605
f 610 607 595
f 599 622 595
f 595 623 612
f 615 624 595
f 595 625 616
f 602 618 595
f 595 626 627
f 595 628 629
f 595 630 631
f 620 632 595
f 595 633 621
f 595 634 635
f 622 609 595
f 624 623 595
f 600 625 595
f 629 626 595
f 632 630 595
f 635 633 595
f 613 611 595
f 627 619 595
f 595 636 603
f 606 637 595
f 595 638 614
f 631 628 595
f 639 636 595
f 502 501 595
f 608 634 595
f 595 640 639
f 637 641 595
f 595 641 502
f 617 638 595
f 640 642 643
f 643 639 640
f 644 645 643
f 643 642 644
f 646 647 648
f 648 637 646
f 646 637 606
f 649 606 605
f 650 605 621
f 651 621 633
f 652 633 635
f 653 635 634
f 654 634 608
f 655 608 607
f 656 607 610
f 657 610 609
f 658 609 622
f 659 622 599
f 660 599 598
f 661 598 611
f 662 611 613
f 663 613 612
f 664 612 623
f 665 623 624
f 666 624 615
f 667 615 614
f 668 614 638
f 669 638 617
f 670 617 616
f 671 616 625
f 672 625 600
f 673 600 597
f 674 597 596
f 675 596 618
f 676 618 602
f 677 602 601
f 678 601 619
f 679 619 627
f 680 627 626
f 681 626 629
f 682 629 628
f 683 628 631
f 684 631 630
f 685 630 632
f 686 632 620
f 687 620 604
f 688 604 603
f 689 603 636
f 636 690 689
f 603 689 688
f 604 688 687
f 620 687 686
f 632 686 685
f 630 685 684
f 631 684 683
f 628 683 682
f 629 682 681
f 626 681 680
f 627 680 679
f 619 679 678
f 601 678 677
f 602 677 676
f 618 676 675
f 596 675 674
f 597 674 673
f 600 673 672
f 625 672 671
f 616 671 670
f 617 670 669
f 638 669 668
f 614 668 667
f 615 667 666
f 624 666 665
f 623 665 664
f 612 664 663
f 613 663 662
f 611 662 661
f 598 661 660
f 599 660 659
f 622 659 658
f 609 658 657
f 610 657 656
f 607 656 655
f 608 655 654
f 634 654 653
f 635 653 652
f 633 652 651
f 621 651 650
f 605 650 649
f 606 649 646
f 648 641 637
f 645 691 692
f 645 693 694
f 692 695 645
f 644 696 697
f 644 698 699
f 695 693 645
f 697 645 644
f 644 700 698
f 644 701 702
f 697 691 645
f 702 700 644
f 644 703 704
f 705 706 707
f 645 708 709
f 699 696 644
f 704 710 644
f 644 711 712
f 644 713 714
f 644 715 716
f 705 717 718
f 706 719 707
f 706 720 721
f 706 722 723
f 645 724 708
f 710 701 644
f 714 711 644
f 716 725 644
f 705 726 727
f 705 728 717
f 705 729 730
f 706 731 719
f 723 720 706
f 645 732 733
f 694 724 645
f 644 734 735
f 644 736 737
f 644 738 739
f 725 713 644
f 727 644 705
f 705 740 741
f 705 742 743
f 730 728 705
f 721 731 706
f 706 744 745
f 645 746 747
f 733 748 645
f 645 749 750
f 735 703 644
f 739 736 644
f 727 715 644
f 705 751 740
f 705 752 753
f 705 754 755
f 705 756 742
f 707 729 705
f 706 757 744
f 706 758 759
f 706 760 761
f 706 762 763
f 706 764 765
f 645 766 746
f 645 767 768
f 750 732 645
f 737 734 644
f 741 726 705
f 755 752 705
f 705 769 770
f 705 771 772
f 718 756 705
f 706 773 774
f 759 757 706
f 706 775 776
f 763 760 706
f 765 777 706
f 645 778 779
f 768 766 645
f 709 749 645
f 753 751 705
f 772 769 705
f 774 722 706
f 776 758 706
f 777 762 706
f 645 780 778
f 748 767 645
f 770 754 705
f 705 781 782
f 745 773 706
f 706 783 764
f 645 784 783
f 747 780 645
f 782 771 705
f 761 775 706
f 779 784 645
f 743 781 705
f 712 738 644
f 783 706 645
f 705 785 786
f 786 706 705
f 787 788 786
f 786 785 787
f 764 783 789
f 765 764 790
f 777 765 791
f 762 777 792
f 763 762 793
f 760 763 794
f 761 760 795
f 775 761 796
f 776 775 797
f 758 776 798
f 759 758 799
f 757 759 800
f 744 757 801
f 745 744 802
f 773 745 803
f 774 773 804
f 722 774 805
f 723 722 806
f 720 723 807
f 721 720 808
f 731 721 809
f 719 731 810
f 707 719 811
f 729 707 812
f 730 729 813
f 728 730 814
f 717 728 815
f 718 717 816
f 756 718 817
f 742 756 818
f 743 742 819
f 781 743 820
f 782 781 821
f 771 782 822
f 772 771 823
f 769 772 824
f 770 769 825
f 754 770 826
f 755 754 827
f 752 755 828
f 753 752 829
f 751 753 830
f 740 751 831
f 741 740 832
f 726 741 833
f 727 726 834
f 715 727 835
f 716 715 836
f 725 716 837
f 713 725 838
f 714 713 839
f 711 714 840
f 712 711 841
f 738 712 842
f 739 738 843
f 736 739 844
f 737 736 845
f 734 737 846
f 735 734 847
f 703 735 848
f 704 703 849
f 710 704 850
f 701 710 851
f 702 701 852
f 700 702 853
f 698 700 854
f 699 698 855
f 696 699 856
f 697 696 857
f 691 697 858
f 692 691 859
f 695 692 860
f 693 695 861
f 694 693 862
f 724 694 863
f 708 724 864
f 709 708 865
f 749 709 866
f 750 749 867
f 732 750 868
f 733 732 869
f 748 733 870
f 767 748 871
f 768 767 872
f 766 768 873
f 746 766 874
f 747 746 875
f 780 747 876
f 778 780 877
f 779 778 878
f 784 779 879
f 783 784 880
f 880 789 783
f 879 880 784
f 878 879 779
f 877 878 778
f 876 877 780
f 875 876 747
f 874 875 746
f 873 874 766
f 872 873 768
f 871 872 767
f 870 871 748
f 869 870 733
f 868 869 732
f 867 868 750
f 866 867 749
f 865 866 709
f 864 865 708
f 863 864 724
f 862 863 694
f 861 862 693
f 860 861 695
f 859 860 692
f 858 859 691
f 857 858 697
f 856 857 696
f 855 856 699
f 854 855 698
f 853 854 700
f 852 853 702
f 851 852 701
f 850 851 710
f 849 850 704
f 848 849 703
f 847 848 735
f 846 847 734
f 845 846 737
f 844 845 736
f 843 844 739
f 842 843 738
f 841 842 712
f 840 841 711
f 839 840 714
f 838 839 713
f 837 838 725
f 836 837 716
f 835 836 715
f 834 835 727
f 833 834 726
f 832 833 741
f 831 832 740
f 830 831 751
f 829 830 753
f 828 829 752
f 827 828 755
f 826 827 754
f 825 826 770
f 824 825 769
f 823 824 772
f 822 823 771
f 821 822 782
f 820 821 781
f 819 820 743
f 818 819 742
f 817 818 756
f 816 817 718
f 815 816 717
f 814 815 728
f 813 814 730
f 812 813 729
f 811 812 707
f 810 811 719
f 809 810 731
f 808 809 721
f 807 808 720
f 806 807 723
f 805 806 722
f 804 805 774
f 803 804 773
f 802 803 745
f 801 802 744
f 800 801 757
f 799 800 759
f 798 799 758
f 797 798 776
f 796 797 775
f 795 796 761
f 794 795 760
f 793 794 763
f 792 793 762
f 791 792 777
f 790 791 765
f 789 790 764
f 706 881 882
f 882 883 884
f 885 706 786
f 882 645 706
f 690 645 882
f 706 885 881
f 885 886 887
f 786 788 885
f 885 888 886
f 889 883 887
f 887 881 885
f 887 886 889
f 645 636 639
f 889 884 883
f 639 643 645
f 645 690 636
f 884 690 882
f 883 882 890
f 890 891 883
f 881 887 892
f 892 893 881
f 890 857 856
f 890 854 853
f 856 855 890
f 890 861 860
f 890 882 864
f 890 851 850
f 855 854 890
f 890 859 858
f 890 862 861
f 864 863 890
f 850 894 890
f 858 857 890
f 863 862 890
f 890 852 851
f 860 859 890
f 882 867 866
f 893 807 806
f 853 852 890
f 866 865 882
f 893 808 807
f 893 810 809
f 894 845 844
f 894 847 846
f 894 849 848
f 865 864 882
f 882 871 870
f 809 808 893
f 893 817 816
f 846 845 894
f 850 849 894
f 882 869 868
f 882 872 871
f 882 877 876
f 893 811 810
f 893 813 812
f 893 815 814
f 893 818 817
f 893 895 820
f 848 847 894
f 870 869 882
f 882 874 873
f 876 875 882
f 881 792 791
f 881 795 794
f 881 797 796
f 881 804 803
f 812 811 893
f 816 815 893
f 895 821 820
f 895 834 833
f 868 867 882
f 875 874 882
f 882 880 879
f 881 790 789
f 881 793 792
f 796 795 881
f 881 801 800
f 803 802 881
f 814 813 893
f 820 819 893
f 895 829 828
f 895 831 830
f 833 832 895
f 895 894 835
f 873 872 882
f 879 878 882
f 789 882 881
f 794 793 881
f 881 799 798
f 802 801 881
f 881 806 805
f 819 818 893
f 895 825 824
f 895 827 826
f 830 829 895
f 835 834 895
f 894 838 837
f 894 841 840
f 894 843 842
f 878 877 882
f 791 790 881
f 800 799 881
f 806 881 893
f 826 825 895
f 832 831 895
f 894 839 838
f 842 841 894
f 789 880 882
f 805 804 881
f 895 823 822
f 828 827 895
f 840 839 894
f 798 797 881
f 824 823 895
f 837 836 894
f 822 821 895
f 844 843 894
f 836 835 894
f 891 890 894
f 894 896 891
f 896 894 895
f 895 897 896
f 897 895 893
f 893 892 897
f 891 898 899
f 891 900 901
f 891 902 898
f 901 903 891
f 891 904 905
f 903 902 891
f 891 906 907
f 891 908 904
f 891 909 910
f 891 896 911
f 907 900 891
f 910 908 891
f 896 912 911
f 892 887 913
f 883 914 915
f 905 906 891
f 911 916 891
f 896 917 918
f 896 919 920
f 896 921 922
f 892 923 924
f 892 925 926
f 892 927 928
f 913 929 892
f 883 899 914
f 916 909 891
f 920 917 896
f 922 930 896
f 897 931 932
f 892 933 934
f 892 935 923
f 892 936 937
f 892 938 925
f 929 927 892
f 883 939 940
f 899 883 891
f 896 941 942
f 896 943 944
f 896 945 946
f 930 919 896
f 932 896 897
f 897 947 948
f 934 897 892
f 937 935 892
f 928 938 892
f 887 949 950
f 883 951 952
f 940 953 883
f 883 954 955
f 942 912 896
f 946 943 896
f 932 921 896
f 897 956 947
f 897 957 958
f 897 959 960
f 892 961 933
f 926 936 892
f 887 962 949
f 887 963 964
f 887 965 966
f 887 967 968
f 887 969 970
f 883 971 951
f 883 972 973
f 955 939 883
f 944 941 896
f 948 931 897
f 960 957 897
f 897 974 975
f 897 976 977
f 924 961 892
f 887 978 979
f 964 962 887
f 887 980 981
f 968 965 887
f 970 982 887
f 883 983 984
f 973 971 883
f 915 954 883
f 958 956 897
f 977 974 897
f 979 913 887
f 981 963 887
f 982 967 887
f 887 883 985
f 883 986 983
f 953 972 883
f 975 959 897
f 897 987 988
f 950 978 887
f 985 969 887
f 952 986 883
f 988 976 897
f 966 980 887
f 984 989 883
f 934 987 897
f 918 945 896
f 989 985 883
f 888 885 990
f 991 990 992
f 993 992 994
f 995 994 996
f 997 996 998
f 999 998 1000
f 1001 1000 1002
f 1003 1002 1004
f 1005 1004 1006
f 1007 1006 1008
f 1009 1008 1010
f 1011 1010 1012
f 1013 1012 1014
f 1015 1014 1016
f 1017 1016 1018
f 1019 1018 1020
f 1021 1020 1022
f 1023 1022 1024
f 1025 1024 1026
f 1027 1026 1028
f 1029 1028 1030
f 1031 1030 1032
f 1033 1032 1034
f 1035 1034 1036
f 1037 1036 1038
f 1039 1038 1040
f 1041 1040 1042
f 1043 1042 1044
f 1045 1044 1046
f 1047 1046 1048
f 1049 1048 1050
f 1051 1050 1052
f 1053 1052 1054
f 1055 1054 1056
f 1057 1056 1058
f 1059 1058 1060
f 1061 1060 1062
f 1063 1062 1064
f 1065 1064 1066
f 1067 1066 1068
f 1069 1068 1070
f 1071 1070 1072
f 1073 1072 1074
f 1074 1075 1073
f 1072 1073 1071
f 1070 1071 1069
f 1068 1069 1067
f 1066 1067 1065
f 1064 1065 1063
f 1062 1063 1061
f 1060 1061 1059
f 1058 1059 1057
f 1056 1057 1055
f 1054 1055 1053
f 1052 1053 1051
f 1050 1051 1049
f 1048 1049 1047
f 1046 1047 1045
f 1044 1045 1043
f 1042 1043 1041
f 1040 1041 1039
f 1038 1039 1037
f 1036 1037 1035
f 1034 1035 1033
f 1032 1033 1031
f 1030 1031 1029
f 1028 1029 1027
f 1026 1027 1025
f 1024 1025 1023
f 1022 1023 1021
f 1020 1021 1019
f 1018 1019 1017
f 1016 1017 1015
f 1014 1015 1013
f 1012 1013 1011
f 1010 1011 1009
f 1008 1009 1007
f 1006 1007 1005
f 1004 1005 1003
f 1002 1003 1001
f 1000 1001 999
f 998 999 997
f 996 997 995
f 994 995 993
f 992 993 991
f 990 991 888
f 969 985 1076
f 970 969 1077
f 982 970 1078
f 967 982 1079
f 968 967 1080
f 965 968 1081
f 966 965 1082
f 980 966 1083
f 981 980 1084
f 963 981 1085
f 964 963 1086
f 962 964 1087
f 949 962 1088
f 950 949 1089
f 978 950 1090
f 979 978 1091
f 913 979 1092
f 929 913 1093
f 927 929 1094
f 928 927 1095
f 938 928 1096
f 925 938 1097
f 926 925 1098
f 936 926 1099
f 937 936 1100
f 935 937 1101
f 923 935 1102
f 924 923 1103
f 961 924 1104
f 933 961 1105
f 934 933 1106
f 987 934 1107
f 988 987 1108
f 976 988 1109
f 977 976 1110
f 974 977 1111
f 975 974 1112
f 959 975 1113
f 960 959 1114
f 957 960 1115
f 958 957 1116
f 956 958 1117
f 947 956 1118
f 948 947 1119
f 931 948 1120
f 932 931 1121
f 921 932 1122
f 922 921 1123
f 930 922 1124
f 919 930 1125
f 920 919 1126
f 917 920 1127
f 918 917 1128
f 945 918 1129
f 946 945 1130
f 943 946 1131
f 944 943 1132
f 941 944 1133
f 942 941 1134
f 912 942 1135
f 911 912 1136
f 916 911 1137
f 909 916 1138
f 910 909 1139
f 908 910 1140
f 904 908 1141
f 905 904 1142
f 906 905 1143
f 907 906 1144
f 900 907 1145
f 901 900 1146
f 903 901 1147
f 902 903 1148
f 898 902 1149
f 899 898 1150
f 914 899 1151
f 915 914 1152
f 954 915 1153
f 955 954 1154
f 939 955 1155
f 940 939 1156
f 953 940 1157
f 972 953 1158
f 973 972 1159
f 971 973 1160
f 951 971 1161
f 952 951 1162
f 986 952 1163
f 983 986 1164
f 984 983 1165
f 989 984 1166
f 985 989 1167
f 1167 1076 985
f 1166 1167 989
f 1165 1166 984
f 1164 1165 983
f 1163 1164 986
f 1162 1163 952
f 1161 1162 951
f 1160 1161 971
f 1159 1160 973
f 1158 1159 972
f 1157 1158 953
f 1156 1157 940
f 1155 1156 939
f 1154 1155 955
f 1153 1154 954
f 1152 1153 915
f 1151 1152 914
f 1150 1151 899
f 1149 1150 898
f 1148 1149 902
f 1147 1148 903
f 1146 1147 901
f 1145 1146 900
f 1144 1145 907
f 1143 1144 906
f 1142 1143 905
f 1141 1142 904
f 1140 1141 908
f 1139 1140 910
f 1138 1139 909
f 1137 1138 916
f 1136 1137 911
f 1135 1136 912
f 1134 1135 942
f 1133 1134 941
f 1132 1133 944
f 1131 1132 943
f 1130 1131 946
f 1129 1130 945
f 1128 1129 918
f 1127 1128 917
f 1126 1127 920
f 1125 1126 919
f 1124 1125 930
f 1123 1124 922
f 1122 1123 921
f 1121 1122 932
f 1120 1121 931
f 1119 1120 948
f 1118 1119 947
f 1117 1118 956
f 1116 1117 958
f 1115 1116 957
f 1114 1115 960
f 1113 1114 959
f 1112 1113 975
f 1111 1112 974
f 1110 1111 977
f 1109 1110 976
f 1108 1109 988
f 1107 1108 987
f 1106 1107 934
f 1105 1106 933
f 1104 1105 961
f 1103 1104 924
f 1102 1103 923
f 1101 1102 935
f 1100 1101 937
f 1099 1100 936
f 1098 1099 926
f 1097 1098 925
f 1096 1097 938
f 1095 1096 928
f 1094 1095 927
f 1093 1094 929
f 1092 1093 913
f 1091 1092 979
f 1090 1091 978
f 1089 1090 950
f 1088 1089 949
f 1087 1088 962
f 1086 1087 964
f 1085 1086 963
f 1084 1085 981
f 1083 1084 980
f 1082 1083 966
f 1081 1082 965
f 1080 1081 968
f 1079 1080 967
f 1078 1079 982
f 1077 1078 970
f 1076 1077 969
f 1168 1167 1166
f 1166 1165 1168
f 1165 1164 1168
f 1164 1163 1168
f 1163 1162 1168
f 1162 1161 1168
f 1161 1160 1168
f 1160 1159 1168
f 1159 1158 1168
f 1158 1157 1168
f 1157 1156 1168
f 1156 1155 1168
f 1155 1154 1168
f 1154 1153 1168
f 1153 1152 1168
f 1152 1151 1168
f 1151 1150 1168
f 1150 1149 1168
f 1149 1148 1168
f 1148 1147 1168
f 1147 1146 1168
f 1146 1145 1168
f 1145 1144 1168
f 1144 1143 1168
f 1143 1142 1168
f 1142 1141 1168
f 1141 1140 1168
f 1140 1139 1168
f 1139 1138 1168
f 1138 1137 1168
f 1137 1136 1168
f 1136 1135 1168
f 1135 1134 1168
f 1134 1133 1168
f 1133 1132 1168
f 1132 1131 1168
f 1131 1130 1168
f 1130 1129 1168
f 1129 1128 1168
f 1128 1127 1168
f 1127 1126 1168
f 1126 1125 1168
f 1125 1124 1168
f 1124 1123 1168
f 1123 1122 1168
f 1122 1121 1168
f 1121 1120 1168
f 1120 1119 1168
f 1119 1118 1168
f 1118 1117 1168
f 1117 1116 1168
f 1116 1115 1168
f 1115 1114 1168
f 1114 1113 1168
f 1113 1112 1168
f 1112 1111 1168
f 1111 1110 1168
f 1110 1109 1168
f 1109 1108 1168
f 1108 1107 1168
f 1107 1106 1168
f 1106 1105 1168
f 1105 1104 1168
f 1104 1103 1168
f 1103 1102 1168
f 1102 1101 1168
f 1101 1100 1168
f 1100 1099 1168
f 1099 1098 1168
f 1098 1097 1168
f 1097 1096 1168
f 1096 1095 1168
f 1095 1094 1168
f 1094 1093 1168
f 1093 1092 1168
f 1092 1091 1168
f 1091 1090 1168
f 1090 1089 1168
f 1089 1088 1168
f 1088 1087 1168
f 1087 1086 1168
f 1086 1085 1168
f 1085 1084 1168
f 1084 1083 1168
f 1083 1082 1168
f 1082 1081 1168
f 1081 1080 1168
f 1080 1079 1168
f 1079 1078 1168
f 1078 1077 1168
f 1077 1076 1168
f 1076 1167 1168
f 1169 1022 1020
f 1169 1024 1022
f 1169 1016 1014
f 1169 1026 1024
f 1169 996 994
f 1014 1012 1169
f 1020 1018 1169
f 1169 1048 1046
f 1169 1072 1070
f 994 992 1169
f 1169 1004 1002
f 1169 1010 1008
f 1018 1016 1169
f 1169 1030 1028
f 1169 1036 1034
f 1169 1042 1040
f 1046 1044 1169
f 1169 1056 1054
f 1169 1060 1058
f 1070 1068 1169
f 1169 998 996
f 1002 1000 1169
f 1008 1006 1169
f 1028 1026 1169
f 1169 1038 1036
f 1044 1042 1169
f 1169 1052 1050
f 1058 1056 1169
f 1169 1064 1062
f 1068 1066 1169
f 1000 998 1169
f 1012 1010 1169
f 1040 1038 1169
f 1054 1052 1169
f 1066 1064 1169
f 1006 1004 1169
f 1050 1048 1169
f 1169 1074 1072
f 1169 1032 1030
f 1062 1060 1169
f 1170 1074 1169
f 788 787 1169
f 992 990 1169
f 1169 1171 1170
f 990 885 1169
f 1169 885 788
f 1034 1032 1169
f 1172 1173 1170
f 1170 1171 1172
f 1174 1175 1173
f 1173 1172 1174
f 1176 1177 1178
f 1179 1180 1177
f 1177 1176 1179
f 1181 1182 1176
f 395 394 1183
f 1179 1184 1180
f 1176 1185 1181
f 1183 1179 395
f 1185 1186 1181
f 1178 1185 1176
f 1183 1184 1179
f 1187 1182 1181
f 1181 1188 1187
f 1187 1188 1189
f 1189 1190 1187
f 1191 1190 1189
f 1189 1192 1191
f 1193 1194 1195
f 1193 1196 1197
f 1195 1198 1193
f 1197 1199 1193
f 1193 1200 1201
f 1202 1203 1204
f 1174 1205 1206
f 1199 1194 1193
f 1193 1207 1208
f 1201 1209 1193
f 1204 1193 1202
f 1202 1210 1211
f 1202 1212 1213
f 1174 1214 1215
f 1174 1216 1217
f 1174 1218 1219
f 1174 1220 1221
f 1174 1222 1205
f 1193 1223 1196
f 1193 1224 1207
f 1204 1200 1193
f 1202 1225 1226
f 1202 1227 1228
f 1202 1229 1230
f 1213 1210 1202
f 1175 1231 1232
f 1174 1233 1234
f 1174 1235 1236
f 1217 1214 1174
f 1221 1218 1174
f 1206 1237 1174
f 1174 1238 1239
f 1193 1240 1241
f 1208 1223 1193
f 1226 1203 1202
f 1202 1242 1243
f 1228 1244 1202
f 1202 1245 1229
f 1202 1246 1212
f 1202 1247 1248
f 1175 1249 1231
f 1175 1250 1251
f 1175 1252 1253
f 1236 1233 1174
f 1174 1254 1216
f 1237 1220 1174
f 1174 1255 1256
f 1239 1257 1174
f 1241 1174 1193
f 1193 1258 1259
f 1193 1260 1261
f 1209 1224 1193
f 1244 1242 1202
f 1202 1262 1263
f 1202 1264 1245
f 1248 1246 1202
f 1175 1265 1266
f 1175 1267 1268
f 1175 1269 1270
f 1175 1271 1272
f 1251 1249 1175
f 1253 1273 1175
f 1175 1274 1275
f 1175 1174 1276
f 1215 1235 1174
f 1256 1222 1174
f 1241 1238 1174
f 1193 1277 1258
f 1193 1278 1279
f 1261 1280 1193
f 1243 1225 1202
f 1263 1281 1202
f 1211 1264 1202
f 1266 1202 1175
f 1175 1282 1267
f 1272 1269 1175
f 1273 1250 1175
f 1175 1283 1274
f 1175 1284 1285
f 1276 1286 1175
f 1219 1254 1174
f 1259 1240 1193
f 1280 1278 1193
f 1281 1227 1202
f 1266 1247 1202
f 1270 1282 1175
f 1275 1252 1175
f 1286 1284 1175
f 1257 1255 1174
f 1198 1260 1193
f 1268 1265 1175
f 1285 1283 1175
f 1279 1277 1193
f 1232 1271 1175
f 1230 1262 1202
f 1234 1276 1174
f 1202 1193 1287
f 1287 1288 1202
f 1289 1288 1287
f 1287 1290 1289
f 1291 1289 1290
f 1290 1292 1291
f 1169 1174 1172
f 1193 1292 1290
f 1169 1293 1174
f 1293 1294 1193
f 1193 1295 1292
f 1193 1174 1293
f 1193 1294 1295
f 1290 1287 1193
f 1176 1191 1294
f 1191 1182 1187
f 1294 1293 1176
f 1187 1190 1191
f 1191 1176 1182
f 1172 1171 1169
f 1294 1296 1297
f 1297 1295 1294
f 1291 1292 1295
f 1295 1297 1291
f 1294 1298 1299
f 1294 1300 1301
f 1294 1302 1303
f 1294 1304 1305
f 1192 1306 1307
f 1192 1308 1309
f 1192 1310 1311
f 1299 1312 1294
f 1294 1313 1300
f 1303 1314 1294
f 1294 1315 1304
f 1191 1316 1317
f 1191 1318 1319
f 1309 1306 1192
f 1311 1320 1192
f 1296 1321 1322
f 1296 1323 1324
f 1296 1325 1326
f 1294 1327 1328
f 1301 1298 1294
f 1294 1329 1330
f 1305 1302 1294
f 1294 1331 1332
f 1294 1191 1333
f 1317 1334 1191
f 1191 1335 1318
f 1191 1336 1337
f 1320 1308 1192
f 1322 1338 1296
f 1326 1323 1296
f 1296 1339 1340
f 1312 1327 1294
f 1294 1341 1329
f 1294 1342 1343
f 1332 1315 1294
f 1191 1344 1333
f 1191 1345 1346
f 1319 1316 1191
f 1191 1347 1348
f 1191 1349 1336
f 1192 1350 1351
f 1192 1352 1310
f 1192 1353 1354
f 1296 1355 1356
f 1296 1357 1358
f 1324 1321 1296
f 1296 1359 1360
f 1296 1361 1362
f 1296 1363 1339
f 1328 1364 1294
f 1343 1341 1294
f 1333 1331 1294
f 1334 1345 1191
f 1191 1365 1366
f 1191 1367 1368
f 1337 1347 1191
f 1191 1369 1370
f 1192 1371 1372
f 1351 1373 1192
f 1192 1374 1375
f 1354 1352 1192
f 1356 1192 1296
f 1338 1357 1296
f 1296 1376 1377
f 1362 1359 1296
f 1296 1378 1363
f 1330 1313 1294
f 1346 1344 1191
f 1191 1379 1365
f 1368 1380 1191
f 1370 1349 1191
f 1372 1191 1192
f 1192 1381 1382
f 1192 1383 1384
f 1375 1350 1192
f 1192 1385 1386
f 1356 1353 1192
f 1377 1325 1296
f 1340 1361 1296
f 1296 1387 1388
f 1314 1342 1294
f 1380 1379 1191
f 1372 1369 1191
f 1384 1381 1192
f 1386 1374 1192
f 1358 1355 1296
f 1388 1378 1296
f 1296 1294 1389
f 1366 1335 1191
f 1382 1371 1192
f 1307 1385 1192
f 1389 1387 1296
f 1348 1367 1191
f 1360 1376 1296
f 1373 1383 1192
f 1364 1389 1294
f 1387 1389 1390
f 1388 1387 1391
f 1378 1388 1392
f 1363 1378 1393
f 1339 1363 1394
f 1340 1339 1395
f 1361 1340 1396
f 1362 1361 1397
f 1359 1362 1398
f 1360 1359 1399
f 1376 1360 1400
f 1377 1376 1401
f 1325 1377 1402
f 1326 1325 1403
f 1323 1326 1404
f 1324 1323 1405
f 1321 1324 1406
f 1322 1321 1407
f 1338 1322 1408
f 1357 1338 1409
f 1358 1357 1410
f 1355 1358 1411
f 1356 1355 1412
f 1353 1356 1413
f 1354 1353 1414
f 1352 1354 1415
f 1310 1352 1416
f 1311 1310 1417
f 1320 1311 1418
f 1308 1320 1419
f 1309 1308 1420
f 1306 1309 1421
f 1307 1306 1422
f 1385 1307 1423
f 1386 1385 1424
f 1374 1386 1425
f 1375 1374 1426
f 1350 1375 1427
f 1351 1350 1428
f 1373 1351 1429
f 1383 1373 1430
f 1384 1383 1431
f 1381 1384 1432
f 1382 1381 1433
f 1371 1382 1434
f 1372 1371 1435
f 1369 1372 1436
f 1370 1369 1437
f 1349 1370 1438
f 1336 1349 1439
f 1337 1336 1440
f 1347 1337 1441
f 1348 1347 1442
f 1367 1348 1443
f 1368 1367 1444
f 1380 1368 1445
f 1379 1380 1446
f 1365 1379 1447
f 1366 1365 1448
f 1335 1366 1449
f 1318 1335 1450
f 1319 1318 1451
f 1316 1319 1452
f 1317 1316 1453
f 1334 1317 1454
f 1345 1334 1455
f 1346 1345 1456
f 1344 1346 1457
f 1333 1344 1458
f 1331 1333 1459
f 1332 1331 1460
f 1315 1332 1461
f 1304 1315 1462
f 1305 1304 1463
f 1302 1305 1464
f 1303 1302 1465
f 1314 1303 1466
f 1342 1314 1467
f 1343 1342 1468
f 1341 1343 1469
f 1329 1341 1470
f 1330 1329 1471
f 1313 1330 1472
f 1300 1313 1473
f 1301 1300 1474
f 1298 1301 1475
f 1299 1298 1476
f 1312 1299 1477
f 1327 1312 1478
f 1328 1327 1479
f 1364 1328 1480
f 1389 1364 1481
f 1481 1390 1389
f 1480 1481 1364
f 1479 1480 1328
f 1478 1479 1327
f 1477 1478 1312
f 1476 1477 1299
f 1475 1476 1298
f 1474 1475 1301
f 1473 1474 1300
f 1472 1473 1313
f 1471 1472 1330
f 1470 1471 1329
f 1469 1470 1341
f 1468 1469 1343
f 1467 1468 1342
f 1466 1467 1314
f 1465 1466 1303
f 1464 1465 1302
f 1463 1464 1305
f 1462 1463 1304
f 1461 1462 1315
f 1460 1461 1332
f 1459 1460 1331
f 1458 1459 1333
f 1457 1458 1344
f 1456 1457 1346
f 1455 1456 1345
f 1454 1455 1334
f 1453 1454 1317
f 1452 1453 1316
f 1451 1452 1319
f 1450 1451 1318
f 1449 1450 1335
f 1448 1449 1366
f 1447 1448 1365
f 1446 1447 1379
f 1445 1446 1380
f 1444 1445 1368
f 1443 1444 1367
f 1442 1443 1348
f 1441 1442 1347
f 1440 1441 1337
f 1439 1440 1336
f 1438 1439 1349
f 1437 1438 1370
f 1436 1437 1369
f 1435 1436 1372
f 1434 1435 1371
f 1433 1434 1382
f 1432 1433 1381
f 1431 1432 1384
f 1430 1431 1383
f 1429 1430 1373
f 1428 1429 1351
f 1427 1428 1350
f 1426 1427 1375
f 1425 1426 1374
f 1424 1425 1386
f 1423 1424 1385
f 1422 1423 1307
f 1421 1422 1306
f 1420 1421 1309
f 1419 1420 1308
f 1418 1419 1320
f 1417 1418 1311
f 1416 1417 1310
f 1415 1416 1352
f 1414 1415 1354
f 1413 1414 1353
f 1412 1413 1356
f 1411 1412 1355
f 1410 1411 1358
f 1409 1410 1357
f 1408 1409 1338
f 1407 1408 1322
f 1406 1407 1321
f 1405 1406 1324
f 1404 1405 1323
f 1403 1404 1326
f 1402 1403 1325
f 1401 1402 1377
f 1400 1401 1376
f 1399 1400 1360
f 1398 1399 1359
f 1397 1398 1362
f 1396 1397 1361
f 1395 1396 1340
f 1394 1395 1339
f 1393 1394 1363
f 1392 1393 1378
f 1391 1392 1388
f 1390 1391 1387
f 1286 1276 1482
f 1284 1286 1483
f 1285 1284 1484
f 1283 1285 1485
f 1274 1283 1486
f 1275 1274 1487
f 1252 1275 1488
f 1253 1252 1489
f 1273 1253 1490
f 1250 1273 1491
f 1251 1250 1492
f 1249 1251 1493
f 1231 1249 1494
f 1232 1231 1495
f 1271 1232 1496
f 1272 1271 1497
f 1269 1272 1498
f 1270 1269 1499
f 1282 1270 1500
f 1267 1282 1501
f 1268 1267 1502
f 1265 1268 1503
f 1266 1265 1504
f 1247 1266 1505
f 1248 1247 1506
f 1246 1248 1507
f 1212 1246 1508
f 1213 1212 1509
f 1210 1213 1510
f 1211 1210 1511
f 1264 1211 1512
f 1245 1264 1513
f 1229 1245 1514
f 1230 1229 1515
f 1262 1230 1516
f 1263 1262 1517
f 1281 1263 1518
f 1227 1281 1519
f 1228 1227 1520
f 1244 1228 1521
f 1242 1244 1522
f 1243 1242 1523
f 1225 1243 1524
f 1226 1225 1525
f 1203 1226 1526
f 1204 1203 1527
f 1200 1204 1528
f 1201 1200 1529
f 1209 1201 1530
f 1224 1209 1531
f 1207 1224 1532
f 1208 1207 1533
f 1223 1208 1534
f 1196 1223 1535
f 1197 1196 1536
f 1199 1197 1537
f 1194 1199 1538
f 1195 1194 1539
f 1198 1195 1540
f 1260 1198 1541
f 1261 1260 1542
f 1280 1261 1543
f 1278 1280 1544
f 1279 1278 1545
f 1277 1279 1546
f 1258 1277 1547
f 1259 1258 1548
f 1240 1259 1549
f 1241 1240 1550
f 1238 1241 1551
f 1239 1238 1552
f 1257 1239 1553
f 1255 1257 1554
f 1256 1255 1555
f 1222 1256 1556
f 1205 1222 1557
f 1206 1205 1558
f 1237 1206 1559
f 1220 1237 1560
f 1221 1220 1561
f 1218 1221 1562
f 1219 1218 1563
f 1254 1219 1564
f 1216 1254 1565
f 1217 1216 1566
f 1214 1217 1567
f 1215 1214 1568
f 1235 1215 1569
f 1236 1235 1570
f 1233 1236 1571
f 1234 1233 1572
f 1276 1234 1573
f 1573 1482 1276
f 1572 1573 1234
f 1571 1572 1233
f 1570 1571 1236
f 1569 1570 1235
f 1568 1569 1215
f 1567 1568 1214
f 1566 1567 1217
f 1565 1566 1216
f 1564 1565 1254
f 1563 1564 1219
f 1562 1563 1218
f 1561 1562 1221
f 1560 1561 1220
f 1559 1560 1237
f 1558 1559 1206
f 1557 1558 1205
f 1556 1557 1222
f 1555 1556 1256
f 1554 1555 1255
f 1553 1554 1257
f 1552 1553 1239
f 1551 1552 1238
f 1550 1551 1241
f 1549 1550 1240
f 1548 1549 1259
f 1547 1548 1258
f 1546 1547 1277
f 1545 1546 1279
f 1544 1545 1278
f 1543 1544 1280
f 1542 1543 1261
f 1541 1542 1260
f 1540 1541 1198
f 1539 1540 1195
f 1538 1539 1194
f 1537 1538 1199
f 1536 1537 1197
f 1535 1536 1196
f 1534 1535 1223
f 1533 1534 1208
f 1532 1533 1207
f 1531 1532 1224
f 1530 1531 1209
f 1529 1530 1201
f 1528 1529 1200
f 1527 1528 1204
f 1526 1527 1203
f 1525 1526 1226
f 1524 1525 1225
f 1523 1524 1243
f 1522 1523 1242
f 1521 1522 1244
f 1520 1521 1228
f 1519 1520 1227
f 1518 1519 1281
f 1517 1518 1263
f 1516 1517 1262
f 1515 1516 1230
f 1514 1515 1229
f 1513 1514 1245
f 1512 1513 1264
f 1511 1512 1211
f 1510 1511 1210
f 1509 1510 1213
f 1508 1509 1212
f 1507 1508 1246
f 1506 1507 1248
f 1505 1506 1247
f 1504 1505 1266
f 1503 1504 1265
f 1502 1503 1268
f 1501 1502 1267
f 1500 1501 1282
f 1499 1500 1270
f 1498 1499 1269
f 1497 1498 1272
f 1496 1497 1271
f 1495 1496 1232
f 1494 1495 1231
f 1493 1494 1249
f 1492 1493 1251
f 1491 1492 1250
f 1490 1491 1273
f 1489 1490 1253
f 1488 1489 1252
f 1487 1488 1275
f 1486 1487 1274
f 1485 1486 1283
f 1484 1485 1285
f 1483 1484 1284
f 1482 1483 1286
f 1574 644 642
f 642 640 1574
f 1293 705 644
f 1293 787 785
f 644 1575 1293
f 1293 1169 787
f 1576 1293 1575
f 785 705 1293
f 1574 1575 644
f 595 1577 1574
f 1574 640 595
f 1575 1578 1576
f 1575 1574 1579
f 1579 1580 1575
f 1579 1581 1582
f 1582 1580 1579
f 1583 1581 1577
f 1579 1574 1577
f 1577 1581 1579
f 1577 1584 1583
f 1580 1582 1578
f 1585 1586 1578
f 1578 1582 1585
f 1578 1575 1580
f 1583 1584 1587
f 1587 1588 1583
f 1588 1587 1589
f 1589 1590 1588
f 1576 1591 1592
f 1576 1593 1594
f 1576 1595 1596
f 1597 1576 1598
f 1576 1599 1591
f 1594 1600 1576
f 1576 1601 1602
f 1576 1603 1604
f 1576 1605 1606
f 1576 1607 1608
f 1596 1609 1576
f 1576 1610 1611
f 1598 1612 1597
f 1576 1613 1614
f 1576 1615 1616
f 1600 1599 1576
f 1602 1617 1576
f 1576 1618 1619
f 1606 1603 1576
f 1609 1607 1576
f 1576 1620 1621
f 1611 1622 1576
f 1576 1623 1624
f 1597 1625 1576
f 1576 1626 1627
f 1614 1628 1576
f 1592 1615 1576
f 1619 1601 1576
f 1608 1605 1576
f 1576 1629 1630
f 1622 1620 1576
f 1625 1623 1576
f 1628 1626 1576
f 1617 1593 1576
f 1630 1595 1576
f 1624 1610 1576
f 1616 1613 1576
f 1621 1629 1576
f 1604 1618 1576
f 1627 1631 1576
f 1598 1632 1612
f 1598 1633 1632
f 1598 1634 1633
f 1598 1635 1636
f 1598 1637 1634
f 1598 1638 1637
f 1636 1638 1598
f 1576 1578 1586
f 1586 1598 1576
f 1639 1598 1586
f 1586 1585 1639
f 1640 1635 1598
f 1598 1639 1640
f 1585 1641 1642
f 1585 1643 1644
f 1585 1645 1646
f 1585 1647 1641
f 1585 1582 1648
f 1639 1649 1650
f 1585 1651 1652
f 1644 1653 1585
f 1585 1654 1655
f 1585 1656 1657
f 1642 1645 1585
f 1648 1658 1585
f 1583 1659 1660
f 1583 1588 1661
f 1639 1662 1663
f 1650 1664 1639
f 1639 1665 1666
f 1652 1639 1585
f 1653 1667 1585
f 1657 1654 1585
f 1658 1647 1585
f 1661 1659 1583
f 1588 1668 1669
f 1640 1639 1670
f 1664 1662 1639
f 1666 1671 1639
f 1639 1672 1673
f 1667 1651 1585
f 1646 1656 1585
f 1582 1674 1675
f 1669 1661 1588
f 1640 1676 1677
f 1663 1670 1639
f 1673 1665 1639
f 1655 1643 1585
f 1675 1678 1582
f 1582 1679 1680
f 1583 1681 1682
f 1583 1683 1684
f 1588 1685 1668
f 1670 1676 1640
f 1652 1672 1639
f 1582 1686 1687
f 1680 1674 1582
f 1581 1688 1689
f 1581 1690 1691
f 1682 1692 1583
f 1660 1683 1583
f 1588 1693 1694
f 1588 1695 1696
f 1697 1590 1640
f 1671 1649 1639
f 1678 1686 1582
f 1691 1688 1581
f 1684 1681 1583
f 1588 1698 1693
f 1588 1699 1700
f 1696 1701 1588
f 1590 1702 1695
f 1590 1703 1704
f 1640 1705 1697
f 1687 1648 1582
f 1582 1706 1707
f 1582 1708 1709
f 1582 1710 1711
f 1581 1712 1713
f 1581 1714 1715
f 1689 1716 1581
f 1583 1717 1718
f 1694 1685 1588
f 1701 1699 1588
f 1704 1702 1590
f 1677 1705 1640
f 1709 1706 1582
f 1711 1719 1582
f 1713 1582 1581
f 1716 1714 1581
f 1583 1720 1717
f 1700 1698 1588
f 1697 1703 1590
f 1719 1708 1582
f 1715 1712 1581
f 1583 1721 1720
f 1583 1722 1723
f 1583 1724 1725
f 1695 1588 1590
f 1713 1710 1582
f 1581 1726 1727
f 1581 1728 1729
f 1581 1730 1731
f 1723 1721 1583
f 1583 1732 1724
f 1707 1679 1582
f 1729 1726 1581
f 1581 1718 1730
f 1725 1722 1583
f 1727 1690 1581
f 1718 1581 1583
f 1731 1728 1581
f 1692 1732 1583
f 1657 1656 1733
f 1656 1734 1733
f 1656 1646 1735
f 1646 1736 1735
f 1646 1645 1737
f 1645 1738 1737
f 1645 1642 1739
f 1642 1740 1739
f 1642 1641 1741
f 1641 1742 1741
f 1641 1647 1743
f 1647 1744 1743
f 1647 1658 1745
f 1658 1746 1745
f 1658 1648 1747
f 1648 1748 1747
f 1687 1749 1750
f 1750 1648 1687
f 1686 1751 1752
f 1752 1687 1686
f 1678 1753 1754
f 1754 1686 1678
f 1678 1675 1755
f 1675 1756 1755
f 1675 1674 1757
f 1674 1758 1757
f 1674 1680 1759
f 1680 1760 1759
f 1679 1761 1762
f 1762 1680 1679
f 1679 1707 1763
f 1707 1764 1763
f 1707 1706 1765
f 1706 1766 1765
f 1706 1709 1767
f 1709 1768 1767
f 1709 1708 1769
f 1708 1770 1769
f 1708 1719 1771
f 1719 1772 1771
f 1711 1773 1774
f 1774 1719 1711
f 1710 1775 1776
f 1776 1711 1710
f 1710 1713 1777
f 1713 1778 1777
f 1713 1712 1779
f 1712 1780 1779
f 1715 1781 1782
f 1782 1712 1715
f 1715 1714 1783
f 1714 1784 1783
f 1716 1785 1786
f 1786 1714 1716
f 1716 1689 1787
f 1689 1788 1787
f 1688 1789 1790
f 1790 1689 1688
f 1688 1691 1791
f 1691 1792 1791
f 1691 1690 1793
f 1690 1794 1793
f 1690 1727 1795
f 1727 1796 1795
f 1726 1797 1798
f 1798 1727 1726
f 1726 1729 1799
f 1729 1800 1799
f 1729 1728 1801
f 1728 1802 1801
f 1731 1803 1804
f 1804 1728 1731
f 1731 1730 1805
f 1730 1806 1805
f 1718 1807 1808
f 1808 1730 1718
f 1718 1717 1809
f 1717 1810 1809
f 1720 1811 1812
f 1812 1717 1720
f 1720 1721 1813
f 1721 1814 1813
f 1723 1815 1816
f 1816 1721 1723
f 1723 1722 1817
f 1722 1818 1817
f 1722 1725 1819
f 1725 1820 1819
f 1724 1821 1822
f 1822 1725 1724
f 1732 1823 1824
f 1824 1724 1732
f 1732 1692 1825
f 1692 1826 1825
f 1692 1682 1827
f 1682 1828 1827
f 1682 1681 1829
f 1681 1830 1829
f 1681 1684 1831
f 1684 1832 1831
f 1684 1683 1833
f 1683 1834 1833
f 1660 1835 1836
f 1836 1683 1660
f 1660 1659 1837
f 1659 1838 1837
f 1661 1839 1840
f 1840 1659 1661
f 1661 1669 1841
f 1669 1842 1841
f 1669 1668 1843
f 1668 1844 1843
f 1668 1685 1845
f 1685 1846 1845
f 1685 1694 1847
f 1694 1848 1847
f 1694 1693 1849
f 1693 1850 1849
f 1693 1698 1851
f 1698 1852 1851
f 1698 1700 1853
f 1700 1854 1853
f 1700 1699 1855
f 1699 1856 1855
f 1699 1701 1857
f 1701 1858 1857
f 1701 1696 1859
f 1696 1860 1859
f 1695 1861 1862
f 1862 1696 1695
f 1695 1702 1863
f 1702 1864 1863
f 1704 1865 1866
f 1866 1702 1704
f 1704 1703 1867
f 1703 1868 1867
f 1703 1697 1869
f 1697 1870 1869
f 1697 1705 1871
f 1705 1872 1871
f 1705 1677 1873
f 1677 1874 1873
f 1677 1676 1875
f 1676 1876 1875
f 1670 1877 1878
f 1878 1676 1670
f 1670 1663 1879
f 1663 1880 1879
f 1662 1881 1882
f 1882 1663 1662
f 1664 1883 1884
f 1884 1662 1664
f 1650 1885 1886
f 1886 1664 1650
f 1649 1887 1888
f 1888 1650 1649
f 1671 1889 1890
f 1890 1649 1671
f 1666 1891 1892
f 1892 1671 1666
f 1665 1893 1894
f 1894 1666 1665
f 1673 1895 1896
f 1896 1665 1673
f 1672 1897 1898
f 1898 1673 1672
f 1652 1899 1900
f 1900 1672 1652
f 1652 1651 1901
f 1651 1902 1901
f 1667 1903 1904
f 1904 1651 1667
f 1667 1653 1905
f 1653 1906 1905
f 1653 1644 1907
f 1644 1908 1907
f 1643 1909 1910
f 1910 1644 1643
f 1643 1655 1911
f 1655 1912 1911
f 1654 1913 1914
f 1914 1655 1654
f 1657 1915 1916
f 1916 1654 1657
f 1916 1913 1654
f 1914 1912 1655
f 1911 1909 1643
f 1910 1908 1644
f 1907 1906 1653
f 1905 1903 1667
f 1904 1902 1651
f 1901 1899 1652
f 1900 1897 1672
f 1898 1895 1673
f 1896 1893 1665
f 1894 1891 1666
f 1892 1889 1671
f 1890 1887 1649
f 1888 1885 1650
f 1886 1883 1664
f 1884 1881 1662
f 1882 1880 1663
f 1879 1877 1670
f 1878 1876 1676
f 1875 1874 1677
f 1873 1872 1705
f 1871 1870 1697
f 1869 1868 1703
f 1867 1865 1704
f 1866 1864 1702
f 1863 1861 1695
f 1862 1860 1696
f 1859 1858 1701
f 1857 1856 1699
f 1855 1854 1700
f 1853 1852 1698
f 1851 1850 1693
f 1849 1848 1694
f 1847 1846 1685
f 1845 1844 1668
f 1843 1842 1669
f 1841 1839 1661
f 1840 1838 1659
f 1837 1835 1660
f 1836 1834 1683
f 1833 1832 1684
f 1831 1830 1681
f 1829 1828 1682
f 1827 1826 1692
f 1825 1823 1732
f 1824 1821 1724
f 1822 1820 1725
f 1819 1818 1722
f 1817 1815 1723
f 1816 1814 1721
f 1813 1811 1720
f 1812 1810 1717
f 1809 1807 1718
f 1808 1806 1730
f 1805 1803 1731
f 1804 1802 1728
f 1801 1800 1729
f 1799 1797 1726
f 1798 1796 1727
f 1795 1794 1690
f 1793 1792 1691
f 1791 1789 1688
f 1790 1788 1689
f 1787 1785 1716
f 1786 1784 1714
f 1783 1781 1715
f 1782 1780 1712
f 1779 1778 1713
f 1777 1775 1710
f 1776 1773 1711
f 1774 1772 1719
f 1771 1770 1708
f 1769 1768 1709
f 1767 1766 1706
f 1765 1764 1707
f 1763 1761 1679
f 1762 1760 1680
f 1759 1758 1674
f 1757 1756 1675
f 1755 1753 1678
f 1754 1751 1686
f 1752 1749 1687
f 1750 1748 1648
f 1747 1746 1658
f 1745 1744 1647
f 1743 1742 1641
f 1741 1740 1642
f 1739 1738 1645
f 1737 1736 1646
f 1735 1734 1656
f 1733 1915 1657
f 1917 1918 1916
f 1918 1919 1913
f 1919 1920 1914
f 1920 1921 1912
f 1921 1922 1911
f 1922 1923 1909
f 1923 1924 1910
f 1924 1925 1908
f 1925 1926 1907
f 1926 1927 1906
f 1927 1928 1905
f 1928 1929 1903
f 1929 1930 1904
f 1930 1931 1902
f 1931 1932 1901
f 1932 1933 1899
f 1933 1934 1900
f 1934 1935 1897
f 1935 1936 1898
f 1936 1937 1895
f 1937 1938 1896
f 1938 1939 1893
f 1939 1940 1894
f 1940 1941 1891
f 1941 1942 1892
f 1942 1943 1889
f 1943 1944 1890
f 1944 1945 1887
f 1945 1946 1888
f 1946 1947 1885
f 1947 1948 1886
f 1948 1949 1883
f 1949 1950 1884
f 1950 1951 1881
f 1951 1952 1882
f 1952 1953 1880
f 1953 1954 1879
f 1954 1955 1877
f 1956 1957 1862
f 1957 1958 1860
f 1958 1959 1859
f 1959 1960 1858
f 1960 1961 1857
f 1961 1962 1856
f 1962 1963 1855
f 1963 1964 1854
f 1964 1965 1853
f 1965 1966 1852
f 1966 1967 1851
f 1967 1968 1850
f 1968 1969 1849
f 1969 1970 1848
f 1970 1971 1847
f 1971 1972 1846
f 1972 1973 1845
f 1973 1974 1844
f 1974 1975 1843
f 1975 1976 1842
f 1976 1977 1841
f 1977 1978 1839
f 1978 1979 1840
f 1979 1980 1838
f 1980 1981 1837
f 1981 1982 1835
f 1982 1983 1836
f 1983 1984 1834
f 1984 1985 1833
f 1985 1986 1832
f 1986 1987 1831
f 1987 1988 1830
f 1988 1989 1829
f 1989 1990 1828
f 1990 1991 1827
f 1991 1992 1826
f 1992 1993 1825
f 1993 1994 1823
f 1994 1995 1824
f 1995 1996 1821
f 1996 1997 1822
f 1997 1998 1820
f 1998 1999 1819
f 1999 2000 1818
f 2000 2001 1817
f 2001 2002 1815
f 2002 2003 1816
f 2003 2004 1814
f 2004 2005 1813
f 2005 2006 1811
f 2006 2007 1812
f 2007 2008 1810
f 2008 2009 1809
f 2009 2010 1807
f 2010 2011 1808
f 2011 2012 1806
f 2012 2013 1805
f 2013 2014 1803
f 2014 2015 1804
f 2015 2016 1802
f 2016 2017 1801
f 2017 2018 1800
f 2018 2019 1799
f 2019 2020 1797
f 2020 2021 1798
f 2021 2022 1796
f 2022 2023 1795
f 2023 2024 1794
f 2024 2025 1793
f 2025 2026 1792
f 2026 2027 1791
f 2027 2028 1789
f 2028 2029 1790
f 2029 2030 1788
f 2030 2031 1787
f 2031 2032 1785
f 2032 2033 1786
f 2033 2034 1784
f 2034 2035 1783
f 2035 2036 1781
f 2036 2037 1782
f 2037 2038 1780
f 2038 2039 1779
f 2039 2040 1778
f 2040 2041 1777
f 2041 2042 1775
f 2042 2043 1776
f 2043 2044 1773
f 2044 2045 1774
f 2045 2046 1772
f 2046 2047 1771
f 2047 2048 1770
f 2048 2049 1769
f 2049 2050 1768
f 2050 2051 1767
f 2051 2052 1766
f 2052 2053 1765
f 2053 2054 1764
f 2054 2055 1763
f 2055 2056 1761
f 2056 2057 1762
f 2057 2058 1760
f 2058 2059 1759
f 2059 2060 1758
f 2060 2061 1757
f 2061 2062 1756
f 2062 2063 1755
f 2063 2064 1753
f 2064 2065 1754
f 2065 2066 1751
f 2066 2067 1752
f 2067 2068 1749
f 2068 2069 1750
f 2069 2070 1748
f 2070 2071 1747
f 2071 2072 1746
f 2072 2073 1745
f 2073 2074 1744
f 2074 2075 1743
f 2075 2076 1742
f 2076 2077 1741
f 2077 2078 1740
f 2078 2079 1739
f 2079 2080 1738
f 2080 2081 1737
f 2081 2082 1736
f 2082 2083 1735
f 2083 2084 1734
f 2084 2085 1733
f 2085 1917 1915
f 2086 1878 1877
f 1878 2087 2088
f 1878 2086 2087
f 1876 2089 2090
f 1876 2088 2089
f 1875 2091 2092
f 1875 2090 2091
f 1874 2093 2094
f 1874 2092 2093
f 1873 2095 2096
f 1873 2094 2095
f 1872 2097 2098
f 1872 2096 2097
f 2099 2100 1870
f 1871 2098 2099
f 2101 1869 1870
f 1870 2100 2101
f 1868 1869 2102
f 2102 2103 1868
f 2103 2104 1868
f 1867 1868 2105
f 2105 2106 1867
f 1865 1867 2107
f 2107 2108 1865
f 1866 1865 2109
f 2109 2110 1866
f 1864 1866 2111
f 2111 2112 1864
f 1863 1864 2113
f 2113 2114 1863
f 1861 1863 2115
f 2115 2116 1861
f 2116 1956 1861
f 2114 2115 1863
f 2112 2113 1864
f 2110 2111 1866
f 2108 2109 1865
f 2106 2107 1867
f 2104 2105 1868
f 2101 2102 1869
f 1870 1871 2099
f 2098 1871 1872
f 2096 1872 1873
f 2094 1873 1874
f 2092 1874 1875
f 2090 1875 1876
f 2088 1876 1878
f 1877 1955 2086
f 1915 1733 2085
f 1733 1734 2084
f 1734 1735 2083
f 1735 1736 2082
f 1736 1737 2081
f 1737 1738 2080
f 1738 1739 2079
f 1739 1740 2078
f 1740 1741 2077
f 1741 1742 2076
f 1742 1743 2075
f 1743 1744 2074
f 1744 1745 2073
f 1745 1746 2072
f 1746 1747 2071
f 1747 1748 2070
f 1748 1750 2069
f 1750 1749 2068
f 1749 1752 2067
f 1752 1751 2066
f 1751 1754 2065
f 1754 1753 2064
f 1753 1755 2063
f 1755 1756 2062
f 1756 1757 2061
f 1757 1758 2060
f 1758 1759 2059
f 1759 1760 2058
f 1760 1762 2057
f 1762 1761 2056
f 1761 1763 2055
f 1763 1764 2054
f 1764 1765 2053
f 1765 1766 2052
f 1766 1767 2051
f 1767 1768 2050
f 1768 1769 2049
f 1769 1770 2048
f 1770 1771 2047
f 1771 1772 2046
f 1772 1774 2045
f 1774 1773 2044
f 1773 1776 2043
f 1776 1775 2042
f 1775 1777 2041
f 1777 1778 2040
f 1778 1779 2039
f 1779 1780 2038
f 1780 1782 2037
f 1782 1781 2036
f 1781 1783 2035
f 1783 1784 2034
f 1784 1786 2033
f 1786 1785 2032
f 1785 1787 2031
f 1787 1788 2030
f 1788 1790 2029
f 1790 1789 2028
f 1789 1791 2027
f 1791 1792 2026
f 1792 1793 2025
f 1793 1794 2024
f 1794 1795 2023
f 1795 1796 2022
f 1796 1798 2021
f 1798 1797 2020
f 1797 1799 2019
f 1799 1800 2018
f 1800 1801 2017
f 1801 1802 2016
f 1802 1804 2015
f 1804 1803 2014
f 1803 1805 2013
f 1805 1806 2012
f 1806 1808 2011
f 1808 1807 2010
f 1807 1809 2009
f 1809 1810 2008
f 1810 1812 2007
f 1812 1811 2006
f 1811 1813 2005
f 1813 1814 2004
f 1814 1816 2003
f 1816 1815 2002
f 1815 1817 2001
f 1817 1818 2000
f 1818 1819 1999
f 1819 1820 1998
f 1820 1822 1997
f 1822 1821 1996
f 1821 1824 1995
f 1824 1823 1994
f 1823 1825 1993
f 1825 1826 1992
f 1826 1827 1991
f 1827 1828 1990
f 1828 1829 1989
f 1829 1830 1988
f 1830 1831 1987
f 1831 1832 1986
f 1832 1833 1985
f 1833 1834 1984
f 1834 1836 1983
f 1836 1835 1982
f 1835 1837 1981
f 1837 1838 1980
f 1838 1840 1979
f 1840 1839 1978
f 1839 1841 1977
f 1841 1842 1976
f 1842 1843 1975
f 1843 1844 1974
f 1844 1845 1973
f 1845 1846 1972
f 1846 1847 1971
f 1847 1848 1970
f 1848 1849 1969
f 1849 1850 1968
f 1850 1851 1967
f 1851 1852 1966
f 1852 1853 1965
f 1853 1854 1964
f 1854 1855 1963
f 1855 1856 1962
f 1856 1857 1961
f 1857 1858 1960
f 1858 1859 1959
f 1859 1860 1958
f 1860 1862 1957
f 1862 1861 1956
f 1877 1879 1954
f 1879 1880 1953
f 1880 1882 1952
f 1882 1881 1951
f 1881 1884 1950
f 1884 1883 1949
f 1883 1886 1948
f 1886 1885 1947
f 1885 1888 1946
f 1888 1887 1945
f 1887 1890 1944
f 1890 1889 1943
f 1889 1892 1942
f 1892 1891 1941
f 1891 1894 1940
f 1894 1893 1939
f 1893 1896 1938
f 1896 1895 1937
f 1895 1898 1936
f 1898 1897 1935
f 1897 1900 1934
f 1900 1899 1933
f 1899 1901 1932
f 1901 1902 1931
f 1902 1904 1930
f 1904 1903 1929
f 1903 1905 1928
f 1905 1906 1927
f 1906 1907 1926
f 1907 1908 1925
f 1908 1910 1924
f 1910 1909 1923
f 1909 1911 1922
f 1911 1912 1921
f 1912 1914 1920
f 1914 1913 1919
f 1913 1916 1918
f 1916 1915 1917
f 2117 2118 2119
f 2120 2117 2121
f 2120 2122 1631
f 1631 2123 2120
f 2124 2123 1627
f 2125 2124 1626
f 2126 2125 1628
f 2127 2126 1614
f 2128 2127 1613
f 2129 2128 1616
f 2130 2129 1615
f 2131 2130 1592
f 2132 2131 1591
f 2133 2132 1599
f 2134 2133 1600
f 2135 2134 1594
f 2136 2135 1593
f 2137 2136 1617
f 2138 2137 1602
f 2139 2138 1601
f 2140 2139 1619
f 2141 2140 1618
f 2142 2141 1604
f 2143 2142 1603
f 2144 2143 1606
f 2145 2144 1605
f 2146 2145 1608
f 2147 2146 1607
f 2148 2147 1609
f 2149 2148 1596
f 2150 2149 1595
f 2151 2150 1630
f 2152 2151 1629
f 2153 2152 1621
f 2154 2153 1620
f 2155 2154 1622
f 2156 2155 1611
f 2157 2156 1610
f 2158 2157 1624
f 2159 2158 1623
f 2160 2159 1625
f 2161 2160 1597
f 2162 2161 1612
f 2163 2162 1632
f 2164 2163 1633
f 2165 2166 2167
f 2168 2165 2169
f 2170 2168 2171
f 2172 2170 2173
f 2174 2172 2175
f 2176 2174 2177
f 2178 2176 2179
f 2180 2178 2181
f 2182 2180 2183
f 2184 2182 2185
f 2186 2184 2187
f 2188 2186 2189
f 2190 2188 2191
f 2192 2190 2193
f 2194 2192 2195
f 2196 2194 2197
f 2198 2196 2199
f 2200 2198 2201
f 2202 2200 2203
f 2204 2202 2205
f 2206 2204 2207
f 2208 2206 2209
f 2210 2208 2211
f 2212 2210 2213
f 2214 2212 2215
f 2216 2214 2217
f 2218 2216 2219
f 2220 2218 2221
f 2222 2220 2223
f 2224 2222 2225
f 2226 2224 2227
f 2228 2226 2229
f 2230 2228 2231
f 2232 2230 2233
f 2234 2232 2235
f 2236 2234 2237
f 2238 2236 2239
f 2240 2238 2241
f 2242 2240 2243
f 2244 2242 2245
f 2246 2244 2247
f 2248 2246 2249
f 2250 2248 2251
f 2252 2250 2253
f 2254 2252 2255
f 2167 2114 2113
f 2167 2166 2116
f 2116 2115 2167
f 2115 2114 2167
f 2256 2109 2108
f 2256 2110 2109
f 2256 2113 2112
f 2112 2111 2256
f 2111 2110 2256
f 2257 2104 2103
f 2257 2105 2104
f 2257 2106 2105
f 2257 2107 2106
f 2257 2108 2107
f 1638 2095 2094
f 1638 1636 2097
f 2097 2096 1638
f 2096 2095 1638
f 2094 2093 1638
f 1637 2089 2088
f 1637 1638 2092
f 2092 2091 1637
f 2091 2090 1637
f 2090 2089 1637
f 1634 1637 2087
f 2087 2086 1634
f 2258 2103 1590
f 1640 1590 2100
f 2100 2099 1640
f 1590 2103 2102
f 2102 2101 1590
f 2101 2100 1590
f 2099 2098 1640
f 2098 2097 1640
f 1636 1635 1640
f 1640 2097 1636
f 1590 1589 2258
f 2086 2164 1634
f 2088 2087 1637
f 2093 2092 1638
f 2103 2258 2257
f 2108 2257 2256
f 2113 2256 2167
f 2255 2259 2254
f 2253 2255 2252
f 2251 2253 2250
f 2249 2251 2248
f 2247 2249 2246
f 2245 2247 2244
f 2243 2245 2242
f 2241 2243 2240
f 2239 2241 2238
f 2237 2239 2236
f 2235 2237 2234
f 2233 2235 2232
f 2231 2233 2230
f 2229 2231 2228
f 2227 2229 2226
f 2225 2227 2224
f 2223 2225 2222
f 2221 2223 2220
f 2219 2221 2218
f 2217 2219 2216
f 2215 2217 2214
f 2213 2215 2212
f 2211 2213 2210
f 2209 2211 2208
f 2207 2209 2206
f 2205 2207 2204
f 2203 2205 2202
f 2201 2203 2200
f 2199 2201 2198
f 2197 2199 2196
f 2195 2197 2194
f 2193 2195 2192
f 2191 2193 2190
f 2189 2191 2188
f 2187 2189 2186
f 2185 2187 2184
f 2183 2185 2182
f 2181 2183 2180
f 2179 2181 2178
f 2177 2179 2176
f 2175 2177 2174
f 2173 2175 2172
f 2171 2173 2170
f 2169 2171 2168
f 2167 2169 2165
f 1633 1634 2164
f 1632 1633 2163
f 1612 1632 2162
f 1597 1612 2161
f 1625 1597 2160
f 1623 1625 2159
f 1624 1623 2158
f 1610 1624 2157
f 1611 1610 2156
f 1622 1611 2155
f 1620 1622 2154
f 1621 1620 2153
f 1629 1621 2152
f 1630 1629 2151
f 1595 1630 2150
f 1596 1595 2149
f 1609 1596 2148
f 1607 1609 2147
f 1608 1607 2146
f 1605 1608 2145
f 1606 1605 2144
f 1603 1606 2143
f 1604 1603 2142
f 1618 1604 2141
f 1619 1618 2140
f 1601 1619 2139
f 1602 1601 2138
f 1617 1602 2137
f 1593 1617 2136
f 1594 1593 2135
f 1600 1594 2134
f 1599 1600 2133
f 1591 1599 2132
f 1592 1591 2131
f 1615 1592 2130
f 1616 1615 2129
f 1613 1616 2128
f 1614 1613 2127
f 1628 1614 2126
f 1626 1628 2125
f 1627 1626 2124
f 1631 1627 2123
f 2121 2122 2120
f 2119 2121 2117
f 2119 2118 2260
f 2260 2261 2119
f 2262 2263 2254
f 2254 2259 2262
f 2264 2121 2119
f 2261 2265 2266
f 2264 2122 2121
f 2266 2267 2261
f 2264 1631 2122
f 2119 2261 2264
f 2267 2264 2261
f 2268 2263 2262
f 2269 2268 2270
f 2271 2269 2272
f 2273 2271 2274
f 2275 2273 2276
f 2277 2275 2278
f 2279 2277 2280
f 2281 2279 2282
f 2283 2281 2284
f 2285 2283 2286
f 2287 2285 2288
f 2289 2287 2290
f 2291 2289 2292
f 2293 2291 2294
f 2295 2293 2296
f 2297 2295 2298
f 2299 2297 2300
f 2301 2299 2302
f 2303 2301 2304
f 2305 2303 2306
f 2307 2305 2308
f 2309 2307 2310
f 2311 2309 2312
f 2313 2311 2314
f 2315 2313 2316
f 2317 2315 2318
f 2319 2317 2320
f 2321 2319 2322
f 2323 2321 2324
f 2325 2323 2326
f 2327 2325 2328
f 2329 2327 2330
f 2331 2329 2332
f 2333 2331 2334
f 2335 2333 2336
f 2337 2335 2338
f 2339 2337 2340
f 2341 2339 2342
f 2343 2341 2344
f 2345 2343 2346
f 2347 2345 2348
f 2349 2347 2350
f 2351 2349 2352
f 2353 2351 2354
f 2355 2353 2356
f 2357 2358 2359
f 2360 2357 2361
f 2362 2360 2363
f 2364 2362 2365
f 2366 2364 2367
f 2368 2366 2369
f 2370 2368 2371
f 2372 2370 2373
f 2374 2372 2375
f 2376 2374 2377
f 2378 2376 2379
f 2380 2378 2381
f 2382 2380 2383
f 2384 2382 2385
f 2386 2384 2387
f 2388 2386 2389
f 2390 2388 2391
f 2392 2390 2393
f 2394 2392 2395
f 2396 2394 2397
f 2398 2396 2399
f 2400 2398 2401
f 2402 2400 2403
f 2404 2402 2405
f 2406 2404 2407
f 2408 2406 2409
f 2410 2408 2411
f 2412 2410 2413
f 2414 2412 2415
f 2416 2414 2417
f 2418 2416 2419
f 2420 2418 2421
f 2422 2420 2423
f 2424 2422 2425
f 2426 2424 2427
f 2428 2426 2429
f 2430 2428 2431
f 2432 2430 2433
f 2434 2432 2435
f 2436 2434 2437
f 2438 2436 2439
f 2440 2438 2264
f 2438 2441 2264
f 2442 2440 2267
f 2443 2442 2266
f 2260 2443 2265
f 2359 2444 2445
f 2359 2358 2444
f 2446 2447 2448
f 2446 2445 2449
f 2449 2450 2446
f 2450 2451 2446
f 2451 2447 2446
f 2452 2453 2454
f 2452 2455 2456
f 2456 2453 2452
f 2452 2448 2455
f 2457 2458 2459
f 2457 2454 2460
f 2460 2458 2457
f 2459 2461 2457
f 2459 2462 2461
f 2463 2464 2465
f 2463 2461 2466
f 2466 2464 2463
f 2465 2467 2463
f 2468 2469 2470
f 2468 2463 2471
f 2471 2472 2468
f 2472 2469 2468
f 2470 2473 2468
f 2474 2468 2475
f 2475 2476 2474
f 2476 2355 2474
f 2473 2475 2468
f 2467 2471 2463
f 2462 2466 2461
f 2454 2457 2452
f 2448 2452 2446
f 2445 2446 2359
f 2265 2261 2260
f 2266 2265 2443
f 2267 2266 2442
f 2264 2267 2440
f 2439 2441 2438
f 2437 2439 2436
f 2435 2437 2434
f 2433 2435 2432
f 2431 2433 2430
f 2429 2431 2428
f 2427 2429 2426
f 2425 2427 2424
f 2423 2425 2422
f 2421 2423 2420
f 2419 2421 2418
f 2417 2419 2416
f 2415 2417 2414
f 2413 2415 2412
f 2411 2413 2410
f 2409 2411 2408
f 2407 2409 2406
f 2405 2407 2404
f 2403 2405 2402
f 2401 2403 2400
f 2399 2401 2398
f 2397 2399 2396
f 2395 2397 2394
f 2393 2395 2392
f 2391 2393 2390
f 2389 2391 2388
f 2387 2389 2386
f 2385 2387 2384
f 2383 2385 2382
f 2381 2383 2380
f 2379 2381 2378
f 2377 2379 2376
f 2375 2377 2374
f 2373 2375 2372
f 2371 2373 2370
f 2369 2371 2368
f 2367 2369 2366
f 2365 2367 2364
f 2363 2365 2362
f 2361 2363 2360
f 2359 2361 2357
f 2356 2474 2355
f 2354 2356 2353
f 2352 2354 2351
f 2350 2352 2349
f 2348 2350 2347
f 2346 2348 2345
f 2344 2346 2343
f 2342 2344 2341
f 2340 2342 2339
f 2338 2340 2337
f 2336 2338 2335
f 2334 2336 2333
f 2332 2334 2331
f 2330 2332 2329
f 2328 2330 2327
f 2326 2328 2325
f 2324 2326 2323
f 2322 2324 2321
f 2320 2322 2319
f 2318 2320 2317
f 2316 2318 2315
f 2314 2316 2313
f 2312 2314 2311
f 2310 2312 2309
f 2308 2310 2307
f 2306 2308 2305
f 2304 2306 2303
f 2302 2304 2301
f 2300 2302 2299
f 2298 2300 2297
f 2296 2298 2295
f 2294 2296 2293
f 2292 2294 2291
f 2290 2292 2289
f 2288 2290 2287
f 2286 2288 2285
f 2284 2286 2283
f 2282 2284 2281
f 2280 2282 2279
f 2278 2280 2277
f 2276 2278 2275
f 2274 2276 2273
f 2272 2274 2271
f 2270 2272 2269
f 2262 2270 2268
f 2477 2478 2479
f 2478 2480 2481
f 2480 2482 2483
f 2482 2484 2485
f 2484 2486 2487
f 2486 2488 2489
f 2488 2490 2491
f 2490 2492 2493
f 2492 2494 2495
f 2494 2496 2497
f 2496 2498 2499
f 2498 2500 2501
f 2500 2502 2503
f 2502 2504 2505
f 2504 2506 2507
f 2506 2508 2509
f 2508 2510 2511
f 2510 2512 2513
f 2512 2514 2515
f 2514 2516 2517
f 2516 2518 2519
f 2518 2520 2521
f 2520 2522 2523
f 2522 2524 2525
f 2524 2526 2527
f 2526 2528 2529
f 2528 2530 2531
f 2530 2532 2533
f 2532 2534 2535
f 2534 2536 2537
f 2536 2538 2539
f 2538 2540 2541
f 2540 2542 2543
f 2542 2544 2545
f 2544 2546 2547
f 2546 2548 2549
f 2548 2550 2551
f 2550 2552 2553
f 2552 2554 2555
f 2554 2556 2557
f 2556 2558 2559
f 2558 2560 2561
f 2560 2562 2563
f 2562 2564 2565
f 2564 2566 2567
f 2566 2568 2569
f 2568 2570 2571
f 2570 2572 2573
f 2572 2574 2575
f 2574 2576 2577
f 2576 2578 2579
f 2578 2580 2581
f 2580 2582 2583
f 2582 2584 2585
f 2584 2586 2587
f 2586 2588 2589
f 2588 2590 2591
f 2590 2592 2593
f 2592 2594 2595
f 2594 2596 2597
f 2596 2598 2599
f 2598 2600 2601
f 2600 2602 2603
f 2602 2604 2605
f 2604 2606 2607
f 2606 2608 2609
f 2608 2610 2611
f 2610 2612 2613
f 2612 2614 2615
f 2614 2616 2617
f 2616 2618 2619
f 2618 2620 2621
f 2620 2622 2623
f 2622 2624 2625
f 2624 2626 2627
f 2626 2628 2629
f 2628 2630 2631
f 2630 2632 2633
f 2632 2634 2635
f 2634 2636 2637
f 2636 2638 2639
f 2638 2640 2641
f 2640 2642 2643
f 2642 2644 2645
f 2644 2646 2647
f 2646 2648 2649
f 2648 2650 2651
f 2650 2652 2653
f 2652 2654 2655
f 2654 2656 2657
f 2656 2658 2659
f 2658 2660 2661
f 2660 2662 2663
f 2662 2664 2665
f 2664 2666 2667
f 2666 2668 2669
f 2668 2670 2671
f 2670 2672 2673
f 2672 2674 2675
f 2674 2676 2677
f 2676 2678 2679
f 2678 2680 2681
f 2680 2682 2683
f 2682 2684 2685
f 2684 2686 2687
f 2686 2688 2689
f 2688 2690 2691
f 2690 2692 2693
f 2692 2694 2695
f 2694 2696 2697
f 2696 2698 2699
f 2698 2700 2701
f 2700 2702 2703
f 2702 2704 2705
f 2704 2706 2707
f 2706 2708 2709
f 2708 2710 2711
f 2710 2712 2713
f 2712 2714 2715
f 2714 2716 2717
f 2716 2718 2719
f 2718 2720 2721
f 2720 2722 2723
f 2722 2724 2725
f 2724 2726 2727
f 2726 2728 2729
f 2728 2730 2731
f 2730 2732 2733
f 2732 2734 2735
f 2734 2736 2737
f 2736 2738 2739
f 2740 2741 2742
f 2741 2743 2744
f 2743 2745 2746
f 2745 2747 2748
f 2747 2749 2750
f 2749 2751 2752
f 2751 2753 2754
f 2753 2755 2756
f 2755 2757 2758
f 2757 2759 2760
f 2759 2761 2762
f 2761 2763 2764
f 2763 2765 2766
f 2765 2767 2768
f 2767 2769 2770
f 2769 2771 2772
f 2771 2773 2774
f 2773 2775 2776
f 2775 2777 2778
f 2777 2779 2780
f 2779 2781 2782
f 2781 2783 2784
f 2783 2785 2786
f 2785 2787 2788
f 2787 2789 2790
f 2789 2791 2792
f 2791 2793 2794
f 2793 2795 2796
f 2795 2797 2798
f 2797 2799 2800
f 2799 2801 2802
f 2801 2803 2804
f 2803 2805 2806
f 2805 2807 2808
f 2807 2809 2810
f 2809 2811 2812
f 2811 2813 2814
f 2813 2815 2816
f 2815 2477 2817
f 2739 2476 2475
f 2739 2738 2476
f 2818 2473 2470
f 2818 2475 2473
f 2819 2469 2472
f 2819 2470 2469
f 2820 2471 2467
f 2820 2472 2471
f 2821 2465 2464
f 2821 2467 2465
f 2822 2464 2466
f 2462 2459 2823
f 2824 2466 2462
f 2458 2825 2823
f 2823 2459 2458
f 2826 2825 2460
f 2460 2454 2826
f 2827 2826 2453
f 2453 2456 2827
f 2828 2827 2455
f 2829 2828 2448
f 2448 2447 2829
f 2830 2829 2451
f 2451 2450 2830
f 2831 2445 2444
f 2831 2830 2449
f 2449 2445 2831
f 2444 2740 2831
f 2450 2449 2830
f 2447 2451 2829
f 2455 2448 2828
f 2456 2455 2827
f 2454 2453 2826
f 2458 2460 2825
f 2823 2824 2462
f 2466 2824 2822
f 2464 2822 2821
f 2467 2821 2820
f 2472 2820 2819
f 2470 2819 2818
f 2475 2818 2739
f 2817 2816 2815
f 2816 2814 2813
f 2814 2812 2811
f 2812 2810 2809
f 2810 2808 2807
f 2808 2806 2805
f 2806 2804 2803
f 2804 2802 2801
f 2802 2800 2799
f 2800 2798 2797
f 2798 2796 2795
f 2796 2794 2793
f 2794 2792 2791
f 2792 2790 2789
f 2790 2788 2787
f 2788 2786 2785
f 2786 2784 2783
f 2784 2782 2781
f 2782 2780 2779
f 2780 2778 2777
f 2778 2776 2775
f 2776 2774 2773
f 2774 2772 2771
f 2772 2770 2769
f 2770 2768 2767
f 2768 2766 2765
f 2766 2764 2763
f 2764 2762 2761
f 2762 2760 2759
f 2760 2758 2757
f 2758 2756 2755
f 2756 2754 2753
f 2754 2752 2751
f 2752 2750 2749
f 2750 2748 2747
f 2748 2746 2745
f 2746 2744 2743
f 2744 2742 2741
f 2742 2831 2740
f 2739 2737 2736
f 2737 2735 2734
f 2735 2733 2732
f 2733 2731 2730
f 2731 2729 2728
f 2729 2727 2726
f 2727 2725 2724
f 2725 2723 2722
f 2723 2721 2720
f 2721 2719 2718
f 2719 2717 2716
f 2717 2715 2714
f 2715 2713 2712
f 2713 2711 2710
f 2711 2709 2708
f 2709 2707 2706
f 2707 2705 2704
f 2705 2703 2702
f 2703 2701 2700
f 2701 2699 2698
f 2699 2697 2696
f 2697 2695 2694
f 2695 2693 2692
f 2693 2691 2690
f 2691 2689 2688
f 2689 2687 2686
f 2687 2685 2684
f 2685 2683 2682
f 2683 2681 2680
f 2681 2679 2678
f 2679 2677 2676
f 2677 2675 2674
f 2675 2673 2672
f 2673 2671 2670
f 2671 2669 2668
f 2669 2667 2666
f 2667 2665 2664
f 2665 2663 2662
f 2663 2661 2660
f 2661 2659 2658
f 2659 2657 2656
f 2657 2655 2654
f 2655 2653 2652
f 2653 2651 2650
f 2651 2649 2648
f 2649 2647 2646
f 2647 2645 2644
f 2645 2643 2642
f 2643 2641 2640
f 2641 2639 2638
f 2639 2637 2636
f 2637 2635 2634
f 2635 2633 2632
f 2633 2631 2630
f 2631 2629 2628
f 2629 2627 2626
f 2627 2625 2624
f 2625 2623 2622
f 2623 2621 2620
f 2621 2619 2618
f 2619 2617 2616
f 2617 2615 2614
f 2615 2613 2612
f 2613 2611 2610
f 2611 2609 2608
f 2609 2607 2606
f 2607 2605 2604
f 2605 2603 2602
f 2603 2601 2600
f 2601 2599 2598
f 2599 2597 2596
f 2597 2595 2594
f 2595 2593 2592
f 2593 2591 2590
f 2591 2589 2588
f 2589 2587 2586
f 2587 2585 2584
f 2585 2583 2582
f 2583 2581 2580
f 2581 2579 2578
f 2579 2577 2576
f 2577 2575 2574
f 2575 2573 2572
f 2573 2571 2570
f 2571 2569 2568
f 2569 2567 2566
f 2567 2565 2564
f 2565 2563 2562
f 2563 2561 2560
f 2561 2559 2558
f 2559 2557 2556
f 2557 2555 2554
f 2555 2553 2552
f 2553 2551 2550
f 2551 2549 2548
f 2549 2547 2546
f 2547 2545 2544
f 2545 2543 2542
f 2543 2541 2540
f 2541 2539 2538
f 2539 2537 2536
f 2537 2535 2534
f 2535 2533 2532
f 2533 2531 2530
f 2531 2529 2528
f 2529 2527 2526
f 2527 2525 2524
f 2525 2523 2522
f 2523 2521 2520
f 2521 2519 2518
f 2519 2517 2516
f 2517 2515 2514
f 2515 2513 2512
f 2513 2511 2510
f 2511 2509 2508
f 2509 2507 2506
f 2507 2505 2504
f 2505 2503 2502
f 2503 2501 2500
f 2501 2499 2498
f 2499 2497 2496
f 2497 2495 2494
f 2495 2493 2492
f 2493 2491 2490
f 2491 2489 2488
f 2489 2487 2486
f 2487 2485 2484
f 2485 2483 2482
f 2483 2481 2480
f 2481 2479 2478
f 2479 2817 2477
f 2832 2814 2816
f 2816 2833 2832
f 2834 2810 2812
f 2812 2832 2834
f 2834 2835 2808
f 2835 2806 2808
f 2836 2802 2804
f 2804 2835 2836
f 2837 2798 2800
f 2800 2836 2837
f 2837 2838 2796
f 2838 2794 2796
f 2839 2790 2792
f 2792 2838 2839
f 2839 2840 2788
f 2840 2786 2788
f 2840 2841 2784
f 2841 2782 2784
f 2842 2778 2780
f 2780 2841 2842
f 2842 2843 2776
f 2843 2774 2776
f 2844 2770 2772
f 2772 2843 2844
f 2844 2845 2768
f 2845 2766 2768
f 2846 2762 2764
f 2764 2845 2846
f 2846 2847 2760
f 2847 2758 2760
f 2847 2848 2756
f 2848 2754 2756
f 2849 2750 2752
f 2752 2848 2849
f 2849 2850 2748
f 2850 2746 2748
f 2851 2742 2744
f 2744 2850 2851
f 2851 2852 2831
f 2852 2830 2831
f 2852 2853 2829
f 2853 2828 2829
f 2854 2826 2827
f 2827 2853 2854
f 2854 2855 2825
f 2855 2823 2825
f 2855 2856 2824
f 2856 2822 2824
f 2856 2857 2821
f 2857 2820 2821
f 2857 2858 2819
f 2858 2818 2819
f 2859 2737 2739
f 2739 2858 2859
f 2859 2860 2735
f 2860 2733 2735
f 2860 2861 2731
f 2861 2729 2731
f 2862 2725 2727
f 2727 2861 2862
f 2862 2863 2723
f 2863 2721 2723
f 2864 2717 2719
f 2719 2863 2864
f 2864 2865 2715
f 2865 2713 2715
f 2865 2866 2711
f 2866 2709 2711
f 2866 2867 2707
f 2867 2705 2707
f 2867 2868 2703
f 2868 2701 2703
f 2868 2869 2699
f 2869 2697 2699
f 2869 2870 2695
f 2870 2693 2695
f 2870 2871 2691
f 2871 2689 2691
f 2871 2872 2687
f 2872 2685 2687
f 2872 2873 2683
f 2873 2681 2683
f 2873 2874 2679
f 2874 2677 2679
f 2874 2875 2675
f 2875 2673 2675
f 2875 2876 2671
f 2876 2669 2671
f 2876 2877 2667
f 2877 2665 2667
f 2877 2878 2663
f 2878 2661 2663
f 2878 2879 2659
f 2879 2657 2659
f 2879 2880 2655
f 2880 2653 2655
f 2880 2881 2651
f 2881 2649 2651
f 2881 2882 2647
f 2882 2645 2647
f 2882 2883 2643
f 2883 2641 2643
f 2884 2637 2639
f 2639 2883 2884
f 2884 2885 2635
f 2885 2633 2635
f 2886 2629 2631
f 2631 2885 2886
f 2887 2625 2627
f 2627 2886 2887
f 2888 2621 2623
f 2623 2887 2888
f 2888 2889 2619
f 2889 2617 2619
f 2889 2890 2615
f 2890 2613 2615
f 2891 2609 2611
f 2611 2890 2891
f 2891 2892 2607
f 2892 2605 2607
f 2893 2601 2603
f 2603 2892 2893
f 2894 2597 2599
f 2599 2893 2894
f 2894 2895 2595
f 2895 2593 2595
f 2895 2896 2591
f 2896 2589 2591
f 2897 2585 2587
f 2587 2896 2897
f 2898 2581 2583
f 2583 2897 2898
f 2898 2899 2579
f 2899 2577 2579
f 2899 2900 2575
f 2900 2573 2575
f 2900 2901 2571
f 2901 2569 2571
f 2901 2902 2567
f 2902 2565 2567
f 2902 2903 2563
f 2903 2561 2563
f 2903 2904 2559
f 2904 2557 2559
f 2904 2905 2555
f 2905 2553 2555
f 2905 2906 2551
f 2906 2549 2551
f 2907 2545 2547
f 2547 2906 2907
f 2908 2541 2543
f 2543 2907 2908
f 2908 2909 2539
f 2909 2537 2539
f 2910 2533 2535
f 2535 2909 2910
f 2911 2529 2531
f 2531 2910 2911
f 2911 2912 2527
f 2912 2525 2527
f 2912 2913 2523
f 2913 2521 2523
f 2914 2517 2519
f 2519 2913 2914
f 2915 2513 2515
f 2515 2914 2915
f 2916 2509 2511
f 2511 2915 2916
f 2916 2917 2507
f 2917 2505 2507
f 2917 2918 2503
f 2918 2501 2503
f 2919 2497 2499
f 2499 2918 2919
f 2919 2920 2495
f 2920 2493 2495
f 2920 2921 2491
f 2921 2489 2491
f 2922 2485 2487
f 2487 2921 2922
f 2922 2923 2483
f 2923 2481 2483
f 2923 2833 2479
f 2833 2817 2479
f 2479 2481 2923
f 2483 2485 2922
f 2487 2489 2921
f 2491 2493 2920
f 2495 2497 2919
f 2499 2501 2918
f 2503 2505 2917
f 2507 2509 2916
f 2511 2513 2915
f 2515 2517 2914
f 2519 2521 2913
f 2523 2525 2912
f 2527 2529 2911
f 2531 2533 2910
f 2535 2537 2909
f 2539 2541 2908
f 2543 2545 2907
f 2547 2549 2906
f 2551 2553 2905
f 2555 2557 2904
f 2559 2561 2903
f 2563 2565 2902
f 2567 2569 2901
f 2571 2573 2900
f 2575 2577 2899
f 2579 2581 2898
f 2583 2585 2897
f 2587 2589 2896
f 2591 2593 2895
f 2595 2597 2894
f 2599 2601 2893
f 2603 2605 2892
f 2607 2609 2891
f 2611 2613 2890
f 2615 2617 2889
f 2619 2621 2888
f 2623 2625 2887
f 2627 2629 2886
f 2631 2633 2885
f 2635 2637 2884
f 2639 2641 2883
f 2643 2645 2882
f 2647 2649 2881
f 2651 2653 2880
f 2655 2657 2879
f 2659 2661 2878
f 2663 2665 2877
f 2667 2669 2876
f 2671 2673 2875
f 2675 2677 2874
f 2679 2681 2873
f 2683 2685 2872
f 2687 2689 2871
f 2691 2693 2870
f 2695 2697 2869
f 2699 2701 2868
f 2703 2705 2867
f 2707 2709 2866
f 2711 2713 2865
f 2715 2717 2864
f 2719 2721 2863
f 2723 2725 2862
f 2727 2729 2861
f 2731 2733 2860
f 2735 2737 2859
f 2739 2818 2858
f 2819 2820 2857
f 2821 2822 2856
f 2824 2823 2855
f 2825 2826 2854
f 2827 2828 2853
f 2829 2830 2852
f 2831 2742 2851
f 2744 2746 2850
f 2748 2750 2849
f 2752 2754 2848
f 2756 2758 2847
f 2760 2762 2846
f 2764 2766 2845
f 2768 2770 2844
f 2772 2774 2843
f 2776 2778 2842
f 2780 2782 2841
f 2784 2786 2840
f 2788 2790 2839
f 2792 2794 2838
f 2796 2798 2837
f 2800 2802 2836
f 2804 2806 2835
f 2808 2810 2834
f 2812 2814 2832
f 2816 2817 2833
f 2924 2925 2926
f 2927 2928 2926
f 2924 2929 2930
f 2926 2925 2927
f 2931 2932 2933
f 2931 2934 2935
f 2926 2929 2924
f 2934 2931 2936
f 2937 2938 2939
f 2935 2932 2931
f 2936 2924 2934
f 2937 2940 2941
f 2939 2942 2937
f 2943 2944 2945
f 2930 2934 2924
f 2942 2940 2937
f 2943 2946 2947
f 2945 2948 2943
f 2948 2946 2943
f 2949 2950 2951
f 2949 2952 2953
f 2954 2955 2956
f 2957 2958 2959
f 2941 2931 2937
f 2937 2949 2960
f 2961 2962 2264
f 2963 2964 2965
f 2966 2967 2968
f 2967 2966 2969
f 2264 2970 2971
f 2264 2972 2973
f 2264 2974 2975
f 2943 2976 2977
f 2947 2976 2943
f 2943 2949 2978
f 2953 2950 2949
f 2954 2979 2980
f 2956 2981 2954
f 2981 2979 2954
f 2959 2982 2957
f 2957 2927 2983
f 2960 2938 2937
f 2927 2957 2984
f 2264 2963 2961
f 2965 2985 2963
f 2969 2986 2967
f 2964 2963 2987
f 2264 2988 2989
f 2973 2970 2264
f 2971 2988 2264
f 2264 2990 2991
f 2264 2992 2974
f 2975 2993 2264
f 2264 2994 2995
f 2264 2996 2997
f 2943 2998 2999
f 2943 3000 3001
f 2977 3002 2943
f 3002 3000 2943
f 2978 2944 2943
f 2951 3003 2949
f 2954 3004 3005
f 2954 3006 3007
f 2983 2958 2957
f 2984 2928 2927
f 3006 3008 3009
f 3006 2954 3010
f 3011 3012 3013
f 1576 3014 3015
f 1631 3016 3017
f 2985 2961 2963
f 2987 2966 2964
f 2264 3018 3019
f 2989 3020 2264
f 2991 2972 2264
f 2264 3021 3022
f 2264 3023 3024
f 2997 2994 2264
f 2995 3023 2264
f 2999 3025 2943
f 3003 2978 2949
f 2949 2937 3026
f 3005 2955 2954
f 2980 3027 2954
f 3007 3028 2954
f 3028 3004 2954
f 2933 2937 2931
f 3010 3008 3006
f 3029 3030 3031
f 3032 3033 3034
f 3033 3032 2986
f 3013 3035 3011
f 3035 3036 3011
f 3037 3038 3039
f 3037 3040 3041
f 3037 3042 3043
f 3037 3044 3045
f 1576 3046 3014
f 1576 3047 3048
f 1576 3049 3050
f 3017 1576 1631
f 1631 3051 3052
f 1631 3053 3054
f 1631 3055 3056
f 1631 3057 3058
f 2968 2964 2966
f 3020 3018 2264
f 2993 2990 2264
f 3022 3059 2264
f 3059 2992 2264
f 2264 3060 3061
f 3024 3060 2264
f 1179 3062 3063
f 1179 3064 3065
f 1179 3066 3067
f 1179 3068 3069
f 3070 3027 3071
f 3001 2998 2943
f 3026 2952 2949
f 3009 2957 3006
f 1179 3072 3073
f 1179 3074 3075
f 3076 2943 3077
f 3029 3078 3030
f 3031 3011 3029
f 3029 3079 3080
f 2986 2969 3033
f 3079 3029 3081
f 3011 3082 3083
f 3011 3084 3085
f 3036 3084 3011
f 3037 3086 3087
f 3041 3038 3037
f 3045 3042 3037
f 3037 3088 3089
f 1293 3090 3091
f 3048 3046 1576
f 3017 3049 1576
f 3054 3051 1631
f 3058 3055 1631
f 1631 2264 3092
f 2264 3093 3094
f 2264 3095 3096
f 3019 2963 2264
f 3061 3021 2264
f 3063 2264 1179
f 3063 2996 2264
f 3065 3097 1179
f 3097 3098 1179
f 3067 3099 1179
f 3099 3100 1179
f 3069 3101 1179
f 3101 3066 1179
f 1179 3102 3103
f 3071 1179 3070
f 3071 3102 1179
f 2982 3006 2957
f 3027 3104 3105
f 3027 3070 3106
f 3073 3107 1179
f 3107 3108 1179
f 3075 3109 1179
f 3109 3110 1179
f 1179 1176 3111
f 2943 3112 3113
f 3077 3114 3076
f 3080 3078 3029
f 3081 3032 3079
f 3011 3115 3116
f 3083 3117 3011
f 3117 3115 3011
f 3011 3118 3119
f 3037 3120 3012
f 3037 3121 3122
f 3087 3123 3037
f 3037 3124 3125
f 3043 3040 3037
f 3089 3126 3037
f 3126 3044 3037
f 3127 3128 3129
f 1176 3130 3131
f 1176 3132 3133
f 1176 3134 3135
f 1293 3136 3137
f 1293 3138 3139
f 3140 3141 3142
f 3143 3144 3145
f 3144 3143 2943
f 3146 3147 3148
f 1293 3149 3150
f 1293 3151 3152
f 1293 3153 3154
f 3091 3155 1293
f 1576 3156 3047
f 3050 3157 1576
f 3056 3053 1631
f 1631 3158 3159
f 1631 3160 3161
f 2264 3162 3092
f 3096 3093 2264
f 3098 3062 1179
f 3106 3104 3027
f 3108 3163 1179
f 3110 3072 1179
f 3111 3164 1179
f 3076 3112 2943
f 3037 3011 3165
f 3034 3079 3032
f 3116 3029 3011
f 3119 3166 3011
f 3166 3167 3011
f 3012 3011 3037
f 3085 3118 3011
f 3122 3168 3037
f 3168 3120 3037
f 3125 3086 3037
f 3039 3124 3037
f 3128 3169 3170
f 3128 3171 3172
f 3128 3173 3174
f 3128 3175 3176
f 3128 3177 3178
f 3128 3179 3180
f 3128 3181 3182
f 3129 3183 3127
f 3127 3181 3128
f 3129 3184 3185
f 1176 3186 3187
f 3131 3188 1176
f 1176 3189 3190
f 1176 3191 3192
f 3135 3132 1176
f 3133 3191 1176
f 3137 1176 1293
f 3137 3134 1176
f 3139 3193 1293
f 3193 3136 1293
f 1293 3194 3195
f 3140 3196 3141
f 3142 3146 3140
f 3140 3197 3198
f 2943 3199 3144
f 3197 3140 3200
f 3146 3201 3202
f 3148 3203 3146
f 3203 3204 3146
f 3146 3205 3206
f 3146 1293 3207
f 1293 3208 3209
f 3152 3149 1293
f 3155 3153 1293
f 3157 3156 1576
f 1631 3210 3211
f 3159 3057 1631
f 3092 3160 1631
f 2264 3212 3213
f 2264 3214 3215
f 2962 3095 2264
f 1179 3216 3217
f 1179 3218 3219
f 1179 3220 3221
f 1179 3222 3223
f 1179 3224 3225
f 1179 3100 3226
f 3103 3068 1179
f 3105 2954 3027
f 3164 3074 1179
f 2943 3227 3228
f 3113 3227 2943
f 3077 3037 3114
f 3165 3229 3037
f 3229 3230 3037
f 3167 3082 3011
f 3037 3231 3232
f 3128 3233 3169
f 3170 3234 3128
f 3128 3235 3171
f 3172 3233 3128
f 3176 3173 3128
f 3180 3177 3128
f 3129 3236 3237
f 3185 3238 3129
f 3238 3236 3129
f 1176 3239 3240
f 1176 3241 3242
f 3188 3186 1176
f 1176 3243 3244
f 1176 3245 3246
f 3192 3189 1176
f 3190 3247 1176
f 3195 3138 1293
f 3198 3196 3140
f 3200 3143 3197
f 3146 3248 3249
f 3202 3250 3146
f 3250 3248 3146
f 3146 3251 3252
f 3204 3253 3146
f 3146 3254 3255
f 3146 3256 3205
f 3206 3254 3146
f 3209 3207 1293
f 1293 3257 3258
f 3154 3151 1293
f 1293 3259 3260
f 3211 3016 1631
f 3161 3158 1631
f 2264 3261 3262
f 2264 3263 3264
f 3215 3212 2264
f 3219 3216 1179
f 1179 3265 3266
f 1179 3267 3268
f 1179 3269 3270
f 1179 3271 3272
f 3223 3220 1179
f 3226 3224 1179
f 3025 3199 2943
f 3230 3114 3037
f 3123 3121 3037
f 3232 3273 3037
f 3273 3274 3037
f 3174 3275 3128
f 3182 3179 3128
f 3129 3276 3277
f 3129 3278 3279
f 3129 3280 3281
f 3129 3282 3283
f 3237 3284 3129
f 3240 3285 1176
f 3285 3286 1176
f 3242 3287 1176
f 3287 3239 1176
f 1176 3288 3289
f 1176 3290 3291
f 3244 3130 1176
f 3187 3290 1176
f 3246 3292 1176
f 3292 3243 1176
f 3247 3245 1176
f 1293 3293 3294
f 1293 3295 3296
f 1293 3146 3297
f 3145 3197 3143
f 3249 3140 3146
f 3252 3298 3146
f 3298 3299 3146
f 3253 3251 3146
f 3255 3147 3146
f 3258 3208 1293
f 3260 3090 1293
f 3052 3210 1631
f 3264 3261 2264
f 3213 3300 2264
f 3217 3064 1179
f 3268 3265 1179
f 3272 3269 1179
f 1179 3301 3302
f 3225 3222 1179
f 3163 3070 1179
f 3037 3303 3304
f 3274 3303 3037
f 3037 3305 3306
f 3037 3129 3307
f 3275 3235 3128
f 3128 3308 3309
f 3277 3183 3129
f 3281 3278 3129
f 3129 3310 3311
f 3283 3312 3129
f 3312 3313 3129
f 3129 3284 3314
f 3129 3037 3184
f 1176 3315 3316
f 1176 3317 3318
f 1176 3319 3320
f 1176 3286 3321
f 3291 3288 1176
f 1293 3322 3323
f 3296 3293 1293
f 3294 3322 1293
f 3297 3324 1293
f 3324 3325 1293
f 3299 3201 3146
f 3150 3257 1293
f 3262 3162 2264
f 3094 3214 2264
f 3266 3326 1179
f 3302 3271 1179
f 3307 3305 3037
f 3306 3231 3037
f 3309 3175 3128
f 3279 3276 3129
f 3311 3327 3129
f 3327 3328 3129
f 3313 3329 3129
f 3129 3330 3331
f 3314 3330 3129
f 3318 3315 1176
f 3321 3319 1176
f 3289 3241 1176
f 3325 3295 1293
f 3207 3256 3146
f 1293 3332 3333
f 1293 3334 3335
f 3300 3263 2264
f 3270 3267 1179
f 3228 2949 2943
f 3178 3308 3128
f 3328 3280 3129
f 3331 3282 3129
f 3320 3317 1176
f 1293 3336 3337
f 3335 3332 1293
f 1293 3338 3339
f 1293 3340 3341
f 3326 3218 1179
f 3304 3088 3037
f 3221 3301 1179
f 3333 3336 1293
f 3341 3338 1293
f 1293 3342 3343
f 1293 3344 3345
f 3329 3310 3129
f 3323 3194 1293
f 3339 3334 1293
f 3345 3342 1293
f 1293 3346 3347
f 1576 3128 3234
f 1576 3348 3349
f 1576 3350 3351
f 3015 3352 1576
f 3337 3259 1293
f 1293 3353 3354
f 3347 3344 1293
f 1576 3355 3128
f 3351 3348 1576
f 1576 3356 3357
f 3316 3111 1176
f 3343 3353 1293
f 1576 3358 3359
f 1576 3360 3361
f 1576 3362 3363
f 3234 3364 1576
f 3357 3350 1576
f 1576 3352 3365
f 3354 3340 1293
f 1293 3366 3367
f 3359 1293 1576
f 1576 3368 3369
f 3363 3360 1576
f 3349 3355 1576
f 1293 3370 3371
f 3359 3366 1293
f 3361 3368 1576
f 3365 3362 1576
f 3367 3370 1293
f 3364 3358 1576
f 3369 3356 1576
f 3371 3346 1293
f 3319 3372 3373
f 3320 3373 3374
f 3317 3374 3375
f 3318 3375 3376
f 3315 3376 3377
f 3316 3377 3378
f 3111 3378 3379
f 3164 3379 3380
f 3074 3380 3381
f 3075 3381 3382
f 3109 3382 3383
f 3110 3383 3384
f 3072 3384 3385
f 3073 3385 3386
f 3107 3386 3387
f 3108 3387 3388
f 3163 3388 3389
f 3070 3389 3390
f 3106 3390 3391
f 3104 3391 3392
f 3105 3392 3393
f 2954 3393 3394
f 3010 3394 3395
f 3008 3395 3396
f 3009 3396 3397
f 2957 3397 3398
f 2984 3398 3399
f 2928 3399 3400
f 2926 3400 3401
f 2929 3401 3402
f 2930 3402 3403
f 2934 3403 3404
f 2935 3404 3405
f 2932 3405 3406
f 2933 3406 3407
f 2937 3407 3408
f 3026 3408 3409
f 2952 3409 3410
f 2953 3410 3411
f 2950 3411 3412
f 2951 3412 3413
f 3003 3413 3414
f 2978 3414 3415
f 2944 3415 3416
f 2945 3416 3417
f 2948 3417 3418
f 2946 3418 3419
f 2947 3419 3420
f 2976 3420 3421
f 2977 3421 3422
f 3002 3422 3423
f 3000 3423 3424
f 3001 3424 3425
f 2998 3425 3426
f 2999 3426 3427
f 3025 3427 3428
f 3199 3428 3429
f 3144 3429 3430
f 3145 3430 3431
f 3197 3431 3432
f 3198 3432 3433
f 3196 3433 3434
f 3141 3434 3435
f 3142 3435 3436
f 3146 3436 3437
f 3297 3437 3438
f 3324 3438 3439
f 3325 3439 3440
f 3295 3440 3441
f 3296 3441 3442
f 3293 3442 3443
f 3294 3443 3444
f 3322 3444 3445
f 3323 3445 3446
f 3194 3446 3447
f 3195 3447 3448
f 3138 3448 3449
f 3139 3449 3450
f 3193 3450 3451
f 3136 3451 3452
f 3137 3452 3453
f 3134 3453 3454
f 3135 3454 3455
f 3132 3455 3456
f 3133 3456 3457
f 3191 3457 3458
f 3192 3458 3459
f 3189 3459 3460
f 3190 3460 3461
f 3247 3461 3462
f 3245 3462 3463
f 3246 3463 3464
f 3292 3464 3465
f 3243 3465 3466
f 3244 3466 3467
f 3130 3467 3468
f 3131 3468 3469
f 3188 3469 3470
f 3186 3470 3471
f 3187 3471 3472
f 3290 3472 3473
f 3291 3473 3474
f 3288 3474 3475
f 3289 3475 3476
f 3241 3476 3477
f 3242 3477 3478
f 3287 3478 3479
f 3239 3479 3480
f 3240 3480 3481
f 3285 3481 3482
f 3286 3482 3483
f 3321 3483 3372
f 3372 3319 3321
f 3483 3321 3286
f 3482 3286 3285
f 3481 3285 3240
f 3480 3240 3239
f 3479 3239 3287
f 3478 3287 3242
f 3477 3242 3241
f 3476 3241 3289
f 3475 3289 3288
f 3474 3288 3291
f 3473 3291 3290
f 3472 3290 3187
f 3471 3187 3186
f 3470 3186 3188
f 3469 3188 3131
f 3468 3131 3130
f 3467 3130 3244
f 3466 3244 3243
f 3465 3243 3292
f 3464 3292 3246
f 3463 3246 3245
f 3462 3245 3247
f 3461 3247 3190
f 3460 3190 3189
f 3459 3189 3192
f 3458 3192 3191
f 3457 3191 3133
f 3456 3133 3132
f 3455 3132 3135
f 3454 3135 3134
f 3453 3134 3137
f 3452 3137 3136
f 3451 3136 3193
f 3450 3193 3139
f 3449 3139 3138
f 3448 3138 3195
f 3447 3195 3194
f 3446 3194 3323
f 3445 3323 3322
f 3444 3322 3294
f 3443 3294 3293
f 3442 3293 3296
f 3441 3296 3295
f 3440 3295 3325
f 3439 3325 3324
f 3438 3324 3297
f 3437 3297 3146
f 3436 3146 3142
f 3435 3142 3141
f 3434 3141 3196
f 3433 3196 3198
f 3432 3198 3197
f 3431 3197 3145
f 3430 3145 3144
f 3429 3144 3199
f 3428 3199 3025
f 3427 3025 2999
f 3426 2999 2998
f 3425 2998 3001
f 3424 3001 3000
f 3423 3000 3002
f 3422 3002 2977
f 3421 2977 2976
f 3420 2976 2947
f 3419 2947 2946
f 3418 2946 2948
f 3417 2948 2945
f 3416 2945 2944
f 3415 2944 2978
f 3414 2978 3003
f 3413 3003 2951
f 3412 2951 2950
f 3411 2950 2953
f 3410 2953 2952
f 3409 2952 3026
f 3408 3026 2937
f 3407 2937 2933
f 3406 2933 2932
f 3405 2932 2935
f 3404 2935 2934
f 3403 2934 2930
f 3402 2930 2929
f 3401 2929 2926
f 3400 2926 2928
f 3399 2928 2984
f 3398 2984 2957
f 3397 2957 3009
f 3396 3009 3008
f 3395 3008 3010
f 3394 3010 2954
f 3393 2954 3105
f 3392 3105 3104
f 3391 3104 3106
f 3390 3106 3070
f 3389 3070 3163
f 3388 3163 3108
f 3387 3108 3107
f 3386 3107 3073
f 3385 3073 3072
f 3384 3072 3110
f 3383 3110 3109
f 3382 3109 3075
f 3381 3075 3074
f 3380 3074 3164
f 3379 3164 3111
f 3378 3111 3316
f 3377 3316 3315
f 3376 3315 3318
f 3375 3318 3317
f 3374 3317 3320
f 3373 3320 3319
f 3460 3459 3484
f 3458 3457 3485
f 3456 3486 3485
f 3455 3487 3486
f 3413 3412 3488
f 3407 3406 3489
f 3384 3490 3491
f 3464 3463 3492
f 3462 3493 3492
f 3494 3461 3460
f 3459 3458 3495
f 3485 3457 3456
f 3486 3456 3455
f 3454 3453 3496
f 3453 3452 3497
f 3449 3498 3499
f 3443 3500 3501
f 3423 3422 3502
f 3421 3503 3502
f 3414 3504 3505
f 3504 3414 3413
f 3408 3506 3507
f 3506 3408 3407
f 3401 3400 3508
f 3400 3399 3509
f 3398 3510 3509
f 3385 3491 3511
f 3491 3385 3384
f 3378 3512 3513
f 3377 3376 3514
f 3376 3375 3515
f 3480 3516 3517
f 3479 3518 3516
f 3466 3465 3519
f 3465 3464 3520
f 3492 3463 3462
f 3461 3494 3493
f 3495 3484 3459
f 3455 3454 3487
f 3497 3496 3453
f 3451 3521 3497
f 3450 3499 3521
f 3499 3450 3449
f 3448 3447 3522
f 3501 3444 3443
f 3442 3441 3523
f 3435 3434 3524
f 3433 3525 3524
f 3424 3423 3526
f 3502 3422 3421
f 3419 3418 3527
f 3417 3416 3528
f 3415 3505 3528
f 3488 3504 3413
f 3412 3411 3529
f 3409 3507 3530
f 3489 3506 3407
f 3405 3404 3531
f 3403 3532 3531
f 3533 3402 3401
f 3509 3399 3398
f 3384 3383 3490
f 3383 3382 3534
f 3382 3381 3535
f 3380 3536 3535
f 3379 3513 3536
f 3513 3379 3378
f 3515 3514 3376
f 3374 3537 3515
f 3372 3538 3539
f 3372 3483 3540
f 3482 3481 3517
f 3516 3480 3479
f 3478 3477 3541
f 3472 3471 3542
f 3470 3469 3543
f 3468 3544 3543
f 3467 3545 3544
f 3545 3467 3466
f 3492 3520 3464
f 3484 3494 3460
f 3496 3487 3454
f 3521 3451 3450
f 3522 3498 3448
f 3447 3446 3546
f 3444 3501 3547
f 3523 3500 3442
f 3441 3440 3548
f 3439 3549 3548
f 3437 3550 3551
f 3524 3434 3433
f 3432 3552 3525
f 3425 3424 3553
f 3502 3526 3423
f 3420 3554 3503
f 3554 3420 3419
f 3418 3417 3555
f 3528 3416 3415
f 3529 3488 3412
f 3411 3410 3530
f 3507 3409 3408
f 3406 3405 3556
f 3531 3404 3403
f 3402 3533 3532
f 3509 3508 3400
f 3396 3557 3558
f 3395 3394 3559
f 3394 3393 3560
f 3392 3561 3560
f 3391 3562 3561
f 3534 3490 3383
f 3535 3381 3380
f 3378 3377 3512
f 3515 3375 3374
f 3373 3539 3537
f 3540 3538 3372
f 3517 3481 3480
f 3518 3479 3478
f 3477 3476 3563
f 3476 3475 3564
f 3474 3565 3564
f 3473 3566 3565
f 3566 3473 3472
f 3471 3470 3567
f 3543 3469 3468
f 3519 3545 3466
f 3493 3462 3461
f 3497 3452 3451
f 3546 3522 3447
f 3445 3547 3546
f 3443 3442 3500
f 3548 3440 3439
f 3438 3551 3549
f 3551 3438 3437
f 3436 3435 3568
f 3525 3433 3432
f 3431 3569 3552
f 3426 3570 3571
f 3570 3426 3425
f 3503 3421 3420
f 3555 3527 3418
f 3505 3415 3414
f 3530 3410 3409
f 3531 3556 3405
f 3508 3533 3401
f 3397 3558 3510
f 3558 3397 3396
f 3560 3559 3394
f 3561 3392 3391
f 3390 3572 3562
f 3535 3534 3382
f 3514 3512 3377
f 3539 3373 3372
f 3483 3482 3573
f 3541 3518 3478
f 3564 3563 3476
f 3565 3474 3473
f 3567 3542 3471
f 3544 3468 3467
f 3485 3495 3458
f 3546 3446 3445
f 3548 3523 3441
f 3437 3436 3550
f 3524 3568 3435
f 3552 3432 3431
f 3430 3429 3574
f 3553 3570 3425
f 3527 3554 3419
f 3530 3529 3411
f 3532 3403 3402
f 3396 3395 3557
f 3560 3393 3392
f 3562 3391 3390
f 3389 3388 3575
f 3536 3380 3379
f 3573 3540 3483
f 3563 3541 3477
f 3542 3566 3472
f 3520 3519 3465
f 3547 3445 3444
f 3568 3550 3436
f 3574 3569 3430
f 3526 3553 3424
f 3556 3489 3406
f 3559 3557 3395
f 3575 3572 3389
f 3388 3387 3576
f 3386 3511 3576
f 3537 3374 3373
f 3564 3475 3474
f 3449 3448 3498
f 3431 3430 3569
f 3528 3555 3417
f 3390 3389 3572
f 3576 3387 3386
f 3517 3573 3482
f 3549 3439 3438
f 3429 3428 3577
f 3427 3571 3577
f 3510 3398 3397
f 3511 3386 3385
f 3577 3574 3429
f 3571 3427 3426
f 3543 3567 3470
f 3576 3575 3388
f 3577 3428 3427
f 3574 3577 3578
f 3569 3574 3579
f 3552 3569 3580
f 3525 3552 3581
f 3524 3525 3582
f 3568 3524 3583
f 3550 3568 3584
f 3551 3550 3585
f 3549 3551 3586
f 3548 3549 3587
f 3523 3548 3588
f 3500 3523 3589
f 3501 3500 3590
f 3547 3501 3591
f 3546 3547 3592
f 3522 3546 3593
f 3498 3522 3594
f 3499 3498 3595
f 3521 3499 3596
f 3497 3521 3597
f 3496 3497 3598
f 3487 3496 3599
f 3486 3487 3600
f 3485 3486 3601
f 3495 3485 3602
f 3484 3495 3603
f 3494 3484 3604
f 3493 3494 3605
f 3492 3493 3606
f 3520 3492 3607
f 3519 3520 3608
f 3545 3519 3609
f 3544 3545 3610
f 3543 3544 3611
f 3567 3543 3612
f 3542 3567 3613
f 3566 3542 3614
f 3565 3566 3615
f 3564 3565 3616
f 3563 3564 3617
f 3541 3563 3618
f 3518 3541 3619
f 3516 3518 3620
f 3517 3516 3621
f 3573 3517 3622
f 3540 3573 3623
f 3539 3538 3624
f 3625 3624 3538
f 3538 3540 3625
f 3537 3539 3626
f 3515 3537 3627
f 3514 3515 3628
f 3512 3514 3629
f 3513 3512 3630
f 3536 3513 3631
f 3535 3536 3632
f 3534 3535 3633
f 3490 3534 3634
f 3491 3490 3635
f 3511 3491 3636
f 3576 3511 3637
f 3575 3576 3638
f 3572 3575 3639
f 3562 3572 3640
f 3561 3562 3641
f 3560 3561 3642
f 3559 3560 3643
f 3557 3559 3644
f 3558 3557 3645
f 3510 3558 3646
f 3509 3510 3647
f 3508 3509 3648
f 3533 3508 3649
f 3532 3533 3650
f 3531 3532 3651
f 3556 3531 3652
f 3489 3556 3653
f 3506 3489 3654
f 3507 3506 3655
f 3530 3507 3656
f 3529 3530 3657
f 3488 3529 3658
f 3504 3488 3659
f 3505 3504 3660
f 3528 3505 3661
f 3555 3528 3662
f 3527 3555 3663
f 3554 3527 3664
f 3503 3554 3665
f 3502 3503 3666
f 3526 3502 3667
f 3553 3526 3668
f 3570 3553 3669
f 3571 3570 3670
f 3577 3571 3671
f 3671 3578 3577
f 3670 3671 3571
f 3669 3670 3570
f 3668 3669 3553
f 3667 3668 3526
f 3666 3667 3502
f 3665 3666 3503
f 3664 3665 3554
f 3663 3664 3527
f 3662 3663 3555
f 3661 3662 3528
f 3660 3661 3505
f 3659 3660 3504
f 3658 3659 3488
f 3657 3658 3529
f 3656 3657 3530
f 3655 3656 3507
f 3654 3655 3506
f 3653 3654 3489
f 3652 3653 3556
f 3651 3652 3531
f 3650 3651 3532
f 3649 3650 3533
f 3648 3649 3508
f 3647 3648 3509
f 3646 3647 3510
f 3645 3646 3558
f 3644 3645 3557
f 3643 3644 3559
f 3642 3643 3560
f 3641 3642 3561
f 3640 3641 3562
f 3639 3640 3572
f 3638 3639 3575
f 3637 3638 3576
f 3636 3637 3511
f 3635 3636 3491
f 3634 3635 3490
f 3633 3634 3534
f 3632 3633 3535
f 3631 3632 3536
f 3630 3631 3513
f 3629 3630 3512
f 3628 3629 3514
f 3627 3628 3515
f 3626 3627 3537
f 3624 3626 3539
f 3623 3625 3540
f 3622 3623 3573
f 3621 3622 3517
f 3620 3621 3516
f 3619 3620 3518
f 3618 3619 3541
f 3617 3618 3563
f 3616 3617 3564
f 3615 3616 3565
f 3614 3615 3566
f 3613 3614 3542
f 3612 3613 3567
f 3611 3612 3543
f 3610 3611 3544
f 3609 3610 3545
f 3608 3609 3519
f 3607 3608 3520
f 3606 3607 3492
f 3605 3606 3493
f 3604 3605 3494
f 3603 3604 3484
f 3602 3603 3495
f 3601 3602 3485
f 3600 3601 3486
f 3599 3600 3487
f 3598 3599 3496
f 3597 3598 3497
f 3596 3597 3521
f 3595 3596 3499
f 3594 3595 3498
f 3593 3594 3522
f 3592 3593 3546
f 3591 3592 3547
f 3590 3591 3501
f 3589 3590 3500
f 3588 3589 3523
f 3587 3588 3548
f 3586 3587 3549
f 3585 3586 3551
f 3584 3585 3550
f 3583 3584 3568
f 3582 3583 3524
f 3581 3582 3525
f 3580 3581 3552
f 3579 3580 3569
f 3578 3579 3574
f 2943 3672 3673
f 3077 3673 3674
f 3037 3674 3675
f 3184 3675 3676
f 3185 3676 3677
f 3238 3677 3678
f 3236 3678 3679
f 3237 3679 3680
f 3284 3680 3681
f 3314 3681 3682
f 3330 3682 3683
f 3331 3683 3684
f 3282 3684 3685
f 3283 3685 3686
f 3312 3686 3687
f 3313 3687 3688
f 3329 3688 3689
f 3310 3689 3690
f 3311 3690 3691
f 3327 3691 3692
f 3328 3692 3693
f 3280 3693 3694
f 3281 3694 3695
f 3278 3695 3696
f 3279 3696 3697
f 3276 3697 3698
f 3277 3698 3699
f 3183 3699 3700
f 3127 3700 3701
f 3181 3701 3702
f 3182 3702 3703
f 3179 3703 3704
f 3180 3704 3705
f 3177 3705 3706
f 3178 3706 3707
f 3308 3707 3708
f 3309 3708 3709
f 3175 3709 3710
f 3176 3710 3711
f 3173 3711 3712
f 3174 3712 3713
f 3275 3713 3714
f 3235 3714 3715
f 3171 3715 3716
f 3172 3716 3717
f 3233 3717 3718
f 3169 3718 3719
f 3170 3719 3720
f 3234 3720 3721
f 3364 3721 3722
f 3358 3722 3723
f 3359 3723 3724
f 3366 3724 3725
f 3367 3725 3726
f 3370 3726 3727
f 3371 3727 3728
f 3346 3728 3729
f 3347 3729 3730
f 3344 3730 3731
f 3345 3731 3732
f 3342 3732 3733
f 3343 3733 3734
f 3353 3734 3735
f 3354 3735 3736
f 3340 3736 3737
f 3341 3737 3738
f 3338 3738 3739
f 3339 3739 3740
f 3334 3740 3741
f 3335 3741 3742
f 3332 3742 3743
f 3333 3743 3744
f 3336 3744 3745
f 3337 3745 3746
f 3259 3746 3747
f 3260 3747 3748
f 3090 3748 3749
f 3091 3749 3750
f 3155 3750 3751
f 3153 3751 3752
f 3154 3752 3753
f 3151 3753 3754
f 3152 3754 3755
f 3149 3755 3756
f 3150 3756 3757
f 3257 3757 3758
f 3258 3758 3759
f 3208 3759 3760
f 3209 3760 3761
f 3207 3761 3762
f 3256 3762 3763
f 3205 3763 3764
f 3206 3764 3765
f 3254 3765 3766
f 3255 3766 3767
f 3147 3767 3768
f 3148 3768 3769
f 3203 3769 3770
f 3204 3770 3771
f 3253 3771 3772
f 3251 3772 3773
f 3252 3773 3774
f 3298 3774 3775
f 3299 3775 3776
f 3201 3776 3777
f 3202 3777 3778
f 3250 3778 3779
f 3248 3779 3780
f 3249 3780 3781
f 3140 3781 3782
f 3200 3782 3783
f 3143 3783 3672
f 3672 2943 3143
f 3783 3143 3200
f 3782 3200 3140
f 3781 3140 3249
f 3780 3249 3248
f 3779 3248 3250
f 3778 3250 3202
f 3777 3202 3201
f 3776 3201 3299
f 3775 3299 3298
f 3774 3298 3252
f 3773 3252 3251
f 3772 3251 3253
f 3771 3253 3204
f 3770 3204 3203
f 3769 3203 3148
f 3768 3148 3147
f 3767 3147 3255
f 3766 3255 3254
f 3765 3254 3206
f 3764 3206 3205
f 3763 3205 3256
f 3762 3256 3207
f 3761 3207 3209
f 3760 3209 3208
f 3759 3208 3258
f 3758 3258 3257
f 3757 3257 3150
f 3756 3150 3149
f 3755 3149 3152
f 3754 3152 3151
f 3753 3151 3154
f 3752 3154 3153
f 3751 3153 3155
f 3750 3155 3091
f 3749 3091 3090
f 3748 3090 3260
f 3747 3260 3259
f 3746 3259 3337
f 3745 3337 3336
f 3744 3336 3333
f 3743 3333 3332
f 3742 3332 3335
f 3741 3335 3334
f 3740 3334 3339
f 3739 3339 3338
f 3738 3338 3341
f 3737 3341 3340
f 3736 3340 3354
f 3735 3354 3353
f 3734 3353 3343
f 3733 3343 3342
f 3732 3342 3345
f 3731 3345 3344
f 3730 3344 3347
f 3729 3347 3346
f 3728 3346 3371
f 3727 3371 3370
f 3726 3370 3367
f 3725 3367 3366
f 3724 3366 3359
f 3723 3359 3358
f 3722 3358 3364
f 3721 3364 3234
f 3720 3234 3170
f 3719 3170 3169
f 3718 3169 3233
f 3717 3233 3172
f 3716 3172 3171
f 3715 3171 3235
f 3714 3235 3275
f 3713 3275 3174
f 3712 3174 3173
f 3711 3173 3176
f 3710 3176 3175
f 3709 3175 3309
f 3708 3309 3308
f 3707 3308 3178
f 3706 3178 3177
f 3705 3177 3180
f 3704 3180 3179
f 3703 3179 3182
f 3702 3182 3181
f 3701 3181 3127
f 3700 3127 3183
f 3699 3183 3277
f 3698 3277 3276
f 3697 3276 3279
f 3696 3279 3278
f 3695 3278 3281
f 3694 3281 3280
f 3693 3280 3328
f 3692 3328 3327
f 3691 3327 3311
f 3690 3311 3310
f 3689 3310 3329
f 3688 3329 3313
f 3687 3313 3312
f 3686 3312 3283
f 3685 3283 3282
f 3684 3282 3331
f 3683 3331 3330
f 3682 3330 3314
f 3681 3314 3284
f 3680 3284 3237
f 3679 3237 3236
f 3678 3236 3238
f 3677 3238 3185
f 3676 3185 3184
f 3675 3184 3037
f 3674 3037 3077
f 3673 3077 2943
f 3760 3759 3784
f 3758 3757 3785
f 3756 3786 3785
f 3755 3787 3786
f 3713 3712 3788
f 3707 3706 3789
f 3684 3790 3791
f 3764 3763 3792
f 3762 3793 3792
f 3794 3761 3760
f 3759 3758 3795
f 3785 3757 3756
f 3786 3756 3755
f 3754 3753 3796
f 3753 3752 3797
f 3749 3798 3799
f 3743 3800 3801
f 3723 3722 3802
f 3721 3803 3802
f 3714 3804 3805
f 3804 3714 3713
f 3708 3806 3807
f 3806 3708 3707
f 3701 3700 3808
f 3700 3699 3809
f 3698 3810 3809
f 3685 3791 3811
f 3791 3685 3684
f 3678 3812 3813
f 3677 3676 3814
f 3676 3675 3815
f 3780 3816 3817
f 3779 3818 3816
f 3766 3765 3819
f 3765 3764 3820
f 3792 3763 3762
f 3761 3794 3793
f 3795 3784 3759
f 3755 3754 3787
f 3797 3796 3753
f 3751 3821 3797
f 3750 3799 3821
f 3799 3750 3749
f 3748 3747 3822
f 3801 3744 3743
f 3742 3741 3823
f 3735 3734 3824
f 3733 3825 3824
f 3724 3723 3826
f 3802 3722 3721
f 3719 3718 3827
f 3717 3716 3828
f 3715 3805 3828
f 3788 3804 3713
f 3712 3711 3829
f 3709 3807 3830
f 3789 3806 3707
f 3705 3704 3831
f 3703 3832 3831
f 3833 3702 3701
f 3809 3699 3698
f 3684 3683 3790
f 3683 3682 3834
f 3682 3681 3835
f 3680 3836 3835
f 3679 3813 3836
f 3813 3679 3678
f 3815 3814 3676
f 3674 3837 3815
f 3672 3838 3839
f 3672 3783 3840
f 3782 3781 3817
f 3816 3780 3779
f 3778 3777 3841
f 3772 3771 3842
f 3770 3769 3843
f 3768 3844 3843
f 3767 3845 3844
f 3845 3767 3766
f 3792 3820 3764
f 3784 3794 3760
f 3796 3787 3754
f 3821 3751 3750
f 3822 3798 3748
f 3747 3746 3846
f 3744 3801 3847
f 3823 3800 3742
f 3741 3740 3848
f 3739 3849 3848
f 3737 3850 3851
f 3824 3734 3733
f 3732 3852 3825
f 3725 3724 3853
f 3802 3826 3723
f 3720 3854 3803
f 3854 3720 3719
f 3718 3717 3855
f 3828 3716 3715
f 3829 3788 3712
f 3711 3710 3830
f 3807 3709 3708
f 3706 3705 3856
f 3831 3704 3703
f 3702 3833 3832
f 3809 3808 3700
f 3696 3857 3858
f 3695 3694 3859
f 3694 3693 3860
f 3692 3861 3860
f 3691 3862 3861
f 3834 3790 3683
f 3835 3681 3680
f 3678 3677 3812
f 3815 3675 3674
f 3673 3839 3837
f 3840 3838 3672
f 3817 3781 3780
f 3818 3779 3778
f 3777 3776 3863
f 3776 3775 3864
f 3774 3865 3864
f 3773 3866 3865
f 3866 3773 3772
f 3771 3770 3867
f 3843 3769 3768
f 3819 3845 3766
f 3793 3762 3761
f 3797 3752 3751
f 3846 3822 3747
f 3745 3847 3846
f 3743 3742 3800
f 3848 3740 3739
f 3738 3851 3849
f 3851 3738 3737
f 3736 3735 3868
f 3825 3733 3732
f 3731 3869 3852
f 3726 3870 3871
f 3870 3726 3725
f 3803 3721 3720
f 3855 3827 3718
f 3805 3715 3714
f 3830 3710 3709
f 3831 3856 3705
f 3808 3833 3701
f 3697 3858 3810
f 3858 3697 3696
f 3860 3859 3694
f 3861 3692 3691
f 3690 3872 3862
f 3835 3834 3682
f 3814 3812 3677
f 3839 3673 3672
f 3783 3782 3873
f 3841 3818 3778
f 3864 3863 3776
f 3865 3774 3773
f 3867 3842 3771
f 3844 3768 3767
f 3785 3795 3758
f 3846 3746 3745
f 3848 3823 3741
f 3737 3736 3850
f 3824 3868 3735
f 3852 3732 3731
f 3730 3729 3874
f 3853 3870 3725
f 3827 3854 3719
f 3830 3829 3711
f 3832 3703 3702
f 3696 3695 3857
f 3860 3693 3692
f 3862 3691 3690
f 3689 3688 3875
f 3836 3680 3679
f 3873 3840 3783
f 3863 3841 3777
f 3842 3866 3772
f 3820 3819 3765
f 3847 3745 3744
f 3868 3850 3736
f 3874 3869 3730
f 3826 3853 3724
f 3856 3789 3706
f 3859 3857 3695
f 3875 3872 3689
f 3688 3687 3876
f 3686 3811 3876
f 3837 3674 3673
f 3864 3775 3774
f 3749 3748 3798
f 3731 3730 3869
f 3828 3855 3717
f 3690 3689 3872
f 3876 3687 3686
f 3817 3873 3782
f 3849 3739 3738
f 3729 3728 3877
f 3727 3871 3877
f 3810 3698 3697
f 3811 3686 3685
f 3877 3874 3729
f 3871 3727 3726
f 3843 3867 3770
f 3876 3875 3688
f 3877 3728 3727
f 3874 3877 3878
f 3869 3874 3879
f 3852 3869 3880
f 3825 3852 3881
f 3824 3825 3882
f 3868 3824 3883
f 3850 3868 3884
f 3851 3850 3885
f 3849 3851 3886
f 3848 3849 3887
f 3823 3848 3888
f 3800 3823 3889
f 3801 3800 3890
f 3847 3801 3891
f 3846 3847 3892
f 3822 3846 3893
f 3798 3822 3894
f 3799 3798 3895
f 3821 3799 3896
f 3797 3821 3897
f 3796 3797 3898
f 3787 3796 3899
f 3786 3787 3900
f 3785 3786 3901
f 3795 3785 3902
f 3784 3795 3903
f 3794 3784 3904
f 3793 3794 3905
f 3792 3793 3906
f 3820 3792 3907
f 3819 3820 3908
f 3845 3819 3909
f 3844 3845 3910
f 3843 3844 3911
f 3867 3843 3912
f 3842 3867 3913
f 3866 3842 3914
f 3865 3866 3915
f 3864 3865 3916
f 3863 3864 3917
f 3841 3863 3918
f 3818 3841 3919
f 3816 3818 3920
f 3817 3816 3921
f 3873 3817 3922
f 3840 3873 3923
f 3839 3838 3924
f 3925 3924 3838
f 3838 3840 3925
f 3837 3839 3926
f 3815 3837 3927
f 3814 3815 3928
f 3812 3814 3929
f 3813 3812 3930
f 3836 3813 3931
f 3835 3836 3932
f 3834 3835 3933
f 3790 3834 3934
f 3791 3790 3935
f 3811 3791 3936
f 3876 3811 3937
f 3875 3876 3938
f 3872 3875 3939
f 3862 3872 3940
f 3861 3862 3941
f 3860 3861 3942
f 3859 3860 3943
f 3857 3859 3944
f 3858 3857 3945
f 3810 3858 3946
f 3809 3810 3947
f 3808 3809 3948
f 3833 3808 3949
f 3832 3833 3950
f 3831 3832 3951
f 3856 3831 3952
f 3789 3856 3953
f 3806 3789 3954
f 3807 3806 3955
f 3830 3807 3956
f 3829 3830 3957
f 3788 3829 3958
f 3804 3788 3959
f 3805 3804 3960
f 3828 3805 3961
f 3855 3828 3962
f 3827 3855 3963
f 3854 3827 3964
f 3803 3854 3965
f 3802 3803 3966
f 3826 3802 3967
f 3853 3826 3968
f 3870 3853 3969
f 3871 3870 3970
f 3877 3871 3971
f 3971 3878 3877
f 3970 3971 3871
f 3969 3970 3870
f 3968 3969 3853
f 3967 3968 3826
f 3966 3967 3802
f 3965 3966 3803
f 3964 3965 3854
f 3963 3964 3827
f 3962 3963 3855
f 3961 3962 3828
f 3960 3961 3805
f 3959 3960 3804
f 3958 3959 3788
f 3957 3958 3829
f 3956 3957 3830
f 3955 3956 3807
f 3954 3955 3806
f 3953 3954 3789
f 3952 3953 3856
f 3951 3952 3831
f 3950 3951 3832
f 3949 3950 3833
f 3948 3949 3808
f 3947 3948 3809
f 3946 3947 3810
f 3945 3946 3858
f 3944 3945 3857
f 3943 3944 3859
f 3942 3943 3860
f 3941 3942 3861
f 3940 3941 3862
f 3939 3940 3872
f 3938 3939 3875
f 3937 3938 3876
f 3936 3937 3811
f 3935 3936 3791
f 3934 3935 3790
f 3933 3934 3834
f 3932 3933 3835
f 3931 3932 3836
f 3930 3931 3813
f 3929 3930 3812
f 3928 3929 3814
f 3927 3928 3815
f 3926 3927 3837
f 3924 3926 3839
f 3923 3925 3840
f 3922 3923 3873
f 3921 3922 3817
f 3920 3921 3816
f 3919 3920 3818
f 3918 3919 3841
f 3917 3918 3863
f 3916 3917 3864
f 3915 3916 3865
f 3914 3915 3866
f 3913 3914 3842
f 3912 3913 3867
f 3911 3912 3843
f 3910 3911 3844
f 3909 3910 3845
f 3908 3909 3819
f 3907 3908 3820
f 3906 3907 3792
f 3905 3906 3793
f 3904 3905 3794
f 3903 3904 3784
f 3902 3903 3795
f 3901 3902 3785
f 3900 3901 3786
f 3899 3900 3787
f 3898 3899 3796
f 3897 3898 3797
f 3896 3897 3821
f 3895 3896 3799
f 3894 3895 3798
f 3893 3894 3822
f 3892 3893 3846
f 3891 3892 3847
f 3890 3891 3801
f 3889 3890 3800
f 3888 3889 3823
f 3887 3888 3848
f 3886 3887 3849
f 3885 3886 3851
f 3884 3885 3850
f 3883 3884 3868
f 3882 3883 3824
f 3881 3882 3825
f 3880 3881 3852
f 3879 3880 3869
f 3878 3879 3874
f 2986 3972 3973
f 2967 3973 3974
f 2968 3974 3975
f 2964 3975 3976
f 2965 3976 3977
f 2985 3977 3978
f 2961 3978 3979
f 2962 3979 3980
f 3095 3980 3981
f 3096 3981 3982
f 3093 3982 3983
f 3094 3983 3984
f 3214 3984 3985
f 3215 3985 3986
f 3212 3986 3987
f 3213 3987 3988
f 3300 3988 3989
f 3263 3989 3990
f 3264 3990 3991
f 3261 3991 3992
f 3262 3992 3993
f 3162 3993 3994
f 3092 3994 3995
f 3160 3995 3996
f 3161 3996 3997
f 3158 3997 3998
f 3159 3998 3999
f 3057 3999 4000
f 3058 4000 4001
f 3055 4001 4002
f 3056 4002 4003
f 3053 4003 4004
f 3054 4004 4005
f 3051 4005 4006
f 3052 4006 4007
f 3210 4007 4008
f 3211 4008 4009
f 3016 4009 4010
f 3017 4010 4011
f 3049 4011 4012
f 3050 4012 4013
f 3157 4013 4014
f 3156 4014 4015
f 3047 4015 4016
f 3048 4016 4017
f 3046 4017 4018
f 3014 4018 4019
f 3015 4019 4020
f 3352 4020 4021
f 3365 4021 4022
f 3362 4022 4023
f 3363 4023 4024
f 3360 4024 4025
f 3361 4025 4026
f 3368 4026 4027
f 3369 4027 4028
f 3356 4028 4029
f 3357 4029 4030
f 3350 4030 4031
f 3351 4031 4032
f 3348 4032 4033
f 3349 4033 4034
f 3355 4034 4035
f 3128 4035 4036
f 3129 4036 4037
f 3307 4037 4038
f 3305 4038 4039
f 3306 4039 4040
f 3231 4040 4041
f 3232 4041 4042
f 3273 4042 4043
f 3274 4043 4044
f 3303 4044 4045
f 3304 4045 4046
f 3088 4046 4047
f 3089 4047 4048
f 3126 4048 4049
f 3044 4049 4050
f 3045 4050 4051
f 3042 4051 4052
f 3043 4052 4053
f 3040 4053 4054
f 3041 4054 4055
f 3038 4055 4056
f 3039 4056 4057
f 3124 4057 4058
f 3125 4058 4059
f 3086 4059 4060
f 3087 4060 4061
f 3123 4061 4062
f 3121 4062 4063
f 3122 4063 4064
f 3168 4064 4065
f 3120 4065 4066
f 3012 4066 4067
f 3013 4067 4068
f 3035 4068 4069
f 3036 4069 4070
f 3084 4070 4071
f 3085 4071 4072
f 3118 4072 4073
f 3119 4073 4074
f 3166 4074 4075
f 3167 4075 4076
f 3082 4076 4077
f 3083 4077 4078
f 3117 4078 4079
f 3115 4079 4080
f 3116 4080 4081
f 3029 4081 4082
f 3081 4082 4083
f 3032 4083 3972
f 3972 2986 3032
f 4083 3032 3081
f 4082 3081 3029
f 4081 3029 3116
f 4080 3116 3115
f 4079 3115 3117
f 4078 3117 3083
f 4077 3083 3082
f 4076 3082 3167
f 4075 3167 3166
f 4074 3166 3119
f 4073 3119 3118
f 4072 3118 3085
f 4071 3085 3084
f 4070 3084 3036
f 4069 3036 3035
f 4068 3035 3013
f 4067 3013 3012
f 4066 3012 3120
f 4065 3120 3168
f 4064 3168 3122
f 4063 3122 3121
f 4062 3121 3123
f 4061 3123 3087
f 4060 3087 3086
f 4059 3086 3125
f 4058 3125 3124
f 4057 3124 3039
f 4056 3039 3038
f 4055 3038 3041
f 4054 3041 3040
f 4053 3040 3043
f 4052 3043 3042
f 4051 3042 3045
f 4050 3045 3044
f 4049 3044 3126
f 4048 3126 3089
f 4047 3089 3088
f 4046 3088 3304
f 4045 3304 3303
f 4044 3303 3274
f 4043 3274 3273
f 4042 3273 3232
f 4041 3232 3231
f 4040 3231 3306
f 4039 3306 3305
f 4038 3305 3307
f 4037 3307 3129
f 4036 3129 3128
f 4035 3128 3355
f 4034 3355 3349
f 4033 3349 3348
f 4032 3348 3351
f 4031 3351 3350
f 4030 3350 3357
f 4029 3357 3356
f 4028 3356 3369
f 4027 3369 3368
f 4026 3368 3361
f 4025 3361 3360
f 4024 3360 3363
f 4023 3363 3362
f 4022 3362 3365
f 4021 3365 3352
f 4020 3352 3015
f 4019 3015 3014
f 4018 3014 3046
f 4017 3046 3048
f 4016 3048 3047
f 4015 3047 3156
f 4014 3156 3157
f 4013 3157 3050
f 4012 3050 3049
f 4011 3049 3017
f 4010 3017 3016
f 4009 3016 3211
f 4008 3211 3210
f 4007 3210 3052
f 4006 3052 3051
f 4005 3051 3054
f 4004 3054 3053
f 4003 3053 3056
f 4002 3056 3055
f 4001 3055 3058
f 4000 3058 3057
f 3999 3057 3159
f 3998 3159 3158
f 3997 3158 3161
f 3996 3161 3160
f 3995 3160 3092
f 3994 3092 3162
f 3993 3162 3262
f 3992 3262 3261
f 3991 3261 3264
f 3990 3264 3263
f 3989 3263 3300
f 3988 3300 3213
f 3987 3213 3212
f 3986 3212 3215
f 3985 3215 3214
f 3984 3214 3094
f 3983 3094 3093
f 3982 3093 3096
f 3981 3096 3095
f 3980 3095 2962
f 3979 2962 2961
f 3978 2961 2985
f 3977 2985 2965
f 3976 2965 2964
f 3975 2964 2968
f 3974 2968 2967
f 3973 2967 2986
f 4060 4059 4084
f 4058 4057 4085
f 4056 4086 4085
f 4055 4087 4086
f 4013 4012 4088
f 4007 4006 4089
f 3984 4090 4091
f 4064 4063 4092
f 4062 4093 4092
f 4094 4061 4060
f 4059 4058 4095
f 4085 4057 4056
f 4086 4056 4055
f 4054 4053 4096
f 4053 4052 4097
f 4049 4098 4099
f 4043 4100 4101
f 4023 4022 4102
f 4021 4103 4102
f 4014 4104 4105
f 4104 4014 4013
f 4008 4106 4107
f 4106 4008 4007
f 4001 4000 4108
f 4000 3999 4109
f 3998 4110 4109
f 3985 4091 4111
f 4091 3985 3984
f 3978 4112 4113
f 3977 3976 4114
f 3976 3975 4115
f 4080 4116 4117
f 4079 4118 4116
f 4066 4065 4119
f 4065 4064 4120
f 4092 4063 4062
f 4061 4094 4093
f 4095 4084 4059
f 4055 4054 4087
f 4097 4096 4053
f 4051 4121 4097
f 4050 4099 4121
f 4099 4050 4049
f 4048 4047 4122
f 4101 4044 4043
f 4042 4041 4123
f 4035 4034 4124
f 4033 4125 4124
f 4024 4023 4126
f 4102 4022 4021
f 4019 4018 4127
f 4017 4016 4128
f 4015 4105 4128
f 4088 4104 4013
f 4012 4011 4129
f 4009 4107 4130
f 4089 4106 4007
f 4005 4004 4131
f 4003 4132 4131
f 4133 4002 4001
f 4109 3999 3998
f 3984 3983 4090
f 3983 3982 4134
f 3982 3981 4135
f 3980 4136 4135
f 3979 4113 4136
f 4113 3979 3978
f 4115 4114 3976
f 3974 4137 4115
f 3972 4138 4139
f 3972 4083 4140
f 4082 4081 4117
f 4116 4080 4079
f 4078 4077 4141
f 4072 4071 4142
f 4070 4069 4143
f 4068 4144 4143
f 4067 4145 4144
f 4145 4067 4066
f 4092 4120 4064
f 4084 4094 4060
f 4096 4087 4054
f 4121 4051 4050
f 4122 4098 4048
f 4047 4046 4146
f 4044 4101 4147
f 4123 4100 4042
f 4041 4040 4148
f 4039 4149 4148
f 4037 4150 4151
f 4124 4034 4033
f 4032 4152 4125
f 4025 4024 4153
f 4102 4126 4023
f 4020 4154 4103
f 4154 4020 4019
f 4018 4017 4155
f 4128 4016 4015
f 4129 4088 4012
f 4011 4010 4130
f 4107 4009 4008
f 4006 4005 4156
f 4131 4004 4003
f 4002 4133 4132
f 4109 4108 4000
f 3996 4157 4158
f 3995 3994 4159
f 3994 3993 4160
f 3992 4161 4160
f 3991 4162 4161
f 4134 4090 3983
f 4135 3981 3980
f 3978 3977 4112
f 4115 3975 3974
f 3973 4139 4137
f 4140 4138 3972
f 4117 4081 4080
f 4118 4079 4078
f 4077 4076 4163
f 4076 4075 4164
f 4074 4165 4164
f 4073 4166 4165
f 4166 4073 4072
f 4071 4070 4167
f 4143 4069 4068
f 4119 4145 4066
f 4093 4062 4061
f 4097 4052 4051
f 4146 4122 4047
f 4045 4147 4146
f 4043 4042 4100
f 4148 4040 4039
f 4038 4151 4149
f 4151 4038 4037
f 4036 4035 4168
f 4125 4033 4032
f 4031 4169 4152
f 4026 4170 4171
f 4170 4026 4025
f 4103 4021 4020
f 4155 4127 4018
f 4105 4015 4014
f 4130 4010 4009
f 4131 4156 4005
f 4108 4133 4001
f 3997 4158 4110
f 4158 3997 3996
f 4160 4159 3994
f 4161 3992 3991
f 3990 4172 4162
f 4135 4134 3982
f 4114 4112 3977
f 4139 3973 3972
f 4083 4082 4173
f 4141 4118 4078
f 4164 4163 4076
f 4165 4074 4073
f 4167 4142 4071
f 4144 4068 4067
f 4085 4095 4058
f 4146 4046 4045
f 4148 4123 4041
f 4037 4036 4150
f 4124 4168 4035
f 4152 4032 4031
f 4030 4029 4174
f 4153 4170 4025
f 4127 4154 4019
f 4130 4129 4011
f 4132 4003 4002
f 3996 3995 4157
f 4160 3993 3992
f 4162 3991 3990
f 3989 3988 4175
f 4136 3980 3979
f 4173 4140 4083
f 4163 4141 4077
f 4142 4166 4072
f 4120 4119 4065
f 4147 4045 4044
f 4168 4150 4036
f 4174 4169 4030
f 4126 4153 4024
f 4156 4089 4006
f 4159 4157 3995
f 4175 4172 3989
f 3988 3987 4176
f 3986 4111 4176
f 4137 3974 3973
f 4164 4075 4074
f 4049 4048 4098
f 4031 4030 4169
f 4128 4155 4017
f 3990 3989 4172
f 4176 3987 3986
f 4117 4173 4082
f 4149 4039 4038
f 4029 4028 4177
f 4027 4171 4177
f 4110 3998 3997
f 4111 3986 3985
f 4177 4174 4029
f 4171 4027 4026
f 4143 4167 4070
f 4176 4175 3988
f 4177 4028 4027
f 4174 4177 4178
f 4169 4174 4179
f 4152 4169 4180
f 4125 4152 4181
f 4124 4125 4182
f 4168 4124 4183
f 4150 4168 4184
f 4151 4150 4185
f 4149 4151 4186
f 4148 4149 4187
f 4123 4148 4188
f 4100 4123 4189
f 4101 4100 4190
f 4147 4101 4191
f 4146 4147 4192
f 4122 4146 4193
f 4098 4122 4194
f 4099 4098 4195
f 4121 4099 4196
f 4097 4121 4197
f 4096 4097 4198
f 4087 4096 4199
f 4086 4087 4200
f 4085 4086 4201
f 4095 4085 4202
f 4084 4095 4203
f 4094 4084 4204
f 4093 4094 4205
f 4092 4093 4206
f 4120 4092 4207
f 4119 4120 4208
f 4145 4119 4209
f 4144 4145 4210
f 4143 4144 4211
f 4167 4143 4212
f 4142 4167 4213
f 4166 4142 4214
f 4165 4166 4215
f 4164 4165 4216
f 4163 4164 4217
f 4141 4163 4218
f 4118 4141 4219
f 4116 4118 4220
f 4117 4116 4221
f 4173 4117 4222
f 4140 4173 4223
f 4139 4138 4224
f 4225 4224 4138
f 4138 4140 4225
f 4137 4139 4226
f 4115 4137 4227
f 4114 4115 4228
f 4112 4114 4229
f 4113 4112 4230
f 4136 4113 4231
f 4135 4136 4232
f 4134 4135 4233
f 4090 4134 4234
f 4091 4090 4235
f 4111 4091 4236
f 4176 4111 4237
f 4175 4176 4238
f 4172 4175 4239
f 4162 4172 4240
f 4161 4162 4241
f 4160 4161 4242
f 4159 4160 4243
f 4157 4159 4244
f 4158 4157 4245
f 4110 4158 4246
f 4109 4110 4247
f 4108 4109 4248
f 4133 4108 4249
f 4132 4133 4250
f 4131 4132 4251
f 4156 4131 4252
f 4089 4156 4253
f 4106 4089 4254
f 4107 4106 4255
f 4130 4107 4256
f 4129 4130 4257
f 4088 4129 4258
f 4104 4088 4259
f 4105 4104 4260
f 4128 4105 4261
f 4155 4128 4262
f 4127 4155 4263
f 4154 4127 4264
f 4103 4154 4265
f 4102 4103 4266
f 4126 4102 4267
f 4153 4126 4268
f 4170 4153 4269
f 4171 4170 4270
f 4177 4171 4271
f 4271 4178 4177
f 4270 4271 4171
f 4269 4270 4170
f 4268 4269 4153
f 4267 4268 4126
f 4266 4267 4102
f 4265 4266 4103
f 4264 4265 4154
f 4263 4264 4127
f 4262 4263 4155
f 4261 4262 4128
f 4260 4261 4105
f 4259 4260 4104
f 4258 4259 4088
f 4257 4258 4129
f 4256 4257 4130
f 4255 4256 4107
f 4254 4255 4106
f 4253 4254 4089
f 4252 4253 4156
f 4251 4252 4131
f 4250 4251 4132
f 4249 4250 4133
f 4248 4249 4108
f 4247 4248 4109
f 4246 4247 4110
f 4245 4246 4158
f 4244 4245 4157
f 4243 4244 4159
f 4242 4243 4160
f 4241 4242 4161
f 4240 4241 4162
f 4239 4240 4172
f 4238 4239 4175
f 4237 4238 4176
f 4236 4237 4111
f 4235 4236 4091
f 4234 4235 4090
f 4233 4234 4134
f 4232 4233 4135
f 4231 4232 4136
f 4230 4231 4113
f 4229 4230 4112
f 4228 4229 4114
f 4227 4228 4115
f 4226 4227 4137
f 4224 4226 4139
f 4223 4225 4140
f 4222 4223 4173
f 4221 4222 4117
f 4220 4221 4116
f 4219 4220 4118
f 4218 4219 4141
f 4217 4218 4163
f 4216 4217 4164
f 4215 4216 4165
f 4214 4215 4166
f 4213 4214 4142
f 4212 4213 4167
f 4211 4212 4143
f 4210 4211 4144
f 4209 4210 4145
f 4208 4209 4119
f 4207 4208 4120
f 4206 4207 4092
f 4205 4206 4093
f 4204 4205 4094
f 4203 4204 4084
f 4202 4203 4095
f 4201 4202 4085
f 4200 4201 4086
f 4199 4200 4087
f 4198 4199 4096
f 4197 4198 4097
f 4196 4197 4121
f 4195 4196 4099
f 4194 4195 4098
f 4193 4194 4122
f 4192 4193 4146
f 4191 4192 4147
f 4190 4191 4101
f 4189 4190 4100
f 4188 4189 4123
f 4187 4188 4148
f 4186 4187 4149
f 4185 4186 4151
f 4184 4185 4150
f 4183 4184 4168
f 4182 4183 4124
f 4181 4182 4125
f 4180 4181 4152
f 4179 4180 4169
f 4178 4179 4174
f 3224 4272 4273
f 3225 4273 4274
f 3222 4274 4275
f 3223 4275 4276
f 3220 4276 4277
f 3221 4277 4278
f 3301 4278 4279
f 3302 4279 4280
f 3271 4280 4281
f 3272 4281 4282
f 3269 4282 4283
f 3270 4283 4284
f 3267 4284 4285
f 3268 4285 4286
f 3265 4286 4287
f 3266 4287 4288
f 3326 4288 4289
f 3218 4289 4290
f 3219 4290 4291
f 3216 4291 4292
f 3217 4292 4293
f 3064 4293 4294
f 3065 4294 4295
f 3097 4295 4296
f 3098 4296 4297
f 3062 4297 4298
f 3063 4298 4299
f 2996 4299 4300
f 2997 4300 4301
f 2994 4301 4302
f 2995 4302 4303
f 3023 4303 4304
f 3024 4304 4305
f 3060 4305 4306
f 3061 4306 4307
f 3021 4307 4308
f 3022 4308 4309
f 3059 4309 4310
f 2992 4310 4311
f 2974 4311 4312
f 2975 4312 4313
f 2993 4313 4314
f 2990 4314 4315
f 2991 4315 4316
f 2972 4316 4317
f 2973 4317 4318
f 2970 4318 4319
f 2971 4319 4320
f 2988 4320 4321
f 2989 4321 4322
f 3020 4322 4323
f 3018 4323 4324
f 3019 4324 4325
f 2963 4325 4326
f 2987 4326 4327
f 2966 4327 4328
f 2969 4328 4329
f 3033 4329 4330
f 3034 4330 4331
f 3079 4331 4332
f 3080 4332 4333
f 3078 4333 4334
f 3030 4334 4335
f 3031 4335 4336
f 3011 4336 4337
f 3165 4337 4338
f 3229 4338 4339
f 3230 4339 4340
f 3114 4340 4341
f 3076 4341 4342
f 3112 4342 4343
f 3113 4343 4344
f 3227 4344 4345
f 3228 4345 4346
f 2949 4346 4347
f 2960 4347 4348
f 2938 4348 4349
f 2939 4349 4350
f 2942 4350 4351
f 2940 4351 4352
f 2941 4352 4353
f 2931 4353 4354
f 2936 4354 4355
f 2924 4355 4356
f 2925 4356 4357
f 2927 4357 4358
f 2983 4358 4359
f 2958 4359 4360
f 2959 4360 4361
f 2982 4361 4362
f 3006 4362 4363
f 3007 4363 4364
f 3028 4364 4365
f 3004 4365 4366
f 3005 4366 4367
f 2955 4367 4368
f 2956 4368 4369
f 2981 4369 4370
f 2979 4370 4371
f 2980 4371 4372
f 3027 4372 4373
f 3071 4373 4374
f 3102 4374 4375
f 3103 4375 4376
f 3068 4376 4377
f 3069 4377 4378
f 3101 4378 4379
f 3066 4379 4380
f 3067 4380 4381
f 3099 4381 4382
f 3100 4382 4383
f 3226 4383 4272
f 4272 3224 3226
f 4383 3226 3100
f 4382 3100 3099
f 4381 3099 3067
f 4380 3067 3066
f 4379 3066 3101
f 4378 3101 3069
f 4377 3069 3068
f 4376 3068 3103
f 4375 3103 3102
f 4374 3102 3071
f 4373 3071 3027
f 4372 3027 2980
f 4371 2980 2979
f 4370 2979 2981
f 4369 2981 2956
f 4368 2956 2955
f 4367 2955 3005
f 4366 3005 3004
f 4365 3004 3028
f 4364 3028 3007
f 4363 3007 3006
f 4362 3006 2982
f 4361 2982 2959
f 4360 2959 2958
f 4359 2958 2983
f 4358 2983 2927
f 4357 2927 2925
f 4356 2925 2924
f 4355 2924 2936
f 4354 2936 2931
f 4353 2931 2941
f 4352 2941 2940
f 4351 2940 2942
f 4350 2942 2939
f 4349 2939 2938
f 4348 2938 2960
f 4347 2960 2949
f 4346 2949 3228
f 4345 3228 3227
f 4344 3227 3113
f 4343 3113 3112
f 4342 3112 3076
f 4341 3076 3114
f 4340 3114 3230
f 4339 3230 3229
f 4338 3229 3165
f 4337 3165 3011
f 4336 3011 3031
f 4335 3031 3030
f 4334 3030 3078
f 4333 3078 3080
f 4332 3080 3079
f 4331 3079 3034
f 4330 3034 3033
f 4329 3033 2969
f 4328 2969 2966
f 4327 2966 2987
f 4326 2987 2963
f 4325 2963 3019
f 4324 3019 3018
f 4323 3018 3020
f 4322 3020 2989
f 4321 2989 2988
f 4320 2988 2971
f 4319 2971 2970
f 4318 2970 2973
f 4317 2973 2972
f 4316 2972 2991
f 4315 2991 2990
f 4314 2990 2993
f 4313 2993 2975
f 4312 2975 2974
f 4311 2974 2992
f 4310 2992 3059
f 4309 3059 3022
f 4308 3022 3021
f 4307 3021 3061
f 4306 3061 3060
f 4305 3060 3024
f 4304 3024 3023
f 4303 3023 2995
f 4302 2995 2994
f 4301 2994 2997
f 4300 2997 2996
f 4299 2996 3063
f 4298 3063 3062
f 4297 3062 3098
f 4296 3098 3097
f 4295 3097 3065
f 4294 3065 3064
f 4293 3064 3217
f 4292 3217 3216
f 4291 3216 3219
f 4290 3219 3218
f 4289 3218 3326
f 4288 3326 3266
f 4287 3266 3265
f 4286 3265 3268
f 4285 3268 3267
f 4284 3267 3270
f 4283 3270 3269
f 4282 3269 3272
f 4281 3272 3271
f 4280 3271 3302
f 4279 3302 3301
f 4278 3301 3221
f 4277 3221 3220
f 4276 3220 3223
f 4275 3223 3222
f 4274 3222 3225
f 4273 3225 3224
f 4360 4359 4384
f 4358 4357 4385
f 4356 4386 4385
f 4355 4387 4386
f 4313 4312 4388
f 4307 4306 4389
f 4284 4390 4391
f 4364 4363 4392
f 4362 4393 4392
f 4394 4361 4360
f 4359 4358 4395
f 4385 4357 4356
f 4386 4356 4355
f 4354 4353 4396
f 4353 4352 4397
f 4349 4398 4399
f 4343 4400 4401
f 4323 4322 4402
f 4321 4403 4402
f 4314 4404 4405
f 4404 4314 4313
f 4308 4406 4407
f 4406 4308 4307
f 4301 4300 4408
f 4300 4299 4409
f 4298 4410 4409
f 4285 4391 4411
f 4391 4285 4284
f 4278 4412 4413
f 4277 4276 4414
f 4276 4275 4415
f 4380 4416 4417
f 4379 4418 4416
f 4366 4365 4419
f 4365 4364 4420
f 4392 4363 4362
f 4361 4394 4393
f 4395 4384 4359
f 4355 4354 4387
f 4397 4396 4353
f 4351 4421 4397
f 4350 4399 4421
f 4399 4350 4349
f 4348 4347 4422
f 4401 4344 4343
f 4342 4341 4423
f 4335 4334 4424
f 4333 4425 4424
f 4324 4323 4426
f 4402 4322 4321
f 4319 4318 4427
f 4317 4316 4428
f 4315 4405 4428
f 4388 4404 4313
f 4312 4311 4429
f 4309 4407 4430
f 4389 4406 4307
f 4305 4304 4431
f 4303 4432 4431
f 4433 4302 4301
f 4409 4299 4298
f 4284 4283 4390
f 4283 4282 4434
f 4282 4281 4435
f 4280 4436 4435
f 4279 4413 4436
f 4413 4279 4278
f 4415 4414 4276
f 4274 4437 4415
f 4272 4438 4439
f 4382 4381 4417
f 4416 4380 4379
f 4378 4377 4440
f 4372 4371 4441
f 4370 4369 4442
f 4368 4443 4442
f 4367 4444 4443
f 4444 4367 4366
f 4392 4420 4364
f 4384 4394 4360
f 4396 4387 4354
f 4421 4351 4350
f 4422 4398 4348
f 4347 4346 4445
f 4344 4401 4446
f 4423 4400 4342
f 4341 4340 4447
f 4339 4448 4447
f 4337 4449 4450
f 4424 4334 4333
f 4332 4451 4425
f 4325 4324 4452
f 4402 4426 4323
f 4320 4453 4403
f 4453 4320 4319
f 4318 4317 4454
f 4428 4316 4315
f 4429 4388 4312
f 4311 4310 4430
f 4407 4309 4308
f 4306 4305 4455
f 4431 4304 4303
f 4302 4433 4432
f 4409 4408 4300
f 4296 4456 4457
f 4295 4294 4458
f 4294 4293 4459
f 4292 4460 4459
f 4291 4461 4460
f 4434 4390 4283
f 4435 4281 4280
f 4278 4277 4412
f 4415 4275 4274
f 4273 4439 4437
f 4439 4273 4272
f 4417 4381 4380
f 4418 4379 4378
f 4377 4376 4462
f 4376 4375 4463
f 4374 4464 4463
f 4373 4465 4464
f 4465 4373 4372
f 4371 4370 4466
f 4442 4369 4368
f 4419 4444 4366
f 4393 4362 4361
f 4397 4352 4351
f 4445 4422 4347
f 4345 4446 4445
f 4343 4342 4400
f 4447 4340 4339
f 4338 4450 4448
f 4450 4338 4337
f 4336 4335 4467
f 4425 4333 4332
f 4331 4468 4451
f 4326 4469 4470
f 4469 4326 4325
f 4403 4321 4320
f 4454 4427 4318
f 4405 4315 4314
f 4430 4310 4309
f 4431 4455 4305
f 4408 4433 4301
f 4297 4457 4410
f 4457 4297 4296
f 4459 4458 4294
f 4460 4292 4291
f 4290 4471 4461
f 4435 4434 4282
f 4414 4412 4277
f 4272 4383 4438
f 4383 4382 4472
f 4440 4418 4378
f 4463 4462 4376
f 4464 4374 4373
f 4466 4441 4371
f 4443 4368 4367
f 4385 4395 4358
f 4445 4346 4345
f 4447 4423 4341
f 4337 4336 4449
f 4424 4467 4335
f 4451 4332 4331
f 4330 4329 4473
f 4452 4469 4325
f 4427 4453 4319
f 4430 4429 4311
f 4432 4303 4302
f 4296 4295 4456
f 4459 4293 4292
f 4461 4291 4290
f 4289 4288 4474
f 4436 4280 4279
f 4472 4438 4383
f 4462 4440 4377
f 4441 4465 4372
f 4420 4419 4365
f 4446 4345 4344
f 4467 4449 4336
f 4473 4468 4330
f 4426 4452 4324
f 4455 4389 4306
f 4458 4456 4295
f 4474 4471 4289
f 4288 4287 4475
f 4286 4411 4475
f 4437 4274 4273
f 4463 4375 4374
f 4349 4348 4398
f 4331 4330 4468
f 4428 4454 4317
f 4290 4289 4471
f 4475 4287 4286
f 4417 4472 4382
f 4448 4339 4338
f 4329 4328 4476
f 4327 4470 4476
f 4410 4298 4297
f 4411 4286 4285
f 4476 4473 4329
f 4470 4327 4326
f 4442 4466 4370
f 4475 4474 4288
f 4476 4328 4327
f 4473 4476 4477
f 4468 4473 4478
f 4451 4468 4479
f 4425 4451 4480
f 4424 4425 4481
f 4467 4424 4482
f 4449 4467 4483
f 4450 4449 4484
f 4448 4450 4485
f 4447 4448 4486
f 4423 4447 4487
f 4400 4423 4488
f 4401 4400 4489
f 4446 4401 4490
f 4445 4446 4491
f 4422 4445 4492
f 4398 4422 4493
f 4399 4398 4494
f 4421 4399 4495
f 4397 4421 4496
f 4396 4397 4497
f 4387 4396 4498
f 4386 4387 4499
f 4385 4386 4500
f 4395 4385 4501
f 4384 4395 4502
f 4394 4384 4503
f 4393 4394 4504
f 4392 4393 4505
f 4420 4392 4506
f 4419 4420 4507
f 4444 4419 4508
f 4443 4444 4509
f 4442 4443 4510
f 4466 4442 4511
f 4441 4466 4512
f 4465 4441 4513
f 4464 4465 4514
f 4463 4464 4515
f 4462 4463 4516
f 4440 4462 4517
f 4418 4440 4518
f 4416 4418 4519
f 4417 4416 4520
f 4472 4417 4521
f 4438 4472 4522
f 4439 4438 4523
f 4438 4524 4523
f 4437 4439 4525
f 4415 4437 4526
f 4414 4415 4527
f 4412 4414 4528
f 4413 4412 4529
f 4436 4413 4530
f 4435 4436 4531
f 4434 4435 4532
f 4390 4434 4533
f 4391 4390 4534
f 4411 4391 4535
f 4475 4411 4536
f 4474 4475 4537
f 4471 4474 4538
f 4461 4471 4539
f 4460 4461 4540
f 4459 4460 4541
f 4458 4459 4542
f 4456 4458 4543
f 4457 4456 4544
f 4410 4457 4545
f 4409 4410 4546
f 4408 4409 4547
f 4433 4408 4548
f 4432 4433 4549
f 4431 4432 4550
f 4455 4431 4551
f 4389 4455 4552
f 4406 4389 4553
f 4407 4406 4554
f 4430 4407 4555
f 4429 4430 4556
f 4388 4429 4557
f 4404 4388 4558
f 4405 4404 4559
f 4428 4405 4560
f 4454 4428 4561
f 4427 4454 4562
f 4453 4427 4563
f 4403 4453 4564
f 4402 4403 4565
f 4426 4402 4566
f 4452 4426 4567
f 4469 4452 4568
f 4470 4469 4569
f 4476 4470 4570
f 4570 4477 4476
f 4569 4570 4470
f 4568 4569 4469
f 4567 4568 4452
f 4566 4567 4426
f 4565 4566 4402
f 4564 4565 4403
f 4563 4564 4453
f 4562 4563 4427
f 4561 4562 4454
f 4560 4561 4428
f 4559 4560 4405
f 4558 4559 4404
f 4557 4558 4388
f 4556 4557 4429
f 4555 4556 4430
f 4554 4555 4407
f 4553 4554 4406
f 4552 4553 4389
f 4551 4552 4455
f 4550 4551 4431
f 4549 4550 4432
f 4548 4549 4433
f 4547 4548 4408
f 4546 4547 4409
f 4545 4546 4410
f 4544 4545 4457
f 4543 4544 4456
f 4542 4543 4458
f 4541 4542 4459
f 4540 4541 4460
f 4539 4540 4461
f 4538 4539 4471
f 4537 4538 4474
f 4536 4537 4475
f 4535 4536 4411
f 4534 4535 4391
f 4533 4534 4390
f 4532 4533 4434
f 4531 4532 4435
f 4530 4531 4436
f 4529 4530 4413
f 4528 4529 4412
f 4527 4528 4414
f 4526 4527 4415
f 4525 4526 4437
f 4523 4525 4439
f 4522 4524 4438
f 4521 4522 4472
f 4520 4521 4417
f 4519 4520 4416
f 4518 4519 4418
f 4517 4518 4440
f 4516 4517 4462
f 4515 4516 4463
f 4514 4515 4464
f 4513 4514 4465
f 4512 4513 4441
f 4511 4512 4466
f 4510 4511 4442
f 4509 4510 4443
f 4508 4509 4444
f 4507 4508 4419
f 4506 4507 4420
f 4505 4506 4392
f 4504 4505 4393
f 4503 4504 4394
f 4502 4503 4384
f 4501 4502 4395
f 4500 4501 4385
f 4499 4500 4386
f 4498 4499 4387
f 4497 4498 4396
f 4496 4497 4397
f 4495 4496 4421
f 4494 4495 4399
f 4493 4494 4398
f 4492 4493 4422
f 4491 4492 4445
f 4490 4491 4446
f 4489 4490 4401
f 4488 4489 4400
f 4487 4488 4423
f 4486 4487 4447
f 4485 4486 4448
f 4484 4485 4450
f 4483 4484 4449
f 4482 4483 4467
f 4481 4482 4424
f 4480 4481 4425
f 4479 4480 4451
f 4478 4479 4468
f 4477 4478 4473
f 4571 1535 1534
f 4572 1538 1537
f 4572 1541 1540
f 4571 1531 1530
f 1534 1533 4571
f 4571 4572 1536
f 4572 1539 1538
f 4572 1542 1541
f 4573 1497 1496
f 4571 1532 1531
f 1536 1535 4571
f 1540 1539 4572
f 4572 1544 1543
f 4572 4574 1551
f 4574 1554 1553
f 4574 1560 1559
f 4575 1567 1566
f 4575 4573 1488
f 4573 1491 1490
f 4573 1494 1493
f 1496 1495 4573
f 4576 1511 1510
f 4576 1513 1512
f 1530 1529 4571
f 1537 1536 4572
f 4572 1545 1544
f 4572 1547 1546
f 4572 1550 1549
f 4574 1552 1551
f 4574 1555 1554
f 1559 1558 4574
f 4574 1563 1562
f 4574 1565 1564
f 4575 1568 1567
f 4575 1570 1569
f 4573 1489 1488
f 4573 1492 1491
f 1495 1494 4573
f 1512 1511 4576
f 4576 1517 1516
f 1533 1532 4571
f 1546 1545 4572
f 1549 1548 4572
f 1553 1552 4574
f 4574 1561 1560
f 1564 1563 4574
f 1569 1568 4575
f 4575 1572 1571
f 4575 1482 1573
f 4575 1484 1483
f 4575 1486 1485
f 1488 1487 4575
f 1493 1492 4573
f 4576 1508 1507
f 1510 1509 4576
f 1516 1515 4576
f 1543 1542 4572
f 1551 1550 4572
f 4574 1557 1556
f 1562 1561 4574
f 1566 4574 4575
f 1573 1572 4575
f 1485 1484 4575
f 1490 1489 4573
f 4573 1499 1498
f 4573 1501 1500
f 4573 1504 1503
f 4576 1506 1505
f 1509 1508 4576
f 1515 1514 4576
f 4576 1522 1521
f 4571 1523 1522
f 1548 1547 4572
f 1558 1557 4574
f 1571 1570 4575
f 1487 1486 4575
f 1500 1499 4573
f 1503 1502 4573
f 1505 4573 4576
f 1514 1513 4576
f 1522 4576 4571
f 4571 1525 1524
f 4571 1527 1526
f 1556 1555 4574
f 1483 1482 4575
f 1502 1501 4573
f 1507 1506 4576
f 4576 1519 1518
f 1524 1523 4571
f 4571 1528 1527
f 1566 1565 4574
f 1505 1504 4573
f 4576 1520 1519
f 1526 1525 4571
f 1498 1497 4573
f 1521 1520 4576
f 1518 1517 4576
f 1529 1528 4571
f 4577 4573 4575
f 4575 4578 4577
f 4576 4579 4580
f 4580 4571 4576
f 4578 4575 4574
f 4574 4581 4578
f 4581 4574 4572
f 4572 4582 4581
f 4582 4572 4571
f 4571 4580 4582
f 4582 4583 4584
f 4582 4585 4586
f 4584 4587 4582
f 4586 4588 4582
f 4580 4589 4590
f 4578 4581 4591
f 4581 4592 4593
f 4588 4583 4582
f 4580 4594 4585
f 4580 4595 4596
f 4590 4597 4580
f 4580 4598 4599
f 4579 4600 4601
f 4579 4602 4603
f 4578 4604 4605
f 4591 4606 4578
f 4581 4607 4608
f 4581 4609 4610
f 4581 4611 4592
f 4585 4582 4580
f 4580 4612 4595
f 4599 4589 4580
f 4580 4613 4614
f 4580 4579 4615
f 4579 4616 4617
f 4579 4618 4619
f 4603 4600 4579
f 4577 4620 4621
f 4578 4622 4623
f 4578 4624 4625
f 4606 4604 4578
f 4610 4607 4581
f 4593 4626 4581
f 4581 4627 4628
f 4582 4629 4630
f 4596 4594 4580
f 4614 4598 4580
f 4580 4631 4632
f 4617 4615 4579
f 4579 4633 4618
f 4579 4634 4602
f 4579 4635 4636
f 4577 4637 4620
f 4577 4638 4639
f 4577 4640 4641
f 4578 4642 4643
f 4625 4622 4578
f 4581 4644 4591
f 4626 4609 4581
f 4581 4645 4646
f 4628 4647 4581
f 4630 4581 4582
f 4582 4648 4649
f 4582 4650 4651
f 4597 4612 4580
f 4615 4631 4580
f 4579 4652 4653
f 4579 4654 4633
f 4636 4634 4579
f 4579 4577 4655
f 4577 4656 4657
f 4577 4658 4659
f 4577 4660 4661
f 4639 4637 4577
f 4641 4662 4577
f 4643 4577 4578
f 4605 4624 4578
f 4646 4611 4581
f 4630 4627 4581
f 4582 4663 4648
f 4582 4664 4665
f 4651 4666 4582
f 4632 4613 4580
f 4653 4667 4579
f 4601 4654 4579
f 4577 4668 4655
f 4577 4669 4656
f 4661 4658 4577
f 4662 4638 4577
f 4578 4670 4642
f 4578 4671 4672
f 4578 4673 4674
f 4608 4644 4581
f 4649 4629 4582
f 4666 4664 4582
f 4667 4616 4579
f 4655 4635 4579
f 4659 4669 4577
f 4643 4640 4577
f 4674 4671 4578
f 4647 4645 4581
f 4587 4650 4582
f 4657 4668 4577
f 4672 4670 4578
f 4665 4663 4582
f 4621 4660 4577
f 4619 4652 4579
f 4623 4673 4578
f 4674 4673 4675
f 4671 4674 4676
f 4672 4671 4677
f 4670 4672 4678
f 4642 4670 4679
f 4643 4642 4680
f 4640 4643 4681
f 4641 4640 4682
f 4662 4641 4683
f 4638 4662 4684
f 4639 4638 4685
f 4637 4639 4686
f 4620 4637 4687
f 4621 4620 4688
f 4660 4621 4689
f 4661 4660 4690
f 4658 4661 4691
f 4659 4658 4692
f 4669 4659 4693
f 4656 4669 4694
f 4657 4656 4695
f 4668 4657 4696
f 4655 4668 4697
f 4635 4655 4698
f 4636 4635 4699
f 4634 4636 4700
f 4602 4634 4701
f 4603 4602 4702
f 4600 4603 4703
f 4601 4600 4704
f 4654 4601 4705
f 4633 4654 4706
f 4618 4633 4707
f 4619 4618 4708
f 4652 4619 4709
f 4653 4652 4710
f 4667 4653 4711
f 4616 4667 4712
f 4617 4616 4713
f 4615 4617 4714
f 4631 4615 4715
f 4632 4631 4716
f 4613 4632 4717
f 4614 4613 4718
f 4598 4614 4719
f 4599 4598 4720
f 4589 4599 4721
f 4590 4589 4722
f 4597 4590 4723
f 4612 4597 4724
f 4595 4612 4725
f 4596 4595 4726
f 4594 4596 4727
f 4585 4594 4728
f 4586 4585 4729
f 4588 4586 4730
f 4583 4588 4731
f 4584 4583 4732
f 4587 4584 4733
f 4650 4587 4734
f 4651 4650 4735
f 4666 4651 4736
f 4664 4666 4737
f 4665 4664 4738
f 4663 4665 4739
f 4648 4663 4740
f 4649 4648 4741
f 4629 4649 4742
f 4630 4629 4743
f 4627 4630 4744
f 4628 4627 4745
f 4647 4628 4746
f 4645 4647 4747
f 4646 4645 4748
f 4611 4646 4749
f 4592 4611 4750
f 4593 4592 4751
f 4626 4593 4752
f 4609 4626 4753
f 4610 4609 4754
f 4607 4610 4755
f 4608 4607 4756
f 4644 4608 4757
f 4591 4644 4758
f 4606 4591 4759
f 4604 4606 4760
f 4605 4604 4761
f 4624 4605 4762
f 4625 4624 4763
f 4622 4625 4764
f 4623 4622 4765
f 4673 4623 4766
f 4766 4675 4673
f 4765 4766 4623
f 4764 4765 4622
f 4763 4764 4625
f 4762 4763 4624
f 4761 4762 4605
f 4760 4761 4604
f 4759 4760 4606
f 4758 4759 4591
f 4757 4758 4644
f 4756 4757 4608
f 4755 4756 4607
f 4754 4755 4610
f 4753 4754 4609
f 4752 4753 4626
f 4751 4752 4593
f 4750 4751 4592
f 4749 4750 4611
f 4748 4749 4646
f 4747 4748 4645
f 4746 4747 4647
f 4745 4746 4628
f 4744 4745 4627
f 4743 4744 4630
f 4742 4743 4629
f 4741 4742 4649
f 4740 4741 4648
f 4739 4740 4663
f 4738 4739 4665
f 4737 4738 4664
f 4736 4737 4666
f 4735 4736 4651
f 4734 4735 4650
f 4733 4734 4587
f 4732 4733 4584
f 4731 4732 4583
f 4730 4731 4588
f 4729 4730 4586
f 4728 4729 4585
f 4727 4728 4594
f 4726 4727 4596
f 4725 4726 4595
f 4724 4725 4612
f 4723 4724 4597
f 4722 4723 4590
f 4721 4722 4589
f 4720 4721 4599
f 4719 4720 4598
f 4718 4719 4614
f 4717 4718 4613
f 4716 4717 4632
f 4715 4716 4631
f 4714 4715 4615
f 4713 4714 4617
f 4712 4713 4616
f 4711 4712 4667
f 4710 4711 4653
f 4709 4710 4652
f 4708 4709 4619
f 4707 4708 4618
f 4706 4707 4633
f 4705 4706 4654
f 4704 4705 4601
f 4703 4704 4600
f 4702 4703 4603
f 4701 4702 4602
f 4700 4701 4634
f 4699 4700 4636
f 4698 4699 4635
f 4697 4698 4655
f 4696 4697 4668
f 4695 4696 4657
f 4694 4695 4656
f 4693 4694 4669
f 4692 4693 4659
f 4691 4692 4658
f 4690 4691 4661
f 4689 4690 4660
f 4688 4689 4621
f 4687 4688 4620
f 4686 4687 4637
f 4685 4686 4639
f 4684 4685 4638
f 4683 4684 4662
f 4682 4683 4641
f 4681 4682 4640
f 4680 4681 4643
f 4679 4680 4642
f 4678 4679 4670
f 4677 4678 4672
f 4676 4677 4671
f 4675 4676 4674
f 4767 4720 4719
f 4719 4718 4767
f 4718 4717 4767
f 4717 4716 4767
f 4716 4715 4767
f 4715 4714 4767
f 4714 4713 4767
f 4713 4712 4767
f 4712 4711 4767
f 4711 4710 4767
f 4710 4709 4767
f 4709 4708 4767
f 4708 4707 4767
f 4707 4706 4767
f 4706 4705 4767
f 4705 4704 4767
f 4704 4703 4767
f 4703 4702 4767
f 4702 4701 4767
f 4701 4700 4767
f 4700 4699 4767
f 4699 4698 4767
f 4698 4697 4767
f 4697 4696 4767
f 4696 4695 4767
f 4695 4694 4767
f 4694 4693 4767
f 4693 4692 4767
f 4692 4691 4767
f 4691 4690 4767
f 4690 4689 4767
f 4689 4688 4767
f 4688 4687 4767
f 4687 4686 4767
f 4686 4685 4767
f 4685 4684 4767
f 4684 4683 4767
f 4683 4682 4767
f 4682 4681 4767
f 4681 4680 4767
f 4680 4679 4767
f 4679 4678 4767
f 4678 4677 4767
f 4677 4676 4767
f 4676 4675 4767
f 4675 4766 4767
f 4766 4765 4767
f 4765 4764 4767
f 4764 4763 4767
f 4763 4762 4767
f 4762 4761 4767
f 4761 4760 4767
f 4760 4759 4767
f 4759 4758 4767
f 4758 4757 4767
f 4757 4756 4767
f 4756 4755 4767
f 4755 4754 4767
f 4754 4753 4767
f 4753 4752 4767
f 4752 4751 4767
f 4751 4750 4767
f 4750 4749 4767
f 4749 4748 4767
f 4748 4747 4767
f 4747 4746 4767
f 4746 4745 4767
f 4745 4744 4767
f 4744 4743 4767
f 4743 4742 4767
f 4742 4741 4767
f 4741 4740 4767
f 4740 4739 4767
f 4739 4738 4767
f 4738 4737 4767
f 4737 4736 4767
f 4736 4735 4767
f 4735 4734 4767
f 4734 4733 4767
f 4733 4732 4767
f 4732 4731 4767
f 4731 4730 4767
f 4730 4729 4767
f 4729 4728 4767
f 4728 4727 4767
f 4727 4726 4767
f 4726 4725 4767
f 4725 4724 4767
f 4724 4723 4767
f 4723 4722 4767
f 4722 4721 4767
f 4721 4720 4767
f 4768 1453 1452
f 4768 1455 1454
f 1452 1451 4768
f 4768 1456 1455
f 4769 1465 1464
f 4769 1467 1466
f 4770 1475 1474
f 4770 4771 1396
f 4768 1446 1445
f 1454 1453 4768
f 4768 1458 1457
f 4768 4769 1459
f 1464 1463 4769
f 4769 1468 1467
f 4770 1476 1475
f 4770 1478 1477
f 1396 1395 4770
f 4768 1447 1446
f 1457 1456 4768
f 4769 1460 1459
f 4769 1462 1461
f 1466 1465 4769
f 1474 4769 4770
f 4770 1479 1478
f 4771 1397 1396
f 4771 1399 1398
f 4771 1401 1400
f 4771 1405 1404
f 4771 1407 1406
f 4771 1409 1408
f 4772 1442 1441
f 4772 4768 1444
f 4768 1448 1447
f 4768 1450 1449
f 1459 1458 4768
f 1463 1462 4769
f 4769 1470 1469
f 1477 1476 4770
f 4770 1481 1480
f 1395 1394 4770
f 1400 1399 4771
f 1406 1405 4771
f 4771 1410 1409
f 4773 1419 1418
f 4773 1422 1421
f 4773 1424 1423
f 1441 1440 4772
f 1444 1443 4772
f 1449 1448 4768
f 1461 1460 4769
f 4769 1471 1470
f 4769 1473 1472
f 1480 1479 4770
f 4770 1391 1390
f 4770 1393 1392
f 1398 1397 4771
f 1408 1407 4771
f 4771 1412 1411
f 4773 1420 1419
f 1423 1422 4773
f 4772 1439 1438
f 1443 1442 4772
f 1451 1450 4768
f 1472 1471 4769
f 1390 1481 4770
f 1394 1393 4770
f 4771 1403 1402
f 1411 1410 4771
f 4773 1414 1413
f 1421 1420 4773
f 1440 1439 4772
f 1469 1468 4769
f 1392 1391 4770
f 1404 1403 4771
f 1413 4771 4773
f 4773 1416 1415
f 1418 1417 4773
f 4773 1430 1429
f 4772 1431 1430
f 1438 1437 4772
f 1474 1473 4769
f 1413 1412 4771
f 1417 1416 4773
f 4773 1428 1427
f 1430 4773 4772
f 1445 1444 4768
f 1415 1414 4773
f 4773 1426 1425
f 1429 1428 4773
f 4772 1433 1432
f 4772 1435 1434
f 1402 1401 4771
f 1427 1426 4773
f 1434 1433 4772
f 1425 1424 4773
f 4772 1436 1435
f 1432 1431 4772
f 1437 1436 4772
f 4774 4772 4773
f 4773 4775 4774
f 4776 4771 4770
f 4770 4777 4776
f 4777 4770 4769
f 4769 4778 4777
f 4778 4769 4768
f 4768 4779 4778
f 4779 4768 4772
f 4772 4774 4779
f 4777 4778 4780
f 4777 4781 4782
f 4780 4783 4777
f 4778 4784 4785
f 4778 4786 4787
f 4775 4788 4789
f 4775 4790 4791
f 4775 4792 4793
f 4782 4794 4777
f 4778 4795 4780
f 4785 4796 4778
f 4778 4797 4786
f 4779 4798 4799
f 4779 4800 4801
f 4791 4788 4775
f 4793 4802 4775
f 4776 4803 4804
f 4776 4805 4806
f 4776 4807 4808
f 4777 4809 4810
f 4777 4811 4812
f 4783 4781 4777
f 4778 4813 4814
f 4787 4784 4778
f 4778 4815 4816
f 4779 4817 4818
f 4799 4819 4779
f 4779 4820 4800
f 4774 4821 4822
f 4774 4823 4824
f 4802 4790 4775
f 4804 4825 4776
f 4808 4805 4776
f 4810 4776 4777
f 4794 4811 4777
f 4778 4826 4813
f 4778 4827 4828
f 4816 4797 4778
f 4818 4778 4779
f 4779 4829 4830
f 4801 4798 4779
f 4774 4831 4821
f 4774 4832 4823
f 4774 4775 4833
f 4775 4834 4835
f 4775 4836 4792
f 4775 4837 4838
f 4776 4839 4840
f 4776 4841 4842
f 4806 4803 4776
f 4776 4843 4844
f 4776 4845 4846
f 4777 4847 4809
f 4812 4848 4777
f 4828 4826 4778
f 4818 4815 4778
f 4819 4829 4779
f 4779 4849 4850
f 4779 4822 4851
f 4824 4831 4774
f 4774 4852 4853
f 4835 4833 4775
f 4775 4854 4855
f 4838 4836 4775
f 4840 4775 4776
f 4825 4841 4776
f 4776 4856 4857
f 4846 4843 4776
f 4777 4858 4847
f 4814 4795 4778
f 4830 4817 4779
f 4779 4859 4849
f 4851 4860 4779
f 4853 4832 4774
f 4774 4861 4862
f 4774 4863 4864
f 4774 4865 4866
f 4855 4834 4775
f 4775 4867 4868
f 4840 4837 4775
f 4857 4807 4776
f 4810 4845 4776
f 4777 4869 4870
f 4796 4827 4778
f 4860 4859 4779
f 4862 4852 4774
f 4866 4863 4774
f 4868 4854 4775
f 4842 4839 4776
f 4870 4858 4777
f 4850 4820 4779
f 4864 4861 4774
f 4789 4867 4775
f 4777 4871 4869
f 4822 4779 4774
f 4844 4856 4776
f 4833 4865 4774
f 4848 4871 4777
f 4869 4871 4872
f 4870 4869 4873
f 4858 4870 4874
f 4847 4858 4875
f 4809 4847 4876
f 4810 4809 4877
f 4845 4810 4878
f 4846 4845 4879
f 4843 4846 4880
f 4844 4843 4881
f 4856 4844 4882
f 4857 4856 4883
f 4807 4857 4884
f 4808 4807 4885
f 4805 4808 4886
f 4806 4805 4887
f 4803 4806 4888
f 4804 4803 4889
f 4825 4804 4890
f 4841 4825 4891
f 4842 4841 4892
f 4839 4842 4893
f 4840 4839 4894
f 4837 4840 4895
f 4838 4837 4896
f 4836 4838 4897
f 4792 4836 4898
f 4793 4792 4899
f 4802 4793 4900
f 4790 4802 4901
f 4791 4790 4902
f 4788 4791 4903
f 4789 4788 4904
f 4867 4789 4905
f 4868 4867 4906
f 4854 4868 4907
f 4855 4854 4908
f 4834 4855 4909
f 4835 4834 4910
f 4833 4835 4911
f 4865 4833 4912
f 4866 4865 4913
f 4863 4866 4914
f 4864 4863 4915
f 4861 4864 4916
f 4862 4861 4917
f 4852 4862 4918
f 4853 4852 4919
f 4832 4853 4920
f 4823 4832 4921
f 4824 4823 4922
f 4831 4824 4923
f 4821 4831 4924
f 4822 4821 4925
f 4851 4822 4926
f 4860 4851 4927
f 4859 4860 4928
f 4849 4859 4929
f 4850 4849 4930
f 4820 4850 4931
f 4800 4820 4932
f 4801 4800 4933
f 4798 4801 4934
f 4799 4798 4935
f 4819 4799 4936
f 4829 4819 4937
f 4830 4829 4938
f 4817 4830 4939
f 4818 4817 4940
f 4815 4818 4941
f 4816 4815 4942
f 4797 4816 4943
f 4786 4797 4944
f 4787 4786 4945
f 4784 4787 4946
f 4785 4784 4947
f 4796 4785 4948
f 4827 4796 4949
f 4828 4827 4950
f 4826 4828 4951
f 4813 4826 4952
f 4814 4813 4953
f 4795 4814 4954
f 4780 4795 4955
f 4783 4780 4956
f 4781 4783 4957
f 4782 4781 4958
f 4794 4782 4959
f 4811 4794 4960
f 4812 4811 4961
f 4848 4812 4962
f 4871 4848 4963
f 4963 4872 4871
f 4962 4963 4848
f 4961 4962 4812
f 4960 4961 4811
f 4959 4960 4794
f 4958 4959 4782
f 4957 4958 4781
f 4956 4957 4783
f 4955 4956 4780
f 4954 4955 4795
f 4953 4954 4814
f 4952 4953 4813
f 4951 4952 4826
f 4950 4951 4828
f 4949 4950 4827
f 4948 4949 4796
f 4947 4948 4785
f 4946 4947 4784
f 4945 4946 4787
f 4944 4945 4786
f 4943 4944 4797
f 4942 4943 4816
f 4941 4942 4815
f 4940 4941 4818
f 4939 4940 4817
f 4938 4939 4830
f 4937 4938 4829
f 4936 4937 4819
f 4935 4936 4799
f 4934 4935 4798
f 4933 4934 4801
f 4932 4933 4800
f 4931 4932 4820
f 4930 4931 4850
f 4929 4930 4849
f 4928 4929 4859
f 4927 4928 4860
f 4926 4927 4851
f 4925 4926 4822
f 4924 4925 4821
f 4923 4924 4831
f 4922 4923 4824
f 4921 4922 4823
f 4920 4921 4832
f 4919 4920 4853
f 4918 4919 4852
f 4917 4918 4862
f 4916 4917 4861
f 4915 4916 4864
f 4914 4915 4863
f 4913 4914 4866
f 4912 4913 4865
f 4911 4912 4833
f 4910 4911 4835
f 4909 4910 4834
f 4908 4909 4855
f 4907 4908 4854
f 4906 4907 4868
f 4905 4906 4867
f 4904 4905 4789
f 4903 4904 4788
f 4902 4903 4791
f 4901 4902 4790
f 4900 4901 4802
f 4899 4900 4793
f 4898 4899 4792
f 4897 4898 4836
f 4896 4897 4838
f 4895 4896 4837
f 4894 4895 4840
f 4893 4894 4839
f 4892 4893 4842
f 4891 4892 4841
f 4890 4891 4825
f 4889 4890 4804
f 4888 4889 4803
f 4887 4888 4806
f 4886 4887 4805
f 4885 4886 4808
f 4884 4885 4807
f 4883 4884 4857
f 4882 4883 4856
f 4881 4882 4844
f 4880 4881 4843
f 4879 4880 4846
f 4878 4879 4845
f 4877 4878 4810
f 4876 4877 4809
f 4875 4876 4847
f 4874 4875 4858
f 4873 4874 4870
f 4872 4873 4869
f 4964 4963 4962
f 4962 4961 4964
f 4961 4960 4964
f 4960 4959 4964
f 4959 4958 4964
f 4958 4957 4964
f 4957 4956 4964
f 4956 4955 4964
f 4955 4954 4964
f 4954 4953 4964
f 4953 4952 4964
f 4952 4951 4964
f 4951 4950 4964
f 4950 4949 4964
f 4949 4948 4964
f 4948 4947 4964
f 4947 4946 4964
f 4946 4945 4964
f 4945 4944 4964
f 4944 4943 4964
f 4943 4942 4964
f 4942 4941 4964
f 4941 4940 4964
f 4940 4939 4964
f 4939 4938 4964
f 4938 4937 4964
f 4937 4936 4964
f 4936 4935 4964
f 4935 4934 4964
f 4934 4933 4964
f 4933 4932 4964
f 4932 4931 4964
f 4931 4930 4964
f 4930 4929 4964
f 4929 4928 4964
f 4928 4927 4964
f 4927 4926 4964
f 4926 4925 4964
f 4925 4924 4964
f 4924 4923 4964
f 4923 4922 4964
f 4922 4921 4964
f 4921 4920 4964
f 4920 4919 4964
f 4919 4918 4964
f 4918 4917 4964
f 4917 4916 4964
f 4916 4915 4964
f 4915 4914 4964
f 4914 4913 4964
f 4913 4912 4964
f 4912 4911 4964
f 4911 4910 4964
f 4910 4909 4964
f 4909 4908 4964
f 4908 4907 4964
f 4907 4906 4964
f 4906 4905 4964
f 4905 4904 4964
f 4904 4903 4964
f 4903 4902 4964
f 4902 4901 4964
f 4901 4900 4964
f 4900 4899 4964
f 4899 4898 4964
f 4898 4897 4964
f 4897 4896 4964
f 4896 4895 4964
f 4895 4894 4964
f 4894 4893 4964
f 4893 4892 4964
f 4892 4891 4964
f 4891 4890 4964
f 4890 4889 4964
f 4889 4888 4964
f 4888 4887 4964
f 4887 4886 4964
f 4886 4885 4964
f 4885 4884 4964
f 4884 4883 4964
f 4883 4882 4964
f 4882 4881 4964
f 4881 4880 4964
f 4880 4879 4964
f 4879 4878 4964
f 4878 4877 4964
f 4877 4876 4964
f 4876 4875 4964
f 4875 4874 4964
f 4874 4873 4964
f 4873 4872 4964
f 4872 4963 4964
f 4965 4966 555
f 4966 556 555
f 4967 590 589
f 4967 4968 511
f 4965 552 551
f 555 554 4965
f 4969 589 588
f 4967 591 590
f 511 510 4967
f 4968 518 517
f 4965 553 552
f 4966 557 556
f 4966 559 558
f 4966 561 560
f 589 4969 4967
f 4967 593 592
f 4967 507 506
f 4968 512 511
f 4968 515 514
f 517 516 4968
f 551 550 4965
f 558 557 4966
f 4966 562 561
f 4966 565 564
f 4969 573 572
f 4969 575 574
f 4969 577 576
f 4969 584 583
f 4969 586 585
f 588 587 4969
f 4967 594 593
f 506 505 4967
f 4967 509 508
f 4968 513 512
f 516 515 4968
f 4968 520 519
f 4968 522 521
f 4968 525 524
f 4968 4970 526
f 4970 529 528
f 554 553 4965
f 4966 563 562
f 4966 566 565
f 4966 568 567
f 4966 571 570
f 572 4966 4969
f 576 575 4969
f 4969 579 578
f 4969 581 580
f 585 584 4969
f 592 591 4967
f 4967 504 503
f 508 507 4967
f 514 513 4968
f 521 520 4968
f 524 523 4968
f 4970 527 526
f 4970 530 529
f 4970 537 536
f 560 559 4966
f 567 566 4966
f 570 569 4966
f 574 573 4969
f 580 579 4969
f 583 582 4969
f 503 594 4967
f 510 509 4967
f 523 522 4968
f 528 527 4970
f 4970 532 531
f 4970 534 533
f 4970 538 537
f 4970 540 539
f 4965 542 541
f 564 563 4966
f 572 571 4966
f 582 581 4969
f 505 504 4967
f 526 525 4968
f 533 532 4970
f 539 538 4970
f 4965 543 542
f 4965 548 547
f 569 568 4966
f 587 586 4969
f 531 530 4970
f 536 535 4970
f 541 4970 4965
f 4965 545 544
f 547 546 4965
f 578 577 4969
f 535 534 4970
f 544 543 4965
f 4965 549 548
f 519 518 4968
f 546 545 4965
f 541 540 4970
f 550 549 4965
f 4969 4971 4972
f 4972 4967 4969
f 4973 4966 4965
f 4965 4974 4973
f 4975 4968 4967
f 4967 4972 4975
f 4974 4965 4970
f 4970 4976 4974
f 4976 4970 4968
f 4968 4975 4976
f 4974 4977 4978
f 4974 4979 4980
f 4973 4981 4982
f 4978 4973 4974
f 4980 4983 4974
f 4974 4984 4985
f 4974 4986 4987
f 4974 4976 4988
f 4972 4971 4989
f 4973 4990 4981
f 4974 4991 4977
f 4985 4979 4974
f 4974 4992 4986
f 4988 4993 4974
f 4972 4994 4995
f 4989 4996 4972
f 4971 4997 4998
f 4973 4999 5000
f 4978 4990 4973
f 4987 4984 4974
f 4974 5001 5002
f 4976 5003 4988
f 4976 5004 5005
f 4975 5006 5007
f 4975 5008 5009
f 4975 5010 5011
f 4975 5012 5013
f 4975 5014 5015
f 4972 5016 4994
f 4972 5017 5018
f 4998 4989 4971
f 4971 5019 5020
f 4971 5021 5022
f 4971 5023 5024
f 4971 5025 5026
f 4973 5027 5028
f 4973 5029 5030
f 5000 5031 4973
f 4983 4991 4974
f 4993 5001 4974
f 4976 5032 5033
f 5005 5034 4976
f 5007 4976 4975
f 4975 5035 5008
f 5013 5010 4975
f 4975 5036 5014
f 4975 5037 5038
f 4995 4975 4972
f 4972 5039 5040
f 5018 5041 4972
f 4971 5042 4997
f 5022 5019 4971
f 4971 5043 5044
f 4971 5045 5046
f 5026 5023 4971
f 5028 4971 4973
f 4973 5047 5048
f 4973 5049 5050
f 5030 5051 4973
f 5031 5052 4973
f 5002 4992 4974
f 4976 5053 5032
f 4976 5054 5055
f 4976 5056 5057
f 4976 5058 5059
f 5007 5004 4976
f 5011 5035 4975
f 5038 5036 4975
f 4995 5060 4975
f 4972 5061 5062
f 4972 5063 5039
f 4996 5017 4972
f 4971 5064 5021
f 5046 5043 4971
f 5028 5025 4971
f 4973 5065 5047
f 5051 5049 4973
f 4982 4999 4973
f 5055 5053 4976
f 5059 5056 4976
f 5009 5006 4975
f 5060 5037 4975
f 5040 5061 4972
f 5041 5066 4972
f 5044 5064 4971
f 5048 5027 4973
f 5052 5029 4973
f 4976 5067 5054
f 5034 5058 4976
f 5062 5016 4972
f 5020 5042 4971
f 5050 5065 4973
f 5057 5067 4976
f 4972 5068 5063
f 5024 5045 4971
f 5015 5012 4975
f 5033 5003 4976
f 5066 5068 4972
f 5063 5068 5069
f 5039 5063 5070
f 5040 5039 5071
f 5061 5040 5072
f 5062 5061 5073
f 5016 5062 5074
f 4994 5016 5075
f 4995 4994 5076
f 5060 4995 5077
f 5037 5060 5078
f 5038 5037 5079
f 5036 5038 5080
f 5014 5036 5081
f 5015 5014 5082
f 5012 5015 5083
f 5013 5012 5084
f 5010 5013 5085
f 5011 5010 5086
f 5035 5011 5087
f 5008 5035 5088
f 5009 5008 5089
f 5006 5009 5090
f 5007 5006 5091
f 5004 5007 5092
f 5005 5004 5093
f 5034 5005 5094
f 5058 5034 5095
f 5059 5058 5096
f 5056 5059 5097
f 5057 5056 5098
f 5067 5057 5099
f 5054 5067 5100
f 5055 5054 5101
f 5053 5055 5102
f 5032 5053 5103
f 5033 5032 5104
f 5003 5033 5105
f 4988 5003 5106
f 4993 4988 5107
f 5001 4993 5108
f 5002 5001 5109
f 4992 5002 5110
f 4986 4992 5111
f 4987 4986 5112
f 4984 4987 5113
f 4985 4984 5114
f 4979 4985 5115
f 4980 4979 5116
f 4983 4980 5117
f 4991 4983 5118
f 4977 4991 5119
f 4978 4977 5120
f 4990 4978 5121
f 4981 4990 5122
f 4982 4981 5123
f 4999 4982 5124
f 5000 4999 5125
f 5031 5000 5126
f 5052 5031 5127
f 5029 5052 5128
f 5030 5029 5129
f 5051 5030 5130
f 5049 5051 5131
f 5050 5049 5132
f 5065 5050 5133
f 5047 5065 5134
f 5048 5047 5135
f 5027 5048 5136
f 5028 5027 5137
f 5025 5028 5138
f 5026 5025 5139
f 5023 5026 5140
f 5024 5023 5141
f 5045 5024 5142
f 5046 5045 5143
f 5043 5046 5144
f 5044 5043 5145
f 5064 5044 5146
f 5021 5064 5147
f 5022 5021 5148
f 5019 5022 5149
f 5020 5019 5150
f 5042 5020 5151
f 4997 5042 5152
f 4998 4997 5153
f 4989 4998 5154
f 4996 4989 5155
f 5017 4996 5156
f 5018 5017 5157
f 5041 5018 5158
f 5066 5041 5159
f 5068 5066 5160
f 5160 5069 5068
f 5159 5160 5066
f 5158 5159 5041
f 5157 5158 5018
f 5156 5157 5017
f 5155 5156 4996
f 5154 5155 4989
f 5153 5154 4998
f 5152 5153 4997
f 5151 5152 5042
f 5150 5151 5020
f 5149 5150 5019
f 5148 5149 5022
f 5147 5148 5021
f 5146 5147 5064
f 5145 5146 5044
f 5144 5145 5043
f 5143 5144 5046
f 5142 5143 5045
f 5141 5142 5024
f 5140 5141 5023
f 5139 5140 5026
f 5138 5139 5025
f 5137 5138 5028
f 5136 5137 5027
f 5135 5136 5048
f 5134 5135 5047
f 5133 5134 5065
f 5132 5133 5050
f 5131 5132 5049
f 5130 5131 5051
f 5129 5130 5030
f 5128 5129 5029
f 5127 5128 5052
f 5126 5127 5031
f 5125 5126 5000
f 5124 5125 4999
f 5123 5124 4982
f 5122 5123 4981
f 5121 5122 4990
f 5120 5121 4978
f 5119 5120 4977
f 5118 5119 4991
f 5117 5118 4983
f 5116 5117 4980
f 5115 5116 4979
f 5114 5115 4985
f 5113 5114 4984
f 5112 5113 4987
f 5111 5112 4986
f 5110 5111 4992
f 5109 5110 5002
f 5108 5109 5001
f 5107 5108 4993
f 5106 5107 4988
f 5105 5106 5003
f 5104 5105 5033
f 5103 5104 5032
f 5102 5103 5053
f 5101 5102 5055
f 5100 5101 5054
f 5099 5100 5067
f 5098 5099 5057
f 5097 5098 5056
f 5096 5097 5059
f 5095 5096 5058
f 5094 5095 5034
f 5093 5094 5005
f 5092 5093 5004
f 5091 5092 5007
f 5090 5091 5006
f 5089 5090 5009
f 5088 5089 5008
f 5087 5088 5035
f 5086 5087 5011
f 5085 5086 5010
f 5084 5085 5013
f 5083 5084 5012
f 5082 5083 5015
f 5081 5082 5014
f 5080 5081 5036
f 5079 5080 5038
f 5078 5079 5037
f 5077 5078 5060
f 5076 5077 4995
f 5075 5076 4994
f 5074 5075 5016
f 5073 5074 5062
f 5072 5073 5061
f 5071 5072 5040
f 5070 5071 5039
f 5069 5070 5063
f 5161 5160 5159
f 5159 5158 5161
f 5158 5157 5161
f 5157 5156 5161
f 5156 5155 5161
f 5155 5154 5161
f 5154 5153 5161
f 5153 5152 5161
f 5152 5151 5161
f 5151 5150 5161
f 5150 5149 5161
f 5149 5148 5161
f 5148 5147 5161
f 5147 5146 5161
f 5146 5145 5161
f 5145 5144 5161
f 5144 5143 5161
f 5143 5142 5161
f 5142 5141 5161
f 5141 5140 5161
f 5140 5139 5161
f 5139 5138 5161
f 5138 5137 5161
f 5137 5136 5161
f 5136 5135 5161
f 5135 5134 5161
f 5134 5133 5161
f 5133 5132 5161
f 5132 5131 5161
f 5131 5130 5161
f 5130 5129 5161
f 5129 5128 5161
f 5128 5127 5161
f 5127 5126 5161
f 5126 5125 5161
f 5125 5124 5161
f 5124 5123 5161
f 5123 5122 5161
f 5122 5121 5161
f 5121 5120 5161
f 5120 5119 5161
f 5119 5118 5161
f 5118 5117 5161
f 5117 5116 5161
f 5116 5115 5161
f 5115 5114 5161
f 5114 5113 5161
f 5113 5112 5161
f 5112 5111 5161
f 5111 5110 5161
f 5110 5109 5161
f 5109 5108 5161
f 5108 5107 5161
f 5107 5106 5161
f 5106 5105 5161
f 5105 5104 5161
f 5104 5103 5161
f 5103 5102 5161
f 5102 5101 5161
f 5101 5100 5161
f 5100 5099 5161
f 5099 5098 5161
f 5098 5097 5161
f 5097 5096 5161
f 5096 5095 5161
f 5095 5094 5161
f 5094 5093 5161
f 5093 5092 5161
f 5092 5091 5161
f 5091 5090 5161
f 5090 5089 5161
f 5089 5088 5161
f 5088 5087 5161
f 5087 5086 5161
f 5086 5085 5161
f 5085 5084 5161
f 5084 5083 5161
f 5083 5082 5161
f 5082 5081 5161
f 5081 5080 5161
f 5080 5079 5161
f 5079 5078 5161
f 5078 5077 5161
f 5077 5076 5161
f 5076 5075 5161
f 5075 5074 5161
f 5074 5073 5161
f 5073 5072 5161
f 5072 5071 5161
f 5071 5070 5161
f 5070 5069 5161
f 5069 5160 5161
f 2262 2259 433
f 403 2270 2262
f 433 403 2262
f 403 2272 2270
f 403 2274 2272
f 403 2278 2276
f 403 2290 2288
f 403 5162 2324
f 2276 2274 403
f 403 2282 2280
f 2288 2286 403
f 403 2316 2314
f 403 2322 2320
f 5162 2326 2324
f 2280 2278 403
f 2286 2284 403
f 403 2306 2304
f 403 2312 2310
f 403 2318 2316
f 2324 2322 403
f 5162 2330 2328
f 433 2247 2245
f 2284 2282 403
f 403 2294 2292
f 403 2300 2298
f 2304 2302 403
f 2310 2308 403
f 2320 2318 403
f 5162 2332 2330
f 5162 2336 2334
f 5162 2342 2340
f 433 2239 2237
f 2245 2243 433
f 2292 2290 403
f 2298 2296 403
f 2308 2306 403
f 2328 2326 5162
f 5162 2338 2336
f 5162 2344 2342
f 5162 2348 2346
f 5162 5163 2350
f 1179 2425 2423
f 1179 2264 2441
f 433 2241 2239
f 433 2249 2247
f 433 2255 2253
f 2296 2294 403
f 2314 2312 403
f 2340 2338 5162
f 2350 2348 5162
f 1179 2427 2425
f 2423 2421 1179
f 1179 2431 2429
f 1179 2437 2435
f 2441 2439 1179
f 2439 2437 1179
f 5164 2369 2367
f 5164 2373 2371
f 5164 2385 2383
f 5164 2399 2397
f 5164 2411 2409
f 1584 2215 2213
f 433 2225 2223
f 433 2235 2233
f 2243 2241 433
f 2253 2251 433
f 2302 2300 403
f 2346 2344 5162
f 2421 2419 1179
f 1179 2433 2431
f 2429 2427 1179
f 2435 2433 1179
f 2371 2369 5164
f 5164 2377 2375
f 2383 2381 5164
f 5164 2391 2389
f 5164 2395 2393
f 5164 2401 2399
f 5164 2405 2403
f 2409 2407 5164
f 5165 2361 2359
f 1584 2211 2209
f 1584 2217 2215
f 433 2219 2217
f 2223 2221 433
f 2221 2219 433
f 433 2229 2227
f 2233 2231 433
f 2251 2249 433
f 2334 2332 5162
f 2419 5164 1179
f 2375 2373 5164
f 2381 2379 5164
f 2389 2387 5164
f 2397 2395 5164
f 2407 2405 5164
f 5164 2417 2415
f 5163 2468 2474
f 5165 2363 2361
f 5165 2367 2365
f 1584 2199 2197
f 1584 2207 2205
f 2213 2211 1584
f 2231 2229 433
f 2259 2255 433
f 1587 2169 2167
f 1587 2179 2177
f 2379 2377 5164
f 2393 2391 5164
f 5164 2413 2411
f 5164 2419 2417
f 2415 2413 5164
f 5163 2354 2352
f 2474 2356 5163
f 5163 5165 2461
f 5165 2446 2452
f 2365 2363 5165
f 1584 2187 2185
f 1584 2191 2189
f 1584 2201 2199
f 2205 2203 1584
f 2217 1584 433
f 2237 2235 433
f 1587 2257 2258
f 2167 2256 1587
f 1587 2173 2171
f 2177 2175 1587
f 1179 5166 387
f 2387 2385 5164
f 2403 2401 5164
f 2356 2354 5163
f 2461 2463 5163
f 2359 2446 5165
f 2189 2187 1584
f 1584 2195 2193
f 2203 2201 1584
f 2227 2225 433
f 2256 2257 1587
f 2175 2173 1587
f 1587 2185 2183
f 5164 5166 1179
f 2463 2468 5163
f 2452 2457 5165
f 2193 2191 1584
f 2209 2207 1584
f 2171 2169 1587
f 2183 2181 1587
f 2367 5165 5164
f 387 385 1179
f 2457 2461 5165
f 2352 2350 5163
f 2197 2195 1584
f 2181 2179 1587
f 395 385 389
f 2258 1589 1587
f 2185 1587 1584
f 5167 396 390
f 396 5167 5162
f 395 1179 385
f 5162 398 396
f 387 5166 5167
f 1584 501 499
f 398 5162 403
f 390 387 5167
f 1584 595 501
f 389 393 395
f 499 433 1584
f 1584 1577 595
f 403 401 398
f 5168 5169 2901
f 5170 2856 2855
f 2901 2900 5168
f 5169 2903 2902
f 5171 2923 2922
f 5170 2857 2856
f 2902 2901 5169
f 5169 2911 2910
f 5171 2833 2923
f 5171 5172 2840
f 5172 2851 2850
f 5170 2858 2857
f 5169 2904 2903
f 5169 2906 2905
f 5169 2912 2911
f 5171 2832 2833
f 5171 2835 2834
f 5172 2841 2840
f 5172 2847 2846
f 5172 2852 2851
f 5172 2855 2854
f 5170 2859 2858
f 5168 2895 2894
f 5168 2899 2898
f 2905 2904 5169
f 5169 2909 2908
f 5169 2913 2912
f 5169 2915 2914
f 2834 2832 5171
f 5171 2837 2836
f 5171 2839 2838
f 5172 2842 2841
f 2846 2845 5172
f 5172 2849 2848
f 5172 2853 2852
f 2855 5172 5170
f 5170 2862 2861
f 5168 2888 2887
f 5168 2890 2889
f 5168 2892 2891
f 2894 2893 5168
f 5168 2897 2896
f 2900 2899 5168
f 2908 2907 5169
f 2914 2913 5169
f 5171 2917 2916
f 2836 2835 5171
f 2840 2839 5171
f 2848 2847 5172
f 2854 2853 5172
f 2861 2860 5170
f 2889 2888 5168
f 2893 2892 5168
f 2898 2897 5168
f 2910 2909 5169
f 2916 5169 5171
f 5171 2919 2918
f 5171 2921 2920
f 2838 2837 5171
f 2850 2849 5172
f 5170 2863 2862
f 5170 2868 2867
f 2891 2890 5168
f 2907 2906 5169
f 2918 2917 5171
f 2922 2921 5171
f 5172 2844 2843
f 2860 2859 5170
f 5170 2865 2864
f 2867 2866 5170
f 5173 5168 2886
f 2896 2895 5168
f 2920 2919 5171
f 2845 2844 5172
f 2866 2865 5170
f 5173 2871 2870
f 2886 2885 5173
f 2916 2915 5169
f 2864 2863 5170
f 5170 2870 2869
f 5173 2872 2871
f 5173 2875 2874
f 5173 2877 2876
f 5173 2881 2880
f 5173 2883 2882
f 2885 2884 5173
f 2843 2842 5172
f 2870 5170 5173
f 2874 2873 5173
f 5173 2878 2877
f 2880 2879 5173
f 2884 2883 5173
f 2869 2868 5170
f 2876 2875 5173
f 2882 2881 5173
f 2873 2872 5173
f 2887 2886 5168
f 2879 2878 5173
f 5163 5162 5173
f 5173 5170 5163
f 5165 5163 5170
f 5170 5172 5165
f 5164 5165 5172
f 5172 5171 5164
f 5166 5164 5171
f 5171 5169 5166
f 5167 5166 5169
f 5169 5168 5167
f 5168 5173 5162
f 5162 5167 5168
f 5174 5175 4249
f 5176 4202 4201
f 4249 4248 5174
f 5175 4256 4255
f 5175 4261 4260
f 5176 4203 4202
f 5174 4243 4242
f 5174 4245 4244
f 5175 4250 4249
f 5175 4253 4252
f 5175 4257 4256
f 4260 4259 5175
f 5175 4263 4262
f 5177 4268 4267
f 5178 4200 4199
f 4201 5178 5176
f 5176 4205 4204
f 5176 4208 4207
f 4244 4243 5174
f 5174 4247 4246
f 5175 4251 4250
f 5175 4254 4253
f 5175 4258 4257
f 4262 4261 5175
f 5177 4265 4264
f 5177 4269 4268
f 5177 4184 4183
f 5178 4191 4190
f 5178 4196 4195
f 5178 4198 4197
f 4201 4200 5178
f 5176 4206 4205
f 5176 4209 4208
f 5174 4241 4240
f 4246 4245 5174
f 4252 4251 5175
f 4259 4258 5175
f 4264 5175 5177
f 4267 4266 5177
f 4183 4182 5177
f 5177 5178 4186
f 5178 4189 4188
f 5178 4192 4191
f 4195 4194 5178
f 4199 4198 5178
f 4207 4206 5176
f 5176 4211 4210
f 5176 4213 4212
f 5179 4222 4221
f 5179 4230 4229
f 5174 4234 4233
f 5174 4237 4236
f 4242 4241 5174
f 4255 4254 5175
f 4266 4265 5177
f 5177 4271 4270
f 5177 4185 4184
f 5178 4187 4186
f 4190 4189 5178
f 4194 4193 5178
f 4204 4203 5176
f 4212 4211 5176
f 5176 5179 4217
f 5179 4223 4222
f 4229 4228 5179
f 5179 4232 4231
f 4233 5179 5174
f 4236 4235 5174
f 4248 4247 5174
f 4270 4269 5177
f 5177 4181 4180
f 4186 4185 5177
f 4193 4192 5178
f 4210 4209 5176
f 5176 4215 4214
f 4217 4216 5176
f 5179 4219 4218
f 4221 4220 5179
f 4231 4230 5179
f 4235 4234 5174
f 4264 4263 5175
f 5177 4179 4178
f 4182 4181 5177
f 4197 4196 5178
f 4216 4215 5176
f 4220 4219 5179
f 5179 4227 4226
f 4233 4232 5179
f 4178 4271 5177
f 4188 4187 5178
f 4218 4217 5179
f 5179 4224 4225
f 4228 4227 5179
f 5174 4239 4238
f 4180 4179 5177
f 4225 4223 5179
f 4238 4237 5174
f 4214 4213 5176
f 4240 4239 5174
f 4226 4224 5179
f 5179 5180 5181
f 5181 5174 5179
f 5174 5181 5182
f 5182 5175 5174
f 5175 5182 5183
f 5183 5177 5175
f 5177 5183 5184
f 5184 5178 5177
f 5178 5184 5185
f 5185 5176 5178
f 5176 5185 5180
f 5180 5179 5176
f 5186 5187 4548
f 5188 4501 4500
f 4548 4547 5186
f 5187 4555 4554
f 5187 4560 4559
f 5188 4502 4501
f 5186 4542 4541
f 5186 4544 4543
f 5187 4549 4548
f 5187 4552 4551
f 5187 4556 4555
f 4559 4558 5187
f 5187 4562 4561
f 5189 4567 4566
f 5190 4499 4498
f 4500 5190 5188
f 5188 4504 4503
f 5188 4507 4506
f 4543 4542 5186
f 5186 4546 4545
f 5187 4550 4549
f 5187 4553 4552
f 5187 4557 4556
f 4561 4560 5187
f 5189 4564 4563
f 5189 4568 4567
f 5189 4483 4482
f 5190 4490 4489
f 5190 4495 4494
f 5190 4497 4496
f 4500 4499 5190
f 5188 4505 4504
f 5188 4508 4507
f 5186 4540 4539
f 4545 4544 5186
f 4551 4550 5187
f 4558 4557 5187
f 4563 5187 5189
f 4566 4565 5189
f 4482 4481 5189
f 5189 5190 4485
f 5190 4488 4487
f 5190 4491 4490
f 4494 4493 5190
f 4498 4497 5190
f 4506 4505 5188
f 5188 4510 4509
f 5188 4512 4511
f 5191 4521 4520
f 5191 4529 4528
f 5186 4533 4532
f 5186 4536 4535
f 4541 4540 5186
f 4554 4553 5187
f 4565 4564 5189
f 5189 4570 4569
f 5189 4484 4483
f 5190 4486 4485
f 4489 4488 5190
f 4493 4492 5190
f 4503 4502 5188
f 4511 4510 5188
f 5188 5191 4516
f 5191 4522 4521
f 4528 4527 5191
f 5191 4531 4530
f 4532 5191 5186
f 4535 4534 5186
f 4547 4546 5186
f 4569 4568 5189
f 5189 4480 4479
f 4485 4484 5189
f 4492 4491 5190
f 4509 4508 5188
f 5188 4514 4513
f 4516 4515 5188
f 5191 4518 4517
f 4520 4519 5191
f 4530 4529 5191
f 4534 4533 5186
f 4563 4562 5187
f 5189 4478 4477
f 4481 4480 5189
f 4496 4495 5190
f 4515 4514 5188
f 4519 4518 5191
f 5191 4526 4525
f 4532 4531 5191
f 4477 4570 5189
f 4487 4486 5190
f 4517 4516 5191
f 5191 4523 4524
f 4527 4526 5191
f 5186 4538 4537
f 4479 4478 5189
f 4524 4522 5191
f 4537 4536 5186
f 4513 4512 5188
f 4539 4538 5186
f 4525 4523 5191
f 5187 5192 5193
f 5193 5189 5187
f 5189 5193 5194
f 5194 5190 5189
f 5190 5194 5195
f 5195 5188 5190
f 5188 5195 5196
f 5196 5191 5188
f 5191 5196 5197
f 5197 5186 5191
f 5186 5197 5192
f 5192 5187 5186
f 5198 5199 3649
f 5200 3602 3601
f 3649 3648 5198
f 5199 3656 3655
f 5199 3661 3660
f 5200 3603 3602
f 5198 3643 3642
f 5198 3645 3644
f 5199 3650 3649
f 5199 3653 3652
f 5199 3657 3656
f 3660 3659 5199
f 5199 3663 3662
f 5201 3668 3667
f 5202 3600 3599
f 3601 5202 5200
f 5200 3605 3604
f 5200 3608 3607
f 3644 3643 5198
f 5198 3647 3646
f 5199 3651 3650
f 5199 3654 3653
f 5199 3658 3657
f 3662 3661 5199
f 5201 3665 3664
f 5201 3669 3668
f 5201 3584 3583
f 5202 3591 3590
f 5202 3596 3595
f 5202 3598 3597
f 3601 3600 5202
f 5200 3606 3605
f 5200 3609 3608
f 5198 3641 3640
f 3646 3645 5198
f 3652 3651 5199
f 3659 3658 5199
f 3664 5199 5201
f 3667 3666 5201
f 3583 3582 5201
f 5201 5202 3586
f 5202 3589 3588
f 5202 3592 3591
f 3595 3594 5202
f 3599 3598 5202
f 3607 3606 5200
f 5200 3611 3610
f 5200 3613 3612
f 5203 3622 3621
f 5203 3630 3629
f 5198 3634 3633
f 5198 3637 3636
f 3642 3641 5198
f 3655 3654 5199
f 3666 3665 5201
f 5201 3671 3670
f 5201 3585 3584
f 5202 3587 3586
f 3590 3589 5202
f 3594 3593 5202
f 3604 3603 5200
f 3612 3611 5200
f 5200 5203 3617
f 5203 3623 3622
f 3629 3628 5203
f 5203 3632 3631
f 3633 5203 5198
f 3636 3635 5198
f 3648 3647 5198
f 3670 3669 5201
f 5201 3581 3580
f 3586 3585 5201
f 3593 3592 5202
f 3610 3609 5200
f 5200 3615 3614
f 3617 3616 5200
f 5203 3619 3618
f 3621 3620 5203
f 3631 3630 5203
f 3635 3634 5198
f 3664 3663 5199
f 5201 3579 3578
f 3582 3581 5201
f 3597 3596 5202
f 3616 3615 5200
f 3620 3619 5203
f 5203 3627 3626
f 3633 3632 5203
f 3578 3671 5201
f 3588 3587 5202
f 3618 3617 5203
f 5203 3624 3625
f 3628 3627 5203
f 5198 3639 3638
f 3580 3579 5201
f 3625 3623 5203
f 3638 3637 5198
f 3614 3613 5200
f 3640 3639 5198
f 3626 3624 5203
f 5202 5204 5205
f 5205 5200 5202
f 5200 5205 5206
f 5206 5203 5200
f 5203 5206 5207
f 5207 5198 5203
f 5198 5207 5208
f 5208 5199 5198
f 5199 5208 5209
f 5209 5201 5199
f 5201 5209 5204
f 5204 5202 5201
f 5210 5211 3949
f 5212 3902 3901
f 3949 3948 5210
f 5211 3956 3955
f 5211 3961 3960
f 5212 3903 3902
f 5210 3943 3942
f 5210 3945 3944
f 5211 3950 3949
f 5211 3953 3952
f 5211 3957 3956
f 3960 3959 5211
f 5211 3963 3962
f 5213 3968 3967
f 5214 3900 3899
f 3901 5214 5212
f 5212 3905 3904
f 5212 3908 3907
f 3944 3943 5210
f 5210 3947 3946
f 5211 3951 3950
f 5211 3954 3953
f 5211 3958 3957
f 3962 3961 5211
f 5213 3965 3964
f 5213 3969 3968
f 5213 3884 3883
f 5214 3891 3890
f 5214 3896 3895
f 5214 3898 3897
f 3901 3900 5214
f 5212 3906 3905
f 5212 3909 3908
f 5210 3941 3940
f 3946 3945 5210
f 3952 3951 5211
f 3959 3958 5211
f 3964 5211 5213
f 3967 3966 5213
f 3883 3882 5213
f 5213 5214 3886
f 5214 3889 3888
f 5214 3892 3891
f 3895 3894 5214
f 3899 3898 5214
f 3907 3906 5212
f 5212 3911 3910
f 5212 3913 3912
f 5215 3922 3921
f 5215 3930 3929
f 5210 3934 3933
f 5210 3937 3936
f 3942 3941 5210
f 3955 3954 5211
f 3966 3965 5213
f 5213 3971 3970
f 5213 3885 3884
f 5214 3887 3886
f 3890 3889 5214
f 3894 3893 5214
f 3904 3903 5212
f 3912 3911 5212
f 5212 5215 3917
f 5215 3923 3922
f 3929 3928 5215
f 5215 3932 3931
f 3933 5215 5210
f 3936 3935 5210
f 3948 3947 5210
f 3970 3969 5213
f 5213 3881 3880
f 3886 3885 5213
f 3893 3892 5214
f 3910 3909 5212
f 5212 3915 3914
f 3917 3916 5212
f 5215 3919 3918
f 3921 3920 5215
f 3931 3930 5215
f 3935 3934 5210
f 3964 3963 5211
f 5213 3879 3878
f 3882 3881 5213
f 3897 3896 5214
f 3916 3915 5212
f 3920 3919 5215
f 5215 3927 3926
f 3933 3932 5215
f 3878 3971 5213
f 3888 3887 5214
f 3918 3917 5215
f 5215 3924 3925
f 3928 3927 5215
f 5210 3939 3938
f 3880 3879 5213
f 3925 3923 5215
f 3938 3937 5210
f 3914 3913 5212
f 3940 3939 5210
f 3926 3924 5215
f 5212 5216 5217
f 5217 5215 5212
f 5215 5217 5218
f 5218 5210 5215
f 5210 5218 5219
f 5219 5211 5210
f 5211 5219 5220
f 5220 5213 5211
f 5213 5220 5221
f 5221 5214 5213
f 5214 5221 5216
f 5216 5212 5214
f 5967 5222 5223
f 5968 5223 5224
f 5969 5224 5225
f 5970 5225 1186
f 5971 5967 5968
f 5968 5226 5227
f 5968 5228 5229
f 5968 5230 5231
f 5968 5232 5233
f 5227 5234 5968
f 5968 5235 5228
f 5968 5236 5230
f 5972 5237 5238
f 5968 5239 5232
f 5968 5240 5226
f 5968 5241 5235
f 5231 5242 5968
f 5972 5243 5244
f 5972 5245 5237
f 5972 5246 5247
f 5234 5239 5968
f 5242 5241 5968
f 5244 5248 5972
f 5238 5249 5972
f 5972 5250 5246
f 5229 5240 5968
f 5249 5243 5972
f 5247 5251 5972
f 5972 5233 5252
f 5968 5253 5236
f 5969 5254 5255
f 5973 5256 5254
f 5251 5245 5972
f 5233 5972 5968
f 5968 5257 5258
f 5254 5969 5973
f 5972 5259 5260
f 5252 5250 5972
f 5968 5261 5262
f 5968 5263 5264
f 5258 5265 5968
f 5973 5266 5256
f 5973 5267 5268
f 5972 5269 5270
f 5972 5271 5272
f 5972 5273 5274
f 5972 5275 5276
f 5260 5277 5972
f 5262 5253 5968
f 5968 5278 5279
f 5265 5263 5968
f 5968 5280 5281
f 5968 5282 5283
f 5973 5284 5266
f 5268 5285 5973
f 5973 5286 5287
f 5973 5288 5289
f 5973 5290 5291
f 5272 5269 5972
f 5972 5292 5293
f 5276 5273 5972
f 5972 5294 5295
f 5248 5259 5972
f 5264 5278 5968
f 5968 5296 5297
f 5968 5298 5280
f 5283 5299 5968
f 5299 5298 5968
f 5969 5300 5301
f 5285 5284 5973
f 5973 5302 5286
f 5973 5303 5304
f 5973 5305 5306
f 5973 5307 5308
f 5973 5309 5288
f 5973 5310 5290
f 5293 5271 5972
f 5274 5311 5972
f 5277 5294 5972
f 5297 5257 5968
f 5968 5312 5313
f 5968 5314 5315
f 5969 5316 5317
f 5969 5318 5319
f 5255 5300 5969
f 5304 5302 5973
f 5308 5305 5973
f 5291 5309 5973
f 5973 5320 5321
f 5972 5322 5323
f 5311 5292 5972
f 5279 5261 5968
f 5315 5312 5968
f 5281 5324 5968
f 5969 5325 5326
f 5317 5327 5969
f 5969 5328 5329
f 5969 5330 5318
f 5287 5267 5973
f 5289 5307 5973
f 5321 5331 5973
f 5973 5332 5333
f 5972 5334 5335
f 5323 5336 5972
f 5295 5275 5972
f 5324 5314 5968
f 5327 5325 5969
f 5319 5328 5969
f 5306 5303 5973
f 5973 5337 5320
f 5973 5338 5332
f 5336 5334 5972
f 5313 5296 5968
f 5968 5339 5340
f 5968 5341 5342
f 5968 5343 5344
f 5969 5345 5346
f 5969 5347 5348
f 5969 5349 5350
f 5329 5316 5969
f 5969 5351 5352
f 5331 5310 5973
f 5973 5353 5338
f 5973 5354 5355
f 5973 5356 5357
f 5972 5358 5359
f 5270 5322 5972
f 5342 5339 5968
f 5340 5282 5968
f 5968 5360 5361
f 5344 5362 5968
f 5362 5360 5968
f 5968 5363 5364
f 5969 5365 5366
f 5969 5367 5368
f 5969 5369 5370
f 5969 5371 5372
f 5348 5345 5969
f 5969 5373 5349
f 5352 5330 5969
f 5333 5337 5973
f 5357 5354 5973
f 5973 5374 5375
f 5972 5376 5377
f 5972 5378 5379
f 5359 5380 5972
f 5380 5378 5972
f 5361 5381 5968
f 5381 5341 5968
f 5968 5382 5343
f 5968 5383 5363
f 5364 5382 5968
f 5368 5365 5969
f 5969 5384 5369
f 5969 5385 5386
f 5346 5371 5969
f 5326 5373 5969
f 5355 5353 5973
f 5375 5387 5973
f 5973 5388 5389
f 5973 5390 5391
f 5973 5392 5393
f 5377 5973 5972
f 5335 5358 5972
f 5969 5394 5383
f 5969 5395 5396
f 5969 5397 5367
f 5386 5384 5969
f 5969 5398 5399
f 5350 5347 5969
f 5387 5356 5973
f 5391 5388 5973
f 5377 5392 5973
f 5379 5400 5972
f 5969 5401 5394
f 5383 5968 5969
f 5969 5402 5403
f 5969 5404 5405
f 5969 5406 5395
f 5370 5397 5969
f 5372 5398 5969
f 5389 5374 5973
f 5400 5376 5972
f 5403 5407 5969
f 5407 5401 5969
f 5396 5404 5969
f 5399 5385 5969
f 5393 5390 5973
f 5969 5408 5409
f 5366 5406 5969
f 5405 5408 5969
f 5409 5402 5969
f 5973 5410 5411
f 5973 5412 5413
f 5973 5414 5410
f 5973 5415 5416
f 5973 5969 5417
f 5969 5418 5419
f 5974 5420 5421
f 5974 5422 5423
f 5973 5424 5412
f 5411 5425 5973
f 5416 5426 5973
f 5973 5427 5428
f 5969 5429 5417
f 5969 5430 5431
f 5969 5432 5433
f 5419 5434 5969
f 5421 5435 5974
f 5974 5436 5422
f 5425 5424 5973
f 5428 5415 5973
f 5417 5437 5973
f 5969 5438 5439
f 5969 5440 5441
f 5969 5442 5430
f 5969 5443 5444
f 5969 5445 5432
f 5969 5446 5418
f 5969 5447 5448
f 5969 5449 5450
f 5969 5451 5452
f 5969 5453 5454
f 5969 5455 5456
f 5970 5457 5458
f 5970 5459 5460
f 5970 5461 5462
f 5970 5463 5464
f 5970 5465 5466
f 5970 5467 5468
f 5970 5469 5470
f 5974 5471 5472
f 5974 5473 5420
f 5423 5474 5974
f 5974 5475 5476
f 5974 5477 5478
f 5974 5479 5480
f 5974 5481 5482
f 5974 5483 5484
f 5974 5485 5486
f 5426 5414 5973
f 5439 5429 5969
f 5431 5440 5969
f 5433 5443 5969
f 5448 5446 5969
f 5450 5487 5969
f 5452 5488 5969
f 5969 5489 5490
f 5969 5491 5492
f 5969 5493 5494
f 5969 5495 5453
f 5456 5496 5969
f 5969 5497 5498
f 5969 5499 5500
f 5458 5501 5970
f 5460 5502 5970
f 5970 5503 5461
f 5464 5504 5970
f 5970 5505 5465
f 5970 5506 5467
f 5470 5507 5970
f 5970 5472 5508
f 5974 5509 5471
f 5474 5473 5974
f 5974 5510 5511
f 5974 5512 5513
f 5478 5475 5974
f 5480 5514 5974
f 5974 5515 5516
f 5484 5481 5974
f 5974 5517 5485
f 5974 5518 5519
f 5973 5520 5521
f 5973 5522 5523
f 5973 5524 5525
f 5973 5526 5527
f 5437 5427 5973
f 5969 5528 5529
f 5444 5442 5969
f 5487 5447 5969
f 5490 5451 5969
f 5494 5491 5969
f 5454 5530 5969
f 5496 5531 5969
f 5498 5532 5969
f 5969 5533 5499
f 5500 5497 5969
f 5970 5534 5457
f 5462 5459 5970
f 5970 5535 5536
f 5504 5537 5970
f 5466 5538 5970
f 5468 5539 5970
f 5507 5540 5970
f 5970 5541 5542
f 5472 5970 5974
f 5974 5543 5544
f 5511 5436 5974
f 5476 5512 5974
f 5974 5545 5546
f 5514 5547 5974
f 5516 5548 5974
f 5482 5549 5974
f 5519 5517 5974
f 5973 5550 5551
f 5521 5552 5973
f 5525 5522 5973
f 5973 5553 5554
f 5973 5555 5526
f 5973 5556 5557
f 5529 5438 5969
f 5434 5445 5969
f 5492 5489 5969
f 5531 5495 5969
f 5502 5534 5970
f 5537 5535 5970
f 5539 5505 5970
f 5542 5469 5970
f 5544 5509 5974
f 5513 5510 5974
f 5547 5545 5974
f 5549 5515 5974
f 5974 5558 5518
f 5552 5550 5973
f 5554 5524 5973
f 5527 5559 5973
f 5973 5560 5561
f 5557 5562 5973
f 5441 5528 5969
f 5530 5493 5969
f 5532 5563 5969
f 5970 5564 5565
f 5536 5503 5970
f 5970 5566 5567
f 5540 5506 5970
f 5435 5543 5974
f 5548 5479 5974
f 5486 5568 5974
f 5973 5569 5570
f 5973 5571 5572
f 5523 5520 5973
f 5561 5555 5973
f 5413 5556 5973
f 5563 5455 5969
f 5970 5573 5574
f 5970 5575 5576
f 5970 5577 5578
f 5970 5579 5580
f 5565 5581 5970
f 5567 5463 5970
f 5970 5582 5541
f 5508 5583 5970
f 5568 5483 5974
f 5974 5584 5585
f 5974 5586 5587
f 5973 5588 5569
f 5973 5589 5571
f 5559 5553 5973
f 5488 5449 5969
f 5969 5590 5591
f 5574 5969 5970
f 5574 5590 5969
f 5578 5575 5970
f 5970 5592 5593
f 5581 5579 5970
f 5538 5566 5970
f 5546 5477 5974
f 5587 5584 5974
f 5572 5588 5973
f 5562 5560 5973
f 5591 5533 5969
f 5593 5577 5970
f 5501 5564 5970
f 5585 5558 5974
f 5570 5974 5973
f 5580 5592 5970
f 5570 5586 5974
f 5576 5573 5970
f 5551 5589 5973
f 5974 5970 1185
f 889 886 5971
f 5975 5218 5217
f 5976 5219 5218
f 5976 5971 5220
f 5218 5975 5976
f 5971 5221 5220
f 5220 5219 5976
f 5971 5972 5216
f 5216 5221 5971
f 5972 5217 5216
f 5975 5972 5973
f 5977 5973 5974
f 5978 5974 5209
f 5974 1178 5205
f 1177 5207 5206
f 5978 5208 5207
f 5974 5204 5209
f 1178 5206 5205
f 5207 1177 5978
f 5205 5204 5974
f 5209 5208 5978
f 884 889 5976
f 5976 5184 5183
f 5979 5182 5181
f 5183 5979 5976
f 5976 5975 5185
f 5181 5980 5979
f 5185 5184 5976
f 5183 5182 5979
f 5975 5980 5180
f 5180 5185 5975
f 5980 5975 5977
f 5981 5977 5978
f 5978 5194 5193
f 5978 1177 5195
f 5195 5194 5978
f 5982 5192 5197
f 5193 5982 5978
f 1177 1180 5196
f 5197 1180 5982
f 5196 5195 1177
f 5193 5192 5982
f 5594 5979 5980
f 5980 5595 5596
f 5597 5598 5599
f 5596 5597 5980
f 5980 5600 5601
f 5599 5602 5597
f 5980 5603 5595
f 5980 5604 5600
f 5597 5605 5606
f 5597 5607 5608
f 5597 5609 5598
f 5980 5610 5603
f 5601 5611 5980
f 5597 5612 5613
f 5597 5614 5605
f 5597 5615 5616
f 5602 5607 5597
f 5611 5610 5980
f 5613 5617 5597
f 5606 5618 5597
f 5597 5619 5615
f 5596 5609 5597
f 5618 5612 5597
f 5616 5620 5597
f 5597 5621 5622
f 5980 5623 5604
f 5624 5625 5626
f 5620 5614 5597
f 5608 5621 5597
f 5980 5627 5628
f 5624 5629 5625
f 5597 5630 5631
f 5622 5619 5597
f 5980 5632 5633
f 5980 5634 5635
f 5628 5636 5980
f 5624 5637 5629
f 5624 5638 5639
f 5597 5640 5641
f 5597 5642 5643
f 5597 5644 5645
f 5597 5646 5647
f 5631 5648 5597
f 5633 5623 5980
f 5980 5649 5650
f 5636 5634 5980
f 5980 5651 5652
f 5980 5653 5654
f 5624 5655 5637
f 5639 5656 5624
f 5624 5657 5658
f 5624 5659 5660
f 5624 5661 5662
f 5643 5640 5597
f 5597 5663 5664
f 5647 5644 5597
f 5597 5665 5666
f 5617 5630 5597
f 5635 5649 5980
f 5980 5667 5668
f 5980 5669 5651
f 5980 5670 5653
f 5624 5671 5672
f 5624 5673 5674
f 5656 5655 5624
f 5624 5675 5657
f 5624 5676 5677
f 5624 5678 5679
f 5624 5680 5681
f 5624 5682 5659
f 5624 5683 5661
f 5664 5642 5597
f 5645 5684 5597
f 5648 5665 5597
f 5668 5627 5980
f 5980 5685 5686
f 5980 5687 5688
f 5654 5669 5980
f 5981 5689 5690
f 5672 5981 5624
f 5626 5673 5624
f 5677 5675 5624
f 5681 5678 5624
f 5662 5682 5624
f 5624 5691 5692
f 5597 5693 5694
f 5684 5663 5597
f 5650 5632 5980
f 5688 5685 5980
f 5652 5695 5980
f 5981 5696 5697
f 5690 5698 5981
f 5981 5699 5700
f 5624 5701 5671
f 5658 5638 5624
f 5660 5680 5624
f 5692 5702 5624
f 5624 5703 5704
f 5597 5705 5706
f 5694 5707 5597
f 5666 5646 5597
f 5695 5687 5980
f 5980 5708 5709
f 5698 5696 5981
f 5672 5699 5981
f 5679 5676 5624
f 5624 5710 5691
f 5624 5711 5703
f 5707 5705 5597
f 5686 5667 5980
f 5980 5712 5708
f 5980 5713 5714
f 5980 5715 5716
f 5980 5717 5718
f 5981 5719 5720
f 5981 5721 5722
f 5981 5723 5724
f 5700 5689 5981
f 5624 5725 5726
f 5702 5683 5624
f 5624 5727 5711
f 5624 5728 5729
f 5624 5730 5731
f 5597 5732 5733
f 5641 5693 5597
f 5714 5712 5980
f 5718 5715 5980
f 5716 5713 5980
f 5980 5734 5735
f 5981 5736 5737
f 5981 5738 5739
f 5981 5740 5741
f 5981 5742 5743
f 5981 5744 5745
f 5722 5719 5981
f 5981 5746 5723
f 5726 5701 5624
f 5704 5710 5624
f 5731 5728 5624
f 5624 5747 5748
f 5624 5749 5750
f 5597 5751 5752
f 5597 5753 5754
f 5597 5755 5732
f 5733 5753 5597
f 5709 5670 5980
f 5735 5717 5980
f 5737 5980 5981
f 5737 5734 5980
f 5981 5756 5757
f 5741 5738 5981
f 5981 5758 5742
f 5981 5759 5760
f 5720 5744 5981
f 5697 5746 5981
f 5729 5727 5624
f 5748 5761 5624
f 5750 5762 5624
f 5762 5763 5624
f 5624 5764 5765
f 5752 5624 5597
f 5752 5764 5624
f 5757 5736 5981
f 5981 5766 5767
f 5981 5768 5740
f 5760 5758 5981
f 5981 5769 5770
f 5724 5721 5981
f 5761 5730 5624
f 5763 5747 5624
f 5754 5771 5597
f 5981 5772 5773
f 5981 5774 5775
f 5981 5776 5766
f 5743 5768 5981
f 5745 5769 5981
f 5771 5751 5597
f 5773 5756 5981
f 5981 5777 5778
f 5767 5774 5981
f 5770 5759 5981
f 5765 5749 5624
f 5778 5772 5981
f 5981 5779 5780
f 5739 5776 5981
f 5706 5755 5597
f 5775 5779 5981
f 5780 5777 5981
f 5781 5782 5783
f 5784 5782 5781
f 5781 5785 5786
f 5781 5624 5784
f 5624 5787 5788
f 5624 5981 5789
f 5981 5790 5791
f 5792 5793 5794
f 5792 5795 5796
f 5781 5797 5785
f 5783 5798 5781
f 5788 5799 5624
f 5624 5800 5801
f 5624 5802 5803
f 5981 5804 5789
f 5981 5805 5806
f 5791 5807 5981
f 5794 5808 5792
f 5792 5809 5795
f 5798 5797 5781
f 5801 5787 5624
f 5803 5810 5624
f 5624 5811 5812
f 5624 5813 5814
f 5981 5815 5804
f 5981 5816 5817
f 5981 5818 5805
f 5981 5819 5790
f 5981 5820 5821
f 5981 5822 5823
f 5981 5824 5825
f 5981 5826 5827
f 5981 5828 5829
f 5981 5982 5830
f 5982 5831 5832
f 5982 5833 5834
f 5982 5835 5836
f 5982 5837 5838
f 5982 5839 5840
f 5982 5841 5842
f 5982 5843 5844
f 5792 5845 5793
f 5796 5846 5792
f 5792 5847 5848
f 5792 5849 5850
f 5792 5851 5852
f 5792 5853 5854
f 5792 5855 5856
f 5792 5857 5858
f 5799 5784 5624
f 5812 5802 5624
f 5789 5813 5624
f 5806 5816 5981
f 5821 5819 5981
f 5823 5859 5981
f 5825 5860 5981
f 5981 5861 5862
f 5981 5863 5864
f 5981 5865 5866
f 5981 5867 5826
f 5829 5868 5981
f 5981 5869 5870
f 5830 5871 5981
f 5832 5872 5982
f 5834 5873 5982
f 5982 5874 5835
f 5838 5875 5982
f 5982 5876 5839
f 5982 5877 5841
f 5844 5878 5982
f 5792 5879 5843
f 5792 5880 5881
f 5792 5882 5883
f 5846 5845 5792
f 5792 5884 5885
f 5792 5886 5887
f 5850 5847 5792
f 5852 5888 5792
f 5792 5889 5890
f 5856 5853 5792
f 5792 5891 5857
f 5792 5892 5893
f 5781 5894 5895
f 5781 5896 5897
f 5781 5898 5899
f 5781 5900 5901
f 5810 5800 5624
f 5624 5902 5903
f 5817 5815 5981
f 5859 5820 5981
f 5862 5824 5981
f 5866 5863 5981
f 5827 5904 5981
f 5868 5905 5981
f 5870 5906 5981
f 5982 5907 5830
f 5982 5908 5831
f 5836 5833 5982
f 5982 5909 5910
f 5875 5911 5982
f 5840 5912 5982
f 5842 5913 5982
f 5878 5914 5982
f 5792 5915 5879
f 5883 5880 5792
f 5792 5916 5917
f 5885 5809 5792
f 5848 5886 5792
f 5792 5918 5919
f 5888 5920 5792
f 5890 5921 5792
f 5854 5922 5792
f 5893 5891 5792
f 5781 5923 5924
f 5895 5925 5781
f 5899 5896 5781
f 5781 5926 5927
f 5781 5928 5900
f 5781 5929 5930
f 5903 5811 5624
f 5807 5818 5981
f 5864 5861 5981
f 5905 5867 5981
f 5871 5869 5981
f 5873 5908 5982
f 5911 5909 5982
f 5913 5876 5982
f 5843 5982 5792
f 5917 5882 5792
f 5887 5884 5792
f 5920 5918 5792
f 5922 5889 5792
f 5792 5931 5892
f 5925 5923 5781
f 5927 5898 5781
f 5901 5932 5781
f 5781 5933 5934
f 5930 5935 5781
f 5814 5902 5624
f 5904 5865 5981
f 5906 5936 5981
f 5982 5937 5938
f 5910 5874 5982
f 5982 5939 5940
f 5914 5877 5982
f 5808 5916 5792
f 5921 5851 5792
f 5858 5941 5792
f 5781 5942 5943
f 5781 5944 5945
f 5897 5894 5781
f 5934 5928 5781
f 5786 5929 5781
f 5936 5828 5981
f 5982 5946 5947
f 5982 5948 5949
f 5982 5950 5951
f 5938 5952 5982
f 5940 5837 5982
f 5792 5953 5915
f 5881 5954 5792
f 5941 5855 5792
f 5792 5955 5956
f 5943 5792 5781
f 5781 5957 5958
f 5945 5959 5781
f 5959 5957 5781
f 5932 5926 5781
f 5860 5822 5981
f 5982 5960 5961
f 5982 5962 5963
f 5949 5946 5982
f 5982 5964 5965
f 5952 5950 5982
f 5912 5939 5982
f 5919 5849 5792
f 5943 5955 5792
f 5935 5933 5781
f 5963 5960 5982
f 5965 5948 5982
f 5872 5937 5982
f 5956 5931 5792
f 5958 5966 5781
f 5961 5907 5982
f 5951 5964 5982
f 5966 5942 5781
f 5947 5962 5982
f 5924 5944 5781
f 5792 5982 1180
f 672 676 677
f 675 672 673
f 679 668 669
f 683 659 660
f 654 687 688
f 677 678 672
f 673 674 675
f 669 670 679
f 683 666 667
f 683 662 663
f 660 661 683
f 683 656 657
f 683 654 655
f 654 686 687
f 668 681 682
f 668 679 680
f 675 676 672
f 670 671 679
f 683 665 666
f 663 664 683
f 683 658 659
f 655 656 683
f 690 646 649
f 654 685 686
f 654 683 684
f 680 681 668
f 671 672 679
f 664 665 683
f 657 658 683
f 649 650 690
f 684 685 654
f 678 679 672
f 661 662 683
f 690 652 653
f 650 651 690
f 688 689 654
f 667 668 683
f 651 652 690
f 682 683 668
f 690 647 646
f 653 654 690
f 5979 5594 690
f 690 5594 647
f 689 690 654
f 1019 1021 1023
f 1023 1025 1019
f 1027 1013 1015
f 1027 1017 1019
f 1027 1011 1013
f 1031 993 995
f 1011 1027 1029
f 1015 1017 1027
f 1031 1007 1009
f 1031 1001 1003
f 1031 991 993
f 888 1045 1047
f 888 1031 1033
f 1025 1027 1019
f 1031 1005 1007
f 1031 999 1001
f 995 997 1031
f 888 1043 1045
f 888 1039 1041
f 1033 1035 888
f 1009 1011 1031
f 997 999 1031
f 1041 1043 888
f 1035 1037 888
f 1003 1005 1031
f 888 1051 1053
f 1037 1039 888
f 1031 888 991
f 888 1049 1051
f 1029 1031 1011
f 1047 1049 888
f 5971 886 888
f 888 5967 5971
f 1073 1067 1069
f 1073 1065 1067
f 1073 1061 1063
f 1073 1057 1059
f 1073 1053 1055
f 1063 1065 1073
f 1055 1057 1073
f 1059 1061 1073
f 5967 1053 1075
f 1069 1071 1073
f 1073 1075 1053
f 1075 5222 5967
f 1053 5967 888
f 690 884 5979
f 1180 1184 5792
f 5954 5953 5792
f 5674 5725 5624
f 5980 5597 5594
f 5197 5196 1180
f 5978 5982 5981
f 5977 5981 5980
f 5181 5180 5980
f 5976 5979 884
f 5206 1178 1177
f 5974 5978 5977
f 5973 5977 5975
f 5217 5972 5975
f 5971 5976 889
f 1185 1178 5974
f 5583 5582 5970
f 5301 5351 5969
f 5968 5972 5971
f 1186 1185 5970
f 5225 5970 5969
f 5224 5969 5968
f 5223 5968 5967
f 5582 5583 5983
f 5583 5508 5984
f 5508 5472 5985
f 5472 5471 5986
f 5471 5509 5987
f 5509 5544 5988
f 5544 5543 5989
f 5543 5435 5990
f 5435 5421 5991
f 5421 5420 5992
f 5420 5473 5993
f 5473 5474 5994
f 5474 5423 5995
f 5423 5422 5996
f 5422 5436 5997
f 5436 5511 5998
f 5511 5510 5999
f 5510 5513 6000
f 5513 5512 6001
f 5512 5476 6002
f 5476 5475 6003
f 5475 5478 6004
f 5478 5477 6005
f 5477 5546 6006
f 5546 5545 6007
f 5545 5547 6008
f 5547 5514 6009
f 5514 5480 6010
f 5480 5479 6011
f 5479 5548 6012
f 5548 5516 6013
f 5516 5515 6014
f 5515 5549 6015
f 5549 5482 6016
f 5482 5481 6017
f 5481 5484 6018
f 5484 5483 6019
f 5483 5568 6020
f 5568 5486 6021
f 5486 5485 6022
f 5485 5517 6023
f 5517 5519 6024
f 5519 5518 6025
f 5518 5558 6026
f 5558 5585 6027
f 5585 5584 6028
f 5584 5587 6029
f 5587 5586 6030
f 5586 5570 6031
f 5570 5569 6032
f 5569 5588 6033
f 5588 5572 6034
f 5572 5571 6035
f 5571 5589 6036
f 5589 5551 6037
f 5551 5550 6038
f 5550 5552 6039
f 5552 5521 6040
f 5521 5520 6041
f 5520 5523 6042
f 5523 5522 6043
f 5522 5525 6044
f 5525 5524 6045
f 5524 5554 6046
f 5554 5553 6047
f 5553 5559 6048
f 5559 5527 6049
f 5527 5526 6050
f 5526 5555 6051
f 5555 5561 6052
f 5561 5560 6053
f 5560 5562 6054
f 5562 5557 6055
f 5557 5556 6056
f 5556 5413 6057
f 5413 5412 6058
f 5412 5424 6059
f 5424 5425 6060
f 5425 5411 6061
f 5411 5410 6062
f 5410 5414 6063
f 5414 5426 6064
f 5426 5416 6065
f 5416 5415 6066
f 5415 5428 6067
f 5428 5427 6068
f 5427 5437 6069
f 5437 5417 6070
f 5417 5429 6071
f 5429 5439 6072
f 5439 5438 6073
f 5438 5529 6074
f 5529 5528 6075
f 5528 5441 6076
f 5441 5440 6077
f 5440 5431 6078
f 5431 5430 6079
f 5430 5442 6080
f 5442 5444 6081
f 5444 5443 6082
f 5443 5433 6083
f 5433 5432 6084
f 5432 5445 6085
f 5445 5434 6086
f 5434 5419 6087
f 5419 5418 6088
f 5418 5446 6089
f 5446 5448 6090
f 5448 5447 6091
f 5447 5487 6092
f 5487 5450 6093
f 5450 5449 6094
f 5449 5488 6095
f 5488 5452 6096
f 5452 5451 6097
f 5451 5490 6098
f 5490 5489 6099
f 5489 5492 6100
f 5492 5491 6101
f 5491 5494 6102
f 5494 5493 6103
f 5493 5530 6104
f 5530 5454 6105
f 5454 5453 6106
f 5453 5495 6107
f 5495 5531 6108
f 5531 5496 6109
f 5496 5456 6110
f 5456 5455 6111
f 5455 5563 6112
f 5563 5532 6113
f 5532 5498 6114
f 5498 5497 6115
f 5497 5500 6116
f 5500 5499 6117
f 5499 5533 6118
f 5533 5591 6119
f 5591 5590 6120
f 5590 5574 6121
f 5574 5573 6122
f 5573 5576 6123
f 5576 5575 6124
f 5575 5578 6125
f 5578 5577 6126
f 5577 5593 6127
f 5593 5592 6128
f 5592 5580 6129
f 5580 5579 6130
f 5579 5581 6131
f 5581 5565 6132
f 5565 5564 6133
f 5564 5501 6134
f 5501 5458 6135
f 5458 5457 6136
f 5457 5534 6137
f 5534 5502 6138
f 5502 5460 6139
f 5460 5459 6140
f 5459 5462 6141
f 5462 5461 6142
f 5461 5503 6143
f 5503 5536 6144
f 5536 5535 6145
f 5535 5537 6146
f 5537 5504 6147
f 5504 5464 6148
f 5464 5463 6149
f 5463 5567 6150
f 5567 5566 6151
f 5566 5538 6152
f 5538 5466 6153
f 5466 5465 6154
f 5465 5505 6155
f 5505 5539 6156
f 5539 5468 6157
f 5468 5467 6158
f 5467 5506 6159
f 5506 5540 6160
f 5540 5507 6161
f 5507 5470 6162
f 5470 5469 6163
f 5469 5542 6164
f 5542 5541 6165
f 5541 5582 6166
f 6166 6165 5541
f 6165 6164 5542
f 6164 6163 5469
f 6163 6162 5470
f 6162 6161 5507
f 6161 6160 5540
f 6160 6159 5506
f 6159 6158 5467
f 6158 6157 5468
f 6157 6156 5539
f 6156 6155 5505
f 6155 6154 5465
f 6154 6153 5466
f 6153 6152 5538
f 6152 6151 5566
f 6151 6150 5567
f 6150 6149 5463
f 6149 6148 5464
f 6148 6147 5504
f 6147 6146 5537
f 6146 6145 5535
f 6145 6144 5536
f 6144 6143 5503
f 6143 6142 5461
f 6142 6141 5462
f 6141 6140 5459
f 6140 6139 5460
f 6139 6138 5502
f 6138 6137 5534
f 6137 6136 5457
f 6136 6135 5458
f 6135 6134 5501
f 6134 6133 5564
f 6133 6132 5565
f 6132 6131 5581
f 6131 6130 5579
f 6130 6129 5580
f 6129 6128 5592
f 6128 6127 5593
f 6127 6126 5577
f 6126 6125 5578
f 6125 6124 5575
f 6124 6123 5576
f 6123 6122 5573
f 6122 6121 5574
f 6121 6120 5590
f 6120 6119 5591
f 6119 6118 5533
f 6118 6117 5499
f 6117 6116 5500
f 6116 6115 5497
f 6115 6114 5498
f 6114 6113 5532
f 6113 6112 5563
f 6112 6111 5455
f 6111 6110 5456
f 6110 6109 5496
f 6109 6108 5531
f 6108 6107 5495
f 6107 6106 5453
f 6106 6105 5454
f 6105 6104 5530
f 6104 6103 5493
f 6103 6102 5494
f 6102 6101 5491
f 6101 6100 5492
f 6100 6099 5489
f 6099 6098 5490
f 6098 6097 5451
f 6097 6096 5452
f 6096 6095 5488
f 6095 6094 5449
f 6094 6093 5450
f 6093 6092 5487
f 6092 6091 5447
f 6091 6090 5448
f 6090 6089 5446
f 6089 6088 5418
f 6088 6087 5419
f 6087 6086 5434
f 6086 6085 5445
f 6085 6084 5432
f 6084 6083 5433
f 6083 6082 5443
f 6082 6081 5444
f 6081 6080 5442
f 6080 6079 5430
f 6079 6078 5431
f 6078 6077 5440
f 6077 6076 5441
f 6076 6075 5528
f 6075 6074 5529
f 6074 6073 5438
f 6073 6072 5439
f 6072 6071 5429
f 6071 6070 5417
f 6070 6069 5437
f 6069 6068 5427
f 6068 6067 5428
f 6067 6066 5415
f 6066 6065 5416
f 6065 6064 5426
f 6064 6063 5414
f 6063 6062 5410
f 6062 6061 5411
f 6061 6060 5425
f 6060 6059 5424
f 6059 6058 5412
f 6058 6057 5413
f 6057 6056 5556
f 6056 6055 5557
f 6055 6054 5562
f 6054 6053 5560
f 6053 6052 5561
f 6052 6051 5555
f 6051 6050 5526
f 6050 6049 5527
f 6049 6048 5559
f 6048 6047 5553
f 6047 6046 5554
f 6046 6045 5524
f 6045 6044 5525
f 6044 6043 5522
f 6043 6042 5523
f 6042 6041 5520
f 6041 6040 5521
f 6040 6039 5552
f 6039 6038 5550
f 6038 6037 5551
f 6037 6036 5589
f 6036 6035 5571
f 6035 6034 5572
f 6034 6033 5588
f 6033 6032 5569
f 6032 6031 5570
f 6031 6030 5586
f 6030 6029 5587
f 6029 6028 5584
f 6028 6027 5585
f 6027 6026 5558
f 6026 6025 5518
f 6025 6024 5519
f 6024 6023 5517
f 6023 6022 5485
f 6022 6021 5486
f 6021 6020 5568
f 6020 6019 5483
f 6019 6018 5484
f 6018 6017 5481
f 6017 6016 5482
f 6016 6015 5549
f 6015 6014 5515
f 6014 6013 5516
f 6013 6012 5548
f 6012 6011 5479
f 6011 6010 5480
f 6010 6009 5514
f 6009 6008 5547
f 6008 6007 5545
f 6007 6006 5546
f 6006 6005 5477
f 6005 6004 5478
f 6004 6003 5475
f 6003 6002 5476
f 6002 6001 5512
f 6001 6000 5513
f 6000 5999 5510
f 5999 5998 5511
f 5998 5997 5436
f 5997 5996 5422
f 5996 5995 5423
f 5995 5994 5474
f 5994 5993 5473
f 5993 5992 5420
f 5992 5991 5421
f 5991 5990 5435
f 5990 5989 5543
f 5989 5988 5544
f 5988 5987 5509
f 5987 5986 5471
f 5986 5985 5472
f 5985 5984 5508
f 5984 5983 5583
f 5983 6166 5582
f 6167 6168 6121
f 6168 6120 6121
f 6167 6122 6123
f 6123 6169 6167
f 6170 6169 6125
f 6169 6124 6125
f 6170 6126 6127
f 6127 6171 6170
f 6172 6171 6129
f 6171 6128 6129
f 6172 6130 6131
f 6131 6173 6172
f 6173 6132 6133
f 6133 6174 6173
f 6174 6134 6135
f 6135 6175 6174
f 6176 6175 6137
f 6175 6136 6137
f 6176 6138 6139
f 6139 6177 6176
f 6178 6177 6141
f 6177 6140 6141
f 6179 6178 6143
f 6178 6142 6143
f 6179 6144 6145
f 6145 6180 6179
f 6180 6146 6147
f 6147 6181 6180
f 6181 6148 6149
f 6149 6182 6181
f 6183 6182 6151
f 6182 6150 6151
f 6184 6183 6153
f 6183 6152 6153
f 6185 6184 6155
f 6184 6154 6155
f 6186 6185 6157
f 6185 6156 6157
f 6187 6186 6159
f 6186 6158 6159
f 6187 6160 6161
f 6161 6188 6187
f 6189 6188 6163
f 6188 6162 6163
f 6190 6189 6165
f 6189 6164 6165
f 6190 6166 5983
f 5983 6191 6190
f 6191 5984 5985
f 5985 6192 6191
f 6192 5986 5987
f 5987 6193 6192
f 6193 5988 5989
f 5989 6194 6193
f 6194 5990 5991
f 5991 6195 6194
f 6195 5992 5993
f 5993 6196 6195
f 6196 5994 5995
f 5995 6197 6196
f 6197 5996 5997
f 5997 6198 6197
f 6199 6198 5999
f 6198 5998 5999
f 6199 6000 6001
f 6001 6200 6199
f 6200 6002 6003
f 6003 6201 6200
f 6201 6004 6005
f 6005 6202 6201
f 6203 6202 6007
f 6202 6006 6007
f 6203 6008 6009
f 6009 6204 6203
f 6205 6204 6011
f 6204 6010 6011
f 6206 6205 6013
f 6205 6012 6013
f 6206 6014 6015
f 6015 6207 6206
f 6208 6207 6017
f 6207 6016 6017
f 6209 6208 6019
f 6208 6018 6019
f 6210 6209 6021
f 6209 6020 6021
f 6211 6210 6023
f 6210 6022 6023
f 6211 6024 6025
f 6025 6212 6211
f 6213 6212 6027
f 6212 6026 6027
f 6213 6028 6029
f 6029 6214 6213
f 6215 6214 6031
f 6214 6030 6031
f 6215 6032 6033
f 6033 6216 6215
f 6216 6034 6035
f 6035 6217 6216
f 6217 6036 6037
f 6037 6218 6217
f 6218 6038 6039
f 6039 6219 6218
f 6219 6040 6041
f 6041 6220 6219
f 6220 6042 6043
f 6043 6221 6220
f 6222 6221 6045
f 6221 6044 6045
f 6223 6222 6047
f 6222 6046 6047
f 6224 6223 6049
f 6223 6048 6049
f 6225 6224 6051
f 6224 6050 6051
f 6225 6052 6053
f 6053 6226 6225
f 6227 6226 6055
f 6226 6054 6055
f 6228 6227 6057
f 6227 6056 6057
f 6229 6228 6059
f 6228 6058 6059
f 6230 6229 6061
f 6229 6060 6061
f 6231 6230 6063
f 6230 6062 6063
f 6232 6231 6065
f 6231 6064 6065
f 6233 6232 6067
f 6232 6066 6067
f 6233 6068 6069
f 6069 6234 6233
f 6235 6234 6071
f 6234 6070 6071
f 6236 6235 6073
f 6235 6072 6073
f 6236 6074 6075
f 6075 6237 6236
f 6237 6076 6077
f 6077 6238 6237
f 6239 6238 6079
f 6238 6078 6079
f 6239 6080 6081
f 6081 6240 6239
f 6241 6240 6083
f 6240 6082 6083
f 6242 6241 6085
f 6241 6084 6085
f 6242 6086 6087
f 6087 6243 6242
f 6244 6243 6089
f 6243 6088 6089
f 6245 6244 6091
f 6244 6090 6091
f 6246 6245 6093
f 6245 6092 6093
f 6247 6246 6095
f 6246 6094 6095
f 6248 6247 6097
f 6247 6096 6097
f 6249 6248 6099
f 6248 6098 6099
f 6250 6249 6101
f 6249 6100 6101
f 6250 6102 6103
f 6103 6251 6250
f 6251 6104 6105
f 6105 6252 6251
f 6253 6252 6107
f 6252 6106 6107
f 6254 6253 6109
f 6253 6108 6109
f 6254 6110 6111
f 6111 6255 6254
f 6255 6112 6113
f 6113 6256 6255
f 6257 6256 6115
f 6256 6114 6115
f 6257 6116 6117
f 6117 6258 6257
f 6258 6118 6119
f 6119 6168 6258
f 6119 6120 6168
f 6117 6118 6258
f 6115 6116 6257
f 6113 6114 6256
f 6111 6112 6255
f 6109 6110 6254
f 6107 6108 6253
f 6105 6106 6252
f 6103 6104 6251
f 6101 6102 6250
f 6099 6100 6249
f 6097 6098 6248
f 6095 6096 6247
f 6093 6094 6246
f 6091 6092 6245
f 6089 6090 6244
f 6087 6088 6243
f 6085 6086 6242
f 6083 6084 6241
f 6081 6082 6240
f 6079 6080 6239
f 6077 6078 6238
f 6075 6076 6237
f 6073 6074 6236
f 6071 6072 6235
f 6069 6070 6234
f 6067 6068 6233
f 6065 6066 6232
f 6063 6064 6231
f 6061 6062 6230
f 6059 6060 6229
f 6057 6058 6228
f 6055 6056 6227
f 6053 6054 6226
f 6051 6052 6225
f 6049 6050 6224
f 6047 6048 6223
f 6045 6046 6222
f 6043 6044 6221
f 6041 6042 6220
f 6039 6040 6219
f 6037 6038 6218
f 6035 6036 6217
f 6033 6034 6216
f 6031 6032 6215
f 6029 6030 6214
f 6027 6028 6213
f 6025 6026 6212
f 6023 6024 6211
f 6021 6022 6210
f 6019 6020 6209
f 6017 6018 6208
f 6015 6016 6207
f 6013 6014 6206
f 6011 6012 6205
f 6009 6010 6204
f 6007 6008 6203
f 6005 6006 6202
f 6003 6004 6201
f 6001 6002 6200
f 5999 6000 6199
f 5997 5998 6198
f 5995 5996 6197
f 5993 5994 6196
f 5991 5992 6195
f 5989 5990 6194
f 5987 5988 6193
f 5985 5986 6192
f 5983 5984 6191
f 6165 6166 6190
f 6163 6164 6189
f 6161 6162 6188
f 6159 6160 6187
f 6157 6158 6186
f 6155 6156 6185
f 6153 6154 6184
f 6151 6152 6183
f 6149 6150 6182
f 6147 6148 6181
f 6145 6146 6180
f 6143 6144 6179
f 6141 6142 6178
f 6139 6140 6177
f 6137 6138 6176
f 6135 6136 6175
f 6133 6134 6174
f 6131 6132 6173
f 6129 6130 6172
f 6127 6128 6171
f 6125 6126 6170
f 6123 6124 6169
f 6121 6122 6167
f 5351 5301 6259
f 5301 5300 6260
f 5300 5255 6261
f 5255 5254 6262
f 5254 5256 6263
f 5256 5266 6264
f 5266 5284 6265
f 5284 5285 6266
f 5285 5268 6267
f 5268 5267 6268
f 5267 5287 6269
f 5287 5286 6270
f 5286 5302 6271
f 5302 5304 6272
f 5304 5303 6273
f 5303 5306 6274
f 5306 5305 6275
f 5305 5308 6276
f 5308 5307 6277
f 5307 5289 6278
f 5289 5288 6279
f 5288 5309 6280
f 5309 5291 6281
f 5291 5290 6282
f 5290 5310 6283
f 5310 5331 6284
f 5331 5321 6285
f 5321 5320 6286
f 5320 5337 6287
f 5337 5333 6288
f 5333 5332 6289
f 5332 5338 6290
f 5338 5353 6291
f 5353 5355 6292
f 5355 5354 6293
f 5354 5357 6294
f 5357 5356 6295
f 5356 5387 6296
f 5387 5375 6297
f 5375 5374 6298
f 5374 5389 6299
f 5389 5388 6300
f 5388 5391 6301
f 5391 5390 6302
f 5390 5393 6303
f 5393 5392 6304
f 5392 5377 6305
f 5377 5376 6306
f 5376 5400 6307
f 5400 5379 6308
f 5379 5378 6309
f 5378 5380 6310
f 5380 5359 6311
f 5359 5358 6312
f 5358 5335 6313
f 5335 5334 6314
f 5334 5336 6315
f 5336 5323 6316
f 5323 5322 6317
f 5322 5270 6318
f 5270 5269 6319
f 5269 5272 6320
f 5272 5271 6321
f 5271 5293 6322
f 5293 5292 6323
f 5292 5311 6324
f 5311 5274 6325
f 5274 5273 6326
f 5273 5276 6327
f 5276 5275 6328
f 5275 5295 6329
f 5295 5294 6330
f 5294 5277 6331
f 5277 5260 6332
f 5260 5259 6333
f 5259 5248 6334
f 5248 5244 6335
f 5244 5243 6336
f 5243 5249 6337
f 5249 5238 6338
f 5238 5237 6339
f 5237 5245 6340
f 5245 5251 6341
f 5251 5247 6342
f 5247 5246 6343
f 5246 5250 6344
f 5250 5252 6345
f 5252 5233 6346
f 5233 5232 6347
f 5232 5239 6348
f 5239 5234 6349
f 5234 5227 6350
f 5227 5226 6351
f 5226 5240 6352
f 5240 5229 6353
f 5229 5228 6354
f 5228 5235 6355
f 5235 5241 6356
f 5241 5242 6357
f 5242 5231 6358
f 5231 5230 6359
f 5230 5236 6360
f 5236 5253 6361
f 5253 5262 6362
f 5262 5261 6363
f 5261 5279 6364
f 5279 5278 6365
f 5278 5264 6366
f 5264 5263 6367
f 5263 5265 6368
f 5265 5258 6369
f 5258 5257 6370
f 5257 5297 6371
f 5297 5296 6372
f 5296 5313 6373
f 5313 5312 6374
f 5312 5315 6375
f 5315 5314 6376
f 5314 5324 6377
f 5324 5281 6378
f 5281 5280 6379
f 5280 5298 6380
f 5298 5299 6381
f 5299 5283 6382
f 5283 5282 6383
f 5282 5340 6384
f 5340 5339 6385
f 5339 5342 6386
f 5342 5341 6387
f 5341 5381 6388
f 5381 5361 6389
f 5361 5360 6390
f 5360 5362 6391
f 5362 5344 6392
f 5344 5343 6393
f 5343 5382 6394
f 5382 5364 6395
f 5364 5363 6396
f 5363 5383 6397
f 5383 5394 6398
f 5394 5401 6399
f 5401 5407 6400
f 5407 5403 6401
f 5403 5402 6402
f 5402 5409 6403
f 5409 5408 6404
f 5408 5405 6405
f 5405 5404 6406
f 5404 5396 6407
f 5396 5395 6408
f 5395 5406 6409
f 5406 5366 6410
f 5366 5365 6411
f 5365 5368 6412
f 5368 5367 6413
f 5367 5397 6414
f 5397 5370 6415
f 5370 5369 6416
f 5369 5384 6417
f 5384 5386 6418
f 5386 5385 6419
f 5385 5399 6420
f 5399 5398 6421
f 5398 5372 6422
f 5372 5371 6423
f 5371 5346 6424
f 5346 5345 6425
f 5345 5348 6426
f 5348 5347 6427
f 5347 5350 6428
f 5350 5349 6429
f 5349 5373 6430
f 5373 5326 6431
f 5326 5325 6432
f 5325 5327 6433
f 5327 5317 6434
f 5317 5316 6435
f 5316 5329 6436
f 5329 5328 6437
f 5328 5319 6438
f 5319 5318 6439
f 5318 5330 6440
f 5330 5352 6441
f 5352 5351 6442
f 6442 6441 5352
f 6441 6440 5330
f 6440 6439 5318
f 6439 6438 5319
f 6438 6437 5328
f 6437 6436 5329
f 6436 6435 5316
f 6435 6434 5317
f 6434 6433 5327
f 6433 6432 5325
f 6432 6431 5326
f 6431 6430 5373
f 6430 6429 5349
f 6429 6428 5350
f 6428 6427 5347
f 6427 6426 5348
f 6426 6425 5345
f 6425 6424 5346
f 6424 6423 5371
f 6423 6422 5372
f 6422 6421 5398
f 6421 6420 5399
f 6420 6419 5385
f 6419 6418 5386
f 6418 6417 5384
f 6417 6416 5369
f 6416 6415 5370
f 6415 6414 5397
f 6414 6413 5367
f 6413 6412 5368
f 6412 6411 5365
f 6411 6410 5366
f 6410 6409 5406
f 6409 6408 5395
f 6408 6407 5396
f 6407 6406 5404
f 6406 6405 5405
f 6405 6404 5408
f 6404 6403 5409
f 6403 6402 5402
f 6402 6401 5403
f 6401 6400 5407
f 6400 6399 5401
f 6399 6398 5394
f 6398 6397 5383
f 6397 6396 5363
f 6396 6395 5364
f 6395 6394 5382
f 6394 6393 5343
f 6393 6392 5344
f 6392 6391 5362
f 6391 6390 5360
f 6390 6389 5361
f 6389 6388 5381
f 6388 6387 5341
f 6387 6386 5342
f 6386 6385 5339
f 6385 6384 5340
f 6384 6383 5282
f 6383 6382 5283
f 6382 6381 5299
f 6381 6380 5298
f 6380 6379 5280
f 6379 6378 5281
f 6378 6377 5324
f 6377 6376 5314
f 6376 6375 5315
f 6375 6374 5312
f 6374 6373 5313
f 6373 6372 5296
f 6372 6371 5297
f 6371 6370 5257
f 6370 6369 5258
f 6369 6368 5265
f 6368 6367 5263
f 6367 6366 5264
f 6366 6365 5278
f 6365 6364 5279
f 6364 6363 5261
f 6363 6362 5262
f 6362 6361 5253
f 6361 6360 5236
f 6360 6359 5230
f 6359 6358 5231
f 6358 6357 5242
f 6357 6356 5241
f 6356 6355 5235
f 6355 6354 5228
f 6354 6353 5229
f 6353 6352 5240
f 6352 6351 5226
f 6351 6350 5227
f 6350 6349 5234
f 6349 6348 5239
f 6348 6347 5232
f 6347 6346 5233
f 6346 6345 5252
f 6345 6344 5250
f 6344 6343 5246
f 6343 6342 5247
f 6342 6341 5251
f 6341 6340 5245
f 6340 6339 5237
f 6339 6338 5238
f 6338 6337 5249
f 6337 6336 5243
f 6336 6335 5244
f 6335 6334 5248
f 6334 6333 5259
f 6333 6332 5260
f 6332 6331 5277
f 6331 6330 5294
f 6330 6329 5295
f 6329 6328 5275
f 6328 6327 5276
f 6327 6326 5273
f 6326 6325 5274
f 6325 6324 5311
f 6324 6323 5292
f 6323 6322 5293
f 6322 6321 5271
f 6321 6320 5272
f 6320 6319 5269
f 6319 6318 5270
f 6318 6317 5322
f 6317 6316 5323
f 6316 6315 5336
f 6315 6314 5334
f 6314 6313 5335
f 6313 6312 5358
f 6312 6311 5359
f 6311 6310 5380
f 6310 6309 5378
f 6309 6308 5379
f 6308 6307 5400
f 6307 6306 5376
f 6306 6305 5377
f 6305 6304 5392
f 6304 6303 5393
f 6303 6302 5390
f 6302 6301 5391
f 6301 6300 5388
f 6300 6299 5389
f 6299 6298 5374
f 6298 6297 5375
f 6297 6296 5387
f 6296 6295 5356
f 6295 6294 5357
f 6294 6293 5354
f 6293 6292 5355
f 6292 6291 5353
f 6291 6290 5338
f 6290 6289 5332
f 6289 6288 5333
f 6288 6287 5337
f 6287 6286 5320
f 6286 6285 5321
f 6285 6284 5331
f 6284 6283 5310
f 6283 6282 5290
f 6282 6281 5291
f 6281 6280 5309
f 6280 6279 5288
f 6279 6278 5289
f 6278 6277 5307
f 6277 6276 5308
f 6276 6275 5305
f 6275 6274 5306
f 6274 6273 5303
f 6273 6272 5304
f 6272 6271 5302
f 6271 6270 5286
f 6270 6269 5287
f 6269 6268 5267
f 6268 6267 5268
f 6267 6266 5285
f 6266 6265 5284
f 6265 6264 5266
f 6264 6263 5256
f 6263 6262 5254
f 6262 6261 5255
f 6261 6260 5300
f 6260 6259 5301
f 6259 6442 5351
f 6443 6444 6397
f 6444 6396 6397
f 6445 6443 6399
f 6443 6398 6399
f 6445 6400 6401
f 6401 6446 6445
f 6447 6446 6403
f 6446 6402 6403
f 6448 6447 6405
f 6447 6404 6405
f 6449 6448 6407
f 6448 6406 6407
f 6449 6408 6409
f 6409 6450 6449
f 6450 6410 6411
f 6411 6451 6450
f 6452 6451 6413
f 6451 6412 6413
f 6453 6452 6415
f 6452 6414 6415
f 6453 6416 6417
f 6417 6454 6453
f 6455 6454 6419
f 6454 6418 6419
f 6455 6420 6421
f 6421 6456 6455
f 6457 6456 6423
f 6456 6422 6423
f 6457 6424 6425
f 6425 6458 6457
f 6459 6458 6427
f 6458 6426 6427
f 6460 6459 6429
f 6459 6428 6429
f 6461 6460 6431
f 6460 6430 6431
f 6462 6461 6433
f 6461 6432 6433
f 6463 6462 6435
f 6462 6434 6435
f 6463 6436 6437
f 6437 6464 6463
f 6465 6464 6439
f 6464 6438 6439
f 6466 6465 6441
f 6465 6440 6441
f 6467 6466 6259
f 6466 6442 6259
f 6467 6260 6261
f 6261 6468 6467
f 6468 6262 6263
f 6263 6469 6468
f 6469 6264 6265
f 6265 6470 6469
f 6470 6266 6267
f 6267 6471 6470
f 6471 6268 6269
f 6269 6472 6471
f 6472 6270 6271
f 6271 6473 6472
f 6473 6272 6273
f 6273 6474 6473
f 6475 6474 6275
f 6474 6274 6275
f 6475 6276 6277
f 6277 6476 6475
f 6476 6278 6279
f 6279 6477 6476
f 6478 6477 6281
f 6477 6280 6281
f 6479 6478 6283
f 6478 6282 6283
f 6480 6479 6285
f 6479 6284 6285
f 6481 6480 6287
f 6480 6286 6287
f 6482 6481 6289
f 6481 6288 6289
f 6483 6482 6291
f 6482 6290 6291
f 6483 6292 6293
f 6293 6484 6483
f 6485 6484 6295
f 6484 6294 6295
f 6485 6296 6297
f 6297 6486 6485
f 6487 6486 6299
f 6486 6298 6299
f 6487 6300 6301
f 6301 6488 6487
f 6489 6488 6303
f 6488 6302 6303
f 6490 6489 6305
f 6489 6304 6305
f 6491 6490 6307
f 6490 6306 6307
f 6492 6491 6309
f 6491 6308 6309
f 6493 6492 6311
f 6492 6310 6311
f 6494 6493 6313
f 6493 6312 6313
f 6495 6494 6315
f 6494 6314 6315
f 6495 6316 6317
f 6317 6496 6495
f 6497 6496 6319
f 6496 6318 6319
f 6498 6497 6321
f 6497 6320 6321
f 6499 6498 6323
f 6498 6322 6323
f 6499 6324 6325
f 6325 6500 6499
f 6501 6500 6327
f 6500 6326 6327
f 6502 6501 6329
f 6501 6328 6329
f 6503 6502 6331
f 6502 6330 6331
f 6504 6503 6333
f 6503 6332 6333
f 6504 6334 6335
f 6335 6505 6504
f 6506 6505 6337
f 6505 6336 6337
f 6507 6506 6339
f 6506 6338 6339
f 6508 6507 6341
f 6507 6340 6341
f 6509 6508 6343
f 6508 6342 6343
f 6509 6344 6345
f 6345 6510 6509
f 6511 6510 6347
f 6510 6346 6347
f 6512 6511 6349
f 6511 6348 6349
f 6513 6512 6351
f 6512 6350 6351
f 6513 6352 6353
f 6353 6514 6513
f 6515 6514 6355
f 6514 6354 6355
f 6515 6356 6357
f 6357 6516 6515
f 6517 6516 6359
f 6516 6358 6359
f 6518 6517 6361
f 6517 6360 6361
f 6518 6362 6363
f 6363 6519 6518
f 6520 6519 6365
f 6519 6364 6365
f 6521 6520 6367
f 6520 6366 6367
f 6521 6368 6369
f 6369 6522 6521
f 6523 6522 6371
f 6522 6370 6371
f 6524 6523 6373
f 6523 6372 6373
f 6525 6524 6375
f 6524 6374 6375
f 6525 6376 6377
f 6377 6526 6525
f 6526 6378 6379
f 6379 6527 6526
f 6527 6380 6381
f 6381 6528 6527
f 6529 6528 6383
f 6528 6382 6383
f 6530 6529 6385
f 6529 6384 6385
f 6531 6530 6387
f 6530 6386 6387
f 6531 6388 6389
f 6389 6532 6531
f 6533 6532 6391
f 6532 6390 6391
f 6534 6533 6393
f 6533 6392 6393
f 6444 6534 6395
f 6534 6394 6395
f 6395 6396 6444
f 6393 6394 6534
f 6391 6392 6533
f 6389 6390 6532
f 6387 6388 6531
f 6385 6386 6530
f 6383 6384 6529
f 6381 6382 6528
f 6379 6380 6527
f 6377 6378 6526
f 6375 6376 6525
f 6373 6374 6524
f 6371 6372 6523
f 6369 6370 6522
f 6367 6368 6521
f 6365 6366 6520
f 6363 6364 6519
f 6361 6362 6518
f 6359 6360 6517
f 6357 6358 6516
f 6355 6356 6515
f 6353 6354 6514
f 6351 6352 6513
f 6349 6350 6512
f 6347 6348 6511
f 6345 6346 6510
f 6343 6344 6509
f 6341 6342 6508
f 6339 6340 6507
f 6337 6338 6506
f 6335 6336 6505
f 6333 6334 6504
f 6331 6332 6503
f 6329 6330 6502
f 6327 6328 6501
f 6325 6326 6500
f 6323 6324 6499
f 6321 6322 6498
f 6319 6320 6497
f 6317 6318 6496
f 6315 6316 6495
f 6313 6314 6494
f 6311 6312 6493
f 6309 6310 6492
f 6307 6308 6491
f 6305 6306 6490
f 6303 6304 6489
f 6301 6302 6488
f 6299 6300 6487
f 6297 6298 6486
f 6295 6296 6485
f 6293 6294 6484
f 6291 6292 6483
f 6289 6290 6482
f 6287 6288 6481
f 6285 6286 6480
f 6283 6284 6479
f 6281 6282 6478
f 6279 6280 6477
f 6277 6278 6476
f 6275 6276 6475
f 6273 6274 6474
f 6271 6272 6473
f 6269 6270 6472
f 6267 6268 6471
f 6265 6266 6470
f 6263 6264 6469
f 6261 6262 6468
f 6259 6260 6467
f 6441 6442 6466
f 6439 6440 6465
f 6437 6438 6464
f 6435 6436 6463
f 6433 6434 6462
f 6431 6432 6461
f 6429 6430 6460
f 6427 6428 6459
f 6425 6426 6458
f 6423 6424 6457
f 6421 6422 6456
f 6419 6420 6455
f 6417 6418 6454
f 6415 6416 6453
f 6413 6414 6452
f 6411 6412 6451
f 6409 6410 6450
f 6407 6408 6449
f 6405 6406 6448
f 6403 6404 6447
f 6401 6402 6446
f 6399 6400 6445
f 6397 6398 6443
f 5953 5954 6535
f 5954 5881 6536
f 5881 5880 6537
f 5880 5883 6538
f 5883 5882 6539
f 5882 5917 6540
f 5917 5916 6541
f 5916 5808 6542
f 5808 5794 6543
f 5794 5793 6544
f 5793 5845 6545
f 5845 5846 6546
f 5846 5796 6547
f 5796 5795 6548
f 5795 5809 6549
f 5809 5885 6550
f 5885 5884 6551
f 5884 5887 6552
f 5887 5886 6553
f 5886 5848 6554
f 5848 5847 6555
f 5847 5850 6556
f 5850 5849 6557
f 5849 5919 6558
f 5919 5918 6559
f 5918 5920 6560
f 5920 5888 6561
f 5888 5852 6562
f 5852 5851 6563
f 5851 5921 6564
f 5921 5890 6565
f 5890 5889 6566
f 5889 5922 6567
f 5922 5854 6568
f 5854 5853 6569
f 5853 5856 6570
f 5856 5855 6571
f 5855 5941 6572
f 5941 5858 6573
f 5858 5857 6574
f 5857 5891 6575
f 5891 5893 6576
f 5893 5892 6577
f 5892 5931 6578
f 5931 5956 6579
f 5956 5955 6580
f 5955 5943 6581
f 5943 5942 6582
f 5942 5966 6583
f 5966 5958 6584
f 5958 5957 6585
f 5957 5959 6586
f 5959 5945 6587
f 5945 5944 6588
f 5944 5924 6589
f 5924 5923 6590
f 5923 5925 6591
f 5925 5895 6592
f 5895 5894 6593
f 5894 5897 6594
f 5897 5896 6595
f 5896 5899 6596
f 5899 5898 6597
f 5898 5927 6598
f 5927 5926 6599
f 5926 5932 6600
f 5932 5901 6601
f 5901 5900 6602
f 5900 5928 6603
f 5928 5934 6604
f 5934 5933 6605
f 5933 5935 6606
f 5935 5930 6607
f 5930 5929 6608
f 5929 5786 6609
f 5786 5785 6610
f 5785 5797 6611
f 5797 5798 6612
f 5798 5783 6613
f 5783 5782 6614
f 5782 5784 6615
f 5784 5799 6616
f 5799 5788 6617
f 5788 5787 6618
f 5787 5801 6619
f 5801 5800 6620
f 5800 5810 6621
f 5810 5803 6622
f 5803 5802 6623
f 5802 5812 6624
f 5812 5811 6625
f 5811 5903 6626
f 5903 5902 6627
f 5902 5814 6628
f 5814 5813 6629
f 5813 5789 6630
f 5789 5804 6631
f 5804 5815 6632
f 5815 5817 6633
f 5817 5816 6634
f 5816 5806 6635
f 5806 5805 6636
f 5805 5818 6637
f 5818 5807 6638
f 5807 5791 6639
f 5791 5790 6640
f 5790 5819 6641
f 5819 5821 6642
f 5821 5820 6643
f 5820 5859 6644
f 5859 5823 6645
f 5823 5822 6646
f 5822 5860 6647
f 5860 5825 6648
f 5825 5824 6649
f 5824 5862 6650
f 5862 5861 6651
f 5861 5864 6652
f 5864 5863 6653
f 5863 5866 6654
f 5866 5865 6655
f 5865 5904 6656
f 5904 5827 6657
f 5827 5826 6658
f 5826 5867 6659
f 5867 5905 6660
f 5905 5868 6661
f 5868 5829 6662
f 5829 5828 6663
f 5828 5936 6664
f 5936 5906 6665
f 5906 5870 6666
f 5870 5869 6667
f 5869 5871 6668
f 5871 5830 6669
f 5830 5907 6670
f 5907 5961 6671
f 5961 5960 6672
f 5960 5963 6673
f 5963 5962 6674
f 5962 5947 6675
f 5947 5946 6676
f 5946 5949 6677
f 5949 5948 6678
f 5948 5965 6679
f 5965 5964 6680
f 5964 5951 6681
f 5951 5950 6682
f 5950 5952 6683
f 5952 5938 6684
f 5938 5937 6685
f 5937 5872 6686
f 5872 5832 6687
f 5832 5831 6688
f 5831 5908 6689
f 5908 5873 6690
f 5873 5834 6691
f 5834 5833 6692
f 5833 5836 6693
f 5836 5835 6694
f 5835 5874 6695
f 5874 5910 6696
f 5910 5909 6697
f 5909 5911 6698
f 5911 5875 6699
f 5875 5838 6700
f 5838 5837 6701
f 5837 5940 6702
f 5940 5939 6703
f 5939 5912 6704
f 5912 5840 6705
f 5840 5839 6706
f 5839 5876 6707
f 5876 5913 6708
f 5913 5842 6709
f 5842 5841 6710
f 5841 5877 6711
f 5877 5914 6712
f 5914 5878 6713
f 5878 5844 6714
f 5844 5843 6715
f 5843 5879 6716
f 5879 5915 6717
f 5915 5953 6718
f 6718 6717 5915
f 6717 6716 5879
f 6716 6715 5843
f 6715 6714 5844
f 6714 6713 5878
f 6713 6712 5914
f 6712 6711 5877
f 6711 6710 5841
f 6710 6709 5842
f 6709 6708 5913
f 6708 6707 5876
f 6707 6706 5839
f 6706 6705 5840
f 6705 6704 5912
f 6704 6703 5939
f 6703 6702 5940
f 6702 6701 5837
f 6701 6700 5838
f 6700 6699 5875
f 6699 6698 5911
f 6698 6697 5909
f 6697 6696 5910
f 6696 6695 5874
f 6695 6694 5835
f 6694 6693 5836
f 6693 6692 5833
f 6692 6691 5834
f 6691 6690 5873
f 6690 6689 5908
f 6689 6688 5831
f 6688 6687 5832
f 6687 6686 5872
f 6686 6685 5937
f 6685 6684 5938
f 6684 6683 5952
f 6683 6682 5950
f 6682 6681 5951
f 6681 6680 5964
f 6680 6679 5965
f 6679 6678 5948
f 6678 6677 5949
f 6677 6676 5946
f 6676 6675 5947
f 6675 6674 5962
f 6674 6673 5963
f 6673 6672 5960
f 6672 6671 5961
f 6671 6670 5907
f 6670 6669 5830
f 6669 6668 5871
f 6668 6667 5869
f 6667 6666 5870
f 6666 6665 5906
f 6665 6664 5936
f 6664 6663 5828
f 6663 6662 5829
f 6662 6661 5868
f 6661 6660 5905
f 6660 6659 5867
f 6659 6658 5826
f 6658 6657 5827
f 6657 6656 5904
f 6656 6655 5865
f 6655 6654 5866
f 6654 6653 5863
f 6653 6652 5864
f 6652 6651 5861
f 6651 6650 5862
f 6650 6649 5824
f 6649 6648 5825
f 6648 6647 5860
f 6647 6646 5822
f 6646 6645 5823
f 6645 6644 5859
f 6644 6643 5820
f 6643 6642 5821
f 6642 6641 5819
f 6641 6640 5790
f 6640 6639 5791
f 6639 6638 5807
f 6638 6637 5818
f 6637 6636 5805
f 6636 6635 5806
f 6635 6634 5816
f 6634 6633 5817
f 6633 6632 5815
f 6632 6631 5804
f 6631 6630 5789
f 6630 6629 5813
f 6629 6628 5814
f 6628 6627 5902
f 6627 6626 5903
f 6626 6625 5811
f 6625 6624 5812
f 6624 6623 5802
f 6623 6622 5803
f 6622 6621 5810
f 6621 6620 5800
f 6620 6619 5801
f 6619 6618 5787
f 6618 6617 5788
f 6617 6616 5799
f 6616 6615 5784
f 6615 6614 5782
f 6614 6613 5783
f 6613 6612 5798
f 6612 6611 5797
f 6611 6610 5785
f 6610 6609 5786
f 6609 6608 5929
f 6608 6607 5930
f 6607 6606 5935
f 6606 6605 5933
f 6605 6604 5934
f 6604 6603 5928
f 6603 6602 5900
f 6602 6601 5901
f 6601 6600 5932
f 6600 6599 5926
f 6599 6598 5927
f 6598 6597 5898
f 6597 6596 5899
f 6596 6595 5896
f 6595 6594 5897
f 6594 6593 5894
f 6593 6592 5895
f 6592 6591 5925
f 6591 6590 5923
f 6590 6589 5924
f 6589 6588 5944
f 6588 6587 5945
f 6587 6586 5959
f 6586 6585 5957
f 6585 6584 5958
f 6584 6583 5966
f 6583 6582 5942
f 6582 6581 5943
f 6581 6580 5955
f 6580 6579 5956
f 6579 6578 5931
f 6578 6577 5892
f 6577 6576 5893
f 6576 6575 5891
f 6575 6574 5857
f 6574 6573 5858
f 6573 6572 5941
f 6572 6571 5855
f 6571 6570 5856
f 6570 6569 5853
f 6569 6568 5854
f 6568 6567 5922
f 6567 6566 5889
f 6566 6565 5890
f 6565 6564 5921
f 6564 6563 5851
f 6563 6562 5852
f 6562 6561 5888
f 6561 6560 5920
f 6560 6559 5918
f 6559 6558 5919
f 6558 6557 5849
f 6557 6556 5850
f 6556 6555 5847
f 6555 6554 5848
f 6554 6553 5886
f 6553 6552 5887
f 6552 6551 5884
f 6551 6550 5885
f 6550 6549 5809
f 6549 6548 5795
f 6548 6547 5796
f 6547 6546 5846
f 6546 6545 5845
f 6545 6544 5793
f 6544 6543 5794
f 6543 6542 5808
f 6542 6541 5916
f 6541 6540 5917
f 6540 6539 5882
f 6539 6538 5883
f 6538 6537 5880
f 6537 6536 5881
f 6536 6535 5954
f 6535 6718 5953
f 6719 6720 6673
f 6720 6672 6673
f 6719 6674 6675
f 6675 6721 6719
f 6722 6721 6677
f 6721 6676 6677
f 6722 6678 6679
f 6679 6723 6722
f 6724 6723 6681
f 6723 6680 6681
f 6724 6682 6683
f 6683 6725 6724
f 6725 6684 6685
f 6685 6726 6725
f 6726 6686 6687
f 6687 6727 6726
f 6728 6727 6689
f 6727 6688 6689
f 6728 6690 6691
f 6691 6729 6728
f 6730 6729 6693
f 6729 6692 6693
f 6731 6730 6695
f 6730 6694 6695
f 6731 6696 6697
f 6697 6732 6731
f 6732 6698 6699
f 6699 6733 6732
f 6733 6700 6701
f 6701 6734 6733
f 6735 6734 6703
f 6734 6702 6703
f 6736 6735 6705
f 6735 6704 6705
f 6737 6736 6707
f 6736 6706 6707
f 6738 6737 6709
f 6737 6708 6709
f 6739 6738 6711
f 6738 6710 6711
f 6739 6712 6713
f 6713 6740 6739
f 6741 6740 6715
f 6740 6714 6715
f 6742 6741 6717
f 6741 6716 6717
f 6742 6718 6535
f 6535 6743 6742
f 6743 6536 6537
f 6537 6744 6743
f 6744 6538 6539
f 6539 6745 6744
f 6745 6540 6541
f 6541 6746 6745
f 6746 6542 6543
f 6543 6747 6746
f 6747 6544 6545
f 6545 6748 6747
f 6748 6546 6547
f 6547 6749 6748
f 6749 6548 6549
f 6549 6750 6749
f 6751 6750 6551
f 6750 6550 6551
f 6751 6552 6553
f 6553 6752 6751
f 6752 6554 6555
f 6555 6753 6752
f 6753 6556 6557
f 6557 6754 6753
f 6755 6754 6559
f 6754 6558 6559
f 6755 6560 6561
f 6561 6756 6755
f 6757 6756 6563
f 6756 6562 6563
f 6758 6757 6565
f 6757 6564 6565
f 6758 6566 6567
f 6567 6759 6758
f 6760 6759 6569
f 6759 6568 6569
f 6761 6760 6571
f 6760 6570 6571
f 6762 6761 6573
f 6761 6572 6573
f 6763 6762 6575
f 6762 6574 6575
f 6763 6576 6577
f 6577 6764 6763
f 6765 6764 6579
f 6764 6578 6579
f 6765 6580 6581
f 6581 6766 6765
f 6767 6766 6583
f 6766 6582 6583
f 6767 6584 6585
f 6585 6768 6767
f 6768 6586 6587
f 6587 6769 6768
f 6769 6588 6589
f 6589 6770 6769
f 6770 6590 6591
f 6591 6771 6770
f 6771 6592 6593
f 6593 6772 6771
f 6772 6594 6595
f 6595 6773 6772
f 6774 6773 6597
f 6773 6596 6597
f 6775 6774 6599
f 6774 6598 6599
f 6776 6775 6601
f 6775 6600 6601
f 6777 6776 6603
f 6776 6602 6603
f 6777 6604 6605
f 6605 6778 6777
f 6779 6778 6607
f 6778 6606 6607
f 6780 6779 6609
f 6779 6608 6609
f 6781 6780 6611
f 6780 6610 6611
f 6782 6781 6613
f 6781 6612 6613
f 6783 6782 6615
f 6782 6614 6615
f 6784 6783 6617
f 6783 6616 6617
f 6785 6784 6619
f 6784 6618 6619
f 6785 6620 6621
f 6621 6786 6785
f 6787 6786 6623
f 6786 6622 6623
f 6788 6787 6625
f 6787 6624 6625
f 6788 6626 6627
f 6627 6789 6788
f 6789 6628 6629
f 6629 6790 6789
f 6791 6790 6631
f 6790 6630 6631
f 6791 6632 6633
f 6633 6792 6791
f 6793 6792 6635
f 6792 6634 6635
f 6794 6793 6637
f 6793 6636 6637
f 6794 6638 6639
f 6639 6795 6794
f 6796 6795 6641
f 6795 6640 6641
f 6797 6796 6643
f 6796 6642 6643
f 6798 6797 6645
f 6797 6644 6645
f 6799 6798 6647
f 6798 6646 6647
f 6800 6799 6649
f 6799 6648 6649
f 6801 6800 6651
f 6800 6650 6651
f 6802 6801 6653
f 6801 6652 6653
f 6802 6654 6655
f 6655 6803 6802
f 6803 6656 6657
f 6657 6804 6803
f 6805 6804 6659
f 6804 6658 6659
f 6806 6805 6661
f 6805 6660 6661
f 6806 6662 6663
f 6663 6807 6806
f 6807 6664 6665
f 6665 6808 6807
f 6809 6808 6667
f 6808 6666 6667
f 6809 6668 6669
f 6669 6810 6809
f 6810 6670 6671
f 6671 6720 6810
f 6671 6672 6720
f 6669 6670 6810
f 6667 6668 6809
f 6665 6666 6808
f 6663 6664 6807
f 6661 6662 6806
f 6659 6660 6805
f 6657 6658 6804
f 6655 6656 6803
f 6653 6654 6802
f 6651 6652 6801
f 6649 6650 6800
f 6647 6648 6799
f 6645 6646 6798
f 6643 6644 6797
f 6641 6642 6796
f 6639 6640 6795
f 6637 6638 6794
f 6635 6636 6793
f 6633 6634 6792
f 6631 6632 6791
f 6629 6630 6790
f 6627 6628 6789
f 6625 6626 6788
f 6623 6624 6787
f 6621 6622 6786
f 6619 6620 6785
f 6617 6618 6784
f 6615 6616 6783
f 6613 6614 6782
f 6611 6612 6781
f 6609 6610 6780
f 6607 6608 6779
f 6605 6606 6778
f 6603 6604 6777
f 6601 6602 6776
f 6599 6600 6775
f 6597 6598 6774
f 6595 6596 6773
f 6593 6594 6772
f 6591 6592 6771
f 6589 6590 6770
f 6587 6588 6769
f 6585 6586 6768
f 6583 6584 6767
f 6581 6582 6766
f 6579 6580 6765
f 6577 6578 6764
f 6575 6576 6763
f 6573 6574 6762
f 6571 6572 6761
f 6569 6570 6760
f 6567 6568 6759
f 6565 6566 6758
f 6563 6564 6757
f 6561 6562 6756
f 6559 6560 6755
f 6557 6558 6754
f 6555 6556 6753
f 6553 6554 6752
f 6551 6552 6751
f 6549 6550 6750
f 6547 6548 6749
f 6545 6546 6748
f 6543 6544 6747
f 6541 6542 6746
f 6539 6540 6745
f 6537 6538 6744
f 6535 6536 6743
f 6717 6718 6742
f 6715 6716 6741
f 6713 6714 6740
f 6711 6712 6739
f 6709 6710 6738
f 6707 6708 6737
f 6705 6706 6736
f 6703 6704 6735
f 6701 6702 6734
f 6699 6700 6733
f 6697 6698 6732
f 6695 6696 6731
f 6693 6694 6730
f 6691 6692 6729
f 6689 6690 6728
f 6687 6688 6727
f 6685 6686 6726
f 6683 6684 6725
f 6681 6682 6724
f 6679 6680 6723
f 6677 6678 6722
f 6675 6676 6721
f 6673 6674 6719
f 5725 5674 6811
f 5674 5673 6812
f 5673 5626 6813
f 5626 5625 6814
f 5625 5629 6815
f 5629 5637 6816
f 5637 5655 6817
f 5655 5656 6818
f 5656 5639 6819
f 5639 5638 6820
f 5638 5658 6821
f 5658 5657 6822
f 5657 5675 6823
f 5675 5677 6824
f 5677 5676 6825
f 5676 5679 6826
f 5679 5678 6827
f 5678 5681 6828
f 5681 5680 6829
f 5680 5660 6830
f 5660 5659 6831
f 5659 5682 6832
f 5682 5662 6833
f 5662 5661 6834
f 5661 5683 6835
f 5683 5702 6836
f 5702 5692 6837
f 5692 5691 6838
f 5691 5710 6839
f 5710 5704 6840
f 5704 5703 6841
f 5703 5711 6842
f 5711 5727 6843
f 5727 5729 6844
f 5729 5728 6845
f 5728 5731 6846
f 5731 5730 6847
f 5730 5761 6848
f 5761 5748 6849
f 5748 5747 6850
f 5747 5763 6851
f 5763 5762 6852
f 5762 5750 6853
f 5750 5749 6854
f 5749 5765 6855
f 5765 5764 6856
f 5764 5752 6857
f 5752 5751 6858
f 5751 5771 6859
f 5771 5754 6860
f 5754 5753 6861
f 5753 5733 6862
f 5733 5732 6863
f 5732 5755 6864
f 5755 5706 6865
f 5706 5705 6866
f 5705 5707 6867
f 5707 5694 6868
f 5694 5693 6869
f 5693 5641 6870
f 5641 5640 6871
f 5640 5643 6872
f 5643 5642 6873
f 5642 5664 6874
f 5664 5663 6875
f 5663 5684 6876
f 5684 5645 6877
f 5645 5644 6878
f 5644 5647 6879
f 5647 5646 6880
f 5646 5666 6881
f 5666 5665 6882
f 5665 5648 6883
f 5648 5631 6884
f 5631 5630 6885
f 5630 5617 6886
f 5617 5613 6887
f 5613 5612 6888
f 5612 5618 6889
f 5618 5606 6890
f 5606 5605 6891
f 5605 5614 6892
f 5614 5620 6893
f 5620 5616 6894
f 5616 5615 6895
f 5615 5619 6896
f 5619 5622 6897
f 5622 5621 6898
f 5621 5608 6899
f 5608 5607 6900
f 5607 5602 6901
f 5602 5599 6902
f 5599 5598 6903
f 5598 5609 6904
f 5609 5596 6905
f 5596 5595 6906
f 5595 5603 6907
f 5603 5610 6908
f 5610 5611 6909
f 5611 5601 6910
f 5601 5600 6911
f 5600 5604 6912
f 5604 5623 6913
f 5623 5633 6914
f 5633 5632 6915
f 5632 5650 6916
f 5650 5649 6917
f 5649 5635 6918
f 5635 5634 6919
f 5634 5636 6920
f 5636 5628 6921
f 5628 5627 6922
f 5627 5668 6923
f 5668 5667 6924
f 5667 5686 6925
f 5686 5685 6926
f 5685 5688 6927
f 5688 5687 6928
f 5687 5695 6929
f 5695 5652 6930
f 5652 5651 6931
f 5651 5669 6932
f 5669 5654 6933
f 5654 5653 6934
f 5653 5670 6935
f 5670 5709 6936
f 5709 5708 6937
f 5708 5712 6938
f 5712 5714 6939
f 5714 5713 6940
f 5713 5716 6941
f 5716 5715 6942
f 5715 5718 6943
f 5718 5717 6944
f 5717 5735 6945
f 5735 5734 6946
f 5734 5737 6947
f 5737 5736 6948
f 5736 5757 6949
f 5757 5756 6950
f 5756 5773 6951
f 5773 5772 6952
f 5772 5778 6953
f 5778 5777 6954
f 5777 5780 6955
f 5780 5779 6956
f 5779 5775 6957
f 5775 5774 6958
f 5774 5767 6959
f 5767 5766 6960
f 5766 5776 6961
f 5776 5739 6962
f 5739 5738 6963
f 5738 5741 6964
f 5741 5740 6965
f 5740 5768 6966
f 5768 5743 6967
f 5743 5742 6968
f 5742 5758 6969
f 5758 5760 6970
f 5760 5759 6971
f 5759 5770 6972
f 5770 5769 6973
f 5769 5745 6974
f 5745 5744 6975
f 5744 5720 6976
f 5720 5719 6977
f 5719 5722 6978
f 5722 5721 6979
f 5721 5724 6980
f 5724 5723 6981
f 5723 5746 6982
f 5746 5697 6983
f 5697 5696 6984
f 5696 5698 6985
f 5698 5690 6986
f 5690 5689 6987
f 5689 5700 6988
f 5700 5699 6989
f 5699 5672 6990
f 5672 5671 6991
f 5671 5701 6992
f 5701 5726 6993
f 5726 5725 6994
f 6994 6993 5726
f 6993 6992 5701
f 6992 6991 5671
f 6991 6990 5672
f 6990 6989 5699
f 6989 6988 5700
f 6988 6987 5689
f 6987 6986 5690
f 6986 6985 5698
f 6985 6984 5696
f 6984 6983 5697
f 6983 6982 5746
f 6982 6981 5723
f 6981 6980 5724
f 6980 6979 5721
f 6979 6978 5722
f 6978 6977 5719
f 6977 6976 5720
f 6976 6975 5744
f 6975 6974 5745
f 6974 6973 5769
f 6973 6972 5770
f 6972 6971 5759
f 6971 6970 5760
f 6970 6969 5758
f 6969 6968 5742
f 6968 6967 5743
f 6967 6966 5768
f 6966 6965 5740
f 6965 6964 5741
f 6964 6963 5738
f 6963 6962 5739
f 6962 6961 5776
f 6961 6960 5766
f 6960 6959 5767
f 6959 6958 5774
f 6958 6957 5775
f 6957 6956 5779
f 6956 6955 5780
f 6955 6954 5777
f 6954 6953 5778
f 6953 6952 5772
f 6952 6951 5773
f 6951 6950 5756
f 6950 6949 5757
f 6949 6948 5736
f 6948 6947 5737
f 6947 6946 5734
f 6946 6945 5735
f 6945 6944 5717
f 6944 6943 5718
f 6943 6942 5715
f 6942 6941 5716
f 6941 6940 5713
f 6940 6939 5714
f 6939 6938 5712
f 6938 6937 5708
f 6937 6936 5709
f 6936 6935 5670
f 6935 6934 5653
f 6934 6933 5654
f 6933 6932 5669
f 6932 6931 5651
f 6931 6930 5652
f 6930 6929 5695
f 6929 6928 5687
f 6928 6927 5688
f 6927 6926 5685
f 6926 6925 5686
f 6925 6924 5667
f 6924 6923 5668
f 6923 6922 5627
f 6922 6921 5628
f 6921 6920 5636
f 6920 6919 5634
f 6919 6918 5635
f 6918 6917 5649
f 6917 6916 5650
f 6916 6915 5632
f 6915 6914 5633
f 6914 6913 5623
f 6913 6912 5604
f 6912 6911 5600
f 6911 6910 5601
f 6910 6909 5611
f 6909 6908 5610
f 6908 6907 5603
f 6907 6906 5595
f 6906 6905 5596
f 6905 6904 5609
f 6904 6903 5598
f 6903 6902 5599
f 6902 6901 5602
f 6901 6900 5607
f 6900 6899 5608
f 6899 6898 5621
f 6898 6897 5622
f 6897 6896 5619
f 6896 6895 5615
f 6895 6894 5616
f 6894 6893 5620
f 6893 6892 5614
f 6892 6891 5605
f 6891 6890 5606
f 6890 6889 5618
f 6889 6888 5612
f 6888 6887 5613
f 6887 6886 5617
f 6886 6885 5630
f 6885 6884 5631
f 6884 6883 5648
f 6883 6882 5665
f 6882 6881 5666
f 6881 6880 5646
f 6880 6879 5647
f 6879 6878 5644
f 6878 6877 5645
f 6877 6876 5684
f 6876 6875 5663
f 6875 6874 5664
f 6874 6873 5642
f 6873 6872 5643
f 6872 6871 5640
f 6871 6870 5641
f 6870 6869 5693
f 6869 6868 5694
f 6868 6867 5707
f 6867 6866 5705
f 6866 6865 5706
f 6865 6864 5755
f 6864 6863 5732
f 6863 6862 5733
f 6862 6861 5753
f 6861 6860 5754
f 6860 6859 5771
f 6859 6858 5751
f 6858 6857 5752
f 6857 6856 5764
f 6856 6855 5765
f 6855 6854 5749
f 6854 6853 5750
f 6853 6852 5762
f 6852 6851 5763
f 6851 6850 5747
f 6850 6849 5748
f 6849 6848 5761
f 6848 6847 5730
f 6847 6846 5731
f 6846 6845 5728
f 6845 6844 5729
f 6844 6843 5727
f 6843 6842 5711
f 6842 6841 5703
f 6841 6840 5704
f 6840 6839 5710
f 6839 6838 5691
f 6838 6837 5692
f 6837 6836 5702
f 6836 6835 5683
f 6835 6834 5661
f 6834 6833 5662
f 6833 6832 5682
f 6832 6831 5659
f 6831 6830 5660
f 6830 6829 5680
f 6829 6828 5681
f 6828 6827 5678
f 6827 6826 5679
f 6826 6825 5676
f 6825 6824 5677
f 6824 6823 5675
f 6823 6822 5657
f 6822 6821 5658
f 6821 6820 5638
f 6820 6819 5639
f 6819 6818 5656
f 6818 6817 5655
f 6817 6816 5637
f 6816 6815 5629
f 6815 6814 5625
f 6814 6813 5626
f 6813 6812 5673
f 6812 6811 5674
f 6811 6994 5725
f 6995 6996 6949
f 6996 6948 6949
f 6997 6995 6951
f 6995 6950 6951
f 6997 6952 6953
f 6953 6998 6997
f 6999 6998 6955
f 6998 6954 6955
f 7000 6999 6957
f 6999 6956 6957
f 7001 7000 6959
f 7000 6958 6959
f 7001 6960 6961
f 6961 7002 7001
f 7002 6962 6963
f 6963 7003 7002
f 7004 7003 6965
f 7003 6964 6965
f 7005 7004 6967
f 7004 6966 6967
f 7005 6968 6969
f 6969 7006 7005
f 7007 7006 6971
f 7006 6970 6971
f 7007 6972 6973
f 6973 7008 7007
f 7009 7008 6975
f 7008 6974 6975
f 7009 6976 6977
f 6977 7010 7009
f 7011 7010 6979
f 7010 6978 6979
f 7012 7011 6981
f 7011 6980 6981
f 7013 7012 6983
f 7012 6982 6983
f 7014 7013 6985
f 7013 6984 6985
f 7015 7014 6987
f 7014 6986 6987
f 7015 6988 6989
f 6989 7016 7015
f 7017 7016 6991
f 7016 6990 6991
f 7018 7017 6993
f 7017 6992 6993
f 7019 7018 6811
f 7018 6994 6811
f 7019 6812 6813
f 6813 7020 7019
f 7020 6814 6815
f 6815 7021 7020
f 7021 6816 6817
f 6817 7022 7021
f 7022 6818 6819
f 6819 7023 7022
f 7023 6820 6821
f 6821 7024 7023
f 7024 6822 6823
f 6823 7025 7024
f 7025 6824 6825
f 6825 7026 7025
f 7027 7026 6827
f 7026 6826 6827
f 7027 6828 6829
f 6829 7028 7027
f 7028 6830 6831
f 6831 7029 7028
f 7030 7029 6833
f 7029 6832 6833
f 7031 7030 6835
f 7030 6834 6835
f 7032 7031 6837
f 7031 6836 6837
f 7033 7032 6839
f 7032 6838 6839
f 7034 7033 6841
f 7033 6840 6841
f 7035 7034 6843
f 7034 6842 6843
f 7035 6844 6845
f 6845 7036 7035
f 7037 7036 6847
f 7036 6846 6847
f 7037 6848 6849
f 6849 7038 7037
f 7039 7038 6851
f 7038 6850 6851
f 7039 6852 6853
f 6853 7040 7039
f 7041 7040 6855
f 7040 6854 6855
f 7042 7041 6857
f 7041 6856 6857
f 7043 7042 6859
f 7042 6858 6859
f 7044 7043 6861
f 7043 6860 6861
f 7045 7044 6863
f 7044 6862 6863
f 7046 7045 6865
f 7045 6864 6865
f 7047 7046 6867
f 7046 6866 6867
f 7047 6868 6869
f 6869 7048 7047
f 7049 7048 6871
f 7048 6870 6871
f 7050 7049 6873
f 7049 6872 6873
f 7051 7050 6875
f 7050 6874 6875
f 7051 6876 6877
f 6877 7052 7051
f 7053 7052 6879
f 7052 6878 6879
f 7054 7053 6881
f 7053 6880 6881
f 7055 7054 6883
f 7054 6882 6883
f 7056 7055 6885
f 7055 6884 6885
f 7056 6886 6887
f 6887 7057 7056
f 7058 7057 6889
f 7057 6888 6889
f 7059 7058 6891
f 7058 6890 6891
f 7060 7059 6893
f 7059 6892 6893
f 7061 7060 6895
f 7060 6894 6895
f 7061 6896 6897
f 6897 7062 7061
f 7063 7062 6899
f 7062 6898 6899
f 7064 7063 6901
f 7063 6900 6901
f 7065 7064 6903
f 7064 6902 6903
f 7065 6904 6905
f 6905 7066 7065
f 7067 7066 6907
f 7066 6906 6907
f 7067 6908 6909
f 6909 7068 7067
f 7069 7068 6911
f 7068 6910 6911
f 7070 7069 6913
f 7069 6912 6913
f 7070 6914 6915
f 6915 7071 7070
f 7072 7071 6917
f 7071 6916 6917
f 7073 7072 6919
f 7072 6918 6919
f 7073 6920 6921
f 6921 7074 7073
f 7075 7074 6923
f 7074 6922 6923
f 7076 7075 6925
f 7075 6924 6925
f 7077 7076 6927
f 7076 6926 6927
f 7077 6928 6929
f 6929 7078 7077
f 7078 6930 6931
f 6931 7079 7078
f 7079 6932 6933
f 6933 7080 7079
f 7081 7080 6935
f 7080 6934 6935
f 7082 7081 6937
f 7081 6936 6937
f 7083 7082 6939
f 7082 6938 6939
f 7083 6940 6941
f 6941 7084 7083
f 7085 7084 6943
f 7084 6942 6943
f 7086 7085 6945
f 7085 6944 6945
f 6996 7086 6947
f 7086 6946 6947
f 6947 6948 6996
f 6945 6946 7086
f 6943 6944 7085
f 6941 6942 7084
f 6939 6940 7083
f 6937 6938 7082
f 6935 6936 7081
f 6933 6934 7080
f 6931 6932 7079
f 6929 6930 7078
f 6927 6928 7077
f 6925 6926 7076
f 6923 6924 7075
f 6921 6922 7074
f 6919 6920 7073
f 6917 6918 7072
f 6915 6916 7071
f 6913 6914 7070
f 6911 6912 7069
f 6909 6910 7068
f 6907 6908 7067
f 6905 6906 7066
f 6903 6904 7065
f 6901 6902 7064
f 6899 6900 7063
f 6897 6898 7062
f 6895 6896 7061
f 6893 6894 7060
f 6891 6892 7059
f 6889 6890 7058
f 6887 6888 7057
f 6885 6886 7056
f 6883 6884 7055
f 6881 6882 7054
f 6879 6880 7053
f 6877 6878 7052
f 6875 6876 7051
f 6873 6874 7050
f 6871 6872 7049
f 6869 6870 7048
f 6867 6868 7047
f 6865 6866 7046
f 6863 6864 7045
f 6861 6862 7044
f 6859 6860 7043
f 6857 6858 7042
f 6855 6856 7041
f 6853 6854 7040
f 6851 6852 7039
f 6849 6850 7038
f 6847 6848 7037
f 6845 6846 7036
f 6843 6844 7035
f 6841 6842 7034
f 6839 6840 7033
f 6837 6838 7032
f 6835 6836 7031
f 6833 6834 7030
f 6831 6832 7029
f 6829 6830 7028
f 6827 6828 7027
f 6825 6826 7026
f 6823 6824 7025
f 6821 6822 7024
f 6819 6820 7023
f 6817 6818 7022
f 6815 6816 7021
f 6813 6814 7020
f 6811 6812 7019
f 6993 6994 7018
f 6991 6992 7017
f 6989 6990 7016
f 6987 6988 7015
f 6985 6986 7014
f 6983 6984 7013
f 6981 6982 7012
f 6979 6980 7011
f 6977 6978 7010
f 6975 6976 7009
f 6973 6974 7008
f 6971 6972 7007
f 6969 6970 7006
f 6967 6968 7005
f 6965 6966 7004
f 6963 6964 7003
f 6961 6962 7002
f 6959 6960 7001
f 6957 6958 7000
f 6955 6956 6999
f 6953 6954 6998
f 6951 6952 6997
f 6949 6950 6995
f 7087 6780 6781
f 7088 6799 6800
f 7088 6797 6798
f 7088 6795 6796
f 7087 6779 6780
f 7087 6777 6778
f 7089 7088 6803
f 6798 6799 7088
f 7088 6794 6795
f 7088 6792 6793
f 7087 6782 6783
f 6778 6779 7087
f 7087 6766 6767
f 7087 7090 6765
f 7091 6727 6728
f 7089 6808 6809
f 7088 6802 6803
f 6800 6801 7088
f 6793 6794 7088
f 7088 7087 6786
f 6781 6782 7087
f 7087 6774 6775
f 6767 6768 7087
f 7090 6764 6765
f 7090 6762 6763
f 7090 6760 6761
f 7090 6749 6750
f 7091 6743 6744
f 7091 6740 6741
f 7091 6738 6739
f 7091 6736 6737
f 7091 6734 6735
f 7091 6730 6731
f 6728 6729 7091
f 7089 6726 6727
f 7089 6719 6721
f 7089 6810 6720
f 7089 6807 6808
f 6803 6804 7089
f 6796 6797 7088
f 7088 6790 6791
f 7088 6788 6789
f 6786 6787 7088
f 7087 6784 6785
f 7087 6776 6777
f 7087 6773 6774
f 7087 6771 6772
f 7087 6769 6770
f 6765 6766 7087
f 6761 6762 7090
f 7090 6758 6759
f 7090 6755 6756
f 7090 6753 6754
f 7090 6748 6749
f 7090 6746 6747
f 7090 6744 6745
f 7091 6742 6743
f 6739 6740 7091
f 6735 6736 7091
f 7091 6732 6733
f 6729 6730 7091
f 7089 6725 6726
f 7089 6723 6724
f 6721 6722 7089
f 6809 6810 7089
f 6801 6802 7088
f 6789 6790 7088
f 6785 6786 7087
f 6775 6776 7087
f 6770 6771 7087
f 6763 6764 7090
f 7090 6757 6758
f 6754 6755 7090
f 6747 6748 7090
f 6744 7090 7091
f 6737 6738 7091
f 6731 6732 7091
f 6724 6725 7089
f 6720 6719 7089
f 7089 6805 6806
f 6791 6792 7088
f 6783 6784 7087
f 6768 6769 7087
f 6756 6757 7090
f 7090 6751 6752
f 6745 6746 7090
f 6733 6734 7091
f 6722 6723 7089
f 6804 6805 7089
f 6772 6773 7087
f 6752 6753 7090
f 6741 6742 7091
f 6806 6807 7089
f 6759 6760 7090
f 6727 7091 7089
f 6750 6751 7090
f 6787 6788 7088
f 7092 7093 7091
f 7091 7090 7092
f 7094 7087 7088
f 7088 7095 7094
f 7091 7093 7096
f 7096 7089 7091
f 7089 7096 7095
f 7095 7088 7089
f 7094 7097 7098
f 7095 7099 7100
f 7095 7101 7102
f 7095 7103 7104
f 7094 7105 7106
f 7094 7107 7108
f 7098 7109 7094
f 7095 7110 7111
f 7100 7112 7095
f 7104 7101 7095
f 7096 7113 7114
f 7106 7115 7094
f 7109 7107 7094
f 7094 7116 7117
f 7095 7118 7119
f 7112 7110 7095
f 7095 7120 7103
f 7114 7095 7096
f 7094 7121 7105
f 7117 7097 7094
f 7094 7119 7122
f 7095 7123 7118
f 7095 7124 7125
f 7095 7126 7127
f 7102 7099 7095
f 7096 7128 7113
f 7096 7129 7130
f 7092 7131 7132
f 7092 7133 7134
f 7094 7135 7136
f 7108 7121 7094
f 7119 7094 7095
f 7127 7124 7095
f 7114 7120 7095
f 7130 7137 7096
f 7096 7138 7139
f 7096 7140 7141
f 7096 7093 7142
f 7134 7131 7092
f 7136 7092 7094
f 7094 7143 7144
f 7122 7116 7094
f 7111 7126 7095
f 7139 7129 7096
f 7096 7145 7140
f 7096 7146 7147
f 7142 7148 7096
f 7093 7149 7150
f 7136 7133 7092
f 7094 7151 7143
f 7094 7152 7153
f 7094 7154 7155
f 7125 7123 7095
f 7096 7156 7157
f 7141 7138 7096
f 7148 7146 7096
f 7093 7158 7149
f 7093 7159 7160
f 7093 7161 7162
f 7093 7163 7164
f 7093 7165 7166
f 7093 7167 7168
f 7092 7169 7170
f 7092 7171 7172
f 7092 7173 7174
f 7144 7135 7094
f 7155 7152 7094
f 7157 7128 7096
f 7147 7145 7096
f 7160 7158 7093
f 7093 7175 7176
f 7164 7161 7093
f 7168 7165 7093
f 7093 7092 7177
f 7092 7178 7179
f 7172 7169 7092
f 7174 7180 7092
f 7153 7151 7094
f 7137 7156 7096
f 7176 7159 7093
f 7166 7163 7093
f 7177 7181 7093
f 7092 7182 7183
f 7092 7184 7185
f 7179 7186 7092
f 7092 7187 7188
f 7180 7171 7092
f 7115 7154 7094
f 7162 7175 7093
f 7183 7177 7092
f 7186 7184 7092
f 7170 7187 7092
f 7150 7142 7093
f 7185 7182 7092
f 7132 7173 7092
f 7188 7178 7092
f 7181 7167 7093
f 7189 7190 7139
f 7191 7189 7138
f 7192 7191 7141
f 7193 7192 7140
f 7194 7193 7145
f 7195 7194 7147
f 7196 7195 7146
f 7197 7196 7148
f 7198 7197 7142
f 7199 7198 7150
f 7200 7199 7149
f 7201 7200 7158
f 7202 7201 7160
f 7203 7202 7159
f 7204 7203 7176
f 7205 7204 7175
f 7206 7205 7162
f 7207 7206 7161
f 7208 7207 7164
f 7209 7208 7163
f 7210 7209 7166
f 7211 7210 7165
f 7212 7211 7168
f 7213 7212 7167
f 7214 7213 7181
f 7215 7214 7177
f 7216 7215 7183
f 7217 7216 7182
f 7218 7217 7185
f 7219 7218 7184
f 7220 7219 7186
f 7221 7220 7179
f 7222 7221 7178
f 7223 7222 7188
f 7224 7223 7187
f 7225 7224 7170
f 7226 7225 7169
f 7227 7226 7172
f 7228 7227 7171
f 7229 7228 7180
f 7230 7229 7174
f 7231 7230 7173
f 7232 7231 7132
f 7233 7232 7131
f 7234 7233 7134
f 7235 7234 7133
f 7236 7235 7136
f 7237 7236 7135
f 7238 7237 7144
f 7239 7238 7143
f 7240 7239 7151
f 7241 7240 7153
f 7242 7241 7152
f 7243 7242 7155
f 7244 7243 7154
f 7245 7244 7115
f 7246 7245 7106
f 7247 7246 7105
f 7248 7247 7121
f 7249 7248 7108
f 7250 7249 7107
f 7251 7250 7109
f 7252 7251 7098
f 7253 7252 7097
f 7254 7253 7117
f 7255 7254 7116
f 7256 7255 7122
f 7257 7256 7119
f 7258 7257 7118
f 7259 7258 7123
f 7260 7259 7125
f 7261 7260 7124
f 7262 7261 7127
f 7263 7262 7126
f 7264 7263 7111
f 7265 7264 7110
f 7266 7265 7112
f 7267 7266 7100
f 7268 7267 7099
f 7269 7268 7102
f 7270 7269 7101
f 7271 7270 7104
f 7272 7271 7103
f 7273 7272 7120
f 7274 7273 7114
f 7275 7274 7113
f 7276 7275 7128
f 7277 7276 7157
f 7278 7277 7156
f 7279 7278 7137
f 7280 7279 7130
f 7190 7280 7129
f 7129 7139 7190
f 7130 7129 7280
f 7137 7130 7279
f 7156 7137 7278
f 7157 7156 7277
f 7128 7157 7276
f 7113 7128 7275
f 7114 7113 7274
f 7120 7114 7273
f 7103 7120 7272
f 7104 7103 7271
f 7101 7104 7270
f 7102 7101 7269
f 7099 7102 7268
f 7100 7099 7267
f 7112 7100 7266
f 7110 7112 7265
f 7111 7110 7264
f 7126 7111 7263
f 7127 7126 7262
f 7124 7127 7261
f 7125 7124 7260
f 7123 7125 7259
f 7118 7123 7258
f 7119 7118 7257
f 7122 7119 7256
f 7116 7122 7255
f 7117 7116 7254
f 7097 7117 7253
f 7098 7097 7252
f 7109 7098 7251
f 7107 7109 7250
f 7108 7107 7249
f 7121 7108 7248
f 7105 7121 7247
f 7106 7105 7246
f 7115 7106 7245
f 7154 7115 7244
f 7155 7154 7243
f 7152 7155 7242
f 7153 7152 7241
f 7151 7153 7240
f 7143 7151 7239
f 7144 7143 7238
f 7135 7144 7237
f 7136 7135 7236
f 7133 7136 7235
f 7134 7133 7234
f 7131 7134 7233
f 7132 7131 7232
f 7173 7132 7231
f 7174 7173 7230
f 7180 7174 7229
f 7171 7180 7228
f 7172 7171 7227
f 7169 7172 7226
f 7170 7169 7225
f 7187 7170 7224
f 7188 7187 7223
f 7178 7188 7222
f 7179 7178 7221
f 7186 7179 7220
f 7184 7186 7219
f 7185 7184 7218
f 7182 7185 7217
f 7183 7182 7216
f 7177 7183 7215
f 7181 7177 7214
f 7167 7181 7213
f 7168 7167 7212
f 7165 7168 7211
f 7166 7165 7210
f 7163 7166 7209
f 7164 7163 7208
f 7161 7164 7207
f 7162 7161 7206
f 7175 7162 7205
f 7176 7175 7204
f 7159 7176 7203
f 7160 7159 7202
f 7158 7160 7201
f 7149 7158 7200
f 7150 7149 7199
f 7142 7150 7198
f 7148 7142 7197
f 7146 7148 7196
f 7147 7146 7195
f 7145 7147 7194
f 7140 7145 7193
f 7141 7140 7192
f 7138 7141 7191
f 7139 7138 7189
f 7281 7189 7191
f 7191 7192 7281
f 7192 7193 7281
f 7193 7194 7281
f 7194 7195 7281
f 7195 7196 7281
f 7196 7197 7281
f 7197 7198 7281
f 7198 7199 7281
f 7199 7200 7281
f 7200 7201 7281
f 7201 7202 7281
f 7202 7203 7281
f 7203 7204 7281
f 7204 7205 7281
f 7205 7206 7281
f 7206 7207 7281
f 7207 7208 7281
f 7208 7209 7281
f 7209 7210 7281
f 7210 7211 7281
f 7211 7212 7281
f 7212 7213 7281
f 7213 7214 7281
f 7214 7215 7281
f 7215 7216 7281
f 7216 7217 7281
f 7217 7218 7281
f 7218 7219 7281
f 7219 7220 7281
f 7220 7221 7281
f 7221 7222 7281
f 7222 7223 7281
f 7223 7224 7281
f 7224 7225 7281
f 7225 7226 7281
f 7226 7227 7281
f 7227 7228 7281
f 7228 7229 7281
f 7229 7230 7281
f 7230 7231 7281
f 7231 7232 7281
f 7232 7233 7281
f 7233 7234 7281
f 7234 7235 7281
f 7235 7236 7281
f 7236 7237 7281
f 7237 7238 7281
f 7238 7239 7281
f 7239 7240 7281
f 7240 7241 7281
f 7241 7242 7281
f 7242 7243 7281
f 7243 7244 7281
f 7244 7245 7281
f 7245 7246 7281
f 7246 7247 7281
f 7247 7248 7281
f 7248 7249 7281
f 7249 7250 7281
f 7250 7251 7281
f 7251 7252 7281
f 7252 7253 7281
f 7253 7254 7281
f 7254 7255 7281
f 7255 7256 7281
f 7256 7257 7281
f 7257 7258 7281
f 7258 7259 7281
f 7259 7260 7281
f 7260 7261 7281
f 7261 7262 7281
f 7262 7263 7281
f 7263 7264 7281
f 7264 7265 7281
f 7265 7266 7281
f 7266 7267 7281
f 7267 7268 7281
f 7268 7269 7281
f 7269 7270 7281
f 7270 7271 7281
f 7271 7272 7281
f 7272 7273 7281
f 7273 7274 7281
f 7274 7275 7281
f 7275 7276 7281
f 7276 7277 7281
f 7277 7278 7281
f 7278 7279 7281
f 7279 7280 7281
f 7280 7190 7281
f 7190 7189 7281
f 1183 7090 5792
f 1183 7092 7090
f 7286 7094 7092
f 5781 7087 7094
f 5792 7090 7087
f 7092 1183 7286
f 7087 5781 5792
f 7094 7286 5781
f 7286 2254 2263
f 648 2252 2254
f 2254 7286 648
f 2263 2268 7286
f 7286 2271 2273
f 2268 2269 7286
f 2297 2662 2660
f 7286 2283 2285
f 7286 2279 2281
f 7286 2275 2277
f 2269 2271 7286
f 648 2240 2242
f 7286 2295 2297
f 2281 2283 7286
f 2285 2287 7286
f 2273 2275 7286
f 648 2246 2248
f 648 2238 2240
f 7286 2293 2295
f 7286 2287 2289
f 2277 2279 7286
f 2248 2250 648
f 2250 2252 648
f 2242 2244 648
f 648 2232 2234
f 7286 2291 2293
f 2244 2246 648
f 2234 2236 648
f 648 2228 2230
f 2289 2291 7286
f 2236 2238 648
f 648 2226 2228
f 648 2222 2224
f 2224 2226 648
f 648 1989 1988
f 2230 2232 648
f 1988 2220 648
f 2220 2222 648
f 2660 7286 2297
f 2297 2664 2662
f 648 1990 1989
f 648 1992 1991
f 7286 2660 2658
f 1991 1990 648
f 648 1994 1993
f 648 1996 1995
f 7282 2558 2556
f 1973 1972 2204
f 1975 1974 2206
f 1976 1975 2208
f 1978 1977 2210
f 1980 1979 2212
f 7286 2656 2654
f 1988 1987 2220
f 2658 2656 7286
f 1995 1994 648
f 2666 2297 2299
f 2674 2299 2301
f 7282 2560 2558
f 2206 1974 1973
f 2208 2210 1976
f 2210 2212 1978
f 2212 2214 1980
f 2654 2652 7286
f 1993 1992 648
f 648 1999 1998
f 2299 2670 2668
f 2299 2668 2666
f 2301 2678 2676
f 2678 2301 2303
f 7282 2562 2560
f 1972 2200 2202
f 1972 2192 2194
f 2206 2208 1975
f 1979 1978 2212
f 1982 1981 2214
f 1984 1983 2216
f 2218 1986 1985
f 1987 1986 2218
f 7286 2646 2644
f 7286 2650 2648
f 1998 1997 648
f 2303 2680 2678
f 648 2012 2011
f 2556 2554 7282
f 7282 2566 2564
f 7286 2582 2580
f 1972 2198 2200
f 2194 2196 1972
f 1977 1976 2210
f 2214 2216 1982
f 2216 2218 1984
f 2218 2220 1987
f 2648 2646 7286
f 1997 1996 648
f 2299 2672 2670
f 2301 2676 2674
f 2688 2305 2307
f 648 2010 2009
f 648 2013 2012
f 648 2016 2015
f 7282 2546 2544
f 7282 2552 2550
f 2564 2562 7282
f 2580 2578 7286
f 1965 1964 2172
f 1966 1965 2174
f 1967 1966 2176
f 1968 1967 2178
f 1971 1970 2186
f 2196 2198 1972
f 1972 1971 2190
f 1981 1980 2214
f 1985 1984 2218
f 2652 2650 7286
f 2674 2672 2299
f 2303 2684 2682
f 2684 2303 2305
f 2307 2690 2688
f 648 2001 2000
f 648 2004 2003
f 648 2006 2005
f 2011 2010 648
f 2015 2014 648
f 7282 2540 2538
f 2544 2542 7282
f 2554 2552 7282
f 2578 2576 7286
f 2174 2176 1966
f 2178 2180 1968
f 1970 1969 2182
f 2186 2188 1971
f 2190 2192 1972
f 1983 1982 2216
f 2666 2664 2297
f 2305 2686 2684
f 2307 2692 2690
f 2692 2307 2309
f 2694 2309 2311
f 648 2002 2001
f 2005 2004 648
f 648 2008 2007
f 2014 2013 648
f 648 2036 2035
f 647 2047 2046
f 2542 2540 7282
f 2550 2548 7282
f 7282 7286 2570
f 7286 2574 2572
f 7286 2584 2582
f 7286 2588 2586
f 7286 2592 2590
f 7286 2602 2600
f 7286 2628 2626
f 2176 2178 1967
f 1969 1968 2180
f 2182 2184 1970
f 2202 2204 1972
f 7286 2642 2640
f 2644 2642 7286
f 2688 2686 2305
f 2311 2696 2694
f 2003 2002 648
f 2009 2008 648
f 2035 2034 648
f 2034 2033 648
f 648 2039 2038
f 647 2045 2044
f 647 2048 2047
f 2046 2045 647
f 647 2051 2050
f 2548 2546 7282
f 2570 2568 7282
f 2576 2574 7286
f 2590 2588 7286
f 7286 2604 2602
f 7286 2618 2616
f 7286 2622 2620
f 2626 2624 7286
f 1963 1962 2170
f 2180 2182 1969
f 2188 2190 1971
f 2640 2638 7286
f 2682 2680 2303
f 2204 2206 1973
f 2311 2698 2696
f 2309 2694 2692
f 2007 2006 648
f 648 2018 2017
f 2038 2037 648
f 2037 2036 648
f 2044 2043 647
f 2050 2049 647
f 2049 2048 647
f 647 2054 2053
f 5594 2133 2134
f 5594 2129 2130
f 7282 2532 2530
f 7282 2536 2534
f 2568 2566 7282
f 2586 2584 7286
f 7286 2596 2594
f 2600 2598 7286
f 7286 2614 2612
f 2620 2618 7286
f 7286 2630 2628
f 7286 2634 2632
f 2168 1961 1960
f 1962 1961 2168
f 2172 1964 1963
f 2184 2186 1970
f 2638 2636 7286
f 2017 2016 648
f 648 2020 2019
f 648 2030 2029
f 648 2032 2031
f 2033 2032 648
f 648 647 2041
f 647 2043 2042
f 2053 2052 647
f 647 2056 2055
f 5594 2139 1929
f 5594 2136 2137
f 5594 2132 2133
f 2130 2131 5594
f 7282 2528 2526
f 2534 2532 7282
f 2572 2570 7286
f 2598 2596 7286
f 7286 2610 2608
f 2616 2614 7286
f 2632 2630 7286
f 2168 2170 1962
f 2172 2174 1965
f 2019 2018 648
f 648 2027 2026
f 2029 2028 648
f 2041 2040 648
f 2055 2054 647
f 2704 2315 2317
f 2708 2335 2337
f 2718 2345 2347
f 5594 2138 2139
f 5594 2135 2136
f 2131 2132 5594
f 5594 2127 2128
f 5594 2125 2126
f 5594 2120 2123
f 5594 2118 2117
f 1939 2144 2145
f 2530 2528 7282
f 2594 2592 7286
f 2608 2606 7286
f 2624 2622 7286
f 2170 2172 1963
f 2000 1999 648
f 648 2023 2022
f 648 2025 2024
f 2028 2027 648
f 2040 2039 648
f 2052 2051 647
f 2700 2313 2315
f 2704 2327 2329
f 2704 2323 2325
f 2317 2319 2704
f 2319 2321 2704
f 2706 2331 2333
f 2708 2333 2335
f 2710 2337 2339
f 2716 2343 2345
f 2347 2722 2720
f 2724 2349 2351
f 2728 2351 2353
f 647 2063 2062
f 647 2065 2064
f 2137 2138 5594
f 2128 2129 5594
f 5594 2124 2125
f 2117 2120 5594
f 1939 2150 2151
f 1939 2147 2148
f 2145 2146 1939
f 2146 2147 1939
f 5597 2424 2426
f 5597 2418 2420
f 2538 2536 7282
f 2612 2610 7286
f 2636 2634 7286
f 2022 2021 648
f 2026 2025 648
f 2042 2041 647
f 2698 2311 2313
f 2315 2704 2702
f 2315 2702 2700
f 2325 2327 2704
f 2321 2323 2704
f 2706 2329 2331
f 2339 2712 2710
f 2712 2339 2341
f 2714 2341 2343
f 2347 2720 2718
f 2722 2347 2349
f 2351 2728 2726
f 2353 2732 2730
f 2355 2476 2738
f 2062 2061 647
f 647 2066 2065
f 2134 2135 5594
f 2123 2124 5594
f 1939 2149 2150
f 2148 2149 1939
f 1940 2152 2153
f 1941 2154 2155
f 1949 2161 2162
f 1951 2162 2163
f 5597 2442 2443
f 5597 2438 2440
f 5597 2434 2436
f 5597 2430 2432
f 2426 2428 5597
f 2420 2422 5597
f 5597 2404 2406
f 7283 2811 2809
f 1957 1956 2166
f 1959 1958 2165
f 2606 2604 7286
f 2021 2020 648
f 2031 2030 648
f 647 2058 2057
f 2337 2710 2708
f 2343 2716 2714
f 2349 2724 2722
f 2353 2730 2728
f 2353 2355 2734
f 2738 2736 2355
f 647 2060 2059
f 2064 2063 647
f 647 2068 2067
f 647 2070 2069
f 647 2072 2071
f 5594 1923 1922
f 5594 1928 1927
f 2126 2127 5594
f 1932 2140 2141
f 1934 2141 2142
f 1940 2151 2152
f 1941 2153 2154
f 1942 2155 2156
f 1943 2156 2157
f 1944 2157 2158
f 1945 2158 2159
f 2162 1950 1949
f 2163 1952 1951
f 2440 2442 5597
f 2432 2434 5597
f 2422 2424 5597
f 5597 2414 2416
f 5597 2410 2412
f 5597 2402 2404
f 5597 2398 2400
f 5597 2392 2394
f 5597 2757 2382
f 5597 2807 2805
f 2809 5597 7283
f 7283 2490 2488
f 2166 2165 1957
f 2165 2168 1959
f 1960 1959 2168
f 2057 2056 647
f 2329 2706 2704
f 2341 2714 2712
f 2351 2726 2724
f 2736 2734 2355
f 2061 2060 647
f 2069 2068 647
f 647 2073 2072
f 5594 1920 1919
f 1922 1921 5594
f 1929 1928 5594
f 2141 1933 1932
f 2142 1935 1934
f 1937 2143 2144
f 2151 1940 1939
f 2155 1942 1941
f 2157 1944 1943
f 2159 1946 1945
f 1946 2159 2160
f 1947 2160 2161
f 1951 1950 2162
f 2164 1954 1953
f 2164 2086 1955
f 2755 2366 2368
f 2436 2438 5597
f 2416 2418 5597
f 5597 2408 2410
f 2400 2402 5597
f 2394 2396 5597
f 5597 2388 2390
f 2382 2384 5597
f 2384 2386 5597
f 2809 2807 5597
f 2488 2486 7283
f 1958 1957 2165
f 2024 2023 648
f 2333 2708 2706
f 2734 2732 2353
f 2067 2066 647
f 647 2074 2073
f 647 2077 2076
f 5594 2085 2084
f 5594 1918 1917
f 1921 1920 5594
f 5594 1925 1924
f 2139 1930 1929
f 1927 1926 5594
f 1930 2139 2140
f 1934 1933 2141
f 1932 1931 2140
f 1936 2142 2143
f 1939 1938 2144
f 2156 1943 1942
f 2160 1947 1946
f 1949 1948 2161
f 1955 1954 2164
f 2755 2370 2372
f 2755 2364 2366
f 2428 2430 5597
f 2406 2408 5597
f 2390 2392 5597
f 2386 2388 5597
f 5597 2797 2795
f 5597 2801 2799
f 2805 2803 5597
f 7283 2815 2813
f 2486 2484 7283
f 2526 7284 7282
f 2345 2718 2716
f 2071 2070 647
f 2076 2075 647
f 647 2080 2079
f 647 5594 2081
f 5594 2083 2082
f 1917 2085 5594
f 1924 1923 5594
f 2140 1931 1930
f 2143 1937 1936
f 2153 1941 1940
f 2161 1948 1947
f 1953 2163 2164
f 7284 2512 2510
f 7284 2516 2514
f 2358 2741 2740
f 2357 2745 2743
f 2368 2370 2755
f 2412 2414 5597
f 2757 2378 2380
f 2757 2755 2376
f 2799 2797 5597
f 2813 2811 7283
f 7283 2482 2480
f 7283 2492 2490
f 7283 2496 2494
f 2313 2700 2698
f 2075 2074 647
f 2079 2078 647
f 2082 2081 5594
f 1919 1918 5594
f 2144 1938 1937
f 1953 1952 2163
f 7284 2502 2500
f 2514 2512 7284
f 7284 2522 2520
f 7284 2526 2524
f 2358 2743 2741
f 2357 2747 2745
f 2749 2747 2357
f 2372 2374 2755
f 2755 2753 2362
f 2396 2398 5597
f 2376 2378 2757
f 5597 2767 2765
f 5597 2771 2769
f 5597 2785 2783
f 2803 2801 5597
f 7283 2478 2477
f 2484 2482 7283
f 7283 2498 2496
f 2059 2058 647
f 2081 2080 647
f 1926 1925 5594
f 2158 1945 1944
f 7284 2504 2502
f 7284 2508 2506
f 7284 2518 2516
f 2524 2522 7284
f 2743 2358 2357
f 2360 2751 2749
f 2753 2751 2360
f 2362 2364 2755
f 2380 2382 2757
f 2443 2260 5597
f 5597 2763 2761
f 2769 2767 5597
f 5597 2779 2777
f 2783 2781 5597
f 5597 2789 2787
f 5597 2793 2791
f 2477 2815 7283
f 2494 2492 7283
f 2078 2077 647
f 1936 1935 2142
f 2506 2504 7284
f 2520 2518 7284
f 2357 2360 2749
f 2374 2376 2755
f 5597 2759 2757
f 2765 2763 5597
f 5597 2775 2773
f 2781 2779 5597
f 2791 2789 5597
f 2480 2478 7283
f 2084 2083 5594
f 5597 2260 2118
f 2510 2508 7284
f 2360 2362 2753
f 2761 2759 5597
f 2777 2775 5597
f 2795 2793 5597
f 2118 5594 5597
f 2498 7283 7284
f 2787 2785 5597
f 5624 7285 7283
f 5781 7286 7282
f 2500 2498 7284
f 1956 2116 2166
f 2773 2771 5597
f 7283 5597 5624
f 5624 5781 7285
f 2740 2444 2358
f 7282 7285 5781
f 384 7286 193
f 7286 391 397
f 7286 187 193
f 7286 1183 191
f 195 394 386
f 386 394 392
f 7286 384 391
f 191 187 7286
f 1183 394 195
f 392 388 386
f 193 386 384
f 386 193 195
f 195 191 1183
f 421 648 4969
f 648 500 502
f 648 4971 4969
f 7286 4973 4971
f 4966 400 404
f 404 400 399
f 648 421 500
f 4971 648 7286
f 7286 400 4966
f 399 402 404
f 4969 404 421
f 404 4969 4966
f 4966 4973 7286
f 502 641 648
f 397 400 7286
f 5792 1184 1183
f 7284 7283 7287
f 7287 7288 7284
f 7282 7289 7290
f 7290 7285 7282
f 7290 7289 7291
f 7291 7292 7290
f 7287 7283 7062
f 7287 7065 7066
f 7283 7061 7062
f 7293 7017 7018
f 7287 7068 7069
f 7066 7067 7287
f 7283 7060 7061
f 7283 7055 7056
f 7292 7022 7023
f 7018 7292 7293
f 7293 7014 7015
f 7293 7012 7013
f 7067 7068 7287
f 7283 7059 7060
f 7056 7057 7283
f 7283 7053 7054
f 7292 7025 7026
f 7292 7021 7022
f 7292 7019 7020
f 7293 7016 7017
f 7013 7014 7293
f 7293 7008 7009
f 7287 7075 7076
f 7069 7070 7287
f 7283 7058 7059
f 7054 7055 7283
f 7283 7042 7043
f 7292 7036 7037
f 7292 7024 7025
f 7020 7021 7292
f 7015 7016 7293
f 7293 7010 7011
f 7293 7007 7008
f 7293 7005 7006
f 7294 7081 7082
f 7294 7287 7079
f 7076 7077 7287
f 7287 7073 7074
f 7287 7071 7072
f 7287 7064 7065
f 7057 7058 7283
f 7283 7051 7052
f 7283 7045 7046
f 7043 7044 7283
f 7283 7040 7041
f 7283 7038 7039
f 7292 7035 7036
f 7292 7033 7034
f 7292 7031 7032
f 7292 7029 7030
f 7023 7024 7292
f 7011 7012 7293
f 7006 7007 7293
f 7293 7003 7004
f 7294 7002 7003
f 7294 7080 7081
f 7287 7078 7079
f 7074 7075 7287
f 7070 7071 7287
f 7062 7063 7287
f 7283 7050 7051
f 7283 7048 7049
f 7046 7047 7283
f 7041 7042 7283
f 7283 7037 7038
f 7034 7035 7292
f 7030 7031 7292
f 7018 7019 7292
f 7004 7005 7293
f 7294 7001 7002
f 7294 6999 7000
f 7294 7084 7085
f 7079 7080 7294
f 7072 7073 7287
f 7052 7053 7283
f 7047 7048 7283
f 7039 7040 7283
f 7032 7033 7292
f 7009 7010 7293
f 7000 7001 7294
f 7294 6995 6997
f 7294 7083 7084
f 7077 7078 7287
f 7049 7050 7283
f 7037 7283 7292
f 7003 7293 7294
f 6997 6998 7294
f 7294 7086 6996
f 7082 7083 7294
f 7044 7045 7283
f 7292 7027 7028
f 6998 6999 7294
f 7085 7086 7294
f 7028 7029 7292
f 6996 6995 7294
f 7026 7027 7292
f 7285 7290 7292
f 7292 7283 7285
f 7063 7064 7287
f 7292 7291 7295
f 7295 7293 7292
f 7293 7295 7296
f 7296 7294 7293
f 7294 7296 7288
f 7288 7287 7294
f 7284 7297 7298
f 7288 7299 7300
f 7284 7301 7302
f 7284 7303 7297
f 7300 7284 7288
f 7298 7301 7284
f 7300 7304 7284
f 7288 7305 7306
f 7284 7307 7303
f 7304 7308 7284
f 7288 7309 7305
f 7288 7310 7311
f 7308 7307 7284
f 7288 7312 7313
f 7311 7309 7288
f 7313 7299 7288
f 7288 7314 7310
f 7284 7315 7316
f 7306 7312 7288
f 7288 7317 7318
f 7288 7319 7320
f 7284 7321 7322
f 7316 7323 7284
f 7318 7314 7288
f 7288 7324 7325
f 7288 7326 7319
f 7295 7327 7328
f 7295 7329 7330
f 7284 7331 7321
f 7284 7332 7333
f 7302 7315 7284
f 7320 7324 7288
f 7296 7334 7335
f 7296 7336 7337
f 7295 7338 7339
f 7330 7327 7295
f 7282 7340 7341
f 7282 7342 7343
f 7282 7344 7345
f 7282 7346 7347
f 7333 7331 7284
f 7325 7317 7288
f 7335 7288 7296
f 7337 7348 7296
f 7295 7349 7350
f 7339 7351 7295
f 7295 7352 7329
f 7295 7291 7353
f 7343 7340 7282
f 7347 7344 7282
f 7282 7354 7355
f 7282 7284 7356
f 7284 7357 7358
f 7323 7332 7284
f 7348 7334 7296
f 7296 7359 7360
f 7296 7295 7361
f 7295 7362 7363
f 7351 7349 7295
f 7295 7364 7365
f 7353 7352 7295
f 7345 7342 7282
f 7355 7366 7282
f 7284 7367 7356
f 7284 7368 7357
f 7335 7326 7288
f 7360 7369 7296
f 7296 7370 7371
f 7361 7372 7296
f 7350 7362 7295
f 7328 7364 7295
f 7282 7373 7374
f 7366 7346 7282
f 7358 7367 7284
f 7369 7336 7296
f 7296 7375 7376
f 7296 7377 7378
f 7372 7370 7296
f 7365 7338 7295
f 7282 7379 7373
f 7282 7380 7381
f 7282 7382 7383
f 7356 7354 7282
f 7376 7359 7296
f 7296 7384 7377
f 7363 7361 7295
f 7381 7379 7282
f 7383 7385 7282
f 7322 7368 7284
f 7371 7384 7296
f 7385 7380 7282
f 7282 7386 7387
f 7378 7375 7296
f 7374 7388 7282
f 7341 7386 7282
f 7282 7353 7291
f 7387 7382 7282
f 7388 7353 7282
f 7291 7289 7282
f 7389 7390 7376
f 7391 7389 7375
f 7392 7391 7378
f 7393 7392 7377
f 7394 7393 7384
f 7395 7394 7371
f 7396 7395 7370
f 7397 7396 7372
f 7398 7397 7361
f 7399 7398 7363
f 7400 7399 7362
f 7401 7400 7350
f 7402 7401 7349
f 7403 7402 7351
f 7404 7403 7339
f 7405 7404 7338
f 7406 7405 7365
f 7407 7406 7364
f 7408 7407 7328
f 7409 7408 7327
f 7410 7409 7330
f 7411 7410 7329
f 7412 7411 7352
f 7413 7412 7353
f 7414 7413 7388
f 7415 7414 7374
f 7416 7415 7373
f 7417 7416 7379
f 7418 7417 7381
f 7419 7418 7380
f 7420 7419 7385
f 7421 7420 7383
f 7422 7421 7382
f 7423 7422 7387
f 7424 7423 7386
f 7425 7424 7341
f 7426 7425 7340
f 7427 7426 7343
f 7428 7427 7342
f 7429 7428 7345
f 7430 7429 7344
f 7431 7430 7347
f 7432 7431 7346
f 7433 7432 7366
f 7434 7433 7355
f 7435 7434 7354
f 7436 7435 7356
f 7437 7436 7367
f 7438 7437 7358
f 7439 7438 7357
f 7440 7439 7368
f 7441 7440 7322
f 7442 7441 7321
f 7443 7442 7331
f 7444 7443 7333
f 7445 7444 7332
f 7446 7445 7323
f 7447 7446 7316
f 7448 7447 7315
f 7449 7448 7302
f 7450 7449 7301
f 7451 7450 7298
f 7452 7451 7297
f 7453 7452 7303
f 7454 7453 7307
f 7455 7454 7308
f 7456 7455 7304
f 7457 7456 7300
f 7458 7457 7299
f 7459 7458 7313
f 7460 7459 7312
f 7461 7460 7306
f 7462 7461 7305
f 7463 7462 7309
f 7464 7463 7311
f 7465 7464 7310
f 7466 7465 7314
f 7467 7466 7318
f 7468 7467 7317
f 7469 7468 7325
f 7470 7469 7324
f 7471 7470 7320
f 7472 7471 7319
f 7473 7472 7326
f 7474 7473 7335
f 7475 7474 7334
f 7476 7475 7348
f 7477 7476 7337
f 7478 7477 7336
f 7479 7478 7369
f 7480 7479 7360
f 7390 7480 7359
f 7359 7376 7390
f 7360 7359 7480
f 7369 7360 7479
f 7336 7369 7478
f 7337 7336 7477
f 7348 7337 7476
f 7334 7348 7475
f 7335 7334 7474
f 7326 7335 7473
f 7319 7326 7472
f 7320 7319 7471
f 7324 7320 7470
f 7325 7324 7469
f 7317 7325 7468
f 7318 7317 7467
f 7314 7318 7466
f 7310 7314 7465
f 7311 7310 7464
f 7309 7311 7463
f 7305 7309 7462
f 7306 7305 7461
f 7312 7306 7460
f 7313 7312 7459
f 7299 7313 7458
f 7300 7299 7457
f 7304 7300 7456
f 7308 7304 7455
f 7307 7308 7454
f 7303 7307 7453
f 7297 7303 7452
f 7298 7297 7451
f 7301 7298 7450
f 7302 7301 7449
f 7315 7302 7448
f 7316 7315 7447
f 7323 7316 7446
f 7332 7323 7445
f 7333 7332 7444
f 7331 7333 7443
f 7321 7331 7442
f 7322 7321 7441
f 7368 7322 7440
f 7357 7368 7439
f 7358 7357 7438
f 7367 7358 7437
f 7356 7367 7436
f 7354 7356 7435
f 7355 7354 7434
f 7366 7355 7433
f 7346 7366 7432
f 7347 7346 7431
f 7344 7347 7430
f 7345 7344 7429
f 7342 7345 7428
f 7343 7342 7427
f 7340 7343 7426
f 7341 7340 7425
f 7386 7341 7424
f 7387 7386 7423
f 7382 7387 7422
f 7383 7382 7421
f 7385 7383 7420
f 7380 7385 7419
f 7381 7380 7418
f 7379 7381 7417
f 7373 7379 7416
f 7374 7373 7415
f 7388 7374 7414
f 7353 7388 7413
f 7352 7353 7412
f 7329 7352 7411
f 7330 7329 7410
f 7327 7330 7409
f 7328 7327 7408
f 7364 7328 7407
f 7365 7364 7406
f 7338 7365 7405
f 7339 7338 7404
f 7351 7339 7403
f 7349 7351 7402
f 7350 7349 7401
f 7362 7350 7400
f 7363 7362 7399
f 7361 7363 7398
f 7372 7361 7397
f 7370 7372 7396
f 7371 7370 7395
f 7384 7371 7394
f 7377 7384 7393
f 7378 7377 7392
f 7375 7378 7391
f 7376 7375 7389
f 7481 7389 7391
f 7391 7392 7481
f 7392 7393 7481
f 7393 7394 7481
f 7394 7395 7481
f 7395 7396 7481
f 7396 7397 7481
f 7397 7398 7481
f 7398 7399 7481
f 7399 7400 7481
f 7400 7401 7481
f 7401 7402 7481
f 7402 7403 7481
f 7403 7404 7481
f 7404 7405 7481
f 7405 7406 7481
f 7406 7407 7481
f 7407 7408 7481
f 7408 7409 7481
f 7409 7410 7481
f 7410 7411 7481
f 7411 7412 7481
f 7412 7413 7481
f 7413 7414 7481
f 7414 7415 7481
f 7415 7416 7481
f 7416 7417 7481
f 7417 7418 7481
f 7418 7419 7481
f 7419 7420 7481
f 7420 7421 7481
f 7421 7422 7481
f 7422 7423 7481
f 7423 7424 7481
f 7424 7425 7481
f 7425 7426 7481
f 7426 7427 7481
f 7427 7428 7481
f 7428 7429 7481
f 7429 7430 7481
f 7430 7431 7481
f 7431 7432 7481
f 7432 7433 7481
f 7433 7434 7481
f 7434 7435 7481
f 7435 7436 7481
f 7436 7437 7481
f 7437 7438 7481
f 7438 7439 7481
f 7439 7440 7481
f 7440 7441 7481
f 7441 7442 7481
f 7442 7443 7481
f 7443 7444 7481
f 7444 7445 7481
f 7445 7446 7481
f 7446 7447 7481
f 7447 7448 7481
f 7448 7449 7481
f 7449 7450 7481
f 7450 7451 7481
f 7451 7452 7481
f 7452 7453 7481
f 7453 7454 7481
f 7454 7455 7481
f 7455 7456 7481
f 7456 7457 7481
f 7457 7458 7481
f 7458 7459 7481
f 7459 7460 7481
f 7460 7461 7481
f 7461 7462 7481
f 7462 7463 7481
f 7463 7464 7481
f 7464 7465 7481
f 7465 7466 7481
f 7466 7467 7481
f 7467 7468 7481
f 7468 7469 7481
f 7469 7470 7481
f 7470 7471 7481
f 7471 7472 7481
f 7472 7473 7481
f 7473 7474 7481
f 7474 7475 7481
f 7475 7476 7481
f 7476 7477 7481
f 7477 7478 7481
f 7478 7479 7481
f 7479 7480 7481
f 7480 7390 7481
f 7390 7389 7481
f 7482 6228 6229
f 7483 6247 6248
f 7483 6245 6246
f 7483 6243 6244
f 7482 6227 6228
f 7482 6225 6226
f 6246 6247 7483
f 7483 6242 6243
f 7483 6240 6241
f 7482 6230 6231
f 6226 6227 7482
f 7484 6214 6215
f 7485 7486 6188
f 7486 6175 6176
f 7486 7483 6168
f 7483 6256 6257
f 7483 6250 6251
f 6248 6249 7483
f 6241 6242 7483
f 7482 6237 6238
f 6229 6230 7482
f 7482 6222 6223
f 7484 6220 6221
f 6215 6216 7484
f 7484 6212 6213
f 7484 6210 6211
f 7484 6208 6209
f 7485 6197 6198
f 6188 6189 7485
f 7486 6186 6187
f 7486 6184 6185
f 7486 6182 6183
f 7486 6178 6179
f 6176 6177 7486
f 7486 6167 6169
f 7483 6258 6168
f 7483 6255 6256
f 6251 6252 7483
f 6244 6245 7483
f 7483 6238 6239
f 7482 6236 6237
f 7482 6234 6235
f 7482 6232 6233
f 7482 6224 6225
f 7482 6221 6222
f 7484 6219 6220
f 7484 6217 6218
f 6213 6214 7484
f 6209 6210 7484
f 7484 6206 6207
f 7484 7485 6205
f 7485 6203 6204
f 7485 6201 6202
f 7485 6196 6197
f 7485 6194 6195
f 7485 6192 6193
f 7485 6190 6191
f 6187 6188 7486
f 6183 6184 7486
f 7486 6180 6181
f 6177 6178 7486
f 7486 6173 6174
f 7486 6171 6172
f 6169 6170 7486
f 6257 6258 7483
f 6249 6250 7483
f 6238 7483 7482
f 6233 6234 7482
f 6223 6224 7482
f 6218 6219 7484
f 6211 6212 7484
f 6205 6206 7484
f 6202 6203 7485
f 6195 6196 7485
f 6191 6192 7485
f 6185 6186 7486
f 6179 6180 7486
f 6172 6173 7486
f 6168 6167 7486
f 7483 6253 6254
f 6239 6240 7483
f 6231 6232 7482
f 6216 6217 7484
f 6204 6205 7485
f 7485 6199 6200
f 6193 6194 7485
f 6181 6182 7486
f 6170 6171 7486
f 6252 6253 7483
f 6221 7482 7484
f 6200 6201 7485
f 6189 6190 7485
f 6254 6255 7483
f 6207 6208 7484
f 6174 6175 7486
f 6198 6199 7485
f 6235 6236 7482
f 7487 7488 7486
f 7486 7485 7487
f 7489 7490 7482
f 7482 7483 7489
f 7484 7491 7487
f 7487 7485 7484
f 7482 7490 7491
f 7491 7484 7482
f 7490 7492 7493
f 7489 7494 7495
f 7489 7496 7497
f 7489 7498 7499
f 7490 7500 7501
f 7490 7502 7503
f 7493 7504 7490
f 7489 7505 7506
f 7495 7507 7489
f 7499 7496 7489
f 7501 7508 7490
f 7504 7502 7490
f 7490 7509 7510
f 7490 7489 7511
f 7507 7505 7489
f 7489 7512 7498
f 7489 7513 7514
f 7490 7515 7500
f 7510 7492 7490
f 7490 7516 7517
f 7490 7518 7519
f 7511 7520 7490
f 7489 7521 7522
f 7497 7494 7489
f 7489 7523 7513
f 7489 7524 7525
f 7488 7526 7527
f 7491 7528 7529
f 7491 7530 7531
f 7503 7515 7490
f 7519 7516 7490
f 7522 7511 7489
f 7514 7512 7489
f 7525 7532 7489
f 7527 7489 7488
f 7488 7533 7534
f 7531 7528 7491
f 7491 7535 7536
f 7491 7537 7538
f 7491 7490 7539
f 7517 7509 7490
f 7506 7521 7489
f 7527 7524 7489
f 7488 7540 7533
f 7488 7541 7542
f 7488 7543 7544
f 7488 7545 7546
f 7487 7547 7548
f 7536 7530 7491
f 7491 7549 7537
f 7491 7550 7551
f 7539 7552 7491
f 7520 7518 7490
f 7489 7553 7554
f 7534 7526 7488
f 7544 7541 7488
f 7488 7555 7545
f 7488 7556 7557
f 7488 7558 7559
f 7488 7560 7561
f 7488 7548 7562
f 7487 7563 7547
f 7487 7564 7565
f 7487 7566 7567
f 7491 7568 7566
f 7491 7569 7570
f 7538 7535 7491
f 7552 7550 7491
f 7554 7523 7489
f 7542 7540 7488
f 7557 7555 7488
f 7488 7571 7572
f 7561 7558 7488
f 7548 7488 7487
f 7487 7573 7574
f 7567 7564 7487
f 7570 7568 7491
f 7551 7549 7491
f 7532 7553 7489
f 7572 7556 7488
f 7562 7560 7488
f 7487 7575 7576
f 7487 7577 7578
f 7487 7579 7580
f 7574 7581 7487
f 7487 7582 7583
f 7566 7487 7491
f 7508 7539 7490
f 7559 7571 7488
f 7578 7575 7487
f 7581 7579 7487
f 7565 7582 7487
f 7546 7543 7488
f 7580 7577 7487
f 7529 7569 7491
f 7583 7573 7487
f 7576 7563 7487
f 7584 7585 7527
f 7586 7584 7526
f 7587 7586 7534
f 7588 7587 7533
f 7589 7588 7540
f 7590 7589 7542
f 7591 7590 7541
f 7592 7591 7544
f 7593 7592 7543
f 7594 7593 7546
f 7595 7594 7545
f 7596 7595 7555
f 7597 7596 7557
f 7598 7597 7556
f 7599 7598 7572
f 7600 7599 7571
f 7601 7600 7559
f 7602 7601 7558
f 7603 7602 7561
f 7604 7603 7560
f 7605 7604 7562
f 7606 7605 7548
f 7607 7606 7547
f 7608 7607 7563
f 7609 7608 7576
f 7610 7609 7575
f 7611 7610 7578
f 7612 7611 7577
f 7613 7612 7580
f 7614 7613 7579
f 7615 7614 7581
f 7616 7615 7574
f 7617 7616 7573
f 7618 7617 7583
f 7619 7618 7582
f 7620 7619 7565
f 7621 7620 7564
f 7622 7621 7567
f 7623 7622 7566
f 7624 7623 7568
f 7625 7624 7570
f 7626 7625 7569
f 7627 7626 7529
f 7628 7627 7528
f 7629 7628 7531
f 7630 7629 7530
f 7631 7630 7536
f 7632 7631 7535
f 7633 7632 7538
f 7634 7633 7537
f 7635 7634 7549
f 7636 7635 7551
f 7637 7636 7550
f 7638 7637 7552
f 7639 7638 7539
f 7640 7639 7508
f 7641 7640 7501
f 7642 7641 7500
f 7643 7642 7515
f 7644 7643 7503
f 7645 7644 7502
f 7646 7645 7504
f 7647 7646 7493
f 7648 7647 7492
f 7649 7648 7510
f 7650 7649 7509
f 7651 7650 7517
f 7652 7651 7516
f 7653 7652 7519
f 7654 7653 7518
f 7655 7654 7520
f 7656 7655 7511
f 7657 7656 7522
f 7658 7657 7521
f 7659 7658 7506
f 7660 7659 7505
f 7661 7660 7507
f 7662 7661 7495
f 7663 7662 7494
f 7664 7663 7497
f 7665 7664 7496
f 7666 7665 7499
f 7667 7666 7498
f 7668 7667 7512
f 7669 7668 7514
f 7670 7669 7513
f 7671 7670 7523
f 7672 7671 7554
f 7673 7672 7553
f 7674 7673 7532
f 7675 7674 7525
f 7585 7675 7524
f 7524 7527 7585
f 7525 7524 7675
f 7532 7525 7674
f 7553 7532 7673
f 7554 7553 7672
f 7523 7554 7671
f 7513 7523 7670
f 7514 7513 7669
f 7512 7514 7668
f 7498 7512 7667
f 7499 7498 7666
f 7496 7499 7665
f 7497 7496 7664
f 7494 7497 7663
f 7495 7494 7662
f 7507 7495 7661
f 7505 7507 7660
f 7506 7505 7659
f 7521 7506 7658
f 7522 7521 7657
f 7511 7522 7656
f 7520 7511 7655
f 7518 7520 7654
f 7519 7518 7653
f 7516 7519 7652
f 7517 7516 7651
f 7509 7517 7650
f 7510 7509 7649
f 7492 7510 7648
f 7493 7492 7647
f 7504 7493 7646
f 7502 7504 7645
f 7503 7502 7644
f 7515 7503 7643
f 7500 7515 7642
f 7501 7500 7641
f 7508 7501 7640
f 7539 7508 7639
f 7552 7539 7638
f 7550 7552 7637
f 7551 7550 7636
f 7549 7551 7635
f 7537 7549 7634
f 7538 7537 7633
f 7535 7538 7632
f 7536 7535 7631
f 7530 7536 7630
f 7531 7530 7629
f 7528 7531 7628
f 7529 7528 7627
f 7569 7529 7626
f 7570 7569 7625
f 7568 7570 7624
f 7566 7568 7623
f 7567 7566 7622
f 7564 7567 7621
f 7565 7564 7620
f 7582 7565 7619
f 7583 7582 7618
f 7573 7583 7617
f 7574 7573 7616
f 7581 7574 7615
f 7579 7581 7614
f 7580 7579 7613
f 7577 7580 7612
f 7578 7577 7611
f 7575 7578 7610
f 7576 7575 7609
f 7563 7576 7608
f 7547 7563 7607
f 7548 7547 7606
f 7562 7548 7605
f 7560 7562 7604
f 7561 7560 7603
f 7558 7561 7602
f 7559 7558 7601
f 7571 7559 7600
f 7572 7571 7599
f 7556 7572 7598
f 7557 7556 7597
f 7555 7557 7596
f 7545 7555 7595
f 7546 7545 7594
f 7543 7546 7593
f 7544 7543 7592
f 7541 7544 7591
f 7542 7541 7590
f 7540 7542 7589
f 7533 7540 7588
f 7534 7533 7587
f 7526 7534 7586
f 7527 7526 7584
f 7676 7584 7586
f 7586 7587 7676
f 7587 7588 7676
f 7588 7589 7676
f 7589 7590 7676
f 7590 7591 7676
f 7591 7592 7676
f 7592 7593 7676
f 7593 7594 7676
f 7594 7595 7676
f 7595 7596 7676
f 7596 7597 7676
f 7597 7598 7676
f 7598 7599 7676
f 7599 7600 7676
f 7600 7601 7676
f 7601 7602 7676
f 7602 7603 7676
f 7603 7604 7676
f 7604 7605 7676
f 7605 7606 7676
f 7606 7607 7676
f 7607 7608 7676
f 7608 7609 7676
f 7609 7610 7676
f 7610 7611 7676
f 7611 7612 7676
f 7612 7613 7676
f 7613 7614 7676
f 7614 7615 7676
f 7615 7616 7676
f 7616 7617 7676
f 7617 7618 7676
f 7618 7619 7676
f 7619 7620 7676
f 7620 7621 7676
f 7621 7622 7676
f 7622 7623 7676
f 7623 7624 7676
f 7624 7625 7676
f 7625 7626 7676
f 7626 7627 7676
f 7627 7628 7676
f 7628 7629 7676
f 7629 7630 7676
f 7630 7631 7676
f 7631 7632 7676
f 7632 7633 7676
f 7633 7634 7676
f 7634 7635 7676
f 7635 7636 7676
f 7636 7637 7676
f 7637 7638 7676
f 7638 7639 7676
f 7639 7640 7676
f 7640 7641 7676
f 7641 7642 7676
f 7642 7643 7676
f 7643 7644 7676
f 7644 7645 7676
f 7645 7646 7676
f 7646 7647 7676
f 7647 7648 7676
f 7648 7649 7676
f 7649 7650 7676
f 7650 7651 7676
f 7651 7652 7676
f 7652 7653 7676
f 7653 7654 7676
f 7654 7655 7676
f 7655 7656 7676
f 7656 7657 7676
f 7657 7658 7676
f 7658 7659 7676
f 7659 7660 7676
f 7660 7661 7676
f 7661 7662 7676
f 7662 7663 7676
f 7663 7664 7676
f 7664 7665 7676
f 7665 7666 7676
f 7666 7667 7676
f 7667 7668 7676
f 7668 7669 7676
f 7669 7670 7676
f 7670 7671 7676
f 7671 7672 7676
f 7672 7673 7676
f 7673 7674 7676
f 7674 7675 7676
f 7675 7585 7676
f 7585 7584 7676
f 5223 4577 7677
f 7677 7678 5223
f 4579 4771 4776
f 5224 5223 7678
f 5223 5222 4577
f 4776 7679 4579
f 5222 1075 4577
f 7677 4577 4579
f 1202 4576 4573
f 7679 7677 4579
f 1291 1202 1288
f 4573 1175 1202
f 1175 1074 1170
f 1181 1192 1189
f 1192 4773 4771
f 7678 7680 5224
f 1074 4573 4577
f 1202 1291 4576
f 1170 1173 1175
f 1181 4773 1192
f 4771 1296 1192
f 4579 4576 1291
f 4577 1075 1074
f 1175 4573 1074
f 4771 4579 1296
f 1291 1297 4579
f 1288 1289 1291
f 1297 1296 4579
f 1181 1186 4775
f 1186 7486 7488
f 7680 7489 7483
f 1189 1188 1181
f 7488 4775 1186
f 7483 5224 7680
f 4775 4773 1181
f 7483 1186 5225
f 7679 4775 7489
f 1186 7483 7486
f 7680 7679 7489
f 5225 5224 7483
f 4775 7488 7489
f 4776 4775 7679
f 7681 7678 7677
f 7677 7682 7681
f 7680 7683 7684
f 7684 7679 7680
f 7681 6513 6514
f 6514 7678 7681
f 7681 6509 6510
f 7685 7683 6466
f 7678 6516 6517
f 6514 6515 7678
f 7681 6508 6509
f 7681 6503 6504
f 7685 6470 6471
f 7683 6465 6466
f 7683 6462 6463
f 7683 6460 6461
f 6515 6516 7678
f 7681 6507 6508
f 6504 6505 7681
f 7681 6501 6502
f 7685 6473 6474
f 7685 6469 6470
f 7685 6467 6468
f 7683 6464 6465
f 6461 6462 7683
f 7683 6456 6457
f 7680 6455 6456
f 7678 6523 6524
f 6517 6518 7678
f 7681 6506 6507
f 6502 6503 7681
f 7686 6490 6491
f 7686 7685 6481
f 7685 6472 6473
f 6468 6469 7685
f 6463 6464 7683
f 7683 6458 6459
f 6456 7683 7680
f 7680 6453 6454
f 7678 6529 6530
f 6524 6525 7678
f 7678 6521 6522
f 7678 6519 6520
f 7681 6512 6513
f 6505 6506 7681
f 7681 6499 6500
f 7686 6496 6497
f 7686 6493 6494
f 6491 6492 7686
f 7686 6488 6489
f 7686 6486 6487
f 7686 6483 6484
f 6481 6482 7686
f 7685 6479 6480
f 7685 6477 6478
f 6471 6472 7685
f 6459 6460 7683
f 6454 6455 7680
f 7680 6451 6452
f 7678 6528 6529
f 7678 6526 6527
f 6522 6523 7678
f 6518 6519 7678
f 6510 6511 7681
f 7681 6498 6499
f 6497 7681 7686
f 6494 6495 7686
f 6489 6490 7686
f 7686 6485 6486
f 6482 6483 7686
f 6478 6479 7685
f 6466 6467 7685
f 6452 6453 7680
f 7680 6449 6450
f 7680 6447 6448
f 7678 6532 6533
f 6527 6528 7678
f 6520 6521 7678
f 6500 6501 7681
f 6495 6496 7686
f 6487 6488 7686
f 6480 6481 7685
f 6457 6458 7683
f 6448 6449 7680
f 7680 6443 6445
f 7680 7678 6444
f 7678 6531 6532
f 6525 6526 7678
f 6497 6498 7681
f 6484 6485 7686
f 6450 6451 7680
f 6445 6446 7680
f 7678 6534 6444
f 6530 6531 7678
f 6492 6493 7686
f 7685 6475 6476
f 6446 6447 7680
f 6533 6534 7678
f 6476 6477 7685
f 6444 6443 7680
f 6474 6475 7685
f 6511 6512 7681
f 7685 7687 7684
f 7684 7683 7685
f 7686 7688 7687
f 7687 7685 7686
f 7681 7682 7688
f 7688 7686 7681
f 7682 7689 7690
f 7682 7691 7692
f 7682 7693 7689
f 7682 7694 7695
f 7682 7677 7696
f 7690 7691 7682
f 7695 7697 7682
f 7677 7698 7696
f 7682 7699 7693
f 7697 7700 7682
f 7677 7701 7698
f 7677 7702 7703
f 7700 7699 7682
f 7682 7704 7705
f 7703 7701 7677
f 7705 7694 7682
f 7677 7706 7702
f 7682 7707 7708
f 7696 7704 7682
f 7677 7709 7710
f 7677 7711 7712
f 7688 7713 7714
f 7688 7682 7715
f 7708 7716 7682
f 7710 7706 7677
f 7677 7717 7718
f 7677 7719 7711
f 7684 7720 7721
f 7684 7722 7723
f 7688 7724 7725
f 7688 7726 7713
f 7682 7727 7715
f 7692 7707 7682
f 7712 7717 7677
f 7677 7728 7729
f 7679 7684 7730
f 7684 7731 7732
f 7723 7720 7684
f 7687 7733 7734
f 7687 7725 7735
f 7688 7736 7724
f 7688 7737 7738
f 7715 7726 7688
f 7718 7709 7677
f 7677 7739 7740
f 7729 7741 7677
f 7679 7742 7743
f 7732 7730 7684
f 7684 7744 7722
f 7735 7733 7687
f 7738 7736 7688
f 7688 7745 7746
f 7688 7747 7748
f 7716 7727 7682
f 7741 7739 7677
f 7677 7749 7750
f 7679 7751 7752
f 7730 7742 7679
f 7684 7753 7754
f 7684 7755 7744
f 7725 7687 7688
f 7746 7756 7688
f 7688 7757 7758
f 7688 7759 7747
f 7740 7719 7677
f 7750 7760 7677
f 7679 7761 7762
f 7679 7763 7764
f 7679 7765 7766
f 7743 7751 7679
f 7721 7753 7684
f 7687 7767 7768
f 7756 7737 7688
f 7748 7757 7688
f 7760 7728 7677
f 7762 7677 7679
f 7679 7769 7770
f 7766 7763 7679
f 7754 7731 7684
f 7687 7771 7767
f 7687 7772 7773
f 7687 7774 7775
f 7758 7745 7688
f 7762 7749 7677
f 7679 7776 7769
f 7752 7765 7679
f 7773 7771 7687
f 7775 7777 7687
f 7714 7759 7688
f 7764 7776 7679
f 7687 7778 7755
f 7777 7772 7687
f 7687 7779 7780
f 7770 7761 7679
f 7768 7778 7687
f 7734 7779 7687
f 7780 7774 7687
f 7755 7684 7687
f 7781 7782 7762
f 7783 7781 7761
f 7784 7783 7770
f 7785 7784 7769
f 7786 7785 7776
f 7787 7786 7764
f 7788 7787 7763
f 7789 7788 7766
f 7790 7789 7765
f 7791 7790 7752
f 7792 7791 7751
f 7793 7792 7743
f 7794 7793 7742
f 7795 7794 7730
f 7796 7795 7732
f 7797 7796 7731
f 7798 7797 7754
f 7799 7798 7753
f 7800 7799 7721
f 7801 7800 7720
f 7802 7801 7723
f 7803 7802 7722
f 7804 7803 7744
f 7805 7804 7755
f 7806 7805 7778
f 7807 7806 7768
f 7808 7807 7767
f 7809 7808 7771
f 7810 7809 7773
f 7811 7810 7772
f 7812 7811 7777
f 7813 7812 7775
f 7814 7813 7774
f 7815 7814 7780
f 7816 7815 7779
f 7817 7816 7734
f 7818 7817 7733
f 7819 7818 7735
f 7820 7819 7725
f 7821 7820 7724
f 7822 7821 7736
f 7823 7822 7738
f 7824 7823 7737
f 7825 7824 7756
f 7826 7825 7746
f 7827 7826 7745
f 7828 7827 7758
f 7829 7828 7757
f 7830 7829 7748
f 7831 7830 7747
f 7832 7831 7759
f 7833 7832 7714
f 7834 7833 7713
f 7835 7834 7726
f 7836 7835 7715
f 7837 7836 7727
f 7838 7837 7716
f 7839 7838 7708
f 7840 7839 7707
f 7841 7840 7692
f 7842 7841 7691
f 7843 7842 7690
f 7844 7843 7689
f 7845 7844 7693
f 7846 7845 7699
f 7847 7846 7700
f 7848 7847 7697
f 7849 7848 7695
f 7850 7849 7694
f 7851 7850 7705
f 7852 7851 7704
f 7853 7852 7696
f 7854 7853 7698
f 7855 7854 7701
f 7856 7855 7703
f 7857 7856 7702
f 7858 7857 7706
f 7859 7858 7710
f 7860 7859 7709
f 7861 7860 7718
f 7862 7861 7717
f 7863 7862 7712
f 7864 7863 7711
f 7865 7864 7719
f 7866 7865 7740
f 7867 7866 7739
f 7868 7867 7741
f 7869 7868 7729
f 7870 7869 7728
f 7871 7870 7760
f 7872 7871 7750
f 7782 7872 7749
f 7749 7762 7782
f 7750 7749 7872
f 7760 7750 7871
f 7728 7760 7870
f 7729 7728 7869
f 7741 7729 7868
f 7739 7741 7867
f 7740 7739 7866
f 7719 7740 7865
f 7711 7719 7864
f 7712 7711 7863
f 7717 7712 7862
f 7718 7717 7861
f 7709 7718 7860
f 7710 7709 7859
f 7706 7710 7858
f 7702 7706 7857
f 7703 7702 7856
f 7701 7703 7855
f 7698 7701 7854
f 7696 7698 7853
f 7704 7696 7852
f 7705 7704 7851
f 7694 7705 7850
f 7695 7694 7849
f 7697 7695 7848
f 7700 7697 7847
f 7699 7700 7846
f 7693 7699 7845
f 7689 7693 7844
f 7690 7689 7843
f 7691 7690 7842
f 7692 7691 7841
f 7707 7692 7840
f 7708 7707 7839
f 7716 7708 7838
f 7727 7716 7837
f 7715 7727 7836
f 7726 7715 7835
f 7713 7726 7834
f 7714 7713 7833
f 7759 7714 7832
f 7747 7759 7831
f 7748 7747 7830
f 7757 7748 7829
f 7758 7757 7828
f 7745 7758 7827
f 7746 7745 7826
f 7756 7746 7825
f 7737 7756 7824
f 7738 7737 7823
f 7736 7738 7822
f 7724 7736 7821
f 7725 7724 7820
f 7735 7725 7819
f 7733 7735 7818
f 7734 7733 7817
f 7779 7734 7816
f 7780 7779 7815
f 7774 7780 7814
f 7775 7774 7813
f 7777 7775 7812
f 7772 7777 7811
f 7773 7772 7810
f 7771 7773 7809
f 7767 7771 7808
f 7768 7767 7807
f 7778 7768 7806
f 7755 7778 7805
f 7744 7755 7804
f 7722 7744 7803
f 7723 7722 7802
f 7720 7723 7801
f 7721 7720 7800
f 7753 7721 7799
f 7754 7753 7798
f 7731 7754 7797
f 7732 7731 7796
f 7730 7732 7795
f 7742 7730 7794
f 7743 7742 7793
f 7751 7743 7792
f 7752 7751 7791
f 7765 7752 7790
f 7766 7765 7789
f 7763 7766 7788
f 7764 7763 7787
f 7776 7764 7786
f 7769 7776 7785
f 7770 7769 7784
f 7761 7770 7783
f 7762 7761 7781
f 7873 7781 7783
f 7783 7784 7873
f 7784 7785 7873
f 7785 7786 7873
f 7786 7787 7873
f 7787 7788 7873
f 7788 7789 7873
f 7789 7790 7873
f 7790 7791 7873
f 7791 7792 7873
f 7792 7793 7873
f 7793 7794 7873
f 7794 7795 7873
f 7795 7796 7873
f 7796 7797 7873
f 7797 7798 7873
f 7798 7799 7873
f 7799 7800 7873
f 7800 7801 7873
f 7801 7802 7873
f 7802 7803 7873
f 7803 7804 7873
f 7804 7805 7873
f 7805 7806 7873
f 7806 7807 7873
f 7807 7808 7873
f 7808 7809 7873
f 7809 7810 7873
f 7810 7811 7873
f 7811 7812 7873
f 7812 7813 7873
f 7813 7814 7873
f 7814 7815 7873
f 7815 7816 7873
f 7816 7817 7873
f 7817 7818 7873
f 7818 7819 7873
f 7819 7820 7873
f 7820 7821 7873
f 7821 7822 7873
f 7822 7823 7873
f 7823 7824 7873
f 7824 7825 7873
f 7825 7826 7873
f 7826 7827 7873
f 7827 7828 7873
f 7828 7829 7873
f 7829 7830 7873
f 7830 7831 7873
f 7831 7832 7873
f 7832 7833 7873
f 7833 7834 7873
f 7834 7835 7873
f 7835 7836 7873
f 7836 7837 7873
f 7837 7838 7873
f 7838 7839 7873
f 7839 7840 7873
f 7840 7841 7873
f 7841 7842 7873
f 7842 7843 7873
f 7843 7844 7873
f 7844 7845 7873
f 7845 7846 7873
f 7846 7847 7873
f 7847 7848 7873
f 7848 7849 7873
f 7849 7850 7873
f 7850 7851 7873
f 7851 7852 7873
f 7852 7853 7873
f 7853 7854 7873
f 7854 7855 7873
f 7855 7856 7873
f 7856 7857 7873
f 7857 7858 7873
f 7858 7859 7873
f 7859 7860 7873
f 7860 7861 7873
f 7861 7862 7873
f 7862 7863 7873
f 7863 7864 7873
f 7864 7865 7873
f 7865 7866 7873
f 7866 7867 7873
f 7867 7868 7873
f 7868 7869 7873
f 7869 7870 7873
f 7870 7871 7873
f 7871 7872 7873
f 7872 7782 7873
f 7782 7781 7873
