# 
# Wavefront OBJ file
# Created with Kaydara FBX
# 
mtllib osovina_za_zupcanik.mtl

g osovina_za_zupcanik
v 13.292300 -0.038601 0.000000
v 13.288383 0.078552 0.000000
v 13.289363 0.019943 1.602750
v 13.288383 0.078552 1.602750
v 13.304033 -0.155231 0.000000
v 13.297192 -0.097014 1.602750
v 13.292300 -0.038601 1.602750
v 13.323530 -0.270817 0.000000
v 13.312816 -0.213187 1.602750
v 13.304033 -0.155231 1.602750
v 13.350703 -0.384842 0.000000
v 13.336164 -0.328056 1.602750
v 13.323530 -0.270817 1.602750
v 13.385432 -0.496798 0.000000
v 13.367132 -0.441110 1.602750
v 13.350703 -0.384842 1.602750
v 13.427562 -0.606184 0.000000
v 13.405583 -0.551843 1.602750
v 13.385432 -0.496798 1.602750
v 13.476903 -0.712511 0.000000
v 13.451344 -0.659760 1.602750
v 13.427562 -0.606184 1.602750
v 13.533236 -0.815306 0.000000
v 13.504211 -0.764379 1.602750
v 13.476903 -0.712511 1.602750
v 13.596309 -0.914109 0.000000
v 13.563947 -0.865234 1.602750
v 13.533236 -0.815306 1.602750
v 13.665841 -1.008478 0.000000
v 13.630286 -0.961874 1.602750
v 13.596309 -0.914109 1.602750
v 13.665841 -1.008478 1.602750
v 13.702933 -1.053867 1.602750
v 13.741520 -1.097992 0.000000
v 13.823010 -1.182251 0.000000
v 13.781561 -1.140802 1.602750
v 13.741520 -1.097992 1.602750
v 13.909945 -1.260879 0.000000
v 13.865820 -1.222292 1.602750
v 13.823010 -1.182251 1.602750
v 13.909945 -1.260879 1.602750
v 13.955334 -1.297971 1.602750
v 14.001938 -1.333526 0.000000
v 14.001938 -1.333526 1.602750
v 14.049704 -1.367503 1.602750
v 14.098578 -1.399865 0.000000
v 14.098578 -1.399865 1.602750
v 14.148506 -1.430576 1.602750
v 14.199433 -1.459602 0.000000
v 14.199433 -1.459602 1.602750
v 14.251301 -1.486909 1.602750
v 14.304052 -1.512468 0.000000
v 14.411970 -1.558229 0.000000
v 14.357629 -1.536250 1.602750
v 14.304052 -1.512468 1.602750
v 14.522702 -1.596680 0.000000
v 14.467015 -1.578380 1.602750
v 14.411970 -1.558229 1.602750
v 14.635756 -1.627648 0.000000
v 14.578970 -1.613109 1.602750
v 14.522702 -1.596680 1.602750
v 14.750625 -1.650996 0.000000
v 14.692995 -1.640282 1.602750
v 14.635756 -1.627648 1.602750
v 14.750625 -1.650996 1.602750
v 14.808581 -1.659779 1.602750
v 14.866798 -1.666620 0.000000
v 14.866798 -1.666620 1.602750
v 14.925211 -1.671512 1.602750
v 14.983755 -1.674449 0.000000
v 15.100973 -1.674449 0.000000
v 15.042364 -1.675429 0.000000
v 15.042364 -1.675429 1.602750
v 14.983755 -1.674449 1.602750
v 15.217930 -1.666620 0.000000
v 15.159517 -1.671512 1.602750
v 15.100973 -1.674449 1.602750
v 15.217930 -1.666620 1.602750
v 15.276147 -1.659779 1.602750
v 15.334102 -1.650996 0.000000
v 15.334102 -1.650996 1.602750
v 15.391732 -1.640282 1.602750
v 15.448972 -1.627648 0.000000
v 15.562026 -1.596680 0.000000
v 15.505758 -1.613109 1.602750
v 15.448972 -1.627648 1.602750
v 15.672758 -1.558229 0.000000
v 15.617713 -1.578380 1.602750
v 15.562026 -1.596680 1.602750
v 15.672758 -1.558229 1.602750
v 15.727099 -1.536250 1.602750
v 15.780675 -1.512468 0.000000
v 15.780675 -1.512468 1.602750
v 15.833427 -1.486909 1.602750
v 15.885295 -1.459602 0.000000
v 15.885295 -1.459602 1.602750
v 15.936222 -1.430576 1.602750
v 15.986150 -1.399865 0.000000
v 15.986150 -1.399865 1.602750
v 16.035024 -1.367503 1.602750
v 16.082790 -1.333526 0.000000
v 16.082790 -1.333526 1.602750
v 16.129393 -1.297971 1.602750
v 16.174783 -1.260879 0.000000
v 16.174783 -1.260879 1.602750
v 16.218907 -1.222292 1.602750
v 16.261718 -1.182251 0.000000
v 16.343207 -1.097992 0.000000
v 16.303167 -1.140802 1.602750
v 16.261718 -1.182251 1.602750
v 16.418887 -1.008478 0.000000
v 16.381795 -1.053867 1.602750
v 16.343207 -1.097992 1.602750
v 16.488418 -0.914109 0.000000
v 16.454441 -0.961874 1.602750
v 16.418887 -1.008478 1.602750
v 16.551492 -0.815306 0.000000
v 16.520781 -0.865234 1.602750
v 16.488418 -0.914109 1.602750
v 16.551492 -0.815306 1.602750
v 16.580517 -0.764379 1.602750
v 16.607825 -0.712511 0.000000
v 16.657166 -0.606184 0.000000
v 16.633384 -0.659760 1.602750
v 16.607825 -0.712511 1.602750
v 16.657166 -0.606184 1.602750
v 16.679145 -0.551843 1.602750
v 16.699295 -0.496798 0.000000
v 16.699295 -0.496798 1.602750
v 16.717595 -0.441110 1.602750
v 16.734024 -0.384842 0.000000
v 16.734024 -0.384842 1.602750
v 16.748564 -0.328056 1.602750
v 16.761198 -0.270817 0.000000
v 16.761198 -0.270817 1.602750
v 16.771912 -0.213187 1.602750
v 16.780695 -0.155231 0.000000
v 16.792428 -0.038601 0.000000
v 16.787536 -0.097014 1.602750
v 16.780695 -0.155231 1.602750
v 16.792428 -0.038601 1.602750
v 16.795365 0.019943 1.602750
v 16.796345 0.078552 0.000000
v 16.792428 0.195705 0.000000
v 16.795365 0.137161 1.602750
v 16.796345 0.078552 1.602750
v 16.792428 0.195705 1.602750
v 16.787536 0.254118 1.602750
v 16.780695 0.312335 0.000000
v 16.761198 0.427920 0.000000
v 16.771912 0.370290 1.602750
v 16.780695 0.312335 1.602750
v 16.734024 0.541945 0.000000
v 16.748564 0.485160 1.602750
v 16.761198 0.427920 1.602750
v 16.699295 0.653901 0.000000
v 16.717595 0.598213 1.602750
v 16.734024 0.541945 1.602750
v 16.699295 0.653901 1.602750
v 16.679145 0.708946 1.602750
v 16.657166 0.763287 0.000000
v 16.657166 0.763287 1.602750
v 16.633384 0.816863 1.602750
v 16.607825 0.869615 0.000000
v 16.607825 0.869615 1.602750
v 16.580517 0.921483 1.602750
v 16.551492 0.972410 0.000000
v 16.551492 0.972410 1.602750
v 16.520781 1.022338 1.602750
v 16.488418 1.071212 0.000000
v 16.418887 1.165581 0.000000
v 16.454441 1.118978 1.602750
v 16.488418 1.071212 1.602750
v 16.418887 1.165581 1.602750
v 16.381795 1.210971 1.602750
v 16.343207 1.255095 0.000000
v 16.261718 1.339355 0.000000
v 16.303167 1.297906 1.602750
v 16.343207 1.255095 1.602750
v 16.174783 1.417983 0.000000
v 16.218907 1.379395 1.602750
v 16.261718 1.339355 1.602750
v 16.174783 1.417983 1.602750
v 16.129393 1.455075 1.602750
v 16.082790 1.490629 0.000000
v 16.082790 1.490629 1.602750
v 16.035024 1.524606 1.602750
v 15.986150 1.556969 0.000000
v 15.986150 1.556969 1.602750
v 15.936222 1.587680 1.602750
v 15.885295 1.616705 0.000000
v 15.885295 1.616705 1.602750
v 15.833427 1.644013 1.602750
v 15.780675 1.669572 0.000000
v 15.780675 1.669572 1.602750
v 15.727099 1.693354 1.602750
v 15.672758 1.715333 0.000000
v 15.672758 1.715333 1.602750
v 15.617713 1.735483 1.602750
v 15.562026 1.753783 0.000000
v 15.562026 1.753783 1.602750
v 15.505758 1.770212 1.602750
v 15.448972 1.784752 0.000000
v 15.448972 1.784752 1.602750
v 15.391732 1.797386 1.602750
v 15.334102 1.808100 0.000000
v 15.217930 1.823724 0.000000
v 15.276147 1.816883 1.602750
v 15.334102 1.808100 1.602750
v 15.100973 1.831553 0.000000
v 15.159517 1.828616 1.602750
v 15.217930 1.823724 1.602750
v 14.983755 1.831553 0.000000
v 15.042364 1.832533 1.602750
v 15.100973 1.831553 1.602750
v 14.983755 1.831553 1.602750
v 14.925211 1.828616 1.602750
v 14.866798 1.823724 0.000000
v 14.866798 1.823724 1.602750
v 14.808581 1.816883 1.602750
v 14.750625 1.808100 0.000000
v 14.635756 1.784752 0.000000
v 14.692995 1.797386 1.602750
v 14.750625 1.808100 1.602750
v 14.522702 1.753783 0.000000
v 14.578970 1.770212 1.602750
v 14.635756 1.784752 1.602750
v 14.411970 1.715333 0.000000
v 14.467015 1.735483 1.602750
v 14.522702 1.753783 1.602750
v 14.304052 1.669572 0.000000
v 14.357629 1.693354 1.602750
v 14.411970 1.715333 1.602750
v 14.199433 1.616705 0.000000
v 14.251301 1.644013 1.602750
v 14.304052 1.669572 1.602750
v 14.098578 1.556969 0.000000
v 14.148506 1.587680 1.602750
v 14.199433 1.616705 1.602750
v 14.098578 1.556969 1.602750
v 14.049704 1.524606 1.602750
v 14.001938 1.490629 0.000000
v 14.001938 1.490629 1.602750
v 13.955334 1.455075 1.602750
v 13.909945 1.417983 0.000000
v 13.823010 1.339355 0.000000
v 13.865820 1.379395 1.602750
v 13.909945 1.417983 1.602750
v 13.823010 1.339355 1.602750
v 13.781561 1.297906 1.602750
v 13.741520 1.255095 0.000000
v 13.665841 1.165581 0.000000
v 13.702933 1.210971 1.602750
v 13.741520 1.255095 1.602750
v 13.665841 1.165581 1.602750
v 13.630286 1.118978 1.602750
v 13.596309 1.071212 0.000000
v 13.533236 0.972410 0.000000
v 13.563947 1.022338 1.602750
v 13.596309 1.071212 1.602750
v 13.533236 0.972410 1.602750
v 13.504211 0.921483 1.602750
v 13.476903 0.869615 0.000000
v 13.427562 0.763287 0.000000
v 13.451344 0.816863 1.602750
v 13.476903 0.869615 1.602750
v 13.427562 0.763287 1.602750
v 13.405583 0.708946 1.602750
v 13.385432 0.653901 0.000000
v 13.350703 0.541945 0.000000
v 13.367132 0.598213 1.602750
v 13.385432 0.653901 1.602750
v 13.350703 0.541945 1.602750
v 13.336164 0.485160 1.602750
v 13.323530 0.427920 0.000000
v 13.304033 0.312335 0.000000
v 13.312816 0.370290 1.602750
v 13.323530 0.427920 1.602750
v 13.292300 0.195705 0.000000
v 13.297192 0.254118 1.602750
v 13.304033 0.312335 1.602750
v 13.289363 0.137161 1.602750
v 13.292300 0.195705 1.602750
v 18.193595 0.078552 3.000000
v 18.191835 0.183850 3.000000
v 18.186558 0.289031 3.000000
v 18.177769 0.393976 3.000000
v 18.165478 0.498570 3.000000
v 18.149699 0.602694 3.000000
v 18.130449 0.706233 3.000000
v 18.107751 0.809071 3.000000
v 18.081629 0.911092 3.000000
v 18.052112 1.012184 3.000000
v 18.019234 1.112234 3.000000
v 17.983031 1.211129 3.000000
v 17.943544 1.308758 3.000000
v 17.900817 1.405014 3.000000
v 17.854897 1.499789 3.000000
v 17.805835 1.592976 3.000000
v 17.753688 1.684471 3.000000
v 17.698512 1.774173 3.000000
v 17.640369 1.861982 3.000000
v 17.579325 1.947798 3.000000
v 17.515448 2.031527 3.000000
v 17.448808 2.113074 3.000000
v 17.379481 2.192349 3.000000
v 17.307543 2.269264 3.000000
v 17.233076 2.343731 3.000000
v 17.156161 2.415669 3.000000
v 17.076886 2.484996 3.000000
v 16.995339 2.551636 3.000000
v 16.911610 2.615513 3.000000
v 16.825794 2.676557 3.000000
v 16.737986 2.734700 3.000000
v 16.648284 2.789876 3.000000
v 16.556788 2.842023 3.000000
v 16.463601 2.891085 3.000000
v 16.368826 2.937005 3.000000
v 16.272571 2.979732 3.000000
v 16.174941 3.019219 3.000000
v 16.076046 3.055422 3.000000
v 15.975997 3.088300 3.000000
v 15.874905 3.117817 3.000000
v 15.772883 3.143939 3.000000
v 15.670045 3.166637 3.000000
v 15.566506 3.185887 3.000000
v 15.462382 3.201666 3.000000
v 15.357788 3.213956 3.000000
v 15.252843 3.222745 3.000000
v 15.147662 3.228023 3.000000
v 15.042364 3.229783 3.000000
v 14.937066 3.228023 3.000000
v 14.831885 3.222745 3.000000
v 14.726939 3.213956 3.000000
v 14.622346 3.201666 3.000000
v 14.518222 3.185887 3.000000
v 14.414683 3.166637 3.000000
v 14.311845 3.143939 3.000000
v 14.209823 3.117817 3.000000
v 14.108731 3.088300 3.000000
v 14.008682 3.055422 3.000000
v 13.909787 3.019219 3.000000
v 13.812157 2.979732 3.000000
v 13.715901 2.937005 3.000000
v 13.621127 2.891085 3.000000
v 13.527940 2.842023 3.000000
v 13.436444 2.789876 3.000000
v 13.346742 2.734700 3.000000
v 13.258934 2.676557 3.000000
v 13.173118 2.615513 3.000000
v 13.089389 2.551636 3.000000
v 13.007842 2.484996 3.000000
v 12.928566 2.415669 3.000000
v 12.851652 2.343731 3.000000
v 12.777185 2.269264 3.000000
v 12.705247 2.192349 3.000000
v 12.635920 2.113074 3.000000
v 12.569280 2.031527 3.000000
v 12.505402 1.947798 3.000000
v 12.444358 1.861982 3.000000
v 12.386216 1.774173 3.000000
v 12.331040 1.684471 3.000000
v 12.278892 1.592976 3.000000
v 12.229831 1.499789 3.000000
v 12.183911 1.405014 3.000000
v 12.141184 1.308758 3.000000
v 12.101696 1.211129 3.000000
v 12.065494 1.112234 3.000000
v 12.032616 1.012184 3.000000
v 12.003099 0.911092 3.000000
v 11.976977 0.809071 3.000000
v 11.954278 0.706233 3.000000
v 11.935029 0.602694 3.000000
v 11.919250 0.498570 3.000000
v 11.906959 0.393976 3.000000
v 11.898170 0.289031 3.000000
v 11.892893 0.183850 3.000000
v 11.891133 0.078552 3.000000
v 11.892893 -0.026747 3.000000
v 11.898170 -0.131927 3.000000
v 11.906959 -0.236873 3.000000
v 11.919250 -0.341466 3.000000
v 11.935029 -0.445590 3.000000
v 11.954278 -0.549129 3.000000
v 11.976977 -0.651967 3.000000
v 12.003099 -0.753989 3.000000
v 12.032616 -0.855081 3.000000
v 12.065494 -0.955130 3.000000
v 12.101696 -1.054025 3.000000
v 12.141184 -1.151655 3.000000
v 12.183911 -1.247911 3.000000
v 12.229831 -1.342685 3.000000
v 12.278892 -1.435872 3.000000
v 12.331040 -1.527368 3.000000
v 12.386216 -1.617070 3.000000
v 12.444358 -1.704878 3.000000
v 12.505402 -1.790694 3.000000
v 12.569280 -1.874423 3.000000
v 12.635920 -1.955971 3.000000
v 12.705247 -2.035246 3.000000
v 12.777185 -2.112160 3.000000
v 12.851652 -2.186628 3.000000
v 12.928566 -2.258565 3.000000
v 13.007842 -2.327893 3.000000
v 13.089389 -2.394532 3.000000
v 13.173118 -2.458410 3.000000
v 13.258934 -2.519454 3.000000
v 13.346742 -2.577596 3.000000
v 13.436444 -2.632772 3.000000
v 13.527940 -2.684920 3.000000
v 13.621127 -2.733981 3.000000
v 13.715901 -2.779901 3.000000
v 13.812157 -2.822628 3.000000
v 13.909787 -2.862116 3.000000
v 14.008682 -2.898319 3.000000
v 14.108731 -2.931197 3.000000
v 14.209823 -2.960713 3.000000
v 14.311845 -2.986835 3.000000
v 14.414683 -3.009534 3.000000
v 14.518222 -3.028783 3.000000
v 14.622346 -3.044562 3.000000
v 14.726939 -3.056853 3.000000
v 14.831885 -3.065642 3.000000
v 14.937066 -3.070919 3.000000
v 15.042364 -3.072679 3.000000
v 15.147662 -3.070919 3.000000
v 15.252843 -3.065642 3.000000
v 15.357788 -3.056853 3.000000
v 15.462382 -3.044562 3.000000
v 15.566506 -3.028783 3.000000
v 15.670045 -3.009534 3.000000
v 15.772883 -2.986835 3.000000
v 15.874905 -2.960713 3.000000
v 15.975997 -2.931197 3.000000
v 16.076046 -2.898319 3.000000
v 16.174941 -2.862116 3.000000
v 16.272571 -2.822628 3.000000
v 16.368826 -2.779901 3.000000
v 16.463601 -2.733981 3.000000
v 16.556788 -2.684920 3.000000
v 16.648284 -2.632772 3.000000
v 16.737986 -2.577596 3.000000
v 16.825794 -2.519454 3.000000
v 16.911610 -2.458410 3.000000
v 16.995339 -2.394532 3.000000
v 17.076886 -2.327893 3.000000
v 17.156161 -2.258565 3.000000
v 17.233076 -2.186628 3.000000
v 17.307543 -2.112160 3.000000
v 17.379481 -2.035246 3.000000
v 17.448808 -1.955971 3.000000
v 17.515448 -1.874423 3.000000
v 17.579325 -1.790694 3.000000
v 17.640369 -1.704878 3.000000
v 17.698512 -1.617070 3.000000
v 17.753688 -1.527368 3.000000
v 17.805835 -1.435872 3.000000
v 17.854897 -1.342685 3.000000
v 17.900817 -1.247911 3.000000
v 17.943544 -1.151655 3.000000
v 17.983031 -1.054025 3.000000
v 18.019234 -0.955130 3.000000
v 18.052112 -0.855081 3.000000
v 18.081629 -0.753989 3.000000
v 18.107751 -0.651967 3.000000
v 18.130449 -0.549129 3.000000
v 18.149699 -0.445590 3.000000
v 18.165478 -0.341466 3.000000
v 18.177769 -0.236873 3.000000
v 18.186558 -0.131927 3.000000
v 18.191835 -0.026747 3.000000
v 12.353883 2.995639 3.000000
v 12.223526 2.874636 3.000000
v 12.098676 2.747958 3.000000
v 11.979582 2.615855 3.000000
v 11.866478 2.478588 3.000000
v 17.772878 4.459980 3.000000
v 13.079482 -3.499475 3.000000
v 13.237144 -3.581800 3.000000
v 13.398309 -3.657036 3.000000
v 12.489491 3.110727 3.000000
v 18.069688 3.041876 3.000000
v 18.002351 3.417891 3.000000
v 17.927191 3.792420 3.000000
v 12.925085 3.418290 3.000000
v 12.775374 3.322262 3.000000
v 12.630081 3.219673 3.000000
v 11.759587 2.336429 3.000000
v 11.659122 2.189659 3.000000
v 11.565281 2.038568 3.000000
v 11.478249 1.883454 3.000000
v 11.398199 1.724625 3.000000
v 11.478552 -1.875619 3.000000
v 11.565609 -2.030719 3.000000
v 11.659475 -2.181795 3.000000
v 12.630599 -3.211652 3.000000
v 12.775910 -3.314217 3.000000
v 12.925636 -3.410221 3.000000
v 13.562660 -3.725033 3.000000
v 13.729871 -3.785656 3.000000
v 13.899612 -3.838786 3.000000
v 14.071547 -3.884318 3.000000
v 14.245336 -3.922162 3.000000
v 17.775043 -4.451344 3.000000
v 17.844240 4.165301 3.000000
v 14.419997 3.960553 3.000000
v 14.244702 3.930444 3.000000
v 14.070919 3.892572 3.000000
v 13.729260 3.793855 3.000000
v 13.562058 3.733204 3.000000
v 13.397719 3.665181 3.000000
v 11.325288 1.562395 3.000000
v 11.072369 0.711644 3.000000
v 11.044812 0.535930 3.000000
v 14.420635 -3.952243 3.000000
v 13.898992 3.847012 3.000000
v 13.236565 3.589919 3.000000
v 13.078917 3.507568 3.000000
v 11.025094 0.359165 3.000000
v 11.013282 -0.173937 3.000000
v 11.025151 -0.351403 3.000000
v 11.044898 -0.528164 3.000000
v 11.072483 -0.703874 3.000000
v 11.107852 -0.878183 3.000000
v 11.759964 -2.328549 3.000000
v 12.099119 -2.740023 3.000000
v 12.223989 -2.866681 3.000000
v 12.354366 -2.987662 3.000000
v 12.489992 -3.102729 3.000000
v 17.844240 -4.165301 3.000000
v 18.129171 2.664540 3.000000
v 11.259662 1.397083 3.000000
v 11.201449 1.229018 3.000000
v 11.150765 1.058530 3.000000
v 11.107710 0.885959 3.000000
v 11.013253 0.181698 3.000000
v 11.009313 0.003880 3.000000
v 11.150935 -1.050748 3.000000
v 11.259887 -1.389283 3.000000
v 11.325540 -1.554584 3.000000
v 11.866877 -2.470690 3.000000
v 11.980003 -2.607939 3.000000
v 18.288111 1.145262 3.000000
v 18.260263 1.526242 3.000000
v 11.201647 -1.221227 3.000000
v 18.069688 -3.041876 3.000000
v 18.129171 -2.664540 3.000000
v 18.180776 -2.286046 3.000000
v 18.308011 0.763785 3.000000
v 18.180776 2.286046 3.000000
v 11.398477 -1.716803 3.000000
v 17.927191 -3.792420 3.000000
v 18.002351 -3.417891 3.000000
v 18.224480 -1.906558 3.000000
v 18.260263 -1.526242 3.000000
v 18.224480 1.906558 3.000000
v 18.288111 -1.145262 3.000000
v 18.308011 -0.763785 3.000000
v 18.319954 -0.381975 3.000000
v 18.323936 0.000000 3.000000
v 18.319954 0.381975 3.000000
v 17.772878 4.459980 15.000000
v 14.419997 3.960553 15.000000
v 14.245336 -3.922162 15.000000
v 14.420635 -3.952243 15.000000
v 14.071547 -3.884318 15.000000
v 13.899612 -3.838786 15.000000
v 13.729871 -3.785656 15.000000
v 13.562660 -3.725033 15.000000
v 13.398309 -3.657036 15.000000
v 13.237144 -3.581800 15.000000
v 13.079482 -3.499475 15.000000
v 12.925636 -3.410221 15.000000
v 12.775910 -3.314217 15.000000
v 12.630599 -3.211652 15.000000
v 12.489992 -3.102729 15.000000
v 12.354366 -2.987662 15.000000
v 12.223989 -2.866681 15.000000
v 12.099119 -2.740023 15.000000
v 11.980003 -2.607939 15.000000
v 11.866877 -2.470690 15.000000
v 11.759964 -2.328549 15.000000
v 11.659475 -2.181795 15.000000
v 11.565609 -2.030719 15.000000
v 11.478552 -1.875619 15.000000
v 11.398477 -1.716803 15.000000
v 11.325540 -1.554584 15.000000
v 11.259887 -1.389283 15.000000
v 11.201647 -1.221227 15.000000
v 11.150935 -1.050748 15.000000
v 11.107852 -0.878183 15.000000
v 11.072483 -0.703874 15.000000
v 11.044898 -0.528164 15.000000
v 11.025151 -0.351403 15.000000
v 11.013282 -0.173937 15.000000
v 11.009313 0.003880 15.000000
v 11.013253 0.181698 15.000000
v 11.025094 0.359165 15.000000
v 11.044812 0.535930 15.000000
v 11.072369 0.711644 15.000000
v 11.107710 0.885959 15.000000
v 11.150765 1.058530 15.000000
v 11.201449 1.229018 15.000000
v 11.259662 1.397083 15.000000
v 11.325288 1.562395 15.000000
v 11.398199 1.724625 15.000000
v 11.478249 1.883454 15.000000
v 11.565281 2.038568 15.000000
v 11.659122 2.189659 15.000000
v 11.759587 2.336429 15.000000
v 11.866478 2.478588 15.000000
v 11.979582 2.615855 15.000000
v 12.098676 2.747958 15.000000
v 12.223526 2.874636 15.000000
v 12.353883 2.995639 15.000000
v 12.489491 3.110727 15.000000
v 12.630081 3.219673 15.000000
v 12.775374 3.322262 15.000000
v 12.925085 3.418290 15.000000
v 13.078917 3.507568 15.000000
v 13.236565 3.589919 15.000000
v 13.397719 3.665181 15.000000
v 13.562058 3.733204 15.000000
v 13.729260 3.793855 15.000000
v 13.898992 3.847012 15.000000
v 14.070919 3.892572 15.000000
v 14.244702 3.930444 15.000000
v 17.775043 -4.451344 15.000000
v 10.524572 15.000000 0.000000
v 10.524572 15.000000 15.000000
v 10.834971 14.777348 15.000000
v 10.834971 14.777348 0.000000
v 11.140661 14.548275 15.000000
v 11.140661 14.548275 0.000000
v 11.441509 14.312879 15.000000
v 11.441509 14.312879 0.000000
v 11.737385 14.071262 15.000000
v 11.737385 14.071262 0.000000
v 12.028160 13.823531 15.000000
v 12.028160 13.823531 0.000000
v 12.313707 13.569791 15.000000
v 12.313707 13.569791 0.000000
v 12.593903 13.310155 15.000000
v 12.593903 13.310155 0.000000
v 12.868626 13.044734 15.000000
v 12.868626 13.044734 0.000000
v 13.137757 12.773644 15.000000
v 13.137757 12.773644 0.000000
v 13.401177 12.497002 15.000000
v 13.401177 12.497002 0.000000
v 13.658774 12.214930 15.000000
v 13.658774 12.214930 0.000000
v 13.910435 11.927549 15.000000
v 13.910435 11.927549 0.000000
v 14.156050 11.634984 15.000000
v 14.156050 11.634984 0.000000
v 14.395514 11.337363 15.000000
v 14.395514 11.337363 0.000000
v 14.628721 11.034815 15.000000
v 14.628721 11.034815 0.000000
v 14.855571 10.727471 15.000000
v 14.855571 10.727471 0.000000
v 15.075964 10.415465 15.000000
v 15.075964 10.415465 0.000000
v 15.289806 10.098933 15.000000
v 15.289806 10.098933 0.000000
v 15.497003 9.778012 15.000000
v 15.497003 9.778012 0.000000
v 15.697465 9.452841 15.000000
v 15.697465 9.452841 0.000000
v 15.891105 9.123563 15.000000
v 15.891105 9.123563 0.000000
v 16.077839 8.790319 15.000000
v 16.077839 8.790319 0.000000
v 16.257586 8.453255 15.000000
v 16.257586 8.453255 0.000000
v 16.430267 8.112517 15.000000
v 16.430267 8.112517 0.000000
v 16.595808 7.768254 15.000000
v 16.595808 7.768254 0.000000
v 16.754137 7.420615 15.000000
v 16.754137 7.420615 0.000000
v 16.905184 7.069750 15.000000
v 16.905184 7.069750 0.000000
v 17.048885 6.715814 15.000000
v 17.048885 6.715814 0.000000
v 17.185176 6.358958 15.000000
v 17.185176 6.358958 0.000000
v 17.313999 5.999340 15.000000
v 17.313999 5.999340 0.000000
v 17.435297 5.637114 15.000000
v 17.435297 5.637114 0.000000
v 17.549018 5.272438 15.000000
v 17.549018 5.272438 0.000000
v 17.655112 4.905470 15.000000
v 17.655112 4.905470 0.000000
v 17.753534 4.536371 15.000000
v 17.753534 -4.536371 0.000000
v 17.753534 -4.536371 15.000000
v 17.655112 -4.905470 15.000000
v 17.655112 -4.905470 0.000000
v 17.549018 -5.272438 15.000000
v 17.549018 -5.272438 0.000000
v 17.435297 -5.637114 15.000000
v 17.435297 -5.637114 0.000000
v 17.313999 -5.999340 15.000000
v 17.313999 -5.999340 0.000000
v 17.185176 -6.358958 15.000000
v 17.185176 -6.358958 0.000000
v 17.048885 -6.715814 15.000000
v 17.048885 -6.715814 0.000000
v 16.905184 -7.069750 15.000000
v 16.905184 -7.069750 0.000000
v 16.754137 -7.420615 15.000000
v 16.754137 -7.420615 0.000000
v 16.595808 -7.768254 15.000000
v 16.595808 -7.768254 0.000000
v 16.430267 -8.112517 15.000000
v 16.430267 -8.112517 0.000000
v 16.257586 -8.453255 15.000000
v 16.257586 -8.453255 0.000000
v 16.077839 -8.790319 15.000000
v 16.077839 -8.790319 0.000000
v 15.891105 -9.123563 15.000000
v 15.891105 -9.123563 0.000000
v 15.697465 -9.452841 15.000000
v 15.697465 -9.452841 0.000000
v 15.497003 -9.778012 15.000000
v 15.497003 -9.778012 0.000000
v 15.289806 -10.098933 15.000000
v 15.289806 -10.098933 0.000000
v 15.075964 -10.415465 15.000000
v 15.075964 -10.415465 0.000000
v 14.855571 -10.727471 15.000000
v 14.855571 -10.727471 0.000000
v 14.628721 -11.034815 15.000000
v 14.628721 -11.034815 0.000000
v 14.395514 -11.337363 15.000000
v 14.395514 -11.337363 0.000000
v 14.156050 -11.634984 15.000000
v 14.156050 -11.634984 0.000000
v 13.910435 -11.927549 15.000000
v 13.910435 -11.927549 0.000000
v 13.658774 -12.214930 15.000000
v 13.658774 -12.214930 0.000000
v 13.401177 -12.497002 15.000000
v 13.401177 -12.497002 0.000000
v 13.137757 -12.773644 15.000000
v 13.137757 -12.773644 0.000000
v 12.868626 -13.044734 15.000000
v 12.868626 -13.044734 0.000000
v 12.593903 -13.310155 15.000000
v 12.593903 -13.310155 0.000000
v 12.313707 -13.569791 15.000000
v 12.313707 -13.569791 0.000000
v 12.028160 -13.823531 15.000000
v 12.028160 -13.823531 0.000000
v 11.737385 -14.071262 15.000000
v 11.737385 -14.071262 0.000000
v 11.441509 -14.312879 15.000000
v 11.441509 -14.312879 0.000000
v 11.140661 -14.548275 15.000000
v 11.140661 -14.548275 0.000000
v 10.834971 -14.777348 15.000000
v 10.834971 -14.777348 0.000000
v 10.524572 -15.000000 15.000000
v 17.844240 4.165301 0.000000
v 17.753534 4.536371 0.000000
v 17.927191 3.792420 0.000000
v 18.002351 3.417891 0.000000
v 18.069688 3.041876 0.000000
v 18.129171 2.664540 0.000000
v 18.180776 2.286046 0.000000
v 18.224480 1.906558 0.000000
v 18.260263 1.526242 0.000000
v 18.288111 1.145262 0.000000
v 18.308011 0.763785 0.000000
v 18.319954 0.381975 0.000000
v 18.323936 0.000000 0.000000
v 18.319954 -0.381975 0.000000
v 18.308011 -0.763785 0.000000
v 18.288111 -1.145262 0.000000
v 18.260263 -1.526242 0.000000
v 18.224480 -1.906558 0.000000
v 18.180776 -2.286046 0.000000
v 18.129171 -2.664540 0.000000
v 18.069688 -3.041876 0.000000
v 18.002351 -3.417891 0.000000
v 17.927191 -3.792420 0.000000
v 17.844240 -4.165301 0.000000
v 10.524572 -15.000000 0.000000
v -10.524572 15.000000 0.000000
v -10.524572 15.000000 15.000000
v -10.524572 -15.000000 15.000000
v -10.524572 -15.000000 0.000000
v -1.194608 9.928389 -0.000000
v -1.473837 9.890794 -0.000000
v 0.211302 9.997767 -0.000000
v -0.070439 9.999752 -0.000000
v 1.054625 9.944233 -0.000000
v 0.774057 9.969997 -0.000000
v 1.613026 9.869050 -0.000000
v 1.334355 9.910575 -0.000000
v -6.313255 7.755180 -0.000000
v -13.964748 1.421897 0.000000
v -14.061772 1.488501 0.000000
v -1.751895 9.845347 -0.000000
v 0.492875 9.987846 -0.000000
v 2.712710 9.625030 -0.000000
v 2.440477 9.697632 -0.000000
v 5.281925 8.491247 -0.000000
v 5.040613 8.636679 -0.000000
v -6.092270 7.929959 -0.000000
v -5.401020 8.415996 -0.000000
v -5.635972 8.260498 -0.000000
v -4.420254 8.970025 -0.000000
v -4.671203 8.841937 -0.000000
v -3.383402 9.410238 -0.000000
v -3.647165 9.311186 -0.000000
v -0.914432 9.958103 -0.000000
v -0.352124 9.993799 -0.000000
v -0.633529 9.979912 -0.000000
v 2.166306 9.762536 -0.000000
v 4.293452 9.031405 -0.000000
v 4.037315 9.148775 -0.000000
v 4.795300 8.775255 -0.000000
v -5.866449 8.098443 -0.000000
v -5.161781 8.564813 -0.000000
v -4.165797 9.090992 -0.000000
v -3.908032 9.204743 -0.000000
v -2.576849 9.662290 -0.000000
v -2.848032 9.585860 -0.000000
v -2.028563 9.792085 -0.000000
v -2.303620 9.731050 -0.000000
v 2.982789 9.544788 -0.000000
v 3.777973 9.258883 -0.000000
v 4.546180 8.906865 -0.000000
v -15.185577 1.756317 0.000000
v -15.302212 1.740631 0.000000
v -16.430267 8.112517 0.000000
v -4.918444 8.706831 -0.000000
v -3.116954 9.501821 -0.000000
v 1.890416 9.819691 -0.000000
v 3.515632 9.361641 -0.000000
v 3.250501 9.456968 -0.000000
v 6.421879 7.665473 -0.000000
v -15.417539 1.717190 0.000000
v -16.754137 7.420615 0.000000
v -16.257586 8.453255 0.000000
v -14.950471 1.764178 0.000000
v -15.068155 1.764178 0.000000
v -15.289806 10.098933 0.000000
v 5.751781 8.180282 -0.000000
v 5.519044 8.339074 -0.000000
v -16.595808 7.768254 0.000000
v -16.077839 8.790319 0.000000
v -15.697465 9.452841 0.000000
v -15.497003 9.778012 0.000000
v -15.891105 9.123563 0.000000
v -15.075964 10.415465 0.000000
v -14.833049 1.756317 0.000000
v -14.395514 11.337363 0.000000
v -14.156050 11.634984 0.000000
v -14.628721 11.034815 0.000000
v -14.716414 1.740631 0.000000
v -13.910435 11.927549 0.000000
v -14.601087 1.717190 0.000000
v -12.313707 13.569791 0.000000
v -12.028160 13.823531 0.000000
v 5.979953 8.014996 -0.000000
v 6.203378 7.843348 -0.000000
v -15.531042 1.686098 0.000000
v -15.642215 1.647495 0.000000
v -17.313999 5.999340 0.000000
v -17.048885 6.715814 0.000000
v -14.855571 10.727471 0.000000
v -13.401177 12.497002 0.000000
v -13.137757 12.773644 0.000000
v -13.658774 12.214930 0.000000
v -12.593903 13.310155 0.000000
v -12.868626 13.044734 0.000000
v -15.750562 1.601552 0.000000
v -17.549018 5.272438 0.000000
v -17.185176 6.358958 0.000000
v -16.905184 7.069750 0.000000
v -6.529228 7.574245 -0.000000
v -7.710518 -6.367725 -0.000000
v -7.528066 -6.582418 -0.000000
v -17.435297 5.637114 0.000000
v -11.737385 14.071262 0.000000
v -14.487584 1.686098 0.000000
v -13.872389 1.348962 0.000000
v 1.613026 -9.869050 -0.000000
v 1.890416 -9.819691 -0.000000
v -6.313255 -7.755180 -0.000000
v -6.092270 -7.929959 -0.000000
v -7.339638 -6.791886 -0.000000
v -7.145384 -6.995962 -0.000000
v -7.886849 -6.147977 -0.000000
v -8.220594 -5.694018 -0.000000
v -8.056919 -5.923348 -0.000000
v -14.487584 -1.677693 0.000000
v -8.938667 -4.483328 -0.000000
v -15.855598 1.548475 0.000000
v -15.956854 1.488501 0.000000
v -17.753534 4.536371 0.000000
v -17.655112 4.905470 0.000000
v -11.140661 14.548275 0.000000
v -10.834971 14.777348 0.000000
v -11.441509 14.312879 0.000000
v -14.268064 1.601552 0.000000
v -14.376411 1.647495 0.000000
v 2.166306 -9.762536 -0.000000
v 0.774057 -9.969997 -0.000000
v 1.054625 -9.944233 -0.000000
v -5.866449 -8.098443 -0.000000
v -5.635972 -8.260498 -0.000000
v -6.529228 -7.574245 -0.000000
v -6.945458 -7.194485 -0.000000
v -6.740018 -7.387297 -0.000000
v -8.377743 -5.460167 -0.000000
v -8.808815 -4.733369 -0.000000
v -8.671970 -4.979652 -0.000000
v -9.061423 -4.229729 -0.000000
v -14.163028 1.548475 0.000000
v 6.421879 -7.665473 -0.000000
v 2.440477 -9.697632 -0.000000
v 2.712710 -9.625030 -0.000000
v 1.334355 -9.910575 -0.000000
v 0.492875 -9.987846 -0.000000
v -0.070439 -9.999752 -0.000000
v -1.473837 -9.890794 -0.000000
v -1.194608 -9.928389 -0.000000
v -3.116954 -9.501821 -0.000000
v -2.848032 -9.585860 -0.000000
v -4.165797 -9.090992 -0.000000
v -3.908032 -9.204743 -0.000000
v -8.528241 -5.221982 -0.000000
v -9.479629 -3.183807 -0.000000
v -9.386173 -3.449603 -0.000000
v -9.643899 -2.644845 -0.000000
v -9.565561 -2.915483 -0.000000
v -13.785108 1.270021 0.000000
v 6.203378 -7.843348 -0.000000
v 3.250501 -9.456968 -0.000000
v 3.515632 -9.361641 -0.000000
v 2.982789 -9.544788 -0.000000
v 0.211302 -9.997767 -0.000000
v -0.633529 -9.979912 -0.000000
v -0.352124 -9.993799 -0.000000
v -0.914432 -9.958103 -0.000000
v -2.028563 -9.792085 -0.000000
v -1.751895 -9.845347 -0.000000
v -2.576849 -9.662290 -0.000000
v -2.303620 -9.731050 -0.000000
v -3.383402 -9.410238 -0.000000
v -3.647165 -9.311186 -0.000000
v -4.671203 -8.841937 -0.000000
v -4.420254 -8.970025 -0.000000
v -9.285265 -3.712661 -0.000000
v -9.176987 -3.972772 -0.000000
v -14.950471 -1.755773 0.000000
v -14.855571 -10.727471 0.000000
v -15.075964 -10.415465 0.000000
v -15.009313 -1.756756 0.000000
v -15.289806 -10.098933 0.000000
v -15.497003 -9.778012 0.000000
v 9.232042 3.843098 -0.000000
v 9.120110 4.101657 -0.000000
v 9.433837 3.317034 -0.000000
v 9.336645 3.581487 -0.000000
v 8.453831 5.341605 -0.000000
v 5.979953 -8.014996 -0.000000
v 3.777973 -9.258883 -0.000000
v 4.037315 -9.148775 -0.000000
v -4.918444 -8.706831 -0.000000
v -5.401020 -8.415996 -0.000000
v -5.161781 -8.564813 -0.000000
v -9.777553 -2.097487 -0.000000
v -9.714582 -2.372107 -0.000000
v -9.880167 -1.543470 -0.000000
v -9.832763 -1.821201 -0.000000
v -14.376411 -1.639090 0.000000
v -10.000000 0.000000 -0.000000
v -9.999008 -0.140874 -0.000000
v -14.601087 -1.708785 0.000000
v -12.028160 -13.823531 0.000000
v -12.313707 -13.569791 0.000000
v -14.716414 -1.732226 0.000000
v -13.658774 -12.214930 0.000000
v -13.910435 -11.927549 0.000000
v -13.137757 -12.773644 0.000000
v -13.401177 -12.497002 0.000000
v -14.833049 -1.747912 0.000000
v -14.395514 -11.337363 0.000000
v -14.628721 -11.034815 0.000000
v -15.068155 -1.755773 0.000000
v -15.697465 -9.452841 0.000000
v -15.891105 -9.123563 0.000000
v 9.000938 4.356961 -0.000000
v 8.874621 4.608806 -0.000000
v 7.434590 6.687816 -0.000000
v 7.243230 6.894608 -0.000000
v 7.799457 6.258472 -0.000000
v 7.620048 6.475714 -0.000000
v 8.299992 5.577646 -0.000000
v -16.053878 1.421897 0.000000
v -17.927191 3.792420 0.000000
v 5.751781 -8.180282 -0.000000
v 5.281925 -8.491247 -0.000000
v 5.519044 -8.339074 -0.000000
v -9.919728 -1.264513 -0.000000
v -9.991070 -0.422510 -0.000000
v -12.593903 -13.310155 0.000000
v -12.868626 -13.044734 0.000000
v -11.737385 -14.071262 0.000000
v -14.156050 -11.634984 0.000000
v -15.185577 -1.747912 0.000000
v -16.257586 -8.453255 0.000000
v -16.430267 -8.112517 0.000000
v 8.741260 4.856993 -0.000000
v 8.600959 5.101323 -0.000000
v 9.605683 2.780440 -0.000000
v 9.523540 3.049947 -0.000000
v 9.680201 2.508725 -0.000000
v 7.046120 7.095928 -0.000000
v 7.972675 6.036261 -0.000000
v 8.139564 5.809259 -0.000000
v -16.146237 1.348962 0.000000
v -18.002351 3.417891 0.000000
v -17.844240 4.165301 0.000000
v 4.795300 -8.775255 -0.000000
v 5.040613 -8.636679 -0.000000
v 4.293452 -9.031405 -0.000000
v 4.546180 -8.906865 -0.000000
v -9.951415 -0.984553 -0.000000
v -9.975202 -0.703811 -0.000000
v -11.441509 -14.312879 0.000000
v -16.077839 -8.790319 0.000000
v -15.302212 -1.732226 0.000000
v -16.595808 -7.768254 0.000000
v -16.754137 -7.420615 0.000000
v 6.843417 7.291615 -0.000000
v -6.740018 7.387297 -0.000000
v -11.140661 -14.548275 0.000000
v -15.642215 -1.639090 0.000000
v -17.435297 -5.637114 0.000000
v -17.549018 -5.272438 0.000000
v 6.635281 7.481513 -0.000000
v -16.233518 1.270021 0.000000
v -16.315332 1.185427 0.000000
v -18.129171 2.664540 0.000000
v -18.069688 3.041876 0.000000
v -13.627314 1.095556 0.000000
v -13.703294 1.185427 0.000000
v -10.834971 -14.777348 0.000000
v -15.417539 -1.708785 0.000000
v -16.905184 -7.069750 0.000000
v -17.048885 -6.715814 0.000000
v -15.531042 -1.677693 0.000000
v -17.185176 -6.358958 0.000000
v -17.313999 -5.999340 0.000000
v -15.750562 -1.593147 0.000000
v -17.655112 -4.905470 0.000000
v -16.461120 1.000812 0.000000
v -16.524444 0.901616 0.000000
v -18.224480 1.906558 0.000000
v -16.391312 1.095556 0.000000
v -18.180776 2.286046 0.000000
v -15.855598 -1.540070 0.000000
v -15.956854 -1.480096 0.000000
v -17.844240 -4.165301 0.000000
v -17.927191 -3.792420 0.000000
v 9.900930 1.404131 -0.000000
v -17.753534 -4.536371 0.000000
v -16.053878 -1.413492 0.000000
v -18.002351 -3.417891 0.000000
v 9.857443 1.682502 -0.000000
v 9.806131 1.959538 -0.000000
v 9.747035 2.235019 -0.000000
v -16.146237 -1.340557 0.000000
v -16.391312 -1.087151 0.000000
v -18.129171 -2.664540 0.000000
v -18.180776 -2.286046 0.000000
v 9.120110 -4.101657 -0.000000
v 9.232042 -3.843098 -0.000000
v -6.945458 7.194485 -0.000000
v -13.345790 -0.573436 0.000000
v -9.832763 1.821201 -0.000000
v -9.880167 1.543470 -0.000000
v -18.069688 -3.041876 0.000000
v -16.233518 -1.261616 0.000000
v -16.461120 -0.992407 0.000000
v -18.224480 -1.906558 0.000000
v 9.433837 -3.317034 -0.000000
v 9.523540 -3.049947 -0.000000
v 9.000938 -4.356961 -0.000000
v 8.600959 -5.101323 -0.000000
v 8.741260 -4.856993 -0.000000
v 7.972675 -6.036261 -0.000000
v 8.139564 -5.809259 -0.000000
v 7.620048 -6.475714 -0.000000
v 7.799457 -6.258472 -0.000000
v 7.243230 -6.894608 -0.000000
v 7.434590 -6.687816 -0.000000
v 9.936558 1.124644 -0.000000
v -13.494182 0.901616 0.000000
v -13.557506 1.000812 0.000000
v -13.388087 -0.683257 0.000000
v -9.919728 1.264513 -0.000000
v -9.643899 2.644845 -0.000000
v -9.714582 2.372107 -0.000000
v -9.479629 3.183807 -0.000000
v -9.565561 2.915483 -0.000000
v -9.285265 3.712661 -0.000000
v -9.386173 3.449603 -0.000000
v -9.061423 4.229729 -0.000000
v -9.176987 3.972772 -0.000000
v -8.671970 4.979652 -0.000000
v -8.808815 4.733369 -0.000000
v -8.377743 5.460167 -0.000000
v -8.528241 5.221982 -0.000000
v -8.056919 5.923348 -0.000000
v -8.220594 5.694018 -0.000000
v -7.710518 6.367725 -0.000000
v -7.886849 6.147977 -0.000000
v -16.315332 -1.177022 0.000000
v -16.524444 -0.893211 0.000000
v 9.680201 -2.508725 -0.000000
v 9.747035 -2.235019 -0.000000
v 9.336645 -3.581487 -0.000000
v 8.874621 -4.608806 -0.000000
v 8.453831 -5.341605 -0.000000
v 8.299992 -5.577646 -0.000000
v 9.984127 0.563216 -0.000000
v -16.672836 0.581841 0.000000
v -16.707703 0.469440 0.000000
v -18.308011 0.763785 0.000000
v -16.630539 0.691662 0.000000
v -18.288111 1.145262 0.000000
v -16.581002 0.798413 0.000000
v -18.260263 1.526242 0.000000
v -7.145384 6.995962 -0.000000
v -13.345790 0.581841 0.000000
v -13.388087 0.691662 0.000000
v -13.310923 0.469440 0.000000
v -7.339638 6.791886 -0.000000
v -7.528066 6.582418 -0.000000
v -13.252287 0.121822 0.000000
v -13.264067 0.238915 0.000000
v -13.252287 -0.113417 0.000000
v -13.248355 0.004203 0.000000
v -9.991070 0.422510 -0.000000
v -9.999008 0.140874 -0.000000
v -9.951415 0.984553 -0.000000
v -9.777553 2.097487 -0.000000
v -8.938667 4.483328 -0.000000
v 6.635281 -7.481513 -0.000000
v 6.843417 -7.291615 -0.000000
v 7.046120 -7.095928 -0.000000
v 9.806131 -1.959538 -0.000000
v 9.605683 -2.780440 -0.000000
v 9.996031 0.281720 -0.000000
v 9.964297 0.844265 -0.000000
v -13.437624 0.798413 0.000000
v -13.283641 -0.346556 0.000000
v -13.264067 -0.230510 0.000000
v -9.975202 0.703811 -0.000000
v -13.964748 -1.413492 0.000000
v -13.872389 -1.340557 0.000000
v 9.936558 -1.124644 -0.000000
v 9.964297 -0.844265 -0.000000
v 9.857443 -1.682502 -0.000000
v 9.900930 -1.404131 -0.000000
v -13.283641 0.354961 0.000000
v -13.785108 -1.261616 0.000000
v -13.703294 -1.177022 0.000000
v -14.061772 -1.480096 0.000000
v -14.268064 -1.593147 0.000000
v -14.163028 -1.540070 0.000000
v -18.260263 -1.526242 0.000000
v -16.630539 -0.683257 0.000000
v -18.288111 -1.145262 0.000000
v -16.672836 -0.573436 0.000000
v -18.308011 -0.763785 0.000000
v -13.310923 -0.461035 0.000000
v -16.581002 -0.790008 0.000000
v -16.707703 -0.461035 0.000000
v 9.984127 -0.563216 -0.000000
v -13.437624 -0.790008 0.000000
v -13.627314 -1.087151 0.000000
v -13.557506 -0.992407 0.000000
v 9.996031 -0.281720 -0.000000
v 10.000000 -0.000000 -0.000000
v -13.494182 -0.893211 0.000000
v -18.319954 -0.381975 0.000000
v -16.754559 -0.230510 0.000000
v -16.734985 -0.346556 0.000000
v -18.319954 0.381975 0.000000
v -16.734985 0.354961 0.000000
v -16.766339 -0.113417 0.000000
v -16.754559 0.238915 0.000000
v -18.323936 0.000000 0.000000
v -16.770271 0.004203 0.000000
v -16.766339 0.121822 0.000000
v 9.996031 -0.281720 15.000000
v 10.000000 -0.000000 15.000000
v 9.984127 -0.563216 15.000000
v 9.964297 -0.844265 15.000000
v 9.936558 -1.124644 15.000000
v 9.900930 -1.404131 15.000000
v 9.857443 -1.682502 15.000000
v 9.806131 -1.959538 15.000000
v 9.747035 -2.235019 15.000000
v 9.680201 -2.508725 15.000000
v 9.605683 -2.780440 15.000000
v 9.523540 -3.049947 15.000000
v 9.433837 -3.317034 15.000000
v 9.336645 -3.581487 15.000000
v 9.232042 -3.843098 15.000000
v 9.120110 -4.101657 15.000000
v 9.000938 -4.356961 15.000000
v 8.874621 -4.608806 15.000000
v 8.741260 -4.856993 15.000000
v 8.600959 -5.101323 15.000000
v 8.453831 -5.341605 15.000000
v 8.299992 -5.577646 15.000000
v 8.139564 -5.809259 15.000000
v 7.972675 -6.036261 15.000000
v 7.799457 -6.258472 15.000000
v 7.620048 -6.475714 15.000000
v 7.434590 -6.687816 15.000000
v 7.243230 -6.894608 15.000000
v 7.046120 -7.095928 15.000000
v 6.843417 -7.291615 15.000000
v 6.635281 -7.481513 15.000000
v 6.421879 -7.665473 15.000000
v 6.203378 -7.843348 15.000000
v 5.979953 -8.014996 15.000000
v 5.751781 -8.180282 15.000000
v 5.519044 -8.339074 15.000000
v 5.281925 -8.491247 15.000000
v 5.040613 -8.636679 15.000000
v 4.795300 -8.775255 15.000000
v 4.546180 -8.906865 15.000000
v 4.293452 -9.031405 15.000000
v 4.037315 -9.148775 15.000000
v 3.777973 -9.258883 15.000000
v 3.515632 -9.361641 15.000000
v 3.250501 -9.456968 15.000000
v 2.982789 -9.544788 15.000000
v 2.712710 -9.625030 15.000000
v 2.440477 -9.697632 15.000000
v 2.166306 -9.762536 15.000000
v 1.890416 -9.819691 15.000000
v 1.613026 -9.869050 15.000000
v 1.334355 -9.910575 15.000000
v 1.054625 -9.944233 15.000000
v 0.774057 -9.969997 15.000000
v 0.492875 -9.987846 15.000000
v 0.211302 -9.997767 15.000000
v -0.070439 -9.999752 15.000000
v -0.352124 -9.993799 15.000000
v -0.633529 -9.979912 15.000000
v -0.914432 -9.958103 15.000000
v -1.194608 -9.928389 15.000000
v -1.473837 -9.890794 15.000000
v -1.751895 -9.845347 15.000000
v -2.028563 -9.792085 15.000000
v -2.303620 -9.731050 15.000000
v -2.576849 -9.662290 15.000000
v -2.848032 -9.585860 15.000000
v -3.116954 -9.501821 15.000000
v -3.383402 -9.410238 15.000000
v -3.647165 -9.311186 15.000000
v -3.908032 -9.204743 15.000000
v -4.165797 -9.090992 15.000000
v -4.420254 -8.970025 15.000000
v -4.671203 -8.841937 15.000000
v -4.918444 -8.706831 15.000000
v -5.161781 -8.564813 15.000000
v -5.401020 -8.415996 15.000000
v -5.635972 -8.260498 15.000000
v -5.866449 -8.098443 15.000000
v -6.092270 -7.929959 15.000000
v -6.313255 -7.755180 15.000000
v -6.529228 -7.574245 15.000000
v -6.740018 -7.387297 15.000000
v -6.945458 -7.194485 15.000000
v -7.145384 -6.995962 15.000000
v -7.339638 -6.791886 15.000000
v -7.528066 -6.582418 15.000000
v -7.710518 -6.367725 15.000000
v -7.886849 -6.147977 15.000000
v -8.056919 -5.923348 15.000000
v -8.220594 -5.694018 15.000000
v -8.377743 -5.460167 15.000000
v -8.528241 -5.221982 15.000000
v -8.671970 -4.979652 15.000000
v -8.808815 -4.733369 15.000000
v -8.938667 -4.483328 15.000000
v -9.061423 -4.229729 15.000000
v -9.176987 -3.972772 15.000000
v -9.285265 -3.712661 15.000000
v -9.386173 -3.449603 15.000000
v -9.479629 -3.183807 15.000000
v -9.565561 -2.915483 15.000000
v -9.643899 -2.644845 15.000000
v -9.714582 -2.372107 15.000000
v -9.777553 -2.097487 15.000000
v -9.832763 -1.821201 15.000000
v -9.880167 -1.543470 15.000000
v -9.919728 -1.264513 15.000000
v -9.951415 -0.984553 15.000000
v -9.975202 -0.703811 15.000000
v -9.991070 -0.422510 15.000000
v -9.999008 -0.140874 15.000000
v -9.999008 0.140874 15.000000
v -9.991070 0.422510 15.000000
v -9.975202 0.703811 15.000000
v -9.951415 0.984553 15.000000
v -9.919728 1.264513 15.000000
v -9.880167 1.543470 15.000000
v -9.832763 1.821201 15.000000
v -9.777553 2.097487 15.000000
v -9.714582 2.372107 15.000000
v -9.643899 2.644845 15.000000
v -9.565561 2.915483 15.000000
v -9.479629 3.183807 15.000000
v -9.386173 3.449603 15.000000
v -9.285265 3.712661 15.000000
v -9.176987 3.972772 15.000000
v -9.061423 4.229729 15.000000
v -8.938667 4.483328 15.000000
v -8.808815 4.733369 15.000000
v -8.671970 4.979652 15.000000
v -8.528241 5.221982 15.000000
v -8.377743 5.460167 15.000000
v -8.220594 5.694018 15.000000
v -8.056919 5.923348 15.000000
v -7.886849 6.147977 15.000000
v -7.710518 6.367725 15.000000
v -7.528066 6.582418 15.000000
v -7.339638 6.791886 15.000000
v -7.145384 6.995962 15.000000
v -6.945458 7.194485 15.000000
v -6.740018 7.387297 15.000000
v -6.529228 7.574245 15.000000
v -6.313255 7.755180 15.000000
v -6.092270 7.929959 15.000000
v -5.866449 8.098443 15.000000
v -5.635972 8.260498 15.000000
v -5.401020 8.415996 15.000000
v -5.161781 8.564813 15.000000
v -4.918444 8.706831 15.000000
v -4.671203 8.841937 15.000000
v -4.420254 8.970025 15.000000
v -4.165797 9.090992 15.000000
v -3.908032 9.204743 15.000000
v -3.647165 9.311186 15.000000
v -3.383402 9.410238 15.000000
v -3.116954 9.501821 15.000000
v -2.848032 9.585860 15.000000
v -2.576849 9.662290 15.000000
v -2.303620 9.731050 15.000000
v -2.028563 9.792085 15.000000
v -1.751895 9.845347 15.000000
v -1.473837 9.890794 15.000000
v -1.194608 9.928389 15.000000
v -0.914432 9.958103 15.000000
v -0.633529 9.979912 15.000000
v -0.352124 9.993799 15.000000
v -0.070439 9.999752 15.000000
v 0.211302 9.997767 15.000000
v 0.492875 9.987846 15.000000
v 0.774057 9.969997 15.000000
v 1.054625 9.944233 15.000000
v 1.334355 9.910575 15.000000
v 1.613026 9.869050 15.000000
v 1.890416 9.819691 15.000000
v 2.166306 9.762536 15.000000
v 2.440477 9.697632 15.000000
v 2.712710 9.625030 15.000000
v 2.982789 9.544788 15.000000
v 3.250501 9.456968 15.000000
v 3.515632 9.361641 15.000000
v 3.777973 9.258883 15.000000
v 4.037315 9.148775 15.000000
v 4.293452 9.031405 15.000000
v 4.546180 8.906865 15.000000
v 4.795300 8.775255 15.000000
v 5.040613 8.636679 15.000000
v 5.281925 8.491247 15.000000
v 5.519044 8.339074 15.000000
v 5.751781 8.180282 15.000000
v 5.979953 8.014996 15.000000
v 6.203378 7.843348 15.000000
v 6.421879 7.665473 15.000000
v 6.635281 7.481513 15.000000
v 6.843417 7.291615 15.000000
v 7.046120 7.095928 15.000000
v 7.243230 6.894608 15.000000
v 7.434590 6.687816 15.000000
v 7.620048 6.475714 15.000000
v 7.799457 6.258472 15.000000
v 7.972675 6.036261 15.000000
v 8.139564 5.809259 15.000000
v 8.299992 5.577646 15.000000
v 8.453831 5.341605 15.000000
v 8.600959 5.101323 15.000000
v 8.741260 4.856993 15.000000
v 8.874621 4.608806 15.000000
v 9.000938 4.356961 15.000000
v 9.120110 4.101657 15.000000
v 9.232042 3.843098 15.000000
v 9.336645 3.581487 15.000000
v 9.433837 3.317034 15.000000
v 9.523540 3.049947 15.000000
v 9.605683 2.780440 15.000000
v 9.680201 2.508725 15.000000
v 9.747035 2.235019 15.000000
v 9.806131 1.959538 15.000000
v 9.857443 1.682502 15.000000
v 9.900930 1.404131 15.000000
v 9.936558 1.124644 15.000000
v 9.964297 0.844265 15.000000
v 9.984127 0.563216 15.000000
v 9.996031 0.281720 15.000000
v -16.769288 -0.054640 1.602750
v -16.770271 0.004203 1.602750
v -16.761428 -0.172062 1.602750
v -16.766339 -0.113417 1.602750
v -16.745742 -0.288697 1.602750
v -16.754559 -0.230510 1.602750
v -16.734985 -0.346556 1.602750
v -16.722301 -0.404023 1.602750
v -16.691209 -0.517526 1.602750
v -16.707703 -0.461035 1.602750
v -16.652605 -0.628700 1.602750
v -16.672836 -0.573436 1.602750
v -16.630539 -0.683257 1.602750
v -16.606662 -0.737046 1.602750
v -16.553585 -0.842082 1.602750
v -16.581002 -0.790008 1.602750
v -16.493611 -0.943338 1.602750
v -16.524444 -0.893211 1.602750
v -16.427008 -1.040362 1.602750
v -16.461120 -0.992407 1.602750
v -16.391312 -1.087151 1.602750
v -16.354073 -1.132721 1.602750
v -16.275132 -1.220002 1.602750
v -16.315332 -1.177022 1.602750
v -16.190537 -1.301816 1.602750
v -16.233518 -1.261616 1.602750
v -16.100667 -1.377797 1.602750
v -16.146237 -1.340557 1.602750
v -16.005922 -1.447605 1.602750
v -16.053878 -1.413492 1.602750
v -15.906727 -1.510929 1.602750
v -15.956854 -1.480096 1.602750
v -15.855598 -1.540070 1.602750
v -15.803523 -1.567486 1.602750
v -15.750562 -1.593147 1.602750
v -15.696772 -1.617024 1.602750
v -15.642215 -1.639090 1.602750
v -15.586951 -1.659320 1.602750
v -15.531042 -1.677693 1.602750
v -15.474550 -1.694188 1.602750
v -15.360071 -1.721469 1.602750
v -15.417539 -1.708785 1.602750
v -15.302212 -1.732226 1.602750
v -15.244026 -1.741044 1.602750
v -15.126932 -1.752823 1.602750
v -15.185577 -1.747912 1.602750
v -15.009313 -1.756756 1.602750
v -15.068155 -1.755773 1.602750
v -14.891694 -1.752823 1.602750
v -14.950471 -1.755773 1.602750
v -14.774600 -1.741044 1.602750
v -14.833049 -1.747912 1.602750
v -14.716414 -1.732226 1.602750
v -14.658555 -1.721469 1.602750
v -14.544076 -1.694188 1.602750
v -14.601087 -1.708785 1.602750
v -14.487584 -1.677693 1.602750
v -14.431675 -1.659320 1.602750
v -14.321854 -1.617024 1.602750
v -14.376411 -1.639090 1.602750
v -14.215103 -1.567486 1.602750
v -14.268064 -1.593147 1.602750
v -14.163028 -1.540070 1.602750
v -14.111899 -1.510929 1.602750
v -14.012704 -1.447605 1.602750
v -14.061772 -1.480096 1.602750
v -13.917959 -1.377797 1.602750
v -13.964748 -1.413492 1.602750
v -13.872389 -1.340557 1.602750
v -13.828089 -1.301816 1.602750
v -13.785108 -1.261616 1.602750
v -13.743494 -1.220002 1.602750
v -13.664553 -1.132721 1.602750
v -13.703294 -1.177022 1.602750
v -13.627314 -1.087151 1.602750
v -13.591618 -1.040362 1.602750
v -13.557506 -0.992407 1.602750
v -13.525015 -0.943338 1.602750
v -13.494182 -0.893211 1.602750
v -13.465041 -0.842082 1.602750
v -13.437624 -0.790008 1.602750
v -13.411964 -0.737046 1.602750
v -13.388087 -0.683257 1.602750
v -13.366021 -0.628700 1.602750
v -13.345790 -0.573436 1.602750
v -13.327417 -0.517526 1.602750
v -13.310923 -0.461035 1.602750
v -13.296325 -0.404023 1.602750
v -13.272884 -0.288697 1.602750
v -13.283641 -0.346556 1.602750
v -13.257198 -0.172062 1.602750
v -13.264067 -0.230510 1.602750
v -13.252287 -0.113417 1.602750
v -13.249338 -0.054640 1.602750
v -13.249338 0.063045 1.602750
v -13.248355 0.004203 1.602750
v -13.257198 0.180467 1.602750
v -13.252287 0.121822 1.602750
v -13.272884 0.297102 1.602750
v -13.264067 0.238915 1.602750
v -13.296325 0.412428 1.602750
v -13.283641 0.354961 1.602750
v -13.327417 0.525932 1.602750
v -13.310923 0.469440 1.602750
v -13.366021 0.637105 1.602750
v -13.345790 0.581841 1.602750
v -13.411964 0.745451 1.602750
v -13.388087 0.691662 1.602750
v -13.465041 0.850487 1.602750
v -13.437624 0.798413 1.602750
v -13.525015 0.951743 1.602750
v -13.494182 0.901616 1.602750
v -13.557506 1.000812 1.602750
v -13.591618 1.048767 1.602750
v -13.664553 1.141126 1.602750
v -13.627314 1.095556 1.602750
v -13.703294 1.185427 1.602750
v -13.743494 1.228408 1.602750
v -13.785108 1.270021 1.602750
v -13.828089 1.310221 1.602750
v -13.872389 1.348962 1.602750
v -13.917959 1.386202 1.602750
v -13.964748 1.421897 1.602750
v -14.012704 1.456010 1.602750
v -14.061772 1.488501 1.602750
v -14.111899 1.519334 1.602750
v -14.215103 1.575891 1.602750
v -14.163028 1.548475 1.602750
v -14.268064 1.601552 1.602750
v -14.321854 1.625429 1.602750
v -14.431675 1.667726 1.602750
v -14.376411 1.647495 1.602750
v -14.544076 1.702593 1.602750
v -14.487584 1.686098 1.602750
v -14.658555 1.729874 1.602750
v -14.601087 1.717190 1.602750
v -14.774600 1.749449 1.602750
v -14.716414 1.740631 1.602750
v -14.891694 1.761229 1.602750
v -14.833049 1.756317 1.602750
v -15.009313 1.765161 1.602750
v -14.950471 1.764178 1.602750
v -15.068155 1.764178 1.602750
v -15.126932 1.761229 1.602750
v -15.244026 1.749449 1.602750
v -15.185577 1.756317 1.602750
v -15.360071 1.729874 1.602750
v -15.302212 1.740631 1.602750
v -15.417539 1.717190 1.602750
v -15.474550 1.702593 1.602750
v -15.586951 1.667726 1.602750
v -15.531042 1.686098 1.602750
v -15.696772 1.625429 1.602750
v -15.642215 1.647495 1.602750
v -15.803523 1.575891 1.602750
v -15.750562 1.601552 1.602750
v -15.906727 1.519334 1.602750
v -15.855598 1.548475 1.602750
v -15.956854 1.488501 1.602750
v -16.005922 1.456010 1.602750
v -16.053878 1.421897 1.602750
v -16.100667 1.386202 1.602750
v -16.190537 1.310221 1.602750
v -16.146237 1.348962 1.602750
v -16.233518 1.270021 1.602750
v -16.275132 1.228408 1.602750
v -16.354073 1.141126 1.602750
v -16.315332 1.185427 1.602750
v -16.391312 1.095556 1.602750
v -16.427008 1.048767 1.602750
v -16.461120 1.000812 1.602750
v -16.493611 0.951743 1.602750
v -16.524444 0.901616 1.602750
v -16.553585 0.850487 1.602750
v -16.581002 0.798413 1.602750
v -16.606662 0.745451 1.602750
v -16.630539 0.691662 1.602750
v -16.652605 0.637105 1.602750
v -16.672836 0.581841 1.602750
v -16.691209 0.525932 1.602750
v -16.722301 0.412428 1.602750
v -16.707703 0.469440 1.602750
v -16.734985 0.354961 1.602750
v -16.745742 0.297102 1.602750
v -16.754559 0.238915 1.602750
v -16.761428 0.180467 1.602750
v -16.769288 0.063045 1.602750
v -16.766339 0.121822 1.602750
v -11.851105 0.004203 3.000000
v -11.852868 0.109734 3.000000
v -11.858157 0.215148 3.000000
v -11.866966 0.320326 3.000000
v -11.879284 0.425151 3.000000
v -11.895098 0.529505 3.000000
v -11.914390 0.633273 3.000000
v -11.937138 0.736339 3.000000
v -11.963318 0.838587 3.000000
v -11.992900 0.939903 3.000000
v -12.025851 1.040173 3.000000
v -12.062134 1.139287 3.000000
v -12.101709 1.237133 3.000000
v -12.144531 1.333602 3.000000
v -12.190552 1.428587 3.000000
v -12.239722 1.521980 3.000000
v -12.291985 1.613678 3.000000
v -12.347283 1.703579 3.000000
v -12.405555 1.791581 3.000000
v -12.466734 1.877588 3.000000
v -12.530753 1.961502 3.000000
v -12.597540 2.043230 3.000000
v -12.667021 2.122681 3.000000
v -12.739118 2.199765 3.000000
v -12.813750 2.274398 3.000000
v -12.890835 2.346495 3.000000
v -12.970286 2.415975 3.000000
v -13.052014 2.482763 3.000000
v -13.135928 2.546782 3.000000
v -13.221934 2.607961 3.000000
v -13.309937 2.666232 3.000000
v -13.399837 2.721530 3.000000
v -13.491536 2.773793 3.000000
v -13.584929 2.822963 3.000000
v -13.679913 2.868985 3.000000
v -13.776382 2.911807 3.000000
v -13.874228 2.951381 3.000000
v -13.973342 2.987664 3.000000
v -14.073613 3.020615 3.000000
v -14.174929 3.050197 3.000000
v -14.277177 3.076377 3.000000
v -14.380242 3.099126 3.000000
v -14.484010 3.118418 3.000000
v -14.588365 3.134232 3.000000
v -14.693190 3.146550 3.000000
v -14.798368 3.155358 3.000000
v -14.903782 3.160647 3.000000
v -15.009313 3.162411 3.000000
v -15.114844 3.160647 3.000000
v -15.220258 3.155358 3.000000
v -15.325436 3.146550 3.000000
v -15.430261 3.134232 3.000000
v -15.534616 3.118418 3.000000
v -15.638384 3.099126 3.000000
v -15.741449 3.076377 3.000000
v -15.843697 3.050197 3.000000
v -15.945013 3.020615 3.000000
v -16.045284 2.987664 3.000000
v -16.144398 2.951381 3.000000
v -16.242244 2.911807 3.000000
v -16.338713 2.868985 3.000000
v -16.433697 2.822963 3.000000
v -16.527090 2.773793 3.000000
v -16.618789 2.721530 3.000000
v -16.708689 2.666232 3.000000
v -16.796692 2.607961 3.000000
v -16.882698 2.546782 3.000000
v -16.966612 2.482763 3.000000
v -17.048340 2.415975 3.000000
v -17.127791 2.346495 3.000000
v -17.204876 2.274398 3.000000
v -17.279508 2.199765 3.000000
v -17.351605 2.122681 3.000000
v -17.421086 2.043230 3.000000
v -17.487873 1.961502 3.000000
v -17.551892 1.877588 3.000000
v -17.613071 1.791581 3.000000
v -17.671343 1.703579 3.000000
v -17.726641 1.613678 3.000000
v -17.778904 1.521980 3.000000
v -17.828074 1.428587 3.000000
v -17.874095 1.333602 3.000000
v -17.916917 1.237133 3.000000
v -17.956492 1.139287 3.000000
v -17.992775 1.040173 3.000000
v -18.025726 0.939903 3.000000
v -18.055308 0.838587 3.000000
v -18.081488 0.736339 3.000000
v -18.104236 0.633273 3.000000
v -18.123528 0.529505 3.000000
v -18.139342 0.425151 3.000000
v -18.151660 0.320326 3.000000
v -18.160469 0.215148 3.000000
v -18.165758 0.109734 3.000000
v -18.167521 0.004203 3.000000
v -18.165758 -0.101329 3.000000
v -18.160469 -0.206743 3.000000
v -18.151660 -0.311921 3.000000
v -18.139342 -0.416745 3.000000
v -18.123528 -0.521100 3.000000
v -18.104236 -0.624868 3.000000
v -18.081488 -0.727934 3.000000
v -18.055308 -0.830182 3.000000
v -18.025726 -0.931498 3.000000
v -17.992775 -1.031768 3.000000
v -17.956492 -1.130882 3.000000
v -17.916917 -1.228728 3.000000
v -17.874095 -1.325197 3.000000
v -17.828074 -1.420181 3.000000
v -17.778904 -1.513575 3.000000
v -17.726641 -1.605273 3.000000
v -17.671343 -1.695174 3.000000
v -17.613071 -1.783176 3.000000
v -17.551892 -1.869183 3.000000
v -17.487873 -1.953097 3.000000
v -17.421086 -2.034825 3.000000
v -17.351605 -2.114275 3.000000
v -17.279508 -2.191360 3.000000
v -17.204876 -2.265993 3.000000
v -17.127791 -2.338089 3.000000
v -17.048340 -2.407570 3.000000
v -16.966612 -2.474358 3.000000
v -16.882698 -2.538377 3.000000
v -16.796692 -2.599556 3.000000
v -16.708689 -2.657827 3.000000
v -16.618789 -2.713125 3.000000
v -16.527090 -2.765388 3.000000
v -16.433697 -2.814558 3.000000
v -16.338713 -2.860580 3.000000
v -16.242244 -2.903402 3.000000
v -16.144398 -2.942976 3.000000
v -16.045284 -2.979259 3.000000
v -15.945013 -3.012210 3.000000
v -15.843697 -3.041792 3.000000
v -15.741449 -3.067972 3.000000
v -15.638384 -3.090721 3.000000
v -15.534616 -3.110013 3.000000
v -15.430261 -3.125827 3.000000
v -15.325436 -3.138145 3.000000
v -15.220258 -3.146953 3.000000
v -15.114844 -3.152242 3.000000
v -15.009313 -3.154006 3.000000
v -14.903782 -3.152242 3.000000
v -14.798368 -3.146953 3.000000
v -14.693190 -3.138145 3.000000
v -14.588365 -3.125827 3.000000
v -14.484010 -3.110013 3.000000
v -14.380242 -3.090721 3.000000
v -14.277177 -3.067972 3.000000
v -14.174929 -3.041792 3.000000
v -14.073613 -3.012210 3.000000
v -13.973342 -2.979259 3.000000
v -13.874228 -2.942976 3.000000
v -13.776382 -2.903402 3.000000
v -13.679913 -2.860580 3.000000
v -13.584929 -2.814558 3.000000
v -13.491536 -2.765388 3.000000
v -13.399837 -2.713125 3.000000
v -13.309937 -2.657827 3.000000
v -13.221934 -2.599556 3.000000
v -13.135928 -2.538377 3.000000
v -13.052014 -2.474358 3.000000
v -12.970286 -2.407570 3.000000
v -12.890835 -2.338089 3.000000
v -12.813750 -2.265993 3.000000
v -12.739118 -2.191360 3.000000
v -12.667021 -2.114275 3.000000
v -12.597540 -2.034825 3.000000
v -12.530753 -1.953097 3.000000
v -12.466734 -1.869183 3.000000
v -12.405555 -1.783176 3.000000
v -12.347283 -1.695174 3.000000
v -12.291985 -1.605273 3.000000
v -12.239722 -1.513575 3.000000
v -12.190552 -1.420181 3.000000
v -12.144531 -1.325197 3.000000
v -12.101709 -1.228728 3.000000
v -12.062134 -1.130882 3.000000
v -12.025851 -1.031768 3.000000
v -11.992900 -0.931498 3.000000
v -11.963318 -0.830182 3.000000
v -11.937138 -0.727934 3.000000
v -11.914390 -0.624868 3.000000
v -11.895098 -0.521100 3.000000
v -11.879284 -0.416745 3.000000
v -11.866966 -0.311921 3.000000
v -11.858157 -0.206743 3.000000
v -11.852868 -0.101329 3.000000
v -10.834971 -14.777348 15.000000
v -11.140661 -14.548275 15.000000
v -11.441509 -14.312879 15.000000
v -11.737385 -14.071262 15.000000
v -12.028160 -13.823531 15.000000
v -12.313707 -13.569791 15.000000
v -12.593903 -13.310155 15.000000
v -12.868626 -13.044734 15.000000
v -13.137757 -12.773644 15.000000
v -13.401177 -12.497002 15.000000
v -13.658774 -12.214930 15.000000
v -13.910435 -11.927549 15.000000
v -14.156050 -11.634984 15.000000
v -14.395514 -11.337363 15.000000
v -14.628721 -11.034815 15.000000
v -14.855571 -10.727471 15.000000
v -15.075964 -10.415465 15.000000
v -15.289806 -10.098933 15.000000
v -15.497003 -9.778012 15.000000
v -15.697465 -9.452841 15.000000
v -15.891105 -9.123563 15.000000
v -16.077839 -8.790319 15.000000
v -16.257586 -8.453255 15.000000
v -16.430267 -8.112517 15.000000
v -16.595808 -7.768254 15.000000
v -16.754137 -7.420615 15.000000
v -16.905184 -7.069750 15.000000
v -17.048885 -6.715814 15.000000
v -17.185176 -6.358958 15.000000
v -17.313999 -5.999340 15.000000
v -17.435297 -5.637114 15.000000
v -17.549018 -5.272438 15.000000
v -17.655112 -4.905470 15.000000
v -17.753534 -4.536371 15.000000
v -17.753534 4.536371 15.000000
v -17.655112 4.905470 15.000000
v -17.549018 5.272438 15.000000
v -17.435297 5.637114 15.000000
v -17.313999 5.999340 15.000000
v -17.185176 6.358958 15.000000
v -17.048885 6.715814 15.000000
v -16.905184 7.069750 15.000000
v -16.754137 7.420615 15.000000
v -16.595808 7.768254 15.000000
v -16.430267 8.112517 15.000000
v -16.257586 8.453255 15.000000
v -16.077839 8.790319 15.000000
v -15.891105 9.123563 15.000000
v -15.697465 9.452841 15.000000
v -15.497003 9.778012 15.000000
v -15.289806 10.098933 15.000000
v -15.075964 10.415465 15.000000
v -14.855571 10.727471 15.000000
v -14.628721 11.034815 15.000000
v -14.395514 11.337363 15.000000
v -14.156050 11.634984 15.000000
v -13.910435 11.927549 15.000000
v -13.658774 12.214930 15.000000
v -13.401177 12.497002 15.000000
v -13.137757 12.773644 15.000000
v -12.868626 13.044734 15.000000
v -12.593903 13.310155 15.000000
v -12.313707 13.569791 15.000000
v -12.028160 13.823531 15.000000
v -11.737385 14.071262 15.000000
v -11.441509 14.312879 15.000000
v -11.140661 14.548275 15.000000
v -10.834971 14.777348 15.000000
v -17.775043 -4.451344 3.000000
v -17.775043 -4.451344 15.000000
v -17.844240 -4.165301 3.000000
v -17.927191 -3.792420 3.000000
v -18.002351 -3.417891 3.000000
v -18.069688 -3.041876 3.000000
v -18.129171 -2.664540 3.000000
v -18.180776 -2.286046 3.000000
v -18.224480 -1.906558 3.000000
v -18.260263 -1.526242 3.000000
v -18.288111 -1.145262 3.000000
v -18.308011 -0.763785 3.000000
v -18.319954 -0.381975 3.000000
v -18.323936 0.000000 3.000000
v -18.319954 0.381975 3.000000
v -18.308011 0.763785 3.000000
v -18.288111 1.145262 3.000000
v -18.260263 1.526242 3.000000
v -18.224480 1.906558 3.000000
v -18.180776 2.286046 3.000000
v -18.129171 2.664540 3.000000
v -18.069688 3.041876 3.000000
v -18.002351 3.417891 3.000000
v -17.927191 3.792420 3.000000
v -17.844240 4.165301 3.000000
v -17.772878 4.459980 3.000000
v -17.772878 4.459980 15.000000
v -14.420635 -3.952243 15.000000
v -12.925085 3.418290 15.000000
v -12.775374 3.322262 15.000000
v -12.775910 -3.314217 15.000000
v -14.419997 3.960553 15.000000
v -12.098676 2.747958 15.000000
v -11.979582 2.615855 15.000000
v -12.925636 -3.410221 15.000000
v -13.079482 -3.499475 15.000000
v -12.630081 3.219673 15.000000
v -12.489491 3.110727 15.000000
v -11.980003 -2.607939 15.000000
v -12.353883 2.995639 15.000000
v -12.223526 2.874636 15.000000
v -14.070919 3.892572 15.000000
v -14.245336 -3.922162 15.000000
v -14.071547 -3.884318 15.000000
v -13.899612 -3.838786 15.000000
v -13.237144 -3.581800 15.000000
v -13.898992 3.847012 15.000000
v -13.729871 -3.785656 15.000000
v -11.866877 -2.470690 15.000000
v -11.013282 -0.173937 15.000000
v -11.025151 -0.351403 15.000000
v -13.236565 3.589919 15.000000
v -13.078917 3.507568 15.000000
v -13.562660 -3.725033 15.000000
v -13.398309 -3.657036 15.000000
v -11.044812 0.535930 15.000000
v -11.025094 0.359165 15.000000
v -11.072369 0.711644 15.000000
v -11.107710 0.885959 15.000000
v -11.150765 1.058530 15.000000
v -11.325288 1.562395 15.000000
v -11.259662 1.397083 15.000000
v -13.562058 3.733204 15.000000
v -13.397719 3.665181 15.000000
v -13.729260 3.793855 15.000000
v -14.244702 3.930444 15.000000
v -12.099119 -2.740023 15.000000
v -11.759964 -2.328549 15.000000
v -11.072483 -0.703874 15.000000
v -11.107852 -0.878183 15.000000
v -11.013253 0.181698 15.000000
v -11.398199 1.724625 15.000000
v -12.630599 -3.211652 15.000000
v -12.489992 -3.102729 15.000000
v -11.659475 -2.181795 15.000000
v -11.201647 -1.221227 15.000000
v -11.259887 -1.389283 15.000000
v -11.150935 -1.050748 15.000000
v -11.009313 0.003880 15.000000
v -11.201449 1.229018 15.000000
v -12.354366 -2.987662 15.000000
v -12.223989 -2.866681 15.000000
v -11.565609 -2.030719 15.000000
v -11.325540 -1.554584 15.000000
v -11.398477 -1.716803 15.000000
v -11.044898 -0.528164 15.000000
v -11.478552 -1.875619 15.000000
v -11.866478 2.478588 15.000000
v -11.565281 2.038568 15.000000
v -11.478249 1.883454 15.000000
v -11.759587 2.336429 15.000000
v -11.659122 2.189659 15.000000
v -12.775374 3.322262 3.000000
v -12.925085 3.418290 3.000000
v -13.078917 3.507568 3.000000
v -13.236565 3.589919 3.000000
v -13.397719 3.665181 3.000000
v -13.562058 3.733204 3.000000
v -14.070919 3.892572 3.000000
v -14.244702 3.930444 3.000000
v -14.419997 3.960553 3.000000
v -12.223526 2.874636 3.000000
v -12.353883 2.995639 3.000000
v -12.489491 3.110727 3.000000
v -12.630081 3.219673 3.000000
v -14.420635 -3.952243 3.000000
v -11.866478 2.478588 3.000000
v -11.979582 2.615855 3.000000
v -12.098676 2.747958 3.000000
v -13.729260 3.793855 3.000000
v -13.898992 3.847012 3.000000
v -14.245336 -3.922162 3.000000
v -14.071547 -3.884318 3.000000
v -13.237144 -3.581800 3.000000
v -13.899612 -3.838786 3.000000
v -13.562660 -3.725033 3.000000
v -13.398309 -3.657036 3.000000
v -12.354366 -2.987662 3.000000
v -11.201647 -1.221227 3.000000
v -13.729871 -3.785656 3.000000
v -12.630599 -3.211652 3.000000
v -12.489992 -3.102729 3.000000
v -12.223989 -2.866681 3.000000
v -12.099119 -2.740023 3.000000
v -11.659475 -2.181795 3.000000
v -11.259887 -1.389283 3.000000
v -11.150935 -1.050748 3.000000
v -11.072483 -0.703874 3.000000
v -11.044898 -0.528164 3.000000
v -11.025151 -0.351403 3.000000
v -12.775910 -3.314217 3.000000
v -11.980003 -2.607939 3.000000
v -11.866877 -2.470690 3.000000
v -11.759964 -2.328549 3.000000
v -11.398477 -1.716803 3.000000
v -11.325540 -1.554584 3.000000
v -11.107852 -0.878183 3.000000
v -11.325288 1.562395 3.000000
v -11.398199 1.724625 3.000000
v -11.478249 1.883454 3.000000
v -12.925636 -3.410221 3.000000
v -11.565609 -2.030719 3.000000
v -11.478552 -1.875619 3.000000
v -11.259662 1.397083 3.000000
v -11.565281 2.038568 3.000000
v -11.659122 2.189659 3.000000
v -11.759587 2.336429 3.000000
v -13.079482 -3.499475 3.000000
v -11.013282 -0.173937 3.000000
v -11.044812 0.535930 3.000000
v -11.072369 0.711644 3.000000
v -11.107710 0.885959 3.000000
v -11.009313 0.003880 3.000000
v -11.013253 0.181698 3.000000
v -11.025094 0.359165 3.000000
v -11.150765 1.058530 3.000000
v -11.201449 1.229018 3.000000
usemtl osovina_za_zupcanikMaterial0
f 1 2 3
f 2 4 3
f 5 1 6
f 1 7 6
f 8 5 9
f 5 10 9
f 11 8 12
f 8 13 12
f 14 11 15
f 11 16 15
f 17 14 18
f 14 19 18
f 20 17 21
f 17 22 21
f 23 20 24
f 20 25 24
f 26 23 27
f 23 28 27
f 29 26 30
f 26 31 30
f 29 32 33
f 33 34 29
f 35 34 36
f 34 37 36
f 38 35 39
f 35 40 39
f 38 41 42
f 42 43 38
f 43 44 45
f 45 46 43
f 46 47 48
f 48 49 46
f 49 50 51
f 51 52 49
f 53 52 54
f 52 55 54
f 56 53 57
f 53 58 57
f 59 56 60
f 56 61 60
f 62 59 63
f 59 64 63
f 62 65 66
f 66 67 62
f 67 68 69
f 69 70 67
f 71 72 73
f 74 73 72
f 72 70 74
f 75 71 76
f 71 77 76
f 75 78 79
f 79 80 75
f 80 81 82
f 82 83 80
f 84 83 85
f 83 86 85
f 87 84 88
f 84 89 88
f 87 90 91
f 91 92 87
f 92 93 94
f 94 95 92
f 95 96 97
f 97 98 95
f 98 99 100
f 100 101 98
f 101 102 103
f 103 104 101
f 104 105 106
f 106 107 104
f 108 107 109
f 107 110 109
f 111 108 112
f 108 113 112
f 114 111 115
f 111 116 115
f 117 114 118
f 114 119 118
f 117 120 121
f 121 122 117
f 123 122 124
f 122 125 124
f 123 126 127
f 127 128 123
f 128 129 130
f 130 131 128
f 131 132 133
f 133 134 131
f 134 135 136
f 136 137 134
f 138 137 139
f 137 140 139
f 138 141 142
f 142 143 138
f 144 143 145
f 143 146 145
f 144 147 148
f 148 149 144
f 150 149 151
f 149 152 151
f 153 150 154
f 150 155 154
f 156 153 157
f 153 158 157
f 156 159 160
f 160 161 156
f 161 162 163
f 163 164 161
f 164 165 166
f 166 167 164
f 167 168 169
f 169 170 167
f 171 170 172
f 170 173 172
f 171 174 175
f 175 176 171
f 177 176 178
f 176 179 178
f 180 177 181
f 177 182 181
f 180 183 184
f 184 185 180
f 185 186 187
f 187 188 185
f 188 189 190
f 190 191 188
f 191 192 193
f 193 194 191
f 194 195 196
f 196 197 194
f 197 198 199
f 199 200 197
f 200 201 202
f 202 203 200
f 203 204 205
f 205 206 203
f 207 206 208
f 206 209 208
f 210 207 211
f 207 212 211
f 213 210 214
f 210 215 214
f 213 216 217
f 217 218 213
f 218 219 220
f 220 221 218
f 222 221 223
f 221 224 223
f 225 222 226
f 222 227 226
f 228 225 229
f 225 230 229
f 231 228 232
f 228 233 232
f 234 231 235
f 231 236 235
f 237 234 238
f 234 239 238
f 237 240 241
f 241 242 237
f 242 243 244
f 244 245 242
f 246 245 247
f 245 248 247
f 246 249 250
f 250 251 246
f 252 251 253
f 251 254 253
f 252 255 256
f 256 257 252
f 258 257 259
f 257 260 259
f 258 261 262
f 262 263 258
f 264 263 265
f 263 266 265
f 264 267 268
f 268 269 264
f 270 269 271
f 269 272 271
f 270 273 274
f 274 275 270
f 276 275 277
f 275 278 277
f 279 276 280
f 276 281 280
f 2 279 282
f 279 283 282
f 282 4 2
f 280 283 279
f 277 281 276
f 274 278 275
f 271 273 270
f 268 272 269
f 265 267 264
f 262 266 263
f 259 261 258
f 256 260 257
f 253 255 252
f 250 254 251
f 247 249 246
f 244 248 245
f 241 243 242
f 238 240 237
f 235 239 234
f 232 236 231
f 229 233 228
f 226 230 225
f 223 227 222
f 220 224 221
f 217 219 218
f 214 216 213
f 211 215 210
f 208 212 207
f 205 209 206
f 202 204 203
f 199 201 200
f 196 198 197
f 193 195 194
f 190 192 191
f 187 189 188
f 184 186 185
f 181 183 180
f 178 182 177
f 175 179 176
f 172 174 171
f 169 173 170
f 166 168 167
f 163 165 164
f 160 162 161
f 157 159 156
f 154 158 153
f 151 155 150
f 148 152 149
f 145 147 144
f 142 146 143
f 139 141 138
f 136 140 137
f 133 135 134
f 130 132 131
f 127 129 128
f 124 126 123
f 121 125 122
f 118 120 117
f 115 119 114
f 112 116 111
f 109 113 108
f 106 110 107
f 103 105 104
f 100 102 101
f 97 99 98
f 94 96 95
f 91 93 92
f 88 90 87
f 85 89 84
f 82 86 83
f 79 81 80
f 76 78 75
f 73 77 71
f 69 74 70
f 66 68 67
f 63 65 62
f 60 64 59
f 57 61 56
f 54 58 53
f 51 55 52
f 48 50 49
f 45 47 46
f 42 44 43
f 39 41 38
f 36 40 35
f 33 37 34
f 30 32 29
f 27 31 26
f 24 28 23
f 21 25 20
f 18 22 17
f 15 19 14
f 12 16 11
f 9 13 8
f 6 10 5
f 3 7 1
f 284 285 145
f 285 286 147
f 286 287 148
f 287 288 152
f 288 289 151
f 289 290 155
f 290 291 154
f 291 292 158
f 292 293 157
f 293 294 159
f 294 295 160
f 295 296 162
f 296 297 163
f 297 298 165
f 298 299 166
f 299 300 168
f 300 301 169
f 301 302 173
f 302 303 172
f 303 304 174
f 304 305 175
f 305 306 179
f 306 307 178
f 307 308 182
f 308 309 181
f 309 310 183
f 310 311 184
f 311 312 186
f 312 313 187
f 313 314 189
f 314 315 190
f 315 316 192
f 316 317 193
f 317 318 195
f 318 319 196
f 319 320 198
f 320 321 199
f 321 322 201
f 322 323 202
f 323 324 204
f 324 325 205
f 325 326 209
f 326 327 208
f 327 328 212
f 328 329 211
f 329 330 215
f 330 331 214
f 331 332 216
f 332 333 217
f 333 334 219
f 334 335 220
f 335 336 224
f 336 337 223
f 337 338 227
f 338 339 226
f 339 340 230
f 340 341 229
f 341 342 233
f 342 343 232
f 343 344 236
f 344 345 235
f 345 346 239
f 346 347 238
f 347 348 240
f 348 349 241
f 349 350 243
f 350 351 244
f 351 352 248
f 352 353 247
f 353 354 249
f 354 355 250
f 355 356 254
f 356 357 253
f 357 358 255
f 358 359 256
f 359 360 260
f 360 361 259
f 361 362 261
f 362 363 262
f 363 364 266
f 364 365 265
f 365 366 267
f 366 367 268
f 367 368 272
f 368 369 271
f 369 370 273
f 370 371 274
f 371 372 278
f 372 373 277
f 373 374 281
f 374 375 280
f 375 376 283
f 376 377 282
f 377 378 4
f 378 379 3
f 379 380 7
f 380 381 6
f 381 382 10
f 382 383 9
f 383 384 13
f 384 385 12
f 385 386 16
f 386 387 15
f 387 388 19
f 388 389 18
f 389 390 22
f 390 391 21
f 391 392 25
f 392 393 24
f 393 394 28
f 394 395 27
f 395 396 31
f 396 397 30
f 397 398 32
f 398 399 33
f 399 400 37
f 400 401 36
f 401 402 40
f 402 403 39
f 403 404 41
f 404 405 42
f 405 406 44
f 406 407 45
f 407 408 47
f 408 409 48
f 409 410 50
f 410 411 51
f 411 412 55
f 412 413 54
f 413 414 58
f 414 415 57
f 415 416 61
f 416 417 60
f 417 418 64
f 418 419 63
f 419 420 65
f 420 421 66
f 421 422 68
f 422 423 69
f 423 424 74
f 424 425 73
f 425 426 77
f 426 427 76
f 427 428 78
f 428 429 79
f 429 430 81
f 430 431 82
f 431 432 86
f 432 433 85
f 433 434 89
f 434 435 88
f 435 436 90
f 436 437 91
f 437 438 93
f 438 439 94
f 439 440 96
f 440 441 97
f 441 442 99
f 442 443 100
f 443 444 102
f 444 445 103
f 445 446 105
f 446 447 106
f 447 448 110
f 448 449 109
f 449 450 113
f 450 451 112
f 451 452 116
f 452 453 115
f 453 454 119
f 454 455 118
f 455 456 120
f 456 457 121
f 457 458 125
f 458 459 124
f 459 460 126
f 460 461 127
f 461 462 129
f 462 463 130
f 463 464 132
f 464 465 133
f 465 466 135
f 466 467 136
f 467 468 140
f 468 469 139
f 469 470 141
f 470 471 142
f 471 284 146
f 146 142 471
f 142 141 470
f 141 139 469
f 139 140 468
f 140 136 467
f 136 135 466
f 135 133 465
f 133 132 464
f 132 130 463
f 130 129 462
f 129 127 461
f 127 126 460
f 126 124 459
f 124 125 458
f 125 121 457
f 121 120 456
f 120 118 455
f 118 119 454
f 119 115 453
f 115 116 452
f 116 112 451
f 112 113 450
f 113 109 449
f 109 110 448
f 110 106 447
f 106 105 446
f 105 103 445
f 103 102 444
f 102 100 443
f 100 99 442
f 99 97 441
f 97 96 440
f 96 94 439
f 94 93 438
f 93 91 437
f 91 90 436
f 90 88 435
f 88 89 434
f 89 85 433
f 85 86 432
f 86 82 431
f 82 81 430
f 81 79 429
f 79 78 428
f 78 76 427
f 76 77 426
f 77 73 425
f 73 74 424
f 74 69 423
f 69 68 422
f 68 66 421
f 66 65 420
f 65 63 419
f 63 64 418
f 64 60 417
f 60 61 416
f 61 57 415
f 57 58 414
f 58 54 413
f 54 55 412
f 55 51 411
f 51 50 410
f 50 48 409
f 48 47 408
f 47 45 407
f 45 44 406
f 44 42 405
f 42 41 404
f 41 39 403
f 39 40 402
f 40 36 401
f 36 37 400
f 37 33 399
f 33 32 398
f 32 30 397
f 30 31 396
f 31 27 395
f 27 28 394
f 28 24 393
f 24 25 392
f 25 21 391
f 21 22 390
f 22 18 389
f 18 19 388
f 19 15 387
f 15 16 386
f 16 12 385
f 12 13 384
f 13 9 383
f 9 10 382
f 10 6 381
f 6 7 380
f 7 3 379
f 3 4 378
f 4 282 377
f 282 283 376
f 283 280 375
f 280 281 374
f 281 277 373
f 277 278 372
f 278 274 371
f 274 273 370
f 273 271 369
f 271 272 368
f 272 268 367
f 268 267 366
f 267 265 365
f 265 266 364
f 266 262 363
f 262 261 362
f 261 259 361
f 259 260 360
f 260 256 359
f 256 255 358
f 255 253 357
f 253 254 356
f 254 250 355
f 250 249 354
f 249 247 353
f 247 248 352
f 248 244 351
f 244 243 350
f 243 241 349
f 241 240 348
f 240 238 347
f 238 239 346
f 239 235 345
f 235 236 344
f 236 232 343
f 232 233 342
f 233 229 341
f 229 230 340
f 230 226 339
f 226 227 338
f 227 223 337
f 223 224 336
f 224 220 335
f 220 219 334
f 219 217 333
f 217 216 332
f 216 214 331
f 214 215 330
f 215 211 329
f 211 212 328
f 212 208 327
f 208 209 326
f 209 205 325
f 205 204 324
f 204 202 323
f 202 201 322
f 201 199 321
f 199 198 320
f 198 196 319
f 196 195 318
f 195 193 317
f 193 192 316
f 192 190 315
f 190 189 314
f 189 187 313
f 187 186 312
f 186 184 311
f 184 183 310
f 183 181 309
f 181 182 308
f 182 178 307
f 178 179 306
f 179 175 305
f 175 174 304
f 174 172 303
f 172 173 302
f 173 169 301
f 169 168 300
f 168 166 299
f 166 165 298
f 165 163 297
f 163 162 296
f 162 160 295
f 160 159 294
f 159 157 293
f 157 158 292
f 158 154 291
f 154 155 290
f 155 151 289
f 151 152 288
f 152 148 287
f 148 147 286
f 147 145 285
f 145 146 284
f 472 473 354
f 474 475 357
f 475 476 358
f 477 322 321
f 473 355 354
f 474 356 355
f 358 357 475
f 478 479 411
f 479 480 412
f 321 320 477
f 481 352 351
f 481 472 353
f 355 473 474
f 476 359 358
f 412 411 479
f 309 308 482
f 311 310 483
f 313 312 484
f 320 319 477
f 485 486 349
f 486 487 350
f 353 352 481
f 357 356 474
f 488 489 361
f 489 490 362
f 491 364 363
f 491 492 365
f 493 494 394
f 494 495 395
f 496 406 405
f 496 497 407
f 498 409 408
f 480 413 412
f 499 414 413
f 499 500 415
f 500 501 416
f 502 418 417
f 503 419 418
f 504 429 428
f 482 483 309
f 483 484 311
f 484 505 313
f 477 317 316
f 477 323 322
f 477 325 324
f 506 329 328
f 507 508 338
f 509 341 340
f 509 510 342
f 511 344 343
f 350 349 486
f 354 353 472
f 488 360 359
f 362 361 489
f 365 364 491
f 492 512 366
f 513 514 374
f 395 394 494
f 407 406 496
f 408 497 498
f 478 410 409
f 413 480 499
f 416 415 500
f 418 502 503
f 503 515 420
f 515 428 427
f 504 430 429
f 504 433 432
f 308 307 482
f 312 311 484
f 314 313 505
f 477 318 317
f 324 323 477
f 477 327 326
f 506 330 329
f 506 332 331
f 506 336 335
f 507 337 336
f 508 339 338
f 516 340 339
f 342 341 509
f 343 510 511
f 511 517 345
f 517 518 346
f 487 351 350
f 359 476 488
f 490 363 362
f 366 365 492
f 514 375 374
f 519 376 375
f 520 521 381
f 521 522 382
f 523 384 383
f 524 385 384
f 495 396 395
f 525 397 396
f 526 527 402
f 527 528 403
f 529 405 404
f 408 407 497
f 411 410 478
f 501 417 416
f 420 419 503
f 515 424 423
f 515 426 425
f 428 515 504
f 432 431 504
f 504 441 440
f 441 504 530
f 306 305 531
f 310 309 483
f 477 315 314
f 319 318 477
f 477 328 327
f 331 330 506
f 506 334 333
f 336 506 507
f 339 508 516
f 343 342 510
f 346 345 517
f 485 348 347
f 351 487 481
f 363 490 491
f 532 368 367
f 532 533 369
f 533 534 370
f 535 372 371
f 535 513 373
f 375 514 519
f 519 536 377
f 536 537 378
f 382 381 521
f 384 523 524
f 524 538 386
f 539 389 388
f 539 540 390
f 493 393 392
f 396 495 525
f 525 541 398
f 541 542 399
f 403 402 527
f 404 528 529
f 409 498 478
f 417 501 502
f 425 424 515
f 431 430 504
f 504 437 436
f 530 442 441
f 543 544 295
f 531 482 306
f 505 477 314
f 326 325 477
f 333 332 506
f 338 337 507
f 345 344 511
f 347 518 485
f 361 360 488
f 369 368 532
f 534 371 370
f 373 372 535
f 377 376 519
f 537 379 378
f 520 380 379
f 522 383 382
f 386 385 524
f 545 388 387
f 390 389 539
f 394 393 493
f 399 398 541
f 526 401 400
f 404 403 528
f 415 414 499
f 515 422 421
f 427 426 515
f 504 438 437
f 440 439 504
f 449 546 547
f 451 547 548
f 549 543 292
f 295 294 543
f 304 303 550
f 307 306 482
f 328 477 506
f 340 516 509
f 349 348 485
f 367 512 532
f 371 534 535
f 378 377 536
f 381 380 520
f 538 387 386
f 388 545 539
f 551 392 391
f 398 397 525
f 400 542 526
f 405 529 496
f 423 422 515
f 504 435 434
f 439 438 504
f 443 530 552
f 445 552 553
f 547 451 450
f 548 453 452
f 454 548 554
f 554 555 457
f 543 293 292
f 544 296 295
f 301 300 556
f 550 531 304
f 316 315 477
f 347 346 518
f 370 369 533
f 379 537 520
f 387 538 545
f 391 540 551
f 400 399 542
f 421 420 515
f 436 435 504
f 552 444 443
f 553 446 445
f 547 450 449
f 548 454 453
f 554 456 455
f 555 458 457
f 549 291 290
f 294 293 543
f 544 556 298
f 556 300 299
f 550 302 301
f 305 304 531
f 367 366 512
f 383 522 523
f 392 551 493
f 434 433 504
f 445 444 552
f 447 553 546
f 548 452 451
f 457 456 554
f 557 463 462
f 558 464 463
f 292 291 549
f 298 297 544
f 556 550 301
f 335 334 506
f 391 390 540
f 443 442 530
f 546 448 447
f 554 455 454
f 462 461 557
f 558 465 464
f 559 467 466
f 297 296 544
f 303 302 550
f 402 401 526
f 449 448 546
f 555 557 460
f 463 557 558
f 466 558 559
f 559 560 470
f 299 298 556
f 447 446 553
f 460 459 555
f 466 465 558
f 560 471 470
f 560 561 285
f 561 287 286
f 549 289 288
f 374 373 513
f 461 460 557
f 559 469 468
f 560 284 471
f 286 285 561
f 288 561 549
f 459 458 555
f 470 469 559
f 288 287 561
f 468 467 559
f 290 289 549
f 285 284 560
f 477 562 563
f 563 506 477
f 564 565 515
f 566 564 503
f 567 566 502
f 568 567 501
f 569 568 500
f 570 569 499
f 571 570 480
f 572 571 479
f 573 572 478
f 574 573 498
f 575 574 497
f 576 575 496
f 577 576 529
f 578 577 528
f 579 578 527
f 580 579 526
f 581 580 542
f 582 581 541
f 583 582 525
f 584 583 495
f 585 584 494
f 586 585 493
f 587 586 551
f 588 587 540
f 589 588 539
f 590 589 545
f 591 590 538
f 592 591 524
f 593 592 523
f 594 593 522
f 595 594 521
f 596 595 520
f 597 596 537
f 598 597 536
f 599 598 519
f 600 599 514
f 601 600 513
f 602 601 535
f 603 602 534
f 604 603 533
f 605 604 532
f 606 605 512
f 607 606 492
f 608 607 491
f 609 608 490
f 610 609 489
f 611 610 488
f 612 611 476
f 613 612 475
f 614 613 474
f 615 614 473
f 616 615 472
f 617 616 481
f 618 617 487
f 619 618 486
f 620 619 485
f 621 620 518
f 622 621 517
f 623 622 511
f 624 623 510
f 625 624 509
f 626 625 516
f 627 626 508
f 563 627 507
f 507 506 563
f 508 507 627
f 516 508 626
f 509 516 625
f 510 509 624
f 511 510 623
f 517 511 622
f 518 517 621
f 485 518 620
f 486 485 619
f 487 486 618
f 481 487 617
f 472 481 616
f 473 472 615
f 474 473 614
f 475 474 613
f 476 475 612
f 488 476 611
f 489 488 610
f 490 489 609
f 491 490 608
f 492 491 607
f 512 492 606
f 532 512 605
f 533 532 604
f 534 533 603
f 535 534 602
f 513 535 601
f 514 513 600
f 519 514 599
f 536 519 598
f 537 536 597
f 520 537 596
f 521 520 595
f 522 521 594
f 523 522 593
f 524 523 592
f 538 524 591
f 545 538 590
f 539 545 589
f 540 539 588
f 551 540 587
f 493 551 586
f 494 493 585
f 495 494 584
f 525 495 583
f 541 525 582
f 542 541 581
f 526 542 580
f 527 526 579
f 528 527 578
f 529 528 577
f 496 529 576
f 497 496 575
f 498 497 574
f 478 498 573
f 479 478 572
f 480 479 571
f 499 480 570
f 500 499 569
f 501 500 568
f 502 501 567
f 503 502 566
f 515 503 564
f 515 565 628
f 628 504 515
f 629 630 631
f 632 631 633
f 634 633 635
f 636 635 637
f 638 637 639
f 640 639 641
f 642 641 643
f 644 643 645
f 646 645 647
f 648 647 649
f 650 649 651
f 652 651 653
f 654 653 655
f 656 655 657
f 658 657 659
f 660 659 661
f 662 661 663
f 664 663 665
f 666 665 667
f 668 667 669
f 670 669 671
f 672 671 673
f 674 673 675
f 676 675 677
f 678 677 679
f 680 679 681
f 682 681 683
f 684 683 685
f 686 685 687
f 688 687 689
f 690 689 691
f 692 691 693
f 694 693 695
f 696 695 697
f 698 699 700
f 701 700 702
f 703 702 704
f 705 704 706
f 707 706 708
f 709 708 710
f 711 710 712
f 713 712 714
f 715 714 716
f 717 716 718
f 719 718 720
f 721 720 722
f 723 722 724
f 725 724 726
f 727 726 728
f 729 728 730
f 731 730 732
f 733 732 734
f 735 734 736
f 737 736 738
f 739 738 740
f 741 740 742
f 743 742 744
f 745 744 746
f 747 746 748
f 749 748 750
f 751 750 752
f 753 752 754
f 755 754 756
f 757 756 758
f 759 758 760
f 761 760 762
f 763 762 764
f 765 764 766
f 767 768 477
f 697 562 477
f 477 768 697
f 767 505 484
f 769 484 483
f 770 483 482
f 771 482 531
f 772 531 550
f 773 550 556
f 774 556 544
f 775 544 543
f 776 543 549
f 777 549 561
f 778 561 560
f 779 560 559
f 780 559 558
f 781 558 557
f 782 557 555
f 783 555 554
f 784 554 548
f 785 548 547
f 786 547 546
f 787 546 553
f 788 553 552
f 789 552 530
f 699 698 504
f 790 530 504
f 504 698 790
f 504 628 699
f 530 790 789
f 552 789 788
f 553 788 787
f 546 787 786
f 547 786 785
f 548 785 784
f 554 784 783
f 555 783 782
f 557 782 781
f 558 781 780
f 559 780 779
f 560 779 778
f 561 778 777
f 549 777 776
f 543 776 775
f 544 775 774
f 556 774 773
f 550 773 772
f 531 772 771
f 482 771 770
f 483 770 769
f 484 769 767
f 477 505 767
f 766 791 765
f 764 765 763
f 762 763 761
f 760 761 759
f 758 759 757
f 756 757 755
f 754 755 753
f 752 753 751
f 750 751 749
f 748 749 747
f 746 747 745
f 744 745 743
f 742 743 741
f 740 741 739
f 738 739 737
f 736 737 735
f 734 735 733
f 732 733 731
f 730 731 729
f 728 729 727
f 726 727 725
f 724 725 723
f 722 723 721
f 720 721 719
f 718 719 717
f 716 717 715
f 714 715 713
f 712 713 711
f 710 711 709
f 708 709 707
f 706 707 705
f 704 705 703
f 702 703 701
f 700 701 698
f 697 768 696
f 695 696 694
f 693 694 692
f 691 692 690
f 689 690 688
f 687 688 686
f 685 686 684
f 683 684 682
f 681 682 680
f 679 680 678
f 677 678 676
f 675 676 674
f 673 674 672
f 671 672 670
f 669 670 668
f 667 668 666
f 665 666 664
f 663 664 662
f 661 662 660
f 659 660 658
f 657 658 656
f 655 656 654
f 653 654 652
f 651 652 650
f 649 650 648
f 647 648 646
f 645 646 644
f 643 644 642
f 641 642 640
f 639 640 638
f 637 638 636
f 635 636 634
f 633 634 632
f 631 632 629
f 630 629 792
f 792 793 630
f 766 794 795
f 795 791 766
f 792 796 797
f 629 798 799
f 629 800 801
f 629 802 803
f 804 805 806
f 797 807 792
f 629 808 798
f 803 800 629
f 629 809 810
f 629 811 812
f 792 813 804
f 792 814 815
f 792 816 817
f 792 818 819
f 792 820 796
f 792 821 822
f 801 808 629
f 810 823 629
f 629 824 825
f 812 826 629
f 792 827 813
f 792 828 814
f 792 829 816
f 819 830 792
f 792 831 832
f 792 833 834
f 822 820 792
f 799 792 629
f 629 835 809
f 825 836 629
f 826 837 629
f 838 839 840
f 815 827 792
f 817 841 792
f 792 842 818
f 834 831 792
f 799 821 792
f 823 843 629
f 629 844 845
f 837 824 629
f 846 629 237
f 839 847 848
f 840 849 838
f 850 851 852
f 841 828 792
f 832 842 792
f 843 802 629
f 836 844 629
f 629 853 854
f 237 242 846
f 848 855 839
f 849 856 838
f 851 857 858
f 851 838 859
f 852 860 850
f 861 862 863
f 861 850 864
f 865 861 866
f 867 868 869
f 830 829 792
f 845 835 629
f 629 870 853
f 846 871 629
f 872 873 874
f 847 872 875
f 856 859 838
f 859 857 851
f 860 876 850
f 864 862 861
f 865 877 878
f 866 879 865
f 867 880 868
f 867 865 881
f 807 833 792
f 871 870 629
f 225 636 638
f 225 632 634
f 222 640 642
f 218 658 660
f 213 664 666
f 873 882 883
f 874 884 872
f 875 885 847
f 858 852 851
f 863 866 861
f 879 877 865
f 881 880 867
f 854 811 629
f 805 804 886
f 634 636 225
f 222 644 646
f 222 638 640
f 221 652 654
f 218 656 658
f 213 662 664
f 210 670 672
f 795 887 888
f 883 889 873
f 885 848 847
f 876 864 850
f 869 890 867
f 891 867 890
f 886 892 805
f 629 231 234
f 629 225 228
f 225 629 632
f 642 644 222
f 221 650 652
f 221 646 648
f 218 654 656
f 213 660 662
f 210 668 670
f 791 893 894
f 795 895 896
f 795 897 898
f 795 899 887
f 795 900 901
f 795 902 903
f 904 905 906
f 882 904 907
f 884 875 872
f 878 881 865
f 891 908 909
f 890 910 891
f 792 911 912
f 806 792 804
f 228 231 629
f 646 221 222
f 648 650 221
f 666 210 213
f 210 666 668
f 207 676 678
f 207 672 674
f 206 680 682
f 894 913 791
f 791 914 915
f 795 916 917
f 795 918 895
f 795 919 920
f 888 897 795
f 795 921 900
f 795 922 923
f 902 924 903
f 907 883 882
f 855 840 839
f 910 908 891
f 792 925 911
f 234 237 629
f 654 218 221
f 672 207 210
f 674 676 207
f 206 678 680
f 203 684 686
f 200 688 690
f 926 43 46
f 791 927 928
f 791 929 893
f 791 930 914
f 791 795 931
f 795 932 933
f 795 934 935
f 795 936 937
f 896 916 795
f 898 919 795
f 795 938 921
f 903 922 795
f 902 939 940
f 902 941 942
f 889 874 873
f 912 891 792
f 886 943 892
f 660 213 218
f 682 203 206
f 203 682 684
f 200 686 688
f 791 944 926
f 791 945 946
f 928 947 791
f 915 929 791
f 931 948 791
f 795 949 950
f 933 951 795
f 795 952 953
f 795 954 955
f 795 956 934
f 937 957 795
f 795 958 959
f 920 918 795
f 923 938 795
f 902 960 961
f 942 939 902
f 962 963 964
f 965 966 967
f 252 968 969
f 252 970 971
f 251 252 972
f 909 792 891
f 242 245 846
f 678 206 207
f 690 197 200
f 197 692 694
f 791 973 944
f 791 974 975
f 947 945 791
f 948 930 791
f 951 949 795
f 955 952 795
f 957 956 795
f 795 976 958
f 795 977 978
f 901 899 795
f 940 960 902
f 902 979 980
f 902 981 982
f 983 984 985
f 986 987 988
f 989 990 991
f 989 992 993
f 994 995 996
f 962 996 963
f 965 964 966
f 997 998 999
f 252 1000 1001
f 971 968 252
f 251 1002 1003
f 251 1004 1005
f 972 1006 251
f 905 1007 1008
f 806 925 792
f 686 200 203
f 197 690 692
f 194 694 696
f 791 1009 973
f 791 1010 1011
f 946 974 791
f 950 931 795
f 935 954 795
f 978 976 795
f 961 924 902
f 982 979 902
f 1012 902 983
f 985 1013 983
f 986 1014 1015
f 986 1016 987
f 993 990 989
f 994 1017 995
f 967 997 965
f 997 967 998
f 1018 1019 1020
f 252 1021 1022
f 969 1000 252
f 252 1023 1024
f 252 257 1025
f 1003 1026 251
f 251 1027 1004
f 1006 1028 251
f 1007 1029 1030
f 1008 1031 905
f 638 222 225
f 696 191 194
f 1011 1009 791
f 791 1032 1033
f 791 1034 1035
f 913 927 791
f 959 936 795
f 980 941 902
f 983 1036 1012
f 1013 1037 983
f 902 1038 1016
f 988 1014 986
f 989 1015 992
f 994 991 1017
f 999 1018 997
f 1018 1039 1019
f 1040 1041 1042
f 1001 1021 252
f 1025 1023 252
f 1026 1043 251
f 1028 1027 251
f 1031 906 905
f 694 194 197
f 943 886 1044
f 185 769 770
f 180 770 771
f 72 71 729
f 70 72 733
f 1033 1010 791
f 975 1034 791
f 917 977 795
f 1037 1036 983
f 902 1045 1038
f 991 994 989
f 964 965 962
f 1018 999 1039
f 1040 1020 1041
f 1046 1047 1048
f 1024 970 252
f 1005 1002 251
f 246 251 1049
f 1050 1051 1052
f 1029 1050 1053
f 906 907 904
f 1044 1054 1055
f 188 767 769
f 771 177 180
f 177 771 772
f 80 83 715
f 75 721 723
f 75 80 719
f 729 731 72
f 733 735 70
f 67 739 741
f 67 70 737
f 62 67 743
f 56 763 765
f 1035 1032 791
f 1012 981 902
f 902 1056 1045
f 996 962 994
f 1042 1057 1040
f 1057 1058 1059
f 1060 1061 1062
f 1046 1062 1047
f 1063 1048 1064
f 1065 1066 1067
f 1068 1065 1069
f 1043 1049 251
f 846 245 246
f 1053 1030 1029
f 1044 1055 943
f 191 696 768
f 188 768 767
f 772 176 177
f 83 84 711
f 715 717 80
f 719 721 75
f 71 75 725
f 735 737 70
f 737 739 67
f 743 745 62
f 59 753 755
f 59 62 751
f 56 761 763
f 56 59 759
f 953 932 795
f 902 795 1056
f 1020 1040 1018
f 1057 1042 1058
f 1060 1059 1061
f 1064 1070 1063
f 1069 1052 1068
f 1049 846 246
f 1030 1008 1007
f 769 185 188
f 772 171 176
f 171 772 773
f 170 773 774
f 87 92 703
f 711 713 83
f 723 725 75
f 725 727 71
f 741 743 67
f 745 747 62
f 751 753 59
f 759 761 56
f 791 46 49
f 1016 986 902
f 1059 1060 1057
f 1048 1063 1046
f 1071 1072 1073
f 269 270 1074
f 1052 1051 1068
f 1052 1053 1050
f 770 180 185
f 774 167 170
f 92 95 701
f 703 705 87
f 84 87 707
f 717 719 80
f 731 733 72
f 747 749 62
f 755 757 59
f 791 53 56
f 46 791 926
f 1062 1046 1060
f 1071 1075 1072
f 1076 1073 1077
f 1074 1078 269
f 264 269 1079
f 258 263 1080
f 1022 972 252
f 773 170 171
f 705 707 87
f 707 709 84
f 727 729 71
f 757 759 59
f 791 52 53
f 1015 989 986
f 1070 1064 1075
f 1077 1081 1076
f 1082 1083 1084
f 11 1085 1086
f 1079 1080 264
f 1025 257 258
f 768 188 191
f 1054 1044 1087
f 1088 1089 1090
f 709 711 84
f 749 751 62
f 49 52 791
f 1073 1076 1071
f 1081 1077 1091
f 1092 1091 1083
f 1084 1093 1082
f 1093 1084 1094
f 11 1095 1096
f 11 1097 1085
f 11 1098 1099
f 11 1100 1101
f 11 1102 1103
f 11 1104 1105
f 270 275 1106
f 1080 263 264
f 1067 1069 1065
f 1087 1107 1108
f 984 1109 1088
f 1090 1110 1088
f 1088 1111 1112
f 1088 1113 1114
f 1088 1115 1116
f 1088 1117 1118
f 1088 1119 1120
f 1088 1121 1122
f 1088 1123 1124
f 1088 1125 1126
f 95 98 790
f 713 715 83
f 1075 1071 1070
f 1083 1127 1092
f 1094 1128 1093
f 11 1129 1130
f 11 1131 1095
f 11 1132 1097
f 11 1133 1098
f 1101 1134 11
f 1134 1133 11
f 1105 1102 11
f 1103 1100 11
f 1135 276 279
f 1136 1137 1138
f 1139 1136 1140
f 1066 1141 1142
f 1078 1079 269
f 1087 1108 1054
f 1107 1087 1143
f 1143 1144 1145
f 1146 1147 1148
f 1144 1143 1147
f 1125 1149 1150
f 1125 1151 1152
f 1088 1153 1154
f 1110 1155 1088
f 1112 1156 1088
f 1116 1113 1088
f 1088 1157 1117
f 1122 1119 1088
f 1120 1157 1088
f 1126 1123 1088
f 1124 1121 1088
f 104 107 787
f 101 104 788
f 98 101 789
f 790 698 95
f 765 791 56
f 1082 1127 1083
f 43 926 1158
f 29 1159 1160
f 1130 1161 11
f 1096 1162 11
f 1099 1132 11
f 279 1163 1135
f 275 276 1164
f 1140 1142 1139
f 1142 1067 1066
f 1080 1025 258
f 1145 1165 1143
f 1147 1146 1144
f 1148 1125 1146
f 1152 1149 1125
f 1125 1166 1167
f 1088 1168 1153
f 1156 1089 1088
f 1118 1115 1088
f 984 1169 1170
f 788 789 101
f 698 701 95
f 1091 1092 1081
f 1158 35 38
f 1158 38 43
f 34 1158 1159
f 1160 26 29
f 1160 1104 26
f 1104 20 23
f 1104 11 14
f 11 1171 1172
f 11 1173 1174
f 1162 1129 11
f 1164 1106 275
f 1141 1139 1142
f 1143 1165 1107
f 1125 1175 1146
f 1167 1151 1125
f 1155 1168 1088
f 984 1176 1177
f 984 1178 1169
f 984 1179 1180
f 107 108 786
f 789 790 98
f 1159 29 34
f 23 26 1104
f 14 17 1104
f 1128 1094 1181
f 1182 1181 1183
f 1184 1183 1185
f 1174 1171 11
f 1086 1131 11
f 1135 1164 276
f 1106 1074 270
f 1150 1175 1125
f 1125 1088 1186
f 1114 1111 1088
f 1170 1176 984
f 984 983 1179
f 1180 1178 984
f 114 117 784
f 108 111 785
f 787 788 104
f 34 35 1158
f 17 20 1104
f 1181 1182 1187
f 1185 1188 1184
f 1161 1173 11
f 8 1172 1189
f 1138 1140 1136
f 1186 1166 1125
f 167 774 775
f 984 1190 1109
f 984 1191 1192
f 1177 1191 984
f 153 776 777
f 777 778 149
f 785 111 114
f 786 787 107
f 1183 1184 1182
f 1189 5 8
f 5 1189 1193
f 1194 1163 2
f 775 161 164
f 984 1195 1190
f 161 775 776
f 149 150 777
f 780 781 134
f 785 786 108
f 1181 1187 1128
f 1193 1 5
f 1 1193 1194
f 775 164 167
f 1192 1195 984
f 776 153 156
f 778 144 149
f 780 137 138
f 781 131 134
f 128 131 781
f 122 123 782
f 117 122 783
f 701 703 92
f 2 1 1194
f 1088 1154 984
f 777 150 153
f 779 143 144
f 134 137 780
f 782 123 128
f 783 784 117
f 1172 8 11
f 1196 1197 1198
f 1199 1138 1200
f 776 156 161
f 779 138 143
f 781 782 128
f 784 785 114
f 1196 1201 1197
f 1200 1202 1199
f 144 778 779
f 782 783 122
f 1198 1185 1196
f 1203 1204 1201
f 1203 1199 1205
f 1138 1137 1200
f 138 779 780
f 1201 1196 1203
f 1202 1205 1199
f 1198 1188 1185
f 279 2 1163
f 1205 1204 1203
f 1206 1207 1194
f 1208 1206 1193
f 1209 1208 1189
f 1210 1209 1172
f 1211 1210 1171
f 1212 1211 1174
f 1213 1212 1173
f 1214 1213 1161
f 1215 1214 1130
f 1216 1215 1129
f 1217 1216 1162
f 1218 1217 1096
f 1219 1218 1095
f 1220 1219 1131
f 1221 1220 1086
f 1222 1221 1085
f 1223 1222 1097
f 1224 1223 1132
f 1225 1224 1099
f 1226 1225 1098
f 1227 1226 1133
f 1228 1227 1134
f 1229 1228 1101
f 1230 1229 1100
f 1231 1230 1103
f 1232 1231 1102
f 1233 1232 1105
f 1234 1233 1104
f 1235 1234 1160
f 1236 1235 1159
f 1237 1236 1158
f 1238 1237 926
f 1239 1238 944
f 1240 1239 973
f 1241 1240 1009
f 1242 1241 1011
f 1243 1242 1010
f 1244 1243 1033
f 1245 1244 1032
f 1246 1245 1035
f 1247 1246 1034
f 1248 1247 975
f 1249 1248 974
f 1250 1249 946
f 1251 1250 945
f 1252 1251 947
f 1253 1252 928
f 1254 1253 927
f 1255 1254 913
f 1256 1255 894
f 1257 1256 893
f 1258 1257 929
f 1259 1258 915
f 1260 1259 914
f 1261 1260 930
f 1262 1261 948
f 1263 1262 931
f 1264 1263 950
f 1265 1264 949
f 1266 1265 951
f 1267 1266 933
f 1268 1267 932
f 1269 1268 953
f 1270 1269 952
f 1271 1270 955
f 1272 1271 954
f 1273 1272 935
f 1274 1273 934
f 1275 1274 956
f 1276 1275 957
f 1277 1276 937
f 1278 1277 936
f 1279 1278 959
f 1280 1279 958
f 1281 1280 976
f 1282 1281 978
f 1283 1282 977
f 1284 1283 917
f 1285 1284 916
f 1286 1285 896
f 1287 1286 895
f 1288 1287 918
f 1289 1288 920
f 1290 1289 919
f 1291 1290 898
f 1292 1291 897
f 1293 1292 888
f 1294 1293 887
f 1295 1294 899
f 1296 1295 901
f 1297 1296 900
f 1298 1297 921
f 1299 1298 938
f 1300 1299 923
f 1301 1300 922
f 1302 1301 903
f 1303 1302 924
f 1304 1303 961
f 1305 1304 960
f 1306 1305 940
f 1307 1306 939
f 1308 1307 942
f 1309 1308 941
f 1310 1309 980
f 1311 1310 979
f 1312 1311 982
f 1313 1312 981
f 1314 1313 1012
f 1315 1314 1036
f 1316 1315 1037
f 1317 1316 1013
f 1317 985 984
f 984 1318 1317
f 1319 1318 1154
f 1320 1319 1153
f 1321 1320 1168
f 1322 1321 1155
f 1323 1322 1110
f 1324 1323 1090
f 1325 1324 1089
f 1326 1325 1156
f 1327 1326 1112
f 1328 1327 1111
f 1329 1328 1114
f 1330 1329 1113
f 1331 1330 1116
f 1332 1331 1115
f 1333 1332 1118
f 1334 1333 1117
f 1335 1334 1157
f 1336 1335 1120
f 1337 1336 1119
f 1338 1337 1122
f 1339 1338 1121
f 1340 1339 1124
f 1341 1340 1123
f 1342 1341 1126
f 1343 1342 1125
f 1344 1343 1148
f 1345 1344 1147
f 1346 1345 1143
f 1347 1346 1087
f 1348 1347 1044
f 1349 1348 886
f 1350 1349 804
f 1351 1350 813
f 1352 1351 827
f 1353 1352 815
f 1354 1353 814
f 1355 1354 828
f 1356 1355 841
f 1357 1356 817
f 1358 1357 816
f 1359 1358 829
f 1360 1359 830
f 1361 1360 819
f 1362 1361 818
f 1363 1362 842
f 1364 1363 832
f 1365 1364 831
f 1366 1365 834
f 1367 1366 833
f 1368 1367 807
f 1369 1368 797
f 1370 1369 796
f 1371 1370 820
f 1372 1371 822
f 1373 1372 821
f 1374 1373 799
f 1375 1374 798
f 1376 1375 808
f 1377 1376 801
f 1378 1377 800
f 1379 1378 803
f 1380 1379 802
f 1381 1380 843
f 1382 1381 823
f 1383 1382 810
f 1384 1383 809
f 1385 1384 835
f 1386 1385 845
f 1387 1386 844
f 1388 1387 836
f 1389 1388 825
f 1390 1389 824
f 1391 1390 837
f 1392 1391 826
f 1393 1392 812
f 1394 1393 811
f 1395 1394 854
f 1396 1395 853
f 1397 1396 870
f 1398 1397 871
f 1399 1398 846
f 1400 1399 1049
f 1401 1400 1043
f 1402 1401 1026
f 1403 1402 1003
f 1404 1403 1002
f 1405 1404 1005
f 1406 1405 1004
f 1407 1406 1027
f 1408 1407 1028
f 1409 1408 1006
f 1410 1409 972
f 1411 1410 1022
f 1412 1411 1021
f 1413 1412 1001
f 1414 1413 1000
f 1415 1414 969
f 1416 1415 968
f 1417 1416 971
f 1418 1417 970
f 1419 1418 1024
f 1420 1419 1023
f 1421 1420 1025
f 1422 1421 1080
f 1423 1422 1079
f 1424 1423 1078
f 1425 1424 1074
f 1426 1425 1106
f 1427 1426 1164
f 1428 1427 1135
f 1207 1428 1163
f 1163 1194 1207
f 1135 1163 1428
f 1164 1135 1427
f 1106 1164 1426
f 1074 1106 1425
f 1078 1074 1424
f 1079 1078 1423
f 1080 1079 1422
f 1025 1080 1421
f 1023 1025 1420
f 1024 1023 1419
f 970 1024 1418
f 971 970 1417
f 968 971 1416
f 969 968 1415
f 1000 969 1414
f 1001 1000 1413
f 1021 1001 1412
f 1022 1021 1411
f 972 1022 1410
f 1006 972 1409
f 1028 1006 1408
f 1027 1028 1407
f 1004 1027 1406
f 1005 1004 1405
f 1002 1005 1404
f 1003 1002 1403
f 1026 1003 1402
f 1043 1026 1401
f 1049 1043 1400
f 846 1049 1399
f 871 846 1398
f 870 871 1397
f 853 870 1396
f 854 853 1395
f 811 854 1394
f 812 811 1393
f 826 812 1392
f 837 826 1391
f 824 837 1390
f 825 824 1389
f 836 825 1388
f 844 836 1387
f 845 844 1386
f 835 845 1385
f 809 835 1384
f 810 809 1383
f 823 810 1382
f 843 823 1381
f 802 843 1380
f 803 802 1379
f 800 803 1378
f 801 800 1377
f 808 801 1376
f 798 808 1375
f 799 798 1374
f 821 799 1373
f 822 821 1372
f 820 822 1371
f 796 820 1370
f 797 796 1369
f 807 797 1368
f 833 807 1367
f 834 833 1366
f 831 834 1365
f 832 831 1364
f 842 832 1363
f 818 842 1362
f 819 818 1361
f 830 819 1360
f 829 830 1359
f 816 829 1358
f 817 816 1357
f 841 817 1356
f 828 841 1355
f 814 828 1354
f 815 814 1353
f 827 815 1352
f 813 827 1351
f 804 813 1350
f 886 804 1349
f 1044 886 1348
f 1087 1044 1347
f 1143 1087 1346
f 1147 1143 1345
f 1148 1147 1344
f 1125 1148 1343
f 1126 1125 1342
f 1123 1126 1341
f 1124 1123 1340
f 1121 1124 1339
f 1122 1121 1338
f 1119 1122 1337
f 1120 1119 1336
f 1157 1120 1335
f 1117 1157 1334
f 1118 1117 1333
f 1115 1118 1332
f 1116 1115 1331
f 1113 1116 1330
f 1114 1113 1329
f 1111 1114 1328
f 1112 1111 1327
f 1156 1112 1326
f 1089 1156 1325
f 1090 1089 1324
f 1110 1090 1323
f 1155 1110 1322
f 1168 1155 1321
f 1153 1168 1320
f 1154 1153 1319
f 984 1154 1318
f 1013 985 1317
f 1037 1013 1316
f 1036 1037 1315
f 1012 1036 1314
f 981 1012 1313
f 982 981 1312
f 979 982 1311
f 980 979 1310
f 941 980 1309
f 942 941 1308
f 939 942 1307
f 940 939 1306
f 960 940 1305
f 961 960 1304
f 924 961 1303
f 903 924 1302
f 922 903 1301
f 923 922 1300
f 938 923 1299
f 921 938 1298
f 900 921 1297
f 901 900 1296
f 899 901 1295
f 887 899 1294
f 888 887 1293
f 897 888 1292
f 898 897 1291
f 919 898 1290
f 920 919 1289
f 918 920 1288
f 895 918 1287
f 896 895 1286
f 916 896 1285
f 917 916 1284
f 977 917 1283
f 978 977 1282
f 976 978 1281
f 958 976 1280
f 959 958 1279
f 936 959 1278
f 937 936 1277
f 957 937 1276
f 956 957 1275
f 934 956 1274
f 935 934 1273
f 954 935 1272
f 955 954 1271
f 952 955 1270
f 953 952 1269
f 932 953 1268
f 933 932 1267
f 951 933 1266
f 949 951 1265
f 950 949 1264
f 931 950 1263
f 948 931 1262
f 930 948 1261
f 914 930 1260
f 915 914 1259
f 929 915 1258
f 893 929 1257
f 894 893 1256
f 913 894 1255
f 927 913 1254
f 928 927 1253
f 947 928 1252
f 945 947 1251
f 946 945 1250
f 974 946 1249
f 975 974 1248
f 1034 975 1247
f 1035 1034 1246
f 1032 1035 1245
f 1033 1032 1244
f 1010 1033 1243
f 1011 1010 1242
f 1009 1011 1241
f 973 1009 1240
f 944 973 1239
f 926 944 1238
f 1158 926 1237
f 1159 1158 1236
f 1160 1159 1235
f 1104 1160 1234
f 1105 1104 1233
f 1102 1105 1232
f 1103 1102 1231
f 1100 1103 1230
f 1101 1100 1229
f 1134 1101 1228
f 1133 1134 1227
f 1098 1133 1226
f 1099 1098 1225
f 1132 1099 1224
f 1097 1132 1223
f 1085 1097 1222
f 1086 1085 1221
f 1131 1086 1220
f 1095 1131 1219
f 1096 1095 1218
f 1162 1096 1217
f 1129 1162 1216
f 1130 1129 1215
f 1161 1130 1214
f 1173 1161 1213
f 1174 1173 1212
f 1171 1174 1211
f 1172 1171 1210
f 1189 1172 1209
f 1193 1189 1208
f 1194 1193 1206
f 1201 1204 1429
f 1204 1430 1429
f 1197 1201 1431
f 1201 1432 1431
f 1198 1197 1433
f 1197 1434 1433
f 1198 1435 1436
f 1436 1188 1198
f 1184 1188 1437
f 1188 1438 1437
f 1182 1184 1439
f 1184 1440 1439
f 1182 1441 1442
f 1442 1187 1182
f 1128 1187 1443
f 1187 1444 1443
f 1093 1128 1445
f 1128 1446 1445
f 1082 1093 1447
f 1093 1448 1447
f 1082 1449 1450
f 1450 1127 1082
f 1092 1127 1451
f 1127 1452 1451
f 1081 1092 1453
f 1092 1454 1453
f 1076 1081 1455
f 1081 1456 1455
f 1071 1076 1457
f 1076 1458 1457
f 1070 1071 1459
f 1071 1460 1459
f 1070 1461 1462
f 1462 1063 1070
f 1063 1463 1464
f 1464 1046 1063
f 1046 1465 1466
f 1466 1060 1046
f 1060 1467 1468
f 1468 1057 1060
f 1040 1057 1469
f 1057 1470 1469
f 1040 1471 1472
f 1472 1018 1040
f 997 1018 1473
f 1018 1474 1473
f 962 965 1475
f 1476 1475 965
f 965 997 1476
f 994 962 1477
f 962 1478 1477
f 989 994 1479
f 994 1480 1479
f 989 1481 1482
f 1482 986 989
f 902 986 1483
f 986 1484 1483
f 902 1485 1486
f 1486 983 902
f 1179 983 1487
f 983 1488 1487
f 1180 1179 1489
f 1179 1490 1489
f 1180 1491 1492
f 1492 1178 1180
f 1169 1178 1493
f 1178 1494 1493
f 1170 1169 1495
f 1169 1496 1495
f 1170 1497 1498
f 1498 1176 1170
f 1176 1499 1500
f 1500 1177 1176
f 1191 1177 1501
f 1177 1502 1501
f 1191 1503 1504
f 1504 1192 1191
f 1192 1505 1506
f 1506 1195 1192
f 1195 1507 1508
f 1508 1190 1195
f 1190 1509 1510
f 1510 1109 1190
f 1109 1511 1512
f 1512 1088 1109
f 1088 1513 1514
f 1514 1186 1088
f 1186 1515 1516
f 1516 1166 1186
f 1167 1166 1517
f 1166 1518 1517
f 1151 1167 1519
f 1167 1520 1519
f 1151 1521 1522
f 1522 1152 1151
f 1149 1152 1523
f 1152 1524 1523
f 1150 1149 1525
f 1149 1526 1525
f 1175 1150 1527
f 1150 1528 1527
f 1146 1175 1529
f 1175 1530 1529
f 1144 1146 1531
f 1146 1532 1531
f 1145 1144 1533
f 1144 1534 1533
f 1165 1145 1535
f 1145 1536 1535
f 1107 1165 1537
f 1165 1538 1537
f 1108 1107 1539
f 1107 1540 1539
f 1108 1541 1542
f 1542 1054 1108
f 1055 1054 1543
f 1054 1544 1543
f 1055 1545 1546
f 1546 943 1055
f 943 1547 1548
f 1548 892 943
f 892 1549 1550
f 1550 805 892
f 805 1551 1552
f 1552 806 805
f 806 1553 1554
f 1554 925 806
f 911 925 1555
f 925 1556 1555
f 911 1557 1558
f 1558 912 911
f 891 912 1559
f 912 1560 1559
f 867 891 1561
f 891 1562 1561
f 865 867 1563
f 867 1564 1563
f 861 865 1565
f 865 1566 1565
f 850 861 1567
f 861 1568 1567
f 851 850 1569
f 850 1570 1569
f 851 1571 1572
f 1572 838 851
f 839 838 1573
f 838 1574 1573
f 847 839 1575
f 839 1576 1575
f 847 1577 1578
f 1578 872 847
f 873 872 1579
f 872 1580 1579
f 882 873 1581
f 873 1582 1581
f 904 882 1583
f 882 1584 1583
f 905 904 1585
f 904 1586 1585
f 905 1587 1588
f 1588 1007 905
f 1007 1589 1590
f 1590 1029 1007
f 1050 1029 1591
f 1029 1592 1591
f 1050 1593 1594
f 1594 1051 1050
f 1068 1051 1595
f 1051 1596 1595
f 1068 1597 1598
f 1598 1065 1068
f 1065 1599 1600
f 1600 1066 1065
f 1066 1601 1602
f 1602 1141 1066
f 1141 1603 1604
f 1604 1139 1141
f 1139 1605 1606
f 1606 1136 1139
f 1136 1607 1608
f 1608 1137 1136
f 1200 1137 1609
f 1137 1610 1609
f 1200 1611 1612
f 1612 1202 1200
f 1202 1613 1614
f 1614 1205 1202
f 1204 1205 1615
f 1205 1616 1615
f 1615 1430 1204
f 1614 1616 1205
f 1612 1613 1202
f 1609 1611 1200
f 1608 1610 1137
f 1606 1607 1136
f 1604 1605 1139
f 1602 1603 1141
f 1600 1601 1066
f 1598 1599 1065
f 1595 1597 1068
f 1594 1596 1051
f 1591 1593 1050
f 1590 1592 1029
f 1588 1589 1007
f 1585 1587 905
f 1583 1586 904
f 1581 1584 882
f 1579 1582 873
f 1578 1580 872
f 1575 1577 847
f 1573 1576 839
f 1572 1574 838
f 1569 1571 851
f 1567 1570 850
f 1565 1568 861
f 1563 1566 865
f 1561 1564 867
f 1559 1562 891
f 1558 1560 912
f 1555 1557 911
f 1554 1556 925
f 1552 1553 806
f 1550 1551 805
f 1548 1549 892
f 1546 1547 943
f 1543 1545 1055
f 1542 1544 1054
f 1539 1541 1108
f 1537 1540 1107
f 1535 1538 1165
f 1533 1536 1145
f 1531 1534 1144
f 1529 1532 1146
f 1527 1530 1175
f 1525 1528 1150
f 1523 1526 1149
f 1522 1524 1152
f 1519 1521 1151
f 1517 1520 1167
f 1516 1518 1166
f 1514 1515 1186
f 1512 1513 1088
f 1510 1511 1109
f 1508 1509 1190
f 1506 1507 1195
f 1504 1505 1192
f 1501 1503 1191
f 1500 1502 1177
f 1498 1499 1176
f 1495 1497 1170
f 1493 1496 1169
f 1492 1494 1178
f 1489 1491 1180
f 1487 1490 1179
f 1486 1488 983
f 1483 1485 902
f 1482 1484 986
f 1479 1481 989
f 1477 1480 994
f 1475 1478 962
f 1473 1476 997
f 1472 1474 1018
f 1469 1471 1040
f 1468 1470 1057
f 1466 1467 1060
f 1464 1465 1046
f 1462 1463 1063
f 1459 1461 1070
f 1457 1460 1071
f 1455 1458 1076
f 1453 1456 1081
f 1451 1454 1092
f 1450 1452 1127
f 1447 1449 1082
f 1445 1448 1093
f 1443 1446 1128
f 1442 1444 1187
f 1439 1441 1182
f 1437 1440 1184
f 1436 1438 1188
f 1433 1435 1198
f 1431 1434 1197
f 1429 1432 1201
f 1617 1618 1523
f 1618 1619 1526
f 1619 1620 1525
f 1620 1621 1528
f 1621 1622 1527
f 1622 1623 1530
f 1623 1624 1529
f 1624 1625 1532
f 1625 1626 1531
f 1626 1627 1534
f 1627 1628 1533
f 1628 1629 1536
f 1629 1630 1535
f 1630 1631 1538
f 1631 1632 1537
f 1632 1633 1540
f 1633 1634 1539
f 1634 1635 1541
f 1635 1636 1542
f 1636 1637 1544
f 1637 1638 1543
f 1638 1639 1545
f 1639 1640 1546
f 1640 1641 1547
f 1641 1642 1548
f 1642 1643 1549
f 1643 1644 1550
f 1644 1645 1551
f 1645 1646 1552
f 1646 1647 1553
f 1647 1648 1554
f 1648 1649 1556
f 1649 1650 1555
f 1650 1651 1557
f 1651 1652 1558
f 1652 1653 1560
f 1653 1654 1559
f 1654 1655 1562
f 1655 1656 1561
f 1656 1657 1564
f 1657 1658 1563
f 1658 1659 1566
f 1659 1660 1565
f 1660 1661 1568
f 1661 1662 1567
f 1662 1663 1570
f 1663 1664 1569
f 1664 1665 1571
f 1665 1666 1572
f 1666 1667 1574
f 1667 1668 1573
f 1668 1669 1576
f 1669 1670 1575
f 1670 1671 1577
f 1671 1672 1578
f 1672 1673 1580
f 1673 1674 1579
f 1674 1675 1582
f 1675 1676 1581
f 1676 1677 1584
f 1677 1678 1583
f 1678 1679 1586
f 1679 1680 1585
f 1680 1681 1587
f 1681 1682 1588
f 1682 1683 1589
f 1683 1684 1590
f 1684 1685 1592
f 1685 1686 1591
f 1686 1687 1593
f 1687 1688 1594
f 1688 1689 1596
f 1689 1690 1595
f 1690 1691 1597
f 1691 1692 1598
f 1692 1693 1599
f 1693 1694 1600
f 1694 1695 1601
f 1695 1696 1602
f 1696 1697 1603
f 1697 1698 1604
f 1698 1699 1605
f 1699 1700 1606
f 1700 1701 1607
f 1701 1702 1608
f 1702 1703 1610
f 1703 1704 1609
f 1704 1705 1611
f 1705 1706 1612
f 1706 1707 1613
f 1707 1708 1614
f 1708 1709 1616
f 1709 1710 1615
f 1710 1711 1430
f 1711 1712 1429
f 1712 1713 1432
f 1713 1714 1431
f 1714 1715 1434
f 1715 1716 1433
f 1716 1717 1435
f 1717 1718 1436
f 1718 1719 1438
f 1719 1720 1437
f 1720 1721 1440
f 1721 1722 1439
f 1722 1723 1441
f 1723 1724 1442
f 1724 1725 1444
f 1725 1726 1443
f 1726 1727 1446
f 1727 1728 1445
f 1728 1729 1448
f 1729 1730 1447
f 1730 1731 1449
f 1731 1732 1450
f 1732 1733 1452
f 1733 1734 1451
f 1734 1735 1454
f 1735 1736 1453
f 1736 1737 1456
f 1737 1738 1455
f 1738 1739 1458
f 1739 1740 1457
f 1740 1741 1460
f 1741 1742 1459
f 1742 1743 1461
f 1743 1744 1462
f 1744 1745 1463
f 1745 1746 1464
f 1746 1747 1465
f 1747 1748 1466
f 1748 1749 1467
f 1749 1750 1468
f 1750 1751 1470
f 1751 1752 1469
f 1752 1753 1471
f 1753 1754 1472
f 1754 1755 1474
f 1755 1756 1473
f 1756 1757 1476
f 1757 1758 1475
f 1758 1759 1478
f 1759 1760 1477
f 1760 1761 1480
f 1761 1762 1479
f 1762 1763 1481
f 1763 1764 1482
f 1764 1765 1484
f 1765 1766 1483
f 1766 1767 1485
f 1767 1768 1486
f 1768 1769 1488
f 1769 1770 1487
f 1770 1771 1490
f 1771 1772 1489
f 1772 1773 1491
f 1773 1774 1492
f 1774 1775 1494
f 1775 1776 1493
f 1776 1777 1496
f 1777 1778 1495
f 1778 1779 1497
f 1779 1780 1498
f 1780 1781 1499
f 1781 1782 1500
f 1782 1783 1502
f 1783 1784 1501
f 1784 1785 1503
f 1785 1786 1504
f 1786 1787 1505
f 1787 1788 1506
f 1788 1789 1507
f 1789 1790 1508
f 1790 1791 1509
f 1791 1792 1510
f 1792 1793 1511
f 1793 1794 1512
f 1794 1795 1513
f 1795 1796 1514
f 1796 1797 1515
f 1797 1798 1516
f 1798 1799 1518
f 1799 1800 1517
f 1800 1801 1520
f 1801 1802 1519
f 1802 1803 1521
f 1803 1804 1522
f 1804 1617 1524
f 1524 1522 1804
f 1522 1521 1803
f 1521 1519 1802
f 1519 1520 1801
f 1520 1517 1800
f 1517 1518 1799
f 1518 1516 1798
f 1516 1515 1797
f 1515 1514 1796
f 1514 1513 1795
f 1513 1512 1794
f 1512 1511 1793
f 1511 1510 1792
f 1510 1509 1791
f 1509 1508 1790
f 1508 1507 1789
f 1507 1506 1788
f 1506 1505 1787
f 1505 1504 1786
f 1504 1503 1785
f 1503 1501 1784
f 1501 1502 1783
f 1502 1500 1782
f 1500 1499 1781
f 1499 1498 1780
f 1498 1497 1779
f 1497 1495 1778
f 1495 1496 1777
f 1496 1493 1776
f 1493 1494 1775
f 1494 1492 1774
f 1492 1491 1773
f 1491 1489 1772
f 1489 1490 1771
f 1490 1487 1770
f 1487 1488 1769
f 1488 1486 1768
f 1486 1485 1767
f 1485 1483 1766
f 1483 1484 1765
f 1484 1482 1764
f 1482 1481 1763
f 1481 1479 1762
f 1479 1480 1761
f 1480 1477 1760
f 1477 1478 1759
f 1478 1475 1758
f 1475 1476 1757
f 1476 1473 1756
f 1473 1474 1755
f 1474 1472 1754
f 1472 1471 1753
f 1471 1469 1752
f 1469 1470 1751
f 1470 1468 1750
f 1468 1467 1749
f 1467 1466 1748
f 1466 1465 1747
f 1465 1464 1746
f 1464 1463 1745
f 1463 1462 1744
f 1462 1461 1743
f 1461 1459 1742
f 1459 1460 1741
f 1460 1457 1740
f 1457 1458 1739
f 1458 1455 1738
f 1455 1456 1737
f 1456 1453 1736
f 1453 1454 1735
f 1454 1451 1734
f 1451 1452 1733
f 1452 1450 1732
f 1450 1449 1731
f 1449 1447 1730
f 1447 1448 1729
f 1448 1445 1728
f 1445 1446 1727
f 1446 1443 1726
f 1443 1444 1725
f 1444 1442 1724
f 1442 1441 1723
f 1441 1439 1722
f 1439 1440 1721
f 1440 1437 1720
f 1437 1438 1719
f 1438 1436 1718
f 1436 1435 1717
f 1435 1433 1716
f 1433 1434 1715
f 1434 1431 1714
f 1431 1432 1713
f 1432 1429 1712
f 1429 1430 1711
f 1430 1615 1710
f 1615 1616 1709
f 1616 1614 1708
f 1614 1613 1707
f 1613 1612 1706
f 1612 1611 1705
f 1611 1609 1704
f 1609 1610 1703
f 1610 1608 1702
f 1608 1607 1701
f 1607 1606 1700
f 1606 1605 1699
f 1605 1604 1698
f 1604 1603 1697
f 1603 1602 1696
f 1602 1601 1695
f 1601 1600 1694
f 1600 1599 1693
f 1599 1598 1692
f 1598 1597 1691
f 1597 1595 1690
f 1595 1596 1689
f 1596 1594 1688
f 1594 1593 1687
f 1593 1591 1686
f 1591 1592 1685
f 1592 1590 1684
f 1590 1589 1683
f 1589 1588 1682
f 1588 1587 1681
f 1587 1585 1680
f 1585 1586 1679
f 1586 1583 1678
f 1583 1584 1677
f 1584 1581 1676
f 1581 1582 1675
f 1582 1579 1674
f 1579 1580 1673
f 1580 1578 1672
f 1578 1577 1671
f 1577 1575 1670
f 1575 1576 1669
f 1576 1573 1668
f 1573 1574 1667
f 1574 1572 1666
f 1572 1571 1665
f 1571 1569 1664
f 1569 1570 1663
f 1570 1567 1662
f 1567 1568 1661
f 1568 1565 1660
f 1565 1566 1659
f 1566 1563 1658
f 1563 1564 1657
f 1564 1561 1656
f 1561 1562 1655
f 1562 1559 1654
f 1559 1560 1653
f 1560 1558 1652
f 1558 1557 1651
f 1557 1555 1650
f 1555 1556 1649
f 1556 1554 1648
f 1554 1553 1647
f 1553 1552 1646
f 1552 1551 1645
f 1551 1550 1644
f 1550 1549 1643
f 1549 1548 1642
f 1548 1547 1641
f 1547 1546 1640
f 1546 1545 1639
f 1545 1543 1638
f 1543 1544 1637
f 1544 1542 1636
f 1542 1541 1635
f 1541 1539 1634
f 1539 1540 1633
f 1540 1537 1632
f 1537 1538 1631
f 1538 1535 1630
f 1535 1536 1629
f 1536 1533 1628
f 1533 1534 1627
f 1534 1531 1626
f 1531 1532 1625
f 1532 1529 1624
f 1529 1530 1623
f 1530 1527 1622
f 1527 1528 1621
f 1528 1525 1620
f 1525 1526 1619
f 1526 1523 1618
f 1523 1524 1617
f 795 794 1805
f 1056 1805 1806
f 1045 1806 1807
f 1038 1807 1808
f 1016 1808 1809
f 987 1809 1810
f 988 1810 1811
f 1014 1811 1812
f 1015 1812 1813
f 992 1813 1814
f 993 1814 1815
f 990 1815 1816
f 991 1816 1817
f 1017 1817 1818
f 995 1818 1819
f 996 1819 1820
f 963 1820 1821
f 964 1821 1822
f 966 1822 1823
f 967 1823 1824
f 998 1824 1825
f 999 1825 1826
f 1039 1826 1827
f 1019 1827 1828
f 1020 1828 1829
f 1041 1829 1830
f 1042 1830 1831
f 1058 1831 1832
f 1059 1832 1833
f 1061 1833 1834
f 1062 1834 1835
f 1047 1835 1836
f 1048 1836 1837
f 1064 1837 1838
f 906 1839 1840
f 907 1840 1841
f 883 1841 1842
f 889 1842 1843
f 874 1843 1844
f 884 1844 1845
f 875 1845 1846
f 885 1846 1847
f 848 1847 1848
f 855 1848 1849
f 840 1849 1850
f 849 1850 1851
f 856 1851 1852
f 859 1852 1853
f 857 1853 1854
f 858 1854 1855
f 852 1855 1856
f 860 1856 1857
f 876 1857 1858
f 864 1858 1859
f 862 1859 1860
f 863 1860 1861
f 866 1861 1862
f 879 1862 1863
f 877 1863 1864
f 878 1864 1865
f 881 1865 1866
f 880 1866 1867
f 868 1867 1868
f 869 1868 1869
f 890 1869 1870
f 910 1870 1871
f 908 1871 1872
f 909 1872 793
f 1072 1075 1873
f 1838 1874 1873
f 1873 1075 1838
f 1072 1875 1876
f 1073 1876 1877
f 1077 1877 1878
f 1091 1878 1879
f 1083 1879 1880
f 1084 1880 1881
f 1094 1881 1882
f 1181 1882 1883
f 1183 1883 1884
f 1185 1884 1885
f 1196 1885 1886
f 1203 1886 1887
f 1199 1887 1888
f 1138 1888 1889
f 1140 1889 1890
f 1142 1890 1891
f 1067 1891 1892
f 1069 1892 1893
f 1052 1893 1894
f 1053 1894 1895
f 1030 1895 1896
f 1008 1896 1897
f 1839 906 1898
f 1031 1897 1898
f 1898 906 1031
f 1898 1899 1839
f 1897 1031 1008
f 1896 1008 1030
f 1895 1030 1053
f 1894 1053 1052
f 1893 1052 1069
f 1892 1069 1067
f 1891 1067 1142
f 1890 1142 1140
f 1889 1140 1138
f 1888 1138 1199
f 1887 1199 1203
f 1886 1203 1196
f 1885 1196 1185
f 1884 1185 1183
f 1883 1183 1181
f 1882 1181 1094
f 1881 1094 1084
f 1880 1084 1083
f 1879 1083 1091
f 1878 1091 1077
f 1877 1077 1073
f 1876 1073 1072
f 1873 1875 1072
f 793 792 909
f 1872 909 908
f 1871 908 910
f 1870 910 890
f 1869 890 869
f 1868 869 868
f 1867 868 880
f 1866 880 881
f 1865 881 878
f 1864 878 877
f 1863 877 879
f 1862 879 866
f 1861 866 863
f 1860 863 862
f 1859 862 864
f 1858 864 876
f 1857 876 860
f 1856 860 852
f 1855 852 858
f 1854 858 857
f 1853 857 859
f 1852 859 856
f 1851 856 849
f 1850 849 840
f 1849 840 855
f 1848 855 848
f 1847 848 885
f 1846 885 875
f 1845 875 884
f 1844 884 874
f 1843 874 889
f 1842 889 883
f 1841 883 907
f 1840 907 906
f 1838 1075 1064
f 1837 1064 1048
f 1836 1048 1047
f 1835 1047 1062
f 1834 1062 1061
f 1833 1061 1059
f 1832 1059 1058
f 1831 1058 1042
f 1830 1042 1041
f 1829 1041 1020
f 1828 1020 1019
f 1827 1019 1039
f 1826 1039 999
f 1825 999 998
f 1824 998 967
f 1823 967 966
f 1822 966 964
f 1821 964 963
f 1820 963 996
f 1819 996 995
f 1818 995 1017
f 1817 1017 991
f 1816 991 990
f 1815 990 993
f 1814 993 992
f 1813 992 1015
f 1812 1015 1014
f 1811 1014 988
f 1810 988 987
f 1809 987 1016
f 1808 1016 1038
f 1807 1038 1045
f 1806 1045 1056
f 1805 1056 795
f 630 1377 1378
f 630 1376 1377
f 630 793 1373
f 793 1367 1368
f 794 1265 1266
f 766 1254 1255
f 630 1391 1392
f 630 1381 1382
f 630 1375 1376
f 1373 1374 630
f 793 1366 1367
f 1900 1815 1814
f 794 1275 1276
f 794 1264 1265
f 794 1262 1263
f 766 1261 1262
f 766 1257 1258
f 766 1253 1254
f 766 1251 1252
f 630 1390 1391
f 630 1387 1388
f 630 1380 1381
f 1374 1375 630
f 793 1370 1371
f 1368 1369 793
f 793 1359 1360
f 793 1355 1356
f 793 1901 1902
f 1900 1816 1815
f 794 1274 1275
f 1263 1264 794
f 766 1260 1261
f 1258 1259 766
f 1255 1256 766
f 766 1250 1251
f 766 1248 1249
f 565 720 718
f 630 1389 1390
f 630 1386 1387
f 1382 1383 630
f 793 1372 1373
f 1369 1370 793
f 793 1364 1365
f 793 1362 1363
f 793 1358 1359
f 1356 1357 793
f 1902 1352 793
f 1900 1817 1816
f 1900 1819 1818
f 1900 1822 1821
f 794 1280 1281
f 794 1273 1274
f 794 1271 1272
f 794 1269 1270
f 794 1267 1268
f 1262 794 766
f 1256 1257 766
f 1249 1250 766
f 766 1246 1247
f 766 573 574
f 565 722 720
f 563 681 679
f 1388 1389 630
f 630 1384 1385
f 630 1379 1380
f 1371 1372 793
f 1363 1364 793
f 1360 1361 793
f 793 1354 1355
f 1352 1353 793
f 1818 1817 1900
f 1821 1820 1900
f 1900 1825 1824
f 1900 1828 1827
f 1900 1833 1832
f 794 1279 1280
f 794 1277 1278
f 1272 1273 794
f 1268 1269 794
f 1259 1260 766
f 1247 1248 766
f 574 1240 766
f 565 724 722
f 565 732 730
f 565 746 744
f 563 665 663
f 563 683 681
f 630 1395 618
f 1385 1386 630
f 1378 1379 630
f 1361 1362 793
f 1353 1354 793
f 1820 1819 1900
f 1824 1823 1900
f 1900 1829 1828
f 1900 1831 1830
f 1900 1834 1833
f 579 580 1229
f 794 1283 1903
f 1278 1279 794
f 1270 1271 794
f 1252 1253 766
f 766 1244 1245
f 766 1242 1243
f 1240 1241 766
f 565 726 724
f 730 728 565
f 565 738 736
f 565 742 740
f 565 748 746
f 563 655 653
f 563 661 659
f 563 667 665
f 563 671 669
f 563 675 673
f 679 677 563
f 563 687 685
f 563 691 689
f 563 697 695
f 630 1394 1395
f 1383 1384 630
f 1357 1358 793
f 1904 1853 1852
f 1823 1822 1900
f 1827 1826 1900
f 1832 1831 1900
f 579 1233 1234
f 579 1231 1232
f 1229 1230 579
f 794 1282 1283
f 1276 1277 794
f 1245 1246 766
f 1241 1242 766
f 565 714 712
f 728 726 565
f 736 734 565
f 744 742 565
f 653 651 563
f 659 657 563
f 669 667 563
f 677 675 563
f 689 687 563
f 695 693 563
f 1905 1344 1345
f 1905 1337 1338
f 1905 1335 1336
f 630 1393 1394
f 1365 1366 793
f 1904 1841 1840
f 1904 1846 1845
f 1904 1851 1850
f 1904 1854 1853
f 1814 1813 1900
f 1830 1829 1900
f 580 1226 1227
f 1234 1235 579
f 1230 1231 579
f 1281 1282 794
f 1243 1244 766
f 566 756 754
f 565 702 700
f 565 716 714
f 734 732 565
f 565 750 748
f 563 649 647
f 657 655 563
f 673 671 563
f 693 691 563
f 1345 1346 1905
f 1346 1347 1905
f 1905 1342 1343
f 1338 1339 1905
f 1905 1334 1335
f 1328 1905 1906
f 1392 1393 630
f 618 1395 1396
f 1904 1842 1841
f 1845 1844 1904
f 1904 1848 1847
f 1850 1849 1904
f 1904 1855 1854
f 1826 1825 1900
f 1900 1836 1835
f 582 583 1220
f 581 1223 1224
f 581 582 1222
f 1227 1228 580
f 580 581 1225
f 1232 1233 579
f 578 579 1236
f 577 578 1237
f 576 577 1238
f 794 1907 1908
f 1266 1267 794
f 567 762 760
f 566 758 756
f 565 704 702
f 565 708 706
f 712 710 565
f 740 738 565
f 651 649 563
f 685 683 563
f 1343 1344 1905
f 1905 1340 1341
f 1336 1337 1905
f 1905 1331 1332
f 1905 1329 1330
f 1906 1327 1328
f 1909 1910 1350
f 1396 617 618
f 1904 1843 1842
f 1847 1846 1904
f 1852 1851 1904
f 1904 1857 1856
f 1904 1861 1860
f 1904 1863 1862
f 1835 1834 1900
f 1900 1838 1837
f 583 584 1218
f 1220 1221 582
f 1222 1223 581
f 1225 1226 580
f 1236 1237 578
f 1238 1239 576
f 575 576 1239
f 1903 1907 794
f 766 571 572
f 766 568 569
f 568 766 764
f 567 764 762
f 566 760 758
f 706 704 565
f 718 716 565
f 1911 1294 1295
f 663 661 563
f 627 563 645
f 626 627 641
f 1339 1340 1905
f 1332 1333 1905
f 1328 1329 1905
f 1912 1913 1349
f 1350 1351 1909
f 1902 1909 1351
f 618 619 630
f 613 1399 1400
f 1914 1868 1867
f 1844 1843 1904
f 1856 1855 1904
f 1904 1859 1858
f 1862 1861 1904
f 1837 1836 1900
f 1915 1900 1812
f 1916 1809 1808
f 1916 1915 1810
f 1917 1916 1807
f 584 585 1216
f 1218 1219 583
f 1224 1225 581
f 1235 1236 579
f 1239 1240 575
f 1908 1918 794
f 766 570 571
f 764 567 568
f 754 564 566
f 564 752 750
f 710 708 565
f 1295 1296 1911
f 563 562 697
f 645 643 627
f 641 639 626
f 625 626 635
f 624 625 631
f 1341 1342 1905
f 1330 1331 1905
f 1910 1912 1350
f 619 620 630
f 616 1396 1397
f 615 1397 1398
f 1400 612 613
f 1400 1401 612
f 1919 1871 1870
f 1914 1869 1868
f 1849 1848 1904
f 1860 1859 1904
f 607 1415 1416
f 607 1413 1414
f 1900 1874 1838
f 1812 1811 1915
f 1810 1809 1916
f 1807 1806 1917
f 1920 1917 1805
f 585 586 1215
f 1216 1217 584
f 1221 1222 582
f 1237 1238 577
f 572 573 766
f 760 566 567
f 564 754 752
f 700 699 565
f 1911 1298 1299
f 1296 1297 1911
f 1921 1300 1301
f 1316 1317 1922
f 1923 1306 1307
f 1923 1304 1305
f 1923 1302 1303
f 643 641 627
f 639 637 626
f 635 633 625
f 630 623 624
f 1333 1334 1905
f 1913 1905 1348
f 1351 1352 1902
f 793 1924 1925
f 1398 614 615
f 614 1398 1399
f 1401 611 612
f 1919 1872 1871
f 1914 1870 1869
f 1858 1857 1904
f 1904 1865 1864
f 1414 1415 607
f 607 1411 1412
f 607 1404 1405
f 1811 1810 1915
f 1806 1805 1917
f 794 1926 1920
f 794 1918 1927
f 1217 1218 584
f 1228 1229 580
f 569 570 766
f 699 628 565
f 1911 1291 1292
f 1297 1298 1911
f 1921 1299 1300
f 1923 1315 1316
f 1923 1310 1311
f 1923 1308 1309
f 1305 1306 1923
f 1923 1301 1302
f 1303 1304 1923
f 1928 1929 1319
f 1930 1928 1320
f 1931 1930 1321
f 1932 1931 1322
f 1933 1934 1324
f 637 635 626
f 631 630 624
f 630 621 622
f 1348 1349 1913
f 1925 1901 793
f 1397 615 616
f 793 1935 1936
f 1937 793 1872
f 1867 1938 1914
f 1938 1866 1865
f 1864 1863 1904
f 1412 1413 607
f 607 1409 1410
f 607 1407 1408
f 1405 1406 607
f 1406 1407 607
f 1808 1807 1916
f 1927 1926 794
f 1219 1220 583
f 750 565 564
f 1292 1293 1911
f 1911 1289 1290
f 1939 1287 1288
f 1301 1940 1921
f 1301 1941 1942
f 1923 1314 1315
f 1923 1312 1313
f 1309 1310 1923
f 1307 1308 1923
f 1319 1929 1943
f 1320 1321 1930
f 1322 1323 1932
f 1324 1325 1933
f 1944 1933 1326
f 633 631 625
f 630 620 621
f 1349 1350 1912
f 1399 613 614
f 793 1937 1935
f 1870 1914 1919
f 1938 1867 1866
f 1840 1839 1904
f 607 1419 1420
f 607 1417 1418
f 1410 1411 607
f 1408 1409 607
f 587 588 1213
f 586 587 1214
f 1805 794 1920
f 574 575 1240
f 1945 1284 1285
f 1946 1285 1286
f 1290 1291 1911
f 1288 1911 1939
f 1288 1289 1911
f 1301 1947 1940
f 1301 1948 1949
f 1942 1950 1301
f 1313 1314 1923
f 1317 1318 1951
f 1319 1320 1928
f 1323 1952 1932
f 1934 1952 1323
f 1326 1327 1944
f 622 623 630
f 616 617 1396
f 1347 1348 1905
f 1872 1919 1937
f 1839 1899 1904
f 1418 1419 607
f 1214 1215 586
f 1215 1216 585
f 1903 1283 1284
f 1286 1953 1946
f 1954 1286 1287
f 1293 1294 1911
f 1301 1955 1947
f 1301 1956 1957
f 1950 1948 1301
f 1301 1923 1958
f 1311 1312 1923
f 1318 1943 1951
f 1321 1322 1931
f 1325 1326 1933
f 1865 1904 1938
f 611 1401 1402
f 1416 1417 607
f 606 1420 1421
f 604 1422 1423
f 603 1423 1424
f 602 1424 1425
f 601 1425 1426
f 1209 592 593
f 591 592 1209
f 589 590 1211
f 588 589 1212
f 1813 1812 1900
f 1285 1946 1945
f 1287 1939 1954
f 1299 1921 1911
f 1957 1959 1301
f 1958 1941 1301
f 1951 1922 1317
f 1323 1324 1934
f 1327 1906 1960
f 1936 1924 793
f 1402 610 611
f 1402 1403 610
f 1421 605 606
f 605 1421 1422
f 1424 602 603
f 1426 600 601
f 1426 1427 599
f 1208 593 594
f 1209 1210 591
f 1212 1213 588
f 1284 1945 1903
f 1949 1956 1301
f 1943 1318 1319
f 1327 1961 1962
f 1327 1963 1964
f 647 645 563
f 1403 1404 610
f 1422 604 605
f 1425 601 602
f 1427 598 599
f 598 1427 1428
f 593 1208 1209
f 590 591 1210
f 1213 1214 587
f 1959 1955 1301
f 1962 1944 1327
f 1960 1963 1327
f 1404 609 610
f 1404 607 608
f 1423 603 604
f 1428 597 598
f 1207 1206 595
f 1210 1211 590
f 1954 1953 1286
f 1211 1212 589
f 1964 1961 1327
f 608 609 1404
f 599 600 1426
f 1207 596 597
f 595 596 1207
f 1922 1923 1316
f 597 1428 1207
f 594 595 1208
f 1420 606 607
f 1206 1208 595
f 1898 1668 1667
f 1898 1670 1669
f 1965 1966 1647
f 1967 1968 1650
f 1968 1969 1651
f 1970 1653 1652
f 1971 1657 1656
f 1971 1972 1658
f 1973 1665 1664
f 1669 1668 1898
f 1974 1641 1640
f 1975 1976 1643
f 1977 1645 1644
f 1977 1965 1646
f 1966 1648 1647
f 1967 1649 1648
f 1651 1650 1968
f 1652 1969 1970
f 1658 1657 1971
f 1972 1973 1659
f 1973 1666 1665
f 1667 1973 1898
f 1898 1672 1671
f 1978 1759 1758
f 1979 1980 1638
f 1980 1981 1639
f 1640 1981 1974
f 1974 1975 1642
f 1976 1644 1643
f 1646 1645 1977
f 1648 1966 1967
f 1652 1651 1969
f 1970 1982 1654
f 1982 1983 1655
f 1659 1658 1972
f 1973 1662 1661
f 1664 1663 1973
f 1671 1670 1898
f 1873 1745 1744
f 1873 1748 1747
f 1978 1760 1759
f 1984 1764 1763
f 1639 1638 1980
f 1642 1641 1974
f 1644 1976 1977
f 1650 1649 1967
f 1655 1654 1982
f 1656 1983 1971
f 1661 1660 1973
f 1667 1666 1973
f 1744 1743 1873
f 1873 1749 1748
f 1873 1978 1755
f 1758 1757 1978
f 1978 1762 1761
f 1763 1978 1984
f 1985 1765 1764
f 1986 1772 1771
f 1640 1639 1981
f 1647 1646 1965
f 1656 1655 1983
f 1663 1662 1973
f 1898 1677 1676
f 1682 1897 1896
f 1873 1746 1745
f 1873 1750 1749
f 1873 1753 1752
f 1755 1754 1873
f 1761 1760 1978
f 1764 1984 1985
f 1985 1987 1766
f 1988 1989 1770
f 1771 1989 1986
f 1990 1780 1779
f 1991 1796 1795
f 1643 1642 1975
f 1660 1659 1973
f 1898 1674 1673
f 1676 1675 1898
f 1896 1684 1683
f 1684 1896 1895
f 1691 1893 1892
f 1740 1739 1876
f 1741 1740 1875
f 1747 1746 1873
f 1752 1751 1873
f 1978 1756 1755
f 1763 1762 1978
f 1987 1767 1766
f 1992 1768 1767
f 1988 1769 1768
f 1771 1770 1989
f 1993 1994 1778
f 1779 1994 1990
f 1995 1996 1782
f 1997 1788 1787
f 1795 1998 1991
f 1999 1797 1796
f 2000 1800 1799
f 2001 1801 1800
f 2001 2002 1802
f 1654 1653 1970
f 1675 1674 1898
f 1681 1898 1897
f 1895 1685 1684
f 1688 1894 1893
f 1892 1692 1691
f 1738 1737 1877
f 1876 1875 1740
f 1873 1742 1741
f 1751 1750 1873
f 1757 1756 1978
f 1767 1987 1992
f 1770 1769 1988
f 2003 1776 1775
f 1993 1777 1776
f 1779 1778 1994
f 1996 1783 1782
f 2004 1784 1783
f 2005 2006 1786
f 1787 2006 1997
f 2007 1792 1791
f 2008 1793 1792
f 2008 1998 1794
f 1796 1991 1999
f 1999 2009 1798
f 1799 2009 2000
f 1802 1801 2001
f 2010 1629 1628
f 2010 2011 1630
f 2011 2012 1631
f 1673 1672 1898
f 1898 1679 1678
f 1898 1681 1680
f 1896 1683 1682
f 1686 1895 1894
f 1893 1689 1688
f 1691 1690 1893
f 1693 1892 1891
f 1891 1890 1697
f 1734 1733 1879
f 1736 1735 1878
f 1877 1876 1738
f 1875 1873 1741
f 1754 1753 1873
f 1768 1992 1988
f 1775 2013 2003
f 1778 1777 1993
f 1995 1781 1780
f 1783 1996 2004
f 2005 1785 1784
f 1787 1786 2006
f 2014 1789 1788
f 2014 2015 1790
f 1791 2015 2007
f 1794 1793 2008
f 1798 1797 1999
f 1800 2000 2001
f 1628 2016 2010
f 1631 1630 2011
f 2017 1633 1632
f 2017 2018 1634
f 2018 2019 1635
f 1979 1637 1636
f 1678 1677 1898
f 1897 1682 1681
f 1894 1687 1686
f 1690 1689 1893
f 1891 1695 1694
f 1890 1698 1697
f 1879 1878 1734
f 1878 1877 1736
f 1739 1738 1876
f 1766 1765 1985
f 2020 1773 1772
f 2020 2013 1774
f 1776 2003 1993
f 1782 1781 1995
f 1786 1785 2005
f 1790 1789 2014
f 1792 2007 2008
f 1799 1798 2009
f 2021 1804 1803
f 2022 1621 1620
f 2022 2023 1622
f 2023 2024 1623
f 1630 1629 2010
f 1632 2012 2017
f 1635 1634 2018
f 1636 2019 1979
f 1680 1679 1898
f 1688 1687 1894
f 1891 1694 1693
f 1697 1696 1891
f 1885 1884 1716
f 1884 1719 1718
f 1883 1720 1719
f 1882 1723 1722
f 1729 1728 1881
f 1731 1730 1880
f 1735 1734 1878
f 1743 1742 1873
f 1774 1773 2020
f 1780 1990 1995
f 1788 1997 2014
f 1795 1794 1998
f 1803 2002 2021
f 2025 1617 1804
f 2026 2027 1619
f 1622 1621 2022
f 2024 1624 1623
f 2028 2029 1626
f 2029 2016 1627
f 1632 1631 2012
f 1636 1635 2019
f 1686 1685 1895
f 1696 1695 1891
f 1889 1888 1703
f 1886 1710 1709
f 1886 1885 1713
f 1884 1717 1716
f 1719 1884 1883
f 1883 1722 1721
f 1882 1724 1723
f 1880 1730 1729
f 1879 1732 1731
f 1737 1736 1877
f 1775 1774 2013
f 1791 1790 2015
f 1804 2021 2025
f 2027 1620 1619
f 1623 1622 2023
f 2028 1625 1624
f 1627 1626 2029
f 1634 1633 2017
f 1693 1692 1892
f 1890 1889 1700
f 1703 1702 1889
f 1888 1705 1704
f 1887 1707 1706
f 1886 1711 1710
f 1713 1712 1886
f 1718 1717 1884
f 1722 1883 1882
f 1881 1726 1725
f 1881 1728 1727
f 1880 1879 1731
f 1772 1986 2020
f 1803 1802 2002
f 2025 2026 1618
f 1620 2027 2022
f 1626 1625 2028
f 1638 1637 1979
f 1700 1699 1890
f 1704 1703 1888
f 1706 1888 1887
f 1709 1887 1886
f 1885 1714 1713
f 1721 1720 1883
f 1725 1882 1881
f 1881 1880 1729
f 1784 2004 2005
f 1619 1618 2026
f 1628 1627 2016
f 1889 1701 1700
f 1706 1705 1888
f 1709 1708 1887
f 1885 1715 1714
f 1725 1724 1882
f 1733 1732 1879
f 1624 2024 2028
f 1702 1701 1889
f 1712 1711 1886
f 1727 1726 1881
f 1699 1698 1890
f 1716 1715 1885
f 1708 1707 1887
f 1618 1617 2025
f 1938 1904 1973
f 1914 1938 1972
f 1919 1914 1971
f 1937 1919 1983
f 1935 1937 1982
f 1936 1935 1970
f 1924 1936 1969
f 1925 1924 1968
f 1901 1925 1967
f 1902 1901 1966
f 1909 1902 1965
f 1910 1909 1977
f 1912 1910 1976
f 1913 1912 1975
f 1905 1913 1974
f 1906 1905 1981
f 1960 1906 1980
f 1963 1960 1979
f 1964 1963 2019
f 1961 1964 2018
f 1962 1961 2017
f 1944 1962 2012
f 1933 1944 2011
f 1934 1933 2010
f 1952 1934 2016
f 1932 1952 2029
f 1931 1932 2028
f 1930 1931 2024
f 1928 1930 2023
f 1929 1928 2022
f 1943 1929 2027
f 1951 1943 2026
f 1922 1951 2025
f 1923 1922 2021
f 1958 1923 2002
f 1941 1958 2001
f 1942 1941 2000
f 1950 1942 2009
f 1948 1950 1999
f 1949 1948 1991
f 1956 1949 1998
f 1957 1956 2008
f 1959 1957 2007
f 1955 1959 2015
f 1947 1955 2014
f 1940 1947 1997
f 1921 1940 2006
f 1911 1921 2005
f 1939 1911 2004
f 1954 1939 1996
f 1953 1954 1995
f 1946 1953 1990
f 1945 1946 1994
f 1903 1945 1993
f 1907 1903 2003
f 1908 1907 2013
f 1918 1908 2020
f 1927 1918 1986
f 1926 1927 1989
f 1920 1926 1988
f 1917 1920 1992
f 1916 1917 1987
f 1915 1916 1985
f 1900 1915 1984
f 1984 1978 1900
f 1985 1984 1915
f 1987 1985 1916
f 1992 1987 1917
f 1988 1992 1920
f 1989 1988 1926
f 1986 1989 1927
f 2020 1986 1918
f 2013 2020 1908
f 2003 2013 1907
f 1993 2003 1903
f 1994 1993 1945
f 1990 1994 1946
f 1995 1990 1953
f 1996 1995 1954
f 2004 1996 1939
f 2005 2004 1911
f 2006 2005 1921
f 1997 2006 1940
f 2014 1997 1947
f 2015 2014 1955
f 2007 2015 1959
f 2008 2007 1957
f 1998 2008 1956
f 1991 1998 1949
f 1999 1991 1948
f 2009 1999 1950
f 2000 2009 1942
f 2001 2000 1941
f 2002 2001 1958
f 2021 2002 1923
f 2025 2021 1922
f 2026 2025 1951
f 2027 2026 1943
f 2022 2027 1929
f 2023 2022 1928
f 2024 2023 1930
f 2028 2024 1931
f 2029 2028 1932
f 2016 2029 1952
f 2010 2016 1934
f 2011 2010 1933
f 2012 2011 1944
f 2017 2012 1962
f 2018 2017 1961
f 2019 2018 1964
f 1979 2019 1963
f 1980 1979 1960
f 1981 1980 1906
f 1974 1981 1905
f 1975 1974 1913
f 1976 1975 1912
f 1977 1976 1910
f 1965 1977 1909
f 1966 1965 1902
f 1967 1966 1901
f 1968 1967 1925
f 1969 1968 1924
f 1970 1969 1936
f 1982 1970 1935
f 1983 1982 1937
f 1971 1983 1919
f 1972 1971 1914
f 1973 1972 1938
f 1873 1874 1900
f 1900 1978 1873
f 1899 1898 1973
f 1973 1904 1899
