# 
# Wavefront OBJ file
# Created with Kaydara FBX
# 
mtllib klema_za_tockice_1.mtl

g klema_za_tockice_1
v 20.500000 -12.272611 -2.746036
v 20.500000 -12.125000 -2.750000
v 14.000000 -12.125000 -2.750000
v 20.500000 -12.419796 -2.734154
v 14.000000 -12.272611 -2.746036
v 20.500000 -12.566131 -2.714388
v 14.000000 -12.419796 -2.734154
v 20.500000 -12.711194 -2.686797
v 14.000000 -12.566131 -2.714388
v 20.500000 -12.854567 -2.651458
v 14.000000 -12.711194 -2.686797
v 20.500000 -12.995837 -2.608475
v 14.000000 -12.854567 -2.651458
v 20.500000 -13.134596 -2.557971
v 14.000000 -12.995837 -2.608475
v 20.500000 -13.270444 -2.500092
v 14.000000 -13.134596 -2.557971
v 20.500000 -13.402989 -2.435004
v 14.000000 -13.270444 -2.500092
v 20.500000 -13.531849 -2.362896
v 14.000000 -13.402989 -2.435004
v 20.500000 -13.656653 -2.283974
v 14.000000 -13.531849 -2.362896
v 20.500000 -13.777041 -2.198468
v 14.000000 -13.656653 -2.283974
v 20.500000 -13.892666 -2.106622
v 14.000000 -13.777041 -2.198468
v 20.500000 -14.003194 -2.008703
v 14.000000 -13.892666 -2.106622
v 20.500000 -14.108307 -1.904992
v 14.000000 -14.003194 -2.008703
v 20.500000 -14.207701 -1.795788
v 14.000000 -14.108307 -1.904992
v 20.500000 -14.301090 -1.681407
v 14.000000 -14.207701 -1.795788
v 20.500000 -14.388206 -1.562178
v 14.000000 -14.301090 -1.681407
v 20.500000 -14.468795 -1.438445
v 14.000000 -14.388206 -1.562178
v 20.500000 -14.542627 -1.310564
v 14.000000 -14.468795 -1.438445
v 20.500000 -14.609489 -1.178905
v 14.000000 -14.542627 -1.310564
v 20.500000 -14.669187 -1.043846
v 14.000000 -14.609489 -1.178905
v 20.500000 -14.721549 -0.905778
v 14.000000 -14.669187 -1.043846
v 20.500000 -14.766425 -0.765098
v 14.000000 -14.721549 -0.905778
v 20.500000 -14.803685 -0.622212
v 14.000000 -14.766425 -0.765098
v 20.500000 -14.833221 -0.477532
v 14.000000 -14.803685 -0.622212
v 20.500000 -14.854949 -0.331476
v 14.000000 -14.833221 -0.477532
v 20.500000 -14.868806 -0.184464
v 14.000000 -14.854949 -0.331476
v 20.500000 -14.874752 -0.036919
v 14.000000 -14.868806 -0.184464
v 20.500000 -14.872770 0.110731
v 14.000000 -14.874752 -0.036919
v 20.500000 -14.862865 0.258063
v 14.000000 -14.872770 0.110731
v 20.500000 -14.845066 0.404650
v 14.000000 -14.862865 0.258063
v 20.500000 -14.819424 0.550071
v 14.000000 -14.845066 0.404650
v 20.500000 -14.786014 0.693905
v 14.000000 -14.819424 0.550071
v 20.500000 -14.744931 0.835739
v 14.000000 -14.786014 0.693905
v 20.500000 -14.696295 0.975163
v 14.000000 -14.744931 0.835739
v 20.500000 -14.640244 1.111776
v 14.000000 -14.696295 0.975163
v 20.500000 -14.576942 1.245183
v 14.000000 -14.640244 1.111776
v 20.500000 -14.506570 1.375000
v 14.000000 -14.576942 1.245183
v 20.500000 -14.429331 1.500852
v 14.000000 -14.506570 1.375000
v 20.500000 -14.345448 1.622377
v 14.000000 -14.429331 1.500852
v 20.500000 -14.255164 1.739225
v 14.000000 -14.345448 1.622377
v 20.500000 -14.158737 1.851057
v 14.000000 -14.255164 1.739225
v 20.500000 -14.056447 1.957553
v 14.000000 -14.158737 1.851057
v 20.500000 -13.948587 2.058405
v 14.000000 -14.056447 1.957553
v 20.500000 -13.835470 2.153321
v 14.000000 -13.948587 2.058405
v 20.500000 -13.717421 2.242029
v 14.000000 -13.835470 2.153321
v 20.500000 -13.594781 2.324273
v 14.000000 -13.717421 2.242029
v 20.500000 -13.467903 2.399815
v 14.000000 -13.594781 2.324273
v 20.500000 -13.337153 2.468438
v 14.000000 -13.467903 2.399815
v 20.500000 -13.202908 2.529943
v 14.000000 -13.337153 2.468438
v 20.500000 -13.065555 2.584155
v 14.000000 -13.202908 2.529943
v 20.500000 -12.925491 2.630915
v 14.000000 -13.065555 2.584155
v 20.500000 -12.783118 2.670090
v 14.000000 -12.925491 2.630915
v 20.500000 -12.638848 2.701566
v 14.000000 -12.783118 2.670090
v 20.500000 -12.493096 2.725253
v 14.000000 -12.638848 2.701566
v 20.500000 -12.346283 2.741083
v 14.000000 -12.493096 2.725253
v 20.500000 -12.198832 2.749009
v 14.000000 -12.346283 2.741083
v 20.500000 -12.051168 2.749009
v 14.000000 -12.198832 2.749009
v 20.500000 -11.903717 2.741083
v 14.000000 -12.051168 2.749009
v 20.500000 -11.756904 2.725253
v 14.000000 -11.903717 2.741083
v 20.500000 -11.611152 2.701566
v 14.000000 -11.756904 2.725253
v 20.500000 -11.466882 2.670090
v 14.000000 -11.611152 2.701566
v 20.500000 -11.324509 2.630915
v 14.000000 -11.466882 2.670090
v 20.500000 -11.184445 2.584155
v 14.000000 -11.324509 2.630915
v 20.500000 -11.047092 2.529943
v 14.000000 -11.184445 2.584155
v 20.500000 -10.912847 2.468438
v 14.000000 -11.047092 2.529943
v 20.500000 -10.782097 2.399815
v 14.000000 -10.912847 2.468438
v 20.500000 -10.655219 2.324273
v 14.000000 -10.782097 2.399815
v 20.500000 -10.532579 2.242029
v 14.000000 -10.655219 2.324273
v 20.500000 -10.414530 2.153321
v 14.000000 -10.532579 2.242029
v 20.500000 -10.301413 2.058405
v 14.000000 -10.414530 2.153321
v 20.500000 -10.193553 1.957553
v 14.000000 -10.301413 2.058405
v 20.500000 -10.091263 1.851057
v 14.000000 -10.193553 1.957553
v 20.500000 -9.994836 1.739225
v 14.000000 -10.091263 1.851057
v 20.500000 -9.904552 1.622377
v 14.000000 -9.994836 1.739225
v 20.500000 -9.820669 1.500852
v 14.000000 -9.904552 1.622377
v 20.500000 -9.743430 1.375000
v 14.000000 -9.820669 1.500852
v 20.500000 -9.673058 1.245183
v 14.000000 -9.743430 1.375000
v 20.500000 -9.609756 1.111776
v 14.000000 -9.673058 1.245183
v 20.500000 -9.553705 0.975163
v 14.000000 -9.609756 1.111776
v 20.500000 -9.505069 0.835739
v 14.000000 -9.553705 0.975163
v 20.500000 -9.463986 0.693905
v 14.000000 -9.505069 0.835739
v 20.500000 -9.430576 0.550071
v 14.000000 -9.463986 0.693905
v 20.500000 -9.404934 0.404650
v 14.000000 -9.430576 0.550071
v 20.500000 -9.387135 0.258063
v 14.000000 -9.404934 0.404650
v 20.500000 -9.377230 0.110731
v 14.000000 -9.387135 0.258063
v 20.500000 -9.375248 -0.036919
v 14.000000 -9.377230 0.110731
v 20.500000 -9.381194 -0.184464
v 14.000000 -9.375248 -0.036919
v 20.500000 -9.395051 -0.331476
v 14.000000 -9.381194 -0.184464
v 20.500000 -9.416779 -0.477532
v 14.000000 -9.395051 -0.331476
v 20.500000 -9.446315 -0.622212
v 14.000000 -9.416779 -0.477532
v 20.500000 -9.483575 -0.765098
v 14.000000 -9.446315 -0.622212
v 20.500000 -9.528451 -0.905778
v 14.000000 -9.483575 -0.765098
v 20.500000 -9.580813 -1.043846
v 14.000000 -9.528451 -0.905778
v 20.500000 -9.640511 -1.178905
v 14.000000 -9.580813 -1.043846
v 20.500000 -9.707373 -1.310564
v 14.000000 -9.640511 -1.178905
v 20.500000 -9.781205 -1.438445
v 14.000000 -9.707373 -1.310564
v 20.500000 -9.861794 -1.562178
v 14.000000 -9.781205 -1.438445
v 20.500000 -9.948910 -1.681407
v 14.000000 -9.861794 -1.562178
v 20.500000 -10.042299 -1.795788
v 14.000000 -9.948910 -1.681407
v 20.500000 -10.141693 -1.904992
v 14.000000 -10.042299 -1.795788
v 20.500000 -10.246806 -2.008703
v 14.000000 -10.141693 -1.904992
v 20.500000 -10.357334 -2.106622
v 14.000000 -10.246806 -2.008703
v 20.500000 -10.472959 -2.198468
v 14.000000 -10.357334 -2.106622
v 20.500000 -10.593347 -2.283974
v 14.000000 -10.472959 -2.198468
v 20.500000 -10.718151 -2.362896
v 14.000000 -10.593347 -2.283974
v 20.500000 -10.847011 -2.435004
v 14.000000 -10.718151 -2.362896
v 20.500000 -10.979556 -2.500092
v 14.000000 -10.847011 -2.435004
v 20.500000 -11.115404 -2.557971
v 14.000000 -10.979556 -2.500092
v 20.500000 -11.254163 -2.608475
v 14.000000 -11.115404 -2.557971
v 20.500000 -11.395433 -2.651458
v 14.000000 -11.254163 -2.608475
v 20.500000 -11.538806 -2.686797
v 14.000000 -11.395433 -2.651458
v 20.500000 -11.683869 -2.714388
v 14.000000 -11.538806 -2.686797
v 20.500000 -11.830204 -2.734154
v 14.000000 -11.683869 -2.714388
v 20.500000 -11.977389 -2.746036
v 14.000000 -11.830204 -2.734154
v 14.000000 -11.977389 -2.746036
v 20.500000 -8.250000 20.000000
v 20.500000 -16.000000 20.000000
v 20.500000 -16.000000 -20.000000
v 20.500000 -8.250000 -20.000000
v 31.106602 -16.000000 -30.606602
v 31.106602 -8.250000 -30.606602
v 27.106602 -8.250000 -30.606602
v 16.500000 -8.250000 -20.000000
v 16.500000 -8.250000 20.000000
v 27.106602 22.250000 -30.606602
v 16.500000 22.250000 -20.000000
v 16.500000 17.291279 -20.000000
v 16.524423 17.237215 -20.024423
v 16.566176 17.140986 -20.066176
v 16.606019 17.044144 -20.106019
v 16.644012 16.946560 -20.144012
v 16.680140 16.848272 -20.180140
v 16.714390 16.749313 -20.214390
v 16.746749 16.649720 -20.246749
v 16.777207 16.549529 -20.277207
v 16.805752 16.448776 -20.305752
v 16.566176 12.859014 -20.066176
v 16.524496 12.762948 -20.024496
v 16.644012 13.053440 -20.144012
v 16.606019 12.955856 -20.106019
v 16.714390 13.250687 -20.214390
v 16.680140 13.151728 -20.180140
v 16.879808 13.856486 -20.379808
v 16.857061 13.754268 -20.357061
v 16.832373 16.347499 -20.332373
v 16.500000 12.708721 -20.000000
v 16.746749 13.350280 -20.246749
v 16.805752 13.551224 -20.305752
v 16.777207 13.450471 -20.277207
v 16.900604 13.959118 -20.400604
v 16.832373 13.652501 -20.332373
v 16.857061 16.245732 -20.357061
v 16.919442 14.062128 -20.419442
v 16.879808 16.143514 -20.379808
v 16.936316 14.165478 -20.436316
v 16.900604 16.040882 -20.400604
v 16.951218 14.269130 -20.451218
v 16.919442 15.937872 -20.419442
v 16.936316 15.834522 -20.436316
v 16.964145 14.373047 -20.464145
v 16.951218 15.730870 -20.451218
v 16.975091 14.477192 -20.475091
v 16.964145 15.626953 -20.464145
v 16.984053 14.581526 -20.484053
v 16.975091 15.522808 -20.475091
v 16.991026 14.686012 -20.491026
v 16.984053 15.418474 -20.484053
v 16.996009 14.790611 -20.496009
v 16.991026 15.313988 -20.491026
v 16.998999 14.895287 -20.498999
v 16.996009 15.209389 -20.496009
v 16.999996 15.000000 -20.499996
v 16.998999 15.104713 -20.498999
v 16.500000 22.250000 20.000000
v 16.500000 20.243394 16.660363
v 16.500000 20.302583 16.460342
v 16.500000 20.102485 17.052956
v 16.500000 20.176662 16.857996
v 16.500000 20.495340 15.226362
v 16.500000 20.499971 15.017819
v 16.500000 20.462381 15.642172
v 16.500000 20.482804 15.434580
v 16.500000 19.932229 17.433742
v 16.500000 20.020968 17.244964
v 16.500000 20.354145 16.258221
v 16.500000 20.398006 16.054289
v 16.500000 15.937872 -9.580550
v 16.500000 19.751656 12.230200
v 16.500000 19.643209 12.052011
v 16.500000 19.947898 12.598267
v 16.500000 19.853267 12.412372
v 16.500000 20.496691 14.809250
v 16.500000 19.733605 17.800529
v 16.500000 19.836395 17.619019
v 16.500000 19.507755 18.151209
v 16.500000 19.624005 17.978011
v 16.500000 19.528083 11.878063
v 16.500000 20.035412 12.787616
v 16.500000 20.254045 13.373645
v 16.500000 20.188595 13.175584
v 16.500000 20.485505 14.600955
v 16.500000 20.466429 14.393234
v 16.500000 20.434102 15.848841
v 16.500000 19.385020 18.319875
v 16.500000 18.360266 19.354145
v 16.500000 18.522956 19.223594
v 16.500000 19.406445 11.708606
v 16.500000 19.278468 11.543883
v 16.500000 20.311936 13.574046
v 16.500000 20.115683 12.980148
v 16.500000 20.404725 13.980709
v 16.500000 20.362187 13.776497
v 16.500000 15.730870 -9.548773
v 16.500000 17.510995 10.106643
v 16.500000 17.323636 10.014946
v 16.500000 14.895287 -9.500993
v 16.500000 15.104713 -9.500993
v 16.500000 15.104297 9.500985
v 16.500000 14.062128 -9.580550
v 16.500000 10.995756 11.229581
v 16.500000 10.855664 11.384131
v 16.500000 20.439489 14.186387
v 16.500000 19.120815 18.642644
v 16.500000 19.255979 18.483765
v 16.500000 18.680579 19.086967
v 16.500000 18.550256 10.799319
v 16.500000 18.388415 10.667716
v 16.500000 19.144336 11.384131
v 16.500000 19.004244 11.229581
v 16.500000 17.694743 10.205378
v 16.500000 18.221700 10.542345
v 16.500000 18.050351 10.423386
v 16.500000 15.522808 -9.524900
v 16.500000 16.543539 9.721029
v 16.500000 16.342253 9.666296
v 16.500000 16.939164 9.853187
v 16.500000 16.742605 9.783356
v 16.500000 15.313988 -9.508966
v 16.500000 15.727983 9.548387
v 16.500000 15.520737 9.524703
v 16.500000 14.895703 9.500985
v 16.500000 14.686012 -9.508966
v 16.500000 14.479263 9.524703
v 16.500000 14.477192 -9.524900
v 16.500000 13.257395 9.783356
v 16.500000 13.060836 9.853187
v 16.500000 13.657747 9.666296
v 16.500000 10.721532 11.543883
v 16.500000 16.143514 -9.620184
v 16.500000 18.979724 18.796283
v 16.500000 18.832908 18.944462
v 16.500000 18.706990 10.936964
v 16.500000 17.874614 10.311009
v 16.500000 17.132934 9.930421
v 16.500000 15.934182 9.579912
v 16.500000 16.139037 9.619234
v 16.500000 14.687258 9.508895
v 16.500000 15.312742 9.508895
v 16.500000 14.065818 9.579912
v 16.500000 13.860963 9.619234
v 16.500000 14.272017 9.548387
v 16.500000 12.867066 9.930421
v 16.500000 13.456461 9.721029
v 16.500000 14.269130 -9.548773
v 16.500000 12.305257 10.205378
v 16.500000 12.125386 10.311009
v 16.500000 10.593555 11.708606
v 16.500000 11.293010 10.936964
v 16.500000 11.141608 11.080453
v 16.500000 13.856486 -9.620184
v 16.500000 9.964588 12.787616
v 16.500000 9.884317 12.980148
v 16.500000 9.697417 16.460342
v 16.500000 9.756606 16.660363
v 16.500000 9.601994 16.054289
v 16.500000 9.645855 16.258221
v 16.500000 18.020626 19.596279
v 16.500000 18.192742 19.478433
v 16.500000 18.858392 11.080453
v 16.500000 11.949649 10.423386
v 16.500000 12.676364 10.014946
v 16.500000 11.611585 10.667716
v 16.500000 9.811405 13.175584
v 16.500000 9.745955 13.373645
v 16.500000 10.356791 12.052011
v 16.500000 12.336388 19.811978
v 16.500000 12.520772 19.909520
v 16.500000 11.979374 19.596279
v 16.500000 12.155836 19.707514
v 16.500000 9.823338 16.857996
v 16.500000 9.897515 17.052956
v 16.500000 20.410272 -14.010574
v 16.500000 20.444018 -14.217264
v 16.500000 17.844164 19.707514
v 16.500000 17.479228 19.909520
v 16.500000 17.663612 19.811978
v 16.500000 11.778300 10.542345
v 16.500000 12.489005 10.106643
v 16.500000 10.471917 11.878063
v 16.500000 11.449744 10.799319
v 16.500000 9.688064 13.574046
v 16.500000 9.637813 13.776497
v 16.500000 10.146733 12.412372
v 16.500000 10.052102 12.598267
v 16.500000 10.248344 12.230200
v 16.500000 11.639734 19.354145
v 16.500000 11.807258 19.478433
v 16.500000 10.614980 18.319875
v 16.500000 10.744021 18.483765
v 16.500000 10.163605 17.619019
v 16.500000 10.266395 17.800529
v 16.500000 9.500029 15.017819
v 16.500000 9.504660 15.226362
v 16.500000 12.859014 -9.933816
v 16.500000 13.053440 -9.855980
v 16.500000 9.560511 14.186387
v 16.500000 20.344964 -16.296670
v 16.500000 20.291723 -16.499216
v 16.500000 20.469870 -14.425089
v 16.500000 20.262221 -13.400299
v 16.500000 20.319308 -13.601795
v 16.500000 20.045569 -12.810878
v 16.500000 20.125252 -13.004553
v 16.500000 19.864381 -12.433326
v 16.500000 19.958570 -12.620377
v 16.500000 19.654992 -12.070653
v 16.500000 19.763140 -12.249996
v 16.500000 17.291279 20.000000
v 16.500000 9.595275 13.980709
v 16.500000 10.492245 18.151209
v 16.500000 10.375995 17.978011
v 16.500000 9.565898 15.848841
v 16.500000 9.517196 15.434580
v 16.500000 9.537619 15.642172
v 16.500000 9.503309 14.809250
v 16.500000 9.631318 -13.805318
v 16.500000 9.680692 -13.601795
v 16.500000 20.162314 -16.897498
v 16.500000 20.086332 -17.092655
v 16.500000 20.230811 -16.699589
v 16.500000 20.368682 -13.805318
v 16.500000 20.197505 -13.201122
v 16.500000 17.520246 -10.111401
v 16.500000 17.704531 -10.210892
v 16.500000 16.946560 -9.855980
v 16.500000 17.140986 -9.933816
v 16.500000 16.549529 -9.722784
v 16.500000 16.749313 -9.785602
v 16.500000 16.347499 -9.667618
v 16.500000 13.450471 -9.722784
v 16.500000 13.652501 -9.667618
v 16.500000 11.477044 19.223594
v 16.500000 11.167092 18.944462
v 16.500000 11.319421 19.086967
v 16.500000 10.879185 18.642644
v 16.500000 11.020276 18.796283
v 16.500000 9.979032 17.244964
v 16.500000 10.067771 17.433742
v 16.500000 9.514495 14.600955
v 16.500000 9.533571 14.393234
v 16.500000 11.767181 -10.550402
v 16.500000 11.938924 -10.430552
v 16.500000 11.438000 -10.809274
v 16.500000 11.600126 -10.676704
v 16.500000 9.589728 -14.010574
v 16.500000 20.428129 -15.886233
v 16.500000 20.390454 -16.092243
v 16.500000 20.499751 -15.052355
v 16.500000 20.493770 -15.261696
v 16.500000 20.487792 -14.633748
v 16.500000 20.497757 -14.842938
v 16.500000 18.399874 -10.676704
v 16.500000 18.562000 -10.809274
v 16.500000 18.061076 -10.430552
v 16.500000 18.232819 -10.550402
v 16.500000 17.884895 -10.317328
v 16.500000 13.250687 -9.785602
v 16.500000 12.115105 -10.317328
v 16.500000 12.295469 -10.210892
v 16.500000 10.843377 -11.398262
v 16.500000 10.983511 -11.242627
v 16.500000 10.236860 -12.249996
v 16.500000 10.345008 -12.070653
v 16.500000 9.802495 -13.201122
v 16.500000 9.874748 -13.004553
v 16.500000 9.555982 -14.217264
v 16.500000 9.512208 -14.633748
v 16.500000 9.530130 -14.425089
v 16.500000 9.708277 -16.499216
v 16.500000 9.655036 -16.296670
v 16.500000 10.401623 -18.017433
v 16.500000 10.290080 -17.840182
v 16.500000 10.644538 -18.358559
v 16.500000 10.519832 -18.190309
v 16.500000 20.002976 -17.284778
v 16.500000 19.912366 -17.473589
v 16.500000 19.418616 -11.724964
v 16.500000 19.540095 -11.895558
v 16.500000 19.156623 -11.398262
v 16.500000 19.290730 -11.559118
v 16.500000 18.870531 -11.092441
v 16.500000 19.016489 -11.242627
v 16.500000 18.718962 -10.947920
v 16.500000 17.332307 -10.018997
v 16.500000 12.479754 -10.111401
v 16.500000 11.281038 -10.947920
v 16.500000 10.709270 -11.559118
v 16.500000 10.459905 -11.895558
v 16.500000 10.581384 -11.724964
v 16.500000 9.737779 -13.400299
v 16.500000 9.500249 -15.052355
v 16.500000 9.502243 -14.842938
v 16.500000 9.520175 -15.470658
v 16.500000 9.506230 -15.261696
v 16.500000 9.571871 -15.886233
v 16.500000 9.542067 -15.678938
v 16.500000 9.769189 -16.699589
v 16.500000 9.913668 -17.092655
v 16.500000 9.837686 -16.897498
v 16.500000 19.709920 -17.840182
v 16.500000 19.598377 -18.017433
v 16.500000 20.479825 -15.470658
v 16.500000 20.457933 -15.678938
v 16.500000 11.129469 -11.092441
v 16.500000 10.041430 -12.620377
v 16.500000 10.135619 -12.433326
v 16.500000 9.609546 -16.092243
v 16.500000 10.087634 -17.473589
v 16.500000 9.997024 -17.284778
v 16.500000 10.185367 -17.658813
v 16.500000 19.814633 -17.658813
v 16.500000 12.667693 -10.018997
v 16.500000 9.954431 -12.810878
v 16.500000 12.026476 -19.626890
v 16.500000 11.852482 -19.510332
v 16.500000 12.708721 20.000000
v 16.500000 11.055775 -18.833152
v 16.500000 10.912703 -18.680214
v 16.500000 11.683052 -19.387234
v 16.500000 19.087297 -18.680214
v 16.500000 18.944225 -18.833152
v 16.500000 10.775558 -18.521940
v 16.500000 11.358859 -19.122142
v 16.500000 11.204565 -18.980533
v 16.500000 11.518432 -19.257775
v 16.500000 12.573284 -19.935687
v 16.500000 18.795435 -18.980533
v 16.500000 18.641141 -19.122142
v 16.500000 19.224442 -18.521940
v 16.500000 19.480168 -18.190309
v 16.500000 19.355462 -18.358559
v 16.500000 12.387138 -19.839722
v 16.500000 17.612862 -19.839722
v 16.500000 17.426716 -19.935687
v 16.500000 18.147518 -19.510332
v 16.500000 17.973524 -19.626890
v 16.500000 18.481568 -19.257775
v 16.500000 18.316948 -19.387234
v 16.500000 12.204780 -19.736740
v 16.500000 17.795220 -19.736740
v 9.500000 17.612862 -19.839722
v 9.500000 17.795220 -19.736740
v 9.500000 17.973524 -19.626890
v 9.500000 18.147518 -19.510332
v 9.500000 18.316948 -19.387234
v 9.500000 18.481568 -19.257775
v 9.500000 18.641141 -19.122142
v 9.500000 18.795435 -18.980533
v 9.500000 18.944225 -18.833152
v 9.500000 19.087297 -18.680214
v 9.500000 19.224442 -18.521940
v 9.500000 19.355462 -18.358559
v 9.500000 19.480168 -18.190309
v 9.500000 19.598377 -18.017433
v 9.500000 19.709920 -17.840182
v 9.500000 19.814633 -17.658813
v 9.500000 19.912366 -17.473589
v 9.500000 20.002976 -17.284778
v 9.500000 20.086332 -17.092655
v 9.500000 20.162314 -16.897498
v 9.500000 20.230811 -16.699589
v 9.500000 20.291723 -16.499216
v 9.500000 20.344964 -16.296670
v 9.500000 20.390454 -16.092243
v 9.500000 20.428129 -15.886233
v 9.500000 20.457933 -15.678938
v 9.500000 20.479825 -15.470658
v 9.500000 20.493770 -15.261696
v 9.500000 20.499751 -15.052355
v 9.500000 20.497757 -14.842938
v 9.500000 20.487792 -14.633748
v 9.500000 20.469870 -14.425089
v 9.500000 20.444018 -14.217264
v 9.500000 20.410272 -14.010574
v 9.500000 20.368682 -13.805318
v 9.500000 20.319308 -13.601795
v 9.500000 20.262221 -13.400299
v 9.500000 20.197505 -13.201122
v 9.500000 20.125252 -13.004553
v 9.500000 20.045569 -12.810878
v 9.500000 19.958570 -12.620377
v 9.500000 19.864381 -12.433326
v 9.500000 19.763140 -12.249996
v 9.500000 19.654992 -12.070653
v 9.500000 19.540095 -11.895558
v 9.500000 19.418616 -11.724964
v 9.500000 19.290730 -11.559118
v 9.500000 19.156623 -11.398262
v 9.500000 19.016489 -11.242627
v 9.500000 18.870531 -11.092441
v 9.500000 18.718962 -10.947920
v 9.500000 18.562000 -10.809274
v 9.500000 18.399874 -10.676704
v 9.500000 18.232819 -10.550402
v 9.500000 18.061076 -10.430552
v 9.500000 17.884895 -10.317328
v 9.500000 17.704531 -10.210892
v 9.500000 17.520246 -10.111401
v 9.500000 17.332307 -10.018997
v 9.500000 17.140986 -9.933816
v 9.500000 16.946560 -9.855980
v 9.500000 16.749313 -9.785602
v 9.500000 16.549529 -9.722784
v 9.500000 16.347499 -9.667618
v 9.500000 16.143514 -9.620184
v 9.500000 15.937872 -9.580550
v 9.500000 15.730870 -9.548773
v 9.500000 15.522808 -9.524900
v 9.500000 15.313988 -9.508966
v 9.500000 15.104713 -9.500993
v 9.500000 14.895287 -9.500993
v 9.500000 14.686012 -9.508966
v 9.500000 14.477192 -9.524900
v 9.500000 14.269130 -9.548773
v 9.500000 14.062128 -9.580550
v 9.500000 13.856486 -9.620184
v 9.500000 13.652501 -9.667618
v 9.500000 13.450471 -9.722784
v 9.500000 13.250687 -9.785602
v 9.500000 13.053440 -9.855980
v 9.500000 12.859014 -9.933816
v 9.500000 12.667693 -10.018997
v 9.500000 12.479754 -10.111401
v 9.500000 12.295469 -10.210892
v 9.500000 12.115105 -10.317328
v 9.500000 11.938924 -10.430552
v 9.500000 11.767181 -10.550402
v 9.500000 11.600126 -10.676704
v 9.500000 11.438000 -10.809274
v 9.500000 11.281038 -10.947920
v 9.500000 11.129469 -11.092441
v 9.500000 10.983511 -11.242627
v 9.500000 10.843377 -11.398262
v 9.500000 10.709270 -11.559118
v 9.500000 10.581384 -11.724964
v 9.500000 10.459905 -11.895558
v 9.500000 10.345008 -12.070653
v 9.500000 10.236860 -12.249996
v 9.500000 10.135619 -12.433326
v 9.500000 10.041430 -12.620377
v 9.500000 9.954431 -12.810878
v 9.500000 9.874748 -13.004553
v 9.500000 9.802495 -13.201122
v 9.500000 9.737779 -13.400299
v 9.500000 9.680692 -13.601795
v 9.500000 9.631318 -13.805318
v 9.500000 9.589728 -14.010574
v 9.500000 9.555982 -14.217264
v 9.500000 9.530130 -14.425089
v 9.500000 9.512208 -14.633748
v 9.500000 9.502243 -14.842938
v 9.500000 9.500000 -14.999996
v 9.500000 9.500249 -15.052355
v 9.500000 9.506230 -15.261696
v 9.500000 9.520175 -15.470658
v 9.500000 9.542067 -15.678938
v 9.500000 9.571871 -15.886233
v 9.500000 9.609546 -16.092243
v 9.500000 9.655036 -16.296670
v 9.500000 9.708277 -16.499216
v 9.500000 9.769189 -16.699589
v 9.500000 9.837686 -16.897498
v 9.500000 9.913668 -17.092655
v 9.500000 9.997024 -17.284778
v 9.500000 10.087634 -17.473589
v 9.500000 10.185367 -17.658813
v 9.500000 10.290080 -17.840182
v 9.500000 10.401623 -18.017433
v 9.500000 10.519832 -18.190309
v 9.500000 10.644538 -18.358559
v 9.500000 10.775558 -18.521940
v 9.500000 10.912703 -18.680214
v 9.500000 11.055775 -18.833152
v 9.500000 11.204565 -18.980533
v 9.500000 11.358859 -19.122142
v 9.500000 11.518432 -19.257775
v 9.500000 11.683052 -19.387234
v 9.500000 11.852482 -19.510332
v 9.500000 12.026476 -19.626890
v 9.500000 12.204780 -19.736740
v 9.500000 12.387138 -19.839722
v 9.500000 12.573284 -19.935687
v 9.500000 12.762948 -20.024496
v 9.500000 12.955856 -20.106019
v 9.500000 13.151728 -20.180140
v 9.500000 13.350280 -20.246749
v 9.500000 13.551224 -20.305752
v 9.500000 13.754268 -20.357061
v 9.500000 13.959118 -20.400604
v 9.500000 14.165478 -20.436316
v 9.500000 14.373047 -20.464145
v 9.500000 14.581526 -20.484053
v 9.500000 14.790611 -20.496009
v 9.500000 15.000000 -20.499996
v 9.500000 15.209389 -20.496009
v 9.500000 15.418474 -20.484053
v 9.500000 15.626953 -20.464145
v 9.500000 15.834522 -20.436316
v 9.500000 16.040882 -20.400604
v 9.500000 16.245732 -20.357061
v 9.500000 16.448776 -20.305752
v 9.500000 16.649720 -20.246749
v 9.500000 16.848272 -20.180140
v 9.500000 17.044144 -20.106019
v 9.500000 17.426716 -19.935687
v 9.500000 17.237052 -20.024496
v 9.500000 17.291279 20.000000
v 9.500000 17.479228 19.909520
v 9.500000 17.663612 19.811978
v 9.500000 17.844164 19.707514
v 9.500000 18.020626 19.596279
v 9.500000 18.192742 19.478433
v 9.500000 18.360266 19.354145
v 9.500000 18.522956 19.223594
v 9.500000 18.680579 19.086967
v 9.500000 18.832908 18.944462
v 9.500000 18.979724 18.796283
v 9.500000 19.120815 18.642644
v 9.500000 19.255979 18.483765
v 9.500000 19.385020 18.319875
v 9.500000 19.507755 18.151209
v 9.500000 19.624005 17.978011
v 9.500000 19.733605 17.800529
v 9.500000 19.836395 17.619019
v 9.500000 19.932229 17.433742
v 9.500000 20.020968 17.244964
v 9.500000 20.102485 17.052956
v 9.500000 20.176662 16.857996
v 9.500000 20.243394 16.660363
v 9.500000 20.302583 16.460342
v 9.500000 20.354145 16.258221
v 9.500000 20.398006 16.054289
v 9.500000 20.434102 15.848841
v 9.500000 20.462381 15.642172
v 9.500000 20.482804 15.434580
v 9.500000 20.495340 15.226362
v 9.500000 20.499971 15.017819
v 9.500000 20.496691 14.809250
v 9.500000 20.485505 14.600955
v 9.500000 20.466429 14.393234
v 9.500000 20.439489 14.186387
v 9.500000 20.404725 13.980709
v 9.500000 20.362187 13.776497
v 9.500000 20.311936 13.574046
v 9.500000 20.254045 13.373645
v 9.500000 20.188595 13.175584
v 9.500000 20.115683 12.980148
v 9.500000 20.035412 12.787616
v 9.500000 19.947898 12.598267
v 9.500000 19.853267 12.412372
v 9.500000 19.751656 12.230200
v 9.500000 19.643209 12.052011
v 9.500000 19.528083 11.878063
v 9.500000 19.406445 11.708606
v 9.500000 19.278468 11.543883
v 9.500000 19.144336 11.384131
v 9.500000 19.004244 11.229581
v 9.500000 18.858392 11.080453
v 9.500000 18.706990 10.936964
v 9.500000 18.550256 10.799319
v 9.500000 18.388415 10.667716
v 9.500000 18.221700 10.542345
v 9.500000 18.050351 10.423386
v 9.500000 17.874614 10.311009
v 9.500000 17.694743 10.205378
v 9.500000 17.510995 10.106643
v 9.500000 17.323636 10.014946
v 9.500000 17.132934 9.930421
v 9.500000 16.939164 9.853187
v 9.500000 16.742605 9.783356
v 9.500000 16.543539 9.721029
v 9.500000 16.342253 9.666296
v 9.500000 16.139037 9.619234
v 9.500000 15.934182 9.579912
v 9.500000 15.727983 9.548387
v 9.500000 15.520737 9.524703
v 9.500000 15.312742 9.508895
v 9.500000 15.104297 9.500985
v 9.500000 14.895703 9.500985
v 9.500000 14.687258 9.508895
v 9.500000 14.479263 9.524703
v 9.500000 14.272017 9.548387
v 9.500000 14.065818 9.579912
v 9.500000 13.860963 9.619234
v 9.500000 13.657747 9.666296
v 9.500000 13.456461 9.721029
v 9.500000 13.257395 9.783356
v 9.500000 13.060836 9.853187
v 9.500000 12.867066 9.930421
v 9.500000 12.676364 10.014946
v 9.500000 12.489005 10.106643
v 9.500000 12.305257 10.205378
v 9.500000 12.125386 10.311009
v 9.500000 11.949649 10.423386
v 9.500000 11.778300 10.542345
v 9.500000 11.611585 10.667716
v 9.500000 11.449744 10.799319
v 9.500000 11.293010 10.936964
v 9.500000 11.141608 11.080453
v 9.500000 10.995756 11.229581
v 9.500000 10.855664 11.384131
v 9.500000 10.721532 11.543883
v 9.500000 10.593555 11.708606
v 9.500000 10.471917 11.878063
v 9.500000 10.356791 12.052011
v 9.500000 10.248344 12.230200
v 9.500000 10.146733 12.412372
v 9.500000 10.052102 12.598267
v 9.500000 9.964588 12.787616
v 9.500000 9.884317 12.980148
v 9.500000 9.811405 13.175584
v 9.500000 9.745955 13.373645
v 9.500000 9.688064 13.574046
v 9.500000 9.637813 13.776497
v 9.500000 9.595275 13.980709
v 9.500000 9.560511 14.186387
v 9.500000 9.533571 14.393234
v 9.500000 9.514495 14.600955
v 9.500000 9.503309 14.809250
v 9.500000 9.500029 15.017819
v 9.500000 9.504660 15.226362
v 9.500000 9.517196 15.434580
v 9.500000 9.537619 15.642172
v 9.500000 9.565898 15.848841
v 9.500000 9.601994 16.054289
v 9.500000 9.645855 16.258221
v 9.500000 9.697417 16.460342
v 9.500000 9.756606 16.660363
v 9.500000 9.823338 16.857996
v 9.500000 9.897515 17.052956
v 9.500000 9.979032 17.244964
v 9.500000 10.067771 17.433742
v 9.500000 10.163605 17.619019
v 9.500000 10.266395 17.800529
v 9.500000 10.375995 17.978011
v 9.500000 10.492245 18.151209
v 9.500000 10.614980 18.319875
v 9.500000 10.744021 18.483765
v 9.500000 10.879185 18.642644
v 9.500000 11.020276 18.796283
v 9.500000 11.167092 18.944462
v 9.500000 11.319421 19.086967
v 9.500000 11.477044 19.223594
v 9.500000 11.639734 19.354145
v 9.500000 11.807258 19.478433
v 9.500000 11.979374 19.596279
v 9.500000 12.155836 19.707514
v 9.500000 12.336388 19.811978
v 9.500000 12.520772 19.909520
v 9.500000 12.708721 20.000000
v 9.500000 16.277989 17.435000
v 9.500000 16.406849 17.362891
v 9.500000 16.531653 17.283970
v 9.500000 15.147611 17.746031
v 9.500000 15.294796 17.734149
v 9.500000 12.338986 14.306091
v 9.500000 16.592421 12.757967
v 9.500000 17.619931 14.164257
v 9.500000 17.743806 15.184459
v 9.500000 17.749752 15.036915
v 9.500000 17.082701 16.795784
v 9.500000 17.176090 16.681403
v 9.500000 16.878194 17.008699
v 9.500000 16.983307 16.904988
v 9.500000 16.767666 17.106618
v 9.500000 16.652041 17.198463
v 9.500000 16.145444 17.500088
v 9.500000 15.441131 17.714384
v 9.500000 15.000000 17.749996
v 9.500000 12.270051 15.331472
v 9.500000 12.262135 14.741933
v 9.500000 12.252230 14.889264
v 9.500000 12.305576 14.449925
v 9.500000 12.380069 14.164257
v 9.500000 12.966263 13.148938
v 9.500000 12.869836 13.260771
v 9.500000 13.530219 12.675723
v 9.500000 13.407579 12.757967
v 9.500000 13.922092 12.470052
v 9.500000 15.940555 12.415841
v 9.500000 15.800491 12.369081
v 9.500000 16.469781 12.675723
v 9.500000 16.710470 12.846675
v 9.500000 17.515244 13.888220
v 9.500000 17.571295 14.024832
v 9.500000 17.661014 14.306091
v 9.500000 17.694424 14.449925
v 9.500000 17.720066 14.595346
v 9.500000 17.737865 14.741933
v 9.500000 17.747770 14.889264
v 9.500000 17.708221 15.477528
v 9.500000 17.729949 15.331472
v 9.500000 17.263206 16.562174
v 9.500000 16.009596 17.557967
v 9.500000 15.729567 17.651454
v 9.500000 15.870837 17.608471
v 9.500000 15.586194 17.686792
v 9.500000 14.852389 17.746031
v 9.500000 14.558869 17.714384
v 9.500000 14.705204 17.734149
v 9.500000 14.270433 17.651454
v 9.500000 14.413806 17.686792
v 9.500000 12.291779 15.477528
v 9.500000 12.321315 15.622208
v 9.500000 12.250248 15.036915
v 9.500000 12.279934 14.595346
v 9.500000 12.428705 14.024832
v 9.500000 12.618430 13.624996
v 9.500000 12.779552 13.377618
v 9.500000 13.289530 12.846675
v 9.500000 13.657097 12.600181
v 9.500000 13.787847 12.531558
v 9.500000 14.059445 12.415841
v 9.500000 14.199509 12.369081
v 9.500000 14.486152 12.298430
v 9.500000 14.341882 12.329906
v 9.500000 16.077908 12.470052
v 9.500000 16.212153 12.531558
v 9.500000 16.342903 12.600181
v 9.500000 16.823587 12.941591
v 9.500000 17.451942 13.754813
v 9.500000 17.381570 13.624996
v 9.500000 17.678685 15.622208
v 9.500000 13.854556 17.500088
v 9.500000 13.990404 17.557967
v 9.500000 13.016693 16.904988
v 9.500000 12.256194 15.184459
v 9.500000 12.484756 13.888220
v 9.500000 12.548058 13.754813
v 9.500000 12.695669 13.499143
v 9.500000 13.068553 13.042443
v 9.500000 13.176413 12.941591
v 9.500000 14.631904 12.274743
v 9.500000 14.778717 12.258913
v 9.500000 14.926168 12.250987
v 9.500000 16.931447 13.042443
v 9.500000 17.033737 13.148938
v 9.500000 17.130164 13.260771
v 9.500000 17.304331 13.499143
v 9.500000 17.220448 13.377618
v 9.500000 17.641425 15.765094
v 9.500000 17.596549 15.905774
v 9.500000 17.417627 16.310560
v 9.500000 17.343795 16.438441
v 9.500000 14.129163 17.608471
v 9.500000 13.347959 17.198463
v 9.500000 13.468347 17.283970
v 9.500000 13.121806 17.008699
v 9.500000 13.232334 17.106618
v 9.500000 12.823910 16.681403
v 9.500000 12.656205 16.438441
v 9.500000 12.736794 16.562174
v 9.500000 15.073832 12.250987
v 9.500000 15.221283 12.258913
v 9.500000 15.368096 12.274743
v 9.500000 15.513848 12.298430
v 9.500000 15.658118 12.329906
v 9.500000 17.484489 16.178900
v 9.500000 17.544187 16.043842
v 9.500000 13.593151 17.362891
v 9.500000 12.917299 16.795784
v 9.500000 12.455813 16.043842
v 9.500000 13.722011 17.435000
v 9.500000 12.515511 16.178900
v 9.500000 12.403451 15.905774
v 9.500000 12.358575 15.765094
v 9.500000 12.582373 16.310560
v 9.500000 12.380069 -15.835735
v 9.500000 12.484756 -16.111772
v 9.500000 12.428705 -15.975159
v 9.500000 12.338986 -15.693901
v 9.500000 12.305576 -15.550066
v 9.500000 12.548058 -16.245179
v 9.500000 12.279934 -15.404646
v 9.500000 12.262135 -15.258059
v 9.500000 12.250248 -14.963076
v 9.500000 12.256194 -14.815532
v 9.500000 12.252230 -15.110727
v 9.500000 12.618430 -16.374996
v 9.500000 12.869836 -16.739221
v 9.500000 13.068553 -16.957549
v 9.500000 12.966263 -16.851053
v 9.500000 15.870837 -12.391521
v 9.500000 15.729567 -12.348537
v 9.500000 15.586194 -12.313199
v 9.500000 12.270051 -14.668520
v 9.500000 12.291779 -14.522463
v 9.500000 12.695669 -16.500848
v 9.500000 12.779552 -16.622373
v 9.500000 13.176413 -17.058400
v 9.500000 13.407579 -17.242025
v 9.500000 16.277989 -12.564992
v 9.500000 15.294796 -12.265842
v 9.500000 15.441131 -12.285608
v 9.500000 13.289530 -17.153317
v 9.500000 13.530219 -17.324269
v 9.500000 13.657097 -17.399811
v 9.500000 16.652041 -12.801528
v 9.500000 16.767666 -12.893374
v 9.500000 16.406849 -12.637100
v 9.500000 16.531653 -12.716022
v 9.500000 16.009596 -12.442025
v 9.500000 16.145444 -12.499904
v 9.500000 15.147611 -12.253960
v 9.500000 12.321315 -14.377784
v 9.500000 14.059445 -17.584150
v 9.500000 17.749752 -14.963076
v 9.500000 17.747770 -15.110727
v 9.500000 14.270433 -12.348537
v 9.500000 14.413806 -12.313199
v 9.500000 12.358575 -14.234898
v 9.500000 13.787847 -17.468434
v 9.500000 13.922092 -17.529939
v 9.500000 14.341882 -17.670086
v 9.500000 14.199509 -17.630911
v 9.500000 14.486152 -17.701562
v 9.500000 14.631904 -17.725249
v 9.500000 17.661014 -15.693901
v 9.500000 17.619931 -15.835735
v 9.500000 17.737865 -15.258059
v 9.500000 17.743806 -14.815532
v 9.500000 17.641425 -14.234898
v 9.500000 17.678685 -14.377784
v 9.500000 17.343795 -13.561551
v 9.500000 17.417627 -13.689432
v 9.500000 14.852389 -12.253960
v 9.500000 13.854556 -12.499904
v 9.500000 13.593151 -12.637100
v 9.500000 13.722011 -12.564992
v 9.500000 12.582373 -13.689432
v 9.500000 12.656205 -13.561551
v 9.500000 12.455813 -13.956150
v 9.500000 12.515511 -13.821091
v 9.500000 12.403451 -14.094218
v 9.500000 17.571295 -15.975159
v 9.500000 17.720066 -15.404646
v 9.500000 17.694424 -15.550066
v 9.500000 17.708221 -14.522463
v 9.500000 17.596549 -14.094218
v 9.500000 17.484489 -13.821091
v 9.500000 15.000000 -12.249996
v 9.500000 14.558869 -12.285608
v 9.500000 14.129163 -12.391521
v 9.500000 13.990404 -12.442025
v 9.500000 12.736794 -13.437818
v 9.500000 16.077908 -17.529939
v 9.500000 15.940555 -17.584150
v 9.500000 16.469781 -17.324269
v 9.500000 16.710470 -17.153317
v 9.500000 16.592421 -17.242025
v 9.500000 17.515244 -16.111772
v 9.500000 17.729949 -14.668520
v 9.500000 17.544187 -13.956150
v 9.500000 14.705204 -12.265842
v 9.500000 13.468347 -12.716022
v 9.500000 12.917299 -13.204207
v 9.500000 12.823910 -13.318589
v 9.500000 15.513848 -17.701562
v 9.500000 15.658118 -17.670086
v 9.500000 15.800491 -17.630911
v 9.500000 16.212153 -17.468434
v 9.500000 16.342903 -17.399811
v 9.500000 16.823587 -17.058400
v 9.500000 17.220448 -16.622373
v 9.500000 17.130164 -16.739221
v 9.500000 17.451942 -16.245179
v 9.500000 17.263206 -13.437818
v 9.500000 17.176090 -13.318589
v 9.500000 17.082701 -13.204207
v 9.500000 16.983307 -13.095004
v 9.500000 13.232334 -12.893374
v 9.500000 13.016693 -13.095004
v 9.500000 13.121806 -12.991293
v 9.500000 16.931447 -16.957549
v 9.500000 17.033737 -16.851053
v 9.500000 17.304331 -16.500848
v 9.500000 17.381570 -16.374996
v 9.500000 16.878194 -12.991293
v 9.500000 13.347959 -12.801528
v 9.500000 15.073832 -17.749004
v 9.500000 14.778717 -17.741078
v 9.500000 14.926168 -17.749004
v 9.500000 15.368096 -17.725249
v 9.500000 15.221283 -17.741078
v 1.500000 14.852389 17.746031
v 1.500000 15.000000 17.749996
v 1.500000 14.705204 17.734149
v 1.500000 14.558869 17.714384
v 1.500000 14.413806 17.686792
v 1.500000 14.270433 17.651454
v 1.500000 14.129163 17.608471
v 1.500000 13.990404 17.557967
v 1.500000 13.854556 17.500088
v 1.500000 13.722011 17.435000
v 1.500000 13.593151 17.362891
v 1.500000 13.468347 17.283970
v 1.500000 13.347959 17.198463
v 1.500000 13.232334 17.106618
v 1.500000 13.121806 17.008699
v 1.500000 13.016693 16.904988
v 1.500000 12.917299 16.795784
v 1.500000 12.823910 16.681403
v 1.500000 12.736794 16.562174
v 1.500000 12.656205 16.438441
v 1.500000 12.582373 16.310560
v 1.500000 12.515511 16.178900
v 1.500000 12.455813 16.043842
v 1.500000 12.403451 15.905774
v 1.500000 12.358575 15.765094
v 1.500000 12.321315 15.622208
v 1.500000 12.291779 15.477528
v 1.500000 12.270051 15.331472
v 1.500000 12.256194 15.184459
v 1.500000 12.250248 15.036915
v 1.500000 12.252230 14.889264
v 1.500000 12.262135 14.741933
v 1.500000 12.279934 14.595346
v 1.500000 12.305576 14.449925
v 1.500000 12.338986 14.306091
v 1.500000 12.380069 14.164257
v 1.500000 12.428705 14.024832
v 1.500000 12.484756 13.888220
v 1.500000 12.548058 13.754813
v 1.500000 12.618430 13.624996
v 1.500000 12.695669 13.499143
v 1.500000 12.779552 13.377618
v 1.500000 12.869836 13.260771
v 1.500000 12.966263 13.148938
v 1.500000 13.068553 13.042443
v 1.500000 13.176413 12.941591
v 1.500000 13.289530 12.846675
v 1.500000 13.407579 12.757967
v 1.500000 13.530219 12.675723
v 1.500000 13.657097 12.600181
v 1.500000 13.787847 12.531558
v 1.500000 13.922092 12.470052
v 1.500000 14.059445 12.415841
v 1.500000 14.199509 12.369081
v 1.500000 14.341882 12.329906
v 1.500000 14.486152 12.298430
v 1.500000 14.631904 12.274743
v 1.500000 14.778717 12.258913
v 1.500000 14.926168 12.250987
v 1.500000 15.073832 12.250987
v 1.500000 15.221283 12.258913
v 1.500000 15.368096 12.274743
v 1.500000 15.513848 12.298430
v 1.500000 15.658118 12.329906
v 1.500000 15.800491 12.369081
v 1.500000 15.940555 12.415841
v 1.500000 16.077908 12.470052
v 1.500000 16.212153 12.531558
v 1.500000 16.342903 12.600181
v 1.500000 16.469781 12.675723
v 1.500000 16.592421 12.757967
v 1.500000 16.710470 12.846675
v 1.500000 16.823587 12.941591
v 1.500000 16.931447 13.042443
v 1.500000 17.033737 13.148938
v 1.500000 17.130164 13.260771
v 1.500000 17.220448 13.377618
v 1.500000 17.304331 13.499143
v 1.500000 17.381570 13.624996
v 1.500000 17.451942 13.754813
v 1.500000 17.515244 13.888220
v 1.500000 17.571295 14.024832
v 1.500000 17.619931 14.164257
v 1.500000 17.661014 14.306091
v 1.500000 17.694424 14.449925
v 1.500000 17.720066 14.595346
v 1.500000 17.737865 14.741933
v 1.500000 17.747770 14.889264
v 1.500000 17.749752 15.036915
v 1.500000 17.743806 15.184459
v 1.500000 17.729949 15.331472
v 1.500000 17.708221 15.477528
v 1.500000 17.678685 15.622208
v 1.500000 17.641425 15.765094
v 1.500000 17.596549 15.905774
v 1.500000 17.544187 16.043842
v 1.500000 17.484489 16.178900
v 1.500000 17.417627 16.310560
v 1.500000 17.343795 16.438441
v 1.500000 17.263206 16.562174
v 1.500000 17.176090 16.681403
v 1.500000 17.082701 16.795784
v 1.500000 16.983307 16.904988
v 1.500000 16.878194 17.008699
v 1.500000 16.767666 17.106618
v 1.500000 16.652041 17.198463
v 1.500000 16.531653 17.283970
v 1.500000 16.406849 17.362891
v 1.500000 16.277989 17.435000
v 1.500000 16.145444 17.500088
v 1.500000 16.009596 17.557967
v 1.500000 15.870837 17.608471
v 1.500000 15.729567 17.651454
v 1.500000 15.586194 17.686792
v 1.500000 15.441131 17.714384
v 1.500000 15.294796 17.734149
v 1.500000 15.147611 17.746031
v 1.500000 14.852389 -12.253960
v 1.500000 15.000000 -12.249996
v 1.500000 14.705204 -12.265842
v 1.500000 14.558869 -12.285608
v 1.500000 14.413806 -12.313199
v 1.500000 14.270433 -12.348537
v 1.500000 14.129163 -12.391521
v 1.500000 13.990404 -12.442025
v 1.500000 13.854556 -12.499904
v 1.500000 13.722011 -12.564992
v 1.500000 13.593151 -12.637100
v 1.500000 13.468347 -12.716022
v 1.500000 13.347959 -12.801528
v 1.500000 13.232334 -12.893374
v 1.500000 13.121806 -12.991293
v 1.500000 13.016693 -13.095004
v 1.500000 12.917299 -13.204207
v 1.500000 12.823910 -13.318589
v 1.500000 12.736794 -13.437818
v 1.500000 12.656205 -13.561551
v 1.500000 12.582373 -13.689432
v 1.500000 12.515511 -13.821091
v 1.500000 12.455813 -13.956150
v 1.500000 12.403451 -14.094218
v 1.500000 12.358575 -14.234898
v 1.500000 12.321315 -14.377784
v 1.500000 12.291779 -14.522463
v 1.500000 12.270051 -14.668520
v 1.500000 12.256194 -14.815532
v 1.500000 12.250248 -14.963076
v 1.500000 12.252230 -15.110727
v 1.500000 12.262135 -15.258059
v 1.500000 12.279934 -15.404646
v 1.500000 12.305576 -15.550066
v 1.500000 12.338986 -15.693901
v 1.500000 12.380069 -15.835735
v 1.500000 12.428705 -15.975159
v 1.500000 12.484756 -16.111772
v 1.500000 12.548058 -16.245179
v 1.500000 12.618430 -16.374996
v 1.500000 12.695669 -16.500848
v 1.500000 12.779552 -16.622373
v 1.500000 12.869836 -16.739221
v 1.500000 12.966263 -16.851053
v 1.500000 13.068553 -16.957549
v 1.500000 13.176413 -17.058400
v 1.500000 13.289530 -17.153317
v 1.500000 13.407579 -17.242025
v 1.500000 13.530219 -17.324269
v 1.500000 13.657097 -17.399811
v 1.500000 13.787847 -17.468434
v 1.500000 13.922092 -17.529939
v 1.500000 14.059445 -17.584150
v 1.500000 14.199509 -17.630911
v 1.500000 14.341882 -17.670086
v 1.500000 14.486152 -17.701562
v 1.500000 14.631904 -17.725249
v 1.500000 14.778717 -17.741078
v 1.500000 14.926168 -17.749004
v 1.500000 15.073832 -17.749004
v 1.500000 15.221283 -17.741078
v 1.500000 15.368096 -17.725249
v 1.500000 15.513848 -17.701562
v 1.500000 15.658118 -17.670086
v 1.500000 15.800491 -17.630911
v 1.500000 15.940555 -17.584150
v 1.500000 16.077908 -17.529939
v 1.500000 16.212153 -17.468434
v 1.500000 16.342903 -17.399811
v 1.500000 16.469781 -17.324269
v 1.500000 16.592421 -17.242025
v 1.500000 16.710470 -17.153317
v 1.500000 16.823587 -17.058400
v 1.500000 16.931447 -16.957549
v 1.500000 17.033737 -16.851053
v 1.500000 17.130164 -16.739221
v 1.500000 17.220448 -16.622373
v 1.500000 17.304331 -16.500848
v 1.500000 17.381570 -16.374996
v 1.500000 17.451942 -16.245179
v 1.500000 17.515244 -16.111772
v 1.500000 17.571295 -15.975159
v 1.500000 17.619931 -15.835735
v 1.500000 17.661014 -15.693901
v 1.500000 17.694424 -15.550066
v 1.500000 17.720066 -15.404646
v 1.500000 17.737865 -15.258059
v 1.500000 17.747770 -15.110727
v 1.500000 17.749752 -14.963076
v 1.500000 17.743806 -14.815532
v 1.500000 17.729949 -14.668520
v 1.500000 17.708221 -14.522463
v 1.500000 17.678685 -14.377784
v 1.500000 17.641425 -14.234898
v 1.500000 17.596549 -14.094218
v 1.500000 17.544187 -13.956150
v 1.500000 17.484489 -13.821091
v 1.500000 17.417627 -13.689432
v 1.500000 17.343795 -13.561551
v 1.500000 17.263206 -13.437818
v 1.500000 17.176090 -13.318589
v 1.500000 17.082701 -13.204207
v 1.500000 16.983307 -13.095004
v 1.500000 16.878194 -12.991293
v 1.500000 16.767666 -12.893374
v 1.500000 16.652041 -12.801528
v 1.500000 16.531653 -12.716022
v 1.500000 16.406849 -12.637100
v 1.500000 16.277989 -12.564992
v 1.500000 16.145444 -12.499904
v 1.500000 16.009596 -12.442025
v 1.500000 15.870837 -12.391521
v 1.500000 15.729567 -12.348537
v 1.500000 15.586194 -12.313199
v 1.500000 15.441131 -12.285608
v 1.500000 15.294796 -12.265842
v 1.500000 15.147611 -12.253960
v 1.500000 30.000000 20.000000
v 1.500000 -16.000000 20.000000
v 20.500000 30.000000 20.000000
v 20.500000 22.250000 20.000000
v 20.500000 22.250000 -20.000000
v 31.106602 22.250000 -30.606602
v 20.500000 30.000000 -20.000000
v 31.106602 30.000000 -30.606602
v 21.106602 -16.000000 -30.606602
v 21.106602 30.000000 -30.606602
v 1.500000 -16.000000 -20.000000
v 1.500000 30.000000 -20.000000
v 20.500000 26.051168 2.749009
v 20.500000 26.125000 2.750000
v 20.500000 26.198832 2.749009
v 20.500000 25.903717 2.741083
v 20.500000 26.346283 2.741083
v 20.500000 26.493096 2.725253
v 20.500000 25.756904 2.725253
v 20.500000 25.466882 2.670090
v 20.500000 25.611152 2.701566
v 20.500000 25.324509 2.630915
v 20.500000 26.854567 -2.651458
v 20.500000 26.711194 -2.686797
v 20.500000 27.134596 -2.557971
v 20.500000 26.995837 -2.608475
v 20.500000 27.467903 2.399815
v 20.500000 27.594781 2.324273
v 20.500000 27.202908 2.529943
v 20.500000 27.337153 2.468438
v 20.500000 26.783118 2.670090
v 20.500000 26.925491 2.630915
v 20.500000 23.904552 1.622377
v 20.500000 23.994836 1.739225
v 20.500000 25.683869 -2.714388
v 20.500000 25.538806 -2.686797
v 20.500000 26.419796 -2.734154
v 20.500000 26.272611 -2.746036
v 20.500000 26.566131 -2.714388
v 20.500000 27.270444 -2.500092
v 20.500000 27.531849 -2.362896
v 20.500000 27.402989 -2.435004
v 20.500000 26.638848 2.701566
v 20.500000 25.184445 2.584155
v 20.500000 24.091263 1.851057
v 20.500000 24.193553 1.957553
v 20.500000 23.820669 1.500852
v 20.500000 23.505069 0.835739
v 20.500000 23.553705 0.975163
v 20.500000 23.483575 -0.765098
v 20.500000 23.446315 -0.622212
v 20.500000 23.580813 -1.043846
v 20.500000 23.528451 -0.905778
v 20.500000 25.254163 -2.608475
v 20.500000 25.115404 -2.557971
v 20.500000 25.395433 -2.651458
v 20.500000 25.977389 -2.746036
v 20.500000 25.830204 -2.734154
v 20.500000 26.125000 -2.750000
v 20.500000 27.892666 -2.106622
v 20.500000 27.777041 -2.198468
v 20.500000 27.717421 2.242029
v 20.500000 27.835470 2.153321
v 20.500000 27.065555 2.584155
v 20.500000 24.782097 2.399815
v 20.500000 24.912847 2.468438
v 20.500000 24.301413 2.058405
v 20.500000 24.414530 2.153321
v 20.500000 23.673058 1.245183
v 20.500000 23.743430 1.375000
v 20.500000 23.609756 1.111776
v 20.500000 23.395051 -0.331476
v 20.500000 23.381194 -0.184464
v 20.500000 23.416779 -0.477532
v 20.500000 23.707373 -1.310564
v 20.500000 23.640511 -1.178905
v 20.500000 23.948910 -1.681407
v 20.500000 23.861794 -1.562178
v 20.500000 24.246806 -2.008703
v 20.500000 24.141693 -1.904992
v 20.500000 24.847011 -2.435004
v 20.500000 24.718151 -2.362896
v 20.500000 27.656653 -2.283974
v 20.500000 28.207701 -1.795788
v 20.500000 28.108307 -1.904992
v 20.500000 28.833221 -0.477532
v 20.500000 28.803685 -0.622212
v 20.500000 28.576942 1.245183
v 20.500000 28.640244 1.111776
v 20.500000 28.056447 1.957553
v 20.500000 28.158737 1.851057
v 20.500000 27.948587 2.058405
v 20.500000 25.047092 2.529943
v 20.500000 23.404934 0.404650
v 20.500000 23.430576 0.550071
v 20.500000 23.377230 0.110731
v 20.500000 23.387135 0.258063
v 20.500000 23.781205 -1.438445
v 20.500000 24.357334 -2.106622
v 20.500000 24.979556 -2.500092
v 20.500000 28.003194 -2.008703
v 20.500000 28.388206 -1.562178
v 20.500000 28.301090 -1.681407
v 20.500000 28.542627 -1.310564
v 20.500000 28.468795 -1.438445
v 20.500000 28.766425 -0.765098
v 20.500000 28.721549 -0.905778
v 20.500000 28.874752 -0.036919
v 20.500000 28.868806 -0.184464
v 20.500000 28.744931 0.835739
v 20.500000 28.786014 0.693905
v 20.500000 28.696295 0.975163
v 20.500000 28.429331 1.500852
v 20.500000 28.506570 1.375000
v 20.500000 24.532579 2.242029
v 20.500000 24.655219 2.324273
v 20.500000 23.463986 0.693905
v 20.500000 23.375248 -0.036919
v 20.500000 24.042299 -1.795788
v 20.500000 24.593347 -2.283974
v 20.500000 24.472959 -2.198468
v 20.500000 28.669187 -1.043846
v 20.500000 28.609489 -1.178905
v 20.500000 28.854949 -0.331476
v 20.500000 28.872770 0.110731
v 20.500000 28.845066 0.404650
v 20.500000 28.862865 0.258063
v 20.500000 28.819424 0.550071
v 20.500000 28.255164 1.739225
v 20.500000 28.345448 1.622377
v 1.500000 30.000000 9.886860
v 1.500000 -16.000000 9.886860
v 1.500000 30.000000 -9.886860
v 1.500000 -16.000000 -9.886860
v 14.000000 26.125000 -2.750000
v 14.000000 25.977389 -2.746036
v 14.000000 25.830204 -2.734154
v 14.000000 25.683869 -2.714388
v 14.000000 25.538806 -2.686797
v 14.000000 25.395433 -2.651458
v 14.000000 25.254163 -2.608475
v 14.000000 25.115404 -2.557971
v 14.000000 24.979556 -2.500092
v 14.000000 24.847011 -2.435004
v 14.000000 24.718151 -2.362896
v 14.000000 24.593347 -2.283974
v 14.000000 24.472959 -2.198468
v 14.000000 24.357334 -2.106622
v 14.000000 24.246806 -2.008703
v 14.000000 24.141693 -1.904992
v 14.000000 24.042299 -1.795788
v 14.000000 23.948910 -1.681407
v 14.000000 23.861794 -1.562178
v 14.000000 23.781205 -1.438445
v 14.000000 23.707373 -1.310564
v 14.000000 23.640511 -1.178905
v 14.000000 23.580813 -1.043846
v 14.000000 23.528451 -0.905778
v 14.000000 23.483575 -0.765098
v 14.000000 23.446315 -0.622212
v 14.000000 23.416779 -0.477532
v 14.000000 23.395051 -0.331476
v 14.000000 23.381194 -0.184464
v 14.000000 23.375248 -0.036919
v 14.000000 23.377230 0.110731
v 14.000000 23.387135 0.258063
v 14.000000 23.404934 0.404650
v 14.000000 23.430576 0.550071
v 14.000000 23.463986 0.693905
v 14.000000 23.505069 0.835739
v 14.000000 23.553705 0.975163
v 14.000000 23.609756 1.111776
v 14.000000 23.673058 1.245183
v 14.000000 23.743430 1.375000
v 14.000000 23.820669 1.500852
v 14.000000 23.904552 1.622377
v 14.000000 23.994836 1.739225
v 14.000000 24.091263 1.851057
v 14.000000 24.193553 1.957553
v 14.000000 24.301413 2.058405
v 14.000000 24.414530 2.153321
v 14.000000 24.532579 2.242029
v 14.000000 24.655219 2.324273
v 14.000000 24.782097 2.399815
v 14.000000 24.912847 2.468438
v 14.000000 25.047092 2.529943
v 14.000000 25.184445 2.584155
v 14.000000 25.324509 2.630915
v 14.000000 25.466882 2.670090
v 14.000000 25.611152 2.701566
v 14.000000 25.756904 2.725253
v 14.000000 25.903717 2.741083
v 14.000000 26.051168 2.749009
v 14.000000 26.198832 2.749009
v 14.000000 26.346283 2.741083
v 14.000000 26.493096 2.725253
v 14.000000 26.638848 2.701566
v 14.000000 26.783118 2.670090
v 14.000000 26.925491 2.630915
v 14.000000 27.065555 2.584155
v 14.000000 27.202908 2.529943
v 14.000000 27.337153 2.468438
v 14.000000 27.467903 2.399815
v 14.000000 27.594781 2.324273
v 14.000000 27.717421 2.242029
v 14.000000 27.835470 2.153321
v 14.000000 27.948587 2.058405
v 14.000000 28.056447 1.957553
v 14.000000 28.158737 1.851057
v 14.000000 28.255164 1.739225
v 14.000000 28.345448 1.622377
v 14.000000 28.429331 1.500852
v 14.000000 28.506570 1.375000
v 14.000000 28.576942 1.245183
v 14.000000 28.640244 1.111776
v 14.000000 28.696295 0.975163
v 14.000000 28.744931 0.835739
v 14.000000 28.786014 0.693905
v 14.000000 28.819424 0.550071
v 14.000000 28.845066 0.404650
v 14.000000 28.862865 0.258063
v 14.000000 28.872770 0.110731
v 14.000000 28.874752 -0.036919
v 14.000000 28.868806 -0.184464
v 14.000000 28.854949 -0.331476
v 14.000000 28.833221 -0.477532
v 14.000000 28.803685 -0.622212
v 14.000000 28.766425 -0.765098
v 14.000000 28.721549 -0.905778
v 14.000000 28.669187 -1.043846
v 14.000000 28.609489 -1.178905
v 14.000000 28.542627 -1.310564
v 14.000000 28.468795 -1.438445
v 14.000000 28.388206 -1.562178
v 14.000000 28.301090 -1.681407
v 14.000000 28.207701 -1.795788
v 14.000000 28.108307 -1.904992
v 14.000000 28.003194 -2.008703
v 14.000000 27.892666 -2.106622
v 14.000000 27.777041 -2.198468
v 14.000000 27.656653 -2.283974
v 14.000000 27.531849 -2.362896
v 14.000000 27.402989 -2.435004
v 14.000000 27.270444 -2.500092
v 14.000000 27.134596 -2.557971
v 14.000000 26.995837 -2.608475
v 14.000000 26.854567 -2.651458
v 14.000000 26.711194 -2.686797
v 14.000000 26.566131 -2.714388
v 14.000000 26.419796 -2.734154
v 14.000000 26.272611 -2.746036
v 8.063896 30.000000 5.913847
v 7.894412 30.000000 6.138262
v 8.227002 30.000000 5.684754
v 8.383602 30.000000 5.451166
v 8.533572 30.000000 5.213267
v 7.536853 30.000000 6.572355
v 7.349061 30.000000 6.781689
v 7.718685 30.000000 6.357822
v 9.064855 30.000000 4.222369
v 8.942539 30.000000 4.475600
v 7.155456 30.000000 6.985660
v 6.956192 30.000000 7.184107
v 8.813151 30.000000 4.725291
v 8.676792 30.000000 4.971245
v 9.180002 30.000000 3.965799
v 2.327829 30.000000 9.725287
v 2.053437 30.000000 9.786899
v 3.667888 30.000000 9.303042
v 3.404840 30.000000 9.402503
v 3.928036 30.000000 9.196224
v 6.326045 30.000000 7.744750
v 6.105764 30.000000 7.919574
v 6.751427 30.000000 7.376871
v 6.541323 30.000000 7.563802
v 7.349061 30.000000 -6.781689
v 7.536853 30.000000 -6.572355
v 2.600380 30.000000 9.655984
v 3.139098 30.000000 9.494528
v 4.185077 30.000000 9.082133
v 14.000000 30.000000 -1.255737
v 9.567163 30.000000 -2.910220
v 9.645215 30.000000 -2.640045
v 9.287889 30.000000 -3.706093
v 9.388430 30.000000 -3.443455
v 7.155456 30.000000 -6.985660
v 2.870875 30.000000 9.579044
v 5.880654 30.000000 8.088134
v 5.650893 30.000000 8.250297
v 9.388430 30.000000 3.443455
v 9.287889 30.000000 3.706093
v 14.000000 30.000000 1.255737
v 9.567163 30.000000 2.910220
v 9.481546 30.000000 3.178095
v 9.778377 30.000000 -2.093644
v 9.833383 30.000000 -1.817852
v 9.481546 30.000000 -3.178095
v 9.180002 30.000000 -3.965799
v 8.676792 30.000000 -4.971245
v 8.813151 30.000000 -4.725291
v 6.956192 30.000000 -7.184107
v 5.650893 30.000000 -8.250297
v 5.880654 30.000000 -8.088134
v 5.178150 30.000000 -8.554926
v 5.416663 30.000000 -8.405936
v 3.139098 30.000000 -9.494528
v 3.404840 30.000000 -9.402503
v 2.870875 30.000000 -9.579044
v 4.689029 30.000000 8.832497
v 4.438808 30.000000 8.960858
v 5.416663 30.000000 8.405936
v 5.178150 30.000000 8.554926
v 9.645215 30.000000 2.640045
v 9.778377 30.000000 2.093644
v 9.715638 30.000000 2.367781
v 9.715638 30.000000 -2.367781
v 9.064855 30.000000 -4.222369
v 8.942539 30.000000 -4.475600
v 8.063896 30.000000 -5.913847
v 8.227002 30.000000 -5.684754
v 7.718685 30.000000 -6.357822
v 7.894412 30.000000 -6.138262
v 6.751427 30.000000 -7.376871
v 6.105764 30.000000 -7.919574
v 6.326045 30.000000 -7.744750
v 2.053437 30.000000 -9.786899
v 2.327829 30.000000 -9.725287
v 4.935541 30.000000 8.697151
v 8.383602 30.000000 -5.451166
v 8.533572 30.000000 -5.213267
v 6.541323 30.000000 -7.563802
v 3.667888 30.000000 -9.303042
v 2.600380 30.000000 -9.655984
v 4.689029 30.000000 -8.832497
v 4.935541 30.000000 -8.697151
v 3.928036 30.000000 -9.196224
v 4.185077 30.000000 -9.082133
v 1.777422 30.000000 -9.840771
v 9.880611 30.000000 1.540623
v 9.833383 30.000000 1.817852
v 9.920843 30.000000 1.255737
v 9.920026 30.000000 1.262174
v 4.438808 30.000000 -8.960858
v 1.777422 30.000000 9.840771
v 9.880611 30.000000 -1.540623
v 9.920026 30.000000 -1.262174
v 9.920843 30.000000 -1.255737
v 9.901298 29.915822 -1.401537
v 9.880611 29.835521 -1.540623
v 9.833383 29.675462 -1.817852
v 9.806849 29.595736 -1.955942
v 9.857972 29.755396 -1.679403
v 14.000000 28.425000 -3.983717
v 9.778377 29.516234 -2.093644
v 9.747971 29.436970 -2.230933
v 9.715638 29.357961 -2.367781
v 9.681383 29.279222 -2.504160
v 9.645215 29.200770 -2.640045
v 9.607139 29.122618 -2.775407
v 9.567163 29.044783 -2.910220
v 9.525296 28.967281 -3.044458
v 9.481546 28.890126 -3.178095
v 9.435921 28.813334 -3.311102
v 9.388430 28.736920 -3.443455
v 9.339083 28.660899 -3.575128
v 9.234858 28.510097 -3.836325
v 9.180002 28.435345 -3.965799
v 9.287889 28.585286 -3.706093
v 9.172241 28.425000 -3.983717
v 9.172241 23.825000 -3.983717
v 14.000000 23.825000 -3.983717
v 14.000000 21.525000 -0.000000
v 9.996046 21.687349 -0.281196
v 9.999011 21.606182 -0.140612
v 9.991103 21.768483 -0.421725
v 9.984186 21.849569 -0.562170
v 9.975294 21.930591 -0.702504
v 9.964430 22.011533 -0.842699
v 9.951595 22.092378 -0.982728
v 9.936793 22.173111 -1.122562
v 9.920026 22.253717 -1.262174
v 9.901298 22.334178 -1.401537
v 9.880611 22.414479 -1.540623
v 9.857972 22.494604 -1.679403
v 9.833383 22.574538 -1.817852
v 9.806849 22.654264 -1.955942
v 9.778377 22.733766 -2.093644
v 9.747971 22.813030 -2.230933
v 9.715638 22.892039 -2.367781
v 9.681383 22.970778 -2.504160
v 9.645215 23.049230 -2.640045
v 9.607139 23.127382 -2.775407
v 9.567163 23.205217 -2.910220
v 9.525296 23.282719 -3.044458
v 9.481546 23.359874 -3.178095
v 9.435921 23.436666 -3.311102
v 9.388430 23.513080 -3.443455
v 9.339083 23.589101 -3.575128
v 9.287889 23.664714 -3.706093
v 9.234858 23.739903 -3.836325
v 9.180007 23.814648 -3.965787
v 10.000000 21.525000 -0.000000
v 14.000000 23.825000 3.983717
v 14.000000 28.425000 3.983717
v 9.999011 21.606182 0.140612
v 9.996046 21.687349 0.281196
v 9.991103 21.768483 0.421725
v 9.984186 21.849569 0.562170
v 9.975294 21.930591 0.702504
v 9.964430 22.011533 0.842699
v 9.951595 22.092378 0.982728
v 9.936793 22.173111 1.122562
v 9.901298 22.334178 1.401537
v 9.920026 22.253717 1.262174
v 9.880611 22.414479 1.540623
v 9.857972 22.494604 1.679403
v 9.833383 22.574538 1.817852
v 9.806849 22.654264 1.955942
v 9.778377 22.733766 2.093644
v 9.747971 22.813030 2.230933
v 9.715638 22.892039 2.367781
v 9.681383 22.970778 2.504160
v 9.645215 23.049230 2.640045
v 9.607139 23.127382 2.775407
v 9.567163 23.205217 2.910220
v 9.525296 23.282719 3.044458
v 9.481546 23.359874 3.178095
v 9.435921 23.436666 3.311102
v 9.388430 23.513080 3.443455
v 9.339083 23.589101 3.575128
v 9.234858 23.739903 3.836325
v 9.180002 23.814655 3.965799
v 9.287889 23.664714 3.706093
v 9.172241 23.825000 3.983717
v 9.172241 28.425000 3.983717
v 9.901298 29.915822 1.401537
v 9.920026 29.996283 1.262174
v 9.880611 29.835521 1.540623
v 9.857972 29.755396 1.679403
v 9.833383 29.675462 1.817852
v 9.806849 29.595736 1.955942
v 9.778377 29.516234 2.093644
v 9.747971 29.436970 2.230933
v 9.715638 29.357961 2.367781
v 9.681383 29.279222 2.504160
v 9.645215 29.200770 2.640045
v 9.607139 29.122618 2.775407
v 9.567163 29.044783 2.910220
v 9.525296 28.967281 3.044458
v 9.481546 28.890126 3.178095
v 9.435921 28.813334 3.311102
v 9.388430 28.736920 3.443455
v 9.339083 28.660899 3.575128
v 9.287889 28.585286 3.706093
v 9.234858 28.510097 3.836325
v 9.180007 28.435352 3.965787
v 7.718685 -16.000000 6.357822
v 7.894412 -16.000000 6.138262
v 8.063896 -16.000000 5.913847
v 8.227002 -16.000000 5.684754
v 14.000000 -16.000000 -1.255737
v 9.567163 -16.000000 -2.910220
v 9.481546 -16.000000 -3.178095
v 8.383602 -16.000000 5.451166
v 7.718685 -16.000000 -6.357822
v 7.536853 -16.000000 -6.572355
v 9.645215 -16.000000 -2.640045
v 8.813151 -16.000000 4.725291
v 8.942539 -16.000000 4.475600
v 7.536853 -16.000000 6.572355
v 7.155456 -16.000000 6.985660
v 7.349061 -16.000000 6.781689
v 3.667888 -16.000000 -9.303042
v 3.404840 -16.000000 -9.402503
v 5.650893 -16.000000 -8.250297
v 5.416663 -16.000000 -8.405936
v 6.105764 -16.000000 -7.919574
v 5.880654 -16.000000 -8.088134
v 7.349061 -16.000000 -6.781689
v 8.942539 -16.000000 -4.475600
v 8.813151 -16.000000 -4.725291
v 9.388430 -16.000000 -3.443455
v 9.287889 -16.000000 -3.706093
v 9.715638 -16.000000 -2.367781
v 9.880611 -16.000000 -1.540623
v 9.833383 -16.000000 -1.817852
v 9.064855 -16.000000 4.222369
v 8.533572 -16.000000 5.213267
v 8.676792 -16.000000 4.971245
v 6.751427 -16.000000 7.376871
v 6.956192 -16.000000 7.184107
v 2.600380 -16.000000 -9.655984
v 2.327829 -16.000000 -9.725287
v 3.139098 -16.000000 -9.494528
v 3.928036 -16.000000 -9.196224
v 6.541323 -16.000000 -7.563802
v 6.326045 -16.000000 -7.744750
v 6.956192 -16.000000 -7.184107
v 6.751427 -16.000000 -7.376871
v 7.155456 -16.000000 -6.985660
v 8.063896 -16.000000 -5.913847
v 7.894412 -16.000000 -6.138262
v 8.383602 -16.000000 -5.451166
v 8.227002 -16.000000 -5.684754
v 9.064855 -16.000000 -4.222369
v 9.180002 -16.000000 -3.965799
v 9.778377 -16.000000 -2.093644
v 14.000000 -16.000000 1.255737
v 9.481546 -16.000000 3.178095
v 6.326045 -16.000000 7.744750
v 6.541323 -16.000000 7.563802
v 5.880654 -16.000000 8.088134
v 6.105764 -16.000000 7.919574
v 2.870875 -16.000000 -9.579044
v 8.676792 -16.000000 -4.971245
v 8.533572 -16.000000 -5.213267
v 9.645215 -16.000000 2.640045
v 9.715638 -16.000000 2.367781
v 9.567163 -16.000000 2.910220
v 9.180002 -16.000000 3.965799
v 9.287889 -16.000000 3.706093
v 3.667888 -16.000000 9.303042
v 3.928036 -16.000000 9.196224
v 3.139098 -16.000000 9.494528
v 3.404840 -16.000000 9.402503
v 1.777422 -16.000000 9.840771
v 2.053437 -16.000000 9.786899
v 2.053437 -16.000000 -9.786899
v 1.777422 -16.000000 -9.840771
v 4.438808 -16.000000 -8.960858
v 4.185077 -16.000000 -9.082133
v 5.178150 -16.000000 -8.554926
v 4.935541 -16.000000 -8.697151
v 9.388430 -16.000000 3.443455
v 5.416663 -16.000000 8.405936
v 5.650893 -16.000000 8.250297
v 2.870875 -16.000000 9.579044
v 2.327829 -16.000000 9.725287
v 4.689029 -16.000000 -8.832497
v 4.935541 -16.000000 8.697151
v 5.178150 -16.000000 8.554926
v 2.600380 -16.000000 9.655984
v 4.689029 -16.000000 8.832497
v 4.185077 -16.000000 9.082133
v 4.438808 -16.000000 8.960858
v 9.920843 -16.000000 -1.255737
v 9.920026 -16.000000 -1.262174
v 9.880611 -16.000000 1.540623
v 9.920026 -16.000000 1.262174
v 9.778377 -16.000000 2.093644
v 9.833383 -16.000000 1.817852
v 9.920843 -16.000000 1.255737
v 9.920026 -15.996283 1.262174
v 9.901298 -15.915822 1.401537
v 9.880611 -15.835521 1.540623
v 9.833383 -15.675462 1.817852
v 9.806849 -15.595736 1.955942
v 9.857972 -15.755396 1.679403
v 14.000000 -14.425000 3.983717
v 9.778377 -15.516234 2.093644
v 9.747971 -15.436970 2.230933
v 9.715638 -15.357961 2.367781
v 9.681383 -15.279222 2.504160
v 9.645215 -15.200770 2.640045
v 9.607139 -15.122618 2.775407
v 9.567163 -15.044783 2.910220
v 9.525296 -14.967281 3.044458
v 9.481546 -14.890126 3.178095
v 9.435921 -14.813334 3.311102
v 9.388430 -14.736920 3.443455
v 9.339083 -14.660899 3.575128
v 9.234858 -14.510097 3.836325
v 9.180007 -14.435352 3.965787
v 9.287889 -14.585286 3.706093
v 9.172241 -14.425000 3.983717
v 14.000000 -9.825000 3.983717
v 9.172241 -9.825000 3.983717
v 14.000000 -7.525000 -0.000000
v 9.996046 -7.687349 0.281196
v 9.999011 -7.606182 0.140612
v 9.991103 -7.768483 0.421725
v 9.984186 -7.849569 0.562170
v 9.975294 -7.930591 0.702504
v 9.964430 -8.011533 0.842699
v 9.951595 -8.092378 0.982728
v 9.936793 -8.173111 1.122562
v 9.920026 -8.253717 1.262174
v 9.901298 -8.334178 1.401537
v 9.880611 -8.414479 1.540623
v 9.857972 -8.494604 1.679403
v 9.833383 -8.574538 1.817852
v 9.806849 -8.654264 1.955942
v 9.778377 -8.733766 2.093644
v 9.747971 -8.813030 2.230933
v 9.715638 -8.892039 2.367781
v 9.681383 -8.970778 2.504160
v 9.645215 -9.049230 2.640045
v 9.607139 -9.127382 2.775407
v 9.567163 -9.205217 2.910220
v 9.525296 -9.282719 3.044458
v 9.481546 -9.359874 3.178095
v 9.435921 -9.436666 3.311102
v 9.388430 -9.513080 3.443455
v 9.339083 -9.589101 3.575128
v 9.287889 -9.664714 3.706093
v 9.234858 -9.739903 3.836325
v 9.180007 -9.814648 3.965787
v 10.000000 -7.525000 -0.000000
v 9.901298 -15.915822 -1.401537
v 9.880611 -15.835521 -1.540623
v 9.857972 -15.755396 -1.679403
v 9.833383 -15.675462 -1.817852
v 9.806849 -15.595736 -1.955942
v 9.778377 -15.516234 -2.093644
v 9.747971 -15.436970 -2.230933
v 9.715638 -15.357961 -2.367781
v 9.681383 -15.279222 -2.504160
v 9.645215 -15.200770 -2.640045
v 9.607139 -15.122618 -2.775407
v 9.567163 -15.044783 -2.910220
v 9.525296 -14.967281 -3.044458
v 9.481546 -14.890126 -3.178095
v 9.435921 -14.813334 -3.311102
v 9.388430 -14.736920 -3.443455
v 9.339083 -14.660899 -3.575128
v 9.287889 -14.585286 -3.706093
v 9.234858 -14.510097 -3.836325
v 9.999011 -7.606182 -0.140612
v 9.996046 -7.687349 -0.281196
v 9.991103 -7.768483 -0.421725
v 9.984186 -7.849569 -0.562170
v 9.975294 -7.930591 -0.702504
v 9.964430 -8.011533 -0.842699
v 9.951595 -8.092378 -0.982728
v 9.936793 -8.173111 -1.122562
v 9.920026 -8.253717 -1.262174
v 9.901298 -8.334178 -1.401537
v 9.880611 -8.414479 -1.540623
v 9.857972 -8.494604 -1.679403
v 9.833383 -8.574538 -1.817852
v 9.806849 -8.654264 -1.955942
v 9.778377 -8.733766 -2.093644
v 9.747971 -8.813030 -2.230933
v 9.715638 -8.892039 -2.367781
v 9.681383 -8.970778 -2.504160
v 9.645215 -9.049230 -2.640045
v 9.607139 -9.127382 -2.775407
v 9.567163 -9.205217 -2.910220
v 9.525296 -9.282719 -3.044458
v 9.481546 -9.359874 -3.178095
v 9.435921 -9.436666 -3.311102
v 9.388430 -9.513080 -3.443455
v 9.339083 -9.589101 -3.575128
v 9.287889 -9.664714 -3.706093
v 9.234858 -9.739903 -3.836325
v 9.180002 -9.814655 -3.965799
v 9.172241 -9.825000 -3.983717
v 9.172241 -14.425000 -3.983717
v 9.180002 -14.435345 -3.965799
v 14.000000 -9.825000 -3.983717
v 14.000000 -14.425000 -3.983717
usemtl klema_za_tockice_1Material0
f 1 2 3
f 4 1 5
f 6 4 7
f 8 6 9
f 10 8 11
f 12 10 13
f 14 12 15
f 16 14 17
f 18 16 19
f 20 18 21
f 22 20 23
f 24 22 25
f 26 24 27
f 28 26 29
f 30 28 31
f 32 30 33
f 34 32 35
f 36 34 37
f 38 36 39
f 40 38 41
f 42 40 43
f 44 42 45
f 46 44 47
f 48 46 49
f 50 48 51
f 52 50 53
f 54 52 55
f 56 54 57
f 58 56 59
f 60 58 61
f 62 60 63
f 64 62 65
f 66 64 67
f 68 66 69
f 70 68 71
f 72 70 73
f 74 72 75
f 76 74 77
f 78 76 79
f 80 78 81
f 82 80 83
f 84 82 85
f 86 84 87
f 88 86 89
f 90 88 91
f 92 90 93
f 94 92 95
f 96 94 97
f 98 96 99
f 100 98 101
f 102 100 103
f 104 102 105
f 106 104 107
f 108 106 109
f 110 108 111
f 112 110 113
f 114 112 115
f 116 114 117
f 118 116 119
f 120 118 121
f 122 120 123
f 124 122 125
f 126 124 127
f 128 126 129
f 130 128 131
f 132 130 133
f 134 132 135
f 136 134 137
f 138 136 139
f 140 138 141
f 142 140 143
f 144 142 145
f 146 144 147
f 148 146 149
f 150 148 151
f 152 150 153
f 154 152 155
f 156 154 157
f 158 156 159
f 160 158 161
f 162 160 163
f 164 162 165
f 166 164 167
f 168 166 169
f 170 168 171
f 172 170 173
f 174 172 175
f 176 174 177
f 178 176 179
f 180 178 181
f 182 180 183
f 184 182 185
f 186 184 187
f 188 186 189
f 190 188 191
f 192 190 193
f 194 192 195
f 196 194 197
f 198 196 199
f 200 198 201
f 202 200 203
f 204 202 205
f 206 204 207
f 208 206 209
f 210 208 211
f 212 210 213
f 214 212 215
f 216 214 217
f 218 216 219
f 220 218 221
f 222 220 223
f 224 222 225
f 226 224 227
f 228 226 229
f 230 228 231
f 232 230 233
f 2 232 234
f 234 3 2
f 233 234 232
f 231 233 230
f 229 231 228
f 227 229 226
f 225 227 224
f 223 225 222
f 221 223 220
f 219 221 218
f 217 219 216
f 215 217 214
f 213 215 212
f 211 213 210
f 209 211 208
f 207 209 206
f 205 207 204
f 203 205 202
f 201 203 200
f 199 201 198
f 197 199 196
f 195 197 194
f 193 195 192
f 191 193 190
f 189 191 188
f 187 189 186
f 185 187 184
f 183 185 182
f 181 183 180
f 179 181 178
f 177 179 176
f 175 177 174
f 173 175 172
f 171 173 170
f 169 171 168
f 167 169 166
f 165 167 164
f 163 165 162
f 161 163 160
f 159 161 158
f 157 159 156
f 155 157 154
f 153 155 152
f 151 153 150
f 149 151 148
f 147 149 146
f 145 147 144
f 143 145 142
f 141 143 140
f 139 141 138
f 137 139 136
f 135 137 134
f 133 135 132
f 131 133 130
f 129 131 128
f 127 129 126
f 125 127 124
f 123 125 122
f 121 123 120
f 119 121 118
f 117 119 116
f 115 117 114
f 113 115 112
f 111 113 110
f 109 111 108
f 107 109 106
f 105 107 104
f 103 105 102
f 101 103 100
f 99 101 98
f 97 99 96
f 95 97 94
f 93 95 92
f 91 93 90
f 89 91 88
f 87 89 86
f 85 87 84
f 83 85 82
f 81 83 80
f 79 81 78
f 77 79 76
f 75 77 74
f 73 75 72
f 71 73 70
f 69 71 68
f 67 69 66
f 65 67 64
f 63 65 62
f 61 63 60
f 59 61 58
f 57 59 56
f 55 57 54
f 53 55 52
f 51 53 50
f 49 51 48
f 47 49 46
f 45 47 44
f 43 45 42
f 41 43 40
f 39 41 38
f 37 39 36
f 35 37 34
f 33 35 32
f 31 33 30
f 29 31 28
f 27 29 26
f 25 27 24
f 23 25 22
f 21 23 20
f 19 21 18
f 17 19 16
f 15 17 14
f 13 15 12
f 11 13 10
f 9 11 8
f 7 9 6
f 5 7 4
f 3 5 1
f 235 128 130
f 235 124 126
f 236 116 118
f 126 128 235
f 235 120 122
f 236 114 116
f 236 106 108
f 122 124 235
f 118 235 236
f 236 110 112
f 236 104 106
f 235 138 140
f 235 134 136
f 118 120 235
f 108 110 236
f 236 98 100
f 235 172 174
f 235 156 158
f 235 152 154
f 235 148 150
f 235 144 146
f 140 142 235
f 235 132 134
f 112 114 236
f 100 102 236
f 236 64 66
f 237 24 26
f 238 208 210
f 235 170 172
f 174 238 235
f 235 160 162
f 154 156 235
f 146 148 235
f 136 138 235
f 102 104 236
f 236 92 94
f 236 86 88
f 236 72 74
f 66 68 236
f 68 70 236
f 237 44 46
f 237 22 24
f 237 18 20
f 237 8 10
f 237 238 2
f 238 214 216
f 210 212 238
f 238 202 204
f 235 168 170
f 162 164 235
f 164 166 235
f 150 152 235
f 130 132 235
f 94 96 236
f 88 90 236
f 236 82 84
f 236 78 80
f 74 76 236
f 76 78 236
f 70 72 236
f 236 237 58
f 237 54 56
f 237 50 52
f 46 48 237
f 48 50 237
f 237 40 42
f 20 22 237
f 237 14 16
f 10 12 237
f 2 1 237
f 238 224 226
f 238 220 222
f 212 214 238
f 204 206 238
f 174 176 238
f 142 144 235
f 90 92 236
f 80 82 236
f 58 60 236
f 52 54 237
f 56 58 237
f 42 44 237
f 237 36 38
f 237 32 34
f 237 28 30
f 16 18 237
f 237 6 8
f 1 4 237
f 238 230 232
f 226 228 238
f 238 218 220
f 206 208 238
f 238 184 186
f 238 180 182
f 238 176 178
f 166 168 235
f 96 98 236
f 60 62 236
f 34 36 237
f 26 28 237
f 4 6 237
f 228 230 238
f 216 218 238
f 186 188 238
f 178 180 238
f 182 184 238
f 158 160 235
f 62 64 236
f 38 40 237
f 12 14 237
f 222 224 238
f 238 198 200
f 238 190 192
f 84 86 236
f 30 32 237
f 200 202 238
f 238 194 196
f 188 190 238
f 196 198 238
f 192 194 238
f 232 2 238
f 237 239 240
f 240 238 237
f 238 240 241
f 238 242 243
f 243 235 238
f 241 242 238
f 244 245 246
f 246 247 244
f 247 248 244
f 248 249 244
f 249 250 244
f 250 251 244
f 251 252 244
f 252 253 244
f 253 254 244
f 254 255 244
f 242 256 257
f 242 258 259
f 242 260 261
f 242 262 263
f 255 264 244
f 259 256 242
f 257 265 242
f 242 266 260
f 261 258 242
f 242 267 268
f 242 269 262
f 263 270 242
f 264 271 244
f 242 270 267
f 268 266 242
f 242 272 269
f 271 273 244
f 242 274 272
f 241 244 274
f 273 275 244
f 244 276 274
f 275 277 244
f 274 242 241
f 277 278 244
f 244 279 276
f 278 280 244
f 244 281 279
f 280 282 244
f 244 283 281
f 282 284 244
f 244 285 283
f 284 286 244
f 244 287 285
f 286 288 244
f 244 289 287
f 288 290 244
f 244 291 289
f 290 292 244
f 292 291 244
f 293 294 295
f 293 296 297
f 293 298 299
f 293 300 301
f 297 294 293
f 293 302 303
f 301 298 293
f 293 304 305
f 303 296 293
f 306 307 308
f 306 309 310
f 299 311 293
f 295 304 293
f 293 312 313
f 293 314 315
f 308 316 306
f 306 317 309
f 310 307 306
f 306 318 319
f 293 320 321
f 293 322 300
f 313 302 293
f 293 323 314
f 293 324 325
f 306 326 327
f 316 326 306
f 306 328 318
f 319 329 306
f 306 330 331
f 332 333 334
f 335 336 337
f 338 339 340
f 293 341 330
f 311 320 293
f 315 312 293
f 293 342 343
f 325 344 293
f 306 345 346
f 306 347 348
f 331 328 306
f 332 349 333
f 332 350 351
f 352 353 354
f 352 355 356
f 357 358 359
f 337 360 335
f 361 335 362
f 363 364 365
f 363 361 366
f 340 367 338
f 330 368 293
f 330 306 368
f 305 322 293
f 293 369 342
f 344 370 293
f 306 371 345
f 327 347 306
f 329 317 306
f 332 372 349
f 332 346 350
f 356 353 352
f 352 334 373
f 357 374 358
f 357 354 375
f 360 376 335
f 336 359 377
f 361 378 379
f 362 380 361
f 365 381 363
f 366 382 363
f 383 384 385
f 367 386 338
f 338 387 388
f 389 390 391
f 243 392 393
f 243 394 395
f 321 341 293
f 370 369 293
f 293 396 397
f 306 398 371
f 351 372 332
f 373 355 352
f 375 374 357
f 377 337 336
f 380 378 361
f 382 364 363
f 385 399 383
f 383 363 400
f 388 339 338
f 338 383 401
f 391 402 389
f 402 403 389
f 389 338 404
f 243 405 406
f 243 407 408
f 243 409 410
f 395 392 243
f 293 411 412
f 343 323 293
f 293 413 396
f 293 414 415
f 348 398 306
f 354 357 352
f 376 362 335
f 381 400 363
f 399 416 383
f 400 417 383
f 386 418 338
f 401 419 338
f 389 420 421
f 403 420 389
f 389 422 423
f 404 424 389
f 408 405 243
f 243 425 426
f 243 427 428
f 243 429 430
f 393 409 243
f 243 431 432
f 433 434 435
f 245 436 437
f 412 245 293
f 412 438 245
f 293 439 440
f 293 441 442
f 293 443 444
f 293 445 446
f 397 324 293
f 293 447 414
f 334 352 332
f 379 366 361
f 417 384 383
f 419 387 338
f 421 448 389
f 424 422 389
f 426 407 243
f 243 449 427
f 430 450 243
f 243 451 394
f 243 452 453
f 243 454 431
f 435 243 433
f 242 455 456
f 245 457 458
f 437 459 245
f 440 460 293
f 460 411 293
f 442 461 293
f 461 439 293
f 446 443 293
f 444 441 293
f 293 462 463
f 293 464 465
f 293 466 467
f 293 368 468
f 415 413 293
f 359 336 357
f 418 404 338
f 423 390 389
f 469 470 448
f 243 471 425
f 243 472 473
f 243 474 475
f 450 449 243
f 243 476 477
f 453 451 243
f 243 478 454
f 435 479 243
f 243 480 481
f 243 482 483
f 242 484 455
f 459 457 245
f 245 485 486
f 245 487 488
f 245 489 490
f 293 491 492
f 293 493 494
f 463 495 293
f 467 464 293
f 416 401 383
f 448 470 389
f 435 496 469
f 473 471 243
f 428 474 243
f 410 476 243
f 479 478 243
f 243 497 498
f 483 480 243
f 243 499 500
f 243 501 502
f 242 503 504
f 242 505 484
f 242 506 507
f 242 508 509
f 242 510 511
f 242 512 513
f 245 514 515
f 486 436 245
f 490 487 245
f 293 516 517
f 293 518 519
f 293 520 521
f 492 522 293
f 495 493 293
f 465 523 293
f 346 332 306
f 448 435 469
f 475 472 243
f 432 452 243
f 498 524 243
f 243 525 482
f 243 526 499
f 502 527 243
f 527 528 243
f 242 529 503
f 507 505 242
f 242 530 531
f 242 532 533
f 242 534 535
f 242 536 508
f 242 537 538
f 513 510 242
f 245 539 540
f 458 514 245
f 245 541 542
f 438 489 245
f 519 516 293
f 517 445 293
f 522 520 293
f 523 462 293
f 477 429 243
f 481 497 243
f 500 543 243
f 243 544 545
f 456 529 242
f 533 530 242
f 242 546 534
f 538 536 242
f 242 547 548
f 511 549 242
f 245 550 539
f 542 485 245
f 494 491 293
f 435 434 496
f 243 551 433
f 543 525 243
f 545 501 243
f 243 504 552
f 531 506 242
f 509 546 242
f 549 547 242
f 242 553 554
f 515 550 245
f 521 518 293
f 406 555 243
f 528 526 243
f 504 243 242
f 548 537 242
f 242 556 557
f 554 558 242
f 245 559 560
f 488 541 245
f 524 551 243
f 535 532 242
f 557 561 242
f 242 562 563
f 558 564 242
f 242 265 565
f 245 566 567
f 245 568 559
f 245 569 570
f 468 466 293
f 561 512 242
f 564 562 242
f 565 571 242
f 245 572 573
f 245 574 575
f 245 576 577
f 560 566 245
f 540 569 245
f 563 556 242
f 571 578 242
f 245 579 572
f 577 574 245
f 570 568 245
f 578 553 242
f 575 579 245
f 552 544 243
f 567 576 245
f 573 246 245
f 573 572 580
f 572 579 581
f 579 575 582
f 575 574 583
f 574 577 584
f 577 576 585
f 576 567 586
f 567 566 587
f 566 560 588
f 560 559 589
f 559 568 590
f 568 570 591
f 570 569 592
f 569 540 593
f 540 539 594
f 539 550 595
f 550 515 596
f 515 514 597
f 514 458 598
f 458 457 599
f 457 459 600
f 459 437 601
f 437 436 602
f 436 486 603
f 486 485 604
f 485 542 605
f 542 541 606
f 541 488 607
f 488 487 608
f 487 490 609
f 490 489 610
f 489 438 611
f 438 412 612
f 412 411 613
f 411 460 614
f 460 440 615
f 440 439 616
f 439 461 617
f 461 442 618
f 442 441 619
f 441 444 620
f 444 443 621
f 443 446 622
f 446 445 623
f 445 517 624
f 517 516 625
f 516 519 626
f 519 518 627
f 518 521 628
f 521 520 629
f 520 522 630
f 522 492 631
f 492 491 632
f 491 494 633
f 494 493 634
f 493 495 635
f 495 463 636
f 463 462 637
f 462 523 638
f 523 465 639
f 465 464 640
f 464 467 641
f 467 466 642
f 466 468 643
f 468 368 644
f 368 306 645
f 306 332 646
f 332 352 647
f 352 357 648
f 357 336 649
f 336 335 650
f 335 361 651
f 361 363 652
f 363 383 653
f 383 338 654
f 338 389 655
f 389 470 656
f 470 469 657
f 469 496 658
f 496 434 659
f 434 433 660
f 433 551 661
f 551 524 662
f 524 498 663
f 498 497 664
f 497 481 665
f 481 480 666
f 480 483 667
f 483 482 668
f 482 525 669
f 525 543 670
f 543 500 671
f 500 499 672
f 499 526 673
f 526 528 674
f 528 527 675
f 527 502 676
f 502 501 677
f 501 545 678
f 545 544 679
f 544 552 680
f 552 504 681
f 504 503 682
f 503 529 683
f 529 456 684
f 456 455 685
f 455 484 686
f 484 505 687
f 505 507 688
f 507 506 689
f 506 531 690
f 531 530 691
f 530 692 691
f 530 533 693
f 533 532 694
f 532 535 695
f 535 534 696
f 534 546 697
f 546 509 698
f 509 508 699
f 508 536 700
f 536 538 701
f 538 537 702
f 537 548 703
f 548 547 704
f 547 549 705
f 549 511 706
f 511 510 707
f 510 513 708
f 513 512 709
f 512 561 710
f 561 557 711
f 557 556 712
f 556 563 713
f 563 562 714
f 562 564 715
f 564 558 716
f 558 554 717
f 554 553 718
f 553 578 719
f 578 571 720
f 571 565 721
f 721 565 265
f 265 722 721
f 723 722 257
f 257 256 723
f 724 723 259
f 259 258 724
f 725 724 261
f 261 260 725
f 726 725 266
f 266 268 726
f 727 726 267
f 267 270 727
f 728 727 263
f 263 262 728
f 729 728 269
f 269 272 729
f 730 729 274
f 274 276 730
f 731 730 279
f 279 281 731
f 732 731 283
f 283 285 732
f 733 732 287
f 287 289 733
f 733 292 290
f 733 291 292
f 734 288 286
f 734 290 288
f 735 284 282
f 735 286 284
f 736 280 278
f 736 282 280
f 737 277 275
f 737 278 277
f 738 273 271
f 738 275 273
f 739 264 255
f 739 271 264
f 740 254 253
f 740 255 254
f 741 252 251
f 741 253 252
f 742 250 249
f 742 251 250
f 743 248 247
f 743 249 248
f 744 745 246
f 745 247 246
f 246 573 744
f 247 745 743
f 249 743 742
f 251 742 741
f 253 741 740
f 255 740 739
f 271 739 738
f 275 738 737
f 278 737 736
f 282 736 735
f 286 735 734
f 290 734 733
f 289 291 733
f 285 287 732
f 281 283 731
f 276 279 730
f 272 274 729
f 262 269 728
f 270 263 727
f 268 267 726
f 260 266 725
f 258 261 724
f 256 259 723
f 265 257 722
f 721 720 571
f 720 719 578
f 719 718 553
f 718 717 554
f 717 716 558
f 716 715 564
f 715 714 562
f 714 713 563
f 713 712 556
f 712 711 557
f 711 710 561
f 710 709 512
f 709 708 513
f 708 707 510
f 707 706 511
f 706 705 549
f 705 704 547
f 704 703 548
f 703 702 537
f 702 701 538
f 701 700 536
f 700 699 508
f 699 698 509
f 698 697 546
f 697 696 534
f 696 695 535
f 695 694 532
f 694 693 533
f 693 692 530
f 691 690 531
f 690 689 506
f 689 688 507
f 688 687 505
f 687 686 484
f 686 685 455
f 685 684 456
f 684 683 529
f 683 682 503
f 682 681 504
f 681 680 552
f 680 679 544
f 679 678 545
f 678 677 501
f 677 676 502
f 676 675 527
f 675 674 528
f 674 673 526
f 673 672 499
f 672 671 500
f 671 670 543
f 670 669 525
f 669 668 482
f 668 667 483
f 667 666 480
f 666 665 481
f 665 664 497
f 664 663 498
f 663 662 524
f 662 661 551
f 661 660 433
f 660 659 434
f 659 658 496
f 658 657 469
f 657 656 470
f 656 655 389
f 655 654 338
f 654 653 383
f 653 652 363
f 652 651 361
f 651 650 335
f 650 649 336
f 649 648 357
f 648 647 352
f 647 646 332
f 646 645 306
f 645 644 368
f 644 643 468
f 643 642 466
f 642 641 467
f 641 640 464
f 640 639 465
f 639 638 523
f 638 637 462
f 637 636 463
f 636 635 495
f 635 634 493
f 634 633 494
f 633 632 491
f 632 631 492
f 631 630 522
f 630 629 520
f 629 628 521
f 628 627 518
f 627 626 519
f 626 625 516
f 625 624 517
f 624 623 445
f 623 622 446
f 622 621 443
f 621 620 444
f 620 619 441
f 619 618 442
f 618 617 461
f 617 616 439
f 616 615 440
f 615 614 460
f 614 613 411
f 613 612 412
f 612 611 438
f 611 610 489
f 610 609 490
f 609 608 487
f 608 607 488
f 607 606 541
f 606 605 542
f 605 604 485
f 604 603 486
f 603 602 436
f 602 601 437
f 601 600 459
f 600 599 457
f 599 598 458
f 598 597 514
f 597 596 515
f 596 595 550
f 595 594 539
f 594 593 540
f 593 592 569
f 592 591 570
f 591 590 568
f 590 589 559
f 589 588 560
f 588 587 566
f 587 586 567
f 586 585 576
f 585 584 577
f 584 583 574
f 583 582 575
f 582 581 579
f 581 580 572
f 580 744 573
f 414 447 746
f 415 414 747
f 413 415 748
f 396 413 749
f 397 396 750
f 324 397 751
f 325 324 752
f 344 325 753
f 370 344 754
f 369 370 755
f 342 369 756
f 343 342 757
f 323 343 758
f 314 323 759
f 315 314 760
f 312 315 761
f 313 312 762
f 302 313 763
f 303 302 764
f 296 303 765
f 297 296 766
f 294 297 767
f 295 294 768
f 304 295 769
f 305 304 770
f 322 305 771
f 300 322 772
f 301 300 773
f 298 301 774
f 299 298 775
f 311 299 776
f 320 311 777
f 321 320 778
f 341 321 779
f 330 341 780
f 331 330 781
f 328 331 782
f 318 328 783
f 319 318 784
f 329 319 785
f 317 329 786
f 309 317 787
f 310 309 788
f 307 310 789
f 308 307 790
f 316 308 791
f 326 316 792
f 327 326 793
f 347 327 794
f 348 347 795
f 398 348 796
f 371 398 797
f 345 371 798
f 346 345 799
f 350 346 800
f 351 350 801
f 372 351 802
f 349 372 803
f 333 349 804
f 334 333 805
f 373 334 806
f 355 373 807
f 356 355 808
f 353 356 809
f 354 353 810
f 375 354 811
f 374 375 812
f 358 374 813
f 359 358 814
f 377 359 815
f 337 377 816
f 360 337 817
f 376 360 818
f 362 376 819
f 380 362 820
f 378 380 821
f 379 378 822
f 366 379 823
f 382 366 824
f 364 382 825
f 365 364 826
f 381 365 827
f 400 381 828
f 417 400 829
f 384 417 830
f 385 384 831
f 399 385 832
f 416 399 833
f 401 416 834
f 419 401 835
f 387 419 836
f 388 387 837
f 339 388 838
f 340 339 839
f 367 340 840
f 386 367 841
f 418 386 842
f 404 418 843
f 424 404 844
f 422 424 845
f 423 422 846
f 390 423 847
f 391 390 848
f 402 391 849
f 403 402 850
f 420 403 851
f 421 420 852
f 448 421 853
f 435 448 854
f 479 435 855
f 478 479 856
f 454 478 857
f 431 454 858
f 432 431 859
f 452 432 860
f 453 452 861
f 451 453 862
f 394 451 863
f 395 394 864
f 392 395 865
f 393 392 866
f 409 393 867
f 410 409 868
f 476 410 869
f 477 476 870
f 429 477 871
f 430 429 872
f 450 430 873
f 449 450 874
f 427 449 875
f 428 427 876
f 474 428 877
f 475 474 878
f 472 475 879
f 473 472 880
f 471 473 881
f 425 471 882
f 426 425 883
f 407 426 884
f 408 407 885
f 405 408 886
f 406 405 887
f 555 406 888
f 888 889 555
f 887 888 406
f 886 887 405
f 885 886 408
f 884 885 407
f 883 884 426
f 882 883 425
f 881 882 471
f 880 881 473
f 879 880 472
f 878 879 475
f 877 878 474
f 876 877 428
f 875 876 427
f 874 875 449
f 873 874 450
f 872 873 430
f 871 872 429
f 870 871 477
f 869 870 476
f 868 869 410
f 867 868 409
f 866 867 393
f 865 866 392
f 864 865 395
f 863 864 394
f 862 863 451
f 861 862 453
f 860 861 452
f 859 860 432
f 858 859 431
f 857 858 454
f 856 857 478
f 855 856 479
f 854 855 435
f 853 854 448
f 852 853 421
f 851 852 420
f 850 851 403
f 849 850 402
f 848 849 391
f 847 848 390
f 846 847 423
f 845 846 422
f 844 845 424
f 843 844 404
f 842 843 418
f 841 842 386
f 840 841 367
f 839 840 340
f 838 839 339
f 837 838 388
f 836 837 387
f 835 836 419
f 834 835 401
f 833 834 416
f 832 833 399
f 831 832 385
f 830 831 384
f 829 830 417
f 828 829 400
f 827 828 381
f 826 827 365
f 825 826 364
f 824 825 382
f 823 824 366
f 822 823 379
f 821 822 378
f 820 821 380
f 819 820 362
f 818 819 376
f 817 818 360
f 816 817 337
f 815 816 377
f 814 815 359
f 813 814 358
f 812 813 374
f 811 812 375
f 810 811 354
f 809 810 353
f 808 809 356
f 807 808 355
f 806 807 373
f 805 806 334
f 804 805 333
f 803 804 349
f 802 803 372
f 801 802 351
f 800 801 350
f 799 800 346
f 798 799 345
f 797 798 371
f 796 797 398
f 795 796 348
f 794 795 347
f 793 794 327
f 792 793 326
f 791 792 316
f 790 791 308
f 789 790 307
f 788 789 310
f 787 788 309
f 786 787 317
f 785 786 329
f 784 785 319
f 783 784 318
f 782 783 328
f 781 782 331
f 780 781 330
f 779 780 341
f 778 779 321
f 777 778 320
f 776 777 311
f 775 776 299
f 774 775 298
f 773 774 301
f 772 773 300
f 771 772 322
f 770 771 305
f 769 770 304
f 768 769 295
f 767 768 294
f 766 767 297
f 765 766 296
f 764 765 303
f 763 764 302
f 762 763 313
f 761 762 312
f 760 761 315
f 759 760 314
f 758 759 323
f 757 758 343
f 756 757 342
f 755 756 369
f 754 755 370
f 753 754 344
f 752 753 325
f 751 752 324
f 750 751 397
f 749 750 396
f 748 749 413
f 747 748 415
f 746 747 414
f 748 890 891
f 751 750 892
f 750 749 891
f 891 749 748
f 746 893 894
f 853 852 895
f 802 801 896
f 785 784 897
f 775 898 899
f 758 900 901
f 755 902 903
f 754 753 904
f 752 905 904
f 905 752 751
f 748 747 890
f 747 746 906
f 894 907 746
f 746 889 908
f 863 862 909
f 857 910 911
f 912 854 853
f 851 913 895
f 840 914 915
f 833 916 917
f 829 828 918
f 809 919 920
f 921 803 802
f 801 800 922
f 788 787 923
f 786 924 923
f 924 786 785
f 784 783 925
f 782 926 925
f 781 780 927
f 779 928 927
f 778 777 929
f 776 899 929
f 899 776 775
f 772 930 931
f 759 901 932
f 901 759 758
f 757 756 903
f 903 756 755
f 904 753 752
f 891 892 750
f 746 933 906
f 746 934 935
f 907 936 746
f 889 937 908
f 889 938 939
f 889 940 941
f 864 942 943
f 942 864 863
f 860 859 944
f 911 858 857
f 856 855 945
f 854 912 945
f 895 852 851
f 850 946 913
f 846 845 947
f 843 842 948
f 842 841 915
f 915 841 840
f 834 917 949
f 917 834 833
f 832 831 950
f 830 951 950
f 951 830 829
f 827 952 918
f 826 825 953
f 823 954 955
f 920 810 809
f 808 807 956
f 806 957 956
f 803 921 958
f 922 896 801
f 799 959 922
f 789 960 961
f 923 787 786
f 925 897 784
f 925 783 782
f 927 780 779
f 928 779 778
f 775 774 898
f 931 773 772
f 771 770 962
f 758 757 900
f 755 754 902
f 892 905 751
f 935 933 746
f 908 893 746
f 941 938 889
f 889 963 964
f 880 879 965
f 866 865 943
f 909 942 863
f 966 861 860
f 859 858 911
f 945 910 856
f 895 912 853
f 913 851 850
f 849 848 967
f 968 847 846
f 844 969 947
f 969 844 843
f 840 839 914
f 839 838 970
f 837 971 970
f 836 835 949
f 833 832 916
f 950 831 830
f 918 828 827
f 952 827 826
f 825 824 955
f 955 824 823
f 822 821 972
f 820 973 972
f 819 818 974
f 956 919 808
f 956 807 806
f 896 921 802
f 922 800 799
f 798 797 975
f 796 976 975
f 795 794 977
f 792 978 979
f 791 790 961
f 961 790 789
f 897 924 785
f 927 926 781
f 929 777 776
f 774 773 931
f 962 930 771
f 769 980 962
f 768 767 981
f 764 763 982
f 762 983 982
f 761 760 932
f 903 900 757
f 906 890 747
f 939 937 889
f 964 984 889
f 884 985 986
f 881 987 988
f 987 881 880
f 877 876 989
f 874 990 991
f 943 865 864
f 861 966 909
f 911 944 859
f 945 855 854
f 967 946 849
f 847 968 967
f 947 845 844
f 915 948 842
f 970 838 837
f 971 837 836
f 950 916 832
f 953 952 826
f 823 822 954
f 972 821 820
f 973 820 819
f 818 817 992
f 816 993 992
f 815 814 994
f 813 995 994
f 812 811 996
f 806 805 957
f 805 804 958
f 799 798 959
f 975 797 796
f 976 796 795
f 793 979 977
f 979 793 792
f 789 788 960
f 782 781 926
f 931 898 774
f 962 770 769
f 980 769 768
f 765 997 998
f 982 763 762
f 983 762 761
f 904 902 754
f 984 940 889
f 887 886 999
f 885 986 999
f 986 885 884
f 883 882 988
f 965 987 880
f 878 1000 965
f 1000 878 877
f 876 875 991
f 991 875 874
f 870 869 1001
f 909 862 861
f 857 856 910
f 967 848 847
f 948 969 843
f 949 971 836
f 918 951 829
f 972 954 822
f 992 974 818
f 992 817 816
f 994 814 813
f 995 813 812
f 810 920 996
f 958 957 805
f 975 959 798
f 977 794 793
f 961 978 791
f 929 928 778
f 981 980 768
f 767 766 998
f 998 766 765
f 932 983 761
f 936 934 746
f 888 1002 963
f 1002 888 887
f 884 883 985
f 988 882 881
f 989 1000 877
f 874 873 990
f 1003 871 870
f 868 1004 1001
f 867 1005 1004
f 944 966 860
f 947 968 846
f 949 835 834
f 974 973 819
f 994 993 815
f 996 811 810
f 958 804 803
f 792 791 978
f 772 771 930
f 765 764 997
f 932 760 759
f 999 1002 887
f 988 985 883
f 991 989 876
f 873 872 1006
f 871 1003 1006
f 1001 869 868
f 1004 868 867
f 850 849 946
f 955 953 825
f 996 995 812
f 977 976 795
f 998 981 767
f 963 889 888
f 965 879 878
f 1006 872 871
f 867 866 1005
f 970 914 839
f 809 808 919
f 982 997 764
f 1006 990 873
f 943 1005 866
f 923 960 788
f 1001 1003 870
f 999 886 885
f 816 815 993
f 699 700 1007
f 702 1008 1009
f 698 1010 1011
f 1010 698 699
f 1009 701 702
f 703 704 1012
f 695 1013 1014
f 696 697 1011
f 1007 1010 699
f 701 1009 1007
f 1012 1008 703
f 690 1015 1016
f 692 693 1017
f 694 1014 1017
f 1014 694 695
f 1011 697 698
f 702 703 1008
f 705 1018 1012
f 709 710 1019
f 712 1020 1021
f 640 641 1022
f 642 1023 1022
f 643 644 1024
f 687 1025 1026
f 1016 689 690
f 1015 691 692
f 695 696 1013
f 1007 700 701
f 1012 704 705
f 706 707 1027
f 1028 708 709
f 710 711 1021
f 1021 711 712
f 713 714 1029
f 716 717 1030
f 636 637 1031
f 1022 641 642
f 1023 642 643
f 646 1032 1033
f 685 686 1026
f 1026 686 687
f 1017 1015 692
f 1011 1013 696
f 1027 1018 706
f 708 1028 1027
f 1021 1019 710
f 1029 1020 713
f 1034 715 716
f 717 718 1035
f 719 1036 1035
f 632 1037 1038
f 635 1039 1040
f 1039 635 636
f 639 1041 1042
f 1024 1023 643
f 645 1033 1024
f 1033 645 646
f 647 648 1043
f 684 685 1044
f 687 688 1025
f 688 689 1016
f 1017 693 694
f 1027 707 708
f 712 713 1020
f 715 1034 1029
f 1035 1030 717
f 1035 718 719
f 723 724 1045
f 608 1046 1047
f 630 631 1038
f 1038 631 632
f 633 634 1040
f 1031 1039 636
f 638 1042 1031
f 1042 638 639
f 1024 644 645
f 1043 1032 647
f 656 1048 1049
f 1050 683 684
f 1016 1025 688
f 705 706 1018
f 1029 714 715
f 719 720 1036
f 720 721 1051
f 722 1052 1051
f 1052 722 723
f 726 1053 1054
f 727 728 1055
f 729 1056 1055
f 601 1057 1058
f 605 606 1059
f 1047 607 608
f 609 610 1060
f 615 1061 1062
f 622 1063 1064
f 632 633 1037
f 1040 634 635
f 639 640 1041
f 646 647 1032
f 650 651 1065
f 654 655 1049
f 1049 655 656
f 660 661 1066
f 663 1067 1068
f 677 1069 1070
f 680 1071 1072
f 681 682 1073
f 683 1050 1073
f 1026 1044 685
f 1019 1028 709
f 1051 1036 720
f 1045 1052 723
f 1054 725 726
f 1055 728 729
f 598 599 1074
f 599 600 1058
f 1058 600 601
f 604 1075 1076
f 1075 604 605
f 606 607 1047
f 1060 1046 609
f 612 613 1077
f 1062 614 615
f 616 617 1078
f 619 620 1079
f 621 1064 1079
f 1064 621 622
f 1040 1037 633
f 1022 1041 640
f 649 1080 1043
f 1080 649 650
f 653 654 1081
f 656 657 1048
f 657 658 1082
f 659 1083 1082
f 1083 659 660
f 661 662 1068
f 1068 662 663
f 674 675 1084
f 1070 676 677
f 678 679 1072
f 1072 679 680
f 1073 682 683
f 690 691 1015
f 1051 721 722
f 725 1054 1045
f 1055 1053 727
f 743 1085 1086
f 581 582 1087
f 584 1088 1089
f 1090 597 598
f 601 602 1057
f 602 603 1076
f 1059 1075 605
f 608 609 1046
f 611 1091 1060
f 1091 611 612
f 614 1062 1077
f 1078 1061 616
f 618 1092 1078
f 1092 618 619
f 622 623 1063
f 1031 637 638
f 1065 1080 650
f 652 1093 1065
f 1093 652 653
f 1082 1048 657
f 1066 1083 660
f 663 664 1067
f 664 665 1094
f 671 672 1095
f 673 1096 1095
f 1096 673 674
f 676 1070 1084
f 1072 1069 678
f 1073 1071 681
f 1030 1034 716
f 726 727 1053
f 737 738 1097
f 739 1098 1097
f 740 741 1099
f 1086 742 743
f 745 744 1100
f 580 1101 1100
f 1101 580 581
f 1089 583 584
f 585 586 1102
f 591 1103 1104
f 597 1090 1105
f 1058 1074 599
f 1076 603 604
f 1060 610 611
f 1077 613 614
f 1078 617 618
f 1079 620 621
f 623 624 1106
f 625 1107 1106
f 626 627 1108
f 628 1109 1108
f 1043 648 649
f 1081 1093 653
f 1082 658 659
f 1094 1067 664
f 667 668 1110
f 670 1111 1112
f 1095 672 673
f 1084 675 676
f 680 681 1071
f 1045 724 725
f 1097 738 739
f 1098 739 740
f 741 742 1086
f 1100 1085 745
f 1087 1101 581
f 583 1089 1087
f 1102 1088 585
f 587 1113 1102
f 588 589 1114
f 590 1104 1114
f 1104 590 591
f 592 593 1115
f 594 1116 1115
f 595 596 1105
f 1074 1090 598
f 1047 1059 606
f 615 616 1061
f 1106 1063 623
f 1106 624 625
f 1108 627 628
f 629 630 1117
f 1065 651 652
f 1068 1066 661
f 666 1118 1094
f 1118 666 667
f 669 1112 1110
f 1112 669 670
f 1084 1096 674
f 1044 1050 684
f 1099 1098 740
f 743 745 1085
f 1087 582 583
f 1102 586 587
f 1113 587 588
f 591 592 1103
f 1115 593 594
f 1116 594 595
f 1076 1057 602
f 1079 1092 619
f 1108 1107 626
f 1109 628 629
f 1049 1081 654
f 1110 1118 667
f 670 671 1111
f 677 678 1069
f 1086 1099 741
f 584 585 1088
f 1114 589 590
f 1105 1116 595
f 1077 1091 612
f 1117 1109 629
f 1094 665 666
f 1095 1111 671
f 733 734 1119
f 1100 744 580
f 1115 1103 592
f 625 626 1107
f 1110 668 669
f 730 731 1120
f 732 1121 1120
f 1121 732 733
f 736 1122 1123
f 1114 1113 588
f 1038 1117 630
f 1056 729 730
f 1119 1121 733
f 734 735 1123
f 1123 735 736
f 1105 596 597
f 1120 731 732
f 736 737 1122
f 1120 1056 730
f 1097 1122 737
f 1123 1119 734
f 1124 1125 908
f 1126 1124 937
f 1127 1126 939
f 1128 1127 938
f 1129 1128 941
f 1130 1129 940
f 1131 1130 984
f 1132 1131 964
f 1133 1132 963
f 1134 1133 1002
f 1135 1134 999
f 1136 1135 986
f 1137 1136 985
f 1138 1137 988
f 1139 1138 987
f 1140 1139 965
f 1141 1140 1000
f 1142 1141 989
f 1143 1142 991
f 1144 1143 990
f 1145 1144 1006
f 1146 1145 1003
f 1147 1146 1001
f 1148 1147 1004
f 1149 1148 1005
f 1150 1149 943
f 1151 1150 942
f 1152 1151 909
f 1153 1152 966
f 1154 1153 944
f 1155 1154 911
f 1156 1155 910
f 1157 1156 945
f 1158 1157 912
f 1159 1158 895
f 1160 1159 913
f 1161 1160 946
f 1162 1161 967
f 1163 1162 968
f 1164 1163 947
f 1165 1164 969
f 1166 1165 948
f 1167 1166 915
f 1168 1167 914
f 1169 1168 970
f 1170 1169 971
f 1171 1170 949
f 1172 1171 917
f 1173 1172 916
f 1174 1173 950
f 1175 1174 951
f 1176 1175 918
f 1177 1176 952
f 1178 1177 953
f 1179 1178 955
f 1180 1179 954
f 1181 1180 972
f 1182 1181 973
f 1183 1182 974
f 1184 1183 992
f 1185 1184 993
f 1186 1185 994
f 1187 1186 995
f 1188 1187 996
f 1189 1188 920
f 1190 1189 919
f 1191 1190 956
f 1192 1191 957
f 1193 1192 958
f 1194 1193 921
f 1195 1194 896
f 1196 1195 922
f 1197 1196 959
f 1198 1197 975
f 1199 1198 976
f 1200 1199 977
f 1201 1200 979
f 1202 1201 978
f 1203 1202 961
f 1204 1203 960
f 1205 1204 923
f 1206 1205 924
f 1207 1206 897
f 1208 1207 925
f 1209 1208 926
f 1210 1209 927
f 1211 1210 928
f 1212 1211 929
f 1213 1212 899
f 1214 1213 898
f 1215 1214 931
f 1216 1215 930
f 1217 1216 962
f 1218 1217 980
f 1219 1218 981
f 1220 1219 998
f 1221 1220 997
f 1222 1221 982
f 1223 1222 983
f 1224 1223 932
f 1225 1224 901
f 1226 1225 900
f 1227 1226 903
f 1228 1227 902
f 1229 1228 904
f 1230 1229 905
f 1231 1230 892
f 1232 1231 891
f 1233 1232 890
f 1234 1233 906
f 1235 1234 933
f 1236 1235 935
f 1237 1236 934
f 1238 1237 936
f 1239 1238 907
f 1240 1239 894
f 1125 1240 893
f 893 908 1125
f 894 893 1240
f 907 894 1239
f 936 907 1238
f 934 936 1237
f 935 934 1236
f 933 935 1235
f 906 933 1234
f 890 906 1233
f 891 890 1232
f 892 891 1231
f 905 892 1230
f 904 905 1229
f 902 904 1228
f 903 902 1227
f 900 903 1226
f 901 900 1225
f 932 901 1224
f 983 932 1223
f 982 983 1222
f 997 982 1221
f 998 997 1220
f 981 998 1219
f 980 981 1218
f 962 980 1217
f 930 962 1216
f 931 930 1215
f 898 931 1214
f 899 898 1213
f 929 899 1212
f 928 929 1211
f 927 928 1210
f 926 927 1209
f 925 926 1208
f 897 925 1207
f 924 897 1206
f 923 924 1205
f 960 923 1204
f 961 960 1203
f 978 961 1202
f 979 978 1201
f 977 979 1200
f 976 977 1199
f 975 976 1198
f 959 975 1197
f 922 959 1196
f 896 922 1195
f 921 896 1194
f 958 921 1193
f 957 958 1192
f 956 957 1191
f 919 956 1190
f 920 919 1189
f 996 920 1188
f 995 996 1187
f 994 995 1186
f 993 994 1185
f 992 993 1184
f 974 992 1183
f 973 974 1182
f 972 973 1181
f 954 972 1180
f 955 954 1179
f 953 955 1178
f 952 953 1177
f 918 952 1176
f 951 918 1175
f 950 951 1174
f 916 950 1173
f 917 916 1172
f 949 917 1171
f 971 949 1170
f 970 971 1169
f 914 970 1168
f 915 914 1167
f 948 915 1166
f 969 948 1165
f 947 969 1164
f 968 947 1163
f 967 968 1162
f 946 967 1161
f 913 946 1160
f 895 913 1159
f 912 895 1158
f 945 912 1157
f 910 945 1156
f 911 910 1155
f 944 911 1154
f 966 944 1153
f 909 966 1152
f 942 909 1151
f 943 942 1150
f 1005 943 1149
f 1004 1005 1148
f 1001 1004 1147
f 1003 1001 1146
f 1006 1003 1145
f 990 1006 1144
f 991 990 1143
f 989 991 1142
f 1000 989 1141
f 965 1000 1140
f 987 965 1139
f 988 987 1138
f 985 988 1137
f 986 985 1136
f 999 986 1135
f 1002 999 1134
f 963 1002 1133
f 964 963 1132
f 984 964 1131
f 940 984 1130
f 941 940 1129
f 938 941 1128
f 939 938 1127
f 937 939 1126
f 908 937 1124
f 1241 1242 1080
f 1243 1241 1065
f 1244 1243 1093
f 1245 1244 1081
f 1246 1245 1049
f 1247 1246 1048
f 1248 1247 1082
f 1249 1248 1083
f 1250 1249 1066
f 1251 1250 1068
f 1252 1251 1067
f 1253 1252 1094
f 1254 1253 1118
f 1255 1254 1110
f 1256 1255 1112
f 1257 1256 1111
f 1258 1257 1095
f 1259 1258 1096
f 1260 1259 1084
f 1261 1260 1070
f 1262 1261 1069
f 1263 1262 1072
f 1264 1263 1071
f 1265 1264 1073
f 1266 1265 1050
f 1267 1266 1044
f 1268 1267 1026
f 1269 1268 1025
f 1270 1269 1016
f 1271 1270 1015
f 1272 1271 1017
f 1273 1272 1014
f 1274 1273 1013
f 1275 1274 1011
f 1276 1275 1010
f 1277 1276 1007
f 1278 1277 1009
f 1279 1278 1008
f 1280 1279 1012
f 1281 1280 1018
f 1282 1281 1027
f 1283 1282 1028
f 1284 1283 1019
f 1285 1284 1021
f 1286 1285 1020
f 1287 1286 1029
f 1288 1287 1034
f 1289 1288 1030
f 1290 1289 1035
f 1291 1290 1036
f 1292 1291 1051
f 1293 1292 1052
f 1294 1293 1045
f 1295 1294 1054
f 1296 1295 1053
f 1297 1296 1055
f 1298 1297 1056
f 1299 1298 1120
f 1300 1299 1121
f 1301 1300 1119
f 1302 1301 1123
f 1303 1302 1122
f 1304 1303 1097
f 1305 1304 1098
f 1306 1305 1099
f 1307 1306 1086
f 1308 1307 1085
f 1309 1308 1100
f 1310 1309 1101
f 1311 1310 1087
f 1312 1311 1089
f 1313 1312 1088
f 1314 1313 1102
f 1315 1314 1113
f 1316 1315 1114
f 1317 1316 1104
f 1318 1317 1103
f 1319 1318 1115
f 1320 1319 1116
f 1321 1320 1105
f 1322 1321 1090
f 1323 1322 1074
f 1324 1323 1058
f 1325 1324 1057
f 1326 1325 1076
f 1327 1326 1075
f 1328 1327 1059
f 1329 1328 1047
f 1330 1329 1046
f 1331 1330 1060
f 1332 1331 1091
f 1333 1332 1077
f 1334 1333 1062
f 1335 1334 1061
f 1336 1335 1078
f 1337 1336 1092
f 1338 1337 1079
f 1339 1338 1064
f 1340 1339 1063
f 1341 1340 1106
f 1342 1341 1107
f 1343 1342 1108
f 1344 1343 1109
f 1345 1344 1117
f 1346 1345 1038
f 1347 1346 1037
f 1348 1347 1040
f 1349 1348 1039
f 1350 1349 1031
f 1351 1350 1042
f 1352 1351 1041
f 1353 1352 1022
f 1354 1353 1023
f 1355 1354 1024
f 1356 1355 1033
f 1357 1356 1032
f 1242 1357 1043
f 1043 1080 1242
f 1032 1043 1357
f 1033 1032 1356
f 1024 1033 1355
f 1023 1024 1354
f 1022 1023 1353
f 1041 1022 1352
f 1042 1041 1351
f 1031 1042 1350
f 1039 1031 1349
f 1040 1039 1348
f 1037 1040 1347
f 1038 1037 1346
f 1117 1038 1345
f 1109 1117 1344
f 1108 1109 1343
f 1107 1108 1342
f 1106 1107 1341
f 1063 1106 1340
f 1064 1063 1339
f 1079 1064 1338
f 1092 1079 1337
f 1078 1092 1336
f 1061 1078 1335
f 1062 1061 1334
f 1077 1062 1333
f 1091 1077 1332
f 1060 1091 1331
f 1046 1060 1330
f 1047 1046 1329
f 1059 1047 1328
f 1075 1059 1327
f 1076 1075 1326
f 1057 1076 1325
f 1058 1057 1324
f 1074 1058 1323
f 1090 1074 1322
f 1105 1090 1321
f 1116 1105 1320
f 1115 1116 1319
f 1103 1115 1318
f 1104 1103 1317
f 1114 1104 1316
f 1113 1114 1315
f 1102 1113 1314
f 1088 1102 1313
f 1089 1088 1312
f 1087 1089 1311
f 1101 1087 1310
f 1100 1101 1309
f 1085 1100 1308
f 1086 1085 1307
f 1099 1086 1306
f 1098 1099 1305
f 1097 1098 1304
f 1122 1097 1303
f 1123 1122 1302
f 1119 1123 1301
f 1121 1119 1300
f 1120 1121 1299
f 1056 1120 1298
f 1055 1056 1297
f 1053 1055 1296
f 1054 1053 1295
f 1045 1054 1294
f 1052 1045 1293
f 1051 1052 1292
f 1036 1051 1291
f 1035 1036 1290
f 1030 1035 1289
f 1034 1030 1288
f 1029 1034 1287
f 1020 1029 1286
f 1021 1020 1285
f 1019 1021 1284
f 1028 1019 1283
f 1027 1028 1282
f 1018 1027 1281
f 1012 1018 1280
f 1008 1012 1279
f 1009 1008 1278
f 1007 1009 1277
f 1010 1007 1276
f 1011 1010 1275
f 1013 1011 1274
f 1014 1013 1273
f 1017 1014 1272
f 1015 1017 1271
f 1016 1015 1270
f 1025 1016 1269
f 1026 1025 1268
f 1044 1026 1267
f 1050 1044 1266
f 1073 1050 1265
f 1071 1073 1264
f 1072 1071 1263
f 1069 1072 1262
f 1070 1069 1261
f 1084 1070 1260
f 1096 1084 1259
f 1095 1096 1258
f 1111 1095 1257
f 1112 1111 1256
f 1110 1112 1255
f 1118 1110 1254
f 1094 1118 1253
f 1067 1094 1252
f 1068 1067 1251
f 1066 1068 1250
f 1083 1066 1249
f 1082 1083 1248
f 1048 1082 1247
f 1049 1048 1246
f 1081 1049 1245
f 1093 1081 1244
f 1065 1093 1243
f 1080 1065 1241
f 293 1358 746
f 1358 1359 889
f 889 746 1358
f 889 1359 243
f 243 555 889
f 236 235 243
f 1360 1358 293
f 243 1359 236
f 746 447 293
f 293 1361 1360
f 245 1362 1361
f 1362 245 244
f 244 1363 1362
f 1361 293 245
f 1364 1362 1363
f 1363 1365 1364
f 239 1366 241
f 1366 1367 244
f 244 241 1366
f 1365 1363 244
f 244 1367 1365
f 241 240 239
f 1368 1369 1367
f 1367 1366 1368
f 1361 1370 1371
f 1371 1360 1361
f 1371 1372 1360
f 1361 1373 1370
f 1360 1374 1375
f 1361 1376 1373
f 1361 1377 1378
f 1372 1374 1360
f 1361 1379 1377
f 1364 1380 1381
f 1364 1382 1383
f 1360 1384 1385
f 1360 1386 1387
f 1360 1388 1389
f 1378 1376 1361
f 1361 1390 1391
f 1362 1392 1393
f 1364 1394 1395
f 1381 1396 1364
f 1364 1397 1382
f 1364 1398 1399
f 1387 1384 1360
f 1360 1400 1388
f 1361 1401 1379
f 1361 1402 1403
f 1361 1404 1390
f 1361 1405 1406
f 1362 1407 1408
f 1362 1409 1410
f 1362 1411 1412
f 1393 1413 1362
f 1362 1414 1415
f 1362 1364 1416
f 1396 1394 1364
f 1399 1397 1364
f 1364 1417 1418
f 1360 1419 1420
f 1360 1421 1386
f 1375 1400 1360
f 1361 1422 1423
f 1361 1424 1425
f 1391 1402 1361
f 1361 1426 1427
f 1406 1428 1361
f 1362 1429 1430
f 1410 1407 1362
f 1408 1431 1362
f 1362 1432 1433
f 1362 1434 1435
f 1362 1436 1437
f 1362 1438 1439
f 1413 1411 1362
f 1416 1414 1362
f 1383 1380 1364
f 1418 1440 1364
f 1364 1441 1442
f 1364 1443 1444
f 1360 1445 1446
f 1360 1447 1448
f 1420 1449 1360
f 1389 1421 1360
f 1423 1450 1361
f 1403 1424 1361
f 1428 1426 1361
f 1361 1451 1452
f 1361 1453 1454
f 1362 1431 1429
f 1430 1361 1362
f 1433 1409 1362
f 1435 1455 1362
f 1362 1456 1436
f 1362 1457 1438
f 1415 1392 1362
f 1440 1398 1364
f 1442 1458 1364
f 1364 1459 1460
f 1364 1461 1462
f 1444 1463 1364
f 1463 1464 1364
f 1364 1465 1466
f 1360 1467 1468
f 1446 1469 1360
f 1469 1467 1360
f 1360 1470 1471
f 1449 1447 1360
f 1450 1401 1361
f 1361 1472 1473
f 1427 1404 1361
f 1454 1451 1361
f 1452 1474 1361
f 1430 1475 1361
f 1455 1432 1362
f 1437 1476 1362
f 1362 1477 1478
f 1412 1457 1362
f 1458 1417 1364
f 1462 1459 1364
f 1364 1479 1480
f 1466 1481 1364
f 1481 1443 1364
f 1360 1482 1465
f 1360 1483 1484
f 1468 1485 1360
f 1485 1483 1360
f 1471 1445 1360
f 1360 1486 1487
f 1385 1419 1360
f 1425 1472 1361
f 1474 1405 1361
f 1475 1453 1361
f 1476 1434 1362
f 1439 1477 1362
f 1460 1441 1364
f 1464 1479 1364
f 1465 1364 1360
f 1487 1470 1360
f 1473 1422 1361
f 1478 1456 1362
f 1480 1461 1364
f 1484 1482 1360
f 1448 1486 1360
f 1395 1416 1364
f 1488 1193 1194
f 1488 1192 1193
f 1488 1188 1189
f 1358 1230 1231
f 1488 1211 1212
f 1488 1201 1202
f 1488 1196 1197
f 1194 1195 1488
f 1189 1190 1488
f 1358 1234 1235
f 1358 1232 1233
f 1358 1229 1230
f 1358 1227 1228
f 1212 1358 1488
f 1488 1208 1209
f 1488 1205 1206
f 1488 1203 1204
f 1488 1200 1201
f 1488 1198 1199
f 1195 1196 1488
f 1190 1191 1488
f 1488 1184 1185
f 1489 1162 1163
f 1358 1238 1239
f 1358 1236 1237
f 1233 1234 1358
f 1228 1229 1358
f 1358 1225 1226
f 1358 1223 1224
f 1358 1214 1215
f 1488 1210 1211
f 1488 1207 1208
f 1204 1205 1488
f 1199 1200 1488
f 1191 1192 1488
f 1488 1186 1187
f 1488 1183 1184
f 1185 1186 1488
f 1488 1181 1182
f 1489 1179 1180
f 1489 1177 1178
f 1163 1164 1489
f 1237 1238 1358
f 1239 1240 1358
f 1231 1232 1358
f 1224 1225 1358
f 1215 1216 1358
f 1212 1213 1358
f 1206 1207 1488
f 1197 1198 1488
f 1488 1180 1181
f 1182 1183 1488
f 1178 1179 1489
f 1180 1488 1489
f 1489 1175 1176
f 1489 1167 1168
f 1164 1165 1489
f 1226 1227 1358
f 1358 1220 1221
f 1216 1217 1358
f 1209 1210 1488
f 1187 1188 1488
f 1489 1174 1175
f 1176 1177 1489
f 1489 1172 1173
f 1168 1169 1489
f 1165 1166 1489
f 1235 1236 1358
f 1221 1222 1358
f 1358 1218 1219
f 1213 1214 1358
f 1173 1174 1489
f 1489 1170 1171
f 1166 1167 1489
f 1489 1359 1153
f 1359 1150 1151
f 1359 1148 1149
f 1359 1145 1146
f 1359 1141 1142
f 1359 1139 1140
f 1359 1127 1128
f 1359 1124 1126
f 1222 1223 1358
f 1217 1218 1358
f 1169 1170 1489
f 1489 1160 1161
f 1489 1158 1159
f 1489 1156 1157
f 1489 1154 1155
f 1359 1152 1153
f 1149 1150 1359
f 1146 1147 1359
f 1147 1148 1359
f 1359 1143 1144
f 1140 1141 1359
f 1142 1143 1359
f 1359 1137 1138
f 1359 1134 1135
f 1126 1127 1359
f 1128 1129 1359
f 1219 1220 1358
f 1171 1172 1489
f 1159 1160 1489
f 1155 1156 1489
f 1151 1152 1359
f 1144 1145 1359
f 1138 1139 1359
f 1135 1136 1359
f 1359 1130 1131
f 1129 1130 1359
f 1202 1203 1488
f 1157 1158 1489
f 1136 1137 1359
f 1131 1132 1359
f 1358 1125 1124
f 1161 1162 1489
f 1359 1132 1133
f 1124 1359 1358
f 1153 1154 1489
f 1133 1134 1359
f 1240 1125 1358
f 1369 1328 1329
f 1329 1490 1369
f 1490 1354 1355
f 1490 1351 1352
f 1490 1337 1338
f 1490 1333 1334
f 1369 1327 1328
f 1369 1325 1326
f 1369 1322 1323
f 1368 1284 1285
f 1368 1282 1283
f 1355 1356 1490
f 1356 1357 1490
f 1352 1353 1490
f 1490 1347 1348
f 1490 1336 1337
f 1334 1335 1490
f 1490 1331 1332
f 1329 1330 1490
f 1369 1324 1325
f 1369 1321 1322
f 1368 1289 1290
f 1368 1287 1288
f 1283 1284 1368
f 1353 1354 1490
f 1490 1349 1350
f 1490 1346 1347
f 1490 1344 1345
f 1490 1341 1342
f 1338 1339 1490
f 1332 1333 1490
f 1326 1327 1369
f 1369 1320 1321
f 1369 1311 1312
f 1369 1308 1309
f 1369 1305 1306
f 1369 1302 1303
f 1368 1291 1292
f 1288 1289 1368
f 1285 1286 1368
f 1350 1351 1490
f 1345 1346 1490
f 1490 1340 1341
f 1335 1336 1490
f 1323 1324 1369
f 1369 1317 1318
f 1369 1315 1316
f 1312 1313 1369
f 1309 1310 1369
f 1306 1307 1369
f 1307 1308 1369
f 1303 1304 1369
f 1369 1299 1300
f 1368 1295 1296
f 1292 1293 1368
f 1293 1294 1368
f 1286 1287 1368
f 1491 1262 1263
f 1491 1258 1259
f 1491 1256 1257
f 1348 1349 1490
f 1342 1343 1490
f 1330 1331 1490
f 1318 1319 1369
f 1369 1314 1315
f 1310 1311 1369
f 1304 1305 1369
f 1369 1298 1299
f 1300 1301 1369
f 1368 1297 1298
f 1368 1294 1295
f 1296 1297 1368
f 1290 1291 1368
f 1368 1279 1280
f 1263 1264 1491
f 1264 1265 1491
f 1491 1260 1261
f 1257 1258 1491
f 1259 1260 1491
f 1491 1254 1255
f 1491 1245 1246
f 1491 1241 1243
f 1490 1242 1241
f 1339 1340 1490
f 1316 1317 1369
f 1298 1369 1368
f 1280 1281 1368
f 1491 1267 1268
f 1491 1265 1266
f 1261 1262 1491
f 1255 1256 1491
f 1491 1251 1252
f 1491 1244 1245
f 1246 1247 1491
f 1241 1491 1490
f 1343 1344 1490
f 1313 1314 1369
f 1281 1282 1368
f 1368 1277 1278
f 1368 1275 1276
f 1368 1273 1274
f 1368 1271 1272
f 1368 1491 1270
f 1266 1267 1491
f 1252 1253 1491
f 1253 1254 1491
f 1491 1249 1250
f 1491 1247 1248
f 1243 1244 1491
f 1319 1320 1369
f 1276 1277 1368
f 1272 1273 1368
f 1491 1269 1270
f 1250 1251 1491
f 1301 1302 1369
f 1274 1275 1368
f 1268 1269 1491
f 1248 1249 1491
f 1278 1279 1368
f 1270 1271 1368
f 1357 1242 1490
f 1414 1416 1492
f 1415 1414 1493
f 1392 1415 1494
f 1393 1392 1495
f 1413 1393 1496
f 1411 1413 1497
f 1412 1411 1498
f 1457 1412 1499
f 1438 1457 1500
f 1439 1438 1501
f 1477 1439 1502
f 1478 1477 1503
f 1456 1478 1504
f 1436 1456 1505
f 1437 1436 1506
f 1476 1437 1507
f 1434 1476 1508
f 1435 1434 1509
f 1455 1435 1510
f 1432 1455 1511
f 1433 1432 1512
f 1409 1433 1513
f 1410 1409 1514
f 1407 1410 1515
f 1408 1407 1516
f 1431 1408 1517
f 1429 1431 1518
f 1430 1429 1519
f 1475 1430 1520
f 1453 1475 1521
f 1454 1453 1522
f 1451 1454 1523
f 1452 1451 1524
f 1474 1452 1525
f 1405 1474 1526
f 1406 1405 1527
f 1428 1406 1528
f 1426 1428 1529
f 1427 1426 1530
f 1404 1427 1531
f 1390 1404 1532
f 1391 1390 1533
f 1402 1391 1534
f 1403 1402 1535
f 1424 1403 1536
f 1425 1424 1537
f 1472 1425 1538
f 1473 1472 1539
f 1422 1473 1540
f 1423 1422 1541
f 1450 1423 1542
f 1401 1450 1543
f 1379 1401 1544
f 1377 1379 1545
f 1378 1377 1546
f 1376 1378 1547
f 1373 1376 1548
f 1370 1373 1549
f 1550 1551 1371
f 1551 1372 1371
f 1374 1372 1551
f 1375 1374 1552
f 1400 1375 1553
f 1388 1400 1554
f 1389 1388 1555
f 1421 1389 1556
f 1386 1421 1557
f 1387 1386 1558
f 1384 1387 1559
f 1385 1384 1560
f 1419 1385 1561
f 1420 1419 1562
f 1449 1420 1563
f 1447 1449 1564
f 1448 1447 1565
f 1486 1448 1566
f 1487 1486 1567
f 1470 1487 1568
f 1471 1470 1569
f 1445 1471 1570
f 1446 1445 1571
f 1469 1446 1572
f 1467 1469 1573
f 1468 1467 1574
f 1485 1468 1575
f 1483 1485 1576
f 1484 1483 1577
f 1482 1484 1578
f 1465 1482 1579
f 1466 1465 1580
f 1481 1466 1581
f 1443 1481 1582
f 1444 1443 1583
f 1463 1444 1584
f 1464 1463 1585
f 1479 1464 1586
f 1480 1479 1587
f 1461 1480 1588
f 1462 1461 1589
f 1459 1462 1590
f 1460 1459 1591
f 1441 1460 1592
f 1442 1441 1593
f 1458 1442 1594
f 1417 1458 1595
f 1418 1417 1596
f 1440 1418 1597
f 1398 1440 1598
f 1399 1398 1599
f 1397 1399 1600
f 1382 1397 1601
f 1383 1382 1602
f 1380 1383 1603
f 1381 1380 1604
f 1396 1381 1605
f 1394 1396 1606
f 1395 1394 1607
f 1416 1395 1608
f 1608 1492 1416
f 1607 1608 1395
f 1606 1607 1394
f 1605 1606 1396
f 1604 1605 1381
f 1603 1604 1380
f 1602 1603 1383
f 1601 1602 1382
f 1600 1601 1397
f 1599 1600 1399
f 1598 1599 1398
f 1597 1598 1440
f 1596 1597 1418
f 1595 1596 1417
f 1594 1595 1458
f 1593 1594 1442
f 1592 1593 1441
f 1591 1592 1460
f 1590 1591 1459
f 1589 1590 1462
f 1588 1589 1461
f 1587 1588 1480
f 1586 1587 1479
f 1585 1586 1464
f 1584 1585 1463
f 1583 1584 1444
f 1582 1583 1443
f 1581 1582 1481
f 1580 1581 1466
f 1579 1580 1465
f 1578 1579 1482
f 1577 1578 1484
f 1576 1577 1483
f 1575 1576 1485
f 1574 1575 1468
f 1573 1574 1467
f 1572 1573 1469
f 1571 1572 1446
f 1570 1571 1445
f 1569 1570 1471
f 1568 1569 1470
f 1567 1568 1487
f 1566 1567 1486
f 1565 1566 1448
f 1564 1565 1447
f 1563 1564 1449
f 1562 1563 1420
f 1561 1562 1419
f 1560 1561 1385
f 1559 1560 1384
f 1558 1559 1387
f 1557 1558 1386
f 1556 1557 1421
f 1555 1556 1389
f 1554 1555 1388
f 1553 1554 1400
f 1552 1553 1375
f 1551 1552 1374
f 1371 1370 1550
f 1549 1550 1370
f 1548 1549 1373
f 1547 1548 1376
f 1546 1547 1378
f 1545 1546 1377
f 1544 1545 1379
f 1543 1544 1401
f 1542 1543 1450
f 1541 1542 1423
f 1540 1541 1422
f 1539 1540 1473
f 1538 1539 1472
f 1537 1538 1425
f 1536 1537 1424
f 1535 1536 1403
f 1534 1535 1402
f 1533 1534 1391
f 1532 1533 1390
f 1531 1532 1404
f 1530 1531 1427
f 1529 1530 1426
f 1528 1529 1428
f 1527 1528 1406
f 1526 1527 1405
f 1525 1526 1474
f 1524 1525 1452
f 1523 1524 1451
f 1522 1523 1454
f 1521 1522 1453
f 1520 1521 1475
f 1519 1520 1430
f 1518 1519 1429
f 1517 1518 1431
f 1516 1517 1408
f 1515 1516 1407
f 1514 1515 1410
f 1513 1514 1409
f 1512 1513 1433
f 1511 1512 1432
f 1510 1511 1455
f 1509 1510 1435
f 1508 1509 1434
f 1507 1508 1476
f 1506 1507 1437
f 1505 1506 1436
f 1504 1505 1456
f 1503 1504 1478
f 1502 1503 1477
f 1501 1502 1439
f 1500 1501 1438
f 1499 1500 1457
f 1498 1499 1412
f 1497 1498 1411
f 1496 1497 1413
f 1495 1496 1393
f 1494 1495 1392
f 1493 1494 1415
f 1492 1493 1414
f 1360 1609 1610
f 1360 1611 1609
f 1360 1612 1611
f 1360 1613 1612
f 1360 1614 1615
f 1610 1616 1360
f 1360 1617 1618
f 1360 1619 1620
f 1616 1614 1360
f 1360 1621 1622
f 1360 1623 1617
f 1358 1624 1625
f 1358 1626 1627
f 1358 1360 1628
f 1360 1629 1630
f 1360 1631 1632
f 1615 1619 1360
f 1618 1621 1360
f 1367 1633 1634
f 1358 1635 1624
f 1627 1636 1358
f 1360 1637 1628
f 1632 1629 1360
f 1622 1613 1360
f 1638 1639 1640
f 1367 1641 1642
f 1367 1643 1633
f 1358 1644 1635
f 1628 1626 1358
f 1360 1645 1646
f 1620 1631 1360
f 1360 1647 1648
f 1649 1650 1651
f 1638 1652 1653
f 1638 1654 1639
f 1367 1655 1641
f 1367 1656 1657
f 1367 1658 1643
f 1367 1659 1660
f 1367 1661 1662
f 1367 1663 1664
f 1367 1369 1665
f 1636 1644 1358
f 1360 1666 1667
f 1360 1668 1669
f 1630 1645 1360
f 1360 1651 1647
f 1649 1670 1650
f 1649 1671 1672
f 1638 1673 1652
f 1638 1642 1654
f 1367 1674 1655
f 1657 1675 1367
f 1367 1676 1677
f 1367 1678 1679
f 1367 1680 1658
f 1367 1681 1682
f 1662 1659 1367
f 1665 1663 1367
f 1369 1683 1684
f 1667 1637 1360
f 1669 1685 1360
f 1648 1623 1360
f 1672 1670 1649
f 1640 1673 1638
f 1675 1674 1367
f 1367 1686 1687
f 1679 1676 1367
f 1367 1688 1680
f 1660 1681 1367
f 1664 1689 1367
f 1684 1690 1369
f 1685 1666 1360
f 1651 1360 1649
f 1642 1638 1367
f 1677 1686 1367
f 1682 1688 1367
f 1367 1691 1692
f 1367 1693 1694
f 1690 1665 1369
f 1369 1490 1695
f 1646 1668 1360
f 1649 1696 1697
f 1649 1698 1699
f 1360 1364 1638
f 1687 1656 1367
f 1692 1661 1367
f 1694 1700 1367
f 1695 1683 1369
f 1625 1701 1358
f 1699 1696 1649
f 1638 1649 1360
f 1634 1678 1367
f 1689 1693 1367
f 1697 1671 1649
f 1364 1367 1638
f 1638 1702 1703
f 1700 1691 1367
f 1364 1365 1367
f 1653 1702 1638
f 1703 1704 1638
f 1701 1488 1358
f 1638 1705 1706
f 1638 1707 1708
f 1706 1709 1638
f 1709 1707 1638
f 1708 1710 1638
f 1708 1711 1710
f 1711 1712 1710
f 1712 1713 1710
f 1713 1714 1710
f 1714 1715 1710
f 1715 1716 1710
f 1716 1717 1710
f 1717 1718 1710
f 1718 1719 1710
f 1638 1704 1705
f 1719 1720 1710
f 1720 1721 1710
f 1721 1722 1710
f 1710 1723 1724
f 1722 1725 1710
f 1725 1723 1710
f 1724 1726 1710
f 1726 1727 1728
f 1728 1710 1726
f 1729 1730 1731
f 1729 1732 1730
f 1729 1733 1732
f 1729 1734 1733
f 1729 1735 1734
f 1729 1736 1735
f 1729 1737 1736
f 1729 1738 1737
f 1729 1739 1738
f 1728 1740 1739
f 1739 1729 1728
f 1728 1741 1740
f 1728 1742 1741
f 1728 1743 1742
f 1728 1744 1743
f 1728 1745 1744
f 1728 1746 1745
f 1728 1747 1746
f 1728 1748 1747
f 1728 1749 1748
f 1728 1750 1749
f 1728 1751 1750
f 1728 1752 1751
f 1728 1753 1752
f 1728 1754 1753
f 1728 1755 1754
f 1728 1756 1755
f 1728 1757 1756
f 1728 1727 1758
f 1758 1757 1728
f 1731 1759 1729
f 1710 1604 1603
f 1710 1492 1608
f 1728 1493 1492
f 1710 1598 1597
f 1710 1601 1600
f 1603 1602 1710
f 1710 1606 1605
f 1492 1710 1728
f 1728 1495 1494
f 1710 1599 1598
f 1602 1601 1710
f 1710 1607 1606
f 1494 1493 1728
f 1710 1595 1594
f 1600 1599 1710
f 1608 1607 1710
f 1728 1497 1496
f 1710 1596 1595
f 1605 1604 1710
f 1728 1498 1497
f 1728 1500 1499
f 1729 1518 1517
f 1638 1591 1590
f 1638 1710 1592
f 1597 1596 1710
f 1499 1498 1728
f 1728 1503 1502
f 1517 1516 1729
f 1592 1591 1638
f 1496 1495 1728
f 1502 1501 1728
f 1728 1508 1507
f 1728 1511 1510
f 1728 1729 1512
f 1729 1514 1513
f 1516 1515 1729
f 1638 1585 1584
f 1710 1593 1592
f 1501 1500 1728
f 1507 1506 1728
f 1512 1511 1728
f 1515 1514 1729
f 1729 1529 1528
f 1760 1534 1533
f 1760 1761 1551
f 1649 1576 1575
f 1638 1582 1581
f 1638 1586 1585
f 1594 1593 1710
f 1728 1505 1504
f 1728 1509 1508
f 1513 1512 1729
f 1729 1530 1529
f 1729 1760 1531
f 1760 1535 1534
f 1760 1537 1536
f 1760 1548 1547
f 1551 1550 1760
f 1761 1554 1553
f 1761 1557 1556
f 1761 1560 1559
f 1761 1562 1561
f 1649 1577 1576
f 1649 1579 1578
f 1649 1638 1580
f 1638 1583 1582
f 1638 1587 1586
f 1638 1589 1588
f 1504 1503 1728
f 1510 1509 1728
f 1729 1521 1520
f 1729 1527 1526
f 1531 1530 1729
f 1536 1535 1760
f 1760 1539 1538
f 1547 1546 1760
f 1550 1549 1760
f 1553 1552 1761
f 1556 1555 1761
f 1561 1560 1761
f 1761 1564 1563
f 1649 1574 1573
f 1578 1577 1649
f 1581 1580 1638
f 1588 1587 1638
f 1506 1505 1728
f 1520 1519 1729
f 1729 1524 1523
f 1526 1525 1729
f 1760 1532 1531
f 1538 1537 1760
f 1760 1543 1542
f 1549 1548 1760
f 1555 1554 1761
f 1559 1558 1761
f 1761 1565 1564
f 1761 1567 1566
f 1761 1649 1568
f 1649 1571 1570
f 1573 1572 1649
f 1580 1579 1649
f 1590 1589 1638
f 1729 1522 1521
f 1525 1524 1729
f 1533 1532 1760
f 1760 1541 1540
f 1760 1544 1543
f 1546 1545 1760
f 1558 1557 1761
f 1566 1565 1761
f 1649 1569 1568
f 1572 1571 1649
f 1584 1583 1638
f 1523 1522 1729
f 1540 1539 1760
f 1545 1544 1760
f 1563 1562 1761
f 1570 1569 1649
f 1519 1518 1729
f 1542 1541 1760
f 1568 1567 1761
f 1528 1527 1729
f 1575 1574 1649
f 1552 1551 1761
f 1729 1759 1762
f 1762 1763 1729
f 1763 1764 1729
f 1764 1765 1729
f 1765 1766 1729
f 1766 1767 1729
f 1767 1768 1729
f 1768 1769 1729
f 1760 1729 1770
f 1769 1771 1729
f 1771 1770 1729
f 1770 1772 1760
f 1772 1773 1760
f 1773 1774 1760
f 1774 1775 1760
f 1775 1776 1760
f 1776 1777 1760
f 1777 1778 1760
f 1778 1779 1760
f 1779 1780 1760
f 1780 1781 1760
f 1781 1782 1760
f 1782 1783 1760
f 1783 1784 1760
f 1784 1785 1760
f 1785 1786 1760
f 1786 1787 1760
f 1760 1788 1789
f 1787 1790 1760
f 1790 1788 1760
f 1789 1791 1760
f 1791 1792 1761
f 1761 1760 1791
f 1649 1793 1794
f 1649 1795 1793
f 1649 1796 1795
f 1649 1797 1796
f 1649 1761 1798
f 1798 1797 1649
f 1761 1799 1798
f 1761 1800 1799
f 1761 1801 1800
f 1761 1802 1801
f 1761 1803 1802
f 1761 1804 1803
f 1761 1805 1804
f 1761 1806 1805
f 1761 1807 1806
f 1761 1808 1807
f 1761 1809 1808
f 1761 1810 1809
f 1761 1811 1810
f 1761 1812 1811
f 1761 1792 1813
f 1813 1812 1761
f 1794 1698 1649
f 236 1814 1815
f 1815 1816 236
f 1816 1817 236
f 1818 1819 1820
f 1817 1821 236
f 237 1822 1823
f 1818 1824 1819
f 236 1825 1826
f 236 1827 1814
f 236 1828 1829
f 1368 1830 1831
f 237 1832 1833
f 237 1834 1835
f 1823 1836 237
f 237 1837 1838
f 237 1839 1840
f 1818 1841 1824
f 1818 1842 1843
f 1826 1844 236
f 236 1845 1846
f 1829 1827 236
f 236 1847 1848
f 1368 1849 1850
f 1831 1851 1368
f 1368 237 1852
f 1835 1832 237
f 237 1853 1854
f 237 1855 1856
f 1836 1857 237
f 237 1858 1859
f 237 1860 1861
f 237 1862 1837
f 1840 1863 237
f 1820 237 1818
f 1843 1864 1818
f 1865 236 1866
f 1846 1825 236
f 1848 1828 236
f 236 1867 1868
f 236 1869 1870
f 1368 1871 1849
f 1852 1830 1368
f 1854 1834 237
f 1857 1855 237
f 1861 1858 237
f 237 1872 1873
f 1863 1862 237
f 1864 1841 1818
f 1865 1874 1875
f 1866 1876 1865
f 236 1877 1878
f 1821 1845 236
f 1870 1867 236
f 1359 1879 1880
f 1359 1881 1882
f 1359 1883 1884
f 1368 1885 1886
f 1851 1871 1368
f 237 1887 1888
f 237 1889 1890
f 1856 1853 237
f 1873 1860 237
f 1820 1839 237
f 1876 1874 1865
f 1878 1891 236
f 1868 1847 236
f 236 1892 1893
f 1880 236 1359
f 1359 1894 1881
f 1884 1895 1359
f 1850 1885 1368
f 237 1896 1887
f 1833 1889 237
f 1838 1872 237
f 1891 1866 236
f 1893 1869 236
f 236 1897 1898
f 1882 1879 1359
f 1895 1899 1359
f 1888 1852 237
f 1859 1822 237
f 1844 1877 236
f 236 1900 1897
f 236 1901 1902
f 1899 1894 1359
f 1890 1896 237
f 1818 1903 1904
f 1865 1905 1906
f 1865 1907 1908
f 1898 1892 236
f 1880 1901 236
f 1904 1842 1818
f 237 1368 1366
f 1908 1905 1865
f 1902 1900 236
f 1366 239 237
f 236 1865 1818
f 1875 1907 1865
f 1818 237 236
f 1359 1489 1883
f 1906 1909 1865
f 1886 1491 1368
f 1865 1909 1910
f 1910 1911 1865
f 1911 1912 1865
f 1865 1913 1914
f 1912 1915 1865
f 1915 1913 1865
f 1914 1916 1865
f 1914 1917 1916
f 1917 1918 1916
f 1918 1919 1916
f 1919 1920 1916
f 1920 1921 1916
f 1921 1922 1916
f 1922 1923 1916
f 1923 1924 1916
f 1924 1925 1916
f 1925 1926 1916
f 1926 1927 1916
f 1927 1928 1916
f 1916 1929 1930
f 1928 1931 1916
f 1931 1929 1916
f 1930 1932 1916
f 1933 1916 1932
f 1932 1934 1933
f 1935 1936 1937
f 1935 1938 1936
f 1935 1939 1938
f 1935 1940 1939
f 1935 1941 1940
f 1935 1942 1941
f 1935 1943 1942
f 1935 1944 1943
f 1935 1945 1944
f 1933 1946 1945
f 1945 1935 1933
f 1933 1947 1946
f 1933 1948 1947
f 1933 1949 1948
f 1933 1950 1949
f 1933 1951 1950
f 1933 1952 1951
f 1933 1953 1952
f 1933 1954 1953
f 1933 1955 1954
f 1933 1956 1955
f 1933 1957 1956
f 1933 1958 1957
f 1933 1959 1958
f 1933 1960 1959
f 1933 1961 1960
f 1933 1962 1961
f 1933 1963 1962
f 1933 1934 1964
f 1964 1963 1933
f 1937 1965 1935
f 1883 1489 1488
f 1884 1883 1701
f 1895 1884 1625
f 1899 1895 1624
f 1894 1899 1635
f 1881 1894 1644
f 1882 1881 1636
f 1879 1882 1627
f 1880 1879 1626
f 1901 1880 1628
f 1902 1901 1637
f 1900 1902 1667
f 1897 1900 1666
f 1898 1897 1685
f 1892 1898 1669
f 1893 1892 1668
f 1869 1893 1646
f 1870 1869 1645
f 1867 1870 1630
f 1868 1867 1629
f 1847 1868 1632
f 1848 1847 1631
f 1828 1848 1620
f 1829 1828 1619
f 1827 1829 1615
f 1814 1827 1614
f 1815 1814 1616
f 1816 1815 1610
f 1817 1816 1609
f 1821 1817 1611
f 1845 1821 1612
f 1846 1845 1613
f 1825 1846 1622
f 1826 1825 1621
f 1844 1826 1618
f 1837 1862 1674
f 1838 1837 1675
f 1872 1838 1657
f 1873 1872 1656
f 1860 1873 1687
f 1861 1860 1686
f 1858 1861 1677
f 1859 1858 1676
f 1822 1859 1679
f 1823 1822 1678
f 1836 1823 1634
f 1857 1836 1633
f 1855 1857 1643
f 1856 1855 1658
f 1853 1856 1680
f 1854 1853 1688
f 1834 1854 1682
f 1835 1834 1681
f 1832 1835 1660
f 1833 1832 1659
f 1889 1833 1662
f 1890 1889 1661
f 1896 1890 1692
f 1887 1896 1691
f 1888 1887 1700
f 1852 1888 1694
f 1830 1852 1693
f 1831 1830 1689
f 1851 1831 1664
f 1871 1851 1663
f 1849 1871 1665
f 1850 1849 1690
f 1885 1850 1684
f 1886 1885 1683
f 1491 1886 1695
f 1842 1904 1966
f 1843 1842 1967
f 1967 1968 1843
f 1864 1843 1969
f 1969 1970 1864
f 1841 1864 1971
f 1971 1972 1841
f 1824 1841 1973
f 1973 1974 1824
f 1819 1824 1975
f 1975 1976 1819
f 1820 1819 1977
f 1977 1978 1820
f 1839 1820 1979
f 1979 1980 1839
f 1840 1839 1981
f 1981 1982 1840
f 1863 1840 1983
f 1983 1984 1863
f 1877 1929 1931
f 1877 1930 1929
f 1878 1928 1927
f 1878 1931 1928
f 1891 1926 1925
f 1891 1927 1926
f 1866 1924 1923
f 1866 1925 1924
f 1876 1922 1921
f 1876 1923 1922
f 1874 1920 1919
f 1874 1921 1920
f 1875 1918 1917
f 1875 1919 1918
f 1907 1914 1913
f 1907 1917 1914
f 1908 1915 1912
f 1908 1913 1915
f 1905 1911 1910
f 1905 1912 1911
f 1696 1699 1794
f 1794 1793 1696
f 1697 1696 1795
f 1795 1796 1697
f 1671 1697 1797
f 1797 1798 1671
f 1672 1671 1799
f 1799 1800 1672
f 1670 1672 1801
f 1801 1802 1670
f 1650 1670 1803
f 1803 1804 1650
f 1651 1650 1805
f 1805 1806 1651
f 1647 1651 1807
f 1807 1808 1647
f 1648 1647 1809
f 1809 1810 1648
f 1623 1648 1811
f 1811 1812 1623
f 1844 1932 1930
f 1844 1791 1934
f 1934 1791 1789
f 1789 1964 1934
f 1934 1932 1844
f 1617 1792 1791
f 1617 1623 1813
f 1813 1792 1617
f 1791 1844 1617
f 1788 1790 1962
f 1963 1789 1788
f 1962 1963 1788
f 1787 1786 1960
f 1960 1961 1787
f 1962 1790 1787
f 1785 1784 1958
f 1958 1959 1785
f 1960 1786 1785
f 1957 1783 1782
f 1957 1784 1783
f 1782 1956 1957
f 1955 1781 1780
f 1955 1782 1781
f 1780 1954 1955
f 1779 1778 1952
f 1953 1780 1779
f 1952 1953 1779
f 1777 1776 1950
f 1950 1951 1777
f 1952 1778 1777
f 1949 1775 1774
f 1949 1776 1775
f 1774 1948 1949
f 1947 1773 1772
f 1947 1774 1773
f 1772 1946 1947
f 1945 1770 1771
f 1945 1772 1770
f 1771 1944 1945
f 1943 1769 1768
f 1943 1771 1769
f 1768 1942 1943
f 1941 1767 1766
f 1766 1940 1941
f 1942 1768 1767
f 1939 1765 1764
f 1939 1766 1765
f 1764 1938 1939
f 1936 1763 1762
f 1762 1937 1936
f 1938 1764 1763
f 1762 1759 1965
f 1731 1985 1965
f 1965 1759 1731
f 1986 1985 1731
f 1731 1730 1986
f 1732 1987 1986
f 1988 1987 1732
f 1732 1733 1988
f 1734 1989 1988
f 1990 1989 1734
f 1734 1735 1990
f 1736 1991 1990
f 1992 1991 1736
f 1736 1737 1992
f 1738 1993 1992
f 1739 1994 1993
f 1739 1995 1994
f 1993 1738 1739
f 1741 1996 1995
f 1741 1997 1996
f 1995 1740 1741
f 1743 1998 1997
f 1743 1999 1998
f 1997 1742 1743
f 1745 2000 1999
f 1745 2001 2000
f 1999 1744 1745
f 2002 2001 1746
f 1746 1747 2002
f 1748 2003 2002
f 1749 2004 2003
f 1749 2005 2004
f 2003 1748 1749
f 1751 2006 2005
f 2005 1750 1751
f 1752 2007 2006
f 1753 2008 2007
f 1753 2009 2008
f 2007 1752 1753
f 1755 2010 2009
f 1755 2011 2010
f 2009 1754 1755
f 1757 2012 2011
f 1757 2013 2012
f 2011 1756 1757
f 1674 1726 1724
f 1674 2014 1727
f 1727 2014 2013
f 2013 1758 1727
f 1862 2015 2014
f 2014 1674 1862
f 1727 1726 1674
f 1862 1863 2016
f 2016 2015 1862
f 1655 1723 1725
f 1655 1724 1723
f 1641 1722 1721
f 1641 1725 1722
f 1642 1720 1719
f 1642 1721 1720
f 1654 1718 1717
f 1654 1719 1718
f 1639 1716 1715
f 1639 1717 1716
f 1640 1714 1713
f 1640 1715 1714
f 1673 1712 1711
f 1673 1713 1712
f 1652 1708 1707
f 1652 1711 1708
f 1653 1709 1706
f 1653 1707 1709
f 1702 1706 1705
f 1704 1703 1705
f 1705 1703 1702
f 1706 1702 1653
f 1707 1653 1652
f 1711 1652 1673
f 1713 1673 1640
f 1715 1640 1639
f 1717 1639 1654
f 1719 1654 1642
f 1721 1642 1641
f 1725 1641 1655
f 1724 1655 1674
f 1757 1758 2013
f 1755 1756 2011
f 1753 1754 2009
f 1751 1752 2006
f 1749 1750 2005
f 1747 1748 2002
f 1745 1746 2001
f 1743 1744 1999
f 1741 1742 1997
f 1739 1740 1995
f 1737 1738 1992
f 1735 1736 1990
f 1733 1734 1988
f 1730 1732 1986
f 1965 1937 1762
f 1936 1938 1763
f 1939 1940 1766
f 1941 1942 1767
f 1943 1944 1771
f 1945 1946 1772
f 1947 1948 1774
f 1949 1950 1776
f 1951 1952 1777
f 1953 1954 1780
f 1955 1956 1782
f 1957 1958 1784
f 1959 1960 1785
f 1961 1962 1787
f 1963 1964 1789
f 1930 1877 1844
f 1812 1813 1623
f 1810 1811 1648
f 1808 1809 1647
f 1806 1807 1651
f 1804 1805 1650
f 1802 1803 1670
f 1800 1801 1672
f 1798 1799 1671
f 1796 1797 1697
f 1793 1795 1696
f 1794 1699 1698
f 1909 1906 1910
f 1910 1906 1905
f 1912 1905 1908
f 1913 1908 1907
f 1917 1907 1875
f 1919 1875 1874
f 1921 1874 1876
f 1923 1876 1866
f 1925 1866 1891
f 1927 1891 1878
f 1931 1878 1877
f 1984 2016 1863
f 1982 1983 1840
f 1980 1981 1839
f 1978 1979 1820
f 1976 1977 1819
f 1974 1975 1824
f 1972 1973 1841
f 1970 1971 1864
f 1968 1969 1843
f 1966 1967 1842
f 1966 1904 1903
f 1695 1490 1491
f 1683 1695 1886
f 1684 1683 1885
f 1690 1684 1850
f 1665 1690 1849
f 1663 1665 1871
f 1664 1663 1851
f 1689 1664 1831
f 1693 1689 1830
f 1694 1693 1852
f 1700 1694 1888
f 1691 1700 1887
f 1692 1691 1896
f 1661 1692 1890
f 1662 1661 1889
f 1659 1662 1833
f 1660 1659 1832
f 1681 1660 1835
f 1682 1681 1834
f 1688 1682 1854
f 1680 1688 1853
f 1658 1680 1856
f 1643 1658 1855
f 1633 1643 1857
f 1634 1633 1836
f 1678 1634 1823
f 1679 1678 1822
f 1676 1679 1859
f 1677 1676 1858
f 1686 1677 1861
f 1687 1686 1860
f 1656 1687 1873
f 1657 1656 1872
f 1675 1657 1838
f 1674 1675 1837
f 1618 1617 1844
f 1621 1618 1826
f 1622 1621 1825
f 1613 1622 1846
f 1612 1613 1845
f 1611 1612 1821
f 1609 1611 1817
f 1610 1609 1816
f 1616 1610 1815
f 1614 1616 1814
f 1615 1614 1827
f 1619 1615 1829
f 1620 1619 1828
f 1631 1620 1848
f 1632 1631 1847
f 1629 1632 1868
f 1630 1629 1867
f 1645 1630 1870
f 1646 1645 1869
f 1668 1646 1893
f 1669 1668 1892
f 1685 1669 1898
f 1666 1685 1897
f 1667 1666 1900
f 1637 1667 1902
f 1628 1637 1901
f 1626 1628 1880
f 1627 1626 1879
f 1636 1627 1882
f 1644 1636 1881
f 1635 1644 1894
f 1624 1635 1899
f 1625 1624 1895
f 1701 1625 1884
f 1488 1701 1883
f 2017 215 213
f 2017 217 215
f 2017 221 219
f 219 217 2017
f 2018 5 3
f 213 211 2017
f 2018 7 5
f 2018 11 9
f 2017 223 221
f 2017 227 225
f 2017 3 234
f 9 7 2018
f 225 223 2017
f 2017 233 231
f 3 2017 2018
f 2017 229 227
f 234 233 2017
f 2018 15 13
f 2017 199 197
f 231 229 2017
f 2018 17 15
f 1818 39 37
f 2017 201 199
f 2017 205 203
f 2017 209 207
f 13 11 2018
f 2018 25 23
f 1818 41 39
f 1818 53 51
f 1935 191 189
f 203 201 2017
f 211 209 2017
f 2018 21 19
f 2018 27 25
f 37 2018 1818
f 1818 47 45
f 51 49 1818
f 1935 193 191
f 1935 197 195
f 207 205 2017
f 23 21 2018
f 2018 31 29
f 2018 35 33
f 1818 43 41
f 49 47 1818
f 1916 111 109
f 1916 115 113
f 195 193 1935
f 19 17 2018
f 33 31 2018
f 45 43 1818
f 1818 61 59
f 1916 99 97
f 113 111 1916
f 1916 1933 121
f 1933 127 125
f 1933 147 145
f 1935 183 181
f 197 1935 2017
f 37 35 2018
f 59 57 1818
f 1916 87 85
f 1916 101 99
f 1916 105 103
f 1916 117 115
f 121 119 1916
f 1933 129 127
f 1933 149 147
f 1935 171 169
f 1935 179 177
f 1935 185 183
f 29 27 2018
f 57 55 1818
f 1865 63 61
f 1865 81 79
f 1916 89 87
f 1916 93 91
f 97 95 1916
f 1916 107 105
f 119 117 1916
f 125 123 1933
f 1933 133 131
f 1933 139 137
f 1933 143 141
f 1933 151 149
f 1933 157 155
f 1935 173 171
f 177 175 1935
f 1935 187 185
f 55 53 1818
f 1865 65 63
f 1865 73 71
f 1865 83 81
f 85 1865 1916
f 95 93 1916
f 109 107 1916
f 131 129 1933
f 137 135 1933
f 145 143 1933
f 155 153 1933
f 175 173 1935
f 189 187 1935
f 1865 67 65
f 71 69 1865
f 85 83 1865
f 103 101 1916
f 135 133 1933
f 153 151 1933
f 181 179 1935
f 69 67 1865
f 1865 77 75
f 91 89 1916
f 141 139 1933
f 1933 1935 159
f 61 1818 1865
f 79 77 1865
f 159 157 1933
f 1935 163 161
f 1935 167 165
f 75 73 1865
f 161 159 1935
f 169 167 1935
f 165 163 1935
f 123 121 1933
f 2017 2014 2015
f 2015 2018 2017
f 1935 1965 1985
f 1985 1986 1935
f 1986 1987 1935
f 1987 1988 1935
f 1988 1989 1935
f 1989 1990 1935
f 1990 1991 1935
f 1991 1992 1935
f 2017 1935 1994
f 1992 1993 1935
f 1993 1994 1935
f 1994 1995 2017
f 1995 1996 2017
f 1996 1997 2017
f 1997 1998 2017
f 1998 1999 2017
f 1999 2000 2017
f 2000 2001 2017
f 2001 2002 2017
f 2002 2003 2017
f 2003 2004 2017
f 2004 2005 2017
f 2005 2006 2017
f 2006 2007 2017
f 2007 2008 2017
f 2008 2009 2017
f 2009 2010 2017
f 2017 2012 2013
f 2010 2011 2017
f 2011 2012 2017
f 2013 2014 2017
f 1818 1968 1967
f 1818 1969 1968
f 1818 2018 1970
f 1970 1969 1818
f 2018 1971 1970
f 2018 1972 1971
f 2018 1973 1972
f 2018 1974 1973
f 2018 1975 1974
f 2018 1976 1975
f 2018 1977 1976
f 2018 1978 1977
f 2018 1979 1978
f 2018 1980 1979
f 1967 1966 1818
f 2018 1981 1980
f 2018 1982 1981
f 2018 1983 1982
f 2018 1984 1983
f 2018 2015 2016
f 2016 1984 2018
f 1966 1903 1818
