# 
# Wavefront OBJ file
# Created with Kaydara FBX
# 
mtllib support.mtl

g support
v 0.000000 25.977389 2.746036
v 0.000000 26.125000 2.750000
v 7.000000 26.125000 2.750000
v 0.000000 25.830204 2.734154
v 7.000000 25.977389 2.746036
v 0.000000 25.683869 2.714388
v 7.000000 25.830204 2.734154
v 0.000000 25.538806 2.686797
v 7.000000 25.683869 2.714388
v 0.000000 25.395433 2.651458
v 7.000000 25.538806 2.686797
v 0.000000 25.254163 2.608475
v 7.000000 25.395433 2.651458
v 0.000000 25.115404 2.557971
v 7.000000 25.254163 2.608475
v 0.000000 24.979556 2.500092
v 7.000000 25.115404 2.557971
v 0.000000 24.847011 2.435004
v 7.000000 24.979556 2.500092
v 0.000000 24.718151 2.362896
v 7.000000 24.847011 2.435004
v 0.000000 24.593347 2.283974
v 7.000000 24.718151 2.362896
v 0.000000 24.472959 2.198468
v 7.000000 24.593347 2.283974
v 0.000000 24.357334 2.106622
v 7.000000 24.472959 2.198468
v 0.000000 24.246806 2.008703
v 7.000000 24.357334 2.106622
v 0.000000 24.141693 1.904992
v 7.000000 24.246806 2.008703
v 0.000000 24.042299 1.795788
v 7.000000 24.141693 1.904992
v 0.000000 23.948910 1.681407
v 7.000000 24.042299 1.795788
v 0.000000 23.861794 1.562178
v 7.000000 23.948910 1.681407
v 0.000000 23.781205 1.438445
v 7.000000 23.861794 1.562178
v 0.000000 23.707373 1.310564
v 7.000000 23.781205 1.438445
v 0.000000 23.640511 1.178905
v 7.000000 23.707373 1.310564
v 0.000000 23.580813 1.043846
v 7.000000 23.640511 1.178905
v 0.000000 23.528451 0.905778
v 7.000000 23.580813 1.043846
v 0.000000 23.483575 0.765098
v 7.000000 23.528451 0.905778
v 0.000000 23.446315 0.622212
v 7.000000 23.483575 0.765098
v 0.000000 23.416779 0.477532
v 7.000000 23.446315 0.622212
v 0.000000 23.395051 0.331476
v 7.000000 23.416779 0.477532
v 0.000000 23.381194 0.184464
v 7.000000 23.395051 0.331476
v 0.000000 23.375248 0.036919
v 7.000000 23.381194 0.184464
v 0.000000 23.377230 -0.110731
v 7.000000 23.375248 0.036919
v 0.000000 23.387135 -0.258063
v 7.000000 23.377230 -0.110731
v 0.000000 23.404934 -0.404650
v 7.000000 23.387135 -0.258063
v 0.000000 23.430576 -0.550071
v 7.000000 23.404934 -0.404650
v 0.000000 23.463986 -0.693905
v 7.000000 23.430576 -0.550071
v 0.000000 23.505069 -0.835739
v 7.000000 23.463986 -0.693905
v 0.000000 23.553705 -0.975163
v 7.000000 23.505069 -0.835739
v 0.000000 23.609756 -1.111776
v 7.000000 23.553705 -0.975163
v 0.000000 23.673058 -1.245183
v 7.000000 23.609756 -1.111776
v 0.000000 23.743430 -1.375000
v 7.000000 23.673058 -1.245183
v 0.000000 23.820669 -1.500852
v 7.000000 23.743430 -1.375000
v 0.000000 23.904552 -1.622377
v 7.000000 23.820669 -1.500852
v 0.000000 23.994836 -1.739225
v 7.000000 23.904552 -1.622377
v 0.000000 24.091263 -1.851057
v 7.000000 23.994836 -1.739225
v 0.000000 24.193553 -1.957553
v 7.000000 24.091263 -1.851057
v 0.000000 24.301413 -2.058405
v 7.000000 24.193553 -1.957553
v 0.000000 24.414530 -2.153321
v 7.000000 24.301413 -2.058405
v 0.000000 24.532579 -2.242029
v 7.000000 24.414530 -2.153321
v 0.000000 24.655219 -2.324273
v 7.000000 24.532579 -2.242029
v 0.000000 24.782097 -2.399815
v 7.000000 24.655219 -2.324273
v 0.000000 24.912847 -2.468438
v 7.000000 24.782097 -2.399815
v 0.000000 25.047092 -2.529943
v 7.000000 24.912847 -2.468438
v 0.000000 25.184445 -2.584155
v 7.000000 25.047092 -2.529943
v 0.000000 25.324509 -2.630915
v 7.000000 25.184445 -2.584155
v 0.000000 25.466882 -2.670090
v 7.000000 25.324509 -2.630915
v 0.000000 25.611152 -2.701566
v 7.000000 25.466882 -2.670090
v 0.000000 25.756904 -2.725253
v 7.000000 25.611152 -2.701566
v 0.000000 25.903717 -2.741083
v 7.000000 25.756904 -2.725253
v 0.000000 26.051168 -2.749009
v 7.000000 25.903717 -2.741083
v 0.000000 26.198832 -2.749009
v 7.000000 26.051168 -2.749009
v 0.000000 26.346283 -2.741083
v 7.000000 26.198832 -2.749009
v 0.000000 26.493096 -2.725253
v 7.000000 26.346283 -2.741083
v 0.000000 26.638848 -2.701566
v 7.000000 26.493096 -2.725253
v 0.000000 26.783118 -2.670090
v 7.000000 26.638848 -2.701566
v 0.000000 26.925491 -2.630915
v 7.000000 26.783118 -2.670090
v 0.000000 27.065555 -2.584155
v 7.000000 26.925491 -2.630915
v 0.000000 27.202908 -2.529943
v 7.000000 27.065555 -2.584155
v 0.000000 27.337153 -2.468438
v 7.000000 27.202908 -2.529943
v 0.000000 27.467903 -2.399815
v 7.000000 27.337153 -2.468438
v 0.000000 27.594781 -2.324273
v 7.000000 27.467903 -2.399815
v 0.000000 27.717421 -2.242029
v 7.000000 27.594781 -2.324273
v 0.000000 27.835470 -2.153321
v 7.000000 27.717421 -2.242029
v 0.000000 27.948587 -2.058405
v 7.000000 27.835470 -2.153321
v 0.000000 28.056447 -1.957553
v 7.000000 27.948587 -2.058405
v 0.000000 28.158737 -1.851057
v 7.000000 28.056447 -1.957553
v 0.000000 28.255164 -1.739225
v 7.000000 28.158737 -1.851057
v 0.000000 28.345448 -1.622377
v 7.000000 28.255164 -1.739225
v 0.000000 28.429331 -1.500852
v 7.000000 28.345448 -1.622377
v 0.000000 28.506570 -1.375000
v 7.000000 28.429331 -1.500852
v 0.000000 28.576942 -1.245183
v 7.000000 28.506570 -1.375000
v 0.000000 28.640244 -1.111776
v 7.000000 28.576942 -1.245183
v 0.000000 28.696295 -0.975163
v 7.000000 28.640244 -1.111776
v 0.000000 28.744931 -0.835739
v 7.000000 28.696295 -0.975163
v 0.000000 28.786014 -0.693905
v 7.000000 28.744931 -0.835739
v 0.000000 28.819424 -0.550071
v 7.000000 28.786014 -0.693905
v 0.000000 28.845066 -0.404650
v 7.000000 28.819424 -0.550071
v 0.000000 28.862865 -0.258063
v 7.000000 28.845066 -0.404650
v 0.000000 28.872770 -0.110731
v 7.000000 28.862865 -0.258063
v 7.000000 28.872770 -0.110731
v 7.000000 28.874752 0.036919
v 0.000000 28.875000 -0.000000
v 0.000000 28.874752 0.036919
v 0.000000 28.868806 0.184464
v 0.000000 28.854949 0.331476
v 7.000000 28.868806 0.184464
v 0.000000 28.833221 0.477532
v 7.000000 28.854949 0.331476
v 0.000000 28.803685 0.622212
v 7.000000 28.833221 0.477532
v 0.000000 28.766425 0.765098
v 7.000000 28.803685 0.622212
v 0.000000 28.721549 0.905778
v 7.000000 28.766425 0.765098
v 0.000000 28.669187 1.043846
v 7.000000 28.721549 0.905778
v 0.000000 28.609489 1.178905
v 7.000000 28.669187 1.043846
v 0.000000 28.542627 1.310564
v 7.000000 28.609489 1.178905
v 0.000000 28.468795 1.438445
v 7.000000 28.542627 1.310564
v 0.000000 28.388206 1.562178
v 7.000000 28.468795 1.438445
v 0.000000 28.301090 1.681407
v 7.000000 28.388206 1.562178
v 0.000000 28.207701 1.795788
v 7.000000 28.301090 1.681407
v 0.000000 28.108307 1.904992
v 7.000000 28.207701 1.795788
v 0.000000 28.003194 2.008703
v 7.000000 28.108307 1.904992
v 0.000000 27.892666 2.106622
v 7.000000 28.003194 2.008703
v 0.000000 27.777041 2.198468
v 7.000000 27.892666 2.106622
v 0.000000 27.656653 2.283974
v 7.000000 27.777041 2.198468
v 0.000000 27.531849 2.362896
v 7.000000 27.656653 2.283974
v 0.000000 27.402989 2.435004
v 7.000000 27.531849 2.362896
v 0.000000 27.270444 2.500092
v 7.000000 27.402989 2.435004
v 0.000000 27.134596 2.557971
v 7.000000 27.270444 2.500092
v 0.000000 26.995837 2.608475
v 7.000000 27.134596 2.557971
v 0.000000 26.854567 2.651458
v 7.000000 26.995837 2.608475
v 0.000000 26.711194 2.686797
v 7.000000 26.854567 2.651458
v 0.000000 26.566131 2.714388
v 7.000000 26.711194 2.686797
v 0.000000 26.419796 2.734154
v 7.000000 26.566131 2.714388
v 0.000000 26.272611 2.746036
v 7.000000 26.419796 2.734154
v 7.000000 26.272611 2.746036
v 0.000000 -9.377230 -0.110731
v 0.000000 -9.375000 -0.000000
v 0.000000 -9.375248 0.036919
v 0.000000 -9.381194 0.184464
v 0.000000 -9.463986 -0.693905
v 0.000000 -9.430576 -0.550071
v 0.000000 -9.387135 -0.258063
v 0.000000 -9.404934 -0.404650
v 0.000000 22.516965 16.434286
v 0.000000 22.662430 16.030012
v 0.000000 20.448289 -12.380693
v 0.000000 -9.553705 -0.975163
v 0.000000 21.412000 20.154926
v 0.000000 21.436476 20.056965
v 0.000000 22.810016 15.635893
v 0.000000 -11.538806 2.686797
v 0.000000 -8.870658 15.478404
v 0.000000 -8.724218 15.863102
v 0.000000 -9.483575 0.765098
v 0.000000 -9.416779 0.477532
v 0.000000 -9.446315 0.622212
v 0.000000 21.562873 19.564535
v 0.000000 21.691874 19.083816
v -0.000000 22.959670 15.251746
v 0.000000 -9.019103 15.103307
v 0.000000 -9.861794 1.562178
v 0.000000 -9.948910 1.681407
v 0.000000 -9.640511 1.178905
v 0.000000 -9.707373 1.310564
v 0.000000 -9.395051 0.331476
v 0.000000 -9.609756 -1.111776
v 0.000000 16.510406 -14.155018
v 0.000000 16.122343 -14.297877
v 0.000000 21.823412 18.614608
v 0.000000 23.111342 14.877388
v 0.000000 -9.169507 14.737636
v 0.000000 21.652777 -11.720014
v 0.000000 21.249977 -11.947102
v 0.000000 22.056918 -11.485963
v 0.000000 -10.042299 1.795788
v 0.000000 -10.141693 1.904992
v 0.000000 -9.781205 1.438445
v 0.000000 -9.528451 0.905778
v 0.000000 -9.580813 1.043846
v 0.000000 -9.505069 -0.835739
v 0.000000 18.859754 -13.167553
v 0.000000 18.465537 -13.347935
v 0.000000 16.899412 -14.006047
v 0.000000 -9.673058 -1.245183
v 0.000000 14.195011 -14.922284
v 0.000000 13.811898 -15.029515
v 0.000000 -9.743430 -1.375000
v 0.000000 11.906139 -15.479661
v 0.000000 11.526693 -15.552730
v 0.000000 -9.904552 -1.622377
v 0.000000 7.752461 -15.979953
v -0.000000 7.376216 -15.992685
v 0.000000 -10.532579 -2.242029
v 0.000000 -1.764012 -14.636196
v 0.000000 -2.150325 -14.508299
v 0.000000 21.957424 18.156709
v 0.000000 23.264983 14.512639
v 0.000000 -11.683869 2.714388
v 0.000000 -10.273723 12.427726
v 0.000000 -10.110730 12.732095
v 0.000000 -9.321824 14.381220
v 0.000000 -11.395433 2.651458
v 0.000000 -7.631001 19.308019
v 0.000000 -7.504977 19.787355
v 0.000000 -8.023830 17.936876
v 0.000000 -7.890489 18.382974
v 0.000000 20.848491 -12.167304
v 0.000000 19.255107 -12.980704
v 0.000000 17.289396 -13.850911
v 0.000000 14.578861 -14.809228
v 0.000000 12.286105 -15.400981
v 0.000000 -9.820669 -1.500852
v 0.000000 10.013349 -15.789429
v 0.000000 9.635933 -15.834823
v 0.000000 8.128804 -15.961800
v 0.000000 -9.994836 -1.739225
v 0.000000 5.832984 -15.988231
v 0.000000 5.456633 -15.973319
v 0.000000 6.585422 -16.001789
v 0.000000 6.209234 -15.997719
v 0.000000 -10.091263 -1.851057
v 0.000000 5.080143 -15.952975
v 0.000000 -10.193553 -1.957553
v 0.000000 3.572013 -15.817055
v 0.000000 3.194245 -15.769363
v 0.000000 -10.301413 -2.058405
v 0.000000 1.679091 -15.523120
v 0.000000 1.299094 -15.447559
v 0.000000 -10.414530 -2.153321
v 0.000000 -0.226839 -15.088364
v 0.000000 -0.609989 -14.984143
v 0.000000 -2.925615 -14.234333
v 0.000000 -3.314659 -14.088158
v 0.000000 -2.537515 -14.374362
v 0.000000 -10.655219 -2.324273
v 0.000000 -4.095708 -13.777142
v 0.000000 -4.487777 -13.612183
v 0.000000 -3.704679 -13.935780
v 0.000000 23.420546 14.157323
v 0.000000 33.480171 1.466786
v 0.000000 -14.874752 0.036919
v 0.000000 -19.495585 -1.387255
v 0.000000 -19.536623 -1.147975
v 0.000000 24.925720 -9.645951
v 0.000000 24.511444 -9.930997
v 0.000000 -10.438380 12.131476
v 0.000000 -9.476015 14.033888
v 0.000000 -7.759525 18.839957
v 0.000000 -7.412000 20.154926
v 0.000000 -8.159491 17.501475
v 0.000000 23.687441 -10.478563
v 0.000000 22.869335 -10.996664
v 0.000000 19.651627 -12.787323
v 0.000000 17.680390 -13.689553
v 0.000000 14.963485 -14.690306
v 0.000000 12.666627 -15.316660
v 0.000000 10.391094 -15.738543
v 0.000000 8.505284 -15.938220
v 0.000000 4.703475 -15.927189
v 0.000000 2.816107 -15.716147
v 0.000000 0.918539 -15.366338
v 0.000000 -1.378541 -14.758104
v 0.000000 -0.993878 -14.874071
v 0.000000 22.093845 17.709922
v 0.000000 23.577988 13.811265
v 0.000000 33.369062 1.942565
v 0.000000 33.428492 1.705581
v 0.000000 33.560066 0.984781
v 0.000000 33.624993 0.010299
v 0.000000 33.621349 -0.233997
v 0.000000 -19.569895 -0.907491
v 0.000000 -18.995497 -3.007702
v 0.000000 -19.089244 -2.783758
v 0.000000 -17.842045 -4.854420
v 0.000000 -17.996166 -4.666841
v 0.000000 25.341544 -9.353278
v 0.000000 -11.830204 2.734154
v 0.000000 -11.285762 10.766791
v 0.000000 -11.113143 11.024668
v 0.000000 -10.604675 11.843192
v 0.000000 -9.632037 13.695473
v 0.000000 -8.437546 16.662011
v 0.000000 -8.297415 17.076582
v 0.000000 23.277663 -10.741254
v 0.000000 22.462428 -11.244873
v 0.000000 20.049345 -12.587343
v 0.000000 18.072427 -13.521915
v 0.000000 15.348917 -14.565471
v 0.000000 13.047742 -15.226665
v 0.000000 10.769208 -15.682146
v 0.000000 8.881939 -15.909205
v 0.000000 6.941789 -16.000648
v 0.000000 7.000000 -16.000000
v 0.000000 3.949448 -15.859245
v 0.000000 4.326589 -15.895951
v 0.000000 2.058568 -15.593052
v 0.000000 2.437560 -15.657386
v 0.000000 0.155609 -15.186777
v 0.000000 0.537390 -15.279423
v 0.000000 -10.782097 -2.399815
v 0.000000 -5.275163 -13.263055
v 0.000000 -5.670541 -13.078756
v 0.000000 -4.880918 -13.440842
v 0.000000 22.373675 16.848903
v 0.000000 22.232616 17.274051
v 0.000000 23.898337 13.146235
v 0.000000 24.061166 12.826926
v 0.000000 23.737265 13.474292
v 0.000000 24.225715 12.516201
v 0.000000 33.301945 2.177489
v 0.000000 33.524044 1.226434
v 0.000000 33.620678 0.254583
v 0.000000 33.609749 -0.478045
v 0.000000 33.590207 -0.721585
v 0.000000 33.562742 -0.964359
v 0.000000 -19.613010 -0.423925
v 0.000000 -19.622807 -0.181349
v 0.000000 -19.446824 -1.625082
v 0.000000 -19.326346 -2.095380
v 0.000000 -19.390391 -1.861206
v 0.000000 -19.175693 -2.556898
v 0.000000 -19.254755 -2.327358
v 0.000000 -18.894551 -3.228494
v 0.000000 -18.421005 -4.075576
v 0.000000 -18.549615 -3.869666
v 0.000000 -18.144136 -4.474372
v 0.000000 -16.605278 -6.014741
v 0.000000 -16.797602 -5.866583
v 0.000000 -16.000971 -6.420814
v 0.000000 -16.206754 -6.292002
v 0.000000 -15.139444 -6.867541
v 0.000000 -15.360137 -6.766379
v 0.000000 25.758941 -9.052888
v 0.000000 -11.459918 10.516165
v 0.000000 -11.977389 2.746036
v 0.000000 -11.635599 10.272656
v 0.000000 -10.772581 11.562727
v -0.000000 -10.942077 11.289933
v 0.000000 -9.789854 13.365810
v 0.000000 -9.949430 13.044738
v 0.000000 -8.579831 16.257578
v 0.000000 -10.357334 2.106622
v 0.000000 -10.472959 2.198468
v 0.000000 15.735192 -14.434678
v 0.000000 13.429487 -15.130963
v 0.000000 11.147729 -15.620216
v 0.000000 9.258810 -15.874744
v 0.000000 -10.912847 -2.468438
v 0.000000 -6.464820 -12.690352
v 0.000000 -6.863780 -12.486107
v 0.000000 -6.067084 -12.887878
v 0.000000 -11.047092 -2.529943
v 0.000000 -7.263991 -12.275070
v 0.000000 -7.665483 -12.057168
v 0.000000 -11.184445 -2.584155
v 0.000000 -8.068282 -11.832323
v 0.000000 -8.472418 -11.600458
v 0.000000 -11.324509 -2.630915
v 0.000000 -8.877916 -11.361495
v 0.000000 -9.284803 -11.115351
v 0.000000 -11.466882 -2.670090
v 0.000000 -9.693106 -10.861945
v 0.000000 -10.102849 -10.601192
v -0.000000 24.391952 12.213899
v 0.000000 24.900480 11.355945
v 0.000000 25.073173 11.085768
v 0.000000 31.083901 5.626660
v 0.000000 31.264542 5.462152
v 0.000000 31.439728 5.291849
v 0.000000 31.930734 4.747995
v 0.000000 32.082305 4.556371
v 0.000000 32.958146 3.091620
v 0.000000 33.055221 2.867409
v 0.000000 33.144941 2.640156
v 0.000000 33.588197 0.742083
v 0.000000 33.608408 0.498598
v 0.000000 33.527385 -1.206110
v 0.000000 33.484171 -1.446581
v 0.000000 33.433148 -1.685517
v 0.000000 33.374370 -1.922664
v 0.000000 33.307898 -2.157771
v 0.000000 31.279523 -5.448017
v 0.000000 31.099335 -5.613020
v 0.000000 30.327788 -6.211809
v 0.000000 30.123227 -6.345406
v 0.000000 29.914422 -6.472270
v 0.000000 -19.595366 -0.666057
v 0.000000 -18.671494 -3.659702
v 0.000000 -18.786512 -3.445904
v 0.000000 -18.285798 -4.277215
v 0.000000 -17.681934 -5.036913
v 0.000000 -17.344417 -5.385879
v 0.000000 -17.515999 -5.214127
v 0.000000 -16.985029 -5.712278
v 0.000000 -15.791126 -6.542898
v 0.000000 -15.577441 -6.658127
v 0.000000 -19.554034 1.029298
v 0.000000 -19.516828 1.269204
v 0.000000 -14.833221 0.477532
v 0.000000 -19.471877 1.507780
v 0.000000 -14.803685 0.622212
v 0.000000 -19.291063 2.213038
v 0.000000 -19.215682 2.443813
v 0.000000 -14.721549 0.905778
v 0.000000 -19.132872 2.672027
v 0.000000 -14.669187 1.043846
v 0.000000 -18.214922 4.377539
v 0.000000 -18.070050 4.572350
v 0.000000 -14.301090 1.681407
v 0.000000 26.177935 -8.744691
v 0.000000 -10.847011 2.435004
v 0.000000 -10.979556 2.500092
v 0.000000 -10.593347 2.283974
v -0.000000 24.729362 11.633926
v 0.000000 24.559844 11.919859
v 0.000000 25.423198 10.568231
v 0.000000 25.600494 10.320586
v 0.000000 25.247419 10.823244
v 0.000000 25.959580 9.846851
v 0.000000 26.141350 9.620493
v 0.000000 25.779292 10.080171
v 0.000000 30.511199 6.083688
v 0.000000 30.707030 5.937592
v 0.000000 30.897998 5.785196
v 0.000000 31.609275 5.115929
v 0.000000 31.773001 4.934580
v 0.000000 32.227555 4.359911
v 0.000000 32.853820 3.312549
v 0.000000 33.233804 -2.390588
v 0.000000 33.152165 -2.620868
v 0.000000 33.063070 -2.848366
v 0.000000 31.454241 -5.277233
v 0.000000 30.913868 -5.772066
v 0.000000 30.527890 -6.071619
v 0.000000 -17.167365 -5.551987
v 0.000000 -16.408260 -6.156597
v 0.000000 -19.583456 0.788313
v 0.000000 -14.854949 0.331476
v 0.000000 -14.868806 0.184464
v 0.000000 -19.358935 1.979945
v 0.000000 -14.766425 0.765098
v 0.000000 -18.840769 3.338929
v 0.000000 -18.729184 3.554540
v 0.000000 -14.542627 1.310564
v 0.000000 -18.610679 3.766427
v 0.000000 -14.468795 1.438445
v 0.000000 -18.353413 4.178142
v 0.000000 -14.388206 1.562178
v 0.000000 -17.918948 4.762370
v 0.000000 -14.207701 1.795788
v 0.000000 26.598547 -8.428593
v 0.000000 -11.991500 9.806466
v 0.000000 -11.812796 10.036132
v 0.000000 -12.125000 2.750000
v 0.000000 -12.171707 9.583534
v 0.000000 -10.718151 2.362896
v 0.000000 -11.611152 -2.701566
v 0.000000 -14.711981 -7.222401
v 0.000000 -14.872770 -0.110731
v 0.000000 -14.862865 -0.258063
v 0.000000 30.310713 6.223328
v 0.000000 32.366328 4.158825
v 0.000000 32.498478 3.953326
v 0.000000 32.623864 3.743630
v 0.000000 33.227212 2.410101
v 0.000000 32.094796 -4.539993
v 0.000000 31.943751 -4.732033
v 0.000000 31.786532 -4.919051
v 0.000000 30.723319 -5.924987
v 0.000000 29.701596 -6.592265
v 0.000000 -19.419227 1.744777
v 0.000000 -19.042719 2.897442
v 0.000000 -18.945317 3.119820
v 0.000000 -14.609489 1.178905
v 0.000000 -17.429882 5.301719
v 0.000000 -17.255509 5.470637
v 0.000000 -14.003194 2.008703
v 0.000000 -17.075761 5.633823
v 0.000000 -13.892666 2.106622
v 0.000000 -16.506171 6.087310
v 0.000000 -16.306856 6.225920
v 0.000000 -13.656653 2.283974
v 0.000000 -16.103159 6.358007
v 0.000000 -13.531849 2.362896
v 0.000000 -12.419796 2.734154
v 0.000000 -12.566131 2.714388
v -0.000000 -13.475406 8.201810
v 0.000000 -12.272611 2.746036
v 0.000000 -12.907563 8.756766
v 0.000000 -12.721338 8.953942
v 0.000000 -13.095308 8.565754
v 0.000000 27.020801 -8.104501
v 0.000000 -11.115404 2.557971
v 0.000000 -11.254163 2.608475
v 0.000000 -10.514058 -10.333006
v 0.000000 -10.926758 -10.057300
v 0.000000 -13.835470 -2.153321
v 0.000000 -13.717421 -2.242029
v 0.000000 -14.255164 -1.739225
v 0.000000 -14.158737 -1.851057
v 0.000000 -14.845066 -0.404650
v 0.000000 -14.819424 -0.550071
v 0.000000 27.648626 8.045607
v -0.000000 27.843764 7.876561
v 0.000000 28.040442 7.713356
v 0.000000 28.238681 7.555905
v -0.000000 29.462449 6.727498
v 0.000000 29.661048 6.614478
v 0.000000 29.683479 6.602063
v 0.000000 29.896633 6.482652
v 0.000000 32.966611 -3.072842
v 0.000000 32.862892 -3.294057
v 0.000000 32.239505 -4.343136
v 0.000000 -19.624749 0.061418
v 0.000000 -18.485378 3.974366
v 0.000000 -17.761775 4.947400
v 0.000000 -14.108307 1.904992
v 0.000000 -17.598696 5.127246
v 0.000000 -13.777041 2.198468
v 0.000000 -16.700895 5.942321
v 0.000000 -12.711194 2.686797
v 0.000000 -13.861756 7.861335
v 0.000000 -13.284584 8.380801
v 0.000000 27.444720 -7.772319
v 0.000000 -11.756904 -2.725253
v 0.000000 -11.340973 -9.773985
v 0.000000 -12.783118 -2.670090
v 0.000000 -13.859373 -7.909148
v 0.000000 -14.284832 -7.569960
v 0.000000 -12.925491 -2.630915
v 0.000000 -13.467903 -2.399815
v 0.000000 -13.337153 -2.468438
v 0.000000 -13.594781 -2.324273
v 0.000000 -14.345448 -1.622377
v 0.000000 -14.786014 -0.693905
v 0.000000 -14.744931 -0.835739
v 0.000000 26.509309 9.188155
v 0.000000 26.695495 8.981928
v 0.000000 26.324594 9.400970
v 0.000000 26.883152 8.782170
v 0.000000 27.072284 8.588768
v 0.000000 27.455010 8.220591
v 0.000000 28.438507 7.404119
v 0.000000 28.639944 7.257919
v 0.000000 29.047777 6.981971
v 0.000000 29.254240 6.852082
v 0.000000 30.105785 6.356363
v 0.000000 32.742353 3.529963
v 0.000000 32.752023 -3.511776
v 0.000000 32.634120 -3.725769
v 0.000000 32.509311 -3.935807
v 0.000000 31.623304 -5.100848
v 0.000000 -19.618832 0.304119
v 0.000000 -19.605062 0.546503
v 0.000000 -16.890825 5.791106
v 0.000000 -15.895294 6.483431
v -0.000000 -15.473736 6.720925
v 0.000000 -13.270444 2.500092
v 0.000000 -13.402989 2.435004
v 0.000000 -13.134596 2.557971
v 0.000000 -15.266069 6.844834
v 0.000000 -12.854567 2.651458
v 0.000000 -14.254529 7.543616
v 0.000000 -13.667790 8.028685
v 0.000000 -12.536624 9.157387
v 0.000000 27.870324 -7.431949
v 0.000000 -10.246806 2.008703
v 0.000000 -11.903717 -2.741083
v 0.000000 -11.756726 -9.482971
v 0.000000 -12.198832 -2.749009
v 0.000000 -12.592942 -8.877477
v 0.000000 -13.013449 -8.562809
v 0.000000 -12.346283 -2.741083
v 0.000000 -13.435586 -8.240065
v 0.000000 -12.493096 -2.725253
v 0.000000 -13.202908 -2.529943
v 0.000000 -13.065555 -2.584155
v 0.000000 -14.056447 -1.957553
v 0.000000 -13.948587 -2.058405
v 0.000000 -14.429331 -1.500852
v 0.000000 -14.576942 -1.245183
v 0.000000 -14.506570 -1.375000
v 0.000000 -14.696295 -0.975163
v 0.000000 -14.640244 -1.111776
v 0.000000 27.262901 8.401610
v 0.000000 28.843023 7.117227
v 0.000000 -15.683479 6.602063
v -0.000000 -15.060241 6.973947
v 0.000000 -12.995837 2.608475
v 0.000000 -14.653938 7.248011
v 0.000000 -14.057328 7.699672
v 0.000000 28.118664 -7.230166
v 0.000000 24.098693 -10.208506
v 0.000000 -12.051168 -2.749009
v 0.000000 -12.174042 -9.184166
v 0.000000 -12.638848 -2.701566
v 0.000000 32.377726 -4.141669
v 0.000000 28.814655 -7.001126
v 0.000000 -14.856210 7.108319
v 0.000000 -14.453389 7.393087
v 0.000000 -12.353414 9.367213
v 0.000000 29.264788 -6.811148
v 0.000000 29.041269 -6.909803
v 0.000000 28.585186 -7.085018
v 0.000000 28.353107 -7.161392
v 0.000000 29.484975 -6.705264
v 7.000000 29.683479 6.602063
v 7.000000 29.896633 6.482652
v 7.000000 30.105785 6.356363
v 7.000000 30.310713 6.223328
v 7.000000 30.511199 6.083688
v 7.000000 30.707030 5.937592
v 7.000000 30.897998 5.785196
v 7.000000 31.083901 5.626660
v 7.000000 31.264542 5.462152
v 7.000000 31.439728 5.291849
v 7.000000 31.609275 5.115929
v 7.000000 31.773001 4.934580
v 7.000000 31.930734 4.747995
v 7.000000 32.082305 4.556371
v 7.000000 32.227555 4.359911
v 7.000000 32.366328 4.158825
v 7.000000 32.498478 3.953326
v 7.000000 32.623864 3.743630
v 7.000000 32.742353 3.529963
v 7.000000 32.853820 3.312549
v 7.000000 32.958146 3.091620
v 7.000000 33.055221 2.867409
v 7.000000 33.144941 2.640156
v 7.000000 33.227212 2.410101
v 7.000000 33.301945 2.177489
v 7.000000 33.369062 1.942565
v 7.000000 33.428492 1.705581
v 7.000000 33.480171 1.466786
v 7.000000 33.524044 1.226434
v 7.000000 33.560066 0.984781
v 7.000000 33.588197 0.742083
v 7.000000 33.608408 0.498598
v 7.000000 33.620678 0.254583
v 7.000000 33.624993 0.010299
v 7.000000 33.621349 -0.233997
v 7.000000 33.609749 -0.478045
v 7.000000 33.590207 -0.721585
v 7.000000 33.562742 -0.964359
v 7.000000 33.527385 -1.206110
v 7.000000 33.484171 -1.446581
v 7.000000 33.433148 -1.685517
v 7.000000 33.374370 -1.922664
v 7.000000 33.307898 -2.157771
v 7.000000 33.233804 -2.390588
v 7.000000 33.152165 -2.620868
v 7.000000 33.063070 -2.848366
v 7.000000 32.966611 -3.072842
v 7.000000 32.862892 -3.294057
v 7.000000 32.752023 -3.511776
v 7.000000 32.634120 -3.725769
v 7.000000 32.509311 -3.935807
v 7.000000 32.377726 -4.141669
v 7.000000 32.239505 -4.343136
v 7.000000 32.094796 -4.539993
v 7.000000 31.943751 -4.732033
v 7.000000 31.786532 -4.919051
v 7.000000 31.623304 -5.100848
v 7.000000 31.454241 -5.277233
v 7.000000 31.279523 -5.448017
v 7.000000 31.099335 -5.613020
v 7.000000 30.913868 -5.772066
v 7.000000 30.723319 -5.924987
v 7.000000 30.527890 -6.071619
v 7.000000 30.327788 -6.211809
v 7.000000 30.123227 -6.345406
v 7.000000 29.914422 -6.472270
v 7.000000 29.701596 -6.592265
v 7.000000 29.484975 -6.705264
v 7.000000 29.264788 -6.811148
v 7.000000 29.041269 -6.909803
v 7.000000 28.814655 -7.001126
v 7.000000 28.585186 -7.085018
v 7.000000 28.353107 -7.161392
v 7.000000 28.118664 -7.230166
v 7.000000 -15.139444 -6.867541
v 7.000000 -15.360137 -6.766379
v 7.000000 -15.577441 -6.658127
v 7.000000 -15.791126 -6.542898
v 7.000000 -16.000971 -6.420814
v 7.000000 -16.206754 -6.292002
v 7.000000 -16.408260 -6.156597
v 7.000000 -16.605278 -6.014741
v 7.000000 -16.797602 -5.866583
v 7.000000 -16.985029 -5.712278
v 7.000000 -17.167365 -5.551987
v 7.000000 -17.344417 -5.385879
v 7.000000 -17.515999 -5.214127
v 7.000000 -17.681934 -5.036913
v 7.000000 -17.842045 -4.854420
v 7.000000 -17.996166 -4.666841
v 7.000000 -18.144136 -4.474372
v 7.000000 -18.285798 -4.277215
v 7.000000 -18.421005 -4.075576
v 7.000000 -18.549615 -3.869666
v 7.000000 -18.671494 -3.659702
v 7.000000 -18.786512 -3.445904
v 7.000000 -18.894551 -3.228494
v 7.000000 -18.995497 -3.007702
v 7.000000 -19.089244 -2.783758
v 7.000000 -19.175693 -2.556898
v 7.000000 -19.254755 -2.327358
v 7.000000 -19.326346 -2.095380
v 7.000000 -19.390391 -1.861206
v 7.000000 -19.446824 -1.625082
v 7.000000 -19.495585 -1.387255
v 7.000000 -19.536623 -1.147975
v 7.000000 -19.569895 -0.907491
v 7.000000 -19.595366 -0.666057
v 7.000000 -19.613010 -0.423925
v 7.000000 -19.622807 -0.181349
v 7.000000 -19.624749 0.061418
v 7.000000 -19.618832 0.304119
v 7.000000 -19.605062 0.546503
v 7.000000 -19.583456 0.788313
v 7.000000 -19.554034 1.029298
v 7.000000 -19.516828 1.269204
v 7.000000 -19.471877 1.507780
v 7.000000 -19.419227 1.744777
v 7.000000 -19.358935 1.979945
v 7.000000 -19.291063 2.213038
v 7.000000 -19.215682 2.443813
v 7.000000 -19.132872 2.672027
v 7.000000 -19.042719 2.897442
v 7.000000 -18.945317 3.119820
v 7.000000 -18.840769 3.338929
v 7.000000 -18.729184 3.554540
v 7.000000 -18.610679 3.766427
v 7.000000 -18.485378 3.974366
v 7.000000 -18.353413 4.178142
v 7.000000 -18.214922 4.377539
v 7.000000 -18.070050 4.572350
v 7.000000 -17.918948 4.762370
v 7.000000 -17.761775 4.947400
v 7.000000 -17.598696 5.127246
v 7.000000 -17.429882 5.301719
v 7.000000 -17.255509 5.470637
v 7.000000 -17.075761 5.633823
v 7.000000 -16.890825 5.791106
v 7.000000 -16.700895 5.942321
v 7.000000 -16.506171 6.087310
v 7.000000 -16.306856 6.225920
v 7.000000 -16.103159 6.358007
v 7.000000 -15.895294 6.483431
v 7.000000 -15.683479 6.602063
v 7.000000 7.000000 -16.000000
v 7.000000 6.585422 -16.001789
v 7.000000 6.209234 -15.997719
v 7.000000 5.832984 -15.988231
v 7.000000 5.456633 -15.973319
v 7.000000 5.080143 -15.952975
v 7.000000 4.703475 -15.927189
v 7.000000 4.326589 -15.895951
v 7.000000 3.949448 -15.859245
v 7.000000 3.572013 -15.817055
v 7.000000 3.194245 -15.769363
v 7.000000 2.816107 -15.716147
v 7.000000 2.437560 -15.657386
v 7.000000 2.058568 -15.593052
v 7.000000 1.679091 -15.523120
v 7.000000 1.299094 -15.447559
v 7.000000 0.537390 -15.279423
v 7.000000 0.155609 -15.186777
v 7.000000 -0.609989 -14.984143
v 7.000000 -1.378541 -14.758104
v 7.000000 -1.764012 -14.636196
v 7.000000 -2.150325 -14.508299
v 7.000000 -2.537515 -14.374362
v 7.000000 -2.925615 -14.234333
v 7.000000 -3.314659 -14.088158
v 7.000000 -3.704679 -13.935780
v 7.000000 -4.095708 -13.777142
v 7.000000 -4.487777 -13.612183
v 7.000000 -4.880918 -13.440842
v 7.000000 -5.275163 -13.263055
v 7.000000 -5.670541 -13.078756
v 7.000000 -6.067084 -12.887878
v 7.000000 -6.464820 -12.690352
v 7.000000 -7.263991 -12.275070
v 7.000000 -7.665483 -12.057168
v 7.000000 -8.068282 -11.832323
v 7.000000 -8.472418 -11.600458
v 7.000000 -8.877916 -11.361495
v 7.000000 -9.284803 -11.115351
v 7.000000 -9.693106 -10.861945
v 7.000000 -10.102849 -10.601192
v 7.000000 -10.926758 -10.057300
v 7.000000 -11.340973 -9.773985
v 7.000000 -11.756726 -9.482971
v 7.000000 -12.174042 -9.184166
v 7.000000 -12.592942 -8.877477
v 7.000000 -13.435586 -8.240065
v 7.000000 -13.859373 -7.909148
v 7.000000 -14.284832 -7.569960
v 7.000000 -14.711981 -7.222401
v 7.000000 -13.013449 -8.562809
v 7.000000 -10.514058 -10.333006
v 7.000000 -6.863780 -12.486107
v 7.000000 -0.993878 -14.874071
v 7.000000 -0.226839 -15.088364
v 7.000000 0.918539 -15.366338
v 7.000000 6.941789 -16.000648
v 7.000000 27.870324 -7.431949
v 7.000000 27.444720 -7.772319
v 7.000000 27.020801 -8.104501
v 7.000000 26.177935 -8.744691
v 7.000000 25.758941 -9.052888
v 7.000000 24.925720 -9.645951
v 7.000000 24.511444 -9.930997
v 7.000000 24.098693 -10.208506
v 7.000000 23.687441 -10.478563
v 7.000000 23.277663 -10.741254
v 7.000000 22.869335 -10.996664
v 7.000000 22.462428 -11.244873
v 7.000000 22.056918 -11.485963
v 7.000000 21.652777 -11.720014
v 7.000000 21.249977 -11.947102
v 7.000000 20.848491 -12.167304
v 7.000000 20.448289 -12.380693
v 7.000000 20.049345 -12.587343
v 7.000000 19.651627 -12.787323
v 7.000000 19.255107 -12.980704
v 7.000000 18.859754 -13.167553
v 7.000000 18.465537 -13.347935
v 7.000000 18.072427 -13.521915
v 7.000000 17.680390 -13.689553
v 7.000000 17.289396 -13.850911
v 7.000000 16.899412 -14.006047
v 7.000000 16.510406 -14.155018
v 7.000000 16.122343 -14.297877
v 7.000000 15.735192 -14.434678
v 7.000000 15.348917 -14.565471
v 7.000000 14.963485 -14.690306
v 7.000000 14.578861 -14.809228
v 7.000000 14.195011 -14.922284
v 7.000000 13.811898 -15.029515
v 7.000000 13.429487 -15.130963
v 7.000000 13.047742 -15.226665
v 7.000000 12.666627 -15.316660
v 7.000000 12.286105 -15.400981
v 7.000000 11.906139 -15.479661
v 7.000000 11.526693 -15.552730
v 7.000000 11.147729 -15.620216
v 7.000000 10.391094 -15.738543
v 7.000000 10.013349 -15.789429
v 7.000000 9.635933 -15.834823
v 7.000000 9.258810 -15.874744
v 7.000000 8.881939 -15.909205
v 7.000000 8.505284 -15.938220
v 7.000000 8.128804 -15.961800
v 7.000000 7.752461 -15.979953
v 7.000000 7.376216 -15.992685
v 7.000000 10.769208 -15.682146
v 7.000000 25.341544 -9.353278
v 7.000000 26.598547 -8.428593
v 7.000000 -12.125000 2.750000
v 7.000000 -12.272611 2.746036
v 7.000000 -12.419796 2.734154
v 7.000000 -12.566131 2.714388
v 7.000000 -12.711194 2.686797
v 7.000000 -12.854567 2.651458
v 7.000000 -12.995837 2.608475
v 7.000000 -13.134596 2.557971
v 7.000000 -13.270444 2.500092
v 7.000000 -13.402989 2.435004
v 7.000000 -13.531849 2.362896
v 7.000000 -13.656653 2.283974
v 7.000000 -13.777041 2.198468
v 7.000000 -13.892666 2.106622
v 7.000000 -14.003194 2.008703
v 7.000000 -14.108307 1.904992
v 7.000000 -14.207701 1.795788
v 7.000000 -14.301090 1.681407
v 7.000000 -14.388206 1.562178
v 7.000000 -14.468795 1.438445
v 7.000000 -14.542627 1.310564
v 7.000000 -14.609489 1.178905
v 7.000000 -14.669187 1.043846
v 7.000000 -14.721549 0.905778
v 7.000000 -14.766425 0.765098
v 7.000000 -14.803685 0.622212
v 7.000000 -14.833221 0.477532
v 7.000000 -14.854949 0.331476
v 7.000000 -14.868806 0.184464
v 7.000000 -14.874752 0.036919
v 7.000000 -14.872770 -0.110731
v 7.000000 -14.862865 -0.258063
v 7.000000 -14.845066 -0.404650
v 7.000000 -14.819424 -0.550071
v 7.000000 -14.786014 -0.693905
v 7.000000 -14.744931 -0.835739
v 7.000000 -14.696295 -0.975163
v 7.000000 -14.640244 -1.111776
v 7.000000 -14.576942 -1.245183
v 7.000000 -14.506570 -1.375000
v 7.000000 -14.429331 -1.500852
v 7.000000 -14.345448 -1.622377
v 7.000000 -14.255164 -1.739225
v 7.000000 -14.158737 -1.851057
v 7.000000 -14.056447 -1.957553
v 7.000000 -13.948587 -2.058405
v 7.000000 -13.835470 -2.153321
v 7.000000 -13.717421 -2.242029
v 7.000000 -13.594781 -2.324273
v 7.000000 -13.467903 -2.399815
v 7.000000 -13.337153 -2.468438
v 7.000000 -13.202908 -2.529943
v 7.000000 -13.065555 -2.584155
v 7.000000 -12.925491 -2.630915
v 7.000000 -12.783118 -2.670090
v 7.000000 -12.638848 -2.701566
v 7.000000 -12.493096 -2.725253
v 7.000000 -12.346283 -2.741083
v 7.000000 -12.198832 -2.749009
v 7.000000 -12.051168 -2.749009
v 7.000000 -11.903717 -2.741083
v 7.000000 -11.756904 -2.725253
v 7.000000 -11.611152 -2.701566
v 7.000000 -11.466882 -2.670090
v 7.000000 -11.324509 -2.630915
v 7.000000 -11.184445 -2.584155
v 7.000000 -11.047092 -2.529943
v 7.000000 -10.912847 -2.468438
v 7.000000 -10.782097 -2.399815
v 7.000000 -10.655219 -2.324273
v 7.000000 -10.532579 -2.242029
v 7.000000 -10.414530 -2.153321
v 7.000000 -10.301413 -2.058405
v 7.000000 -10.193553 -1.957553
v 7.000000 -10.091263 -1.851057
v 7.000000 -9.994836 -1.739225
v 7.000000 -9.904552 -1.622377
v 7.000000 -9.820669 -1.500852
v 7.000000 -9.743430 -1.375000
v 7.000000 -9.673058 -1.245183
v 7.000000 -9.609756 -1.111776
v 7.000000 -9.553705 -0.975163
v 7.000000 -9.505069 -0.835739
v 7.000000 -9.463986 -0.693905
v 7.000000 -9.430576 -0.550071
v 7.000000 -9.404934 -0.404650
v 7.000000 -9.387135 -0.258063
v 7.000000 -9.377230 -0.110731
v 7.000000 -9.375248 0.036919
v 7.000000 -9.381194 0.184464
v 7.000000 -9.395051 0.331476
v 7.000000 -9.416779 0.477532
v 7.000000 -9.446315 0.622212
v 7.000000 -9.483575 0.765098
v 7.000000 -9.528451 0.905778
v 7.000000 -9.580813 1.043846
v 7.000000 -9.640511 1.178905
v 7.000000 -9.707373 1.310564
v 7.000000 -9.781205 1.438445
v 7.000000 -9.861794 1.562178
v 7.000000 -9.948910 1.681407
v 7.000000 -10.042299 1.795788
v 7.000000 -10.141693 1.904992
v 7.000000 -10.246806 2.008703
v 7.000000 -10.357334 2.106622
v 7.000000 -10.472959 2.198468
v 7.000000 -10.593347 2.283974
v 7.000000 -10.718151 2.362896
v 7.000000 -10.847011 2.435004
v 7.000000 -10.979556 2.500092
v 7.000000 -11.115404 2.557971
v 7.000000 -11.254163 2.608475
v 7.000000 -11.395433 2.651458
v 7.000000 -11.538806 2.686797
v 7.000000 -11.683869 2.714388
v 7.000000 -11.830204 2.734154
v 7.000000 -11.977389 2.746036
v 0.008516 21.339566 20.450035
v 0.002588 -7.381517 20.278160
v 0.006665 -7.350725 20.404053
v 0.005018 21.361860 20.358361
v 0.008516 -7.339562 20.450052
v 0.021365 21.281904 20.690729
v 0.019140 -7.290315 20.655291
v 0.024987 -7.269110 20.744851
v 0.024987 21.269111 20.744849
v 0.013796 21.312752 20.561312
v 0.012184 -7.320327 20.529763
v 0.037664 -7.230568 20.909515
v 0.041073 21.221419 20.948964
v 0.030459 21.251462 20.819946
v 0.049314 -7.200843 21.038200
v 0.049400 21.200637 21.039097
v 0.049401 -7.200635 21.039105
v 0.027530 -7.260686 20.780635
v 0.081738 21.134126 21.332584
v 0.062475 -7.171506 21.166688
v 0.077147 -7.142550 21.294979
v 0.067291 21.161624 21.210305
v 0.053205 21.191769 21.077782
v 0.081738 -7.134127 21.332579
v 0.100286 21.102544 21.474707
v 0.082985 21.131884 21.342614
v 0.121976 21.069565 21.625085
v 0.093836 -7.113122 21.426902
v 0.112126 -7.084088 21.558613
v 0.119193 21.073598 21.606584
v 0.121976 -7.069566 21.625080
v 0.163234 21.015154 21.877725
v 0.153510 -7.027179 21.821395
v 0.170086 -7.006935 21.916393
v 0.170086 21.006935 21.916393
v 0.140360 21.044173 21.742271
v 0.132017 -7.055442 21.690111
v 0.214115 20.958313 22.147928
v 0.202850 -6.970131 22.091207
v 0.226033 -6.946213 22.206306
v 0.226032 20.946214 22.206300
v 0.187819 20.986536 22.012944
v 0.177328 -6.998457 21.956416
v 0.273752 20.901345 22.425492
v 0.259020 -6.914641 22.360090
v 0.289777 -6.887380 22.494604
v 0.289775 20.887382 22.494595
v 0.243019 20.929625 22.286837
v 0.230080 -6.942194 22.225765
v 0.324086 -6.859042 22.636190
v 0.340721 20.845987 22.702027
v 0.306317 20.873468 22.563889
v 0.359367 -6.831832 22.773858
v 0.361269 -6.830414 22.781075
v 0.361267 20.830416 22.781067
v 0.290639 -6.886643 22.498266
v 0.440457 20.775291 23.065507
v 0.396491 -6.805007 22.911268
v 0.436702 -6.777750 23.052660
v 0.417526 20.790532 22.986131
v 0.378137 20.818054 22.844220
v 0.440459 -6.775290 23.065513
v 0.527287 20.721981 23.347708
v 0.478891 -6.750892 23.193772
v 0.523069 -6.724427 23.334600
v 0.502261 20.736695 23.269097
v 0.458897 20.763414 23.127758
v 0.527290 -6.721980 23.347715
v 0.621695 20.670459 23.627466
v 0.569249 -6.698350 23.475141
v 0.619147 -6.671775 23.620232
v 0.598123 20.682783 23.559901
v 0.549117 20.709533 23.414656
v 0.621697 -6.670458 23.627474
v 0.702621 20.630514 23.849353
v 0.671215 -6.645606 23.764995
v 0.723613 -6.620696 23.904585
v 0.723610 20.620697 23.904577
v 0.649295 20.656441 23.704828
v 0.820404 20.577936 24.148412
v 0.781290 -6.594745 24.051918
v 0.832962 -6.572666 24.178843
v 0.832961 20.572666 24.178842
v 0.760465 20.603948 23.999442
v 0.725293 -6.619919 23.908966
v 0.946526 20.527524 24.443015
v 0.905207 -6.543449 24.349093
v 0.949665 -6.526336 24.450055
v 0.949668 20.526335 24.450060
v 0.882428 20.552465 24.296269
v 0.842199 -6.568826 24.201064
v 1.037487 -6.494265 24.641813
v 1.073639 -6.481675 24.718022
v 1.073641 20.481675 24.718025
v 1.016415 20.501762 24.596684
v 0.970305 -6.518599 24.496009
v 1.163072 20.451914 24.900327
v 1.088599 20.476563 24.749121
v 1.204794 20.438653 24.982552
v 1.110633 -6.469134 24.794472
v 1.186087 -6.444553 24.945896
v 1.204795 -6.438653 24.982554
v 1.323533 20.402861 25.207659
v 1.263845 -6.420508 25.096086
v 1.343034 20.397238 25.243451
v 1.239830 20.427802 25.050305
v 1.343037 -6.397237 25.243456
v 1.431129 -6.372659 25.401320
v 1.488255 -6.357397 25.500524
v 1.488258 20.357397 25.500528
v 1.409789 20.378494 25.363635
v 1.343904 -6.396988 25.245042
v 1.589963 20.331431 25.671444
v 1.498598 20.354688 25.518231
v 1.640356 20.319098 25.753589
v 1.520932 -6.348892 25.556212
v 1.613316 -6.325673 25.709714
v 1.640357 -6.319098 25.753591
v 1.792488 20.283807 25.992204
v 1.708286 -6.302993 25.861820
v 1.799228 20.282306 26.002468
v 1.689778 20.307323 25.832610
v 1.799227 -6.282306 26.002467
v 1.918654 -6.256541 26.180292
v 1.964746 -6.246992 26.246962
v 1.964746 20.246992 26.246963
v 1.898101 20.260868 26.150219
v 1.812001 -6.279477 26.021851
v 2.124965 20.215363 26.470838
v 2.028257 -6.234172 26.337135
v 2.136802 20.213118 26.486914
v 2.006630 20.238494 26.306646
v 2.136803 -6.213118 26.486916
v 2.246621 20.192840 26.633217
v 2.228028 -6.196205 26.608803
v 2.315263 -6.180653 26.722138
v 2.140826 -6.212357 26.492367
v 2.315258 20.180654 26.722132
v 2.407604 -6.164813 26.838857
v 2.500000 -6.149565 26.952463
v 2.500000 20.149565 26.952463
v 2.371623 20.170912 26.793765
v 2.316951 -6.180358 26.724301
v 7.000000 -9.341118 -7.500000
v 7.000000 -4.263727 -1.483372
v 7.000000 -4.238644 -1.343645
v 7.000000 -4.150605 -0.639550
v 7.000000 -4.140512 -0.497949
v 7.000000 -4.178320 -0.922104
v 7.000000 -4.163209 -0.780950
v 7.000000 -4.216043 -1.203496
v 7.000000 -4.508085 -2.445935
v 7.000000 -4.465882 -2.310393
v 7.000000 -4.195933 -1.062967
v 7.000000 -4.552685 -2.580707
v 7.000000 -4.649025 -2.847771
v 7.000000 -4.599670 -2.714667
v 7.000000 -4.811148 -3.241538
v 7.000000 -4.754781 -3.111248
v 7.000000 -4.132933 -0.356192
v 7.000000 -4.127871 -0.214322
v 7.000000 -4.388726 -2.037169
v 7.000000 -4.353795 -1.899574
v 7.000000 -4.700734 -2.979979
v 7.000000 -5.269120 -4.122731
v 7.000000 -5.197044 -4.000429
v 7.000000 29.462449 6.727498
v 7.000000 -4.321312 -1.761380
v 7.000000 -4.291286 -1.622631
v 7.000000 -4.426092 -2.174124
v 7.000000 -5.127150 -3.876867
v 7.000000 -6.493326 -5.681923
v 7.000000 -6.393391 -5.581098
v 7.000000 -7.941672 -6.819074
v 7.000000 -7.821331 -6.743770
v 7.000000 -8.310446 -7.032011
v 7.000000 -8.186268 -6.963217
v 7.000000 -11.412006 7.968164
v 7.000000 -11.837007 7.994815
v 7.000000 -11.978915 7.998666
v 7.000000 -12.829765 7.968896
v 7.000000 -13.252796 7.920106
v 7.000000 -14.453389 7.393087
v 7.000000 -14.653938 7.248011
v 7.000000 29.661048 6.614478
v 7.000000 28.639944 7.257919
v 7.000000 28.040442 7.713356
v 7.000000 27.947428 7.789657
v 7.000000 28.238681 7.555905
v 7.000000 -4.930773 -3.499015
v 7.000000 -4.869819 -3.370807
v 7.000000 -5.059460 -3.752085
v 7.000000 -4.993994 -3.626121
v 7.000000 -5.343355 -4.243735
v 7.000000 -6.295260 -5.478516
v 7.000000 -7.018953 -6.158595
v 7.000000 -6.910477 -6.067022
v 7.000000 -7.353890 -6.421566
v 7.000000 -7.240695 -6.335895
v 7.000000 -7.584751 -6.586816
v 7.000000 -7.468587 -6.505215
v 7.000000 -7.702345 -6.666342
v 7.000000 -8.063331 -6.892231
v 7.000000 -11.553508 7.979561
v 7.000000 -11.695190 7.988446
v 7.000000 -12.262824 7.998813
v 7.000000 -12.404736 7.995108
v 7.000000 -12.546560 7.988885
v 7.000000 -12.688251 7.980147
v 7.000000 -12.971056 7.955136
v 7.000000 -13.112082 7.938871
v 7.000000 -13.672632 7.848875
v 7.000000 -14.057328 7.699672
v 7.000000 -14.254529 7.543616
v 7.000000 -13.811662 7.820177
v 7.000000 -13.947428 7.789657
v 7.000000 -14.856210 7.108319
v 7.000000 -15.060241 6.973947
v 7.000000 -15.266069 6.844834
v 7.000000 -15.473736 6.720925
v 7.000000 29.254240 6.852082
v 7.000000 28.438507 7.404119
v 7.000000 26.829765 7.968896
v 7.000000 26.688251 7.980147
v 7.000000 26.404736 7.995108
v 7.000000 25.129720 7.937847
v 7.000000 24.989025 7.918937
v 7.000000 24.569263 7.847272
v 7.000000 -4.125327 -0.072384
v 7.000000 -4.125303 0.069576
v 7.000000 -5.419725 -4.363403
v 7.000000 -6.104537 -5.268209
v 7.000000 -6.012004 -5.160550
v 7.000000 -6.198966 -5.374208
v 7.000000 -6.803643 -5.973538
v 7.000000 -6.698484 -5.878174
v 7.000000 -7.129038 -6.248228
v 7.000000 -8.562365 -7.162935
v 7.000000 -8.435825 -7.098590
v 7.000000 -11.270728 7.954258
v 7.000000 -12.120869 7.999999
v 7.000000 -13.533116 7.875101
v 7.000000 29.047777 6.981971
v 7.000000 28.843023 7.117227
v 7.000000 27.811662 7.820177
v 7.000000 27.672632 7.848875
v 7.000000 27.533116 7.875101
v 7.000000 27.252796 7.920106
v 7.000000 27.112082 7.938871
v 7.000000 26.546560 7.988885
v 7.000000 25.978915 7.998666
v 7.000000 25.553508 7.979561
v 7.000000 25.412006 7.968164
v 7.000000 25.270728 7.954258
v 7.000000 24.708752 7.873642
v 7.000000 21.126844 6.246474
v 7.000000 20.801546 5.971670
v 7.000000 -5.746068 -4.827963
v 7.000000 -5.661403 -4.714013
v 7.000000 -5.921396 -5.051267
v 7.000000 -5.832741 -4.940393
v 7.000000 -6.595035 -5.780959
v 7.000000 -8.818772 -7.284837
v 7.000000 -8.690028 -7.225023
v 7.000000 -9.079342 -7.397565
v 7.000000 -8.948557 -7.342357
v 7.000000 -9.341115 7.499999
v 7.000000 -9.474636 7.548216
v 7.000000 -9.744139 7.637506
v 7.000000 -9.880036 7.678550
v 7.000000 -10.569263 7.847272
v 7.000000 -10.708752 7.873642
v 7.000000 -10.989025 7.918937
v 7.000000 -13.393156 7.898847
v 7.000000 26.971056 7.955136
v 7.000000 26.262824 7.998813
v 7.000000 26.120869 7.999999
v 7.000000 25.695190 7.988446
v 7.000000 24.848688 7.897533
v 7.000000 23.341115 7.499999
v 7.000000 22.945979 7.341242
v 7.000000 22.559851 7.161684
v 7.000000 22.183824 6.961834
v 7.000000 21.818964 6.742259
v 7.000000 21.466304 6.503580
v 7.000000 21.238471 6.334180
v 7.000000 21.016792 6.156802
v 7.000000 20.908348 6.065191
v 7.000000 20.491332 5.679945
v 7.000000 -5.578774 -4.598579
v 7.000000 -5.498206 -4.481696
v 7.000000 -6.491332 5.679945
v 7.000000 -6.593005 5.779017
v 7.000000 -6.801546 5.971670
v 7.000000 -6.908348 6.065191
v 7.000000 -8.559851 7.161684
v 7.000000 -8.687491 7.223817
v 7.000000 -8.945979 7.341242
v 7.000000 -9.076745 7.396495
v 7.000000 -9.208471 7.449420
v 7.000000 -10.153908 7.753373
v 7.000000 -10.291797 7.787128
v 7.000000 -10.848688 7.897533
v 7.000000 27.393156 7.898847
v 7.000000 25.837007 7.994815
v 7.000000 24.430263 7.818431
v 7.000000 24.153908 7.753373
v 7.000000 23.744139 7.637506
v 7.000000 23.474636 7.548216
v 7.000000 23.208471 7.449420
v 7.000000 23.076745 7.396495
v 7.000000 22.687491 7.223817
v 7.000000 22.307977 7.030671
v 7.000000 22.060911 6.890804
v 7.000000 21.939278 6.817605
v 7.000000 21.582439 6.585221
v 7.000000 21.351636 6.419891
v 7.000000 20.593005 5.779017
v 7.000000 -7.126844 6.246474
v 7.000000 -7.238471 6.334180
v 7.000000 -7.466304 6.503580
v 7.000000 -7.582439 6.585221
v 7.000000 -7.818964 6.742259
v 7.000000 -7.939278 6.817605
v 7.000000 -9.608991 7.594057
v 7.000000 -10.016640 7.717177
v 7.000000 -10.430263 7.818431
v 7.000000 -11.129720 7.937847
v 7.000000 23.341118 -7.500000
v 7.000000 24.291797 7.787128
v 7.000000 24.016640 7.717177
v 7.000000 23.880036 7.678550
v 7.000000 23.608991 7.594057
v 7.000000 22.816214 7.283676
v 7.000000 22.433333 7.097295
v 7.000000 21.700005 6.664789
v 7.000000 20.696421 5.876268
v 7.000000 20.197079 5.372128
v 7.000000 19.919623 5.049089
v 7.000000 -9.211086 -7.450443
v 7.000000 -4.290717 1.619881
v 7.000000 -4.388011 2.034453
v 7.000000 -4.648026 2.845147
v 7.000000 -4.810011 3.238970
v 7.000000 -5.919623 5.049089
v 7.000000 -6.010193 5.158404
v 7.000000 -6.197079 5.372128
v 7.000000 -6.293337 5.476469
v 7.000000 -6.391432 5.579086
v 7.000000 -6.696421 5.876268
v 7.000000 -8.433333 7.097295
v 7.000000 -8.816214 7.283676
v 7.000000 20.391432 5.579086
v 7.000000 20.293337 5.476469
v 7.000000 20.102688 5.266095
v 7.000000 20.010193 5.158404
v 7.000000 19.659749 4.711743
v 7.000000 18.992721 3.623617
v 7.000000 18.929546 3.496489
v 7.000000 18.132809 0.353386
v 7.000000 18.127797 0.211514
v 7.000000 18.125327 -0.072384
v 7.000000 18.127871 -0.214322
v 7.000000 -4.132809 0.353386
v 7.000000 -4.162935 0.778155
v 7.000000 -4.215621 1.200719
v 7.000000 -4.263207 1.480612
v 7.000000 -4.320694 1.758640
v 7.000000 -4.353129 1.896845
v 7.000000 -4.507226 2.443261
v 7.000000 -4.598718 2.712025
v 7.000000 -4.699688 2.977372
v 7.000000 -4.753689 3.108661
v 7.000000 -4.992721 3.623617
v 7.000000 -7.016792 6.156802
v 7.000000 -7.351636 6.419891
v 7.000000 -7.700005 6.664789
v 7.000000 -8.183824 6.961834
v 7.000000 -8.307977 7.030671
v 7.000000 19.744373 4.825723
v 7.000000 19.195640 3.997997
v 7.000000 19.058143 3.749604
v 7.000000 18.290717 1.619881
v 7.000000 18.263207 1.480612
v 7.000000 18.215621 1.200719
v 7.000000 18.195560 1.060183
v 7.000000 18.140338 0.495146
v 7.000000 18.125303 0.069576
v 7.000000 18.140512 -0.497949
v 7.000000 18.150605 -0.639550
v 7.000000 -4.127797 0.211514
v 7.000000 -4.150381 0.636751
v 7.000000 -4.177997 0.919314
v 7.000000 -4.195560 1.060183
v 7.000000 -4.238172 1.340877
v 7.000000 -4.465072 2.307704
v 7.000000 -4.551780 2.578049
v 7.000000 -4.929546 3.496489
v 7.000000 -5.195640 3.997997
v 7.000000 -5.267673 4.120324
v 7.000000 -5.418193 4.361048
v 7.000000 -5.496633 4.479369
v 7.000000 -5.831007 4.938183
v 7.000000 -6.102688 5.266095
v 7.000000 -8.060911 6.890804
v 7.000000 19.831007 4.938183
v 7.000000 19.418193 4.361048
v 7.000000 19.341865 4.241354
v 7.000000 19.267673 4.120324
v 7.000000 19.125790 3.874410
v 7.000000 18.388011 2.034453
v 7.000000 18.353129 1.896845
v 7.000000 18.320694 1.758640
v 7.000000 18.162935 0.778155
v 7.000000 18.150381 0.636751
v 7.000000 18.178320 -0.922104
v 7.000000 18.195933 -1.062967
v 7.000000 18.238644 -1.343645
v 7.000000 18.263727 -1.483372
v 7.000000 18.321312 -1.761380
v 7.000000 18.353795 -1.899574
v 7.000000 18.426092 -2.174124
v 7.000000 18.465882 -2.310393
v 7.000000 20.104537 -5.268209
v 7.000000 20.393391 -5.581098
v 7.000000 20.698484 -5.878174
v 7.000000 21.018953 -6.158595
v 7.000000 21.702345 -6.666342
v 7.000000 22.063331 -6.892231
v 7.000000 22.818772 -7.284837
v 7.000000 23.211086 -7.450443
v 7.000000 -4.140338 0.495146
v 7.000000 -4.425329 2.171421
v 7.000000 -4.868636 3.368260
v 7.000000 -5.058143 3.749604
v 7.000000 -5.659749 4.711743
v 7.000000 -5.744373 4.825723
v 7.000000 19.577160 4.596280
v 7.000000 19.496633 4.479369
v 7.000000 18.810011 3.238970
v 7.000000 18.753689 3.108661
v 7.000000 18.648026 2.845147
v 7.000000 18.598718 2.712025
v 7.000000 18.507226 2.443261
v 7.000000 18.465072 2.307704
v 7.000000 18.425329 2.171421
v 7.000000 18.238172 1.340877
v 7.000000 18.177997 0.919314
v 7.000000 18.132933 -0.356192
v 7.000000 18.163209 -0.780950
v 7.000000 18.291286 -1.622631
v 7.000000 18.388726 -2.037169
v 7.000000 18.552685 -2.580707
v 7.000000 18.599670 -2.714667
v 7.000000 18.700734 -2.979979
v 7.000000 18.754781 -3.111248
v 7.000000 18.869819 -3.370807
v 7.000000 19.059460 -3.752085
v 7.000000 19.269120 -4.122731
v 7.000000 19.343355 -4.243735
v 7.000000 19.498206 -4.481696
v 7.000000 19.578774 -4.598579
v 7.000000 19.832741 -4.940393
v 7.000000 19.921396 -5.051267
v 7.000000 20.012004 -5.160550
v 7.000000 20.198966 -5.374208
v 7.000000 20.295260 -5.478516
v 7.000000 20.595035 -5.780959
v 7.000000 20.910477 -6.067022
v 7.000000 21.353890 -6.421566
v 7.000000 21.584751 -6.586816
v 7.000000 21.821331 -6.743770
v 7.000000 21.941672 -6.819074
v 7.000000 22.435825 -7.098590
v 7.000000 22.562365 -7.162935
v 7.000000 22.690028 -7.225023
v 7.000000 22.948557 -7.342357
v 7.000000 23.079342 -7.397565
v 7.000000 -5.125790 3.874410
v 7.000000 -5.341865 4.241354
v 7.000000 -5.577160 4.596280
v 7.000000 18.868636 3.368260
v 7.000000 18.216043 -1.203496
v 7.000000 18.508085 -2.445935
v 7.000000 18.649025 -2.847771
v 7.000000 18.930773 -3.499015
v 7.000000 18.993994 -3.626121
v 7.000000 19.746068 -4.827963
v 7.000000 20.493326 -5.681923
v 7.000000 20.803643 -5.973538
v 7.000000 21.240695 -6.335895
v 7.000000 21.468587 -6.505215
v 7.000000 22.186268 -6.963217
v 7.000000 22.310446 -7.032011
v 7.000000 18.699688 2.977372
v 7.000000 18.551780 2.578049
v 7.000000 18.811148 -3.241538
v 7.000000 19.127150 -3.876867
v 7.000000 19.197044 -4.000429
v 7.000000 19.419725 -4.363403
v 7.000000 19.661403 -4.714013
v 7.000000 21.129038 -6.248228
v 10.000000 -10.117588 12.421413
v 10.000000 -9.897494 12.383837
v 10.000000 -9.678102 12.342362
v 10.000000 -9.459480 12.297000
v 10.000000 -9.241698 12.247766
v 10.000000 -9.024824 12.194676
v 10.000000 -8.808925 12.137745
v 10.000000 -8.594071 12.076993
v 10.000000 -8.380329 12.012437
v 10.000000 -8.167766 11.944099
v 10.000000 -7.956449 11.872000
v 10.000000 -7.746445 11.796163
v 10.000000 -7.537819 11.716611
v 10.000000 -7.330638 11.633370
v 10.000000 -7.124966 11.546466
v 10.000000 -6.920869 11.455926
v 10.000000 -6.718411 11.361778
v 10.000000 -6.517655 11.264053
v 10.000000 -6.318665 11.162781
v 10.000000 -6.121503 11.057994
v 10.000000 -5.926231 10.949725
v 10.000000 -5.732912 10.838008
v 10.000000 -5.541605 10.722878
v 10.000000 -5.352371 10.604372
v 10.000000 -5.165270 10.482527
v 10.000000 -4.980361 10.357381
v 10.000000 -4.797701 10.228973
v 10.000000 -4.617348 10.097345
v 10.000000 -4.439359 9.962537
v 10.000000 -4.263791 9.824592
v 10.000000 -4.090698 9.683553
v 10.000000 -3.920135 9.539465
v 10.000000 -3.752155 9.392373
v 10.000000 -3.586812 9.242324
v 10.000000 -3.424157 9.089365
v 10.000000 -3.264243 8.933543
v 10.000000 -3.107118 8.774908
v 10.000000 -2.952833 8.613510
v 10.000000 -2.801436 8.449400
v 10.000000 -2.652975 8.282630
v 10.000000 -2.507497 8.113251
v 10.000000 -2.365047 7.941317
v 10.000000 -2.225670 7.766883
v 10.000000 -2.089410 7.590003
v 10.000000 -1.956311 7.410734
v 10.000000 -1.826413 7.229130
v 10.000000 -1.699759 7.045251
v 10.000000 -1.576387 6.859153
v 10.000000 -1.456337 6.670895
v 10.000000 -1.339646 6.480536
v 10.000000 -1.226351 6.288137
v 10.000000 -1.116488 6.093758
v 10.000000 -1.010092 5.897460
v 10.000000 -0.907195 5.699304
v 10.000000 -0.807831 5.499355
v 10.000000 -0.712031 5.297673
v 10.000000 -0.619824 5.094324
v 10.000000 -0.531240 4.889370
v 10.000000 -0.446307 4.682877
v 10.000000 -0.365051 4.474909
v 10.000000 -0.287498 4.265532
v 10.000000 -0.213673 4.054812
v 10.000000 -0.143598 3.842815
v 10.000000 -0.077297 3.629608
v 10.000000 -0.014788 3.415258
v 10.000000 0.043906 3.199833
v 10.000000 0.098769 2.983400
v 10.000000 0.149783 2.766028
v 10.000000 0.196932 2.547784
v 10.000000 0.240201 2.328739
v 10.000000 0.279576 2.108960
v 10.000000 0.315045 1.888517
v 10.000000 0.346597 1.667480
v 10.000000 0.374221 1.445917
v 10.000000 0.397910 1.223899
v 10.000000 0.417656 1.001496
v 10.000000 0.433452 0.778777
v 10.000000 0.445294 0.555813
v 10.000000 0.453177 0.332674
v 10.000000 0.457100 0.109431
v 10.000000 0.457061 -0.113848
v 10.000000 0.453060 -0.337090
v 10.000000 0.445098 -0.560226
v 10.000000 0.433178 -0.783186
v 10.000000 0.417304 -1.005899
v 10.000000 0.397480 -1.228295
v 10.000000 0.373713 -1.450305
v 10.000000 0.346010 -1.671858
v 10.000000 0.314381 -1.892884
v 10.000000 0.278835 -2.113315
v 10.000000 0.239382 -2.333080
v 10.000000 0.196037 -2.552110
v 10.000000 -10.264693 12.444295
v 9.999969 -10.273724 12.427725
v 9.999052 -10.314533 12.353271
v 9.996878 -10.355578 12.279078
v 9.988804 -10.438380 12.131476
v 9.993458 -10.396859 12.205146
v 9.983012 -10.479597 12.059022
v 9.976039 -10.521050 11.986824
v 9.967894 -10.562742 11.914880
v 9.958587 -10.604675 11.843192
v 9.948270 -10.646292 11.772701
v 9.936837 -10.688148 11.702459
v 9.924294 -10.730244 11.632467
v 9.910649 -10.772581 11.562727
v 9.896031 -10.814813 11.493805
v 9.880396 -10.857138 11.425369
v 9.863760 -10.899559 11.357414
v 9.827539 -10.984693 11.222923
v 9.846136 -10.942077 11.289933
v 9.787479 -11.070225 11.090295
v 9.807982 -11.027409 11.156378
v 9.766042 -11.113143 11.024668
v 9.743695 -11.156141 10.959530
v 9.696282 -11.242449 10.830595
v 9.720438 -11.199242 10.894840
v 9.671238 -11.285762 10.766791
v 9.625394 -11.361671 10.656396
v 9.562492 -11.459918 10.516165
v 9.503133 -11.547535 10.393577
v 9.489503 -11.567052 10.366581
v 9.440491 -11.635599 10.272656
v 9.374745 -11.723968 10.153583
v 9.346547 -11.760756 10.104671
v 9.233909 -11.902023 9.920368
v 9.198673 -11.944567 9.865940
v 9.081143 -12.081684 9.693834
v 9.047436 -12.119791 9.646886
v 8.917210 -12.262627 9.474252
v 9.000804 -12.171707 9.583534
v 8.742364 -12.445073 9.261219
v 8.831363 -12.353414 9.367213
v 8.556998 -12.629024 9.054619
v 8.460720 -12.721338 8.953942
v 8.361460 -12.814485 8.854341
v 8.306371 -12.865360 8.800768
v 8.260213 -12.907564 8.756766
v 8.156046 -13.001463 8.660275
v 8.049957 -13.095308 8.565754
v 7.940983 -13.189971 8.472315
v 7.830135 -13.284584 8.380801
v 7.716397 -13.380022 8.290359
v 7.600809 -13.475406 8.201810
v 7.482258 -13.571638 8.114307
v 7.361847 -13.667790 8.028685
v 7.238281 -13.764843 7.944061
v 7.112786 -13.861756 7.861335
v 7.090294 -9.124208 -7.459524
v 7.153495 -8.974917 -7.429902
v 7.181432 -8.909470 -7.416463
v 7.255685 -8.736879 -7.379698
v 7.217662 -8.825029 -7.398716
v 7.348391 -8.523611 -7.331613
v 7.282668 -8.674582 -7.365955
v 7.359549 -8.498074 -7.325658
v 7.380944 -8.449178 -7.314140
v 7.481539 -8.220244 -7.258157
v 7.504311 -8.168592 -7.245059
v 7.533834 -8.101700 -7.227840
v 7.616267 -7.915203 -7.178310
v 7.625705 -7.893866 -7.172500
v 7.704071 -7.716732 -7.123135
v 7.744965 -7.624259 -7.096559
v 7.683985 -7.762138 -7.135982
v 7.819694 -7.455067 -7.046507
v 7.861965 -7.359181 -7.017322
v 7.869998 -7.340939 -7.011702
v 7.887525 -7.301118 -6.999360
v 7.955240 -7.146928 -6.950607
v 8.022767 -6.992522 -6.900247
v 8.031351 -6.972840 -6.893718
v 8.090039 -6.837922 -6.848284
v 8.156992 -6.683148 -6.794718
v 8.187816 -6.611548 -6.769414
v 8.223562 -6.528221 -6.739551
v 8.289690 -6.373160 -6.682785
v 8.339225 -6.256160 -6.638926
v 8.355318 -6.217980 -6.624423
v 8.420391 -6.062698 -6.564467
v 8.484855 -5.907327 -6.502921
v 8.485314 -5.906214 -6.502474
v 8.513093 -5.838745 -6.475258
v 8.548657 -5.751882 -6.439786
v 8.611747 -5.596374 -6.375066
v 8.625780 -5.561524 -6.360348
v 8.673976 -5.441060 -6.308869
v 8.708565 -5.353838 -6.271012
v 8.760468 -5.221658 -6.212706
v 8.795411 -5.131742 -6.172398
v 8.735210 -5.286181 -6.241308
v 8.889159 -4.886450 -6.059787
v 8.892186 -4.878425 -6.056037
v 8.854543 -4.977746 -6.102154
v 8.969461 -4.671090 -5.957717
v 8.912571 -4.824195 -6.030589
v 9.011642 -4.555786 -5.901839
v 9.025181 -4.518432 -5.883552
v 9.079700 -4.366219 -5.808107
v 9.127719 -4.229593 -5.739115
v 9.132986 -4.214451 -5.731394
v 9.185009 -4.063126 -5.653426
v 9.235737 -3.912242 -5.574213
v 9.285143 -3.761797 -5.493769
v 9.237196 -3.907853 -5.571887
v 9.333195 -3.611787 -5.412103
v 9.379863 -3.462210 -5.329228
v 9.339884 -3.590591 -5.400447
v 9.419235 -3.332701 -5.256305
v 9.435641 -3.277754 -5.225040
v 9.498899 -3.059874 -5.099145
v 9.459745 -3.195902 -5.178104
v 9.524321 -2.969329 -5.045925
v 9.536685 -2.924609 -5.019446
v 9.605784 -2.665343 -4.863384
v 9.608100 -2.656351 -4.857893
v 9.573089 -2.790103 -4.939023
v 9.641705 -2.523347 -4.776073
v 9.673893 -2.391087 -4.693579
v 9.679867 -2.365961 -4.677779
v 9.704651 -2.259567 -4.610427
v 9.733967 -2.128782 -4.526633
v 9.761829 -1.998729 -4.442214
v 9.746473 -2.071159 -4.489364
v 9.788224 -1.869403 -4.357185
v 9.805504 -1.780957 -4.298412
v 9.813140 -1.740801 -4.271561
v 9.836563 -1.612919 -4.185360
v 9.856863 -1.495423 -4.105229
v 9.878880 -1.359303 -4.011283
v 9.858481 -1.485754 -4.098595
v 9.900450 -1.214727 -3.910191
v 9.897748 -1.233563 -3.923439
v 9.915070 -1.108530 -3.835077
v 9.930832 -0.984203 -3.746214
v 9.936207 -0.938891 -3.713580
v 9.957620 -0.737652 -3.567042
v 9.945021 -0.860577 -3.656864
v 9.964081 -0.667947 -3.515676
v 9.977991 -0.493890 -3.386041
v 9.968616 -0.615423 -3.476763
v 9.984025 -0.401975 -3.316797
v 9.985731 -0.373049 -3.294892
v 9.991819 -0.252899 -3.203330
v 9.996005 -0.141058 -3.117263
v 9.996237 -0.133437 -3.111369
v 9.999992 0.103428 -2.926308
v 10.000000 0.114683 -2.917424
v 9.998968 -0.014662 -3.019023
v 10.000000 0.148811 -2.770337
v 7.751821 -7.608749 -7.092048
v 7.548755 -8.067916 -7.219034
v 7.414717 -8.372153 -7.295682
v 7.028194 -9.272868 -7.487592
v 8.651211 -12.536624 9.157387
v 9.159118 -11.991500 9.806466
v 9.305848 -11.812796 10.036132
v 9.618580 -11.372622 10.640618
v 7.128756 -13.823969 7.877240
v 7.128756 -13.683925 7.906146
v 7.128756 -13.543390 7.932564
v 7.128756 -13.402409 7.956483
v 7.128756 -13.261026 7.977897
v 7.128756 -13.119284 7.996799
v 7.128756 -12.977230 8.013183
v 7.128756 -12.834907 8.027044
v 7.128756 -12.692361 8.038377
v 7.128756 -12.549636 8.047179
v 7.128756 -12.406777 8.053446
v 7.128756 -12.263830 8.057178
v 7.128756 -12.120839 8.058373
v 7.128756 -11.977849 8.057031
v 7.128756 -11.834906 8.053151
v 7.128756 -11.692054 8.046736
v 7.128756 -11.549338 8.037786
v 7.128756 -11.406803 8.026306
v 7.128756 -11.264495 8.012299
v 7.128756 -11.122458 7.995768
v 7.128756 -10.980736 7.976720
v 7.128756 -10.839375 7.955160
v 7.128756 -10.698418 7.931095
v 7.128756 -10.557911 7.904532
v 7.128756 -10.417897 7.875481
v 7.128756 -10.278420 7.843949
v 7.128756 -10.139526 7.809948
v 7.128756 -10.001256 7.773488
v 7.128756 -9.863655 7.734579
v 7.128756 -9.726766 7.693235
v 7.128756 -9.590632 7.649469
v 7.128756 -9.455297 7.603294
v 7.128756 -9.320802 7.554725
v 7.128756 -9.187190 7.503777
v 7.128756 -9.054503 7.450466
v 7.128756 -8.922783 7.394809
v 7.128756 -8.792071 7.336824
v 7.128756 -8.662409 7.276528
v 7.128756 -8.533837 7.213941
v 7.128756 -8.406395 7.149082
v 7.128756 -8.280125 7.081973
v 7.128756 -8.155066 7.012633
v 7.128756 -8.031256 6.941085
v 7.128756 -7.908736 6.867351
v 7.128756 -7.787543 6.791455
v 7.128756 -7.667716 6.713421
v 7.128756 -7.549293 6.633272
v 7.128756 -7.432310 6.551035
v 7.128756 -7.316806 6.466735
v 7.128756 -7.202815 6.380399
v 7.128756 -7.090374 6.292053
v 7.128756 -6.979518 6.201727
v 7.128756 -6.870283 6.109447
v 7.128756 -6.762702 6.015244
v 7.128756 -6.656810 5.919146
v 7.128756 -6.552640 5.821185
v 7.128756 -6.450224 5.721391
v 7.128756 -6.349595 5.619795
v 7.128756 -6.250785 5.516430
v 7.128756 -6.153824 5.411327
v 7.128756 -6.058744 5.304520
v 7.128756 -5.965574 5.196044
v 7.128756 -5.874344 5.085931
v 7.128756 -5.785081 4.974216
v 7.128756 -5.697815 4.860936
v 7.128756 -5.612573 4.746124
v 7.128756 -5.529382 4.629818
v 7.128756 -5.448267 4.512055
v 7.128756 -5.369255 4.392870
v 7.128756 -5.292370 4.272302
v 7.128756 -5.217637 4.150389
v 7.128756 -5.145078 4.027169
v 7.128756 -5.074718 3.902681
v 7.128756 -5.006577 3.776964
v 7.128756 -4.940678 3.650058
v 7.128756 -4.877042 3.522002
v 7.128756 -4.815687 3.392838
v 7.128756 -4.756635 3.262604
v 7.128756 -4.699902 3.131344
v 7.128756 -4.645507 2.999098
v 7.128756 -4.593468 2.865907
v 7.128756 -4.543800 2.731814
v 7.128756 -4.496520 2.596860
v 7.128756 -4.451641 2.461089
v 7.128756 -4.409179 2.324543
v 7.128756 -4.369146 2.187265
v 7.128756 -4.331556 2.049298
v 7.128756 -4.296419 1.910686
v 7.128756 -4.263748 1.771473
v 7.128756 -4.233552 1.631701
v 7.128756 -4.205841 1.491416
v 7.128756 -4.180624 1.350661
v 7.128756 -4.157908 1.209480
v 7.128756 -4.137701 1.067919
v 7.128756 -4.120009 0.926022
v 7.128756 -4.104838 0.783833
v 7.128756 -4.092192 0.641397
v 7.128756 -4.082075 0.498759
v 7.128756 -4.074491 0.355964
v 7.128756 -4.069443 0.213058
v 7.128756 -4.066930 0.070084
v 7.128756 -4.066955 -0.072912
v 7.128756 -4.069518 -0.215886
v 7.128756 -4.074617 -0.358791
v 7.128756 -4.082251 -0.501583
v 7.128756 -4.092417 -0.644217
v 7.128756 -4.105113 -0.786648
v 7.128756 -4.120335 -0.928832
v 7.128756 -4.138076 -1.070723
v 7.128756 -4.158333 -1.212277
v 7.128756 -4.181098 -1.353450
v 7.128756 -4.206365 -1.494196
v 7.128756 -4.234125 -1.634471
v 7.128756 -4.264370 -1.774232
v 7.128756 -4.297091 -1.913434
v 7.128756 -4.332276 -2.052034
v 7.128756 -4.369914 -2.189988
v 7.128756 -4.409995 -2.327252
v 7.128756 -4.452506 -2.463783
v 7.128756 -4.497432 -2.599538
v 7.128756 -4.544760 -2.734475
v 7.128756 -4.594475 -2.868551
v 7.128756 -4.646561 -3.001723
v 7.128756 -4.701002 -3.133951
v 7.128756 -4.757780 -3.265191
v 7.128756 -4.816879 -3.395403
v 7.128756 -4.878279 -3.524546
v 7.128756 -4.941960 -3.652580
v 7.128756 -5.007904 -3.779463
v 7.128756 -5.076088 -3.905156
v 7.128756 -5.146493 -4.029619
v 7.128756 -5.219094 -4.152814
v 7.128756 -5.293870 -4.274701
v 7.128756 -5.370798 -4.395241
v 7.128756 -5.449852 -4.514398
v 7.128756 -5.531007 -4.632133
v 7.128756 -5.614240 -4.748410
v 7.128756 -5.699522 -4.863192
v 7.128756 -5.786828 -4.976442
v 7.128756 -5.876129 -5.088125
v 7.128756 -5.967399 -5.198206
v 7.128756 -6.060607 -5.306650
v 7.128756 -6.155724 -5.413423
v 7.128756 -6.252722 -5.518491
v 7.128756 -6.351568 -5.621822
v 7.128756 -6.452233 -5.723383
v 7.128756 -6.554683 -5.823141
v 7.128756 -6.658888 -5.921066
v 7.128756 -6.764814 -6.017126
v 7.128756 -6.872428 -6.111292
v 7.128756 -6.981696 -6.203533
v 7.128756 -7.092583 -6.293821
v 7.128756 -7.205055 -6.382126
v 7.128756 -7.319076 -6.468423
v 7.128756 -7.434611 -6.552682
v 7.128756 -7.551622 -6.634878
v 7.128756 -7.670073 -6.714985
v 7.128756 -7.789928 -6.792978
v 7.128756 -7.911147 -6.868831
v 7.128756 -8.033693 -6.942522
v 7.128756 -8.157528 -7.014026
v 7.128756 -8.282612 -7.083322
v 7.128756 -8.408905 -7.150387
v 7.128756 -8.536369 -7.215201
v 7.128756 -8.664963 -7.277743
v 7.128756 -8.794647 -7.337993
v 7.255810 -13.695918 7.966967
v 7.255810 -13.554302 7.993587
v 7.255810 -13.412236 8.017691
v 7.255810 -13.269765 8.039269
v 7.255810 -13.126933 8.058317
v 7.255810 -12.983786 8.074827
v 7.255810 -12.840368 8.088794
v 7.255810 -12.696725 8.100214
v 7.255810 -12.552903 8.109084
v 7.255810 -12.408945 8.115400
v 7.255810 -12.264898 8.119160
v 7.255810 -12.120807 8.120365
v 7.255810 -11.976717 8.119012
v 7.255810 -11.832674 8.115102
v 7.255810 -11.688723 8.108637
v 7.255810 -11.544909 8.099619
v 7.255810 -11.401278 8.088051
v 7.255810 -11.257875 8.073935
v 7.255810 -11.114745 8.057278
v 7.255810 -10.971933 8.038083
v 7.255810 -10.829485 8.016357
v 7.255810 -10.687444 7.992107
v 7.255810 -10.545855 7.965340
v 7.255810 -10.404764 7.936065
v 7.255810 -10.264215 7.904291
v 7.255810 -10.124252 7.870028
v 7.255810 -9.984918 7.833287
v 7.255810 -9.846259 7.794080
v 7.255810 -9.708317 7.752418
v 7.255810 -9.571136 7.708315
v 7.255810 -9.434759 7.661785
v 7.255810 -9.299230 7.612842
v 7.255810 -9.164590 7.561502
v 7.255810 -9.030882 7.507781
v 7.255810 -8.898149 7.451696
v 7.255810 -8.766431 7.393264
v 7.255810 -8.635772 7.332505
v 7.255810 -8.506211 7.269436
v 7.255810 -8.377789 7.204079
v 7.255810 -8.250548 7.136453
v 7.255810 -8.124526 7.066579
v 7.255810 -7.999764 6.994481
v 7.255810 -7.876301 6.920180
v 7.255810 -7.754176 6.843701
v 7.255810 -7.633428 6.765066
v 7.255810 -7.514093 6.684301
v 7.255810 -7.396211 6.601431
v 7.255810 -7.279817 6.516482
v 7.255810 -7.164949 6.429482
v 7.255810 -7.051644 6.340457
v 7.255810 -6.939935 6.249435
v 7.255810 -6.829859 6.156446
v 7.255810 -6.721451 6.061518
v 7.255810 -6.614744 5.964681
v 7.255810 -6.509773 5.865966
v 7.255810 -6.406569 5.765404
v 7.255810 -6.305166 5.663027
v 7.255810 -6.205596 5.558866
v 7.255810 -6.107890 5.452955
v 7.255810 -6.012078 5.345327
v 7.255810 -5.918191 5.236016
v 7.255810 -5.826259 5.125056
v 7.255810 -5.736310 5.012482
v 7.255810 -5.648372 4.898330
v 7.255810 -5.562475 4.782635
v 7.255810 -5.478643 4.665434
v 7.255810 -5.396905 4.546765
v 7.255810 -5.317285 4.426663
v 7.255810 -5.239808 4.305168
v 7.255810 -5.164500 4.182317
v 7.255810 -5.091383 4.058149
v 7.255810 -5.020482 3.932703
v 7.255810 -4.951817 3.806019
v 7.255810 -4.885411 3.678137
v 7.255810 -4.821285 3.549096
v 7.255810 -4.759459 3.418938
v 7.255810 -4.699951 3.287703
v 7.255810 -4.642782 3.155433
v 7.255810 -4.587969 3.022169
v 7.255810 -4.535530 2.887954
v 7.255810 -4.485480 2.752829
v 7.255810 -4.437835 2.616837
v 7.255810 -4.392612 2.480022
v 7.255810 -4.349823 2.342425
v 7.255810 -4.309482 2.204091
v 7.255810 -4.271603 2.065063
v 7.255810 -4.236196 1.925385
v 7.255810 -4.203273 1.785100
v 7.255810 -4.172845 1.644253
v 7.255810 -4.144921 1.502889
v 7.255810 -4.119510 1.361051
v 7.255810 -4.096619 1.218785
v 7.255810 -4.076257 1.076135
v 7.255810 -4.058428 0.933146
v 7.255810 -4.043140 0.789863
v 7.255810 -4.030397 0.646331
v 7.255810 -4.020203 0.502596
v 7.255810 -4.012561 0.358703
v 7.255810 -4.007473 0.214697
v 7.255810 -4.004942 0.070623
v 7.255810 -4.004967 -0.073473
v 7.255810 -4.007549 -0.217546
v 7.255810 -4.012687 -0.361551
v 7.255810 -4.020380 -0.505441
v 7.255810 -4.030625 -0.649173
v 7.255810 -4.043418 -0.792700
v 7.255810 -4.058757 -0.935977
v 7.255810 -4.076635 -1.078960
v 7.255810 -4.097047 -1.221603
v 7.255810 -4.119988 -1.363861
v 7.255810 -4.145449 -1.505690
v 7.255810 -4.173423 -1.647045
v 7.255810 -4.203900 -1.787881
v 7.255810 -4.236872 -1.928154
v 7.255810 -4.272328 -2.067820
v 7.255810 -4.310256 -2.206835
v 7.255810 -4.350646 -2.345155
v 7.255810 -4.393483 -2.482736
v 7.255810 -4.438755 -2.619536
v 7.255810 -4.486447 -2.755511
v 7.255810 -4.536544 -2.890618
v 7.255810 -4.589031 -3.024815
v 7.255810 -4.643891 -3.158059
v 7.255810 -4.701106 -3.290309
v 7.255810 -4.760659 -3.421523
v 7.255810 -4.822531 -3.551660
v 7.255810 -4.886703 -3.680678
v 7.255810 -4.953154 -3.808537
v 7.255810 -5.021863 -3.935197
v 7.255810 -5.092809 -4.060618
v 7.255810 -5.165969 -4.184760
v 7.255810 -5.241320 -4.307585
v 7.255810 -5.318839 -4.429053
v 7.255810 -5.398501 -4.549126
v 7.255810 -5.480281 -4.667767
v 7.255810 -5.564154 -4.784939
v 7.255810 -5.650092 -4.900603
v 7.255810 -5.738070 -5.014724
v 7.255810 -5.828058 -5.127267
v 7.255810 -5.920030 -5.238194
v 7.255810 -6.013955 -5.347473
v 7.255810 -6.109804 -5.455067
v 7.255810 -6.207548 -5.560944
v 7.255810 -6.307155 -5.665070
v 7.255810 -6.408593 -5.767411
v 7.255810 -6.511832 -5.867937
v 7.255810 -6.616839 -5.966615
v 7.255810 -6.723579 -6.063414
v 7.255810 -6.832021 -6.158304
v 7.255810 -6.942129 -6.251255
v 7.255810 -7.053870 -6.342237
v 7.255810 -7.167207 -6.431223
v 7.255810 -7.282105 -6.518183
v 7.255810 -7.398528 -6.603091
v 7.255810 -7.516440 -6.685919
v 7.255810 -7.635803 -6.766642
v 7.255810 -7.756579 -6.845235
v 7.255810 -7.878731 -6.921672
v 7.255810 -8.002220 -6.995929
v 7.255810 -8.127007 -7.067983
v 7.255810 -8.253053 -7.137812
v 7.255810 -8.380318 -7.205394
v 7.255810 -8.508763 -7.270706
v 7.381061 -13.565841 8.058122
v 7.381061 -13.422628 8.082420
v 7.381061 -13.279007 8.104173
v 7.381061 -13.135022 8.123374
v 7.381061 -12.990719 8.140017
v 7.381061 -12.846144 8.154097
v 7.381061 -12.701341 8.165610
v 7.381061 -12.556357 8.174551
v 7.381061 -12.411237 8.180918
v 7.381061 -12.266027 8.184709
v 7.381061 -12.120773 8.185923
v 7.381061 -11.975520 8.184559
v 7.381061 -11.830314 8.180618
v 7.381061 -11.685201 8.174101
v 7.381061 -11.540226 8.165010
v 7.381061 -11.395436 8.153348
v 7.381061 -11.250875 8.139119
v 7.381061 -11.106589 8.122327
v 7.381061 -10.962624 8.102977
v 7.381061 -10.819025 8.081076
v 7.381061 -10.675838 8.056630
v 7.381061 -10.533106 8.029647
v 7.381061 -10.390876 8.000135
v 7.381061 -10.249192 7.968105
v 7.381061 -10.108099 7.933566
v 7.381061 -9.967641 7.896528
v 7.381061 -9.827862 7.857004
v 7.381061 -9.688806 7.815006
v 7.381061 -9.550518 7.770547
v 7.381061 -9.413040 7.723641
v 7.381061 -9.276416 7.674303
v 7.381061 -9.140689 7.622548
v 7.381061 -9.005902 7.568394
v 7.381061 -8.872097 7.511856
v 7.381061 -8.739317 7.452952
v 7.381061 -8.607602 7.391702
v 7.381061 -8.476995 7.328125
v 7.381061 -8.347537 7.262239
v 7.381061 -8.219268 7.194068
v 7.381061 -8.092229 7.123630
v 7.381061 -7.966460 7.050950
v 7.381061 -7.842000 6.976049
v 7.381061 -7.718889 6.898952
v 7.381061 -7.597166 6.819682
v 7.381061 -7.476868 6.738265
v 7.381061 -7.358034 6.654726
v 7.381061 -7.240700 6.569092
v 7.381061 -7.124905 6.481389
v 7.381061 -7.010685 6.391645
v 7.381061 -6.898074 6.299889
v 7.381061 -6.787110 6.206149
v 7.381061 -6.677827 6.110454
v 7.381061 -6.570258 6.012836
v 7.381061 -6.464439 5.913324
v 7.381061 -6.360402 5.811950
v 7.381061 -6.258181 5.708746
v 7.381061 -6.157807 5.603745
v 7.381061 -6.059311 5.496979
v 7.381061 -5.962726 5.388482
v 7.381061 -5.868081 5.278288
v 7.381061 -5.775407 5.166432
v 7.381061 -5.684732 5.052949
v 7.381061 -5.596084 4.937875
v 7.381061 -5.509493 4.821247
v 7.381061 -5.424985 4.703100
v 7.381061 -5.342586 4.583472
v 7.381061 -5.262324 4.462401
v 7.381061 -5.184222 4.339925
v 7.381061 -5.108306 4.216082
v 7.381061 -5.034599 4.090912
v 7.381061 -4.963125 3.964453
v 7.381061 -4.893906 3.836747
v 7.381061 -4.826964 3.707832
v 7.381061 -4.762320 3.577749
v 7.381061 -4.699994 3.446540
v 7.381061 -4.640007 3.314246
v 7.381061 -4.582376 3.180908
v 7.381061 -4.527120 3.046568
v 7.381061 -4.474257 2.911269
v 7.381061 -4.423803 2.775053
v 7.381061 -4.375774 2.637964
v 7.381061 -4.330186 2.500044
v 7.381061 -4.287051 2.361337
v 7.381061 -4.246385 2.221886
v 7.381061 -4.208199 2.081735
v 7.381061 -4.172507 1.940929
v 7.381061 -4.139319 1.799512
v 7.381061 -4.108645 1.657528
v 7.381061 -4.080495 1.515022
v 7.381061 -4.054879 1.372039
v 7.381061 -4.031803 1.228624
v 7.381061 -4.011276 1.084823
v 7.381061 -3.993304 0.940679
v 7.381061 -3.977893 0.796240
v 7.381061 -3.965047 0.651549
v 7.381061 -3.954770 0.506654
v 7.381061 -3.947066 0.361599
v 7.381061 -3.941938 0.216430
v 7.381061 -3.939386 0.071193
v 7.381061 -3.939411 -0.074067
v 7.381061 -3.942014 -0.219303
v 7.381061 -3.947194 -0.364470
v 7.381061 -3.954949 -0.509522
v 7.381061 -3.965276 -0.654414
v 7.381061 -3.978173 -0.799100
v 7.381061 -3.993635 -0.943534
v 7.381061 -4.011658 -1.087671
v 7.381061 -4.032235 -1.231465
v 7.381061 -4.055361 -1.374872
v 7.381061 -4.081027 -1.517846
v 7.381061 -4.109227 -1.660342
v 7.381061 -4.139951 -1.802315
v 7.381061 -4.173189 -1.943721
v 7.381061 -4.208931 -2.084514
v 7.381061 -4.247165 -2.224651
v 7.381061 -4.287881 -2.364088
v 7.381061 -4.331064 -2.502780
v 7.381061 -4.376701 -2.640684
v 7.381061 -4.424778 -2.777757
v 7.381061 -4.475280 -2.913955
v 7.381061 -4.528190 -3.049235
v 7.381061 -4.583493 -3.183555
v 7.381061 -4.641171 -3.316873
v 7.381061 -4.701204 -3.449146
v 7.381061 -4.763576 -3.580334
v 7.381061 -4.828266 -3.710394
v 7.381061 -4.895253 -3.839285
v 7.381061 -4.964517 -3.966968
v 7.381061 -5.036035 -4.093401
v 7.381061 -5.109786 -4.218545
v 7.381061 -5.185746 -4.342361
v 7.381061 -5.263891 -4.464810
v 7.381061 -5.344196 -4.585853
v 7.381061 -5.426636 -4.705452
v 7.381061 -5.511186 -4.823569
v 7.381061 -5.597818 -4.940167
v 7.381061 -5.686506 -5.055210
v 7.381061 -5.777221 -5.168661
v 7.381061 -5.869935 -5.280484
v 7.381061 -5.964618 -5.390645
v 7.381061 -6.061242 -5.499108
v 7.381061 -6.159774 -5.605839
v 7.381061 -6.260185 -5.710806
v 7.381061 -6.362443 -5.813974
v 7.381061 -6.466515 -5.915311
v 7.381061 -6.572369 -6.014786
v 7.381061 -6.679972 -6.112366
v 7.381061 -6.789289 -6.208022
v 7.381061 -6.900286 -6.301724
v 7.381061 -7.012929 -6.393440
v 7.381061 -7.127181 -6.483144
v 7.381061 -7.243007 -6.570806
v 7.381061 -7.360370 -6.656399
v 7.381061 -7.479234 -6.739897
v 7.381061 -7.599560 -6.821271
v 7.381061 -7.721311 -6.900498
v 7.381061 -7.844449 -6.977552
v 7.381061 -7.968935 -7.052409
v 7.381061 -8.094730 -7.125046
v 7.381061 -8.221794 -7.195438
v 7.504409 -13.433578 8.150620
v 7.504409 -13.288744 8.172556
v 7.504409 -13.143545 8.191920
v 7.504409 -12.998024 8.208703
v 7.504409 -12.852229 8.222902
v 7.504409 -12.706204 8.234512
v 7.504409 -12.559997 8.243528
v 7.504409 -12.413653 8.249949
v 7.504409 -12.267217 8.253772
v 7.504409 -12.120737 8.254996
v 7.504409 -11.974259 8.253621
v 7.504409 -11.827827 8.249646
v 7.504409 -11.681490 8.243075
v 7.504409 -11.535292 8.233907
v 7.504409 -11.389279 8.222147
v 7.504409 -11.243499 8.207797
v 7.504409 -11.097996 8.190863
v 7.504409 -10.952816 8.171350
v 7.504409 -10.808006 8.149264
v 7.504409 -10.663610 8.124612
v 7.504409 -10.519674 8.097401
v 7.504409 -10.376244 8.067641
v 7.504409 -10.233364 8.035340
v 7.504409 -10.091080 8.000509
v 7.504409 -9.949437 7.963159
v 7.504409 -9.808479 7.923302
v 7.504409 -9.668250 7.880949
v 7.504409 -9.528794 7.836115
v 7.504409 -9.390156 7.788813
v 7.504409 -9.252380 7.739059
v 7.504409 -9.115508 7.686868
v 7.504409 -8.979583 7.632256
v 7.504409 -8.844649 7.575241
v 7.504409 -8.710748 7.515841
v 7.504409 -8.577922 7.454074
v 7.504409 -8.446213 7.389960
v 7.504409 -8.315662 7.323519
v 7.504409 -8.186311 7.254771
v 7.504409 -8.058200 7.183740
v 7.504409 -7.931370 7.110446
v 7.504409 -7.805860 7.034913
v 7.504409 -7.681710 6.957166
v 7.504409 -7.558959 6.877227
v 7.504409 -7.437647 6.795123
v 7.504409 -7.317810 6.710879
v 7.504409 -7.199487 6.624522
v 7.504409 -7.082714 6.536079
v 7.504409 -6.967530 6.445578
v 7.504409 -6.853969 6.353048
v 7.504409 -6.742069 6.258517
v 7.504409 -6.631863 6.162015
v 7.504409 -6.523387 6.063572
v 7.504409 -6.416675 5.963221
v 7.504409 -6.311760 5.860992
v 7.504409 -6.208676 5.756917
v 7.504409 -6.107455 5.651029
v 7.504409 -6.008129 5.543362
v 7.504409 -5.910729 5.433950
v 7.504409 -5.815285 5.322826
v 7.504409 -5.721829 5.210026
v 7.504409 -5.630388 5.095586
v 7.504409 -5.540993 4.979541
v 7.504409 -5.453671 4.861929
v 7.504409 -5.368450 4.742785
v 7.504409 -5.285356 4.622148
v 7.504409 -5.204416 4.500055
v 7.504409 -5.125655 4.376546
v 7.504409 -5.049098 4.251658
v 7.504409 -4.974770 4.125431
v 7.504409 -4.902692 3.997906
v 7.504409 -4.832889 3.869121
v 7.504409 -4.765382 3.739119
v 7.504409 -4.700193 3.607938
v 7.504409 -4.637342 3.475622
v 7.504409 -4.576848 3.342211
v 7.504409 -4.518731 3.207748
v 7.504409 -4.463009 3.072275
v 7.504409 -4.409700 2.935835
v 7.504409 -4.358820 2.798470
v 7.504409 -4.310386 2.660223
v 7.504409 -4.264413 2.521139
v 7.504409 -4.220914 2.381262
v 7.504409 -4.179905 2.240634
v 7.504409 -4.141397 2.099301
v 7.504409 -4.105403 1.957307
v 7.504409 -4.071935 1.814696
v 7.504409 -4.041002 1.671514
v 7.504409 -4.012615 1.527806
v 7.504409 -3.986783 1.383617
v 7.504409 -3.963512 1.238991
v 7.504409 -3.942812 1.093976
v 7.504409 -3.924689 0.948617
v 7.504409 -3.909147 0.802958
v 7.504409 -3.896193 0.657047
v 7.504409 -3.885830 0.510929
v 7.504409 -3.878061 0.364650
v 7.504409 -3.872889 0.218256
v 7.504409 -3.870315 0.071794
v 7.504409 -3.870341 -0.074692
v 7.504409 -3.872966 -0.221153
v 7.504409 -3.878189 -0.367545
v 7.504409 -3.886009 -0.513821
v 7.504409 -3.896424 -0.659936
v 7.504409 -3.909430 -0.805843
v 7.504409 -3.925022 -0.951495
v 7.504409 -3.943197 -1.096849
v 7.504409 -3.963948 -1.241857
v 7.504409 -3.987269 -1.386473
v 7.504409 -4.013152 -1.530654
v 7.504409 -4.041590 -1.674352
v 7.504409 -4.072573 -1.817523
v 7.504409 -4.106091 -1.960122
v 7.504409 -4.142135 -2.102103
v 7.504409 -4.180692 -2.243423
v 7.504409 -4.221751 -2.384036
v 7.504409 -4.265298 -2.523899
v 7.504409 -4.311320 -2.662967
v 7.504409 -4.359803 -2.801196
v 7.504409 -4.410731 -2.938543
v 7.504409 -4.464088 -3.074965
v 7.504409 -4.519858 -3.210418
v 7.504409 -4.578022 -3.344861
v 7.504409 -4.638562 -3.478251
v 7.504409 -4.701460 -3.610545
v 7.504409 -4.766696 -3.741702
v 7.504409 -4.834248 -3.871681
v 7.504409 -4.904096 -4.000441
v 7.504409 -4.976218 -4.127941
v 7.504409 -5.050591 -4.254142
v 7.504409 -5.127192 -4.379003
v 7.504409 -5.205996 -4.502484
v 7.504409 -5.286979 -4.624549
v 7.504409 -5.370115 -4.745157
v 7.504409 -5.455378 -4.864270
v 7.504409 -5.542742 -4.981853
v 7.504409 -5.632178 -5.097866
v 7.504409 -5.723658 -5.212274
v 7.504409 -5.817154 -5.325041
v 7.504409 -5.912637 -5.436131
v 7.504409 -6.010075 -5.545509
v 7.504409 -6.109439 -5.653142
v 7.504409 -6.210698 -5.758994
v 7.504409 -6.313818 -5.863032
v 7.504409 -6.418769 -5.965225
v 7.504409 -6.525516 -6.065539
v 7.504409 -6.634027 -6.163943
v 7.504409 -6.744266 -6.260406
v 7.504409 -6.856200 -6.354898
v 7.504409 -6.969793 -6.447389
v 7.504409 -7.085009 -6.537849
v 7.504409 -7.201812 -6.626251
v 7.504409 -7.320166 -6.712566
v 7.504409 -7.440032 -6.796768
v 7.504409 -7.561374 -6.878830
v 7.504409 -7.684153 -6.958725
v 7.504409 -7.808330 -7.036429
v 7.504409 -7.933866 -7.111918
v 7.625754 -13.445075 8.222235
v 7.625754 -13.298970 8.244365
v 7.625754 -13.152494 8.263898
v 7.625754 -13.005695 8.280829
v 7.625754 -12.858619 8.295153
v 7.625754 -12.711311 8.306864
v 7.625754 -12.563819 8.315960
v 7.625754 -12.416189 8.322437
v 7.625754 -12.268467 8.326294
v 7.625754 -12.120700 8.327529
v 7.625754 -11.972934 8.326141
v 7.625754 -11.825216 8.322132
v 7.625754 -11.677593 8.315503
v 7.625754 -11.530110 8.306254
v 7.625754 -11.382815 8.294391
v 7.625754 -11.235753 8.279915
v 7.625754 -11.088972 8.262833
v 7.625754 -10.942517 8.243148
v 7.625754 -10.796434 8.220868
v 7.625754 -10.650769 8.195999
v 7.625754 -10.505569 8.168549
v 7.625754 -10.360878 8.138528
v 7.625754 -10.216743 8.105943
v 7.625754 -10.073209 8.070806
v 7.625754 -9.930321 8.033128
v 7.625754 -9.788124 7.992920
v 7.625754 -9.646663 7.950195
v 7.625754 -9.505983 7.904967
v 7.625754 -9.366127 7.857250
v 7.625754 -9.227139 7.807058
v 7.625754 -9.089065 7.754409
v 7.625754 -8.951946 7.699317
v 7.625754 -8.815826 7.641801
v 7.625754 -8.680749 7.581879
v 7.625754 -8.546755 7.519569
v 7.625754 -8.413889 7.454892
v 7.625754 -8.282191 7.387867
v 7.625754 -8.151704 7.318516
v 7.625754 -8.022467 7.246860
v 7.625754 -7.894522 7.172922
v 7.625754 -7.767910 7.096726
v 7.625754 -7.642669 7.018295
v 7.625754 -7.518840 6.937654
v 7.625754 -7.396461 6.854829
v 7.625754 -7.275571 6.769845
v 7.625754 -7.156208 6.682729
v 7.625754 -7.038410 6.593509
v 7.625754 -6.922214 6.502213
v 7.625754 -6.807655 6.408869
v 7.625754 -6.694771 6.313507
v 7.625754 -6.583597 6.216157
v 7.625754 -6.474168 6.116850
v 7.625754 -6.366519 6.015617
v 7.625754 -6.260682 5.912489
v 7.625754 -6.156692 5.807500
v 7.625754 -6.054582 5.700682
v 7.625754 -5.954383 5.592069
v 7.625754 -5.856127 5.481695
v 7.625754 -5.759845 5.369595
v 7.625754 -5.665567 5.255805
v 7.625754 -5.573323 5.140359
v 7.625754 -5.483143 5.023294
v 7.625754 -5.395053 4.904648
v 7.625754 -5.309083 4.784458
v 7.625754 -5.225259 4.662760
v 7.625754 -5.143608 4.539595
v 7.625754 -5.064155 4.415000
v 7.625754 -4.986926 4.289015
v 7.625754 -4.911944 4.161680
v 7.625754 -4.839233 4.033033
v 7.625754 -4.768817 3.903117
v 7.625754 -4.700717 3.771972
v 7.625754 -4.634955 3.639640
v 7.625754 -4.571551 3.506161
v 7.625754 -4.510526 3.371578
v 7.625754 -4.451898 3.235933
v 7.625754 -4.395687 3.099270
v 7.625754 -4.341909 2.961630
v 7.625754 -4.290583 2.823058
v 7.625754 -4.241723 2.683597
v 7.625754 -4.195345 2.543291
v 7.625754 -4.151465 2.402185
v 7.625754 -4.110095 2.260321
v 7.625754 -4.071249 2.117746
v 7.625754 -4.034939 1.974505
v 7.625754 -4.001176 1.830641
v 7.625754 -3.969972 1.686201
v 7.625754 -3.941335 1.541230
v 7.625754 -3.915276 1.395774
v 7.625754 -3.891801 1.249878
v 7.625754 -3.870919 1.103589
v 7.625754 -3.852636 0.956952
v 7.625754 -3.836958 0.810013
v 7.625754 -3.823890 0.662820
v 7.625754 -3.813436 0.515418
v 7.625754 -3.805599 0.367854
v 7.625754 -3.800381 0.220174
v 7.625754 -3.797785 0.072424
v 7.625754 -3.797811 -0.075348
v 7.625754 -3.800459 -0.223096
v 7.625754 -3.805728 -0.370775
v 7.625754 -3.813617 -0.518336
v 7.625754 -3.824123 -0.665734
v 7.625754 -3.837243 -0.812923
v 7.625754 -3.852973 -0.959856
v 7.625754 -3.871307 -1.106486
v 7.625754 -3.892241 -1.252768
v 7.625754 -3.915766 -1.398656
v 7.625754 -3.941877 -1.544103
v 7.625754 -3.970564 -1.689064
v 7.625754 -4.001820 -1.833493
v 7.625754 -4.035633 -1.977345
v 7.625754 -4.071993 -2.120574
v 7.625754 -4.110889 -2.263135
v 7.625754 -4.152309 -2.404984
v 7.625754 -4.196239 -2.546075
v 7.625754 -4.242665 -2.686365
v 7.625754 -4.291574 -2.825809
v 7.625754 -4.342949 -2.964363
v 7.625754 -4.396775 -3.101983
v 7.625754 -4.453035 -3.238627
v 7.625754 -4.511710 -3.374251
v 7.625754 -4.572782 -3.508812
v 7.625754 -4.636233 -3.642269
v 7.625754 -4.702042 -3.774579
v 7.625754 -4.770188 -3.905700
v 7.625754 -4.840650 -4.035591
v 7.625754 -4.913405 -4.164212
v 7.625754 -4.988432 -4.291521
v 7.625754 -5.065706 -4.417479
v 7.625754 -5.145202 -4.542046
v 7.625754 -5.226897 -4.665182
v 7.625754 -5.310763 -4.786850
v 7.625754 -5.396776 -4.907011
v 7.625754 -5.484907 -5.025626
v 7.625754 -5.575128 -5.142659
v 7.625754 -5.667413 -5.258072
v 7.625754 -5.761730 -5.371830
v 7.625754 -5.858052 -5.483896
v 7.625754 -5.956346 -5.594235
v 7.625754 -6.056583 -5.702813
v 7.625754 -6.158731 -5.809595
v 7.625754 -6.262758 -5.914548
v 7.625754 -6.368631 -6.017638
v 7.625754 -6.476316 -6.118834
v 7.625754 -6.585780 -6.218102
v 7.625754 -6.696988 -6.315413
v 7.625754 -6.809906 -6.410735
v 7.625754 -6.924497 -6.504039
v 7.625754 -7.040725 -6.595294
v 7.625754 -7.158555 -6.684473
v 7.625754 -7.277948 -6.771547
v 7.625754 -7.398868 -6.856488
v 7.625754 -7.521276 -6.939271
v 7.625754 -7.645133 -7.019868
v 7.745001 -13.309674 8.319541
v 7.745001 -13.161863 8.339252
v 7.745001 -13.013726 8.356338
v 7.745001 -12.865308 8.370792
v 7.745001 -12.716657 8.382610
v 7.745001 -12.567820 8.391789
v 7.745001 -12.418844 8.398325
v 7.745001 -12.269775 8.402217
v 7.745001 -12.120661 8.403463
v 7.745001 -11.971548 8.402063
v 7.745001 -11.822483 8.398017
v 7.745001 -11.673513 8.391327
v 7.745001 -11.524686 8.381995
v 7.745001 -11.376047 8.370023
v 7.745001 -11.227645 8.355415
v 7.745001 -11.079525 8.338177
v 7.745001 -10.931734 8.318313
v 7.745001 -10.784319 8.295830
v 7.745001 -10.637326 8.270734
v 7.745001 -10.490802 8.243034
v 7.745001 -10.344792 8.212739
v 7.745001 -10.199343 8.179857
v 7.745001 -10.054500 8.144400
v 7.745001 -9.910309 8.106378
v 7.745001 -9.766816 8.065803
v 7.745001 -9.624065 8.022689
v 7.745001 -9.482101 7.977048
v 7.745001 -9.340970 7.928896
v 7.745001 -9.200715 7.878247
v 7.745001 -9.061381 7.825117
v 7.745001 -8.923012 7.769523
v 7.745001 -8.785652 7.711483
v 7.745001 -8.649342 7.651014
v 7.745001 -8.514127 7.588136
v 7.745001 -8.380049 7.522869
v 7.745001 -8.247151 7.455233
v 7.745001 -8.115473 7.385249
v 7.745001 -7.985058 7.312940
v 7.745001 -7.855947 7.238328
v 7.745001 -7.728180 7.161437
v 7.745001 -7.601797 7.082291
v 7.745001 -7.476839 7.000915
v 7.745001 -7.353344 6.917334
v 7.745001 -7.231352 6.831575
v 7.745001 -7.110901 6.743665
v 7.745001 -6.992028 6.653632
v 7.745001 -6.874772 6.561503
v 7.745001 -6.759169 6.467308
v 7.745001 -6.645256 6.371077
v 7.745001 -6.533068 6.272839
v 7.745001 -6.422641 6.172627
v 7.745001 -6.314010 6.070470
v 7.745001 -6.207209 5.966402
v 7.745001 -6.102270 5.860456
v 7.745001 -5.999229 5.752664
v 7.745001 -5.898116 5.643060
v 7.745001 -5.798964 5.531680
v 7.745001 -5.701804 5.418558
v 7.745001 -5.606667 5.303729
v 7.745001 -5.513582 5.187231
v 7.745001 -5.422579 5.069099
v 7.745001 -5.333686 4.949371
v 7.745001 -5.246932 4.828085
v 7.745001 -5.162344 4.705278
v 7.745001 -5.079948 4.580989
v 7.745001 -4.999771 4.455258
v 7.745001 -4.921837 4.328124
v 7.745001 -4.846172 4.199628
v 7.745001 -4.772798 4.069809
v 7.745001 -4.701740 3.938708
v 7.745001 -4.633019 3.806367
v 7.745001 -4.566657 3.672828
v 7.745001 -4.502675 3.538132
v 7.745001 -4.441093 3.402322
v 7.745001 -4.381931 3.265440
v 7.745001 -4.325207 3.127530
v 7.745001 -4.270939 2.988636
v 7.745001 -4.219145 2.848800
v 7.745001 -4.169839 2.708068
v 7.745001 -4.123039 2.566482
v 7.745001 -4.078758 2.424089
v 7.745001 -4.037011 2.280932
v 7.745001 -3.997811 2.137057
v 7.745001 -3.961170 1.992509
v 7.745001 -3.927100 1.847334
v 7.745001 -3.895611 1.701577
v 7.745001 -3.866713 1.555284
v 7.745001 -3.840416 1.408501
v 7.745001 -3.816727 1.261275
v 7.745001 -3.795655 1.113652
v 7.745001 -3.777205 0.965678
v 7.745001 -3.761384 0.817400
v 7.745001 -3.748197 0.668864
v 7.745001 -3.737647 0.520118
v 7.745001 -3.729738 0.371208
v 7.745001 -3.724473 0.222182
v 7.745001 -3.721853 0.073085
v 7.745001 -3.721880 -0.076035
v 7.745001 -3.724552 -0.225131
v 7.745001 -3.729869 -0.374155
v 7.745001 -3.737830 -0.523063
v 7.745001 -3.748432 -0.671805
v 7.745001 -3.761672 -0.820336
v 7.745001 -3.777545 -0.968608
v 7.745001 -3.796046 -1.116576
v 7.745001 -3.817170 -1.264192
v 7.745001 -3.840911 -1.411409
v 7.745001 -3.867259 -1.558183
v 7.745001 -3.896208 -1.704466
v 7.745001 -3.927749 -1.850212
v 7.745001 -3.961870 -1.995375
v 7.745001 -3.998562 -2.139910
v 7.745001 -4.037812 -2.283771
v 7.745001 -4.079610 -2.426913
v 7.745001 -4.123940 -2.569291
v 7.745001 -4.170790 -2.710860
v 7.745001 -4.220145 -2.851576
v 7.745001 -4.271989 -2.991393
v 7.745001 -4.326306 -3.130268
v 7.745001 -4.383078 -3.268158
v 7.745001 -4.442288 -3.405019
v 7.745001 -4.503918 -3.540807
v 7.745001 -4.567947 -3.675481
v 7.745001 -4.634355 -3.808997
v 7.745001 -4.703123 -3.941314
v 7.745001 -4.774227 -4.072389
v 7.745001 -4.847647 -4.202183
v 7.745001 -4.923357 -4.330653
v 7.745001 -5.001336 -4.457759
v 7.745001 -5.081557 -4.583462
v 7.745001 -5.163997 -4.707722
v 7.745001 -5.248628 -4.830499
v 7.745001 -5.335424 -4.951755
v 7.745001 -5.424359 -5.071452
v 7.745001 -5.515403 -5.189552
v 7.745001 -5.608529 -5.306018
v 7.745001 -5.703707 -5.420813
v 7.745001 -5.800907 -5.533901
v 7.745001 -5.900098 -5.645246
v 7.745001 -6.001249 -5.754814
v 7.745001 -6.104328 -5.862570
v 7.745001 -6.209303 -5.968480
v 7.745001 -6.316142 -6.072510
v 7.745001 -6.424809 -6.174628
v 7.745001 -6.535271 -6.274802
v 7.745001 -6.647493 -6.373000
v 7.745001 -6.761440 -6.469191
v 7.745001 -6.877076 -6.563346
v 7.745001 -6.994364 -6.655433
v 7.745001 -7.113268 -6.745425
v 7.745001 -7.233750 -6.833293
v 7.745001 -7.355773 -6.919009
v 7.745001 -7.479297 -7.002546
v 7.862053 -13.171645 8.417922
v 7.862053 -13.022109 8.435168
v 7.862053 -12.872292 8.449759
v 7.862053 -12.722239 8.461689
v 7.862053 -12.571998 8.470954
v 7.862053 -12.421616 8.477552
v 7.862053 -12.271141 8.481481
v 7.862053 -12.120620 8.482739
v 7.862053 -11.970100 8.481325
v 7.862053 -11.819629 8.477241
v 7.862053 -11.669254 8.470488
v 7.862053 -11.519023 8.461068
v 7.862053 -11.368982 8.448983
v 7.862053 -11.219180 8.434237
v 7.862053 -11.069662 8.416836
v 7.862053 -10.920477 8.396785
v 7.862053 -10.771672 8.374090
v 7.862053 -10.623292 8.348757
v 7.862053 -10.475386 8.320796
v 7.862053 -10.327998 8.290215
v 7.862053 -10.181177 8.257023
v 7.862053 -10.034968 8.221231
v 7.862053 -9.889416 8.182850
v 7.862053 -9.744569 8.141893
v 7.862053 -9.600472 8.098372
v 7.862053 -9.457169 8.052301
v 7.862053 -9.314706 8.003694
v 7.862053 -9.173129 7.952567
v 7.862053 -9.032480 7.898936
v 7.862053 -8.892806 7.842818
v 7.862053 -8.754149 7.784230
v 7.862053 -8.616554 7.723191
v 7.862053 -8.480064 7.659720
v 7.862053 -8.344721 7.593837
v 7.862053 -8.210569 7.525563
v 7.862053 -8.077649 7.454919
v 7.862053 -7.946003 7.381928
v 7.862053 -7.815674 7.306612
v 7.862053 -7.686702 7.228996
v 7.862053 -7.559127 7.149103
v 7.862053 -7.432990 7.066959
v 7.862053 -7.308330 6.982590
v 7.862053 -7.185187 6.896022
v 7.862053 -7.063599 6.807283
v 7.862053 -6.943606 6.716400
v 7.862053 -6.825243 6.623402
v 7.862053 -6.708550 6.528318
v 7.862053 -6.593562 6.431179
v 7.862053 -6.480316 6.332015
v 7.862053 -6.368847 6.230857
v 7.862053 -6.259191 6.127737
v 7.862053 -6.151382 6.022687
v 7.862053 -6.045454 5.915741
v 7.862053 -5.941440 5.806932
v 7.862053 -5.839374 5.696295
v 7.862053 -5.739287 5.583864
v 7.862053 -5.641210 5.469675
v 7.862053 -5.545175 5.353763
v 7.862053 -5.451212 5.236165
v 7.862053 -5.359351 5.116919
v 7.862053 -5.269620 4.996062
v 7.862053 -5.182047 4.873631
v 7.862053 -5.096661 4.749666
v 7.862053 -5.013488 4.624205
v 7.862053 -4.932554 4.497288
v 7.862053 -4.853885 4.368954
v 7.862053 -4.777506 4.239246
v 7.862053 -4.703440 4.108202
v 7.862053 -4.631711 3.975864
v 7.862053 -4.562342 3.842275
v 7.862053 -4.495354 3.707476
v 7.862053 -4.430769 3.571509
v 7.862053 -4.368606 3.434418
v 7.862053 -4.308886 3.296245
v 7.862053 -4.251627 3.157034
v 7.862053 -4.196847 3.016830
v 7.862053 -4.144564 2.875675
v 7.862053 -4.094793 2.733615
v 7.862053 -4.047551 2.590694
v 7.862053 -4.002853 2.446957
v 7.862053 -3.960712 2.302450
v 7.862053 -3.921142 2.157217
v 7.862053 -3.884155 2.011306
v 7.862053 -3.849763 1.864761
v 7.862053 -3.817977 1.717629
v 7.862053 -3.788807 1.569956
v 7.862053 -3.762262 1.421788
v 7.862053 -3.738350 1.273173
v 7.862053 -3.717079 1.124157
v 7.862053 -3.698455 0.974787
v 7.862053 -3.682485 0.825111
v 7.862053 -3.669173 0.675174
v 7.862053 -3.658524 0.525025
v 7.862053 -3.650540 0.374710
v 7.862053 -3.645226 0.224277
v 7.862053 -3.642581 0.073774
v 7.862053 -3.642608 -0.076752
v 7.862053 -3.645305 -0.227254
v 7.862053 -3.650672 -0.377685
v 7.862053 -3.658708 -0.527997
v 7.862053 -3.669410 -0.678142
v 7.862053 -3.682775 -0.828074
v 7.862053 -3.698798 -0.977746
v 7.862053 -3.717474 -1.127109
v 7.862053 -3.738797 -1.276118
v 7.862053 -3.762761 -1.424724
v 7.862053 -3.789359 -1.572882
v 7.862053 -3.818581 -1.720545
v 7.862053 -3.850419 -1.867666
v 7.862053 -3.884862 -2.014199
v 7.862053 -3.921900 -2.160097
v 7.862053 -3.961521 -2.305316
v 7.862053 -4.003712 -2.449808
v 7.862053 -4.048461 -2.593529
v 7.862053 -4.095753 -2.736434
v 7.862053 -4.145574 -2.878476
v 7.862053 -4.197906 -3.019613
v 7.862053 -4.252736 -3.159798
v 7.862053 -4.310043 -3.298989
v 7.862053 -4.369812 -3.437141
v 7.862053 -4.432023 -3.574210
v 7.862053 -4.496656 -3.710154
v 7.862053 -4.563691 -3.844930
v 7.862053 -4.633108 -3.978495
v 7.862053 -4.704883 -4.110807
v 7.862053 -4.778995 -4.241825
v 7.862053 -4.855419 -4.371507
v 7.862053 -4.934133 -4.499812
v 7.862053 -5.015112 -4.626701
v 7.862053 -5.098329 -4.752133
v 7.862053 -5.183759 -4.876068
v 7.862053 -5.271374 -4.998468
v 7.862053 -5.361147 -5.119294
v 7.862053 -5.453051 -5.238508
v 7.862053 -5.547055 -5.356073
v 7.862053 -5.643131 -5.471951
v 7.862053 -5.741247 -5.586105
v 7.862053 -5.841374 -5.698501
v 7.862053 -5.943479 -5.809103
v 7.862053 -6.047531 -5.917875
v 7.862053 -6.153497 -6.024784
v 7.862053 -6.261343 -6.129796
v 7.862053 -6.371035 -6.232877
v 7.862053 -6.482539 -6.333996
v 7.862053 -6.595820 -6.433121
v 7.862053 -6.710842 -6.530219
v 7.862053 -6.827569 -6.625262
v 7.862053 -6.945964 -6.718218
v 7.862053 -7.065989 -6.809059
v 7.862053 -7.187608 -6.897756
v 7.976816 -13.030840 8.517258
v 7.976816 -12.879564 8.531991
v 7.976816 -12.728051 8.544037
v 7.976816 -12.576348 8.553392
v 7.976816 -12.424503 8.560055
v 7.976816 -12.272563 8.564021
v 7.976816 -12.120577 8.565291
v 7.976816 -11.968592 8.563864
v 7.976816 -11.816657 8.559741
v 7.976816 -11.664819 8.552922
v 7.976816 -11.513125 8.543409
v 7.976816 -11.361625 8.531207
v 7.976816 -11.210364 8.516318
v 7.976816 -11.059392 8.498748
v 7.976816 -10.908755 8.478501
v 7.976816 -10.758501 8.455585
v 7.976816 -10.608678 8.430006
v 7.976816 -10.459332 8.401773
v 7.976816 -10.310510 8.370894
v 7.976816 -10.162260 8.337379
v 7.976816 -10.014628 8.301239
v 7.976816 -9.867660 8.262485
v 7.976816 -9.721403 8.221129
v 7.976816 -9.575903 8.177184
v 7.976816 -9.431206 8.130665
v 7.976816 -9.287357 8.081585
v 7.976816 -9.144401 8.029961
v 7.976816 -9.002384 7.975808
v 7.976816 -8.861351 7.919143
v 7.976816 -8.721345 7.859985
v 7.976816 -8.582410 7.798352
v 7.976816 -8.444592 7.734263
v 7.976816 -8.307932 7.667739
v 7.976816 -8.172474 7.598801
v 7.976816 -8.038261 7.527469
v 7.976816 -7.905334 7.453768
v 7.976816 -7.773736 7.377719
v 7.976816 -7.643509 7.299347
v 7.976816 -7.514692 7.218677
v 7.976816 -7.387328 7.135734
v 7.976816 -7.261455 7.050543
v 7.976816 -7.137113 6.963133
v 7.976816 -7.014342 6.873530
v 7.976816 -6.893181 6.781763
v 7.976816 -6.773667 6.687860
v 7.976816 -6.655838 6.591851
v 7.976816 -6.539731 6.493767
v 7.976816 -6.425383 6.393637
v 7.976816 -6.312829 6.291495
v 7.976816 -6.202106 6.187371
v 7.976816 -6.093248 6.081299
v 7.976816 -5.986289 5.973312
v 7.976816 -5.881263 5.863445
v 7.976816 -5.778203 5.751731
v 7.976816 -5.677142 5.638205
v 7.976816 -5.578111 5.522905
v 7.976816 -5.481141 5.405865
v 7.976816 -5.386264 5.287123
v 7.976816 -5.293508 5.166716
v 7.976816 -5.202904 5.044683
v 7.976816 -5.114479 4.921060
v 7.976816 -5.028262 4.795889
v 7.976816 -4.944280 4.669207
v 7.976816 -4.862558 4.541055
v 7.976816 -4.783124 4.411472
v 7.976816 -4.706001 4.280501
v 7.976816 -4.631215 4.148182
v 7.976816 -4.558788 4.014557
v 7.976816 -4.488743 3.879667
v 7.976816 -4.421103 3.743556
v 7.976816 -4.355890 3.606267
v 7.976816 -4.293122 3.467841
v 7.976816 -4.232820 3.328324
v 7.976816 -4.175004 3.187758
v 7.976816 -4.119691 3.046189
v 7.976816 -4.066899 2.903661
v 7.976816 -4.016644 2.760218
v 7.976816 -3.968943 2.615906
v 7.976816 -3.923809 2.470770
v 7.976816 -3.881258 2.324857
v 7.976816 -3.841303 2.178211
v 7.976816 -3.803957 2.030879
v 7.976816 -3.769230 1.882908
v 7.976816 -3.737135 1.734344
v 7.976816 -3.707680 1.585234
v 7.976816 -3.680877 1.435625
v 7.976816 -3.656732 1.285564
v 7.976816 -3.635254 1.135098
v 7.976816 -3.616449 0.984274
v 7.976816 -3.600323 0.833140
v 7.976816 -3.586882 0.681745
v 7.976816 -3.576129 0.530134
v 7.976816 -3.568068 0.378357
v 7.976816 -3.562702 0.226460
v 7.976816 -3.560031 0.074492
v 7.976816 -3.560058 -0.077499
v 7.976816 -3.562782 -0.229466
v 7.976816 -3.568202 -0.381361
v 7.976816 -3.576316 -0.533135
v 7.976816 -3.587122 -0.684742
v 7.976816 -3.600616 -0.836133
v 7.976816 -3.616795 -0.987261
v 7.976816 -3.635653 -1.138078
v 7.976816 -3.657184 -1.288537
v 7.976816 -3.681381 -1.438589
v 7.976816 -3.708237 -1.588189
v 7.976816 -3.737744 -1.737289
v 7.976816 -3.769892 -1.885842
v 7.976816 -3.804670 -2.033801
v 7.976816 -3.842068 -2.181119
v 7.976816 -3.882075 -2.327751
v 7.976816 -3.924677 -2.473649
v 7.976816 -3.969861 -2.618769
v 7.976816 -4.017614 -2.763064
v 7.976816 -4.067919 -2.906489
v 7.976816 -4.120761 -3.048999
v 7.976816 -4.176124 -3.190549
v 7.976816 -4.233989 -3.331094
v 7.976816 -4.294340 -3.470590
v 7.976816 -4.357156 -3.608994
v 7.976816 -4.422418 -3.746261
v 7.976816 -4.490106 -3.882348
v 7.976816 -4.560198 -4.017213
v 7.976816 -4.632671 -4.150813
v 7.976816 -4.707504 -4.283106
v 7.976816 -4.784673 -4.414050
v 7.976816 -4.864153 -4.543604
v 7.976816 -4.945919 -4.671727
v 7.976816 -5.029946 -4.798380
v 7.976816 -5.116207 -4.923521
v 7.976816 -5.204675 -5.047112
v 7.976816 -5.295323 -5.169114
v 7.976816 -5.388120 -5.289489
v 7.976816 -5.483039 -5.408197
v 7.976816 -5.580050 -5.525203
v 7.976816 -5.679122 -5.640469
v 7.976816 -5.780223 -5.753958
v 7.976816 -5.883322 -5.865636
v 7.976816 -5.988386 -5.975467
v 7.976816 -6.095383 -6.083416
v 7.976816 -6.204279 -6.189450
v 7.976816 -6.315038 -6.293535
v 7.976816 -6.427628 -6.395638
v 7.976816 -6.542011 -6.495727
v 7.976816 -6.658152 -6.593771
v 7.976816 -6.776015 -6.689738
v 7.976816 -6.895562 -6.783599
v 8.089201 -13.039910 8.602542
v 8.089201 -12.887120 8.617422
v 8.089201 -12.734089 8.629588
v 8.089201 -12.580867 8.639038
v 8.089201 -12.427502 8.645766
v 8.089201 -12.274041 8.649773
v 8.089201 -12.120533 8.651056
v 8.089201 -11.967026 8.649614
v 8.089201 -11.813570 8.645449
v 8.089201 -11.660211 8.638562
v 8.089201 -11.506999 8.628955
v 8.089201 -11.353981 8.616630
v 8.089201 -11.201206 8.601592
v 8.089201 -11.048722 8.583846
v 8.089201 -10.896577 8.563397
v 8.089201 -10.744819 8.540251
v 8.089201 -10.593495 8.514416
v 8.089201 -10.442653 8.485900
v 8.089201 -10.292342 8.454712
v 8.089201 -10.142607 8.420861
v 8.089201 -9.993497 8.384359
v 8.089201 -9.845057 8.345217
v 8.089201 -9.697336 8.303447
v 8.089201 -9.550379 8.259062
v 8.089201 -9.404233 8.212077
v 8.089201 -9.258944 8.162506
v 8.089201 -9.114557 8.110365
v 8.089201 -8.971118 8.055670
v 8.089201 -8.828672 7.998438
v 8.089201 -8.687264 7.938687
v 8.089201 -8.546938 7.876437
v 8.089201 -8.407740 7.811707
v 8.089201 -8.269711 7.744516
v 8.089201 -8.132897 7.674888
v 8.089201 -7.997340 7.602842
v 8.089201 -7.863083 7.528403
v 8.089201 -7.730167 7.451592
v 8.089201 -7.598635 7.372436
v 8.089201 -7.468529 7.290958
v 8.089201 -7.339889 7.207184
v 8.089201 -7.212756 7.121141
v 8.089201 -7.087169 7.032855
v 8.089201 -6.963169 6.942355
v 8.089201 -6.840795 6.849669
v 8.089201 -6.720084 6.754825
v 8.089201 -6.601075 6.657855
v 8.089201 -6.483805 6.558789
v 8.089201 -6.368312 6.457657
v 8.089201 -6.254632 6.354492
v 8.089201 -6.142800 6.249325
v 8.089201 -6.032852 6.142191
v 8.089201 -5.924822 6.033123
v 8.089201 -5.818744 5.922155
v 8.089201 -5.714653 5.809323
v 8.089201 -5.612579 5.694661
v 8.089201 -5.512557 5.578206
v 8.089201 -5.414616 5.459994
v 8.089201 -5.318789 5.340063
v 8.089201 -5.225105 5.218451
v 8.089201 -5.133593 5.095195
v 8.089201 -5.044283 4.970335
v 8.089201 -4.957202 4.843910
v 8.089201 -4.872379 4.715960
v 8.089201 -4.789839 4.586524
v 8.089201 -4.709609 4.455645
v 8.089201 -4.631715 4.323362
v 8.089201 -4.556179 4.189718
v 8.089201 -4.483027 4.054755
v 8.089201 -4.412281 3.918515
v 8.089201 -4.343964 3.781041
v 8.089201 -4.278097 3.642376
v 8.089201 -4.214701 3.502565
v 8.089201 -4.153796 3.361650
v 8.089201 -4.095401 3.219677
v 8.089201 -4.039534 3.076691
v 8.089201 -3.986213 2.932735
v 8.089201 -3.935455 2.787856
v 8.089201 -3.887276 2.642099
v 8.089201 -3.841691 2.495510
v 8.089201 -3.798714 2.348135
v 8.089201 -3.758358 2.200021
v 8.089201 -3.720638 2.051215
v 8.089201 -3.685564 1.901762
v 8.089201 -3.653147 1.751710
v 8.089201 -3.623398 1.601107
v 8.089201 -3.596326 1.450000
v 8.089201 -3.571939 1.298436
v 8.089201 -3.550246 1.146463
v 8.089201 -3.531253 0.994130
v 8.089201 -3.514966 0.841483
v 8.089201 -3.501390 0.688571
v 8.089201 -3.490529 0.535442
v 8.089201 -3.482388 0.382145
v 8.089201 -3.476967 0.228728
v 8.089201 -3.474270 0.075238
v 8.089201 -3.474297 -0.078275
v 8.089201 -3.477048 -0.231764
v 8.089201 -3.482522 -0.385179
v 8.089201 -3.490718 -0.538474
v 8.089201 -3.501632 -0.691598
v 8.089201 -3.515262 -0.844505
v 8.089201 -3.531602 -0.997146
v 8.089201 -3.550649 -1.149474
v 8.089201 -3.572396 -1.301439
v 8.089201 -3.596835 -1.452994
v 8.089201 -3.623960 -1.604092
v 8.089201 -3.653762 -1.754684
v 8.089201 -3.686232 -1.904725
v 8.089201 -3.721358 -2.054165
v 8.089201 -3.759131 -2.202959
v 8.089201 -3.799538 -2.351058
v 8.089201 -3.842567 -2.498418
v 8.089201 -3.888204 -2.644991
v 8.089201 -3.936434 -2.790731
v 8.089201 -3.987243 -2.935592
v 8.089201 -4.040615 -3.079529
v 8.089201 -4.096532 -3.222496
v 8.089201 -4.154977 -3.364448
v 8.089201 -4.215931 -3.505341
v 8.089201 -4.279377 -3.645131
v 8.089201 -4.345292 -3.783772
v 8.089201 -4.413658 -3.921222
v 8.089201 -4.484451 -4.057437
v 8.089201 -4.557651 -4.192375
v 8.089201 -4.633233 -4.325992
v 8.089201 -4.711174 -4.458248
v 8.089201 -4.791450 -4.589099
v 8.089201 -4.874035 -4.718505
v 8.089201 -4.958903 -4.846426
v 8.089201 -5.046028 -4.972821
v 8.089201 -5.135382 -5.097649
v 8.089201 -5.226937 -5.220873
v 8.089201 -5.320664 -5.342452
v 8.089201 -5.416533 -5.462349
v 8.089201 -5.514515 -5.580527
v 8.089201 -5.614579 -5.696947
v 8.089201 -5.716692 -5.811573
v 8.089201 -5.820824 -5.924369
v 8.089201 -5.926940 -6.035300
v 8.089201 -6.035008 -6.144330
v 8.089201 -6.144994 -6.251425
v 8.089201 -6.256863 -6.356552
v 8.089201 -6.370580 -6.459677
v 8.089201 -6.486108 -6.560769
v 8.089201 -6.603413 -6.659794
v 8.199115 -12.894952 8.705983
v 8.199115 -12.740349 8.718275
v 8.199115 -12.585552 8.727821
v 8.199115 -12.430610 8.734619
v 8.199115 -12.275572 8.738667
v 8.199115 -12.120487 8.739963
v 8.199115 -11.965403 8.738507
v 8.199115 -11.810369 8.734299
v 8.199115 -11.655434 8.727341
v 8.199115 -11.500647 8.717635
v 8.199115 -11.346057 8.705184
v 8.199115 -11.191712 8.689991
v 8.199115 -11.037661 8.672063
v 8.199115 -10.883952 8.651403
v 8.199115 -10.730634 8.628019
v 8.199115 -10.577755 8.601919
v 8.199115 -10.425364 8.573110
v 8.199115 -10.273507 8.541601
v 8.199115 -10.122234 8.507403
v 8.199115 -9.971591 8.470526
v 8.199115 -9.821626 8.430981
v 8.199115 -9.672387 8.388782
v 8.199115 -9.523920 8.343941
v 8.199115 -9.376272 8.296473
v 8.199115 -9.229489 8.246393
v 8.199115 -9.083618 8.193715
v 8.199115 -8.938705 8.138458
v 8.199115 -8.794795 8.080638
v 8.199115 -8.651934 8.020274
v 8.199115 -8.510166 7.957384
v 8.199115 -8.369537 7.891988
v 8.199115 -8.230090 7.824107
v 8.199115 -8.091870 7.753763
v 8.199115 -7.954920 7.680977
v 8.199115 -7.819283 7.605772
v 8.199115 -7.685001 7.528173
v 8.199115 -7.552118 7.448203
v 8.199115 -7.420674 7.365887
v 8.199115 -7.290712 7.281252
v 8.199115 -7.162273 7.194325
v 8.199115 -7.035395 7.105132
v 8.199115 -6.910121 7.013702
v 8.199115 -6.786489 6.920063
v 8.199115 -6.664537 6.824245
v 8.199115 -6.544305 6.726278
v 8.199115 -6.425831 6.626194
v 8.199115 -6.309151 6.524023
v 8.199115 -6.194302 6.419797
v 8.199115 -6.081321 6.313550
v 8.199115 -5.970242 6.205315
v 8.199115 -5.861102 6.095126
v 8.199115 -5.753935 5.983018
v 8.199115 -5.648773 5.869025
v 8.199115 -5.545651 5.753185
v 8.199115 -5.444600 5.635533
v 8.199115 -5.345653 5.516107
v 8.199115 -5.248841 5.394943
v 8.199115 -5.154194 5.272081
v 8.199115 -5.061742 5.147559
v 8.199115 -4.971514 5.021415
v 8.199115 -4.883539 4.893691
v 8.199115 -4.797844 4.764426
v 8.199115 -4.714456 4.633660
v 8.199115 -4.633401 4.501435
v 8.199115 -4.554706 4.367793
v 8.199115 -4.478394 4.232776
v 8.199115 -4.404490 4.096426
v 8.199115 -4.333017 3.958785
v 8.199115 -4.263998 3.819899
v 8.199115 -4.197454 3.679809
v 8.199115 -4.133407 3.538561
v 8.199115 -4.071876 3.396198
v 8.199115 -4.012880 3.252766
v 8.199115 -3.956439 3.108310
v 8.199115 -3.902570 2.962875
v 8.199115 -3.851291 2.816507
v 8.199115 -3.802616 2.669252
v 8.199115 -3.756563 2.521157
v 8.199115 -3.713144 2.372267
v 8.199115 -3.672374 2.222631
v 8.199115 -3.634266 2.072295
v 8.199115 -3.598831 1.921306
v 8.199115 -3.566081 1.769713
v 8.199115 -3.536026 1.617562
v 8.199115 -3.508676 1.464902
v 8.199115 -3.484039 1.311780
v 8.199115 -3.462123 1.158246
v 8.199115 -3.442934 1.004346
v 8.199115 -3.426480 0.850131
v 8.199115 -3.412764 0.695647
v 8.199115 -3.401792 0.540945
v 8.199115 -3.393567 0.386073
v 8.199115 -3.388091 0.231078
v 8.199115 -3.385366 0.076011
v 8.199115 -3.385394 -0.079080
v 8.199115 -3.388173 -0.234146
v 8.199115 -3.393703 -0.389138
v 8.199115 -3.401983 -0.544008
v 8.199115 -3.413009 -0.698706
v 8.199115 -3.426779 -0.853184
v 8.199115 -3.443288 -1.007394
v 8.199115 -3.462530 -1.161287
v 8.199115 -3.484500 -1.314814
v 8.199115 -3.509191 -1.467926
v 8.199115 -3.536595 -1.620577
v 8.199115 -3.566703 -1.772717
v 8.199115 -3.599506 -1.924300
v 8.199115 -3.634994 -2.075276
v 8.199115 -3.673155 -2.225598
v 8.199115 -3.713977 -2.375220
v 8.199115 -3.757448 -2.524094
v 8.199115 -3.803554 -2.672174
v 8.199115 -3.852280 -2.819411
v 8.199115 -3.903611 -2.965761
v 8.199115 -3.957531 -3.111177
v 8.199115 -4.014023 -3.255614
v 8.199115 -4.073068 -3.399025
v 8.199115 -4.134649 -3.541366
v 8.199115 -4.198747 -3.682592
v 8.199115 -4.265340 -3.822658
v 8.199115 -4.334408 -3.961521
v 8.199115 -4.405929 -4.099136
v 8.199115 -4.479880 -4.235460
v 8.199115 -4.556240 -4.370451
v 8.199115 -4.634982 -4.504065
v 8.199115 -4.716083 -4.636261
v 8.199115 -4.799517 -4.766998
v 8.199115 -4.885257 -4.896233
v 8.199115 -4.973277 -5.023927
v 8.199115 -5.063550 -5.150038
v 8.199115 -5.156045 -5.274528
v 8.199115 -5.250735 -5.397357
v 8.199115 -5.347590 -5.518486
v 8.199115 -5.446579 -5.637878
v 8.199115 -5.547671 -5.755494
v 8.199115 -5.650834 -5.871299
v 8.199115 -5.756035 -5.985254
v 8.199115 -5.863243 -6.097325
v 8.199115 -5.972421 -6.207475
v 8.199115 -6.083537 -6.315671
v 8.199115 -6.196556 -6.421879
v 8.199115 -6.311441 -6.526064
v 8.199115 -6.428157 -6.628194
v 8.306472 -12.746825 8.810026
v 8.306472 -12.590399 8.819673
v 8.306472 -12.433827 8.826542
v 8.306472 -12.277157 8.830633
v 8.306472 -12.120439 8.831942
v 8.306472 -11.963723 8.830471
v 8.306472 -11.807058 8.826219
v 8.306472 -11.650493 8.819187
v 8.306472 -11.494077 8.809379
v 8.306472 -11.337860 8.796797
v 8.306472 -11.181890 8.781445
v 8.306472 -11.026218 8.763327
v 8.306472 -10.870892 8.742450
v 8.306472 -10.715960 8.718821
v 8.306472 -10.561472 8.692445
v 8.306472 -10.407477 8.663333
v 8.306472 -10.254022 8.631493
v 8.306472 -10.101157 8.596935
v 8.306472 -9.948929 8.559669
v 8.306472 -9.797386 8.519709
v 8.306472 -9.646576 8.477065
v 8.306472 -9.496546 8.431753
v 8.306472 -9.347344 8.383785
v 8.306472 -9.199017 8.333177
v 8.306472 -9.051611 8.279946
v 8.306472 -8.905173 8.224107
v 8.306472 -8.759748 8.165678
v 8.306472 -8.615384 8.104679
v 8.306472 -8.472124 8.041127
v 8.306472 -8.330015 7.975043
v 8.306472 -8.189100 7.906448
v 8.306472 -8.049426 7.835363
v 8.306472 -7.911034 7.761811
v 8.306472 -7.773969 7.685815
v 8.306472 -7.638275 7.607399
v 8.306472 -7.503993 7.526587
v 8.306472 -7.371166 7.443406
v 8.306472 -7.239836 7.357880
v 8.306472 -7.110045 7.270038
v 8.306472 -6.981833 7.179906
v 8.306472 -6.855240 7.087514
v 8.306472 -6.730306 6.992890
v 8.306472 -6.607071 6.896063
v 8.306472 -6.485574 6.797066
v 8.306472 -6.365853 6.695928
v 8.306472 -6.247945 6.592681
v 8.306472 -6.131887 6.487359
v 8.306472 -6.017717 6.379994
v 8.306472 -5.905470 6.270620
v 8.306472 -5.795181 6.159271
v 8.306472 -5.686886 6.045983
v 8.306472 -5.580617 5.930791
v 8.306472 -5.476410 5.813731
v 8.306472 -5.374296 5.694841
v 8.306472 -5.274308 5.574158
v 8.306472 -5.176476 5.451720
v 8.306472 -5.080833 5.327564
v 8.306472 -4.987408 5.201731
v 8.306472 -4.896231 5.074261
v 8.306472 -4.807330 4.945192
v 8.306472 -4.720733 4.814566
v 8.306472 -4.636467 4.682425
v 8.306472 -4.554560 4.548808
v 8.306472 -4.475036 4.413760
v 8.306472 -4.397921 4.277322
v 8.306472 -4.323240 4.139536
v 8.306472 -4.251015 4.000448
v 8.306472 -4.181269 3.860099
v 8.306472 -4.114025 3.718535
v 8.306472 -4.049303 3.575800
v 8.306472 -3.987125 3.431940
v 8.306472 -3.927508 3.286998
v 8.306472 -3.870473 3.141022
v 8.306472 -3.816038 2.994056
v 8.306472 -3.764218 2.846148
v 8.306472 -3.715032 2.697343
v 8.306472 -3.668493 2.547689
v 8.306472 -3.624618 2.397233
v 8.306472 -3.583419 2.246022
v 8.306472 -3.544909 2.094104
v 8.306472 -3.509102 1.941526
v 8.306472 -3.476007 1.788337
v 8.306472 -3.445636 1.634585
v 8.306472 -3.417998 1.480318
v 8.306472 -3.393102 1.325585
v 8.306472 -3.370955 1.170435
v 8.306472 -3.351565 1.014916
v 8.306472 -3.334937 0.859077
v 8.306472 -3.321077 0.702968
v 8.306472 -3.309989 0.546638
v 8.306472 -3.301678 0.390136
v 8.306472 -3.296144 0.233510
v 8.306472 -3.293391 0.076811
v 8.306472 -3.293418 -0.079912
v 8.306472 -3.296227 -0.236610
v 8.306472 -3.301815 -0.393233
v 8.306472 -3.310182 -0.549733
v 8.306472 -3.321324 -0.706059
v 8.306472 -3.335239 -0.862163
v 8.306472 -3.351921 -1.017996
v 8.306472 -3.371366 -1.173508
v 8.306472 -3.393568 -1.328651
v 8.306472 -3.418518 -1.483375
v 8.306472 -3.446211 -1.637632
v 8.306472 -3.476636 -1.791373
v 8.306472 -3.509784 -1.944551
v 8.306472 -3.545645 -2.097116
v 8.306472 -3.584208 -2.249021
v 8.306472 -3.625460 -2.400217
v 8.306472 -3.669388 -2.550658
v 8.306472 -3.715979 -2.700295
v 8.306472 -3.765218 -2.849083
v 8.306472 -3.817089 -2.996973
v 8.306472 -3.871577 -3.143919
v 8.306472 -3.928663 -3.289876
v 8.306472 -3.988330 -3.434796
v 8.306472 -4.050559 -3.578635
v 8.306472 -4.115331 -3.721347
v 8.306472 -4.182625 -3.862888
v 8.306472 -4.252420 -4.003212
v 8.306472 -4.324693 -4.142275
v 8.306472 -4.399423 -4.280034
v 8.306472 -4.476586 -4.416445
v 8.306472 -4.556157 -4.551466
v 8.306472 -4.638111 -4.685053
v 8.306472 -4.722423 -4.817166
v 8.306472 -4.809066 -4.947761
v 8.306472 -4.898013 -5.076798
v 8.306472 -4.989235 -5.204237
v 8.306472 -5.082704 -5.330037
v 8.306472 -5.178391 -5.454159
v 8.306472 -5.276265 -5.576563
v 8.306472 -5.376296 -5.697211
v 8.306472 -5.478451 -5.816065
v 8.306472 -5.582700 -5.933088
v 8.306472 -5.689009 -6.048243
v 8.306472 -5.797344 -6.161493
v 8.306472 -5.907672 -6.272803
v 8.306472 -6.019957 -6.382137
v 8.306472 -6.134165 -6.489462
v 8.411186 -12.753512 8.904768
v 8.411186 -12.595404 8.914518
v 8.411186 -12.437148 8.921462
v 8.411186 -12.278793 8.925596
v 8.411186 -12.120390 8.926920
v 8.411186 -11.961989 8.925433
v 8.411186 -11.803639 8.921135
v 8.411186 -11.645390 8.914028
v 8.411186 -11.487292 8.904114
v 8.411186 -11.329395 8.891396
v 8.411186 -11.171748 8.875879
v 8.411186 -11.014402 8.857567
v 8.411186 -10.857405 8.836465
v 8.411186 -10.700807 8.812582
v 8.411186 -10.544658 8.785923
v 8.411186 -10.389007 8.756497
v 8.411186 -10.233902 8.724315
v 8.411186 -10.079393 8.689385
v 8.411186 -9.925527 8.651719
v 8.411186 -9.772355 8.611329
v 8.411186 -9.619923 8.568227
v 8.411186 -9.468280 8.522427
v 8.411186 -9.317473 8.473943
v 8.411186 -9.167551 8.422791
v 8.411186 -9.018560 8.368987
v 8.411186 -8.870547 8.312548
v 8.411186 -8.723559 8.253491
v 8.411186 -8.577642 8.191835
v 8.411186 -8.432841 8.127600
v 8.411186 -8.289204 8.060806
v 8.411186 -8.146774 7.991473
v 8.411186 -8.005597 7.919624
v 8.411186 -7.865718 7.845281
v 8.411186 -7.727179 7.768468
v 8.411186 -7.590025 7.689208
v 8.411186 -7.454299 7.607527
v 8.411186 -7.320044 7.523451
v 8.411186 -7.187302 7.437006
v 8.411186 -7.056115 7.348219
v 8.411186 -6.926524 7.257118
v 8.411186 -6.798569 7.163732
v 8.411186 -6.672292 7.068090
v 8.411186 -6.547732 6.970223
v 8.411186 -6.424929 6.870160
v 8.411186 -6.303920 6.767935
v 8.411186 -6.184744 6.663578
v 8.411186 -6.067438 6.557123
v 8.411186 -5.952040 6.448603
v 8.411186 -5.838586 6.338053
v 8.411186 -5.727111 6.225507
v 8.411186 -5.617651 6.111001
v 8.411186 -5.510240 5.994570
v 8.411186 -5.404912 5.876252
v 8.411186 -5.301700 5.756083
v 8.411186 -5.200636 5.634102
v 8.411186 -5.101753 5.510347
v 8.411186 -5.005081 5.384856
v 8.411186 -4.910652 5.257670
v 8.411186 -4.818494 5.128829
v 8.411186 -4.728636 4.998372
v 8.411186 -4.641108 4.866342
v 8.411186 -4.555936 4.732779
v 8.411186 -4.473148 4.597726
v 8.411186 -4.392769 4.461225
v 8.411186 -4.314825 4.323319
v 8.411186 -4.239341 4.184052
v 8.411186 -4.166339 4.043468
v 8.411186 -4.095843 3.901610
v 8.411186 -4.027876 3.758524
v 8.411186 -3.962458 3.614254
v 8.411186 -3.899611 3.468846
v 8.411186 -3.839354 3.322346
v 8.411186 -3.781705 3.174800
v 8.411186 -3.726684 3.026254
v 8.411186 -3.674308 2.876755
v 8.411186 -3.624592 2.726350
v 8.411186 -3.577553 2.575087
v 8.411186 -3.533206 2.423013
v 8.411186 -3.491564 2.270176
v 8.411186 -3.452640 2.116624
v 8.411186 -3.416448 1.962405
v 8.411186 -3.382997 1.807569
v 8.411186 -3.352299 1.652163
v 8.411186 -3.324364 1.496237
v 8.411186 -3.299200 1.339840
v 8.411186 -3.276815 1.183022
v 8.411186 -3.257216 1.025830
v 8.411186 -3.240410 0.868316
v 8.411186 -3.226401 0.710528
v 8.411186 -3.215194 0.552517
v 8.411186 -3.206793 0.394331
v 8.411186 -3.201200 0.236021
v 8.411186 -3.198417 0.077637
v 8.411186 -3.198444 -0.080771
v 8.411186 -3.201283 -0.239154
v 8.411186 -3.206932 -0.397462
v 8.411186 -3.215388 -0.555644
v 8.411186 -3.226651 -0.713652
v 8.411186 -3.240715 -0.871435
v 8.411186 -3.257577 -1.028943
v 8.411186 -3.277231 -1.186128
v 8.411186 -3.299671 -1.342939
v 8.411186 -3.324890 -1.499327
v 8.411186 -3.352880 -1.655243
v 8.411186 -3.383632 -1.810638
v 8.411186 -3.417137 -1.965462
v 8.411186 -3.453384 -2.119668
v 8.411186 -3.492361 -2.273206
v 8.411186 -3.534057 -2.426029
v 8.411186 -3.578458 -2.578087
v 8.411186 -3.625550 -2.729334
v 8.411186 -3.675318 -2.879721
v 8.411186 -3.727747 -3.029202
v 8.411186 -3.782820 -3.177729
v 8.411186 -3.840521 -3.325255
v 8.411186 -3.900829 -3.471734
v 8.411186 -3.963728 -3.617119
v 8.411186 -4.029196 -3.761366
v 8.411186 -4.097214 -3.904429
v 8.411186 -4.167759 -4.046262
v 8.411186 -4.240810 -4.186820
v 8.411186 -4.316344 -4.326061
v 8.411186 -4.394336 -4.463939
v 8.411186 -4.474763 -4.600412
v 8.411186 -4.557598 -4.735436
v 8.411186 -4.642817 -4.868969
v 8.411186 -4.730392 -5.000968
v 8.411186 -4.820295 -5.131393
v 8.411186 -4.912498 -5.260203
v 8.411186 -5.006972 -5.387355
v 8.411186 -5.103688 -5.512812
v 8.411186 -5.202614 -5.636532
v 8.411186 -5.303721 -5.758478
v 8.411186 -5.406975 -5.878610
v 8.411186 -5.512345 -5.996892
v 8.411186 -5.619797 -6.113285
v 8.411186 -5.729297 -6.227753
v 8.411186 -5.840811 -6.340260
v 8.411186 -5.954304 -6.450770
v 8.513173 -12.600563 9.012282
v 8.513173 -12.440571 9.019302
v 8.513173 -12.280480 9.023482
v 8.513173 -12.120340 9.024820
v 8.513173 -11.960201 9.023316
v 8.513173 -11.800114 9.018971
v 8.513173 -11.640130 9.011786
v 8.513173 -11.480298 9.001764
v 8.513173 -11.320669 8.988907
v 8.513173 -11.161294 8.973219
v 8.513173 -11.002222 8.954706
v 8.513173 -10.843503 8.933373
v 8.513173 -10.685189 8.909228
v 8.513173 -10.527327 8.882276
v 8.513173 -10.369968 8.852528
v 8.513173 -10.213163 8.819993
v 8.513173 -10.056959 8.784680
v 8.513173 -9.901406 8.746601
v 8.513173 -9.746554 8.705767
v 8.513173 -9.592450 8.662193
v 8.513173 -9.439144 8.615891
v 8.513173 -9.286684 8.566875
v 8.513173 -9.135117 8.515163
v 8.513173 -8.984492 8.460769
v 8.513173 -8.834856 8.403710
v 8.513173 -8.686256 8.344006
v 8.513173 -8.538738 8.281674
v 8.513173 -8.392350 8.216734
v 8.513173 -8.247137 8.149207
v 8.513173 -8.103146 8.079114
v 8.513173 -7.960421 8.006477
v 8.513173 -7.819007 7.931319
v 8.513173 -7.678949 7.853663
v 8.513173 -7.540291 7.773534
v 8.513173 -7.403076 7.690958
v 8.513173 -7.267349 7.605960
v 8.513173 -7.133151 7.518566
v 8.513173 -7.000525 7.428806
v 8.513173 -6.869513 7.336706
v 8.513173 -6.740155 7.242295
v 8.513173 -6.612493 7.145605
v 8.513173 -6.486567 7.046664
v 8.513173 -6.362417 6.945504
v 8.513173 -6.240081 6.842158
v 8.513173 -6.119598 6.736656
v 8.513173 -6.001006 6.629034
v 8.513173 -5.884342 6.519324
v 8.513173 -5.769644 6.407561
v 8.513173 -5.656947 6.293781
v 8.513173 -5.546286 6.178019
v 8.513173 -5.437697 6.060311
v 8.513173 -5.331214 5.940695
v 8.513173 -5.226870 5.819209
v 8.513173 -5.124698 5.695890
v 8.513173 -5.024730 5.570778
v 8.513173 -4.926998 5.443911
v 8.513173 -4.831533 5.315330
v 8.513173 -4.738364 5.185076
v 8.513173 -4.647522 5.053188
v 8.513173 -4.559034 4.919710
v 8.513173 -4.472928 4.784682
v 8.513173 -4.389232 4.648148
v 8.513173 -4.307971 4.510150
v 8.513173 -4.229172 4.370732
v 8.513173 -4.152860 4.229938
v 8.513173 -4.079058 4.087812
v 8.513173 -4.007789 3.944398
v 8.513173 -3.939076 3.799743
v 8.513173 -3.872941 3.653891
v 8.513173 -3.809405 3.506888
v 8.513173 -3.748486 3.358782
v 8.513173 -3.690206 3.209617
v 8.513173 -3.634581 3.059442
v 8.513173 -3.581630 2.908304
v 8.513173 -3.531370 2.756249
v 8.513173 -3.483815 2.603327
v 8.513173 -3.438981 2.449585
v 8.513173 -3.396882 2.295072
v 8.513173 -3.357532 2.139836
v 8.513173 -3.320942 1.983926
v 8.513173 -3.287125 1.827392
v 8.513173 -3.256091 1.670282
v 8.513173 -3.227849 1.512646
v 8.513173 -3.202409 1.354534
v 8.513173 -3.179778 1.195996
v 8.513173 -3.159965 1.037080
v 8.513173 -3.142974 0.877839
v 8.513173 -3.128811 0.718320
v 8.513173 -3.117482 0.558576
v 8.513173 -3.108988 0.398656
v 8.513173 -3.103334 0.238610
v 8.513173 -3.100520 0.078489
v 8.513173 -3.100548 -0.081657
v 8.513173 -3.103418 -0.241777
v 8.513173 -3.109129 -0.401821
v 8.513173 -3.117678 -0.561738
v 8.513173 -3.129064 -0.721479
v 8.513173 -3.143283 -0.880992
v 8.513173 -3.160329 -1.040228
v 8.513173 -3.180199 -1.199136
v 8.513173 -3.202885 -1.357667
v 8.513173 -3.228381 -1.515770
v 8.513173 -3.256678 -1.673396
v 8.513173 -3.287767 -1.830495
v 8.513173 -3.321639 -1.987017
v 8.513173 -3.358284 -2.142914
v 8.513173 -3.397689 -2.298136
v 8.513173 -3.439842 -2.452635
v 8.513173 -3.484729 -2.606361
v 8.513173 -3.532338 -2.759266
v 8.513173 -3.582652 -2.911303
v 8.513173 -3.635656 -3.062423
v 8.513173 -3.691333 -3.212578
v 8.513173 -3.749666 -3.361722
v 8.513173 -3.810636 -3.509808
v 8.513173 -3.874224 -3.656788
v 8.513173 -3.940411 -3.802617
v 8.513173 -4.009174 -3.947248
v 8.513173 -4.080493 -4.090636
v 8.513173 -4.154345 -4.232737
v 8.513173 -4.230707 -4.373504
v 8.513173 -4.309555 -4.512894
v 8.513173 -4.390864 -4.650864
v 8.513173 -4.474608 -4.787369
v 8.513173 -4.560761 -4.922366
v 8.513173 -4.649296 -5.055813
v 8.513173 -4.740185 -5.187669
v 8.513173 -4.833400 -5.317890
v 8.513173 -4.928910 -5.446438
v 8.513173 -5.026686 -5.573270
v 8.513173 -5.126698 -5.698347
v 8.513173 -5.228913 -5.821630
v 8.513173 -5.333300 -5.943080
v 8.513173 -5.439825 -6.062659
v 8.513173 -5.548455 -6.180328
v 8.513173 -5.659157 -6.296051
v 8.612351 -12.444094 9.119985
v 8.612351 -12.282216 9.124211
v 8.612351 -12.120288 9.125564
v 8.612351 -11.958362 9.124044
v 8.612351 -11.796488 9.119650
v 8.612351 -11.634717 9.112385
v 8.612351 -11.473101 9.102251
v 8.612351 -11.311691 9.089250
v 8.612351 -11.150536 9.073388
v 8.612351 -10.989688 9.054668
v 8.612351 -10.829198 9.033097
v 8.612351 -10.669116 9.008681
v 8.612351 -10.509492 8.981429
v 8.612351 -10.350377 8.951349
v 8.612351 -10.191821 8.918450
v 8.612351 -10.033873 8.882743
v 8.612351 -9.876584 8.844239
v 8.612351 -9.720003 8.802950
v 8.612351 -9.564179 8.758889
v 8.612351 -9.409162 8.712070
v 8.612351 -9.255000 8.662508
v 8.612351 -9.101741 8.610218
v 8.612351 -8.949435 8.555216
v 8.612351 -8.798128 8.497521
v 8.612351 -8.647869 8.437150
v 8.612351 -8.498705 8.374122
v 8.612351 -8.350683 8.308458
v 8.612351 -8.203849 8.240177
v 8.612351 -8.058250 8.169301
v 8.612351 -7.913931 8.095853
v 8.612351 -7.770939 8.019856
v 8.612351 -7.629317 7.941334
v 8.612351 -7.489112 7.860310
v 8.612351 -7.350366 7.776812
v 8.612351 -7.213123 7.690865
v 8.612351 -7.077427 7.602496
v 8.612351 -6.943321 7.511733
v 8.612351 -6.810846 7.418605
v 8.612351 -6.680044 7.323141
v 8.612351 -6.550957 7.225371
v 8.612351 -6.423626 7.125326
v 8.612351 -6.298089 7.023037
v 8.612351 -6.174387 6.918537
v 8.612351 -6.052559 6.811858
v 8.612351 -5.932644 6.703034
v 8.612351 -5.814678 6.592099
v 8.612351 -5.698699 6.479089
v 8.612351 -5.584744 6.364039
v 8.612351 -5.472848 6.246984
v 8.612351 -5.363047 6.127963
v 8.612351 -5.255375 6.007012
v 8.612351 -5.149866 5.884169
v 8.612351 -5.046553 5.759473
v 8.612351 -4.945470 5.632964
v 8.612351 -4.846647 5.504681
v 8.612351 -4.750116 5.374665
v 8.612351 -4.655907 5.242957
v 8.612351 -4.564051 5.109597
v 8.612351 -4.474575 4.974629
v 8.612351 -4.387508 4.838094
v 8.612351 -4.302877 4.700036
v 8.612351 -4.220710 4.560497
v 8.612351 -4.141031 4.419523
v 8.612351 -4.063867 4.277157
v 8.612351 -3.989241 4.133444
v 8.612351 -3.917176 3.988430
v 8.612351 -3.847697 3.842160
v 8.612351 -3.780823 3.694679
v 8.612351 -3.716577 3.546036
v 8.612351 -3.654979 3.396276
v 8.612351 -3.596048 3.245446
v 8.612351 -3.539803 3.093595
v 8.612351 -3.486261 2.940769
v 8.612351 -3.435439 2.787017
v 8.612351 -3.387353 2.632388
v 8.612351 -3.342019 2.476930
v 8.612351 -3.299450 2.320692
v 8.612351 -3.259661 2.163723
v 8.612351 -3.222663 2.006073
v 8.612351 -3.188468 1.847791
v 8.612351 -3.157087 1.688928
v 8.612351 -3.128530 1.529532
v 8.612351 -3.102806 1.369655
v 8.612351 -3.079923 1.209347
v 8.612351 -3.059888 1.048657
v 8.612351 -3.042707 0.887638
v 8.612351 -3.028387 0.726339
v 8.612351 -3.016931 0.564811
v 8.612351 -3.008342 0.403106
v 8.612351 -3.002625 0.241273
v 8.612351 -2.999780 0.079365
v 8.612351 -2.999808 -0.082568
v 8.612351 -3.002710 -0.244476
v 8.612351 -3.008484 -0.406306
v 8.612351 -3.017129 -0.568009
v 8.612351 -3.028642 -0.729532
v 8.612351 -3.043020 -0.890826
v 8.612351 -3.060257 -1.051840
v 8.612351 -3.080348 -1.212522
v 8.612351 -3.103287 -1.372822
v 8.612351 -3.129068 -1.532690
v 8.612351 -3.157680 -1.692076
v 8.612351 -3.189117 -1.850928
v 8.612351 -3.223367 -2.009198
v 8.612351 -3.260421 -2.166835
v 8.612351 -3.300265 -2.323790
v 8.612351 -3.342889 -2.480013
v 8.612351 -3.388278 -2.635456
v 8.612351 -3.436418 -2.790068
v 8.612351 -3.487294 -2.943802
v 8.612351 -3.540889 -3.096609
v 8.612351 -3.597188 -3.248440
v 8.612351 -3.656172 -3.399249
v 8.612351 -3.717823 -3.548988
v 8.612351 -3.782121 -3.697609
v 8.612351 -3.849046 -3.845065
v 8.612351 -3.918577 -3.991311
v 8.612351 -3.990692 -4.136300
v 8.612351 -4.065369 -4.279987
v 8.612351 -4.142583 -4.422326
v 8.612351 -4.222311 -4.563272
v 8.612351 -4.304528 -4.702781
v 8.612351 -4.389207 -4.840810
v 8.612351 -4.476321 -4.977314
v 8.612351 -4.565845 -5.112251
v 8.612351 -4.657748 -5.245579
v 8.612351 -4.752003 -5.377254
v 8.612351 -4.848580 -5.507236
v 8.612351 -4.947448 -5.635484
v 8.612351 -5.048576 -5.761958
v 8.612351 -5.151932 -5.886617
v 8.612351 -5.257484 -6.009423
v 8.612351 -5.365198 -6.130336
v 8.612351 -5.475041 -6.249319
v 8.708641 -12.447713 9.223429
v 8.708641 -12.283999 9.227703
v 8.708641 -12.120234 9.229072
v 8.708641 -11.956471 9.227534
v 8.708641 -11.792762 9.223091
v 8.708641 -11.629156 9.215743
v 8.708641 -11.465707 9.205494
v 8.708641 -11.302466 9.192346
v 8.708641 -11.139483 9.176303
v 8.708641 -10.976811 9.157371
v 8.708641 -10.814500 9.135556
v 8.708641 -10.652602 9.110864
v 8.708641 -10.491168 9.083302
v 8.708641 -10.330248 9.052881
v 8.708641 -10.169893 9.019609
v 8.708641 -10.010154 8.983497
v 8.708641 -9.851081 8.944556
v 8.708641 -9.692724 8.902799
v 8.708641 -9.535133 8.858238
v 8.708641 -9.378357 8.810888
v 8.708641 -9.222446 8.760763
v 8.708641 -9.067449 8.707880
v 8.708641 -8.913415 8.652255
v 8.708641 -8.760393 8.593905
v 8.708641 -8.608429 8.532849
v 8.708641 -8.457573 8.469107
v 8.708641 -8.307872 8.402697
v 8.708641 -8.159373 8.333642
v 8.708641 -8.012122 8.261963
v 8.708641 -7.866167 8.187682
v 8.708641 -7.721552 8.110822
v 8.708641 -7.578325 8.031409
v 8.708641 -7.436528 7.949467
v 8.708641 -7.296209 7.865022
v 8.708641 -7.157409 7.778100
v 8.708641 -7.020174 7.688728
v 8.708641 -6.884547 7.596936
v 8.708641 -6.750569 7.502752
v 8.708641 -6.618284 7.406205
v 8.708641 -6.487733 7.307326
v 8.708641 -6.358957 7.206146
v 8.708641 -6.231997 7.102697
v 8.708641 -6.106892 6.997011
v 8.708641 -5.983682 6.889122
v 8.708641 -5.862406 6.779064
v 8.708641 -5.743102 6.666871
v 8.708641 -5.625808 6.552579
v 8.708641 -5.510560 6.436223
v 8.708641 -5.397395 6.317841
v 8.708641 -5.286348 6.197470
v 8.708641 -5.177455 6.075147
v 8.708641 -5.070749 5.950911
v 8.708641 -4.966265 5.824801
v 8.708641 -4.864035 5.696857
v 8.708641 -4.764091 5.567119
v 8.708641 -4.666466 5.435628
v 8.708641 -4.571188 5.302426
v 8.708641 -4.478290 5.167553
v 8.708641 -4.387799 5.031054
v 8.708641 -4.299744 4.892971
v 8.708641 -4.214154 4.753346
v 8.708641 -4.131054 4.612225
v 8.708641 -4.050472 4.469652
v 8.708641 -3.972432 4.325671
v 8.708641 -3.896960 4.180328
v 8.708641 -3.824078 4.033669
v 8.708641 -3.753810 3.885740
v 8.708641 -3.686178 3.736587
v 8.708641 -3.621204 3.586257
v 8.708641 -3.558907 3.434798
v 8.708641 -3.499308 3.282258
v 8.708641 -3.442424 3.128684
v 8.708641 -3.388275 2.974125
v 8.708641 -3.336876 2.818630
v 8.708641 -3.288245 2.662246
v 8.708641 -3.242397 2.505025
v 8.708641 -3.199345 2.347015
v 8.708641 -3.159104 2.188266
v 8.708641 -3.121687 2.028827
v 8.708641 -3.087104 1.868750
v 8.708641 -3.055367 1.708084
v 8.708641 -3.026486 1.546881
v 8.708641 -3.000471 1.385190
v 8.708641 -2.977328 1.223064
v 8.708641 -2.957066 1.060552
v 8.708641 -2.939690 0.897706
v 8.708641 -2.925207 0.734578
v 8.708641 -2.913621 0.571218
v 8.708641 -2.904936 0.407678
v 8.708641 -2.899153 0.244010
v 8.708641 -2.896276 0.080265
v 8.708641 -2.896305 -0.083505
v 8.708641 -2.899239 -0.247249
v 8.708641 -2.905079 -0.410915
v 8.708641 -2.913822 -0.574451
v 8.708641 -2.925466 -0.737807
v 8.708641 -2.940006 -0.900931
v 8.708641 -2.957439 -1.063770
v 8.708641 -2.977758 -1.226275
v 8.708641 -3.000957 -1.388394
v 8.708641 -3.027030 -1.550075
v 8.708641 -3.055968 -1.711268
v 8.708641 -3.087761 -1.871923
v 8.708641 -3.122400 -2.031988
v 8.708641 -3.159873 -2.191413
v 8.708641 -3.200170 -2.350148
v 8.708641 -3.243277 -2.508143
v 8.708641 -3.289180 -2.665349
v 8.708641 -3.337866 -2.821715
v 8.708641 -3.389319 -2.977192
v 8.708641 -3.443523 -3.131732
v 8.708641 -3.500460 -3.285286
v 8.708641 -3.560113 -3.437806
v 8.708641 -3.622463 -3.589242
v 8.708641 -3.687491 -3.739549
v 8.708641 -3.755175 -3.888678
v 8.708641 -3.825495 -4.036583
v 8.708641 -3.898428 -4.183217
v 8.708641 -3.973951 -4.328533
v 8.708641 -4.052042 -4.472486
v 8.708641 -4.132674 -4.615031
v 8.708641 -4.215823 -4.756123
v 8.708641 -4.301462 -4.895717
v 8.708641 -4.389565 -5.033770
v 8.708641 -4.480104 -5.170238
v 8.708641 -4.573050 -5.305077
v 8.708641 -4.668374 -5.438246
v 8.708641 -4.766046 -5.569703
v 8.708641 -4.866036 -5.699406
v 8.708641 -4.968311 -5.827314
v 8.708641 -5.072839 -5.953387
v 8.708641 -5.179588 -6.077585
v 8.801967 -12.285828 9.333876
v 8.801967 -12.120179 9.335261
v 8.801967 -11.954532 9.333705
v 8.801967 -11.788939 9.329211
v 8.801967 -11.623451 9.321779
v 8.801967 -11.458121 9.311412
v 8.801967 -11.293002 9.298112
v 8.801967 -11.128144 9.281885
v 8.801967 -10.963600 9.262735
v 8.801967 -10.799422 9.240669
v 8.801967 -10.635661 9.215692
v 8.801967 -10.472369 9.187814
v 8.801967 -10.309598 9.157043
v 8.801967 -10.147398 9.123388
v 8.801967 -9.985821 9.086860
v 8.801967 -9.824918 9.047471
v 8.801967 -9.664739 9.005233
v 8.801967 -9.505334 8.960160
v 8.801967 -9.346755 8.912265
v 8.801967 -9.189050 8.861564
v 8.801967 -9.032270 8.808072
v 8.801967 -8.876463 8.751807
v 8.801967 -8.721680 8.692786
v 8.801967 -8.567968 8.631027
v 8.801967 -8.415376 8.566551
v 8.801967 -8.263952 8.499378
v 8.801967 -8.113745 8.429528
v 8.801967 -7.964800 8.357024
v 8.801967 -7.817165 8.281888
v 8.801967 -7.670887 8.204145
v 8.801967 -7.526011 8.123818
v 8.801967 -7.382583 8.040933
v 8.801967 -7.240649 7.955516
v 8.801967 -7.100253 7.867594
v 8.801967 -6.961439 7.777194
v 8.801967 -6.824251 7.684346
v 8.801967 -6.688732 7.589078
v 8.801967 -6.554924 7.491420
v 8.801967 -6.422871 7.391403
v 8.801967 -6.292614 7.289059
v 8.801967 -6.164192 7.184420
v 8.801967 -6.037648 7.077518
v 8.801967 -5.913021 6.968388
v 8.801967 -5.790349 6.857063
v 8.801967 -5.669673 6.743579
v 8.801967 -5.551029 6.627972
v 8.801967 -5.434455 6.510278
v 8.801967 -5.319988 6.390534
v 8.801967 -5.207663 6.268777
v 8.801967 -5.097517 6.145047
v 8.801967 -4.989584 6.019381
v 8.801967 -4.883898 5.891820
v 8.801967 -4.780491 5.762404
v 8.801967 -4.679398 5.631174
v 8.801967 -4.580648 5.498170
v 8.801967 -4.484275 5.363435
v 8.801967 -4.390307 5.227011
v 8.801967 -4.298775 5.088941
v 8.801967 -4.209708 4.949269
v 8.801967 -4.123132 4.808038
v 8.801967 -4.039077 4.665293
v 8.801967 -3.957567 4.521079
v 8.801967 -3.878630 4.375442
v 8.801967 -3.802289 4.228427
v 8.801967 -3.728569 4.080080
v 8.801967 -3.657492 3.930449
v 8.801967 -3.589082 3.779580
v 8.801967 -3.523360 3.627520
v 8.801967 -3.460347 3.474319
v 8.801967 -3.400061 3.320023
v 8.801967 -3.342523 3.164683
v 8.801967 -3.287751 3.008345
v 8.801967 -3.235761 2.851060
v 8.801967 -3.186571 2.692878
v 8.801967 -3.140195 2.533848
v 8.801967 -3.096648 2.374019
v 8.801967 -3.055944 2.213443
v 8.801967 -3.018096 2.052171
v 8.801967 -2.983115 1.890252
v 8.801967 -2.951013 1.727737
v 8.801967 -2.921800 1.564679
v 8.801967 -2.895485 1.401128
v 8.801967 -2.872076 1.237136
v 8.801967 -2.851580 1.072754
v 8.801967 -2.834005 0.908035
v 8.801967 -2.819356 0.743029
v 8.801967 -2.807636 0.577790
v 8.801967 -2.798851 0.412369
v 8.801967 -2.793002 0.246818
v 8.801967 -2.790091 0.081189
v 8.801967 -2.790120 -0.084466
v 8.801967 -2.793089 -0.250094
v 8.801967 -2.798996 -0.415643
v 8.801967 -2.807839 -0.581061
v 8.801967 -2.819617 -0.746296
v 8.801967 -2.834325 -0.911297
v 8.801967 -2.851958 -1.076010
v 8.801967 -2.872511 -1.240384
v 8.801967 -2.895977 -1.404368
v 8.801967 -2.922350 -1.567910
v 8.801967 -2.951620 -1.730958
v 8.801967 -2.983779 -1.893461
v 8.801967 -3.018817 -2.055368
v 8.801967 -3.056721 -2.216627
v 8.801967 -3.097482 -2.377189
v 8.801967 -3.141085 -2.537002
v 8.801967 -3.187517 -2.696016
v 8.801967 -3.236763 -2.854181
v 8.801967 -3.288808 -3.011447
v 8.801967 -3.343635 -3.167766
v 8.801967 -3.401227 -3.323086
v 8.801967 -3.461567 -3.477361
v 8.801967 -3.524634 -3.630540
v 8.801967 -3.590410 -3.782576
v 8.801967 -3.658873 -3.933421
v 8.801967 -3.730002 -4.083027
v 8.801967 -3.803774 -4.231348
v 8.801967 -3.880166 -4.378337
v 8.801967 -3.959155 -4.523946
v 8.801967 -4.040715 -4.668131
v 8.801967 -4.124821 -4.810847
v 8.801967 -4.211446 -4.952047
v 8.801967 -4.300562 -5.091688
v 8.801967 -4.392143 -5.229726
v 8.801967 -4.486158 -5.366117
v 8.801967 -4.582579 -5.500818
v 8.801967 -4.681375 -5.633787
v 8.801967 -4.782515 -5.764982
v 8.801967 -4.885966 -5.894362
v 8.801967 -4.991698 -6.021886
v 8.892253 -12.120123 9.444045
v 8.892253 -11.952546 9.442472
v 8.892253 -11.785023 9.437925
v 8.892253 -11.617607 9.430406
v 8.892253 -11.450350 9.419918
v 8.892253 -11.283306 9.406464
v 8.892253 -11.116527 9.390048
v 8.892253 -10.950066 9.370675
v 8.892253 -10.783975 9.348351
v 8.892253 -10.618306 9.323083
v 8.892253 -10.453111 9.294880
v 8.892253 -10.288443 9.263750
v 8.892253 -10.124353 9.229703
v 8.892253 -9.960893 9.192750
v 8.892253 -9.798115 9.152902
v 8.892253 -9.636069 9.110172
v 8.892253 -9.474807 9.064573
v 8.892253 -9.314379 9.016120
v 8.892253 -9.154837 8.964828
v 8.892253 -8.996230 8.910713
v 8.892253 -8.838608 8.853792
v 8.892253 -8.682020 8.794084
v 8.892253 -8.526517 8.731606
v 8.892253 -8.372148 8.666378
v 8.892253 -8.218959 8.598422
v 8.892253 -8.067001 8.527758
v 8.892253 -7.916321 8.454409
v 8.892253 -7.766965 8.378398
v 8.892253 -7.618983 8.299748
v 8.892253 -7.472419 8.218485
v 8.892253 -7.327320 8.134634
v 8.892253 -7.183731 8.048222
v 8.892253 -7.041699 7.959275
v 8.892253 -6.901267 7.867822
v 8.892253 -6.762481 7.773892
v 8.892253 -6.625382 7.677514
v 8.892253 -6.490016 7.578718
v 8.892253 -6.356424 7.477536
v 8.892253 -6.224648 7.373999
v 8.892253 -6.094730 7.268140
v 8.892253 -5.966712 7.159993
v 8.892253 -5.840632 7.049591
v 8.892253 -5.716531 6.936969
v 8.892253 -5.594448 6.822163
v 8.892253 -5.474422 6.705209
v 8.892253 -5.356489 6.586143
v 8.892253 -5.240688 6.465003
v 8.892253 -5.127055 6.341828
v 8.892253 -5.015625 6.216656
v 8.892253 -4.906434 6.089526
v 8.892253 -4.799516 5.960478
v 8.892253 -4.694905 5.829554
v 8.892253 -4.592633 5.696794
v 8.892253 -4.492733 5.562241
v 8.892253 -4.395237 5.425935
v 8.892253 -4.300174 5.287922
v 8.892253 -4.207576 5.148243
v 8.892253 -4.117470 5.006943
v 8.892253 -4.029886 4.864066
v 8.892253 -3.944851 4.719658
v 8.892253 -3.862392 4.573764
v 8.892253 -3.782534 4.426429
v 8.892253 -3.705304 4.277701
v 8.892253 -3.630724 4.127626
v 8.892253 -3.558820 3.976250
v 8.892253 -3.489612 3.823623
v 8.892253 -3.423124 3.669792
v 8.892253 -3.359376 3.514805
v 8.892253 -3.298389 3.358712
v 8.892253 -3.240180 3.201561
v 8.892253 -3.184770 3.043402
v 8.892253 -3.132174 2.884284
v 8.892253 -3.082410 2.724258
v 8.892253 -3.035494 2.563375
v 8.892253 -2.991439 2.401684
v 8.892253 -2.950261 2.239237
v 8.892253 -2.911972 2.076085
v 8.892253 -2.876584 1.912279
v 8.892253 -2.844108 1.747871
v 8.892253 -2.814554 1.582913
v 8.892253 -2.787932 1.417456
v 8.892253 -2.764251 1.251553
v 8.892253 -2.743516 1.085255
v 8.892253 -2.725736 0.918616
v 8.892253 -2.710916 0.751688
v 8.892253 -2.699060 0.584523
v 8.892253 -2.690172 0.417174
v 8.892253 -2.684255 0.249694
v 8.892253 -2.681311 0.082135
v 8.892253 -2.681340 -0.085450
v 8.892253 -2.684343 -0.253008
v 8.892253 -2.690319 -0.420486
v 8.892253 -2.699266 -0.587832
v 8.892253 -2.711180 -0.754993
v 8.892253 -2.726059 -0.921916
v 8.892253 -2.743898 -1.088549
v 8.892253 -2.764691 -1.254839
v 8.892253 -2.788431 -1.420734
v 8.892253 -2.815110 -1.586181
v 8.892253 -2.844722 -1.751129
v 8.892253 -2.877256 -1.915526
v 8.892253 -2.912701 -2.079319
v 8.892253 -2.951048 -2.242458
v 8.892253 -2.992283 -2.404890
v 8.892253 -3.036394 -2.566566
v 8.892253 -3.083367 -2.727433
v 8.892253 -3.133187 -2.887441
v 8.892253 -3.185839 -3.046540
v 8.892253 -3.241305 -3.204680
v 8.892253 -3.299568 -3.361810
v 8.892253 -3.360611 -3.517883
v 8.892253 -3.424413 -3.672847
v 8.892253 -3.490955 -3.826655
v 8.892253 -3.560216 -3.979258
v 8.892253 -3.632174 -4.130607
v 8.892253 -3.706806 -4.280657
v 8.892253 -3.784089 -4.429358
v 8.892253 -3.863998 -4.576664
v 8.892253 -3.946508 -4.722530
v 8.892253 -4.031594 -4.866908
v 8.892253 -4.119228 -5.009754
v 8.892253 -4.209383 -5.151022
v 8.892253 -4.302031 -5.290668
v 8.892253 -4.397142 -5.428649
v 8.892253 -4.494687 -5.564920
v 8.892253 -4.594634 -5.699438
v 8.892253 -4.696952 -5.832162
v 8.979428 -12.120066 9.555339
v 8.979428 -11.950514 9.553747
v 8.979428 -11.781016 9.549147
v 8.979428 -11.611627 9.541539
v 8.979428 -11.442400 9.530928
v 8.979428 -11.273387 9.517315
v 8.979428 -11.104643 9.500705
v 8.979428 -10.936220 9.481104
v 8.979428 -10.768171 9.458517
v 8.979428 -10.600550 9.432952
v 8.979428 -10.433409 9.404416
v 8.979428 -10.266800 9.372919
v 8.979428 -10.100776 9.338471
v 8.979428 -9.935390 9.301082
v 8.979428 -9.770693 9.260765
v 8.979428 -9.606738 9.217531
v 8.979428 -9.443576 9.171395
v 8.979428 -9.281258 9.122371
v 8.979428 -9.119835 9.070475
v 8.979428 -8.959359 9.015722
v 8.979428 -8.799879 8.958130
v 8.979428 -8.641447 8.897718
v 8.979428 -8.484111 8.834504
v 8.979428 -8.327922 8.768508
v 8.979428 -8.172928 8.699750
v 8.979428 -8.019179 8.628254
v 8.979428 -7.866723 8.554040
v 8.979428 -7.715608 8.477133
v 8.979428 -7.565881 8.397557
v 8.979428 -7.417590 8.315336
v 8.979428 -7.270781 8.230497
v 8.979428 -7.125501 8.143067
v 8.979428 -6.981795 8.053072
v 8.979428 -6.839708 7.960541
v 8.979428 -6.699286 7.865504
v 8.979428 -6.560572 7.767990
v 8.979428 -6.423610 7.668030
v 8.979428 -6.288444 7.565655
v 8.979428 -6.155115 7.460898
v 8.979428 -6.023667 7.353792
v 8.979428 -5.894139 7.244370
v 8.979428 -5.766574 7.132667
v 8.979428 -5.641010 7.018718
v 8.979428 -5.517489 6.902559
v 8.979428 -5.396048 6.784226
v 8.979428 -5.276726 6.663757
v 8.979428 -5.159560 6.541190
v 8.979428 -5.044588 6.416563
v 8.979428 -4.931845 6.289916
v 8.979428 -4.821367 6.161288
v 8.979428 -4.713189 6.030720
v 8.979428 -4.607345 5.898253
v 8.979428 -4.503868 5.763928
v 8.979428 -4.402791 5.627789
v 8.979428 -4.304145 5.489878
v 8.979428 -4.207962 5.350237
v 8.979428 -4.114272 5.208912
v 8.979428 -4.023105 5.065947
v 8.979428 -3.934489 4.921387
v 8.979428 -3.848452 4.775277
v 8.979428 -3.765021 4.627664
v 8.979428 -3.684222 4.478593
v 8.979428 -3.606081 4.328112
v 8.979428 -3.530623 4.176268
v 8.979428 -3.457871 4.023109
v 8.979428 -3.387848 3.868683
v 8.979428 -3.320577 3.713039
v 8.979428 -3.256078 3.556226
v 8.979428 -3.194371 3.398293
v 8.979428 -3.135477 3.239290
v 8.979428 -3.079413 3.079267
v 8.979428 -3.026198 2.918274
v 8.979428 -2.975847 2.756362
v 8.979428 -2.928378 2.593583
v 8.979428 -2.883805 2.429987
v 8.979428 -2.842141 2.265625
v 8.979428 -2.803401 2.100551
v 8.979428 -2.767595 1.934814
v 8.979428 -2.734737 1.768469
v 8.979428 -2.704835 1.601566
v 8.979428 -2.677899 1.434160
v 8.979428 -2.653938 1.266302
v 8.979428 -2.632960 1.098045
v 8.979428 -2.614970 0.929442
v 8.979428 -2.599975 0.760546
v 8.979428 -2.587980 0.591411
v 8.979428 -2.578987 0.422090
v 8.979428 -2.573000 0.252636
v 8.979428 -2.570021 0.083103
v 8.979428 -2.570051 -0.086457
v 8.979428 -2.573089 -0.255990
v 8.979428 -2.579136 -0.425442
v 8.979428 -2.588188 -0.594760
v 8.979428 -2.600243 -0.763890
v 8.979428 -2.615297 -0.932780
v 8.979428 -2.633346 -1.101377
v 8.979428 -2.654384 -1.269626
v 8.979428 -2.678403 -1.437476
v 8.979428 -2.705398 -1.604873
v 8.979428 -2.735358 -1.771765
v 8.979428 -2.768275 -1.938099
v 8.979428 -2.804139 -2.103823
v 8.979428 -2.842937 -2.268884
v 8.979428 -2.884658 -2.433231
v 8.979428 -2.929289 -2.596811
v 8.979428 -2.976816 -2.759574
v 8.979428 -3.027223 -2.921468
v 8.979428 -3.080495 -3.082442
v 8.979428 -3.136615 -3.242446
v 8.979428 -3.195565 -3.401428
v 8.979428 -3.257327 -3.559339
v 8.979428 -3.321881 -3.716130
v 8.979428 -3.389207 -3.871750
v 8.979428 -3.459284 -4.026151
v 8.979428 -3.532090 -4.179285
v 8.979428 -3.607601 -4.331102
v 8.979428 -3.685795 -4.481556
v 8.979428 -3.766646 -4.630598
v 8.979428 -3.850128 -4.778182
v 8.979428 -3.936217 -4.924262
v 8.979428 -4.024884 -5.068791
v 8.979428 -4.116102 -5.211724
v 8.979428 -4.209841 -5.353016
v 8.979428 -4.306073 -5.492623
v 8.979428 -4.404767 -5.630500
v 8.979428 -4.505892 -5.766604
v 9.063421 -11.948437 9.667442
v 9.063421 -11.776923 9.662787
v 9.063421 -11.605518 9.655089
v 9.063421 -11.434276 9.644351
v 9.063421 -11.263253 9.630576
v 9.063421 -11.092500 9.613769
v 9.063421 -10.922073 9.593934
v 9.063421 -10.752024 9.571078
v 9.063421 -10.582408 9.545209
v 9.063421 -10.413278 9.516334
v 9.063421 -10.244686 9.484462
v 9.063421 -10.076687 9.449604
v 9.063421 -9.909333 9.411770
v 9.063421 -9.742676 9.370973
v 9.063421 -9.576769 9.327225
v 9.063421 -9.411665 9.280540
v 9.063421 -9.247415 9.230932
v 9.063421 -9.084072 9.178418
v 9.063421 -8.921686 9.123014
v 9.063421 -8.760308 9.064737
v 9.063421 -8.599990 9.003605
v 9.063421 -8.440782 8.939639
v 9.063421 -8.282735 8.872858
v 9.063421 -8.125897 8.803282
v 9.063421 -7.970318 8.730935
v 9.063421 -7.816047 8.655838
v 9.063421 -7.663134 8.578016
v 9.063421 -7.511625 8.497492
v 9.063421 -7.361569 8.414293
v 9.063421 -7.213013 8.328445
v 9.063421 -7.066004 8.239974
v 9.063421 -6.920588 8.148908
v 9.063421 -6.776810 8.055276
v 9.063421 -6.634717 7.959108
v 9.063421 -6.494352 7.860433
v 9.063421 -6.355761 7.759284
v 9.063421 -6.218986 7.655691
v 9.063421 -6.084070 7.549687
v 9.063421 -5.951057 7.441306
v 9.063421 -5.819988 7.330582
v 9.063421 -5.690905 7.217550
v 9.063421 -5.563847 7.102245
v 9.063421 -5.438856 6.984703
v 9.063421 -5.315969 6.864962
v 9.063421 -5.195227 6.743060
v 9.063421 -5.076667 6.619034
v 9.063421 -4.960327 6.492924
v 9.063421 -4.846242 6.364769
v 9.063421 -4.734450 6.234611
v 9.063421 -4.624984 6.102489
v 9.063421 -4.517881 5.968445
v 9.063421 -4.413172 5.832522
v 9.063421 -4.310892 5.694763
v 9.063421 -4.211073 5.555210
v 9.063421 -4.113745 5.413908
v 9.063421 -4.018940 5.270901
v 9.063421 -3.926688 5.126235
v 9.063421 -3.837017 4.979954
v 9.063421 -3.749956 4.832106
v 9.063421 -3.665532 4.682735
v 9.063421 -3.583772 4.531890
v 9.063421 -3.504702 4.379619
v 9.063421 -3.428345 4.225968
v 9.063421 -3.354728 4.070986
v 9.063421 -3.283871 3.914722
v 9.063421 -3.215799 3.757226
v 9.063421 -3.150533 3.598547
v 9.063421 -3.088092 3.438734
v 9.063421 -3.028497 3.277839
v 9.063421 -2.971766 3.115912
v 9.063421 -2.917917 2.953003
v 9.063421 -2.866968 2.789165
v 9.063421 -2.818933 2.624448
v 9.063421 -2.773829 2.458905
v 9.063421 -2.731670 2.292588
v 9.063421 -2.692469 2.125548
v 9.063421 -2.656237 1.957840
v 9.063421 -2.622987 1.789515
v 9.063421 -2.592730 1.620626
v 9.063421 -2.565474 1.451227
v 9.063421 -2.541228 1.281371
v 9.063421 -2.519999 1.111112
v 9.063421 -2.501796 0.940503
v 9.063421 -2.486622 0.769597
v 9.063421 -2.474484 0.598450
v 9.063421 -2.465384 0.427113
v 9.063421 -2.459326 0.255643
v 9.063421 -2.456312 0.084092
v 9.063421 -2.456342 -0.087486
v 9.063421 -2.459416 -0.259036
v 9.063421 -2.465535 -0.430505
v 9.063421 -2.474694 -0.601837
v 9.063421 -2.486893 -0.772981
v 9.063421 -2.502127 -0.943881
v 9.063421 -2.520390 -1.114484
v 9.063421 -2.541678 -1.284736
v 9.063421 -2.565984 -1.454583
v 9.063421 -2.593299 -1.623972
v 9.063421 -2.623616 -1.792850
v 9.063421 -2.656925 -1.961164
v 9.063421 -2.693215 -2.128860
v 9.063421 -2.732475 -2.295885
v 9.063421 -2.774693 -2.462188
v 9.063421 -2.819855 -2.627715
v 9.063421 -2.867947 -2.792415
v 9.063421 -2.918954 -2.956235
v 9.063421 -2.972860 -3.119125
v 9.063421 -3.029648 -3.281032
v 9.063421 -3.089300 -3.441907
v 9.063421 -3.151796 -3.601697
v 9.063421 -3.217119 -3.760354
v 9.063421 -3.285246 -3.917826
v 9.063421 -3.356157 -4.074065
v 9.063421 -3.429829 -4.229020
v 9.063421 -3.506240 -4.382645
v 9.063421 -3.585364 -4.534889
v 9.063421 -3.667177 -4.685705
v 9.063421 -3.751653 -4.835045
v 9.063421 -3.838766 -4.982864
v 9.063421 -3.928488 -5.129113
v 9.063421 -4.020791 -5.273747
v 9.063421 -4.115646 -5.416720
v 9.063421 -4.213023 -5.557988
v 9.144166 -11.946318 9.783465
v 9.144166 -11.772745 9.778754
v 9.144166 -11.599283 9.770964
v 9.144166 -11.425987 9.760097
v 9.144166 -11.252910 9.746157
v 9.144166 -11.080109 9.729148
v 9.144166 -10.907636 9.709075
v 9.144166 -10.735547 9.685946
v 9.144166 -10.563895 9.659766
v 9.144166 -10.392735 9.630544
v 9.144166 -10.222120 9.598290
v 9.144166 -10.052104 9.563013
v 9.144166 -9.882741 9.524726
v 9.144166 -9.714084 9.483439
v 9.144166 -9.546187 9.439165
v 9.144166 -9.379101 9.391920
v 9.144166 -9.212880 9.341717
v 9.144166 -9.047576 9.288573
v 9.144166 -8.883241 9.232504
v 9.144166 -8.719927 9.173527
v 9.144166 -8.557685 9.111662
v 9.144166 -8.396566 9.046928
v 9.144166 -8.236622 8.979345
v 9.144166 -8.077901 8.908935
v 9.144166 -7.920456 8.835719
v 9.144166 -7.764334 8.759721
v 9.144166 -7.609585 8.680965
v 9.144166 -7.456258 8.599475
v 9.144166 -7.304401 8.515277
v 9.144166 -7.154062 8.428398
v 9.144166 -7.005289 8.338865
v 9.144166 -6.858127 8.246707
v 9.144166 -6.712624 8.151951
v 9.144166 -6.568825 8.054629
v 9.144166 -6.426776 7.954770
v 9.144166 -6.286521 7.852406
v 9.144166 -6.148105 7.747570
v 9.144166 -6.011570 7.640294
v 9.144166 -5.876961 7.530613
v 9.144166 -5.744319 7.418560
v 9.144166 -5.613686 7.304171
v 9.144166 -5.485104 7.187482
v 9.144166 -5.358612 7.068530
v 9.144166 -5.234251 6.947352
v 9.144166 -5.112060 6.823987
v 9.144166 -4.992077 6.698472
v 9.144166 -4.874340 6.570849
v 9.144166 -4.758886 6.441156
v 9.144166 -4.645752 6.309435
v 9.144166 -4.534973 6.175728
v 9.144166 -4.426584 6.040075
v 9.144166 -4.320619 5.902521
v 9.144166 -4.217111 5.763108
v 9.144166 -4.116094 5.621881
v 9.144166 -4.017598 5.478883
v 9.144166 -3.921656 5.334160
v 9.144166 -3.828296 5.187757
v 9.144166 -3.737549 5.039721
v 9.144166 -3.649443 4.890098
v 9.144166 -3.564006 4.738935
v 9.144166 -3.481265 4.586280
v 9.144166 -3.401245 4.432180
v 9.144166 -3.323973 4.276685
v 9.144166 -3.249471 4.119844
v 9.144166 -3.177765 3.961705
v 9.144166 -3.108876 3.802318
v 9.144166 -3.042826 3.641735
v 9.144166 -2.979635 3.480004
v 9.144166 -2.919325 3.317178
v 9.144166 -2.861913 3.153307
v 9.144166 -2.807418 2.988444
v 9.144166 -2.755857 2.822639
v 9.144166 -2.707247 2.655945
v 9.144166 -2.661602 2.488415
v 9.144166 -2.618936 2.320102
v 9.144166 -2.579264 2.151058
v 9.144166 -2.542598 1.981337
v 9.144166 -2.508949 1.810991
v 9.144166 -2.478328 1.640076
v 9.144166 -2.450745 1.468644
v 9.144166 -2.426208 1.296750
v 9.144166 -2.404725 1.124447
v 9.144166 -2.386303 0.951790
v 9.144166 -2.370948 0.778834
v 9.144166 -2.358663 0.605632
v 9.144166 -2.349454 0.432239
v 9.144166 -2.343324 0.258711
v 9.144166 -2.340273 0.085101
v 9.144166 -2.340304 -0.088536
v 9.144166 -2.343415 -0.262145
v 9.144166 -2.349607 -0.435671
v 9.144166 -2.358877 -0.609060
v 9.144166 -2.371222 -0.782258
v 9.144166 -2.386638 -0.955209
v 9.144166 -2.405121 -1.127859
v 9.144166 -2.426664 -1.300154
v 9.144166 -2.451261 -1.472040
v 9.144166 -2.478905 -1.643462
v 9.144166 -2.509586 -1.814367
v 9.144166 -2.543294 -1.984701
v 9.144166 -2.580020 -2.154409
v 9.144166 -2.619751 -2.323439
v 9.144166 -2.662476 -2.491737
v 9.144166 -2.708180 -2.659251
v 9.144166 -2.756849 -2.825928
v 9.144166 -2.808468 -2.991714
v 9.144166 -2.863021 -3.156559
v 9.144166 -2.920490 -3.320410
v 9.144166 -2.980858 -3.483215
v 9.144166 -3.044105 -3.644923
v 9.144166 -3.110211 -3.805483
v 9.144166 -3.179156 -3.964846
v 9.144166 -3.250918 -4.122959
v 9.144166 -3.325475 -4.279775
v 9.144166 -3.402802 -4.435243
v 9.144166 -3.482875 -4.589314
v 9.144166 -3.565670 -4.741940
v 9.144166 -3.651160 -4.893073
v 9.144166 -3.739319 -5.042665
v 9.144166 -3.830118 -5.190670
v 9.144166 -3.923529 -5.337040
v 9.144166 -4.019522 -5.481729
v 9.221598 -11.768487 9.896957
v 9.221598 -11.592928 9.889073
v 9.221598 -11.417537 9.878075
v 9.221598 -11.242369 9.863966
v 9.221598 -11.067478 9.846751
v 9.221598 -10.892921 9.826436
v 9.221598 -10.718751 9.803026
v 9.221598 -10.545025 9.776530
v 9.221598 -10.371795 9.746955
v 9.221598 -10.199118 9.714311
v 9.221598 -10.027048 9.678608
v 9.221598 -9.855638 9.639858
v 9.221598 -9.684942 9.598072
v 9.221598 -9.515015 9.553263
v 9.221598 -9.345910 9.505447
v 9.221598 -9.177679 9.454637
v 9.221598 -9.010377 9.400850
v 9.221598 -8.844056 9.344103
v 9.221598 -8.678767 9.284414
v 9.221598 -8.514564 9.221801
v 9.221598 -8.351498 9.156284
v 9.221598 -8.189620 9.087885
v 9.221598 -8.028981 9.016623
v 9.221598 -7.869632 8.942522
v 9.221598 -7.711623 8.865606
v 9.221598 -7.555004 8.785898
v 9.221598 -7.399824 8.703423
v 9.221598 -7.246131 8.618207
v 9.221598 -7.093975 8.530278
v 9.221598 -6.943403 8.439663
v 9.221598 -6.794463 8.346390
v 9.221598 -6.647201 8.250489
v 9.221598 -6.501664 8.151991
v 9.221598 -6.357898 8.050925
v 9.221598 -6.215947 7.947324
v 9.221598 -6.075858 7.841221
v 9.221598 -5.937673 7.732648
v 9.221598 -5.801436 7.621641
v 9.221598 -5.667191 7.508233
v 9.221598 -5.534979 7.392462
v 9.221598 -5.404843 7.274362
v 9.221598 -5.276822 7.153972
v 9.221598 -5.150958 7.031330
v 9.221598 -5.027290 6.906473
v 9.221598 -4.905856 6.779441
v 9.221598 -4.786696 6.650275
v 9.221598 -4.669847 6.519015
v 9.221598 -4.555345 6.385702
v 9.221598 -4.443227 6.250378
v 9.221598 -4.333528 6.113086
v 9.221598 -4.226282 5.973869
v 9.221598 -4.121523 5.832771
v 9.221598 -4.019285 5.689836
v 9.221598 -3.919598 5.545110
v 9.221598 -3.822496 5.398638
v 9.221598 -3.728008 5.250465
v 9.221598 -3.636164 5.100640
v 9.221598 -3.546993 4.949208
v 9.221598 -3.460523 4.796218
v 9.221598 -3.376782 4.641717
v 9.221598 -3.295795 4.485755
v 9.221598 -3.217588 4.328381
v 9.221598 -3.142187 4.169643
v 9.221598 -3.069613 4.009593
v 9.221598 -2.999892 3.848280
v 9.221598 -2.933043 3.685755
v 9.221598 -2.869089 3.522070
v 9.221598 -2.808050 3.357275
v 9.221598 -2.749944 3.191423
v 9.221598 -2.694790 3.024567
v 9.221598 -2.642606 2.856758
v 9.221598 -2.593408 2.688050
v 9.221598 -2.547211 2.518495
v 9.221598 -2.504030 2.348147
v 9.221598 -2.463878 2.177059
v 9.221598 -2.426769 2.005286
v 9.221598 -2.392713 1.832882
v 9.221598 -2.361722 1.659901
v 9.221598 -2.333806 1.486396
v 9.221598 -2.308972 1.312424
v 9.221598 -2.287229 1.138039
v 9.221598 -2.268585 0.963295
v 9.221598 -2.253043 0.788248
v 9.221598 -2.240611 0.612953
v 9.221598 -2.231291 0.437464
v 9.221598 -2.225086 0.261838
v 9.221598 -2.221998 0.086130
v 9.221598 -2.222029 -0.089606
v 9.221598 -2.225178 -0.265314
v 9.221598 -2.231445 -0.440938
v 9.221598 -2.240827 -0.616423
v 9.221598 -2.253321 -0.791714
v 9.221598 -2.268923 -0.966755
v 9.221598 -2.287630 -1.141492
v 9.221598 -2.309433 -1.315870
v 9.221598 -2.334328 -1.489834
v 9.221598 -2.362306 -1.663328
v 9.221598 -2.393357 -1.836299
v 9.221598 -2.427473 -2.008691
v 9.221598 -2.464643 -2.180451
v 9.221598 -2.504855 -2.351524
v 9.221598 -2.548096 -2.521857
v 9.221598 -2.594352 -2.691396
v 9.221598 -2.643610 -2.860087
v 9.221598 -2.695853 -3.027877
v 9.221598 -2.751065 -3.194715
v 9.221598 -2.809229 -3.360546
v 9.221598 -2.870326 -3.525319
v 9.221598 -2.934338 -3.688982
v 9.221598 -3.001243 -3.851483
v 9.221598 -3.071022 -4.012772
v 9.221598 -3.143651 -4.172797
v 9.221598 -3.219109 -4.331508
v 9.221598 -3.297370 -4.488855
v 9.221598 -3.378412 -4.644788
v 9.221598 -3.462208 -4.799259
v 9.221598 -3.548731 -4.952219
v 9.221598 -3.637955 -5.103620
v 9.221598 -3.729852 -5.253413
v 9.221598 -3.824392 -5.401552
v 9.295655 -11.764152 10.017300
v 9.295655 -11.586459 10.009320
v 9.295655 -11.408935 9.998188
v 9.295655 -11.231636 9.983908
v 9.295655 -11.054619 9.966484
v 9.295655 -10.877939 9.945921
v 9.295655 -10.701652 9.922227
v 9.295655 -10.525813 9.895409
v 9.295655 -10.350477 9.865474
v 9.295655 -10.175700 9.832433
v 9.295655 -10.001537 9.796296
v 9.295655 -9.828043 9.757075
v 9.295655 -9.655272 9.714780
v 9.295655 -9.483278 9.669427
v 9.295655 -9.312117 9.621029
v 9.295655 -9.141841 9.569602
v 9.295655 -8.972505 9.515161
v 9.295655 -8.804161 9.457724
v 9.295655 -8.636863 9.397309
v 9.295655 -8.470663 9.333935
v 9.295655 -8.305614 9.267621
v 9.295655 -8.141767 9.198390
v 9.295655 -7.979175 9.126262
v 9.295655 -7.817889 9.051260
v 9.295655 -7.657958 8.973408
v 9.295655 -7.499435 8.892731
v 9.295655 -7.342367 8.809253
v 9.295655 -7.186806 8.723001
v 9.295655 -7.032800 8.634003
v 9.295655 -6.880397 8.542286
v 9.295655 -6.729645 8.447879
v 9.295655 -6.580593 8.350812
v 9.295655 -6.433286 8.251116
v 9.295655 -6.287772 8.148821
v 9.295655 -6.144096 8.043960
v 9.295655 -6.002303 7.936567
v 9.295655 -5.862437 7.826674
v 9.295655 -5.724544 7.714317
v 9.295655 -5.588667 7.599530
v 9.295655 -5.454847 7.482351
v 9.295655 -5.323128 7.362816
v 9.295655 -5.193551 7.240962
v 9.295655 -5.066156 7.116828
v 9.295655 -4.940984 6.990453
v 9.295655 -4.818074 6.861877
v 9.295655 -4.697465 6.731140
v 9.295655 -4.579195 6.598283
v 9.295655 -4.463301 6.463349
v 9.295655 -4.349820 6.326380
v 9.295655 -4.238786 6.187419
v 9.295655 -4.130236 6.046509
v 9.295655 -4.024204 5.903695
v 9.295655 -3.920722 5.759023
v 9.295655 -3.819824 5.612536
v 9.295655 -3.721541 5.464283
v 9.295655 -3.625904 5.314309
v 9.295655 -3.532943 5.162662
v 9.295655 -3.442688 5.009388
v 9.295655 -3.355167 4.854538
v 9.295655 -3.270407 4.698159
v 9.295655 -3.188435 4.540300
v 9.295655 -3.109278 4.381012
v 9.295655 -3.032959 4.220344
v 9.295655 -2.959503 4.058348
v 9.295655 -2.888934 3.895073
v 9.295655 -2.821273 3.730572
v 9.295655 -2.756541 3.564897
v 9.295655 -2.694759 3.398098
v 9.295655 -2.635947 3.230230
v 9.295655 -2.580123 3.061344
v 9.295655 -2.527304 2.891495
v 9.295655 -2.477507 2.720735
v 9.295655 -2.430749 2.549119
v 9.295655 -2.387043 2.376699
v 9.295655 -2.346403 2.203531
v 9.295655 -2.308842 2.029670
v 9.295655 -2.274373 1.855169
v 9.295655 -2.243005 1.680084
v 9.295655 -2.214749 1.504470
v 9.295655 -2.189613 1.328383
v 9.295655 -2.167606 1.151877
v 9.295655 -2.148735 0.975008
v 9.295655 -2.133004 0.797833
v 9.295655 -2.120420 0.620406
v 9.295655 -2.110987 0.442784
v 9.295655 -2.104707 0.265022
v 9.295655 -2.101582 0.087177
v 9.295655 -2.101613 -0.090696
v 9.295655 -2.104800 -0.268540
v 9.295655 -2.111143 -0.446299
v 9.295655 -2.120639 -0.623918
v 9.295655 -2.133285 -0.801340
v 9.295655 -2.149077 -0.978511
v 9.295655 -2.168011 -1.155373
v 9.295655 -2.190080 -1.331871
v 9.295655 -2.215277 -1.507950
v 9.295655 -2.243595 -1.683553
v 9.295655 -2.275024 -1.858627
v 9.295655 -2.309555 -2.033116
v 9.295655 -2.347177 -2.206964
v 9.295655 -2.387878 -2.380118
v 9.295655 -2.431644 -2.552522
v 9.295655 -2.478463 -2.724122
v 9.295655 -2.528320 -2.894864
v 9.295655 -2.581198 -3.064695
v 9.295655 -2.637081 -3.233561
v 9.295655 -2.695953 -3.401409
v 9.295655 -2.757793 -3.568185
v 9.295655 -2.822583 -3.733838
v 9.295655 -2.890302 -3.898316
v 9.295655 -2.960929 -4.061565
v 9.295655 -3.034441 -4.223536
v 9.295655 -3.110816 -4.384177
v 9.295655 -3.190030 -4.543437
v 9.295655 -3.272057 -4.701267
v 9.295655 -3.356872 -4.857616
v 9.295655 -3.444447 -5.012436
v 9.295655 -3.534756 -5.165678
v 9.295655 -3.627770 -5.317292
v 9.366278 -11.579879 10.131610
v 9.366278 -11.400186 10.120342
v 9.366278 -11.220722 10.105887
v 9.366278 -11.041542 10.088250
v 9.366278 -10.862703 10.067437
v 9.366278 -10.684262 10.043453
v 9.366278 -10.506275 10.016307
v 9.366278 -10.328797 9.986007
v 9.366278 -10.151885 9.952562
v 9.366278 -9.975594 9.915983
v 9.366278 -9.799980 9.876283
v 9.366278 -9.625098 9.833472
v 9.366278 -9.451003 9.787564
v 9.366278 -9.277750 9.738575
v 9.366278 -9.105394 9.686519
v 9.366278 -8.933989 9.631413
v 9.366278 -8.763588 9.573275
v 9.366278 -8.594246 9.512121
v 9.366278 -8.426016 9.447973
v 9.366278 -8.258950 9.380849
v 9.366278 -8.093102 9.310772
v 9.366278 -7.928523 9.237763
v 9.366278 -7.765266 9.161845
v 9.366278 -7.603382 9.083042
v 9.366278 -7.442921 9.001378
v 9.366278 -7.283935 8.916881
v 9.366278 -7.126473 8.829576
v 9.366278 -6.970585 8.739490
v 9.366278 -6.816320 8.646652
v 9.366278 -6.663727 8.551092
v 9.366278 -6.512854 8.452839
v 9.366278 -6.363747 8.351924
v 9.366278 -6.216455 8.248380
v 9.366278 -6.071023 8.142238
v 9.366278 -5.927498 8.033532
v 9.366278 -5.785924 7.922297
v 9.366278 -5.646346 7.808567
v 9.366278 -5.508808 7.692378
v 9.366278 -5.373354 7.573767
v 9.366278 -5.240026 7.452772
v 9.366278 -5.108865 7.329429
v 9.366278 -4.979914 7.203778
v 9.366278 -4.853213 7.075859
v 9.366278 -4.728801 6.945712
v 9.366278 -4.606719 6.813378
v 9.366278 -4.487004 6.678899
v 9.366278 -4.369694 6.542316
v 9.366278 -4.254826 6.403673
v 9.366278 -4.142436 6.263014
v 9.366278 -4.032560 6.120383
v 9.366278 -3.925232 5.975824
v 9.366278 -3.820486 5.829384
v 9.366278 -3.718355 5.681108
v 9.366278 -3.618871 5.531043
v 9.366278 -3.522065 5.379237
v 9.366278 -3.427969 5.225737
v 9.366278 -3.336611 5.070591
v 9.366278 -3.248020 4.913849
v 9.366278 -3.162225 4.755559
v 9.366278 -3.079252 4.595772
v 9.366278 -2.999127 4.434538
v 9.366278 -2.921876 4.271907
v 9.366278 -2.847523 4.107931
v 9.366278 -2.776091 3.942662
v 9.366278 -2.707603 3.776151
v 9.366278 -2.642081 3.608451
v 9.366278 -2.579544 3.439615
v 9.366278 -2.520013 3.269696
v 9.366278 -2.463507 3.098747
v 9.366278 -2.410043 2.926822
v 9.366278 -2.359638 2.753976
v 9.366278 -2.312308 2.580263
v 9.366278 -2.268068 2.405737
v 9.366278 -2.226932 2.230453
v 9.366278 -2.188912 2.054468
v 9.366278 -2.154022 1.877835
v 9.366278 -2.122270 1.700611
v 9.366278 -2.093669 1.522851
v 9.366278 -2.068227 1.344613
v 9.366278 -2.045951 1.165950
v 9.366278 -2.026849 0.986921
v 9.366278 -2.010926 0.807580
v 9.366278 -1.998189 0.627986
v 9.366278 -1.988640 0.448193
v 9.366278 -1.982283 0.268260
v 9.366278 -1.979120 0.088242
v 9.366278 -1.979151 -0.091804
v 9.366278 -1.982378 -0.271821
v 9.366278 -1.988798 -0.451752
v 9.366278 -1.998410 -0.631541
v 9.366278 -2.011210 -0.811131
v 9.366278 -2.027196 -0.990466
v 9.366278 -2.046361 -1.169488
v 9.366278 -2.068699 -1.348143
v 9.366278 -2.094204 -1.526373
v 9.366278 -2.122868 -1.704122
v 9.366278 -2.154681 -1.881335
v 9.366278 -2.189634 -2.057956
v 9.366278 -2.227715 -2.233928
v 9.366278 -2.268913 -2.409197
v 9.366278 -2.313215 -2.583707
v 9.366278 -2.360606 -2.757404
v 9.366278 -2.411071 -2.930233
v 9.366278 -2.464596 -3.102138
v 9.366278 -2.521162 -3.273067
v 9.366278 -2.580752 -3.442966
v 9.366278 -2.643348 -3.611780
v 9.366278 -2.708930 -3.779457
v 9.366278 -2.777476 -3.945944
v 9.366278 -2.848966 -4.111188
v 9.366278 -2.923377 -4.275138
v 9.366278 -3.000685 -4.437741
v 9.366278 -3.080866 -4.598947
v 9.366278 -3.163895 -4.758705
v 9.366278 -3.249746 -4.916965
v 9.366278 -3.338392 -5.073676
v 9.433411 -11.573195 10.255845
v 9.433411 -11.391299 10.244438
v 9.433411 -11.209633 10.229806
v 9.433411 -11.028256 10.211953
v 9.433411 -10.847225 10.190885
v 9.433411 -10.666596 10.166607
v 9.433411 -10.486426 10.139128
v 9.433411 -10.306772 10.108456
v 9.433411 -10.127690 10.074601
v 9.433411 -9.949238 10.037574
v 9.433411 -9.771470 9.997386
v 9.433411 -9.594444 9.954051
v 9.433411 -9.418214 9.907580
v 9.433411 -9.242837 9.857990
v 9.433411 -9.068367 9.805296
v 9.433411 -8.894860 9.749515
v 9.433411 -8.722370 9.690663
v 9.433411 -8.550952 9.628760
v 9.433411 -8.380658 9.563825
v 9.433411 -8.211544 9.495878
v 9.433411 -8.043662 9.424941
v 9.433411 -7.877066 9.351037
v 9.433411 -7.711807 9.274188
v 9.433411 -7.547937 9.194419
v 9.433411 -7.385509 9.111754
v 9.433411 -7.224573 9.026220
v 9.433411 -7.065181 8.937845
v 9.433411 -6.907381 8.846654
v 9.433411 -6.751225 8.752678
v 9.433411 -6.596761 8.655946
v 9.433411 -6.444037 8.556489
v 9.433411 -6.293102 8.454336
v 9.433411 -6.144004 8.349522
v 9.433411 -5.996789 8.242079
v 9.433411 -5.851504 8.132040
v 9.433411 -5.708194 8.019441
v 9.433411 -5.566904 7.904316
v 9.433411 -5.427680 7.786703
v 9.433411 -5.290565 7.666638
v 9.433411 -5.155601 7.544158
v 9.433411 -5.022833 7.419303
v 9.433411 -4.892300 7.292112
v 9.433411 -4.764045 7.162624
v 9.433411 -4.638108 7.030881
v 9.433411 -4.514529 6.896924
v 9.433411 -4.393346 6.760796
v 9.433411 -4.274597 6.622538
v 9.433411 -4.158321 6.482196
v 9.433411 -4.044553 6.339812
v 9.433411 -3.933329 6.195431
v 9.433411 -3.824685 6.049100
v 9.433411 -3.718655 5.900864
v 9.433411 -3.615272 5.750770
v 9.433411 -3.514568 5.598866
v 9.433411 -3.416575 5.445198
v 9.433411 -3.321325 5.289815
v 9.433411 -3.228847 5.132767
v 9.433411 -3.139170 4.974103
v 9.433411 -3.052323 4.813872
v 9.433411 -2.968332 4.652126
v 9.433411 -2.887225 4.488914
v 9.433411 -2.809027 4.324289
v 9.433411 -2.733762 4.158303
v 9.433411 -2.661454 3.991007
v 9.433411 -2.592126 3.822454
v 9.433411 -2.525800 3.652698
v 9.433411 -2.462497 3.481792
v 9.433411 -2.402236 3.309789
v 9.433411 -2.345037 3.136744
v 9.433411 -2.290917 2.962711
v 9.433411 -2.239894 2.787745
v 9.433411 -2.191984 2.611902
v 9.433411 -2.147202 2.435236
v 9.433411 -2.105561 2.257803
v 9.433411 -2.067075 2.079660
v 9.433411 -2.031757 1.900861
v 9.433411 -1.999616 1.721464
v 9.433411 -1.970664 1.541525
v 9.433411 -1.944909 1.361100
v 9.433411 -1.922360 1.180247
v 9.433411 -1.903024 0.999022
v 9.433411 -1.886906 0.817483
v 9.433411 -1.874013 0.635686
v 9.433411 -1.864347 0.453689
v 9.433411 -1.857912 0.271549
v 9.433411 -1.854710 0.089324
v 9.433411 -1.854742 -0.092929
v 9.433411 -1.858008 -0.275154
v 9.433411 -1.864507 -0.457291
v 9.433411 -1.874237 -0.639285
v 9.433411 -1.887194 -0.821077
v 9.433411 -1.903375 -1.002611
v 9.433411 -1.922775 -1.183829
v 9.433411 -1.945388 -1.364674
v 9.433411 -1.971206 -1.545090
v 9.433411 -2.000221 -1.725019
v 9.433411 -2.032424 -1.904404
v 9.433411 -2.067806 -2.083191
v 9.433411 -2.106354 -2.261321
v 9.433411 -2.148057 -2.438739
v 9.433411 -2.192902 -2.615389
v 9.433411 -2.240874 -2.791216
v 9.433411 -2.291958 -2.966163
v 9.433411 -2.346139 -3.140177
v 9.433411 -2.403399 -3.313202
v 9.433411 -2.463720 -3.485184
v 9.433411 -2.527083 -3.656068
v 9.433411 -2.593469 -3.825801
v 9.433411 -2.662856 -3.994329
v 9.433411 -2.735222 -4.161600
v 9.433411 -2.810545 -4.327560
v 9.433411 -2.888802 -4.492157
v 9.433411 -2.969966 -4.655340
v 9.433411 -3.054013 -4.817057
v 9.433411 -3.140917 -4.977257
v 9.496999 -11.382279 10.370378
v 9.496999 -11.198380 10.355567
v 9.496999 -11.014774 10.337494
v 9.496999 -10.831517 10.316166
v 9.496999 -10.648667 10.291590
v 9.496999 -10.466282 10.263773
v 9.496999 -10.284419 10.232724
v 9.496999 -10.103136 10.198453
v 9.496999 -9.922490 10.160971
v 9.496999 -9.742537 10.120289
v 9.496999 -9.563334 10.076421
v 9.496999 -9.384938 10.029379
v 9.496999 -9.207405 9.979180
v 9.496999 -9.030791 9.925838
v 9.496999 -8.855150 9.869370
v 9.496999 -8.680540 9.809795
v 9.496999 -8.507014 9.747131
v 9.496999 -8.334627 9.681398
v 9.496999 -8.163434 9.612616
v 9.496999 -7.993489 9.540807
v 9.496999 -7.824844 9.465994
v 9.496999 -7.657553 9.388200
v 9.496999 -7.491669 9.307450
v 9.496999 -7.327244 9.223769
v 9.496999 -7.164330 9.137184
v 9.496999 -7.002978 9.047722
v 9.496999 -6.843239 8.955411
v 9.496999 -6.685162 8.860279
v 9.496999 -6.528799 8.762358
v 9.496999 -6.374198 8.661678
v 9.496999 -6.221408 8.558270
v 9.496999 -6.070477 8.452167
v 9.496999 -5.921452 8.343403
v 9.496999 -5.774380 8.232012
v 9.496999 -5.629309 8.118028
v 9.496999 -5.486282 8.001488
v 9.496999 -5.345347 7.882429
v 9.496999 -5.206546 7.760887
v 9.496999 -5.069923 7.636902
v 9.496999 -4.935522 7.510512
v 9.496999 -4.803385 7.381757
v 9.496999 -4.673554 7.250678
v 9.496999 -4.546068 7.117315
v 9.496999 -4.420970 6.981712
v 9.496999 -4.298297 6.843910
v 9.496999 -4.178088 6.703953
v 9.496999 -4.060383 6.561885
v 9.496999 -3.945216 6.417750
v 9.496999 -3.832625 6.271595
v 9.496999 -3.722646 6.123465
v 9.496999 -3.615312 5.973407
v 9.496999 -3.510657 5.821468
v 9.496999 -3.408716 5.667695
v 9.496999 -3.309518 5.512138
v 9.496999 -3.213097 5.354846
v 9.496999 -3.119482 5.195867
v 9.496999 -3.028703 5.035252
v 9.496999 -2.940788 4.873051
v 9.496999 -2.855765 4.709317
v 9.496999 -2.773661 4.544099
v 9.496999 -2.694501 4.377450
v 9.496999 -2.618311 4.209423
v 9.496999 -2.545114 4.040070
v 9.496999 -2.474934 3.869446
v 9.496999 -2.407793 3.697603
v 9.496999 -2.343711 3.524595
v 9.496999 -2.282709 3.350478
v 9.496999 -2.224807 3.175305
v 9.496999 -2.170022 2.999133
v 9.496999 -2.118372 2.822017
v 9.496999 -2.069873 2.644011
v 9.496999 -2.024539 2.465174
v 9.496999 -1.982387 2.285560
v 9.496999 -1.943428 2.105226
v 9.496999 -1.907675 1.924229
v 9.496999 -1.875140 1.742627
v 9.496999 -1.845832 1.560476
v 9.496999 -1.819761 1.377833
v 9.496999 -1.796934 1.194756
v 9.496999 -1.777360 1.011304
v 9.496999 -1.761045 0.827533
v 9.496999 -1.747992 0.643501
v 9.496999 -1.738208 0.459267
v 9.496999 -1.731693 0.274888
v 9.496999 -1.728452 0.090422
v 9.496999 -1.728485 -0.094072
v 9.496999 -1.731791 -0.278536
v 9.496999 -1.738369 -0.462913
v 9.496999 -1.748219 -0.647144
v 9.496999 -1.761336 -0.831171
v 9.496999 -1.777716 -1.014936
v 9.496999 -1.797354 -1.198382
v 9.496999 -1.820245 -1.381451
v 9.496999 -1.846380 -1.564084
v 9.496999 -1.875752 -1.746225
v 9.496999 -1.908351 -1.927816
v 9.496999 -1.944168 -2.108800
v 9.496999 -1.983190 -2.289120
v 9.496999 -2.025406 -2.468719
v 9.496999 -2.070801 -2.647541
v 9.496999 -2.119363 -2.825529
v 9.496999 -2.171076 -3.002628
v 9.496999 -2.225922 -3.178781
v 9.496999 -2.283886 -3.353933
v 9.496999 -2.344949 -3.528029
v 9.496999 -2.409091 -3.701014
v 9.496999 -2.476293 -3.872833
v 9.496999 -2.546533 -4.043433
v 9.496999 -2.619789 -4.212760
v 9.496999 -2.696038 -4.380761
v 9.496999 -2.775256 -4.547381
v 9.496999 -2.857419 -4.712570
v 9.496999 -2.942499 -4.876275
v 9.556992 -11.373134 10.498061
v 9.556992 -11.186972 10.483067
v 9.556992 -11.001104 10.464772
v 9.556992 -10.815591 10.443181
v 9.556992 -10.630490 10.418303
v 9.556992 -10.445859 10.390143
v 9.556992 -10.261757 10.358712
v 9.556992 -10.078242 10.324019
v 9.556992 -9.895372 10.286076
v 9.556992 -9.713203 10.244893
v 9.556992 -9.531794 10.200484
v 9.556992 -9.351202 10.152863
v 9.556992 -9.171483 10.102046
v 9.556992 -8.992694 10.048047
v 9.556992 -8.814891 9.990884
v 9.556992 -8.638131 9.930576
v 9.556992 -8.462468 9.867140
v 9.556992 -8.287959 9.800597
v 9.556992 -8.114658 9.730969
v 9.556992 -7.942620 9.658276
v 9.556992 -7.771899 9.582542
v 9.556992 -7.602549 9.503790
v 9.556992 -7.434622 9.422046
v 9.556992 -7.268173 9.337335
v 9.556992 -7.103253 9.249684
v 9.556992 -6.939914 9.159120
v 9.556992 -6.778208 9.065672
v 9.556992 -6.618186 8.969369
v 9.556992 -6.459897 8.870243
v 9.556992 -6.303393 8.768322
v 9.556992 -6.148721 8.663641
v 9.556992 -5.995932 8.556232
v 9.556992 -5.845072 8.446129
v 9.556992 -5.696190 8.333366
v 9.556992 -5.549332 8.217979
v 9.556992 -5.404545 8.100005
v 9.556992 -5.261874 7.979479
v 9.556992 -5.121364 7.856441
v 9.556992 -4.983059 7.730930
v 9.556992 -4.847004 7.602984
v 9.556992 -4.713240 7.472643
v 9.556992 -4.581809 7.339950
v 9.556992 -4.452755 7.204946
v 9.556992 -4.326116 7.067672
v 9.556992 -4.201932 6.928174
v 9.556992 -4.080244 6.786493
v 9.556992 -3.961089 6.642676
v 9.556992 -3.844504 6.496767
v 9.556992 -3.730527 6.348812
v 9.556992 -3.619194 6.198859
v 9.556992 -3.510538 6.046953
v 9.556992 -3.404595 5.893143
v 9.556992 -3.301398 5.737477
v 9.556992 -3.200980 5.580005
v 9.556992 -3.103372 5.420776
v 9.556992 -3.008604 5.259840
v 9.556992 -2.916707 5.097247
v 9.556992 -2.827709 4.933050
v 9.556992 -2.741640 4.767299
v 9.556992 -2.658524 4.600047
v 9.556992 -2.578390 4.431346
v 9.556992 -2.501262 4.261251
v 9.556992 -2.427164 4.089813
v 9.556992 -2.356120 3.917087
v 9.556992 -2.288152 3.743128
v 9.556992 -2.223281 3.567991
v 9.556992 -2.161529 3.391730
v 9.556992 -2.102913 3.214401
v 9.556992 -2.047454 3.036059
v 9.556992 -1.995168 2.856762
v 9.556992 -1.946071 2.676565
v 9.556992 -1.900180 2.495526
v 9.556992 -1.857508 2.313700
v 9.556992 -1.818070 2.131146
v 9.556992 -1.781877 1.947921
v 9.556992 -1.748941 1.764082
v 9.556992 -1.719272 1.579689
v 9.556992 -1.692880 1.394797
v 9.556992 -1.669773 1.209467
v 9.556992 -1.649957 1.023755
v 9.556992 -1.633441 0.837721
v 9.556992 -1.620228 0.651424
v 9.556992 -1.610323 0.464921
v 9.556992 -1.603728 0.278272
v 9.556992 -1.600447 0.091535
v 9.556992 -1.600480 -0.095230
v 9.556992 -1.603827 -0.281966
v 9.556992 -1.610487 -0.468612
v 9.556992 -1.620457 -0.655112
v 9.556992 -1.633736 -0.841405
v 9.556992 -1.650317 -1.027433
v 9.556992 -1.670198 -1.213137
v 9.556992 -1.693370 -1.398459
v 9.556992 -1.719827 -1.583342
v 9.556992 -1.749561 -1.767725
v 9.556992 -1.782561 -1.951552
v 9.556992 -1.818819 -2.134764
v 9.556992 -1.858321 -2.317304
v 9.556992 -1.901057 -2.499115
v 9.556992 -1.947012 -2.680138
v 9.556992 -1.996171 -2.860318
v 9.556992 -2.048520 -3.039597
v 9.556992 -2.104042 -3.217919
v 9.556992 -2.162720 -3.395227
v 9.556992 -2.224535 -3.571467
v 9.556992 -2.289467 -3.746582
v 9.556992 -2.357496 -3.920517
v 9.556992 -2.428600 -4.093217
v 9.556992 -2.502758 -4.264629
v 9.556992 -2.579946 -4.434698
v 9.556992 -2.660140 -4.603370
v 9.556992 -2.743314 -4.770593
v 9.613343 -11.363872 10.627385
v 9.613343 -11.175416 10.612206
v 9.613343 -10.987259 10.593685
v 9.613343 -10.799460 10.571829
v 9.613343 -10.612079 10.546644
v 9.613343 -10.425174 10.518137
v 9.613343 -10.238805 10.486319
v 9.613343 -10.053029 10.451199
v 9.613343 -9.867906 10.412788
v 9.613343 -9.683493 10.371098
v 9.613343 -9.499849 10.326142
v 9.613343 -9.317032 10.277935
v 9.613343 -9.135099 10.226491
v 9.613343 -8.954108 10.171827
v 9.613343 -8.774115 10.113960
v 9.613343 -8.595177 10.052909
v 9.613343 -8.417350 9.988691
v 9.613343 -8.240692 9.921329
v 9.613343 -8.065256 9.850843
v 9.613343 -7.891098 9.777254
v 9.613343 -7.718274 9.700587
v 9.613343 -7.546838 9.620865
v 9.613343 -7.376843 9.538114
v 9.613343 -7.208343 9.452360
v 9.613343 -7.041391 9.363629
v 9.613343 -6.876040 9.271949
v 9.613343 -6.712342 9.177350
v 9.613343 -6.550348 9.079861
v 9.613343 -6.390110 8.979513
v 9.613343 -6.231677 8.876338
v 9.613343 -6.075101 8.770367
v 9.613343 -5.920429 8.661635
v 9.613343 -5.767711 8.550175
v 9.613343 -5.616995 8.436023
v 9.613343 -5.468328 8.319215
v 9.613343 -5.321757 8.199787
v 9.613343 -5.177328 8.077777
v 9.613343 -5.035087 7.953223
v 9.613343 -4.895079 7.826165
v 9.613343 -4.757347 7.696643
v 9.613343 -4.621936 7.564697
v 9.613343 -4.488886 7.430369
v 9.613343 -4.358242 7.293702
v 9.613343 -4.230043 7.154738
v 9.613343 -4.104330 7.013521
v 9.613343 -3.981142 6.870095
v 9.613343 -3.860519 6.724506
v 9.613343 -3.742499 6.576800
v 9.613343 -3.627117 6.427022
v 9.613343 -3.514412 6.275221
v 9.613343 -3.404418 6.121444
v 9.613343 -3.297170 5.965739
v 9.613343 -3.192702 5.808156
v 9.613343 -3.091047 5.648744
v 9.613343 -2.992236 5.487553
v 9.613343 -2.896301 5.324635
v 9.613343 -2.803272 5.160039
v 9.613343 -2.713178 4.993819
v 9.613343 -2.626048 4.826026
v 9.613343 -2.541909 4.656714
v 9.613343 -2.460787 4.485935
v 9.613343 -2.382709 4.313744
v 9.613343 -2.307698 4.140194
v 9.613343 -2.235779 3.965341
v 9.613343 -2.166974 3.789239
v 9.613343 -2.101304 3.611944
v 9.613343 -2.038791 3.433512
v 9.613343 -1.979453 3.253998
v 9.613343 -1.923311 3.073460
v 9.613343 -1.870380 2.891954
v 9.613343 -1.820679 2.709537
v 9.613343 -1.774223 2.526267
v 9.613343 -1.731025 2.342202
v 9.613343 -1.691101 2.157399
v 9.613343 -1.654462 1.971917
v 9.613343 -1.621120 1.785814
v 9.613343 -1.591086 1.599148
v 9.613343 -1.564369 1.411979
v 9.613343 -1.540977 1.224366
v 9.613343 -1.520917 1.036367
v 9.613343 -1.504197 0.848041
v 9.613343 -1.490822 0.659449
v 9.613343 -1.480794 0.470648
v 9.613343 -1.474119 0.281700
v 9.613343 -1.470797 0.092663
v 9.613343 -1.470830 -0.096403
v 9.613343 -1.474219 -0.285439
v 9.613343 -1.480960 -0.474385
v 9.613343 -1.491054 -0.663182
v 9.613343 -1.504496 -0.851770
v 9.613343 -1.521282 -1.040089
v 9.613343 -1.541407 -1.228081
v 9.613343 -1.564865 -1.415687
v 9.613343 -1.591648 -1.602846
v 9.613343 -1.621748 -1.789501
v 9.613343 -1.655155 -1.975593
v 9.613343 -1.691859 -2.161062
v 9.613343 -1.731848 -2.345851
v 9.613343 -1.775110 -2.529901
v 9.613343 -1.821631 -2.713155
v 9.613343 -1.871396 -2.895554
v 9.613343 -1.924390 -3.077041
v 9.613343 -1.980596 -3.257560
v 9.613343 -2.039997 -3.437052
v 9.613343 -2.102573 -3.615463
v 9.613343 -2.168305 -3.792735
v 9.613343 -2.237172 -3.968813
v 9.613343 -2.309152 -4.143641
v 9.613343 -2.384224 -4.317164
v 9.613343 -2.462363 -4.489328
v 9.613343 -2.543544 -4.660078
v 9.666005 -11.163723 10.742880
v 9.666005 -10.973250 10.724131
v 9.666005 -10.783138 10.702006
v 9.666005 -10.593450 10.676510
v 9.666005 -10.404243 10.647653
v 9.666005 -10.215579 10.615443
v 9.666005 -10.027516 10.579890
v 9.666005 -9.840113 10.541006
v 9.666005 -9.653429 10.498803
v 9.666005 -9.467524 10.453293
v 9.666005 -9.282456 10.404492
v 9.666005 -9.098283 10.352415
v 9.666005 -8.915063 10.297078
v 9.666005 -8.732853 10.238499
v 9.666005 -8.551712 10.176696
v 9.666005 -8.371696 10.111688
v 9.666005 -8.192862 10.043496
v 9.666005 -8.015266 9.972141
v 9.666005 -7.838964 9.897647
v 9.666005 -7.664012 9.820036
v 9.666005 -7.490464 9.739332
v 9.666005 -7.318376 9.655562
v 9.666005 -7.147801 9.568752
v 9.666005 -6.978794 9.478928
v 9.666005 -6.811407 9.386120
v 9.666005 -6.645693 9.290356
v 9.666005 -6.481705 9.191667
v 9.666005 -6.319493 9.090083
v 9.666005 -6.159110 8.985637
v 9.666005 -6.000605 8.878361
v 9.666005 -5.844029 8.768290
v 9.666005 -5.689430 8.655458
v 9.666005 -5.536858 8.539901
v 9.666005 -5.386360 8.421654
v 9.666005 -5.237985 8.300755
v 9.666005 -5.091778 8.177243
v 9.666005 -4.947785 8.051156
v 9.666005 -4.806053 7.922533
v 9.666005 -4.666625 7.791416
v 9.666005 -4.529546 7.657846
v 9.666005 -4.394859 7.521864
v 9.666005 -4.262605 7.383513
v 9.666005 -4.132828 7.242838
v 9.666005 -4.005567 7.099882
v 9.666005 -3.880862 6.954690
v 9.666005 -3.758754 6.807308
v 9.666005 -3.639280 6.657783
v 9.666005 -3.522478 6.506162
v 9.666005 -3.408385 6.352491
v 9.666005 -3.297037 6.196821
v 9.666005 -3.188468 6.039199
v 9.666005 -3.082714 5.879675
v 9.666005 -2.979807 5.718300
v 9.666005 -2.879779 5.555125
v 9.666005 -2.782663 5.390200
v 9.666005 -2.688488 5.223578
v 9.666005 -2.597285 5.055311
v 9.666005 -2.509082 4.885452
v 9.666005 -2.423907 4.714055
v 9.666005 -2.341787 4.541173
v 9.666005 -2.262747 4.366862
v 9.666005 -2.186813 4.191175
v 9.666005 -2.114008 4.014169
v 9.666005 -2.044355 3.835898
v 9.666005 -1.977877 3.656420
v 9.666005 -1.914594 3.475790
v 9.666005 -1.854526 3.294066
v 9.666005 -1.797692 3.111305
v 9.666005 -1.744110 2.927564
v 9.666005 -1.693796 2.742901
v 9.666005 -1.646768 2.557375
v 9.666005 -1.603039 2.371043
v 9.666005 -1.562623 2.183964
v 9.666005 -1.525533 1.996198
v 9.666005 -1.491780 1.807804
v 9.666005 -1.461376 1.618840
v 9.666005 -1.434330 1.429366
v 9.666005 -1.410650 1.239442
v 9.666005 -1.390344 1.049128
v 9.666005 -1.373418 0.858484
v 9.666005 -1.359877 0.667569
v 9.666005 -1.349726 0.476444
v 9.666005 -1.342969 0.285169
v 9.666005 -1.339606 0.093804
v 9.666005 -1.339640 -0.097590
v 9.666005 -1.343070 -0.288954
v 9.666005 -1.349894 -0.480227
v 9.666005 -1.360112 -0.671348
v 9.666005 -1.373720 -0.862258
v 9.666005 -1.390713 -1.052896
v 9.666005 -1.411086 -1.243203
v 9.666005 -1.434832 -1.433119
v 9.666005 -1.461945 -1.622583
v 9.666005 -1.492415 -1.811536
v 9.666005 -1.526234 -1.999919
v 9.666005 -1.563390 -2.187672
v 9.666005 -1.603872 -2.374737
v 9.666005 -1.647666 -2.561053
v 9.666005 -1.694760 -2.746563
v 9.666005 -1.745138 -2.931208
v 9.666005 -1.798785 -3.114930
v 9.666005 -1.855683 -3.297672
v 9.666005 -1.915814 -3.479375
v 9.666005 -1.979161 -3.659982
v 9.666005 -2.045702 -3.839437
v 9.666005 -2.115417 -4.017683
v 9.666005 -2.188284 -4.194664
v 9.666005 -2.264280 -4.370324
v 9.714937 -11.151903 10.874984
v 9.714937 -10.959087 10.856005
v 9.714937 -10.766638 10.833608
v 9.714937 -10.574616 10.807799
v 9.714937 -10.383083 10.778587
v 9.714937 -10.192099 10.745980
v 9.714937 -10.001723 10.709991
v 9.714937 -9.812016 10.670628
v 9.714937 -9.623037 10.627906
v 9.714937 -9.434845 10.581837
v 9.714937 -9.247501 10.532436
v 9.714937 -9.061063 10.479718
v 9.714937 -8.875590 10.423701
v 9.714937 -8.691140 10.364401
v 9.714937 -8.507772 10.301838
v 9.714937 -8.325542 10.236031
v 9.714937 -8.144509 10.167000
v 9.714937 -7.964729 10.094768
v 9.714937 -7.786259 10.019358
v 9.714937 -7.609155 9.940792
v 9.714937 -7.433474 9.859096
v 9.714937 -7.259269 9.774296
v 9.714937 -7.086597 9.686418
v 9.714937 -6.915511 9.595490
v 9.714937 -6.746066 9.501540
v 9.714937 -6.578314 9.404599
v 9.714937 -6.412309 9.304696
v 9.714937 -6.248103 9.201863
v 9.714937 -6.085747 9.096133
v 9.714937 -5.925294 8.987538
v 9.714937 -5.766792 8.876114
v 9.714937 -5.610292 8.761894
v 9.714937 -5.455844 8.644915
v 9.714937 -5.303496 8.525215
v 9.714937 -5.153296 8.402829
v 9.714937 -5.005291 8.277798
v 9.714937 -4.859528 8.150160
v 9.714937 -4.716052 8.019956
v 9.714937 -4.574910 7.887227
v 9.714937 -4.436145 7.752014
v 9.714937 -4.299802 7.614360
v 9.714937 -4.165922 7.474308
v 9.714937 -4.034548 7.331903
v 9.714937 -3.905723 7.187189
v 9.714937 -3.779485 7.040212
v 9.714937 -3.655875 6.891018
v 9.714937 -3.534932 6.739654
v 9.714937 -3.416694 6.586168
v 9.714937 -3.301198 6.430608
v 9.714937 -3.188480 6.273023
v 9.714937 -3.078576 6.113463
v 9.714937 -2.971521 5.951977
v 9.714937 -2.867349 5.788618
v 9.714937 -2.766091 5.623436
v 9.714937 -2.667781 5.456483
v 9.714937 -2.572448 5.287812
v 9.714937 -2.480123 5.117476
v 9.714937 -2.390836 4.945528
v 9.714937 -2.304613 4.772023
v 9.714937 -2.221483 4.597016
v 9.714937 -2.141471 4.420561
v 9.714937 -2.064603 4.242714
v 9.714937 -1.990903 4.063531
v 9.714937 -1.920394 3.883068
v 9.714937 -1.853098 3.701383
v 9.714937 -1.789037 3.518532
v 9.714937 -1.728230 3.334573
v 9.714937 -1.670697 3.149565
v 9.714937 -1.616456 2.963564
v 9.714937 -1.565524 2.776631
v 9.714937 -1.517917 2.588823
v 9.714937 -1.473651 2.400199
v 9.714937 -1.432738 2.210821
v 9.714937 -1.395191 2.020745
v 9.714937 -1.361024 1.830034
v 9.714937 -1.330246 1.638746
v 9.714937 -1.302867 1.446943
v 9.714937 -1.278896 1.254683
v 9.714937 -1.258340 1.062029
v 9.714937 -1.241206 0.869040
v 9.714937 -1.227499 0.675778
v 9.714937 -1.217224 0.482303
v 9.714937 -1.210383 0.288675
v 9.714937 -1.206979 0.094957
v 9.714937 -1.207013 -0.098790
v 9.714937 -1.210485 -0.292507
v 9.714937 -1.217394 -0.486132
v 9.714937 -1.227737 -0.679604
v 9.714937 -1.241512 -0.872861
v 9.714937 -1.258714 -1.065844
v 9.714937 -1.279337 -1.258491
v 9.714937 -1.303376 -1.450742
v 9.714937 -1.330822 -1.642536
v 9.714937 -1.361667 -1.833813
v 9.714937 -1.395902 -2.024512
v 9.714937 -1.433514 -2.214574
v 9.714937 -1.474494 -2.403939
v 9.714937 -1.518827 -2.592546
v 9.714937 -1.566500 -2.780337
v 9.714937 -1.617497 -2.967253
v 9.714937 -1.671804 -3.153235
v 9.714937 -1.729401 -3.338223
v 9.714937 -1.790273 -3.522160
v 9.714937 -1.854398 -3.704989
v 9.714937 -1.921758 -3.886650
v 9.714937 -1.992330 -4.067088
v 9.714937 -2.066093 -4.246245
v 9.760100 -10.944781 10.989202
v 9.760100 -10.749971 10.966530
v 9.760100 -10.555594 10.940404
v 9.760100 -10.361711 10.910834
v 9.760100 -10.168383 10.877827
v 9.760100 -9.975672 10.841396
v 9.760100 -9.783637 10.801551
v 9.760100 -9.592339 10.758304
v 9.760100 -9.401839 10.711670
v 9.760100 -9.212196 10.661663
v 9.760100 -9.023471 10.608298
v 9.760100 -8.835722 10.551594
v 9.760100 -8.649009 10.491566
v 9.760100 -8.463390 10.428235
v 9.760100 -8.278925 10.361621
v 9.760100 -8.095670 10.291743
v 9.760100 -7.913685 10.218625
v 9.760100 -7.733025 10.142289
v 9.760100 -7.553748 10.062760
v 9.760100 -7.375911 9.980062
v 9.760100 -7.199569 9.894221
v 9.760100 -7.024779 9.805265
v 9.760100 -6.851594 9.713221
v 9.760100 -6.680069 9.618119
v 9.760100 -6.510260 9.519988
v 9.760100 -6.342218 9.418859
v 9.760100 -6.175997 9.314765
v 9.760100 -6.011649 9.207737
v 9.760100 -5.849227 9.097810
v 9.760100 -5.688780 8.985018
v 9.760100 -5.530361 8.869397
v 9.760100 -5.374017 8.750983
v 9.760100 -5.219800 8.629814
v 9.760100 -5.067757 8.505927
v 9.760100 -4.917936 8.379362
v 9.760100 -4.770385 8.250158
v 9.760100 -4.625149 8.118356
v 9.760100 -4.482275 7.983998
v 9.760100 -4.341808 7.847126
v 9.760100 -4.203791 7.707783
v 9.760100 -4.068269 7.566013
v 9.760100 -3.935283 7.421861
v 9.760100 -3.804877 7.275371
v 9.760100 -3.677090 7.126591
v 9.760100 -3.551964 6.975566
v 9.760100 -3.429537 6.822345
v 9.760100 -3.309848 6.666976
v 9.760100 -3.192935 6.509507
v 9.760100 -3.078834 6.349989
v 9.760100 -2.967582 6.188471
v 9.760100 -2.859214 6.025005
v 9.760100 -2.753763 5.859641
v 9.760100 -2.651263 5.692432
v 9.760100 -2.551746 5.523431
v 9.760100 -2.455244 5.352690
v 9.760100 -2.361786 5.180264
v 9.760100 -2.271403 5.006207
v 9.760100 -2.184123 4.830573
v 9.760100 -2.099973 4.653418
v 9.760100 -2.018979 4.474798
v 9.760100 -1.941168 4.294769
v 9.760100 -1.866564 4.113388
v 9.760100 -1.795189 3.930711
v 9.760100 -1.727068 3.746797
v 9.760100 -1.662221 3.561702
v 9.760100 -1.600668 3.375487
v 9.760100 -1.542429 3.188208
v 9.760100 -1.487523 2.999925
v 9.760100 -1.435966 2.810698
v 9.760100 -1.387775 2.620586
v 9.760100 -1.342965 2.429649
v 9.760100 -1.301550 2.237946
v 9.760100 -1.263543 2.045539
v 9.760100 -1.228956 1.852487
v 9.760100 -1.197801 1.658853
v 9.760100 -1.170086 1.464696
v 9.760100 -1.145821 1.270078
v 9.760100 -1.125013 1.075060
v 9.760100 -1.107668 0.879703
v 9.760100 -1.093793 0.684069
v 9.760100 -1.083392 0.488220
v 9.760100 -1.076467 0.292217
v 9.760100 -1.073021 0.096123
v 9.760100 -1.073056 -0.100003
v 9.760100 -1.076570 -0.296096
v 9.760100 -1.083564 -0.492096
v 9.760100 -1.094034 -0.687942
v 9.760100 -1.107978 -0.883571
v 9.760100 -1.125391 -1.078921
v 9.760100 -1.146267 -1.273932
v 9.760100 -1.170601 -1.468542
v 9.760100 -1.198384 -1.662689
v 9.760100 -1.229607 -1.856313
v 9.760100 -1.264262 -2.049352
v 9.760100 -1.302336 -2.241746
v 9.760100 -1.343818 -2.433434
v 9.760100 -1.388695 -2.624355
v 9.760100 -1.436953 -2.814451
v 9.760100 -1.488576 -3.003660
v 9.760100 -1.543549 -3.191923
v 9.760100 -1.601854 -3.379181
v 9.760100 -1.663472 -3.565375
v 9.760100 -1.728384 -3.750447
v 9.760100 -1.796570 -3.934337
v 9.760100 -1.868008 -4.116989
v 9.801458 -10.930346 11.123615
v 9.801458 -10.733153 11.100665
v 9.801458 -10.536398 11.074220
v 9.801458 -10.340144 11.044288
v 9.801458 -10.144451 11.010878
v 9.801458 -9.949382 10.974001
v 9.801458 -9.754999 10.933668
v 9.801458 -9.561361 10.889893
v 9.801458 -9.368531 10.842688
v 9.801458 -9.176569 10.792070
v 9.801458 -8.985535 10.738052
v 9.801458 -8.795490 10.680654
v 9.801458 -8.606493 10.619893
v 9.801458 -8.418604 10.555787
v 9.801458 -8.231882 10.488358
v 9.801458 -8.046386 10.417625
v 9.801458 -7.862175 10.343613
v 9.801458 -7.679305 10.266344
v 9.801458 -7.497836 10.185841
v 9.801458 -7.317823 10.102132
v 9.801458 -7.139325 10.015241
v 9.801458 -6.962396 9.925197
v 9.801458 -6.787093 9.832027
v 9.801458 -6.613470 9.735762
v 9.801458 -6.441584 9.636430
v 9.801458 -6.271487 9.534065
v 9.801458 -6.103233 9.428697
v 9.801458 -5.936875 9.320360
v 9.801458 -5.772465 9.209089
v 9.801458 -5.610057 9.094917
v 9.801458 -5.449699 8.977882
v 9.801458 -5.291444 8.858020
v 9.801458 -5.135340 8.735368
v 9.801458 -4.981437 8.609966
v 9.801458 -4.829784 8.481853
v 9.801458 -4.680427 8.351069
v 9.801458 -4.533415 8.217655
v 9.801458 -4.388794 8.081654
v 9.801458 -4.246608 7.943108
v 9.801458 -4.106904 7.802060
v 9.801458 -3.969724 7.658556
v 9.801458 -3.835112 7.512640
v 9.801458 -3.703110 7.364359
v 9.801458 -3.573761 7.213759
v 9.801458 -3.447104 7.060887
v 9.801458 -3.323179 6.905792
v 9.801458 -3.202026 6.748522
v 9.801458 -3.083683 6.589128
v 9.801458 -2.968187 6.427658
v 9.801458 -2.855574 6.264165
v 9.801458 -2.745880 6.098699
v 9.801458 -2.639140 5.931312
v 9.801458 -2.535386 5.762058
v 9.801458 -2.434652 5.590990
v 9.801458 -2.336969 5.418161
v 9.801458 -2.242369 5.243626
v 9.801458 -2.150880 5.067439
v 9.801458 -2.062532 4.889658
v 9.801458 -1.977353 4.710336
v 9.801458 -1.895369 4.529531
v 9.801458 -1.816606 4.347300
v 9.801458 -1.741089 4.163700
v 9.801458 -1.668842 3.978789
v 9.801458 -1.599887 3.792625
v 9.801458 -1.534246 3.605267
v 9.801458 -1.471941 3.416773
v 9.801458 -1.412990 3.227204
v 9.801458 -1.357412 3.036619
v 9.801458 -1.305224 2.845077
v 9.801458 -1.256444 2.652639
v 9.801458 -1.211086 2.459366
v 9.801458 -1.169164 2.265319
v 9.801458 -1.130692 2.070559
v 9.801458 -1.095683 1.875146
v 9.801458 -1.064146 1.679143
v 9.801458 -1.036092 1.482611
v 9.801458 -1.011530 1.285612
v 9.801458 -0.990468 1.088209
v 9.801458 -0.972911 0.890463
v 9.801458 -0.958866 0.692436
v 9.801458 -0.948337 0.494192
v 9.801458 -0.941328 0.295792
v 9.801458 -0.937840 0.097298
v 9.801458 -0.937875 -0.101226
v 9.801458 -0.941433 -0.299718
v 9.801458 -0.948512 -0.498115
v 9.801458 -0.959110 -0.696356
v 9.801458 -0.973224 -0.894378
v 9.801458 -0.990850 -1.092118
v 9.801458 -1.011982 -1.289514
v 9.801458 -1.036613 -1.486504
v 9.801458 -1.064736 -1.683026
v 9.801458 -1.096342 -1.879018
v 9.801458 -1.131420 -2.074418
v 9.801458 -1.169960 -2.269165
v 9.801458 -1.211950 -2.463198
v 9.801458 -1.257376 -2.656455
v 9.801458 -1.306224 -2.848875
v 9.801458 -1.358478 -3.040399
v 9.801458 -1.414123 -3.230965
v 9.801458 -1.473141 -3.420513
v 9.801458 -1.535513 -3.608985
v 9.801458 -1.601219 -3.796320
v 9.801458 -1.670239 -3.982460
v 9.838977 -10.915791 11.259137
v 9.838977 -10.716196 11.235908
v 9.838977 -10.517044 11.209140
v 9.838977 -10.318398 11.178844
v 9.838977 -10.120322 11.145027
v 9.838977 -9.922876 11.107700
v 9.838977 -9.726124 11.066876
v 9.838977 -9.530128 11.022567
v 9.838977 -9.334948 10.974788
v 9.838977 -9.140647 10.923552
v 9.838977 -8.947286 10.868877
v 9.838977 -8.754925 10.810779
v 9.838977 -8.563626 10.749278
v 9.838977 -8.373448 10.684391
v 9.838977 -8.184451 10.616140
v 9.838977 -7.996695 10.544546
v 9.838977 -7.810239 10.469632
v 9.838977 -7.625142 10.391421
v 9.838977 -7.441462 10.309938
v 9.838977 -7.259256 10.225209
v 9.838977 -7.078583 10.137259
v 9.838977 -6.899499 10.046118
v 9.838977 -6.722060 9.951813
v 9.838977 -6.546322 9.854375
v 9.838977 -6.372341 9.753834
v 9.838977 -6.200172 9.650221
v 9.838977 -6.029868 9.543569
v 9.838977 -5.861483 9.433913
v 9.838977 -5.695071 9.321286
v 9.838977 -5.530683 9.205723
v 9.838977 -5.368372 9.087262
v 9.838977 -5.208189 8.965940
v 9.838977 -5.050183 8.841794
v 9.838977 -4.894405 8.714864
v 9.838977 -4.740904 8.585190
v 9.838977 -4.589728 8.452812
v 9.838977 -4.440925 8.317773
v 9.838977 -4.294542 8.180115
v 9.838977 -4.150624 8.039881
v 9.838977 -4.009217 7.897115
v 9.838977 -3.870366 7.751862
v 9.838977 -3.734114 7.604169
v 9.838977 -3.600504 7.454081
v 9.838977 -3.469579 7.301646
v 9.838977 -3.341379 7.146912
v 9.838977 -3.215944 6.989927
v 9.838977 -3.093315 6.830741
v 9.838977 -2.973531 6.669405
v 9.838977 -2.856627 6.505968
v 9.838977 -2.742642 6.340483
v 9.838977 -2.631612 6.173001
v 9.838977 -2.523571 6.003575
v 9.838977 -2.418553 5.832259
v 9.838977 -2.316592 5.659106
v 9.838977 -2.217719 5.484172
v 9.838977 -2.121966 5.307510
v 9.838977 -2.029363 5.129177
v 9.838977 -1.939938 4.949230
v 9.838977 -1.853721 4.767723
v 9.838977 -1.770738 4.584716
v 9.838977 -1.691016 4.400264
v 9.838977 -1.614579 4.214428
v 9.838977 -1.541451 4.027264
v 9.838977 -1.471657 3.838832
v 9.838977 -1.405216 3.649191
v 9.838977 -1.342152 3.458401
v 9.838977 -1.282482 3.266522
v 9.838977 -1.226227 3.073615
v 9.838977 -1.173404 2.879739
v 9.838977 -1.124029 2.684957
v 9.838977 -1.078118 2.489330
v 9.838977 -1.035686 2.292918
v 9.838977 -0.996746 2.095785
v 9.838977 -0.961310 1.897991
v 9.838977 -0.929389 1.699600
v 9.838977 -0.900993 1.500674
v 9.838977 -0.876132 1.301275
v 9.838977 -0.854813 1.101467
v 9.838977 -0.837042 0.901312
v 9.838977 -0.822826 0.700872
v 9.838977 -0.812169 0.500213
v 9.838977 -0.805074 0.299395
v 9.838977 -0.801544 0.098484
v 9.838977 -0.801579 -0.102459
v 9.838977 -0.805180 -0.303369
v 9.838977 -0.812346 -0.504184
v 9.838977 -0.823073 -0.704840
v 9.838977 -0.837359 -0.905274
v 9.838977 -0.855200 -1.105423
v 9.838977 -0.876589 -1.305224
v 9.838977 -0.901521 -1.504614
v 9.838977 -0.929986 -1.703531
v 9.838977 -0.961977 -1.901910
v 9.838977 -0.997482 -2.099691
v 9.838977 -1.036492 -2.296811
v 9.838977 -1.078993 -2.493208
v 9.838977 -1.124972 -2.688819
v 9.838977 -1.174416 -2.883584
v 9.838977 -1.227307 -3.077441
v 9.838977 -1.283630 -3.270328
v 9.838977 -1.343367 -3.462186
v 9.838977 -1.406498 -3.652954
v 9.838977 -1.473005 -3.842571
v 9.872627 -10.699113 11.372148
v 9.872627 -10.497546 11.345057
v 9.872627 -10.296492 11.314392
v 9.872627 -10.096014 11.280165
v 9.872627 -9.896174 11.242386
v 9.872627 -9.697037 11.201067
v 9.872627 -9.498664 11.156221
v 9.872627 -9.301117 11.107862
v 9.872627 -9.104460 11.056005
v 9.872627 -8.908755 11.000667
v 9.872627 -8.714062 10.941865
v 9.872627 -8.520442 10.879618
v 9.872627 -8.327958 10.813944
v 9.872627 -8.136670 10.744866
v 9.872627 -7.946638 10.672404
v 9.872627 -7.757921 10.596581
v 9.872627 -7.570579 10.517422
v 9.872627 -7.384672 10.434951
v 9.872627 -7.200257 10.349194
v 9.872627 -7.017393 10.260178
v 9.872627 -6.836137 10.167932
v 9.872627 -6.656546 10.072484
v 9.872627 -6.478678 9.973864
v 9.872627 -6.302587 9.872103
v 9.872627 -6.128330 9.767234
v 9.872627 -5.955961 9.659290
v 9.872627 -5.785535 9.548303
v 9.872627 -5.617105 9.434311
v 9.872627 -5.450724 9.317347
v 9.872627 -5.286445 9.197449
v 9.872627 -5.124319 9.074656
v 9.872627 -4.964397 8.949005
v 9.872627 -4.806731 8.820536
v 9.872627 -4.651368 8.689289
v 9.872627 -4.498360 8.555307
v 9.872627 -4.347752 8.418630
v 9.872627 -4.199594 8.279302
v 9.872627 -4.053931 8.137368
v 9.872627 -3.910809 7.992871
v 9.872627 -3.770275 7.845857
v 9.872627 -3.632370 7.696373
v 9.872627 -3.497141 7.544465
v 9.872627 -3.364628 7.390182
v 9.872627 -3.234873 7.233571
v 9.872627 -3.107918 7.074683
v 9.872627 -2.983802 6.913567
v 9.872627 -2.862565 6.750274
v 9.872627 -2.744244 6.584856
v 9.872627 -2.628877 6.417364
v 9.872627 -2.516500 6.247851
v 9.872627 -2.407149 6.076371
v 9.872627 -2.300858 5.902978
v 9.872627 -2.197660 5.727726
v 9.872627 -2.097589 5.550670
v 9.872627 -2.000674 5.371866
v 9.872627 -1.906948 5.191371
v 9.872627 -1.816440 5.009241
v 9.872627 -1.729177 4.825534
v 9.872627 -1.645188 4.640308
v 9.872627 -1.564499 4.453620
v 9.872627 -1.487135 4.265530
v 9.872627 -1.413121 4.076096
v 9.872627 -1.342480 3.885379
v 9.872627 -1.275234 3.693439
v 9.872627 -1.211405 3.500336
v 9.872627 -1.151012 3.306130
v 9.872627 -1.094074 3.110884
v 9.872627 -1.040611 2.914657
v 9.872627 -0.990637 2.717514
v 9.872627 -0.944170 2.519514
v 9.872627 -0.901223 2.320721
v 9.872627 -0.861811 2.121197
v 9.872627 -0.825945 1.921005
v 9.872627 -0.793637 1.720209
v 9.872627 -0.764897 1.518871
v 9.872627 -0.739734 1.317054
v 9.872627 -0.718156 1.114823
v 9.872627 -0.700170 0.912240
v 9.872627 -0.685782 0.709371
v 9.872627 -0.674996 0.506278
v 9.872627 -0.667815 0.303026
v 9.872627 -0.664242 0.099678
v 9.872627 -0.664277 -0.103701
v 9.872627 -0.667922 -0.307048
v 9.872627 -0.675174 -0.510298
v 9.872627 -0.686032 -0.713387
v 9.872627 -0.700491 -0.916251
v 9.872627 -0.718548 -1.118827
v 9.872627 -0.740197 -1.321051
v 9.872627 -0.765431 -1.522859
v 9.872627 -0.794241 -1.724187
v 9.872627 -0.826620 -1.924972
v 9.872627 -0.862556 -2.125151
v 9.872627 -0.902038 -2.324661
v 9.872627 -0.945055 -2.523439
v 9.872627 -0.991592 -2.721422
v 9.872627 -1.041635 -2.918549
v 9.872627 -1.095167 -3.114756
v 9.872627 -1.152173 -3.309983
v 9.872627 -1.212634 -3.504167
v 9.872627 -1.276531 -3.697248
v 9.902383 -10.681919 11.509279
v 9.902383 -10.477922 11.481860
v 9.902383 -10.274443 11.450826
v 9.902383 -10.071547 11.416186
v 9.902383 -9.869298 11.377952
v 9.902383 -9.667759 11.336135
v 9.902383 -9.466994 11.290748
v 9.902383 -9.267066 11.241805
v 9.902383 -9.068037 11.189323
v 9.902383 -8.869972 11.133318
v 9.902383 -8.672931 11.073807
v 9.902383 -8.476977 11.010809
v 9.902383 -8.282172 10.944343
v 9.902383 -8.088577 10.874432
v 9.902383 -7.896253 10.801096
v 9.902383 -7.705261 10.724359
v 9.902383 -7.515660 10.644246
v 9.902383 -7.327511 10.560780
v 9.902383 -7.140872 10.473989
v 9.902383 -6.955803 10.383900
v 9.902383 -6.772361 10.290541
v 9.902383 -6.590605 10.193942
v 9.902383 -6.410592 10.094133
v 9.902383 -6.232378 9.991145
v 9.902383 -6.056020 9.885012
v 9.902383 -5.881572 9.775766
v 9.902383 -5.709091 9.663441
v 9.902383 -5.538630 9.548074
v 9.902383 -5.370243 9.429700
v 9.902383 -5.203983 9.308356
v 9.902383 -5.039902 9.184082
v 9.902383 -4.878052 9.056916
v 9.902383 -4.718484 8.926897
v 9.902383 -4.561248 8.794068
v 9.902383 -4.406394 8.658470
v 9.902383 -4.253971 8.520145
v 9.902383 -4.104026 8.379138
v 9.902383 -3.956606 8.235492
v 9.902383 -3.811759 8.089252
v 9.902383 -3.669530 7.940466
v 9.902383 -3.529963 7.789179
v 9.902383 -3.393102 7.635440
v 9.902383 -3.258991 7.479296
v 9.902383 -3.127672 7.320797
v 9.902383 -2.999186 7.159993
v 9.902383 -2.873574 6.996934
v 9.902383 -2.750874 6.831672
v 9.902383 -2.631127 6.664259
v 9.902383 -2.514369 6.494747
v 9.902383 -2.400637 6.323191
v 9.902383 -2.289967 6.149643
v 9.902383 -2.182394 5.974158
v 9.902383 -2.077952 5.796793
v 9.902383 -1.976674 5.617602
v 9.902383 -1.878591 5.436643
v 9.902383 -1.783735 5.253971
v 9.902383 -1.692135 5.069645
v 9.902383 -1.603820 4.883723
v 9.902383 -1.518818 4.696262
v 9.902383 -1.437156 4.507323
v 9.902383 -1.358859 4.316965
v 9.902383 -1.283952 4.125247
v 9.902383 -1.212460 3.932231
v 9.902383 -1.144403 3.737976
v 9.902383 -1.079804 3.542544
v 9.902383 -1.018683 3.345997
v 9.902383 -0.961059 3.148396
v 9.902383 -0.906950 2.949804
v 9.902383 -0.856374 2.750282
v 9.902383 -0.809347 2.549895
v 9.902383 -0.765882 2.348705
v 9.902383 -0.725994 2.146775
v 9.902383 -0.689696 1.944170
v 9.902383 -0.656998 1.740952
v 9.902383 -0.627912 1.537186
v 9.902383 -0.602446 1.332936
v 9.902383 -0.580608 1.128266
v 9.902383 -0.562405 0.923241
v 9.902383 -0.547843 0.717925
v 9.902383 -0.536927 0.512383
v 9.902383 -0.529659 0.306680
v 9.902383 -0.526043 0.100880
v 9.902383 -0.526079 -0.104952
v 9.902383 -0.529768 -0.310750
v 9.902383 -0.537107 -0.516451
v 9.902383 -0.548096 -0.721989
v 9.902383 -0.562730 -0.927300
v 9.902383 -0.581004 -1.132319
v 9.902383 -0.602914 -1.336981
v 9.902383 -0.628452 -1.541222
v 9.902383 -0.657610 -1.744978
v 9.902383 -0.690379 -1.948184
v 9.902383 -0.726749 -2.150777
v 9.902383 -0.766707 -2.352693
v 9.902383 -0.810242 -2.553868
v 9.902383 -0.857341 -2.754238
v 9.902383 -0.907987 -2.953742
v 9.902383 -0.962165 -3.152315
v 9.902383 -1.019858 -3.349896
v 9.902383 -1.081048 -3.546422
v 9.928219 -10.664627 11.647189
v 9.928219 -10.458186 11.619442
v 9.928219 -10.252269 11.588036
v 9.928219 -10.046942 11.552981
v 9.928219 -9.842269 11.514288
v 9.928219 -9.638315 11.471970
v 9.928219 -9.435144 11.426039
v 9.928219 -9.232821 11.376511
v 9.928219 -9.031407 11.323400
v 9.928219 -8.830968 11.266723
v 9.928219 -8.631566 11.206499
v 9.928219 -8.433265 11.142746
v 9.928219 -8.236125 11.075484
v 9.928219 -8.040211 11.004735
v 9.928219 -7.845582 10.930520
v 9.928219 -7.652301 10.852864
v 9.928219 -7.460429 10.771790
v 9.928219 -7.270025 10.687325
v 9.928219 -7.081150 10.599494
v 9.928219 -6.893863 10.508325
v 9.928219 -6.708223 10.413848
v 9.928219 -6.524290 10.316091
v 9.928219 -6.342119 10.215086
v 9.928219 -6.161770 10.110865
v 9.928219 -5.983298 10.003459
v 9.928219 -5.806761 9.892904
v 9.928219 -5.632212 9.779233
v 9.928219 -5.459709 9.662483
v 9.928219 -5.289304 9.542691
v 9.928219 -5.121051 9.419894
v 9.928219 -4.955004 9.294130
v 9.928219 -4.791215 9.165440
v 9.928219 -4.629735 9.033864
v 9.928219 -4.470615 8.899443
v 9.928219 -4.313906 8.762220
v 9.928219 -4.159656 8.622238
v 9.928219 -4.007914 8.479541
v 9.928219 -3.858729 8.334174
v 9.928219 -3.712146 8.186182
v 9.928219 -3.568212 8.035613
v 9.928219 -3.426973 7.882513
v 9.928219 -3.288472 7.726931
v 9.928219 -3.152754 7.568917
v 9.928219 -3.019861 7.408519
v 9.928219 -2.889836 7.245788
v 9.928219 -2.762718 7.080775
v 9.928219 -2.638549 6.913533
v 9.928219 -2.517366 6.744114
v 9.928219 -2.399209 6.572571
v 9.928219 -2.284114 6.398958
v 9.928219 -2.172119 6.223331
v 9.928219 -2.063257 6.045744
v 9.928219 -1.957563 5.866253
v 9.928219 -1.855071 5.684915
v 9.928219 -1.755813 5.501787
v 9.928219 -1.659820 5.316927
v 9.928219 -1.567123 5.130392
v 9.928219 -1.477750 4.942242
v 9.928219 -1.391729 4.752535
v 9.928219 -1.309089 4.561332
v 9.928219 -1.229854 4.368693
v 9.928219 -1.154049 4.174678
v 9.928219 -1.081700 3.979349
v 9.928219 -1.012828 3.782766
v 9.928219 -0.947455 3.584993
v 9.928219 -0.885601 3.386090
v 9.928219 -0.827287 3.186122
v 9.928219 -0.772530 2.985150
v 9.928219 -0.721348 2.783238
v 9.928219 -0.673757 2.580449
v 9.928219 -0.629771 2.376849
v 9.928219 -0.589405 2.172499
v 9.928219 -0.552672 1.967466
v 9.928219 -0.519583 1.761813
v 9.928219 -0.490148 1.555605
v 9.928219 -0.464376 1.348908
v 9.928219 -0.442277 1.141785
v 9.928219 -0.423856 0.934303
v 9.928219 -0.409120 0.726527
v 9.928219 -0.398072 0.518523
v 9.928219 -0.390718 0.310354
v 9.928219 -0.387058 0.102089
v 9.928219 -0.387095 -0.106209
v 9.928219 -0.390828 -0.314474
v 9.928219 -0.398255 -0.522639
v 9.928219 -0.409375 -0.730640
v 9.928219 -0.424185 -0.938411
v 9.928219 -0.442678 -1.145887
v 9.928219 -0.464851 -1.353001
v 9.928219 -0.490695 -1.559690
v 9.928219 -0.520202 -1.765887
v 9.928219 -0.553363 -1.971528
v 9.928219 -0.590169 -2.176549
v 9.928219 -0.630606 -2.380884
v 9.928219 -0.674663 -2.584469
v 9.928219 -0.722326 -2.787241
v 9.928219 -0.773579 -2.989135
v 9.928219 -0.828406 -3.190088
v 9.928219 -0.886791 -3.390036
v 9.950116 -10.438354 11.757691
v 9.950116 -10.229987 11.725912
v 9.950116 -10.022217 11.690440
v 9.950116 -9.815109 11.651287
v 9.950116 -9.608728 11.608465
v 9.950116 -9.403140 11.561988
v 9.950116 -9.198409 11.511870
v 9.950116 -8.994599 11.458127
v 9.950116 -8.791775 11.400776
v 9.950116 -8.590001 11.339835
v 9.950116 -8.389340 11.275324
v 9.950116 -8.189855 11.207262
v 9.950116 -7.991609 11.135671
v 9.950116 -7.794665 11.060573
v 9.950116 -7.599084 10.981993
v 9.950116 -7.404929 10.899955
v 9.950116 -7.212260 10.814484
v 9.950116 -7.021137 10.725608
v 9.950116 -6.831622 10.633355
v 9.950116 -6.643774 10.537753
v 9.950116 -6.457652 10.438833
v 9.950116 -6.273314 10.336627
v 9.950116 -6.090819 10.231165
v 9.950116 -5.910223 10.122482
v 9.950116 -5.731585 10.010611
v 9.950116 -5.554960 9.895588
v 9.950116 -5.380404 9.777449
v 9.950116 -5.207972 9.656231
v 9.950116 -5.037717 9.531973
v 9.950116 -4.869695 9.404713
v 9.950116 -4.703957 9.274492
v 9.950116 -4.540556 9.141350
v 9.950116 -4.379543 9.005330
v 9.950116 -4.220969 8.866474
v 9.950116 -4.064883 8.724827
v 9.950116 -3.911336 8.580432
v 9.950116 -3.760375 8.433335
v 9.950116 -3.612048 8.283582
v 9.950116 -3.466402 8.131222
v 9.950116 -3.323482 7.976300
v 9.950116 -3.183334 7.818867
v 9.950116 -3.046001 7.658973
v 9.950116 -2.911527 7.496666
v 9.950116 -2.779955 7.331999
v 9.950116 -2.651325 7.165023
v 9.950116 -2.525678 6.995791
v 9.950116 -2.403053 6.824356
v 9.950116 -2.283490 6.650772
v 9.950116 -2.167026 6.475094
v 9.950116 -2.053698 6.297377
v 9.950116 -1.943541 6.117677
v 9.950116 -1.836590 5.936051
v 9.950116 -1.732878 5.752555
v 9.950116 -1.632439 5.567248
v 9.950116 -1.535304 5.380188
v 9.950116 -1.441504 5.191434
v 9.950116 -1.351067 5.001045
v 9.950116 -1.264023 4.809082
v 9.950116 -1.180399 4.615604
v 9.950116 -1.100222 4.420672
v 9.950116 -1.023516 4.224349
v 9.950116 -0.950305 4.026696
v 9.950116 -0.880614 3.827774
v 9.950116 -0.814463 3.627648
v 9.950116 -0.751873 3.426378
v 9.950116 -0.692865 3.224031
v 9.950116 -0.637457 3.020667
v 9.950116 -0.585666 2.816353
v 9.950116 -0.537508 2.611152
v 9.950116 -0.492999 2.405129
v 9.950116 -0.452153 2.198348
v 9.950116 -0.414983 1.990875
v 9.950116 -0.381500 1.782775
v 9.950116 -0.351715 1.574114
v 9.950116 -0.325637 1.364957
v 9.950116 -0.303274 1.155370
v 9.950116 -0.284634 0.945420
v 9.950116 -0.269723 0.735172
v 9.950116 -0.258544 0.524692
v 9.950116 -0.251102 0.314047
v 9.950116 -0.247399 0.103303
v 9.950116 -0.247436 -0.107473
v 9.950116 -0.251213 -0.318216
v 9.950116 -0.258729 -0.528858
v 9.950116 -0.269981 -0.739334
v 9.950116 -0.284967 -0.949577
v 9.950116 -0.303681 -1.159520
v 9.950116 -0.326117 -1.369099
v 9.950116 -0.352268 -1.578247
v 9.950116 -0.382127 -1.786898
v 9.950116 -0.415683 -1.994986
v 9.950116 -0.452926 -2.202446
v 9.950116 -0.493845 -2.409212
v 9.950116 -0.538426 -2.615220
v 9.950116 -0.586655 -2.820404
v 9.950116 -0.638518 -3.024700
v 9.950116 -0.693998 -3.228044
v 9.968055 -10.418442 11.896498
v 9.968055 -10.207615 11.864344
v 9.968055 -9.997392 11.828453
v 9.968055 -9.787839 11.788838
v 9.968055 -9.579022 11.745510
v 9.968055 -9.371007 11.698484
v 9.968055 -9.163859 11.647775
v 9.968055 -8.957643 11.593397
v 9.968055 -8.752425 11.535370
v 9.968055 -8.548268 11.473709
v 9.968055 -8.345238 11.408436
v 9.968055 -8.143398 11.339571
v 9.968055 -7.942812 11.267134
v 9.968055 -7.743543 11.191150
v 9.968055 -7.545653 11.111642
v 9.968055 -7.349205 11.028636
v 9.968055 -7.154262 10.942156
v 9.968055 -6.960883 10.852231
v 9.968055 -6.769131 10.758888
v 9.968055 -6.579065 10.662158
v 9.968055 -6.390745 10.562070
v 9.968055 -6.204231 10.458657
v 9.968055 -6.019581 10.351950
v 9.968055 -5.836854 10.241984
v 9.968055 -5.656107 10.128792
v 9.968055 -5.477397 10.012412
v 9.968055 -5.300780 9.892878
v 9.968055 -5.126312 9.770229
v 9.968055 -4.954048 9.644504
v 9.968055 -4.784041 9.515742
v 9.968055 -4.616347 9.383983
v 9.968055 -4.451016 9.249270
v 9.968055 -4.288103 9.111644
v 9.968055 -4.127656 8.971149
v 9.968055 -3.969728 8.827829
v 9.968055 -3.814369 8.681729
v 9.968055 -3.661626 8.532896
v 9.968055 -3.511548 8.381375
v 9.968055 -3.364182 8.227216
v 9.968055 -3.219575 8.070466
v 9.968055 -3.077772 7.911174
v 9.968055 -2.938818 7.749392
v 9.968055 -2.802756 7.585169
v 9.968055 -2.669630 7.418558
v 9.968055 -2.539482 7.249611
v 9.968055 -2.412351 7.078381
v 9.968055 -2.288279 6.904922
v 9.968055 -2.167305 6.729289
v 9.968055 -2.049466 6.551537
v 9.968055 -1.934800 6.371721
v 9.968055 -1.823342 6.189900
v 9.968055 -1.715129 6.006129
v 9.968055 -1.610193 5.820468
v 9.968055 -1.508568 5.632973
v 9.968055 -1.410286 5.443705
v 9.968055 -1.315378 5.252722
v 9.968055 -1.223874 5.060086
v 9.968055 -1.135803 4.865856
v 9.968055 -1.051191 4.670094
v 9.968055 -0.970067 4.472861
v 9.968055 -0.892456 4.274220
v 9.968055 -0.818381 4.074233
v 9.968055 -0.747866 3.872964
v 9.968055 -0.680935 3.670474
v 9.968055 -0.617606 3.466829
v 9.968055 -0.557901 3.262092
v 9.968055 -0.501839 3.056328
v 9.968055 -0.449436 2.849602
v 9.968055 -0.400710 2.641978
v 9.968055 -0.355676 2.433523
v 9.968055 -0.314348 2.224301
v 9.968055 -0.276739 2.014378
v 9.968055 -0.242860 1.803822
v 9.968055 -0.212724 1.592697
v 9.968055 -0.186338 1.381071
v 9.968055 -0.163711 1.169010
v 9.968055 -0.144851 0.956581
v 9.968055 -0.129763 0.743851
v 9.968055 -0.118453 0.530886
v 9.968055 -0.110923 0.317755
v 9.968055 -0.107176 0.104523
v 9.968055 -0.107214 -0.108742
v 9.968055 -0.111035 -0.321972
v 9.968055 -0.118640 -0.535101
v 9.968055 -0.130025 -0.748062
v 9.968055 -0.145188 -0.960787
v 9.968055 -0.164122 -1.173209
v 9.968055 -0.186823 -1.385262
v 9.968055 -0.213283 -1.596879
v 9.968055 -0.243494 -1.807993
v 9.968055 -0.277447 -2.018538
v 9.968055 -0.315130 -2.228447
v 9.968055 -0.356531 -2.437654
v 9.968055 -0.401639 -2.646094
v 9.968055 -0.450438 -2.853701
v 9.968055 -0.502913 -3.060409
v 9.968055 -0.559047 -3.266153
v 9.950116 -0.753077 -3.430371
v 9.982022 -10.398466 12.035752
v 9.982022 -10.185171 12.003221
v 9.982022 -9.972488 11.966910
v 9.982022 -9.760482 11.926831
v 9.982022 -9.549220 11.882997
v 9.982022 -9.338770 11.835420
v 9.982022 -9.129197 11.784117
v 9.982022 -8.920568 11.729103
v 9.982022 -8.712947 11.670396
v 9.982022 -8.506401 11.608014
v 9.982022 -8.300994 11.541977
v 9.982022 -8.096792 11.472305
v 9.982022 -7.893858 11.399021
v 9.982022 -7.692256 11.322148
v 9.982022 -7.492050 11.241709
v 9.982022 -7.293303 11.157730
v 9.982022 -7.096077 11.070239
v 9.982022 -6.900435 10.979261
v 9.982022 -6.706438 10.884826
v 9.982022 -6.514147 10.786963
v 9.982022 -6.323623 10.685704
v 9.982022 -6.134926 10.581080
v 9.982022 -5.948115 10.473124
v 9.982022 -5.763249 10.361871
v 9.982022 -5.580386 10.247354
v 9.982022 -5.399584 10.129611
v 9.982022 -5.220899 10.008678
v 9.982022 -5.044389 9.884594
v 9.982022 -4.870108 9.757397
v 9.982022 -4.698112 9.627128
v 9.982022 -4.528455 9.493827
v 9.982022 -4.361189 9.357536
v 9.982022 -4.196368 9.218300
v 9.982022 -4.034044 9.076160
v 9.982022 -3.874268 8.931162
v 9.982022 -3.717089 8.783353
v 9.982022 -3.562558 8.632777
v 9.982022 -3.410723 8.479483
v 9.982022 -3.261633 8.323519
v 9.982022 -3.115333 8.164934
v 9.982022 -2.971870 8.003778
v 9.982022 -2.831290 7.840102
v 9.982022 -2.693635 7.673957
v 9.982022 -2.558951 7.505395
v 9.982022 -2.427279 7.334470
v 9.982022 -2.298661 7.161236
v 9.982022 -2.173136 6.985747
v 9.982022 -2.050746 6.808058
v 9.982022 -1.931528 6.628225
v 9.982022 -1.815519 6.446305
v 9.982022 -1.702757 6.262355
v 9.982022 -1.593277 6.076434
v 9.982022 -1.487112 5.888599
v 9.982022 -1.384298 5.698909
v 9.982022 -1.284866 5.507426
v 9.982022 -1.188847 5.314208
v 9.982022 -1.096272 5.119316
v 9.982022 -1.007169 4.922813
v 9.982022 -0.921568 4.724759
v 9.982022 -0.839494 4.525218
v 9.982022 -0.760974 4.324252
v 9.982022 -0.686032 4.121924
v 9.982022 -0.614692 3.918298
v 9.982022 -0.546977 3.713439
v 9.982022 -0.482907 3.507410
v 9.982022 -0.422504 3.300276
v 9.982022 -0.365785 3.092104
v 9.982022 -0.312769 2.882958
v 9.982022 -0.263473 2.672904
v 9.982022 -0.217911 2.462008
v 9.982022 -0.176099 2.250337
v 9.982022 -0.138050 2.037958
v 9.982022 -0.103775 1.824936
v 9.982022 -0.073285 1.611340
v 9.982022 -0.046591 1.397237
v 9.982022 -0.023699 1.182694
v 9.982022 -0.004618 0.967778
v 9.982022 0.010646 0.752558
v 9.982022 0.022089 0.537101
v 9.982022 0.029707 0.321474
v 9.982022 0.033498 0.105746
v 9.982022 0.033460 -0.110015
v 9.982022 0.029593 -0.325741
v 9.982022 0.021900 -0.541365
v 9.982022 0.010381 -0.756818
v 9.982022 -0.004959 -0.972033
v 9.982022 -0.024115 -1.186942
v 9.982022 -0.047082 -1.401477
v 9.982022 -0.073852 -1.615571
v 9.982022 -0.104416 -1.829157
v 9.982022 -0.138766 -2.042166
v 9.982022 -0.176890 -2.254532
v 9.982022 -0.218776 -2.466188
v 9.982022 -0.264412 -2.677068
v 9.982022 -0.313782 -2.887104
v 9.982022 -0.366871 -3.096232
v 9.992007 -10.378442 12.175341
v 9.992007 -10.162674 12.142432
v 9.992007 -9.947523 12.105701
v 9.992007 -9.733058 12.065157
v 9.992007 -9.519347 12.020814
v 9.992007 -9.306456 11.972686
v 9.992007 -9.094452 11.920787
v 9.992007 -8.883403 11.865136
v 9.992007 -8.673375 11.805748
v 9.992007 -8.464433 11.742642
v 9.992007 -8.256644 11.675839
v 9.992007 -8.050073 11.605359
v 9.992007 -7.844786 11.531225
v 9.992007 -7.640846 11.453460
v 9.992007 -7.438318 11.372089
v 9.992007 -7.237265 11.287136
v 9.992007 -7.037752 11.198629
v 9.992007 -6.839841 11.106597
v 9.992007 -6.643594 11.011066
v 9.992007 -6.449073 10.912069
v 9.992007 -6.256339 10.809635
v 9.992007 -6.065454 10.703798
v 9.992007 -5.876476 10.594590
v 9.992007 -5.689466 10.482046
v 9.992007 -5.504482 10.366202
v 9.992007 -5.321583 10.247093
v 9.992007 -5.140827 10.124758
v 9.992007 -4.962269 9.999234
v 9.992007 -4.785967 9.870562
v 9.992007 -4.611976 9.738782
v 9.992007 -4.440351 9.603935
v 9.992007 -4.271146 9.466064
v 9.992007 -4.104413 9.325212
v 9.992007 -3.940206 9.181424
v 9.992007 -3.778577 9.034745
v 9.992007 -3.619575 8.885221
v 9.992007 -3.463252 8.732899
v 9.992007 -3.309657 8.577827
v 9.992007 -3.158837 8.420054
v 9.992007 -3.010840 8.259630
v 9.992007 -2.865714 8.096605
v 9.992007 -2.723503 7.931030
v 9.992007 -2.584252 7.762958
v 9.992007 -2.448006 7.592442
v 9.992007 -2.314806 7.419535
v 9.992007 -2.184696 7.244291
v 9.992007 -2.057716 7.066766
v 9.992007 -1.933906 6.887017
v 9.992007 -1.813305 6.705098
v 9.992007 -1.695951 6.521068
v 9.992007 -1.581881 6.334985
v 9.992007 -1.471131 6.146907
v 9.992007 -1.363736 5.956894
v 9.992007 -1.259729 5.765005
v 9.992007 -1.159144 5.571300
v 9.992007 -1.062011 5.375841
v 9.992007 -0.968362 5.178689
v 9.992007 -0.878226 4.979907
v 9.992007 -0.791632 4.779556
v 9.992007 -0.708606 4.577701
v 9.992007 -0.629175 4.374404
v 9.992007 -0.553365 4.169730
v 9.992007 -0.481197 3.963742
v 9.992007 -0.412697 3.756507
v 9.992007 -0.347884 3.548088
v 9.992007 -0.286780 3.338553
v 9.992007 -0.229403 3.127966
v 9.992007 -0.175772 2.916394
v 9.992007 -0.125904 2.703904
v 9.992007 -0.079815 2.490562
v 9.992007 -0.037518 2.276436
v 9.992007 0.000973 2.061594
v 9.992007 0.035646 1.846102
v 9.992007 0.066489 1.630029
v 9.992007 0.093493 1.413442
v 9.992007 0.116650 1.196411
v 9.992007 0.135952 0.979002
v 9.992007 0.151393 0.761286
v 9.992007 0.162969 0.543330
v 9.992007 0.170675 0.325202
v 9.992007 0.174510 0.106973
v 9.992007 0.174472 -0.111291
v 9.992007 0.170561 -0.329519
v 9.992007 0.162778 -0.547644
v 9.992007 0.151125 -0.765596
v 9.992007 0.135608 -0.983307
v 9.992007 0.116229 -1.200708
v 9.992007 0.092996 -1.417732
v 9.992007 0.065916 -1.634308
v 9.992007 0.034997 -1.850371
v 9.992007 0.000249 -2.065850
v 9.992007 -0.038318 -2.280680
v 9.992007 -0.080690 -2.494791
v 9.992007 -0.126854 -2.708116
v 9.992007 -0.176797 -2.920589
v 9.998001 -10.140140 12.281867
v 9.998001 -9.922519 12.244713
v 9.998001 -9.705591 12.203704
v 9.998001 -9.489426 12.158852
v 9.998001 -9.274090 12.110171
v 9.998001 -9.059652 12.057677
v 9.998001 -8.846179 12.001386
v 9.998001 -8.633739 11.941316
v 9.998001 -8.422398 11.877486
v 9.998001 -8.212223 11.809916
v 9.998001 -8.003280 11.738627
v 9.998001 -7.795635 11.663641
v 9.998001 -7.589353 11.584983
v 9.998001 -7.384499 11.502677
v 9.998001 -7.181138 11.416749
v 9.998001 -6.979334 11.327226
v 9.998001 -6.779150 11.234136
v 9.998001 -6.580650 11.137509
v 9.998001 -6.383895 11.037375
v 9.998001 -6.188948 10.933765
v 9.998001 -5.995870 10.826712
v 9.998001 -5.804723 10.716250
v 9.998001 -5.615565 10.602414
v 9.998001 -5.428457 10.485239
v 9.998001 -5.243458 10.364763
v 9.998001 -5.060626 10.241023
v 9.998001 -4.880018 10.114058
v 9.998001 -4.701691 9.983908
v 9.998001 -4.525702 9.850614
v 9.998001 -4.352106 9.714219
v 9.998001 -4.180958 9.574765
v 9.998001 -4.012311 9.432296
v 9.998001 -3.846218 9.286856
v 9.998001 -3.682733 9.138493
v 9.998001 -3.521905 8.987252
v 9.998001 -3.363787 8.833181
v 9.998001 -3.208428 8.676328
v 9.998001 -3.055876 8.516743
v 9.998001 -2.906180 8.354477
v 9.998001 -2.759387 8.189580
v 9.998001 -2.615543 8.022104
v 9.998001 -2.474693 7.852102
v 9.998001 -2.336882 7.679628
v 9.998001 -2.202153 7.504735
v 9.998001 -2.070549 7.327479
v 9.998001 -1.942111 7.147916
v 9.998001 -1.816879 6.966102
v 9.998001 -1.694893 6.782095
v 9.998001 -1.576192 6.595952
v 9.998001 -1.460812 6.407732
v 9.998001 -1.348790 6.217494
v 9.998001 -1.240161 6.025298
v 9.998001 -1.134960 5.831206
v 9.998001 -1.033220 5.635277
v 9.998001 -0.934972 5.437573
v 9.998001 -0.840248 5.238158
v 9.998001 -0.749077 5.037092
v 9.998001 -0.661488 4.834441
v 9.998001 -0.577509 4.630268
v 9.998001 -0.497166 4.424636
v 9.998001 -0.420485 4.217612
v 9.998001 -0.347489 4.009259
v 9.998001 -0.278201 3.799644
v 9.998001 -0.212644 3.588832
v 9.998001 -0.150839 3.376890
v 9.998001 -0.092803 3.163885
v 9.998001 -0.038556 2.949884
v 9.998001 0.011884 2.734953
v 9.998001 0.058503 2.519162
v 9.998001 0.101286 2.302577
v 9.998001 0.140219 2.085267
v 9.998001 0.175289 1.867301
v 9.998001 0.206487 1.648747
v 9.998001 0.233801 1.429673
v 9.998001 0.257224 1.210149
v 9.998001 0.276748 0.990245
v 9.998001 0.292366 0.770028
v 9.998001 0.304075 0.549569
v 9.998001 0.311870 0.328937
v 9.998001 0.315748 0.108201
v 9.998001 0.315710 -0.112569
v 9.998001 0.311754 -0.333303
v 9.998001 0.303881 -0.553932
v 9.998001 0.292095 -0.774387
v 9.998001 0.276399 -0.994598
v 9.998001 0.256798 -1.214496
v 9.998001 0.233298 -1.434012
v 9.998001 0.205907 -1.653076
v 9.998001 0.174633 -1.871619
v 9.998001 0.139486 -2.089573
v 9.998001 0.100477 -2.306869
v 9.998001 0.057618 -2.523439
v 9.998001 0.010923 -2.739214
v 7.128756 -8.925379 -7.395933
v 7.255810 -8.638346 -7.333729
v 7.381061 -8.350086 -7.263565
v 7.504409 -8.060722 -7.185167
v 7.625754 -7.770401 -7.098255
v 7.745001 -7.604284 -7.083879
v 7.862053 -7.310781 -6.984280
v 7.976816 -7.016756 -6.875324
v 8.089201 -6.722456 -6.756722
v 8.199115 -6.546667 -6.728237
v 8.306472 -6.250260 -6.594744
v 8.411186 -6.069740 -6.559249
v 8.513173 -5.771894 -6.409792
v 8.612351 -5.586978 -6.366334
v 8.708641 -5.288524 -6.199870
v 8.892253 -4.801609 -5.963050
v 8.979428 -4.609416 -5.900892
v 9.063421 -4.312892 -5.697506
v 9.144166 -4.118068 -5.624692
v 9.221598 -3.921546 -5.547990
v 9.295655 -3.723460 -5.467233
v 9.366278 -3.429804 -5.228790
v 9.433411 -3.230649 -5.135890
v 9.496999 -3.030471 -5.038445
v 9.556992 -2.829442 -4.936313
v 9.613343 -2.627743 -4.829361
v 9.666005 -2.343381 -4.544607
v 9.714937 -2.143024 -4.424065
v 9.760100 -1.942676 -4.298344
v 9.801458 -1.742551 -4.167345
v 9.838977 -1.542866 -4.030979
v 9.872627 -1.343844 -3.889164
v 9.902383 -1.145716 -3.741831
v 9.928219 -0.948714 -3.588917
v 9.968055 -0.618824 -3.470869
v 9.982022 -0.423663 -3.304385
v 9.992007 -0.230502 -3.132142
v 9.998001 -0.039593 -2.954126
v 8.801967 -5.099675 -6.147513
v 8.877726 -12.264710 9.425080
v 7.128618 23.033465 -7.441691
v 7.153495 22.974917 -7.429902
v 7.090294 23.124208 -7.459524
v 7.181432 22.909470 -7.416463
v 7.028194 23.272868 -7.487592
v 7.282668 22.674582 -7.365955
v 7.348391 22.523611 -7.331613
v 7.217662 22.825029 -7.398716
v 7.255685 22.736879 -7.379698
v 7.359549 22.498074 -7.325658
v 7.481539 22.220244 -7.258157
v 7.504311 22.168592 -7.245059
v 7.414717 22.372153 -7.295682
v 7.533834 22.101700 -7.227840
v 7.380944 22.449178 -7.314140
v 7.616267 21.915203 -7.178310
v 7.625705 21.893866 -7.172500
v 7.548755 22.067916 -7.219034
v 7.683985 21.762138 -7.135982
v 7.704071 21.716732 -7.123135
v 7.819694 21.455067 -7.046507
v 7.861965 21.359181 -7.017322
v 7.744965 21.624259 -7.096559
v 7.751821 21.608749 -7.092048
v 7.869998 21.340939 -7.011702
v 7.955240 21.146928 -6.950607
v 8.022767 20.992522 -6.900247
v 7.887525 21.301118 -6.999360
v 8.031351 20.972840 -6.893718
v 8.090039 20.837922 -6.848284
v 8.156992 20.683148 -6.794718
v 8.187816 20.611548 -6.769414
v 8.223562 20.528221 -6.739551
v 8.289690 20.373160 -6.682785
v 8.339225 20.256160 -6.638926
v 8.420391 20.062698 -6.564467
v 8.484855 19.907327 -6.502921
v 8.355318 20.217980 -6.624423
v 8.485314 19.906214 -6.502474
v 8.548657 19.751882 -6.439786
v 8.611747 19.596374 -6.375066
v 8.513093 19.838745 -6.475258
v 8.625780 19.561524 -6.360348
v 8.708565 19.353838 -6.271012
v 8.735210 19.286181 -6.241308
v 8.673976 19.441060 -6.308869
v 8.760468 19.221658 -6.212706
v 8.795411 19.131742 -6.172398
v 8.854543 18.977746 -6.102154
v 8.889159 18.886450 -6.059787
v 8.969461 18.671090 -5.957717
v 9.011642 18.555786 -5.901839
v 8.892186 18.878425 -6.056037
v 8.912571 18.824195 -6.030589
v 9.079700 18.366219 -5.808107
v 9.127719 18.229593 -5.739115
v 9.025181 18.518432 -5.883552
v 9.185009 18.063126 -5.653426
v 9.235737 17.912242 -5.574213
v 9.132986 18.214451 -5.731394
v 9.237196 17.907853 -5.571887
v 9.285143 17.761797 -5.493769
v 9.333195 17.611787 -5.412103
v 9.339884 17.590591 -5.400447
v 9.379863 17.462210 -5.329228
v 9.419235 17.332701 -5.256305
v 9.435641 17.277754 -5.225040
v 9.496990 17.066600 -5.103077
v 9.498899 17.059874 -5.099145
v 9.459745 17.195902 -5.178104
v 9.524321 16.969329 -5.045925
v 9.573089 16.790103 -4.939023
v 9.605784 16.665343 -4.863384
v 9.536685 16.924609 -5.019446
v 9.641705 16.523347 -4.776073
v 9.673893 16.391087 -4.693579
v 9.608100 16.656351 -4.857893
v 9.679867 16.365961 -4.677779
v 9.704651 16.259567 -4.610427
v 9.733967 16.128782 -4.526633
v 9.746473 16.071159 -4.489364
v 9.788224 15.869403 -4.357185
v 9.805504 15.780957 -4.298412
v 9.761829 15.998729 -4.442214
v 9.836563 15.612919 -4.185360
v 9.856863 15.495423 -4.105229
v 9.813140 15.740801 -4.271561
v 9.897748 15.233563 -3.923439
v 9.900450 15.214727 -3.910191
v 9.878880 15.359303 -4.011283
v 9.858481 15.485754 -4.098595
v 9.915070 15.108530 -3.835077
v 9.930832 14.984203 -3.746214
v 9.936207 14.938891 -3.713580
v 9.945021 14.860577 -3.656864
v 9.957620 14.737652 -3.567042
v 9.964081 14.667947 -3.515676
v 9.977991 14.493890 -3.386041
v 9.984025 14.401975 -3.316797
v 9.968616 14.615423 -3.476763
v 9.991819 14.252899 -3.203330
v 9.996005 14.141058 -3.117263
v 9.985731 14.373049 -3.294892
v 9.999992 13.896572 -2.926308
v 10.000000 13.885317 -2.917424
v 9.998968 14.014662 -3.019023
v 9.996237 14.133437 -3.111369
v 10.000000 13.851189 -2.770337
v 10.000000 13.803963 -2.552110
v 10.000000 13.760618 -2.333080
v 10.000000 13.721165 -2.113315
v 10.000000 13.685619 -1.892884
v 10.000000 13.653990 -1.671858
v 10.000000 13.626287 -1.450305
v 10.000000 13.602520 -1.228295
v 10.000000 13.582696 -1.005899
v 10.000000 13.566822 -0.783186
v 10.000000 13.554902 -0.560226
v 10.000000 13.546940 -0.337090
v 10.000000 13.542939 -0.113848
v 10.000000 13.542900 0.109431
v 10.000000 13.546823 0.332674
v 10.000000 13.554706 0.555813
v 10.000000 13.566548 0.778777
v 10.000000 13.582344 1.001496
v 10.000000 13.602090 1.223899
v 10.000000 13.625779 1.445917
v 10.000000 13.653403 1.667480
v 10.000000 13.684955 1.888517
v 10.000000 13.720424 2.108960
v 10.000000 13.759799 2.328739
v 10.000000 13.803068 2.547784
v 10.000000 13.850217 2.766028
v 10.000000 13.901231 2.983400
v 10.000000 13.956094 3.199833
v 10.000000 14.014788 3.415258
v 10.000000 14.077297 3.629608
v 10.000000 14.143598 3.842815
v 10.000000 14.213673 4.054812
v 10.000000 14.287498 4.265532
v 10.000000 14.365051 4.474909
v 10.000000 14.446307 4.682877
v 10.000000 14.531240 4.889370
v 10.000000 14.619824 5.094324
v 10.000000 14.712031 5.297673
v 10.000000 14.807831 5.499355
v 10.000000 14.907195 5.699304
v 10.000000 15.010092 5.897460
v 10.000000 15.116488 6.093758
v 10.000000 15.226351 6.288137
v 10.000000 15.339646 6.480536
v 10.000000 15.456337 6.670895
v 10.000000 15.576387 6.859153
v 10.000000 15.699759 7.045251
v 10.000000 15.826413 7.229130
v 10.000000 15.956311 7.410734
v 10.000000 16.089410 7.590003
v 10.000000 16.225670 7.766883
v 10.000000 16.365047 7.941317
v 10.000000 16.507497 8.113251
v 10.000000 16.652975 8.282630
v 10.000000 16.801436 8.449400
v 10.000000 16.952833 8.613510
v 10.000000 17.107118 8.774908
v 10.000000 17.264243 8.933543
v 10.000000 17.424157 9.089365
v 10.000000 17.586812 9.242324
v 10.000000 17.752155 9.392373
v 10.000000 17.920135 9.539465
v 10.000000 18.090698 9.683553
v 10.000000 18.263791 9.824592
v 10.000000 18.439359 9.962537
v 10.000000 18.617348 10.097345
v 10.000000 18.797701 10.228973
v 10.000000 18.980361 10.357381
v 10.000000 19.165270 10.482527
v 10.000000 19.352371 10.604372
v 10.000000 19.541605 10.722878
v 10.000000 19.732912 10.838008
v 10.000000 19.926231 10.949725
v 10.000000 20.121503 11.057994
v 10.000000 20.318665 11.162781
v 10.000000 20.517655 11.264053
v 10.000000 20.718411 11.361778
v 10.000000 20.920869 11.455926
v 10.000000 21.124966 11.546466
v 10.000000 21.330638 11.633370
v 10.000000 21.537819 11.716611
v 10.000000 21.746445 11.796163
v 10.000000 21.956449 11.872000
v 10.000000 22.167766 11.944099
v 10.000000 22.380329 12.012437
v 10.000000 22.594071 12.076993
v 10.000000 22.808925 12.137745
v 10.000000 23.024824 12.194676
v 10.000000 23.241698 12.247766
v 10.000000 23.459480 12.297000
v 10.000000 23.678102 12.342362
v 10.000000 23.897494 12.383837
v 7.128747 27.849523 7.871680
v 7.255800 27.751182 7.955865
v 7.386003 27.648626 8.045607
v 7.506717 27.551912 8.132095
v 7.625685 27.455010 8.220591
v 7.741569 27.359038 8.310085
v 7.855708 27.262901 8.401610
v 7.966825 27.167674 8.494152
v 8.076166 27.072284 8.588768
v 8.182480 26.977805 8.684404
v 8.286963 26.883152 8.782170
v 8.388427 26.789371 8.881000
v 8.487886 26.695495 8.981928
v 8.584470 26.602301 9.084134
v 8.678639 26.509309 9.188155
v 8.770006 26.416857 9.293629
v 8.858868 26.324594 9.400970
v 8.944822 26.232884 9.509769
v 9.028169 26.141350 9.620493
v 9.063331 26.101884 9.668900
v 9.108493 26.050386 9.732678
v 9.186097 25.959580 9.846851
v 9.221513 25.917072 9.901059
v 9.260550 25.869366 9.962483
v 9.332159 25.779292 10.080171
v 9.366201 25.735181 10.138634
v 9.400477 25.689834 10.199312
v 9.465813 25.600494 10.320586
v 9.496930 25.556443 10.381241
v 9.527707 25.511799 10.443298
v 9.556927 25.468326 10.504301
v 9.586464 25.423198 10.568231
v 9.641710 25.335117 10.694810
v 9.668054 25.291169 10.758868
v 9.693450 25.247419 10.823244
v 9.718062 25.203559 10.888395
v 9.741701 25.159899 10.953865
v 9.764360 25.116438 11.019656
v 9.786035 25.073173 11.085768
v 9.806906 25.029705 11.152819
v 9.826760 24.986434 11.220199
v 9.845590 24.943360 11.287908
v 9.863388 24.900480 11.355945
v 9.880293 24.857409 11.424934
v 9.896131 24.814533 11.494259
v 9.910892 24.771851 11.563923
v 9.924568 24.729362 11.633926
v 9.937251 24.686695 11.704886
v 9.948809 24.644220 11.776194
v 9.959228 24.601937 11.847851
v 9.968496 24.559844 11.919859
v 9.976664 24.517588 11.992827
v 9.983636 24.475522 12.066155
v 9.989395 24.433644 12.139845
v 9.993928 24.391952 12.213899
v 9.998471 24.328107 12.328658
v 10.000000 24.264693 12.444295
v 10.000000 24.117588 12.421413
v 7.262027 27.746318 7.960075
v 7.136249 27.843764 7.876561
v 7.128756 22.925379 -7.395933
v 7.128756 22.794647 -7.337993
v 7.128756 22.664963 -7.277743
v 7.128756 22.536369 -7.215201
v 7.128756 22.408905 -7.150387
v 7.128756 22.282612 -7.083322
v 7.128756 22.157528 -7.014026
v 7.128756 22.033693 -6.942522
v 7.128756 21.911147 -6.868831
v 7.128756 21.789928 -6.792978
v 7.128756 21.670073 -6.714985
v 7.128756 21.551622 -6.634878
v 7.128756 21.434611 -6.552682
v 7.128756 21.319076 -6.468423
v 7.128756 21.205055 -6.382126
v 7.128756 21.092583 -6.293821
v 7.128756 20.981696 -6.203533
v 7.128756 20.872428 -6.111292
v 7.128756 20.764814 -6.017126
v 7.128756 20.658888 -5.921066
v 7.128756 20.554683 -5.823141
v 7.128756 20.452233 -5.723383
v 7.128756 20.351568 -5.621822
v 7.128756 20.252722 -5.518491
v 7.128756 20.155724 -5.413423
v 7.128756 20.060607 -5.306650
v 7.128756 19.967399 -5.198206
v 7.128756 19.876129 -5.088125
v 7.128756 19.786828 -4.976442
v 7.128756 19.699522 -4.863192
v 7.128756 19.614240 -4.748410
v 7.128756 19.531007 -4.632133
v 7.128756 19.449852 -4.514398
v 7.128756 19.370798 -4.395241
v 7.128756 19.293870 -4.274701
v 7.128756 19.219094 -4.152814
v 7.128756 19.146493 -4.029619
v 7.128756 19.076088 -3.905156
v 7.128756 19.007904 -3.779463
v 7.128756 18.941960 -3.652580
v 7.128756 18.878279 -3.524546
v 7.128756 18.816879 -3.395403
v 7.128756 18.757780 -3.265191
v 7.128756 18.701002 -3.133951
v 7.128756 18.646561 -3.001723
v 7.128756 18.594475 -2.868551
v 7.128756 18.544760 -2.734475
v 7.128756 18.497432 -2.599538
v 7.128756 18.452506 -2.463783
v 7.128756 18.409995 -2.327252
v 7.128756 18.369914 -2.189988
v 7.128756 18.332276 -2.052034
v 7.128756 18.297091 -1.913434
v 7.128756 18.264370 -1.774232
v 7.128756 18.234125 -1.634471
v 7.128756 18.206365 -1.494196
v 7.128756 18.181098 -1.353450
v 7.128756 18.158333 -1.212277
v 7.128756 18.138076 -1.070723
v 7.128756 18.120335 -0.928832
v 7.128756 18.105113 -0.786648
v 7.128756 18.092417 -0.644217
v 7.128756 18.082251 -0.501583
v 7.128756 18.074617 -0.358791
v 7.128756 18.069518 -0.215886
v 7.128756 18.066955 -0.072912
v 7.128756 18.066930 0.070084
v 7.128756 18.069443 0.213058
v 7.128756 18.074491 0.355964
v 7.128756 18.082075 0.498759
v 7.128756 18.092192 0.641397
v 7.128756 18.104838 0.783833
v 7.128756 18.120009 0.926022
v 7.128756 18.137701 1.067919
v 7.128756 18.157908 1.209480
v 7.128756 18.180624 1.350661
v 7.128756 18.205841 1.491416
v 7.128756 18.233552 1.631701
v 7.128756 18.263748 1.771473
v 7.128756 18.296419 1.910686
v 7.128756 18.331556 2.049298
v 7.128756 18.369146 2.187265
v 7.128756 18.409179 2.324543
v 7.128756 18.451641 2.461089
v 7.128756 18.496520 2.596860
v 7.128756 18.543800 2.731814
v 7.128756 18.593468 2.865907
v 7.128756 18.645507 2.999098
v 7.128756 18.699902 3.131344
v 7.128756 18.756635 3.262604
v 7.128756 18.815687 3.392838
v 7.128756 18.877042 3.522002
v 7.128756 18.940678 3.650058
v 7.128756 19.006577 3.776964
v 7.128756 19.074718 3.902681
v 7.128756 19.145078 4.027169
v 7.128756 19.217637 4.150389
v 7.128756 19.292370 4.272302
v 7.128756 19.369255 4.392870
v 7.128756 19.448267 4.512055
v 7.128756 19.529382 4.629818
v 7.128756 19.612573 4.746124
v 7.128756 19.697815 4.860936
v 7.128756 19.785081 4.974216
v 7.128756 19.874344 5.085931
v 7.128756 19.965574 5.196044
v 7.128756 20.058744 5.304520
v 7.128756 20.153824 5.411327
v 7.128756 20.250785 5.516430
v 7.128756 20.349595 5.619795
v 7.128756 20.450224 5.721391
v 7.128756 20.552640 5.821185
v 7.128756 20.656810 5.919146
v 7.128756 20.762702 6.015244
v 7.128756 20.870283 6.109447
v 7.128756 20.979518 6.201727
v 7.128756 21.090374 6.292053
v 7.128756 21.202815 6.380399
v 7.128756 21.316806 6.466735
v 7.128756 21.432310 6.551035
v 7.128756 21.549293 6.633272
v 7.128756 21.667716 6.713421
v 7.128756 21.787543 6.791455
v 7.128756 21.908736 6.867351
v 7.128756 22.031256 6.941085
v 7.128756 22.155066 7.012633
v 7.128756 22.280125 7.081973
v 7.128756 22.406395 7.149082
v 7.128756 22.533837 7.213941
v 7.128756 22.662409 7.276528
v 7.128756 22.792071 7.336824
v 7.128756 22.922783 7.394809
v 7.128756 23.054503 7.450466
v 7.128756 23.187190 7.503777
v 7.128756 23.320802 7.554725
v 7.128756 23.455297 7.603294
v 7.128756 23.590632 7.649469
v 7.128756 23.726766 7.693235
v 7.128756 23.863655 7.734579
v 7.128756 24.001256 7.773488
v 7.128756 24.139526 7.809948
v 7.128756 24.278420 7.843949
v 7.128756 24.417897 7.875481
v 7.128756 24.557911 7.904532
v 7.128756 24.698418 7.931095
v 7.128756 24.839375 7.955160
v 7.128756 24.980736 7.976720
v 7.128756 25.122458 7.995768
v 7.128756 25.264495 8.012299
v 7.128756 25.406803 8.026306
v 7.128756 25.549338 8.037786
v 7.128756 25.692054 8.046736
v 7.128756 25.834906 8.053151
v 7.128756 25.977849 8.057031
v 7.128756 26.120839 8.058373
v 7.128756 26.263830 8.057178
v 7.128756 26.406777 8.053446
v 7.128756 26.549636 8.047179
v 7.128756 26.692361 8.038377
v 7.128756 26.834907 8.027044
v 7.128756 26.977230 8.013183
v 7.128756 27.119284 7.996799
v 7.128756 27.261026 7.977897
v 7.128756 27.402409 7.956483
v 7.128756 27.543390 7.932564
v 7.128756 27.683925 7.906146
v 7.255810 22.638346 -7.333729
v 7.255810 22.508763 -7.270706
v 7.255810 22.380318 -7.205394
v 7.255810 22.253053 -7.137812
v 7.255810 22.127007 -7.067983
v 7.255810 22.002220 -6.995929
v 7.255810 21.878731 -6.921672
v 7.255810 21.756579 -6.845235
v 7.255810 21.635803 -6.766642
v 7.255810 21.516440 -6.685919
v 7.255810 21.398528 -6.603091
v 7.255810 21.282105 -6.518183
v 7.255810 21.167207 -6.431223
v 7.255810 21.053870 -6.342237
v 7.255810 20.942129 -6.251255
v 7.255810 20.832021 -6.158304
v 7.255810 20.723579 -6.063414
v 7.255810 20.616839 -5.966615
v 7.255810 20.511832 -5.867937
v 7.255810 20.408593 -5.767411
v 7.255810 20.307155 -5.665070
v 7.255810 20.207548 -5.560944
v 7.255810 20.109804 -5.455067
v 7.255810 20.013955 -5.347473
v 7.255810 19.920030 -5.238194
v 7.255810 19.828058 -5.127267
v 7.255810 19.738070 -5.014724
v 7.255810 19.650092 -4.900603
v 7.255810 19.564154 -4.784939
v 7.255810 19.480281 -4.667767
v 7.255810 19.398501 -4.549126
v 7.255810 19.318839 -4.429053
v 7.255810 19.241320 -4.307585
v 7.255810 19.165969 -4.184760
v 7.255810 19.092809 -4.060618
v 7.255810 19.021863 -3.935197
v 7.255810 18.953154 -3.808537
v 7.255810 18.886703 -3.680678
v 7.255810 18.822531 -3.551660
v 7.255810 18.760659 -3.421523
v 7.255810 18.701106 -3.290309
v 7.255810 18.643891 -3.158059
v 7.255810 18.589031 -3.024815
v 7.255810 18.536544 -2.890618
v 7.255810 18.486447 -2.755511
v 7.255810 18.438755 -2.619536
v 7.255810 18.393483 -2.482736
v 7.255810 18.350646 -2.345155
v 7.255810 18.310256 -2.206835
v 7.255810 18.272328 -2.067820
v 7.255810 18.236872 -1.928154
v 7.255810 18.203900 -1.787881
v 7.255810 18.173423 -1.647045
v 7.255810 18.145449 -1.505690
v 7.255810 18.119988 -1.363861
v 7.255810 18.097047 -1.221603
v 7.255810 18.076635 -1.078960
v 7.255810 18.058757 -0.935977
v 7.255810 18.043418 -0.792700
v 7.255810 18.030625 -0.649173
v 7.255810 18.020380 -0.505441
v 7.255810 18.012687 -0.361551
v 7.255810 18.007549 -0.217546
v 7.255810 18.004967 -0.073473
v 7.255810 18.004942 0.070623
v 7.255810 18.007473 0.214697
v 7.255810 18.012561 0.358703
v 7.255810 18.020203 0.502596
v 7.255810 18.030397 0.646331
v 7.255810 18.043140 0.789863
v 7.255810 18.058428 0.933146
v 7.255810 18.076257 1.076135
v 7.255810 18.096619 1.218785
v 7.255810 18.119510 1.361051
v 7.255810 18.144921 1.502889
v 7.255810 18.172845 1.644253
v 7.255810 18.203273 1.785100
v 7.255810 18.236196 1.925385
v 7.255810 18.271603 2.065063
v 7.255810 18.309482 2.204091
v 7.255810 18.349823 2.342425
v 7.255810 18.392612 2.480022
v 7.255810 18.437835 2.616837
v 7.255810 18.485480 2.752829
v 7.255810 18.535530 2.887954
v 7.255810 18.587969 3.022169
v 7.255810 18.642782 3.155433
v 7.255810 18.699951 3.287703
v 7.255810 18.759459 3.418938
v 7.255810 18.821285 3.549096
v 7.255810 18.885411 3.678137
v 7.255810 18.951817 3.806019
v 7.255810 19.020482 3.932703
v 7.255810 19.091383 4.058149
v 7.255810 19.164500 4.182317
v 7.255810 19.239808 4.305168
v 7.255810 19.317285 4.426663
v 7.255810 19.396905 4.546765
v 7.255810 19.478643 4.665434
v 7.255810 19.562475 4.782635
v 7.255810 19.648372 4.898330
v 7.255810 19.736310 5.012482
v 7.255810 19.826259 5.125056
v 7.255810 19.918191 5.236016
v 7.255810 20.012078 5.345327
v 7.255810 20.107890 5.452955
v 7.255810 20.205596 5.558866
v 7.255810 20.305166 5.663027
v 7.255810 20.406569 5.765404
v 7.255810 20.509773 5.865966
v 7.255810 20.614744 5.964681
v 7.255810 20.721451 6.061518
v 7.255810 20.829859 6.156446
v 7.255810 20.939935 6.249435
v 7.255810 21.051644 6.340457
v 7.255810 21.164949 6.429482
v 7.255810 21.279817 6.516482
v 7.255810 21.396211 6.601431
v 7.255810 21.514093 6.684301
v 7.255810 21.633428 6.765066
v 7.255810 21.754176 6.843701
v 7.255810 21.876301 6.920180
v 7.255810 21.999764 6.994481
v 7.255810 22.124526 7.066579
v 7.255810 22.250548 7.136453
v 7.255810 22.377789 7.204079
v 7.255810 22.506211 7.269436
v 7.255810 22.635772 7.332505
v 7.255810 22.766431 7.393264
v 7.255810 22.898149 7.451696
v 7.255810 23.030882 7.507781
v 7.255810 23.164590 7.561502
v 7.255810 23.299230 7.612842
v 7.255810 23.434759 7.661785
v 7.255810 23.571136 7.708315
v 7.255810 23.708317 7.752418
v 7.255810 23.846259 7.794080
v 7.255810 23.984918 7.833287
v 7.255810 24.124252 7.870028
v 7.255810 24.264215 7.904291
v 7.255810 24.404764 7.936065
v 7.255810 24.545855 7.965340
v 7.255810 24.687444 7.992107
v 7.255810 24.829485 8.016357
v 7.255810 24.971933 8.038083
v 7.255810 25.114745 8.057278
v 7.255810 25.257875 8.073935
v 7.255810 25.401278 8.088051
v 7.255810 25.544909 8.099619
v 7.255810 25.688723 8.108637
v 7.255810 25.832674 8.115102
v 7.255810 25.976717 8.119012
v 7.255810 26.120807 8.120365
v 7.255810 26.264898 8.119160
v 7.255810 26.408945 8.115400
v 7.255810 26.552903 8.109084
v 7.255810 26.696725 8.100214
v 7.255810 26.840368 8.088794
v 7.255810 26.983786 8.074827
v 7.255810 27.126933 8.058317
v 7.255810 27.269765 8.039269
v 7.255810 27.412236 8.017691
v 7.255810 27.554302 7.993587
v 7.381061 22.350086 -7.263565
v 7.381061 22.221794 -7.195438
v 7.381061 22.094730 -7.125046
v 7.381061 21.968935 -7.052409
v 7.381061 21.844449 -6.977552
v 7.381061 21.721311 -6.900498
v 7.381061 21.599560 -6.821271
v 7.381061 21.479234 -6.739897
v 7.381061 21.360370 -6.656399
v 7.381061 21.243007 -6.570806
v 7.381061 21.127181 -6.483144
v 7.381061 21.012929 -6.393440
v 7.381061 20.900286 -6.301724
v 7.381061 20.789289 -6.208022
v 7.381061 20.679972 -6.112366
v 7.381061 20.572369 -6.014786
v 7.381061 20.466515 -5.915311
v 7.381061 20.362443 -5.813974
v 7.381061 20.260185 -5.710806
v 7.381061 20.159774 -5.605839
v 7.381061 20.061242 -5.499108
v 7.381061 19.964618 -5.390645
v 7.381061 19.869935 -5.280484
v 7.381061 19.777221 -5.168661
v 7.381061 19.686506 -5.055210
v 7.381061 19.597818 -4.940167
v 7.381061 19.511186 -4.823569
v 7.381061 19.426636 -4.705452
v 7.381061 19.344196 -4.585853
v 7.381061 19.263891 -4.464810
v 7.381061 19.185746 -4.342361
v 7.381061 19.109786 -4.218545
v 7.381061 19.036035 -4.093401
v 7.381061 18.964517 -3.966968
v 7.381061 18.895253 -3.839285
v 7.381061 18.828266 -3.710394
v 7.381061 18.763576 -3.580334
v 7.381061 18.701204 -3.449146
v 7.381061 18.641171 -3.316873
v 7.381061 18.583493 -3.183555
v 7.381061 18.528190 -3.049235
v 7.381061 18.475280 -2.913955
v 7.381061 18.424778 -2.777757
v 7.381061 18.376701 -2.640684
v 7.381061 18.331064 -2.502780
v 7.381061 18.287881 -2.364088
v 7.381061 18.247165 -2.224651
v 7.381061 18.208931 -2.084514
v 7.381061 18.173189 -1.943721
v 7.381061 18.139951 -1.802315
v 7.381061 18.109227 -1.660342
v 7.381061 18.081027 -1.517846
v 7.381061 18.055361 -1.374872
v 7.381061 18.032235 -1.231465
v 7.381061 18.011658 -1.087671
v 7.381061 17.993635 -0.943534
v 7.381061 17.978173 -0.799100
v 7.381061 17.965276 -0.654414
v 7.381061 17.954949 -0.509522
v 7.381061 17.947194 -0.364470
v 7.381061 17.942014 -0.219303
v 7.381061 17.939411 -0.074067
v 7.381061 17.939386 0.071193
v 7.381061 17.941938 0.216430
v 7.381061 17.947066 0.361599
v 7.381061 17.954770 0.506654
v 7.381061 17.965047 0.651549
v 7.381061 17.977893 0.796240
v 7.381061 17.993304 0.940679
v 7.381061 18.011276 1.084823
v 7.381061 18.031803 1.228624
v 7.381061 18.054879 1.372039
v 7.381061 18.080495 1.515022
v 7.381061 18.108645 1.657528
v 7.381061 18.139319 1.799512
v 7.381061 18.172507 1.940929
v 7.381061 18.208199 2.081735
v 7.381061 18.246385 2.221886
v 7.381061 18.287051 2.361337
v 7.381061 18.330186 2.500044
v 7.381061 18.375774 2.637964
v 7.381061 18.423803 2.775053
v 7.381061 18.474257 2.911269
v 7.381061 18.527120 3.046568
v 7.381061 18.582376 3.180908
v 7.381061 18.640007 3.314246
v 7.381061 18.699994 3.446540
v 7.381061 18.762320 3.577749
v 7.381061 18.826964 3.707832
v 7.381061 18.893906 3.836747
v 7.381061 18.963125 3.964453
v 7.381061 19.034599 4.090912
v 7.381061 19.108306 4.216082
v 7.381061 19.184222 4.339925
v 7.381061 19.262324 4.462401
v 7.381061 19.342586 4.583472
v 7.381061 19.424985 4.703100
v 7.381061 19.509493 4.821247
v 7.381061 19.596084 4.937875
v 7.381061 19.684732 5.052949
v 7.381061 19.775407 5.166432
v 7.381061 19.868081 5.278288
v 7.381061 19.962726 5.388482
v 7.381061 20.059311 5.496979
v 7.381061 20.157807 5.603745
v 7.381061 20.258181 5.708746
v 7.381061 20.360402 5.811950
v 7.381061 20.464439 5.913324
v 7.381061 20.570258 6.012836
v 7.381061 20.677827 6.110454
v 7.381061 20.787110 6.206149
v 7.381061 20.898074 6.299889
v 7.381061 21.010685 6.391645
v 7.381061 21.124905 6.481389
v 7.381061 21.240700 6.569092
v 7.381061 21.358034 6.654726
v 7.381061 21.476868 6.738265
v 7.381061 21.597166 6.819682
v 7.381061 21.718889 6.898952
v 7.381061 21.842000 6.976049
v 7.381061 21.966460 7.050950
v 7.381061 22.092229 7.123630
v 7.381061 22.219268 7.194068
v 7.381061 22.347537 7.262239
v 7.381061 22.476995 7.328125
v 7.381061 22.607602 7.391702
v 7.381061 22.739317 7.452952
v 7.381061 22.872097 7.511856
v 7.381061 23.005902 7.568394
v 7.381061 23.140689 7.622548
v 7.381061 23.276416 7.674303
v 7.381061 23.413040 7.723641
v 7.381061 23.550518 7.770547
v 7.381061 23.688806 7.815006
v 7.381061 23.827862 7.857004
v 7.381061 23.967641 7.896528
v 7.381061 24.108099 7.933566
v 7.381061 24.249192 7.968105
v 7.381061 24.390876 8.000135
v 7.381061 24.533106 8.029647
v 7.381061 24.675838 8.056630
v 7.381061 24.819025 8.081076
v 7.381061 24.962624 8.102977
v 7.381061 25.106589 8.122327
v 7.381061 25.250875 8.139119
v 7.381061 25.395436 8.153348
v 7.381061 25.540226 8.165010
v 7.381061 25.685201 8.174101
v 7.381061 25.830314 8.180618
v 7.381061 25.975520 8.184559
v 7.381061 26.120773 8.185923
v 7.381061 26.266027 8.184709
v 7.381061 26.411237 8.180918
v 7.381061 26.556357 8.174551
v 7.381061 26.701341 8.165610
v 7.381061 26.846144 8.154097
v 7.381061 26.990719 8.140017
v 7.381061 27.135022 8.123374
v 7.381061 27.279007 8.104173
v 7.381061 27.422628 8.082420
v 7.504409 22.060722 -7.185167
v 7.504409 21.933866 -7.111918
v 7.504409 21.808330 -7.036429
v 7.504409 21.684153 -6.958725
v 7.504409 21.561374 -6.878830
v 7.504409 21.440032 -6.796768
v 7.504409 21.320166 -6.712566
v 7.504409 21.201812 -6.626251
v 7.504409 21.085009 -6.537849
v 7.504409 20.969793 -6.447389
v 7.504409 20.856200 -6.354898
v 7.504409 20.744266 -6.260406
v 7.504409 20.634027 -6.163943
v 7.504409 20.525516 -6.065539
v 7.504409 20.418769 -5.965225
v 7.504409 20.313818 -5.863032
v 7.504409 20.210698 -5.758994
v 7.504409 20.109439 -5.653142
v 7.504409 20.010075 -5.545509
v 7.504409 19.912637 -5.436131
v 7.504409 19.817154 -5.325041
v 7.504409 19.723658 -5.212274
v 7.504409 19.632178 -5.097866
v 7.504409 19.542742 -4.981853
v 7.504409 19.455378 -4.864270
v 7.504409 19.370115 -4.745157
v 7.504409 19.286979 -4.624549
v 7.504409 19.205996 -4.502484
v 7.504409 19.127192 -4.379003
v 7.504409 19.050591 -4.254142
v 7.504409 18.976218 -4.127941
v 7.504409 18.904096 -4.000441
v 7.504409 18.834248 -3.871681
v 7.504409 18.766696 -3.741702
v 7.504409 18.701460 -3.610545
v 7.504409 18.638562 -3.478251
v 7.504409 18.578022 -3.344861
v 7.504409 18.519858 -3.210418
v 7.504409 18.464088 -3.074965
v 7.504409 18.410731 -2.938543
v 7.504409 18.359803 -2.801196
v 7.504409 18.311320 -2.662967
v 7.504409 18.265298 -2.523899
v 7.504409 18.221751 -2.384036
v 7.504409 18.180692 -2.243423
v 7.504409 18.142135 -2.102103
v 7.504409 18.106091 -1.960122
v 7.504409 18.072573 -1.817523
v 7.504409 18.041590 -1.674352
v 7.504409 18.013152 -1.530654
v 7.504409 17.987269 -1.386473
v 7.504409 17.963948 -1.241857
v 7.504409 17.943197 -1.096849
v 7.504409 17.925022 -0.951495
v 7.504409 17.909430 -0.805843
v 7.504409 17.896424 -0.659936
v 7.504409 17.886009 -0.513821
v 7.504409 17.878189 -0.367545
v 7.504409 17.872966 -0.221153
v 7.504409 17.870341 -0.074692
v 7.504409 17.870315 0.071794
v 7.504409 17.872889 0.218256
v 7.504409 17.878061 0.364650
v 7.504409 17.885830 0.510929
v 7.504409 17.896193 0.657047
v 7.504409 17.909147 0.802958
v 7.504409 17.924689 0.948617
v 7.504409 17.942812 1.093976
v 7.504409 17.963512 1.238991
v 7.504409 17.986783 1.383617
v 7.504409 18.012615 1.527806
v 7.504409 18.041002 1.671514
v 7.504409 18.071935 1.814696
v 7.504409 18.105403 1.957307
v 7.504409 18.141397 2.099301
v 7.504409 18.179905 2.240634
v 7.504409 18.220914 2.381262
v 7.504409 18.264413 2.521139
v 7.504409 18.310386 2.660223
v 7.504409 18.358820 2.798470
v 7.504409 18.409700 2.935835
v 7.504409 18.463009 3.072275
v 7.504409 18.518731 3.207748
v 7.504409 18.576848 3.342211
v 7.504409 18.637342 3.475622
v 7.504409 18.700193 3.607938
v 7.504409 18.765382 3.739119
v 7.504409 18.832889 3.869121
v 7.504409 18.902692 3.997906
v 7.504409 18.974770 4.125431
v 7.504409 19.049098 4.251658
v 7.504409 19.125655 4.376546
v 7.504409 19.204416 4.500055
v 7.504409 19.285356 4.622148
v 7.504409 19.368450 4.742785
v 7.504409 19.453671 4.861929
v 7.504409 19.540993 4.979541
v 7.504409 19.630388 5.095586
v 7.504409 19.721829 5.210026
v 7.504409 19.815285 5.322826
v 7.504409 19.910729 5.433950
v 7.504409 20.008129 5.543362
v 7.504409 20.107455 5.651029
v 7.504409 20.208676 5.756917
v 7.504409 20.311760 5.860992
v 7.504409 20.416675 5.963221
v 7.504409 20.523387 6.063572
v 7.504409 20.631863 6.162015
v 7.504409 20.742069 6.258517
v 7.504409 20.853969 6.353048
v 7.504409 20.967530 6.445578
v 7.504409 21.082714 6.536079
v 7.504409 21.199487 6.624522
v 7.504409 21.317810 6.710879
v 7.504409 21.437647 6.795123
v 7.504409 21.558959 6.877227
v 7.504409 21.681710 6.957166
v 7.504409 21.805860 7.034913
v 7.504409 21.931370 7.110446
v 7.504409 22.058200 7.183740
v 7.504409 22.186311 7.254771
v 7.504409 22.315662 7.323519
v 7.504409 22.446213 7.389960
v 7.504409 22.577922 7.454074
v 7.504409 22.710748 7.515841
v 7.504409 22.844649 7.575241
v 7.504409 22.979583 7.632256
v 7.504409 23.115508 7.686868
v 7.504409 23.252380 7.739059
v 7.504409 23.390156 7.788813
v 7.504409 23.528794 7.836115
v 7.504409 23.668250 7.880949
v 7.504409 23.808479 7.923302
v 7.504409 23.949437 7.963159
v 7.504409 24.091080 8.000509
v 7.504409 24.233364 8.035340
v 7.504409 24.376244 8.067641
v 7.504409 24.519674 8.097401
v 7.504409 24.663610 8.124612
v 7.504409 24.808006 8.149264
v 7.504409 24.952816 8.171350
v 7.504409 25.097996 8.190863
v 7.504409 25.243499 8.207797
v 7.504409 25.389279 8.222147
v 7.504409 25.535292 8.233907
v 7.504409 25.681490 8.243075
v 7.504409 25.827827 8.249646
v 7.504409 25.974259 8.253621
v 7.504409 26.120737 8.254996
v 7.504409 26.267217 8.253772
v 7.504409 26.413653 8.249949
v 7.504409 26.559997 8.243528
v 7.504409 26.706204 8.234512
v 7.504409 26.852229 8.222902
v 7.504409 26.998024 8.208703
v 7.504409 27.143545 8.191920
v 7.504409 27.288744 8.172556
v 7.625754 21.770401 -7.098255
v 7.625754 21.645133 -7.019868
v 7.625754 21.521276 -6.939271
v 7.625754 21.398868 -6.856488
v 7.625754 21.277948 -6.771547
v 7.625754 21.158555 -6.684473
v 7.625754 21.040725 -6.595294
v 7.625754 20.924497 -6.504039
v 7.625754 20.809906 -6.410735
v 7.625754 20.696988 -6.315413
v 7.625754 20.585780 -6.218102
v 7.625754 20.476316 -6.118834
v 7.625754 20.368631 -6.017638
v 7.625754 20.262758 -5.914548
v 7.625754 20.158731 -5.809595
v 7.625754 20.056583 -5.702813
v 7.625754 19.956346 -5.594235
v 7.625754 19.858052 -5.483896
v 7.625754 19.761730 -5.371830
v 7.625754 19.667413 -5.258072
v 7.625754 19.575128 -5.142659
v 7.625754 19.484907 -5.025626
v 7.625754 19.396776 -4.907011
v 7.625754 19.310763 -4.786850
v 7.625754 19.226897 -4.665182
v 7.625754 19.145202 -4.542046
v 7.625754 19.065706 -4.417479
v 7.625754 18.988432 -4.291521
v 7.625754 18.913405 -4.164212
v 7.625754 18.840650 -4.035591
v 7.625754 18.770188 -3.905700
v 7.625754 18.702042 -3.774579
v 7.625754 18.636233 -3.642269
v 7.625754 18.572782 -3.508812
v 7.625754 18.511710 -3.374251
v 7.625754 18.453035 -3.238627
v 7.625754 18.396775 -3.101983
v 7.625754 18.342949 -2.964363
v 7.625754 18.291574 -2.825809
v 7.625754 18.242665 -2.686365
v 7.625754 18.196239 -2.546075
v 7.625754 18.152309 -2.404984
v 7.625754 18.110889 -2.263135
v 7.625754 18.071993 -2.120574
v 7.625754 18.035633 -1.977345
v 7.625754 18.001820 -1.833493
v 7.625754 17.970564 -1.689064
v 7.625754 17.941877 -1.544103
v 7.625754 17.915766 -1.398656
v 7.625754 17.892241 -1.252768
v 7.625754 17.871307 -1.106486
v 7.625754 17.852973 -0.959856
v 7.625754 17.837243 -0.812923
v 7.625754 17.824123 -0.665734
v 7.625754 17.813617 -0.518336
v 7.625754 17.805728 -0.370775
v 7.625754 17.800459 -0.223096
v 7.625754 17.797811 -0.075348
v 7.625754 17.797785 0.072424
v 7.625754 17.800381 0.220174
v 7.625754 17.805599 0.367854
v 7.625754 17.813436 0.515418
v 7.625754 17.823890 0.662820
v 7.625754 17.836958 0.810013
v 7.625754 17.852636 0.956952
v 7.625754 17.870919 1.103589
v 7.625754 17.891801 1.249878
v 7.625754 17.915276 1.395774
v 7.625754 17.941335 1.541230
v 7.625754 17.969972 1.686201
v 7.625754 18.001176 1.830641
v 7.625754 18.034939 1.974505
v 7.625754 18.071249 2.117746
v 7.625754 18.110095 2.260321
v 7.625754 18.151465 2.402185
v 7.625754 18.195345 2.543291
v 7.625754 18.241723 2.683597
v 7.625754 18.290583 2.823058
v 7.625754 18.341909 2.961630
v 7.625754 18.395687 3.099270
v 7.625754 18.451898 3.235933
v 7.625754 18.510526 3.371578
v 7.625754 18.571551 3.506161
v 7.625754 18.634955 3.639640
v 7.625754 18.700717 3.771972
v 7.625754 18.768817 3.903117
v 7.625754 18.839233 4.033033
v 7.625754 18.911944 4.161680
v 7.625754 18.986926 4.289015
v 7.625754 19.064155 4.415000
v 7.625754 19.143608 4.539595
v 7.625754 19.225259 4.662760
v 7.625754 19.309083 4.784458
v 7.625754 19.395053 4.904648
v 7.625754 19.483143 5.023294
v 7.625754 19.573323 5.140359
v 7.625754 19.665567 5.255805
v 7.625754 19.759845 5.369595
v 7.625754 19.856127 5.481695
v 7.625754 19.954383 5.592069
v 7.625754 20.054582 5.700682
v 7.625754 20.156692 5.807500
v 7.625754 20.260682 5.912489
v 7.625754 20.366519 6.015617
v 7.625754 20.474168 6.116850
v 7.625754 20.583597 6.216157
v 7.625754 20.694771 6.313507
v 7.625754 20.807655 6.408869
v 7.625754 20.922214 6.502213
v 7.625754 21.038410 6.593509
v 7.625754 21.156208 6.682729
v 7.625754 21.275571 6.769845
v 7.625754 21.396461 6.854829
v 7.625754 21.518840 6.937654
v 7.625754 21.642669 7.018295
v 7.625754 21.767910 7.096726
v 7.625754 21.894522 7.172922
v 7.625754 22.022467 7.246860
v 7.625754 22.151704 7.318516
v 7.625754 22.282191 7.387867
v 7.625754 22.413889 7.454892
v 7.625754 22.546755 7.519569
v 7.625754 22.680749 7.581879
v 7.625754 22.815826 7.641801
v 7.625754 22.951946 7.699317
v 7.625754 23.089065 7.754409
v 7.625754 23.227139 7.807058
v 7.625754 23.366127 7.857250
v 7.625754 23.505983 7.904967
v 7.625754 23.646663 7.950195
v 7.625754 23.788124 7.992920
v 7.625754 23.930321 8.033128
v 7.625754 24.073209 8.070806
v 7.625754 24.216743 8.105943
v 7.625754 24.360878 8.138528
v 7.625754 24.505569 8.168549
v 7.625754 24.650769 8.195999
v 7.625754 24.796434 8.220868
v 7.625754 24.942517 8.243148
v 7.625754 25.088972 8.262833
v 7.625754 25.235753 8.279915
v 7.625754 25.382815 8.294391
v 7.625754 25.530110 8.306254
v 7.625754 25.677593 8.315503
v 7.625754 25.825216 8.322132
v 7.625754 25.972934 8.326141
v 7.625754 26.120700 8.327529
v 7.625754 26.268467 8.326294
v 7.625754 26.416189 8.322437
v 7.625754 26.563819 8.315960
v 7.625754 26.711311 8.306864
v 7.625754 26.858619 8.295153
v 7.625754 27.005695 8.280829
v 7.625754 27.152494 8.263898
v 7.625754 27.298970 8.244365
v 7.504409 27.433578 8.150620
v 7.745001 21.604284 -7.083879
v 7.745001 21.479297 -7.002546
v 7.745001 21.355773 -6.919009
v 7.745001 21.233750 -6.833293
v 7.745001 21.113268 -6.745425
v 7.745001 20.994364 -6.655433
v 7.745001 20.877076 -6.563346
v 7.745001 20.761440 -6.469191
v 7.745001 20.647493 -6.373000
v 7.745001 20.535271 -6.274802
v 7.745001 20.424809 -6.174628
v 7.745001 20.316142 -6.072510
v 7.745001 20.209303 -5.968480
v 7.745001 20.104328 -5.862570
v 7.745001 20.001249 -5.754814
v 7.745001 19.900098 -5.645246
v 7.745001 19.800907 -5.533901
v 7.745001 19.703707 -5.420813
v 7.745001 19.608529 -5.306018
v 7.745001 19.515403 -5.189552
v 7.745001 19.424359 -5.071452
v 7.745001 19.335424 -4.951755
v 7.745001 19.248628 -4.830499
v 7.745001 19.163997 -4.707722
v 7.745001 19.081557 -4.583462
v 7.745001 19.001336 -4.457759
v 7.745001 18.923357 -4.330653
v 7.745001 18.847647 -4.202183
v 7.745001 18.774227 -4.072389
v 7.745001 18.703123 -3.941314
v 7.745001 18.634355 -3.808997
v 7.745001 18.567947 -3.675481
v 7.745001 18.503918 -3.540807
v 7.745001 18.442288 -3.405019
v 7.745001 18.383078 -3.268158
v 7.745001 18.326306 -3.130268
v 7.745001 18.271989 -2.991393
v 7.745001 18.220145 -2.851576
v 7.745001 18.170790 -2.710860
v 7.745001 18.123940 -2.569291
v 7.745001 18.079610 -2.426913
v 7.745001 18.037812 -2.283771
v 7.745001 17.998562 -2.139910
v 7.745001 17.961870 -1.995375
v 7.745001 17.927749 -1.850212
v 7.745001 17.896208 -1.704466
v 7.745001 17.867259 -1.558183
v 7.745001 17.840911 -1.411409
v 7.745001 17.817170 -1.264192
v 7.745001 17.796046 -1.116576
v 7.745001 17.777545 -0.968608
v 7.745001 17.761672 -0.820336
v 7.745001 17.748432 -0.671805
v 7.745001 17.737830 -0.523063
v 7.745001 17.729869 -0.374155
v 7.745001 17.724552 -0.225131
v 7.745001 17.721880 -0.076035
v 7.745001 17.721853 0.073085
v 7.745001 17.724473 0.222182
v 7.745001 17.729738 0.371208
v 7.745001 17.737647 0.520118
v 7.745001 17.748197 0.668864
v 7.745001 17.761384 0.817400
v 7.745001 17.777205 0.965678
v 7.745001 17.795655 1.113652
v 7.745001 17.816727 1.261275
v 7.745001 17.840416 1.408501
v 7.745001 17.866713 1.555284
v 7.745001 17.895611 1.701577
v 7.745001 17.927100 1.847334
v 7.745001 17.961170 1.992509
v 7.745001 17.997811 2.137057
v 7.745001 18.037011 2.280932
v 7.745001 18.078758 2.424089
v 7.745001 18.123039 2.566482
v 7.745001 18.169839 2.708068
v 7.745001 18.219145 2.848800
v 7.745001 18.270939 2.988636
v 7.745001 18.325207 3.127530
v 7.745001 18.381931 3.265440
v 7.745001 18.441093 3.402322
v 7.745001 18.502675 3.538132
v 7.745001 18.566657 3.672828
v 7.745001 18.633019 3.806367
v 7.745001 18.701740 3.938708
v 7.745001 18.772798 4.069809
v 7.745001 18.846172 4.199628
v 7.745001 18.921837 4.328124
v 7.745001 18.999771 4.455258
v 7.745001 19.079948 4.580989
v 7.745001 19.162344 4.705278
v 7.745001 19.246932 4.828085
v 7.745001 19.333686 4.949371
v 7.745001 19.422579 5.069099
v 7.745001 19.513582 5.187231
v 7.745001 19.606667 5.303729
v 7.745001 19.701804 5.418558
v 7.745001 19.798964 5.531680
v 7.745001 19.898116 5.643060
v 7.745001 19.999229 5.752664
v 7.745001 20.102270 5.860456
v 7.745001 20.207209 5.966402
v 7.745001 20.314010 6.070470
v 7.745001 20.422641 6.172627
v 7.745001 20.533068 6.272839
v 7.745001 20.645256 6.371077
v 7.745001 20.759169 6.467308
v 7.745001 20.874772 6.561503
v 7.745001 20.992028 6.653632
v 7.745001 21.110901 6.743665
v 7.745001 21.231352 6.831575
v 7.745001 21.353344 6.917334
v 7.745001 21.476839 7.000915
v 7.745001 21.601797 7.082291
v 7.745001 21.728180 7.161437
v 7.745001 21.855947 7.238328
v 7.745001 21.985058 7.312940
v 7.745001 22.115473 7.385249
v 7.745001 22.247151 7.455233
v 7.745001 22.380049 7.522869
v 7.745001 22.514127 7.588136
v 7.745001 22.649342 7.651014
v 7.745001 22.785652 7.711483
v 7.745001 22.923012 7.769523
v 7.745001 23.061381 7.825117
v 7.745001 23.200715 7.878247
v 7.745001 23.340970 7.928896
v 7.745001 23.482101 7.977048
v 7.745001 23.624065 8.022689
v 7.745001 23.766816 8.065803
v 7.745001 23.910309 8.106378
v 7.745001 24.054500 8.144400
v 7.745001 24.199343 8.179857
v 7.745001 24.344792 8.212739
v 7.745001 24.490802 8.243034
v 7.745001 24.637326 8.270734
v 7.745001 24.784319 8.295830
v 7.745001 24.931734 8.318313
v 7.745001 25.079525 8.338177
v 7.745001 25.227645 8.355415
v 7.745001 25.376047 8.370023
v 7.745001 25.524686 8.381995
v 7.745001 25.673513 8.391327
v 7.745001 25.822483 8.398017
v 7.745001 25.971548 8.402063
v 7.745001 26.120661 8.403463
v 7.745001 26.269775 8.402217
v 7.745001 26.418844 8.398325
v 7.745001 26.567820 8.391789
v 7.745001 26.716657 8.382610
v 7.745001 26.865308 8.370792
v 7.745001 27.013726 8.356338
v 7.745001 27.161863 8.339252
v 7.862053 21.310781 -6.984280
v 7.862053 21.187608 -6.897756
v 7.862053 21.065989 -6.809059
v 7.862053 20.945964 -6.718218
v 7.862053 20.827569 -6.625262
v 7.862053 20.710842 -6.530219
v 7.862053 20.595820 -6.433121
v 7.862053 20.482539 -6.333996
v 7.862053 20.371035 -6.232877
v 7.862053 20.261343 -6.129796
v 7.862053 20.153497 -6.024784
v 7.862053 20.047531 -5.917875
v 7.862053 19.943479 -5.809103
v 7.862053 19.841374 -5.698501
v 7.862053 19.741247 -5.586105
v 7.862053 19.643131 -5.471951
v 7.862053 19.547055 -5.356073
v 7.862053 19.453051 -5.238508
v 7.862053 19.361147 -5.119294
v 7.862053 19.271374 -4.998468
v 7.862053 19.183759 -4.876068
v 7.862053 19.098329 -4.752133
v 7.862053 19.015112 -4.626701
v 7.862053 18.934133 -4.499812
v 7.862053 18.855419 -4.371507
v 7.862053 18.778995 -4.241825
v 7.862053 18.704883 -4.110807
v 7.862053 18.633108 -3.978495
v 7.862053 18.563691 -3.844930
v 7.862053 18.496656 -3.710154
v 7.862053 18.432023 -3.574210
v 7.862053 18.369812 -3.437141
v 7.862053 18.310043 -3.298989
v 7.862053 18.252736 -3.159798
v 7.862053 18.197906 -3.019613
v 7.862053 18.145574 -2.878476
v 7.862053 18.095753 -2.736434
v 7.862053 18.048461 -2.593529
v 7.862053 18.003712 -2.449808
v 7.862053 17.961521 -2.305316
v 7.862053 17.921900 -2.160097
v 7.862053 17.884862 -2.014199
v 7.862053 17.850419 -1.867666
v 7.862053 17.818581 -1.720545
v 7.862053 17.789359 -1.572882
v 7.862053 17.762761 -1.424724
v 7.862053 17.738797 -1.276118
v 7.862053 17.717474 -1.127109
v 7.862053 17.698798 -0.977746
v 7.862053 17.682775 -0.828074
v 7.862053 17.669410 -0.678142
v 7.862053 17.658708 -0.527997
v 7.862053 17.650672 -0.377685
v 7.862053 17.645305 -0.227254
v 7.862053 17.642608 -0.076752
v 7.862053 17.642581 0.073774
v 7.862053 17.645226 0.224277
v 7.862053 17.650540 0.374710
v 7.862053 17.658524 0.525025
v 7.862053 17.669173 0.675174
v 7.862053 17.682485 0.825111
v 7.862053 17.698455 0.974787
v 7.862053 17.717079 1.124157
v 7.862053 17.738350 1.273173
v 7.862053 17.762262 1.421788
v 7.862053 17.788807 1.569956
v 7.862053 17.817977 1.717629
v 7.862053 17.849763 1.864761
v 7.862053 17.884155 2.011306
v 7.862053 17.921142 2.157217
v 7.862053 17.960712 2.302450
v 7.862053 18.002853 2.446957
v 7.862053 18.047551 2.590694
v 7.862053 18.094793 2.733615
v 7.862053 18.144564 2.875675
v 7.862053 18.196847 3.016830
v 7.862053 18.251627 3.157034
v 7.862053 18.308886 3.296245
v 7.862053 18.368606 3.434418
v 7.862053 18.430769 3.571509
v 7.862053 18.495354 3.707476
v 7.862053 18.562342 3.842275
v 7.862053 18.631711 3.975864
v 7.862053 18.703440 4.108202
v 7.862053 18.777506 4.239246
v 7.862053 18.853885 4.368954
v 7.862053 18.932554 4.497288
v 7.862053 19.013488 4.624205
v 7.862053 19.096661 4.749666
v 7.862053 19.182047 4.873631
v 7.862053 19.269620 4.996062
v 7.862053 19.359351 5.116919
v 7.862053 19.451212 5.236165
v 7.862053 19.545175 5.353763
v 7.862053 19.641210 5.469675
v 7.862053 19.739287 5.583864
v 7.862053 19.839374 5.696295
v 7.862053 19.941440 5.806932
v 7.862053 20.045454 5.915741
v 7.862053 20.151382 6.022687
v 7.862053 20.259191 6.127737
v 7.862053 20.368847 6.230857
v 7.862053 20.480316 6.332015
v 7.862053 20.593562 6.431179
v 7.862053 20.708550 6.528318
v 7.862053 20.825243 6.623402
v 7.862053 20.943606 6.716400
v 7.862053 21.063599 6.807283
v 7.862053 21.185187 6.896022
v 7.862053 21.308330 6.982590
v 7.862053 21.432990 7.066959
v 7.862053 21.559127 7.149103
v 7.862053 21.686702 7.228996
v 7.862053 21.815674 7.306612
v 7.862053 21.946003 7.381928
v 7.862053 22.077649 7.454919
v 7.862053 22.210569 7.525563
v 7.862053 22.344721 7.593837
v 7.862053 22.480064 7.659720
v 7.862053 22.616554 7.723191
v 7.862053 22.754149 7.784230
v 7.862053 22.892806 7.842818
v 7.862053 23.032480 7.898936
v 7.862053 23.173129 7.952567
v 7.862053 23.314706 8.003694
v 7.862053 23.457169 8.052301
v 7.862053 23.600472 8.098372
v 7.862053 23.744569 8.141893
v 7.862053 23.889416 8.182850
v 7.862053 24.034968 8.221231
v 7.862053 24.181177 8.257023
v 7.862053 24.327998 8.290215
v 7.862053 24.475386 8.320796
v 7.862053 24.623292 8.348757
v 7.862053 24.771672 8.374090
v 7.862053 24.920477 8.396785
v 7.862053 25.069662 8.416836
v 7.862053 25.219180 8.434237
v 7.862053 25.368982 8.448983
v 7.862053 25.519023 8.461068
v 7.862053 25.669254 8.470488
v 7.862053 25.819629 8.477241
v 7.862053 25.970100 8.481325
v 7.862053 26.120620 8.482739
v 7.862053 26.271141 8.481481
v 7.862053 26.421616 8.477552
v 7.862053 26.571998 8.470954
v 7.862053 26.722239 8.461689
v 7.862053 26.872292 8.449759
v 7.862053 27.022109 8.435168
v 7.976816 21.016756 -6.875324
v 7.976816 20.895562 -6.783599
v 7.976816 20.776015 -6.689738
v 7.976816 20.658152 -6.593771
v 7.976816 20.542011 -6.495727
v 7.976816 20.427628 -6.395638
v 7.976816 20.315038 -6.293535
v 7.976816 20.204279 -6.189450
v 7.976816 20.095383 -6.083416
v 7.976816 19.988386 -5.975467
v 7.976816 19.883322 -5.865636
v 7.976816 19.780223 -5.753958
v 7.976816 19.679122 -5.640469
v 7.976816 19.580050 -5.525203
v 7.976816 19.483039 -5.408197
v 7.976816 19.388120 -5.289489
v 7.976816 19.295323 -5.169114
v 7.976816 19.204675 -5.047112
v 7.976816 19.116207 -4.923521
v 7.976816 19.029946 -4.798380
v 7.976816 18.945919 -4.671727
v 7.976816 18.864153 -4.543604
v 7.976816 18.784673 -4.414050
v 7.976816 18.707504 -4.283106
v 7.976816 18.632671 -4.150813
v 7.976816 18.560198 -4.017213
v 7.976816 18.490106 -3.882348
v 7.976816 18.422418 -3.746261
v 7.976816 18.357156 -3.608994
v 7.976816 18.294340 -3.470590
v 7.976816 18.233989 -3.331094
v 7.976816 18.176124 -3.190549
v 7.976816 18.120761 -3.048999
v 7.976816 18.067919 -2.906489
v 7.976816 18.017614 -2.763064
v 7.976816 17.969861 -2.618769
v 7.976816 17.924677 -2.473649
v 7.976816 17.882075 -2.327751
v 7.976816 17.842068 -2.181119
v 7.976816 17.804670 -2.033801
v 7.976816 17.769892 -1.885842
v 7.976816 17.737744 -1.737289
v 7.976816 17.708237 -1.588189
v 7.976816 17.681381 -1.438589
v 7.976816 17.657184 -1.288537
v 7.976816 17.635653 -1.138078
v 7.976816 17.616795 -0.987261
v 7.976816 17.600616 -0.836133
v 7.976816 17.587122 -0.684742
v 7.976816 17.576316 -0.533135
v 7.976816 17.568202 -0.381361
v 7.976816 17.562782 -0.229466
v 7.976816 17.560058 -0.077499
v 7.976816 17.560031 0.074492
v 7.976816 17.562702 0.226460
v 7.976816 17.568068 0.378357
v 7.976816 17.576129 0.530134
v 7.976816 17.586882 0.681745
v 7.976816 17.600323 0.833140
v 7.976816 17.616449 0.984274
v 7.976816 17.635254 1.135098
v 7.976816 17.656732 1.285564
v 7.976816 17.680877 1.435625
v 7.976816 17.707680 1.585234
v 7.976816 17.737135 1.734344
v 7.976816 17.769230 1.882908
v 7.976816 17.803957 2.030879
v 7.976816 17.841303 2.178211
v 7.976816 17.881258 2.324857
v 7.976816 17.923809 2.470770
v 7.976816 17.968943 2.615906
v 7.976816 18.016644 2.760218
v 7.976816 18.066899 2.903661
v 7.976816 18.119691 3.046189
v 7.976816 18.175004 3.187758
v 7.976816 18.232820 3.328324
v 7.976816 18.293122 3.467841
v 7.976816 18.355890 3.606267
v 7.976816 18.421103 3.743556
v 7.976816 18.488743 3.879667
v 7.976816 18.558788 4.014557
v 7.976816 18.631215 4.148182
v 7.976816 18.706001 4.280501
v 7.976816 18.783124 4.411472
v 7.976816 18.862558 4.541055
v 7.976816 18.944280 4.669207
v 7.976816 19.028262 4.795889
v 7.976816 19.114479 4.921060
v 7.976816 19.202904 5.044683
v 7.976816 19.293508 5.166716
v 7.976816 19.386264 5.287123
v 7.976816 19.481141 5.405865
v 7.976816 19.578111 5.522905
v 7.976816 19.677142 5.638205
v 7.976816 19.778203 5.751731
v 7.976816 19.881263 5.863445
v 7.976816 19.986289 5.973312
v 7.976816 20.093248 6.081299
v 7.976816 20.202106 6.187371
v 7.976816 20.312829 6.291495
v 7.976816 20.425383 6.393637
v 7.976816 20.539731 6.493767
v 7.976816 20.655838 6.591851
v 7.976816 20.773667 6.687860
v 7.976816 20.893181 6.781763
v 7.976816 21.014342 6.873530
v 7.976816 21.137113 6.963133
v 7.976816 21.261455 7.050543
v 7.976816 21.387328 7.135734
v 7.976816 21.514692 7.218677
v 7.976816 21.643509 7.299347
v 7.976816 21.773736 7.377719
v 7.976816 21.905334 7.453768
v 7.976816 22.038261 7.527469
v 7.976816 22.172474 7.598801
v 7.976816 22.307932 7.667739
v 7.976816 22.444592 7.734263
v 7.976816 22.582410 7.798352
v 7.976816 22.721345 7.859985
v 7.976816 22.861351 7.919143
v 7.976816 23.002384 7.975808
v 7.976816 23.144401 8.029961
v 7.976816 23.287357 8.081585
v 7.976816 23.431206 8.130665
v 7.976816 23.575903 8.177184
v 7.976816 23.721403 8.221129
v 7.976816 23.867660 8.262485
v 7.976816 24.014628 8.301239
v 7.976816 24.162260 8.337379
v 7.976816 24.310510 8.370894
v 7.976816 24.459332 8.401773
v 7.976816 24.608678 8.430006
v 7.976816 24.758501 8.455585
v 7.976816 24.908755 8.478501
v 7.976816 25.059392 8.498748
v 7.976816 25.210364 8.516318
v 7.976816 25.361625 8.531207
v 7.976816 25.513125 8.543409
v 7.976816 25.664819 8.552922
v 7.976816 25.816657 8.559741
v 7.976816 25.968592 8.563864
v 7.976816 26.120577 8.565291
v 7.976816 26.272563 8.564021
v 7.976816 26.424503 8.560055
v 7.976816 26.576348 8.553392
v 7.976816 26.728051 8.544037
v 7.976816 26.879564 8.531991
v 8.089201 20.722456 -6.756722
v 8.089201 20.603413 -6.659794
v 8.089201 20.486108 -6.560769
v 8.089201 20.370580 -6.459677
v 8.089201 20.256863 -6.356552
v 8.089201 20.144994 -6.251425
v 8.089201 20.035008 -6.144330
v 8.089201 19.926940 -6.035300
v 8.089201 19.820824 -5.924369
v 8.089201 19.716692 -5.811573
v 8.089201 19.614579 -5.696947
v 8.089201 19.514515 -5.580527
v 8.089201 19.416533 -5.462349
v 8.089201 19.320664 -5.342452
v 8.089201 19.226937 -5.220873
v 8.089201 19.135382 -5.097649
v 8.089201 19.046028 -4.972821
v 8.089201 18.958903 -4.846426
v 8.089201 18.874035 -4.718505
v 8.089201 18.791450 -4.589099
v 8.089201 18.711174 -4.458248
v 8.089201 18.633233 -4.325992
v 8.089201 18.557651 -4.192375
v 8.089201 18.484451 -4.057437
v 8.089201 18.413658 -3.921222
v 8.089201 18.345292 -3.783772
v 8.089201 18.279377 -3.645131
v 8.089201 18.215931 -3.505341
v 8.089201 18.154977 -3.364448
v 8.089201 18.096532 -3.222496
v 8.089201 18.040615 -3.079529
v 8.089201 17.987243 -2.935592
v 8.089201 17.936434 -2.790731
v 8.089201 17.888204 -2.644991
v 8.089201 17.842567 -2.498418
v 8.089201 17.799538 -2.351058
v 8.089201 17.759131 -2.202959
v 8.089201 17.721358 -2.054165
v 8.089201 17.686232 -1.904725
v 8.089201 17.653762 -1.754684
v 8.089201 17.623960 -1.604092
v 8.089201 17.596835 -1.452994
v 8.089201 17.572396 -1.301439
v 8.089201 17.550649 -1.149474
v 8.089201 17.531602 -0.997146
v 8.089201 17.515262 -0.844505
v 8.089201 17.501632 -0.691598
v 8.089201 17.490718 -0.538474
v 8.089201 17.482522 -0.385179
v 8.089201 17.477048 -0.231764
v 8.089201 17.474297 -0.078275
v 8.089201 17.474270 0.075238
v 8.089201 17.476967 0.228728
v 8.089201 17.482388 0.382145
v 8.089201 17.490529 0.535442
v 8.089201 17.501390 0.688571
v 8.089201 17.514966 0.841483
v 8.089201 17.531253 0.994130
v 8.089201 17.550246 1.146463
v 8.089201 17.571939 1.298436
v 8.089201 17.596326 1.450000
v 8.089201 17.623398 1.601107
v 8.089201 17.653147 1.751710
v 8.089201 17.685564 1.901762
v 8.089201 17.720638 2.051215
v 8.089201 17.758358 2.200021
v 8.089201 17.798714 2.348135
v 8.089201 17.841691 2.495510
v 8.089201 17.887276 2.642099
v 8.089201 17.935455 2.787856
v 8.089201 17.986213 2.932735
v 8.089201 18.039534 3.076691
v 8.089201 18.095401 3.219677
v 8.089201 18.153796 3.361650
v 8.089201 18.214701 3.502565
v 8.089201 18.278097 3.642376
v 8.089201 18.343964 3.781041
v 8.089201 18.412281 3.918515
v 8.089201 18.483027 4.054755
v 8.089201 18.556179 4.189718
v 8.089201 18.631715 4.323362
v 8.089201 18.709609 4.455645
v 8.089201 18.789839 4.586524
v 8.089201 18.872379 4.715960
v 8.089201 18.957202 4.843910
v 8.089201 19.044283 4.970335
v 8.089201 19.133593 5.095195
v 8.089201 19.225105 5.218451
v 8.089201 19.318789 5.340063
v 8.089201 19.414616 5.459994
v 8.089201 19.512557 5.578206
v 8.089201 19.612579 5.694661
v 8.089201 19.714653 5.809323
v 8.089201 19.818744 5.922155
v 8.089201 19.924822 6.033123
v 8.089201 20.032852 6.142191
v 8.089201 20.142800 6.249325
v 8.089201 20.254632 6.354492
v 8.089201 20.368312 6.457657
v 8.089201 20.483805 6.558789
v 8.089201 20.601075 6.657855
v 8.089201 20.720084 6.754825
v 8.089201 20.840795 6.849669
v 8.089201 20.963169 6.942355
v 8.089201 21.087169 7.032855
v 8.089201 21.212756 7.121141
v 8.089201 21.339889 7.207184
v 8.089201 21.468529 7.290958
v 8.089201 21.598635 7.372436
v 8.089201 21.730167 7.451592
v 8.089201 21.863083 7.528403
v 8.089201 21.997340 7.602842
v 8.089201 22.132897 7.674888
v 8.089201 22.269711 7.744516
v 8.089201 22.407740 7.811707
v 8.089201 22.546938 7.876437
v 8.089201 22.687264 7.938687
v 8.089201 22.828672 7.998438
v 8.089201 22.971118 8.055670
v 8.089201 23.114557 8.110365
v 8.089201 23.258944 8.162506
v 8.089201 23.404233 8.212077
v 8.089201 23.550379 8.259062
v 8.089201 23.697336 8.303447
v 8.089201 23.845057 8.345217
v 8.089201 23.993497 8.384359
v 8.089201 24.142607 8.420861
v 8.089201 24.292342 8.454712
v 8.089201 24.442653 8.485900
v 8.089201 24.593495 8.514416
v 8.089201 24.744819 8.540251
v 8.089201 24.896577 8.563397
v 8.089201 25.048722 8.583846
v 8.089201 25.201206 8.601592
v 8.089201 25.353981 8.616630
v 8.089201 25.506999 8.628955
v 8.089201 25.660211 8.638562
v 8.089201 25.813570 8.645449
v 8.089201 25.967026 8.649614
v 8.089201 26.120533 8.651056
v 8.089201 26.274041 8.649773
v 8.089201 26.427502 8.645766
v 8.089201 26.580867 8.639038
v 8.089201 26.734089 8.629588
v 8.089201 26.887120 8.617422
v 7.976816 27.030840 8.517258
v 8.199115 20.546667 -6.728237
v 8.199115 20.428157 -6.628194
v 8.199115 20.311441 -6.526064
v 8.199115 20.196556 -6.421879
v 8.199115 20.083537 -6.315671
v 8.199115 19.972421 -6.207475
v 8.199115 19.863243 -6.097325
v 8.199115 19.756035 -5.985254
v 8.199115 19.650834 -5.871299
v 8.199115 19.547671 -5.755494
v 8.199115 19.446579 -5.637878
v 8.199115 19.347590 -5.518486
v 8.199115 19.250735 -5.397357
v 8.199115 19.156045 -5.274528
v 8.199115 19.063550 -5.150038
v 8.199115 18.973277 -5.023927
v 8.199115 18.885257 -4.896233
v 8.199115 18.799517 -4.766998
v 8.199115 18.716083 -4.636261
v 8.199115 18.634982 -4.504065
v 8.199115 18.556240 -4.370451
v 8.199115 18.479880 -4.235460
v 8.199115 18.405929 -4.099136
v 8.199115 18.334408 -3.961521
v 8.199115 18.265340 -3.822658
v 8.199115 18.198747 -3.682592
v 8.199115 18.134649 -3.541366
v 8.199115 18.073068 -3.399025
v 8.199115 18.014023 -3.255614
v 8.199115 17.957531 -3.111177
v 8.199115 17.903611 -2.965761
v 8.199115 17.852280 -2.819411
v 8.199115 17.803554 -2.672174
v 8.199115 17.757448 -2.524094
v 8.199115 17.713977 -2.375220
v 8.199115 17.673155 -2.225598
v 8.199115 17.634994 -2.075276
v 8.199115 17.599506 -1.924300
v 8.199115 17.566703 -1.772717
v 8.199115 17.536595 -1.620577
v 8.199115 17.509191 -1.467926
v 8.199115 17.484500 -1.314814
v 8.199115 17.462530 -1.161287
v 8.199115 17.443288 -1.007394
v 8.199115 17.426779 -0.853184
v 8.199115 17.413009 -0.698706
v 8.199115 17.401983 -0.544008
v 8.199115 17.393703 -0.389138
v 8.199115 17.388173 -0.234146
v 8.199115 17.385394 -0.079080
v 8.199115 17.385366 0.076011
v 8.199115 17.388091 0.231078
v 8.199115 17.393567 0.386073
v 8.199115 17.401792 0.540945
v 8.199115 17.412764 0.695647
v 8.199115 17.426480 0.850131
v 8.199115 17.442934 1.004346
v 8.199115 17.462123 1.158246
v 8.199115 17.484039 1.311780
v 8.199115 17.508676 1.464902
v 8.199115 17.536026 1.617562
v 8.199115 17.566081 1.769713
v 8.199115 17.598831 1.921306
v 8.199115 17.634266 2.072295
v 8.199115 17.672374 2.222631
v 8.199115 17.713144 2.372267
v 8.199115 17.756563 2.521157
v 8.199115 17.802616 2.669252
v 8.199115 17.851291 2.816507
v 8.199115 17.902570 2.962875
v 8.199115 17.956439 3.108310
v 8.199115 18.012880 3.252766
v 8.199115 18.071876 3.396198
v 8.199115 18.133407 3.538561
v 8.199115 18.197454 3.679809
v 8.199115 18.263998 3.819899
v 8.199115 18.333017 3.958785
v 8.199115 18.404490 4.096426
v 8.199115 18.478394 4.232776
v 8.199115 18.554706 4.367793
v 8.199115 18.633401 4.501435
v 8.199115 18.714456 4.633660
v 8.199115 18.797844 4.764426
v 8.199115 18.883539 4.893691
v 8.199115 18.971514 5.021415
v 8.199115 19.061742 5.147559
v 8.199115 19.154194 5.272081
v 8.199115 19.248841 5.394943
v 8.199115 19.345653 5.516107
v 8.199115 19.444600 5.635533
v 8.199115 19.545651 5.753185
v 8.199115 19.648773 5.869025
v 8.199115 19.753935 5.983018
v 8.199115 19.861102 6.095126
v 8.199115 19.970242 6.205315
v 8.199115 20.081321 6.313550
v 8.199115 20.194302 6.419797
v 8.199115 20.309151 6.524023
v 8.199115 20.425831 6.626194
v 8.199115 20.544305 6.726278
v 8.199115 20.664537 6.824245
v 8.199115 20.786489 6.920063
v 8.199115 20.910121 7.013702
v 8.199115 21.035395 7.105132
v 8.199115 21.162273 7.194325
v 8.199115 21.290712 7.281252
v 8.199115 21.420674 7.365887
v 8.199115 21.552118 7.448203
v 8.199115 21.685001 7.528173
v 8.199115 21.819283 7.605772
v 8.199115 21.954920 7.680977
v 8.199115 22.091870 7.753763
v 8.199115 22.230090 7.824107
v 8.199115 22.369537 7.891988
v 8.199115 22.510166 7.957384
v 8.199115 22.651934 8.020274
v 8.199115 22.794795 8.080638
v 8.199115 22.938705 8.138458
v 8.199115 23.083618 8.193715
v 8.199115 23.229489 8.246393
v 8.199115 23.376272 8.296473
v 8.199115 23.523920 8.343941
v 8.199115 23.672387 8.388782
v 8.199115 23.821626 8.430981
v 8.199115 23.971591 8.470526
v 8.199115 24.122234 8.507403
v 8.199115 24.273507 8.541601
v 8.199115 24.425364 8.573110
v 8.199115 24.577755 8.601919
v 8.199115 24.730634 8.628019
v 8.199115 24.883952 8.651403
v 8.199115 25.037661 8.672063
v 8.199115 25.191712 8.689991
v 8.199115 25.346057 8.705184
v 8.199115 25.500647 8.717635
v 8.199115 25.655434 8.727341
v 8.199115 25.810369 8.734299
v 8.199115 25.965403 8.738507
v 8.199115 26.120487 8.739963
v 8.199115 26.275572 8.738667
v 8.199115 26.430610 8.734619
v 8.199115 26.585552 8.727821
v 8.199115 26.740349 8.718275
v 8.306472 20.250260 -6.594744
v 8.306472 20.134165 -6.489462
v 8.306472 20.019957 -6.382137
v 8.306472 19.907672 -6.272803
v 8.306472 19.797344 -6.161493
v 8.306472 19.689009 -6.048243
v 8.306472 19.582700 -5.933088
v 8.306472 19.478451 -5.816065
v 8.306472 19.376296 -5.697211
v 8.306472 19.276265 -5.576563
v 8.306472 19.178391 -5.454159
v 8.306472 19.082704 -5.330037
v 8.306472 18.989235 -5.204237
v 8.306472 18.898013 -5.076798
v 8.306472 18.809066 -4.947761
v 8.306472 18.722423 -4.817166
v 8.306472 18.638111 -4.685053
v 8.306472 18.556157 -4.551466
v 8.306472 18.476586 -4.416445
v 8.306472 18.399423 -4.280034
v 8.306472 18.324693 -4.142275
v 8.306472 18.252420 -4.003212
v 8.306472 18.182625 -3.862888
v 8.306472 18.115331 -3.721347
v 8.306472 18.050559 -3.578635
v 8.306472 17.988330 -3.434796
v 8.306472 17.928663 -3.289876
v 8.306472 17.871577 -3.143919
v 8.306472 17.817089 -2.996973
v 8.306472 17.765218 -2.849083
v 8.306472 17.715979 -2.700295
v 8.306472 17.669388 -2.550658
v 8.306472 17.625460 -2.400217
v 8.306472 17.584208 -2.249021
v 8.306472 17.545645 -2.097116
v 8.306472 17.509784 -1.944551
v 8.306472 17.476636 -1.791373
v 8.306472 17.446211 -1.637632
v 8.306472 17.418518 -1.483375
v 8.306472 17.393568 -1.328651
v 8.306472 17.371366 -1.173508
v 8.306472 17.351921 -1.017996
v 8.306472 17.335239 -0.862163
v 8.306472 17.321324 -0.706059
v 8.306472 17.310182 -0.549733
v 8.306472 17.301815 -0.393233
v 8.306472 17.296227 -0.236610
v 8.306472 17.293418 -0.079912
v 8.306472 17.293391 0.076811
v 8.306472 17.296144 0.233510
v 8.306472 17.301678 0.390136
v 8.306472 17.309989 0.546638
v 8.306472 17.321077 0.702968
v 8.306472 17.334937 0.859077
v 8.306472 17.351565 1.014916
v 8.306472 17.370955 1.170435
v 8.306472 17.393102 1.325585
v 8.306472 17.417998 1.480318
v 8.306472 17.445636 1.634585
v 8.306472 17.476007 1.788337
v 8.306472 17.509102 1.941526
v 8.306472 17.544909 2.094104
v 8.306472 17.583419 2.246022
v 8.306472 17.624618 2.397233
v 8.306472 17.668493 2.547689
v 8.306472 17.715032 2.697343
v 8.306472 17.764218 2.846148
v 8.306472 17.816038 2.994056
v 8.306472 17.870473 3.141022
v 8.306472 17.927508 3.286998
v 8.306472 17.987125 3.431940
v 8.306472 18.049303 3.575800
v 8.306472 18.114025 3.718535
v 8.306472 18.181269 3.860099
v 8.306472 18.251015 4.000448
v 8.306472 18.323240 4.139536
v 8.306472 18.397921 4.277322
v 8.306472 18.475036 4.413760
v 8.306472 18.554560 4.548808
v 8.306472 18.636467 4.682425
v 8.306472 18.720733 4.814566
v 8.306472 18.807330 4.945192
v 8.306472 18.896231 5.074261
v 8.306472 18.987408 5.201731
v 8.306472 19.080833 5.327564
v 8.306472 19.176476 5.451720
v 8.306472 19.274308 5.574158
v 8.306472 19.374296 5.694841
v 8.306472 19.476410 5.813731
v 8.306472 19.580617 5.930791
v 8.306472 19.686886 6.045983
v 8.306472 19.795181 6.159271
v 8.306472 19.905470 6.270620
v 8.306472 20.017717 6.379994
v 8.306472 20.131887 6.487359
v 8.306472 20.247945 6.592681
v 8.306472 20.365853 6.695928
v 8.306472 20.485574 6.797066
v 8.306472 20.607071 6.896063
v 8.306472 20.730306 6.992890
v 8.306472 20.855240 7.087514
v 8.306472 20.981833 7.179906
v 8.306472 21.110045 7.270038
v 8.306472 21.239836 7.357880
v 8.306472 21.371166 7.443406
v 8.306472 21.503993 7.526587
v 8.306472 21.638275 7.607399
v 8.306472 21.773969 7.685815
v 8.306472 21.911034 7.761811
v 8.306472 22.049426 7.835363
v 8.306472 22.189100 7.906448
v 8.306472 22.330015 7.975043
v 8.306472 22.472124 8.041127
v 8.306472 22.615384 8.104679
v 8.306472 22.759748 8.165678
v 8.306472 22.905173 8.224107
v 8.306472 23.051611 8.279946
v 8.306472 23.199017 8.333177
v 8.306472 23.347344 8.383785
v 8.306472 23.496546 8.431753
v 8.306472 23.646576 8.477065
v 8.306472 23.797386 8.519709
v 8.306472 23.948929 8.559669
v 8.306472 24.101157 8.596935
v 8.306472 24.254022 8.631493
v 8.306472 24.407477 8.663333
v 8.306472 24.561472 8.692445
v 8.306472 24.715960 8.718821
v 8.306472 24.870892 8.742450
v 8.306472 25.026218 8.763327
v 8.306472 25.181890 8.781445
v 8.306472 25.337860 8.796797
v 8.306472 25.494077 8.809379
v 8.306472 25.650493 8.819187
v 8.306472 25.807058 8.826219
v 8.306472 25.963723 8.830471
v 8.306472 26.120439 8.831942
v 8.306472 26.277157 8.830633
v 8.306472 26.433827 8.826542
v 8.306472 26.590399 8.819673
v 8.411186 20.069740 -6.559249
v 8.411186 19.954304 -6.450770
v 8.411186 19.840811 -6.340260
v 8.411186 19.729297 -6.227753
v 8.411186 19.619797 -6.113285
v 8.411186 19.512345 -5.996892
v 8.411186 19.406975 -5.878610
v 8.411186 19.303721 -5.758478
v 8.411186 19.202614 -5.636532
v 8.411186 19.103688 -5.512812
v 8.411186 19.006972 -5.387355
v 8.411186 18.912498 -5.260203
v 8.411186 18.820295 -5.131393
v 8.411186 18.730392 -5.000968
v 8.411186 18.642817 -4.868969
v 8.411186 18.557598 -4.735436
v 8.411186 18.474763 -4.600412
v 8.411186 18.394336 -4.463939
v 8.411186 18.316344 -4.326061
v 8.411186 18.240810 -4.186820
v 8.411186 18.167759 -4.046262
v 8.411186 18.097214 -3.904429
v 8.411186 18.029196 -3.761366
v 8.411186 17.963728 -3.617119
v 8.411186 17.900829 -3.471734
v 8.411186 17.840521 -3.325255
v 8.411186 17.782820 -3.177729
v 8.411186 17.727747 -3.029202
v 8.411186 17.675318 -2.879721
v 8.411186 17.625550 -2.729334
v 8.411186 17.578458 -2.578087
v 8.411186 17.534057 -2.426029
v 8.411186 17.492361 -2.273206
v 8.411186 17.453384 -2.119668
v 8.411186 17.417137 -1.965462
v 8.411186 17.383632 -1.810638
v 8.411186 17.352880 -1.655243
v 8.411186 17.324890 -1.499327
v 8.411186 17.299671 -1.342939
v 8.411186 17.277231 -1.186128
v 8.411186 17.257577 -1.028943
v 8.411186 17.240715 -0.871435
v 8.411186 17.226651 -0.713652
v 8.411186 17.215388 -0.555644
v 8.411186 17.206932 -0.397462
v 8.411186 17.201283 -0.239154
v 8.411186 17.198444 -0.080771
v 8.411186 17.198417 0.077637
v 8.411186 17.201200 0.236021
v 8.411186 17.206793 0.394331
v 8.411186 17.215194 0.552517
v 8.411186 17.226401 0.710528
v 8.411186 17.240410 0.868316
v 8.411186 17.257216 1.025830
v 8.411186 17.276815 1.183022
v 8.411186 17.299200 1.339840
v 8.411186 17.324364 1.496237
v 8.411186 17.352299 1.652163
v 8.411186 17.382997 1.807569
v 8.411186 17.416448 1.962405
v 8.411186 17.452640 2.116624
v 8.411186 17.491564 2.270176
v 8.411186 17.533206 2.423013
v 8.411186 17.577553 2.575087
v 8.411186 17.624592 2.726350
v 8.411186 17.674308 2.876755
v 8.411186 17.726684 3.026254
v 8.411186 17.781705 3.174800
v 8.411186 17.839354 3.322346
v 8.411186 17.899611 3.468846
v 8.411186 17.962458 3.614254
v 8.411186 18.027876 3.758524
v 8.411186 18.095843 3.901610
v 8.411186 18.166339 4.043468
v 8.411186 18.239341 4.184052
v 8.411186 18.314825 4.323319
v 8.411186 18.392769 4.461225
v 8.411186 18.473148 4.597726
v 8.411186 18.555936 4.732779
v 8.411186 18.641108 4.866342
v 8.411186 18.728636 4.998372
v 8.411186 18.818494 5.128829
v 8.411186 18.910652 5.257670
v 8.411186 19.005081 5.384856
v 8.411186 19.101753 5.510347
v 8.411186 19.200636 5.634102
v 8.411186 19.301700 5.756083
v 8.411186 19.404912 5.876252
v 8.411186 19.510240 5.994570
v 8.411186 19.617651 6.111001
v 8.411186 19.727111 6.225507
v 8.411186 19.838586 6.338053
v 8.411186 19.952040 6.448603
v 8.411186 20.067438 6.557123
v 8.411186 20.184744 6.663578
v 8.411186 20.303920 6.767935
v 8.411186 20.424929 6.870160
v 8.411186 20.547732 6.970223
v 8.411186 20.672292 7.068090
v 8.411186 20.798569 7.163732
v 8.411186 20.926524 7.257118
v 8.411186 21.056115 7.348219
v 8.411186 21.187302 7.437006
v 8.411186 21.320044 7.523451
v 8.411186 21.454299 7.607527
v 8.411186 21.590025 7.689208
v 8.411186 21.727179 7.768468
v 8.411186 21.865718 7.845281
v 8.411186 22.005597 7.919624
v 8.411186 22.146774 7.991473
v 8.411186 22.289204 8.060806
v 8.411186 22.432841 8.127600
v 8.411186 22.577642 8.191835
v 8.411186 22.723559 8.253491
v 8.411186 22.870547 8.312548
v 8.411186 23.018560 8.368987
v 8.411186 23.167551 8.422791
v 8.411186 23.317473 8.473943
v 8.411186 23.468280 8.522427
v 8.411186 23.619923 8.568227
v 8.411186 23.772355 8.611329
v 8.411186 23.925527 8.651719
v 8.411186 24.079393 8.689385
v 8.411186 24.233902 8.724315
v 8.411186 24.389007 8.756497
v 8.411186 24.544658 8.785923
v 8.411186 24.700807 8.812582
v 8.411186 24.857405 8.836465
v 8.411186 25.014402 8.857567
v 8.411186 25.171748 8.875879
v 8.411186 25.329395 8.891396
v 8.411186 25.487292 8.904114
v 8.411186 25.645390 8.914028
v 8.411186 25.803639 8.921135
v 8.411186 25.961989 8.925433
v 8.411186 26.120390 8.926920
v 8.411186 26.278793 8.925596
v 8.411186 26.437148 8.921462
v 8.411186 26.595404 8.914518
v 8.306472 26.746825 8.810026
v 8.513173 19.771894 -6.409792
v 8.513173 19.659157 -6.296051
v 8.513173 19.548455 -6.180328
v 8.513173 19.439825 -6.062659
v 8.513173 19.333300 -5.943080
v 8.513173 19.228913 -5.821630
v 8.513173 19.126698 -5.698347
v 8.513173 19.026686 -5.573270
v 8.513173 18.928910 -5.446438
v 8.513173 18.833400 -5.317890
v 8.513173 18.740185 -5.187669
v 8.513173 18.649296 -5.055813
v 8.513173 18.560761 -4.922366
v 8.513173 18.474608 -4.787369
v 8.513173 18.390864 -4.650864
v 8.513173 18.309555 -4.512894
v 8.513173 18.230707 -4.373504
v 8.513173 18.154345 -4.232737
v 8.513173 18.080493 -4.090636
v 8.513173 18.009174 -3.947248
v 8.513173 17.940411 -3.802617
v 8.513173 17.874224 -3.656788
v 8.513173 17.810636 -3.509808
v 8.513173 17.749666 -3.361722
v 8.513173 17.691333 -3.212578
v 8.513173 17.635656 -3.062423
v 8.513173 17.582652 -2.911303
v 8.513173 17.532338 -2.759266
v 8.513173 17.484729 -2.606361
v 8.513173 17.439842 -2.452635
v 8.513173 17.397689 -2.298136
v 8.513173 17.358284 -2.142914
v 8.513173 17.321639 -1.987017
v 8.513173 17.287767 -1.830495
v 8.513173 17.256678 -1.673396
v 8.513173 17.228381 -1.515770
v 8.513173 17.202885 -1.357667
v 8.513173 17.180199 -1.199136
v 8.513173 17.160329 -1.040228
v 8.513173 17.143283 -0.880992
v 8.513173 17.129064 -0.721479
v 8.513173 17.117678 -0.561738
v 8.513173 17.109129 -0.401821
v 8.513173 17.103418 -0.241777
v 8.513173 17.100548 -0.081657
v 8.513173 17.100520 0.078489
v 8.513173 17.103334 0.238610
v 8.513173 17.108988 0.398656
v 8.513173 17.117482 0.558576
v 8.513173 17.128811 0.718320
v 8.513173 17.142974 0.877839
v 8.513173 17.159965 1.037080
v 8.513173 17.179778 1.195996
v 8.513173 17.202409 1.354534
v 8.513173 17.227849 1.512646
v 8.513173 17.256091 1.670282
v 8.513173 17.287125 1.827392
v 8.513173 17.320942 1.983926
v 8.513173 17.357532 2.139836
v 8.513173 17.396882 2.295072
v 8.513173 17.438981 2.449585
v 8.513173 17.483815 2.603327
v 8.513173 17.531370 2.756249
v 8.513173 17.581630 2.908304
v 8.513173 17.634581 3.059442
v 8.513173 17.690206 3.209617
v 8.513173 17.748486 3.358782
v 8.513173 17.809405 3.506888
v 8.513173 17.872941 3.653891
v 8.513173 17.939076 3.799743
v 8.513173 18.007789 3.944398
v 8.513173 18.079058 4.087812
v 8.513173 18.152860 4.229938
v 8.513173 18.229172 4.370732
v 8.513173 18.307971 4.510150
v 8.513173 18.389232 4.648148
v 8.513173 18.472928 4.784682
v 8.513173 18.559034 4.919710
v 8.513173 18.647522 5.053188
v 8.513173 18.738364 5.185076
v 8.513173 18.831533 5.315330
v 8.513173 18.926998 5.443911
v 8.513173 19.024730 5.570778
v 8.513173 19.124698 5.695890
v 8.513173 19.226870 5.819209
v 8.513173 19.331214 5.940695
v 8.513173 19.437697 6.060311
v 8.513173 19.546286 6.178019
v 8.513173 19.656947 6.293781
v 8.513173 19.769644 6.407561
v 8.513173 19.884342 6.519324
v 8.513173 20.001006 6.629034
v 8.513173 20.119598 6.736656
v 8.513173 20.240081 6.842158
v 8.513173 20.362417 6.945504
v 8.513173 20.486567 7.046664
v 8.513173 20.612493 7.145605
v 8.513173 20.740155 7.242295
v 8.513173 20.869513 7.336706
v 8.513173 21.000525 7.428806
v 8.513173 21.133151 7.518566
v 8.513173 21.267349 7.605960
v 8.513173 21.403076 7.690958
v 8.513173 21.540291 7.773534
v 8.513173 21.678949 7.853663
v 8.513173 21.819007 7.931319
v 8.513173 21.960421 8.006477
v 8.513173 22.103146 8.079114
v 8.513173 22.247137 8.149207
v 8.513173 22.392350 8.216734
v 8.513173 22.538738 8.281674
v 8.513173 22.686256 8.344006
v 8.513173 22.834856 8.403710
v 8.513173 22.984492 8.460769
v 8.513173 23.135117 8.515163
v 8.513173 23.286684 8.566875
v 8.513173 23.439144 8.615891
v 8.513173 23.592450 8.662193
v 8.513173 23.746554 8.705767
v 8.513173 23.901406 8.746601
v 8.513173 24.056959 8.784680
v 8.513173 24.213163 8.819993
v 8.513173 24.369968 8.852528
v 8.513173 24.527327 8.882276
v 8.513173 24.685189 8.909228
v 8.513173 24.843503 8.933373
v 8.513173 25.002222 8.954706
v 8.513173 25.161294 8.973219
v 8.513173 25.320669 8.988907
v 8.513173 25.480298 9.001764
v 8.513173 25.640130 9.011786
v 8.513173 25.800114 9.018971
v 8.513173 25.960201 9.023316
v 8.513173 26.120340 9.024820
v 8.513173 26.280480 9.023482
v 8.513173 26.440571 9.019302
v 8.612351 19.586978 -6.366334
v 8.612351 19.475041 -6.249319
v 8.612351 19.365198 -6.130336
v 8.612351 19.257484 -6.009423
v 8.612351 19.151932 -5.886617
v 8.612351 19.048576 -5.761958
v 8.612351 18.947448 -5.635484
v 8.612351 18.848580 -5.507236
v 8.612351 18.752003 -5.377254
v 8.612351 18.657748 -5.245579
v 8.612351 18.565845 -5.112251
v 8.612351 18.476321 -4.977314
v 8.612351 18.389207 -4.840810
v 8.612351 18.304528 -4.702781
v 8.612351 18.222311 -4.563272
v 8.612351 18.142583 -4.422326
v 8.612351 18.065369 -4.279987
v 8.612351 17.990692 -4.136300
v 8.612351 17.918577 -3.991311
v 8.612351 17.849046 -3.845065
v 8.612351 17.782121 -3.697609
v 8.612351 17.717823 -3.548988
v 8.612351 17.656172 -3.399249
v 8.612351 17.597188 -3.248440
v 8.612351 17.540889 -3.096609
v 8.612351 17.487294 -2.943802
v 8.612351 17.436418 -2.790068
v 8.612351 17.388278 -2.635456
v 8.612351 17.342889 -2.480013
v 8.612351 17.300265 -2.323790
v 8.612351 17.260421 -2.166835
v 8.612351 17.223367 -2.009198
v 8.612351 17.189117 -1.850928
v 8.612351 17.157680 -1.692076
v 8.612351 17.129068 -1.532690
v 8.612351 17.103287 -1.372822
v 8.612351 17.080348 -1.212522
v 8.612351 17.060257 -1.051840
v 8.612351 17.043020 -0.890826
v 8.612351 17.028642 -0.729532
v 8.612351 17.017129 -0.568009
v 8.612351 17.008484 -0.406306
v 8.612351 17.002710 -0.244476
v 8.612351 16.999808 -0.082568
v 8.612351 16.999780 0.079365
v 8.612351 17.002625 0.241273
v 8.612351 17.008342 0.403106
v 8.612351 17.016931 0.564811
v 8.612351 17.028387 0.726339
v 8.612351 17.042707 0.887638
v 8.612351 17.059888 1.048657
v 8.612351 17.079923 1.209347
v 8.612351 17.102806 1.369655
v 8.612351 17.128530 1.529532
v 8.612351 17.157087 1.688928
v 8.612351 17.188468 1.847791
v 8.612351 17.222663 2.006073
v 8.612351 17.259661 2.163723
v 8.612351 17.299450 2.320692
v 8.612351 17.342019 2.476930
v 8.612351 17.387353 2.632388
v 8.612351 17.435439 2.787017
v 8.612351 17.486261 2.940769
v 8.612351 17.539803 3.093595
v 8.612351 17.596048 3.245446
v 8.612351 17.654979 3.396276
v 8.612351 17.716577 3.546036
v 8.612351 17.780823 3.694679
v 8.612351 17.847697 3.842160
v 8.612351 17.917176 3.988430
v 8.612351 17.989241 4.133444
v 8.612351 18.063867 4.277157
v 8.612351 18.141031 4.419523
v 8.612351 18.220710 4.560497
v 8.612351 18.302877 4.700036
v 8.612351 18.387508 4.838094
v 8.612351 18.474575 4.974629
v 8.612351 18.564051 5.109597
v 8.612351 18.655907 5.242957
v 8.612351 18.750116 5.374665
v 8.612351 18.846647 5.504681
v 8.612351 18.945470 5.632964
v 8.612351 19.046553 5.759473
v 8.612351 19.149866 5.884169
v 8.612351 19.255375 6.007012
v 8.612351 19.363047 6.127963
v 8.612351 19.472848 6.246984
v 8.612351 19.584744 6.364039
v 8.612351 19.698699 6.479089
v 8.612351 19.814678 6.592099
v 8.612351 19.932644 6.703034
v 8.612351 20.052559 6.811858
v 8.612351 20.174387 6.918537
v 8.612351 20.298089 7.023037
v 8.612351 20.423626 7.125326
v 8.612351 20.550957 7.225371
v 8.612351 20.680044 7.323141
v 8.612351 20.810846 7.418605
v 8.612351 20.943321 7.511733
v 8.612351 21.077427 7.602496
v 8.612351 21.213123 7.690865
v 8.612351 21.350366 7.776812
v 8.612351 21.489112 7.860310
v 8.612351 21.629317 7.941334
v 8.612351 21.770939 8.019856
v 8.612351 21.913931 8.095853
v 8.612351 22.058250 8.169301
v 8.612351 22.203849 8.240177
v 8.612351 22.350683 8.308458
v 8.612351 22.498705 8.374122
v 8.612351 22.647869 8.437150
v 8.612351 22.798128 8.497521
v 8.612351 22.949435 8.555216
v 8.612351 23.101741 8.610218
v 8.612351 23.255000 8.662508
v 8.612351 23.409162 8.712070
v 8.612351 23.564179 8.758889
v 8.612351 23.720003 8.802950
v 8.612351 23.876584 8.844239
v 8.612351 24.033873 8.882743
v 8.612351 24.191821 8.918450
v 8.612351 24.350377 8.951349
v 8.612351 24.509492 8.981429
v 8.612351 24.669116 9.008681
v 8.612351 24.829198 9.033097
v 8.612351 24.989688 9.054668
v 8.612351 25.150536 9.073388
v 8.612351 25.311691 9.089250
v 8.612351 25.473101 9.102251
v 8.612351 25.634717 9.112385
v 8.612351 25.796488 9.119650
v 8.612351 25.958362 9.124044
v 8.612351 26.120288 9.125564
v 8.612351 26.282216 9.124211
v 8.708641 19.288524 -6.199870
v 8.708641 19.179588 -6.077585
v 8.708641 19.072839 -5.953387
v 8.708641 18.968311 -5.827314
v 8.708641 18.866036 -5.699406
v 8.708641 18.766046 -5.569703
v 8.708641 18.668374 -5.438246
v 8.708641 18.573050 -5.305077
v 8.708641 18.480104 -5.170238
v 8.708641 18.389565 -5.033770
v 8.708641 18.301462 -4.895717
v 8.708641 18.215823 -4.756123
v 8.708641 18.132674 -4.615031
v 8.708641 18.052042 -4.472486
v 8.708641 17.973951 -4.328533
v 8.708641 17.898428 -4.183217
v 8.708641 17.825495 -4.036583
v 8.708641 17.755175 -3.888678
v 8.708641 17.687491 -3.739549
v 8.708641 17.622463 -3.589242
v 8.708641 17.560113 -3.437806
v 8.708641 17.500460 -3.285286
v 8.708641 17.443523 -3.131732
v 8.708641 17.389319 -2.977192
v 8.708641 17.337866 -2.821715
v 8.708641 17.289180 -2.665349
v 8.708641 17.243277 -2.508143
v 8.708641 17.200170 -2.350148
v 8.708641 17.159873 -2.191413
v 8.708641 17.122400 -2.031988
v 8.708641 17.087761 -1.871923
v 8.708641 17.055968 -1.711268
v 8.708641 17.027030 -1.550075
v 8.708641 17.000957 -1.388394
v 8.708641 16.977758 -1.226275
v 8.708641 16.957439 -1.063770
v 8.708641 16.940006 -0.900931
v 8.708641 16.925466 -0.737807
v 8.708641 16.913822 -0.574451
v 8.708641 16.905079 -0.410915
v 8.708641 16.899239 -0.247249
v 8.708641 16.896305 -0.083505
v 8.708641 16.896276 0.080265
v 8.708641 16.899153 0.244010
v 8.708641 16.904936 0.407678
v 8.708641 16.913621 0.571218
v 8.708641 16.925207 0.734578
v 8.708641 16.939690 0.897706
v 8.708641 16.957066 1.060552
v 8.708641 16.977328 1.223064
v 8.708641 17.000471 1.385190
v 8.708641 17.026486 1.546881
v 8.708641 17.055367 1.708084
v 8.708641 17.087104 1.868750
v 8.708641 17.121687 2.028827
v 8.708641 17.159104 2.188266
v 8.708641 17.199345 2.347015
v 8.708641 17.242397 2.505025
v 8.708641 17.288245 2.662246
v 8.708641 17.336876 2.818630
v 8.708641 17.388275 2.974125
v 8.708641 17.442424 3.128684
v 8.708641 17.499308 3.282258
v 8.708641 17.558907 3.434798
v 8.708641 17.621204 3.586257
v 8.708641 17.686178 3.736587
v 8.708641 17.753810 3.885740
v 8.708641 17.824078 4.033669
v 8.708641 17.896960 4.180328
v 8.708641 17.972432 4.325671
v 8.708641 18.050472 4.469652
v 8.708641 18.131054 4.612225
v 8.708641 18.214154 4.753346
v 8.708641 18.299744 4.892971
v 8.708641 18.387799 5.031054
v 8.708641 18.478290 5.167553
v 8.708641 18.571188 5.302426
v 8.708641 18.666466 5.435628
v 8.708641 18.764091 5.567119
v 8.708641 18.864035 5.696857
v 8.708641 18.966265 5.824801
v 8.708641 19.070749 5.950911
v 8.708641 19.177455 6.075147
v 8.708641 19.286348 6.197470
v 8.708641 19.397395 6.317841
v 8.708641 19.510560 6.436223
v 8.708641 19.625808 6.552579
v 8.708641 19.743102 6.666871
v 8.708641 19.862406 6.779064
v 8.708641 19.983682 6.889122
v 8.708641 20.106892 6.997011
v 8.708641 20.231997 7.102697
v 8.708641 20.358957 7.206146
v 8.708641 20.487733 7.307326
v 8.708641 20.618284 7.406205
v 8.708641 20.750569 7.502752
v 8.708641 20.884547 7.596936
v 8.708641 21.020174 7.688728
v 8.708641 21.157409 7.778100
v 8.708641 21.296209 7.865022
v 8.708641 21.436528 7.949467
v 8.708641 21.578325 8.031409
v 8.708641 21.721552 8.110822
v 8.708641 21.866167 8.187682
v 8.708641 22.012122 8.261963
v 8.708641 22.159373 8.333642
v 8.708641 22.307872 8.402697
v 8.708641 22.457573 8.469107
v 8.708641 22.608429 8.532849
v 8.708641 22.760393 8.593905
v 8.708641 22.913415 8.652255
v 8.708641 23.067449 8.707880
v 8.708641 23.222446 8.760763
v 8.708641 23.378357 8.810888
v 8.708641 23.535133 8.858238
v 8.708641 23.692724 8.902799
v 8.708641 23.851081 8.944556
v 8.708641 24.010154 8.983497
v 8.708641 24.169893 9.019609
v 8.708641 24.330248 9.052881
v 8.708641 24.491168 9.083302
v 8.708641 24.652602 9.110864
v 8.708641 24.814500 9.135556
v 8.708641 24.976811 9.157371
v 8.708641 25.139483 9.176303
v 8.708641 25.302466 9.192346
v 8.708641 25.465707 9.205494
v 8.708641 25.629156 9.215743
v 8.708641 25.792762 9.223091
v 8.708641 25.956471 9.227534
v 8.708641 26.120234 9.229072
v 8.708641 26.283999 9.227703
v 8.612351 26.444094 9.119985
v 8.801967 19.099675 -6.147513
v 8.801967 18.991698 -6.021886
v 8.801967 18.885966 -5.894362
v 8.801967 18.782515 -5.764982
v 8.801967 18.681375 -5.633787
v 8.801967 18.582579 -5.500818
v 8.801967 18.486158 -5.366117
v 8.801967 18.392143 -5.229726
v 8.801967 18.300562 -5.091688
v 8.801967 18.211446 -4.952047
v 8.801967 18.124821 -4.810847
v 8.801967 18.040715 -4.668131
v 8.801967 17.959155 -4.523946
v 8.801967 17.880166 -4.378337
v 8.801967 17.803774 -4.231348
v 8.801967 17.730002 -4.083027
v 8.801967 17.658873 -3.933421
v 8.801967 17.590410 -3.782576
v 8.801967 17.524634 -3.630540
v 8.801967 17.461567 -3.477361
v 8.801967 17.401227 -3.323086
v 8.801967 17.343635 -3.167766
v 8.801967 17.288808 -3.011447
v 8.801967 17.236763 -2.854181
v 8.801967 17.187517 -2.696016
v 8.801967 17.141085 -2.537002
v 8.801967 17.097482 -2.377189
v 8.801967 17.056721 -2.216627
v 8.801967 17.018817 -2.055368
v 8.801967 16.983779 -1.893461
v 8.801967 16.951620 -1.730958
v 8.801967 16.922350 -1.567910
v 8.801967 16.895977 -1.404368
v 8.801967 16.872511 -1.240384
v 8.801967 16.851958 -1.076010
v 8.801967 16.834325 -0.911297
v 8.801967 16.819617 -0.746296
v 8.801967 16.807839 -0.581061
v 8.801967 16.798996 -0.415643
v 8.801967 16.793089 -0.250094
v 8.801967 16.790120 -0.084466
v 8.801967 16.790091 0.081189
v 8.801967 16.793002 0.246818
v 8.801967 16.798851 0.412369
v 8.801967 16.807636 0.577790
v 8.801967 16.819356 0.743029
v 8.801967 16.834005 0.908035
v 8.801967 16.851580 1.072754
v 8.801967 16.872076 1.237136
v 8.801967 16.895485 1.401128
v 8.801967 16.921800 1.564679
v 8.801967 16.951013 1.727737
v 8.801967 16.983115 1.890252
v 8.801967 17.018096 2.052171
v 8.801967 17.055944 2.213443
v 8.801967 17.096648 2.374019
v 8.801967 17.140195 2.533848
v 8.801967 17.186571 2.692878
v 8.801967 17.235761 2.851060
v 8.801967 17.287751 3.008345
v 8.801967 17.342523 3.164683
v 8.801967 17.400061 3.320023
v 8.801967 17.460347 3.474319
v 8.801967 17.523360 3.627520
v 8.801967 17.589082 3.779580
v 8.801967 17.657492 3.930449
v 8.801967 17.728569 4.080080
v 8.801967 17.802289 4.228427
v 8.801967 17.878630 4.375442
v 8.801967 17.957567 4.521079
v 8.801967 18.039077 4.665293
v 8.801967 18.123132 4.808038
v 8.801967 18.209708 4.949269
v 8.801967 18.298775 5.088941
v 8.801967 18.390307 5.227011
v 8.801967 18.484275 5.363435
v 8.801967 18.580648 5.498170
v 8.801967 18.679398 5.631174
v 8.801967 18.780491 5.762404
v 8.801967 18.883898 5.891820
v 8.801967 18.989584 6.019381
v 8.801967 19.097517 6.145047
v 8.801967 19.207663 6.268777
v 8.801967 19.319988 6.390534
v 8.801967 19.434455 6.510278
v 8.801967 19.551029 6.627972
v 8.801967 19.669673 6.743579
v 8.801967 19.790349 6.857063
v 8.801967 19.913021 6.968388
v 8.801967 20.037648 7.077518
v 8.801967 20.164192 7.184420
v 8.801967 20.292614 7.289059
v 8.801967 20.422871 7.391403
v 8.801967 20.554924 7.491420
v 8.801967 20.688732 7.589078
v 8.801967 20.824251 7.684346
v 8.801967 20.961439 7.777194
v 8.801967 21.100253 7.867594
v 8.801967 21.240649 7.955516
v 8.801967 21.382583 8.040933
v 8.801967 21.526011 8.123818
v 8.801967 21.670887 8.204145
v 8.801967 21.817165 8.281888
v 8.801967 21.964800 8.357024
v 8.801967 22.113745 8.429528
v 8.801967 22.263952 8.499378
v 8.801967 22.415376 8.566551
v 8.801967 22.567968 8.631027
v 8.801967 22.721680 8.692786
v 8.801967 22.876463 8.751807
v 8.801967 23.032270 8.808072
v 8.801967 23.189050 8.861564
v 8.801967 23.346755 8.912265
v 8.801967 23.505334 8.960160
v 8.801967 23.664739 9.005233
v 8.801967 23.824918 9.047471
v 8.801967 23.985821 9.086860
v 8.801967 24.147398 9.123388
v 8.801967 24.309598 9.157043
v 8.801967 24.472369 9.187814
v 8.801967 24.635661 9.215692
v 8.801967 24.799422 9.240669
v 8.801967 24.963600 9.262735
v 8.801967 25.128144 9.281885
v 8.801967 25.293002 9.298112
v 8.801967 25.458121 9.311412
v 8.801967 25.623451 9.321779
v 8.801967 25.788939 9.329211
v 8.801967 25.954532 9.333705
v 8.801967 26.120179 9.335261
v 8.892253 18.801609 -5.963050
v 8.892253 18.696952 -5.832162
v 8.892253 18.594634 -5.699438
v 8.892253 18.494687 -5.564920
v 8.892253 18.397142 -5.428649
v 8.892253 18.302031 -5.290668
v 8.892253 18.209383 -5.151022
v 8.892253 18.119228 -5.009754
v 8.892253 18.031594 -4.866908
v 8.892253 17.946508 -4.722530
v 8.892253 17.863998 -4.576664
v 8.892253 17.784089 -4.429358
v 8.892253 17.706806 -4.280657
v 8.892253 17.632174 -4.130607
v 8.892253 17.560216 -3.979258
v 8.892253 17.490955 -3.826655
v 8.892253 17.424413 -3.672847
v 8.892253 17.360611 -3.517883
v 8.892253 17.299568 -3.361810
v 8.892253 17.241305 -3.204680
v 8.892253 17.185839 -3.046540
v 8.892253 17.133187 -2.887441
v 8.892253 17.083367 -2.727433
v 8.892253 17.036394 -2.566566
v 8.892253 16.992283 -2.404890
v 8.892253 16.951048 -2.242458
v 8.892253 16.912701 -2.079319
v 8.892253 16.877256 -1.915526
v 8.892253 16.844722 -1.751129
v 8.892253 16.815110 -1.586181
v 8.892253 16.788431 -1.420734
v 8.892253 16.764691 -1.254839
v 8.892253 16.743898 -1.088549
v 8.892253 16.726059 -0.921916
v 8.892253 16.711180 -0.754993
v 8.892253 16.699266 -0.587832
v 8.892253 16.690319 -0.420486
v 8.892253 16.684343 -0.253008
v 8.892253 16.681340 -0.085450
v 8.892253 16.681311 0.082135
v 8.892253 16.684255 0.249694
v 8.892253 16.690172 0.417174
v 8.892253 16.699060 0.584523
v 8.892253 16.710916 0.751688
v 8.892253 16.725736 0.918616
v 8.892253 16.743516 1.085255
v 8.892253 16.764251 1.251553
v 8.892253 16.787932 1.417456
v 8.892253 16.814554 1.582913
v 8.892253 16.844108 1.747871
v 8.892253 16.876584 1.912279
v 8.892253 16.911972 2.076085
v 8.892253 16.950261 2.239237
v 8.892253 16.991439 2.401684
v 8.892253 17.035494 2.563375
v 8.892253 17.082410 2.724258
v 8.892253 17.132174 2.884284
v 8.892253 17.184770 3.043402
v 8.892253 17.240180 3.201561
v 8.892253 17.298389 3.358712
v 8.892253 17.359376 3.514805
v 8.892253 17.423124 3.669792
v 8.892253 17.489612 3.823623
v 8.892253 17.558820 3.976250
v 8.892253 17.630724 4.127626
v 8.892253 17.705304 4.277701
v 8.892253 17.782534 4.426429
v 8.892253 17.862392 4.573764
v 8.892253 17.944851 4.719658
v 8.892253 18.029886 4.864066
v 8.892253 18.117470 5.006943
v 8.892253 18.207576 5.148243
v 8.892253 18.300174 5.287922
v 8.892253 18.395237 5.425935
v 8.892253 18.492733 5.562241
v 8.892253 18.592633 5.696794
v 8.892253 18.694905 5.829554
v 8.892253 18.799516 5.960478
v 8.892253 18.906434 6.089526
v 8.892253 19.015625 6.216656
v 8.892253 19.127055 6.341828
v 8.892253 19.240688 6.465003
v 8.892253 19.356489 6.586143
v 8.892253 19.474422 6.705209
v 8.892253 19.594448 6.822163
v 8.892253 19.716531 6.936969
v 8.892253 19.840632 7.049591
v 8.892253 19.966712 7.159993
v 8.892253 20.094730 7.268140
v 8.892253 20.224648 7.373999
v 8.892253 20.356424 7.477536
v 8.892253 20.490016 7.578718
v 8.892253 20.625382 7.677514
v 8.892253 20.762481 7.773892
v 8.892253 20.901267 7.867822
v 8.892253 21.041699 7.959275
v 8.892253 21.183731 8.048222
v 8.892253 21.327320 8.134634
v 8.892253 21.472419 8.218485
v 8.892253 21.618983 8.299748
v 8.892253 21.766965 8.378398
v 8.892253 21.916321 8.454409
v 8.892253 22.067001 8.527758
v 8.892253 22.218959 8.598422
v 8.892253 22.372148 8.666378
v 8.892253 22.526517 8.731606
v 8.892253 22.682020 8.794084
v 8.892253 22.838608 8.853792
v 8.892253 22.996230 8.910713
v 8.892253 23.154837 8.964828
v 8.892253 23.314379 9.016120
v 8.892253 23.474807 9.064573
v 8.892253 23.636069 9.110172
v 8.892253 23.798115 9.152902
v 8.892253 23.960893 9.192750
v 8.892253 24.124353 9.229703
v 8.892253 24.288443 9.263750
v 8.892253 24.453111 9.294880
v 8.892253 24.618306 9.323083
v 8.892253 24.783975 9.348351
v 8.892253 24.950066 9.370675
v 8.892253 25.116527 9.390048
v 8.892253 25.283306 9.406464
v 8.892253 25.450350 9.419918
v 8.892253 25.617607 9.430406
v 8.892253 25.785023 9.437925
v 8.892253 25.952546 9.442472
v 8.801967 26.285828 9.333876
v 8.876028 26.261973 9.423035
v 8.979428 18.609416 -5.900892
v 8.979428 18.505892 -5.766604
v 8.979428 18.404767 -5.630500
v 8.979428 18.306073 -5.492623
v 8.979428 18.209841 -5.353016
v 8.979428 18.116102 -5.211724
v 8.979428 18.024884 -5.068791
v 8.979428 17.936217 -4.924262
v 8.979428 17.850128 -4.778182
v 8.979428 17.766646 -4.630598
v 8.979428 17.685795 -4.481556
v 8.979428 17.607601 -4.331102
v 8.979428 17.532090 -4.179285
v 8.979428 17.459284 -4.026151
v 8.979428 17.389207 -3.871750
v 8.979428 17.321881 -3.716130
v 8.979428 17.257327 -3.559339
v 8.979428 17.195565 -3.401428
v 8.979428 17.136615 -3.242446
v 8.979428 17.080495 -3.082442
v 8.979428 17.027223 -2.921468
v 8.979428 16.976816 -2.759574
v 8.979428 16.929289 -2.596811
v 8.979428 16.884658 -2.433231
v 8.979428 16.842937 -2.268884
v 8.979428 16.804139 -2.103823
v 8.979428 16.768275 -1.938099
v 8.979428 16.735358 -1.771765
v 8.979428 16.705398 -1.604873
v 8.979428 16.678403 -1.437476
v 8.979428 16.654384 -1.269626
v 8.979428 16.633346 -1.101377
v 8.979428 16.615297 -0.932780
v 8.979428 16.600243 -0.763890
v 8.979428 16.588188 -0.594760
v 8.979428 16.579136 -0.425442
v 8.979428 16.573089 -0.255990
v 8.979428 16.570051 -0.086457
v 8.979428 16.570021 0.083103
v 8.979428 16.573000 0.252636
v 8.979428 16.578987 0.422090
v 8.979428 16.587980 0.591411
v 8.979428 16.599975 0.760546
v 8.979428 16.614970 0.929442
v 8.979428 16.632960 1.098045
v 8.979428 16.653938 1.266302
v 8.979428 16.677899 1.434160
v 8.979428 16.704835 1.601566
v 8.979428 16.734737 1.768469
v 8.979428 16.767595 1.934814
v 8.979428 16.803401 2.100551
v 8.979428 16.842141 2.265625
v 8.979428 16.883805 2.429987
v 8.979428 16.928378 2.593583
v 8.979428 16.975847 2.756362
v 8.979428 17.026198 2.918274
v 8.979428 17.079413 3.079267
v 8.979428 17.135477 3.239290
v 8.979428 17.194371 3.398293
v 8.979428 17.256078 3.556226
v 8.979428 17.320577 3.713039
v 8.979428 17.387848 3.868683
v 8.979428 17.457871 4.023109
v 8.979428 17.530623 4.176268
v 8.979428 17.606081 4.328112
v 8.979428 17.684222 4.478593
v 8.979428 17.765021 4.627664
v 8.979428 17.848452 4.775277
v 8.979428 17.934489 4.921387
v 8.979428 18.023105 5.065947
v 8.979428 18.114272 5.208912
v 8.979428 18.207962 5.350237
v 8.979428 18.304145 5.489878
v 8.979428 18.402791 5.627789
v 8.979428 18.503868 5.763928
v 8.979428 18.607345 5.898253
v 8.979428 18.713189 6.030720
v 8.979428 18.821367 6.161288
v 8.979428 18.931845 6.289916
v 8.979428 19.044588 6.416563
v 8.979428 19.159560 6.541190
v 8.979428 19.276726 6.663757
v 8.979428 19.396048 6.784226
v 8.979428 19.517489 6.902559
v 8.979428 19.641010 7.018718
v 8.979428 19.766574 7.132667
v 8.979428 19.894139 7.244370
v 8.979428 20.023667 7.353792
v 8.979428 20.155115 7.460898
v 8.979428 20.288444 7.565655
v 8.979428 20.423610 7.668030
v 8.979428 20.560572 7.767990
v 8.979428 20.699286 7.865504
v 8.979428 20.839708 7.960541
v 8.979428 20.981795 8.053072
v 8.979428 21.125501 8.143067
v 8.979428 21.270781 8.230497
v 8.979428 21.417590 8.315336
v 8.979428 21.565881 8.397557
v 8.979428 21.715608 8.477133
v 8.979428 21.866723 8.554040
v 8.979428 22.019179 8.628254
v 8.979428 22.172928 8.699750
v 8.979428 22.327922 8.768508
v 8.979428 22.484111 8.834504
v 8.979428 22.641447 8.897718
v 8.979428 22.799879 8.958130
v 8.979428 22.959359 9.015722
v 8.979428 23.119835 9.070475
v 8.979428 23.281258 9.122371
v 8.979428 23.443576 9.171395
v 8.979428 23.606738 9.217531
v 8.979428 23.770693 9.260765
v 8.979428 23.935390 9.301082
v 8.979428 24.100776 9.338471
v 8.979428 24.266800 9.372919
v 8.979428 24.433409 9.404416
v 8.979428 24.600550 9.432952
v 8.979428 24.768171 9.458517
v 8.979428 24.936220 9.481104
v 8.979428 25.104643 9.500705
v 8.979428 25.273387 9.517315
v 8.979428 25.442400 9.530928
v 8.979428 25.611627 9.541539
v 8.979428 25.781016 9.549147
v 8.979428 25.950514 9.553747
v 8.892253 26.120123 9.444045
v 9.063421 18.312892 -5.697506
v 9.063421 18.213023 -5.557988
v 9.063421 18.115646 -5.416720
v 9.063421 18.020791 -5.273747
v 9.063421 17.928488 -5.129113
v 9.063421 17.838766 -4.982864
v 9.063421 17.751653 -4.835045
v 9.063421 17.667177 -4.685705
v 9.063421 17.585364 -4.534889
v 9.063421 17.506240 -4.382645
v 9.063421 17.429829 -4.229020
v 9.063421 17.356157 -4.074065
v 9.063421 17.285246 -3.917826
v 9.063421 17.217119 -3.760354
v 9.063421 17.151796 -3.601697
v 9.063421 17.089300 -3.441907
v 9.063421 17.029648 -3.281032
v 9.063421 16.972860 -3.119125
v 9.063421 16.918954 -2.956235
v 9.063421 16.867947 -2.792415
v 9.063421 16.819855 -2.627715
v 9.063421 16.774693 -2.462188
v 9.063421 16.732475 -2.295885
v 9.063421 16.693215 -2.128860
v 9.063421 16.656925 -1.961164
v 9.063421 16.623616 -1.792850
v 9.063421 16.593299 -1.623972
v 9.063421 16.565984 -1.454583
v 9.063421 16.541678 -1.284736
v 9.063421 16.520390 -1.114484
v 9.063421 16.502127 -0.943881
v 9.063421 16.486893 -0.772981
v 9.063421 16.474694 -0.601837
v 9.063421 16.465535 -0.430505
v 9.063421 16.459416 -0.259036
v 9.063421 16.456342 -0.087486
v 9.063421 16.456312 0.084092
v 9.063421 16.459326 0.255643
v 9.063421 16.465384 0.427113
v 9.063421 16.474484 0.598450
v 9.063421 16.486622 0.769597
v 9.063421 16.501796 0.940503
v 9.063421 16.519999 1.111112
v 9.063421 16.541228 1.281371
v 9.063421 16.565474 1.451227
v 9.063421 16.592730 1.620626
v 9.063421 16.622987 1.789515
v 9.063421 16.656237 1.957840
v 9.063421 16.692469 2.125548
v 9.063421 16.731670 2.292588
v 9.063421 16.773829 2.458905
v 9.063421 16.818933 2.624448
v 9.063421 16.866968 2.789165
v 9.063421 16.917917 2.953003
v 9.063421 16.971766 3.115912
v 9.063421 17.028497 3.277839
v 9.063421 17.088092 3.438734
v 9.063421 17.150533 3.598547
v 9.063421 17.215799 3.757226
v 9.063421 17.283871 3.914722
v 9.063421 17.354728 4.070986
v 9.063421 17.428345 4.225968
v 9.063421 17.504702 4.379619
v 9.063421 17.583772 4.531890
v 9.063421 17.665532 4.682735
v 9.063421 17.749956 4.832106
v 9.063421 17.837017 4.979954
v 9.063421 17.926688 5.126235
v 9.063421 18.018940 5.270901
v 9.063421 18.113745 5.413908
v 9.063421 18.211073 5.555210
v 9.063421 18.310892 5.694763
v 9.063421 18.413172 5.832522
v 9.063421 18.517881 5.968445
v 9.063421 18.624984 6.102489
v 9.063421 18.734450 6.234611
v 9.063421 18.846242 6.364769
v 9.063421 18.960327 6.492924
v 9.063421 19.076667 6.619034
v 9.063421 19.195227 6.743060
v 9.063421 19.315969 6.864962
v 9.063421 19.438856 6.984703
v 9.063421 19.563847 7.102245
v 9.063421 19.690905 7.217550
v 9.063421 19.819988 7.330582
v 9.063421 19.951057 7.441306
v 9.063421 20.084070 7.549687
v 9.063421 20.218986 7.655691
v 9.063421 20.355761 7.759284
v 9.063421 20.494352 7.860433
v 9.063421 20.634717 7.959108
v 9.063421 20.776810 8.055276
v 9.063421 20.920588 8.148908
v 9.063421 21.066004 8.239974
v 9.063421 21.213013 8.328445
v 9.063421 21.361569 8.414293
v 9.063421 21.511625 8.497492
v 9.063421 21.663134 8.578016
v 9.063421 21.816047 8.655838
v 9.063421 21.970318 8.730935
v 9.063421 22.125897 8.803282
v 9.063421 22.282735 8.872858
v 9.063421 22.440782 8.939639
v 9.063421 22.599990 9.003605
v 9.063421 22.760308 9.064737
v 9.063421 22.921686 9.123014
v 9.063421 23.084072 9.178418
v 9.063421 23.247415 9.230932
v 9.063421 23.411665 9.280540
v 9.063421 23.576769 9.327225
v 9.063421 23.742676 9.370973
v 9.063421 23.909333 9.411770
v 9.063421 24.076687 9.449604
v 9.063421 24.244686 9.484462
v 9.063421 24.413278 9.516334
v 9.063421 24.582408 9.545209
v 9.063421 24.752024 9.571078
v 9.063421 24.922073 9.593934
v 9.063421 25.092500 9.613769
v 9.063421 25.263253 9.630576
v 9.063421 25.434276 9.644351
v 9.063421 25.605518 9.655089
v 9.063421 25.776923 9.662787
v 9.144166 18.118068 -5.624692
v 9.144166 18.019522 -5.481729
v 9.144166 17.923529 -5.337040
v 9.144166 17.830118 -5.190670
v 9.144166 17.739319 -5.042665
v 9.144166 17.651160 -4.893073
v 9.144166 17.565670 -4.741940
v 9.144166 17.482875 -4.589314
v 9.144166 17.402802 -4.435243
v 9.144166 17.325475 -4.279775
v 9.144166 17.250918 -4.122959
v 9.144166 17.179156 -3.964846
v 9.144166 17.110211 -3.805483
v 9.144166 17.044105 -3.644923
v 9.144166 16.980858 -3.483215
v 9.144166 16.920490 -3.320410
v 9.144166 16.863021 -3.156559
v 9.144166 16.808468 -2.991714
v 9.144166 16.756849 -2.825928
v 9.144166 16.708180 -2.659251
v 9.144166 16.662476 -2.491737
v 9.144166 16.619751 -2.323439
v 9.144166 16.580020 -2.154409
v 9.144166 16.543294 -1.984701
v 9.144166 16.509586 -1.814367
v 9.144166 16.478905 -1.643462
v 9.144166 16.451261 -1.472040
v 9.144166 16.426664 -1.300154
v 9.144166 16.405121 -1.127859
v 9.144166 16.386638 -0.955209
v 9.144166 16.371222 -0.782258
v 9.144166 16.358877 -0.609060
v 9.144166 16.349607 -0.435671
v 9.144166 16.343415 -0.262145
v 9.144166 16.340304 -0.088536
v 9.144166 16.340273 0.085101
v 9.144166 16.343324 0.258711
v 9.144166 16.349454 0.432239
v 9.144166 16.358663 0.605632
v 9.144166 16.370948 0.778834
v 9.144166 16.386303 0.951790
v 9.144166 16.404725 1.124447
v 9.144166 16.426208 1.296750
v 9.144166 16.450745 1.468644
v 9.144166 16.478328 1.640076
v 9.144166 16.508949 1.810991
v 9.144166 16.542598 1.981337
v 9.144166 16.579264 2.151058
v 9.144166 16.618936 2.320102
v 9.144166 16.661602 2.488415
v 9.144166 16.707247 2.655945
v 9.144166 16.755857 2.822639
v 9.144166 16.807418 2.988444
v 9.144166 16.861913 3.153307
v 9.144166 16.919325 3.317178
v 9.144166 16.979635 3.480004
v 9.144166 17.042826 3.641735
v 9.144166 17.108876 3.802318
v 9.144166 17.177765 3.961705
v 9.144166 17.249471 4.119844
v 9.144166 17.323973 4.276685
v 9.144166 17.401245 4.432180
v 9.144166 17.481265 4.586280
v 9.144166 17.564006 4.738935
v 9.144166 17.649443 4.890098
v 9.144166 17.737549 5.039721
v 9.144166 17.828296 5.187757
v 9.144166 17.921656 5.334160
v 9.144166 18.017598 5.478883
v 9.144166 18.116094 5.621881
v 9.144166 18.217111 5.763108
v 9.144166 18.320619 5.902521
v 9.144166 18.426584 6.040075
v 9.144166 18.534973 6.175728
v 9.144166 18.645752 6.309435
v 9.144166 18.758886 6.441156
v 9.144166 18.874340 6.570849
v 9.144166 18.992077 6.698472
v 9.144166 19.112060 6.823987
v 9.144166 19.234251 6.947352
v 9.144166 19.358612 7.068530
v 9.144166 19.485104 7.187482
v 9.144166 19.613686 7.304171
v 9.144166 19.744319 7.418560
v 9.144166 19.876961 7.530613
v 9.144166 20.011570 7.640294
v 9.144166 20.148105 7.747570
v 9.144166 20.286521 7.852406
v 9.144166 20.426776 7.954770
v 9.144166 20.568825 8.054629
v 9.144166 20.712624 8.151951
v 9.144166 20.858127 8.246707
v 9.144166 21.005289 8.338865
v 9.144166 21.154062 8.428398
v 9.144166 21.304401 8.515277
v 9.144166 21.456258 8.599475
v 9.144166 21.609585 8.680965
v 9.144166 21.764334 8.759721
v 9.144166 21.920456 8.835719
v 9.144166 22.077901 8.908935
v 9.144166 22.236622 8.979345
v 9.144166 22.396566 9.046928
v 9.144166 22.557685 9.111662
v 9.144166 22.719927 9.173527
v 9.144166 22.883241 9.232504
v 9.144166 23.047576 9.288573
v 9.144166 23.212880 9.341717
v 9.144166 23.379101 9.391920
v 9.144166 23.546187 9.439165
v 9.144166 23.714084 9.483439
v 9.144166 23.882741 9.524726
v 9.144166 24.052104 9.563013
v 9.144166 24.222120 9.598290
v 9.144166 24.392735 9.630544
v 9.144166 24.563895 9.659766
v 9.144166 24.735547 9.685946
v 9.144166 24.907636 9.709075
v 9.144166 25.080109 9.729148
v 9.144166 25.252910 9.746157
v 9.144166 25.425987 9.760097
v 9.144166 25.599283 9.770964
v 9.144166 25.772745 9.778754
v 9.063421 25.948437 9.667442
v 9.221598 17.921546 -5.547990
v 9.221598 17.824392 -5.401552
v 9.221598 17.729852 -5.253413
v 9.221598 17.637955 -5.103620
v 9.221598 17.548731 -4.952219
v 9.221598 17.462208 -4.799259
v 9.221598 17.378412 -4.644788
v 9.221598 17.297370 -4.488855
v 9.221598 17.219109 -4.331508
v 9.221598 17.143651 -4.172797
v 9.221598 17.071022 -4.012772
v 9.221598 17.001243 -3.851483
v 9.221598 16.934338 -3.688982
v 9.221598 16.870326 -3.525319
v 9.221598 16.809229 -3.360546
v 9.221598 16.751065 -3.194715
v 9.221598 16.695853 -3.027877
v 9.221598 16.643610 -2.860087
v 9.221598 16.594352 -2.691396
v 9.221598 16.548096 -2.521857
v 9.221598 16.504855 -2.351524
v 9.221598 16.464643 -2.180451
v 9.221598 16.427473 -2.008691
v 9.221598 16.393357 -1.836299
v 9.221598 16.362306 -1.663328
v 9.221598 16.334328 -1.489834
v 9.221598 16.309433 -1.315870
v 9.221598 16.287630 -1.141492
v 9.221598 16.268923 -0.966755
v 9.221598 16.253321 -0.791714
v 9.221598 16.240827 -0.616423
v 9.221598 16.231445 -0.440938
v 9.221598 16.225178 -0.265314
v 9.221598 16.222029 -0.089606
v 9.221598 16.221998 0.086130
v 9.221598 16.225086 0.261838
v 9.221598 16.231291 0.437464
v 9.221598 16.240611 0.612953
v 9.221598 16.253043 0.788248
v 9.221598 16.268585 0.963295
v 9.221598 16.287229 1.138039
v 9.221598 16.308972 1.312424
v 9.221598 16.333806 1.486396
v 9.221598 16.361722 1.659901
v 9.221598 16.392713 1.832882
v 9.221598 16.426769 2.005286
v 9.221598 16.463878 2.177059
v 9.221598 16.504030 2.348147
v 9.221598 16.547211 2.518495
v 9.221598 16.593408 2.688050
v 9.221598 16.642606 2.856758
v 9.221598 16.694790 3.024567
v 9.221598 16.749944 3.191423
v 9.221598 16.808050 3.357275
v 9.221598 16.869089 3.522070
v 9.221598 16.933043 3.685755
v 9.221598 16.999892 3.848280
v 9.221598 17.069613 4.009593
v 9.221598 17.142187 4.169643
v 9.221598 17.217588 4.328381
v 9.221598 17.295795 4.485755
v 9.221598 17.376782 4.641717
v 9.221598 17.460523 4.796218
v 9.221598 17.546993 4.949208
v 9.221598 17.636164 5.100640
v 9.221598 17.728008 5.250465
v 9.221598 17.822496 5.398638
v 9.221598 17.919598 5.545110
v 9.221598 18.019285 5.689836
v 9.221598 18.121523 5.832771
v 9.221598 18.226282 5.973869
v 9.221598 18.333528 6.113086
v 9.221598 18.443227 6.250378
v 9.221598 18.555345 6.385702
v 9.221598 18.669847 6.519015
v 9.221598 18.786696 6.650275
v 9.221598 18.905856 6.779441
v 9.221598 19.027290 6.906473
v 9.221598 19.150958 7.031330
v 9.221598 19.276822 7.153972
v 9.221598 19.404843 7.274362
v 9.221598 19.534979 7.392462
v 9.221598 19.667191 7.508233
v 9.221598 19.801436 7.621641
v 9.221598 19.937673 7.732648
v 9.221598 20.075858 7.841221
v 9.221598 20.215947 7.947324
v 9.221598 20.357898 8.050925
v 9.221598 20.501664 8.151991
v 9.221598 20.647201 8.250489
v 9.221598 20.794463 8.346390
v 9.221598 20.943403 8.439663
v 9.221598 21.093975 8.530278
v 9.221598 21.246131 8.618207
v 9.221598 21.399824 8.703423
v 9.221598 21.555004 8.785898
v 9.221598 21.711623 8.865606
v 9.221598 21.869632 8.942522
v 9.221598 22.028981 9.016623
v 9.221598 22.189620 9.087885
v 9.221598 22.351498 9.156284
v 9.221598 22.514564 9.221801
v 9.221598 22.678767 9.284414
v 9.221598 22.844056 9.344103
v 9.221598 23.010377 9.400850
v 9.221598 23.177679 9.454637
v 9.221598 23.345910 9.505447
v 9.221598 23.515015 9.553263
v 9.221598 23.684942 9.598072
v 9.221598 23.855638 9.639858
v 9.221598 24.027048 9.678608
v 9.221598 24.199118 9.714311
v 9.221598 24.371795 9.746955
v 9.221598 24.545025 9.776530
v 9.221598 24.718751 9.803026
v 9.221598 24.892921 9.826436
v 9.221598 25.067478 9.846751
v 9.221598 25.242369 9.863966
v 9.221598 25.417537 9.878075
v 9.221598 25.592928 9.889073
v 9.295655 17.723460 -5.467233
v 9.295655 17.627770 -5.317292
v 9.295655 17.534756 -5.165678
v 9.295655 17.444447 -5.012436
v 9.295655 17.356872 -4.857616
v 9.295655 17.272057 -4.701267
v 9.295655 17.190030 -4.543437
v 9.295655 17.110816 -4.384177
v 9.295655 17.034441 -4.223536
v 9.295655 16.960929 -4.061565
v 9.295655 16.890302 -3.898316
v 9.295655 16.822583 -3.733838
v 9.295655 16.757793 -3.568185
v 9.295655 16.695953 -3.401409
v 9.295655 16.637081 -3.233561
v 9.295655 16.581198 -3.064695
v 9.295655 16.528320 -2.894864
v 9.295655 16.478463 -2.724122
v 9.295655 16.431644 -2.552522
v 9.295655 16.387878 -2.380118
v 9.295655 16.347177 -2.206964
v 9.295655 16.309555 -2.033116
v 9.295655 16.275024 -1.858627
v 9.295655 16.243595 -1.683553
v 9.295655 16.215277 -1.507950
v 9.295655 16.190080 -1.331871
v 9.295655 16.168011 -1.155373
v 9.295655 16.149077 -0.978511
v 9.295655 16.133285 -0.801340
v 9.295655 16.120639 -0.623918
v 9.295655 16.111143 -0.446299
v 9.295655 16.104800 -0.268540
v 9.295655 16.101613 -0.090696
v 9.295655 16.101582 0.087177
v 9.295655 16.104707 0.265022
v 9.295655 16.110987 0.442784
v 9.295655 16.120420 0.620406
v 9.295655 16.133004 0.797833
v 9.295655 16.148735 0.975008
v 9.295655 16.167606 1.151877
v 9.295655 16.189613 1.328383
v 9.295655 16.214749 1.504470
v 9.295655 16.243005 1.680084
v 9.295655 16.274373 1.855169
v 9.295655 16.308842 2.029670
v 9.295655 16.346403 2.203531
v 9.295655 16.387043 2.376699
v 9.295655 16.430749 2.549119
v 9.295655 16.477507 2.720735
v 9.295655 16.527304 2.891495
v 9.295655 16.580123 3.061344
v 9.295655 16.635947 3.230230
v 9.295655 16.694759 3.398098
v 9.295655 16.756541 3.564897
v 9.295655 16.821273 3.730572
v 9.295655 16.888934 3.895073
v 9.295655 16.959503 4.058348
v 9.295655 17.032959 4.220344
v 9.295655 17.109278 4.381012
v 9.295655 17.188435 4.540300
v 9.295655 17.270407 4.698159
v 9.295655 17.355167 4.854538
v 9.295655 17.442688 5.009388
v 9.295655 17.532943 5.162662
v 9.295655 17.625904 5.314309
v 9.295655 17.721541 5.464283
v 9.295655 17.819824 5.612536
v 9.295655 17.920722 5.759023
v 9.295655 18.024204 5.903695
v 9.295655 18.130236 6.046509
v 9.295655 18.238786 6.187419
v 9.295655 18.349820 6.326380
v 9.295655 18.463301 6.463349
v 9.295655 18.579195 6.598283
v 9.295655 18.697465 6.731140
v 9.295655 18.818074 6.861877
v 9.295655 18.940984 6.990453
v 9.295655 19.066156 7.116828
v 9.295655 19.193551 7.240962
v 9.295655 19.323128 7.362816
v 9.295655 19.454847 7.482351
v 9.295655 19.588667 7.599530
v 9.295655 19.724544 7.714317
v 9.295655 19.862437 7.826674
v 9.295655 20.002303 7.936567
v 9.295655 20.144096 8.043960
v 9.295655 20.287772 8.148821
v 9.295655 20.433286 8.251116
v 9.295655 20.580593 8.350812
v 9.295655 20.729645 8.447879
v 9.295655 20.880397 8.542286
v 9.295655 21.032800 8.634003
v 9.295655 21.186806 8.723001
v 9.295655 21.342367 8.809253
v 9.295655 21.499435 8.892731
v 9.295655 21.657958 8.973408
v 9.295655 21.817889 9.051260
v 9.295655 21.979175 9.126262
v 9.295655 22.141767 9.198390
v 9.295655 22.305614 9.267621
v 9.295655 22.470663 9.333935
v 9.295655 22.636863 9.397309
v 9.295655 22.804161 9.457724
v 9.295655 22.972505 9.515161
v 9.295655 23.141841 9.569602
v 9.295655 23.312117 9.621029
v 9.295655 23.483278 9.669427
v 9.295655 23.655272 9.714780
v 9.295655 23.828043 9.757075
v 9.295655 24.001537 9.796296
v 9.295655 24.175700 9.832433
v 9.295655 24.350477 9.865474
v 9.295655 24.525813 9.895409
v 9.295655 24.701652 9.922227
v 9.295655 24.877939 9.945921
v 9.295655 25.054619 9.966484
v 9.295655 25.231636 9.983908
v 9.295655 25.408935 9.998188
v 9.295655 25.586459 10.009320
v 9.221598 25.768487 9.896957
v 9.366278 17.429804 -5.228790
v 9.366278 17.338392 -5.073676
v 9.366278 17.249746 -4.916965
v 9.366278 17.163895 -4.758705
v 9.366278 17.080866 -4.598947
v 9.366278 17.000685 -4.437741
v 9.366278 16.923377 -4.275138
v 9.366278 16.848966 -4.111188
v 9.366278 16.777476 -3.945944
v 9.366278 16.708930 -3.779457
v 9.366278 16.643348 -3.611780
v 9.366278 16.580752 -3.442966
v 9.366278 16.521162 -3.273067
v 9.366278 16.464596 -3.102138
v 9.366278 16.411071 -2.930233
v 9.366278 16.360606 -2.757404
v 9.366278 16.313215 -2.583707
v 9.366278 16.268913 -2.409197
v 9.366278 16.227715 -2.233928
v 9.366278 16.189634 -2.057956
v 9.366278 16.154681 -1.881335
v 9.366278 16.122868 -1.704122
v 9.366278 16.094204 -1.526373
v 9.366278 16.068699 -1.348143
v 9.366278 16.046361 -1.169488
v 9.366278 16.027196 -0.990466
v 9.366278 16.011210 -0.811131
v 9.366278 15.998410 -0.631541
v 9.366278 15.988798 -0.451752
v 9.366278 15.982378 -0.271821
v 9.366278 15.979151 -0.091804
v 9.366278 15.979120 0.088242
v 9.366278 15.982283 0.268260
v 9.366278 15.988640 0.448193
v 9.366278 15.998189 0.627986
v 9.366278 16.010926 0.807580
v 9.366278 16.026849 0.986921
v 9.366278 16.045951 1.165950
v 9.366278 16.068227 1.344613
v 9.366278 16.093669 1.522851
v 9.366278 16.122270 1.700611
v 9.366278 16.154022 1.877835
v 9.366278 16.188912 2.054468
v 9.366278 16.226932 2.230453
v 9.366278 16.268068 2.405737
v 9.366278 16.312308 2.580263
v 9.366278 16.359638 2.753976
v 9.366278 16.410043 2.926822
v 9.366278 16.463507 3.098747
v 9.366278 16.520013 3.269696
v 9.366278 16.579544 3.439615
v 9.366278 16.642081 3.608451
v 9.366278 16.707603 3.776151
v 9.366278 16.776091 3.942662
v 9.366278 16.847523 4.107931
v 9.366278 16.921876 4.271907
v 9.366278 16.999127 4.434538
v 9.366278 17.079252 4.595772
v 9.366278 17.162225 4.755559
v 9.366278 17.248020 4.913849
v 9.366278 17.336611 5.070591
v 9.366278 17.427969 5.225737
v 9.366278 17.522065 5.379237
v 9.366278 17.618871 5.531043
v 9.366278 17.718355 5.681108
v 9.366278 17.820486 5.829384
v 9.366278 17.925232 5.975824
v 9.366278 18.032560 6.120383
v 9.366278 18.142436 6.263014
v 9.366278 18.254826 6.403673
v 9.366278 18.369694 6.542316
v 9.366278 18.487004 6.678899
v 9.366278 18.606719 6.813378
v 9.366278 18.728801 6.945712
v 9.366278 18.853213 7.075859
v 9.366278 18.979914 7.203778
v 9.366278 19.108865 7.329429
v 9.366278 19.240026 7.452772
v 9.366278 19.373354 7.573767
v 9.366278 19.508808 7.692378
v 9.366278 19.646346 7.808567
v 9.366278 19.785924 7.922297
v 9.366278 19.927498 8.033532
v 9.366278 20.071023 8.142238
v 9.366278 20.216455 8.248380
v 9.366278 20.363747 8.351924
v 9.366278 20.512854 8.452839
v 9.366278 20.663727 8.551092
v 9.366278 20.816320 8.646652
v 9.366278 20.970585 8.739490
v 9.366278 21.126473 8.829576
v 9.366278 21.283935 8.916881
v 9.366278 21.442921 9.001378
v 9.366278 21.603382 9.083042
v 9.366278 21.765266 9.161845
v 9.366278 21.928523 9.237763
v 9.366278 22.093102 9.310772
v 9.366278 22.258950 9.380849
v 9.366278 22.426016 9.447973
v 9.366278 22.594246 9.512121
v 9.366278 22.763588 9.573275
v 9.366278 22.933989 9.631413
v 9.366278 23.105394 9.686519
v 9.366278 23.277750 9.738575
v 9.366278 23.451003 9.787564
v 9.366278 23.625098 9.833472
v 9.366278 23.799980 9.876283
v 9.366278 23.975594 9.915983
v 9.366278 24.151885 9.952562
v 9.366278 24.328797 9.986007
v 9.366278 24.506275 10.016307
v 9.366278 24.684262 10.043453
v 9.366278 24.862703 10.067437
v 9.366278 25.041542 10.088250
v 9.366278 25.220722 10.105887
v 9.366278 25.400186 10.120342
v 9.433411 17.230649 -5.135890
v 9.433411 17.140917 -4.977257
v 9.433411 17.054013 -4.817057
v 9.433411 16.969966 -4.655340
v 9.433411 16.888802 -4.492157
v 9.433411 16.810545 -4.327560
v 9.433411 16.735222 -4.161600
v 9.433411 16.662856 -3.994329
v 9.433411 16.593469 -3.825801
v 9.433411 16.527083 -3.656068
v 9.433411 16.463720 -3.485184
v 9.433411 16.403399 -3.313202
v 9.433411 16.346139 -3.140177
v 9.433411 16.291958 -2.966163
v 9.433411 16.240874 -2.791216
v 9.433411 16.192902 -2.615389
v 9.433411 16.148057 -2.438739
v 9.433411 16.106354 -2.261321
v 9.433411 16.067806 -2.083191
v 9.433411 16.032424 -1.904404
v 9.433411 16.000221 -1.725019
v 9.433411 15.971206 -1.545090
v 9.433411 15.945388 -1.364674
v 9.433411 15.922775 -1.183829
v 9.433411 15.903375 -1.002611
v 9.433411 15.887194 -0.821077
v 9.433411 15.874237 -0.639285
v 9.433411 15.864507 -0.457291
v 9.433411 15.858008 -0.275154
v 9.433411 15.854742 -0.092929
v 9.433411 15.854710 0.089324
v 9.433411 15.857912 0.271549
v 9.433411 15.864347 0.453689
v 9.433411 15.874013 0.635686
v 9.433411 15.886906 0.817483
v 9.433411 15.903024 0.999022
v 9.433411 15.922360 1.180247
v 9.433411 15.944909 1.361100
v 9.433411 15.970664 1.541525
v 9.433411 15.999616 1.721464
v 9.433411 16.031757 1.900861
v 9.433411 16.067075 2.079660
v 9.433411 16.105561 2.257803
v 9.433411 16.147202 2.435236
v 9.433411 16.191984 2.611902
v 9.433411 16.239894 2.787745
v 9.433411 16.290917 2.962711
v 9.433411 16.345037 3.136744
v 9.433411 16.402236 3.309789
v 9.433411 16.462497 3.481792
v 9.433411 16.525800 3.652698
v 9.433411 16.592126 3.822454
v 9.433411 16.661454 3.991007
v 9.433411 16.733762 4.158303
v 9.433411 16.809027 4.324289
v 9.433411 16.887225 4.488914
v 9.433411 16.968332 4.652126
v 9.433411 17.052323 4.813872
v 9.433411 17.139170 4.974103
v 9.433411 17.228847 5.132767
v 9.433411 17.321325 5.289815
v 9.433411 17.416575 5.445198
v 9.433411 17.514568 5.598866
v 9.433411 17.615272 5.750770
v 9.433411 17.718655 5.900864
v 9.433411 17.824685 6.049100
v 9.433411 17.933329 6.195431
v 9.433411 18.044553 6.339812
v 9.433411 18.158321 6.482196
v 9.433411 18.274597 6.622538
v 9.433411 18.393346 6.760796
v 9.433411 18.514529 6.896924
v 9.433411 18.638108 7.030881
v 9.433411 18.764045 7.162624
v 9.433411 18.892300 7.292112
v 9.433411 19.022833 7.419303
v 9.433411 19.155601 7.544158
v 9.433411 19.290565 7.666638
v 9.433411 19.427680 7.786703
v 9.433411 19.566904 7.904316
v 9.433411 19.708194 8.019441
v 9.433411 19.851504 8.132040
v 9.433411 19.996789 8.242079
v 9.433411 20.144004 8.349522
v 9.433411 20.293102 8.454336
v 9.433411 20.444037 8.556489
v 9.433411 20.596761 8.655946
v 9.433411 20.751225 8.752678
v 9.433411 20.907381 8.846654
v 9.433411 21.065181 8.937845
v 9.433411 21.224573 9.026220
v 9.433411 21.385509 9.111754
v 9.433411 21.547937 9.194419
v 9.433411 21.711807 9.274188
v 9.433411 21.877066 9.351037
v 9.433411 22.043662 9.424941
v 9.433411 22.211544 9.495878
v 9.433411 22.380658 9.563825
v 9.433411 22.550952 9.628760
v 9.433411 22.722370 9.690663
v 9.433411 22.894860 9.749515
v 9.433411 23.068367 9.805296
v 9.433411 23.242837 9.857990
v 9.433411 23.418214 9.907580
v 9.433411 23.594444 9.954051
v 9.433411 23.771470 9.997386
v 9.433411 23.949238 10.037574
v 9.433411 24.127690 10.074601
v 9.433411 24.306772 10.108456
v 9.433411 24.486426 10.139128
v 9.433411 24.666596 10.166607
v 9.433411 24.847225 10.190885
v 9.433411 25.028256 10.211953
v 9.433411 25.209633 10.229806
v 9.433411 25.391299 10.244438
v 9.366278 25.579879 10.131610
v 9.496999 17.030471 -5.038445
v 9.496999 16.942499 -4.876275
v 9.496999 16.857419 -4.712570
v 9.496999 16.775256 -4.547381
v 9.496999 16.696038 -4.380761
v 9.496999 16.619789 -4.212760
v 9.496999 16.546533 -4.043433
v 9.496999 16.476293 -3.872833
v 9.496999 16.409091 -3.701014
v 9.496999 16.344949 -3.528029
v 9.496999 16.283886 -3.353933
v 9.496999 16.225922 -3.178781
v 9.496999 16.171076 -3.002628
v 9.496999 16.119363 -2.825529
v 9.496999 16.070801 -2.647541
v 9.496999 16.025406 -2.468719
v 9.496999 15.983190 -2.289120
v 9.496999 15.944168 -2.108800
v 9.496999 15.908351 -1.927816
v 9.496999 15.875752 -1.746225
v 9.496999 15.846380 -1.564084
v 9.496999 15.820245 -1.381451
v 9.496999 15.797354 -1.198382
v 9.496999 15.777716 -1.014936
v 9.496999 15.761336 -0.831171
v 9.496999 15.748219 -0.647144
v 9.496999 15.738369 -0.462913
v 9.496999 15.731791 -0.278536
v 9.496999 15.728485 -0.094072
v 9.496999 15.728452 0.090422
v 9.496999 15.731693 0.274888
v 9.496999 15.738208 0.459267
v 9.496999 15.747992 0.643501
v 9.496999 15.761045 0.827533
v 9.496999 15.777360 1.011304
v 9.496999 15.796934 1.194756
v 9.496999 15.819761 1.377833
v 9.496999 15.845832 1.560476
v 9.496999 15.875140 1.742627
v 9.496999 15.907675 1.924229
v 9.496999 15.943428 2.105226
v 9.496999 15.982387 2.285560
v 9.496999 16.024539 2.465174
v 9.496999 16.069873 2.644011
v 9.496999 16.118372 2.822017
v 9.496999 16.170022 2.999133
v 9.496999 16.224807 3.175305
v 9.496999 16.282709 3.350478
v 9.496999 16.343711 3.524595
v 9.496999 16.407793 3.697603
v 9.496999 16.474934 3.869446
v 9.496999 16.545114 4.040070
v 9.496999 16.618311 4.209423
v 9.496999 16.694501 4.377450
v 9.496999 16.773661 4.544099
v 9.496999 16.855765 4.709317
v 9.496999 16.940788 4.873051
v 9.496999 17.028703 5.035252
v 9.496999 17.119482 5.195867
v 9.496999 17.213097 5.354846
v 9.496999 17.309518 5.512138
v 9.496999 17.408716 5.667695
v 9.496999 17.510657 5.821468
v 9.496999 17.615312 5.973407
v 9.496999 17.722646 6.123465
v 9.496999 17.832625 6.271595
v 9.496999 17.945216 6.417750
v 9.496999 18.060383 6.561885
v 9.496999 18.178088 6.703953
v 9.496999 18.298297 6.843910
v 9.496999 18.420970 6.981712
v 9.496999 18.546068 7.117315
v 9.496999 18.673554 7.250678
v 9.496999 18.803385 7.381757
v 9.496999 18.935522 7.510512
v 9.496999 19.069923 7.636902
v 9.496999 19.206546 7.760887
v 9.496999 19.345347 7.882429
v 9.496999 19.486282 8.001488
v 9.496999 19.629309 8.118028
v 9.496999 19.774380 8.232012
v 9.496999 19.921452 8.343403
v 9.496999 20.070477 8.452167
v 9.496999 20.221408 8.558270
v 9.496999 20.374198 8.661678
v 9.496999 20.528799 8.762358
v 9.496999 20.685162 8.860279
v 9.496999 20.843239 8.955411
v 9.496999 21.002978 9.047722
v 9.496999 21.164330 9.137184
v 9.496999 21.327244 9.223769
v 9.496999 21.491669 9.307450
v 9.496999 21.657553 9.388200
v 9.496999 21.824844 9.465994
v 9.496999 21.993489 9.540807
v 9.496999 22.163434 9.612616
v 9.496999 22.334627 9.681398
v 9.496999 22.507014 9.747131
v 9.496999 22.680540 9.809795
v 9.496999 22.855150 9.869370
v 9.496999 23.030791 9.925838
v 9.496999 23.207405 9.979180
v 9.496999 23.384938 10.029379
v 9.496999 23.563334 10.076421
v 9.496999 23.742537 10.120289
v 9.496999 23.922490 10.160971
v 9.496999 24.103136 10.198453
v 9.496999 24.284419 10.232724
v 9.496999 24.466282 10.263773
v 9.496999 24.648667 10.291590
v 9.496999 24.831517 10.316166
v 9.496999 25.014774 10.337494
v 9.496999 25.198380 10.355567
v 9.556992 16.829442 -4.936313
v 9.556992 16.743314 -4.770593
v 9.556992 16.660140 -4.603370
v 9.556992 16.579946 -4.434698
v 9.556992 16.502758 -4.264629
v 9.556992 16.428600 -4.093217
v 9.556992 16.357496 -3.920517
v 9.556992 16.289467 -3.746582
v 9.556992 16.224535 -3.571467
v 9.556992 16.162720 -3.395227
v 9.556992 16.104042 -3.217919
v 9.556992 16.048520 -3.039597
v 9.556992 15.996171 -2.860318
v 9.556992 15.947012 -2.680138
v 9.556992 15.901057 -2.499115
v 9.556992 15.858321 -2.317304
v 9.556992 15.818819 -2.134764
v 9.556992 15.782561 -1.951552
v 9.556992 15.749561 -1.767725
v 9.556992 15.719827 -1.583342
v 9.556992 15.693370 -1.398459
v 9.556992 15.670198 -1.213137
v 9.556992 15.650317 -1.027433
v 9.556992 15.633736 -0.841405
v 9.556992 15.620457 -0.655112
v 9.556992 15.610487 -0.468612
v 9.556992 15.603827 -0.281966
v 9.556992 15.600480 -0.095230
v 9.556992 15.600447 0.091535
v 9.556992 15.603728 0.278272
v 9.556992 15.610323 0.464921
v 9.556992 15.620228 0.651424
v 9.556992 15.633441 0.837721
v 9.556992 15.649957 1.023755
v 9.556992 15.669773 1.209467
v 9.556992 15.692880 1.394797
v 9.556992 15.719272 1.579689
v 9.556992 15.748941 1.764082
v 9.556992 15.781877 1.947921
v 9.556992 15.818070 2.131146
v 9.556992 15.857508 2.313700
v 9.556992 15.900180 2.495526
v 9.556992 15.946071 2.676565
v 9.556992 15.995168 2.856762
v 9.556992 16.047454 3.036059
v 9.556992 16.102913 3.214401
v 9.556992 16.161529 3.391730
v 9.556992 16.223281 3.567991
v 9.556992 16.288152 3.743128
v 9.556992 16.356120 3.917087
v 9.556992 16.427164 4.089813
v 9.556992 16.501262 4.261251
v 9.556992 16.578390 4.431346
v 9.556992 16.658524 4.600047
v 9.556992 16.741640 4.767299
v 9.556992 16.827709 4.933050
v 9.556992 16.916707 5.097247
v 9.556992 17.008604 5.259840
v 9.556992 17.103372 5.420776
v 9.556992 17.200980 5.580005
v 9.556992 17.301398 5.737477
v 9.556992 17.404595 5.893143
v 9.556992 17.510538 6.046953
v 9.556992 17.619194 6.198859
v 9.556992 17.730527 6.348812
v 9.556992 17.844504 6.496767
v 9.556992 17.961089 6.642676
v 9.556992 18.080244 6.786493
v 9.556992 18.201932 6.928174
v 9.556992 18.326116 7.067672
v 9.556992 18.452755 7.204946
v 9.556992 18.581809 7.339950
v 9.556992 18.713240 7.472643
v 9.556992 18.847004 7.602984
v 9.556992 18.983059 7.730930
v 9.556992 19.121364 7.856441
v 9.556992 19.261874 7.979479
v 9.556992 19.404545 8.100005
v 9.556992 19.549332 8.217979
v 9.556992 19.696190 8.333366
v 9.556992 19.845072 8.446129
v 9.556992 19.995932 8.556232
v 9.556992 20.148721 8.663641
v 9.556992 20.303393 8.768322
v 9.556992 20.459897 8.870243
v 9.556992 20.618186 8.969369
v 9.556992 20.778208 9.065672
v 9.556992 20.939914 9.159120
v 9.556992 21.103253 9.249684
v 9.556992 21.268173 9.337335
v 9.556992 21.434622 9.422046
v 9.556992 21.602549 9.503790
v 9.556992 21.771899 9.582542
v 9.556992 21.942620 9.658276
v 9.556992 22.114658 9.730969
v 9.556992 22.287959 9.800597
v 9.556992 22.462468 9.867140
v 9.556992 22.638131 9.930576
v 9.556992 22.814891 9.990884
v 9.556992 22.992694 10.048047
v 9.556992 23.171483 10.102046
v 9.556992 23.351202 10.152863
v 9.556992 23.531794 10.200484
v 9.556992 23.713203 10.244893
v 9.556992 23.895372 10.286076
v 9.556992 24.078242 10.324019
v 9.556992 24.261757 10.358712
v 9.556992 24.445859 10.390143
v 9.556992 24.630490 10.418303
v 9.556992 24.815591 10.443181
v 9.556992 25.001104 10.464772
v 9.556992 25.186972 10.483067
v 9.496999 25.382279 10.370378
v 9.613343 16.627743 -4.829361
v 9.613343 16.543544 -4.660078
v 9.613343 16.462363 -4.489328
v 9.613343 16.384224 -4.317164
v 9.613343 16.309152 -4.143641
v 9.613343 16.237172 -3.968813
v 9.613343 16.168305 -3.792735
v 9.613343 16.102573 -3.615463
v 9.613343 16.039997 -3.437052
v 9.613343 15.980596 -3.257560
v 9.613343 15.924390 -3.077041
v 9.613343 15.871396 -2.895554
v 9.613343 15.821631 -2.713155
v 9.613343 15.775110 -2.529901
v 9.613343 15.731848 -2.345851
v 9.613343 15.691859 -2.161062
v 9.613343 15.655155 -1.975593
v 9.613343 15.621748 -1.789501
v 9.613343 15.591648 -1.602846
v 9.613343 15.564865 -1.415687
v 9.613343 15.541407 -1.228081
v 9.613343 15.521282 -1.040089
v 9.613343 15.504496 -0.851770
v 9.613343 15.491054 -0.663182
v 9.613343 15.480960 -0.474385
v 9.613343 15.474219 -0.285439
v 9.613343 15.470830 -0.096403
v 9.613343 15.470797 0.092663
v 9.613343 15.474119 0.281700
v 9.613343 15.480794 0.470648
v 9.613343 15.490822 0.659449
v 9.613343 15.504197 0.848041
v 9.613343 15.520917 1.036367
v 9.613343 15.540977 1.224366
v 9.613343 15.564369 1.411979
v 9.613343 15.591086 1.599148
v 9.613343 15.621120 1.785814
v 9.613343 15.654462 1.971917
v 9.613343 15.691101 2.157399
v 9.613343 15.731025 2.342202
v 9.613343 15.774223 2.526267
v 9.613343 15.820679 2.709537
v 9.613343 15.870380 2.891954
v 9.613343 15.923311 3.073460
v 9.613343 15.979453 3.253998
v 9.613343 16.038791 3.433512
v 9.613343 16.101304 3.611944
v 9.613343 16.166974 3.789239
v 9.613343 16.235779 3.965341
v 9.613343 16.307698 4.140194
v 9.613343 16.382709 4.313744
v 9.613343 16.460787 4.485935
v 9.613343 16.541909 4.656714
v 9.613343 16.626048 4.826026
v 9.613343 16.713178 4.993819
v 9.613343 16.803272 5.160039
v 9.613343 16.896301 5.324635
v 9.613343 16.992236 5.487553
v 9.613343 17.091047 5.648744
v 9.613343 17.192702 5.808156
v 9.613343 17.297170 5.965739
v 9.613343 17.404418 6.121444
v 9.613343 17.514412 6.275221
v 9.613343 17.627117 6.427022
v 9.613343 17.742499 6.576800
v 9.613343 17.860519 6.724506
v 9.613343 17.981142 6.870095
v 9.613343 18.104330 7.013521
v 9.613343 18.230043 7.154738
v 9.613343 18.358242 7.293702
v 9.613343 18.488886 7.430369
v 9.613343 18.621936 7.564697
v 9.613343 18.757347 7.696643
v 9.613343 18.895079 7.826165
v 9.613343 19.035087 7.953223
v 9.613343 19.177328 8.077777
v 9.613343 19.321757 8.199787
v 9.613343 19.468328 8.319215
v 9.613343 19.616995 8.436023
v 9.613343 19.767711 8.550175
v 9.613343 19.920429 8.661635
v 9.613343 20.075101 8.770367
v 9.613343 20.231677 8.876338
v 9.613343 20.390110 8.979513
v 9.613343 20.550348 9.079861
v 9.613343 20.712342 9.177350
v 9.613343 20.876040 9.271949
v 9.613343 21.041391 9.363629
v 9.613343 21.208343 9.452360
v 9.613343 21.376843 9.538114
v 9.613343 21.546838 9.620865
v 9.613343 21.718274 9.700587
v 9.613343 21.891098 9.777254
v 9.613343 22.065256 9.850843
v 9.613343 22.240692 9.921329
v 9.613343 22.417350 9.988691
v 9.613343 22.595177 10.052909
v 9.613343 22.774115 10.113960
v 9.613343 22.954108 10.171827
v 9.613343 23.135099 10.226491
v 9.613343 23.317032 10.277935
v 9.613343 23.499849 10.326142
v 9.613343 23.683493 10.371098
v 9.613343 23.867906 10.412788
v 9.613343 24.053029 10.451199
v 9.613343 24.238805 10.486319
v 9.613343 24.425174 10.518137
v 9.613343 24.612079 10.546644
v 9.613343 24.799460 10.571829
v 9.613343 24.987259 10.593685
v 9.613343 25.175416 10.612206
v 9.556992 25.373134 10.498061
v 9.666005 16.343381 -4.544607
v 9.666005 16.264280 -4.370324
v 9.666005 16.188284 -4.194664
v 9.666005 16.115417 -4.017683
v 9.666005 16.045702 -3.839437
v 9.666005 15.979161 -3.659982
v 9.666005 15.915814 -3.479375
v 9.666005 15.855683 -3.297672
v 9.666005 15.798785 -3.114930
v 9.666005 15.745138 -2.931208
v 9.666005 15.694760 -2.746563
v 9.666005 15.647666 -2.561053
v 9.666005 15.603872 -2.374737
v 9.666005 15.563390 -2.187672
v 9.666005 15.526234 -1.999919
v 9.666005 15.492415 -1.811536
v 9.666005 15.461945 -1.622583
v 9.666005 15.434832 -1.433119
v 9.666005 15.411086 -1.243203
v 9.666005 15.390713 -1.052896
v 9.666005 15.373720 -0.862258
v 9.666005 15.360112 -0.671348
v 9.666005 15.349894 -0.480227
v 9.666005 15.343070 -0.288954
v 9.666005 15.339640 -0.097590
v 9.666005 15.339606 0.093804
v 9.666005 15.342969 0.285169
v 9.666005 15.349726 0.476444
v 9.666005 15.359877 0.667569
v 9.666005 15.373418 0.858484
v 9.666005 15.390344 1.049128
v 9.666005 15.410650 1.239442
v 9.666005 15.434330 1.429366
v 9.666005 15.461376 1.618840
v 9.666005 15.491780 1.807804
v 9.666005 15.525533 1.996198
v 9.666005 15.562623 2.183964
v 9.666005 15.603039 2.371043
v 9.666005 15.646768 2.557375
v 9.666005 15.693796 2.742901
v 9.666005 15.744110 2.927564
v 9.666005 15.797692 3.111305
v 9.666005 15.854526 3.294066
v 9.666005 15.914594 3.475790
v 9.666005 15.977877 3.656420
v 9.666005 16.044355 3.835898
v 9.666005 16.114008 4.014169
v 9.666005 16.186813 4.191175
v 9.666005 16.262747 4.366862
v 9.666005 16.341787 4.541173
v 9.666005 16.423907 4.714055
v 9.666005 16.509082 4.885452
v 9.666005 16.597285 5.055311
v 9.666005 16.688488 5.223578
v 9.666005 16.782663 5.390200
v 9.666005 16.879779 5.555125
v 9.666005 16.979807 5.718300
v 9.666005 17.082714 5.879675
v 9.666005 17.188468 6.039199
v 9.666005 17.297037 6.196821
v 9.666005 17.408385 6.352491
v 9.666005 17.522478 6.506162
v 9.666005 17.639280 6.657783
v 9.666005 17.758754 6.807308
v 9.666005 17.880862 6.954690
v 9.666005 18.005567 7.099882
v 9.666005 18.132828 7.242838
v 9.666005 18.262605 7.383513
v 9.666005 18.394859 7.521864
v 9.666005 18.529546 7.657846
v 9.666005 18.666625 7.791416
v 9.666005 18.806053 7.922533
v 9.666005 18.947785 8.051156
v 9.666005 19.091778 8.177243
v 9.666005 19.237985 8.300755
v 9.666005 19.386360 8.421654
v 9.666005 19.536858 8.539901
v 9.666005 19.689430 8.655458
v 9.666005 19.844029 8.768290
v 9.666005 20.000605 8.878361
v 9.666005 20.159110 8.985637
v 9.666005 20.319493 9.090083
v 9.666005 20.481705 9.191667
v 9.666005 20.645693 9.290356
v 9.666005 20.811407 9.386120
v 9.666005 20.978794 9.478928
v 9.666005 21.147801 9.568752
v 9.666005 21.318376 9.655562
v 9.666005 21.490464 9.739332
v 9.666005 21.664012 9.820036
v 9.666005 21.838964 9.897647
v 9.666005 22.015266 9.972141
v 9.666005 22.192862 10.043496
v 9.666005 22.371696 10.111688
v 9.666005 22.551712 10.176696
v 9.666005 22.732853 10.238499
v 9.666005 22.915063 10.297078
v 9.666005 23.098283 10.352415
v 9.666005 23.282456 10.404492
v 9.666005 23.467524 10.453293
v 9.666005 23.653429 10.498803
v 9.666005 23.840113 10.541006
v 9.666005 24.027516 10.579890
v 9.666005 24.215579 10.615443
v 9.666005 24.404243 10.647653
v 9.666005 24.593450 10.676510
v 9.666005 24.783138 10.702006
v 9.666005 24.973250 10.724131
v 9.714937 16.143024 -4.424065
v 9.714937 16.066093 -4.246245
v 9.714937 15.992330 -4.067088
v 9.714937 15.921758 -3.886650
v 9.714937 15.854398 -3.704989
v 9.714937 15.790273 -3.522160
v 9.714937 15.729401 -3.338223
v 9.714937 15.671804 -3.153235
v 9.714937 15.617497 -2.967253
v 9.714937 15.566500 -2.780337
v 9.714937 15.518827 -2.592546
v 9.714937 15.474494 -2.403939
v 9.714937 15.433514 -2.214574
v 9.714937 15.395902 -2.024512
v 9.714937 15.361667 -1.833813
v 9.714937 15.330822 -1.642536
v 9.714937 15.303376 -1.450742
v 9.714937 15.279337 -1.258491
v 9.714937 15.258714 -1.065844
v 9.714937 15.241512 -0.872861
v 9.714937 15.227737 -0.679604
v 9.714937 15.217394 -0.486132
v 9.714937 15.210485 -0.292507
v 9.714937 15.207013 -0.098790
v 9.714937 15.206979 0.094957
v 9.714937 15.210383 0.288675
v 9.714937 15.217224 0.482303
v 9.714937 15.227499 0.675778
v 9.714937 15.241206 0.869040
v 9.714937 15.258340 1.062029
v 9.714937 15.278896 1.254683
v 9.714937 15.302867 1.446943
v 9.714937 15.330246 1.638746
v 9.714937 15.361024 1.830034
v 9.714937 15.395191 2.020745
v 9.714937 15.432738 2.210821
v 9.714937 15.473651 2.400199
v 9.714937 15.517917 2.588823
v 9.714937 15.565524 2.776631
v 9.714937 15.616456 2.963564
v 9.714937 15.670697 3.149565
v 9.714937 15.728230 3.334573
v 9.714937 15.789037 3.518532
v 9.714937 15.853098 3.701383
v 9.714937 15.920394 3.883068
v 9.714937 15.990903 4.063531
v 9.714937 16.064603 4.242714
v 9.714937 16.141471 4.420561
v 9.714937 16.221483 4.597016
v 9.714937 16.304613 4.772023
v 9.714937 16.390836 4.945528
v 9.714937 16.480123 5.117476
v 9.714937 16.572448 5.287812
v 9.714937 16.667781 5.456483
v 9.714937 16.766091 5.623436
v 9.714937 16.867349 5.788618
v 9.714937 16.971521 5.951977
v 9.714937 17.078576 6.113463
v 9.714937 17.188480 6.273023
v 9.714937 17.301198 6.430608
v 9.714937 17.416694 6.586168
v 9.714937 17.534932 6.739654
v 9.714937 17.655875 6.891018
v 9.714937 17.779485 7.040212
v 9.714937 17.905723 7.187189
v 9.714937 18.034548 7.331903
v 9.714937 18.165922 7.474308
v 9.714937 18.299802 7.614360
v 9.714937 18.436145 7.752014
v 9.714937 18.574910 7.887227
v 9.714937 18.716052 8.019956
v 9.714937 18.859528 8.150160
v 9.714937 19.005291 8.277798
v 9.714937 19.153296 8.402829
v 9.714937 19.303496 8.525215
v 9.714937 19.455844 8.644915
v 9.714937 19.610292 8.761894
v 9.714937 19.766792 8.876114
v 9.714937 19.925294 8.987538
v 9.714937 20.085747 9.096133
v 9.714937 20.248103 9.201863
v 9.714937 20.412309 9.304696
v 9.714937 20.578314 9.404599
v 9.714937 20.746066 9.501540
v 9.714937 20.915511 9.595490
v 9.714937 21.086597 9.686418
v 9.714937 21.259269 9.774296
v 9.714937 21.433474 9.859096
v 9.714937 21.609155 9.940792
v 9.714937 21.786259 10.019358
v 9.714937 21.964729 10.094768
v 9.714937 22.144509 10.167000
v 9.714937 22.325542 10.236031
v 9.714937 22.507772 10.301838
v 9.714937 22.691140 10.364401
v 9.714937 22.875590 10.423701
v 9.714937 23.061063 10.479718
v 9.714937 23.247501 10.532436
v 9.714937 23.434845 10.581837
v 9.714937 23.623037 10.627906
v 9.714937 23.812016 10.670628
v 9.714937 24.001723 10.709991
v 9.714937 24.192099 10.745980
v 9.714937 24.383083 10.778587
v 9.714937 24.574616 10.807799
v 9.714937 24.766638 10.833608
v 9.714937 24.959087 10.856005
v 9.666005 25.163723 10.742880
v 9.760100 15.942676 -4.298344
v 9.760100 15.868008 -4.116989
v 9.760100 15.796570 -3.934337
v 9.760100 15.728384 -3.750447
v 9.760100 15.663472 -3.565375
v 9.760100 15.601854 -3.379181
v 9.760100 15.543549 -3.191923
v 9.760100 15.488576 -3.003660
v 9.760100 15.436953 -2.814451
v 9.760100 15.388695 -2.624355
v 9.760100 15.343818 -2.433434
v 9.760100 15.302336 -2.241746
v 9.760100 15.264262 -2.049352
v 9.760100 15.229607 -1.856313
v 9.760100 15.198384 -1.662689
v 9.760100 15.170601 -1.468542
v 9.760100 15.146267 -1.273932
v 9.760100 15.125391 -1.078921
v 9.760100 15.107978 -0.883571
v 9.760100 15.094034 -0.687942
v 9.760100 15.083564 -0.492096
v 9.760100 15.076570 -0.296096
v 9.760100 15.073056 -0.100003
v 9.760100 15.073021 0.096123
v 9.760100 15.076467 0.292217
v 9.760100 15.083392 0.488220
v 9.760100 15.093793 0.684069
v 9.760100 15.107668 0.879703
v 9.760100 15.125013 1.075060
v 9.760100 15.145821 1.270078
v 9.760100 15.170086 1.464696
v 9.760100 15.197801 1.658853
v 9.760100 15.228956 1.852487
v 9.760100 15.263543 2.045539
v 9.760100 15.301550 2.237946
v 9.760100 15.342965 2.429649
v 9.760100 15.387775 2.620586
v 9.760100 15.435966 2.810698
v 9.760100 15.487523 2.999925
v 9.760100 15.542429 3.188208
v 9.760100 15.600668 3.375487
v 9.760100 15.662221 3.561702
v 9.760100 15.727068 3.746797
v 9.760100 15.795189 3.930711
v 9.760100 15.866564 4.113388
v 9.760100 15.941168 4.294769
v 9.760100 16.018979 4.474798
v 9.760100 16.099973 4.653418
v 9.760100 16.184123 4.830573
v 9.760100 16.271403 5.006207
v 9.760100 16.361786 5.180264
v 9.760100 16.455244 5.352690
v 9.760100 16.551746 5.523431
v 9.760100 16.651263 5.692432
v 9.760100 16.753763 5.859641
v 9.760100 16.859214 6.025005
v 9.760100 16.967582 6.188471
v 9.760100 17.078834 6.349989
v 9.760100 17.192935 6.509507
v 9.760100 17.309848 6.666976
v 9.760100 17.429537 6.822345
v 9.760100 17.551964 6.975566
v 9.760100 17.677090 7.126591
v 9.760100 17.804877 7.275371
v 9.760100 17.935283 7.421861
v 9.760100 18.068269 7.566013
v 9.760100 18.203791 7.707783
v 9.760100 18.341808 7.847126
v 9.760100 18.482275 7.983998
v 9.760100 18.625149 8.118356
v 9.760100 18.770385 8.250158
v 9.760100 18.917936 8.379362
v 9.760100 19.067757 8.505927
v 9.760100 19.219800 8.629814
v 9.760100 19.374017 8.750983
v 9.760100 19.530361 8.869397
v 9.760100 19.688780 8.985018
v 9.760100 19.849227 9.097810
v 9.760100 20.011649 9.207737
v 9.760100 20.175997 9.314765
v 9.760100 20.342218 9.418859
v 9.760100 20.510260 9.519988
v 9.760100 20.680069 9.618119
v 9.760100 20.851594 9.713221
v 9.760100 21.024779 9.805265
v 9.760100 21.199569 9.894221
v 9.760100 21.375911 9.980062
v 9.760100 21.553748 10.062760
v 9.760100 21.733025 10.142289
v 9.760100 21.913685 10.218625
v 9.760100 22.095670 10.291743
v 9.760100 22.278925 10.361621
v 9.760100 22.463390 10.428235
v 9.760100 22.649009 10.491566
v 9.760100 22.835722 10.551594
v 9.760100 23.023471 10.608298
v 9.760100 23.212196 10.661663
v 9.760100 23.401839 10.711670
v 9.760100 23.592339 10.758304
v 9.760100 23.783637 10.801551
v 9.760100 23.975672 10.841396
v 9.760100 24.168383 10.877827
v 9.760100 24.361711 10.910834
v 9.760100 24.555594 10.940404
v 9.760100 24.749971 10.966530
v 9.801458 15.742551 -4.167345
v 9.801458 15.670239 -3.982460
v 9.801458 15.601219 -3.796320
v 9.801458 15.535513 -3.608985
v 9.801458 15.473141 -3.420513
v 9.801458 15.414123 -3.230965
v 9.801458 15.358478 -3.040399
v 9.801458 15.306224 -2.848875
v 9.801458 15.257376 -2.656455
v 9.801458 15.211950 -2.463198
v 9.801458 15.169960 -2.269165
v 9.801458 15.131420 -2.074418
v 9.801458 15.096342 -1.879018
v 9.801458 15.064736 -1.683026
v 9.801458 15.036613 -1.486504
v 9.801458 15.011982 -1.289514
v 9.801458 14.990850 -1.092118
v 9.801458 14.973224 -0.894378
v 9.801458 14.959110 -0.696356
v 9.801458 14.948512 -0.498115
v 9.801458 14.941433 -0.299718
v 9.801458 14.937875 -0.101226
v 9.801458 14.937840 0.097298
v 9.801458 14.941328 0.295792
v 9.801458 14.948337 0.494192
v 9.801458 14.958866 0.692436
v 9.801458 14.972911 0.890463
v 9.801458 14.990468 1.088209
v 9.801458 15.011530 1.285612
v 9.801458 15.036092 1.482611
v 9.801458 15.064146 1.679143
v 9.801458 15.095683 1.875146
v 9.801458 15.130692 2.070559
v 9.801458 15.169164 2.265319
v 9.801458 15.211086 2.459366
v 9.801458 15.256444 2.652639
v 9.801458 15.305224 2.845077
v 9.801458 15.357412 3.036619
v 9.801458 15.412990 3.227204
v 9.801458 15.471941 3.416773
v 9.801458 15.534246 3.605267
v 9.801458 15.599887 3.792625
v 9.801458 15.668842 3.978789
v 9.801458 15.741089 4.163700
v 9.801458 15.816606 4.347300
v 9.801458 15.895369 4.529531
v 9.801458 15.977353 4.710336
v 9.801458 16.062532 4.889658
v 9.801458 16.150880 5.067439
v 9.801458 16.242369 5.243626
v 9.801458 16.336969 5.418161
v 9.801458 16.434652 5.590990
v 9.801458 16.535386 5.762058
v 9.801458 16.639140 5.931312
v 9.801458 16.745880 6.098699
v 9.801458 16.855574 6.264165
v 9.801458 16.968187 6.427658
v 9.801458 17.083683 6.589128
v 9.801458 17.202026 6.748522
v 9.801458 17.323179 6.905792
v 9.801458 17.447104 7.060887
v 9.801458 17.573761 7.213759
v 9.801458 17.703110 7.364359
v 9.801458 17.835112 7.512640
v 9.801458 17.969724 7.658556
v 9.801458 18.106904 7.802060
v 9.801458 18.246608 7.943108
v 9.801458 18.388794 8.081654
v 9.801458 18.533415 8.217655
v 9.801458 18.680427 8.351069
v 9.801458 18.829784 8.481853
v 9.801458 18.981437 8.609966
v 9.801458 19.135340 8.735368
v 9.801458 19.291444 8.858020
v 9.801458 19.449699 8.977882
v 9.801458 19.610057 9.094917
v 9.801458 19.772465 9.209089
v 9.801458 19.936875 9.320360
v 9.801458 20.103233 9.428697
v 9.801458 20.271487 9.534065
v 9.801458 20.441584 9.636430
v 9.801458 20.613470 9.735762
v 9.801458 20.787093 9.832027
v 9.801458 20.962396 9.925197
v 9.801458 21.139325 10.015241
v 9.801458 21.317823 10.102132
v 9.801458 21.497836 10.185841
v 9.801458 21.679305 10.266344
v 9.801458 21.862175 10.343613
v 9.801458 22.046386 10.417625
v 9.801458 22.231882 10.488358
v 9.801458 22.418604 10.555787
v 9.801458 22.606493 10.619893
v 9.801458 22.795490 10.680654
v 9.801458 22.985535 10.738052
v 9.801458 23.176569 10.792070
v 9.801458 23.368531 10.842688
v 9.801458 23.561361 10.889893
v 9.801458 23.754999 10.933668
v 9.801458 23.949382 10.974001
v 9.801458 24.144451 11.010878
v 9.801458 24.340144 11.044288
v 9.801458 24.536398 11.074220
v 9.801458 24.733153 11.100665
v 9.760100 24.944781 10.989202
v 9.838977 15.542866 -4.030979
v 9.838977 15.473005 -3.842571
v 9.838977 15.406498 -3.652954
v 9.838977 15.343367 -3.462186
v 9.838977 15.283630 -3.270328
v 9.838977 15.227307 -3.077441
v 9.838977 15.174416 -2.883584
v 9.838977 15.124972 -2.688819
v 9.838977 15.078993 -2.493208
v 9.838977 15.036492 -2.296811
v 9.838977 14.997482 -2.099691
v 9.838977 14.961977 -1.901910
v 9.838977 14.929986 -1.703531
v 9.838977 14.901521 -1.504614
v 9.838977 14.876589 -1.305224
v 9.838977 14.855200 -1.105423
v 9.838977 14.837359 -0.905274
v 9.838977 14.823073 -0.704840
v 9.838977 14.812346 -0.504184
v 9.838977 14.805180 -0.303369
v 9.838977 14.801579 -0.102459
v 9.838977 14.801544 0.098484
v 9.838977 14.805074 0.299395
v 9.838977 14.812169 0.500213
v 9.838977 14.822826 0.700872
v 9.838977 14.837042 0.901312
v 9.838977 14.854813 1.101467
v 9.838977 14.876132 1.301275
v 9.838977 14.900993 1.500674
v 9.838977 14.929389 1.699600
v 9.838977 14.961310 1.897991
v 9.838977 14.996746 2.095785
v 9.838977 15.035686 2.292918
v 9.838977 15.078118 2.489330
v 9.838977 15.124029 2.684957
v 9.838977 15.173404 2.879739
v 9.838977 15.226227 3.073615
v 9.838977 15.282482 3.266522
v 9.838977 15.342152 3.458401
v 9.838977 15.405216 3.649191
v 9.838977 15.471657 3.838832
v 9.838977 15.541451 4.027264
v 9.838977 15.614579 4.214428
v 9.838977 15.691016 4.400264
v 9.838977 15.770738 4.584716
v 9.838977 15.853721 4.767723
v 9.838977 15.939938 4.949230
v 9.838977 16.029363 5.129177
v 9.838977 16.121966 5.307510
v 9.838977 16.217719 5.484172
v 9.838977 16.316592 5.659106
v 9.838977 16.418553 5.832259
v 9.838977 16.523571 6.003575
v 9.838977 16.631612 6.173001
v 9.838977 16.742642 6.340483
v 9.838977 16.856627 6.505968
v 9.838977 16.973531 6.669405
v 9.838977 17.093315 6.830741
v 9.838977 17.215944 6.989927
v 9.838977 17.341379 7.146912
v 9.838977 17.469579 7.301646
v 9.838977 17.600504 7.454081
v 9.838977 17.734114 7.604169
v 9.838977 17.870366 7.751862
v 9.838977 18.009217 7.897115
v 9.838977 18.150624 8.039881
v 9.838977 18.294542 8.180115
v 9.838977 18.440925 8.317773
v 9.838977 18.589728 8.452812
v 9.838977 18.740904 8.585190
v 9.838977 18.894405 8.714864
v 9.838977 19.050183 8.841794
v 9.838977 19.208189 8.965940
v 9.838977 19.368372 9.087262
v 9.838977 19.530683 9.205723
v 9.838977 19.695071 9.321286
v 9.838977 19.861483 9.433913
v 9.838977 20.029868 9.543569
v 9.838977 20.200172 9.650221
v 9.838977 20.372341 9.753834
v 9.838977 20.546322 9.854375
v 9.838977 20.722060 9.951813
v 9.838977 20.899499 10.046118
v 9.838977 21.078583 10.137259
v 9.838977 21.259256 10.225209
v 9.838977 21.441462 10.309938
v 9.838977 21.625142 10.391421
v 9.838977 21.810239 10.469632
v 9.838977 21.996695 10.544546
v 9.838977 22.184451 10.616140
v 9.838977 22.373448 10.684391
v 9.838977 22.563626 10.749278
v 9.838977 22.754925 10.810779
v 9.838977 22.947286 10.868877
v 9.838977 23.140647 10.923552
v 9.838977 23.334948 10.974788
v 9.838977 23.530128 11.022567
v 9.838977 23.726124 11.066876
v 9.838977 23.922876 11.107700
v 9.838977 24.120322 11.145027
v 9.838977 24.318398 11.178844
v 9.838977 24.517044 11.209140
v 9.838977 24.716196 11.235908
v 9.801458 24.930346 11.123615
v 9.872627 15.343844 -3.889164
v 9.872627 15.276531 -3.697248
v 9.872627 15.212634 -3.504167
v 9.872627 15.152173 -3.309983
v 9.872627 15.095167 -3.114756
v 9.872627 15.041635 -2.918549
v 9.872627 14.991592 -2.721422
v 9.872627 14.945055 -2.523439
v 9.872627 14.902038 -2.324661
v 9.872627 14.862556 -2.125151
v 9.872627 14.826620 -1.924972
v 9.872627 14.794241 -1.724187
v 9.872627 14.765431 -1.522859
v 9.872627 14.740197 -1.321051
v 9.872627 14.718548 -1.118827
v 9.872627 14.700491 -0.916251
v 9.872627 14.686032 -0.713387
v 9.872627 14.675174 -0.510298
v 9.872627 14.667922 -0.307048
v 9.872627 14.664277 -0.103701
v 9.872627 14.664242 0.099678
v 9.872627 14.667815 0.303026
v 9.872627 14.674996 0.506278
v 9.872627 14.685782 0.709371
v 9.872627 14.700170 0.912240
v 9.872627 14.718156 1.114823
v 9.872627 14.739734 1.317054
v 9.872627 14.764897 1.518871
v 9.872627 14.793637 1.720209
v 9.872627 14.825945 1.921005
v 9.872627 14.861811 2.121197
v 9.872627 14.901223 2.320721
v 9.872627 14.944170 2.519514
v 9.872627 14.990637 2.717514
v 9.872627 15.040611 2.914657
v 9.872627 15.094074 3.110884
v 9.872627 15.151012 3.306130
v 9.872627 15.211405 3.500336
v 9.872627 15.275234 3.693439
v 9.872627 15.342480 3.885379
v 9.872627 15.413121 4.076096
v 9.872627 15.487135 4.265530
v 9.872627 15.564499 4.453620
v 9.872627 15.645188 4.640308
v 9.872627 15.729177 4.825534
v 9.872627 15.816440 5.009241
v 9.872627 15.906948 5.191371
v 9.872627 16.000674 5.371866
v 9.872627 16.097589 5.550670
v 9.872627 16.197660 5.727726
v 9.872627 16.300858 5.902978
v 9.872627 16.407149 6.076371
v 9.872627 16.516500 6.247851
v 9.872627 16.628877 6.417364
v 9.872627 16.744244 6.584856
v 9.872627 16.862565 6.750274
v 9.872627 16.983802 6.913567
v 9.872627 17.107918 7.074683
v 9.872627 17.234873 7.233571
v 9.872627 17.364628 7.390182
v 9.872627 17.497141 7.544465
v 9.872627 17.632370 7.696373
v 9.872627 17.770275 7.845857
v 9.872627 17.910809 7.992871
v 9.872627 18.053931 8.137368
v 9.872627 18.199594 8.279302
v 9.872627 18.347752 8.418630
v 9.872627 18.498360 8.555307
v 9.872627 18.651368 8.689289
v 9.872627 18.806731 8.820536
v 9.872627 18.964397 8.949005
v 9.872627 19.124319 9.074656
v 9.872627 19.286445 9.197449
v 9.872627 19.450724 9.317347
v 9.872627 19.617105 9.434311
v 9.872627 19.785535 9.548303
v 9.872627 19.955961 9.659290
v 9.872627 20.128330 9.767234
v 9.872627 20.302587 9.872103
v 9.872627 20.478678 9.973864
v 9.872627 20.656546 10.072484
v 9.872627 20.836137 10.167932
v 9.872627 21.017393 10.260178
v 9.872627 21.200257 10.349194
v 9.872627 21.384672 10.434951
v 9.872627 21.570579 10.517422
v 9.872627 21.757921 10.596581
v 9.872627 21.946638 10.672404
v 9.872627 22.136670 10.744866
v 9.872627 22.327958 10.813944
v 9.872627 22.520442 10.879618
v 9.872627 22.714062 10.941865
v 9.872627 22.908755 11.000667
v 9.872627 23.104460 11.056005
v 9.872627 23.301117 11.107862
v 9.872627 23.498664 11.156221
v 9.872627 23.697037 11.201067
v 9.872627 23.896174 11.242386
v 9.872627 24.096014 11.280165
v 9.872627 24.296492 11.314392
v 9.872627 24.497546 11.345057
v 9.902383 15.145716 -3.741831
v 9.902383 15.081048 -3.546422
v 9.902383 15.019858 -3.349896
v 9.902383 14.962165 -3.152315
v 9.902383 14.907987 -2.953742
v 9.902383 14.857341 -2.754238
v 9.902383 14.810242 -2.553868
v 9.902383 14.766707 -2.352693
v 9.902383 14.726749 -2.150777
v 9.902383 14.690379 -1.948184
v 9.902383 14.657610 -1.744978
v 9.902383 14.628452 -1.541222
v 9.902383 14.602914 -1.336981
v 9.902383 14.581004 -1.132319
v 9.902383 14.562730 -0.927300
v 9.902383 14.548096 -0.721989
v 9.902383 14.537107 -0.516451
v 9.902383 14.529768 -0.310750
v 9.902383 14.526079 -0.104952
v 9.902383 14.526043 0.100880
v 9.902383 14.529659 0.306680
v 9.902383 14.536927 0.512383
v 9.902383 14.547843 0.717925
v 9.902383 14.562405 0.923241
v 9.902383 14.580608 1.128266
v 9.902383 14.602446 1.332936
v 9.902383 14.627912 1.537186
v 9.902383 14.656998 1.740952
v 9.902383 14.689696 1.944170
v 9.902383 14.725994 2.146775
v 9.902383 14.765882 2.348705
v 9.902383 14.809347 2.549895
v 9.902383 14.856374 2.750282
v 9.902383 14.906950 2.949804
v 9.902383 14.961059 3.148396
v 9.902383 15.018683 3.345997
v 9.902383 15.079804 3.542544
v 9.902383 15.144403 3.737976
v 9.902383 15.212460 3.932231
v 9.902383 15.283952 4.125247
v 9.902383 15.358859 4.316965
v 9.902383 15.437156 4.507323
v 9.902383 15.518818 4.696262
v 9.902383 15.603820 4.883723
v 9.902383 15.692135 5.069645
v 9.902383 15.783735 5.253971
v 9.902383 15.878591 5.436643
v 9.902383 15.976674 5.617602
v 9.902383 16.077952 5.796793
v 9.902383 16.182394 5.974158
v 9.902383 16.289967 6.149643
v 9.902383 16.400637 6.323191
v 9.902383 16.514369 6.494747
v 9.902383 16.631127 6.664259
v 9.902383 16.750874 6.831672
v 9.902383 16.873574 6.996934
v 9.902383 16.999186 7.159993
v 9.902383 17.127672 7.320797
v 9.902383 17.258991 7.479296
v 9.902383 17.393102 7.635440
v 9.902383 17.529963 7.789179
v 9.902383 17.669530 7.940466
v 9.902383 17.811759 8.089252
v 9.902383 17.956606 8.235492
v 9.902383 18.104026 8.379138
v 9.902383 18.253971 8.520145
v 9.902383 18.406394 8.658470
v 9.902383 18.561248 8.794068
v 9.902383 18.718484 8.926897
v 9.902383 18.878052 9.056916
v 9.902383 19.039902 9.184082
v 9.902383 19.203983 9.308356
v 9.902383 19.370243 9.429700
v 9.902383 19.538630 9.548074
v 9.902383 19.709091 9.663441
v 9.902383 19.881572 9.775766
v 9.902383 20.056020 9.885012
v 9.902383 20.232378 9.991145
v 9.902383 20.410592 10.094133
v 9.902383 20.590605 10.193942
v 9.902383 20.772361 10.290541
v 9.902383 20.955803 10.383900
v 9.902383 21.140872 10.473989
v 9.902383 21.327511 10.560780
v 9.902383 21.515660 10.644246
v 9.902383 21.705261 10.724359
v 9.902383 21.896253 10.801096
v 9.902383 22.088577 10.874432
v 9.902383 22.282172 10.944343
v 9.902383 22.476977 11.010809
v 9.902383 22.672931 11.073807
v 9.902383 22.869972 11.133318
v 9.902383 23.068037 11.189323
v 9.902383 23.267066 11.241805
v 9.902383 23.466994 11.290748
v 9.902383 23.667759 11.336135
v 9.902383 23.869298 11.377952
v 9.902383 24.071547 11.416186
v 9.902383 24.274443 11.450826
v 9.902383 24.477922 11.481860
v 9.872627 24.699113 11.372148
v 9.928219 14.948714 -3.588917
v 9.928219 14.886791 -3.390036
v 9.928219 14.828406 -3.190088
v 9.928219 14.773579 -2.989135
v 9.928219 14.722326 -2.787241
v 9.928219 14.674663 -2.584469
v 9.928219 14.630606 -2.380884
v 9.928219 14.590169 -2.176549
v 9.928219 14.553363 -1.971528
v 9.928219 14.520202 -1.765887
v 9.928219 14.490695 -1.559690
v 9.928219 14.464851 -1.353001
v 9.928219 14.442678 -1.145887
v 9.928219 14.424185 -0.938411
v 9.928219 14.409375 -0.730640
v 9.928219 14.398255 -0.522639
v 9.928219 14.390828 -0.314474
v 9.928219 14.387095 -0.106209
v 9.928219 14.387058 0.102089
v 9.928219 14.390718 0.310354
v 9.928219 14.398072 0.518523
v 9.928219 14.409120 0.726527
v 9.928219 14.423856 0.934303
v 9.928219 14.442277 1.141785
v 9.928219 14.464376 1.348908
v 9.928219 14.490148 1.555605
v 9.928219 14.519583 1.761813
v 9.928219 14.552672 1.967466
v 9.928219 14.589405 2.172499
v 9.928219 14.629771 2.376849
v 9.928219 14.673757 2.580449
v 9.928219 14.721348 2.783238
v 9.928219 14.772530 2.985150
v 9.928219 14.827287 3.186122
v 9.928219 14.885601 3.386090
v 9.928219 14.947455 3.584993
v 9.928219 15.012828 3.782766
v 9.928219 15.081700 3.979349
v 9.928219 15.154049 4.174678
v 9.928219 15.229854 4.368693
v 9.928219 15.309089 4.561332
v 9.928219 15.391729 4.752535
v 9.928219 15.477750 4.942242
v 9.928219 15.567123 5.130392
v 9.928219 15.659820 5.316927
v 9.928219 15.755813 5.501787
v 9.928219 15.855071 5.684915
v 9.928219 15.957563 5.866253
v 9.928219 16.063257 6.045744
v 9.928219 16.172119 6.223331
v 9.928219 16.284114 6.398958
v 9.928219 16.399209 6.572571
v 9.928219 16.517366 6.744114
v 9.928219 16.638549 6.913533
v 9.928219 16.762718 7.080775
v 9.928219 16.889836 7.245788
v 9.928219 17.019861 7.408519
v 9.928219 17.152754 7.568917
v 9.928219 17.288472 7.726931
v 9.928219 17.426973 7.882513
v 9.928219 17.568212 8.035613
v 9.928219 17.712146 8.186182
v 9.928219 17.858729 8.334174
v 9.928219 18.007914 8.479541
v 9.928219 18.159656 8.622238
v 9.928219 18.313906 8.762220
v 9.928219 18.470615 8.899443
v 9.928219 18.629735 9.033864
v 9.928219 18.791215 9.165440
v 9.928219 18.955004 9.294130
v 9.928219 19.121051 9.419894
v 9.928219 19.289304 9.542691
v 9.928219 19.459709 9.662483
v 9.928219 19.632212 9.779233
v 9.928219 19.806761 9.892904
v 9.928219 19.983298 10.003459
v 9.928219 20.161770 10.110865
v 9.928219 20.342119 10.215086
v 9.928219 20.524290 10.316091
v 9.928219 20.708223 10.413848
v 9.928219 20.893863 10.508325
v 9.928219 21.081150 10.599494
v 9.928219 21.270025 10.687325
v 9.928219 21.460429 10.771790
v 9.928219 21.652301 10.852864
v 9.928219 21.845582 10.930520
v 9.928219 22.040211 11.004735
v 9.928219 22.236125 11.075484
v 9.928219 22.433265 11.142746
v 9.928219 22.631566 11.206499
v 9.928219 22.830968 11.266723
v 9.928219 23.031407 11.323400
v 9.928219 23.232821 11.376511
v 9.928219 23.435144 11.426039
v 9.928219 23.638315 11.471970
v 9.928219 23.842269 11.514288
v 9.928219 24.046942 11.552981
v 9.928219 24.252269 11.588036
v 9.928219 24.458186 11.619442
v 9.902383 24.681919 11.509279
v 9.950116 14.753077 -3.430371
v 9.950116 14.693998 -3.228044
v 9.950116 14.638518 -3.024700
v 9.950116 14.586655 -2.820404
v 9.950116 14.538426 -2.615220
v 9.950116 14.493845 -2.409212
v 9.950116 14.452926 -2.202446
v 9.950116 14.415683 -1.994986
v 9.950116 14.382127 -1.786898
v 9.950116 14.352268 -1.578247
v 9.950116 14.326117 -1.369099
v 9.950116 14.303681 -1.159520
v 9.950116 14.284967 -0.949577
v 9.950116 14.269981 -0.739334
v 9.950116 14.258729 -0.528858
v 9.950116 14.251213 -0.318216
v 9.950116 14.247436 -0.107473
v 9.950116 14.247399 0.103303
v 9.950116 14.251102 0.314047
v 9.950116 14.258544 0.524692
v 9.950116 14.269723 0.735172
v 9.950116 14.284634 0.945420
v 9.950116 14.303274 1.155370
v 9.950116 14.325637 1.364957
v 9.950116 14.351715 1.574114
v 9.950116 14.381500 1.782775
v 9.950116 14.414983 1.990875
v 9.950116 14.452153 2.198348
v 9.950116 14.492999 2.405129
v 9.950116 14.537508 2.611152
v 9.950116 14.585666 2.816353
v 9.950116 14.637457 3.020667
v 9.950116 14.692865 3.224031
v 9.950116 14.751873 3.426378
v 9.950116 14.814463 3.627648
v 9.950116 14.880614 3.827774
v 9.950116 14.950305 4.026696
v 9.950116 15.023516 4.224349
v 9.950116 15.100222 4.420672
v 9.950116 15.180399 4.615604
v 9.950116 15.264023 4.809082
v 9.950116 15.351067 5.001045
v 9.950116 15.441504 5.191434
v 9.950116 15.535304 5.380188
v 9.950116 15.632439 5.567248
v 9.950116 15.732878 5.752555
v 9.950116 15.836590 5.936051
v 9.950116 15.943541 6.117677
v 9.950116 16.053698 6.297377
v 9.950116 16.167026 6.475094
v 9.950116 16.283490 6.650772
v 9.950116 16.403053 6.824356
v 9.950116 16.525678 6.995791
v 9.950116 16.651325 7.165023
v 9.950116 16.779955 7.331999
v 9.950116 16.911527 7.496666
v 9.950116 17.046001 7.658973
v 9.950116 17.183334 7.818867
v 9.950116 17.323482 7.976300
v 9.950116 17.466402 8.131222
v 9.950116 17.612048 8.283582
v 9.950116 17.760375 8.433335
v 9.950116 17.911336 8.580432
v 9.950116 18.064883 8.724827
v 9.950116 18.220969 8.866474
v 9.950116 18.379543 9.005330
v 9.950116 18.540556 9.141350
v 9.950116 18.703957 9.274492
v 9.950116 18.869695 9.404713
v 9.950116 19.037717 9.531973
v 9.950116 19.207972 9.656231
v 9.950116 19.380404 9.777449
v 9.950116 19.554960 9.895588
v 9.950116 19.731585 10.010611
v 9.950116 19.910223 10.122482
v 9.950116 20.090819 10.231165
v 9.950116 20.273314 10.336627
v 9.950116 20.457652 10.438833
v 9.950116 20.643774 10.537753
v 9.950116 20.831622 10.633355
v 9.950116 21.021137 10.725608
v 9.950116 21.212260 10.814484
v 9.950116 21.404929 10.899955
v 9.950116 21.599084 10.981993
v 9.950116 21.794665 11.060573
v 9.950116 21.991609 11.135671
v 9.950116 22.189855 11.207262
v 9.950116 22.389340 11.275324
v 9.950116 22.590001 11.339835
v 9.950116 22.791775 11.400776
v 9.950116 22.994599 11.458127
v 9.950116 23.198409 11.511870
v 9.950116 23.403140 11.561988
v 9.950116 23.608728 11.608465
v 9.950116 23.815109 11.651287
v 9.950116 24.022217 11.690440
v 9.950116 24.229987 11.725912
v 9.968055 14.618824 -3.470869
v 9.968055 14.559047 -3.266153
v 9.968055 14.502913 -3.060409
v 9.968055 14.450438 -2.853701
v 9.968055 14.401639 -2.646094
v 9.968055 14.356531 -2.437654
v 9.968055 14.315130 -2.228447
v 9.968055 14.277447 -2.018538
v 9.968055 14.243494 -1.807993
v 9.968055 14.213283 -1.596879
v 9.968055 14.186823 -1.385262
v 9.968055 14.164122 -1.173209
v 9.968055 14.145188 -0.960787
v 9.968055 14.130025 -0.748062
v 9.968055 14.118640 -0.535101
v 9.968055 14.111035 -0.321972
v 9.968055 14.107214 -0.108742
v 9.968055 14.107176 0.104523
v 9.968055 14.110923 0.317755
v 9.968055 14.118453 0.530886
v 9.968055 14.129763 0.743851
v 9.968055 14.144851 0.956581
v 9.968055 14.163711 1.169010
v 9.968055 14.186338 1.381071
v 9.968055 14.212724 1.592697
v 9.968055 14.242860 1.803822
v 9.968055 14.276739 2.014378
v 9.968055 14.314348 2.224301
v 9.968055 14.355676 2.433523
v 9.968055 14.400710 2.641978
v 9.968055 14.449436 2.849602
v 9.968055 14.501839 3.056328
v 9.968055 14.557901 3.262092
v 9.968055 14.617606 3.466829
v 9.968055 14.680935 3.670474
v 9.968055 14.747866 3.872964
v 9.968055 14.818381 4.074233
v 9.968055 14.892456 4.274220
v 9.968055 14.970067 4.472861
v 9.968055 15.051191 4.670094
v 9.968055 15.135803 4.865856
v 9.968055 15.223874 5.060086
v 9.968055 15.315378 5.252722
v 9.968055 15.410286 5.443705
v 9.968055 15.508568 5.632973
v 9.968055 15.610193 5.820468
v 9.968055 15.715129 6.006129
v 9.968055 15.823342 6.189900
v 9.968055 15.934800 6.371721
v 9.968055 16.049466 6.551537
v 9.968055 16.167305 6.729289
v 9.968055 16.288279 6.904922
v 9.968055 16.412351 7.078381
v 9.968055 16.539482 7.249611
v 9.968055 16.669630 7.418558
v 9.968055 16.802756 7.585169
v 9.968055 16.938818 7.749392
v 9.968055 17.077772 7.911174
v 9.968055 17.219575 8.070466
v 9.968055 17.364182 8.227216
v 9.968055 17.511548 8.381375
v 9.968055 17.661626 8.532896
v 9.968055 17.814369 8.681729
v 9.968055 17.969728 8.827829
v 9.968055 18.127656 8.971149
v 9.968055 18.288103 9.111644
v 9.968055 18.451016 9.249270
v 9.968055 18.616347 9.383983
v 9.968055 18.784041 9.515742
v 9.968055 18.954048 9.644504
v 9.968055 19.126312 9.770229
v 9.968055 19.300780 9.892878
v 9.968055 19.477397 10.012412
v 9.968055 19.656107 10.128792
v 9.968055 19.836854 10.241984
v 9.968055 20.019581 10.351950
v 9.968055 20.204231 10.458657
v 9.968055 20.390745 10.562070
v 9.968055 20.579065 10.662158
v 9.968055 20.769131 10.758888
v 9.968055 20.960883 10.852231
v 9.968055 21.154262 10.942156
v 9.968055 21.349205 11.028636
v 9.968055 21.545653 11.111642
v 9.968055 21.743543 11.191150
v 9.968055 21.942812 11.267134
v 9.968055 22.143398 11.339571
v 9.968055 22.345238 11.408436
v 9.968055 22.548268 11.473709
v 9.968055 22.752425 11.535370
v 9.968055 22.957643 11.593397
v 9.968055 23.163859 11.647775
v 9.968055 23.371007 11.698484
v 9.968055 23.579022 11.745510
v 9.968055 23.787839 11.788838
v 9.968055 23.997392 11.828453
v 9.968055 24.207615 11.864344
v 9.950116 24.438354 11.757691
v 9.982022 14.423663 -3.304385
v 9.982022 14.366871 -3.096232
v 9.982022 14.313782 -2.887104
v 9.982022 14.264412 -2.677068
v 9.982022 14.218776 -2.466188
v 9.982022 14.176890 -2.254532
v 9.982022 14.138766 -2.042166
v 9.982022 14.104416 -1.829157
v 9.982022 14.073852 -1.615571
v 9.982022 14.047082 -1.401477
v 9.982022 14.024115 -1.186942
v 9.982022 14.004959 -0.972033
v 9.982022 13.989619 -0.756818
v 9.982022 13.978100 -0.541365
v 9.982022 13.970407 -0.325741
v 9.982022 13.966540 -0.110015
v 9.982022 13.966502 0.105746
v 9.982022 13.970293 0.321474
v 9.982022 13.977911 0.537101
v 9.982022 13.989354 0.752558
v 9.982022 14.004618 0.967778
v 9.982022 14.023699 1.182694
v 9.982022 14.046591 1.397237
v 9.982022 14.073285 1.611340
v 9.982022 14.103775 1.824936
v 9.982022 14.138050 2.037958
v 9.982022 14.176099 2.250337
v 9.982022 14.217911 2.462008
v 9.982022 14.263473 2.672904
v 9.982022 14.312769 2.882958
v 9.982022 14.365785 3.092104
v 9.982022 14.422504 3.300276
v 9.982022 14.482907 3.507410
v 9.982022 14.546977 3.713439
v 9.982022 14.614692 3.918298
v 9.982022 14.686032 4.121924
v 9.982022 14.760974 4.324252
v 9.982022 14.839494 4.525218
v 9.982022 14.921568 4.724759
v 9.982022 15.007169 4.922813
v 9.982022 15.096272 5.119316
v 9.982022 15.188847 5.314208
v 9.982022 15.284866 5.507426
v 9.982022 15.384298 5.698909
v 9.982022 15.487112 5.888599
v 9.982022 15.593277 6.076434
v 9.982022 15.702757 6.262355
v 9.982022 15.815519 6.446305
v 9.982022 15.931528 6.628225
v 9.982022 16.050746 6.808058
v 9.982022 16.173136 6.985747
v 9.982022 16.298661 7.161236
v 9.982022 16.427279 7.334470
v 9.982022 16.558951 7.505395
v 9.982022 16.693635 7.673957
v 9.982022 16.831290 7.840102
v 9.982022 16.971870 8.003778
v 9.982022 17.115333 8.164934
v 9.982022 17.261633 8.323519
v 9.982022 17.410723 8.479483
v 9.982022 17.562558 8.632777
v 9.982022 17.717089 8.783353
v 9.982022 17.874268 8.931162
v 9.982022 18.034044 9.076160
v 9.982022 18.196368 9.218300
v 9.982022 18.361189 9.357536
v 9.982022 18.528455 9.493827
v 9.982022 18.698112 9.627128
v 9.982022 18.870108 9.757397
v 9.982022 19.044389 9.884594
v 9.982022 19.220899 10.008678
v 9.982022 19.399584 10.129611
v 9.982022 19.580386 10.247354
v 9.982022 19.763249 10.361871
v 9.982022 19.948115 10.473124
v 9.982022 20.134926 10.581080
v 9.982022 20.323623 10.685704
v 9.982022 20.514147 10.786963
v 9.982022 20.706438 10.884826
v 9.982022 20.900435 10.979261
v 9.982022 21.096077 11.070239
v 9.982022 21.293303 11.157730
v 9.982022 21.492050 11.241709
v 9.982022 21.692256 11.322148
v 9.982022 21.893858 11.399021
v 9.982022 22.096792 11.472305
v 9.982022 22.300994 11.541977
v 9.982022 22.506401 11.608014
v 9.982022 22.712947 11.670396
v 9.982022 22.920568 11.729103
v 9.982022 23.129197 11.784117
v 9.982022 23.338770 11.835420
v 9.982022 23.549220 11.882997
v 9.982022 23.760482 11.926831
v 9.982022 23.972488 11.966910
v 9.982022 24.185171 12.003221
v 9.968055 24.418442 11.896498
v 9.992007 14.230502 -3.132142
v 9.992007 14.176797 -2.920589
v 9.992007 14.126854 -2.708116
v 9.992007 14.080690 -2.494791
v 9.992007 14.038318 -2.280680
v 9.992007 13.999751 -2.065850
v 9.992007 13.965003 -1.850371
v 9.992007 13.934084 -1.634308
v 9.992007 13.907004 -1.417732
v 9.992007 13.883771 -1.200708
v 9.992007 13.864392 -0.983307
v 9.992007 13.848875 -0.765596
v 9.992007 13.837222 -0.547644
v 9.992007 13.829439 -0.329519
v 9.992007 13.825528 -0.111291
v 9.992007 13.825490 0.106973
v 9.992007 13.829325 0.325202
v 9.992007 13.837031 0.543330
v 9.992007 13.848607 0.761286
v 9.992007 13.864048 0.979002
v 9.992007 13.883350 1.196411
v 9.992007 13.906507 1.413442
v 9.992007 13.933511 1.630029
v 9.992007 13.964354 1.846102
v 9.992007 13.999027 2.061594
v 9.992007 14.037518 2.276436
v 9.992007 14.079815 2.490562
v 9.992007 14.125904 2.703904
v 9.992007 14.175772 2.916394
v 9.992007 14.229403 3.127966
v 9.992007 14.286780 3.338553
v 9.992007 14.347884 3.548088
v 9.992007 14.412697 3.756507
v 9.992007 14.481197 3.963742
v 9.992007 14.553365 4.169730
v 9.992007 14.629175 4.374404
v 9.992007 14.708606 4.577701
v 9.992007 14.791632 4.779556
v 9.992007 14.878226 4.979907
v 9.992007 14.968362 5.178689
v 9.992007 15.062011 5.375841
v 9.992007 15.159144 5.571300
v 9.992007 15.259729 5.765005
v 9.992007 15.363736 5.956894
v 9.992007 15.471131 6.146907
v 9.992007 15.581881 6.334985
v 9.992007 15.695951 6.521068
v 9.992007 15.813305 6.705098
v 9.992007 15.933906 6.887017
v 9.992007 16.057716 7.066766
v 9.992007 16.184696 7.244291
v 9.992007 16.314806 7.419535
v 9.992007 16.448006 7.592442
v 9.992007 16.584252 7.762958
v 9.992007 16.723503 7.931030
v 9.992007 16.865714 8.096605
v 9.992007 17.010840 8.259630
v 9.992007 17.158837 8.420054
v 9.992007 17.309657 8.577827
v 9.992007 17.463252 8.732899
v 9.992007 17.619575 8.885221
v 9.992007 17.778577 9.034745
v 9.992007 17.940206 9.181424
v 9.992007 18.104413 9.325212
v 9.992007 18.271146 9.466064
v 9.992007 18.440351 9.603935
v 9.992007 18.611976 9.738782
v 9.992007 18.785967 9.870562
v 9.992007 18.962269 9.999234
v 9.992007 19.140827 10.124758
v 9.992007 19.321583 10.247093
v 9.992007 19.504482 10.366202
v 9.992007 19.689466 10.482046
v 9.992007 19.876476 10.594590
v 9.992007 20.065454 10.703798
v 9.992007 20.256339 10.809635
v 9.992007 20.449073 10.912069
v 9.992007 20.643594 11.011066
v 9.992007 20.839841 11.106597
v 9.992007 21.037752 11.198629
v 9.992007 21.237265 11.287136
v 9.992007 21.438318 11.372089
v 9.992007 21.640846 11.453460
v 9.992007 21.844786 11.531225
v 9.992007 22.050073 11.605359
v 9.992007 22.256644 11.675839
v 9.992007 22.464433 11.742642
v 9.992007 22.673375 11.805748
v 9.992007 22.883403 11.865136
v 9.992007 23.094452 11.920787
v 9.992007 23.306456 11.972686
v 9.992007 23.519347 12.020814
v 9.992007 23.733058 12.065157
v 9.992007 23.947523 12.105701
v 9.992007 24.162674 12.142432
v 9.982022 24.398466 12.035752
v 9.998001 14.039593 -2.954126
v 9.998001 13.989077 -2.739214
v 9.998001 13.942382 -2.523439
v 9.998001 13.899523 -2.306869
v 9.998001 13.860514 -2.089573
v 9.998001 13.825367 -1.871619
v 9.998001 13.794093 -1.653076
v 9.998001 13.766702 -1.434012
v 9.998001 13.743202 -1.214496
v 9.998001 13.723601 -0.994598
v 9.998001 13.707905 -0.774387
v 9.998001 13.696119 -0.553932
v 9.998001 13.688246 -0.333303
v 9.998001 13.684290 -0.112569
v 9.998001 13.684252 0.108201
v 9.998001 13.688130 0.328937
v 9.998001 13.695925 0.549569
v 9.998001 13.707634 0.770028
v 9.998001 13.723252 0.990245
v 9.998001 13.742776 1.210149
v 9.998001 13.766199 1.429673
v 9.998001 13.793513 1.648747
v 9.998001 13.824711 1.867301
v 9.998001 13.859781 2.085267
v 9.998001 13.898714 2.302577
v 9.998001 13.941497 2.519162
v 9.998001 13.988116 2.734953
v 9.998001 14.038556 2.949884
v 9.998001 14.092803 3.163885
v 9.998001 14.150839 3.376890
v 9.998001 14.212644 3.588832
v 9.998001 14.278201 3.799644
v 9.998001 14.347489 4.009259
v 9.998001 14.420485 4.217612
v 9.998001 14.497166 4.424636
v 9.998001 14.577509 4.630268
v 9.998001 14.661488 4.834441
v 9.998001 14.749077 5.037092
v 9.998001 14.840248 5.238158
v 9.998001 14.934972 5.437573
v 9.998001 15.033220 5.635277
v 9.998001 15.134960 5.831206
v 9.998001 15.240161 6.025298
v 9.998001 15.348790 6.217494
v 9.998001 15.460812 6.407732
v 9.998001 15.576192 6.595952
v 9.998001 15.694893 6.782095
v 9.998001 15.816879 6.966102
v 9.998001 15.942111 7.147916
v 9.998001 16.070549 7.327479
v 9.998001 16.202153 7.504735
v 9.998001 16.336882 7.679628
v 9.998001 16.474693 7.852102
v 9.998001 16.615543 8.022104
v 9.998001 16.759387 8.189580
v 9.998001 16.906180 8.354477
v 9.998001 17.055876 8.516743
v 9.998001 17.208428 8.676328
v 9.998001 17.363787 8.833181
v 9.998001 17.521905 8.987252
v 9.998001 17.682733 9.138493
v 9.998001 17.846218 9.286856
v 9.998001 18.012311 9.432296
v 9.998001 18.180958 9.574765
v 9.998001 18.352106 9.714219
v 9.998001 18.525702 9.850614
v 9.998001 18.701691 9.983908
v 9.998001 18.880018 10.114058
v 9.998001 19.060626 10.241023
v 9.998001 19.243458 10.364763
v 9.998001 19.428457 10.485239
v 9.998001 19.615565 10.602414
v 9.998001 19.804723 10.716250
v 9.998001 19.995870 10.826712
v 9.998001 20.188948 10.933765
v 9.998001 20.383895 11.037375
v 9.998001 20.580650 11.137509
v 9.998001 20.779150 11.234136
v 9.998001 20.979334 11.327226
v 9.998001 21.181138 11.416749
v 9.998001 21.384499 11.502677
v 9.998001 21.589353 11.584983
v 9.998001 21.795635 11.663641
v 9.998001 22.003280 11.738627
v 9.998001 22.212223 11.809916
v 9.998001 22.422398 11.877486
v 9.998001 22.633739 11.941316
v 9.998001 22.846179 12.001386
v 9.998001 23.059652 12.057677
v 9.998001 23.274090 12.110171
v 9.998001 23.489426 12.158852
v 9.998001 23.705591 12.203704
v 9.998001 23.922519 12.244713
v 9.998001 24.140140 12.281867
v 7.128756 27.823969 7.877240
v 7.255810 27.695918 7.966967
v 7.381061 27.565841 8.058122
v 7.625754 27.445075 8.222235
v 7.745001 27.309674 8.319541
v 7.862053 27.171645 8.417922
v 8.089201 27.039910 8.602542
v 8.199115 26.894952 8.705983
v 8.411186 26.753512 8.904768
v 8.513173 26.600563 9.012282
v 8.708641 26.447713 9.223429
v 8.979428 26.120066 9.555339
v 9.144166 25.946318 9.783465
v 9.295655 25.764152 10.017300
v 9.433411 25.573195 10.255845
v 9.613343 25.363872 10.627385
v 9.714937 25.151903 10.874984
v 9.838977 24.915791 11.259137
v 9.928219 24.664627 11.647189
v 9.992007 24.378442 12.175341
v 10.000000 21.562873 19.564535
v 10.000000 21.436476 20.056965
v 10.000000 21.823412 18.614608
v 10.000000 21.691874 19.083816
v 10.000000 21.406755 20.176031
v 10.000000 21.957424 18.156709
v 10.000000 22.093845 17.709922
v 10.000000 22.232616 17.274051
v 10.000000 22.959670 15.251746
v 10.000000 22.810016 15.635893
v 10.000000 22.373675 16.848903
v 10.000000 24.225715 12.516201
v 10.000000 23.577988 13.811265
v 10.000000 23.420546 14.157323
v 10.000000 23.737265 13.474292
v 10.000000 23.111342 14.877388
v 10.000000 23.264983 14.512639
v 10.000000 22.516965 16.434286
v 10.000000 22.662430 16.030012
v 10.000000 24.061166 12.826926
v 10.000000 23.898337 13.146235
v 10.000000 -9.169507 14.737636
v 10.000000 -10.110730 12.732095
v 10.000000 -8.297415 17.076582
v 10.000000 -8.437546 16.662011
v 10.000000 -8.724218 15.863102
v 10.000000 -8.870658 15.478404
v 10.000000 -9.476015 14.033888
v 10.000000 -9.632037 13.695473
v 10.000000 -9.321824 14.381220
v 10.000000 -9.949430 13.044738
v 10.000000 -9.789854 13.365810
v 10.000000 -8.023830 17.936876
v 10.000000 -8.159491 17.501475
v 10.000000 -8.579831 16.257578
v 10.000000 -7.406755 20.176031
v 10.000000 -7.890489 18.382974
v 10.000000 -9.019103 15.103307
v 10.000000 -7.504977 19.787355
v 10.000000 -7.631001 19.308019
v 10.000000 -7.759525 18.839957
v 11.991018 20.238494 26.306646
v 12.175138 20.203990 26.552518
v 12.143440 20.209725 26.511251
v 12.112873 20.215334 26.471047
v 12.238300 20.192802 26.633498
v 12.051501 20.226835 26.389089
v 12.367330 20.170883 26.793978
v 12.318721 20.178997 26.734280
v 12.302362 20.181766 26.713986
v 12.433207 20.160150 26.873471
v 12.500000 20.149565 26.952463
v 11.654861 20.309978 25.814745
v 11.666460 20.307300 25.832764
v 11.564456 20.331431 25.671444
v 11.771546 20.283776 25.992411
v 11.879727 20.260845 26.150375
v 11.811385 20.275187 26.051309
v 11.974287 20.241778 26.283538
v 11.208501 20.427802 25.050305
v 11.293437 20.402842 25.207779
v 11.224650 20.422948 25.080748
v 11.381074 20.378469 25.363795
v 11.361383 20.383830 25.329282
v 11.471412 20.354669 25.518352
v 11.504820 20.346183 25.574005
v 10.971701 20.505710 24.572992
v 10.982792 20.501746 24.596782
v 10.912382 20.527524 24.443015
v 11.055619 20.476542 24.749251
v 11.130857 20.451898 24.900425
v 11.094723 20.463566 24.828586
v 10.667984 20.630514 23.849353
v 10.785805 20.577917 24.148523
v 10.746719 20.594689 24.052235
v 10.725794 20.603933 23.999525
v 10.855672 20.549409 24.314146
v 10.848004 20.552451 24.296352
v 10.468996 20.736695 23.269097
v 10.564117 20.682696 23.560374
v 10.550374 20.690092 23.520025
v 10.615036 20.656341 23.705381
v 10.644928 20.641575 23.787463
v 10.515422 20.709490 23.414884
v 10.310379 20.845987 22.702027
v 10.385522 20.790539 22.986095
v 10.383244 20.792112 22.977935
v 10.426211 20.763419 23.127731
v 10.463124 20.740263 23.250116
v 10.346915 20.818060 22.844193
v 10.188026 20.958313 22.147928
v 10.245357 20.901352 22.425458
v 10.215734 20.929630 22.286812
v 10.276903 20.873473 22.563864
v 10.098533 21.073598 21.606584
v 10.139695 21.015161 21.877692
v 10.138513 21.016688 21.870524
v 10.162963 20.986541 22.012920
v 10.118220 21.044178 21.742246
v 10.039040 21.191769 21.077782
v 10.065417 21.131891 21.342584
v 10.061637 21.139523 21.308477
v 10.081133 21.102549 21.474685
v 10.051386 21.161629 21.210283
v 10.096255 21.077214 21.590024
v 10.007116 21.312752 20.561312
v 10.019886 21.251468 20.819918
v 10.015420 21.269527 20.743086
v 10.012701 21.281909 20.690707
v 10.028667 21.221424 20.948943
v 10.034685 21.203624 21.026095
v 10.001782 21.359294 20.368874
v 10.003855 21.337240 20.459645
v 10.000500 -7.381517 20.278160
v 10.011006 -7.290347 20.655157
v 10.015420 -7.269526 20.743088
v 10.003856 -7.337236 20.459659
v 10.005988 -7.320397 20.529472
v 10.002486 -7.350789 20.403790
v 10.025818 -7.230550 20.909590
v 10.034686 -7.203623 21.026101
v 10.035690 -7.200820 21.038299
v 10.017532 -7.260686 20.780635
v 10.047143 -7.171489 21.166762
v 10.092021 -7.084065 21.558716
v 10.096254 -7.077215 21.590021
v 10.075260 -7.113105 21.426979
v 10.110450 -7.055425 21.690188
v 10.060172 -7.142550 21.294979
v 10.061637 -7.139522 21.308481
v 10.177293 -6.970108 22.091316
v 10.188379 -6.957932 22.149763
v 10.153032 -6.998440 21.956498
v 10.203330 -6.942177 22.225847
v 10.130547 -7.027179 21.821395
v 10.138512 -7.016689 21.870517
v 10.294207 -6.859019 22.636306
v 10.310790 -6.845662 22.703673
v 10.261725 -6.886625 22.498353
v 10.231145 -6.914641 22.360090
v 10.245819 -6.900928 22.427549
v 10.328595 -6.831814 22.773945
v 10.445965 -6.750868 23.193897
v 10.463123 -6.740264 23.250112
v 10.404402 -6.777732 23.052754
v 10.364897 -6.805007 22.911268
v 10.383242 -6.792114 22.977927
v 10.489594 -6.724410 23.334694
v 10.636444 -6.645716 23.764381
v 10.644930 -6.641574 23.787468
v 10.584748 -6.671826 23.619952
v 10.535301 -6.698350 23.475141
v 10.550373 -6.690092 23.520024
v 10.690406 -6.620015 23.908423
v 10.936378 -6.518573 24.496164
v 10.971699 -6.505711 24.572989
v 10.807670 -6.568799 24.201220
v 10.855670 -6.549409 24.314143
v 10.870936 -6.543413 24.349300
v 10.746592 -6.594745 24.051918
v 11.154209 -6.444515 24.946131
v 11.224651 -6.422948 25.080751
v 11.232929 -6.420480 25.096262
v 11.077893 -6.469105 24.794649
v 11.094724 -6.463566 24.828589
v 11.003986 -6.494265 24.641813
v 11.588411 -6.325642 25.709921
v 11.654859 -6.309978 25.814742
v 11.494254 -6.348849 25.556488
v 11.504823 -6.346183 25.574009
v 11.402801 -6.372627 25.401528
v 11.314049 -6.396988 25.245042
v 11.361381 -6.383831 25.329279
v 11.900938 -6.256492 26.180632
v 11.974285 -6.241779 26.283535
v 12.013428 -6.234135 26.337390
v 11.791558 -6.279440 26.022105
v 11.811387 -6.275186 26.051311
v 11.685275 -6.302993 25.861820
v 12.310842 -6.180329 26.724518
v 12.318721 -6.178997 26.734280
v 12.219029 -6.196182 26.608965
v 12.129045 -6.212357 26.492367
v 12.143440 -6.209725 26.511250
v 12.404495 -6.164791 26.839021
v 12.500000 -6.149565 26.952463
v 4.941361 -4.437586 33.390170
v 5.000000 -4.341897 33.750000
v 5.000000 18.341897 33.750000
v 4.875504 18.532943 33.031591
v 4.875504 -4.532943 33.031591
v 4.802456 -4.627929 32.674408
v 4.722246 -4.722505 32.318765
v 4.802456 18.627929 32.674408
v 4.634907 18.816634 31.964804
v 4.634907 -4.816634 31.964804
v 4.540474 18.910277 31.612670
v 4.540474 -4.910277 31.612670
v 4.438986 19.003396 31.262504
v 4.438986 -5.003396 31.262504
v 4.330482 -5.095955 30.914449
v 4.215007 19.187915 30.568643
v 4.215007 -5.187915 30.568643
v 4.092608 -5.279239 30.225227
v 3.963334 19.369892 29.884340
v 3.963334 -5.369892 29.884340
v 3.827237 19.459835 29.546119
v 3.827237 -5.459835 29.546119
v 3.684372 -5.549033 29.210700
v 3.534797 19.637449 28.878220
v 3.534797 -5.637449 28.878220
v 3.378572 -5.725048 28.548811
v 3.215761 19.811796 28.222609
v 3.215761 -5.811796 28.222609
v 3.046428 -5.897655 27.899743
v 2.870642 -5.982593 27.580344
v 3.046428 19.897655 27.899743
v 2.688475 20.066574 27.264542
v 2.688475 -6.066574 27.264542
v 2.870642 19.982593 27.580344
v 3.378572 19.725048 28.548811
v 3.684372 19.549033 29.210700
v 4.092608 19.279239 30.225227
v 4.330482 19.095955 30.914449
v 4.722246 18.722505 32.318765
v 4.941361 18.437586 33.390170
v 12.680771 20.091711 27.170017
v 12.680771 -6.091711 27.170017
v 12.855578 20.032575 27.392391
v 13.024293 19.972201 27.619422
v 13.024293 -5.972201 27.619422
v 13.186792 19.910633 27.850943
v 13.186792 -5.910633 27.850943
v 13.342956 19.847916 28.086783
v 13.342956 -5.847916 28.086783
v 13.492670 19.784096 28.326770
v 13.635824 19.719221 28.570726
v 13.635824 -5.719221 28.570726
v 13.772312 19.653337 28.818474
v 13.772312 -5.653337 28.818474
v 13.902034 19.586494 29.069830
v 13.902034 -5.586494 29.069830
v 14.024896 19.518740 29.324610
v 14.140806 19.450126 29.582627
v 14.140806 -5.450126 29.582627
v 14.249679 19.380701 29.843690
v 14.249679 -5.380701 29.843690
v 14.351437 19.310517 30.107610
v 14.446002 19.239626 30.374190
v 14.446002 -5.239626 30.374190
v 14.533307 19.168078 30.643236
v 14.533307 -5.168078 30.643236
v 14.613288 19.095928 30.914549
v 14.685884 19.023228 31.187931
v 14.685884 -5.023228 31.187931
v 14.751043 18.950031 31.463180
v 14.808718 18.876391 31.740094
v 14.808718 -4.876391 31.740094
v 14.858865 18.802363 32.018470
v 14.858865 -4.802363 32.018470
v 14.901448 18.728000 32.298103
v 14.936435 18.653358 32.578787
v 14.936435 -4.653358 32.578787
v 14.963801 18.578490 32.860316
v 14.983526 18.503454 33.142484
v 14.983526 -4.503454 33.142484
v 14.995596 18.428302 33.425083
v 14.995596 -4.428302 33.425083
v 15.000000 18.353091 33.707905
v 15.000000 -4.353091 33.707905
v 14.963801 -4.578490 32.860316
v 14.901448 -4.728000 32.298103
v 14.751043 -4.950031 31.463180
v 14.613288 -5.095928 30.914549
v 14.351437 -5.310517 30.107610
v 14.024896 -5.518740 29.324610
v 13.492670 -5.784096 28.326770
v 12.855578 -6.032575 27.392391
v 15.000000 17.000000 38.796055
v 5.000000 17.000000 38.796055
v 15.000000 -3.000000 38.796055
v 5.000000 -3.000000 38.796055
v 5.000000 17.000000 67.500000
v 15.000000 17.000000 67.500000
v 5.000000 -3.000000 67.500000
v 15.000000 -3.000000 67.500000
v 15.000000 -2.808914 67.748239
v 5.000000 -2.808914 67.748239
v 15.000000 -2.611667 67.991611
v 5.000000 -2.611667 67.991611
v 15.000000 -2.408384 68.229964
v 5.000000 -2.408384 68.229964
v 15.000000 -2.199191 68.463148
v 5.000000 -2.199191 68.463148
v 15.000000 -1.984221 68.691017
v 5.000000 -1.984221 68.691017
v 15.000000 -1.763608 68.913427
v 5.000000 -1.763608 68.913427
v 15.000000 -1.537491 69.130239
v 5.000000 -1.537491 69.130239
v 15.000000 -1.306011 69.341316
v 5.000000 -1.306011 69.341316
v 15.000000 -1.069315 69.546526
v 5.000000 -1.069315 69.546526
v 15.000000 -0.827550 69.745740
v 5.000000 -0.827550 69.745740
v 15.000000 -0.580870 69.938834
v 5.000000 -0.580870 69.938834
v 15.000000 -0.329428 70.125685
v 5.000000 -0.329428 70.125685
v 15.000000 -0.073382 70.306176
v 5.000000 -0.073382 70.306176
v 15.000000 0.187105 70.480194
v 5.000000 0.187105 70.480194
v 15.000000 0.451872 70.647630
v 5.000000 0.451872 70.647630
v 15.000000 0.720752 70.808379
v 5.000000 0.720752 70.808379
v 15.000000 0.993576 70.962339
v 5.000000 0.993576 70.962339
v 15.000000 1.270172 71.109413
v 5.000000 1.270172 71.109413
v 15.000000 1.550366 71.249511
v 5.000000 1.550366 71.249511
v 15.000000 1.833984 71.382543
v 5.000000 1.833984 71.382543
v 15.000000 2.120846 71.508425
v 5.000000 2.120846 71.508425
v 15.000000 2.410772 71.627080
v 5.000000 2.410772 71.627080
v 15.000000 2.703581 71.738432
v 5.000000 2.703581 71.738432
v 15.000000 2.999089 71.842411
v 5.000000 2.999089 71.842411
v 15.000000 3.297109 71.938953
v 5.000000 3.297109 71.938953
v 15.000000 3.597455 72.027996
v 5.000000 3.597455 72.027996
v 15.000000 3.899938 72.109485
v 5.000000 3.899938 72.109485
v 15.000000 4.204368 72.183367
v 5.000000 4.204368 72.183367
v 15.000000 4.510554 72.249598
v 5.000000 4.510554 72.249598
v 15.000000 4.818304 72.308136
v 5.000000 4.818304 72.308136
v 15.000000 5.127423 72.358942
v 5.000000 5.127423 72.358942
v 15.000000 5.437719 72.401987
v 5.000000 5.437719 72.401987
v 15.000000 5.748996 72.437242
v 5.000000 5.748996 72.437242
v 15.000000 6.061059 72.464686
v 5.000000 6.061059 72.464686
v 15.000000 6.373712 72.484301
v 5.000000 6.373712 72.484301
v 15.000000 6.686757 72.496075
v 5.000000 6.686757 72.496075
v 15.000000 7.000000 72.500000
v 5.000000 7.000000 72.500000
v 15.000000 7.313243 72.496075
v 5.000000 7.313243 72.496075
v 15.000000 7.626288 72.484301
v 5.000000 7.626288 72.484301
v 15.000000 7.938941 72.464686
v 5.000000 7.938941 72.464686
v 15.000000 8.251004 72.437242
v 5.000000 8.251004 72.437242
v 15.000000 8.562281 72.401987
v 5.000000 8.562281 72.401987
v 15.000000 8.872577 72.358942
v 5.000000 8.872577 72.358942
v 15.000000 9.181696 72.308136
v 5.000000 9.181696 72.308136
v 15.000000 9.489446 72.249598
v 5.000000 9.489446 72.249598
v 15.000000 9.795632 72.183367
v 5.000000 9.795632 72.183367
v 15.000000 10.100062 72.109485
v 5.000000 10.100062 72.109485
v 15.000000 10.402545 72.027996
v 5.000000 10.402545 72.027996
v 15.000000 10.702891 71.938953
v 5.000000 10.702891 71.938953
v 15.000000 11.000911 71.842411
v 5.000000 11.000911 71.842411
v 15.000000 11.296419 71.738432
v 5.000000 11.296419 71.738432
v 15.000000 11.589228 71.627080
v 5.000000 11.589228 71.627080
v 15.000000 11.879154 71.508425
v 5.000000 11.879154 71.508425
v 15.000000 12.166016 71.382543
v 5.000000 12.166016 71.382543
v 15.000000 12.449634 71.249511
v 5.000000 12.449634 71.249511
v 15.000000 12.729828 71.109413
v 5.000000 12.729828 71.109413
v 15.000000 13.006424 70.962339
v 5.000000 13.006424 70.962339
v 15.000000 13.279248 70.808379
v 5.000000 13.279248 70.808379
v 15.000000 13.548128 70.647630
v 5.000000 13.548128 70.647630
v 15.000000 13.812895 70.480194
v 5.000000 13.812895 70.480194
v 15.000000 14.073382 70.306176
v 5.000000 14.073382 70.306176
v 15.000000 14.329428 70.125685
v 5.000000 14.329428 70.125685
v 15.000000 14.580870 69.938834
v 5.000000 14.580870 69.938834
v 15.000000 14.827550 69.745740
v 5.000000 14.827550 69.745740
v 15.000000 15.069315 69.546526
v 5.000000 15.069315 69.546526
v 15.000000 15.306011 69.341316
v 5.000000 15.306011 69.341316
v 15.000000 15.537491 69.130239
v 5.000000 15.537491 69.130239
v 15.000000 15.763608 68.913427
v 5.000000 15.763608 68.913427
v 15.000000 15.984221 68.691017
v 5.000000 15.984221 68.691017
v 15.000000 16.199191 68.463148
v 5.000000 16.199191 68.463148
v 15.000000 16.408384 68.229964
v 5.000000 16.408384 68.229964
v 15.000000 16.611667 67.991611
v 5.000000 16.611667 67.991611
v 15.000000 16.808914 67.748239
v 5.000000 16.808914 67.748239
v 15.000000 -0.969863 59.306249
v 15.000000 -0.987791 59.558192
v 15.000000 -0.791314 61.815329
v 15.000000 -0.730124 62.060385
v 15.000000 -0.999751 60.063147
v 15.000000 -0.993770 60.315656
v 15.000000 -0.997757 59.810575
v 15.000000 -0.910198 58.804689
v 15.000000 -0.943990 59.054998
v 15.000000 -0.819001 58.307893
v 15.000000 -0.868521 58.555571
v 15.000000 12.939521 65.359299
v 15.000000 13.105746 65.169126
v 15.000000 -0.844738 61.568464
v 15.000000 -0.928082 61.070290
v 15.000000 -0.890343 61.320035
v 15.000000 -0.979821 60.567850
v 15.000000 -0.957918 60.819479
v 15.000000 12.767376 65.544130
v 15.000000 -0.584695 62.544092
v 15.000000 -0.500601 62.782262
v 15.000000 -0.661228 62.303386
v 15.000000 -0.623911 57.575959
v 15.000000 -0.696635 57.817843
v 15.000000 -0.455745 57.099678
v 15.000000 -0.543588 57.336491
v 15.000000 -0.257858 56.634960
v 15.000000 -0.360470 56.865757
v 15.000000 -0.031039 56.183655
v 15.000000 -0.148011 56.407517
v 15.000000 14.730124 62.060385
v 15.000000 14.791314 61.815329
v 15.000000 14.409031 63.017658
v 15.000000 14.500601 62.782262
v 15.000000 12.589481 65.723434
v 15.000000 -0.761686 58.061902
v 15.000000 0.092942 55.963597
v 15.000000 0.361428 55.535768
v 15.000000 0.223808 55.747563
v 15.000000 0.656378 55.125735
v 15.000000 0.505666 55.328423
v 15.000000 14.661228 62.303386
v 15.000000 14.584695 62.544092
v 15.000000 14.203832 63.479195
v 15.000000 14.310075 63.250047
v 15.000000 13.708218 64.358877
v 15.000000 13.842478 64.144936
v 15.000000 12.406015 65.897034
v 15.000000 12.217160 66.064754
v 15.000000 0.813413 54.927905
v 15.000000 1.501567 54.189042
v 15.000000 1.320864 54.365516
v 15.000000 2.075814 53.695050
v 15.000000 1.879230 53.853642
v 15.000000 3.128275 52.999304
v 15.000000 2.909203 53.125018
v 15.000000 5.000696 52.253854
v 15.000000 4.757158 52.320829
v 15.000000 14.844738 61.568464
v 15.000000 14.890343 61.320035
v 15.000000 14.090409 63.704876
v 15.000000 13.969917 63.926863
v 15.000000 13.265885 64.973800
v 15.000000 0.894254 65.169126
v 15.000000 0.580222 64.773516
v 15.000000 0.734115 64.973800
v 15.000000 1.687751 54.018361
v 15.000000 2.277306 53.542743
v 15.000000 2.694209 53.257585
v 15.000000 2.483507 53.396873
v 15.000000 3.351207 52.880568
v 15.000000 3.807756 52.664499
v 15.000000 3.577775 52.768930
v 15.000000 4.277030 52.477671
v 15.000000 4.040918 52.567381
v 15.000000 5.246227 52.194599
v 15.000000 6.873710 67.999003
v 15.000000 7.126290 67.999003
v 15.000000 3.923953 67.384980
v 15.000000 2.379831 66.531006
v 15.000000 2.588308 66.673603
v 15.000000 1.060479 65.359299
v 15.000000 1.232624 65.544130
v 15.000000 0.432729 64.568474
v 15.000000 1.145822 54.547606
v 15.000000 0.976615 54.735132
v 15.000000 4.515856 52.395460
v 15.000000 13.343622 55.125735
v 15.000000 13.186587 54.927905
v 15.000000 13.907058 55.963597
v 15.000000 13.776192 55.747563
v 15.000000 14.997757 59.810575
v 15.000000 14.987791 59.558192
v 15.000000 14.928082 61.070290
v 15.000000 14.957918 60.819479
v 15.000000 13.419778 64.773516
v 15.000000 13.567271 64.568474
v 15.000000 11.411692 66.673603
v 15.000000 10.535950 67.176145
v 15.000000 8.876772 67.776743
v 15.000000 9.121337 67.713620
v 15.000000 7.378744 67.991030
v 15.000000 4.158620 67.478406
v 15.000000 3.692353 67.284193
v 15.000000 2.175959 66.381899
v 15.000000 1.976896 66.226430
v 15.000000 1.782840 66.064754
v 15.000000 -0.409031 63.017658
v 15.000000 -0.310075 63.250047
v 15.000000 10.422225 52.768930
v 15.000000 10.192244 52.664499
v 15.000000 10.871725 52.999304
v 15.000000 10.648793 52.880568
v 15.000000 13.494334 55.328423
v 15.000000 14.031039 56.183655
v 15.000000 14.999751 60.063147
v 15.000000 14.969863 59.306249
v 15.000000 14.979821 60.567850
v 15.000000 14.993770 60.315656
v 15.000000 12.023104 66.226430
v 15.000000 11.824041 66.381899
v 15.000000 11.620169 66.531006
v 15.000000 11.198817 66.809547
v 15.000000 10.760728 67.060944
v 15.000000 10.981757 66.938704
v 15.000000 10.307647 67.284193
v 15.000000 10.076047 67.384980
v 15.000000 9.363788 67.642808
v 15.000000 8.630336 67.832114
v 15.000000 8.382275 67.879677
v 15.000000 7.630820 67.975090
v 15.000000 6.621256 67.991030
v 15.000000 4.396118 67.564377
v 15.000000 4.636212 67.642808
v 15.000000 3.464050 67.176145
v 15.000000 3.239272 67.060944
v 15.000000 0.157522 64.144936
v 15.000000 0.291782 64.358877
v 15.000000 -0.203832 63.479195
v 15.000000 -0.090409 63.704876
v 15.000000 5.992322 52.063717
v 15.000000 5.742288 52.099484
v 15.000000 11.305791 53.257585
v 15.000000 11.090797 53.125018
v 15.000000 11.924186 53.695050
v 15.000000 11.722694 53.542743
v 15.000000 12.854178 54.547606
v 15.000000 12.679136 54.365516
v 15.000000 13.023385 54.735132
v 15.000000 13.638572 55.535768
v 15.000000 14.257858 56.634960
v 15.000000 14.148011 56.407517
v 15.000000 14.696635 57.817843
v 15.000000 14.623911 57.575959
v 15.000000 14.819001 58.307893
v 15.000000 14.761686 58.061902
v 15.000000 14.910198 58.804689
v 15.000000 14.868521 58.555571
v 15.000000 14.943990 59.054998
v 15.000000 9.841380 67.478406
v 15.000000 7.882268 67.951201
v 15.000000 8.132836 67.919386
v 15.000000 6.369180 67.975090
v 15.000000 6.117732 67.951201
v 15.000000 3.018243 66.938704
v 15.000000 2.801183 66.809547
v 15.000000 1.593985 65.897034
v 15.000000 1.410519 65.723434
v 15.000000 0.030083 63.926863
v 15.000000 5.493507 52.143125
v 15.000000 11.516493 53.396873
v 15.000000 14.543588 57.336491
v 15.000000 9.603882 67.564377
v 15.000000 5.867164 67.919386
v 15.000000 4.878663 67.713620
v 15.000000 7.504845 52.015945
v 15.000000 7.252548 52.003987
v 15.000000 9.959082 52.567381
v 15.000000 9.722970 52.477671
v 15.000000 12.312249 54.018361
v 15.000000 12.120770 53.853642
v 15.000000 14.455745 57.099678
v 15.000000 14.360470 56.865757
v 15.000000 5.617725 67.879677
v 15.000000 5.369664 67.832114
v 15.000000 5.123228 67.776743
v 15.000000 7.756638 52.035862
v 15.000000 8.257712 52.099484
v 15.000000 8.007678 52.063717
v 15.000000 12.498433 54.189042
v 15.000000 9.484144 52.395460
v 15.000000 9.242842 52.320829
v 15.000000 6.243362 52.035862
v 15.000000 6.747452 52.003987
v 15.000000 6.495155 52.015945
v 15.000000 8.753773 52.194599
v 15.000000 8.506493 52.143125
v 15.000000 8.999304 52.253854
v 15.000000 7.000000 52.000000
v 5.000000 6.926168 57.250991
v 5.000000 7.000000 57.250000
v 5.000000 7.073832 57.250991
v 5.000000 6.778717 57.258917
v 5.000000 7.221283 57.258917
v 5.000000 7.368096 57.274747
v 5.000000 7.513848 57.298434
v 5.000000 6.631904 57.274747
v 5.000000 6.341882 57.329910
v 5.000000 6.486152 57.298434
v 5.000000 5.657097 57.600185
v 5.000000 5.787847 57.531562
v 5.000000 7.658118 57.329910
v 5.000000 6.059445 57.415845
v 5.000000 6.199509 57.369085
v 5.000000 5.530219 57.675727
v 5.000000 4.869836 58.260775
v 5.000000 4.966263 58.148943
v 5.000000 7.800491 57.369085
v 5.000000 7.940555 57.415845
v 5.000000 5.407579 57.757971
v 5.000000 5.068553 58.042447
v 5.000000 5.922092 57.470057
v 5.000000 5.176413 57.941595
v 5.000000 5.289530 57.846679
v 5.000000 4.779552 58.377623
v 5.000000 8.931447 58.042447
v 5.000000 9.033737 58.148943
v 5.000000 8.469781 57.675727
v 5.000000 8.592421 57.757971
v 5.000000 8.077908 57.470057
v 5.000000 8.212153 57.531562
v 5.000000 7.294796 62.734154
v 5.000000 7.441131 62.714388
v 5.000000 7.586194 62.686797
v 5.000000 9.130164 58.260775
v 5.000000 9.220448 58.377623
v 5.000000 8.823587 57.941595
v 5.000000 8.710470 57.846679
v 5.000000 8.342903 57.600185
v 5.000000 6.558869 62.714388
v 5.000000 6.413806 62.686797
v 5.000000 6.705204 62.734154
v 5.000000 6.852389 62.746036
v 5.000000 7.147611 62.746036
v 5.000000 7.729567 62.651458
v 5.000000 8.531653 62.283974
v 5.000000 9.381570 58.625000
v 5.000000 9.451942 58.754817
v 5.000000 9.304331 58.499148
v 5.000000 6.129163 62.608475
v 5.000000 6.270433 62.651458
v 5.000000 7.000000 62.750000
v 5.000000 7.870837 62.608475
v 5.000000 8.009596 62.557971
v 5.000000 8.145444 62.500092
v 5.000000 8.277989 62.435004
v 5.000000 8.406849 62.362896
v 5.000000 9.661014 59.306095
v 5.000000 9.694424 59.449929
v 5.000000 9.619931 59.164261
v 5.000000 4.618430 58.625000
v 5.000000 4.695669 58.499148
v 5.000000 4.484756 58.888224
v 5.000000 4.548058 58.754817
v 5.000000 4.279934 59.595350
v 5.000000 4.305576 59.449929
v 5.000000 4.515511 61.178905
v 5.000000 4.455813 61.043846
v 5.000000 5.990404 62.557971
v 5.000000 5.854556 62.500092
v 5.000000 9.720066 59.595350
v 5.000000 9.515244 58.888224
v 5.000000 9.571295 59.024837
v 5.000000 4.291779 60.477532
v 5.000000 4.270051 60.331476
v 5.000000 4.403451 60.905778
v 5.000000 4.358575 60.765098
v 5.000000 4.582373 61.310564
v 5.000000 4.917299 61.795788
v 5.000000 4.823910 61.681407
v 5.000000 5.016693 61.904992
v 5.000000 5.121806 62.008703
v 5.000000 5.232334 62.106622
v 5.000000 5.347959 62.198468
v 5.000000 5.593151 62.362896
v 5.000000 5.468347 62.283974
v 5.000000 5.722011 62.435004
v 5.000000 8.767666 62.106622
v 5.000000 8.652041 62.198468
v 5.000000 8.878194 62.008703
v 5.000000 8.983307 61.904992
v 5.000000 9.082701 61.795788
v 5.000000 9.596549 60.905778
v 5.000000 9.544187 61.043846
v 5.000000 9.678685 60.622212
v 5.000000 9.641425 60.765098
v 5.000000 9.743806 60.184464
v 5.000000 9.729949 60.331476
v 5.000000 4.380069 59.164261
v 5.000000 4.428705 59.024837
v 5.000000 4.338986 59.306095
v 5.000000 4.252230 59.889269
v 5.000000 4.262135 59.741937
v 5.000000 4.256194 60.184464
v 5.000000 4.321315 60.622212
v 5.000000 4.656205 61.438445
v 5.000000 9.176090 61.681407
v 5.000000 9.484489 61.178905
v 5.000000 9.708221 60.477532
v 5.000000 9.749752 60.036919
v 5.000000 9.737865 59.741937
v 5.000000 4.250248 60.036919
v 5.000000 4.736794 61.562178
v 5.000000 9.263206 61.562178
v 5.000000 9.417627 61.310564
v 5.000000 9.747770 59.889269
v 5.000000 9.343795 61.438445
v 11.000000 7.000000 62.750000
v 11.000000 6.852389 62.746036
v 11.000000 6.705204 62.734154
v 11.000000 6.558869 62.714388
v 11.000000 6.413806 62.686797
v 11.000000 6.270433 62.651458
v 11.000000 6.129163 62.608475
v 11.000000 5.990404 62.557971
v 11.000000 5.854556 62.500092
v 11.000000 5.722011 62.435004
v 11.000000 5.593151 62.362896
v 11.000000 5.468347 62.283974
v 11.000000 5.347959 62.198468
v 11.000000 5.232334 62.106622
v 11.000000 5.121806 62.008703
v 11.000000 5.016693 61.904992
v 11.000000 4.917299 61.795788
v 11.000000 4.823910 61.681407
v 11.000000 4.736794 61.562178
v 11.000000 4.656205 61.438445
v 11.000000 4.582373 61.310564
v 11.000000 4.515511 61.178905
v 11.000000 4.455813 61.043846
v 11.000000 4.403451 60.905778
v 11.000000 4.358575 60.765098
v 11.000000 4.321315 60.622212
v 11.000000 4.291779 60.477532
v 11.000000 4.270051 60.331476
v 11.000000 4.256194 60.184464
v 11.000000 4.250248 60.036919
v 11.000000 4.252230 59.889269
v 11.000000 4.262135 59.741937
v 11.000000 4.279934 59.595350
v 11.000000 4.305576 59.449929
v 11.000000 4.338986 59.306095
v 11.000000 4.380069 59.164261
v 11.000000 4.428705 59.024837
v 11.000000 4.484756 58.888224
v 11.000000 4.548058 58.754817
v 11.000000 4.618430 58.625000
v 11.000000 4.695669 58.499148
v 11.000000 4.779552 58.377623
v 11.000000 4.869836 58.260775
v 11.000000 4.966263 58.148943
v 11.000000 5.068553 58.042447
v 11.000000 5.176413 57.941595
v 11.000000 5.289530 57.846679
v 11.000000 5.407579 57.757971
v 11.000000 5.530219 57.675727
v 11.000000 5.657097 57.600185
v 11.000000 5.787847 57.531562
v 11.000000 5.922092 57.470057
v 11.000000 6.059445 57.415845
v 11.000000 6.199509 57.369085
v 11.000000 6.341882 57.329910
v 11.000000 6.486152 57.298434
v 11.000000 6.631904 57.274747
v 11.000000 6.778717 57.258917
v 11.000000 6.926168 57.250991
v 11.000000 7.073832 57.250991
v 11.000000 7.221283 57.258917
v 11.000000 7.368096 57.274747
v 11.000000 7.513848 57.298434
v 11.000000 7.658118 57.329910
v 11.000000 7.800491 57.369085
v 11.000000 7.940555 57.415845
v 11.000000 8.077908 57.470057
v 11.000000 8.212153 57.531562
v 11.000000 8.342903 57.600185
v 11.000000 8.469781 57.675727
v 11.000000 8.592421 57.757971
v 11.000000 8.710470 57.846679
v 11.000000 8.823587 57.941595
v 11.000000 8.931447 58.042447
v 11.000000 9.033737 58.148943
v 11.000000 9.130164 58.260775
v 11.000000 9.220448 58.377623
v 11.000000 9.304331 58.499148
v 11.000000 9.381570 58.625000
v 11.000000 9.451942 58.754817
v 11.000000 9.515244 58.888224
v 11.000000 9.571295 59.024837
v 11.000000 9.619931 59.164261
v 11.000000 9.661014 59.306095
v 11.000000 9.694424 59.449929
v 11.000000 9.720066 59.595350
v 11.000000 9.737865 59.741937
v 11.000000 9.747770 59.889269
v 11.000000 9.749752 60.036919
v 11.000000 9.743806 60.184464
v 11.000000 9.729949 60.331476
v 11.000000 9.708221 60.477532
v 11.000000 9.678685 60.622212
v 11.000000 9.641425 60.765098
v 11.000000 9.596549 60.905778
v 11.000000 9.544187 61.043846
v 11.000000 9.484489 61.178905
v 11.000000 9.417627 61.310564
v 11.000000 9.343795 61.438445
v 11.000000 9.263206 61.562178
v 11.000000 9.176090 61.681407
v 11.000000 9.082701 61.795788
v 11.000000 8.983307 61.904992
v 11.000000 8.878194 62.008703
v 11.000000 8.767666 62.106622
v 11.000000 8.652041 62.198468
v 11.000000 8.531653 62.283974
v 11.000000 8.406849 62.362896
v 11.000000 8.277989 62.435004
v 11.000000 8.145444 62.500092
v 11.000000 8.009596 62.557971
v 11.000000 7.870837 62.608475
v 11.000000 7.729567 62.651458
v 11.000000 7.586194 62.686797
v 11.000000 7.441131 62.714388
v 11.000000 7.294796 62.734154
v 11.000000 7.147611 62.746036
v 11.000000 13.708218 64.358877
v 11.000000 13.567271 64.568474
v 11.000000 13.419778 64.773516
v 11.000000 13.842478 64.144936
v 11.000000 12.939521 65.359299
v 11.000000 12.767376 65.544130
v 11.000000 12.589481 65.723434
v 11.000000 14.500601 62.782262
v 11.000000 14.409031 63.017658
v 11.000000 14.310075 63.250047
v 11.000000 13.265885 64.973800
v 11.000000 13.105746 65.169126
v 11.000000 -0.943990 59.054998
v 11.000000 -0.910198 58.804689
v 11.000000 -0.868521 58.555571
v 11.000000 -0.696635 57.817843
v 11.000000 -0.623911 57.575959
v 11.000000 -0.543588 57.336491
v 11.000000 14.257858 56.634960
v 11.000000 14.543588 57.336491
v 11.000000 14.623911 57.575959
v 11.000000 14.696635 57.817843
v 11.000000 14.868521 58.555571
v 11.000000 14.910198 58.804689
v 11.000000 14.943990 59.054998
v 11.000000 14.997757 59.810575
v 11.000000 14.999751 60.063147
v 11.000000 14.993770 60.315656
v 11.000000 14.979821 60.567850
v 11.000000 14.957918 60.819479
v 11.000000 14.584695 62.544092
v 11.000000 14.090409 63.704876
v 11.000000 13.969917 63.926863
v 11.000000 12.406015 65.897034
v 11.000000 12.023104 66.226430
v 11.000000 11.824041 66.381899
v 11.000000 11.620169 66.531006
v 11.000000 -0.730124 62.060385
v 11.000000 -0.791314 61.815329
v 11.000000 -0.993770 60.315656
v 11.000000 -0.997757 59.810575
v 11.000000 -0.969863 59.306249
v 11.000000 -0.761686 58.061902
v 11.000000 14.031039 56.183655
v 11.000000 14.148011 56.407517
v 11.000000 14.360470 56.865757
v 11.000000 14.455745 57.099678
v 11.000000 14.819001 58.307893
v 11.000000 14.987791 59.558192
v 11.000000 14.928082 61.070290
v 11.000000 14.890343 61.320035
v 11.000000 14.203832 63.479195
v 11.000000 12.217160 66.064754
v 11.000000 -0.310075 63.250047
v 11.000000 -0.409031 63.017658
v 11.000000 -0.584695 62.544092
v 11.000000 -0.661228 62.303386
v 11.000000 -0.844738 61.568464
v 11.000000 -0.957918 60.819479
v 11.000000 -0.979821 60.567850
v 11.000000 -0.999751 60.063147
v 11.000000 -0.987791 59.558192
v 11.000000 -0.819001 58.307893
v 11.000000 -0.455745 57.099678
v 11.000000 -0.360470 56.865757
v 11.000000 13.907058 55.963597
v 11.000000 14.761686 58.061902
v 11.000000 14.969863 59.306249
v 11.000000 14.844738 61.568464
v 11.000000 14.791314 61.815329
v 11.000000 14.730124 62.060385
v 11.000000 11.411692 66.673603
v 11.000000 0.580222 64.773516
v 11.000000 0.432729 64.568474
v 11.000000 0.291782 64.358877
v 11.000000 0.030083 63.926863
v 11.000000 -0.090409 63.704876
v 11.000000 -0.203832 63.479195
v 11.000000 -0.928082 61.070290
v 11.000000 10.648793 52.880568
v 11.000000 10.871725 52.999304
v 11.000000 11.090797 53.125018
v 11.000000 11.305791 53.257585
v 11.000000 11.516493 53.396873
v 11.000000 12.120770 53.853642
v 11.000000 12.312249 54.018361
v 11.000000 12.498433 54.189042
v 11.000000 13.023385 54.735132
v 11.000000 13.186587 54.927905
v 11.000000 13.343622 55.125735
v 11.000000 0.734115 64.973800
v 11.000000 0.157522 64.144936
v 11.000000 -0.890343 61.320035
v 11.000000 -0.257858 56.634960
v 11.000000 -0.148011 56.407517
v 11.000000 -0.031039 56.183655
v 11.000000 2.483507 53.396873
v 11.000000 2.694209 53.257585
v 11.000000 2.909203 53.125018
v 11.000000 9.484144 52.395460
v 11.000000 9.722970 52.477671
v 11.000000 9.959082 52.567381
v 11.000000 10.422225 52.768930
v 11.000000 11.722694 53.542743
v 11.000000 11.924186 53.695050
v 11.000000 12.854178 54.547606
v 11.000000 13.776192 55.747563
v 11.000000 14.661228 62.303386
v 11.000000 -0.500601 62.782262
v 11.000000 0.223808 55.747563
v 11.000000 0.656378 55.125735
v 11.000000 0.813413 54.927905
v 11.000000 0.976615 54.735132
v 11.000000 2.277306 53.542743
v 11.000000 9.242842 52.320829
v 11.000000 12.679136 54.365516
v 11.000000 13.494334 55.328423
v 11.000000 13.638572 55.535768
v 11.000000 10.981757 66.938704
v 11.000000 10.760728 67.060944
v 11.000000 10.535950 67.176145
v 11.000000 10.307647 67.284193
v 11.000000 10.076047 67.384980
v 11.000000 0.092942 55.963597
v 11.000000 0.361428 55.535768
v 11.000000 0.505666 55.328423
v 11.000000 1.501567 54.189042
v 11.000000 1.687751 54.018361
v 11.000000 1.879230 53.853642
v 11.000000 3.128275 52.999304
v 11.000000 7.504845 52.015945
v 11.000000 8.257712 52.099484
v 11.000000 8.506493 52.143125
v 11.000000 8.753773 52.194599
v 11.000000 10.192244 52.664499
v 11.000000 11.198817 66.809547
v 11.000000 1.410519 65.723434
v 11.000000 1.232624 65.544130
v 11.000000 1.145822 54.547606
v 11.000000 1.320864 54.365516
v 11.000000 3.351207 52.880568
v 11.000000 7.252548 52.003987
v 11.000000 7.756638 52.035862
v 11.000000 8.007678 52.063717
v 11.000000 9.841380 67.478406
v 11.000000 9.603882 67.564377
v 11.000000 9.363788 67.642808
v 11.000000 9.121337 67.713620
v 11.000000 8.876772 67.776743
v 11.000000 8.132836 67.919386
v 11.000000 7.882268 67.951201
v 11.000000 7.630820 67.975090
v 11.000000 7.126290 67.999003
v 11.000000 2.379831 66.531006
v 11.000000 2.175959 66.381899
v 11.000000 1.976896 66.226430
v 11.000000 1.782840 66.064754
v 11.000000 1.593985 65.897034
v 11.000000 1.060479 65.359299
v 11.000000 2.075814 53.695050
v 11.000000 3.577775 52.768930
v 11.000000 3.807756 52.664499
v 11.000000 4.040918 52.567381
v 11.000000 4.277030 52.477671
v 11.000000 4.515856 52.395460
v 11.000000 8.999304 52.253854
v 11.000000 8.382275 67.879677
v 11.000000 7.378744 67.991030
v 11.000000 6.873710 67.999003
v 11.000000 6.621256 67.991030
v 11.000000 6.369180 67.975090
v 11.000000 6.117732 67.951201
v 11.000000 5.867164 67.919386
v 11.000000 3.923953 67.384980
v 11.000000 3.692353 67.284193
v 11.000000 3.464050 67.176145
v 11.000000 3.018243 66.938704
v 11.000000 2.801183 66.809547
v 11.000000 2.588308 66.673603
v 11.000000 4.757158 52.320829
v 11.000000 5.000696 52.253854
v 11.000000 6.495155 52.015945
v 11.000000 6.747452 52.003987
v 11.000000 8.630336 67.832114
v 11.000000 5.123228 67.776743
v 11.000000 4.878663 67.713620
v 11.000000 4.636212 67.642808
v 11.000000 4.158620 67.478406
v 11.000000 3.239272 67.060944
v 11.000000 0.894254 65.169126
v 11.000000 5.246227 52.194599
v 11.000000 5.493507 52.143125
v 11.000000 5.742288 52.099484
v 11.000000 6.243362 52.035862
v 11.000000 7.000000 52.000000
v 11.000000 5.617725 67.879677
v 11.000000 5.369664 67.832114
v 11.000000 4.396118 67.564377
v 11.000000 5.992322 52.063717
usemtl supportMaterial0
f 1 2 3
f 4 1 5
f 6 4 7
f 8 6 9
f 10 8 11
f 12 10 13
f 14 12 15
f 16 14 17
f 18 16 19
f 20 18 21
f 22 20 23
f 24 22 25
f 26 24 27
f 28 26 29
f 30 28 31
f 32 30 33
f 34 32 35
f 36 34 37
f 38 36 39
f 40 38 41
f 42 40 43
f 44 42 45
f 46 44 47
f 48 46 49
f 50 48 51
f 52 50 53
f 54 52 55
f 56 54 57
f 58 56 59
f 60 58 61
f 62 60 63
f 64 62 65
f 66 64 67
f 68 66 69
f 70 68 71
f 72 70 73
f 74 72 75
f 76 74 77
f 78 76 79
f 80 78 81
f 82 80 83
f 84 82 85
f 86 84 87
f 88 86 89
f 90 88 91
f 92 90 93
f 94 92 95
f 96 94 97
f 98 96 99
f 100 98 101
f 102 100 103
f 104 102 105
f 106 104 107
f 108 106 109
f 110 108 111
f 112 110 113
f 114 112 115
f 116 114 117
f 118 116 119
f 120 118 121
f 122 120 123
f 124 122 125
f 126 124 127
f 128 126 129
f 130 128 131
f 132 130 133
f 134 132 135
f 136 134 137
f 138 136 139
f 140 138 141
f 142 140 143
f 144 142 145
f 146 144 147
f 148 146 149
f 150 148 151
f 152 150 153
f 154 152 155
f 156 154 157
f 158 156 159
f 160 158 161
f 162 160 163
f 164 162 165
f 166 164 167
f 168 166 169
f 170 168 171
f 172 170 173
f 174 172 175
f 176 177 178
f 177 179 178
f 180 179 177
f 181 180 182
f 183 181 184
f 185 183 186
f 187 185 188
f 189 187 190
f 191 189 192
f 193 191 194
f 195 193 196
f 197 195 198
f 199 197 200
f 201 199 202
f 203 201 204
f 205 203 206
f 207 205 208
f 209 207 210
f 211 209 212
f 213 211 214
f 215 213 216
f 217 215 218
f 219 217 220
f 221 219 222
f 223 221 224
f 225 223 226
f 227 225 228
f 229 227 230
f 231 229 232
f 233 231 234
f 2 233 235
f 235 3 2
f 234 235 233
f 232 234 231
f 230 232 229
f 228 230 227
f 226 228 225
f 224 226 223
f 222 224 221
f 220 222 219
f 218 220 217
f 216 218 215
f 214 216 213
f 212 214 211
f 210 212 209
f 208 210 207
f 206 208 205
f 204 206 203
f 202 204 201
f 200 202 199
f 198 200 197
f 196 198 195
f 194 196 193
f 192 194 191
f 190 192 189
f 188 190 187
f 186 188 185
f 184 186 183
f 182 184 181
f 177 182 180
f 178 174 176
f 175 176 174
f 173 175 172
f 171 173 170
f 169 171 168
f 167 169 166
f 165 167 164
f 163 165 162
f 161 163 160
f 159 161 158
f 157 159 156
f 155 157 154
f 153 155 152
f 151 153 150
f 149 151 148
f 147 149 146
f 145 147 144
f 143 145 142
f 141 143 140
f 139 141 138
f 137 139 136
f 135 137 134
f 133 135 132
f 131 133 130
f 129 131 128
f 127 129 126
f 125 127 124
f 123 125 122
f 121 123 120
f 119 121 118
f 117 119 116
f 115 117 114
f 113 115 112
f 111 113 110
f 109 111 108
f 107 109 106
f 105 107 104
f 103 105 102
f 101 103 100
f 99 101 98
f 97 99 96
f 95 97 94
f 93 95 92
f 91 93 90
f 89 91 88
f 87 89 86
f 85 87 84
f 83 85 82
f 81 83 80
f 79 81 78
f 77 79 76
f 75 77 74
f 73 75 72
f 71 73 70
f 69 71 68
f 67 69 66
f 65 67 64
f 63 65 62
f 61 63 60
f 59 61 58
f 57 59 56
f 55 57 54
f 53 55 52
f 51 53 50
f 49 51 48
f 47 49 46
f 45 47 44
f 43 45 42
f 41 43 40
f 39 41 38
f 37 39 36
f 35 37 34
f 33 35 32
f 31 33 30
f 29 31 28
f 27 29 26
f 25 27 24
f 23 25 22
f 21 23 20
f 19 21 18
f 17 19 16
f 15 17 14
f 13 15 12
f 11 13 10
f 9 11 8
f 7 9 6
f 5 7 4
f 3 5 1
f 54 236 237
f 237 238 54
f 238 239 54
f 236 54 56
f 56 240 241
f 240 56 58
f 56 242 236
f 241 243 56
f 243 242 56
f 8 244 245
f 246 78 80
f 247 76 78
f 58 60 240
f 239 50 52
f 239 46 48
f 10 248 249
f 245 250 8
f 251 252 253
f 246 86 88
f 246 82 84
f 78 246 247
f 80 82 246
f 247 70 72
f 247 66 68
f 248 22 254
f 22 255 256
f 240 62 64
f 60 62 240
f 48 50 239
f 52 54 239
f 239 42 44
f 239 32 34
f 239 28 30
f 239 24 26
f 249 257 10
f 257 258 10
f 250 259 8
f 251 260 252
f 88 90 246
f 68 70 247
f 248 261 262
f 248 263 264
f 256 254 22
f 22 239 265
f 44 46 239
f 239 36 38
f 30 32 239
f 239 22 24
f 26 28 239
f 266 267 268
f 258 269 10
f 259 270 8
f 251 271 260
f 102 272 273
f 102 104 274
f 246 96 98
f 246 92 94
f 84 86 246
f 72 74 247
f 262 275 248
f 275 276 248
f 264 277 248
f 248 278 279
f 265 255 22
f 66 247 280
f 38 40 239
f 40 42 239
f 247 281 282
f 266 283 267
f 284 285 286
f 287 288 289
f 290 291 292
f 293 294 295
f 269 296 10
f 270 297 8
f 298 299 300
f 251 301 271
f 302 303 304
f 302 305 306
f 274 272 102
f 100 102 307
f 94 96 246
f 74 76 247
f 277 261 248
f 254 278 248
f 280 240 66
f 34 36 239
f 247 308 281
f 266 309 283
f 284 310 285
f 287 311 288
f 312 313 314
f 290 315 291
f 316 317 318
f 316 319 320
f 321 318 322
f 323 324 325
f 326 327 328
f 329 330 331
f 293 332 333
f 295 334 293
f 335 336 337
f 335 333 338
f 297 339 8
f 340 183 185
f 341 342 343
f 110 344 345
f 298 346 299
f 251 347 301
f 302 348 303
f 304 349 302
f 302 350 305
f 306 348 302
f 106 108 351
f 104 106 352
f 307 246 100
f 90 92 246
f 279 263 248
f 247 353 308
f 266 354 309
f 284 355 310
f 287 356 311
f 312 357 313
f 290 358 315
f 320 317 316
f 322 359 321
f 325 360 323
f 328 361 326
f 329 362 294
f 331 363 329
f 334 332 293
f 338 336 335
f 296 364 10
f 339 365 8
f 366 367 185
f 185 367 340
f 368 181 183
f 369 178 179
f 370 174 178
f 343 371 341
f 341 372 373
f 341 374 375
f 110 376 344
f 377 378 379
f 298 380 346
f 251 381 347
f 302 382 383
f 351 384 106
f 352 385 104
f 98 100 246
f 64 66 240
f 247 386 353
f 266 387 354
f 284 388 355
f 287 389 356
f 312 390 357
f 290 391 358
f 316 392 319
f 316 292 393
f 321 394 324
f 359 395 321
f 323 396 327
f 360 397 323
f 326 398 330
f 361 399 326
f 363 362 329
f 337 400 335
f 400 401 402
f 400 337 403
f 10 404 244
f 364 405 10
f 8 406 407
f 365 408 8
f 6 407 409
f 187 410 366
f 183 411 368
f 412 179 180
f 178 369 370
f 413 414 172
f 415 170 172
f 341 416 417
f 341 418 342
f 341 419 420
f 341 421 422
f 341 423 372
f 341 424 425
f 375 426 341
f 341 427 428
f 341 429 430
f 341 431 432
f 110 433 376
f 377 434 378
f 377 435 436
f 298 437 380
f 298 377 438
f 251 439 381
f 251 298 440
f 383 350 302
f 302 251 441
f 248 442 443
f 385 274 104
f 247 246 386
f 266 282 387
f 284 444 388
f 287 445 389
f 312 446 390
f 290 447 391
f 393 392 316
f 395 394 321
f 397 396 323
f 399 398 326
f 333 335 293
f 403 401 400
f 448 449 450
f 448 402 451
f 452 453 454
f 455 456 457
f 458 459 460
f 461 462 463
f 405 404 10
f 408 406 8
f 409 464 6
f 4 465 466
f 467 468 207
f 469 205 207
f 470 471 201
f 472 473 191
f 474 189 191
f 410 187 189
f 340 411 183
f 475 476 180
f 179 412 369
f 174 370 413
f 172 414 415
f 477 478 168
f 479 480 166
f 481 164 166
f 482 483 144
f 484 485 138
f 486 136 138
f 341 487 416
f 420 418 341
f 373 421 341
f 341 488 489
f 341 490 424
f 341 491 374
f 341 492 493
f 428 494 341
f 341 495 429
f 432 496 341
f 497 498 499
f 500 501 499
f 502 503 504
f 505 506 504
f 507 508 509
f 110 510 433
f 436 434 377
f 438 437 298
f 440 439 251
f 441 382 302
f 349 511 512
f 443 349 248
f 443 513 349
f 273 307 102
f 268 284 266
f 248 16 18
f 284 268 444
f 287 286 445
f 312 289 446
f 290 314 447
f 324 323 321
f 330 329 326
f 402 448 400
f 451 449 448
f 452 450 453
f 455 454 456
f 458 457 459
f 461 460 462
f 407 6 8
f 6 514 465
f 464 515 6
f 4 516 517
f 466 518 4
f 1 519 520
f 1 517 521
f 522 211 213
f 523 524 209
f 209 524 467
f 207 468 469
f 525 526 203
f 203 526 470
f 527 199 201
f 528 193 195
f 193 528 472
f 191 473 474
f 185 187 366
f 181 368 475
f 172 174 413
f 168 170 477
f 168 478 479
f 166 480 481
f 529 530 162
f 531 160 162
f 532 146 148
f 146 532 482
f 533 142 144
f 140 534 484
f 138 485 486
f 371 487 341
f 489 423 341
f 426 490 341
f 341 535 492
f 341 536 427
f 496 495 341
f 537 538 539
f 538 537 497
f 499 498 500
f 540 541 501
f 541 540 502
f 504 503 505
f 542 543 544
f 545 546 544
f 547 548 546
f 548 547 507
f 549 550 509
f 110 551 510
f 435 552 553
f 435 554 555
f 300 440 298
f 349 556 511
f 282 266 247
f 18 20 248
f 289 312 287
f 292 316 290
f 327 326 323
f 450 452 448
f 457 458 455
f 463 557 461
f 244 8 10
f 515 514 6
f 518 516 4
f 521 519 1
f 558 559 560
f 213 561 522
f 207 209 467
f 203 205 525
f 201 471 527
f 562 563 197
f 564 195 197
f 191 193 472
f 189 565 410
f 180 476 412
f 166 168 479
f 162 164 529
f 162 530 531
f 566 567 150
f 568 148 150
f 144 146 482
f 144 483 533
f 569 534 140
f 486 570 136
f 422 419 341
f 493 491 341
f 430 536 341
f 499 538 497
f 501 571 540
f 505 572 506
f 573 574 506
f 574 573 542
f 544 543 545
f 509 548 507
f 509 508 549
f 575 576 577
f 578 579 577
f 580 581 582
f 583 584 582
f 585 586 587
f 588 589 590
f 588 585 591
f 110 592 551
f 555 552 435
f 253 441 251
f 349 593 594
f 513 556 349
f 20 22 248
f 314 290 312
f 294 293 329
f 460 461 458
f 465 4 6
f 520 2 1
f 557 595 596
f 558 597 598
f 558 599 600
f 560 601 558
f 601 602 558
f 229 603 604
f 227 605 606
f 607 608 217
f 609 610 215
f 209 211 523
f 201 203 470
f 199 527 562
f 197 563 564
f 474 565 189
f 415 477 170
f 531 611 160
f 612 158 160
f 152 613 566
f 150 567 568
f 533 569 142
f 138 140 484
f 417 614 341
f 494 535 341
f 500 571 501
f 506 572 573
f 545 615 546
f 549 616 550
f 617 618 575
f 577 576 578
f 619 620 580
f 582 581 583
f 586 621 622
f 587 623 585
f 591 589 588
f 110 624 592
f 379 438 377
f 512 593 349
f 286 287 284
f 454 455 452
f 248 12 14
f 517 1 4
f 557 463 595
f 625 596 626
f 627 628 629
f 630 629 558
f 558 631 632
f 598 633 558
f 558 634 599
f 558 635 636
f 602 635 558
f 2 637 638
f 2 520 639
f 233 640 641
f 229 642 603
f 227 604 605
f 225 643 644
f 221 645 646
f 219 646 607
f 217 608 609
f 647 561 213
f 469 525 205
f 564 648 195
f 180 181 475
f 160 611 612
f 649 650 156
f 651 154 156
f 568 652 148
f 140 142 569
f 425 488 341
f 653 654 539
f 504 541 502
f 546 615 547
f 618 617 550
f 578 655 579
f 620 619 579
f 583 656 584
f 657 658 659
f 660 658 661
f 621 662 663
f 622 664 586
f 590 665 588
f 110 666 624
f 666 110 112
f 594 302 349
f 248 276 667
f 318 321 316
f 10 12 248
f 626 668 625
f 668 626 669
f 670 671 672
f 673 672 674
f 675 674 628
f 629 630 627
f 558 676 677
f 633 631 558
f 558 678 679
f 558 680 634
f 558 681 682
f 558 683 684
f 639 637 2
f 233 638 640
f 231 685 642
f 606 225 227
f 225 606 643
f 223 644 686
f 221 686 645
f 215 217 609
f 215 610 647
f 197 199 562
f 481 529 164
f 158 612 649
f 156 650 651
f 613 152 154
f 148 652 532
f 539 341 653
f 544 574 542
f 577 617 575
f 582 619 580
f 659 687 657
f 661 688 660
f 662 689 690
f 663 691 621
f 623 591 585
f 554 588 665
f 112 692 666
f 108 110 693
f 667 442 248
f 14 16 248
f 669 694 668
f 694 669 695
f 670 695 671
f 628 696 675
f 558 677 630
f 679 597 558
f 682 680 558
f 636 683 558
f 641 231 233
f 231 641 685
f 644 223 225
f 646 219 221
f 213 215 647
f 195 648 528
f 651 697 154
f 150 152 566
f 698 130 132
f 692 116 118
f 539 654 537
f 579 655 620
f 687 659 584
f 688 699 660
f 689 660 699
f 690 700 662
f 664 587 586
f 665 701 554
f 693 351 108
f 384 352 106
f 695 670 694
f 674 675 673
f 632 676 558
f 684 681 558
f 642 229 231
f 686 221 223
f 522 523 211
f 154 697 613
f 702 703 132
f 132 703 698
f 704 705 128
f 692 122 124
f 692 114 116
f 550 616 618
f 657 661 658
f 700 663 662
f 701 555 554
f 553 436 435
f 672 673 670
f 600 678 558
f 431 341 559
f 604 227 229
f 156 158 649
f 570 706 134
f 134 706 702
f 128 130 704
f 692 126 128
f 692 120 122
f 692 112 114
f 584 656 687
f 691 622 621
f 596 625 557
f 559 558 431
f 627 696 628
f 217 219 607
f 132 134 702
f 128 705 692
f 118 120 692
f 699 690 689
f 134 136 570
f 124 126 692
f 345 693 110
f 698 704 130
f 638 233 2
f 614 653 341
f 609 707 708
f 610 708 709
f 647 709 710
f 561 710 711
f 522 711 712
f 523 712 713
f 524 713 714
f 467 714 715
f 468 715 716
f 469 716 717
f 525 717 718
f 526 718 719
f 470 719 720
f 471 720 721
f 527 721 722
f 562 722 723
f 563 723 724
f 564 724 725
f 648 725 726
f 528 726 727
f 472 727 728
f 473 728 729
f 474 729 730
f 565 730 731
f 410 731 732
f 366 732 733
f 367 733 734
f 340 734 735
f 411 735 736
f 368 736 737
f 475 737 738
f 476 738 739
f 412 739 740
f 369 740 741
f 370 741 742
f 413 742 743
f 414 743 744
f 415 744 745
f 477 745 746
f 478 746 747
f 479 747 748
f 480 748 749
f 481 749 750
f 529 750 751
f 530 751 752
f 531 752 753
f 611 753 754
f 612 754 755
f 649 755 756
f 650 756 757
f 651 757 758
f 697 758 759
f 613 759 760
f 566 760 761
f 567 761 762
f 568 762 763
f 652 763 764
f 532 764 765
f 482 765 766
f 483 766 767
f 533 767 768
f 569 768 769
f 534 769 770
f 484 770 771
f 485 771 772
f 486 772 773
f 570 773 774
f 706 774 775
f 702 775 776
f 703 776 777
f 698 777 778
f 704 778 779
f 705 779 780
f 780 692 705
f 779 705 704
f 778 704 698
f 777 698 703
f 776 703 702
f 775 702 706
f 774 706 570
f 773 570 486
f 772 486 485
f 771 485 484
f 770 484 534
f 769 534 569
f 768 569 533
f 767 533 483
f 766 483 482
f 765 482 532
f 764 532 652
f 763 652 568
f 762 568 567
f 761 567 566
f 760 566 613
f 759 613 697
f 758 697 651
f 757 651 650
f 756 650 649
f 755 649 612
f 754 612 611
f 753 611 531
f 752 531 530
f 751 530 529
f 750 529 481
f 749 481 480
f 748 480 479
f 747 479 478
f 746 478 477
f 745 477 415
f 744 415 414
f 743 414 413
f 742 413 370
f 741 370 369
f 740 369 412
f 739 412 476
f 738 476 475
f 737 475 368
f 736 368 411
f 735 411 340
f 734 340 367
f 733 367 366
f 732 366 410
f 731 410 565
f 730 565 474
f 729 474 473
f 728 473 472
f 727 472 528
f 726 528 648
f 725 648 564
f 724 564 563
f 723 563 562
f 722 562 527
f 721 527 471
f 720 471 470
f 719 470 526
f 718 526 525
f 717 525 469
f 716 469 468
f 715 468 467
f 714 467 524
f 713 524 523
f 712 523 522
f 711 522 561
f 710 561 647
f 709 647 610
f 708 610 609
f 431 781 782
f 432 782 783
f 496 783 784
f 495 784 785
f 429 785 786
f 430 786 787
f 536 787 788
f 427 788 789
f 428 789 790
f 494 790 791
f 535 791 792
f 492 792 793
f 493 793 794
f 491 794 795
f 374 795 796
f 375 796 797
f 426 797 798
f 490 798 799
f 424 799 800
f 425 800 801
f 488 801 802
f 489 802 803
f 423 803 804
f 372 804 805
f 373 805 806
f 421 806 807
f 422 807 808
f 419 808 809
f 420 809 810
f 418 810 811
f 342 811 812
f 343 812 813
f 371 813 814
f 487 814 815
f 416 815 816
f 417 816 817
f 614 817 818
f 653 818 819
f 654 819 820
f 537 820 821
f 497 821 822
f 498 822 823
f 500 823 824
f 571 824 825
f 540 825 826
f 502 826 827
f 503 827 828
f 505 828 829
f 572 829 830
f 573 830 831
f 542 831 832
f 543 832 833
f 545 833 834
f 615 834 835
f 547 835 836
f 507 836 837
f 508 837 838
f 549 838 839
f 616 839 840
f 618 840 841
f 575 841 842
f 576 842 843
f 578 843 844
f 655 844 845
f 620 845 846
f 580 846 847
f 581 847 848
f 583 848 849
f 656 849 850
f 850 687 656
f 849 656 583
f 848 583 581
f 847 581 580
f 846 580 620
f 845 620 655
f 844 655 578
f 843 578 576
f 842 576 575
f 841 575 618
f 840 618 616
f 839 616 549
f 838 549 508
f 837 508 507
f 836 507 547
f 835 547 615
f 834 615 545
f 833 545 543
f 832 543 542
f 831 542 573
f 830 573 572
f 829 572 505
f 828 505 503
f 827 503 502
f 826 502 540
f 825 540 571
f 824 571 500
f 823 500 498
f 822 498 497
f 821 497 537
f 820 537 654
f 819 654 653
f 818 653 614
f 817 614 417
f 816 417 416
f 815 416 487
f 814 487 371
f 813 371 343
f 812 343 342
f 811 342 418
f 810 418 420
f 809 420 419
f 808 419 422
f 807 422 421
f 806 421 373
f 805 373 372
f 804 372 423
f 803 423 489
f 802 489 488
f 801 488 425
f 800 425 424
f 799 424 490
f 798 490 426
f 797 426 375
f 796 375 374
f 795 374 491
f 794 491 493
f 793 493 492
f 792 492 535
f 791 535 494
f 790 494 428
f 789 428 427
f 788 427 536
f 787 536 430
f 786 430 429
f 785 429 495
f 784 495 496
f 783 496 432
f 782 432 431
f 392 393 851
f 852 319 392
f 853 320 319
f 854 317 320
f 855 318 317
f 856 322 318
f 857 359 322
f 858 395 359
f 859 394 395
f 860 324 394
f 861 325 324
f 862 360 325
f 863 397 360
f 864 396 397
f 865 327 396
f 866 328 327
f 361 328 866
f 867 399 361
f 868 398 399
f 330 398 868
f 869 331 330
f 363 331 869
f 870 362 363
f 871 294 362
f 872 295 294
f 873 334 295
f 874 332 334
f 875 333 332
f 876 338 333
f 877 336 338
f 878 337 336
f 879 403 337
f 880 401 403
f 881 402 401
f 882 451 402
f 883 449 451
f 450 449 883
f 884 453 450
f 885 454 453
f 886 456 454
f 887 457 456
f 888 459 457
f 889 460 459
f 890 462 460
f 891 463 462
f 595 463 891
f 892 596 595
f 893 626 596
f 894 669 626
f 895 695 669
f 896 671 695
f 672 671 896
f 897 674 672
f 898 628 674
f 899 629 628
f 900 558 629
f 781 431 558
f 558 900 781
f 629 899 900
f 628 898 899
f 674 897 898
f 672 901 897
f 896 901 672
f 695 895 896
f 669 894 895
f 626 893 894
f 596 892 893
f 595 902 892
f 891 902 595
f 462 890 891
f 460 889 890
f 459 888 889
f 457 887 888
f 456 886 887
f 454 885 886
f 453 884 885
f 450 903 884
f 883 903 450
f 451 882 883
f 402 881 882
f 401 880 881
f 403 879 880
f 337 878 879
f 336 877 878
f 338 876 877
f 333 875 876
f 332 874 875
f 334 873 874
f 295 872 873
f 294 871 872
f 362 870 871
f 363 904 870
f 869 904 363
f 330 905 869
f 868 905 330
f 399 867 868
f 361 906 867
f 866 906 361
f 327 865 866
f 396 864 865
f 397 863 864
f 360 862 863
f 325 861 862
f 324 860 861
f 394 859 860
f 395 858 859
f 359 857 858
f 322 856 857
f 318 855 856
f 317 854 855
f 320 853 854
f 319 852 853
f 392 907 852
f 851 907 392
f 908 666 692
f 909 624 666
f 910 592 624
f 551 592 910
f 911 510 551
f 912 433 510
f 376 433 912
f 913 344 376
f 914 345 344
f 915 693 345
f 916 351 693
f 917 384 351
f 918 352 384
f 919 385 352
f 920 274 385
f 921 272 274
f 922 273 272
f 923 307 273
f 924 246 307
f 925 386 246
f 926 353 386
f 927 308 353
f 928 281 308
f 929 282 281
f 930 387 282
f 931 354 387
f 932 309 354
f 933 283 309
f 934 267 283
f 935 268 267
f 936 444 268
f 937 388 444
f 938 355 388
f 939 310 355
f 940 285 310
f 941 286 285
f 942 445 286
f 943 389 445
f 944 356 389
f 945 311 356
f 946 288 311
f 947 289 288
f 948 446 289
f 390 446 948
f 949 357 390
f 950 313 357
f 951 314 313
f 952 447 314
f 953 391 447
f 954 358 391
f 955 315 358
f 956 291 315
f 957 292 291
f 393 292 957
f 957 851 393
f 291 956 957
f 315 955 956
f 358 954 955
f 391 953 954
f 447 952 953
f 314 951 952
f 313 950 951
f 357 949 950
f 390 958 949
f 948 958 390
f 289 947 948
f 288 946 947
f 311 945 946
f 356 944 945
f 389 943 944
f 445 942 943
f 286 941 942
f 285 940 941
f 310 939 940
f 355 938 939
f 388 937 938
f 444 936 937
f 268 935 936
f 267 934 935
f 283 933 934
f 309 932 933
f 354 931 932
f 387 930 931
f 282 929 930
f 281 928 929
f 308 927 928
f 353 926 927
f 386 925 926
f 246 924 925
f 307 923 924
f 273 922 923
f 272 921 922
f 274 920 921
f 385 919 920
f 352 918 919
f 384 917 918
f 351 916 917
f 693 915 916
f 345 914 915
f 344 913 914
f 376 959 913
f 912 959 376
f 510 911 912
f 551 960 911
f 910 960 551
f 624 909 910
f 666 908 909
f 692 780 908
f 588 554 961
f 585 588 962
f 586 585 963
f 621 586 964
f 662 621 965
f 689 662 966
f 660 689 967
f 658 660 968
f 659 658 969
f 584 659 970
f 582 584 971
f 619 582 972
f 579 619 973
f 577 579 974
f 617 577 975
f 550 617 976
f 509 550 977
f 548 509 978
f 546 548 979
f 544 546 980
f 574 544 981
f 506 574 982
f 504 506 983
f 541 504 984
f 501 541 985
f 499 501 986
f 538 499 987
f 539 538 988
f 341 539 989
f 559 341 990
f 560 559 991
f 601 560 992
f 602 601 993
f 635 602 994
f 636 635 995
f 683 636 996
f 684 683 997
f 681 684 998
f 682 681 999
f 680 682 1000
f 634 680 1001
f 599 634 1002
f 600 599 1003
f 678 600 1004
f 679 678 1005
f 597 679 1006
f 598 597 1007
f 633 598 1008
f 631 633 1009
f 632 631 1010
f 676 632 1011
f 677 676 1012
f 630 677 1013
f 627 630 1014
f 696 627 1015
f 675 696 1016
f 673 675 1017
f 670 673 1018
f 694 670 1019
f 668 694 1020
f 625 668 1021
f 557 625 1022
f 461 557 1023
f 458 461 1024
f 455 458 1025
f 452 455 1026
f 448 452 1027
f 400 448 1028
f 335 400 1029
f 293 335 1030
f 329 293 1031
f 326 329 1032
f 323 326 1033
f 321 323 1034
f 316 321 1035
f 290 316 1036
f 312 290 1037
f 287 312 1038
f 284 287 1039
f 266 284 1040
f 247 266 1041
f 280 247 1042
f 240 280 1043
f 241 240 1044
f 243 241 1045
f 242 243 1046
f 236 242 1047
f 1048 1049 237
f 1049 238 237
f 239 238 1049
f 265 239 1050
f 255 265 1051
f 256 255 1052
f 254 256 1053
f 278 254 1054
f 279 278 1055
f 263 279 1056
f 264 263 1057
f 277 264 1058
f 261 277 1059
f 262 261 1060
f 275 262 1061
f 276 275 1062
f 667 276 1063
f 442 667 1064
f 443 442 1065
f 513 443 1066
f 556 513 1067
f 511 556 1068
f 512 511 1069
f 593 512 1070
f 594 593 1071
f 302 594 1072
f 251 302 1073
f 298 251 1074
f 377 298 1075
f 435 377 1076
f 554 435 1077
f 1077 961 554
f 1076 1077 435
f 1075 1076 377
f 1074 1075 298
f 1073 1074 251
f 1072 1073 302
f 1071 1072 594
f 1070 1071 593
f 1069 1070 512
f 1068 1069 511
f 1067 1068 556
f 1066 1067 513
f 1065 1066 443
f 1064 1065 442
f 1063 1064 667
f 1062 1063 276
f 1061 1062 275
f 1060 1061 262
f 1059 1060 261
f 1058 1059 277
f 1057 1058 264
f 1056 1057 263
f 1055 1056 279
f 1054 1055 278
f 1053 1054 254
f 1052 1053 256
f 1051 1052 255
f 1050 1051 265
f 1049 1050 239
f 237 236 1048
f 1047 1048 236
f 1046 1047 242
f 1045 1046 243
f 1044 1045 241
f 1043 1044 240
f 1042 1043 280
f 1041 1042 247
f 1040 1041 266
f 1039 1040 284
f 1038 1039 287
f 1037 1038 312
f 1036 1037 290
f 1035 1036 316
f 1034 1035 321
f 1033 1034 323
f 1032 1033 326
f 1031 1032 329
f 1030 1031 293
f 1029 1030 335
f 1028 1029 400
f 1027 1028 448
f 1026 1027 452
f 1025 1026 455
f 1024 1025 458
f 1023 1024 461
f 1022 1023 557
f 1021 1022 625
f 1020 1021 668
f 1019 1020 694
f 1018 1019 670
f 1017 1018 673
f 1016 1017 675
f 1015 1016 696
f 1014 1015 627
f 1013 1014 630
f 1012 1013 677
f 1011 1012 676
f 1010 1011 632
f 1009 1010 631
f 1008 1009 633
f 1007 1008 598
f 1006 1007 597
f 1005 1006 679
f 1004 1005 678
f 1003 1004 600
f 1002 1003 599
f 1001 1002 634
f 1000 1001 680
f 999 1000 682
f 998 999 681
f 997 998 684
f 996 997 683
f 995 996 636
f 994 995 635
f 993 994 602
f 992 993 601
f 991 992 560
f 990 991 559
f 989 990 341
f 988 989 539
f 987 988 538
f 986 987 499
f 985 986 501
f 984 985 541
f 983 984 504
f 982 983 506
f 981 982 574
f 980 981 544
f 979 980 546
f 978 979 548
f 977 978 509
f 976 977 550
f 975 976 617
f 974 975 577
f 973 974 579
f 972 973 619
f 971 972 582
f 970 971 584
f 969 970 659
f 968 969 658
f 967 968 660
f 966 967 689
f 965 966 662
f 964 965 621
f 963 964 586
f 962 963 585
f 961 962 588
f 1078 1079 1080
f 1081 349 1079
f 1079 1078 1081
f 1080 1082 1078
f 1083 1084 1085
f 1085 1086 1083
f 1087 1082 1088
f 1088 1084 1087
f 1083 1087 1084
f 1089 1090 1091
f 1090 1089 1092
f 1092 1093 1090
f 1092 1094 1093
f 1086 1085 1095
f 1095 1089 1086
f 1096 1097 1098
f 1094 1099 1100
f 1099 1094 1097
f 1097 1096 1099
f 1100 1093 1094
f 1098 1101 1096
f 1101 1102 1103
f 1104 1105 1106
f 1107 1101 1105
f 1105 1104 1107
f 1107 1102 1101
f 1106 1108 1104
f 1109 1110 1111
f 1111 1112 1109
f 1113 1108 1114
f 1114 1110 1113
f 1109 1113 1110
f 1115 1116 1117
f 1117 1118 1115
f 1115 1119 1116
f 1112 1111 1120
f 1120 1116 1112
f 1121 1122 1123
f 1123 1124 1121
f 1121 1125 1122
f 1118 1117 1126
f 1126 1122 1118
f 1127 1128 1129
f 1130 1131 1132
f 1128 1127 1130
f 1132 1128 1130
f 1124 1123 1133
f 1133 1127 1124
f 1134 1135 1136
f 1131 1137 1138
f 1137 1131 1135
f 1135 1134 1137
f 1138 1132 1131
f 1136 1139 1134
f 1140 1141 1142
f 1139 1143 1144
f 1143 1139 1141
f 1141 1140 1143
f 1144 1134 1139
f 1142 1145 1140
f 1146 1147 1148
f 1149 1145 1147
f 1147 1146 1149
f 1149 1150 1145
f 1150 1140 1145
f 1148 1151 1146
f 1152 1153 1154
f 1154 1155 1152
f 1152 1156 1153
f 1146 1151 1153
f 1157 1158 1159
f 1159 1160 1157
f 1157 1161 1158
f 1155 1154 1162
f 1162 1158 1155
f 1163 1164 1165
f 1165 1166 1163
f 1167 1159 1168
f 1168 1164 1167
f 1163 1167 1164
f 1169 1170 1171
f 1172 1165 1173
f 1173 1169 1172
f 1171 1172 1169
f 1170 1174 1175
f 1176 1177 1178
f 1174 1170 1177
f 1177 1176 1174
f 1178 1179 1176
f 1180 1179 1181
f 1181 1182 1180
f 1180 1183 1179
f 1183 1176 1179
f 1181 1184 1182
f 1185 1186 1187
f 1188 1184 1189
f 1189 1185 1188
f 1187 1188 1185
f 1186 1190 1191
f 1192 1193 1194
f 1190 1186 1193
f 1193 1192 1190
f 1194 1195 1192
f 1196 1195 1197
f 1197 1198 1196
f 1196 1199 1195
f 1199 1192 1195
f 1197 1200 1198
f 1201 1202 1203
f 1204 1200 1205
f 1205 1201 1204
f 1203 1204 1201
f 1206 1202 1207
f 1207 1208 1206
f 1206 1209 1202
f 1209 1203 1202
f 1207 1210 1208
f 1211 1212 1213
f 1211 1210 1214
f 1214 1212 1211
f 1213 1215 1211
f 1216 1217 1218
f 1219 1213 1220
f 1220 1216 1219
f 1218 1219 1216
f 1219 1215 1213
f 1211 1208 1210
f 1204 1198 1200
f 1191 1187 1186
f 1188 1182 1184
f 1175 1171 1170
f 1172 1166 1165
f 1167 1160 1159
f 1161 1155 1158
f 1156 1146 1153
f 1129 1124 1127
f 1125 1118 1122
f 1119 1112 1116
f 1113 1104 1108
f 1103 1096 1101
f 1091 1086 1089
f 1087 1078 1082
f 1081 248 349
f 1221 854 853
f 1221 851 957
f 1221 855 854
f 957 956 1221
f 1221 856 855
f 956 955 1221
f 1221 857 856
f 955 954 1221
f 1221 858 857
f 954 953 1221
f 1221 859 858
f 953 952 1221
f 1221 860 859
f 952 951 1221
f 1221 861 860
f 951 950 1221
f 1221 862 861
f 950 949 1221
f 1221 863 862
f 949 958 1221
f 1221 864 863
f 958 948 1221
f 1221 865 864
f 948 947 1221
f 1221 866 865
f 947 946 1221
f 853 852 1221
f 946 945 1221
f 1221 906 866
f 945 944 1221
f 1221 867 906
f 944 943 1221
f 1221 868 867
f 943 942 1221
f 1221 905 868
f 942 941 1221
f 1221 869 905
f 941 940 1221
f 1221 904 869
f 940 939 1221
f 1221 870 904
f 939 938 1221
f 1221 871 870
f 938 937 1221
f 1221 872 871
f 937 936 1221
f 1221 873 872
f 936 935 1221
f 1221 874 873
f 935 934 1221
f 1221 875 874
f 934 933 1221
f 1221 876 875
f 1049 1222 1223
f 933 932 1221
f 1221 877 876
f 1049 1224 1225
f 1049 1226 1227
f 1223 1228 1049
f 1049 1229 1230
f 932 931 1221
f 1221 878 877
f 1227 1224 1049
f 1228 1231 1049
f 1049 1232 1229
f 1049 1233 1234
f 1049 1235 1236
f 931 930 1221
f 1221 879 878
f 709 218 216
f 707 220 218
f 1049 1237 1238
f 1231 1226 1049
f 1049 1239 1240
f 1234 1232 1049
f 1236 1241 1049
f 1049 1242 1243
f 930 929 1221
f 1221 880 879
f 216 710 709
f 218 708 707
f 1244 222 220
f 1225 1237 1049
f 1049 1245 1246
f 1049 1247 1239
f 1241 1233 1049
f 1243 1248 1049
f 1049 1249 1250
f 1049 1251 1252
f 1049 1253 1254
f 1077 1076 1255
f 1077 1256 1257
f 1258 963 962
f 1259 964 963
f 966 1260 1261
f 929 928 1221
f 1221 881 880
f 711 710 216
f 707 1262 220
f 220 1262 1244
f 228 226 1263
f 230 1264 1265
f 230 228 1266
f 1246 1222 1049
f 1230 1247 1049
f 1049 1267 1268
f 1049 1269 1270
f 1049 1271 1242
f 1250 1272 1049
f 1049 1273 1274
f 1049 1275 1276
f 1049 1277 1278
f 1252 1279 1049
f 1254 1280 1049
f 1255 1281 1077
f 1077 1282 1256
f 961 1283 1284
f 962 1285 1286
f 963 1287 1288
f 1289 965 964
f 965 1290 1291
f 965 1292 1293
f 966 1291 1260
f 967 1261 1294
f 968 1295 1296
f 1297 850 970
f 928 927 1221
f 1221 882 881
f 716 715 210
f 714 212 210
f 214 712 711
f 1244 1298 222
f 224 222 1298
f 1263 1299 228
f 1266 1264 230
f 1300 1301 235
f 3 235 1302
f 7 1303 1304
f 1305 11 9
f 1049 1306 1307
f 1240 1245 1049
f 1270 1267 1049
f 1049 1308 1271
f 1049 1309 1310
f 1272 1311 1049
f 1049 1312 1313
f 1049 1314 1273
f 1278 1275 1049
f 1280 1251 1049
f 1049 1315 1316
f 1076 1317 1255
f 1257 961 1077
f 961 1318 1283
f 962 1286 1258
f 963 1288 1259
f 964 1319 1289
f 1293 1290 965
f 1294 968 967
f 968 1294 1295
f 969 1296 1297
f 848 847 972
f 927 926 1221
f 1221 883 882
f 175 775 774
f 208 717 716
f 210 715 714
f 709 708 218
f 1298 1320 224
f 226 224 1321
f 1265 1322 230
f 1323 1324 232
f 1325 1326 234
f 235 234 1300
f 235 1327 1302
f 5 3 1328
f 5 1329 1330
f 7 1331 1303
f 9 1332 1305
f 1333 29 27
f 1334 31 29
f 1238 1306 1049
f 1248 1269 1049
f 1049 1335 1336
f 1049 1337 1338
f 1311 1309 1049
f 1313 1339 1049
f 1276 1314 1049
f 1316 1253 1049
f 1049 1340 1341
f 1049 1342 1343
f 1344 1345 1072
f 1346 1347 1073
f 1348 1349 1075
f 1076 1075 1350
f 1257 1318 961
f 1284 962 961
f 1259 1351 964
f 964 1351 1319
f 1261 967 966
f 970 969 1297
f 850 849 971
f 971 849 848
f 926 925 1221
f 1221 903 883
f 175 776 775
f 175 778 777
f 714 713 212
f 712 214 212
f 1320 1321 224
f 1299 1266 228
f 230 1322 1323
f 234 232 1325
f 234 1352 1300
f 1302 1353 3
f 3 1354 1328
f 5 1355 1329
f 1304 9 7
f 9 1356 1332
f 1357 17 15
f 1358 19 17
f 1359 21 19
f 1360 23 21
f 1361 25 23
f 1362 27 25
f 27 1363 1333
f 29 1364 1365
f 1366 33 31
f 1268 1235 1049
f 1049 1367 1368
f 1338 1335 1049
f 1339 1249 1049
f 1279 1277 1049
f 1343 1340 1049
f 1369 1370 1064
f 1371 1372 1065
f 1373 1374 1070
f 1375 1376 1071
f 1071 1377 1344
f 1073 1072 1346
f 1378 1379 1074
f 1075 1074 1348
f 1075 1380 1350
f 1284 1285 962
f 1289 1292 965
f 1296 969 968
f 972 971 848
f 925 924 1221
f 1221 884 903
f 175 755 754
f 175 757 756
f 175 769 768
f 175 772 771
f 774 773 175
f 175 779 778
f 212 713 712
f 1321 1263 226
f 232 230 1323
f 232 1381 1325
f 1353 1354 3
f 1328 1382 5
f 1330 7 5
f 1305 1383 11
f 1384 13 11
f 1385 15 13
f 15 1386 1357
f 17 1387 1388
f 19 1389 1359
f 21 1390 1360
f 23 1391 1392
f 25 1393 1362
f 27 1394 1363
f 29 1365 1334
f 31 1395 1366
f 1368 1308 1049
f 1310 1337 1049
f 1341 1315 1049
f 1064 1063 1369
f 1065 1064 1371
f 1396 1397 1066
f 1398 1399 1067
f 1400 1401 1068
f 1070 1069 1373
f 1071 1070 1375
f 1072 1071 1344
f 1072 1402 1346
f 1073 1403 1378
f 1074 1404 1348
f 1350 1405 1076
f 1258 1287 963
f 971 970 850
f 1406 1221 922
f 924 923 1221
f 1221 885 884
f 756 755 175
f 175 759 758
f 175 761 760
f 768 767 175
f 773 772 175
f 175 780 779
f 216 214 711
f 1326 1352 234
f 1382 1355 5
f 1304 1356 9
f 11 1407 1384
f 13 1408 1409
f 15 1410 1386
f 17 1388 1358
f 19 1411 1389
f 21 1412 1390
f 23 1392 1361
f 25 1413 1393
f 1334 1414 31
f 31 1414 1395
f 1415 35 33
f 1416 37 35
f 1336 1367 1049
f 1049 1417 1342
f 1418 1053 1052
f 1419 1054 1053
f 1420 1056 1055
f 1421 1057 1056
f 1422 1423 1062
f 1424 1425 1063
f 1063 1426 1369
f 1064 1427 1371
f 1066 1065 1396
f 1067 1066 1398
f 1068 1067 1400
f 1069 1428 1373
f 1070 1429 1375
f 1347 1403 1073
f 1074 1073 1378
f 1405 1317 1076
f 1291 966 965
f 846 973 972
f 923 922 1221
f 1221 886 885
f 175 745 744
f 175 749 748
f 175 751 750
f 754 753 175
f 760 759 175
f 175 770 769
f 777 776 175
f 719 206 204
f 1324 1381 232
f 1330 1331 7
f 11 1383 1407
f 13 1409 1385
f 1358 1411 19
f 1360 1391 23
f 1362 1394 27
f 1366 1430 33
f 33 1431 1415
f 35 1432 1433
f 1434 39 37
f 1435 1436 45
f 1437 1438 61
f 1439 1440 63
f 1274 1312 1049
f 1441 1050 1049
f 1442 1051 1050
f 1443 1052 1051
f 1052 1444 1418
f 1053 1445 1446
f 1447 1055 1054
f 1055 1448 1420
f 1056 1449 1450
f 1451 1058 1057
f 1062 1061 1422
f 1063 1062 1424
f 1372 1452 1065
f 1065 1452 1396
f 1066 1453 1398
f 1067 1454 1400
f 1455 1456 1069
f 1376 1377 1071
f 1379 1404 1074
f 1281 1282 1077
f 972 847 846
f 838 837 978
f 922 921 1406
f 1221 887 886
f 175 746 745
f 748 747 175
f 175 752 751
f 758 757 175
f 175 763 762
f 175 766 765
f 771 770 175
f 724 723 200
f 722 202 200
f 204 720 719
f 717 208 206
f 1301 1327 235
f 1385 1410 15
f 1359 1412 21
f 1333 1364 29
f 33 1430 1431
f 35 1433 1416
f 37 1457 1434
f 1458 43 41
f 43 1459 1435
f 1460 1461 55
f 1462 1463 57
f 59 1464 1437
f 61 1465 1439
f 1466 1467 65
f 1049 1221 1417
f 1049 1468 1441
f 1050 1469 1442
f 1051 1470 1471
f 1052 1472 1444
f 1053 1446 1419
f 1054 1473 1447
f 1055 1474 1448
f 1056 1450 1421
f 1057 1475 1451
f 1476 1477 1059
f 1478 1479 1060
f 1061 1480 1422
f 1062 1481 1424
f 1397 1453 1066
f 1401 1482 1068
f 1069 1068 1455
f 1345 1402 1072
f 846 845 973
f 841 976 975
f 840 839 977
f 977 839 838
f 836 979 978
f 833 832 981
f 831 982 981
f 828 827 984
f 815 814 992
f 921 920 1406
f 1221 888 887
f 747 746 175
f 753 752 175
f 175 764 763
f 767 766 175
f 729 728 194
f 198 725 724
f 200 723 722
f 721 720 204
f 206 718 717
f 1384 1408 13
f 1361 1413 25
f 1416 1483 37
f 37 1483 1457
f 1484 41 39
f 41 1485 1486
f 43 1487 1459
f 1488 1489 53
f 53 1490 1460
f 57 55 1462
f 1491 1492 59
f 61 59 1437
f 63 61 1439
f 65 63 1466
f 1493 1494 67
f 1495 1496 69
f 1497 1498 71
f 1499 1500 73
f 1501 89 87
f 1502 91 89
f 1503 93 91
f 1504 95 93
f 1505 99 97
f 1506 101 99
f 1507 105 103
f 1508 107 105
f 1441 1509 1050
f 1050 1509 1469
f 1051 1471 1443
f 1419 1510 1054
f 1054 1510 1473
f 1421 1511 1057
f 1451 1512 1058
f 1059 1058 1476
f 1060 1059 1478
f 1513 1514 1061
f 1425 1426 1063
f 1399 1454 1067
f 1068 1482 1455
f 1349 1380 1075
f 843 842 975
f 975 842 841
f 978 977 838
f 978 837 836
f 835 834 980
f 980 834 833
f 981 832 831
f 830 829 983
f 983 829 828
f 816 991 990
f 991 816 815
f 813 993 992
f 810 809 995
f 808 996 995
f 805 804 998
f 803 999 998
f 795 794 1004
f 920 919 1406
f 1221 889 888
f 750 749 175
f 765 764 175
f 742 176 175
f 739 738 182
f 734 733 188
f 732 190 188
f 731 730 192
f 192 730 729
f 722 721 202
f 719 718 206
f 1357 1387 17
f 1434 1515 39
f 39 1515 1516
f 41 1486 1458
f 45 43 1435
f 1517 1518 47
f 1519 1520 49
f 1521 1522 51
f 51 1523 1488
f 55 53 1460
f 55 1524 1462
f 57 1525 1491
f 1440 1526 63
f 63 1526 1466
f 65 1527 1493
f 69 67 1495
f 69 1528 1497
f 71 1529 1499
f 1530 1531 75
f 1532 1533 77
f 79 77 1534
f 81 79 1535
f 81 1536 1537
f 83 1538 1539
f 1540 87 85
f 87 1541 1542
f 89 1543 1544
f 91 1545 1503
f 93 1546 1504
f 1547 97 95
f 97 1548 1505
f 99 1549 1550
f 1551 103 101
f 103 1552 1553
f 105 1554 1555
f 1406 115 113
f 123 960 910
f 125 910 909
f 127 909 908
f 129 908 780
f 780 135 133
f 780 139 137
f 780 149 147
f 1442 1470 1051
f 1418 1445 1053
f 1420 1449 1056
f 1057 1511 1475
f 1058 1556 1476
f 1059 1557 1478
f 1060 1558 1513
f 1370 1427 1064
f 1374 1429 1070
f 845 844 974
f 974 844 843
f 977 976 840
f 980 979 835
f 831 830 982
f 984 983 828
f 818 817 990
f 992 991 815
f 992 814 813
f 994 811 810
f 995 809 808
f 997 806 805
f 998 804 803
f 798 1002 1001
f 796 1003 1002
f 1003 796 795
f 785 784 1010
f 783 1011 1010
f 781 1017 1016
f 893 1023 1022
f 1023 893 1221
f 1221 1032 1031
f 919 918 1406
f 1221 890 889
f 762 761 175
f 175 743 742
f 740 177 176
f 177 740 739
f 736 735 186
f 186 735 734
f 188 733 732
f 194 192 729
f 727 196 194
f 204 202 721
f 1415 1432 35
f 39 1516 1484
f 1436 1559 45
f 45 1559 1517
f 49 47 1519
f 51 49 1521
f 53 51 1488
f 1463 1525 57
f 59 57 1491
f 1467 1527 65
f 67 65 1493
f 67 1560 1495
f 71 69 1497
f 73 71 1499
f 73 1561 1530
f 75 1562 1532
f 1534 1563 79
f 79 1564 1535
f 1537 83 81
f 1539 85 83
f 85 1565 1540
f 87 1542 1501
f 89 1544 1502
f 91 1566 1545
f 93 1567 1546
f 95 1568 1547
f 97 1569 1548
f 99 1550 1506
f 101 1570 1571
f 103 1553 1507
f 105 1555 1508
f 1406 117 115
f 1406 121 119
f 121 911 960
f 909 127 125
f 780 131 129
f 137 135 780
f 780 143 141
f 147 145 780
f 1020 896 895
f 1443 1472 1052
f 1512 1556 1058
f 1479 1558 1060
f 1061 1060 1513
f 1456 1428 1069
f 975 974 843
f 836 835 979
f 983 982 830
f 823 822 987
f 821 988 987
f 989 819 818
f 813 812 993
f 811 994 993
f 808 807 996
f 803 802 999
f 801 1000 999
f 800 799 1001
f 1001 799 798
f 1004 1003 795
f 790 789 1007
f 788 1008 1007
f 786 1009 1008
f 1009 786 785
f 1010 784 783
f 781 1012 1011
f 781 1018 1017
f 781 1020 1019
f 1021 1020 894
f 1221 1024 1023
f 1221 1028 1027
f 1031 1030 1221
f 1221 1034 1033
f 1221 1036 1035
f 1221 1038 1037
f 1221 1049 1048
f 918 917 1406
f 1221 891 890
f 742 741 176
f 182 177 739
f 737 184 182
f 188 186 734
f 192 190 731
f 194 728 727
f 726 725 198
f 210 208 716
f 1458 1487 43
f 47 45 1517
f 47 1572 1519
f 49 1573 1521
f 1461 1524 55
f 1438 1465 61
f 1496 1528 69
f 1500 1561 73
f 75 73 1530
f 77 75 1532
f 77 1574 1534
f 1535 1575 81
f 81 1576 1536
f 83 1577 1538
f 85 1578 1565
f 1502 1566 91
f 1504 1579 95
f 95 1579 1568
f 1506 1570 101
f 101 1571 1551
f 1508 1406 107
f 1406 111 109
f 119 117 1406
f 910 125 123
f 133 131 780
f 145 143 780
f 780 153 151
f 1020 901 896
f 1447 1474 1055
f 1514 1480 1061
f 974 973 845
f 981 980 833
f 826 985 984
f 825 824 986
f 986 824 823
f 987 822 821
f 820 819 989
f 990 817 816
f 995 994 810
f 806 997 996
f 999 802 801
f 1000 801 800
f 1002 797 796
f 1006 791 790
f 1007 789 788
f 1010 1009 785
f 1011 782 781
f 1019 1018 781
f 1022 1021 893
f 1221 1026 1025
f 1221 1029 1028
f 1033 1032 1221
f 1037 1036 1221
f 1048 1047 1221
f 1047 1046 1221
f 917 916 1406
f 1221 902 891
f 176 741 740
f 182 738 737
f 732 731 190
f 198 196 726
f 1484 1485 41
f 1520 1573 49
f 1489 1490 53
f 1494 1560 67
f 1531 1562 75
f 1563 1564 79
f 1537 1577 83
f 1540 1541 87
f 1503 1567 93
f 1505 1549 99
f 1507 1554 105
f 113 111 1406
f 908 129 127
f 151 149 780
f 780 175 173
f 1020 897 901
f 1477 1557 1059
f 841 840 976
f 984 827 826
f 987 986 823
f 989 988 820
f 993 812 811
f 998 997 805
f 798 797 1002
f 793 1005 1004
f 788 787 1008
f 783 782 1011
f 781 1014 1013
f 1016 1015 781
f 1025 1024 1221
f 1030 1029 1221
f 1221 1039 1038
f 1221 1041 1040
f 1221 1045 1044
f 1046 1045 1221
f 916 915 1406
f 1221 892 902
f 1406 914 913
f 737 736 184
f 727 726 196
f 1518 1572 47
f 1492 1464 59
f 1533 1574 77
f 1539 1578 85
f 1547 1569 97
f 109 107 1406
f 141 139 780
f 780 157 155
f 780 165 163
f 173 171 780
f 171 169 780
f 1020 898 897
f 1423 1481 1062
f 986 985 825
f 990 989 818
f 1001 1000 800
f 1004 794 793
f 791 1006 1005
f 1008 787 786
f 1015 1014 781
f 1027 1026 1221
f 1040 1039 1221
f 1221 1043 1042
f 1044 1043 1221
f 1221 907 851
f 1221 893 892
f 1406 912 911
f 913 959 1406
f 186 184 736
f 1522 1523 51
f 1575 1576 81
f 1551 1552 103
f 155 153 780
f 780 161 159
f 780 167 165
f 169 167 780
f 1020 899 898
f 826 825 985
f 996 807 806
f 1005 792 791
f 1013 1012 781
f 1035 1034 1221
f 852 907 1221
f 959 912 1406
f 200 198 724
f 1501 1543 89
f 159 157 780
f 163 161 780
f 1020 900 899
f 821 820 988
f 1007 1006 790
f 1042 1041 1221
f 911 121 1406
f 1498 1529 71
f 1020 781 900
f 793 792 1005
f 915 914 1406
f 960 123 121
f 1307 1468 1049
f 744 743 175
f 894 893 1021
f 895 894 1020
f 1838 1292 1289
f 1839 1289 1319
f 1840 1319 1351
f 1841 1351 1259
f 1842 1259 1288
f 1843 1288 1287
f 1844 1287 1258
f 1845 1258 1286
f 1846 1286 1285
f 1847 1285 1284
f 1848 1284 1283
f 1849 1283 1318
f 1850 1318 1257
f 1851 1257 1256
f 1852 1256 1282
f 1853 1282 1281
f 1854 1281 1255
f 1855 1255 1317
f 1856 1317 1405
f 1857 1405 1350
f 1858 1350 1380
f 1859 1380 1349
f 1860 1349 1348
f 1861 1348 1404
f 1862 1404 1379
f 1863 1379 1378
f 1864 1378 1403
f 1865 1403 1347
f 1866 1347 1346
f 1867 1346 1402
f 1868 1402 1345
f 1869 1345 1344
f 1870 1344 1377
f 1871 1377 1376
f 1872 1376 1375
f 1873 1375 1429
f 1874 1429 1374
f 1875 1374 1373
f 1876 1373 1428
f 1877 1428 1456
f 1878 1456 1455
f 1879 1455 1482
f 1880 1482 1401
f 1881 1401 1400
f 1882 1400 1454
f 1883 1454 1399
f 1884 1399 1398
f 1885 1398 1453
f 1886 1453 1397
f 1887 1397 1396
f 1888 1396 1452
f 1889 1452 1372
f 1890 1372 1371
f 1891 1371 1427
f 1892 1427 1370
f 1893 1370 1369
f 1894 1369 1426
f 1895 1426 1425
f 1896 1425 1424
f 1897 1424 1481
f 1898 1481 1423
f 1899 1423 1422
f 1900 1422 1480
f 1901 1480 1514
f 1902 1514 1513
f 1903 1513 1558
f 1904 1558 1479
f 1905 1479 1478
f 1906 1478 1557
f 1907 1557 1477
f 1908 1477 1476
f 1909 1476 1556
f 1910 1556 1512
f 1911 1512 1451
f 1912 1451 1475
f 1913 1475 1511
f 1914 1511 1421
f 1915 1421 1450
f 1916 1450 1449
f 1917 1449 1420
f 1918 1420 1448
f 1919 1448 1474
f 1920 1474 1447
f 1921 1447 1473
f 1922 1473 1510
f 1923 1510 1419
f 1924 1419 1446
f 1925 1446 1445
f 1926 1445 1418
f 1927 1418 1444
f 1928 1444 1472
f 1929 1472 1443
f 1930 1443 1471
f 1931 1471 1470
f 1932 1470 1442
f 1933 1442 1469
f 1934 1469 1509
f 1935 1509 1441
f 1936 1441 1468
f 1937 1468 1307
f 1938 1307 1306
f 1939 1306 1238
f 1940 1238 1237
f 1941 1237 1225
f 1942 1225 1224
f 1943 1224 1227
f 1944 1227 1226
f 1945 1226 1231
f 1946 1231 1228
f 1947 1228 1223
f 1948 1223 1222
f 1949 1222 1246
f 1950 1246 1245
f 1951 1245 1240
f 1952 1240 1239
f 1953 1239 1247
f 1954 1247 1230
f 1955 1230 1229
f 1956 1229 1232
f 1957 1232 1234
f 1958 1234 1233
f 1959 1233 1241
f 1960 1241 1236
f 1961 1236 1235
f 1962 1235 1268
f 1963 1268 1267
f 1964 1267 1270
f 1965 1270 1269
f 1966 1269 1248
f 1967 1248 1243
f 1968 1243 1242
f 1969 1242 1271
f 1970 1271 1308
f 1971 1308 1368
f 1972 1368 1367
f 1973 1367 1336
f 1974 1336 1335
f 1975 1335 1338
f 1976 1338 1337
f 1977 1337 1310
f 1978 1310 1309
f 1979 1309 1311
f 1980 1311 1272
f 1981 1272 1250
f 1982 1250 1249
f 1983 1249 1339
f 1984 1339 1313
f 1985 1313 1312
f 1986 1312 1274
f 1987 1274 1273
f 1988 1273 1314
f 1989 1314 1276
f 1990 1276 1275
f 1991 1275 1278
f 1992 1278 1277
f 1993 1277 1279
f 1994 1279 1252
f 1995 1252 1251
f 1996 1251 1280
f 1997 1280 1254
f 1998 1254 1253
f 1999 1253 1316
f 2000 1316 1315
f 2001 1315 1341
f 2002 1341 1340
f 2003 1340 1343
f 2004 1839 1840
f 2005 1840 1841
f 2006 1841 1842
f 2007 1842 1843
f 2008 1843 1844
f 2009 1844 1845
f 2010 1845 1846
f 2011 1846 1847
f 2012 1847 1848
f 2013 1848 1849
f 2014 1849 1850
f 2015 1850 1851
f 2016 1851 1852
f 2017 1852 1853
f 2018 1853 1854
f 2019 1854 1855
f 2020 1855 1856
f 2021 1856 1857
f 2022 1857 1858
f 2023 1858 1859
f 2024 1859 1860
f 2025 1860 1861
f 2026 1861 1862
f 2027 1862 1863
f 2028 1863 1864
f 2029 1864 1865
f 2030 1865 1866
f 2031 1866 1867
f 2032 1867 1868
f 2033 1868 1869
f 2034 1869 1870
f 2035 1870 1871
f 2036 1871 1872
f 2037 1872 1873
f 2038 1873 1874
f 2039 1874 1875
f 2040 1875 1876
f 2041 1876 1877
f 2042 1877 1878
f 2043 1878 1879
f 2044 1879 1880
f 2045 1880 1881
f 2046 1881 1882
f 2047 1882 1883
f 2048 1883 1884
f 2049 1884 1885
f 2050 1885 1886
f 2051 1886 1887
f 2052 1887 1888
f 2053 1888 1889
f 2054 1889 1890
f 2055 1890 1891
f 2056 1891 1892
f 2057 1892 1893
f 2058 1893 1894
f 2059 1894 1895
f 2060 1895 1896
f 2061 1896 1897
f 2062 1897 1898
f 2063 1898 1899
f 2064 1899 1900
f 2065 1900 1901
f 2066 1901 1902
f 2067 1902 1903
f 2068 1903 1904
f 2069 1904 1905
f 2070 1905 1906
f 2071 1906 1907
f 2072 1907 1908
f 2073 1908 1909
f 2074 1909 1910
f 2075 1910 1911
f 2076 1911 1912
f 2077 1912 1913
f 2078 1913 1914
f 2079 1914 1915
f 2080 1915 1916
f 2081 1916 1917
f 2082 1917 1918
f 2083 1918 1919
f 2084 1919 1920
f 2085 1920 1921
f 2086 1921 1922
f 2087 1922 1923
f 2088 1923 1924
f 2089 1924 1925
f 2090 1925 1926
f 2091 1926 1927
f 2092 1927 1928
f 2093 1928 1929
f 2094 1929 1930
f 2095 1930 1931
f 2096 1931 1932
f 2097 1932 1933
f 2098 1933 1934
f 2099 1934 1935
f 2100 1935 1936
f 2101 1936 1937
f 2102 1937 1938
f 2103 1938 1939
f 2104 1939 1940
f 2105 1940 1941
f 2106 1941 1942
f 2107 1942 1943
f 2108 1943 1944
f 2109 1944 1945
f 2110 1945 1946
f 2111 1946 1947
f 2112 1947 1948
f 2113 1948 1949
f 2114 1949 1950
f 2115 1950 1951
f 2116 1951 1952
f 2117 1952 1953
f 2118 1953 1954
f 2119 1954 1955
f 2120 1955 1956
f 2121 1956 1957
f 2122 1957 1958
f 2123 1958 1959
f 2124 1959 1960
f 2125 1960 1961
f 2126 1961 1962
f 2127 1962 1963
f 2128 1963 1964
f 2129 1964 1965
f 2130 1965 1966
f 2131 1966 1967
f 2132 1967 1968
f 2133 1968 1969
f 2134 1969 1970
f 2135 1970 1971
f 2136 1971 1972
f 2137 1972 1973
f 2138 1973 1974
f 2139 1974 1975
f 2140 1975 1976
f 2141 1976 1977
f 2142 1977 1978
f 2143 1978 1979
f 2144 1979 1980
f 2145 1980 1981
f 2146 1981 1982
f 2147 1982 1983
f 2148 1983 1984
f 2149 1984 1985
f 2150 1985 1986
f 2151 1986 1987
f 2152 1987 1988
f 2153 1988 1989
f 2154 1989 1990
f 2155 1990 1991
f 2156 1991 1992
f 2157 1992 1993
f 2158 1993 1994
f 2159 1994 1995
f 2160 1995 1996
f 2161 1996 1997
f 2162 1997 1998
f 2163 1998 1999
f 2164 1999 2000
f 2165 2000 2001
f 2166 2001 2002
f 2167 2005 2006
f 2168 2006 2007
f 2169 2007 2008
f 2170 2008 2009
f 2171 2009 2010
f 2172 2010 2011
f 2173 2011 2012
f 2174 2012 2013
f 2175 2013 2014
f 2176 2014 2015
f 2177 2015 2016
f 2178 2016 2017
f 2179 2017 2018
f 2180 2018 2019
f 2181 2019 2020
f 2182 2020 2021
f 2183 2021 2022
f 2184 2022 2023
f 2185 2023 2024
f 2186 2024 2025
f 2187 2025 2026
f 2188 2026 2027
f 2189 2027 2028
f 2190 2028 2029
f 2191 2029 2030
f 2192 2030 2031
f 2193 2031 2032
f 2194 2032 2033
f 2195 2033 2034
f 2196 2034 2035
f 2197 2035 2036
f 2198 2036 2037
f 2199 2037 2038
f 2200 2038 2039
f 2201 2039 2040
f 2202 2040 2041
f 2203 2041 2042
f 2204 2042 2043
f 2205 2043 2044
f 2206 2044 2045
f 2207 2045 2046
f 2208 2046 2047
f 2209 2047 2048
f 2210 2048 2049
f 2211 2049 2050
f 2212 2050 2051
f 2213 2051 2052
f 2214 2052 2053
f 2215 2053 2054
f 2216 2054 2055
f 2217 2055 2056
f 2218 2056 2057
f 2219 2057 2058
f 2220 2058 2059
f 2221 2059 2060
f 2222 2060 2061
f 2223 2061 2062
f 2224 2062 2063
f 2225 2063 2064
f 2226 2064 2065
f 2227 2065 2066
f 2228 2066 2067
f 2229 2067 2068
f 2230 2068 2069
f 2231 2069 2070
f 2232 2070 2071
f 2233 2071 2072
f 2234 2072 2073
f 2235 2073 2074
f 2236 2074 2075
f 2237 2075 2076
f 2238 2076 2077
f 2239 2077 2078
f 2240 2078 2079
f 2241 2079 2080
f 2242 2080 2081
f 2243 2081 2082
f 2244 2082 2083
f 2245 2083 2084
f 2246 2084 2085
f 2247 2085 2086
f 2248 2086 2087
f 2249 2087 2088
f 2250 2088 2089
f 2251 2089 2090
f 2252 2090 2091
f 2253 2091 2092
f 2254 2092 2093
f 2255 2093 2094
f 2256 2094 2095
f 2257 2095 2096
f 2258 2096 2097
f 2259 2097 2098
f 2260 2098 2099
f 2261 2099 2100
f 2262 2100 2101
f 2263 2101 2102
f 2264 2102 2103
f 2265 2103 2104
f 2266 2104 2105
f 2267 2105 2106
f 2268 2106 2107
f 2269 2107 2108
f 2270 2108 2109
f 2271 2109 2110
f 2272 2110 2111
f 2273 2111 2112
f 2274 2112 2113
f 2275 2113 2114
f 2276 2114 2115
f 2277 2115 2116
f 2278 2116 2117
f 2279 2117 2118
f 2280 2118 2119
f 2281 2119 2120
f 2282 2120 2121
f 2283 2121 2122
f 2284 2122 2123
f 2285 2123 2124
f 2286 2124 2125
f 2287 2125 2126
f 2288 2126 2127
f 2289 2127 2128
f 2290 2128 2129
f 2291 2129 2130
f 2292 2130 2131
f 2293 2131 2132
f 2294 2132 2133
f 2295 2133 2134
f 2296 2134 2135
f 2297 2135 2136
f 2298 2136 2137
f 2299 2137 2138
f 2300 2138 2139
f 2301 2139 2140
f 2302 2140 2141
f 2303 2141 2142
f 2304 2142 2143
f 2305 2143 2144
f 2306 2144 2145
f 2307 2145 2146
f 2308 2146 2147
f 2309 2147 2148
f 2310 2148 2149
f 2311 2149 2150
f 2312 2150 2151
f 2313 2151 2152
f 2314 2152 2153
f 2315 2153 2154
f 2316 2154 2155
f 2317 2155 2156
f 2318 2156 2157
f 2319 2157 2158
f 2320 2158 2159
f 2321 2159 2160
f 2322 2160 2161
f 2323 2161 2162
f 2324 2162 2163
f 2325 2163 2164
f 2326 2164 2165
f 2327 2168 2169
f 2328 2169 2170
f 2329 2170 2171
f 2330 2171 2172
f 2331 2172 2173
f 2332 2173 2174
f 2333 2174 2175
f 2334 2175 2176
f 2335 2176 2177
f 2336 2177 2178
f 2337 2178 2179
f 2338 2179 2180
f 2339 2180 2181
f 2340 2181 2182
f 2341 2182 2183
f 2342 2183 2184
f 2343 2184 2185
f 2344 2185 2186
f 2345 2186 2187
f 2346 2187 2188
f 2347 2188 2189
f 2348 2189 2190
f 2349 2190 2191
f 2350 2191 2192
f 2351 2192 2193
f 2352 2193 2194
f 2353 2194 2195
f 2354 2195 2196
f 2355 2196 2197
f 2356 2197 2198
f 2357 2198 2199
f 2358 2199 2200
f 2359 2200 2201
f 2360 2201 2202
f 2361 2202 2203
f 2362 2203 2204
f 2363 2204 2205
f 2364 2205 2206
f 2365 2206 2207
f 2366 2207 2208
f 2367 2208 2209
f 2368 2209 2210
f 2369 2210 2211
f 2370 2211 2212
f 2371 2212 2213
f 2372 2213 2214
f 2373 2214 2215
f 2374 2215 2216
f 2375 2216 2217
f 2376 2217 2218
f 2377 2218 2219
f 2378 2219 2220
f 2379 2220 2221
f 2380 2221 2222
f 2381 2222 2223
f 2382 2223 2224
f 2383 2224 2225
f 2384 2225 2226
f 2385 2226 2227
f 2386 2227 2228
f 2387 2228 2229
f 2388 2229 2230
f 2389 2230 2231
f 2390 2231 2232
f 2391 2232 2233
f 2392 2233 2234
f 2393 2234 2235
f 2394 2235 2236
f 2395 2236 2237
f 2396 2237 2238
f 2397 2238 2239
f 2398 2239 2240
f 2399 2240 2241
f 2400 2241 2242
f 2401 2242 2243
f 2402 2243 2244
f 2403 2244 2245
f 2404 2245 2246
f 2405 2246 2247
f 2406 2247 2248
f 2407 2248 2249
f 2408 2249 2250
f 2409 2250 2251
f 2410 2251 2252
f 2411 2252 2253
f 2412 2253 2254
f 2413 2254 2255
f 2414 2255 2256
f 2415 2256 2257
f 2416 2257 2258
f 2417 2258 2259
f 2418 2259 2260
f 2419 2260 2261
f 2420 2261 2262
f 2421 2262 2263
f 2422 2263 2264
f 2423 2264 2265
f 2424 2265 2266
f 2425 2266 2267
f 2426 2267 2268
f 2427 2268 2269
f 2428 2269 2270
f 2429 2270 2271
f 2430 2271 2272
f 2431 2272 2273
f 2432 2273 2274
f 2433 2274 2275
f 2434 2275 2276
f 2435 2276 2277
f 2436 2277 2278
f 2437 2278 2279
f 2438 2279 2280
f 2439 2280 2281
f 2440 2281 2282
f 2441 2282 2283
f 2442 2283 2284
f 2443 2284 2285
f 2444 2285 2286
f 2445 2286 2287
f 2446 2287 2288
f 2447 2288 2289
f 2448 2289 2290
f 2449 2290 2291
f 2450 2291 2292
f 2451 2292 2293
f 2452 2293 2294
f 2453 2294 2295
f 2454 2295 2296
f 2455 2296 2297
f 2456 2297 2298
f 2457 2298 2299
f 2458 2299 2300
f 2459 2300 2301
f 2460 2301 2302
f 2461 2302 2303
f 2462 2303 2304
f 2463 2304 2305
f 2464 2305 2306
f 2465 2306 2307
f 2466 2307 2308
f 2467 2308 2309
f 2468 2309 2310
f 2469 2310 2311
f 2470 2311 2312
f 2471 2312 2313
f 2472 2313 2314
f 2473 2314 2315
f 2474 2315 2316
f 2475 2316 2317
f 2476 2317 2318
f 2477 2318 2319
f 2478 2319 2320
f 2479 2320 2321
f 2480 2321 2322
f 2481 2322 2323
f 2482 2323 2324
f 2483 2324 2325
f 2484 2327 2328
f 2485 2328 2329
f 2486 2329 2330
f 2487 2330 2331
f 2488 2331 2332
f 2489 2332 2333
f 2490 2333 2334
f 2491 2334 2335
f 2492 2335 2336
f 2493 2336 2337
f 2494 2337 2338
f 2495 2338 2339
f 2496 2339 2340
f 2497 2340 2341
f 2498 2341 2342
f 2499 2342 2343
f 2500 2343 2344
f 2501 2344 2345
f 2502 2345 2346
f 2503 2346 2347
f 2504 2347 2348
f 2505 2348 2349
f 2506 2349 2350
f 2507 2350 2351
f 2508 2351 2352
f 2509 2352 2353
f 2510 2353 2354
f 2511 2354 2355
f 2512 2355 2356
f 2513 2356 2357
f 2514 2357 2358
f 2515 2358 2359
f 2516 2359 2360
f 2517 2360 2361
f 2518 2361 2362
f 2519 2362 2363
f 2520 2363 2364
f 2521 2364 2365
f 2522 2365 2366
f 2523 2366 2367
f 2524 2367 2368
f 2525 2368 2369
f 2526 2369 2370
f 2527 2370 2371
f 2528 2371 2372
f 2529 2372 2373
f 2530 2373 2374
f 2531 2374 2375
f 2532 2375 2376
f 2533 2376 2377
f 2534 2377 2378
f 2535 2378 2379
f 2536 2379 2380
f 2537 2380 2381
f 2538 2381 2382
f 2539 2382 2383
f 2540 2383 2384
f 2541 2384 2385
f 2542 2385 2386
f 2543 2386 2387
f 2544 2387 2388
f 2545 2388 2389
f 2546 2389 2390
f 2547 2390 2391
f 2548 2391 2392
f 2549 2392 2393
f 2550 2393 2394
f 2551 2394 2395
f 2552 2395 2396
f 2553 2396 2397
f 2554 2397 2398
f 2555 2398 2399
f 2556 2399 2400
f 2557 2400 2401
f 2558 2401 2402
f 2559 2402 2403
f 2560 2403 2404
f 2561 2404 2405
f 2562 2405 2406
f 2563 2406 2407
f 2564 2407 2408
f 2565 2408 2409
f 2566 2409 2410
f 2567 2410 2411
f 2568 2411 2412
f 2569 2412 2413
f 2570 2413 2414
f 2571 2414 2415
f 2572 2415 2416
f 2573 2416 2417
f 2574 2417 2418
f 2575 2418 2419
f 2576 2419 2420
f 2577 2420 2421
f 2578 2421 2422
f 2579 2422 2423
f 2580 2423 2424
f 2581 2424 2425
f 2582 2425 2426
f 2583 2426 2427
f 2584 2427 2428
f 2585 2428 2429
f 2586 2429 2430
f 2587 2430 2431
f 2588 2431 2432
f 2589 2432 2433
f 2590 2433 2434
f 2591 2434 2435
f 2592 2435 2436
f 2593 2436 2437
f 2594 2437 2438
f 2595 2438 2439
f 2596 2439 2440
f 2597 2440 2441
f 2598 2441 2442
f 2599 2442 2443
f 2600 2443 2444
f 2601 2444 2445
f 2602 2445 2446
f 2603 2446 2447
f 2604 2447 2448
f 2605 2448 2449
f 2606 2449 2450
f 2607 2450 2451
f 2608 2451 2452
f 2609 2452 2453
f 2610 2453 2454
f 2611 2454 2455
f 2612 2455 2456
f 2613 2456 2457
f 2614 2457 2458
f 2615 2458 2459
f 2616 2459 2460
f 2617 2460 2461
f 2618 2461 2462
f 2619 2462 2463
f 2620 2463 2464
f 2621 2464 2465
f 2622 2465 2466
f 2623 2466 2467
f 2624 2467 2468
f 2625 2468 2469
f 2626 2469 2470
f 2627 2470 2471
f 2628 2471 2472
f 2629 2472 2473
f 2630 2473 2474
f 2631 2474 2475
f 2632 2475 2476
f 2633 2476 2477
f 2634 2477 2478
f 2635 2478 2479
f 2636 2479 2480
f 2637 2480 2481
f 2638 2481 2482
f 2639 2485 2486
f 2640 2486 2487
f 2641 2487 2488
f 2642 2488 2489
f 2643 2489 2490
f 2644 2490 2491
f 2645 2491 2492
f 2646 2492 2493
f 2647 2493 2494
f 2648 2494 2495
f 2649 2495 2496
f 2650 2496 2497
f 2651 2497 2498
f 2652 2498 2499
f 2653 2499 2500
f 2654 2500 2501
f 2655 2501 2502
f 2656 2502 2503
f 2657 2503 2504
f 2658 2504 2505
f 2659 2505 2506
f 2660 2506 2507
f 2661 2507 2508
f 2662 2508 2509
f 2663 2509 2510
f 2664 2510 2511
f 2665 2511 2512
f 2666 2512 2513
f 2667 2513 2514
f 2668 2514 2515
f 2669 2515 2516
f 2670 2516 2517
f 2671 2517 2518
f 2672 2518 2519
f 2673 2519 2520
f 2674 2520 2521
f 2675 2521 2522
f 2676 2522 2523
f 2677 2523 2524
f 2678 2524 2525
f 2679 2525 2526
f 2680 2526 2527
f 2681 2527 2528
f 2682 2528 2529
f 2683 2529 2530
f 2684 2530 2531
f 2685 2531 2532
f 2686 2532 2533
f 2687 2533 2534
f 2688 2534 2535
f 2689 2535 2536
f 2690 2536 2537
f 2691 2537 2538
f 2692 2538 2539
f 2693 2539 2540
f 2694 2540 2541
f 2695 2541 2542
f 2696 2542 2543
f 2697 2543 2544
f 2698 2544 2545
f 2699 2545 2546
f 2700 2546 2547
f 2701 2547 2548
f 2702 2548 2549
f 2703 2549 2550
f 2704 2550 2551
f 2705 2551 2552
f 2706 2552 2553
f 2707 2553 2554
f 2708 2554 2555
f 2709 2555 2556
f 2710 2556 2557
f 2711 2557 2558
f 2712 2558 2559
f 2713 2559 2560
f 2714 2560 2561
f 2715 2561 2562
f 2716 2562 2563
f 2717 2563 2564
f 2718 2564 2565
f 2719 2565 2566
f 2720 2566 2567
f 2721 2567 2568
f 2722 2568 2569
f 2723 2569 2570
f 2724 2570 2571
f 2725 2571 2572
f 2726 2572 2573
f 2727 2573 2574
f 2728 2574 2575
f 2729 2575 2576
f 2730 2576 2577
f 2731 2577 2578
f 2732 2578 2579
f 2733 2579 2580
f 2734 2580 2581
f 2735 2581 2582
f 2736 2582 2583
f 2737 2583 2584
f 2738 2584 2585
f 2739 2585 2586
f 2740 2586 2587
f 2741 2587 2588
f 2742 2588 2589
f 2743 2589 2590
f 2744 2590 2591
f 2745 2591 2592
f 2746 2592 2593
f 2747 2593 2594
f 2748 2594 2595
f 2749 2595 2596
f 2750 2596 2597
f 2751 2597 2598
f 2752 2598 2599
f 2753 2599 2600
f 2754 2600 2601
f 2755 2601 2602
f 2756 2602 2603
f 2757 2603 2604
f 2758 2604 2605
f 2759 2605 2606
f 2760 2606 2607
f 2761 2607 2608
f 2762 2608 2609
f 2763 2609 2610
f 2764 2610 2611
f 2765 2611 2612
f 2766 2612 2613
f 2767 2613 2614
f 2768 2614 2615
f 2769 2615 2616
f 2770 2616 2617
f 2771 2617 2618
f 2772 2618 2619
f 2773 2619 2620
f 2774 2620 2621
f 2775 2621 2622
f 2776 2622 2623
f 2777 2623 2624
f 2778 2624 2625
f 2779 2625 2626
f 2780 2626 2627
f 2781 2627 2628
f 2782 2628 2629
f 2783 2629 2630
f 2784 2630 2631
f 2785 2631 2632
f 2786 2632 2633
f 2787 2633 2634
f 2788 2634 2635
f 2789 2635 2636
f 2790 2636 2637
f 2791 2637 2638
f 2792 2640 2641
f 2793 2641 2642
f 2794 2642 2643
f 2795 2643 2644
f 2796 2644 2645
f 2797 2645 2646
f 2798 2646 2647
f 2799 2647 2648
f 2800 2648 2649
f 2801 2649 2650
f 2802 2650 2651
f 2803 2651 2652
f 2804 2652 2653
f 2805 2653 2654
f 2806 2654 2655
f 2807 2655 2656
f 2808 2656 2657
f 2809 2657 2658
f 2810 2658 2659
f 2811 2659 2660
f 2812 2660 2661
f 2813 2661 2662
f 2814 2662 2663
f 2815 2663 2664
f 2816 2664 2665
f 2817 2665 2666
f 2818 2666 2667
f 2819 2667 2668
f 2820 2668 2669
f 2821 2669 2670
f 2822 2670 2671
f 2823 2671 2672
f 2824 2672 2673
f 2825 2673 2674
f 2826 2674 2675
f 2827 2675 2676
f 2828 2676 2677
f 2829 2677 2678
f 2830 2678 2679
f 2831 2679 2680
f 2832 2680 2681
f 2833 2681 2682
f 2834 2682 2683
f 2835 2683 2684
f 2836 2684 2685
f 2837 2685 2686
f 2838 2686 2687
f 2839 2687 2688
f 2840 2688 2689
f 2841 2689 2690
f 2842 2690 2691
f 2843 2691 2692
f 2844 2692 2693
f 2845 2693 2694
f 2846 2694 2695
f 2847 2695 2696
f 2848 2696 2697
f 2849 2697 2698
f 2850 2698 2699
f 2851 2699 2700
f 2852 2700 2701
f 2853 2701 2702
f 2854 2702 2703
f 2855 2703 2704
f 2856 2704 2705
f 2857 2705 2706
f 2858 2706 2707
f 2859 2707 2708
f 2860 2708 2709
f 2861 2709 2710
f 2862 2710 2711
f 2863 2711 2712
f 2864 2712 2713
f 2865 2713 2714
f 2866 2714 2715
f 2867 2715 2716
f 2868 2716 2717
f 2869 2717 2718
f 2870 2718 2719
f 2871 2719 2720
f 2872 2720 2721
f 2873 2721 2722
f 2874 2722 2723
f 2875 2723 2724
f 2876 2724 2725
f 2877 2725 2726
f 2878 2726 2727
f 2879 2727 2728
f 2880 2728 2729
f 2881 2729 2730
f 2882 2730 2731
f 2883 2731 2732
f 2884 2732 2733
f 2885 2733 2734
f 2886 2734 2735
f 2887 2735 2736
f 2888 2736 2737
f 2889 2737 2738
f 2890 2738 2739
f 2891 2739 2740
f 2892 2740 2741
f 2893 2741 2742
f 2894 2742 2743
f 2895 2743 2744
f 2896 2744 2745
f 2897 2745 2746
f 2898 2746 2747
f 2899 2747 2748
f 2900 2748 2749
f 2901 2749 2750
f 2902 2750 2751
f 2903 2751 2752
f 2904 2752 2753
f 2905 2753 2754
f 2906 2754 2755
f 2907 2755 2756
f 2908 2756 2757
f 2909 2757 2758
f 2910 2758 2759
f 2911 2759 2760
f 2912 2760 2761
f 2913 2761 2762
f 2914 2762 2763
f 2915 2763 2764
f 2916 2764 2765
f 2917 2765 2766
f 2918 2766 2767
f 2919 2767 2768
f 2920 2768 2769
f 2921 2769 2770
f 2922 2770 2771
f 2923 2771 2772
f 2924 2772 2773
f 2925 2773 2774
f 2926 2774 2775
f 2927 2775 2776
f 2928 2776 2777
f 2929 2777 2778
f 2930 2778 2779
f 2931 2779 2780
f 2932 2780 2781
f 2933 2781 2782
f 2934 2782 2783
f 2935 2783 2784
f 2936 2784 2785
f 2937 2785 2786
f 2938 2786 2787
f 2939 2787 2788
f 2940 2788 2789
f 2941 2789 2790
f 2942 2793 2794
f 2943 2794 2795
f 2944 2795 2796
f 2945 2796 2797
f 2946 2797 2798
f 2947 2798 2799
f 2948 2799 2800
f 2949 2800 2801
f 2950 2801 2802
f 2951 2802 2803
f 2952 2803 2804
f 2953 2804 2805
f 2954 2805 2806
f 2955 2806 2807
f 2956 2807 2808
f 2957 2808 2809
f 2958 2809 2810
f 2959 2810 2811
f 2960 2811 2812
f 2961 2812 2813
f 2962 2813 2814
f 2963 2814 2815
f 2964 2815 2816
f 2965 2816 2817
f 2966 2817 2818
f 2967 2818 2819
f 2968 2819 2820
f 2969 2820 2821
f 2970 2821 2822
f 2971 2822 2823
f 2972 2823 2824
f 2973 2824 2825
f 2974 2825 2826
f 2975 2826 2827
f 2976 2827 2828
f 2977 2828 2829
f 2978 2829 2830
f 2979 2830 2831
f 2980 2831 2832
f 2981 2832 2833
f 2982 2833 2834
f 2983 2834 2835
f 2984 2835 2836
f 2985 2836 2837
f 2986 2837 2838
f 2987 2838 2839
f 2988 2839 2840
f 2989 2840 2841
f 2990 2841 2842
f 2991 2842 2843
f 2992 2843 2844
f 2993 2844 2845
f 2994 2845 2846
f 2995 2846 2847
f 2996 2847 2848
f 2997 2848 2849
f 2998 2849 2850
f 2999 2850 2851
f 3000 2851 2852
f 3001 2852 2853
f 3002 2853 2854
f 3003 2854 2855
f 3004 2855 2856
f 3005 2856 2857
f 3006 2857 2858
f 3007 2858 2859
f 3008 2859 2860
f 3009 2860 2861
f 3010 2861 2862
f 3011 2862 2863
f 3012 2863 2864
f 3013 2864 2865
f 3014 2865 2866
f 3015 2866 2867
f 3016 2867 2868
f 3017 2868 2869
f 3018 2869 2870
f 3019 2870 2871
f 3020 2871 2872
f 3021 2872 2873
f 3022 2873 2874
f 3023 2874 2875
f 3024 2875 2876
f 3025 2876 2877
f 3026 2877 2878
f 3027 2878 2879
f 3028 2879 2880
f 3029 2880 2881
f 3030 2881 2882
f 3031 2882 2883
f 3032 2883 2884
f 3033 2884 2885
f 3034 2885 2886
f 3035 2886 2887
f 3036 2887 2888
f 3037 2888 2889
f 3038 2889 2890
f 3039 2890 2891
f 3040 2891 2892
f 3041 2892 2893
f 3042 2893 2894
f 3043 2894 2895
f 3044 2895 2896
f 3045 2896 2897
f 3046 2897 2898
f 3047 2898 2899
f 3048 2899 2900
f 3049 2900 2901
f 3050 2901 2902
f 3051 2902 2903
f 3052 2903 2904
f 3053 2904 2905
f 3054 2905 2906
f 3055 2906 2907
f 3056 2907 2908
f 3057 2908 2909
f 3058 2909 2910
f 3059 2910 2911
f 3060 2911 2912
f 3061 2912 2913
f 3062 2913 2914
f 3063 2914 2915
f 3064 2915 2916
f 3065 2916 2917
f 3066 2917 2918
f 3067 2918 2919
f 3068 2919 2920
f 3069 2920 2921
f 3070 2921 2922
f 3071 2922 2923
f 3072 2923 2924
f 3073 2924 2925
f 3074 2925 2926
f 3075 2926 2927
f 3076 2927 2928
f 3077 2928 2929
f 3078 2929 2930
f 3079 2930 2931
f 3080 2931 2932
f 3081 2932 2933
f 3082 2933 2934
f 3083 2934 2935
f 3084 2935 2936
f 3085 2936 2937
f 3086 2937 2938
f 3087 2938 2939
f 3088 2939 2940
f 3089 2942 2943
f 3090 2943 2944
f 3091 2944 2945
f 3092 2945 2946
f 3093 2946 2947
f 3094 2947 2948
f 3095 2948 2949
f 3096 2949 2950
f 3097 2950 2951
f 3098 2951 2952
f 3099 2952 2953
f 3100 2953 2954
f 3101 2954 2955
f 3102 2955 2956
f 3103 2956 2957
f 3104 2957 2958
f 3105 2958 2959
f 3106 2959 2960
f 3107 2960 2961
f 3108 2961 2962
f 3109 2962 2963
f 3110 2963 2964
f 3111 2964 2965
f 3112 2965 2966
f 3113 2966 2967
f 3114 2967 2968
f 3115 2968 2969
f 3116 2969 2970
f 3117 2970 2971
f 3118 2971 2972
f 3119 2972 2973
f 3120 2973 2974
f 3121 2974 2975
f 3122 2975 2976
f 3123 2976 2977
f 3124 2977 2978
f 3125 2978 2979
f 3126 2979 2980
f 3127 2980 2981
f 3128 2981 2982
f 3129 2982 2983
f 3130 2983 2984
f 3131 2984 2985
f 3132 2985 2986
f 3133 2986 2987
f 3134 2987 2988
f 3135 2988 2989
f 3136 2989 2990
f 3137 2990 2991
f 3138 2991 2992
f 3139 2992 2993
f 3140 2993 2994
f 3141 2994 2995
f 3142 2995 2996
f 3143 2996 2997
f 3144 2997 2998
f 3145 2998 2999
f 3146 2999 3000
f 3147 3000 3001
f 3148 3001 3002
f 3149 3002 3003
f 3150 3003 3004
f 3151 3004 3005
f 3152 3005 3006
f 3153 3006 3007
f 3154 3007 3008
f 3155 3008 3009
f 3156 3009 3010
f 3157 3010 3011
f 3158 3011 3012
f 3159 3012 3013
f 3160 3013 3014
f 3161 3014 3015
f 3162 3015 3016
f 3163 3016 3017
f 3164 3017 3018
f 3165 3018 3019
f 3166 3019 3020
f 3167 3020 3021
f 3168 3021 3022
f 3169 3022 3023
f 3170 3023 3024
f 3171 3024 3025
f 3172 3025 3026
f 3173 3026 3027
f 3174 3027 3028
f 3175 3028 3029
f 3176 3029 3030
f 3177 3030 3031
f 3178 3031 3032
f 3179 3032 3033
f 3180 3033 3034
f 3181 3034 3035
f 3182 3035 3036
f 3183 3036 3037
f 3184 3037 3038
f 3185 3038 3039
f 3186 3039 3040
f 3187 3040 3041
f 3188 3041 3042
f 3189 3042 3043
f 3190 3043 3044
f 3191 3044 3045
f 3192 3045 3046
f 3193 3046 3047
f 3194 3047 3048
f 3195 3048 3049
f 3196 3049 3050
f 3197 3050 3051
f 3198 3051 3052
f 3199 3052 3053
f 3200 3053 3054
f 3201 3054 3055
f 3202 3055 3056
f 3203 3056 3057
f 3204 3057 3058
f 3205 3058 3059
f 3206 3059 3060
f 3207 3060 3061
f 3208 3061 3062
f 3209 3062 3063
f 3210 3063 3064
f 3211 3064 3065
f 3212 3065 3066
f 3213 3066 3067
f 3214 3067 3068
f 3215 3068 3069
f 3216 3069 3070
f 3217 3070 3071
f 3218 3071 3072
f 3219 3072 3073
f 3220 3073 3074
f 3221 3074 3075
f 3222 3075 3076
f 3223 3076 3077
f 3224 3077 3078
f 3225 3078 3079
f 3226 3079 3080
f 3227 3080 3081
f 3228 3081 3082
f 3229 3082 3083
f 3230 3083 3084
f 3231 3084 3085
f 3232 3085 3086
f 3233 3086 3087
f 3234 3090 3091
f 3235 3091 3092
f 3236 3092 3093
f 3237 3093 3094
f 3238 3094 3095
f 3239 3095 3096
f 3240 3096 3097
f 3241 3097 3098
f 3242 3098 3099
f 3243 3099 3100
f 3244 3100 3101
f 3245 3101 3102
f 3246 3102 3103
f 3247 3103 3104
f 3248 3104 3105
f 3249 3105 3106
f 3250 3106 3107
f 3251 3107 3108
f 3252 3108 3109
f 3253 3109 3110
f 3254 3110 3111
f 3255 3111 3112
f 3256 3112 3113
f 3257 3113 3114
f 3258 3114 3115
f 3259 3115 3116
f 3260 3116 3117
f 3261 3117 3118
f 3262 3118 3119
f 3263 3119 3120
f 3264 3120 3121
f 3265 3121 3122
f 3266 3122 3123
f 3267 3123 3124
f 3268 3124 3125
f 3269 3125 3126
f 3270 3126 3127
f 3271 3127 3128
f 3272 3128 3129
f 3273 3129 3130
f 3274 3130 3131
f 3275 3131 3132
f 3276 3132 3133
f 3277 3133 3134
f 3278 3134 3135
f 3279 3135 3136
f 3280 3136 3137
f 3281 3137 3138
f 3282 3138 3139
f 3283 3139 3140
f 3284 3140 3141
f 3285 3141 3142
f 3286 3142 3143
f 3287 3143 3144
f 3288 3144 3145
f 3289 3145 3146
f 3290 3146 3147
f 3291 3147 3148
f 3292 3148 3149
f 3293 3149 3150
f 3294 3150 3151
f 3295 3151 3152
f 3296 3152 3153
f 3297 3153 3154
f 3298 3154 3155
f 3299 3155 3156
f 3300 3156 3157
f 3301 3157 3158
f 3302 3158 3159
f 3303 3159 3160
f 3304 3160 3161
f 3305 3161 3162
f 3306 3162 3163
f 3307 3163 3164
f 3308 3164 3165
f 3309 3165 3166
f 3310 3166 3167
f 3311 3167 3168
f 3312 3168 3169
f 3313 3169 3170
f 3314 3170 3171
f 3315 3171 3172
f 3316 3172 3173
f 3317 3173 3174
f 3318 3174 3175
f 3319 3175 3176
f 3320 3176 3177
f 3321 3177 3178
f 3322 3178 3179
f 3323 3179 3180
f 3324 3180 3181
f 3325 3181 3182
f 3326 3182 3183
f 3327 3183 3184
f 3328 3184 3185
f 3329 3185 3186
f 3330 3186 3187
f 3331 3187 3188
f 3332 3188 3189
f 3333 3189 3190
f 3334 3190 3191
f 3335 3191 3192
f 3336 3192 3193
f 3337 3193 3194
f 3338 3194 3195
f 3339 3195 3196
f 3340 3196 3197
f 3341 3197 3198
f 3342 3198 3199
f 3343 3199 3200
f 3344 3200 3201
f 3345 3201 3202
f 3346 3202 3203
f 3347 3203 3204
f 3348 3204 3205
f 3349 3205 3206
f 3350 3206 3207
f 3351 3207 3208
f 3352 3208 3209
f 3353 3209 3210
f 3354 3210 3211
f 3355 3211 3212
f 3356 3212 3213
f 3357 3213 3214
f 3358 3214 3215
f 3359 3215 3216
f 3360 3216 3217
f 3361 3217 3218
f 3362 3218 3219
f 3363 3219 3220
f 3364 3220 3221
f 3365 3221 3222
f 3366 3222 3223
f 3367 3223 3224
f 3368 3224 3225
f 3369 3225 3226
f 3370 3226 3227
f 3371 3227 3228
f 3372 3228 3229
f 3373 3229 3230
f 3374 3230 3231
f 3375 3231 3232
f 3376 3232 3233
f 3377 3235 3236
f 3378 3236 3237
f 3379 3237 3238
f 3380 3238 3239
f 3381 3239 3240
f 3382 3240 3241
f 3383 3241 3242
f 3384 3242 3243
f 3385 3243 3244
f 3386 3244 3245
f 3387 3245 3246
f 3388 3246 3247
f 3389 3247 3248
f 3390 3248 3249
f 3391 3249 3250
f 3392 3250 3251
f 3393 3251 3252
f 3394 3252 3253
f 3395 3253 3254
f 3396 3254 3255
f 3397 3255 3256
f 3398 3256 3257
f 3399 3257 3258
f 3400 3258 3259
f 3401 3259 3260
f 3402 3260 3261
f 3403 3261 3262
f 3404 3262 3263
f 3405 3263 3264
f 3406 3264 3265
f 3407 3265 3266
f 3408 3266 3267
f 3409 3267 3268
f 3410 3268 3269
f 3411 3269 3270
f 3412 3270 3271
f 3413 3271 3272
f 3414 3272 3273
f 3415 3273 3274
f 3416 3274 3275
f 3417 3275 3276
f 3418 3276 3277
f 3419 3277 3278
f 3420 3278 3279
f 3421 3279 3280
f 3422 3280 3281
f 3423 3281 3282
f 3424 3282 3283
f 3425 3283 3284
f 3426 3284 3285
f 3427 3285 3286
f 3428 3286 3287
f 3429 3287 3288
f 3430 3288 3289
f 3431 3289 3290
f 3432 3290 3291
f 3433 3291 3292
f 3434 3292 3293
f 3435 3293 3294
f 3436 3294 3295
f 3437 3295 3296
f 3438 3296 3297
f 3439 3297 3298
f 3440 3298 3299
f 3441 3299 3300
f 3442 3300 3301
f 3443 3301 3302
f 3444 3302 3303
f 3445 3303 3304
f 3446 3304 3305
f 3447 3305 3306
f 3448 3306 3307
f 3449 3307 3308
f 3450 3308 3309
f 3451 3309 3310
f 3452 3310 3311
f 3453 3311 3312
f 3454 3312 3313
f 3455 3313 3314
f 3456 3314 3315
f 3457 3315 3316
f 3458 3316 3317
f 3459 3317 3318
f 3460 3318 3319
f 3461 3319 3320
f 3462 3320 3321
f 3463 3321 3322
f 3464 3322 3323
f 3465 3323 3324
f 3466 3324 3325
f 3467 3325 3326
f 3468 3326 3327
f 3469 3327 3328
f 3470 3328 3329
f 3471 3329 3330
f 3472 3330 3331
f 3473 3331 3332
f 3474 3332 3333
f 3475 3333 3334
f 3476 3334 3335
f 3477 3335 3336
f 3478 3336 3337
f 3479 3337 3338
f 3480 3338 3339
f 3481 3339 3340
f 3482 3340 3341
f 3483 3341 3342
f 3484 3342 3343
f 3485 3343 3344
f 3486 3344 3345
f 3487 3345 3346
f 3488 3346 3347
f 3489 3347 3348
f 3490 3348 3349
f 3491 3349 3350
f 3492 3350 3351
f 3493 3351 3352
f 3494 3352 3353
f 3495 3353 3354
f 3496 3354 3355
f 3497 3355 3356
f 3498 3356 3357
f 3499 3357 3358
f 3500 3358 3359
f 3501 3359 3360
f 3502 3360 3361
f 3503 3361 3362
f 3504 3362 3363
f 3505 3363 3364
f 3506 3364 3365
f 3507 3365 3366
f 3508 3366 3367
f 3509 3367 3368
f 3510 3368 3369
f 3511 3369 3370
f 3512 3370 3371
f 3513 3371 3372
f 3514 3372 3373
f 3515 3373 3374
f 3516 3374 3375
f 3517 3377 3378
f 3518 3378 3379
f 3519 3379 3380
f 3520 3380 3381
f 3521 3381 3382
f 3522 3382 3383
f 3523 3383 3384
f 3524 3384 3385
f 3525 3385 3386
f 3526 3386 3387
f 3527 3387 3388
f 3528 3388 3389
f 3529 3389 3390
f 3530 3390 3391
f 3531 3391 3392
f 3532 3392 3393
f 3533 3393 3394
f 3534 3394 3395
f 3535 3395 3396
f 3536 3396 3397
f 3537 3397 3398
f 3538 3398 3399
f 3539 3399 3400
f 3540 3400 3401
f 3541 3401 3402
f 3542 3402 3403
f 3543 3403 3404
f 3544 3404 3405
f 3545 3405 3406
f 3546 3406 3407
f 3547 3407 3408
f 3548 3408 3409
f 3549 3409 3410
f 3550 3410 3411
f 3551 3411 3412
f 3552 3412 3413
f 3553 3413 3414
f 3554 3414 3415
f 3555 3415 3416
f 3556 3416 3417
f 3557 3417 3418
f 3558 3418 3419
f 3559 3419 3420
f 3560 3420 3421
f 3561 3421 3422
f 3562 3422 3423
f 3563 3423 3424
f 3564 3424 3425
f 3565 3425 3426
f 3566 3426 3427
f 3567 3427 3428
f 3568 3428 3429
f 3569 3429 3430
f 3570 3430 3431
f 3571 3431 3432
f 3572 3432 3433
f 3573 3433 3434
f 3574 3434 3435
f 3575 3435 3436
f 3576 3436 3437
f 3577 3437 3438
f 3578 3438 3439
f 3579 3439 3440
f 3580 3440 3441
f 3581 3441 3442
f 3582 3442 3443
f 3583 3443 3444
f 3584 3444 3445
f 3585 3445 3446
f 3586 3446 3447
f 3587 3447 3448
f 3588 3448 3449
f 3589 3449 3450
f 3590 3450 3451
f 3591 3451 3452
f 3592 3452 3453
f 3593 3453 3454
f 3594 3454 3455
f 3595 3455 3456
f 3596 3456 3457
f 3597 3457 3458
f 3598 3458 3459
f 3599 3459 3460
f 3600 3460 3461
f 3601 3461 3462
f 3602 3462 3463
f 3603 3463 3464
f 3604 3464 3465
f 3605 3465 3466
f 3606 3466 3467
f 3607 3467 3468
f 3608 3468 3469
f 3609 3469 3470
f 3610 3470 3471
f 3611 3471 3472
f 3612 3472 3473
f 3613 3473 3474
f 3614 3474 3475
f 3615 3475 3476
f 3616 3476 3477
f 3617 3477 3478
f 3618 3478 3479
f 3619 3479 3480
f 3620 3480 3481
f 3621 3481 3482
f 3622 3482 3483
f 3623 3483 3484
f 3624 3484 3485
f 3625 3485 3486
f 3626 3486 3487
f 3627 3487 3488
f 3628 3488 3489
f 3629 3489 3490
f 3630 3490 3491
f 3631 3491 3492
f 3632 3492 3493
f 3633 3493 3494
f 3634 3494 3495
f 3635 3495 3496
f 3636 3496 3497
f 3637 3497 3498
f 3638 3498 3499
f 3639 3499 3500
f 3640 3500 3501
f 3641 3501 3502
f 3642 3502 3503
f 3643 3503 3504
f 3644 3504 3505
f 3645 3505 3506
f 3646 3506 3507
f 3647 3507 3508
f 3648 3508 3509
f 3649 3509 3510
f 3650 3510 3511
f 3651 3511 3512
f 3652 3512 3513
f 3653 3513 3514
f 3654 3514 3515
f 3655 3515 3516
f 3656 3518 3519
f 3657 3519 3520
f 3658 3520 3521
f 3659 3521 3522
f 3660 3522 3523
f 3661 3523 3524
f 3662 3524 3525
f 3663 3525 3526
f 3664 3526 3527
f 3665 3527 3528
f 3666 3528 3529
f 3667 3529 3530
f 3668 3530 3531
f 3669 3531 3532
f 3670 3532 3533
f 3671 3533 3534
f 3672 3534 3535
f 3673 3535 3536
f 3674 3536 3537
f 3675 3537 3538
f 3676 3538 3539
f 3677 3539 3540
f 3678 3540 3541
f 3679 3541 3542
f 3680 3542 3543
f 3681 3543 3544
f 3682 3544 3545
f 3683 3545 3546
f 3684 3546 3547
f 3685 3547 3548
f 3686 3548 3549
f 3687 3549 3550
f 3688 3550 3551
f 3689 3551 3552
f 3690 3552 3553
f 3691 3553 3554
f 3692 3554 3555
f 3693 3555 3556
f 3694 3556 3557
f 3695 3557 3558
f 3696 3558 3559
f 3697 3559 3560
f 3698 3560 3561
f 3699 3561 3562
f 3700 3562 3563
f 3701 3563 3564
f 3702 3564 3565
f 3703 3565 3566
f 3704 3566 3567
f 3705 3567 3568
f 3706 3568 3569
f 3707 3569 3570
f 3708 3570 3571
f 3709 3571 3572
f 3710 3572 3573
f 3711 3573 3574
f 3712 3574 3575
f 3713 3575 3576
f 3714 3576 3577
f 3715 3577 3578
f 3716 3578 3579
f 3717 3579 3580
f 3718 3580 3581
f 3719 3581 3582
f 3720 3582 3583
f 3721 3583 3584
f 3722 3584 3585
f 3723 3585 3586
f 3724 3586 3587
f 3725 3587 3588
f 3726 3588 3589
f 3727 3589 3590
f 3728 3590 3591
f 3729 3591 3592
f 3730 3592 3593
f 3731 3593 3594
f 3732 3594 3595
f 3733 3595 3596
f 3734 3596 3597
f 3735 3597 3598
f 3736 3598 3599
f 3737 3599 3600
f 3738 3600 3601
f 3739 3601 3602
f 3740 3602 3603
f 3741 3603 3604
f 3742 3604 3605
f 3743 3605 3606
f 3744 3606 3607
f 3745 3607 3608
f 3746 3608 3609
f 3747 3609 3610
f 3748 3610 3611
f 3749 3611 3612
f 3750 3612 3613
f 3751 3613 3614
f 3752 3614 3615
f 3753 3615 3616
f 3754 3616 3617
f 3755 3617 3618
f 3756 3618 3619
f 3757 3619 3620
f 3758 3620 3621
f 3759 3621 3622
f 3760 3622 3623
f 3761 3623 3624
f 3762 3624 3625
f 3763 3625 3626
f 3764 3626 3627
f 3765 3627 3628
f 3766 3628 3629
f 3767 3629 3630
f 3768 3630 3631
f 3769 3631 3632
f 3770 3632 3633
f 3771 3633 3634
f 3772 3634 3635
f 3773 3635 3636
f 3774 3636 3637
f 3775 3637 3638
f 3776 3638 3639
f 3777 3639 3640
f 3778 3640 3641
f 3779 3641 3642
f 3780 3642 3643
f 3781 3643 3644
f 3782 3644 3645
f 3783 3645 3646
f 3784 3646 3647
f 3785 3647 3648
f 3786 3648 3649
f 3787 3649 3650
f 3788 3650 3651
f 3789 3651 3652
f 3790 3652 3653
f 3791 3653 3654
f 3792 3657 3658
f 3793 3658 3659
f 3794 3659 3660
f 3795 3660 3661
f 3796 3661 3662
f 3797 3662 3663
f 3798 3663 3664
f 3799 3664 3665
f 3800 3665 3666
f 3801 3666 3667
f 3802 3667 3668
f 3803 3668 3669
f 3804 3669 3670
f 3805 3670 3671
f 3806 3671 3672
f 3807 3672 3673
f 3808 3673 3674
f 3809 3674 3675
f 3810 3675 3676
f 3811 3676 3677
f 3812 3677 3678
f 3813 3678 3679
f 3814 3679 3680
f 3815 3680 3681
f 3816 3681 3682
f 3817 3682 3683
f 3818 3683 3684
f 3819 3684 3685
f 3820 3685 3686
f 3821 3686 3687
f 3822 3687 3688
f 3823 3688 3689
f 3824 3689 3690
f 3825 3690 3691
f 3826 3691 3692
f 3827 3692 3693
f 3828 3693 3694
f 3829 3694 3695
f 3830 3695 3696
f 3831 3696 3697
f 3832 3697 3698
f 3833 3698 3699
f 3834 3699 3700
f 3835 3700 3701
f 3836 3701 3702
f 3837 3702 3703
f 3838 3703 3704
f 3839 3704 3705
f 3840 3705 3706
f 3841 3706 3707
f 3842 3707 3708
f 3843 3708 3709
f 3844 3709 3710
f 3845 3710 3711
f 3846 3711 3712
f 3847 3712 3713
f 3848 3713 3714
f 3849 3714 3715
f 3850 3715 3716
f 3851 3716 3717
f 3852 3717 3718
f 3853 3718 3719
f 3854 3719 3720
f 3855 3720 3721
f 3856 3721 3722
f 3857 3722 3723
f 3858 3723 3724
f 3859 3724 3725
f 3860 3725 3726
f 3861 3726 3727
f 3862 3727 3728
f 3863 3728 3729
f 3864 3729 3730
f 3865 3730 3731
f 3866 3731 3732
f 3867 3732 3733
f 3868 3733 3734
f 3869 3734 3735
f 3870 3735 3736
f 3871 3736 3737
f 3872 3737 3738
f 3873 3738 3739
f 3874 3739 3740
f 3875 3740 3741
f 3876 3741 3742
f 3877 3742 3743
f 3878 3743 3744
f 3879 3744 3745
f 3880 3745 3746
f 3881 3746 3747
f 3882 3747 3748
f 3883 3748 3749
f 3884 3749 3750
f 3885 3750 3751
f 3886 3751 3752
f 3887 3752 3753
f 3888 3753 3754
f 3889 3754 3755
f 3890 3755 3756
f 3891 3756 3757
f 3892 3757 3758
f 3893 3758 3759
f 3894 3759 3760
f 3895 3760 3761
f 3896 3761 3762
f 3897 3762 3763
f 3898 3763 3764
f 3899 3764 3765
f 3900 3765 3766
f 3901 3766 3767
f 3902 3767 3768
f 3903 3768 3769
f 3904 3769 3770
f 3905 3770 3771
f 3906 3771 3772
f 3907 3772 3773
f 3908 3773 3774
f 3909 3774 3775
f 3910 3775 3776
f 3911 3776 3777
f 3912 3777 3778
f 3913 3778 3779
f 3914 3779 3780
f 3915 3780 3781
f 3916 3781 3782
f 3917 3782 3783
f 3918 3783 3784
f 3919 3784 3785
f 3920 3785 3786
f 3921 3786 3787
f 3922 3787 3788
f 3923 3788 3789
f 3924 3789 3790
f 3925 3790 3791
f 3926 3792 3793
f 3927 3793 3794
f 3928 3794 3795
f 3929 3795 3796
f 3930 3796 3797
f 3931 3797 3798
f 3932 3798 3799
f 3933 3799 3800
f 3934 3800 3801
f 3935 3801 3802
f 3936 3802 3803
f 3937 3803 3804
f 3938 3804 3805
f 3939 3805 3806
f 3940 3806 3807
f 3941 3807 3808
f 3942 3808 3809
f 3943 3809 3810
f 3944 3810 3811
f 3945 3811 3812
f 3946 3812 3813
f 3947 3813 3814
f 3948 3814 3815
f 3949 3815 3816
f 3950 3816 3817
f 3951 3817 3818
f 3952 3818 3819
f 3953 3819 3820
f 3954 3820 3821
f 3955 3821 3822
f 3956 3822 3823
f 3957 3823 3824
f 3958 3824 3825
f 3959 3825 3826
f 3960 3826 3827
f 3961 3827 3828
f 3962 3828 3829
f 3963 3829 3830
f 3964 3830 3831
f 3965 3831 3832
f 3966 3832 3833
f 3967 3833 3834
f 3968 3834 3835
f 3969 3835 3836
f 3970 3836 3837
f 3971 3837 3838
f 3972 3838 3839
f 3973 3839 3840
f 3974 3840 3841
f 3975 3841 3842
f 3976 3842 3843
f 3977 3843 3844
f 3978 3844 3845
f 3979 3845 3846
f 3980 3846 3847
f 3981 3847 3848
f 3982 3848 3849
f 3983 3849 3850
f 3984 3850 3851
f 3985 3851 3852
f 3986 3852 3853
f 3987 3853 3854
f 3988 3854 3855
f 3989 3855 3856
f 3990 3856 3857
f 3991 3857 3858
f 3992 3858 3859
f 3993 3859 3860
f 3994 3860 3861
f 3995 3861 3862
f 3996 3862 3863
f 3997 3863 3864
f 3998 3864 3865
f 3999 3865 3866
f 4000 3866 3867
f 4001 3867 3868
f 4002 3868 3869
f 4003 3869 3870
f 4004 3870 3871
f 4005 3871 3872
f 4006 3872 3873
f 4007 3873 3874
f 4008 3874 3875
f 4009 3875 3876
f 4010 3876 3877
f 4011 3877 3878
f 4012 3878 3879
f 4013 3879 3880
f 4014 3880 3881
f 4015 3881 3882
f 4016 3882 3883
f 4017 3883 3884
f 4018 3884 3885
f 4019 3885 3886
f 4020 3886 3887
f 4021 3887 3888
f 4022 3888 3889
f 4023 3889 3890
f 4024 3890 3891
f 4025 3891 3892
f 4026 3892 3893
f 4027 3893 3894
f 4028 3894 3895
f 4029 3895 3896
f 4030 3896 3897
f 4031 3897 3898
f 4032 3898 3899
f 4033 3899 3900
f 4034 3900 3901
f 4035 3901 3902
f 4036 3902 3903
f 4037 3903 3904
f 4038 3904 3905
f 4039 3905 3906
f 4040 3906 3907
f 4041 3907 3908
f 4042 3908 3909
f 4043 3909 3910
f 4044 3910 3911
f 4045 3911 3912
f 4046 3912 3913
f 4047 3913 3914
f 4048 3914 3915
f 4049 3915 3916
f 4050 3916 3917
f 4051 3917 3918
f 4052 3918 3919
f 4053 3919 3920
f 4054 3920 3921
f 4055 3921 3922
f 4056 3922 3923
f 4057 3923 3924
f 4058 3927 3928
f 4059 3928 3929
f 4060 3929 3930
f 4061 3930 3931
f 4062 3931 3932
f 4063 3932 3933
f 4064 3933 3934
f 4065 3934 3935
f 4066 3935 3936
f 4067 3936 3937
f 4068 3937 3938
f 4069 3938 3939
f 4070 3939 3940
f 4071 3940 3941
f 4072 3941 3942
f 4073 3942 3943
f 4074 3943 3944
f 4075 3944 3945
f 4076 3945 3946
f 4077 3946 3947
f 4078 3947 3948
f 4079 3948 3949
f 4080 3949 3950
f 4081 3950 3951
f 4082 3951 3952
f 4083 3952 3953
f 4084 3953 3954
f 4085 3954 3955
f 4086 3955 3956
f 4087 3956 3957
f 4088 3957 3958
f 4089 3958 3959
f 4090 3959 3960
f 4091 3960 3961
f 4092 3961 3962
f 4093 3962 3963
f 4094 3963 3964
f 4095 3964 3965
f 4096 3965 3966
f 4097 3966 3967
f 4098 3967 3968
f 4099 3968 3969
f 4100 3969 3970
f 4101 3970 3971
f 4102 3971 3972
f 4103 3972 3973
f 4104 3973 3974
f 4105 3974 3975
f 4106 3975 3976
f 4107 3976 3977
f 4108 3977 3978
f 4109 3978 3979
f 4110 3979 3980
f 4111 3980 3981
f 4112 3981 3982
f 4113 3982 3983
f 4114 3983 3984
f 4115 3984 3985
f 4116 3985 3986
f 4117 3986 3987
f 4118 3987 3988
f 4119 3988 3989
f 4120 3989 3990
f 4121 3990 3991
f 4122 3991 3992
f 4123 3992 3993
f 4124 3993 3994
f 4125 3994 3995
f 4126 3995 3996
f 4127 3996 3997
f 4128 3997 3998
f 4129 3998 3999
f 4130 3999 4000
f 4131 4000 4001
f 4132 4001 4002
f 4133 4002 4003
f 4134 4003 4004
f 4135 4004 4005
f 4136 4005 4006
f 4137 4006 4007
f 4138 4007 4008
f 4139 4008 4009
f 4140 4009 4010
f 4141 4010 4011
f 4142 4011 4012
f 4143 4012 4013
f 4144 4013 4014
f 4145 4014 4015
f 4146 4015 4016
f 4147 4016 4017
f 4148 4017 4018
f 4149 4018 4019
f 4150 4019 4020
f 4151 4020 4021
f 4152 4021 4022
f 4153 4022 4023
f 4154 4023 4024
f 4155 4024 4025
f 4156 4025 4026
f 4157 4026 4027
f 4158 4027 4028
f 4159 4028 4029
f 4160 4029 4030
f 4161 4030 4031
f 4162 4031 4032
f 4163 4032 4033
f 4164 4033 4034
f 4165 4034 4035
f 4166 4035 4036
f 4167 4036 4037
f 4168 4037 4038
f 4169 4038 4039
f 4170 4039 4040
f 4171 4040 4041
f 4172 4041 4042
f 4173 4042 4043
f 4174 4043 4044
f 4175 4044 4045
f 4176 4045 4046
f 4177 4046 4047
f 4178 4047 4048
f 4179 4048 4049
f 4180 4049 4050
f 4181 4050 4051
f 4182 4051 4052
f 4183 4052 4053
f 4184 4053 4054
f 4185 4054 4055
f 4186 4055 4056
f 4187 4056 4057
f 4058 4059 4188
f 4188 4059 4060
f 4189 4060 4061
f 4190 4061 4062
f 4191 4062 4063
f 4192 4063 4064
f 4193 4064 4065
f 4194 4065 4066
f 4195 4066 4067
f 4196 4067 4068
f 4197 4068 4069
f 4198 4069 4070
f 4199 4070 4071
f 4200 4071 4072
f 4201 4072 4073
f 4202 4073 4074
f 4203 4074 4075
f 4204 4075 4076
f 4205 4076 4077
f 4206 4077 4078
f 4207 4078 4079
f 4208 4079 4080
f 4209 4080 4081
f 4210 4081 4082
f 4211 4082 4083
f 4212 4083 4084
f 4213 4084 4085
f 4214 4085 4086
f 4215 4086 4087
f 4216 4087 4088
f 4217 4088 4089
f 4218 4089 4090
f 4219 4090 4091
f 4220 4091 4092
f 4221 4092 4093
f 4222 4093 4094
f 4223 4094 4095
f 4224 4095 4096
f 4225 4096 4097
f 4226 4097 4098
f 4227 4098 4099
f 4228 4099 4100
f 4229 4100 4101
f 4230 4101 4102
f 4231 4102 4103
f 4232 4103 4104
f 4233 4104 4105
f 4234 4105 4106
f 4235 4106 4107
f 4236 4107 4108
f 4237 4108 4109
f 4238 4109 4110
f 4239 4110 4111
f 4240 4111 4112
f 4241 4112 4113
f 4242 4113 4114
f 4243 4114 4115
f 4244 4115 4116
f 4245 4116 4117
f 4246 4117 4118
f 4247 4118 4119
f 4248 4119 4120
f 4249 4120 4121
f 4250 4121 4122
f 4251 4122 4123
f 4252 4123 4124
f 4253 4124 4125
f 4254 4125 4126
f 4255 4126 4127
f 4256 4127 4128
f 4257 4128 4129
f 4258 4129 4130
f 4259 4130 4131
f 4260 4131 4132
f 4261 4132 4133
f 4262 4133 4134
f 4263 4134 4135
f 4264 4135 4136
f 4265 4136 4137
f 4266 4137 4138
f 4267 4138 4139
f 4268 4139 4140
f 4269 4140 4141
f 4270 4141 4142
f 4271 4142 4143
f 4272 4143 4144
f 4273 4144 4145
f 4274 4145 4146
f 4275 4146 4147
f 4276 4147 4148
f 4277 4148 4149
f 4278 4149 4150
f 4279 4150 4151
f 4280 4151 4152
f 4281 4152 4153
f 4282 4153 4154
f 4283 4154 4155
f 4284 4155 4156
f 4285 4156 4157
f 4286 4157 4158
f 4287 4158 4159
f 4288 4159 4160
f 4289 4160 4161
f 4290 4161 4162
f 4291 4162 4163
f 4292 4163 4164
f 4293 4164 4165
f 4294 4165 4166
f 4295 4166 4167
f 4296 4167 4168
f 4297 4168 4169
f 4298 4169 4170
f 4299 4170 4171
f 4300 4171 4172
f 4301 4172 4173
f 4302 4173 4174
f 4303 4174 4175
f 4304 4175 4176
f 4305 4176 4177
f 4306 4177 4178
f 4307 4178 4179
f 4308 4179 4180
f 4309 4180 4181
f 4310 4181 4182
f 4311 4182 4183
f 4312 4183 4184
f 4313 4184 4185
f 4314 4185 4186
f 4315 4188 4189
f 4316 4189 4190
f 4317 4190 4191
f 4318 4191 4192
f 4319 4192 4193
f 4320 4193 4194
f 4321 4194 4195
f 4322 4195 4196
f 4323 4196 4197
f 4324 4197 4198
f 4325 4198 4199
f 4326 4199 4200
f 4327 4200 4201
f 4328 4201 4202
f 4329 4202 4203
f 4330 4203 4204
f 4331 4204 4205
f 4332 4205 4206
f 4333 4206 4207
f 4334 4207 4208
f 4335 4208 4209
f 4336 4209 4210
f 4337 4210 4211
f 4338 4211 4212
f 4339 4212 4213
f 4340 4213 4214
f 4341 4214 4215
f 4342 4215 4216
f 4343 4216 4217
f 4344 4217 4218
f 4345 4218 4219
f 4346 4219 4220
f 4347 4220 4221
f 4348 4221 4222
f 4349 4222 4223
f 4350 4223 4224
f 4351 4224 4225
f 4352 4225 4226
f 4353 4226 4227
f 4354 4227 4228
f 4355 4228 4229
f 4356 4229 4230
f 4357 4230 4231
f 4358 4231 4232
f 4359 4232 4233
f 4360 4233 4234
f 4361 4234 4235
f 4362 4235 4236
f 4363 4236 4237
f 4364 4237 4238
f 4365 4238 4239
f 4366 4239 4240
f 4367 4240 4241
f 4368 4241 4242
f 4369 4242 4243
f 4370 4243 4244
f 4371 4244 4245
f 4372 4245 4246
f 4373 4246 4247
f 4374 4247 4248
f 4375 4248 4249
f 4376 4249 4250
f 4377 4250 4251
f 4378 4251 4252
f 4379 4252 4253
f 4380 4253 4254
f 4381 4254 4255
f 4382 4255 4256
f 4383 4256 4257
f 4384 4257 4258
f 4385 4258 4259
f 4386 4259 4260
f 4387 4260 4261
f 4388 4261 4262
f 4389 4262 4263
f 4390 4263 4264
f 4391 4264 4265
f 4392 4265 4266
f 4393 4266 4267
f 4394 4267 4268
f 4395 4268 4269
f 4396 4269 4270
f 4397 4270 4271
f 4398 4271 4272
f 4399 4272 4273
f 4400 4273 4274
f 4401 4274 4275
f 4402 4275 4276
f 4403 4276 4277
f 4404 4277 4278
f 4405 4278 4279
f 4406 4279 4280
f 4407 4280 4281
f 4408 4281 4282
f 4409 4282 4283
f 4410 4283 4284
f 4411 4284 4285
f 4412 4285 4286
f 4413 4286 4287
f 4414 4287 4288
f 4415 4288 4289
f 4416 4289 4290
f 4417 4290 4291
f 4418 4291 4292
f 4419 4292 4293
f 4420 4293 4294
f 4421 4294 4295
f 4422 4295 4296
f 4423 4296 4297
f 4424 4297 4298
f 4425 4298 4299
f 4426 4299 4300
f 4427 4300 4301
f 4428 4301 4302
f 4429 4302 4303
f 4430 4303 4304
f 4431 4304 4305
f 4432 4305 4306
f 4433 4306 4307
f 4434 4307 4308
f 4435 4308 4309
f 4436 4309 4310
f 4437 4310 4311
f 4438 4311 4312
f 4439 4312 4313
f 4440 4313 4314
f 4441 4316 4317
f 4442 4317 4318
f 4443 4318 4319
f 4444 4319 4320
f 4445 4320 4321
f 4446 4321 4322
f 4447 4322 4323
f 4448 4323 4324
f 4449 4324 4325
f 4450 4325 4326
f 4451 4326 4327
f 4452 4327 4328
f 4453 4328 4329
f 4454 4329 4330
f 4455 4330 4331
f 4456 4331 4332
f 4457 4332 4333
f 4458 4333 4334
f 4459 4334 4335
f 4460 4335 4336
f 4461 4336 4337
f 4462 4337 4338
f 4463 4338 4339
f 4464 4339 4340
f 4465 4340 4341
f 4466 4341 4342
f 4467 4342 4343
f 4468 4343 4344
f 4469 4344 4345
f 4470 4345 4346
f 4471 4346 4347
f 4472 4347 4348
f 4473 4348 4349
f 4474 4349 4350
f 4475 4350 4351
f 4476 4351 4352
f 4477 4352 4353
f 4478 4353 4354
f 4479 4354 4355
f 4480 4355 4356
f 4481 4356 4357
f 4482 4357 4358
f 4483 4358 4359
f 4484 4359 4360
f 4485 4360 4361
f 4486 4361 4362
f 4487 4362 4363
f 4488 4363 4364
f 4489 4364 4365
f 4490 4365 4366
f 4491 4366 4367
f 4492 4367 4368
f 4493 4368 4369
f 4494 4369 4370
f 4495 4370 4371
f 4496 4371 4372
f 4497 4372 4373
f 4498 4373 4374
f 4499 4374 4375
f 4500 4375 4376
f 4501 4376 4377
f 4502 4377 4378
f 4503 4378 4379
f 4504 4379 4380
f 4505 4380 4381
f 4506 4381 4382
f 4507 4382 4383
f 4508 4383 4384
f 4509 4384 4385
f 4510 4385 4386
f 4511 4386 4387
f 4512 4387 4388
f 4513 4388 4389
f 4514 4389 4390
f 4515 4390 4391
f 4516 4391 4392
f 4517 4392 4393
f 4518 4393 4394
f 4519 4394 4395
f 4520 4395 4396
f 4521 4396 4397
f 4522 4397 4398
f 4523 4398 4399
f 4524 4399 4400
f 4525 4400 4401
f 4526 4401 4402
f 4527 4402 4403
f 4528 4403 4404
f 4529 4404 4405
f 4530 4405 4406
f 4531 4406 4407
f 4532 4407 4408
f 4533 4408 4409
f 4534 4409 4410
f 4535 4410 4411
f 4536 4411 4412
f 4537 4412 4413
f 4538 4413 4414
f 4539 4414 4415
f 4540 4415 4416
f 4541 4416 4417
f 4542 4417 4418
f 4543 4418 4419
f 4544 4419 4420
f 4545 4420 4421
f 4546 4421 4422
f 4547 4422 4423
f 4548 4423 4424
f 4549 4424 4425
f 4550 4425 4426
f 4551 4426 4427
f 4552 4427 4428
f 4553 4428 4429
f 4554 4429 4430
f 4555 4430 4431
f 4556 4431 4432
f 4557 4432 4433
f 4558 4433 4434
f 4559 4434 4435
f 4560 4435 4436
f 4561 4436 4437
f 4562 4437 4438
f 4563 4438 4439
f 4564 4441 4442
f 4565 4442 4443
f 4566 4443 4444
f 4567 4444 4445
f 4568 4445 4446
f 4569 4446 4447
f 4570 4447 4448
f 4571 4448 4449
f 4572 4449 4450
f 4573 4450 4451
f 4574 4451 4452
f 4575 4452 4453
f 4576 4453 4454
f 4577 4454 4455
f 4578 4455 4456
f 4579 4456 4457
f 4580 4457 4458
f 4581 4458 4459
f 4582 4459 4460
f 4583 4460 4461
f 4584 4461 4462
f 4585 4462 4463
f 4586 4463 4464
f 4587 4464 4465
f 4588 4465 4466
f 4589 4466 4467
f 4590 4467 4468
f 4591 4468 4469
f 4592 4469 4470
f 4593 4470 4471
f 4594 4471 4472
f 4595 4472 4473
f 4596 4473 4474
f 4597 4474 4475
f 4598 4475 4476
f 4599 4476 4477
f 4600 4477 4478
f 4601 4478 4479
f 4602 4479 4480
f 4603 4480 4481
f 4604 4481 4482
f 4605 4482 4483
f 4606 4483 4484
f 4607 4484 4485
f 4608 4485 4486
f 4609 4486 4487
f 4610 4487 4488
f 4611 4488 4489
f 4612 4489 4490
f 4613 4490 4491
f 4614 4491 4492
f 4615 4492 4493
f 4616 4493 4494
f 4617 4494 4495
f 4618 4495 4496
f 4619 4496 4497
f 4620 4497 4498
f 4621 4498 4499
f 4622 4499 4500
f 4623 4500 4501
f 4624 4501 4502
f 4625 4502 4503
f 4626 4503 4504
f 4627 4504 4505
f 4628 4505 4506
f 4629 4506 4507
f 4630 4507 4508
f 4631 4508 4509
f 4632 4509 4510
f 4633 4510 4511
f 4634 4511 4512
f 4635 4512 4513
f 4636 4513 4514
f 4637 4514 4515
f 4638 4515 4516
f 4639 4516 4517
f 4640 4517 4518
f 4641 4518 4519
f 4642 4519 4520
f 4643 4520 4521
f 4644 4521 4522
f 4645 4522 4523
f 4646 4523 4524
f 4647 4524 4525
f 4648 4525 4526
f 4649 4526 4527
f 4650 4527 4528
f 4651 4528 4529
f 4652 4529 4530
f 4653 4530 4531
f 4654 4531 4532
f 4655 4532 4533
f 4656 4533 4534
f 4657 4534 4535
f 4658 4535 4536
f 4659 4536 4537
f 4660 4537 4538
f 4661 4538 4539
f 4662 4539 4540
f 4663 4540 4541
f 4664 4541 4542
f 4665 4542 4543
f 4666 4543 4544
f 4667 4544 4545
f 4668 4545 4546
f 4669 4546 4547
f 4670 4547 4548
f 4671 4548 4549
f 4672 4549 4550
f 4673 4550 4551
f 4674 4551 4552
f 4675 4552 4553
f 4676 4553 4554
f 4677 4554 4555
f 4678 4555 4556
f 4679 4556 4557
f 4680 4557 4558
f 4681 4558 4559
f 4682 4559 4560
f 4683 4560 4561
f 4684 4561 4562
f 4685 4562 4563
f 4686 4565 4566
f 4687 4566 4567
f 4688 4567 4568
f 4689 4568 4569
f 4690 4569 4570
f 4691 4570 4571
f 4692 4571 4572
f 4693 4572 4573
f 4694 4573 4574
f 4695 4574 4575
f 4696 4575 4576
f 4697 4576 4577
f 4698 4577 4578
f 4699 4578 4579
f 4700 4579 4580
f 4701 4580 4581
f 4702 4581 4582
f 4703 4582 4583
f 4704 4583 4584
f 4705 4584 4585
f 4706 4585 4586
f 4707 4586 4587
f 4708 4587 4588
f 4709 4588 4589
f 4710 4589 4590
f 4711 4590 4591
f 4712 4591 4592
f 4713 4592 4593
f 4714 4593 4594
f 4715 4594 4595
f 4716 4595 4596
f 4717 4596 4597
f 4718 4597 4598
f 4719 4598 4599
f 4720 4599 4600
f 4721 4600 4601
f 4722 4601 4602
f 4723 4602 4603
f 4724 4603 4604
f 4725 4604 4605
f 4726 4605 4606
f 4727 4606 4607
f 4728 4607 4608
f 4729 4608 4609
f 4730 4609 4610
f 4731 4610 4611
f 4732 4611 4612
f 4733 4612 4613
f 4734 4613 4614
f 4735 4614 4615
f 4736 4615 4616
f 4737 4616 4617
f 4738 4617 4618
f 4739 4618 4619
f 4740 4619 4620
f 4741 4620 4621
f 4742 4621 4622
f 4743 4622 4623
f 4744 4623 4624
f 4745 4624 4625
f 4746 4625 4626
f 4747 4626 4627
f 4748 4627 4628
f 4749 4628 4629
f 4750 4629 4630
f 4751 4630 4631
f 4752 4631 4632
f 4753 4632 4633
f 4754 4633 4634
f 4755 4634 4635
f 4756 4635 4636
f 4757 4636 4637
f 4758 4637 4638
f 4759 4638 4639
f 4760 4639 4640
f 4761 4640 4641
f 4762 4641 4642
f 4763 4642 4643
f 4764 4643 4644
f 4765 4644 4645
f 4766 4645 4646
f 4767 4646 4647
f 4768 4647 4648
f 4769 4648 4649
f 4770 4649 4650
f 4771 4650 4651
f 4772 4651 4652
f 4773 4652 4653
f 4774 4653 4654
f 4775 4654 4655
f 4776 4655 4656
f 4777 4656 4657
f 4778 4657 4658
f 4779 4658 4659
f 4780 4659 4660
f 4781 4660 4661
f 4782 4661 4662
f 4783 4662 4663
f 4784 4663 4664
f 4785 4664 4665
f 4786 4665 4666
f 4787 4666 4667
f 4788 4667 4668
f 4789 4668 4669
f 4790 4669 4670
f 4791 4670 4671
f 4792 4671 4672
f 4793 4672 4673
f 4794 4673 4674
f 4795 4674 4675
f 4796 4675 4676
f 4797 4676 4677
f 4798 4677 4678
f 4799 4678 4679
f 4800 4679 4680
f 4801 4680 4681
f 4802 4681 4682
f 4803 4682 4683
f 4804 4683 4684
f 4805 4684 4685
f 4806 4686 4687
f 4807 4687 4688
f 4808 4688 4689
f 4809 4689 4690
f 4810 4690 4691
f 4811 4691 4692
f 4812 4692 4693
f 4813 4693 4694
f 4814 4694 4695
f 4815 4695 4696
f 4816 4696 4697
f 4817 4697 4698
f 4818 4698 4699
f 4819 4699 4700
f 4820 4700 4701
f 4821 4701 4702
f 4822 4702 4703
f 4823 4703 4704
f 4824 4704 4705
f 4825 4705 4706
f 4826 4706 4707
f 4827 4707 4708
f 4828 4708 4709
f 4829 4709 4710
f 4830 4710 4711
f 4831 4711 4712
f 4832 4712 4713
f 4833 4713 4714
f 4834 4714 4715
f 4835 4715 4716
f 4836 4716 4717
f 4837 4717 4718
f 4838 4718 4719
f 4839 4719 4720
f 4840 4720 4721
f 4841 4721 4722
f 4842 4722 4723
f 4843 4723 4724
f 4844 4724 4725
f 4845 4725 4726
f 4846 4726 4727
f 4847 4727 4728
f 4848 4728 4729
f 4849 4729 4730
f 4850 4730 4731
f 4851 4731 4732
f 4852 4732 4733
f 4853 4733 4734
f 4854 4734 4735
f 4855 4735 4736
f 4856 4736 4737
f 4857 4737 4738
f 4858 4738 4739
f 4859 4739 4740
f 4860 4740 4741
f 4861 4741 4742
f 4862 4742 4743
f 4863 4743 4744
f 4864 4744 4745
f 4865 4745 4746
f 4866 4746 4747
f 4867 4747 4748
f 4868 4748 4749
f 4869 4749 4750
f 4870 4750 4751
f 4871 4751 4752
f 4872 4752 4753
f 4873 4753 4754
f 4874 4754 4755
f 4875 4755 4756
f 4876 4756 4757
f 4877 4757 4758
f 4878 4758 4759
f 4879 4759 4760
f 4880 4760 4761
f 4881 4761 4762
f 4882 4762 4763
f 4883 4763 4764
f 4884 4764 4765
f 4885 4765 4766
f 4886 4766 4767
f 4887 4767 4768
f 4888 4768 4769
f 4889 4769 4770
f 4890 4770 4771
f 4891 4771 4772
f 4892 4772 4773
f 4893 4773 4774
f 4894 4774 4775
f 4895 4775 4776
f 4896 4776 4777
f 4897 4777 4778
f 4898 4778 4779
f 4899 4779 4780
f 4900 4780 4781
f 4901 4781 4782
f 4902 4782 4783
f 4903 4783 4784
f 4904 4784 4785
f 4905 4785 4786
f 4906 4786 4787
f 4907 4787 4788
f 4908 4788 4789
f 4909 4789 4790
f 4910 4790 4791
f 4911 4791 4792
f 4912 4792 4793
f 4913 4793 4794
f 4914 4794 4795
f 4915 4795 4796
f 4916 4796 4797
f 4917 4797 4798
f 4918 4798 4799
f 4919 4799 4800
f 4920 4800 4801
f 4921 4801 4802
f 4922 4802 4803
f 4923 4803 4804
f 4924 4804 4805
f 4925 4807 4808
f 4926 4808 4809
f 4927 4809 4810
f 4928 4810 4811
f 4929 4811 4812
f 4930 4812 4813
f 4931 4813 4814
f 4932 4814 4815
f 4933 4815 4816
f 4934 4816 4817
f 4935 4817 4818
f 4936 4818 4819
f 4937 4819 4820
f 4938 4820 4821
f 4939 4821 4822
f 4940 4822 4823
f 4941 4823 4824
f 4942 4824 4825
f 4943 4825 4826
f 4944 4826 4827
f 4945 4827 4828
f 4946 4828 4829
f 4947 4829 4830
f 4948 4830 4831
f 4949 4831 4832
f 4950 4832 4833
f 4951 4833 4834
f 4952 4834 4835
f 4953 4835 4836
f 4954 4836 4837
f 4955 4837 4838
f 4956 4838 4839
f 4957 4839 4840
f 4958 4840 4841
f 4959 4841 4842
f 4960 4842 4843
f 4961 4843 4844
f 4962 4844 4845
f 4963 4845 4846
f 4964 4846 4847
f 4965 4847 4848
f 4966 4848 4849
f 4967 4849 4850
f 4968 4850 4851
f 4969 4851 4852
f 4970 4852 4853
f 4971 4853 4854
f 4972 4854 4855
f 4973 4855 4856
f 4974 4856 4857
f 4975 4857 4858
f 4976 4858 4859
f 4977 4859 4860
f 4978 4860 4861
f 4979 4861 4862
f 4980 4862 4863
f 4981 4863 4864
f 4982 4864 4865
f 4983 4865 4866
f 4984 4866 4867
f 4985 4867 4868
f 4986 4868 4869
f 4987 4869 4870
f 4988 4870 4871
f 4989 4871 4872
f 4990 4872 4873
f 4991 4873 4874
f 4992 4874 4875
f 4993 4875 4876
f 4994 4876 4877
f 4995 4877 4878
f 4996 4878 4879
f 4997 4879 4880
f 4998 4880 4881
f 4999 4881 4882
f 5000 4882 4883
f 5001 4883 4884
f 5002 4884 4885
f 5003 4885 4886
f 5004 4886 4887
f 5005 4887 4888
f 5006 4888 4889
f 5007 4889 4890
f 5008 4890 4891
f 5009 4891 4892
f 5010 4892 4893
f 5011 4893 4894
f 5012 4894 4895
f 5013 4895 4896
f 5014 4896 4897
f 5015 4897 4898
f 5016 4898 4899
f 5017 4899 4900
f 5018 4900 4901
f 5019 4901 4902
f 5020 4902 4903
f 5021 4903 4904
f 5022 4904 4905
f 5023 4905 4906
f 5024 4906 4907
f 5025 4907 4908
f 5026 4908 4909
f 5027 4909 4910
f 5028 4910 4911
f 5029 4911 4912
f 5030 4912 4913
f 5031 4913 4914
f 5032 4914 4915
f 5033 4915 4916
f 5034 4916 4917
f 5035 4917 4918
f 5036 4918 4919
f 5037 4919 4920
f 5038 4920 4921
f 5039 4921 4922
f 5040 4922 4923
f 5041 4925 4926
f 5042 4926 4927
f 5043 4927 4928
f 5044 4928 4929
f 5045 4929 4930
f 5046 4930 4931
f 5047 4931 4932
f 5048 4932 4933
f 5049 4933 4934
f 5050 4934 4935
f 5051 4935 4936
f 5052 4936 4937
f 5053 4937 4938
f 5054 4938 4939
f 5055 4939 4940
f 5056 4940 4941
f 5057 4941 4942
f 5058 4942 4943
f 5059 4943 4944
f 5060 4944 4945
f 5061 4945 4946
f 5062 4946 4947
f 5063 4947 4948
f 5064 4948 4949
f 5065 4949 4950
f 5066 4950 4951
f 5067 4951 4952
f 5068 4952 4953
f 5069 4953 4954
f 5070 4954 4955
f 5071 4955 4956
f 5072 4956 4957
f 5073 4957 4958
f 5074 4958 4959
f 5075 4959 4960
f 5076 4960 4961
f 5077 4961 4962
f 5078 4962 4963
f 5079 4963 4964
f 5080 4964 4965
f 5081 4965 4966
f 5082 4966 4967
f 5083 4967 4968
f 5084 4968 4969
f 5085 4969 4970
f 5086 4970 4971
f 5087 4971 4972
f 5088 4972 4973
f 5089 4973 4974
f 5090 4974 4975
f 5091 4975 4976
f 5092 4976 4977
f 5093 4977 4978
f 5094 4978 4979
f 5095 4979 4980
f 5096 4980 4981
f 5097 4981 4982
f 5098 4982 4983
f 5099 4983 4984
f 5100 4984 4985
f 5101 4985 4986
f 5102 4986 4987
f 5103 4987 4988
f 5104 4988 4989
f 5105 4989 4990
f 5106 4990 4991
f 5107 4991 4992
f 5108 4992 4993
f 5109 4993 4994
f 5110 4994 4995
f 5111 4995 4996
f 5112 4996 4997
f 5113 4997 4998
f 5114 4998 4999
f 5115 4999 5000
f 5116 5000 5001
f 5117 5001 5002
f 5118 5002 5003
f 5119 5003 5004
f 5120 5004 5005
f 5121 5005 5006
f 5122 5006 5007
f 5123 5007 5008
f 5124 5008 5009
f 5125 5009 5010
f 5126 5010 5011
f 5127 5011 5012
f 5128 5012 5013
f 5129 5013 5014
f 5130 5014 5015
f 5131 5015 5016
f 5132 5016 5017
f 5133 5017 5018
f 5134 5018 5019
f 5135 5019 5020
f 5136 5020 5021
f 5137 5021 5022
f 5138 5022 5023
f 5139 5023 5024
f 5140 5024 5025
f 5141 5025 5026
f 5142 5026 5027
f 5143 5027 5028
f 5144 5028 5029
f 5145 5029 5030
f 5146 5030 5031
f 5147 5031 5032
f 5148 5032 5033
f 5149 5033 5034
f 5150 5034 5035
f 5151 5035 5036
f 5152 5036 5037
f 5153 5037 5038
f 5154 5038 5039
f 5155 5039 5040
f 5156 5042 5043
f 5157 5043 5044
f 5158 5044 5045
f 5159 5045 5046
f 5160 5046 5047
f 5161 5047 5048
f 5162 5048 5049
f 5163 5049 5050
f 5164 5050 5051
f 5165 5051 5052
f 5166 5052 5053
f 5167 5053 5054
f 5168 5054 5055
f 5169 5055 5056
f 5170 5056 5057
f 5171 5057 5058
f 5172 5058 5059
f 5173 5059 5060
f 5174 5060 5061
f 5175 5061 5062
f 5176 5062 5063
f 5177 5063 5064
f 5178 5064 5065
f 5179 5065 5066
f 5180 5066 5067
f 5181 5067 5068
f 5182 5068 5069
f 5183 5069 5070
f 5184 5070 5071
f 5185 5071 5072
f 5186 5072 5073
f 5187 5073 5074
f 5188 5074 5075
f 5189 5075 5076
f 5190 5076 5077
f 5191 5077 5078
f 5192 5078 5079
f 5193 5079 5080
f 5194 5080 5081
f 5195 5081 5082
f 5196 5082 5083
f 5197 5083 5084
f 5198 5084 5085
f 5199 5085 5086
f 5200 5086 5087
f 5201 5087 5088
f 5202 5088 5089
f 5203 5089 5090
f 5204 5090 5091
f 5205 5091 5092
f 5206 5092 5093
f 5207 5093 5094
f 5208 5094 5095
f 5209 5095 5096
f 5210 5096 5097
f 5211 5097 5098
f 5212 5098 5099
f 5213 5099 5100
f 5214 5100 5101
f 5215 5101 5102
f 5216 5102 5103
f 5217 5103 5104
f 5218 5104 5105
f 5219 5105 5106
f 5220 5106 5107
f 5221 5107 5108
f 5222 5108 5109
f 5223 5109 5110
f 5224 5110 5111
f 5225 5111 5112
f 5226 5112 5113
f 5227 5113 5114
f 5228 5114 5115
f 5229 5115 5116
f 5230 5116 5117
f 5231 5117 5118
f 5232 5118 5119
f 5233 5119 5120
f 5234 5120 5121
f 5235 5121 5122
f 5236 5122 5123
f 5237 5123 5124
f 5238 5124 5125
f 5239 5125 5126
f 5240 5126 5127
f 5241 5127 5128
f 5242 5128 5129
f 5243 5129 5130
f 5244 5130 5131
f 5245 5131 5132
f 5246 5132 5133
f 5247 5133 5134
f 5248 5134 5135
f 5249 5135 5136
f 5250 5136 5137
f 5251 5137 5138
f 5252 5138 5139
f 5253 5139 5140
f 5254 5140 5141
f 5255 5141 5142
f 5256 5142 5143
f 5257 5143 5144
f 5258 5144 5145
f 5259 5145 5146
f 5260 5146 5147
f 5261 5147 5148
f 5262 5148 5149
f 5263 5149 5150
f 5264 5150 5151
f 5265 5151 5152
f 5266 5152 5153
f 5267 5153 5154
f 5268 5154 5155
f 5269 5156 5157
f 5270 5157 5158
f 5271 5158 5159
f 5272 5159 5160
f 5273 5160 5161
f 5274 5161 5162
f 5275 5162 5163
f 5276 5163 5164
f 5277 5164 5165
f 5278 5165 5166
f 5279 5166 5167
f 5280 5167 5168
f 5281 5168 5169
f 5282 5169 5170
f 5283 5170 5171
f 5284 5171 5172
f 5285 5172 5173
f 5286 5173 5174
f 5287 5174 5175
f 5288 5175 5176
f 5289 5176 5177
f 5290 5177 5178
f 5291 5178 5179
f 5292 5179 5180
f 5293 5180 5181
f 5294 5181 5182
f 5295 5182 5183
f 5296 5183 5184
f 5297 5184 5185
f 5298 5185 5186
f 5299 5186 5187
f 5300 5187 5188
f 5301 5188 5189
f 5302 5189 5190
f 5303 5190 5191
f 5304 5191 5192
f 5305 5192 5193
f 5306 5193 5194
f 5307 5194 5195
f 5308 5195 5196
f 5309 5196 5197
f 5310 5197 5198
f 5311 5198 5199
f 5312 5199 5200
f 5313 5200 5201
f 5314 5201 5202
f 5315 5202 5203
f 5316 5203 5204
f 5317 5204 5205
f 5318 5205 5206
f 5319 5206 5207
f 5320 5207 5208
f 5321 5208 5209
f 5322 5209 5210
f 5323 5210 5211
f 5324 5211 5212
f 5325 5212 5213
f 5326 5213 5214
f 5327 5214 5215
f 5328 5215 5216
f 5329 5216 5217
f 5330 5217 5218
f 5331 5218 5219
f 5332 5219 5220
f 5333 5220 5221
f 5334 5221 5222
f 5335 5222 5223
f 5336 5223 5224
f 5337 5224 5225
f 5338 5225 5226
f 5339 5226 5227
f 5340 5227 5228
f 5341 5228 5229
f 5342 5229 5230
f 5343 5230 5231
f 5344 5231 5232
f 5345 5232 5233
f 5346 5233 5234
f 5347 5234 5235
f 5348 5235 5236
f 5349 5236 5237
f 5350 5237 5238
f 5351 5238 5239
f 5352 5239 5240
f 5353 5240 5241
f 5354 5241 5242
f 5355 5242 5243
f 5356 5243 5244
f 5357 5244 5245
f 5358 5245 5246
f 5359 5246 5247
f 5360 5247 5248
f 5361 5248 5249
f 5362 5249 5250
f 5363 5250 5251
f 5364 5251 5252
f 5365 5252 5253
f 5366 5253 5254
f 5367 5254 5255
f 5368 5255 5256
f 5369 5256 5257
f 5370 5257 5258
f 5371 5258 5259
f 5372 5259 5260
f 5373 5260 5261
f 5374 5261 5262
f 5375 5262 5263
f 5376 5263 5264
f 5377 5264 5265
f 5378 5265 5266
f 5379 5266 5267
f 5380 5267 5268
f 5381 5269 5270
f 5382 5270 5271
f 5383 5271 5272
f 5384 5272 5273
f 5385 5273 5274
f 5386 5274 5275
f 5387 5275 5276
f 5388 5276 5277
f 5389 5277 5278
f 5390 5278 5279
f 5391 5279 5280
f 5392 5280 5281
f 5393 5281 5282
f 5394 5282 5283
f 5395 5283 5284
f 5396 5284 5285
f 5397 5285 5286
f 5398 5286 5287
f 5399 5287 5288
f 5400 5288 5289
f 5401 5289 5290
f 5402 5290 5291
f 5403 5291 5292
f 5404 5292 5293
f 5405 5293 5294
f 5406 5294 5295
f 5407 5295 5296
f 5408 5296 5297
f 5409 5297 5298
f 5410 5298 5299
f 5411 5299 5300
f 5412 5300 5301
f 5413 5301 5302
f 5414 5302 5303
f 5415 5303 5304
f 5416 5304 5305
f 5417 5305 5306
f 5418 5306 5307
f 5419 5307 5308
f 5420 5308 5309
f 5421 5309 5310
f 5422 5310 5311
f 5423 5311 5312
f 5424 5312 5313
f 5425 5313 5314
f 5426 5314 5315
f 5427 5315 5316
f 5428 5316 5317
f 5429 5317 5318
f 5430 5318 5319
f 5431 5319 5320
f 5432 5320 5321
f 5433 5321 5322
f 5434 5322 5323
f 5435 5323 5324
f 5436 5324 5325
f 5437 5325 5326
f 5438 5326 5327
f 5439 5327 5328
f 5440 5328 5329
f 5441 5329 5330
f 5442 5330 5331
f 5443 5331 5332
f 5444 5332 5333
f 5445 5333 5334
f 5446 5334 5335
f 5447 5335 5336
f 5448 5336 5337
f 5449 5337 5338
f 5450 5338 5339
f 5451 5339 5340
f 5452 5340 5341
f 5453 5341 5342
f 5454 5342 5343
f 5455 5343 5344
f 5456 5344 5345
f 5457 5345 5346
f 5458 5346 5347
f 5459 5347 5348
f 5460 5348 5349
f 5461 5349 5350
f 5462 5350 5351
f 5463 5351 5352
f 5464 5352 5353
f 5465 5353 5354
f 5466 5354 5355
f 5467 5355 5356
f 5468 5356 5357
f 5469 5357 5358
f 5470 5358 5359
f 5471 5359 5360
f 5472 5360 5361
f 5473 5361 5362
f 5474 5362 5363
f 5475 5363 5364
f 5476 5364 5365
f 5477 5365 5366
f 5478 5366 5367
f 5479 5367 5368
f 5480 5368 5369
f 5481 5369 5370
f 5482 5370 5371
f 5483 5371 5372
f 5484 5372 5373
f 5485 5373 5374
f 5486 5374 5375
f 5487 5375 5376
f 5488 5376 5377
f 5489 5377 5378
f 5490 5378 5379
f 5491 5379 5380
f 5492 5382 5383
f 5493 5383 5384
f 5494 5384 5385
f 5495 5385 5386
f 5496 5386 5387
f 5497 5387 5388
f 5498 5388 5389
f 5499 5389 5390
f 5500 5390 5391
f 5501 5391 5392
f 5502 5392 5393
f 5503 5393 5394
f 5504 5394 5395
f 5505 5395 5396
f 5506 5396 5397
f 5507 5397 5398
f 5508 5398 5399
f 5509 5399 5400
f 5510 5400 5401
f 5511 5401 5402
f 5512 5402 5403
f 5513 5403 5404
f 5514 5404 5405
f 5515 5405 5406
f 5516 5406 5407
f 5517 5407 5408
f 5518 5408 5409
f 5519 5409 5410
f 5520 5410 5411
f 5521 5411 5412
f 5522 5412 5413
f 5523 5413 5414
f 5524 5414 5415
f 5525 5415 5416
f 5526 5416 5417
f 5527 5417 5418
f 5528 5418 5419
f 5529 5419 5420
f 5530 5420 5421
f 5531 5421 5422
f 5532 5422 5423
f 5533 5423 5424
f 5534 5424 5425
f 5535 5425 5426
f 5536 5426 5427
f 5537 5427 5428
f 5538 5428 5429
f 5539 5429 5430
f 5540 5430 5431
f 5541 5431 5432
f 5542 5432 5433
f 5543 5433 5434
f 5544 5434 5435
f 5545 5435 5436
f 5546 5436 5437
f 5547 5437 5438
f 5548 5438 5439
f 5549 5439 5440
f 5550 5440 5441
f 5551 5441 5442
f 5552 5442 5443
f 5553 5443 5444
f 5554 5444 5445
f 5555 5445 5446
f 5556 5446 5447
f 5557 5447 5448
f 5558 5448 5449
f 5559 5449 5450
f 5560 5450 5451
f 5561 5451 5452
f 5562 5452 5453
f 5563 5453 5454
f 5564 5454 5455
f 5565 5455 5456
f 5566 5456 5457
f 5567 5457 5458
f 5568 5458 5459
f 5569 5459 5460
f 5570 5460 5461
f 5571 5461 5462
f 5572 5462 5463
f 5573 5463 5464
f 5574 5464 5465
f 5575 5465 5466
f 5576 5466 5467
f 5577 5467 5468
f 5578 5468 5469
f 5579 5469 5470
f 5580 5470 5471
f 5581 5471 5472
f 5582 5472 5473
f 5583 5473 5474
f 5584 5474 5475
f 5585 5475 5476
f 5586 5476 5477
f 5587 5477 5478
f 5588 5478 5479
f 5589 5479 5480
f 5590 5480 5481
f 5591 5481 5482
f 5592 5482 5483
f 5593 5483 5484
f 5594 5484 5485
f 5595 5485 5486
f 5596 5486 5487
f 5597 5487 5488
f 5598 5488 5489
f 5599 5489 5490
f 5600 5492 5493
f 5601 5493 5494
f 5602 5494 5495
f 5603 5495 5496
f 5604 5496 5497
f 5605 5497 5498
f 5606 5498 5499
f 5607 5499 5500
f 5608 5500 5501
f 5609 5501 5502
f 5610 5502 5503
f 5611 5503 5504
f 5612 5504 5505
f 5613 5505 5506
f 5614 5506 5507
f 5615 5507 5508
f 5616 5508 5509
f 5617 5509 5510
f 5618 5510 5511
f 5619 5511 5512
f 5620 5512 5513
f 5621 5513 5514
f 5622 5514 5515
f 5623 5515 5516
f 5624 5516 5517
f 5625 5517 5518
f 5626 5518 5519
f 5627 5519 5520
f 5628 5520 5521
f 5629 5521 5522
f 5630 5522 5523
f 5631 5523 5524
f 5632 5524 5525
f 5633 5525 5526
f 5634 5526 5527
f 5635 5527 5528
f 5636 5528 5529
f 5637 5529 5530
f 5638 5530 5531
f 5639 5531 5532
f 5640 5532 5533
f 5641 5533 5534
f 5642 5534 5535
f 5643 5535 5536
f 5644 5536 5537
f 5645 5537 5538
f 5646 5538 5539
f 5647 5539 5540
f 5648 5540 5541
f 5649 5541 5542
f 5650 5542 5543
f 5651 5543 5544
f 5652 5544 5545
f 5653 5545 5546
f 5654 5546 5547
f 5655 5547 5548
f 5656 5548 5549
f 5657 5549 5550
f 5658 5550 5551
f 5659 5551 5552
f 5660 5552 5553
f 5661 5553 5554
f 5662 5554 5555
f 5663 5555 5556
f 5664 5556 5557
f 5665 5557 5558
f 5666 5558 5559
f 5667 5559 5560
f 5668 5560 5561
f 5669 5561 5562
f 5670 5562 5563
f 5671 5563 5564
f 5672 5564 5565
f 5673 5565 5566
f 5674 5566 5567
f 5675 5567 5568
f 5676 5568 5569
f 5677 5569 5570
f 5678 5570 5571
f 5679 5571 5572
f 5680 5572 5573
f 5681 5573 5574
f 5682 5574 5575
f 5683 5575 5576
f 5684 5576 5577
f 5685 5577 5578
f 5686 5578 5579
f 5687 5579 5580
f 5688 5580 5581
f 5689 5581 5582
f 5690 5582 5583
f 5691 5583 5584
f 5692 5584 5585
f 5693 5585 5586
f 5694 5586 5587
f 5695 5587 5588
f 5696 5588 5589
f 5697 5589 5590
f 5698 5590 5591
f 5699 5591 5592
f 5700 5592 5593
f 5701 5593 5594
f 5702 5594 5595
f 5703 5595 5596
f 5704 5596 5597
f 5705 5597 5598
f 5706 5598 5599
f 5707 5601 5602
f 5708 5602 5603
f 5709 5603 5604
f 5710 5604 5605
f 5711 5605 5606
f 5712 5606 5607
f 5713 5607 5608
f 5714 5608 5609
f 5715 5609 5610
f 5716 5610 5611
f 5717 5611 5612
f 5718 5612 5613
f 5719 5613 5614
f 5720 5614 5615
f 5721 5615 5616
f 5722 5616 5617
f 5723 5617 5618
f 5724 5618 5619
f 5725 5619 5620
f 5726 5620 5621
f 5727 5621 5622
f 5728 5622 5623
f 5729 5623 5624
f 5730 5624 5625
f 5731 5625 5626
f 5732 5626 5627
f 5733 5627 5628
f 5734 5628 5629
f 5735 5629 5630
f 5736 5630 5631
f 5737 5631 5632
f 5738 5632 5633
f 5739 5633 5634
f 5740 5634 5635
f 5741 5635 5636
f 5742 5636 5637
f 5743 5637 5638
f 5744 5638 5639
f 5745 5639 5640
f 5746 5640 5641
f 5747 5641 5642
f 5748 5642 5643
f 5749 5643 5644
f 5750 5644 5645
f 5751 5645 5646
f 5752 5646 5647
f 5753 5647 5648
f 5754 5648 5649
f 5755 5649 5650
f 5756 5650 5651
f 5757 5651 5652
f 5758 5652 5653
f 5759 5653 5654
f 5760 5654 5655
f 5761 5655 5656
f 5762 5656 5657
f 5763 5657 5658
f 5764 5658 5659
f 5765 5659 5660
f 5766 5660 5661
f 5767 5661 5662
f 5768 5662 5663
f 5769 5663 5664
f 5770 5664 5665
f 5771 5665 5666
f 5772 5666 5667
f 5773 5667 5668
f 5774 5668 5669
f 5775 5669 5670
f 5776 5670 5671
f 5777 5671 5672
f 5778 5672 5673
f 5779 5673 5674
f 5780 5674 5675
f 5781 5675 5676
f 5782 5676 5677
f 5783 5677 5678
f 5784 5678 5679
f 5785 5679 5680
f 5786 5680 5681
f 5787 5681 5682
f 5788 5682 5683
f 5789 5683 5684
f 5790 5684 5685
f 5791 5685 5686
f 5792 5686 5687
f 5793 5687 5688
f 5794 5688 5689
f 5795 5689 5690
f 5796 5690 5691
f 5797 5691 5692
f 5798 5692 5693
f 5799 5693 5694
f 5800 5694 5695
f 5801 5695 5696
f 5802 5696 5697
f 5803 5697 5698
f 5804 5698 5699
f 5805 5699 5700
f 5806 5700 5701
f 5807 5701 5702
f 5808 5702 5703
f 5809 5703 5704
f 5810 5704 5705
f 5811 5705 5706
f 5812 5707 5708
f 5813 5708 5709
f 5814 5709 5710
f 5815 5710 5711
f 5816 5711 5712
f 5817 5712 5713
f 5818 5713 5714
f 5819 5714 5715
f 5820 5715 5716
f 5821 5716 5717
f 5822 5717 5718
f 5823 5718 5719
f 5824 5719 5720
f 5825 5720 5721
f 5826 5721 5722
f 5827 5722 5723
f 5828 5723 5724
f 5829 5724 5725
f 5830 5725 5726
f 5831 5726 5727
f 5832 5727 5728
f 5833 5728 5729
f 5834 5729 5730
f 5835 5730 5731
f 5836 5731 5732
f 5837 5732 5733
f 5838 5733 5734
f 5839 5734 5735
f 5840 5735 5736
f 5841 5736 5737
f 5842 5737 5738
f 5843 5738 5739
f 5844 5739 5740
f 5845 5740 5741
f 5846 5741 5742
f 5847 5742 5743
f 5848 5743 5744
f 5849 5744 5745
f 5850 5745 5746
f 5851 5746 5747
f 5852 5747 5748
f 5853 5748 5749
f 5854 5749 5750
f 5855 5750 5751
f 5856 5751 5752
f 5857 5752 5753
f 5858 5753 5754
f 5859 5754 5755
f 5860 5755 5756
f 5861 5756 5757
f 5862 5757 5758
f 5863 5758 5759
f 5864 5759 5760
f 5865 5760 5761
f 5866 5761 5762
f 5867 5762 5763
f 5868 5763 5764
f 5869 5764 5765
f 5870 5765 5766
f 5871 5766 5767
f 5872 5767 5768
f 5873 5768 5769
f 5874 5769 5770
f 5875 5770 5771
f 5876 5771 5772
f 5877 5772 5773
f 5878 5773 5774
f 5879 5774 5775
f 5880 5775 5776
f 5881 5776 5777
f 5882 5777 5778
f 5883 5778 5779
f 5884 5779 5780
f 5885 5780 5781
f 5886 5781 5782
f 5887 5782 5783
f 5888 5783 5784
f 5889 5784 5785
f 5890 5785 5786
f 5891 5786 5787
f 5892 5787 5788
f 5893 5788 5789
f 5894 5789 5790
f 5895 5790 5791
f 5896 5791 5792
f 5897 5792 5793
f 5898 5793 5794
f 5899 5794 5795
f 5900 5795 5796
f 5901 5796 5797
f 5902 5797 5798
f 5903 5798 5799
f 5904 5799 5800
f 5905 5800 5801
f 5906 5801 5802
f 5907 5802 5803
f 5908 5803 5804
f 5909 5804 5805
f 5910 5805 5806
f 5911 5806 5807
f 5912 5807 5808
f 5913 5808 5809
f 5914 5809 5810
f 5915 5810 5811
f 5916 5812 5813
f 5917 5813 5814
f 5918 5814 5815
f 5919 5815 5816
f 5920 5816 5817
f 5921 5817 5818
f 5922 5818 5819
f 5923 5819 5820
f 5924 5820 5821
f 5925 5821 5822
f 5926 5822 5823
f 5927 5823 5824
f 5928 5824 5825
f 5929 5825 5826
f 5930 5826 5827
f 5931 5827 5828
f 5932 5828 5829
f 5933 5829 5830
f 5934 5830 5831
f 5935 5831 5832
f 5936 5832 5833
f 5937 5833 5834
f 5938 5834 5835
f 5939 5835 5836
f 5940 5836 5837
f 5941 5837 5838
f 5942 5838 5839
f 5943 5839 5840
f 5944 5840 5841
f 5945 5841 5842
f 5946 5842 5843
f 5947 5843 5844
f 5948 5844 5845
f 5949 5845 5846
f 5950 5846 5847
f 5951 5847 5848
f 5952 5848 5849
f 5953 5849 5850
f 5954 5850 5851
f 5955 5851 5852
f 5956 5852 5853
f 5957 5853 5854
f 5958 5854 5855
f 5959 5855 5856
f 5960 5856 5857
f 5961 5857 5858
f 5962 5858 5859
f 5963 5859 5860
f 5964 5860 5861
f 5965 5861 5862
f 5966 5862 5863
f 5967 5863 5864
f 5968 5864 5865
f 5969 5865 5866
f 5970 5866 5867
f 5971 5867 5868
f 5972 5868 5869
f 5973 5869 5870
f 5974 5870 5871
f 5975 5871 5872
f 5976 5872 5873
f 5977 5873 5874
f 5978 5874 5875
f 5979 5875 5876
f 5980 5876 5877
f 5981 5877 5878
f 5982 5878 5879
f 5983 5879 5880
f 5984 5880 5881
f 5985 5881 5882
f 5986 5882 5883
f 5987 5883 5884
f 5988 5884 5885
f 5989 5885 5886
f 5990 5886 5887
f 5991 5887 5888
f 5992 5888 5889
f 5993 5889 5890
f 5994 5890 5891
f 5995 5891 5892
f 5996 5892 5893
f 5997 5893 5894
f 5998 5894 5895
f 5999 5895 5896
f 6000 5896 5897
f 6001 5897 5898
f 6002 5898 5899
f 6003 5899 5900
f 6004 5900 5901
f 6005 5901 5902
f 6006 5902 5903
f 6007 5903 5904
f 6008 5904 5905
f 6009 5905 5906
f 6010 5906 5907
f 6011 5907 5908
f 6012 5908 5909
f 6013 5909 5910
f 6014 5910 5911
f 6015 5911 5912
f 6016 5912 5913
f 6017 5913 5914
f 6018 5914 5915
f 6019 5917 5918
f 6020 5918 5919
f 6021 5919 5920
f 6022 5920 5921
f 6023 5921 5922
f 6024 5922 5923
f 6025 5923 5924
f 6026 5924 5925
f 6027 5925 5926
f 6028 5926 5927
f 6029 5927 5928
f 6030 5928 5929
f 6031 5929 5930
f 6032 5930 5931
f 6033 5931 5932
f 6034 5932 5933
f 6035 5933 5934
f 6036 5934 5935
f 6037 5935 5936
f 6038 5936 5937
f 6039 5937 5938
f 6040 5938 5939
f 6041 5939 5940
f 6042 5940 5941
f 6043 5941 5942
f 6044 5942 5943
f 6045 5943 5944
f 6046 5944 5945
f 6047 5945 5946
f 6048 5946 5947
f 6049 5947 5948
f 6050 5948 5949
f 6051 5949 5950
f 6052 5950 5951
f 6053 5951 5952
f 6054 5952 5953
f 6055 5953 5954
f 6056 5954 5955
f 6057 5955 5956
f 6058 5956 5957
f 6059 5957 5958
f 6060 5958 5959
f 6061 5959 5960
f 6062 5960 5961
f 6063 5961 5962
f 6064 5962 5963
f 6065 5963 5964
f 6066 5964 5965
f 6067 5965 5966
f 6068 5966 5967
f 6069 5967 5968
f 6070 5968 5969
f 6071 5969 5970
f 6072 5970 5971
f 6073 5971 5972
f 6074 5972 5973
f 6075 5973 5974
f 6076 5974 5975
f 6077 5975 5976
f 6078 5976 5977
f 6079 5977 5978
f 6080 5978 5979
f 6081 5979 5980
f 6082 5980 5981
f 6083 5981 5982
f 6084 5982 5983
f 6085 5983 5984
f 6086 5984 5985
f 6087 5985 5986
f 6088 5986 5987
f 6089 5987 5988
f 6090 5988 5989
f 6091 5989 5990
f 6092 5990 5991
f 6093 5991 5992
f 6094 5992 5993
f 6095 5993 5994
f 6096 5994 5995
f 6097 5995 5996
f 6098 5996 5997
f 6099 5997 5998
f 6100 5998 5999
f 6101 5999 6000
f 6102 6000 6001
f 6103 6001 6002
f 6104 6002 6003
f 6105 6003 6004
f 6106 6004 6005
f 6107 6005 6006
f 6108 6006 6007
f 6109 6007 6008
f 6110 6008 6009
f 6111 6009 6010
f 6112 6010 6011
f 6113 6011 6012
f 6114 6012 6013
f 6115 6013 6014
f 6116 6014 6015
f 6117 6015 6016
f 6118 6016 6017
f 6119 6017 6018
f 6120 6019 6020
f 6121 6020 6021
f 6122 6021 6022
f 6123 6022 6023
f 6124 6023 6024
f 6125 6024 6025
f 6126 6025 6026
f 6127 6026 6027
f 6128 6027 6028
f 6129 6028 6029
f 6130 6029 6030
f 6131 6030 6031
f 6132 6031 6032
f 6133 6032 6033
f 6134 6033 6034
f 6135 6034 6035
f 6136 6035 6036
f 6137 6036 6037
f 6138 6037 6038
f 6139 6038 6039
f 6140 6039 6040
f 6141 6040 6041
f 6142 6041 6042
f 6143 6042 6043
f 6144 6043 6044
f 6145 6044 6045
f 6146 6045 6046
f 6147 6046 6047
f 6148 6047 6048
f 6149 6048 6049
f 6150 6049 6050
f 6151 6050 6051
f 6152 6051 6052
f 6153 6052 6053
f 6154 6053 6054
f 6155 6054 6055
f 6156 6055 6056
f 6157 6056 6057
f 6158 6057 6058
f 6159 6058 6059
f 6160 6059 6060
f 6161 6060 6061
f 6162 6061 6062
f 6163 6062 6063
f 6164 6063 6064
f 6165 6064 6065
f 6166 6065 6066
f 6167 6066 6067
f 6168 6067 6068
f 6169 6068 6069
f 6170 6069 6070
f 6171 6070 6071
f 6172 6071 6072
f 6173 6072 6073
f 6174 6073 6074
f 6175 6074 6075
f 6176 6075 6076
f 6177 6076 6077
f 6178 6077 6078
f 6179 6078 6079
f 6180 6079 6080
f 6181 6080 6081
f 6182 6081 6082
f 6183 6082 6083
f 6184 6083 6084
f 6185 6084 6085
f 6186 6085 6086
f 6187 6086 6087
f 6188 6087 6088
f 6189 6088 6089
f 6190 6089 6090
f 6191 6090 6091
f 6192 6091 6092
f 6193 6092 6093
f 6194 6093 6094
f 6195 6094 6095
f 6196 6095 6096
f 6197 6096 6097
f 6198 6097 6098
f 6199 6098 6099
f 6200 6099 6100
f 6201 6100 6101
f 6202 6101 6102
f 6203 6102 6103
f 6204 6103 6104
f 6205 6104 6105
f 6206 6105 6106
f 6207 6106 6107
f 6208 6107 6108
f 6209 6108 6109
f 6210 6109 6110
f 6211 6110 6111
f 6212 6111 6112
f 6213 6112 6113
f 6214 6113 6114
f 6215 6114 6115
f 6216 6115 6116
f 6217 6116 6117
f 6218 6117 6118
f 6219 6118 6119
f 6220 6120 6121
f 6221 6121 6122
f 6222 6122 6123
f 6223 6123 6124
f 6224 6124 6125
f 6225 6125 6126
f 6226 6126 6127
f 6227 6127 6128
f 6228 6128 6129
f 6229 6129 6130
f 6230 6130 6131
f 6231 6131 6132
f 6232 6132 6133
f 6233 6133 6134
f 6234 6134 6135
f 6235 6135 6136
f 6236 6136 6137
f 6237 6137 6138
f 6238 6138 6139
f 6239 6139 6140
f 6240 6140 6141
f 6241 6141 6142
f 6242 6142 6143
f 6243 6143 6144
f 6244 6144 6145
f 6245 6145 6146
f 6246 6146 6147
f 6247 6147 6148
f 6248 6148 6149
f 6249 6149 6150
f 6250 6150 6151
f 6251 6151 6152
f 6252 6152 6153
f 6253 6153 6154
f 6254 6154 6155
f 6255 6155 6156
f 6256 6156 6157
f 6257 6157 6158
f 6258 6158 6159
f 6259 6159 6160
f 6260 6160 6161
f 6261 6161 6162
f 6262 6162 6163
f 6263 6163 6164
f 6264 6164 6165
f 6265 6165 6166
f 6266 6166 6167
f 6267 6167 6168
f 6268 6168 6169
f 6269 6169 6170
f 6270 6170 6171
f 6271 6171 6172
f 6272 6172 6173
f 6273 6173 6174
f 6274 6174 6175
f 6275 6175 6176
f 6276 6176 6177
f 6277 6177 6178
f 6278 6178 6179
f 6279 6179 6180
f 6280 6180 6181
f 6281 6181 6182
f 6282 6182 6183
f 6283 6183 6184
f 6284 6184 6185
f 6285 6185 6186
f 6286 6186 6187
f 6287 6187 6188
f 6288 6188 6189
f 6289 6189 6190
f 6290 6190 6191
f 6291 6191 6192
f 6292 6192 6193
f 6293 6193 6194
f 6294 6194 6195
f 6295 6195 6196
f 6296 6196 6197
f 6297 6197 6198
f 6298 6198 6199
f 6299 6199 6200
f 6300 6200 6201
f 6301 6201 6202
f 6302 6202 6203
f 6303 6203 6204
f 6304 6204 6205
f 6305 6205 6206
f 6306 6206 6207
f 6307 6207 6208
f 6308 6208 6209
f 6309 6209 6210
f 6310 6210 6211
f 6311 6211 6212
f 6312 6212 6213
f 6313 6213 6214
f 6314 6214 6215
f 6315 6215 6216
f 6316 6216 6217
f 6317 6217 6218
f 6318 6218 6219
f 6319 6221 6222
f 6320 6222 6223
f 6321 6223 6224
f 6322 6224 6225
f 6323 6225 6226
f 6324 6226 6227
f 6325 6227 6228
f 6326 6228 6229
f 6327 6229 6230
f 6328 6230 6231
f 6329 6231 6232
f 6330 6232 6233
f 6331 6233 6234
f 6332 6234 6235
f 6333 6235 6236
f 6334 6236 6237
f 6335 6237 6238
f 6336 6238 6239
f 6337 6239 6240
f 6338 6240 6241
f 6339 6241 6242
f 6340 6242 6243
f 6341 6243 6244
f 6342 6244 6245
f 6343 6245 6246
f 6344 6246 6247
f 6345 6247 6248
f 6346 6248 6249
f 6347 6249 6250
f 6348 6250 6251
f 6349 6251 6252
f 6350 6252 6253
f 6351 6253 6254
f 6352 6254 6255
f 6353 6255 6256
f 6354 6256 6257
f 6355 6257 6258
f 6356 6258 6259
f 6357 6259 6260
f 6358 6260 6261
f 6359 6261 6262
f 6360 6262 6263
f 6361 6263 6264
f 6362 6264 6265
f 6363 6265 6266
f 6364 6266 6267
f 6365 6267 6268
f 6366 6268 6269
f 6367 6269 6270
f 6368 6270 6271
f 6369 6271 6272
f 6370 6272 6273
f 6371 6273 6274
f 6372 6274 6275
f 6373 6275 6276
f 6374 6276 6277
f 6375 6277 6278
f 6376 6278 6279
f 6377 6279 6280
f 6378 6280 6281
f 6379 6281 6282
f 6380 6282 6283
f 6381 6283 6284
f 6382 6284 6285
f 6383 6285 6286
f 6384 6286 6287
f 6385 6287 6288
f 6386 6288 6289
f 6387 6289 6290
f 6388 6290 6291
f 6389 6291 6292
f 6390 6292 6293
f 6391 6293 6294
f 6392 6294 6295
f 6393 6295 6296
f 6394 6296 6297
f 6395 6297 6298
f 6396 6298 6299
f 6397 6299 6300
f 6398 6300 6301
f 6399 6301 6302
f 6400 6302 6303
f 6401 6303 6304
f 6402 6304 6305
f 6403 6305 6306
f 6404 6306 6307
f 6405 6307 6308
f 6406 6308 6309
f 6407 6309 6310
f 6408 6310 6311
f 6409 6311 6312
f 6410 6312 6313
f 6411 6313 6314
f 6412 6314 6315
f 6413 6315 6316
f 6414 6316 6317
f 6415 6317 6318
f 6416 6319 6320
f 6417 6320 6321
f 6418 6321 6322
f 6419 6322 6323
f 6420 6323 6324
f 6421 6324 6325
f 6422 6325 6326
f 6423 6326 6327
f 6424 6327 6328
f 6425 6328 6329
f 6426 6329 6330
f 6427 6330 6331
f 6428 6331 6332
f 6429 6332 6333
f 6430 6333 6334
f 6431 6334 6335
f 6432 6335 6336
f 6433 6336 6337
f 6434 6337 6338
f 6435 6338 6339
f 6436 6339 6340
f 6437 6340 6341
f 6438 6341 6342
f 6439 6342 6343
f 6440 6343 6344
f 6441 6344 6345
f 6442 6345 6346
f 6443 6346 6347
f 6444 6347 6348
f 6445 6348 6349
f 6446 6349 6350
f 6447 6350 6351
f 6448 6351 6352
f 6449 6352 6353
f 6450 6353 6354
f 6451 6354 6355
f 6452 6355 6356
f 6453 6356 6357
f 6454 6357 6358
f 6455 6358 6359
f 6456 6359 6360
f 6457 6360 6361
f 6458 6361 6362
f 6459 6362 6363
f 6460 6363 6364
f 6461 6364 6365
f 6462 6365 6366
f 6463 6366 6367
f 6464 6367 6368
f 6465 6368 6369
f 6466 6369 6370
f 6467 6370 6371
f 6468 6371 6372
f 6469 6372 6373
f 6470 6373 6374
f 6471 6374 6375
f 6472 6375 6376
f 6473 6376 6377
f 6474 6377 6378
f 6475 6378 6379
f 6476 6379 6380
f 6477 6380 6381
f 6478 6381 6382
f 6479 6382 6383
f 6480 6383 6384
f 6481 6384 6385
f 6482 6385 6386
f 6483 6386 6387
f 6484 6387 6388
f 6485 6388 6389
f 6486 6389 6390
f 6487 6390 6391
f 6488 6391 6392
f 6489 6392 6393
f 6490 6393 6394
f 6491 6394 6395
f 6492 6395 6396
f 6493 6396 6397
f 6494 6397 6398
f 6495 6398 6399
f 6496 6399 6400
f 6497 6400 6401
f 6498 6401 6402
f 6499 6402 6403
f 6500 6403 6404
f 6501 6404 6405
f 6502 6405 6406
f 6503 6406 6407
f 6504 6407 6408
f 6505 6408 6409
f 6506 6409 6410
f 6507 6410 6411
f 6508 6411 6412
f 6509 6412 6413
f 6510 6413 6414
f 6511 6414 6415
f 6512 6415 6513
f 6514 6416 6417
f 6515 6417 6418
f 6516 6418 6419
f 6517 6419 6420
f 6518 6420 6421
f 6519 6421 6422
f 6520 6422 6423
f 6521 6423 6424
f 6522 6424 6425
f 6523 6425 6426
f 6524 6426 6427
f 6525 6427 6428
f 6526 6428 6429
f 6527 6429 6430
f 6528 6430 6431
f 6529 6431 6432
f 6530 6432 6433
f 6531 6433 6434
f 6532 6434 6435
f 6533 6435 6436
f 6534 6436 6437
f 6535 6437 6438
f 6536 6438 6439
f 6537 6439 6440
f 6538 6440 6441
f 6539 6441 6442
f 6540 6442 6443
f 6541 6443 6444
f 6542 6444 6445
f 6543 6445 6446
f 6544 6446 6447
f 6545 6447 6448
f 6546 6448 6449
f 6547 6449 6450
f 6548 6450 6451
f 6549 6451 6452
f 6550 6452 6453
f 6551 6453 6454
f 6552 6454 6455
f 6553 6455 6456
f 6554 6456 6457
f 6555 6457 6458
f 6556 6458 6459
f 6557 6459 6460
f 6558 6460 6461
f 6559 6461 6462
f 6560 6462 6463
f 6561 6463 6464
f 6562 6464 6465
f 6563 6465 6466
f 6564 6466 6467
f 6565 6467 6468
f 6566 6468 6469
f 6567 6469 6470
f 6568 6470 6471
f 6569 6471 6472
f 6570 6472 6473
f 6571 6473 6474
f 6572 6474 6475
f 6573 6475 6476
f 6574 6476 6477
f 6575 6477 6478
f 6576 6478 6479
f 6577 6479 6480
f 6578 6480 6481
f 6579 6481 6482
f 6580 6482 6483
f 6581 6483 6484
f 6582 6484 6485
f 6583 6485 6486
f 6584 6486 6487
f 6585 6487 6488
f 6586 6488 6489
f 6587 6489 6490
f 6588 6490 6491
f 6589 6491 6492
f 6590 6492 6493
f 6591 6493 6494
f 6592 6494 6495
f 6593 6495 6496
f 6594 6496 6497
f 6595 6497 6498
f 6596 6498 6499
f 6597 6499 6500
f 6598 6500 6501
f 6599 6501 6502
f 6600 6502 6503
f 6601 6503 6504
f 6602 6504 6505
f 6603 6505 6506
f 6604 6506 6507
f 6605 6507 6508
f 6606 6508 6509
f 6607 6509 6510
f 6608 6510 6511
f 6609 6511 6512
f 6610 6514 6515
f 6611 6515 6516
f 6612 6516 6517
f 6613 6517 6518
f 6614 6518 6519
f 6615 6519 6520
f 6616 6520 6521
f 6617 6521 6522
f 6618 6522 6523
f 6619 6523 6524
f 6620 6524 6525
f 6621 6525 6526
f 6622 6526 6527
f 6623 6527 6528
f 6624 6528 6529
f 6625 6529 6530
f 6626 6530 6531
f 6627 6531 6532
f 6628 6532 6533
f 6629 6533 6534
f 6630 6534 6535
f 6631 6535 6536
f 6632 6536 6537
f 6633 6537 6538
f 6634 6538 6539
f 6635 6539 6540
f 6636 6540 6541
f 6637 6541 6542
f 6638 6542 6543
f 6639 6543 6544
f 6640 6544 6545
f 6641 6545 6546
f 6642 6546 6547
f 6643 6547 6548
f 6644 6548 6549
f 6645 6549 6550
f 6646 6550 6551
f 6647 6551 6552
f 6648 6552 6553
f 6649 6553 6554
f 6650 6554 6555
f 6651 6555 6556
f 6652 6556 6557
f 6653 6557 6558
f 6654 6558 6559
f 6655 6559 6560
f 6656 6560 6561
f 6657 6561 6562
f 6658 6562 6563
f 6659 6563 6564
f 6660 6564 6565
f 6661 6565 6566
f 6662 6566 6567
f 6663 6567 6568
f 6664 6568 6569
f 6665 6569 6570
f 6666 6570 6571
f 6667 6571 6572
f 6668 6572 6573
f 6669 6573 6574
f 6670 6574 6575
f 6671 6575 6576
f 6672 6576 6577
f 6673 6577 6578
f 6674 6578 6579
f 6675 6579 6580
f 6676 6580 6581
f 6677 6581 6582
f 6678 6582 6583
f 6679 6583 6584
f 6680 6584 6585
f 6681 6585 6586
f 6682 6586 6587
f 6683 6587 6588
f 6684 6588 6589
f 6685 6589 6590
f 6686 6590 6591
f 6687 6591 6592
f 6688 6592 6593
f 6689 6593 6594
f 6690 6594 6595
f 6691 6595 6596
f 6692 6596 6597
f 6693 6597 6598
f 6694 6598 6599
f 6695 6599 6600
f 6696 6600 6601
f 6697 6601 6602
f 6698 6602 6603
f 6699 6603 6604
f 6700 6604 6605
f 6701 6605 6606
f 6702 6606 6607
f 6703 6607 6608
f 6704 6608 6609
f 6705 6611 6612
f 6706 6612 6613
f 6707 6613 6614
f 6708 6614 6615
f 6709 6615 6616
f 6710 6616 6617
f 6711 6617 6618
f 6712 6618 6619
f 6713 6619 6620
f 6714 6620 6621
f 6715 6621 6622
f 6716 6622 6623
f 6717 6623 6624
f 6718 6624 6625
f 6719 6625 6626
f 6720 6626 6627
f 6721 6627 6628
f 6722 6628 6629
f 6723 6629 6630
f 6724 6630 6631
f 6725 6631 6632
f 6726 6632 6633
f 6727 6633 6634
f 6728 6634 6635
f 6729 6635 6636
f 6730 6636 6637
f 6731 6637 6638
f 6732 6638 6639
f 6733 6639 6640
f 6734 6640 6641
f 6735 6641 6642
f 6736 6642 6643
f 6737 6643 6644
f 6738 6644 6645
f 6739 6645 6646
f 6740 6646 6647
f 6741 6647 6648
f 6742 6648 6649
f 6743 6649 6650
f 6744 6650 6651
f 6745 6651 6652
f 6746 6652 6653
f 6747 6653 6654
f 6748 6654 6655
f 6749 6655 6656
f 6750 6656 6657
f 6751 6657 6658
f 6752 6658 6659
f 6753 6659 6660
f 6754 6660 6661
f 6755 6661 6662
f 6756 6662 6663
f 6757 6663 6664
f 6758 6664 6665
f 6759 6665 6666
f 6760 6666 6667
f 6761 6667 6668
f 6762 6668 6669
f 6763 6669 6670
f 6764 6670 6671
f 6765 6671 6672
f 6766 6672 6673
f 6767 6673 6674
f 6768 6674 6675
f 6769 6675 6676
f 6770 6676 6677
f 6771 6677 6678
f 6772 6678 6679
f 6773 6679 6680
f 6774 6680 6681
f 6775 6681 6682
f 6776 6682 6683
f 6777 6683 6684
f 6778 6684 6685
f 6779 6685 6686
f 6780 6686 6687
f 6781 6687 6688
f 6782 6688 6689
f 6783 6689 6690
f 6784 6690 6691
f 6785 6691 6692
f 6786 6692 6693
f 6787 6693 6694
f 6788 6694 6695
f 6789 6695 6696
f 6790 6696 6697
f 6791 6697 6698
f 6792 6698 6699
f 6793 6699 6700
f 6794 6700 6701
f 6795 6701 6702
f 6796 6702 6703
f 6797 6703 6704
f 1580 6705 6706
f 1581 6706 6707
f 1582 6707 6708
f 1583 6708 6709
f 1584 6709 6710
f 1585 6710 6711
f 1586 6711 6712
f 1587 6712 6713
f 1588 6713 6714
f 1589 6714 6715
f 1590 6715 6716
f 1591 6716 6717
f 1592 6717 6718
f 1593 6718 6719
f 1594 6719 6720
f 1595 6720 6721
f 1596 6721 6722
f 1597 6722 6723
f 1598 6723 6724
f 1599 6724 6725
f 1600 6725 6726
f 1601 6726 6727
f 1602 6727 6728
f 1603 6728 6729
f 1604 6729 6730
f 1605 6730 6731
f 1606 6731 6732
f 1607 6732 6733
f 1608 6733 6734
f 1609 6734 6735
f 1610 6735 6736
f 1611 6736 6737
f 1612 6737 6738
f 1613 6738 6739
f 1614 6739 6740
f 1615 6740 6741
f 1616 6741 6742
f 1617 6742 6743
f 1618 6743 6744
f 1619 6744 6745
f 1620 6745 6746
f 1621 6746 6747
f 1622 6747 6748
f 1623 6748 6749
f 1624 6749 6750
f 1625 6750 6751
f 1626 6751 6752
f 1627 6752 6753
f 1628 6753 6754
f 1629 6754 6755
f 1630 6755 6756
f 1631 6756 6757
f 1632 6757 6758
f 1633 6758 6759
f 1634 6759 6760
f 1635 6760 6761
f 1636 6761 6762
f 1637 6762 6763
f 1638 6763 6764
f 1639 6764 6765
f 1640 6765 6766
f 1641 6766 6767
f 1642 6767 6768
f 1643 6768 6769
f 1644 6769 6770
f 1645 6770 6771
f 1646 6771 6772
f 1647 6772 6773
f 1648 6773 6774
f 1649 6774 6775
f 1650 6775 6776
f 1651 6776 6777
f 1652 6777 6778
f 1653 6778 6779
f 1654 6779 6780
f 1655 6780 6781
f 1656 6781 6782
f 1657 6782 6783
f 1658 6783 6784
f 1659 6784 6785
f 1660 6785 6786
f 1661 6786 6787
f 1662 6787 6788
f 1663 6788 6789
f 1664 6789 6790
f 1665 6790 6791
f 1666 6791 6792
f 1667 6792 6793
f 1668 6793 6794
f 1669 6794 6795
f 1670 6795 6796
f 1671 6796 6797
f 6705 1580 1672
f 1672 1673 6705
f 1673 1674 6705
f 6611 6705 1675
f 1676 6514 6610
f 6610 1677 1676
f 6416 6514 1678
f 1678 1679 6416
f 6319 6416 1680
f 1680 1681 6319
f 6221 6319 1682
f 6220 1682 1683
f 6120 6220 1684
f 1684 1685 6120
f 6019 6120 1686
f 5917 6019 1687
f 1687 1688 5917
f 1689 5812 5916
f 5916 1690 1689
f 1691 5707 5812
f 5812 1692 1691
f 5601 5707 1693
f 1693 1694 5601
f 1695 5492 5600
f 5600 1696 1695
f 5382 5492 1697
f 1697 1698 5382
f 1699 5269 5381
f 5156 5269 1699
f 5042 5156 1700
f 1700 1701 5042
f 4925 5041 1702
f 4807 4925 1703
f 1703 1704 4807
f 1705 4686 4806
f 4565 4686 1705
f 1705 1706 4565
f 1707 4441 4564
f 4316 4441 1707
f 1707 1708 4316
f 1709 4188 4315
f 4315 1710 1709
f 1711 3927 4058
f 4058 1712 1711
f 3792 1713 3656
f 3656 3657 3792
f 3518 3656 1714
f 3377 3517 1715
f 3235 3377 1716
f 1716 1717 3235
f 3090 3234 1718
f 2942 3089 1719
f 2793 2942 1720
f 2640 2792 1721
f 2485 2639 1722
f 2327 2484 1723
f 2168 2327 1724
f 2005 2167 1725
f 1839 2004 1726
f 1292 1838 1727
f 1728 1342 1417
f 1729 1343 1342
f 1342 1728 1729
f 2003 6798 1730
f 1731 2002 2003
f 2003 1732 1731
f 1733 2166 6799
f 6799 1734 1733
f 2165 2166 1735
f 1735 1736 2165
f 1737 2326 6800
f 2325 2326 1738
f 2326 1737 1738
f 6801 1738 1739
f 1740 2483 6801
f 2482 2483 1741
f 2483 1740 1741
f 2638 1742 1743
f 6802 1744 1742
f 1742 2638 6802
f 1745 2791 6803
f 2790 2791 1745
f 1745 1746 2790
f 6804 1746 1747
f 2941 6804 1748
f 2940 2941 1749
f 3088 6805 1750
f 1750 1751 3088
f 3087 3088 1752
f 3233 6806 1753
f 1753 1754 3233
f 3376 6807 1755
f 3375 3376 1756
f 6808 1756 1757
f 3516 6808 1758
f 3655 6809 1759
f 1759 1760 3655
f 3654 3655 1761
f 1761 1762 3654
f 3791 6810 1763
f 1763 1764 3791
f 3925 6811 1765
f 3924 3925 1766
f 1766 1767 3924
f 4057 1768 1769
f 1768 4057 6812
f 6812 1770 1768
f 4186 1771 1772
f 1771 4186 4187
f 4187 1773 1771
f 1774 4314 6813
f 6813 1775 1774
f 4440 6814 1776
f 1776 1777 4440
f 4440 1778 6815
f 4563 6815 1779
f 1779 1780 4563
f 4685 6816 1781
f 1781 1782 6817
f 1783 4805 6817
f 6817 1784 1783
f 4924 6818 1785
f 1786 4923 4924
f 4924 1787 1786
f 5040 6819 1788
f 6820 1788 1789
f 1790 5155 6820
f 6820 1791 1790
f 5268 6821 1792
f 1792 1793 5268
f 5380 1794 1795
f 5380 6822 1796
f 1796 1794 5380
f 5491 6823 1797
f 5491 1798 6824
f 6824 1798 1799
f 6824 1800 1801
f 1801 6825 6824
f 1802 5706 6825
f 6825 1803 1802
f 5811 6826 1804
f 1804 1805 5811
f 6827 1805 1806
f 5915 6827 1807
f 6828 1807 1808
f 1809 6018 6828
f 6828 1810 1809
f 6119 6829 1811
f 6829 1812 1811
f 6830 1811 1813
f 6219 6830 1814
f 6831 1814 1815
f 1816 6318 6831
f 6831 1817 1816
f 6513 1816 1818
f 1819 6512 6832
f 6832 1820 1819
f 6833 1819 1821
f 6609 1822 1823
f 6609 6833 1822
f 6704 6834 1824
f 1824 1825 6704
f 6797 1826 1827
f 1826 6797 6835
f 6835 1828 1826
f 1827 1829 6797
f 1828 6835 1825
f 1825 6835 6704
f 1824 6834 1823
f 1823 6834 6609
f 1821 1822 6833
f 1819 6833 6512
f 1820 6832 1818
f 1818 6832 6513
f 1816 6513 6318
f 1815 1817 6831
f 1814 6831 6219
f 1813 1814 6830
f 1811 6830 6119
f 1812 6829 1809
f 1809 6829 6018
f 1808 1810 6828
f 1807 6828 5915
f 1806 1807 6827
f 1805 6827 5811
f 1804 6826 1802
f 1802 6826 5706
f 1803 6825 1801
f 6825 5599 6824
f 1799 1800 6824
f 6824 5490 5491
f 1797 1798 5491
f 1797 6823 1795
f 1795 6823 5380
f 1796 6822 1793
f 1793 6822 5268
f 1792 6821 1790
f 1790 6821 5155
f 1789 1791 6820
f 1788 6820 5040
f 1788 6819 1786
f 1786 6819 4923
f 1785 1787 4924
f 1785 6818 1783
f 1783 6818 4805
f 1784 6817 1782
f 1781 6817 4685
f 1781 6816 1780
f 1780 6816 4563
f 1779 6815 1778
f 6815 4439 4440
f 1777 1778 4440
f 1776 6814 1774
f 1774 6814 4314
f 1775 6813 1772
f 1772 6813 4186
f 1773 4187 6836
f 1773 6836 1769
f 1769 6836 4057
f 1770 6812 1767
f 1767 6812 3924
f 1765 1766 3925
f 1765 6811 1764
f 1764 6811 3791
f 1763 6810 1762
f 1762 6810 3654
f 1760 1761 3655
f 1759 6809 1758
f 1758 6809 3516
f 1757 1758 6808
f 1756 6808 3375
f 1755 1756 3376
f 1755 6807 1754
f 1754 6807 3233
f 1753 6806 1752
f 1752 6806 3087
f 1751 1752 3088
f 1750 6805 1749
f 1749 6805 2940
f 1748 1749 2941
f 1747 1748 6804
f 1746 6804 2790
f 6803 1830 1745
f 1830 6803 1743
f 1743 6803 2638
f 1744 6802 1741
f 1741 6802 2482
f 6801 1831 1740
f 1739 1831 6801
f 1738 6801 2325
f 6800 1832 1737
f 1832 6800 1736
f 1736 6800 2165
f 1733 1735 2166
f 1734 6799 1731
f 1731 6799 2002
f 1730 1732 2003
f 1730 6798 1729
f 1729 6798 1343
f 1417 1833 1728
f 1833 1417 1221
f 1727 1293 1292
f 1727 1838 1726
f 1726 1838 1839
f 1726 2004 1725
f 1725 2004 2005
f 1725 2167 1724
f 1724 2167 2168
f 1723 1724 2327
f 1723 2484 1722
f 1722 2484 2485
f 1722 2639 1721
f 1721 2639 2640
f 1721 2792 1720
f 1720 2792 2793
f 1719 1720 2942
f 1719 3089 1718
f 1718 3089 3090
f 1718 3234 1717
f 1717 3234 3235
f 1715 1716 3377
f 1715 3517 1714
f 1714 3517 3518
f 1714 3656 1713
f 3792 1834 1713
f 1834 3792 3926
f 1834 3926 1711
f 1711 3926 3927
f 1712 4058 6837
f 1712 6837 1709
f 1709 6837 4188
f 1710 4315 1708
f 1708 4315 4316
f 4564 1835 1707
f 1835 4564 1706
f 1706 4564 4565
f 4806 1836 1705
f 1836 4806 1704
f 1704 4806 4807
f 1702 1703 4925
f 1702 5041 1701
f 1701 5041 5042
f 1699 1700 5156
f 5381 1837 1699
f 1837 5381 1698
f 1698 5381 5382
f 1695 1697 5492
f 1696 5600 1694
f 1694 5600 5601
f 1691 1693 5707
f 1689 1692 5812
f 1690 5916 1688
f 1688 5916 5917
f 1686 1687 6019
f 1685 1686 6120
f 1683 1684 6220
f 1682 6220 6221
f 1681 1682 6319
f 1679 1680 6416
f 1676 1678 6514
f 1677 6610 1675
f 1675 6610 6611
f 1674 1675 6705
f 6797 1829 1671
f 6796 1671 1670
f 6795 1670 1669
f 6794 1669 1668
f 6793 1668 1667
f 6792 1667 1666
f 6791 1666 1665
f 6790 1665 1664
f 6789 1664 1663
f 6788 1663 1662
f 6787 1662 1661
f 6786 1661 1660
f 6785 1660 1659
f 6784 1659 1658
f 6783 1658 1657
f 6782 1657 1656
f 6781 1656 1655
f 6780 1655 1654
f 6779 1654 1653
f 6778 1653 1652
f 6777 1652 1651
f 6776 1651 1650
f 6775 1650 1649
f 6774 1649 1648
f 6773 1648 1647
f 6772 1647 1646
f 6771 1646 1645
f 6770 1645 1644
f 6769 1644 1643
f 6768 1643 1642
f 6767 1642 1641
f 6766 1641 1640
f 6765 1640 1639
f 6764 1639 1638
f 6763 1638 1637
f 6762 1637 1636
f 6761 1636 1635
f 6760 1635 1634
f 6759 1634 1633
f 6758 1633 1632
f 6757 1632 1631
f 6756 1631 1630
f 6755 1630 1629
f 6754 1629 1628
f 6753 1628 1627
f 6752 1627 1626
f 6751 1626 1625
f 6750 1625 1624
f 6749 1624 1623
f 6748 1623 1622
f 6747 1622 1621
f 6746 1621 1620
f 6745 1620 1619
f 6744 1619 1618
f 6743 1618 1617
f 6742 1617 1616
f 6741 1616 1615
f 6740 1615 1614
f 6739 1614 1613
f 6738 1613 1612
f 6737 1612 1611
f 6736 1611 1610
f 6735 1610 1609
f 6734 1609 1608
f 6733 1608 1607
f 6732 1607 1606
f 6731 1606 1605
f 6730 1605 1604
f 6729 1604 1603
f 6728 1603 1602
f 6727 1602 1601
f 6726 1601 1600
f 6725 1600 1599
f 6724 1599 1598
f 6723 1598 1597
f 6722 1597 1596
f 6721 1596 1595
f 6720 1595 1594
f 6719 1594 1593
f 6718 1593 1592
f 6717 1592 1591
f 6716 1591 1590
f 6715 1590 1589
f 6714 1589 1588
f 6713 1588 1587
f 6712 1587 1586
f 6711 1586 1585
f 6710 1585 1584
f 6709 1584 1583
f 6708 1583 1582
f 6707 1582 1581
f 6706 1581 1580
f 6704 6835 6797
f 6703 6797 6796
f 6702 6796 6795
f 6701 6795 6794
f 6700 6794 6793
f 6699 6793 6792
f 6698 6792 6791
f 6697 6791 6790
f 6696 6790 6789
f 6695 6789 6788
f 6694 6788 6787
f 6693 6787 6786
f 6692 6786 6785
f 6691 6785 6784
f 6690 6784 6783
f 6689 6783 6782
f 6688 6782 6781
f 6687 6781 6780
f 6686 6780 6779
f 6685 6779 6778
f 6684 6778 6777
f 6683 6777 6776
f 6682 6776 6775
f 6681 6775 6774
f 6680 6774 6773
f 6679 6773 6772
f 6678 6772 6771
f 6677 6771 6770
f 6676 6770 6769
f 6675 6769 6768
f 6674 6768 6767
f 6673 6767 6766
f 6672 6766 6765
f 6671 6765 6764
f 6670 6764 6763
f 6669 6763 6762
f 6668 6762 6761
f 6667 6761 6760
f 6666 6760 6759
f 6665 6759 6758
f 6664 6758 6757
f 6663 6757 6756
f 6662 6756 6755
f 6661 6755 6754
f 6660 6754 6753
f 6659 6753 6752
f 6658 6752 6751
f 6657 6751 6750
f 6656 6750 6749
f 6655 6749 6748
f 6654 6748 6747
f 6653 6747 6746
f 6652 6746 6745
f 6651 6745 6744
f 6650 6744 6743
f 6649 6743 6742
f 6648 6742 6741
f 6647 6741 6740
f 6646 6740 6739
f 6645 6739 6738
f 6644 6738 6737
f 6643 6737 6736
f 6642 6736 6735
f 6641 6735 6734
f 6640 6734 6733
f 6639 6733 6732
f 6638 6732 6731
f 6637 6731 6730
f 6636 6730 6729
f 6635 6729 6728
f 6634 6728 6727
f 6633 6727 6726
f 6632 6726 6725
f 6631 6725 6724
f 6630 6724 6723
f 6629 6723 6722
f 6628 6722 6721
f 6627 6721 6720
f 6626 6720 6719
f 6625 6719 6718
f 6624 6718 6717
f 6623 6717 6716
f 6622 6716 6715
f 6621 6715 6714
f 6620 6714 6713
f 6619 6713 6712
f 6618 6712 6711
f 6617 6711 6710
f 6616 6710 6709
f 6615 6709 6708
f 6614 6708 6707
f 6613 6707 6706
f 6612 6706 6705
f 6609 6834 6704
f 6608 6704 6703
f 6607 6703 6702
f 6606 6702 6701
f 6605 6701 6700
f 6604 6700 6699
f 6603 6699 6698
f 6602 6698 6697
f 6601 6697 6696
f 6600 6696 6695
f 6599 6695 6694
f 6598 6694 6693
f 6597 6693 6692
f 6596 6692 6691
f 6595 6691 6690
f 6594 6690 6689
f 6593 6689 6688
f 6592 6688 6687
f 6591 6687 6686
f 6590 6686 6685
f 6589 6685 6684
f 6588 6684 6683
f 6587 6683 6682
f 6586 6682 6681
f 6585 6681 6680
f 6584 6680 6679
f 6583 6679 6678
f 6582 6678 6677
f 6581 6677 6676
f 6580 6676 6675
f 6579 6675 6674
f 6578 6674 6673
f 6577 6673 6672
f 6576 6672 6671
f 6575 6671 6670
f 6574 6670 6669
f 6573 6669 6668
f 6572 6668 6667
f 6571 6667 6666
f 6570 6666 6665
f 6569 6665 6664
f 6568 6664 6663
f 6567 6663 6662
f 6566 6662 6661
f 6565 6661 6660
f 6564 6660 6659
f 6563 6659 6658
f 6562 6658 6657
f 6561 6657 6656
f 6560 6656 6655
f 6559 6655 6654
f 6558 6654 6653
f 6557 6653 6652
f 6556 6652 6651
f 6555 6651 6650
f 6554 6650 6649
f 6553 6649 6648
f 6552 6648 6647
f 6551 6647 6646
f 6550 6646 6645
f 6549 6645 6644
f 6548 6644 6643
f 6547 6643 6642
f 6546 6642 6641
f 6545 6641 6640
f 6544 6640 6639
f 6543 6639 6638
f 6542 6638 6637
f 6541 6637 6636
f 6540 6636 6635
f 6539 6635 6634
f 6538 6634 6633
f 6537 6633 6632
f 6536 6632 6631
f 6535 6631 6630
f 6534 6630 6629
f 6533 6629 6628
f 6532 6628 6627
f 6531 6627 6626
f 6530 6626 6625
f 6529 6625 6624
f 6528 6624 6623
f 6527 6623 6622
f 6526 6622 6621
f 6525 6621 6620
f 6524 6620 6619
f 6523 6619 6618
f 6522 6618 6617
f 6521 6617 6616
f 6520 6616 6615
f 6519 6615 6614
f 6518 6614 6613
f 6517 6613 6612
f 6516 6612 6611
f 6515 6611 6610
f 6512 6833 6609
f 6511 6609 6608
f 6510 6608 6607
f 6509 6607 6606
f 6508 6606 6605
f 6507 6605 6604
f 6506 6604 6603
f 6505 6603 6602
f 6504 6602 6601
f 6503 6601 6600
f 6502 6600 6599
f 6501 6599 6598
f 6500 6598 6597
f 6499 6597 6596
f 6498 6596 6595
f 6497 6595 6594
f 6496 6594 6593
f 6495 6593 6592
f 6494 6592 6591
f 6493 6591 6590
f 6492 6590 6589
f 6491 6589 6588
f 6490 6588 6587
f 6489 6587 6586
f 6488 6586 6585
f 6487 6585 6584
f 6486 6584 6583
f 6485 6583 6582
f 6484 6582 6581
f 6483 6581 6580
f 6482 6580 6579
f 6481 6579 6578
f 6480 6578 6577
f 6479 6577 6576
f 6478 6576 6575
f 6477 6575 6574
f 6476 6574 6573
f 6475 6573 6572
f 6474 6572 6571
f 6473 6571 6570
f 6472 6570 6569
f 6471 6569 6568
f 6470 6568 6567
f 6469 6567 6566
f 6468 6566 6565
f 6467 6565 6564
f 6466 6564 6563
f 6465 6563 6562
f 6464 6562 6561
f 6463 6561 6560
f 6462 6560 6559
f 6461 6559 6558
f 6460 6558 6557
f 6459 6557 6556
f 6458 6556 6555
f 6457 6555 6554
f 6456 6554 6553
f 6455 6553 6552
f 6454 6552 6551
f 6453 6551 6550
f 6452 6550 6549
f 6451 6549 6548
f 6450 6548 6547
f 6449 6547 6546
f 6448 6546 6545
f 6447 6545 6544
f 6446 6544 6543
f 6445 6543 6542
f 6444 6542 6541
f 6443 6541 6540
f 6442 6540 6539
f 6441 6539 6538
f 6440 6538 6537
f 6439 6537 6536
f 6438 6536 6535
f 6437 6535 6534
f 6436 6534 6533
f 6435 6533 6532
f 6434 6532 6531
f 6433 6531 6530
f 6432 6530 6529
f 6431 6529 6528
f 6430 6528 6527
f 6429 6527 6526
f 6428 6526 6525
f 6427 6525 6524
f 6426 6524 6523
f 6425 6523 6522
f 6424 6522 6521
f 6423 6521 6520
f 6422 6520 6519
f 6421 6519 6518
f 6420 6518 6517
f 6419 6517 6516
f 6418 6516 6515
f 6417 6515 6514
f 6513 6832 6512
f 6415 6512 6511
f 6414 6511 6510
f 6413 6510 6509
f 6412 6509 6508
f 6411 6508 6507
f 6410 6507 6506
f 6409 6506 6505
f 6408 6505 6504
f 6407 6504 6503
f 6406 6503 6502
f 6405 6502 6501
f 6404 6501 6500
f 6403 6500 6499
f 6402 6499 6498
f 6401 6498 6497
f 6400 6497 6496
f 6399 6496 6495
f 6398 6495 6494
f 6397 6494 6493
f 6396 6493 6492
f 6395 6492 6491
f 6394 6491 6490
f 6393 6490 6489
f 6392 6489 6488
f 6391 6488 6487
f 6390 6487 6486
f 6389 6486 6485
f 6388 6485 6484
f 6387 6484 6483
f 6386 6483 6482
f 6385 6482 6481
f 6384 6481 6480
f 6383 6480 6479
f 6382 6479 6478
f 6381 6478 6477
f 6380 6477 6476
f 6379 6476 6475
f 6378 6475 6474
f 6377 6474 6473
f 6376 6473 6472
f 6375 6472 6471
f 6374 6471 6470
f 6373 6470 6469
f 6372 6469 6468
f 6371 6468 6467
f 6370 6467 6466
f 6369 6466 6465
f 6368 6465 6464
f 6367 6464 6463
f 6366 6463 6462
f 6365 6462 6461
f 6364 6461 6460
f 6363 6460 6459
f 6362 6459 6458
f 6361 6458 6457
f 6360 6457 6456
f 6359 6456 6455
f 6358 6455 6454
f 6357 6454 6453
f 6356 6453 6452
f 6355 6452 6451
f 6354 6451 6450
f 6353 6450 6449
f 6352 6449 6448
f 6351 6448 6447
f 6350 6447 6446
f 6349 6446 6445
f 6348 6445 6444
f 6347 6444 6443
f 6346 6443 6442
f 6345 6442 6441
f 6344 6441 6440
f 6343 6440 6439
f 6342 6439 6438
f 6341 6438 6437
f 6340 6437 6436
f 6339 6436 6435
f 6338 6435 6434
f 6337 6434 6433
f 6336 6433 6432
f 6335 6432 6431
f 6334 6431 6430
f 6333 6430 6429
f 6332 6429 6428
f 6331 6428 6427
f 6330 6427 6426
f 6329 6426 6425
f 6328 6425 6424
f 6327 6424 6423
f 6326 6423 6422
f 6325 6422 6421
f 6324 6421 6420
f 6323 6420 6419
f 6322 6419 6418
f 6321 6418 6417
f 6320 6417 6416
f 6318 6513 6415
f 6317 6415 6414
f 6316 6414 6413
f 6315 6413 6412
f 6314 6412 6411
f 6313 6411 6410
f 6312 6410 6409
f 6311 6409 6408
f 6310 6408 6407
f 6309 6407 6406
f 6308 6406 6405
f 6307 6405 6404
f 6306 6404 6403
f 6305 6403 6402
f 6304 6402 6401
f 6303 6401 6400
f 6302 6400 6399
f 6301 6399 6398
f 6300 6398 6397
f 6299 6397 6396
f 6298 6396 6395
f 6297 6395 6394
f 6296 6394 6393
f 6295 6393 6392
f 6294 6392 6391
f 6293 6391 6390
f 6292 6390 6389
f 6291 6389 6388
f 6290 6388 6387
f 6289 6387 6386
f 6288 6386 6385
f 6287 6385 6384
f 6286 6384 6383
f 6285 6383 6382
f 6284 6382 6381
f 6283 6381 6380
f 6282 6380 6379
f 6281 6379 6378
f 6280 6378 6377
f 6279 6377 6376
f 6278 6376 6375
f 6277 6375 6374
f 6276 6374 6373
f 6275 6373 6372
f 6274 6372 6371
f 6273 6371 6370
f 6272 6370 6369
f 6271 6369 6368
f 6270 6368 6367
f 6269 6367 6366
f 6268 6366 6365
f 6267 6365 6364
f 6266 6364 6363
f 6265 6363 6362
f 6264 6362 6361
f 6263 6361 6360
f 6262 6360 6359
f 6261 6359 6358
f 6260 6358 6357
f 6259 6357 6356
f 6258 6356 6355
f 6257 6355 6354
f 6256 6354 6353
f 6255 6353 6352
f 6254 6352 6351
f 6253 6351 6350
f 6252 6350 6349
f 6251 6349 6348
f 6250 6348 6347
f 6249 6347 6346
f 6248 6346 6345
f 6247 6345 6344
f 6246 6344 6343
f 6245 6343 6342
f 6244 6342 6341
f 6243 6341 6340
f 6242 6340 6339
f 6241 6339 6338
f 6240 6338 6337
f 6239 6337 6336
f 6238 6336 6335
f 6237 6335 6334
f 6236 6334 6333
f 6235 6333 6332
f 6234 6332 6331
f 6233 6331 6330
f 6232 6330 6329
f 6231 6329 6328
f 6230 6328 6327
f 6229 6327 6326
f 6228 6326 6325
f 6227 6325 6324
f 6226 6324 6323
f 6225 6323 6322
f 6224 6322 6321
f 6223 6321 6320
f 6222 6320 6319
f 6219 6831 6318
f 6218 6318 6317
f 6217 6317 6316
f 6216 6316 6315
f 6215 6315 6314
f 6214 6314 6313
f 6213 6313 6312
f 6212 6312 6311
f 6211 6311 6310
f 6210 6310 6309
f 6209 6309 6308
f 6208 6308 6307
f 6207 6307 6306
f 6206 6306 6305
f 6205 6305 6304
f 6204 6304 6303
f 6203 6303 6302
f 6202 6302 6301
f 6201 6301 6300
f 6200 6300 6299
f 6199 6299 6298
f 6198 6298 6297
f 6197 6297 6296
f 6196 6296 6295
f 6195 6295 6294
f 6194 6294 6293
f 6193 6293 6292
f 6192 6292 6291
f 6191 6291 6290
f 6190 6290 6289
f 6189 6289 6288
f 6188 6288 6287
f 6187 6287 6286
f 6186 6286 6285
f 6185 6285 6284
f 6184 6284 6283
f 6183 6283 6282
f 6182 6282 6281
f 6181 6281 6280
f 6180 6280 6279
f 6179 6279 6278
f 6178 6278 6277
f 6177 6277 6276
f 6176 6276 6275
f 6175 6275 6274
f 6174 6274 6273
f 6173 6273 6272
f 6172 6272 6271
f 6171 6271 6270
f 6170 6270 6269
f 6169 6269 6268
f 6168 6268 6267
f 6167 6267 6266
f 6166 6266 6265
f 6165 6265 6264
f 6164 6264 6263
f 6163 6263 6262
f 6162 6262 6261
f 6161 6261 6260
f 6160 6260 6259
f 6159 6259 6258
f 6158 6258 6257
f 6157 6257 6256
f 6156 6256 6255
f 6155 6255 6254
f 6154 6254 6253
f 6153 6253 6252
f 6152 6252 6251
f 6151 6251 6250
f 6150 6250 6249
f 6149 6249 6248
f 6148 6248 6247
f 6147 6247 6246
f 6146 6246 6245
f 6145 6245 6244
f 6144 6244 6243
f 6143 6243 6242
f 6142 6242 6241
f 6141 6241 6240
f 6140 6240 6239
f 6139 6239 6238
f 6138 6238 6237
f 6137 6237 6236
f 6136 6236 6235
f 6135 6235 6234
f 6134 6234 6233
f 6133 6233 6232
f 6132 6232 6231
f 6131 6231 6230
f 6130 6230 6229
f 6129 6229 6228
f 6128 6228 6227
f 6127 6227 6226
f 6126 6226 6225
f 6125 6225 6224
f 6124 6224 6223
f 6123 6223 6222
f 6122 6222 6221
f 6121 6221 6220
f 6119 6830 6219
f 6118 6219 6218
f 6117 6218 6217
f 6116 6217 6216
f 6115 6216 6215
f 6114 6215 6214
f 6113 6214 6213
f 6112 6213 6212
f 6111 6212 6211
f 6110 6211 6210
f 6109 6210 6209
f 6108 6209 6208
f 6107 6208 6207
f 6106 6207 6206
f 6105 6206 6205
f 6104 6205 6204
f 6103 6204 6203
f 6102 6203 6202
f 6101 6202 6201
f 6100 6201 6200
f 6099 6200 6199
f 6098 6199 6198
f 6097 6198 6197
f 6096 6197 6196
f 6095 6196 6195
f 6094 6195 6194
f 6093 6194 6193
f 6092 6193 6192
f 6091 6192 6191
f 6090 6191 6190
f 6089 6190 6189
f 6088 6189 6188
f 6087 6188 6187
f 6086 6187 6186
f 6085 6186 6185
f 6084 6185 6184
f 6083 6184 6183
f 6082 6183 6182
f 6081 6182 6181
f 6080 6181 6180
f 6079 6180 6179
f 6078 6179 6178
f 6077 6178 6177
f 6076 6177 6176
f 6075 6176 6175
f 6074 6175 6174
f 6073 6174 6173
f 6072 6173 6172
f 6071 6172 6171
f 6070 6171 6170
f 6069 6170 6169
f 6068 6169 6168
f 6067 6168 6167
f 6066 6167 6166
f 6065 6166 6165
f 6064 6165 6164
f 6063 6164 6163
f 6062 6163 6162
f 6061 6162 6161
f 6060 6161 6160
f 6059 6160 6159
f 6058 6159 6158
f 6057 6158 6157
f 6056 6157 6156
f 6055 6156 6155
f 6054 6155 6154
f 6053 6154 6153
f 6052 6153 6152
f 6051 6152 6151
f 6050 6151 6150
f 6049 6150 6149
f 6048 6149 6148
f 6047 6148 6147
f 6046 6147 6146
f 6045 6146 6145
f 6044 6145 6144
f 6043 6144 6143
f 6042 6143 6142
f 6041 6142 6141
f 6040 6141 6140
f 6039 6140 6139
f 6038 6139 6138
f 6037 6138 6137
f 6036 6137 6136
f 6035 6136 6135
f 6034 6135 6134
f 6033 6134 6133
f 6032 6133 6132
f 6031 6132 6131
f 6030 6131 6130
f 6029 6130 6129
f 6028 6129 6128
f 6027 6128 6127
f 6026 6127 6126
f 6025 6126 6125
f 6024 6125 6124
f 6023 6124 6123
f 6022 6123 6122
f 6021 6122 6121
f 6020 6121 6120
f 6018 6829 6119
f 6017 6119 6118
f 6016 6118 6117
f 6015 6117 6116
f 6014 6116 6115
f 6013 6115 6114
f 6012 6114 6113
f 6011 6113 6112
f 6010 6112 6111
f 6009 6111 6110
f 6008 6110 6109
f 6007 6109 6108
f 6006 6108 6107
f 6005 6107 6106
f 6004 6106 6105
f 6003 6105 6104
f 6002 6104 6103
f 6001 6103 6102
f 6000 6102 6101
f 5999 6101 6100
f 5998 6100 6099
f 5997 6099 6098
f 5996 6098 6097
f 5995 6097 6096
f 5994 6096 6095
f 5993 6095 6094
f 5992 6094 6093
f 5991 6093 6092
f 5990 6092 6091
f 5989 6091 6090
f 5988 6090 6089
f 5987 6089 6088
f 5986 6088 6087
f 5985 6087 6086
f 5984 6086 6085
f 5983 6085 6084
f 5982 6084 6083
f 5981 6083 6082
f 5980 6082 6081
f 5979 6081 6080
f 5978 6080 6079
f 5977 6079 6078
f 5976 6078 6077
f 5975 6077 6076
f 5974 6076 6075
f 5973 6075 6074
f 5972 6074 6073
f 5971 6073 6072
f 5970 6072 6071
f 5969 6071 6070
f 5968 6070 6069
f 5967 6069 6068
f 5966 6068 6067
f 5965 6067 6066
f 5964 6066 6065
f 5963 6065 6064
f 5962 6064 6063
f 5961 6063 6062
f 5960 6062 6061
f 5959 6061 6060
f 5958 6060 6059
f 5957 6059 6058
f 5956 6058 6057
f 5955 6057 6056
f 5954 6056 6055
f 5953 6055 6054
f 5952 6054 6053
f 5951 6053 6052
f 5950 6052 6051
f 5949 6051 6050
f 5948 6050 6049
f 5947 6049 6048
f 5946 6048 6047
f 5945 6047 6046
f 5944 6046 6045
f 5943 6045 6044
f 5942 6044 6043
f 5941 6043 6042
f 5940 6042 6041
f 5939 6041 6040
f 5938 6040 6039
f 5937 6039 6038
f 5936 6038 6037
f 5935 6037 6036
f 5934 6036 6035
f 5933 6035 6034
f 5932 6034 6033
f 5931 6033 6032
f 5930 6032 6031
f 5929 6031 6030
f 5928 6030 6029
f 5927 6029 6028
f 5926 6028 6027
f 5925 6027 6026
f 5924 6026 6025
f 5923 6025 6024
f 5922 6024 6023
f 5921 6023 6022
f 5920 6022 6021
f 5919 6021 6020
f 5918 6020 6019
f 5915 6828 6018
f 5914 6018 6017
f 5913 6017 6016
f 5912 6016 6015
f 5911 6015 6014
f 5910 6014 6013
f 5909 6013 6012
f 5908 6012 6011
f 5907 6011 6010
f 5906 6010 6009
f 5905 6009 6008
f 5904 6008 6007
f 5903 6007 6006
f 5902 6006 6005
f 5901 6005 6004
f 5900 6004 6003
f 5899 6003 6002
f 5898 6002 6001
f 5897 6001 6000
f 5896 6000 5999
f 5895 5999 5998
f 5894 5998 5997
f 5893 5997 5996
f 5892 5996 5995
f 5891 5995 5994
f 5890 5994 5993
f 5889 5993 5992
f 5888 5992 5991
f 5887 5991 5990
f 5886 5990 5989
f 5885 5989 5988
f 5884 5988 5987
f 5883 5987 5986
f 5882 5986 5985
f 5881 5985 5984
f 5880 5984 5983
f 5879 5983 5982
f 5878 5982 5981
f 5877 5981 5980
f 5876 5980 5979
f 5875 5979 5978
f 5874 5978 5977
f 5873 5977 5976
f 5872 5976 5975
f 5871 5975 5974
f 5870 5974 5973
f 5869 5973 5972
f 5868 5972 5971
f 5867 5971 5970
f 5866 5970 5969
f 5865 5969 5968
f 5864 5968 5967
f 5863 5967 5966
f 5862 5966 5965
f 5861 5965 5964
f 5860 5964 5963
f 5859 5963 5962
f 5858 5962 5961
f 5857 5961 5960
f 5856 5960 5959
f 5855 5959 5958
f 5854 5958 5957
f 5853 5957 5956
f 5852 5956 5955
f 5851 5955 5954
f 5850 5954 5953
f 5849 5953 5952
f 5848 5952 5951
f 5847 5951 5950
f 5846 5950 5949
f 5845 5949 5948
f 5844 5948 5947
f 5843 5947 5946
f 5842 5946 5945
f 5841 5945 5944
f 5840 5944 5943
f 5839 5943 5942
f 5838 5942 5941
f 5837 5941 5940
f 5836 5940 5939
f 5835 5939 5938
f 5834 5938 5937
f 5833 5937 5936
f 5832 5936 5935
f 5831 5935 5934
f 5830 5934 5933
f 5829 5933 5932
f 5828 5932 5931
f 5827 5931 5930
f 5826 5930 5929
f 5825 5929 5928
f 5824 5928 5927
f 5823 5927 5926
f 5822 5926 5925
f 5821 5925 5924
f 5820 5924 5923
f 5819 5923 5922
f 5818 5922 5921
f 5817 5921 5920
f 5816 5920 5919
f 5815 5919 5918
f 5814 5918 5917
f 5813 5917 5916
f 5811 6827 5915
f 5810 5915 5914
f 5809 5914 5913
f 5808 5913 5912
f 5807 5912 5911
f 5806 5911 5910
f 5805 5910 5909
f 5804 5909 5908
f 5803 5908 5907
f 5802 5907 5906
f 5801 5906 5905
f 5800 5905 5904
f 5799 5904 5903
f 5798 5903 5902
f 5797 5902 5901
f 5796 5901 5900
f 5795 5900 5899
f 5794 5899 5898
f 5793 5898 5897
f 5792 5897 5896
f 5791 5896 5895
f 5790 5895 5894
f 5789 5894 5893
f 5788 5893 5892
f 5787 5892 5891
f 5786 5891 5890
f 5785 5890 5889
f 5784 5889 5888
f 5783 5888 5887
f 5782 5887 5886
f 5781 5886 5885
f 5780 5885 5884
f 5779 5884 5883
f 5778 5883 5882
f 5777 5882 5881
f 5776 5881 5880
f 5775 5880 5879
f 5774 5879 5878
f 5773 5878 5877
f 5772 5877 5876
f 5771 5876 5875
f 5770 5875 5874
f 5769 5874 5873
f 5768 5873 5872
f 5767 5872 5871
f 5766 5871 5870
f 5765 5870 5869
f 5764 5869 5868
f 5763 5868 5867
f 5762 5867 5866
f 5761 5866 5865
f 5760 5865 5864
f 5759 5864 5863
f 5758 5863 5862
f 5757 5862 5861
f 5756 5861 5860
f 5755 5860 5859
f 5754 5859 5858
f 5753 5858 5857
f 5752 5857 5856
f 5751 5856 5855
f 5750 5855 5854
f 5749 5854 5853
f 5748 5853 5852
f 5747 5852 5851
f 5746 5851 5850
f 5745 5850 5849
f 5744 5849 5848
f 5743 5848 5847
f 5742 5847 5846
f 5741 5846 5845
f 5740 5845 5844
f 5739 5844 5843
f 5738 5843 5842
f 5737 5842 5841
f 5736 5841 5840
f 5735 5840 5839
f 5734 5839 5838
f 5733 5838 5837
f 5732 5837 5836
f 5731 5836 5835
f 5730 5835 5834
f 5729 5834 5833
f 5728 5833 5832
f 5727 5832 5831
f 5726 5831 5830
f 5725 5830 5829
f 5724 5829 5828
f 5723 5828 5827
f 5722 5827 5826
f 5721 5826 5825
f 5720 5825 5824
f 5719 5824 5823
f 5718 5823 5822
f 5717 5822 5821
f 5716 5821 5820
f 5715 5820 5819
f 5714 5819 5818
f 5713 5818 5817
f 5712 5817 5816
f 5711 5816 5815
f 5710 5815 5814
f 5709 5814 5813
f 5708 5813 5812
f 5706 6826 5811
f 5705 5811 5810
f 5704 5810 5809
f 5703 5809 5808
f 5702 5808 5807
f 5701 5807 5806
f 5700 5806 5805
f 5699 5805 5804
f 5698 5804 5803
f 5697 5803 5802
f 5696 5802 5801
f 5695 5801 5800
f 5694 5800 5799
f 5693 5799 5798
f 5692 5798 5797
f 5691 5797 5796
f 5690 5796 5795
f 5689 5795 5794
f 5688 5794 5793
f 5687 5793 5792
f 5686 5792 5791
f 5685 5791 5790
f 5684 5790 5789
f 5683 5789 5788
f 5682 5788 5787
f 5681 5787 5786
f 5680 5786 5785
f 5679 5785 5784
f 5678 5784 5783
f 5677 5783 5782
f 5676 5782 5781
f 5675 5781 5780
f 5674 5780 5779
f 5673 5779 5778
f 5672 5778 5777
f 5671 5777 5776
f 5670 5776 5775
f 5669 5775 5774
f 5668 5774 5773
f 5667 5773 5772
f 5666 5772 5771
f 5665 5771 5770
f 5664 5770 5769
f 5663 5769 5768
f 5662 5768 5767
f 5661 5767 5766
f 5660 5766 5765
f 5659 5765 5764
f 5658 5764 5763
f 5657 5763 5762
f 5656 5762 5761
f 5655 5761 5760
f 5654 5760 5759
f 5653 5759 5758
f 5652 5758 5757
f 5651 5757 5756
f 5650 5756 5755
f 5649 5755 5754
f 5648 5754 5753
f 5647 5753 5752
f 5646 5752 5751
f 5645 5751 5750
f 5644 5750 5749
f 5643 5749 5748
f 5642 5748 5747
f 5641 5747 5746
f 5640 5746 5745
f 5639 5745 5744
f 5638 5744 5743
f 5637 5743 5742
f 5636 5742 5741
f 5635 5741 5740
f 5634 5740 5739
f 5633 5739 5738
f 5632 5738 5737
f 5631 5737 5736
f 5630 5736 5735
f 5629 5735 5734
f 5628 5734 5733
f 5627 5733 5732
f 5626 5732 5731
f 5625 5731 5730
f 5624 5730 5729
f 5623 5729 5728
f 5622 5728 5727
f 5621 5727 5726
f 5620 5726 5725
f 5619 5725 5724
f 5618 5724 5723
f 5617 5723 5722
f 5616 5722 5721
f 5615 5721 5720
f 5614 5720 5719
f 5613 5719 5718
f 5612 5718 5717
f 5611 5717 5716
f 5610 5716 5715
f 5609 5715 5714
f 5608 5714 5713
f 5607 5713 5712
f 5606 5712 5711
f 5605 5711 5710
f 5604 5710 5709
f 5603 5709 5708
f 5602 5708 5707
f 5599 6825 5706
f 5598 5706 5705
f 5597 5705 5704
f 5596 5704 5703
f 5595 5703 5702
f 5594 5702 5701
f 5593 5701 5700
f 5592 5700 5699
f 5591 5699 5698
f 5590 5698 5697
f 5589 5697 5696
f 5588 5696 5695
f 5587 5695 5694
f 5586 5694 5693
f 5585 5693 5692
f 5584 5692 5691
f 5583 5691 5690
f 5582 5690 5689
f 5581 5689 5688
f 5580 5688 5687
f 5579 5687 5686
f 5578 5686 5685
f 5577 5685 5684
f 5576 5684 5683
f 5575 5683 5682
f 5574 5682 5681
f 5573 5681 5680
f 5572 5680 5679
f 5571 5679 5678
f 5570 5678 5677
f 5569 5677 5676
f 5568 5676 5675
f 5567 5675 5674
f 5566 5674 5673
f 5565 5673 5672
f 5564 5672 5671
f 5563 5671 5670
f 5562 5670 5669
f 5561 5669 5668
f 5560 5668 5667
f 5559 5667 5666
f 5558 5666 5665
f 5557 5665 5664
f 5556 5664 5663
f 5555 5663 5662
f 5554 5662 5661
f 5553 5661 5660
f 5552 5660 5659
f 5551 5659 5658
f 5550 5658 5657
f 5549 5657 5656
f 5548 5656 5655
f 5547 5655 5654
f 5546 5654 5653
f 5545 5653 5652
f 5544 5652 5651
f 5543 5651 5650
f 5542 5650 5649
f 5541 5649 5648
f 5540 5648 5647
f 5539 5647 5646
f 5538 5646 5645
f 5537 5645 5644
f 5536 5644 5643
f 5535 5643 5642
f 5534 5642 5641
f 5533 5641 5640
f 5532 5640 5639
f 5531 5639 5638
f 5530 5638 5637
f 5529 5637 5636
f 5528 5636 5635
f 5527 5635 5634
f 5526 5634 5633
f 5525 5633 5632
f 5524 5632 5631
f 5523 5631 5630
f 5522 5630 5629
f 5521 5629 5628
f 5520 5628 5627
f 5519 5627 5626
f 5518 5626 5625
f 5517 5625 5624
f 5516 5624 5623
f 5515 5623 5622
f 5514 5622 5621
f 5513 5621 5620
f 5512 5620 5619
f 5511 5619 5618
f 5510 5618 5617
f 5509 5617 5616
f 5508 5616 5615
f 5507 5615 5614
f 5506 5614 5613
f 5505 5613 5612
f 5504 5612 5611
f 5503 5611 5610
f 5502 5610 5609
f 5501 5609 5608
f 5500 5608 5607
f 5499 5607 5606
f 5498 5606 5605
f 5497 5605 5604
f 5496 5604 5603
f 5495 5603 5602
f 5494 5602 5601
f 5493 5601 5600
f 5490 6824 5599
f 5489 5599 5598
f 5488 5598 5597
f 5487 5597 5596
f 5486 5596 5595
f 5485 5595 5594
f 5484 5594 5593
f 5483 5593 5592
f 5482 5592 5591
f 5481 5591 5590
f 5480 5590 5589
f 5479 5589 5588
f 5478 5588 5587
f 5477 5587 5586
f 5476 5586 5585
f 5475 5585 5584
f 5474 5584 5583
f 5473 5583 5582
f 5472 5582 5581
f 5471 5581 5580
f 5470 5580 5579
f 5469 5579 5578
f 5468 5578 5577
f 5467 5577 5576
f 5466 5576 5575
f 5465 5575 5574
f 5464 5574 5573
f 5463 5573 5572
f 5462 5572 5571
f 5461 5571 5570
f 5460 5570 5569
f 5459 5569 5568
f 5458 5568 5567
f 5457 5567 5566
f 5456 5566 5565
f 5455 5565 5564
f 5454 5564 5563
f 5453 5563 5562
f 5452 5562 5561
f 5451 5561 5560
f 5450 5560 5559
f 5449 5559 5558
f 5448 5558 5557
f 5447 5557 5556
f 5446 5556 5555
f 5445 5555 5554
f 5444 5554 5553
f 5443 5553 5552
f 5442 5552 5551
f 5441 5551 5550
f 5440 5550 5549
f 5439 5549 5548
f 5438 5548 5547
f 5437 5547 5546
f 5436 5546 5545
f 5435 5545 5544
f 5434 5544 5543
f 5433 5543 5542
f 5432 5542 5541
f 5431 5541 5540
f 5430 5540 5539
f 5429 5539 5538
f 5428 5538 5537
f 5427 5537 5536
f 5426 5536 5535
f 5425 5535 5534
f 5424 5534 5533
f 5423 5533 5532
f 5422 5532 5531
f 5421 5531 5530
f 5420 5530 5529
f 5419 5529 5528
f 5418 5528 5527
f 5417 5527 5526
f 5416 5526 5525
f 5415 5525 5524
f 5414 5524 5523
f 5413 5523 5522
f 5412 5522 5521
f 5411 5521 5520
f 5410 5520 5519
f 5409 5519 5518
f 5408 5518 5517
f 5407 5517 5516
f 5406 5516 5515
f 5405 5515 5514
f 5404 5514 5513
f 5403 5513 5512
f 5402 5512 5511
f 5401 5511 5510
f 5400 5510 5509
f 5399 5509 5508
f 5398 5508 5507
f 5397 5507 5506
f 5396 5506 5505
f 5395 5505 5504
f 5394 5504 5503
f 5393 5503 5502
f 5392 5502 5501
f 5391 5501 5500
f 5390 5500 5499
f 5389 5499 5498
f 5388 5498 5497
f 5387 5497 5496
f 5386 5496 5495
f 5385 5495 5494
f 5384 5494 5493
f 5383 5493 5492
f 5380 6823 5491
f 5379 5491 5490
f 5378 5490 5489
f 5377 5489 5488
f 5376 5488 5487
f 5375 5487 5486
f 5374 5486 5485
f 5373 5485 5484
f 5372 5484 5483
f 5371 5483 5482
f 5370 5482 5481
f 5369 5481 5480
f 5368 5480 5479
f 5367 5479 5478
f 5366 5478 5477
f 5365 5477 5476
f 5364 5476 5475
f 5363 5475 5474
f 5362 5474 5473
f 5361 5473 5472
f 5360 5472 5471
f 5359 5471 5470
f 5358 5470 5469
f 5357 5469 5468
f 5356 5468 5467
f 5355 5467 5466
f 5354 5466 5465
f 5353 5465 5464
f 5352 5464 5463
f 5351 5463 5462
f 5350 5462 5461
f 5349 5461 5460
f 5348 5460 5459
f 5347 5459 5458
f 5346 5458 5457
f 5345 5457 5456
f 5344 5456 5455
f 5343 5455 5454
f 5342 5454 5453
f 5341 5453 5452
f 5340 5452 5451
f 5339 5451 5450
f 5338 5450 5449
f 5337 5449 5448
f 5336 5448 5447
f 5335 5447 5446
f 5334 5446 5445
f 5333 5445 5444
f 5332 5444 5443
f 5331 5443 5442
f 5330 5442 5441
f 5329 5441 5440
f 5328 5440 5439
f 5327 5439 5438
f 5326 5438 5437
f 5325 5437 5436
f 5324 5436 5435
f 5323 5435 5434
f 5322 5434 5433
f 5321 5433 5432
f 5320 5432 5431
f 5319 5431 5430
f 5318 5430 5429
f 5317 5429 5428
f 5316 5428 5427
f 5315 5427 5426
f 5314 5426 5425
f 5313 5425 5424
f 5312 5424 5423
f 5311 5423 5422
f 5310 5422 5421
f 5309 5421 5420
f 5308 5420 5419
f 5307 5419 5418
f 5306 5418 5417
f 5305 5417 5416
f 5304 5416 5415
f 5303 5415 5414
f 5302 5414 5413
f 5301 5413 5412
f 5300 5412 5411
f 5299 5411 5410
f 5298 5410 5409
f 5297 5409 5408
f 5296 5408 5407
f 5295 5407 5406
f 5294 5406 5405
f 5293 5405 5404
f 5292 5404 5403
f 5291 5403 5402
f 5290 5402 5401
f 5289 5401 5400
f 5288 5400 5399
f 5287 5399 5398
f 5286 5398 5397
f 5285 5397 5396
f 5284 5396 5395
f 5283 5395 5394
f 5282 5394 5393
f 5281 5393 5392
f 5280 5392 5391
f 5279 5391 5390
f 5278 5390 5389
f 5277 5389 5388
f 5276 5388 5387
f 5275 5387 5386
f 5274 5386 5385
f 5273 5385 5384
f 5272 5384 5383
f 5271 5383 5382
f 5270 5382 5381
f 5268 6822 5380
f 5267 5380 5379
f 5266 5379 5378
f 5265 5378 5377
f 5264 5377 5376
f 5263 5376 5375
f 5262 5375 5374
f 5261 5374 5373
f 5260 5373 5372
f 5259 5372 5371
f 5258 5371 5370
f 5257 5370 5369
f 5256 5369 5368
f 5255 5368 5367
f 5254 5367 5366
f 5253 5366 5365
f 5252 5365 5364
f 5251 5364 5363
f 5250 5363 5362
f 5249 5362 5361
f 5248 5361 5360
f 5247 5360 5359
f 5246 5359 5358
f 5245 5358 5357
f 5244 5357 5356
f 5243 5356 5355
f 5242 5355 5354
f 5241 5354 5353
f 5240 5353 5352
f 5239 5352 5351
f 5238 5351 5350
f 5237 5350 5349
f 5236 5349 5348
f 5235 5348 5347
f 5234 5347 5346
f 5233 5346 5345
f 5232 5345 5344
f 5231 5344 5343
f 5230 5343 5342
f 5229 5342 5341
f 5228 5341 5340
f 5227 5340 5339
f 5226 5339 5338
f 5225 5338 5337
f 5224 5337 5336
f 5223 5336 5335
f 5222 5335 5334
f 5221 5334 5333
f 5220 5333 5332
f 5219 5332 5331
f 5218 5331 5330
f 5217 5330 5329
f 5216 5329 5328
f 5215 5328 5327
f 5214 5327 5326
f 5213 5326 5325
f 5212 5325 5324
f 5211 5324 5323
f 5210 5323 5322
f 5209 5322 5321
f 5208 5321 5320
f 5207 5320 5319
f 5206 5319 5318
f 5205 5318 5317
f 5204 5317 5316
f 5203 5316 5315
f 5202 5315 5314
f 5201 5314 5313
f 5200 5313 5312
f 5199 5312 5311
f 5198 5311 5310
f 5197 5310 5309
f 5196 5309 5308
f 5195 5308 5307
f 5194 5307 5306
f 5193 5306 5305
f 5192 5305 5304
f 5191 5304 5303
f 5190 5303 5302
f 5189 5302 5301
f 5188 5301 5300
f 5187 5300 5299
f 5186 5299 5298
f 5185 5298 5297
f 5184 5297 5296
f 5183 5296 5295
f 5182 5295 5294
f 5181 5294 5293
f 5180 5293 5292
f 5179 5292 5291
f 5178 5291 5290
f 5177 5290 5289
f 5176 5289 5288
f 5175 5288 5287
f 5174 5287 5286
f 5173 5286 5285
f 5172 5285 5284
f 5171 5284 5283
f 5170 5283 5282
f 5169 5282 5281
f 5168 5281 5280
f 5167 5280 5279
f 5166 5279 5278
f 5165 5278 5277
f 5164 5277 5276
f 5163 5276 5275
f 5162 5275 5274
f 5161 5274 5273
f 5160 5273 5272
f 5159 5272 5271
f 5158 5271 5270
f 5157 5270 5269
f 5155 6821 5268
f 5154 5268 5267
f 5153 5267 5266
f 5152 5266 5265
f 5151 5265 5264
f 5150 5264 5263
f 5149 5263 5262
f 5148 5262 5261
f 5147 5261 5260
f 5146 5260 5259
f 5145 5259 5258
f 5144 5258 5257
f 5143 5257 5256
f 5142 5256 5255
f 5141 5255 5254
f 5140 5254 5253
f 5139 5253 5252
f 5138 5252 5251
f 5137 5251 5250
f 5136 5250 5249
f 5135 5249 5248
f 5134 5248 5247
f 5133 5247 5246
f 5132 5246 5245
f 5131 5245 5244
f 5130 5244 5243
f 5129 5243 5242
f 5128 5242 5241
f 5127 5241 5240
f 5126 5240 5239
f 5125 5239 5238
f 5124 5238 5237
f 5123 5237 5236
f 5122 5236 5235
f 5121 5235 5234
f 5120 5234 5233
f 5119 5233 5232
f 5118 5232 5231
f 5117 5231 5230
f 5116 5230 5229
f 5115 5229 5228
f 5114 5228 5227
f 5113 5227 5226
f 5112 5226 5225
f 5111 5225 5224
f 5110 5224 5223
f 5109 5223 5222
f 5108 5222 5221
f 5107 5221 5220
f 5106 5220 5219
f 5105 5219 5218
f 5104 5218 5217
f 5103 5217 5216
f 5102 5216 5215
f 5101 5215 5214
f 5100 5214 5213
f 5099 5213 5212
f 5098 5212 5211
f 5097 5211 5210
f 5096 5210 5209
f 5095 5209 5208
f 5094 5208 5207
f 5093 5207 5206
f 5092 5206 5205
f 5091 5205 5204
f 5090 5204 5203
f 5089 5203 5202
f 5088 5202 5201
f 5087 5201 5200
f 5086 5200 5199
f 5085 5199 5198
f 5084 5198 5197
f 5083 5197 5196
f 5082 5196 5195
f 5081 5195 5194
f 5080 5194 5193
f 5079 5193 5192
f 5078 5192 5191
f 5077 5191 5190
f 5076 5190 5189
f 5075 5189 5188
f 5074 5188 5187
f 5073 5187 5186
f 5072 5186 5185
f 5071 5185 5184
f 5070 5184 5183
f 5069 5183 5182
f 5068 5182 5181
f 5067 5181 5180
f 5066 5180 5179
f 5065 5179 5178
f 5064 5178 5177
f 5063 5177 5176
f 5062 5176 5175
f 5061 5175 5174
f 5060 5174 5173
f 5059 5173 5172
f 5058 5172 5171
f 5057 5171 5170
f 5056 5170 5169
f 5055 5169 5168
f 5054 5168 5167
f 5053 5167 5166
f 5052 5166 5165
f 5051 5165 5164
f 5050 5164 5163
f 5049 5163 5162
f 5048 5162 5161
f 5047 5161 5160
f 5046 5160 5159
f 5045 5159 5158
f 5044 5158 5157
f 5043 5157 5156
f 5040 6820 5155
f 5039 5155 5154
f 5038 5154 5153
f 5037 5153 5152
f 5036 5152 5151
f 5035 5151 5150
f 5034 5150 5149
f 5033 5149 5148
f 5032 5148 5147
f 5031 5147 5146
f 5030 5146 5145
f 5029 5145 5144
f 5028 5144 5143
f 5027 5143 5142
f 5026 5142 5141
f 5025 5141 5140
f 5024 5140 5139
f 5023 5139 5138
f 5022 5138 5137
f 5021 5137 5136
f 5020 5136 5135
f 5019 5135 5134
f 5018 5134 5133
f 5017 5133 5132
f 5016 5132 5131
f 5015 5131 5130
f 5014 5130 5129
f 5013 5129 5128
f 5012 5128 5127
f 5011 5127 5126
f 5010 5126 5125
f 5009 5125 5124
f 5008 5124 5123
f 5007 5123 5122
f 5006 5122 5121
f 5005 5121 5120
f 5004 5120 5119
f 5003 5119 5118
f 5002 5118 5117
f 5001 5117 5116
f 5000 5116 5115
f 4999 5115 5114
f 4998 5114 5113
f 4997 5113 5112
f 4996 5112 5111
f 4995 5111 5110
f 4994 5110 5109
f 4993 5109 5108
f 4992 5108 5107
f 4991 5107 5106
f 4990 5106 5105
f 4989 5105 5104
f 4988 5104 5103
f 4987 5103 5102
f 4986 5102 5101
f 4985 5101 5100
f 4984 5100 5099
f 4983 5099 5098
f 4982 5098 5097
f 4981 5097 5096
f 4980 5096 5095
f 4979 5095 5094
f 4978 5094 5093
f 4977 5093 5092
f 4976 5092 5091
f 4975 5091 5090
f 4974 5090 5089
f 4973 5089 5088
f 4972 5088 5087
f 4971 5087 5086
f 4970 5086 5085
f 4969 5085 5084
f 4968 5084 5083
f 4967 5083 5082
f 4966 5082 5081
f 4965 5081 5080
f 4964 5080 5079
f 4963 5079 5078
f 4962 5078 5077
f 4961 5077 5076
f 4960 5076 5075
f 4959 5075 5074
f 4958 5074 5073
f 4957 5073 5072
f 4956 5072 5071
f 4955 5071 5070
f 4954 5070 5069
f 4953 5069 5068
f 4952 5068 5067
f 4951 5067 5066
f 4950 5066 5065
f 4949 5065 5064
f 4948 5064 5063
f 4947 5063 5062
f 4946 5062 5061
f 4945 5061 5060
f 4944 5060 5059
f 4943 5059 5058
f 4942 5058 5057
f 4941 5057 5056
f 4940 5056 5055
f 4939 5055 5054
f 4938 5054 5053
f 4937 5053 5052
f 4936 5052 5051
f 4935 5051 5050
f 4934 5050 5049
f 4933 5049 5048
f 4932 5048 5047
f 4931 5047 5046
f 4930 5046 5045
f 4929 5045 5044
f 4928 5044 5043
f 4927 5043 5042
f 4926 5042 5041
f 4923 6819 5040
f 4922 5040 5039
f 4921 5039 5038
f 4920 5038 5037
f 4919 5037 5036
f 4918 5036 5035
f 4917 5035 5034
f 4916 5034 5033
f 4915 5033 5032
f 4914 5032 5031
f 4913 5031 5030
f 4912 5030 5029
f 4911 5029 5028
f 4910 5028 5027
f 4909 5027 5026
f 4908 5026 5025
f 4907 5025 5024
f 4906 5024 5023
f 4905 5023 5022
f 4904 5022 5021
f 4903 5021 5020
f 4902 5020 5019
f 4901 5019 5018
f 4900 5018 5017
f 4899 5017 5016
f 4898 5016 5015
f 4897 5015 5014
f 4896 5014 5013
f 4895 5013 5012
f 4894 5012 5011
f 4893 5011 5010
f 4892 5010 5009
f 4891 5009 5008
f 4890 5008 5007
f 4889 5007 5006
f 4888 5006 5005
f 4887 5005 5004
f 4886 5004 5003
f 4885 5003 5002
f 4884 5002 5001
f 4883 5001 5000
f 4882 5000 4999
f 4881 4999 4998
f 4880 4998 4997
f 4879 4997 4996
f 4878 4996 4995
f 4877 4995 4994
f 4876 4994 4993
f 4875 4993 4992
f 4874 4992 4991
f 4873 4991 4990
f 4872 4990 4989
f 4871 4989 4988
f 4870 4988 4987
f 4869 4987 4986
f 4868 4986 4985
f 4867 4985 4984
f 4866 4984 4983
f 4865 4983 4982
f 4864 4982 4981
f 4863 4981 4980
f 4862 4980 4979
f 4861 4979 4978
f 4860 4978 4977
f 4859 4977 4976
f 4858 4976 4975
f 4857 4975 4974
f 4856 4974 4973
f 4855 4973 4972
f 4854 4972 4971
f 4853 4971 4970
f 4852 4970 4969
f 4851 4969 4968
f 4850 4968 4967
f 4849 4967 4966
f 4848 4966 4965
f 4847 4965 4964
f 4846 4964 4963
f 4845 4963 4962
f 4844 4962 4961
f 4843 4961 4960
f 4842 4960 4959
f 4841 4959 4958
f 4840 4958 4957
f 4839 4957 4956
f 4838 4956 4955
f 4837 4955 4954
f 4836 4954 4953
f 4835 4953 4952
f 4834 4952 4951
f 4833 4951 4950
f 4832 4950 4949
f 4831 4949 4948
f 4830 4948 4947
f 4829 4947 4946
f 4828 4946 4945
f 4827 4945 4944
f 4826 4944 4943
f 4825 4943 4942
f 4824 4942 4941
f 4823 4941 4940
f 4822 4940 4939
f 4821 4939 4938
f 4820 4938 4937
f 4819 4937 4936
f 4818 4936 4935
f 4817 4935 4934
f 4816 4934 4933
f 4815 4933 4932
f 4814 4932 4931
f 4813 4931 4930
f 4812 4930 4929
f 4811 4929 4928
f 4810 4928 4927
f 4809 4927 4926
f 4808 4926 4925
f 4805 6818 4924
f 4804 4924 4923
f 4803 4923 4922
f 4802 4922 4921
f 4801 4921 4920
f 4800 4920 4919
f 4799 4919 4918
f 4798 4918 4917
f 4797 4917 4916
f 4796 4916 4915
f 4795 4915 4914
f 4794 4914 4913
f 4793 4913 4912
f 4792 4912 4911
f 4791 4911 4910
f 4790 4910 4909
f 4789 4909 4908
f 4788 4908 4907
f 4787 4907 4906
f 4786 4906 4905
f 4785 4905 4904
f 4784 4904 4903
f 4783 4903 4902
f 4782 4902 4901
f 4781 4901 4900
f 4780 4900 4899
f 4779 4899 4898
f 4778 4898 4897
f 4777 4897 4896
f 4776 4896 4895
f 4775 4895 4894
f 4774 4894 4893
f 4773 4893 4892
f 4772 4892 4891
f 4771 4891 4890
f 4770 4890 4889
f 4769 4889 4888
f 4768 4888 4887
f 4767 4887 4886
f 4766 4886 4885
f 4765 4885 4884
f 4764 4884 4883
f 4763 4883 4882
f 4762 4882 4881
f 4761 4881 4880
f 4760 4880 4879
f 4759 4879 4878
f 4758 4878 4877
f 4757 4877 4876
f 4756 4876 4875
f 4755 4875 4874
f 4754 4874 4873
f 4753 4873 4872
f 4752 4872 4871
f 4751 4871 4870
f 4750 4870 4869
f 4749 4869 4868
f 4748 4868 4867
f 4747 4867 4866
f 4746 4866 4865
f 4745 4865 4864
f 4744 4864 4863
f 4743 4863 4862
f 4742 4862 4861
f 4741 4861 4860
f 4740 4860 4859
f 4739 4859 4858
f 4738 4858 4857
f 4737 4857 4856
f 4736 4856 4855
f 4735 4855 4854
f 4734 4854 4853
f 4733 4853 4852
f 4732 4852 4851
f 4731 4851 4850
f 4730 4850 4849
f 4729 4849 4848
f 4728 4848 4847
f 4727 4847 4846
f 4726 4846 4845
f 4725 4845 4844
f 4724 4844 4843
f 4723 4843 4842
f 4722 4842 4841
f 4721 4841 4840
f 4720 4840 4839
f 4719 4839 4838
f 4718 4838 4837
f 4717 4837 4836
f 4716 4836 4835
f 4715 4835 4834
f 4714 4834 4833
f 4713 4833 4832
f 4712 4832 4831
f 4711 4831 4830
f 4710 4830 4829
f 4709 4829 4828
f 4708 4828 4827
f 4707 4827 4826
f 4706 4826 4825
f 4705 4825 4824
f 4704 4824 4823
f 4703 4823 4822
f 4702 4822 4821
f 4701 4821 4820
f 4700 4820 4819
f 4699 4819 4818
f 4698 4818 4817
f 4697 4817 4816
f 4696 4816 4815
f 4695 4815 4814
f 4694 4814 4813
f 4693 4813 4812
f 4692 4812 4811
f 4691 4811 4810
f 4690 4810 4809
f 4689 4809 4808
f 4688 4808 4807
f 4687 4807 4806
f 4685 6817 4805
f 4684 4805 4804
f 4683 4804 4803
f 4682 4803 4802
f 4681 4802 4801
f 4680 4801 4800
f 4679 4800 4799
f 4678 4799 4798
f 4677 4798 4797
f 4676 4797 4796
f 4675 4796 4795
f 4674 4795 4794
f 4673 4794 4793
f 4672 4793 4792
f 4671 4792 4791
f 4670 4791 4790
f 4669 4790 4789
f 4668 4789 4788
f 4667 4788 4787
f 4666 4787 4786
f 4665 4786 4785
f 4664 4785 4784
f 4663 4784 4783
f 4662 4783 4782
f 4661 4782 4781
f 4660 4781 4780
f 4659 4780 4779
f 4658 4779 4778
f 4657 4778 4777
f 4656 4777 4776
f 4655 4776 4775
f 4654 4775 4774
f 4653 4774 4773
f 4652 4773 4772
f 4651 4772 4771
f 4650 4771 4770
f 4649 4770 4769
f 4648 4769 4768
f 4647 4768 4767
f 4646 4767 4766
f 4645 4766 4765
f 4644 4765 4764
f 4643 4764 4763
f 4642 4763 4762
f 4641 4762 4761
f 4640 4761 4760
f 4639 4760 4759
f 4638 4759 4758
f 4637 4758 4757
f 4636 4757 4756
f 4635 4756 4755
f 4634 4755 4754
f 4633 4754 4753
f 4632 4753 4752
f 4631 4752 4751
f 4630 4751 4750
f 4629 4750 4749
f 4628 4749 4748
f 4627 4748 4747
f 4626 4747 4746
f 4625 4746 4745
f 4624 4745 4744
f 4623 4744 4743
f 4622 4743 4742
f 4621 4742 4741
f 4620 4741 4740
f 4619 4740 4739
f 4618 4739 4738
f 4617 4738 4737
f 4616 4737 4736
f 4615 4736 4735
f 4614 4735 4734
f 4613 4734 4733
f 4612 4733 4732
f 4611 4732 4731
f 4610 4731 4730
f 4609 4730 4729
f 4608 4729 4728
f 4607 4728 4727
f 4606 4727 4726
f 4605 4726 4725
f 4604 4725 4724
f 4603 4724 4723
f 4602 4723 4722
f 4601 4722 4721
f 4600 4721 4720
f 4599 4720 4719
f 4598 4719 4718
f 4597 4718 4717
f 4596 4717 4716
f 4595 4716 4715
f 4594 4715 4714
f 4593 4714 4713
f 4592 4713 4712
f 4591 4712 4711
f 4590 4711 4710
f 4589 4710 4709
f 4588 4709 4708
f 4587 4708 4707
f 4586 4707 4706
f 4585 4706 4705
f 4584 4705 4704
f 4583 4704 4703
f 4582 4703 4702
f 4581 4702 4701
f 4580 4701 4700
f 4579 4700 4699
f 4578 4699 4698
f 4577 4698 4697
f 4576 4697 4696
f 4575 4696 4695
f 4574 4695 4694
f 4573 4694 4693
f 4572 4693 4692
f 4571 4692 4691
f 4570 4691 4690
f 4569 4690 4689
f 4568 4689 4688
f 4567 4688 4687
f 4566 4687 4686
f 4563 6816 4685
f 4562 4685 4684
f 4561 4684 4683
f 4560 4683 4682
f 4559 4682 4681
f 4558 4681 4680
f 4557 4680 4679
f 4556 4679 4678
f 4555 4678 4677
f 4554 4677 4676
f 4553 4676 4675
f 4552 4675 4674
f 4551 4674 4673
f 4550 4673 4672
f 4549 4672 4671
f 4548 4671 4670
f 4547 4670 4669
f 4546 4669 4668
f 4545 4668 4667
f 4544 4667 4666
f 4543 4666 4665
f 4542 4665 4664
f 4541 4664 4663
f 4540 4663 4662
f 4539 4662 4661
f 4538 4661 4660
f 4537 4660 4659
f 4536 4659 4658
f 4535 4658 4657
f 4534 4657 4656
f 4533 4656 4655
f 4532 4655 4654
f 4531 4654 4653
f 4530 4653 4652
f 4529 4652 4651
f 4528 4651 4650
f 4527 4650 4649
f 4526 4649 4648
f 4525 4648 4647
f 4524 4647 4646
f 4523 4646 4645
f 4522 4645 4644
f 4521 4644 4643
f 4520 4643 4642
f 4519 4642 4641
f 4518 4641 4640
f 4517 4640 4639
f 4516 4639 4638
f 4515 4638 4637
f 4514 4637 4636
f 4513 4636 4635
f 4512 4635 4634
f 4511 4634 4633
f 4510 4633 4632
f 4509 4632 4631
f 4508 4631 4630
f 4507 4630 4629
f 4506 4629 4628
f 4505 4628 4627
f 4504 4627 4626
f 4503 4626 4625
f 4502 4625 4624
f 4501 4624 4623
f 4500 4623 4622
f 4499 4622 4621
f 4498 4621 4620
f 4497 4620 4619
f 4496 4619 4618
f 4495 4618 4617
f 4494 4617 4616
f 4493 4616 4615
f 4492 4615 4614
f 4491 4614 4613
f 4490 4613 4612
f 4489 4612 4611
f 4488 4611 4610
f 4487 4610 4609
f 4486 4609 4608
f 4485 4608 4607
f 4484 4607 4606
f 4483 4606 4605
f 4482 4605 4604
f 4481 4604 4603
f 4480 4603 4602
f 4479 4602 4601
f 4478 4601 4600
f 4477 4600 4599
f 4476 4599 4598
f 4475 4598 4597
f 4474 4597 4596
f 4473 4596 4595
f 4472 4595 4594
f 4471 4594 4593
f 4470 4593 4592
f 4469 4592 4591
f 4468 4591 4590
f 4467 4590 4589
f 4466 4589 4588
f 4465 4588 4587
f 4464 4587 4586
f 4463 4586 4585
f 4462 4585 4584
f 4461 4584 4583
f 4460 4583 4582
f 4459 4582 4581
f 4458 4581 4580
f 4457 4580 4579
f 4456 4579 4578
f 4455 4578 4577
f 4454 4577 4576
f 4453 4576 4575
f 4452 4575 4574
f 4451 4574 4573
f 4450 4573 4572
f 4449 4572 4571
f 4448 4571 4570
f 4447 4570 4569
f 4446 4569 4568
f 4445 4568 4567
f 4444 4567 4566
f 4443 4566 4565
f 4442 4565 4564
f 4439 6815 4563
f 4438 4563 4562
f 4437 4562 4561
f 4436 4561 4560
f 4435 4560 4559
f 4434 4559 4558
f 4433 4558 4557
f 4432 4557 4556
f 4431 4556 4555
f 4430 4555 4554
f 4429 4554 4553
f 4428 4553 4552
f 4427 4552 4551
f 4426 4551 4550
f 4425 4550 4549
f 4424 4549 4548
f 4423 4548 4547
f 4422 4547 4546
f 4421 4546 4545
f 4420 4545 4544
f 4419 4544 4543
f 4418 4543 4542
f 4417 4542 4541
f 4416 4541 4540
f 4415 4540 4539
f 4414 4539 4538
f 4413 4538 4537
f 4412 4537 4536
f 4411 4536 4535
f 4410 4535 4534
f 4409 4534 4533
f 4408 4533 4532
f 4407 4532 4531
f 4406 4531 4530
f 4405 4530 4529
f 4404 4529 4528
f 4403 4528 4527
f 4402 4527 4526
f 4401 4526 4525
f 4400 4525 4524
f 4399 4524 4523
f 4398 4523 4522
f 4397 4522 4521
f 4396 4521 4520
f 4395 4520 4519
f 4394 4519 4518
f 4393 4518 4517
f 4392 4517 4516
f 4391 4516 4515
f 4390 4515 4514
f 4389 4514 4513
f 4388 4513 4512
f 4387 4512 4511
f 4386 4511 4510
f 4385 4510 4509
f 4384 4509 4508
f 4383 4508 4507
f 4382 4507 4506
f 4381 4506 4505
f 4380 4505 4504
f 4379 4504 4503
f 4378 4503 4502
f 4377 4502 4501
f 4376 4501 4500
f 4375 4500 4499
f 4374 4499 4498
f 4373 4498 4497
f 4372 4497 4496
f 4371 4496 4495
f 4370 4495 4494
f 4369 4494 4493
f 4368 4493 4492
f 4367 4492 4491
f 4366 4491 4490
f 4365 4490 4489
f 4364 4489 4488
f 4363 4488 4487
f 4362 4487 4486
f 4361 4486 4485
f 4360 4485 4484
f 4359 4484 4483
f 4358 4483 4482
f 4357 4482 4481
f 4356 4481 4480
f 4355 4480 4479
f 4354 4479 4478
f 4353 4478 4477
f 4352 4477 4476
f 4351 4476 4475
f 4350 4475 4474
f 4349 4474 4473
f 4348 4473 4472
f 4347 4472 4471
f 4346 4471 4470
f 4345 4470 4469
f 4344 4469 4468
f 4343 4468 4467
f 4342 4467 4466
f 4341 4466 4465
f 4340 4465 4464
f 4339 4464 4463
f 4338 4463 4462
f 4337 4462 4461
f 4336 4461 4460
f 4335 4460 4459
f 4334 4459 4458
f 4333 4458 4457
f 4332 4457 4456
f 4331 4456 4455
f 4330 4455 4454
f 4329 4454 4453
f 4328 4453 4452
f 4327 4452 4451
f 4326 4451 4450
f 4325 4450 4449
f 4324 4449 4448
f 4323 4448 4447
f 4322 4447 4446
f 4321 4446 4445
f 4320 4445 4444
f 4319 4444 4443
f 4318 4443 4442
f 4317 4442 4441
f 4314 6814 4440
f 4313 4440 4439
f 4312 4439 4438
f 4311 4438 4437
f 4310 4437 4436
f 4309 4436 4435
f 4308 4435 4434
f 4307 4434 4433
f 4306 4433 4432
f 4305 4432 4431
f 4304 4431 4430
f 4303 4430 4429
f 4302 4429 4428
f 4301 4428 4427
f 4300 4427 4426
f 4299 4426 4425
f 4298 4425 4424
f 4297 4424 4423
f 4296 4423 4422
f 4295 4422 4421
f 4294 4421 4420
f 4293 4420 4419
f 4292 4419 4418
f 4291 4418 4417
f 4290 4417 4416
f 4289 4416 4415
f 4288 4415 4414
f 4287 4414 4413
f 4286 4413 4412
f 4285 4412 4411
f 4284 4411 4410
f 4283 4410 4409
f 4282 4409 4408
f 4281 4408 4407
f 4280 4407 4406
f 4279 4406 4405
f 4278 4405 4404
f 4277 4404 4403
f 4276 4403 4402
f 4275 4402 4401
f 4274 4401 4400
f 4273 4400 4399
f 4272 4399 4398
f 4271 4398 4397
f 4270 4397 4396
f 4269 4396 4395
f 4268 4395 4394
f 4267 4394 4393
f 4266 4393 4392
f 4265 4392 4391
f 4264 4391 4390
f 4263 4390 4389
f 4262 4389 4388
f 4261 4388 4387
f 4260 4387 4386
f 4259 4386 4385
f 4258 4385 4384
f 4257 4384 4383
f 4256 4383 4382
f 4255 4382 4381
f 4254 4381 4380
f 4253 4380 4379
f 4252 4379 4378
f 4251 4378 4377
f 4250 4377 4376
f 4249 4376 4375
f 4248 4375 4374
f 4247 4374 4373
f 4246 4373 4372
f 4245 4372 4371
f 4244 4371 4370
f 4243 4370 4369
f 4242 4369 4368
f 4241 4368 4367
f 4240 4367 4366
f 4239 4366 4365
f 4238 4365 4364
f 4237 4364 4363
f 4236 4363 4362
f 4235 4362 4361
f 4234 4361 4360
f 4233 4360 4359
f 4232 4359 4358
f 4231 4358 4357
f 4230 4357 4356
f 4229 4356 4355
f 4228 4355 4354
f 4227 4354 4353
f 4226 4353 4352
f 4225 4352 4351
f 4224 4351 4350
f 4223 4350 4349
f 4222 4349 4348
f 4221 4348 4347
f 4220 4347 4346
f 4219 4346 4345
f 4218 4345 4344
f 4217 4344 4343
f 4216 4343 4342
f 4215 4342 4341
f 4214 4341 4340
f 4213 4340 4339
f 4212 4339 4338
f 4211 4338 4337
f 4210 4337 4336
f 4209 4336 4335
f 4208 4335 4334
f 4207 4334 4333
f 4206 4333 4332
f 4205 4332 4331
f 4204 4331 4330
f 4203 4330 4329
f 4202 4329 4328
f 4201 4328 4327
f 4200 4327 4326
f 4199 4326 4325
f 4198 4325 4324
f 4197 4324 4323
f 4196 4323 4322
f 4195 4322 4321
f 4194 4321 4320
f 4193 4320 4319
f 4192 4319 4318
f 4191 4318 4317
f 4190 4317 4316
f 4189 4316 4315
f 4186 6813 4314
f 4185 4314 4313
f 4184 4313 4312
f 4183 4312 4311
f 4182 4311 4310
f 4181 4310 4309
f 4180 4309 4308
f 4179 4308 4307
f 4178 4307 4306
f 4177 4306 4305
f 4176 4305 4304
f 4175 4304 4303
f 4174 4303 4302
f 4173 4302 4301
f 4172 4301 4300
f 4171 4300 4299
f 4170 4299 4298
f 4169 4298 4297
f 4168 4297 4296
f 4167 4296 4295
f 4166 4295 4294
f 4165 4294 4293
f 4164 4293 4292
f 4163 4292 4291
f 4162 4291 4290
f 4161 4290 4289
f 4160 4289 4288
f 4159 4288 4287
f 4158 4287 4286
f 4157 4286 4285
f 4156 4285 4284
f 4155 4284 4283
f 4154 4283 4282
f 4153 4282 4281
f 4152 4281 4280
f 4151 4280 4279
f 4150 4279 4278
f 4149 4278 4277
f 4148 4277 4276
f 4147 4276 4275
f 4146 4275 4274
f 4145 4274 4273
f 4144 4273 4272
f 4143 4272 4271
f 4142 4271 4270
f 4141 4270 4269
f 4140 4269 4268
f 4139 4268 4267
f 4138 4267 4266
f 4137 4266 4265
f 4136 4265 4264
f 4135 4264 4263
f 4134 4263 4262
f 4133 4262 4261
f 4132 4261 4260
f 4131 4260 4259
f 4130 4259 4258
f 4129 4258 4257
f 4128 4257 4256
f 4127 4256 4255
f 4126 4255 4254
f 4125 4254 4253
f 4124 4253 4252
f 4123 4252 4251
f 4122 4251 4250
f 4121 4250 4249
f 4120 4249 4248
f 4119 4248 4247
f 4118 4247 4246
f 4117 4246 4245
f 4116 4245 4244
f 4115 4244 4243
f 4114 4243 4242
f 4113 4242 4241
f 4112 4241 4240
f 4111 4240 4239
f 4110 4239 4238
f 4109 4238 4237
f 4108 4237 4236
f 4107 4236 4235
f 4106 4235 4234
f 4105 4234 4233
f 4104 4233 4232
f 4103 4232 4231
f 4102 4231 4230
f 4101 4230 4229
f 4100 4229 4228
f 4099 4228 4227
f 4098 4227 4226
f 4097 4226 4225
f 4096 4225 4224
f 4095 4224 4223
f 4094 4223 4222
f 4093 4222 4221
f 4092 4221 4220
f 4091 4220 4219
f 4090 4219 4218
f 4089 4218 4217
f 4088 4217 4216
f 4087 4216 4215
f 4086 4215 4214
f 4085 4214 4213
f 4084 4213 4212
f 4083 4212 4211
f 4082 4211 4210
f 4081 4210 4209
f 4080 4209 4208
f 4079 4208 4207
f 4078 4207 4206
f 4077 4206 4205
f 4076 4205 4204
f 4075 4204 4203
f 4074 4203 4202
f 4073 4202 4201
f 4072 4201 4200
f 4071 4200 4199
f 4070 4199 4198
f 4069 4198 4197
f 4068 4197 4196
f 4067 4196 4195
f 4066 4195 4194
f 4065 4194 4193
f 4064 4193 4192
f 4063 4192 4191
f 4062 4191 4190
f 4061 4190 4189
f 4060 4189 4188
f 4188 6837 4058
f 4057 6836 4187
f 4056 4187 4186
f 4055 4186 4185
f 4054 4185 4184
f 4053 4184 4183
f 4052 4183 4182
f 4051 4182 4181
f 4050 4181 4180
f 4049 4180 4179
f 4048 4179 4178
f 4047 4178 4177
f 4046 4177 4176
f 4045 4176 4175
f 4044 4175 4174
f 4043 4174 4173
f 4042 4173 4172
f 4041 4172 4171
f 4040 4171 4170
f 4039 4170 4169
f 4038 4169 4168
f 4037 4168 4167
f 4036 4167 4166
f 4035 4166 4165
f 4034 4165 4164
f 4033 4164 4163
f 4032 4163 4162
f 4031 4162 4161
f 4030 4161 4160
f 4029 4160 4159
f 4028 4159 4158
f 4027 4158 4157
f 4026 4157 4156
f 4025 4156 4155
f 4024 4155 4154
f 4023 4154 4153
f 4022 4153 4152
f 4021 4152 4151
f 4020 4151 4150
f 4019 4150 4149
f 4018 4149 4148
f 4017 4148 4147
f 4016 4147 4146
f 4015 4146 4145
f 4014 4145 4144
f 4013 4144 4143
f 4012 4143 4142
f 4011 4142 4141
f 4010 4141 4140
f 4009 4140 4139
f 4008 4139 4138
f 4007 4138 4137
f 4006 4137 4136
f 4005 4136 4135
f 4004 4135 4134
f 4003 4134 4133
f 4002 4133 4132
f 4001 4132 4131
f 4000 4131 4130
f 3999 4130 4129
f 3998 4129 4128
f 3997 4128 4127
f 3996 4127 4126
f 3995 4126 4125
f 3994 4125 4124
f 3993 4124 4123
f 3992 4123 4122
f 3991 4122 4121
f 3990 4121 4120
f 3989 4120 4119
f 3988 4119 4118
f 3987 4118 4117
f 3986 4117 4116
f 3985 4116 4115
f 3984 4115 4114
f 3983 4114 4113
f 3982 4113 4112
f 3981 4112 4111
f 3980 4111 4110
f 3979 4110 4109
f 3978 4109 4108
f 3977 4108 4107
f 3976 4107 4106
f 3975 4106 4105
f 3974 4105 4104
f 3973 4104 4103
f 3972 4103 4102
f 3971 4102 4101
f 3970 4101 4100
f 3969 4100 4099
f 3968 4099 4098
f 3967 4098 4097
f 3966 4097 4096
f 3965 4096 4095
f 3964 4095 4094
f 3963 4094 4093
f 3962 4093 4092
f 3961 4092 4091
f 3960 4091 4090
f 3959 4090 4089
f 3958 4089 4088
f 3957 4088 4087
f 3956 4087 4086
f 3955 4086 4085
f 3954 4085 4084
f 3953 4084 4083
f 3952 4083 4082
f 3951 4082 4081
f 3950 4081 4080
f 3949 4080 4079
f 3948 4079 4078
f 3947 4078 4077
f 3946 4077 4076
f 3945 4076 4075
f 3944 4075 4074
f 3943 4074 4073
f 3942 4073 4072
f 3941 4072 4071
f 3940 4071 4070
f 3939 4070 4069
f 3938 4069 4068
f 3937 4068 4067
f 3936 4067 4066
f 3935 4066 4065
f 3934 4065 4064
f 3933 4064 4063
f 3932 4063 4062
f 3931 4062 4061
f 3930 4061 4060
f 3929 4060 4059
f 3928 4059 4058
f 3924 6812 4057
f 3923 4057 4056
f 3922 4056 4055
f 3921 4055 4054
f 3920 4054 4053
f 3919 4053 4052
f 3918 4052 4051
f 3917 4051 4050
f 3916 4050 4049
f 3915 4049 4048
f 3914 4048 4047
f 3913 4047 4046
f 3912 4046 4045
f 3911 4045 4044
f 3910 4044 4043
f 3909 4043 4042
f 3908 4042 4041
f 3907 4041 4040
f 3906 4040 4039
f 3905 4039 4038
f 3904 4038 4037
f 3903 4037 4036
f 3902 4036 4035
f 3901 4035 4034
f 3900 4034 4033
f 3899 4033 4032
f 3898 4032 4031
f 3897 4031 4030
f 3896 4030 4029
f 3895 4029 4028
f 3894 4028 4027
f 3893 4027 4026
f 3892 4026 4025
f 3891 4025 4024
f 3890 4024 4023
f 3889 4023 4022
f 3888 4022 4021
f 3887 4021 4020
f 3886 4020 4019
f 3885 4019 4018
f 3884 4018 4017
f 3883 4017 4016
f 3882 4016 4015
f 3881 4015 4014
f 3880 4014 4013
f 3879 4013 4012
f 3878 4012 4011
f 3877 4011 4010
f 3876 4010 4009
f 3875 4009 4008
f 3874 4008 4007
f 3873 4007 4006
f 3872 4006 4005
f 3871 4005 4004
f 3870 4004 4003
f 3869 4003 4002
f 3868 4002 4001
f 3867 4001 4000
f 3866 4000 3999
f 3865 3999 3998
f 3864 3998 3997
f 3863 3997 3996
f 3862 3996 3995
f 3861 3995 3994
f 3860 3994 3993
f 3859 3993 3992
f 3858 3992 3991
f 3857 3991 3990
f 3856 3990 3989
f 3855 3989 3988
f 3854 3988 3987
f 3853 3987 3986
f 3852 3986 3985
f 3851 3985 3984
f 3850 3984 3983
f 3849 3983 3982
f 3848 3982 3981
f 3847 3981 3980
f 3846 3980 3979
f 3845 3979 3978
f 3844 3978 3977
f 3843 3977 3976
f 3842 3976 3975
f 3841 3975 3974
f 3840 3974 3973
f 3839 3973 3972
f 3838 3972 3971
f 3837 3971 3970
f 3836 3970 3969
f 3835 3969 3968
f 3834 3968 3967
f 3833 3967 3966
f 3832 3966 3965
f 3831 3965 3964
f 3830 3964 3963
f 3829 3963 3962
f 3828 3962 3961
f 3827 3961 3960
f 3826 3960 3959
f 3825 3959 3958
f 3824 3958 3957
f 3823 3957 3956
f 3822 3956 3955
f 3821 3955 3954
f 3820 3954 3953
f 3819 3953 3952
f 3818 3952 3951
f 3817 3951 3950
f 3816 3950 3949
f 3815 3949 3948
f 3814 3948 3947
f 3813 3947 3946
f 3812 3946 3945
f 3811 3945 3944
f 3810 3944 3943
f 3809 3943 3942
f 3808 3942 3941
f 3807 3941 3940
f 3806 3940 3939
f 3805 3939 3938
f 3804 3938 3937
f 3803 3937 3936
f 3802 3936 3935
f 3801 3935 3934
f 3800 3934 3933
f 3799 3933 3932
f 3798 3932 3931
f 3797 3931 3930
f 3796 3930 3929
f 3795 3929 3928
f 3794 3928 3927
f 3793 3927 3926
f 3791 6811 3925
f 3790 3925 3924
f 3789 3924 3923
f 3788 3923 3922
f 3787 3922 3921
f 3786 3921 3920
f 3785 3920 3919
f 3784 3919 3918
f 3783 3918 3917
f 3782 3917 3916
f 3781 3916 3915
f 3780 3915 3914
f 3779 3914 3913
f 3778 3913 3912
f 3777 3912 3911
f 3776 3911 3910
f 3775 3910 3909
f 3774 3909 3908
f 3773 3908 3907
f 3772 3907 3906
f 3771 3906 3905
f 3770 3905 3904
f 3769 3904 3903
f 3768 3903 3902
f 3767 3902 3901
f 3766 3901 3900
f 3765 3900 3899
f 3764 3899 3898
f 3763 3898 3897
f 3762 3897 3896
f 3761 3896 3895
f 3760 3895 3894
f 3759 3894 3893
f 3758 3893 3892
f 3757 3892 3891
f 3756 3891 3890
f 3755 3890 3889
f 3754 3889 3888
f 3753 3888 3887
f 3752 3887 3886
f 3751 3886 3885
f 3750 3885 3884
f 3749 3884 3883
f 3748 3883 3882
f 3747 3882 3881
f 3746 3881 3880
f 3745 3880 3879
f 3744 3879 3878
f 3743 3878 3877
f 3742 3877 3876
f 3741 3876 3875
f 3740 3875 3874
f 3739 3874 3873
f 3738 3873 3872
f 3737 3872 3871
f 3736 3871 3870
f 3735 3870 3869
f 3734 3869 3868
f 3733 3868 3867
f 3732 3867 3866
f 3731 3866 3865
f 3730 3865 3864
f 3729 3864 3863
f 3728 3863 3862
f 3727 3862 3861
f 3726 3861 3860
f 3725 3860 3859
f 3724 3859 3858
f 3723 3858 3857
f 3722 3857 3856
f 3721 3856 3855
f 3720 3855 3854
f 3719 3854 3853
f 3718 3853 3852
f 3717 3852 3851
f 3716 3851 3850
f 3715 3850 3849
f 3714 3849 3848
f 3713 3848 3847
f 3712 3847 3846
f 3711 3846 3845
f 3710 3845 3844
f 3709 3844 3843
f 3708 3843 3842
f 3707 3842 3841
f 3706 3841 3840
f 3705 3840 3839
f 3704 3839 3838
f 3703 3838 3837
f 3702 3837 3836
f 3701 3836 3835
f 3700 3835 3834
f 3699 3834 3833
f 3698 3833 3832
f 3697 3832 3831
f 3696 3831 3830
f 3695 3830 3829
f 3694 3829 3828
f 3693 3828 3827
f 3692 3827 3826
f 3691 3826 3825
f 3690 3825 3824
f 3689 3824 3823
f 3688 3823 3822
f 3687 3822 3821
f 3686 3821 3820
f 3685 3820 3819
f 3684 3819 3818
f 3683 3818 3817
f 3682 3817 3816
f 3681 3816 3815
f 3680 3815 3814
f 3679 3814 3813
f 3678 3813 3812
f 3677 3812 3811
f 3676 3811 3810
f 3675 3810 3809
f 3674 3809 3808
f 3673 3808 3807
f 3672 3807 3806
f 3671 3806 3805
f 3670 3805 3804
f 3669 3804 3803
f 3668 3803 3802
f 3667 3802 3801
f 3666 3801 3800
f 3665 3800 3799
f 3664 3799 3798
f 3663 3798 3797
f 3662 3797 3796
f 3661 3796 3795
f 3660 3795 3794
f 3659 3794 3793
f 3658 3793 3792
f 3654 6810 3791
f 3653 3791 3790
f 3652 3790 3789
f 3651 3789 3788
f 3650 3788 3787
f 3649 3787 3786
f 3648 3786 3785
f 3647 3785 3784
f 3646 3784 3783
f 3645 3783 3782
f 3644 3782 3781
f 3643 3781 3780
f 3642 3780 3779
f 3641 3779 3778
f 3640 3778 3777
f 3639 3777 3776
f 3638 3776 3775
f 3637 3775 3774
f 3636 3774 3773
f 3635 3773 3772
f 3634 3772 3771
f 3633 3771 3770
f 3632 3770 3769
f 3631 3769 3768
f 3630 3768 3767
f 3629 3767 3766
f 3628 3766 3765
f 3627 3765 3764
f 3626 3764 3763
f 3625 3763 3762
f 3624 3762 3761
f 3623 3761 3760
f 3622 3760 3759
f 3621 3759 3758
f 3620 3758 3757
f 3619 3757 3756
f 3618 3756 3755
f 3617 3755 3754
f 3616 3754 3753
f 3615 3753 3752
f 3614 3752 3751
f 3613 3751 3750
f 3612 3750 3749
f 3611 3749 3748
f 3610 3748 3747
f 3609 3747 3746
f 3608 3746 3745
f 3607 3745 3744
f 3606 3744 3743
f 3605 3743 3742
f 3604 3742 3741
f 3603 3741 3740
f 3602 3740 3739
f 3601 3739 3738
f 3600 3738 3737
f 3599 3737 3736
f 3598 3736 3735
f 3597 3735 3734
f 3596 3734 3733
f 3595 3733 3732
f 3594 3732 3731
f 3593 3731 3730
f 3592 3730 3729
f 3591 3729 3728
f 3590 3728 3727
f 3589 3727 3726
f 3588 3726 3725
f 3587 3725 3724
f 3586 3724 3723
f 3585 3723 3722
f 3584 3722 3721
f 3583 3721 3720
f 3582 3720 3719
f 3581 3719 3718
f 3580 3718 3717
f 3579 3717 3716
f 3578 3716 3715
f 3577 3715 3714
f 3576 3714 3713
f 3575 3713 3712
f 3574 3712 3711
f 3573 3711 3710
f 3572 3710 3709
f 3571 3709 3708
f 3570 3708 3707
f 3569 3707 3706
f 3568 3706 3705
f 3567 3705 3704
f 3566 3704 3703
f 3565 3703 3702
f 3564 3702 3701
f 3563 3701 3700
f 3562 3700 3699
f 3561 3699 3698
f 3560 3698 3697
f 3559 3697 3696
f 3558 3696 3695
f 3557 3695 3694
f 3556 3694 3693
f 3555 3693 3692
f 3554 3692 3691
f 3553 3691 3690
f 3552 3690 3689
f 3551 3689 3688
f 3550 3688 3687
f 3549 3687 3686
f 3548 3686 3685
f 3547 3685 3684
f 3546 3684 3683
f 3545 3683 3682
f 3544 3682 3681
f 3543 3681 3680
f 3542 3680 3679
f 3541 3679 3678
f 3540 3678 3677
f 3539 3677 3676
f 3538 3676 3675
f 3537 3675 3674
f 3536 3674 3673
f 3535 3673 3672
f 3534 3672 3671
f 3533 3671 3670
f 3532 3670 3669
f 3531 3669 3668
f 3530 3668 3667
f 3529 3667 3666
f 3528 3666 3665
f 3527 3665 3664
f 3526 3664 3663
f 3525 3663 3662
f 3524 3662 3661
f 3523 3661 3660
f 3522 3660 3659
f 3521 3659 3658
f 3520 3658 3657
f 3519 3657 3656
f 3516 6809 3655
f 3515 3655 3654
f 3514 3654 3653
f 3513 3653 3652
f 3512 3652 3651
f 3511 3651 3650
f 3510 3650 3649
f 3509 3649 3648
f 3508 3648 3647
f 3507 3647 3646
f 3506 3646 3645
f 3505 3645 3644
f 3504 3644 3643
f 3503 3643 3642
f 3502 3642 3641
f 3501 3641 3640
f 3500 3640 3639
f 3499 3639 3638
f 3498 3638 3637
f 3497 3637 3636
f 3496 3636 3635
f 3495 3635 3634
f 3494 3634 3633
f 3493 3633 3632
f 3492 3632 3631
f 3491 3631 3630
f 3490 3630 3629
f 3489 3629 3628
f 3488 3628 3627
f 3487 3627 3626
f 3486 3626 3625
f 3485 3625 3624
f 3484 3624 3623
f 3483 3623 3622
f 3482 3622 3621
f 3481 3621 3620
f 3480 3620 3619
f 3479 3619 3618
f 3478 3618 3617
f 3477 3617 3616
f 3476 3616 3615
f 3475 3615 3614
f 3474 3614 3613
f 3473 3613 3612
f 3472 3612 3611
f 3471 3611 3610
f 3470 3610 3609
f 3469 3609 3608
f 3468 3608 3607
f 3467 3607 3606
f 3466 3606 3605
f 3465 3605 3604
f 3464 3604 3603
f 3463 3603 3602
f 3462 3602 3601
f 3461 3601 3600
f 3460 3600 3599
f 3459 3599 3598
f 3458 3598 3597
f 3457 3597 3596
f 3456 3596 3595
f 3455 3595 3594
f 3454 3594 3593
f 3453 3593 3592
f 3452 3592 3591
f 3451 3591 3590
f 3450 3590 3589
f 3449 3589 3588
f 3448 3588 3587
f 3447 3587 3586
f 3446 3586 3585
f 3445 3585 3584
f 3444 3584 3583
f 3443 3583 3582
f 3442 3582 3581
f 3441 3581 3580
f 3440 3580 3579
f 3439 3579 3578
f 3438 3578 3577
f 3437 3577 3576
f 3436 3576 3575
f 3435 3575 3574
f 3434 3574 3573
f 3433 3573 3572
f 3432 3572 3571
f 3431 3571 3570
f 3430 3570 3569
f 3429 3569 3568
f 3428 3568 3567
f 3427 3567 3566
f 3426 3566 3565
f 3425 3565 3564
f 3424 3564 3563
f 3423 3563 3562
f 3422 3562 3561
f 3421 3561 3560
f 3420 3560 3559
f 3419 3559 3558
f 3418 3558 3557
f 3417 3557 3556
f 3416 3556 3555
f 3415 3555 3554
f 3414 3554 3553
f 3413 3553 3552
f 3412 3552 3551
f 3411 3551 3550
f 3410 3550 3549
f 3409 3549 3548
f 3408 3548 3547
f 3407 3547 3546
f 3406 3546 3545
f 3405 3545 3544
f 3404 3544 3543
f 3403 3543 3542
f 3402 3542 3541
f 3401 3541 3540
f 3400 3540 3539
f 3399 3539 3538
f 3398 3538 3537
f 3397 3537 3536
f 3396 3536 3535
f 3395 3535 3534
f 3394 3534 3533
f 3393 3533 3532
f 3392 3532 3531
f 3391 3531 3530
f 3390 3530 3529
f 3389 3529 3528
f 3388 3528 3527
f 3387 3527 3526
f 3386 3526 3525
f 3385 3525 3524
f 3384 3524 3523
f 3383 3523 3522
f 3382 3522 3521
f 3381 3521 3520
f 3380 3520 3519
f 3379 3519 3518
f 3378 3518 3517
f 3375 6808 3516
f 3374 3516 3515
f 3373 3515 3514
f 3372 3514 3513
f 3371 3513 3512
f 3370 3512 3511
f 3369 3511 3510
f 3368 3510 3509
f 3367 3509 3508
f 3366 3508 3507
f 3365 3507 3506
f 3364 3506 3505
f 3363 3505 3504
f 3362 3504 3503
f 3361 3503 3502
f 3360 3502 3501
f 3359 3501 3500
f 3358 3500 3499
f 3357 3499 3498
f 3356 3498 3497
f 3355 3497 3496
f 3354 3496 3495
f 3353 3495 3494
f 3352 3494 3493
f 3351 3493 3492
f 3350 3492 3491
f 3349 3491 3490
f 3348 3490 3489
f 3347 3489 3488
f 3346 3488 3487
f 3345 3487 3486
f 3344 3486 3485
f 3343 3485 3484
f 3342 3484 3483
f 3341 3483 3482
f 3340 3482 3481
f 3339 3481 3480
f 3338 3480 3479
f 3337 3479 3478
f 3336 3478 3477
f 3335 3477 3476
f 3334 3476 3475
f 3333 3475 3474
f 3332 3474 3473
f 3331 3473 3472
f 3330 3472 3471
f 3329 3471 3470
f 3328 3470 3469
f 3327 3469 3468
f 3326 3468 3467
f 3325 3467 3466
f 3324 3466 3465
f 3323 3465 3464
f 3322 3464 3463
f 3321 3463 3462
f 3320 3462 3461
f 3319 3461 3460
f 3318 3460 3459
f 3317 3459 3458
f 3316 3458 3457
f 3315 3457 3456
f 3314 3456 3455
f 3313 3455 3454
f 3312 3454 3453
f 3311 3453 3452
f 3310 3452 3451
f 3309 3451 3450
f 3308 3450 3449
f 3307 3449 3448
f 3306 3448 3447
f 3305 3447 3446
f 3304 3446 3445
f 3303 3445 3444
f 3302 3444 3443
f 3301 3443 3442
f 3300 3442 3441
f 3299 3441 3440
f 3298 3440 3439
f 3297 3439 3438
f 3296 3438 3437
f 3295 3437 3436
f 3294 3436 3435
f 3293 3435 3434
f 3292 3434 3433
f 3291 3433 3432
f 3290 3432 3431
f 3289 3431 3430
f 3288 3430 3429
f 3287 3429 3428
f 3286 3428 3427
f 3285 3427 3426
f 3284 3426 3425
f 3283 3425 3424
f 3282 3424 3423
f 3281 3423 3422
f 3280 3422 3421
f 3279 3421 3420
f 3278 3420 3419
f 3277 3419 3418
f 3276 3418 3417
f 3275 3417 3416
f 3274 3416 3415
f 3273 3415 3414
f 3272 3414 3413
f 3271 3413 3412
f 3270 3412 3411
f 3269 3411 3410
f 3268 3410 3409
f 3267 3409 3408
f 3266 3408 3407
f 3265 3407 3406
f 3264 3406 3405
f 3263 3405 3404
f 3262 3404 3403
f 3261 3403 3402
f 3260 3402 3401
f 3259 3401 3400
f 3258 3400 3399
f 3257 3399 3398
f 3256 3398 3397
f 3255 3397 3396
f 3254 3396 3395
f 3253 3395 3394
f 3252 3394 3393
f 3251 3393 3392
f 3250 3392 3391
f 3249 3391 3390
f 3248 3390 3389
f 3247 3389 3388
f 3246 3388 3387
f 3245 3387 3386
f 3244 3386 3385
f 3243 3385 3384
f 3242 3384 3383
f 3241 3383 3382
f 3240 3382 3381
f 3239 3381 3380
f 3238 3380 3379
f 3237 3379 3378
f 3236 3378 3377
f 3233 6807 3376
f 3232 3376 3375
f 3231 3375 3374
f 3230 3374 3373
f 3229 3373 3372
f 3228 3372 3371
f 3227 3371 3370
f 3226 3370 3369
f 3225 3369 3368
f 3224 3368 3367
f 3223 3367 3366
f 3222 3366 3365
f 3221 3365 3364
f 3220 3364 3363
f 3219 3363 3362
f 3218 3362 3361
f 3217 3361 3360
f 3216 3360 3359
f 3215 3359 3358
f 3214 3358 3357
f 3213 3357 3356
f 3212 3356 3355
f 3211 3355 3354
f 3210 3354 3353
f 3209 3353 3352
f 3208 3352 3351
f 3207 3351 3350
f 3206 3350 3349
f 3205 3349 3348
f 3204 3348 3347
f 3203 3347 3346
f 3202 3346 3345
f 3201 3345 3344
f 3200 3344 3343
f 3199 3343 3342
f 3198 3342 3341
f 3197 3341 3340
f 3196 3340 3339
f 3195 3339 3338
f 3194 3338 3337
f 3193 3337 3336
f 3192 3336 3335
f 3191 3335 3334
f 3190 3334 3333
f 3189 3333 3332
f 3188 3332 3331
f 3187 3331 3330
f 3186 3330 3329
f 3185 3329 3328
f 3184 3328 3327
f 3183 3327 3326
f 3182 3326 3325
f 3181 3325 3324
f 3180 3324 3323
f 3179 3323 3322
f 3178 3322 3321
f 3177 3321 3320
f 3176 3320 3319
f 3175 3319 3318
f 3174 3318 3317
f 3173 3317 3316
f 3172 3316 3315
f 3171 3315 3314
f 3170 3314 3313
f 3169 3313 3312
f 3168 3312 3311
f 3167 3311 3310
f 3166 3310 3309
f 3165 3309 3308
f 3164 3308 3307
f 3163 3307 3306
f 3162 3306 3305
f 3161 3305 3304
f 3160 3304 3303
f 3159 3303 3302
f 3158 3302 3301
f 3157 3301 3300
f 3156 3300 3299
f 3155 3299 3298
f 3154 3298 3297
f 3153 3297 3296
f 3152 3296 3295
f 3151 3295 3294
f 3150 3294 3293
f 3149 3293 3292
f 3148 3292 3291
f 3147 3291 3290
f 3146 3290 3289
f 3145 3289 3288
f 3144 3288 3287
f 3143 3287 3286
f 3142 3286 3285
f 3141 3285 3284
f 3140 3284 3283
f 3139 3283 3282
f 3138 3282 3281
f 3137 3281 3280
f 3136 3280 3279
f 3135 3279 3278
f 3134 3278 3277
f 3133 3277 3276
f 3132 3276 3275
f 3131 3275 3274
f 3130 3274 3273
f 3129 3273 3272
f 3128 3272 3271
f 3127 3271 3270
f 3126 3270 3269
f 3125 3269 3268
f 3124 3268 3267
f 3123 3267 3266
f 3122 3266 3265
f 3121 3265 3264
f 3120 3264 3263
f 3119 3263 3262
f 3118 3262 3261
f 3117 3261 3260
f 3116 3260 3259
f 3115 3259 3258
f 3114 3258 3257
f 3113 3257 3256
f 3112 3256 3255
f 3111 3255 3254
f 3110 3254 3253
f 3109 3253 3252
f 3108 3252 3251
f 3107 3251 3250
f 3106 3250 3249
f 3105 3249 3248
f 3104 3248 3247
f 3103 3247 3246
f 3102 3246 3245
f 3101 3245 3244
f 3100 3244 3243
f 3099 3243 3242
f 3098 3242 3241
f 3097 3241 3240
f 3096 3240 3239
f 3095 3239 3238
f 3094 3238 3237
f 3093 3237 3236
f 3092 3236 3235
f 3091 3235 3234
f 3087 6806 3233
f 3086 3233 3232
f 3085 3232 3231
f 3084 3231 3230
f 3083 3230 3229
f 3082 3229 3228
f 3081 3228 3227
f 3080 3227 3226
f 3079 3226 3225
f 3078 3225 3224
f 3077 3224 3223
f 3076 3223 3222
f 3075 3222 3221
f 3074 3221 3220
f 3073 3220 3219
f 3072 3219 3218
f 3071 3218 3217
f 3070 3217 3216
f 3069 3216 3215
f 3068 3215 3214
f 3067 3214 3213
f 3066 3213 3212
f 3065 3212 3211
f 3064 3211 3210
f 3063 3210 3209
f 3062 3209 3208
f 3061 3208 3207
f 3060 3207 3206
f 3059 3206 3205
f 3058 3205 3204
f 3057 3204 3203
f 3056 3203 3202
f 3055 3202 3201
f 3054 3201 3200
f 3053 3200 3199
f 3052 3199 3198
f 3051 3198 3197
f 3050 3197 3196
f 3049 3196 3195
f 3048 3195 3194
f 3047 3194 3193
f 3046 3193 3192
f 3045 3192 3191
f 3044 3191 3190
f 3043 3190 3189
f 3042 3189 3188
f 3041 3188 3187
f 3040 3187 3186
f 3039 3186 3185
f 3038 3185 3184
f 3037 3184 3183
f 3036 3183 3182
f 3035 3182 3181
f 3034 3181 3180
f 3033 3180 3179
f 3032 3179 3178
f 3031 3178 3177
f 3030 3177 3176
f 3029 3176 3175
f 3028 3175 3174
f 3027 3174 3173
f 3026 3173 3172
f 3025 3172 3171
f 3024 3171 3170
f 3023 3170 3169
f 3022 3169 3168
f 3021 3168 3167
f 3020 3167 3166
f 3019 3166 3165
f 3018 3165 3164
f 3017 3164 3163
f 3016 3163 3162
f 3015 3162 3161
f 3014 3161 3160
f 3013 3160 3159
f 3012 3159 3158
f 3011 3158 3157
f 3010 3157 3156
f 3009 3156 3155
f 3008 3155 3154
f 3007 3154 3153
f 3006 3153 3152
f 3005 3152 3151
f 3004 3151 3150
f 3003 3150 3149
f 3002 3149 3148
f 3001 3148 3147
f 3000 3147 3146
f 2999 3146 3145
f 2998 3145 3144
f 2997 3144 3143
f 2996 3143 3142
f 2995 3142 3141
f 2994 3141 3140
f 2993 3140 3139
f 2992 3139 3138
f 2991 3138 3137
f 2990 3137 3136
f 2989 3136 3135
f 2988 3135 3134
f 2987 3134 3133
f 2986 3133 3132
f 2985 3132 3131
f 2984 3131 3130
f 2983 3130 3129
f 2982 3129 3128
f 2981 3128 3127
f 2980 3127 3126
f 2979 3126 3125
f 2978 3125 3124
f 2977 3124 3123
f 2976 3123 3122
f 2975 3122 3121
f 2974 3121 3120
f 2973 3120 3119
f 2972 3119 3118
f 2971 3118 3117
f 2970 3117 3116
f 2969 3116 3115
f 2968 3115 3114
f 2967 3114 3113
f 2966 3113 3112
f 2965 3112 3111
f 2964 3111 3110
f 2963 3110 3109
f 2962 3109 3108
f 2961 3108 3107
f 2960 3107 3106
f 2959 3106 3105
f 2958 3105 3104
f 2957 3104 3103
f 2956 3103 3102
f 2955 3102 3101
f 2954 3101 3100
f 2953 3100 3099
f 2952 3099 3098
f 2951 3098 3097
f 2950 3097 3096
f 2949 3096 3095
f 2948 3095 3094
f 2947 3094 3093
f 2946 3093 3092
f 2945 3092 3091
f 2944 3091 3090
f 2943 3090 3089
f 2940 6805 3088
f 2939 3088 3087
f 2938 3087 3086
f 2937 3086 3085
f 2936 3085 3084
f 2935 3084 3083
f 2934 3083 3082
f 2933 3082 3081
f 2932 3081 3080
f 2931 3080 3079
f 2930 3079 3078
f 2929 3078 3077
f 2928 3077 3076
f 2927 3076 3075
f 2926 3075 3074
f 2925 3074 3073
f 2924 3073 3072
f 2923 3072 3071
f 2922 3071 3070
f 2921 3070 3069
f 2920 3069 3068
f 2919 3068 3067
f 2918 3067 3066
f 2917 3066 3065
f 2916 3065 3064
f 2915 3064 3063
f 2914 3063 3062
f 2913 3062 3061
f 2912 3061 3060
f 2911 3060 3059
f 2910 3059 3058
f 2909 3058 3057
f 2908 3057 3056
f 2907 3056 3055
f 2906 3055 3054
f 2905 3054 3053
f 2904 3053 3052
f 2903 3052 3051
f 2902 3051 3050
f 2901 3050 3049
f 2900 3049 3048
f 2899 3048 3047
f 2898 3047 3046
f 2897 3046 3045
f 2896 3045 3044
f 2895 3044 3043
f 2894 3043 3042
f 2893 3042 3041
f 2892 3041 3040
f 2891 3040 3039
f 2890 3039 3038
f 2889 3038 3037
f 2888 3037 3036
f 2887 3036 3035
f 2886 3035 3034
f 2885 3034 3033
f 2884 3033 3032
f 2883 3032 3031
f 2882 3031 3030
f 2881 3030 3029
f 2880 3029 3028
f 2879 3028 3027
f 2878 3027 3026
f 2877 3026 3025
f 2876 3025 3024
f 2875 3024 3023
f 2874 3023 3022
f 2873 3022 3021
f 2872 3021 3020
f 2871 3020 3019
f 2870 3019 3018
f 2869 3018 3017
f 2868 3017 3016
f 2867 3016 3015
f 2866 3015 3014
f 2865 3014 3013
f 2864 3013 3012
f 2863 3012 3011
f 2862 3011 3010
f 2861 3010 3009
f 2860 3009 3008
f 2859 3008 3007
f 2858 3007 3006
f 2857 3006 3005
f 2856 3005 3004
f 2855 3004 3003
f 2854 3003 3002
f 2853 3002 3001
f 2852 3001 3000
f 2851 3000 2999
f 2850 2999 2998
f 2849 2998 2997
f 2848 2997 2996
f 2847 2996 2995
f 2846 2995 2994
f 2845 2994 2993
f 2844 2993 2992
f 2843 2992 2991
f 2842 2991 2990
f 2841 2990 2989
f 2840 2989 2988
f 2839 2988 2987
f 2838 2987 2986
f 2837 2986 2985
f 2836 2985 2984
f 2835 2984 2983
f 2834 2983 2982
f 2833 2982 2981
f 2832 2981 2980
f 2831 2980 2979
f 2830 2979 2978
f 2829 2978 2977
f 2828 2977 2976
f 2827 2976 2975
f 2826 2975 2974
f 2825 2974 2973
f 2824 2973 2972
f 2823 2972 2971
f 2822 2971 2970
f 2821 2970 2969
f 2820 2969 2968
f 2819 2968 2967
f 2818 2967 2966
f 2817 2966 2965
f 2816 2965 2964
f 2815 2964 2963
f 2814 2963 2962
f 2813 2962 2961
f 2812 2961 2960
f 2811 2960 2959
f 2810 2959 2958
f 2809 2958 2957
f 2808 2957 2956
f 2807 2956 2955
f 2806 2955 2954
f 2805 2954 2953
f 2804 2953 2952
f 2803 2952 2951
f 2802 2951 2950
f 2801 2950 2949
f 2800 2949 2948
f 2799 2948 2947
f 2798 2947 2946
f 2797 2946 2945
f 2796 2945 2944
f 2795 2944 2943
f 2794 2943 2942
f 2790 6804 2941
f 2789 2941 2940
f 2788 2940 2939
f 2787 2939 2938
f 2786 2938 2937
f 2785 2937 2936
f 2784 2936 2935
f 2783 2935 2934
f 2782 2934 2933
f 2781 2933 2932
f 2780 2932 2931
f 2779 2931 2930
f 2778 2930 2929
f 2777 2929 2928
f 2776 2928 2927
f 2775 2927 2926
f 2774 2926 2925
f 2773 2925 2924
f 2772 2924 2923
f 2771 2923 2922
f 2770 2922 2921
f 2769 2921 2920
f 2768 2920 2919
f 2767 2919 2918
f 2766 2918 2917
f 2765 2917 2916
f 2764 2916 2915
f 2763 2915 2914
f 2762 2914 2913
f 2761 2913 2912
f 2760 2912 2911
f 2759 2911 2910
f 2758 2910 2909
f 2757 2909 2908
f 2756 2908 2907
f 2755 2907 2906
f 2754 2906 2905
f 2753 2905 2904
f 2752 2904 2903
f 2751 2903 2902
f 2750 2902 2901
f 2749 2901 2900
f 2748 2900 2899
f 2747 2899 2898
f 2746 2898 2897
f 2745 2897 2896
f 2744 2896 2895
f 2743 2895 2894
f 2742 2894 2893
f 2741 2893 2892
f 2740 2892 2891
f 2739 2891 2890
f 2738 2890 2889
f 2737 2889 2888
f 2736 2888 2887
f 2735 2887 2886
f 2734 2886 2885
f 2733 2885 2884
f 2732 2884 2883
f 2731 2883 2882
f 2730 2882 2881
f 2729 2881 2880
f 2728 2880 2879
f 2727 2879 2878
f 2726 2878 2877
f 2725 2877 2876
f 2724 2876 2875
f 2723 2875 2874
f 2722 2874 2873
f 2721 2873 2872
f 2720 2872 2871
f 2719 2871 2870
f 2718 2870 2869
f 2717 2869 2868
f 2716 2868 2867
f 2715 2867 2866
f 2714 2866 2865
f 2713 2865 2864
f 2712 2864 2863
f 2711 2863 2862
f 2710 2862 2861
f 2709 2861 2860
f 2708 2860 2859
f 2707 2859 2858
f 2706 2858 2857
f 2705 2857 2856
f 2704 2856 2855
f 2703 2855 2854
f 2702 2854 2853
f 2701 2853 2852
f 2700 2852 2851
f 2699 2851 2850
f 2698 2850 2849
f 2697 2849 2848
f 2696 2848 2847
f 2695 2847 2846
f 2694 2846 2845
f 2693 2845 2844
f 2692 2844 2843
f 2691 2843 2842
f 2690 2842 2841
f 2689 2841 2840
f 2688 2840 2839
f 2687 2839 2838
f 2686 2838 2837
f 2685 2837 2836
f 2684 2836 2835
f 2683 2835 2834
f 2682 2834 2833
f 2681 2833 2832
f 2680 2832 2831
f 2679 2831 2830
f 2678 2830 2829
f 2677 2829 2828
f 2676 2828 2827
f 2675 2827 2826
f 2674 2826 2825
f 2673 2825 2824
f 2672 2824 2823
f 2671 2823 2822
f 2670 2822 2821
f 2669 2821 2820
f 2668 2820 2819
f 2667 2819 2818
f 2666 2818 2817
f 2665 2817 2816
f 2664 2816 2815
f 2663 2815 2814
f 2662 2814 2813
f 2661 2813 2812
f 2660 2812 2811
f 2659 2811 2810
f 2658 2810 2809
f 2657 2809 2808
f 2656 2808 2807
f 2655 2807 2806
f 2654 2806 2805
f 2653 2805 2804
f 2652 2804 2803
f 2651 2803 2802
f 2650 2802 2801
f 2649 2801 2800
f 2648 2800 2799
f 2647 2799 2798
f 2646 2798 2797
f 2645 2797 2796
f 2644 2796 2795
f 2643 2795 2794
f 2642 2794 2793
f 2641 2793 2792
f 2638 6803 2791
f 2637 2791 2790
f 2636 2790 2789
f 2635 2789 2788
f 2634 2788 2787
f 2633 2787 2786
f 2632 2786 2785
f 2631 2785 2784
f 2630 2784 2783
f 2629 2783 2782
f 2628 2782 2781
f 2627 2781 2780
f 2626 2780 2779
f 2625 2779 2778
f 2624 2778 2777
f 2623 2777 2776
f 2622 2776 2775
f 2621 2775 2774
f 2620 2774 2773
f 2619 2773 2772
f 2618 2772 2771
f 2617 2771 2770
f 2616 2770 2769
f 2615 2769 2768
f 2614 2768 2767
f 2613 2767 2766
f 2612 2766 2765
f 2611 2765 2764
f 2610 2764 2763
f 2609 2763 2762
f 2608 2762 2761
f 2607 2761 2760
f 2606 2760 2759
f 2605 2759 2758
f 2604 2758 2757
f 2603 2757 2756
f 2602 2756 2755
f 2601 2755 2754
f 2600 2754 2753
f 2599 2753 2752
f 2598 2752 2751
f 2597 2751 2750
f 2596 2750 2749
f 2595 2749 2748
f 2594 2748 2747
f 2593 2747 2746
f 2592 2746 2745
f 2591 2745 2744
f 2590 2744 2743
f 2589 2743 2742
f 2588 2742 2741
f 2587 2741 2740
f 2586 2740 2739
f 2585 2739 2738
f 2584 2738 2737
f 2583 2737 2736
f 2582 2736 2735
f 2581 2735 2734
f 2580 2734 2733
f 2579 2733 2732
f 2578 2732 2731
f 2577 2731 2730
f 2576 2730 2729
f 2575 2729 2728
f 2574 2728 2727
f 2573 2727 2726
f 2572 2726 2725
f 2571 2725 2724
f 2570 2724 2723
f 2569 2723 2722
f 2568 2722 2721
f 2567 2721 2720
f 2566 2720 2719
f 2565 2719 2718
f 2564 2718 2717
f 2563 2717 2716
f 2562 2716 2715
f 2561 2715 2714
f 2560 2714 2713
f 2559 2713 2712
f 2558 2712 2711
f 2557 2711 2710
f 2556 2710 2709
f 2555 2709 2708
f 2554 2708 2707
f 2553 2707 2706
f 2552 2706 2705
f 2551 2705 2704
f 2550 2704 2703
f 2549 2703 2702
f 2548 2702 2701
f 2547 2701 2700
f 2546 2700 2699
f 2545 2699 2698
f 2544 2698 2697
f 2543 2697 2696
f 2542 2696 2695
f 2541 2695 2694
f 2540 2694 2693
f 2539 2693 2692
f 2538 2692 2691
f 2537 2691 2690
f 2536 2690 2689
f 2535 2689 2688
f 2534 2688 2687
f 2533 2687 2686
f 2532 2686 2685
f 2531 2685 2684
f 2530 2684 2683
f 2529 2683 2682
f 2528 2682 2681
f 2527 2681 2680
f 2526 2680 2679
f 2525 2679 2678
f 2524 2678 2677
f 2523 2677 2676
f 2522 2676 2675
f 2521 2675 2674
f 2520 2674 2673
f 2519 2673 2672
f 2518 2672 2671
f 2517 2671 2670
f 2516 2670 2669
f 2515 2669 2668
f 2514 2668 2667
f 2513 2667 2666
f 2512 2666 2665
f 2511 2665 2664
f 2510 2664 2663
f 2509 2663 2662
f 2508 2662 2661
f 2507 2661 2660
f 2506 2660 2659
f 2505 2659 2658
f 2504 2658 2657
f 2503 2657 2656
f 2502 2656 2655
f 2501 2655 2654
f 2500 2654 2653
f 2499 2653 2652
f 2498 2652 2651
f 2497 2651 2650
f 2496 2650 2649
f 2495 2649 2648
f 2494 2648 2647
f 2493 2647 2646
f 2492 2646 2645
f 2491 2645 2644
f 2490 2644 2643
f 2489 2643 2642
f 2488 2642 2641
f 2487 2641 2640
f 2486 2640 2639
f 2482 6802 2638
f 2481 2638 2637
f 2480 2637 2636
f 2479 2636 2635
f 2478 2635 2634
f 2477 2634 2633
f 2476 2633 2632
f 2475 2632 2631
f 2474 2631 2630
f 2473 2630 2629
f 2472 2629 2628
f 2471 2628 2627
f 2470 2627 2626
f 2469 2626 2625
f 2468 2625 2624
f 2467 2624 2623
f 2466 2623 2622
f 2465 2622 2621
f 2464 2621 2620
f 2463 2620 2619
f 2462 2619 2618
f 2461 2618 2617
f 2460 2617 2616
f 2459 2616 2615
f 2458 2615 2614
f 2457 2614 2613
f 2456 2613 2612
f 2455 2612 2611
f 2454 2611 2610
f 2453 2610 2609
f 2452 2609 2608
f 2451 2608 2607
f 2450 2607 2606
f 2449 2606 2605
f 2448 2605 2604
f 2447 2604 2603
f 2446 2603 2602
f 2445 2602 2601
f 2444 2601 2600
f 2443 2600 2599
f 2442 2599 2598
f 2441 2598 2597
f 2440 2597 2596
f 2439 2596 2595
f 2438 2595 2594
f 2437 2594 2593
f 2436 2593 2592
f 2435 2592 2591
f 2434 2591 2590
f 2433 2590 2589
f 2432 2589 2588
f 2431 2588 2587
f 2430 2587 2586
f 2429 2586 2585
f 2428 2585 2584
f 2427 2584 2583
f 2426 2583 2582
f 2425 2582 2581
f 2424 2581 2580
f 2423 2580 2579
f 2422 2579 2578
f 2421 2578 2577
f 2420 2577 2576
f 2419 2576 2575
f 2418 2575 2574
f 2417 2574 2573
f 2416 2573 2572
f 2415 2572 2571
f 2414 2571 2570
f 2413 2570 2569
f 2412 2569 2568
f 2411 2568 2567
f 2410 2567 2566
f 2409 2566 2565
f 2408 2565 2564
f 2407 2564 2563
f 2406 2563 2562
f 2405 2562 2561
f 2404 2561 2560
f 2403 2560 2559
f 2402 2559 2558
f 2401 2558 2557
f 2400 2557 2556
f 2399 2556 2555
f 2398 2555 2554
f 2397 2554 2553
f 2396 2553 2552
f 2395 2552 2551
f 2394 2551 2550
f 2393 2550 2549
f 2392 2549 2548
f 2391 2548 2547
f 2390 2547 2546
f 2389 2546 2545
f 2388 2545 2544
f 2387 2544 2543
f 2386 2543 2542
f 2385 2542 2541
f 2384 2541 2540
f 2383 2540 2539
f 2382 2539 2538
f 2381 2538 2537
f 2380 2537 2536
f 2379 2536 2535
f 2378 2535 2534
f 2377 2534 2533
f 2376 2533 2532
f 2375 2532 2531
f 2374 2531 2530
f 2373 2530 2529
f 2372 2529 2528
f 2371 2528 2527
f 2370 2527 2526
f 2369 2526 2525
f 2368 2525 2524
f 2367 2524 2523
f 2366 2523 2522
f 2365 2522 2521
f 2364 2521 2520
f 2363 2520 2519
f 2362 2519 2518
f 2361 2518 2517
f 2360 2517 2516
f 2359 2516 2515
f 2358 2515 2514
f 2357 2514 2513
f 2356 2513 2512
f 2355 2512 2511
f 2354 2511 2510
f 2353 2510 2509
f 2352 2509 2508
f 2351 2508 2507
f 2350 2507 2506
f 2349 2506 2505
f 2348 2505 2504
f 2347 2504 2503
f 2346 2503 2502
f 2345 2502 2501
f 2344 2501 2500
f 2343 2500 2499
f 2342 2499 2498
f 2341 2498 2497
f 2340 2497 2496
f 2339 2496 2495
f 2338 2495 2494
f 2337 2494 2493
f 2336 2493 2492
f 2335 2492 2491
f 2334 2491 2490
f 2333 2490 2489
f 2332 2489 2488
f 2331 2488 2487
f 2330 2487 2486
f 2329 2486 2485
f 2328 2485 2484
f 2325 6801 2483
f 2324 2483 2482
f 2323 2482 2481
f 2322 2481 2480
f 2321 2480 2479
f 2320 2479 2478
f 2319 2478 2477
f 2318 2477 2476
f 2317 2476 2475
f 2316 2475 2474
f 2315 2474 2473
f 2314 2473 2472
f 2313 2472 2471
f 2312 2471 2470
f 2311 2470 2469
f 2310 2469 2468
f 2309 2468 2467
f 2308 2467 2466
f 2307 2466 2465
f 2306 2465 2464
f 2305 2464 2463
f 2304 2463 2462
f 2303 2462 2461
f 2302 2461 2460
f 2301 2460 2459
f 2300 2459 2458
f 2299 2458 2457
f 2298 2457 2456
f 2297 2456 2455
f 2296 2455 2454
f 2295 2454 2453
f 2294 2453 2452
f 2293 2452 2451
f 2292 2451 2450
f 2291 2450 2449
f 2290 2449 2448
f 2289 2448 2447
f 2288 2447 2446
f 2287 2446 2445
f 2286 2445 2444
f 2285 2444 2443
f 2284 2443 2442
f 2283 2442 2441
f 2282 2441 2440
f 2281 2440 2439
f 2280 2439 2438
f 2279 2438 2437
f 2278 2437 2436
f 2277 2436 2435
f 2276 2435 2434
f 2275 2434 2433
f 2274 2433 2432
f 2273 2432 2431
f 2272 2431 2430
f 2271 2430 2429
f 2270 2429 2428
f 2269 2428 2427
f 2268 2427 2426
f 2267 2426 2425
f 2266 2425 2424
f 2265 2424 2423
f 2264 2423 2422
f 2263 2422 2421
f 2262 2421 2420
f 2261 2420 2419
f 2260 2419 2418
f 2259 2418 2417
f 2258 2417 2416
f 2257 2416 2415
f 2256 2415 2414
f 2255 2414 2413
f 2254 2413 2412
f 2253 2412 2411
f 2252 2411 2410
f 2251 2410 2409
f 2250 2409 2408
f 2249 2408 2407
f 2248 2407 2406
f 2247 2406 2405
f 2246 2405 2404
f 2245 2404 2403
f 2244 2403 2402
f 2243 2402 2401
f 2242 2401 2400
f 2241 2400 2399
f 2240 2399 2398
f 2239 2398 2397
f 2238 2397 2396
f 2237 2396 2395
f 2236 2395 2394
f 2235 2394 2393
f 2234 2393 2392
f 2233 2392 2391
f 2232 2391 2390
f 2231 2390 2389
f 2230 2389 2388
f 2229 2388 2387
f 2228 2387 2386
f 2227 2386 2385
f 2226 2385 2384
f 2225 2384 2383
f 2224 2383 2382
f 2223 2382 2381
f 2222 2381 2380
f 2221 2380 2379
f 2220 2379 2378
f 2219 2378 2377
f 2218 2377 2376
f 2217 2376 2375
f 2216 2375 2374
f 2215 2374 2373
f 2214 2373 2372
f 2213 2372 2371
f 2212 2371 2370
f 2211 2370 2369
f 2210 2369 2368
f 2209 2368 2367
f 2208 2367 2366
f 2207 2366 2365
f 2206 2365 2364
f 2205 2364 2363
f 2204 2363 2362
f 2203 2362 2361
f 2202 2361 2360
f 2201 2360 2359
f 2200 2359 2358
f 2199 2358 2357
f 2198 2357 2356
f 2197 2356 2355
f 2196 2355 2354
f 2195 2354 2353
f 2194 2353 2352
f 2193 2352 2351
f 2192 2351 2350
f 2191 2350 2349
f 2190 2349 2348
f 2189 2348 2347
f 2188 2347 2346
f 2187 2346 2345
f 2186 2345 2344
f 2185 2344 2343
f 2184 2343 2342
f 2183 2342 2341
f 2182 2341 2340
f 2181 2340 2339
f 2180 2339 2338
f 2179 2338 2337
f 2178 2337 2336
f 2177 2336 2335
f 2176 2335 2334
f 2175 2334 2333
f 2174 2333 2332
f 2173 2332 2331
f 2172 2331 2330
f 2171 2330 2329
f 2170 2329 2328
f 2169 2328 2327
f 2165 6800 2326
f 2164 2326 2325
f 2163 2325 2324
f 2162 2324 2323
f 2161 2323 2322
f 2160 2322 2321
f 2159 2321 2320
f 2158 2320 2319
f 2157 2319 2318
f 2156 2318 2317
f 2155 2317 2316
f 2154 2316 2315
f 2153 2315 2314
f 2152 2314 2313
f 2151 2313 2312
f 2150 2312 2311
f 2149 2311 2310
f 2148 2310 2309
f 2147 2309 2308
f 2146 2308 2307
f 2145 2307 2306
f 2144 2306 2305
f 2143 2305 2304
f 2142 2304 2303
f 2141 2303 2302
f 2140 2302 2301
f 2139 2301 2300
f 2138 2300 2299
f 2137 2299 2298
f 2136 2298 2297
f 2135 2297 2296
f 2134 2296 2295
f 2133 2295 2294
f 2132 2294 2293
f 2131 2293 2292
f 2130 2292 2291
f 2129 2291 2290
f 2128 2290 2289
f 2127 2289 2288
f 2126 2288 2287
f 2125 2287 2286
f 2124 2286 2285
f 2123 2285 2284
f 2122 2284 2283
f 2121 2283 2282
f 2120 2282 2281
f 2119 2281 2280
f 2118 2280 2279
f 2117 2279 2278
f 2116 2278 2277
f 2115 2277 2276
f 2114 2276 2275
f 2113 2275 2274
f 2112 2274 2273
f 2111 2273 2272
f 2110 2272 2271
f 2109 2271 2270
f 2108 2270 2269
f 2107 2269 2268
f 2106 2268 2267
f 2105 2267 2266
f 2104 2266 2265
f 2103 2265 2264
f 2102 2264 2263
f 2101 2263 2262
f 2100 2262 2261
f 2099 2261 2260
f 2098 2260 2259
f 2097 2259 2258
f 2096 2258 2257
f 2095 2257 2256
f 2094 2256 2255
f 2093 2255 2254
f 2092 2254 2253
f 2091 2253 2252
f 2090 2252 2251
f 2089 2251 2250
f 2088 2250 2249
f 2087 2249 2248
f 2086 2248 2247
f 2085 2247 2246
f 2084 2246 2245
f 2083 2245 2244
f 2082 2244 2243
f 2081 2243 2242
f 2080 2242 2241
f 2079 2241 2240
f 2078 2240 2239
f 2077 2239 2238
f 2076 2238 2237
f 2075 2237 2236
f 2074 2236 2235
f 2073 2235 2234
f 2072 2234 2233
f 2071 2233 2232
f 2070 2232 2231
f 2069 2231 2230
f 2068 2230 2229
f 2067 2229 2228
f 2066 2228 2227
f 2065 2227 2226
f 2064 2226 2225
f 2063 2225 2224
f 2062 2224 2223
f 2061 2223 2222
f 2060 2222 2221
f 2059 2221 2220
f 2058 2220 2219
f 2057 2219 2218
f 2056 2218 2217
f 2055 2217 2216
f 2054 2216 2215
f 2053 2215 2214
f 2052 2214 2213
f 2051 2213 2212
f 2050 2212 2211
f 2049 2211 2210
f 2048 2210 2209
f 2047 2209 2208
f 2046 2208 2207
f 2045 2207 2206
f 2044 2206 2205
f 2043 2205 2204
f 2042 2204 2203
f 2041 2203 2202
f 2040 2202 2201
f 2039 2201 2200
f 2038 2200 2199
f 2037 2199 2198
f 2036 2198 2197
f 2035 2197 2196
f 2034 2196 2195
f 2033 2195 2194
f 2032 2194 2193
f 2031 2193 2192
f 2030 2192 2191
f 2029 2191 2190
f 2028 2190 2189
f 2027 2189 2188
f 2026 2188 2187
f 2025 2187 2186
f 2024 2186 2185
f 2023 2185 2184
f 2022 2184 2183
f 2021 2183 2182
f 2020 2182 2181
f 2019 2181 2180
f 2018 2180 2179
f 2017 2179 2178
f 2016 2178 2177
f 2015 2177 2176
f 2014 2176 2175
f 2013 2175 2174
f 2012 2174 2173
f 2011 2173 2172
f 2010 2172 2171
f 2009 2171 2170
f 2008 2170 2169
f 2007 2169 2168
f 2006 2168 2167
f 2002 6799 2166
f 2001 2166 2165
f 2000 2165 2164
f 1999 2164 2163
f 1998 2163 2162
f 1997 2162 2161
f 1996 2161 2160
f 1995 2160 2159
f 1994 2159 2158
f 1993 2158 2157
f 1992 2157 2156
f 1991 2156 2155
f 1990 2155 2154
f 1989 2154 2153
f 1988 2153 2152
f 1987 2152 2151
f 1986 2151 2150
f 1985 2150 2149
f 1984 2149 2148
f 1983 2148 2147
f 1982 2147 2146
f 1981 2146 2145
f 1980 2145 2144
f 1979 2144 2143
f 1978 2143 2142
f 1977 2142 2141
f 1976 2141 2140
f 1975 2140 2139
f 1974 2139 2138
f 1973 2138 2137
f 1972 2137 2136
f 1971 2136 2135
f 1970 2135 2134
f 1969 2134 2133
f 1968 2133 2132
f 1967 2132 2131
f 1966 2131 2130
f 1965 2130 2129
f 1964 2129 2128
f 1963 2128 2127
f 1962 2127 2126
f 1961 2126 2125
f 1960 2125 2124
f 1959 2124 2123
f 1958 2123 2122
f 1957 2122 2121
f 1956 2121 2120
f 1955 2120 2119
f 1954 2119 2118
f 1953 2118 2117
f 1952 2117 2116
f 1951 2116 2115
f 1950 2115 2114
f 1949 2114 2113
f 1948 2113 2112
f 1947 2112 2111
f 1946 2111 2110
f 1945 2110 2109
f 1944 2109 2108
f 1943 2108 2107
f 1942 2107 2106
f 1941 2106 2105
f 1940 2105 2104
f 1939 2104 2103
f 1938 2103 2102
f 1937 2102 2101
f 1936 2101 2100
f 1935 2100 2099
f 1934 2099 2098
f 1933 2098 2097
f 1932 2097 2096
f 1931 2096 2095
f 1930 2095 2094
f 1929 2094 2093
f 1928 2093 2092
f 1927 2092 2091
f 1926 2091 2090
f 1925 2090 2089
f 1924 2089 2088
f 1923 2088 2087
f 1922 2087 2086
f 1921 2086 2085
f 1920 2085 2084
f 1919 2084 2083
f 1918 2083 2082
f 1917 2082 2081
f 1916 2081 2080
f 1915 2080 2079
f 1914 2079 2078
f 1913 2078 2077
f 1912 2077 2076
f 1911 2076 2075
f 1910 2075 2074
f 1909 2074 2073
f 1908 2073 2072
f 1907 2072 2071
f 1906 2071 2070
f 1905 2070 2069
f 1904 2069 2068
f 1903 2068 2067
f 1902 2067 2066
f 1901 2066 2065
f 1900 2065 2064
f 1899 2064 2063
f 1898 2063 2062
f 1897 2062 2061
f 1896 2061 2060
f 1895 2060 2059
f 1894 2059 2058
f 1893 2058 2057
f 1892 2057 2056
f 1891 2056 2055
f 1890 2055 2054
f 1889 2054 2053
f 1888 2053 2052
f 1887 2052 2051
f 1886 2051 2050
f 1885 2050 2049
f 1884 2049 2048
f 1883 2048 2047
f 1882 2047 2046
f 1881 2046 2045
f 1880 2045 2044
f 1879 2044 2043
f 1878 2043 2042
f 1877 2042 2041
f 1876 2041 2040
f 1875 2040 2039
f 1874 2039 2038
f 1873 2038 2037
f 1872 2037 2036
f 1871 2036 2035
f 1870 2035 2034
f 1869 2034 2033
f 1868 2033 2032
f 1867 2032 2031
f 1866 2031 2030
f 1865 2030 2029
f 1864 2029 2028
f 1863 2028 2027
f 1862 2027 2026
f 1861 2026 2025
f 1860 2025 2024
f 1859 2024 2023
f 1858 2023 2022
f 1857 2022 2021
f 1856 2021 2020
f 1855 2020 2019
f 1854 2019 2018
f 1853 2018 2017
f 1852 2017 2016
f 1851 2016 2015
f 1850 2015 2014
f 1849 2014 2013
f 1848 2013 2012
f 1847 2012 2011
f 1846 2011 2010
f 1845 2010 2009
f 1844 2009 2008
f 1843 2008 2007
f 1842 2007 2006
f 1841 2006 2005
f 1840 2005 2004
f 1343 6798 2003
f 1340 2003 2002
f 1341 2002 2001
f 1315 2001 2000
f 1316 2000 1999
f 1253 1999 1998
f 1254 1998 1997
f 1280 1997 1996
f 1251 1996 1995
f 1252 1995 1994
f 1279 1994 1993
f 1277 1993 1992
f 1278 1992 1991
f 1275 1991 1990
f 1276 1990 1989
f 1314 1989 1988
f 1273 1988 1987
f 1274 1987 1986
f 1312 1986 1985
f 1313 1985 1984
f 1339 1984 1983
f 1249 1983 1982
f 1250 1982 1981
f 1272 1981 1980
f 1311 1980 1979
f 1309 1979 1978
f 1310 1978 1977
f 1337 1977 1976
f 1338 1976 1975
f 1335 1975 1974
f 1336 1974 1973
f 1367 1973 1972
f 1368 1972 1971
f 1308 1971 1970
f 1271 1970 1969
f 1242 1969 1968
f 1243 1968 1967
f 1248 1967 1966
f 1269 1966 1965
f 1270 1965 1964
f 1267 1964 1963
f 1268 1963 1962
f 1235 1962 1961
f 1236 1961 1960
f 1241 1960 1959
f 1233 1959 1958
f 1234 1958 1957
f 1232 1957 1956
f 1229 1956 1955
f 1230 1955 1954
f 1247 1954 1953
f 1239 1953 1952
f 1240 1952 1951
f 1245 1951 1950
f 1246 1950 1949
f 1222 1949 1948
f 1223 1948 1947
f 1228 1947 1946
f 1231 1946 1945
f 1226 1945 1944
f 1227 1944 1943
f 1224 1943 1942
f 1225 1942 1941
f 1237 1941 1940
f 1238 1940 1939
f 1306 1939 1938
f 1307 1938 1937
f 1468 1937 1936
f 1441 1936 1935
f 1509 1935 1934
f 1469 1934 1933
f 1442 1933 1932
f 1470 1932 1931
f 1471 1931 1930
f 1443 1930 1929
f 1472 1929 1928
f 1444 1928 1927
f 1418 1927 1926
f 1445 1926 1925
f 1446 1925 1924
f 1419 1924 1923
f 1510 1923 1922
f 1473 1922 1921
f 1447 1921 1920
f 1474 1920 1919
f 1448 1919 1918
f 1420 1918 1917
f 1449 1917 1916
f 1450 1916 1915
f 1421 1915 1914
f 1511 1914 1913
f 1475 1913 1912
f 1451 1912 1911
f 1512 1911 1910
f 1556 1910 1909
f 1476 1909 1908
f 1477 1908 1907
f 1557 1907 1906
f 1478 1906 1905
f 1479 1905 1904
f 1558 1904 1903
f 1513 1903 1902
f 1514 1902 1901
f 1480 1901 1900
f 1422 1900 1899
f 1423 1899 1898
f 1481 1898 1897
f 1424 1897 1896
f 1425 1896 1895
f 1426 1895 1894
f 1369 1894 1893
f 1370 1893 1892
f 1427 1892 1891
f 1371 1891 1890
f 1372 1890 1889
f 1452 1889 1888
f 1396 1888 1887
f 1397 1887 1886
f 1453 1886 1885
f 1398 1885 1884
f 1399 1884 1883
f 1454 1883 1882
f 1400 1882 1881
f 1401 1881 1880
f 1482 1880 1879
f 1455 1879 1878
f 1456 1878 1877
f 1428 1877 1876
f 1373 1876 1875
f 1374 1875 1874
f 1429 1874 1873
f 1375 1873 1872
f 1376 1872 1871
f 1377 1871 1870
f 1344 1870 1869
f 1345 1869 1868
f 1402 1868 1867
f 1346 1867 1866
f 1347 1866 1865
f 1403 1865 1864
f 1378 1864 1863
f 1379 1863 1862
f 1404 1862 1861
f 1348 1861 1860
f 1349 1860 1859
f 1380 1859 1858
f 1350 1858 1857
f 1405 1857 1856
f 1317 1856 1855
f 1255 1855 1854
f 1281 1854 1853
f 1282 1853 1852
f 1256 1852 1851
f 1257 1851 1850
f 1318 1850 1849
f 1283 1849 1848
f 1284 1848 1847
f 1285 1847 1846
f 1286 1846 1845
f 1258 1845 1844
f 1287 1844 1843
f 1288 1843 1842
f 1259 1842 1841
f 1351 1841 1840
f 1319 1840 1839
f 1289 1839 1838
f 1406 1728 1833
f 1730 6838 6839
f 1730 6840 6838
f 6839 6841 1730
f 1729 1406 6842
f 6842 1730 1729
f 1729 1728 1406
f 6842 6840 1730
f 6841 1734 1731
f 1731 1732 6841
f 1732 1730 6841
f 1735 6843 6844
f 1735 6845 6846
f 1733 6841 6845
f 6845 1735 1733
f 1733 1734 6841
f 6846 6843 1735
f 6844 6847 1735
f 1739 6848 6849
f 1739 6850 6848
f 6849 6851 1739
f 6847 1832 1736
f 1738 6847 6852
f 6852 1739 1738
f 1738 1737 6847
f 6852 6850 1739
f 1737 1832 6847
f 1736 1735 6847
f 1742 6853 6854
f 1742 6855 6853
f 6854 6856 1742
f 6856 6857 1742
f 6851 1744 1741
f 1744 6851 6855
f 6855 1742 1744
f 1741 1740 6851
f 1740 1831 6851
f 1831 1739 6851
f 1747 6858 6859
f 6857 1830 1743
f 6857 1745 1830
f 1743 1742 6857
f 1746 6857 6860
f 6860 1747 1746
f 1746 1745 6857
f 6860 6861 1747
f 6861 6858 1747
f 6859 6862 1747
f 6862 1749 1748
f 1751 6863 6864
f 1750 6862 6865
f 6865 1751 1750
f 1750 1749 6862
f 6865 6863 1751
f 6864 6866 1751
f 1754 6867 6868
f 1753 6866 6867
f 6867 1754 1753
f 1753 1752 6866
f 1752 1751 6866
f 6868 6869 1754
f 6869 1756 1755
f 1756 6869 6870
f 6870 1757 1756
f 6870 6871 1757
f 1755 1754 6869
f 6871 6872 1757
f 1761 6873 6874
f 6872 1759 1758
f 1760 6872 6875
f 6875 1761 1760
f 1760 1759 6872
f 6875 6873 1761
f 1758 1757 6872
f 6874 6876 1761
f 6876 1763 1762
f 1765 6877 6878
f 1764 6876 6879
f 6879 1765 1764
f 6879 6877 1765
f 1764 1763 6876
f 6878 6880 1765
f 1768 6881 6882
f 1768 6883 6881
f 6882 6884 1768
f 1770 6880 6883
f 6883 1768 1770
f 1770 1767 6880
f 1767 1766 6880
f 1766 1765 6880
f 1771 6885 6886
f 1773 6884 6885
f 6885 1771 1773
f 1773 1769 6884
f 6886 6887 1771
f 6888 1774 1775
f 1775 1772 6888
f 1772 1771 6888
f 6888 6889 1776
f 1776 1774 6888
f 1771 6887 6890
f 6890 6891 1771
f 6891 6888 1771
f 6889 1778 1777
f 1778 6892 6893
f 1778 6889 6894
f 6894 6892 1778
f 6893 1779 1778
f 6893 1781 1780
f 1784 6895 6896
f 1782 6893 6897
f 6897 1784 1782
f 1782 1781 6893
f 6897 6895 1784
f 6896 6898 1784
f 1787 6899 6900
f 1785 6898 6899
f 6899 1787 1785
f 1785 1783 6898
f 6900 6901 1787
f 1789 6902 6903
f 1788 6901 6902
f 6902 1789 1788
f 1788 1786 6901
f 1786 1787 6901
f 6903 6904 1789
f 6904 1790 1791
f 1792 6905 6906
f 1792 6907 6905
f 6906 6908 1792
f 1790 6904 6907
f 6907 1792 1790
f 6908 1796 1793
f 1796 6909 6910
f 1796 6908 6911
f 6911 6909 1796
f 6910 1794 1796
f 1799 6912 6913
f 6910 1797 1795
f 1798 6910 6914
f 6914 1799 1798
f 6914 6912 1799
f 1798 1797 6910
f 1795 1794 6910
f 6913 6915 1799
f 1803 6916 6917
f 1801 6915 6916
f 6916 1803 1801
f 1801 1800 6915
f 6917 6918 1803
f 6918 1804 1802
f 1804 6919 6920
f 1804 6918 6921
f 6921 6919 1804
f 6920 1805 1804
f 6922 1807 1806
f 6922 6923 1808
f 1808 1807 6922
f 1805 6920 6924
f 6924 6922 1805
f 6923 1809 1810
f 6925 6926 1811
f 1811 1812 6925
f 1809 6927 6925
f 1809 6923 6928
f 6928 6927 1809
f 1812 1809 6925
f 1815 6929 6930
f 1814 6926 6929
f 6929 1815 1814
f 1814 1813 6926
f 6930 6931 1815
f 1818 6932 6933
f 1816 6931 6932
f 6932 1818 1816
f 1816 1817 6931
f 6933 6934 1818
f 6934 1819 1820
f 1819 6935 6936
f 1819 6934 6937
f 6937 6935 1819
f 6936 1821 1819
f 6938 1823 1822
f 6938 6939 1824
f 1824 1823 6938
f 1821 6936 6940
f 6940 6938 1821
f 6939 1828 1825
f 6941 6942 1827
f 1827 1826 6941
f 1828 6943 6941
f 1828 6939 6944
f 6944 6943 1828
f 1826 1828 6941
f 1825 1824 6939
f 1822 1821 6938
f 1820 1818 6934
f 1817 1815 6931
f 1813 1811 6926
f 1810 1808 6923
f 1806 1805 6922
f 1802 1803 6918
f 1800 1799 6915
f 1793 1792 6908
f 1791 1789 6904
f 1783 1784 6898
f 1780 1779 6893
f 1777 1776 6889
f 1769 1768 6884
f 1762 1761 6876
f 1748 1747 6862
f 1833 1221 1406
f 7097 1554 1507
f 7098 1507 1553
f 7099 1553 1552
f 7100 1552 1551
f 7101 1551 1571
f 7102 1571 1570
f 7103 1570 1506
f 7104 1506 1550
f 7105 1550 1549
f 7106 1549 1505
f 7107 1505 1548
f 7108 1548 1569
f 7109 1569 1547
f 7110 1547 1568
f 7111 1568 1579
f 7112 1579 1504
f 7113 1504 1546
f 7114 1546 1567
f 7115 1567 1503
f 7116 1503 1545
f 7117 1545 1566
f 7118 1566 1502
f 7119 1502 1544
f 7120 1544 1543
f 7121 1543 1501
f 7122 1501 1542
f 7123 1542 1541
f 7124 1541 1540
f 7125 1540 1565
f 7126 1565 1578
f 7127 1578 1539
f 7128 1539 1538
f 7129 1538 1577
f 7130 1577 1537
f 7131 1537 1536
f 7132 1536 1576
f 7133 1576 1575
f 7134 1575 1535
f 7135 1535 1564
f 7136 1564 1563
f 7137 1563 1534
f 7138 1534 1574
f 7139 1574 1533
f 7140 1533 1532
f 7141 1532 1562
f 7142 1562 1531
f 7143 1531 1530
f 7144 1530 1561
f 7145 1561 1500
f 7146 1500 1499
f 7147 1499 1529
f 7148 1529 1498
f 7149 1498 1497
f 7150 1497 1528
f 7151 1528 1496
f 7152 1496 1495
f 7153 1495 1560
f 7154 1560 1494
f 7155 1494 1493
f 7156 1493 1527
f 7157 1527 1467
f 7158 1467 1466
f 7159 1466 1526
f 7160 1526 1440
f 7161 1440 1439
f 7162 1439 1465
f 7163 1465 1438
f 7164 1438 1437
f 7165 1437 1464
f 7166 1464 1492
f 7167 1492 1491
f 7168 1491 1525
f 7169 1525 1463
f 7170 1463 1462
f 7171 1462 1524
f 7172 1524 1461
f 7173 1461 1460
f 7174 1460 1490
f 7175 1490 1489
f 7176 1489 1488
f 7177 1488 1523
f 7178 1523 1522
f 7179 1522 1521
f 7180 1521 1573
f 7181 1573 1520
f 7182 1520 1519
f 7183 1519 1572
f 7184 1572 1518
f 7185 1518 1517
f 7186 1517 1559
f 7187 1559 1436
f 7188 1436 1435
f 7189 1435 1459
f 7190 1459 1487
f 7191 1487 1458
f 7192 1458 1486
f 7193 1486 1485
f 7194 1485 1484
f 7195 1484 1516
f 7196 1516 1515
f 7197 1515 1434
f 7198 1434 1457
f 7199 1457 1483
f 7200 1483 1416
f 7201 1416 1433
f 7202 1433 1432
f 7203 1432 1415
f 7204 1415 1431
f 7205 1431 1430
f 7206 1430 1366
f 7207 1366 1395
f 7208 1395 1414
f 7209 1414 1334
f 7210 1334 1365
f 7211 1365 1364
f 7212 1364 1333
f 7213 1333 1363
f 7214 1363 1394
f 7215 1394 1362
f 7216 1362 1393
f 7217 1393 1413
f 7218 1413 1361
f 7219 1361 1392
f 7220 1392 1391
f 7221 1391 1360
f 7222 1360 1390
f 7223 1390 1412
f 7224 1412 1359
f 7225 1359 1389
f 7226 1389 1411
f 7227 1411 1358
f 7228 1358 1388
f 7229 1388 1387
f 7230 1387 1357
f 7231 1357 1386
f 7232 1386 1410
f 7233 1410 1385
f 7234 1385 1409
f 7235 1409 1408
f 7236 1408 1384
f 7237 1384 1407
f 7238 1407 1383
f 7239 1383 1305
f 7240 1305 1332
f 7241 1332 1356
f 7242 1356 1304
f 7243 1304 1303
f 7244 1303 1331
f 7245 1331 1330
f 7246 1330 1329
f 7247 1329 1355
f 7248 1355 1382
f 7249 1382 1328
f 7250 1328 1354
f 7251 1354 1353
f 7252 1353 1302
f 7253 1302 1327
f 7254 1327 1301
f 7255 1301 1300
f 7256 1300 1352
f 7257 1352 1326
f 7258 1326 1325
f 7259 1325 1381
f 7260 1381 1324
f 7261 1324 1323
f 7262 1323 1322
f 7263 7099 7100
f 7264 7100 7101
f 7265 7101 7102
f 7266 7102 7103
f 7267 7103 7104
f 7268 7104 7105
f 7269 7105 7106
f 7270 7106 7107
f 7271 7107 7108
f 7272 7108 7109
f 7273 7109 7110
f 7274 7110 7111
f 7275 7111 7112
f 7276 7112 7113
f 7277 7113 7114
f 7278 7114 7115
f 7279 7115 7116
f 7280 7116 7117
f 7281 7117 7118
f 7282 7118 7119
f 7283 7119 7120
f 7284 7120 7121
f 7285 7121 7122
f 7286 7122 7123
f 7287 7123 7124
f 7288 7124 7125
f 7289 7125 7126
f 7290 7126 7127
f 7291 7127 7128
f 7292 7128 7129
f 7293 7129 7130
f 7294 7130 7131
f 7295 7131 7132
f 7296 7132 7133
f 7297 7133 7134
f 7298 7134 7135
f 7299 7135 7136
f 7300 7136 7137
f 7301 7137 7138
f 7302 7138 7139
f 7303 7139 7140
f 7304 7140 7141
f 7305 7141 7142
f 7306 7142 7143
f 7307 7143 7144
f 7308 7144 7145
f 7309 7145 7146
f 7310 7146 7147
f 7311 7147 7148
f 7312 7148 7149
f 7313 7149 7150
f 7314 7150 7151
f 7315 7151 7152
f 7316 7152 7153
f 7317 7153 7154
f 7318 7154 7155
f 7319 7155 7156
f 7320 7156 7157
f 7321 7157 7158
f 7322 7158 7159
f 7323 7159 7160
f 7324 7160 7161
f 7325 7161 7162
f 7326 7162 7163
f 7327 7163 7164
f 7328 7164 7165
f 7329 7165 7166
f 7330 7166 7167
f 7331 7167 7168
f 7332 7168 7169
f 7333 7169 7170
f 7334 7170 7171
f 7335 7171 7172
f 7336 7172 7173
f 7337 7173 7174
f 7338 7174 7175
f 7339 7175 7176
f 7340 7176 7177
f 7341 7177 7178
f 7342 7178 7179
f 7343 7179 7180
f 7344 7180 7181
f 7345 7181 7182
f 7346 7182 7183
f 7347 7183 7184
f 7348 7184 7185
f 7349 7185 7186
f 7350 7186 7187
f 7351 7187 7188
f 7352 7188 7189
f 7353 7189 7190
f 7354 7190 7191
f 7355 7191 7192
f 7356 7192 7193
f 7357 7193 7194
f 7358 7194 7195
f 7359 7195 7196
f 7360 7196 7197
f 7361 7197 7198
f 7362 7198 7199
f 7363 7199 7200
f 7364 7200 7201
f 7365 7201 7202
f 7366 7202 7203
f 7367 7203 7204
f 7368 7204 7205
f 7369 7205 7206
f 7370 7206 7207
f 7371 7207 7208
f 7372 7208 7209
f 7373 7209 7210
f 7374 7210 7211
f 7375 7211 7212
f 7376 7212 7213
f 7377 7213 7214
f 7378 7214 7215
f 7379 7215 7216
f 7380 7216 7217
f 7381 7217 7218
f 7382 7218 7219
f 7383 7219 7220
f 7384 7220 7221
f 7385 7221 7222
f 7386 7222 7223
f 7387 7223 7224
f 7388 7224 7225
f 7389 7225 7226
f 7390 7226 7227
f 7391 7227 7228
f 7392 7228 7229
f 7393 7229 7230
f 7394 7230 7231
f 7395 7231 7232
f 7396 7232 7233
f 7397 7233 7234
f 7398 7234 7235
f 7399 7235 7236
f 7400 7236 7237
f 7401 7237 7238
f 7402 7238 7239
f 7403 7239 7240
f 7404 7240 7241
f 7405 7241 7242
f 7406 7242 7243
f 7407 7243 7244
f 7408 7244 7245
f 7409 7245 7246
f 7410 7246 7247
f 7411 7247 7248
f 7412 7248 7249
f 7413 7249 7250
f 7414 7250 7251
f 7415 7251 7252
f 7416 7252 7253
f 7417 7253 7254
f 7418 7254 7255
f 7419 7255 7256
f 7420 7256 7257
f 7421 7257 7258
f 7422 7258 7259
f 7423 7259 7260
f 7424 7260 7261
f 7425 7261 7262
f 7426 7265 7266
f 7427 7266 7267
f 7428 7267 7268
f 7429 7268 7269
f 7430 7269 7270
f 7431 7270 7271
f 7432 7271 7272
f 7433 7272 7273
f 7434 7273 7274
f 7435 7274 7275
f 7436 7275 7276
f 7437 7276 7277
f 7438 7277 7278
f 7439 7278 7279
f 7440 7279 7280
f 7441 7280 7281
f 7442 7281 7282
f 7443 7282 7283
f 7444 7283 7284
f 7445 7284 7285
f 7446 7285 7286
f 7447 7286 7287
f 7448 7287 7288
f 7449 7288 7289
f 7450 7289 7290
f 7451 7290 7291
f 7452 7291 7292
f 7453 7292 7293
f 7454 7293 7294
f 7455 7294 7295
f 7456 7295 7296
f 7457 7296 7297
f 7458 7297 7298
f 7459 7298 7299
f 7460 7299 7300
f 7461 7300 7301
f 7462 7301 7302
f 7463 7302 7303
f 7464 7303 7304
f 7465 7304 7305
f 7466 7305 7306
f 7467 7306 7307
f 7468 7307 7308
f 7469 7308 7309
f 7470 7309 7310
f 7471 7310 7311
f 7472 7311 7312
f 7473 7312 7313
f 7474 7313 7314
f 7475 7314 7315
f 7476 7315 7316
f 7477 7316 7317
f 7478 7317 7318
f 7479 7318 7319
f 7480 7319 7320
f 7481 7320 7321
f 7482 7321 7322
f 7483 7322 7323
f 7484 7323 7324
f 7485 7324 7325
f 7486 7325 7326
f 7487 7326 7327
f 7488 7327 7328
f 7489 7328 7329
f 7490 7329 7330
f 7491 7330 7331
f 7492 7331 7332
f 7493 7332 7333
f 7494 7333 7334
f 7495 7334 7335
f 7496 7335 7336
f 7497 7336 7337
f 7498 7337 7338
f 7499 7338 7339
f 7500 7339 7340
f 7501 7340 7341
f 7502 7341 7342
f 7503 7342 7343
f 7504 7343 7344
f 7505 7344 7345
f 7506 7345 7346
f 7507 7346 7347
f 7508 7347 7348
f 7509 7348 7349
f 7510 7349 7350
f 7511 7350 7351
f 7512 7351 7352
f 7513 7352 7353
f 7514 7353 7354
f 7515 7354 7355
f 7516 7355 7356
f 7517 7356 7357
f 7518 7357 7358
f 7519 7358 7359
f 7520 7359 7360
f 7521 7360 7361
f 7522 7361 7362
f 7523 7362 7363
f 7524 7363 7364
f 7525 7364 7365
f 7526 7365 7366
f 7527 7366 7367
f 7528 7367 7368
f 7529 7368 7369
f 7530 7369 7370
f 7531 7370 7371
f 7532 7371 7372
f 7533 7372 7373
f 7534 7373 7374
f 7535 7374 7375
f 7536 7375 7376
f 7537 7376 7377
f 7538 7377 7378
f 7539 7378 7379
f 7540 7379 7380
f 7541 7380 7381
f 7542 7381 7382
f 7543 7382 7383
f 7544 7383 7384
f 7545 7384 7385
f 7546 7385 7386
f 7547 7386 7387
f 7548 7387 7388
f 7549 7388 7389
f 7550 7389 7390
f 7551 7390 7391
f 7552 7391 7392
f 7553 7392 7393
f 7554 7393 7394
f 7555 7394 7395
f 7556 7395 7396
f 7557 7396 7397
f 7558 7397 7398
f 7559 7398 7399
f 7560 7399 7400
f 7561 7400 7401
f 7562 7401 7402
f 7563 7402 7403
f 7564 7403 7404
f 7565 7404 7405
f 7566 7405 7406
f 7567 7406 7407
f 7568 7407 7408
f 7569 7408 7409
f 7570 7409 7410
f 7571 7410 7411
f 7572 7411 7412
f 7573 7412 7413
f 7574 7413 7414
f 7575 7414 7415
f 7576 7415 7416
f 7577 7416 7417
f 7578 7417 7418
f 7579 7418 7419
f 7580 7419 7420
f 7581 7420 7421
f 7582 7421 7422
f 7583 7422 7423
f 7584 7423 7424
f 7585 7424 7425
f 7586 7428 7429
f 7587 7429 7430
f 7588 7430 7431
f 7589 7431 7432
f 7590 7432 7433
f 7591 7433 7434
f 7592 7434 7435
f 7593 7435 7436
f 7594 7436 7437
f 7595 7437 7438
f 7596 7438 7439
f 7597 7439 7440
f 7598 7440 7441
f 7599 7441 7442
f 7600 7442 7443
f 7601 7443 7444
f 7602 7444 7445
f 7603 7445 7446
f 7604 7446 7447
f 7605 7447 7448
f 7606 7448 7449
f 7607 7449 7450
f 7608 7450 7451
f 7609 7451 7452
f 7610 7452 7453
f 7611 7453 7454
f 7612 7454 7455
f 7613 7455 7456
f 7614 7456 7457
f 7615 7457 7458
f 7616 7458 7459
f 7617 7459 7460
f 7618 7460 7461
f 7619 7461 7462
f 7620 7462 7463
f 7621 7463 7464
f 7622 7464 7465
f 7623 7465 7466
f 7624 7466 7467
f 7625 7467 7468
f 7626 7468 7469
f 7627 7469 7470
f 7628 7470 7471
f 7629 7471 7472
f 7630 7472 7473
f 7631 7473 7474
f 7632 7474 7475
f 7633 7475 7476
f 7634 7476 7477
f 7635 7477 7478
f 7636 7478 7479
f 7637 7479 7480
f 7638 7480 7481
f 7639 7481 7482
f 7640 7482 7483
f 7641 7483 7484
f 7642 7484 7485
f 7643 7485 7486
f 7644 7486 7487
f 7645 7487 7488
f 7646 7488 7489
f 7647 7489 7490
f 7648 7490 7491
f 7649 7491 7492
f 7650 7492 7493
f 7651 7493 7494
f 7652 7494 7495
f 7653 7495 7496
f 7654 7496 7497
f 7655 7497 7498
f 7656 7498 7499
f 7657 7499 7500
f 7658 7500 7501
f 7659 7501 7502
f 7660 7502 7503
f 7661 7503 7504
f 7662 7504 7505
f 7663 7505 7506
f 7664 7506 7507
f 7665 7507 7508
f 7666 7508 7509
f 7667 7509 7510
f 7668 7510 7511
f 7669 7511 7512
f 7670 7512 7513
f 7671 7513 7514
f 7672 7514 7515
f 7673 7515 7516
f 7674 7516 7517
f 7675 7517 7518
f 7676 7518 7519
f 7677 7519 7520
f 7678 7520 7521
f 7679 7521 7522
f 7680 7522 7523
f 7681 7523 7524
f 7682 7524 7525
f 7683 7525 7526
f 7684 7526 7527
f 7685 7527 7528
f 7686 7528 7529
f 7687 7529 7530
f 7688 7530 7531
f 7689 7531 7532
f 7690 7532 7533
f 7691 7533 7534
f 7692 7534 7535
f 7693 7535 7536
f 7694 7536 7537
f 7695 7537 7538
f 7696 7538 7539
f 7697 7539 7540
f 7698 7540 7541
f 7699 7541 7542
f 7700 7542 7543
f 7701 7543 7544
f 7702 7544 7545
f 7703 7545 7546
f 7704 7546 7547
f 7705 7547 7548
f 7706 7548 7549
f 7707 7549 7550
f 7708 7550 7551
f 7709 7551 7552
f 7710 7552 7553
f 7711 7553 7554
f 7712 7554 7555
f 7713 7555 7556
f 7714 7556 7557
f 7715 7557 7558
f 7716 7558 7559
f 7717 7559 7560
f 7718 7560 7561
f 7719 7561 7562
f 7720 7562 7563
f 7721 7563 7564
f 7722 7564 7565
f 7723 7565 7566
f 7724 7566 7567
f 7725 7567 7568
f 7726 7568 7569
f 7727 7569 7570
f 7728 7570 7571
f 7729 7571 7572
f 7730 7572 7573
f 7731 7573 7574
f 7732 7574 7575
f 7733 7575 7576
f 7734 7576 7577
f 7735 7577 7578
f 7736 7578 7579
f 7737 7579 7580
f 7738 7580 7581
f 7739 7581 7582
f 7740 7582 7583
f 7741 7583 7584
f 7742 7584 7585
f 7743 7588 7589
f 7744 7589 7590
f 7745 7590 7591
f 7746 7591 7592
f 7747 7592 7593
f 7748 7593 7594
f 7749 7594 7595
f 7750 7595 7596
f 7751 7596 7597
f 7752 7597 7598
f 7753 7598 7599
f 7754 7599 7600
f 7755 7600 7601
f 7756 7601 7602
f 7757 7602 7603
f 7758 7603 7604
f 7759 7604 7605
f 7760 7605 7606
f 7761 7606 7607
f 7762 7607 7608
f 7763 7608 7609
f 7764 7609 7610
f 7765 7610 7611
f 7766 7611 7612
f 7767 7612 7613
f 7768 7613 7614
f 7769 7614 7615
f 7770 7615 7616
f 7771 7616 7617
f 7772 7617 7618
f 7773 7618 7619
f 7774 7619 7620
f 7775 7620 7621
f 7776 7621 7622
f 7777 7622 7623
f 7778 7623 7624
f 7779 7624 7625
f 7780 7625 7626
f 7781 7626 7627
f 7782 7627 7628
f 7783 7628 7629
f 7784 7629 7630
f 7785 7630 7631
f 7786 7631 7632
f 7787 7632 7633
f 7788 7633 7634
f 7789 7634 7635
f 7790 7635 7636
f 7791 7636 7637
f 7792 7637 7638
f 7793 7638 7639
f 7794 7639 7640
f 7795 7640 7641
f 7796 7641 7642
f 7797 7642 7643
f 7798 7643 7644
f 7799 7644 7645
f 7800 7645 7646
f 7801 7646 7647
f 7802 7647 7648
f 7803 7648 7649
f 7804 7649 7650
f 7805 7650 7651
f 7806 7651 7652
f 7807 7652 7653
f 7808 7653 7654
f 7809 7654 7655
f 7810 7655 7656
f 7811 7656 7657
f 7812 7657 7658
f 7813 7658 7659
f 7814 7659 7660
f 7815 7660 7661
f 7816 7661 7662
f 7817 7662 7663
f 7818 7663 7664
f 7819 7664 7665
f 7820 7665 7666
f 7821 7666 7667
f 7822 7667 7668
f 7823 7668 7669
f 7824 7669 7670
f 7825 7670 7671
f 7826 7671 7672
f 7827 7672 7673
f 7828 7673 7674
f 7829 7674 7675
f 7830 7675 7676
f 7831 7676 7677
f 7832 7677 7678
f 7833 7678 7679
f 7834 7679 7680
f 7835 7680 7681
f 7836 7681 7682
f 7837 7682 7683
f 7838 7683 7684
f 7839 7684 7685
f 7840 7685 7686
f 7841 7686 7687
f 7842 7687 7688
f 7843 7688 7689
f 7844 7689 7690
f 7845 7690 7691
f 7846 7691 7692
f 7847 7692 7693
f 7848 7693 7694
f 7849 7694 7695
f 7850 7695 7696
f 7851 7696 7697
f 7852 7697 7698
f 7853 7698 7699
f 7854 7699 7700
f 7855 7700 7701
f 7856 7701 7702
f 7857 7702 7703
f 7858 7703 7704
f 7859 7704 7705
f 7860 7705 7706
f 7861 7706 7707
f 7862 7707 7708
f 7863 7708 7709
f 7864 7709 7710
f 7865 7710 7711
f 7866 7711 7712
f 7867 7712 7713
f 7868 7713 7714
f 7869 7714 7715
f 7870 7715 7716
f 7871 7716 7717
f 7872 7717 7718
f 7873 7718 7719
f 7874 7719 7720
f 7875 7720 7721
f 7876 7721 7722
f 7877 7722 7723
f 7878 7723 7724
f 7879 7724 7725
f 7880 7725 7726
f 7881 7726 7727
f 7882 7727 7728
f 7883 7728 7729
f 7884 7729 7730
f 7885 7730 7731
f 7886 7731 7732
f 7887 7732 7733
f 7888 7733 7734
f 7889 7734 7735
f 7890 7735 7736
f 7891 7736 7737
f 7892 7737 7738
f 7893 7738 7739
f 7894 7739 7740
f 7895 7740 7741
f 7896 7741 7742
f 7897 7742 7898
f 7899 7744 7745
f 7900 7745 7746
f 7901 7746 7747
f 7902 7747 7748
f 7903 7748 7749
f 7904 7749 7750
f 7905 7750 7751
f 7906 7751 7752
f 7907 7752 7753
f 7908 7753 7754
f 7909 7754 7755
f 7910 7755 7756
f 7911 7756 7757
f 7912 7757 7758
f 7913 7758 7759
f 7914 7759 7760
f 7915 7760 7761
f 7916 7761 7762
f 7917 7762 7763
f 7918 7763 7764
f 7919 7764 7765
f 7920 7765 7766
f 7921 7766 7767
f 7922 7767 7768
f 7923 7768 7769
f 7924 7769 7770
f 7925 7770 7771
f 7926 7771 7772
f 7927 7772 7773
f 7928 7773 7774
f 7929 7774 7775
f 7930 7775 7776
f 7931 7776 7777
f 7932 7777 7778
f 7933 7778 7779
f 7934 7779 7780
f 7935 7780 7781
f 7936 7781 7782
f 7937 7782 7783
f 7938 7783 7784
f 7939 7784 7785
f 7940 7785 7786
f 7941 7786 7787
f 7942 7787 7788
f 7943 7788 7789
f 7944 7789 7790
f 7945 7790 7791
f 7946 7791 7792
f 7947 7792 7793
f 7948 7793 7794
f 7949 7794 7795
f 7950 7795 7796
f 7951 7796 7797
f 7952 7797 7798
f 7953 7798 7799
f 7954 7799 7800
f 7955 7800 7801
f 7956 7801 7802
f 7957 7802 7803
f 7958 7803 7804
f 7959 7804 7805
f 7960 7805 7806
f 7961 7806 7807
f 7962 7807 7808
f 7963 7808 7809
f 7964 7809 7810
f 7965 7810 7811
f 7966 7811 7812
f 7967 7812 7813
f 7968 7813 7814
f 7969 7814 7815
f 7970 7815 7816
f 7971 7816 7817
f 7972 7817 7818
f 7973 7818 7819
f 7974 7819 7820
f 7975 7820 7821
f 7976 7821 7822
f 7977 7822 7823
f 7978 7823 7824
f 7979 7824 7825
f 7980 7825 7826
f 7981 7826 7827
f 7982 7827 7828
f 7983 7828 7829
f 7984 7829 7830
f 7985 7830 7831
f 7986 7831 7832
f 7987 7832 7833
f 7988 7833 7834
f 7989 7834 7835
f 7990 7835 7836
f 7991 7836 7837
f 7992 7837 7838
f 7993 7838 7839
f 7994 7839 7840
f 7995 7840 7841
f 7996 7841 7842
f 7997 7842 7843
f 7998 7843 7844
f 7999 7844 7845
f 8000 7845 7846
f 8001 7846 7847
f 8002 7847 7848
f 8003 7848 7849
f 8004 7849 7850
f 8005 7850 7851
f 8006 7851 7852
f 8007 7852 7853
f 8008 7853 7854
f 8009 7854 7855
f 8010 7855 7856
f 8011 7856 7857
f 8012 7857 7858
f 8013 7858 7859
f 8014 7859 7860
f 8015 7860 7861
f 8016 7861 7862
f 8017 7862 7863
f 8018 7863 7864
f 8019 7864 7865
f 8020 7865 7866
f 8021 7866 7867
f 8022 7867 7868
f 8023 7868 7869
f 8024 7869 7870
f 8025 7870 7871
f 8026 7871 7872
f 8027 7872 7873
f 8028 7873 7874
f 8029 7874 7875
f 8030 7875 7876
f 8031 7876 7877
f 8032 7877 7878
f 8033 7878 7879
f 8034 7879 7880
f 8035 7880 7881
f 8036 7881 7882
f 8037 7882 7883
f 8038 7883 7884
f 8039 7884 7885
f 8040 7885 7886
f 8041 7886 7887
f 8042 7887 7888
f 8043 7888 7889
f 8044 7889 7890
f 8045 7890 7891
f 8046 7891 7892
f 8047 7892 7893
f 8048 7893 7894
f 8049 7894 7895
f 8050 7895 7896
f 8051 7896 7897
f 8052 7901 7902
f 8053 7902 7903
f 8054 7903 7904
f 8055 7904 7905
f 8056 7905 7906
f 8057 7906 7907
f 8058 7907 7908
f 8059 7908 7909
f 8060 7909 7910
f 8061 7910 7911
f 8062 7911 7912
f 8063 7912 7913
f 8064 7913 7914
f 8065 7914 7915
f 8066 7915 7916
f 8067 7916 7917
f 8068 7917 7918
f 8069 7918 7919
f 8070 7919 7920
f 8071 7920 7921
f 8072 7921 7922
f 8073 7922 7923
f 8074 7923 7924
f 8075 7924 7925
f 8076 7925 7926
f 8077 7926 7927
f 8078 7927 7928
f 8079 7928 7929
f 8080 7929 7930
f 8081 7930 7931
f 8082 7931 7932
f 8083 7932 7933
f 8084 7933 7934
f 8085 7934 7935
f 8086 7935 7936
f 8087 7936 7937
f 8088 7937 7938
f 8089 7938 7939
f 8090 7939 7940
f 8091 7940 7941
f 8092 7941 7942
f 8093 7942 7943
f 8094 7943 7944
f 8095 7944 7945
f 8096 7945 7946
f 8097 7946 7947
f 8098 7947 7948
f 8099 7948 7949
f 8100 7949 7950
f 8101 7950 7951
f 8102 7951 7952
f 8103 7952 7953
f 8104 7953 7954
f 8105 7954 7955
f 8106 7955 7956
f 8107 7956 7957
f 8108 7957 7958
f 8109 7958 7959
f 8110 7959 7960
f 8111 7960 7961
f 8112 7961 7962
f 8113 7962 7963
f 8114 7963 7964
f 8115 7964 7965
f 8116 7965 7966
f 8117 7966 7967
f 8118 7967 7968
f 8119 7968 7969
f 8120 7969 7970
f 8121 7970 7971
f 8122 7971 7972
f 8123 7972 7973
f 8124 7973 7974
f 8125 7974 7975
f 8126 7975 7976
f 8127 7976 7977
f 8128 7977 7978
f 8129 7978 7979
f 8130 7979 7980
f 8131 7980 7981
f 8132 7981 7982
f 8133 7982 7983
f 8134 7983 7984
f 8135 7984 7985
f 8136 7985 7986
f 8137 7986 7987
f 8138 7987 7988
f 8139 7988 7989
f 8140 7989 7990
f 8141 7990 7991
f 8142 7991 7992
f 8143 7992 7993
f 8144 7993 7994
f 8145 7994 7995
f 8146 7995 7996
f 8147 7996 7997
f 8148 7997 7998
f 8149 7998 7999
f 8150 7999 8000
f 8151 8000 8001
f 8152 8001 8002
f 8153 8002 8003
f 8154 8003 8004
f 8155 8004 8005
f 8156 8005 8006
f 8157 8006 8007
f 8158 8007 8008
f 8159 8008 8009
f 8160 8009 8010
f 8161 8010 8011
f 8162 8011 8012
f 8163 8012 8013
f 8164 8013 8014
f 8165 8014 8015
f 8166 8015 8016
f 8167 8016 8017
f 8168 8017 8018
f 8169 8018 8019
f 8170 8019 8020
f 8171 8020 8021
f 8172 8021 8022
f 8173 8022 8023
f 8174 8023 8024
f 8175 8024 8025
f 8176 8025 8026
f 8177 8026 8027
f 8178 8027 8028
f 8179 8028 8029
f 8180 8029 8030
f 8181 8030 8031
f 8182 8031 8032
f 8183 8032 8033
f 8184 8033 8034
f 8185 8034 8035
f 8186 8035 8036
f 8187 8036 8037
f 8188 8037 8038
f 8189 8038 8039
f 8190 8039 8040
f 8191 8040 8041
f 8192 8041 8042
f 8193 8042 8043
f 8194 8043 8044
f 8195 8044 8045
f 8196 8045 8046
f 8197 8046 8047
f 8198 8047 8048
f 8199 8048 8049
f 8200 8049 8050
f 8201 8050 8051
f 8202 8054 8055
f 8203 8055 8056
f 8204 8056 8057
f 8205 8057 8058
f 8206 8058 8059
f 8207 8059 8060
f 8208 8060 8061
f 8209 8061 8062
f 8210 8062 8063
f 8211 8063 8064
f 8212 8064 8065
f 8213 8065 8066
f 8214 8066 8067
f 8215 8067 8068
f 8216 8068 8069
f 8217 8069 8070
f 8218 8070 8071
f 8219 8071 8072
f 8220 8072 8073
f 8221 8073 8074
f 8222 8074 8075
f 8223 8075 8076
f 8224 8076 8077
f 8225 8077 8078
f 8226 8078 8079
f 8227 8079 8080
f 8228 8080 8081
f 8229 8081 8082
f 8230 8082 8083
f 8231 8083 8084
f 8232 8084 8085
f 8233 8085 8086
f 8234 8086 8087
f 8235 8087 8088
f 8236 8088 8089
f 8237 8089 8090
f 8238 8090 8091
f 8239 8091 8092
f 8240 8092 8093
f 8241 8093 8094
f 8242 8094 8095
f 8243 8095 8096
f 8244 8096 8097
f 8245 8097 8098
f 8246 8098 8099
f 8247 8099 8100
f 8248 8100 8101
f 8249 8101 8102
f 8250 8102 8103
f 8251 8103 8104
f 8252 8104 8105
f 8253 8105 8106
f 8254 8106 8107
f 8255 8107 8108
f 8256 8108 8109
f 8257 8109 8110
f 8258 8110 8111
f 8259 8111 8112
f 8260 8112 8113
f 8261 8113 8114
f 8262 8114 8115
f 8263 8115 8116
f 8264 8116 8117
f 8265 8117 8118
f 8266 8118 8119
f 8267 8119 8120
f 8268 8120 8121
f 8269 8121 8122
f 8270 8122 8123
f 8271 8123 8124
f 8272 8124 8125
f 8273 8125 8126
f 8274 8126 8127
f 8275 8127 8128
f 8276 8128 8129
f 8277 8129 8130
f 8278 8130 8131
f 8279 8131 8132
f 8280 8132 8133
f 8281 8133 8134
f 8282 8134 8135
f 8283 8135 8136
f 8284 8136 8137
f 8285 8137 8138
f 8286 8138 8139
f 8287 8139 8140
f 8288 8140 8141
f 8289 8141 8142
f 8290 8142 8143
f 8291 8143 8144
f 8292 8144 8145
f 8293 8145 8146
f 8294 8146 8147
f 8295 8147 8148
f 8296 8148 8149
f 8297 8149 8150
f 8298 8150 8151
f 8299 8151 8152
f 8300 8152 8153
f 8301 8153 8154
f 8302 8154 8155
f 8303 8155 8156
f 8304 8156 8157
f 8305 8157 8158
f 8306 8158 8159
f 8307 8159 8160
f 8308 8160 8161
f 8309 8161 8162
f 8310 8162 8163
f 8311 8163 8164
f 8312 8164 8165
f 8313 8165 8166
f 8314 8166 8167
f 8315 8167 8168
f 8316 8168 8169
f 8317 8169 8170
f 8318 8170 8171
f 8319 8171 8172
f 8320 8172 8173
f 8321 8173 8174
f 8322 8174 8175
f 8323 8175 8176
f 8324 8176 8177
f 8325 8177 8178
f 8326 8178 8179
f 8327 8179 8180
f 8328 8180 8181
f 8329 8181 8182
f 8330 8182 8183
f 8331 8183 8184
f 8332 8184 8185
f 8333 8185 8186
f 8334 8186 8187
f 8335 8187 8188
f 8336 8188 8189
f 8337 8189 8190
f 8338 8190 8191
f 8339 8191 8192
f 8340 8192 8193
f 8341 8193 8194
f 8342 8194 8195
f 8343 8195 8196
f 8344 8196 8197
f 8345 8197 8198
f 8346 8198 8199
f 8347 8199 8200
f 8348 8200 8201
f 8349 8204 8205
f 8350 8205 8206
f 8351 8206 8207
f 8352 8207 8208
f 8353 8208 8209
f 8354 8209 8210
f 8355 8210 8211
f 8356 8211 8212
f 8357 8212 8213
f 8358 8213 8214
f 8359 8214 8215
f 8360 8215 8216
f 8361 8216 8217
f 8362 8217 8218
f 8363 8218 8219
f 8364 8219 8220
f 8365 8220 8221
f 8366 8221 8222
f 8367 8222 8223
f 8368 8223 8224
f 8369 8224 8225
f 8370 8225 8226
f 8371 8226 8227
f 8372 8227 8228
f 8373 8228 8229
f 8374 8229 8230
f 8375 8230 8231
f 8376 8231 8232
f 8377 8232 8233
f 8378 8233 8234
f 8379 8234 8235
f 8380 8235 8236
f 8381 8236 8237
f 8382 8237 8238
f 8383 8238 8239
f 8384 8239 8240
f 8385 8240 8241
f 8386 8241 8242
f 8387 8242 8243
f 8388 8243 8244
f 8389 8244 8245
f 8390 8245 8246
f 8391 8246 8247
f 8392 8247 8248
f 8393 8248 8249
f 8394 8249 8250
f 8395 8250 8251
f 8396 8251 8252
f 8397 8252 8253
f 8398 8253 8254
f 8399 8254 8255
f 8400 8255 8256
f 8401 8256 8257
f 8402 8257 8258
f 8403 8258 8259
f 8404 8259 8260
f 8405 8260 8261
f 8406 8261 8262
f 8407 8262 8263
f 8408 8263 8264
f 8409 8264 8265
f 8410 8265 8266
f 8411 8266 8267
f 8412 8267 8268
f 8413 8268 8269
f 8414 8269 8270
f 8415 8270 8271
f 8416 8271 8272
f 8417 8272 8273
f 8418 8273 8274
f 8419 8274 8275
f 8420 8275 8276
f 8421 8276 8277
f 8422 8277 8278
f 8423 8278 8279
f 8424 8279 8280
f 8425 8280 8281
f 8426 8281 8282
f 8427 8282 8283
f 8428 8283 8284
f 8429 8284 8285
f 8430 8285 8286
f 8431 8286 8287
f 8432 8287 8288
f 8433 8288 8289
f 8434 8289 8290
f 8435 8290 8291
f 8436 8291 8292
f 8437 8292 8293
f 8438 8293 8294
f 8439 8294 8295
f 8440 8295 8296
f 8441 8296 8297
f 8442 8297 8298
f 8443 8298 8299
f 8444 8299 8300
f 8445 8300 8301
f 8446 8301 8302
f 8447 8302 8303
f 8448 8303 8304
f 8449 8304 8305
f 8450 8305 8306
f 8451 8306 8307
f 8452 8307 8308
f 8453 8308 8309
f 8454 8309 8310
f 8455 8310 8311
f 8456 8311 8312
f 8457 8312 8313
f 8458 8313 8314
f 8459 8314 8315
f 8460 8315 8316
f 8461 8316 8317
f 8462 8317 8318
f 8463 8318 8319
f 8464 8319 8320
f 8465 8320 8321
f 8466 8321 8322
f 8467 8322 8323
f 8468 8323 8324
f 8469 8324 8325
f 8470 8325 8326
f 8471 8326 8327
f 8472 8327 8328
f 8473 8328 8329
f 8474 8329 8330
f 8475 8330 8331
f 8476 8331 8332
f 8477 8332 8333
f 8478 8333 8334
f 8479 8334 8335
f 8480 8335 8336
f 8481 8336 8337
f 8482 8337 8338
f 8483 8338 8339
f 8484 8339 8340
f 8485 8340 8341
f 8486 8341 8342
f 8487 8342 8343
f 8488 8343 8344
f 8489 8344 8345
f 8490 8345 8346
f 8491 8346 8347
f 8492 8347 8348
f 8493 8348 8494
f 8495 8350 8351
f 8496 8351 8352
f 8497 8352 8353
f 8498 8353 8354
f 8499 8354 8355
f 8500 8355 8356
f 8501 8356 8357
f 8502 8357 8358
f 8503 8358 8359
f 8504 8359 8360
f 8505 8360 8361
f 8506 8361 8362
f 8507 8362 8363
f 8508 8363 8364
f 8509 8364 8365
f 8510 8365 8366
f 8511 8366 8367
f 8512 8367 8368
f 8513 8368 8369
f 8514 8369 8370
f 8515 8370 8371
f 8516 8371 8372
f 8517 8372 8373
f 8518 8373 8374
f 8519 8374 8375
f 8520 8375 8376
f 8521 8376 8377
f 8522 8377 8378
f 8523 8378 8379
f 8524 8379 8380
f 8525 8380 8381
f 8526 8381 8382
f 8527 8382 8383
f 8528 8383 8384
f 8529 8384 8385
f 8530 8385 8386
f 8531 8386 8387
f 8532 8387 8388
f 8533 8388 8389
f 8534 8389 8390
f 8535 8390 8391
f 8536 8391 8392
f 8537 8392 8393
f 8538 8393 8394
f 8539 8394 8395
f 8540 8395 8396
f 8541 8396 8397
f 8542 8397 8398
f 8543 8398 8399
f 8544 8399 8400
f 8545 8400 8401
f 8546 8401 8402
f 8547 8402 8403
f 8548 8403 8404
f 8549 8404 8405
f 8550 8405 8406
f 8551 8406 8407
f 8552 8407 8408
f 8553 8408 8409
f 8554 8409 8410
f 8555 8410 8411
f 8556 8411 8412
f 8557 8412 8413
f 8558 8413 8414
f 8559 8414 8415
f 8560 8415 8416
f 8561 8416 8417
f 8562 8417 8418
f 8563 8418 8419
f 8564 8419 8420
f 8565 8420 8421
f 8566 8421 8422
f 8567 8422 8423
f 8568 8423 8424
f 8569 8424 8425
f 8570 8425 8426
f 8571 8426 8427
f 8572 8427 8428
f 8573 8428 8429
f 8574 8429 8430
f 8575 8430 8431
f 8576 8431 8432
f 8577 8432 8433
f 8578 8433 8434
f 8579 8434 8435
f 8580 8435 8436
f 8581 8436 8437
f 8582 8437 8438
f 8583 8438 8439
f 8584 8439 8440
f 8585 8440 8441
f 8586 8441 8442
f 8587 8442 8443
f 8588 8443 8444
f 8589 8444 8445
f 8590 8445 8446
f 8591 8446 8447
f 8592 8447 8448
f 8593 8448 8449
f 8594 8449 8450
f 8595 8450 8451
f 8596 8451 8452
f 8597 8452 8453
f 8598 8453 8454
f 8599 8454 8455
f 8600 8455 8456
f 8601 8456 8457
f 8602 8457 8458
f 8603 8458 8459
f 8604 8459 8460
f 8605 8460 8461
f 8606 8461 8462
f 8607 8462 8463
f 8608 8463 8464
f 8609 8464 8465
f 8610 8465 8466
f 8611 8466 8467
f 8612 8467 8468
f 8613 8468 8469
f 8614 8469 8470
f 8615 8470 8471
f 8616 8471 8472
f 8617 8472 8473
f 8618 8473 8474
f 8619 8474 8475
f 8620 8475 8476
f 8621 8476 8477
f 8622 8477 8478
f 8623 8478 8479
f 8624 8479 8480
f 8625 8480 8481
f 8626 8481 8482
f 8627 8482 8483
f 8628 8483 8484
f 8629 8484 8485
f 8630 8485 8486
f 8631 8486 8487
f 8632 8487 8488
f 8633 8488 8489
f 8634 8489 8490
f 8635 8490 8491
f 8636 8491 8492
f 8637 8492 8493
f 8638 8497 8498
f 8639 8498 8499
f 8640 8499 8500
f 8641 8500 8501
f 8642 8501 8502
f 8643 8502 8503
f 8644 8503 8504
f 8645 8504 8505
f 8646 8505 8506
f 8647 8506 8507
f 8648 8507 8508
f 8649 8508 8509
f 8650 8509 8510
f 8651 8510 8511
f 8652 8511 8512
f 8653 8512 8513
f 8654 8513 8514
f 8655 8514 8515
f 8656 8515 8516
f 8657 8516 8517
f 8658 8517 8518
f 8659 8518 8519
f 8660 8519 8520
f 8661 8520 8521
f 8662 8521 8522
f 8663 8522 8523
f 8664 8523 8524
f 8665 8524 8525
f 8666 8525 8526
f 8667 8526 8527
f 8668 8527 8528
f 8669 8528 8529
f 8670 8529 8530
f 8671 8530 8531
f 8672 8531 8532
f 8673 8532 8533
f 8674 8533 8534
f 8675 8534 8535
f 8676 8535 8536
f 8677 8536 8537
f 8678 8537 8538
f 8679 8538 8539
f 8680 8539 8540
f 8681 8540 8541
f 8682 8541 8542
f 8683 8542 8543
f 8684 8543 8544
f 8685 8544 8545
f 8686 8545 8546
f 8687 8546 8547
f 8688 8547 8548
f 8689 8548 8549
f 8690 8549 8550
f 8691 8550 8551
f 8692 8551 8552
f 8693 8552 8553
f 8694 8553 8554
f 8695 8554 8555
f 8696 8555 8556
f 8697 8556 8557
f 8698 8557 8558
f 8699 8558 8559
f 8700 8559 8560
f 8701 8560 8561
f 8702 8561 8562
f 8703 8562 8563
f 8704 8563 8564
f 8705 8564 8565
f 8706 8565 8566
f 8707 8566 8567
f 8708 8567 8568
f 8709 8568 8569
f 8710 8569 8570
f 8711 8570 8571
f 8712 8571 8572
f 8713 8572 8573
f 8714 8573 8574
f 8715 8574 8575
f 8716 8575 8576
f 8717 8576 8577
f 8718 8577 8578
f 8719 8578 8579
f 8720 8579 8580
f 8721 8580 8581
f 8722 8581 8582
f 8723 8582 8583
f 8724 8583 8584
f 8725 8584 8585
f 8726 8585 8586
f 8727 8586 8587
f 8728 8587 8588
f 8729 8588 8589
f 8730 8589 8590
f 8731 8590 8591
f 8732 8591 8592
f 8733 8592 8593
f 8734 8593 8594
f 8735 8594 8595
f 8736 8595 8596
f 8737 8596 8597
f 8738 8597 8598
f 8739 8598 8599
f 8740 8599 8600
f 8741 8600 8601
f 8742 8601 8602
f 8743 8602 8603
f 8744 8603 8604
f 8745 8604 8605
f 8746 8605 8606
f 8747 8606 8607
f 8748 8607 8608
f 8749 8608 8609
f 8750 8609 8610
f 8751 8610 8611
f 8752 8611 8612
f 8753 8612 8613
f 8754 8613 8614
f 8755 8614 8615
f 8756 8615 8616
f 8757 8616 8617
f 8758 8617 8618
f 8759 8618 8619
f 8760 8619 8620
f 8761 8620 8621
f 8762 8621 8622
f 8763 8622 8623
f 8764 8623 8624
f 8765 8624 8625
f 8766 8625 8626
f 8767 8626 8627
f 8768 8627 8628
f 8769 8628 8629
f 8770 8629 8630
f 8771 8630 8631
f 8772 8631 8632
f 8773 8632 8633
f 8774 8633 8634
f 8775 8634 8635
f 8776 8635 8636
f 8777 8636 8637
f 8778 8639 8640
f 8779 8640 8641
f 8780 8641 8642
f 8781 8642 8643
f 8782 8643 8644
f 8783 8644 8645
f 8784 8645 8646
f 8785 8646 8647
f 8786 8647 8648
f 8787 8648 8649
f 8788 8649 8650
f 8789 8650 8651
f 8790 8651 8652
f 8791 8652 8653
f 8792 8653 8654
f 8793 8654 8655
f 8794 8655 8656
f 8795 8656 8657
f 8796 8657 8658
f 8797 8658 8659
f 8798 8659 8660
f 8799 8660 8661
f 8800 8661 8662
f 8801 8662 8663
f 8802 8663 8664
f 8803 8664 8665
f 8804 8665 8666
f 8805 8666 8667
f 8806 8667 8668
f 8807 8668 8669
f 8808 8669 8670
f 8809 8670 8671
f 8810 8671 8672
f 8811 8672 8673
f 8812 8673 8674
f 8813 8674 8675
f 8814 8675 8676
f 8815 8676 8677
f 8816 8677 8678
f 8817 8678 8679
f 8818 8679 8680
f 8819 8680 8681
f 8820 8681 8682
f 8821 8682 8683
f 8822 8683 8684
f 8823 8684 8685
f 8824 8685 8686
f 8825 8686 8687
f 8826 8687 8688
f 8827 8688 8689
f 8828 8689 8690
f 8829 8690 8691
f 8830 8691 8692
f 8831 8692 8693
f 8832 8693 8694
f 8833 8694 8695
f 8834 8695 8696
f 8835 8696 8697
f 8836 8697 8698
f 8837 8698 8699
f 8838 8699 8700
f 8839 8700 8701
f 8840 8701 8702
f 8841 8702 8703
f 8842 8703 8704
f 8843 8704 8705
f 8844 8705 8706
f 8845 8706 8707
f 8846 8707 8708
f 8847 8708 8709
f 8848 8709 8710
f 8849 8710 8711
f 8850 8711 8712
f 8851 8712 8713
f 8852 8713 8714
f 8853 8714 8715
f 8854 8715 8716
f 8855 8716 8717
f 8856 8717 8718
f 8857 8718 8719
f 8858 8719 8720
f 8859 8720 8721
f 8860 8721 8722
f 8861 8722 8723
f 8862 8723 8724
f 8863 8724 8725
f 8864 8725 8726
f 8865 8726 8727
f 8866 8727 8728
f 8867 8728 8729
f 8868 8729 8730
f 8869 8730 8731
f 8870 8731 8732
f 8871 8732 8733
f 8872 8733 8734
f 8873 8734 8735
f 8874 8735 8736
f 8875 8736 8737
f 8876 8737 8738
f 8877 8738 8739
f 8878 8739 8740
f 8879 8740 8741
f 8880 8741 8742
f 8881 8742 8743
f 8882 8743 8744
f 8883 8744 8745
f 8884 8745 8746
f 8885 8746 8747
f 8886 8747 8748
f 8887 8748 8749
f 8888 8749 8750
f 8889 8750 8751
f 8890 8751 8752
f 8891 8752 8753
f 8892 8753 8754
f 8893 8754 8755
f 8894 8755 8756
f 8895 8756 8757
f 8896 8757 8758
f 8897 8758 8759
f 8898 8759 8760
f 8899 8760 8761
f 8900 8761 8762
f 8901 8762 8763
f 8902 8763 8764
f 8903 8764 8765
f 8904 8765 8766
f 8905 8766 8767
f 8906 8767 8768
f 8907 8768 8769
f 8908 8769 8770
f 8909 8770 8771
f 8910 8771 8772
f 8911 8772 8773
f 8912 8773 8774
f 8913 8774 8775
f 8914 8775 8776
f 8915 8776 8777
f 8916 8777 8917
f 8918 8780 8781
f 8919 8781 8782
f 8920 8782 8783
f 8921 8783 8784
f 8922 8784 8785
f 8923 8785 8786
f 8924 8786 8787
f 8925 8787 8788
f 8926 8788 8789
f 8927 8789 8790
f 8928 8790 8791
f 8929 8791 8792
f 8930 8792 8793
f 8931 8793 8794
f 8932 8794 8795
f 8933 8795 8796
f 8934 8796 8797
f 8935 8797 8798
f 8936 8798 8799
f 8937 8799 8800
f 8938 8800 8801
f 8939 8801 8802
f 8940 8802 8803
f 8941 8803 8804
f 8942 8804 8805
f 8943 8805 8806
f 8944 8806 8807
f 8945 8807 8808
f 8946 8808 8809
f 8947 8809 8810
f 8948 8810 8811
f 8949 8811 8812
f 8950 8812 8813
f 8951 8813 8814
f 8952 8814 8815
f 8953 8815 8816
f 8954 8816 8817
f 8955 8817 8818
f 8956 8818 8819
f 8957 8819 8820
f 8958 8820 8821
f 8959 8821 8822
f 8960 8822 8823
f 8961 8823 8824
f 8962 8824 8825
f 8963 8825 8826
f 8964 8826 8827
f 8965 8827 8828
f 8966 8828 8829
f 8967 8829 8830
f 8968 8830 8831
f 8969 8831 8832
f 8970 8832 8833
f 8971 8833 8834
f 8972 8834 8835
f 8973 8835 8836
f 8974 8836 8837
f 8975 8837 8838
f 8976 8838 8839
f 8977 8839 8840
f 8978 8840 8841
f 8979 8841 8842
f 8980 8842 8843
f 8981 8843 8844
f 8982 8844 8845
f 8983 8845 8846
f 8984 8846 8847
f 8985 8847 8848
f 8986 8848 8849
f 8987 8849 8850
f 8988 8850 8851
f 8989 8851 8852
f 8990 8852 8853
f 8991 8853 8854
f 8992 8854 8855
f 8993 8855 8856
f 8994 8856 8857
f 8995 8857 8858
f 8996 8858 8859
f 8997 8859 8860
f 8998 8860 8861
f 8999 8861 8862
f 9000 8862 8863
f 9001 8863 8864
f 9002 8864 8865
f 9003 8865 8866
f 9004 8866 8867
f 9005 8867 8868
f 9006 8868 8869
f 9007 8869 8870
f 9008 8870 8871
f 9009 8871 8872
f 9010 8872 8873
f 9011 8873 8874
f 9012 8874 8875
f 9013 8875 8876
f 9014 8876 8877
f 9015 8877 8878
f 9016 8878 8879
f 9017 8879 8880
f 9018 8880 8881
f 9019 8881 8882
f 9020 8882 8883
f 9021 8883 8884
f 9022 8884 8885
f 9023 8885 8886
f 9024 8886 8887
f 9025 8887 8888
f 9026 8888 8889
f 9027 8889 8890
f 9028 8890 8891
f 9029 8891 8892
f 9030 8892 8893
f 9031 8893 8894
f 9032 8894 8895
f 9033 8895 8896
f 9034 8896 8897
f 9035 8897 8898
f 9036 8898 8899
f 9037 8899 8900
f 9038 8900 8901
f 9039 8901 8902
f 9040 8902 8903
f 9041 8903 8904
f 9042 8904 8905
f 9043 8905 8906
f 9044 8906 8907
f 9045 8907 8908
f 9046 8908 8909
f 9047 8909 8910
f 9048 8910 8911
f 9049 8911 8912
f 9050 8912 8913
f 9051 8913 8914
f 9052 8914 8915
f 9053 8915 8916
f 9054 8919 8920
f 9055 8920 8921
f 9056 8921 8922
f 9057 8922 8923
f 9058 8923 8924
f 9059 8924 8925
f 9060 8925 8926
f 9061 8926 8927
f 9062 8927 8928
f 9063 8928 8929
f 9064 8929 8930
f 9065 8930 8931
f 9066 8931 8932
f 9067 8932 8933
f 9068 8933 8934
f 9069 8934 8935
f 9070 8935 8936
f 9071 8936 8937
f 9072 8937 8938
f 9073 8938 8939
f 9074 8939 8940
f 9075 8940 8941
f 9076 8941 8942
f 9077 8942 8943
f 9078 8943 8944
f 9079 8944 8945
f 9080 8945 8946
f 9081 8946 8947
f 9082 8947 8948
f 9083 8948 8949
f 9084 8949 8950
f 9085 8950 8951
f 9086 8951 8952
f 9087 8952 8953
f 9088 8953 8954
f 9089 8954 8955
f 9090 8955 8956
f 9091 8956 8957
f 9092 8957 8958
f 9093 8958 8959
f 9094 8959 8960
f 9095 8960 8961
f 9096 8961 8962
f 9097 8962 8963
f 9098 8963 8964
f 9099 8964 8965
f 9100 8965 8966
f 9101 8966 8967
f 9102 8967 8968
f 9103 8968 8969
f 9104 8969 8970
f 9105 8970 8971
f 9106 8971 8972
f 9107 8972 8973
f 9108 8973 8974
f 9109 8974 8975
f 9110 8975 8976
f 9111 8976 8977
f 9112 8977 8978
f 9113 8978 8979
f 9114 8979 8980
f 9115 8980 8981
f 9116 8981 8982
f 9117 8982 8983
f 9118 8983 8984
f 9119 8984 8985
f 9120 8985 8986
f 9121 8986 8987
f 9122 8987 8988
f 9123 8988 8989
f 9124 8989 8990
f 9125 8990 8991
f 9126 8991 8992
f 9127 8992 8993
f 9128 8993 8994
f 9129 8994 8995
f 9130 8995 8996
f 9131 8996 8997
f 9132 8997 8998
f 9133 8998 8999
f 9134 8999 9000
f 9135 9000 9001
f 9136 9001 9002
f 9137 9002 9003
f 9138 9003 9004
f 9139 9004 9005
f 9140 9005 9006
f 9141 9006 9007
f 9142 9007 9008
f 9143 9008 9009
f 9144 9009 9010
f 9145 9010 9011
f 9146 9011 9012
f 9147 9012 9013
f 9148 9013 9014
f 9149 9014 9015
f 9150 9015 9016
f 9151 9016 9017
f 9152 9017 9018
f 9153 9018 9019
f 9154 9019 9020
f 9155 9020 9021
f 9156 9021 9022
f 9157 9022 9023
f 9158 9023 9024
f 9159 9024 9025
f 9160 9025 9026
f 9161 9026 9027
f 9162 9027 9028
f 9163 9028 9029
f 9164 9029 9030
f 9165 9030 9031
f 9166 9031 9032
f 9167 9032 9033
f 9168 9033 9034
f 9169 9034 9035
f 9170 9035 9036
f 9171 9036 9037
f 9172 9037 9038
f 9173 9038 9039
f 9174 9039 9040
f 9175 9040 9041
f 9176 9041 9042
f 9177 9042 9043
f 9178 9043 9044
f 9179 9044 9045
f 9180 9045 9046
f 9181 9046 9047
f 9182 9047 9048
f 9183 9048 9049
f 9184 9049 9050
f 9185 9050 9051
f 9186 9051 9052
f 9187 9052 9053
f 9188 9056 9057
f 9189 9057 9058
f 9190 9058 9059
f 9191 9059 9060
f 9192 9060 9061
f 9193 9061 9062
f 9194 9062 9063
f 9195 9063 9064
f 9196 9064 9065
f 9197 9065 9066
f 9198 9066 9067
f 9199 9067 9068
f 9200 9068 9069
f 9201 9069 9070
f 9202 9070 9071
f 9203 9071 9072
f 9204 9072 9073
f 9205 9073 9074
f 9206 9074 9075
f 9207 9075 9076
f 9208 9076 9077
f 9209 9077 9078
f 9210 9078 9079
f 9211 9079 9080
f 9212 9080 9081
f 9213 9081 9082
f 9214 9082 9083
f 9215 9083 9084
f 9216 9084 9085
f 9217 9085 9086
f 9218 9086 9087
f 9219 9087 9088
f 9220 9088 9089
f 9221 9089 9090
f 9222 9090 9091
f 9223 9091 9092
f 9224 9092 9093
f 9225 9093 9094
f 9226 9094 9095
f 9227 9095 9096
f 9228 9096 9097
f 9229 9097 9098
f 9230 9098 9099
f 9231 9099 9100
f 9232 9100 9101
f 9233 9101 9102
f 9234 9102 9103
f 9235 9103 9104
f 9236 9104 9105
f 9237 9105 9106
f 9238 9106 9107
f 9239 9107 9108
f 9240 9108 9109
f 9241 9109 9110
f 9242 9110 9111
f 9243 9111 9112
f 9244 9112 9113
f 9245 9113 9114
f 9246 9114 9115
f 9247 9115 9116
f 9248 9116 9117
f 9249 9117 9118
f 9250 9118 9119
f 9251 9119 9120
f 9252 9120 9121
f 9253 9121 9122
f 9254 9122 9123
f 9255 9123 9124
f 9256 9124 9125
f 9257 9125 9126
f 9258 9126 9127
f 9259 9127 9128
f 9260 9128 9129
f 9261 9129 9130
f 9262 9130 9131
f 9263 9131 9132
f 9264 9132 9133
f 9265 9133 9134
f 9266 9134 9135
f 9267 9135 9136
f 9268 9136 9137
f 9269 9137 9138
f 9270 9138 9139
f 9271 9139 9140
f 9272 9140 9141
f 9273 9141 9142
f 9274 9142 9143
f 9275 9143 9144
f 9276 9144 9145
f 9277 9145 9146
f 9278 9146 9147
f 9279 9147 9148
f 9280 9148 9149
f 9281 9149 9150
f 9282 9150 9151
f 9283 9151 9152
f 9284 9152 9153
f 9285 9153 9154
f 9286 9154 9155
f 9287 9155 9156
f 9288 9156 9157
f 9289 9157 9158
f 9290 9158 9159
f 9291 9159 9160
f 9292 9160 9161
f 9293 9161 9162
f 9294 9162 9163
f 9295 9163 9164
f 9296 9164 9165
f 9297 9165 9166
f 9298 9166 9167
f 9299 9167 9168
f 9300 9168 9169
f 9301 9169 9170
f 9302 9170 9171
f 9303 9171 9172
f 9304 9172 9173
f 9305 9173 9174
f 9306 9174 9175
f 9307 9175 9176
f 9308 9176 9177
f 9309 9177 9178
f 9310 9178 9179
f 9311 9179 9180
f 9312 9180 9181
f 9313 9181 9182
f 9314 9182 9183
f 9315 9183 9184
f 9316 9184 9185
f 9317 9185 9186
f 9318 9186 9187
f 9319 9187 9320
f 9321 9189 9190
f 9322 9190 9191
f 9323 9191 9192
f 9324 9192 9193
f 9325 9193 9194
f 9326 9194 9195
f 9327 9195 9196
f 9328 9196 9197
f 9329 9197 9198
f 9330 9198 9199
f 9331 9199 9200
f 9332 9200 9201
f 9333 9201 9202
f 9334 9202 9203
f 9335 9203 9204
f 9336 9204 9205
f 9337 9205 9206
f 9338 9206 9207
f 9339 9207 9208
f 9340 9208 9209
f 9341 9209 9210
f 9342 9210 9211
f 9343 9211 9212
f 9344 9212 9213
f 9345 9213 9214
f 9346 9214 9215
f 9347 9215 9216
f 9348 9216 9217
f 9349 9217 9218
f 9350 9218 9219
f 9351 9219 9220
f 9352 9220 9221
f 9353 9221 9222
f 9354 9222 9223
f 9355 9223 9224
f 9356 9224 9225
f 9357 9225 9226
f 9358 9226 9227
f 9359 9227 9228
f 9360 9228 9229
f 9361 9229 9230
f 9362 9230 9231
f 9363 9231 9232
f 9364 9232 9233
f 9365 9233 9234
f 9366 9234 9235
f 9367 9235 9236
f 9368 9236 9237
f 9369 9237 9238
f 9370 9238 9239
f 9371 9239 9240
f 9372 9240 9241
f 9373 9241 9242
f 9374 9242 9243
f 9375 9243 9244
f 9376 9244 9245
f 9377 9245 9246
f 9378 9246 9247
f 9379 9247 9248
f 9380 9248 9249
f 9381 9249 9250
f 9382 9250 9251
f 9383 9251 9252
f 9384 9252 9253
f 9385 9253 9254
f 9386 9254 9255
f 9387 9255 9256
f 9388 9256 9257
f 9389 9257 9258
f 9390 9258 9259
f 9391 9259 9260
f 9392 9260 9261
f 9393 9261 9262
f 9394 9262 9263
f 9395 9263 9264
f 9396 9264 9265
f 9397 9265 9266
f 9398 9266 9267
f 9399 9267 9268
f 9400 9268 9269
f 9401 9269 9270
f 9402 9270 9271
f 9403 9271 9272
f 9404 9272 9273
f 9405 9273 9274
f 9406 9274 9275
f 9407 9275 9276
f 9408 9276 9277
f 9409 9277 9278
f 9410 9278 9279
f 9411 9279 9280
f 9412 9280 9281
f 9413 9281 9282
f 9414 9282 9283
f 9415 9283 9284
f 9416 9284 9285
f 9417 9285 9286
f 9418 9286 9287
f 9419 9287 9288
f 9420 9288 9289
f 9421 9289 9290
f 9422 9290 9291
f 9423 9291 9292
f 9424 9292 9293
f 9425 9293 9294
f 9426 9294 9295
f 9427 9295 9296
f 9428 9296 9297
f 9429 9297 9298
f 9430 9298 9299
f 9431 9299 9300
f 9432 9300 9301
f 9433 9301 9302
f 9434 9302 9303
f 9435 9303 9304
f 9436 9304 9305
f 9437 9305 9306
f 9438 9306 9307
f 9439 9307 9308
f 9440 9308 9309
f 9441 9309 9310
f 9442 9310 9311
f 9443 9311 9312
f 9444 9312 9313
f 9445 9313 9314
f 9446 9314 9315
f 9447 9315 9316
f 9448 9316 9317
f 9449 9317 9318
f 9450 9318 9319
f 9451 9323 9324
f 9452 9324 9325
f 9453 9325 9326
f 9454 9326 9327
f 9455 9327 9328
f 9456 9328 9329
f 9457 9329 9330
f 9458 9330 9331
f 9459 9331 9332
f 9460 9332 9333
f 9461 9333 9334
f 9462 9334 9335
f 9463 9335 9336
f 9464 9336 9337
f 9465 9337 9338
f 9466 9338 9339
f 9467 9339 9340
f 9468 9340 9341
f 9469 9341 9342
f 9470 9342 9343
f 9471 9343 9344
f 9472 9344 9345
f 9473 9345 9346
f 9474 9346 9347
f 9475 9347 9348
f 9476 9348 9349
f 9477 9349 9350
f 9478 9350 9351
f 9479 9351 9352
f 9480 9352 9353
f 9481 9353 9354
f 9482 9354 9355
f 9483 9355 9356
f 9484 9356 9357
f 9485 9357 9358
f 9486 9358 9359
f 9487 9359 9360
f 9488 9360 9361
f 9489 9361 9362
f 9490 9362 9363
f 9491 9363 9364
f 9492 9364 9365
f 9493 9365 9366
f 9494 9366 9367
f 9495 9367 9368
f 9496 9368 9369
f 9497 9369 9370
f 9498 9370 9371
f 9499 9371 9372
f 9500 9372 9373
f 9501 9373 9374
f 9502 9374 9375
f 9503 9375 9376
f 9504 9376 9377
f 9505 9377 9378
f 9506 9378 9379
f 9507 9379 9380
f 9508 9380 9381
f 9509 9381 9382
f 9510 9382 9383
f 9511 9383 9384
f 9512 9384 9385
f 9513 9385 9386
f 9514 9386 9387
f 9515 9387 9388
f 9516 9388 9389
f 9517 9389 9390
f 9518 9390 9391
f 9519 9391 9392
f 9520 9392 9393
f 9521 9393 9394
f 9522 9394 9395
f 9523 9395 9396
f 9524 9396 9397
f 9525 9397 9398
f 9526 9398 9399
f 9527 9399 9400
f 9528 9400 9401
f 9529 9401 9402
f 9530 9402 9403
f 9531 9403 9404
f 9532 9404 9405
f 9533 9405 9406
f 9534 9406 9407
f 9535 9407 9408
f 9536 9408 9409
f 9537 9409 9410
f 9538 9410 9411
f 9539 9411 9412
f 9540 9412 9413
f 9541 9413 9414
f 9542 9414 9415
f 9543 9415 9416
f 9544 9416 9417
f 9545 9417 9418
f 9546 9418 9419
f 9547 9419 9420
f 9548 9420 9421
f 9549 9421 9422
f 9550 9422 9423
f 9551 9423 9424
f 9552 9424 9425
f 9553 9425 9426
f 9554 9426 9427
f 9555 9427 9428
f 9556 9428 9429
f 9557 9429 9430
f 9558 9430 9431
f 9559 9431 9432
f 9560 9432 9433
f 9561 9433 9434
f 9562 9434 9435
f 9563 9435 9436
f 9564 9436 9437
f 9565 9437 9438
f 9566 9438 9439
f 9567 9439 9440
f 9568 9440 9441
f 9569 9441 9442
f 9570 9442 9443
f 9571 9443 9444
f 9572 9444 9445
f 9573 9445 9446
f 9574 9446 9447
f 9575 9447 9448
f 9576 9448 9449
f 9577 9449 9450
f 9450 9578 9579
f 9580 9452 9453
f 9581 9453 9454
f 9582 9454 9455
f 9583 9455 9456
f 9584 9456 9457
f 9585 9457 9458
f 9586 9458 9459
f 9587 9459 9460
f 9588 9460 9461
f 9589 9461 9462
f 9590 9462 9463
f 9591 9463 9464
f 9592 9464 9465
f 9593 9465 9466
f 9594 9466 9467
f 9595 9467 9468
f 9596 9468 9469
f 9597 9469 9470
f 9598 9470 9471
f 9599 9471 9472
f 9600 9472 9473
f 9601 9473 9474
f 9602 9474 9475
f 9603 9475 9476
f 9604 9476 9477
f 9605 9477 9478
f 9606 9478 9479
f 9607 9479 9480
f 9608 9480 9481
f 9609 9481 9482
f 9610 9482 9483
f 9611 9483 9484
f 9612 9484 9485
f 9613 9485 9486
f 9614 9486 9487
f 9615 9487 9488
f 9616 9488 9489
f 9617 9489 9490
f 9618 9490 9491
f 9619 9491 9492
f 9620 9492 9493
f 9621 9493 9494
f 9622 9494 9495
f 9623 9495 9496
f 9624 9496 9497
f 9625 9497 9498
f 9626 9498 9499
f 9627 9499 9500
f 9628 9500 9501
f 9629 9501 9502
f 9630 9502 9503
f 9631 9503 9504
f 9632 9504 9505
f 9633 9505 9506
f 9634 9506 9507
f 9635 9507 9508
f 9636 9508 9509
f 9637 9509 9510
f 9638 9510 9511
f 9639 9511 9512
f 9640 9512 9513
f 9641 9513 9514
f 9642 9514 9515
f 9643 9515 9516
f 9644 9516 9517
f 9645 9517 9518
f 9646 9518 9519
f 9647 9519 9520
f 9648 9520 9521
f 9649 9521 9522
f 9650 9522 9523
f 9651 9523 9524
f 9652 9524 9525
f 9653 9525 9526
f 9654 9526 9527
f 9655 9527 9528
f 9656 9528 9529
f 9657 9529 9530
f 9658 9530 9531
f 9659 9531 9532
f 9660 9532 9533
f 9661 9533 9534
f 9662 9534 9535
f 9663 9535 9536
f 9664 9536 9537
f 9665 9537 9538
f 9666 9538 9539
f 9667 9539 9540
f 9668 9540 9541
f 9669 9541 9542
f 9670 9542 9543
f 9671 9543 9544
f 9672 9544 9545
f 9673 9545 9546
f 9674 9546 9547
f 9675 9547 9548
f 9676 9548 9549
f 9677 9549 9550
f 9678 9550 9551
f 9679 9551 9552
f 9680 9552 9553
f 9681 9553 9554
f 9682 9554 9555
f 9683 9555 9556
f 9684 9556 9557
f 9685 9557 9558
f 9686 9558 9559
f 9687 9559 9560
f 9688 9560 9561
f 9689 9561 9562
f 9690 9562 9563
f 9691 9563 9564
f 9692 9564 9565
f 9693 9565 9566
f 9694 9566 9567
f 9695 9567 9568
f 9696 9568 9569
f 9697 9569 9570
f 9698 9570 9571
f 9699 9571 9572
f 9700 9572 9573
f 9701 9573 9574
f 9702 9574 9575
f 9703 9575 9576
f 9704 9576 9577
f 9705 9577 9706
f 9707 9582 9583
f 9708 9583 9584
f 9709 9584 9585
f 9710 9585 9586
f 9711 9586 9587
f 9712 9587 9588
f 9713 9588 9589
f 9714 9589 9590
f 9715 9590 9591
f 9716 9591 9592
f 9717 9592 9593
f 9718 9593 9594
f 9719 9594 9595
f 9720 9595 9596
f 9721 9596 9597
f 9722 9597 9598
f 9723 9598 9599
f 9724 9599 9600
f 9725 9600 9601
f 9726 9601 9602
f 9727 9602 9603
f 9728 9603 9604
f 9729 9604 9605
f 9730 9605 9606
f 9731 9606 9607
f 9732 9607 9608
f 9733 9608 9609
f 9734 9609 9610
f 9735 9610 9611
f 9736 9611 9612
f 9737 9612 9613
f 9738 9613 9614
f 9739 9614 9615
f 9740 9615 9616
f 9741 9616 9617
f 9742 9617 9618
f 9743 9618 9619
f 9744 9619 9620
f 9745 9620 9621
f 9746 9621 9622
f 9747 9622 9623
f 9748 9623 9624
f 9749 9624 9625
f 9750 9625 9626
f 9751 9626 9627
f 9752 9627 9628
f 9753 9628 9629
f 9754 9629 9630
f 9755 9630 9631
f 9756 9631 9632
f 9757 9632 9633
f 9758 9633 9634
f 9759 9634 9635
f 9760 9635 9636
f 9761 9636 9637
f 9762 9637 9638
f 9763 9638 9639
f 9764 9639 9640
f 9765 9640 9641
f 9766 9641 9642
f 9767 9642 9643
f 9768 9643 9644
f 9769 9644 9645
f 9770 9645 9646
f 9771 9646 9647
f 9772 9647 9648
f 9773 9648 9649
f 9774 9649 9650
f 9775 9650 9651
f 9776 9651 9652
f 9777 9652 9653
f 9778 9653 9654
f 9779 9654 9655
f 9780 9655 9656
f 9781 9656 9657
f 9782 9657 9658
f 9783 9658 9659
f 9784 9659 9660
f 9785 9660 9661
f 9786 9661 9662
f 9787 9662 9663
f 9788 9663 9664
f 9789 9664 9665
f 9790 9665 9666
f 9791 9666 9667
f 9792 9667 9668
f 9793 9668 9669
f 9794 9669 9670
f 9795 9670 9671
f 9796 9671 9672
f 9797 9672 9673
f 9798 9673 9674
f 9799 9674 9675
f 9800 9675 9676
f 9801 9676 9677
f 9802 9677 9678
f 9803 9678 9679
f 9804 9679 9680
f 9805 9680 9681
f 9806 9681 9682
f 9807 9682 9683
f 9808 9683 9684
f 9809 9684 9685
f 9810 9685 9686
f 9811 9686 9687
f 9812 9687 9688
f 9813 9688 9689
f 9814 9689 9690
f 9815 9690 9691
f 9816 9691 9692
f 9817 9692 9693
f 9818 9693 9694
f 9819 9694 9695
f 9820 9695 9696
f 9821 9696 9697
f 9822 9697 9698
f 9823 9698 9699
f 9824 9699 9700
f 9825 9700 9701
f 9826 9701 9702
f 9827 9702 9703
f 9828 9703 9704
f 9829 9704 9705
f 9830 9708 9709
f 9831 9709 9710
f 9832 9710 9711
f 9833 9711 9712
f 9834 9712 9713
f 9835 9713 9714
f 9836 9714 9715
f 9837 9715 9716
f 9838 9716 9717
f 9839 9717 9718
f 9840 9718 9719
f 9841 9719 9720
f 9842 9720 9721
f 9843 9721 9722
f 9844 9722 9723
f 9845 9723 9724
f 9846 9724 9725
f 9847 9725 9726
f 9848 9726 9727
f 9849 9727 9728
f 9850 9728 9729
f 9851 9729 9730
f 9852 9730 9731
f 9853 9731 9732
f 9854 9732 9733
f 9855 9733 9734
f 9856 9734 9735
f 9857 9735 9736
f 9858 9736 9737
f 9859 9737 9738
f 9860 9738 9739
f 9861 9739 9740
f 9862 9740 9741
f 9863 9741 9742
f 9864 9742 9743
f 9865 9743 9744
f 9866 9744 9745
f 9867 9745 9746
f 9868 9746 9747
f 9869 9747 9748
f 9870 9748 9749
f 9871 9749 9750
f 9872 9750 9751
f 9873 9751 9752
f 9874 9752 9753
f 9875 9753 9754
f 9876 9754 9755
f 9877 9755 9756
f 9878 9756 9757
f 9879 9757 9758
f 9880 9758 9759
f 9881 9759 9760
f 9882 9760 9761
f 9883 9761 9762
f 9884 9762 9763
f 9885 9763 9764
f 9886 9764 9765
f 9887 9765 9766
f 9888 9766 9767
f 9889 9767 9768
f 9890 9768 9769
f 9891 9769 9770
f 9892 9770 9771
f 9893 9771 9772
f 9894 9772 9773
f 9895 9773 9774
f 9896 9774 9775
f 9897 9775 9776
f 9898 9776 9777
f 9899 9777 9778
f 9900 9778 9779
f 9901 9779 9780
f 9902 9780 9781
f 9903 9781 9782
f 9904 9782 9783
f 9905 9783 9784
f 9906 9784 9785
f 9907 9785 9786
f 9908 9786 9787
f 9909 9787 9788
f 9910 9788 9789
f 9911 9789 9790
f 9912 9790 9791
f 9913 9791 9792
f 9914 9792 9793
f 9915 9793 9794
f 9916 9794 9795
f 9917 9795 9796
f 9918 9796 9797
f 9919 9797 9798
f 9920 9798 9799
f 9921 9799 9800
f 9922 9800 9801
f 9923 9801 9802
f 9924 9802 9803
f 9925 9803 9804
f 9926 9804 9805
f 9927 9805 9806
f 9928 9806 9807
f 9929 9807 9808
f 9930 9808 9809
f 9931 9809 9810
f 9932 9810 9811
f 9933 9811 9812
f 9934 9812 9813
f 9935 9813 9814
f 9936 9814 9815
f 9937 9815 9816
f 9938 9816 9817
f 9939 9817 9818
f 9940 9818 9819
f 9941 9819 9820
f 9942 9820 9821
f 9943 9821 9822
f 9944 9822 9823
f 9945 9823 9824
f 9946 9824 9825
f 9947 9825 9826
f 9948 9826 9827
f 9949 9827 9828
f 9950 9828 9829
f 9951 9829 9952
f 9953 9831 9832
f 9954 9832 9833
f 9955 9833 9834
f 9956 9834 9835
f 9957 9835 9836
f 9958 9836 9837
f 9959 9837 9838
f 9960 9838 9839
f 9961 9839 9840
f 9962 9840 9841
f 9963 9841 9842
f 9964 9842 9843
f 9965 9843 9844
f 9966 9844 9845
f 9967 9845 9846
f 9968 9846 9847
f 9969 9847 9848
f 9970 9848 9849
f 9971 9849 9850
f 9972 9850 9851
f 9973 9851 9852
f 9974 9852 9853
f 9975 9853 9854
f 9976 9854 9855
f 9977 9855 9856
f 9978 9856 9857
f 9979 9857 9858
f 9980 9858 9859
f 9981 9859 9860
f 9982 9860 9861
f 9983 9861 9862
f 9984 9862 9863
f 9985 9863 9864
f 9986 9864 9865
f 9987 9865 9866
f 9988 9866 9867
f 9989 9867 9868
f 9990 9868 9869
f 9991 9869 9870
f 9992 9870 9871
f 9993 9871 9872
f 9994 9872 9873
f 9995 9873 9874
f 9996 9874 9875
f 9997 9875 9876
f 9998 9876 9877
f 9999 9877 9878
f 10000 9878 9879
f 10001 9879 9880
f 10002 9880 9881
f 10003 9881 9882
f 10004 9882 9883
f 10005 9883 9884
f 10006 9884 9885
f 10007 9885 9886
f 10008 9886 9887
f 10009 9887 9888
f 10010 9888 9889
f 10011 9889 9890
f 10012 9890 9891
f 10013 9891 9892
f 10014 9892 9893
f 10015 9893 9894
f 10016 9894 9895
f 10017 9895 9896
f 10018 9896 9897
f 10019 9897 9898
f 10020 9898 9899
f 10021 9899 9900
f 10022 9900 9901
f 10023 9901 9902
f 10024 9902 9903
f 10025 9903 9904
f 10026 9904 9905
f 10027 9905 9906
f 10028 9906 9907
f 10029 9907 9908
f 10030 9908 9909
f 10031 9909 9910
f 10032 9910 9911
f 10033 9911 9912
f 10034 9912 9913
f 10035 9913 9914
f 10036 9914 9915
f 10037 9915 9916
f 10038 9916 9917
f 10039 9917 9918
f 10040 9918 9919
f 10041 9919 9920
f 10042 9920 9921
f 10043 9921 9922
f 10044 9922 9923
f 10045 9923 9924
f 10046 9924 9925
f 10047 9925 9926
f 10048 9926 9927
f 10049 9927 9928
f 10050 9928 9929
f 10051 9929 9930
f 10052 9930 9931
f 10053 9931 9932
f 10054 9932 9933
f 10055 9933 9934
f 10056 9934 9935
f 10057 9935 9936
f 10058 9936 9937
f 10059 9937 9938
f 10060 9938 9939
f 10061 9939 9940
f 10062 9940 9941
f 10063 9941 9942
f 10064 9942 9943
f 10065 9943 9944
f 10066 9944 9945
f 10067 9945 9946
f 10068 9946 9947
f 10069 9947 9948
f 10070 9948 9949
f 10071 9949 9950
f 10072 9950 9951
f 10073 9954 9955
f 10074 9955 9956
f 10075 9956 9957
f 10076 9957 9958
f 10077 9958 9959
f 10078 9959 9960
f 10079 9960 9961
f 10080 9961 9962
f 10081 9962 9963
f 10082 9963 9964
f 10083 9964 9965
f 10084 9965 9966
f 10085 9966 9967
f 10086 9967 9968
f 10087 9968 9969
f 10088 9969 9970
f 10089 9970 9971
f 10090 9971 9972
f 10091 9972 9973
f 10092 9973 9974
f 10093 9974 9975
f 10094 9975 9976
f 10095 9976 9977
f 10096 9977 9978
f 10097 9978 9979
f 10098 9979 9980
f 10099 9980 9981
f 10100 9981 9982
f 10101 9982 9983
f 10102 9983 9984
f 10103 9984 9985
f 10104 9985 9986
f 10105 9986 9987
f 10106 9987 9988
f 10107 9988 9989
f 10108 9989 9990
f 10109 9990 9991
f 10110 9991 9992
f 10111 9992 9993
f 10112 9993 9994
f 10113 9994 9995
f 10114 9995 9996
f 10115 9996 9997
f 10116 9997 9998
f 10117 9998 9999
f 10118 9999 10000
f 10119 10000 10001
f 10120 10001 10002
f 10121 10002 10003
f 10122 10003 10004
f 10123 10004 10005
f 10124 10005 10006
f 10125 10006 10007
f 10126 10007 10008
f 10127 10008 10009
f 10128 10009 10010
f 10129 10010 10011
f 10130 10011 10012
f 10131 10012 10013
f 10132 10013 10014
f 10133 10014 10015
f 10134 10015 10016
f 10135 10016 10017
f 10136 10017 10018
f 10137 10018 10019
f 10138 10019 10020
f 10139 10020 10021
f 10140 10021 10022
f 10141 10022 10023
f 10142 10023 10024
f 10143 10024 10025
f 10144 10025 10026
f 10145 10026 10027
f 10146 10027 10028
f 10147 10028 10029
f 10148 10029 10030
f 10149 10030 10031
f 10150 10031 10032
f 10151 10032 10033
f 10152 10033 10034
f 10153 10034 10035
f 10154 10035 10036
f 10155 10036 10037
f 10156 10037 10038
f 10157 10038 10039
f 10158 10039 10040
f 10159 10040 10041
f 10160 10041 10042
f 10161 10042 10043
f 10162 10043 10044
f 10163 10044 10045
f 10164 10045 10046
f 10165 10046 10047
f 10166 10047 10048
f 10167 10048 10049
f 10168 10049 10050
f 10169 10050 10051
f 10170 10051 10052
f 10171 10052 10053
f 10172 10053 10054
f 10173 10054 10055
f 10174 10055 10056
f 10175 10056 10057
f 10176 10057 10058
f 10177 10058 10059
f 10178 10059 10060
f 10179 10060 10061
f 10180 10061 10062
f 10181 10062 10063
f 10182 10063 10064
f 10183 10064 10065
f 10184 10065 10066
f 10185 10066 10067
f 10186 10067 10068
f 10187 10068 10069
f 10188 10069 10070
f 10189 10070 10071
f 10190 10071 10072
f 10191 10072 10192
f 10193 10075 10076
f 10194 10076 10077
f 10195 10077 10078
f 10196 10078 10079
f 10197 10079 10080
f 10198 10080 10081
f 10199 10081 10082
f 10200 10082 10083
f 10201 10083 10084
f 10202 10084 10085
f 10203 10085 10086
f 10204 10086 10087
f 10205 10087 10088
f 10206 10088 10089
f 10207 10089 10090
f 10208 10090 10091
f 10209 10091 10092
f 10210 10092 10093
f 10211 10093 10094
f 10212 10094 10095
f 10213 10095 10096
f 10214 10096 10097
f 10215 10097 10098
f 10216 10098 10099
f 10217 10099 10100
f 10218 10100 10101
f 10219 10101 10102
f 10220 10102 10103
f 10221 10103 10104
f 10222 10104 10105
f 10223 10105 10106
f 10224 10106 10107
f 10225 10107 10108
f 10226 10108 10109
f 10227 10109 10110
f 10228 10110 10111
f 10229 10111 10112
f 10230 10112 10113
f 10231 10113 10114
f 10232 10114 10115
f 10233 10115 10116
f 10234 10116 10117
f 10235 10117 10118
f 10236 10118 10119
f 10237 10119 10120
f 10238 10120 10121
f 10239 10121 10122
f 10240 10122 10123
f 10241 10123 10124
f 10242 10124 10125
f 10243 10125 10126
f 10244 10126 10127
f 10245 10127 10128
f 10246 10128 10129
f 10247 10129 10130
f 10248 10130 10131
f 10249 10131 10132
f 10250 10132 10133
f 10251 10133 10134
f 10252 10134 10135
f 10253 10135 10136
f 10254 10136 10137
f 10255 10137 10138
f 10256 10138 10139
f 10257 10139 10140
f 10258 10140 10141
f 10259 10141 10142
f 10260 10142 10143
f 10261 10143 10144
f 10262 10144 10145
f 10263 10145 10146
f 10264 10146 10147
f 10265 10147 10148
f 10266 10148 10149
f 10267 10149 10150
f 10268 10150 10151
f 10269 10151 10152
f 10270 10152 10153
f 10271 10153 10154
f 10272 10154 10155
f 10273 10155 10156
f 10274 10156 10157
f 10275 10157 10158
f 10276 10158 10159
f 10277 10159 10160
f 10278 10160 10161
f 10279 10161 10162
f 10280 10162 10163
f 10281 10163 10164
f 10282 10164 10165
f 10283 10165 10166
f 10284 10166 10167
f 10285 10167 10168
f 10286 10168 10169
f 10287 10169 10170
f 10288 10170 10171
f 10289 10171 10172
f 10290 10172 10173
f 10291 10173 10174
f 10292 10174 10175
f 10293 10175 10176
f 10294 10176 10177
f 10295 10177 10178
f 10296 10178 10179
f 10297 10179 10180
f 10298 10180 10181
f 10299 10181 10182
f 10300 10182 10183
f 10301 10183 10184
f 10302 10184 10185
f 10303 10185 10186
f 10304 10186 10187
f 10305 10187 10188
f 10306 10188 10189
f 10307 10189 10190
f 10308 10190 10191
f 10309 10194 10195
f 10310 10195 10196
f 10311 10196 10197
f 10312 10197 10198
f 10313 10198 10199
f 10314 10199 10200
f 10315 10200 10201
f 10316 10201 10202
f 10317 10202 10203
f 10318 10203 10204
f 10319 10204 10205
f 10320 10205 10206
f 10321 10206 10207
f 10322 10207 10208
f 10323 10208 10209
f 10324 10209 10210
f 10325 10210 10211
f 10326 10211 10212
f 10327 10212 10213
f 10328 10213 10214
f 10329 10214 10215
f 10330 10215 10216
f 10331 10216 10217
f 10332 10217 10218
f 10333 10218 10219
f 10334 10219 10220
f 10335 10220 10221
f 10336 10221 10222
f 10337 10222 10223
f 10338 10223 10224
f 10339 10224 10225
f 10340 10225 10226
f 10341 10226 10227
f 10342 10227 10228
f 10343 10228 10229
f 10344 10229 10230
f 10345 10230 10231
f 10346 10231 10232
f 10347 10232 10233
f 10348 10233 10234
f 10349 10234 10235
f 10350 10235 10236
f 10351 10236 10237
f 10352 10237 10238
f 10353 10238 10239
f 10354 10239 10240
f 10355 10240 10241
f 10356 10241 10242
f 10357 10242 10243
f 10358 10243 10244
f 10359 10244 10245
f 10360 10245 10246
f 10361 10246 10247
f 10362 10247 10248
f 10363 10248 10249
f 10364 10249 10250
f 10365 10250 10251
f 10366 10251 10252
f 10367 10252 10253
f 10368 10253 10254
f 10369 10254 10255
f 10370 10255 10256
f 10371 10256 10257
f 10372 10257 10258
f 10373 10258 10259
f 10374 10259 10260
f 10375 10260 10261
f 10376 10261 10262
f 10377 10262 10263
f 10378 10263 10264
f 10379 10264 10265
f 10380 10265 10266
f 10381 10266 10267
f 10382 10267 10268
f 10383 10268 10269
f 10384 10269 10270
f 10385 10270 10271
f 10386 10271 10272
f 10387 10272 10273
f 10388 10273 10274
f 10389 10274 10275
f 10390 10275 10276
f 10391 10276 10277
f 10392 10277 10278
f 10393 10278 10279
f 10394 10279 10280
f 10395 10280 10281
f 10396 10281 10282
f 10397 10282 10283
f 10398 10283 10284
f 10399 10284 10285
f 10400 10285 10286
f 10401 10286 10287
f 10402 10287 10288
f 10403 10288 10289
f 10404 10289 10290
f 10405 10290 10291
f 10406 10291 10292
f 10407 10292 10293
f 10408 10293 10294
f 10409 10294 10295
f 10410 10295 10296
f 10411 10296 10297
f 10412 10297 10298
f 10413 10298 10299
f 10414 10299 10300
f 10415 10300 10301
f 10416 10301 10302
f 10417 10302 10303
f 10418 10303 10304
f 10419 10304 10305
f 10420 10305 10306
f 10421 10306 10307
f 10422 10307 10308
f 10423 10308 10424
f 10425 10310 10311
f 10426 10311 10312
f 10427 10312 10313
f 10428 10313 10314
f 10429 10314 10315
f 10430 10315 10316
f 10431 10316 10317
f 10432 10317 10318
f 10433 10318 10319
f 10434 10319 10320
f 10435 10320 10321
f 10436 10321 10322
f 10437 10322 10323
f 10438 10323 10324
f 10439 10324 10325
f 10440 10325 10326
f 10441 10326 10327
f 10442 10327 10328
f 10443 10328 10329
f 10444 10329 10330
f 10445 10330 10331
f 10446 10331 10332
f 10447 10332 10333
f 10448 10333 10334
f 10449 10334 10335
f 10450 10335 10336
f 10451 10336 10337
f 10452 10337 10338
f 10453 10338 10339
f 10454 10339 10340
f 10455 10340 10341
f 10456 10341 10342
f 10457 10342 10343
f 10458 10343 10344
f 10459 10344 10345
f 10460 10345 10346
f 10461 10346 10347
f 10462 10347 10348
f 10463 10348 10349
f 10464 10349 10350
f 10465 10350 10351
f 10466 10351 10352
f 10467 10352 10353
f 10468 10353 10354
f 10469 10354 10355
f 10470 10355 10356
f 10471 10356 10357
f 10472 10357 10358
f 10473 10358 10359
f 10474 10359 10360
f 10475 10360 10361
f 10476 10361 10362
f 10477 10362 10363
f 10478 10363 10364
f 10479 10364 10365
f 10480 10365 10366
f 10481 10366 10367
f 10482 10367 10368
f 10483 10368 10369
f 10484 10369 10370
f 10485 10370 10371
f 10486 10371 10372
f 10487 10372 10373
f 10488 10373 10374
f 10489 10374 10375
f 10490 10375 10376
f 10491 10376 10377
f 10492 10377 10378
f 10493 10378 10379
f 10494 10379 10380
f 10495 10380 10381
f 10496 10381 10382
f 10497 10382 10383
f 10498 10383 10384
f 10499 10384 10385
f 10500 10385 10386
f 10501 10386 10387
f 10502 10387 10388
f 10503 10388 10389
f 10504 10389 10390
f 10505 10390 10391
f 10506 10391 10392
f 10507 10392 10393
f 10508 10393 10394
f 10509 10394 10395
f 10510 10395 10396
f 10511 10396 10397
f 10512 10397 10398
f 10513 10398 10399
f 10514 10399 10400
f 10515 10400 10401
f 10516 10401 10402
f 10517 10402 10403
f 10518 10403 10404
f 10519 10404 10405
f 10520 10405 10406
f 10521 10406 10407
f 10522 10407 10408
f 10523 10408 10409
f 10524 10409 10410
f 10525 10410 10411
f 10526 10411 10412
f 10527 10412 10413
f 10528 10413 10414
f 10529 10414 10415
f 10530 10415 10416
f 10531 10416 10417
f 10532 10417 10418
f 10533 10418 10419
f 10534 10419 10420
f 10535 10420 10421
f 10536 10421 10422
f 10537 10422 10423
f 10538 10426 10427
f 10539 10427 10428
f 10540 10428 10429
f 10541 10429 10430
f 10542 10430 10431
f 10543 10431 10432
f 10544 10432 10433
f 10545 10433 10434
f 10546 10434 10435
f 10547 10435 10436
f 10548 10436 10437
f 10549 10437 10438
f 10550 10438 10439
f 10551 10439 10440
f 10552 10440 10441
f 10553 10441 10442
f 10554 10442 10443
f 10555 10443 10444
f 10556 10444 10445
f 10557 10445 10446
f 10558 10446 10447
f 10559 10447 10448
f 10560 10448 10449
f 10561 10449 10450
f 10562 10450 10451
f 10563 10451 10452
f 10564 10452 10453
f 10565 10453 10454
f 10566 10454 10455
f 10567 10455 10456
f 10568 10456 10457
f 10569 10457 10458
f 10570 10458 10459
f 10571 10459 10460
f 10572 10460 10461
f 10573 10461 10462
f 10574 10462 10463
f 10575 10463 10464
f 10576 10464 10465
f 10577 10465 10466
f 10578 10466 10467
f 10579 10467 10468
f 10580 10468 10469
f 10581 10469 10470
f 10582 10470 10471
f 10583 10471 10472
f 10584 10472 10473
f 10585 10473 10474
f 10586 10474 10475
f 10587 10475 10476
f 10588 10476 10477
f 10589 10477 10478
f 10590 10478 10479
f 10591 10479 10480
f 10592 10480 10481
f 10593 10481 10482
f 10594 10482 10483
f 10595 10483 10484
f 10596 10484 10485
f 10597 10485 10486
f 10598 10486 10487
f 10599 10487 10488
f 10600 10488 10489
f 10601 10489 10490
f 10602 10490 10491
f 10603 10491 10492
f 10604 10492 10493
f 10605 10493 10494
f 10606 10494 10495
f 10607 10495 10496
f 10608 10496 10497
f 10609 10497 10498
f 10610 10498 10499
f 10611 10499 10500
f 10612 10500 10501
f 10613 10501 10502
f 10614 10502 10503
f 10615 10503 10504
f 10616 10504 10505
f 10617 10505 10506
f 10618 10506 10507
f 10619 10507 10508
f 10620 10508 10509
f 10621 10509 10510
f 10622 10510 10511
f 10623 10511 10512
f 10624 10512 10513
f 10625 10513 10514
f 10626 10514 10515
f 10627 10515 10516
f 10628 10516 10517
f 10629 10517 10518
f 10630 10518 10519
f 10631 10519 10520
f 10632 10520 10521
f 10633 10521 10522
f 10634 10522 10523
f 10635 10523 10524
f 10636 10524 10525
f 10637 10525 10526
f 10638 10526 10527
f 10639 10527 10528
f 10640 10528 10529
f 10641 10529 10530
f 10642 10530 10531
f 10643 10531 10532
f 10644 10532 10533
f 10645 10533 10534
f 10646 10534 10535
f 10647 10535 10536
f 10648 10536 10537
f 10649 10537 10650
f 10651 10539 10540
f 10652 10540 10541
f 10653 10541 10542
f 10654 10542 10543
f 10655 10543 10544
f 10656 10544 10545
f 10657 10545 10546
f 10658 10546 10547
f 10659 10547 10548
f 10660 10548 10549
f 10661 10549 10550
f 10662 10550 10551
f 10663 10551 10552
f 10664 10552 10553
f 10665 10553 10554
f 10666 10554 10555
f 10667 10555 10556
f 10668 10556 10557
f 10669 10557 10558
f 10670 10558 10559
f 10671 10559 10560
f 10672 10560 10561
f 10673 10561 10562
f 10674 10562 10563
f 10675 10563 10564
f 10676 10564 10565
f 10677 10565 10566
f 10678 10566 10567
f 10679 10567 10568
f 10680 10568 10569
f 10681 10569 10570
f 10682 10570 10571
f 10683 10571 10572
f 10684 10572 10573
f 10685 10573 10574
f 10686 10574 10575
f 10687 10575 10576
f 10688 10576 10577
f 10689 10577 10578
f 10690 10578 10579
f 10691 10579 10580
f 10692 10580 10581
f 10693 10581 10582
f 10694 10582 10583
f 10695 10583 10584
f 10696 10584 10585
f 10697 10585 10586
f 10698 10586 10587
f 10699 10587 10588
f 10700 10588 10589
f 10701 10589 10590
f 10702 10590 10591
f 10703 10591 10592
f 10704 10592 10593
f 10705 10593 10594
f 10706 10594 10595
f 10707 10595 10596
f 10708 10596 10597
f 10709 10597 10598
f 10710 10598 10599
f 10711 10599 10600
f 10712 10600 10601
f 10713 10601 10602
f 10714 10602 10603
f 10715 10603 10604
f 10716 10604 10605
f 10717 10605 10606
f 10718 10606 10607
f 10719 10607 10608
f 10720 10608 10609
f 10721 10609 10610
f 10722 10610 10611
f 10723 10611 10612
f 10724 10612 10613
f 10725 10613 10614
f 10726 10614 10615
f 10727 10615 10616
f 10728 10616 10617
f 10729 10617 10618
f 10730 10618 10619
f 10731 10619 10620
f 10732 10620 10621
f 10733 10621 10622
f 10734 10622 10623
f 10735 10623 10624
f 10736 10624 10625
f 10737 10625 10626
f 10738 10626 10627
f 10739 10627 10628
f 10740 10628 10629
f 10741 10629 10630
f 10742 10630 10631
f 10743 10631 10632
f 10744 10632 10633
f 10745 10633 10634
f 10746 10634 10635
f 10747 10635 10636
f 10748 10636 10637
f 10749 10637 10638
f 10750 10638 10639
f 10751 10639 10640
f 10752 10640 10641
f 10753 10641 10642
f 10754 10642 10643
f 10755 10643 10644
f 10756 10644 10645
f 10757 10645 10646
f 10758 10646 10647
f 10759 10647 10648
f 10760 10648 10649
f 10761 10649 10762
f 10763 10653 10654
f 10764 10654 10655
f 10765 10655 10656
f 10766 10656 10657
f 10767 10657 10658
f 10768 10658 10659
f 10769 10659 10660
f 10770 10660 10661
f 10771 10661 10662
f 10772 10662 10663
f 10773 10663 10664
f 10774 10664 10665
f 10775 10665 10666
f 10776 10666 10667
f 10777 10667 10668
f 10778 10668 10669
f 10779 10669 10670
f 10780 10670 10671
f 10781 10671 10672
f 10782 10672 10673
f 10783 10673 10674
f 10784 10674 10675
f 10785 10675 10676
f 10786 10676 10677
f 10787 10677 10678
f 10788 10678 10679
f 10789 10679 10680
f 10790 10680 10681
f 10791 10681 10682
f 10792 10682 10683
f 10793 10683 10684
f 10794 10684 10685
f 10795 10685 10686
f 10796 10686 10687
f 10797 10687 10688
f 10798 10688 10689
f 10799 10689 10690
f 10800 10690 10691
f 10801 10691 10692
f 10802 10692 10693
f 10803 10693 10694
f 10804 10694 10695
f 10805 10695 10696
f 10806 10696 10697
f 10807 10697 10698
f 10808 10698 10699
f 10809 10699 10700
f 10810 10700 10701
f 10811 10701 10702
f 10812 10702 10703
f 10813 10703 10704
f 10814 10704 10705
f 10815 10705 10706
f 10816 10706 10707
f 10817 10707 10708
f 10818 10708 10709
f 10819 10709 10710
f 10820 10710 10711
f 10821 10711 10712
f 10822 10712 10713
f 10823 10713 10714
f 10824 10714 10715
f 10825 10715 10716
f 10826 10716 10717
f 10827 10717 10718
f 10828 10718 10719
f 10829 10719 10720
f 10830 10720 10721
f 10831 10721 10722
f 10832 10722 10723
f 10833 10723 10724
f 10834 10724 10725
f 10835 10725 10726
f 10836 10726 10727
f 10837 10727 10728
f 10838 10728 10729
f 10839 10729 10730
f 10840 10730 10731
f 10841 10731 10732
f 10842 10732 10733
f 10843 10733 10734
f 10844 10734 10735
f 10845 10735 10736
f 10846 10736 10737
f 10847 10737 10738
f 10848 10738 10739
f 10849 10739 10740
f 10850 10740 10741
f 10851 10741 10742
f 10852 10742 10743
f 10853 10743 10744
f 10854 10744 10745
f 10855 10745 10746
f 10856 10746 10747
f 10857 10747 10748
f 10858 10748 10749
f 10859 10749 10750
f 10860 10750 10751
f 10861 10751 10752
f 10862 10752 10753
f 10863 10753 10754
f 10864 10754 10755
f 10865 10755 10756
f 10866 10756 10757
f 10867 10757 10758
f 10868 10758 10759
f 10869 10759 10760
f 10870 10760 10761
f 10871 10764 10765
f 10872 10765 10766
f 10873 10766 10767
f 10874 10767 10768
f 10875 10768 10769
f 10876 10769 10770
f 10877 10770 10771
f 10878 10771 10772
f 10879 10772 10773
f 10880 10773 10774
f 10881 10774 10775
f 10882 10775 10776
f 10883 10776 10777
f 10884 10777 10778
f 10885 10778 10779
f 10886 10779 10780
f 10887 10780 10781
f 10888 10781 10782
f 10889 10782 10783
f 10890 10783 10784
f 10891 10784 10785
f 10892 10785 10786
f 10893 10786 10787
f 10894 10787 10788
f 10895 10788 10789
f 10896 10789 10790
f 10897 10790 10791
f 10898 10791 10792
f 10899 10792 10793
f 10900 10793 10794
f 10901 10794 10795
f 10902 10795 10796
f 10903 10796 10797
f 10904 10797 10798
f 10905 10798 10799
f 10906 10799 10800
f 10907 10800 10801
f 10908 10801 10802
f 10909 10802 10803
f 10910 10803 10804
f 10911 10804 10805
f 10912 10805 10806
f 10913 10806 10807
f 10914 10807 10808
f 10915 10808 10809
f 10916 10809 10810
f 10917 10810 10811
f 10918 10811 10812
f 10919 10812 10813
f 10920 10813 10814
f 10921 10814 10815
f 10922 10815 10816
f 10923 10816 10817
f 10924 10817 10818
f 10925 10818 10819
f 10926 10819 10820
f 10927 10820 10821
f 10928 10821 10822
f 10929 10822 10823
f 10930 10823 10824
f 10931 10824 10825
f 10932 10825 10826
f 10933 10826 10827
f 10934 10827 10828
f 10935 10828 10829
f 10936 10829 10830
f 10937 10830 10831
f 10938 10831 10832
f 10939 10832 10833
f 10940 10833 10834
f 10941 10834 10835
f 10942 10835 10836
f 10943 10836 10837
f 10944 10837 10838
f 10945 10838 10839
f 10946 10839 10840
f 10947 10840 10841
f 10948 10841 10842
f 10949 10842 10843
f 10950 10843 10844
f 10951 10844 10845
f 10952 10845 10846
f 10953 10846 10847
f 10954 10847 10848
f 10955 10848 10849
f 10956 10849 10850
f 10957 10850 10851
f 10958 10851 10852
f 10959 10852 10853
f 10960 10853 10854
f 10961 10854 10855
f 10962 10855 10856
f 10963 10856 10857
f 10964 10857 10858
f 10965 10858 10859
f 10966 10859 10860
f 10967 10860 10861
f 10968 10861 10862
f 10969 10862 10863
f 10970 10863 10864
f 10971 10864 10865
f 10972 10865 10866
f 10973 10866 10867
f 10974 10867 10868
f 10975 10868 10869
f 10976 10869 10870
f 10977 10870 10978
f 10979 10872 10873
f 10980 10873 10874
f 10981 10874 10875
f 10982 10875 10876
f 10983 10876 10877
f 10984 10877 10878
f 10985 10878 10879
f 10986 10879 10880
f 10987 10880 10881
f 10988 10881 10882
f 10989 10882 10883
f 10990 10883 10884
f 10991 10884 10885
f 10992 10885 10886
f 10993 10886 10887
f 10994 10887 10888
f 10995 10888 10889
f 10996 10889 10890
f 10997 10890 10891
f 10998 10891 10892
f 10999 10892 10893
f 11000 10893 10894
f 11001 10894 10895
f 11002 10895 10896
f 11003 10896 10897
f 11004 10897 10898
f 11005 10898 10899
f 11006 10899 10900
f 11007 10900 10901
f 11008 10901 10902
f 11009 10902 10903
f 11010 10903 10904
f 11011 10904 10905
f 11012 10905 10906
f 11013 10906 10907
f 11014 10907 10908
f 11015 10908 10909
f 11016 10909 10910
f 11017 10910 10911
f 11018 10911 10912
f 11019 10912 10913
f 11020 10913 10914
f 11021 10914 10915
f 11022 10915 10916
f 11023 10916 10917
f 11024 10917 10918
f 11025 10918 10919
f 11026 10919 10920
f 11027 10920 10921
f 11028 10921 10922
f 11029 10922 10923
f 11030 10923 10924
f 11031 10924 10925
f 11032 10925 10926
f 11033 10926 10927
f 11034 10927 10928
f 11035 10928 10929
f 11036 10929 10930
f 11037 10930 10931
f 11038 10931 10932
f 11039 10932 10933
f 11040 10933 10934
f 11041 10934 10935
f 11042 10935 10936
f 11043 10936 10937
f 11044 10937 10938
f 11045 10938 10939
f 11046 10939 10940
f 11047 10940 10941
f 11048 10941 10942
f 11049 10942 10943
f 11050 10943 10944
f 11051 10944 10945
f 11052 10945 10946
f 11053 10946 10947
f 11054 10947 10948
f 11055 10948 10949
f 11056 10949 10950
f 11057 10950 10951
f 11058 10951 10952
f 11059 10952 10953
f 11060 10953 10954
f 11061 10954 10955
f 11062 10955 10956
f 11063 10956 10957
f 11064 10957 10958
f 11065 10958 10959
f 11066 10959 10960
f 11067 10960 10961
f 11068 10961 10962
f 11069 10962 10963
f 11070 10963 10964
f 11071 10964 10965
f 11072 10965 10966
f 11073 10966 10967
f 11074 10967 10968
f 11075 10968 10969
f 11076 10969 10970
f 11077 10970 10971
f 11078 10971 10972
f 11079 10972 10973
f 11080 10973 10974
f 11081 10974 10975
f 11082 10975 10976
f 11083 10976 10977
f 11084 10980 10981
f 11085 10981 10982
f 11086 10982 10983
f 11087 10983 10984
f 11088 10984 10985
f 11089 10985 10986
f 11090 10986 10987
f 11091 10987 10988
f 11092 10988 10989
f 11093 10989 10990
f 11094 10990 10991
f 11095 10991 10992
f 11096 10992 10993
f 11097 10993 10994
f 11098 10994 10995
f 11099 10995 10996
f 11100 10996 10997
f 11101 10997 10998
f 11102 10998 10999
f 11103 10999 11000
f 11104 11000 11001
f 11105 11001 11002
f 11106 11002 11003
f 11107 11003 11004
f 11108 11004 11005
f 11109 11005 11006
f 11110 11006 11007
f 11111 11007 11008
f 11112 11008 11009
f 11113 11009 11010
f 11114 11010 11011
f 11115 11011 11012
f 11116 11012 11013
f 11117 11013 11014
f 11118 11014 11015
f 11119 11015 11016
f 11120 11016 11017
f 11121 11017 11018
f 11122 11018 11019
f 11123 11019 11020
f 11124 11020 11021
f 11125 11021 11022
f 11126 11022 11023
f 11127 11023 11024
f 11128 11024 11025
f 11129 11025 11026
f 11130 11026 11027
f 11131 11027 11028
f 11132 11028 11029
f 11133 11029 11030
f 11134 11030 11031
f 11135 11031 11032
f 11136 11032 11033
f 11137 11033 11034
f 11138 11034 11035
f 11139 11035 11036
f 11140 11036 11037
f 11141 11037 11038
f 11142 11038 11039
f 11143 11039 11040
f 11144 11040 11041
f 11145 11041 11042
f 11146 11042 11043
f 11147 11043 11044
f 11148 11044 11045
f 11149 11045 11046
f 11150 11046 11047
f 11151 11047 11048
f 11152 11048 11049
f 11153 11049 11050
f 11154 11050 11051
f 11155 11051 11052
f 11156 11052 11053
f 11157 11053 11054
f 11158 11054 11055
f 11159 11055 11056
f 11160 11056 11057
f 11161 11057 11058
f 11162 11058 11059
f 11163 11059 11060
f 11164 11060 11061
f 11165 11061 11062
f 11166 11062 11063
f 11167 11063 11064
f 11168 11064 11065
f 11169 11065 11066
f 11170 11066 11067
f 11171 11067 11068
f 11172 11068 11069
f 11173 11069 11070
f 11174 11070 11071
f 11175 11071 11072
f 11176 11072 11073
f 11177 11073 11074
f 11178 11074 11075
f 11179 11075 11076
f 11180 11076 11077
f 11181 11077 11078
f 11182 11078 11079
f 11183 11079 11080
f 11184 11080 11081
f 11185 11081 11082
f 11186 11082 11083
f 11187 11083 11188
f 11189 11085 11086
f 11190 11086 11087
f 11191 11087 11088
f 11192 11088 11089
f 11193 11089 11090
f 11194 11090 11091
f 11195 11091 11092
f 11196 11092 11093
f 11197 11093 11094
f 11198 11094 11095
f 11199 11095 11096
f 11200 11096 11097
f 11201 11097 11098
f 11202 11098 11099
f 11203 11099 11100
f 11204 11100 11101
f 11205 11101 11102
f 11206 11102 11103
f 11207 11103 11104
f 11208 11104 11105
f 11209 11105 11106
f 11210 11106 11107
f 11211 11107 11108
f 11212 11108 11109
f 11213 11109 11110
f 11214 11110 11111
f 11215 11111 11112
f 11216 11112 11113
f 11217 11113 11114
f 11218 11114 11115
f 11219 11115 11116
f 11220 11116 11117
f 11221 11117 11118
f 11222 11118 11119
f 11223 11119 11120
f 11224 11120 11121
f 11225 11121 11122
f 11226 11122 11123
f 11227 11123 11124
f 11228 11124 11125
f 11229 11125 11126
f 11230 11126 11127
f 11231 11127 11128
f 11232 11128 11129
f 11233 11129 11130
f 11234 11130 11131
f 11235 11131 11132
f 11236 11132 11133
f 11237 11133 11134
f 11238 11134 11135
f 11239 11135 11136
f 11240 11136 11137
f 11241 11137 11138
f 11242 11138 11139
f 11243 11139 11140
f 11244 11140 11141
f 11245 11141 11142
f 11246 11142 11143
f 11247 11143 11144
f 11248 11144 11145
f 11249 11145 11146
f 11250 11146 11147
f 11251 11147 11148
f 11252 11148 11149
f 11253 11149 11150
f 11254 11150 11151
f 11255 11151 11152
f 11256 11152 11153
f 11257 11153 11154
f 11258 11154 11155
f 11259 11155 11156
f 11260 11156 11157
f 11261 11157 11158
f 11262 11158 11159
f 11263 11159 11160
f 11264 11160 11161
f 11265 11161 11162
f 11266 11162 11163
f 11267 11163 11164
f 11268 11164 11165
f 11269 11165 11166
f 11270 11166 11167
f 11271 11167 11168
f 11272 11168 11169
f 11273 11169 11170
f 11274 11170 11171
f 11275 11171 11172
f 11276 11172 11173
f 11277 11173 11174
f 11278 11174 11175
f 11279 11175 11176
f 11280 11176 11177
f 11281 11177 11178
f 11282 11178 11179
f 11283 11179 11180
f 11284 11180 11181
f 11285 11181 11182
f 11286 11182 11183
f 11287 11183 11184
f 11288 11184 11185
f 11289 11185 11186
f 11290 11186 11187
f 11291 11187 11292
f 11293 11190 11191
f 11294 11191 11192
f 11295 11192 11193
f 11296 11193 11194
f 11297 11194 11195
f 11298 11195 11196
f 11299 11196 11197
f 11300 11197 11198
f 11301 11198 11199
f 11302 11199 11200
f 11303 11200 11201
f 11304 11201 11202
f 11305 11202 11203
f 11306 11203 11204
f 11307 11204 11205
f 11308 11205 11206
f 11309 11206 11207
f 11310 11207 11208
f 11311 11208 11209
f 11312 11209 11210
f 11313 11210 11211
f 11314 11211 11212
f 11315 11212 11213
f 11316 11213 11214
f 11317 11214 11215
f 11318 11215 11216
f 11319 11216 11217
f 11320 11217 11218
f 11321 11218 11219
f 11322 11219 11220
f 11323 11220 11221
f 11324 11221 11222
f 11325 11222 11223
f 11326 11223 11224
f 11327 11224 11225
f 11328 11225 11226
f 11329 11226 11227
f 11330 11227 11228
f 11331 11228 11229
f 11332 11229 11230
f 11333 11230 11231
f 11334 11231 11232
f 11335 11232 11233
f 11336 11233 11234
f 11337 11234 11235
f 11338 11235 11236
f 11339 11236 11237
f 11340 11237 11238
f 11341 11238 11239
f 11342 11239 11240
f 11343 11240 11241
f 11344 11241 11242
f 11345 11242 11243
f 11346 11243 11244
f 11347 11244 11245
f 11348 11245 11246
f 11349 11246 11247
f 11350 11247 11248
f 11351 11248 11249
f 11352 11249 11250
f 11353 11250 11251
f 11354 11251 11252
f 11355 11252 11253
f 11356 11253 11254
f 11357 11254 11255
f 11358 11255 11256
f 11359 11256 11257
f 11360 11257 11258
f 11361 11258 11259
f 11362 11259 11260
f 11363 11260 11261
f 11364 11261 11262
f 11365 11262 11263
f 11366 11263 11264
f 11367 11264 11265
f 11368 11265 11266
f 11369 11266 11267
f 11370 11267 11268
f 11371 11268 11269
f 11372 11269 11270
f 11373 11270 11271
f 11374 11271 11272
f 11375 11272 11273
f 11376 11273 11274
f 11377 11274 11275
f 11378 11275 11276
f 11379 11276 11277
f 11380 11277 11278
f 11381 11278 11279
f 11382 11279 11280
f 11383 11280 11281
f 11384 11281 11282
f 11385 11282 11283
f 11386 11283 11284
f 11387 11284 11285
f 11388 11285 11286
f 11389 11286 11287
f 11390 11287 11288
f 11391 11288 11289
f 11392 11289 11290
f 11393 11290 11291
f 11394 11294 11295
f 11395 11295 11296
f 11396 11296 11297
f 11397 11297 11298
f 11398 11298 11299
f 11399 11299 11300
f 11400 11300 11301
f 11401 11301 11302
f 11402 11302 11303
f 11403 11303 11304
f 11404 11304 11305
f 11405 11305 11306
f 11406 11306 11307
f 11407 11307 11308
f 11408 11308 11309
f 11409 11309 11310
f 11410 11310 11311
f 11411 11311 11312
f 11412 11312 11313
f 11413 11313 11314
f 11414 11314 11315
f 11415 11315 11316
f 11416 11316 11317
f 11417 11317 11318
f 11418 11318 11319
f 11419 11319 11320
f 11420 11320 11321
f 11421 11321 11322
f 11422 11322 11323
f 11423 11323 11324
f 11424 11324 11325
f 11425 11325 11326
f 11426 11326 11327
f 11427 11327 11328
f 11428 11328 11329
f 11429 11329 11330
f 11430 11330 11331
f 11431 11331 11332
f 11432 11332 11333
f 11433 11333 11334
f 11434 11334 11335
f 11435 11335 11336
f 11436 11336 11337
f 11437 11337 11338
f 11438 11338 11339
f 11439 11339 11340
f 11440 11340 11341
f 11441 11341 11342
f 11442 11342 11343
f 11443 11343 11344
f 11444 11344 11345
f 11445 11345 11346
f 11446 11346 11347
f 11447 11347 11348
f 11448 11348 11349
f 11449 11349 11350
f 11450 11350 11351
f 11451 11351 11352
f 11452 11352 11353
f 11453 11353 11354
f 11454 11354 11355
f 11455 11355 11356
f 11456 11356 11357
f 11457 11357 11358
f 11458 11358 11359
f 11459 11359 11360
f 11460 11360 11361
f 11461 11361 11362
f 11462 11362 11363
f 11463 11363 11364
f 11464 11364 11365
f 11465 11365 11366
f 11466 11366 11367
f 11467 11367 11368
f 11468 11368 11369
f 11469 11369 11370
f 11470 11370 11371
f 11471 11371 11372
f 11472 11372 11373
f 11473 11373 11374
f 11474 11374 11375
f 11475 11375 11376
f 11476 11376 11377
f 11477 11377 11378
f 11478 11378 11379
f 11479 11379 11380
f 11480 11380 11381
f 11481 11381 11382
f 11482 11382 11383
f 11483 11383 11384
f 11484 11384 11385
f 11485 11385 11386
f 11486 11386 11387
f 11487 11387 11388
f 11488 11388 11389
f 11489 11389 11390
f 11490 11390 11391
f 11491 11391 11392
f 11492 11392 11393
f 11493 11393 11494
f 11495 11395 11396
f 11496 11396 11397
f 11497 11397 11398
f 11498 11398 11399
f 11499 11399 11400
f 11500 11400 11401
f 11501 11401 11402
f 11502 11402 11403
f 11503 11403 11404
f 11504 11404 11405
f 11505 11405 11406
f 11506 11406 11407
f 11507 11407 11408
f 11508 11408 11409
f 11509 11409 11410
f 11510 11410 11411
f 11511 11411 11412
f 11512 11412 11413
f 11513 11413 11414
f 11514 11414 11415
f 11515 11415 11416
f 11516 11416 11417
f 11517 11417 11418
f 11518 11418 11419
f 11519 11419 11420
f 11520 11420 11421
f 11521 11421 11422
f 11522 11422 11423
f 11523 11423 11424
f 11524 11424 11425
f 11525 11425 11426
f 11526 11426 11427
f 11527 11427 11428
f 11528 11428 11429
f 11529 11429 11430
f 11530 11430 11431
f 11531 11431 11432
f 11532 11432 11433
f 11533 11433 11434
f 11534 11434 11435
f 11535 11435 11436
f 11536 11436 11437
f 11537 11437 11438
f 11538 11438 11439
f 11539 11439 11440
f 11540 11440 11441
f 11541 11441 11442
f 11542 11442 11443
f 11543 11443 11444
f 11544 11444 11445
f 11545 11445 11446
f 11546 11446 11447
f 11547 11447 11448
f 11548 11448 11449
f 11549 11449 11450
f 11550 11450 11451
f 11551 11451 11452
f 11552 11452 11453
f 11553 11453 11454
f 11554 11454 11455
f 11555 11455 11456
f 11556 11456 11457
f 11557 11457 11458
f 11558 11458 11459
f 11559 11459 11460
f 11560 11460 11461
f 11561 11461 11462
f 11562 11462 11463
f 11563 11463 11464
f 11564 11464 11465
f 11565 11465 11466
f 11566 11466 11467
f 11567 11467 11468
f 11568 11468 11469
f 11569 11469 11470
f 11570 11470 11471
f 11571 11471 11472
f 11572 11472 11473
f 11573 11473 11474
f 11574 11474 11475
f 11575 11475 11476
f 11576 11476 11477
f 11577 11477 11478
f 11578 11478 11479
f 11579 11479 11480
f 11580 11480 11481
f 11581 11481 11482
f 11582 11482 11483
f 11583 11483 11484
f 11584 11484 11485
f 11585 11485 11486
f 11586 11486 11487
f 11587 11487 11488
f 11588 11488 11489
f 11589 11489 11490
f 11590 11490 11491
f 11591 11491 11492
f 11592 11492 11493
f 11593 11493 11594
f 11595 11496 11497
f 11596 11497 11498
f 11597 11498 11499
f 11598 11499 11500
f 11599 11500 11501
f 11600 11501 11502
f 11601 11502 11503
f 11602 11503 11504
f 11603 11504 11505
f 11604 11505 11506
f 11605 11506 11507
f 11606 11507 11508
f 11607 11508 11509
f 11608 11509 11510
f 11609 11510 11511
f 11610 11511 11512
f 11611 11512 11513
f 11612 11513 11514
f 11613 11514 11515
f 11614 11515 11516
f 11615 11516 11517
f 11616 11517 11518
f 11617 11518 11519
f 11618 11519 11520
f 11619 11520 11521
f 11620 11521 11522
f 11621 11522 11523
f 11622 11523 11524
f 11623 11524 11525
f 11624 11525 11526
f 11625 11526 11527
f 11626 11527 11528
f 11627 11528 11529
f 11628 11529 11530
f 11629 11530 11531
f 11630 11531 11532
f 11631 11532 11533
f 11632 11533 11534
f 11633 11534 11535
f 11634 11535 11536
f 11635 11536 11537
f 11636 11537 11538
f 11637 11538 11539
f 11638 11539 11540
f 11639 11540 11541
f 11640 11541 11542
f 11641 11542 11543
f 11642 11543 11544
f 11643 11544 11545
f 11644 11545 11546
f 11645 11546 11547
f 11646 11547 11548
f 11647 11548 11549
f 11648 11549 11550
f 11649 11550 11551
f 11650 11551 11552
f 11651 11552 11553
f 11652 11553 11554
f 11653 11554 11555
f 11654 11555 11556
f 11655 11556 11557
f 11656 11557 11558
f 11657 11558 11559
f 11658 11559 11560
f 11659 11560 11561
f 11660 11561 11562
f 11661 11562 11563
f 11662 11563 11564
f 11663 11564 11565
f 11664 11565 11566
f 11665 11566 11567
f 11666 11567 11568
f 11667 11568 11569
f 11668 11569 11570
f 11669 11570 11571
f 11670 11571 11572
f 11671 11572 11573
f 11672 11573 11574
f 11673 11574 11575
f 11674 11575 11576
f 11675 11576 11577
f 11676 11577 11578
f 11677 11578 11579
f 11678 11579 11580
f 11679 11580 11581
f 11680 11581 11582
f 11681 11582 11583
f 11682 11583 11584
f 11683 11584 11585
f 11684 11585 11586
f 11685 11586 11587
f 11686 11587 11588
f 11687 11588 11589
f 11688 11589 11590
f 11689 11590 11591
f 11690 11591 11592
f 11691 11592 11593
f 11692 11595 11596
f 11693 11596 11597
f 11694 11597 11598
f 11695 11598 11599
f 11696 11599 11600
f 11697 11600 11601
f 11698 11601 11602
f 11699 11602 11603
f 11700 11603 11604
f 11701 11604 11605
f 11702 11605 11606
f 11703 11606 11607
f 11704 11607 11608
f 11705 11608 11609
f 11706 11609 11610
f 11707 11610 11611
f 11708 11611 11612
f 11709 11612 11613
f 11710 11613 11614
f 11711 11614 11615
f 11712 11615 11616
f 11713 11616 11617
f 11714 11617 11618
f 11715 11618 11619
f 11716 11619 11620
f 11717 11620 11621
f 11718 11621 11622
f 11719 11622 11623
f 11720 11623 11624
f 11721 11624 11625
f 11722 11625 11626
f 11723 11626 11627
f 11724 11627 11628
f 11725 11628 11629
f 11726 11629 11630
f 11727 11630 11631
f 11728 11631 11632
f 11729 11632 11633
f 11730 11633 11634
f 11731 11634 11635
f 11732 11635 11636
f 11733 11636 11637
f 11734 11637 11638
f 11735 11638 11639
f 11736 11639 11640
f 11737 11640 11641
f 11738 11641 11642
f 11739 11642 11643
f 11740 11643 11644
f 11741 11644 11645
f 11742 11645 11646
f 11743 11646 11647
f 11744 11647 11648
f 11745 11648 11649
f 11746 11649 11650
f 11747 11650 11651
f 11748 11651 11652
f 11749 11652 11653
f 11750 11653 11654
f 11751 11654 11655
f 11752 11655 11656
f 11753 11656 11657
f 11754 11657 11658
f 11755 11658 11659
f 11756 11659 11660
f 11757 11660 11661
f 11758 11661 11662
f 11759 11662 11663
f 11760 11663 11664
f 11761 11664 11665
f 11762 11665 11666
f 11763 11666 11667
f 11764 11667 11668
f 11765 11668 11669
f 11766 11669 11670
f 11767 11670 11671
f 11768 11671 11672
f 11769 11672 11673
f 11770 11673 11674
f 11771 11674 11675
f 11772 11675 11676
f 11773 11676 11677
f 11774 11677 11678
f 11775 11678 11679
f 11776 11679 11680
f 11777 11680 11681
f 11778 11681 11682
f 11779 11682 11683
f 11780 11683 11684
f 11781 11684 11685
f 11782 11685 11686
f 11783 11686 11687
f 11784 11687 11688
f 11785 11688 11689
f 11786 11689 11690
f 11787 11690 11691
f 11788 11691 11789
f 11790 11693 11694
f 11791 11694 11695
f 11792 11695 11696
f 11793 11696 11697
f 11794 11697 11698
f 11795 11698 11699
f 11796 11699 11700
f 11797 11700 11701
f 11798 11701 11702
f 11799 11702 11703
f 11800 11703 11704
f 11801 11704 11705
f 11802 11705 11706
f 11803 11706 11707
f 11804 11707 11708
f 11805 11708 11709
f 11806 11709 11710
f 11807 11710 11711
f 11808 11711 11712
f 11809 11712 11713
f 11810 11713 11714
f 11811 11714 11715
f 11812 11715 11716
f 11813 11716 11717
f 11814 11717 11718
f 11815 11718 11719
f 11816 11719 11720
f 11817 11720 11721
f 11818 11721 11722
f 11819 11722 11723
f 11820 11723 11724
f 11821 11724 11725
f 11822 11725 11726
f 11823 11726 11727
f 11824 11727 11728
f 11825 11728 11729
f 11826 11729 11730
f 11827 11730 11731
f 11828 11731 11732
f 11829 11732 11733
f 11830 11733 11734
f 11831 11734 11735
f 11832 11735 11736
f 11833 11736 11737
f 11834 11737 11738
f 11835 11738 11739
f 11836 11739 11740
f 11837 11740 11741
f 11838 11741 11742
f 11839 11742 11743
f 11840 11743 11744
f 11841 11744 11745
f 11842 11745 11746
f 11843 11746 11747
f 11844 11747 11748
f 11845 11748 11749
f 11846 11749 11750
f 11847 11750 11751
f 11848 11751 11752
f 11849 11752 11753
f 11850 11753 11754
f 11851 11754 11755
f 11852 11755 11756
f 11853 11756 11757
f 11854 11757 11758
f 11855 11758 11759
f 11856 11759 11760
f 11857 11760 11761
f 11858 11761 11762
f 11859 11762 11763
f 11860 11763 11764
f 11861 11764 11765
f 11862 11765 11766
f 11863 11766 11767
f 11864 11767 11768
f 11865 11768 11769
f 11866 11769 11770
f 11867 11770 11771
f 11868 11771 11772
f 11869 11772 11773
f 11870 11773 11774
f 11871 11774 11775
f 11872 11775 11776
f 11873 11776 11777
f 11874 11777 11778
f 11875 11778 11779
f 11876 11779 11780
f 11877 11780 11781
f 11878 11781 11782
f 11879 11782 11783
f 11880 11783 11784
f 11881 11784 11785
f 11882 11785 11786
f 11883 11786 11787
f 11884 11787 11788
f 11885 11788 11886
f 11887 11791 11792
f 11888 11792 11793
f 11889 11793 11794
f 11890 11794 11795
f 11891 11795 11796
f 11892 11796 11797
f 11893 11797 11798
f 11894 11798 11799
f 11895 11799 11800
f 11896 11800 11801
f 11897 11801 11802
f 11898 11802 11803
f 11899 11803 11804
f 11900 11804 11805
f 11901 11805 11806
f 11902 11806 11807
f 11903 11807 11808
f 11904 11808 11809
f 11905 11809 11810
f 11906 11810 11811
f 11907 11811 11812
f 11908 11812 11813
f 11909 11813 11814
f 11910 11814 11815
f 11911 11815 11816
f 11912 11816 11817
f 11913 11817 11818
f 11914 11818 11819
f 11915 11819 11820
f 11916 11820 11821
f 11917 11821 11822
f 11918 11822 11823
f 11919 11823 11824
f 11920 11824 11825
f 11921 11825 11826
f 11922 11826 11827
f 11923 11827 11828
f 11924 11828 11829
f 11925 11829 11830
f 11926 11830 11831
f 11927 11831 11832
f 11928 11832 11833
f 11929 11833 11834
f 11930 11834 11835
f 11931 11835 11836
f 11932 11836 11837
f 11933 11837 11838
f 11934 11838 11839
f 11935 11839 11840
f 11936 11840 11841
f 11937 11841 11842
f 11938 11842 11843
f 11939 11843 11844
f 11940 11844 11845
f 11941 11845 11846
f 11942 11846 11847
f 11943 11847 11848
f 11944 11848 11849
f 11945 11849 11850
f 11946 11850 11851
f 11947 11851 11852
f 11948 11852 11853
f 11949 11853 11854
f 11950 11854 11855
f 11951 11855 11856
f 11952 11856 11857
f 11953 11857 11858
f 11954 11858 11859
f 11955 11859 11860
f 11956 11860 11861
f 11957 11861 11862
f 11958 11862 11863
f 11959 11863 11864
f 11960 11864 11865
f 11961 11865 11866
f 11962 11866 11867
f 11963 11867 11868
f 11964 11868 11869
f 11965 11869 11870
f 11966 11870 11871
f 11967 11871 11872
f 11968 11872 11873
f 11969 11873 11874
f 11970 11874 11875
f 11971 11875 11876
f 11972 11876 11877
f 11973 11877 11878
f 11974 11878 11879
f 11975 11879 11880
f 11976 11880 11881
f 11977 11881 11882
f 11978 11882 11883
f 11979 11883 11884
f 11980 11884 11885
f 11981 11885 11982
f 11983 11888 11889
f 11984 11889 11890
f 11985 11890 11891
f 11986 11891 11892
f 11987 11892 11893
f 11988 11893 11894
f 11989 11894 11895
f 11990 11895 11896
f 11991 11896 11897
f 11992 11897 11898
f 11993 11898 11899
f 11994 11899 11900
f 11995 11900 11901
f 11996 11901 11902
f 11997 11902 11903
f 11998 11903 11904
f 11999 11904 11905
f 12000 11905 11906
f 12001 11906 11907
f 12002 11907 11908
f 12003 11908 11909
f 12004 11909 11910
f 12005 11910 11911
f 12006 11911 11912
f 12007 11912 11913
f 12008 11913 11914
f 12009 11914 11915
f 12010 11915 11916
f 12011 11916 11917
f 12012 11917 11918
f 12013 11918 11919
f 12014 11919 11920
f 12015 11920 11921
f 12016 11921 11922
f 12017 11922 11923
f 12018 11923 11924
f 12019 11924 11925
f 12020 11925 11926
f 12021 11926 11927
f 12022 11927 11928
f 12023 11928 11929
f 12024 11929 11930
f 12025 11930 11931
f 12026 11931 11932
f 12027 11932 11933
f 12028 11933 11934
f 12029 11934 11935
f 12030 11935 11936
f 12031 11936 11937
f 12032 11937 11938
f 12033 11938 11939
f 12034 11939 11940
f 12035 11940 11941
f 12036 11941 11942
f 12037 11942 11943
f 12038 11943 11944
f 12039 11944 11945
f 12040 11945 11946
f 12041 11946 11947
f 12042 11947 11948
f 12043 11948 11949
f 12044 11949 11950
f 12045 11950 11951
f 12046 11951 11952
f 12047 11952 11953
f 12048 11953 11954
f 12049 11954 11955
f 12050 11955 11956
f 12051 11956 11957
f 12052 11957 11958
f 12053 11958 11959
f 12054 11959 11960
f 12055 11960 11961
f 12056 11961 11962
f 12057 11962 11963
f 12058 11963 11964
f 12059 11964 11965
f 12060 11965 11966
f 12061 11966 11967
f 12062 11967 11968
f 12063 11968 11969
f 12064 11969 11970
f 12065 11970 11971
f 12066 11971 11972
f 12067 11972 11973
f 12068 11973 11974
f 12069 11974 11975
f 12070 11975 11976
f 12071 11976 11977
f 12072 11977 11978
f 12073 11978 11979
f 12074 11979 11980
f 12075 11980 11981
f 6945 11984 11985
f 6946 11985 11986
f 6947 11986 11987
f 6948 11987 11988
f 6949 11988 11989
f 6950 11989 11990
f 6951 11990 11991
f 6952 11991 11992
f 6953 11992 11993
f 6954 11993 11994
f 6955 11994 11995
f 6956 11995 11996
f 6957 11996 11997
f 6958 11997 11998
f 6959 11998 11999
f 6960 11999 12000
f 6961 12000 12001
f 6962 12001 12002
f 6963 12002 12003
f 6964 12003 12004
f 6965 12004 12005
f 6966 12005 12006
f 6967 12006 12007
f 6968 12007 12008
f 6969 12008 12009
f 6970 12009 12010
f 6971 12010 12011
f 6972 12011 12012
f 6973 12012 12013
f 6974 12013 12014
f 6975 12014 12015
f 6976 12015 12016
f 6977 12016 12017
f 6978 12017 12018
f 6979 12018 12019
f 6980 12019 12020
f 6981 12020 12021
f 6982 12021 12022
f 6983 12022 12023
f 6984 12023 12024
f 6985 12024 12025
f 6986 12025 12026
f 6987 12026 12027
f 6988 12027 12028
f 6989 12028 12029
f 6990 12029 12030
f 6991 12030 12031
f 6992 12031 12032
f 6993 12032 12033
f 6994 12033 12034
f 6995 12034 12035
f 6996 12035 12036
f 6997 12036 12037
f 6998 12037 12038
f 6999 12038 12039
f 7000 12039 12040
f 7001 12040 12041
f 7002 12041 12042
f 7003 12042 12043
f 7004 12043 12044
f 7005 12044 12045
f 7006 12045 12046
f 7007 12046 12047
f 7008 12047 12048
f 7009 12048 12049
f 7010 12049 12050
f 7011 12050 12051
f 7012 12051 12052
f 7013 12052 12053
f 7014 12053 12054
f 7015 12054 12055
f 7016 12055 12056
f 7017 12056 12057
f 7018 12057 12058
f 7019 12058 12059
f 7020 12059 12060
f 7021 12060 12061
f 7022 12061 12062
f 7023 12062 12063
f 7024 12063 12064
f 7025 12064 12065
f 7026 12065 12066
f 7027 12066 12067
f 7028 12067 12068
f 7029 12068 12069
f 7030 12069 12070
f 7031 12070 12071
f 7032 12071 12072
f 7033 12072 12073
f 7034 12073 12074
f 7035 12074 12075
f 7036 12075 12076
f 1322 1265 7037
f 7262 12077 7038
f 7038 12078 7262
f 7425 12078 7039
f 7039 12079 7425
f 7585 12079 7040
f 7898 7040 7041
f 7897 12080 7042
f 8051 12081 7043
f 8201 12082 7044
f 8494 7044 7045
f 8493 12083 7046
f 8637 12084 7047
f 8917 7047 7048
f 8916 12085 7049
f 9053 12086 7050
f 9320 7050 7051
f 9319 12087 7052
f 9578 7052 7053
f 9706 9579 7054
f 9705 7055 7056
f 9705 12088 7055
f 9952 7056 7057
f 9951 7058 7059
f 9951 12089 7058
f 10192 7059 7060
f 10191 7061 7062
f 10191 12090 7061
f 10424 7062 7063
f 10423 7064 7065
f 10423 12091 7064
f 10650 7066 7067
f 10650 7065 7066
f 10762 7067 7068
f 10761 7069 7070
f 10761 12092 7069
f 10978 7071 7072
f 10978 7070 7071
f 10977 7073 7074
f 10977 12093 7073
f 11188 7075 7076
f 11188 7074 7075
f 7077 7078 12094
f 11292 7076 7077
f 11291 7079 7080
f 11291 12094 7079
f 11494 7080 7081
f 11594 7082 7083
f 11594 7081 7082
f 12095 7083 7084
f 11593 12095 7085
f 11789 7086 7087
f 11789 7085 7086
f 11982 11886 7088
f 11886 7087 7088
f 11982 7089 7090
f 11981 7091 7092
f 11981 12096 7091
f 12076 7092 7093
f 6941 6943 11983
f 11984 6945 6942
f 6942 6941 11984
f 11888 11983 6944
f 11887 6944 6939
f 11791 11887 6938
f 6938 6940 11791
f 11790 6940 6936
f 6935 6937 11692
f 11693 11790 6935
f 11692 6937 6934
f 6933 6932 11495
f 11496 11595 6933
f 11495 6932 6931
f 11395 11495 6930
f 11394 6930 6929
f 6929 6926 11394
f 11294 11394 6925
f 6927 6928 11189
f 11190 11293 6927
f 11189 6928 6923
f 11085 11189 6922
f 10980 6920 6919
f 10980 11084 6924
f 6924 6920 10980
f 10872 10979 6921
f 10871 6921 6918
f 10763 10871 6917
f 10763 10764 10871
f 10763 6916 6915
f 10652 10653 10763
f 10652 6913 6912
f 10539 6910 6909
f 10539 10651 6914
f 6914 6910 10539
f 6908 6906 10425
f 10426 10538 6911
f 6911 6908 10426
f 6905 6907 10309
f 10310 10425 6905
f 10309 6907 6904
f 10194 10309 6903
f 6902 6901 10074
f 10075 10193 6902
f 10074 10075 6902
f 6899 6898 9953
f 9954 10073 6899
f 9953 9954 6899
f 9831 9953 6895
f 9708 9830 6897
f 9707 6897 6893
f 9581 9582 9707
f 9581 6892 6894
f 9580 6894 6889
f 6888 6891 9451
f 9452 9580 6888
f 6887 6886 9322
f 9323 9451 6890
f 6890 6887 9323
f 6884 6882 9188
f 9189 9321 6885
f 6885 6884 9189
f 9056 6881 6883
f 9056 9188 6881
f 9054 6883 6880
f 8919 6878 6877
f 8919 9054 6878
f 8780 6876 6874
f 8780 8918 6879
f 6879 6876 8780
f 8779 6874 6873
f 8639 8778 6875
f 8638 6875 6872
f 8497 8638 6871
f 8496 6871 6870
f 8495 6870 6869
f 8350 8495 6868
f 8204 8349 6867
f 8203 6866 6864
f 8203 6867 6866
f 8054 8202 6863
f 8053 6863 6865
f 8052 6865 6862
f 7901 6859 6858
f 7901 8052 6859
f 6858 6861 7899
f 7743 7744 6857
f 7744 7899 6860
f 6860 6857 7744
f 7588 7743 6854
f 6854 7587 7588
f 6853 6855 7586
f 7586 6855 6851
f 7428 7586 6849
f 6849 7427 7428
f 6848 6850 7426
f 7265 6852 6847
f 7265 7426 6852
f 6847 7264 7265
f 6844 6843 7263
f 6846 6845 7098
f 7099 7263 6846
f 7098 6845 6841
f 6841 7097 7098
f 1554 7097 6838
f 6838 1555 1554
f 6840 6842 1508
f 1406 1508 6842
f 1508 1555 6840
f 6838 6840 1555
f 6838 7097 6839
f 6841 6839 7097
f 7098 7099 6846
f 6846 7263 6843
f 7263 7264 6844
f 6847 6844 7264
f 6852 7426 6850
f 7426 7427 6848
f 6849 6848 7427
f 6851 6849 7586
f 7586 7587 6853
f 6854 6853 7587
f 6854 7743 6856
f 6857 6856 7743
f 6860 7899 6861
f 7899 7900 6858
f 6858 7900 7901
f 6862 6859 8052
f 6865 8052 8053
f 6863 8053 8054
f 6863 8202 6864
f 6864 8202 8203
f 6867 8203 8204
f 6867 8349 6868
f 6868 8349 8350
f 6869 6868 8495
f 6870 8495 8496
f 6871 8496 8497
f 6872 6871 8638
f 6875 8638 8639
f 6875 8778 6873
f 6873 8778 8779
f 6874 8779 8780
f 6879 8918 6877
f 6877 8918 8919
f 6880 6878 9054
f 6883 9054 9055
f 6883 9055 9056
f 6881 9188 6882
f 9188 9189 6884
f 6885 9321 6886
f 6886 9321 9322
f 9322 9323 6887
f 6890 9451 6891
f 9451 9452 6888
f 6889 6888 9580
f 6894 9580 9581
f 9707 6892 9581
f 6893 6892 9707
f 6897 9707 9708
f 6897 9830 6895
f 6895 9830 9831
f 6895 9953 6896
f 6898 6896 9953
f 6899 10073 6900
f 6900 10073 10074
f 6901 6900 10074
f 6902 10193 6903
f 6903 10193 10194
f 6904 6903 10309
f 10309 10310 6905
f 6905 10425 6906
f 10425 10426 6908
f 6911 10538 6909
f 6909 10538 10539
f 6914 10651 6912
f 6912 10651 10652
f 10763 6913 10652
f 6915 6913 10763
f 6917 6916 10763
f 6918 6917 10871
f 6921 10871 10872
f 6921 10979 6919
f 6919 10979 10980
f 6924 11084 6922
f 6922 11084 11085
f 6923 6922 11189
f 11189 11190 6927
f 6927 11293 6925
f 6925 11293 11294
f 6926 6925 11394
f 6930 11394 11395
f 6931 6930 11495
f 11495 11496 6933
f 6933 11595 11692
f 6934 6933 11692
f 11692 11693 6935
f 6936 6935 11790
f 6940 11790 11791
f 6939 6938 11887
f 6944 11887 11888
f 6944 11983 6943
f 11983 11984 6941
f 7093 7094 12076
f 7092 12076 11981
f 7091 12096 7090
f 7090 12096 11982
f 7088 7089 11982
f 7087 11886 11789
f 7085 11789 11593
f 7084 7085 12095
f 7083 12095 11594
f 7081 11594 11494
f 7080 11494 11291
f 7079 12094 7078
f 12094 11292 7077
f 7076 11292 11188
f 7074 11188 10977
f 7073 12093 7072
f 7072 12093 10978
f 7070 10978 10761
f 7069 12092 7068
f 7068 12092 10762
f 7067 10762 10650
f 7065 10650 10423
f 7064 12091 7063
f 7063 12091 10424
f 7062 10424 10191
f 7061 12090 7060
f 7060 12090 10192
f 7059 10192 9951
f 7058 12089 7057
f 7057 12089 9952
f 7056 9952 9705
f 7055 12088 7054
f 7054 12088 9706
f 7054 9579 7053
f 7053 9579 9578
f 7052 9578 9319
f 7052 12087 7051
f 7051 12087 9320
f 7050 9320 9053
f 7050 12086 7049
f 7049 12086 8916
f 7049 12085 7048
f 7048 12085 8917
f 7047 8917 8637
f 7047 12084 7046
f 7046 12084 8493
f 7046 12083 7045
f 7045 12083 8494
f 7044 8494 8201
f 7044 12082 7043
f 7043 12082 8051
f 7043 12081 7042
f 7042 12081 7897
f 7042 12080 7041
f 7041 12080 7898
f 7040 7898 7585
f 7040 12079 7039
f 12078 7095 7039
f 7095 12078 7038
f 12077 7096 7038
f 7096 12077 7037
f 7037 12077 1322
f 12076 7094 7036
f 12075 7036 7035
f 12074 7035 7034
f 12073 7034 7033
f 12072 7033 7032
f 12071 7032 7031
f 12070 7031 7030
f 12069 7030 7029
f 12068 7029 7028
f 12067 7028 7027
f 12066 7027 7026
f 12065 7026 7025
f 12064 7025 7024
f 12063 7024 7023
f 12062 7023 7022
f 12061 7022 7021
f 12060 7021 7020
f 12059 7020 7019
f 12058 7019 7018
f 12057 7018 7017
f 12056 7017 7016
f 12055 7016 7015
f 12054 7015 7014
f 12053 7014 7013
f 12052 7013 7012
f 12051 7012 7011
f 12050 7011 7010
f 12049 7010 7009
f 12048 7009 7008
f 12047 7008 7007
f 12046 7007 7006
f 12045 7006 7005
f 12044 7005 7004
f 12043 7004 7003
f 12042 7003 7002
f 12041 7002 7001
f 12040 7001 7000
f 12039 7000 6999
f 12038 6999 6998
f 12037 6998 6997
f 12036 6997 6996
f 12035 6996 6995
f 12034 6995 6994
f 12033 6994 6993
f 12032 6993 6992
f 12031 6992 6991
f 12030 6991 6990
f 12029 6990 6989
f 12028 6989 6988
f 12027 6988 6987
f 12026 6987 6986
f 12025 6986 6985
f 12024 6985 6984
f 12023 6984 6983
f 12022 6983 6982
f 12021 6982 6981
f 12020 6981 6980
f 12019 6980 6979
f 12018 6979 6978
f 12017 6978 6977
f 12016 6977 6976
f 12015 6976 6975
f 12014 6975 6974
f 12013 6974 6973
f 12012 6973 6972
f 12011 6972 6971
f 12010 6971 6970
f 12009 6970 6969
f 12008 6969 6968
f 12007 6968 6967
f 12006 6967 6966
f 12005 6966 6965
f 12004 6965 6964
f 12003 6964 6963
f 12002 6963 6962
f 12001 6962 6961
f 12000 6961 6960
f 11999 6960 6959
f 11998 6959 6958
f 11997 6958 6957
f 11996 6957 6956
f 11995 6956 6955
f 11994 6955 6954
f 11993 6954 6953
f 11992 6953 6952
f 11991 6952 6951
f 11990 6951 6950
f 11989 6950 6949
f 11988 6949 6948
f 11987 6948 6947
f 11986 6947 6946
f 11985 6946 6945
f 11981 12076 12075
f 11980 12075 12074
f 11979 12074 12073
f 11978 12073 12072
f 11977 12072 12071
f 11976 12071 12070
f 11975 12070 12069
f 11974 12069 12068
f 11973 12068 12067
f 11972 12067 12066
f 11971 12066 12065
f 11970 12065 12064
f 11969 12064 12063
f 11968 12063 12062
f 11967 12062 12061
f 11966 12061 12060
f 11965 12060 12059
f 11964 12059 12058
f 11963 12058 12057
f 11962 12057 12056
f 11961 12056 12055
f 11960 12055 12054
f 11959 12054 12053
f 11958 12053 12052
f 11957 12052 12051
f 11956 12051 12050
f 11955 12050 12049
f 11954 12049 12048
f 11953 12048 12047
f 11952 12047 12046
f 11951 12046 12045
f 11950 12045 12044
f 11949 12044 12043
f 11948 12043 12042
f 11947 12042 12041
f 11946 12041 12040
f 11945 12040 12039
f 11944 12039 12038
f 11943 12038 12037
f 11942 12037 12036
f 11941 12036 12035
f 11940 12035 12034
f 11939 12034 12033
f 11938 12033 12032
f 11937 12032 12031
f 11936 12031 12030
f 11935 12030 12029
f 11934 12029 12028
f 11933 12028 12027
f 11932 12027 12026
f 11931 12026 12025
f 11930 12025 12024
f 11929 12024 12023
f 11928 12023 12022
f 11927 12022 12021
f 11926 12021 12020
f 11925 12020 12019
f 11924 12019 12018
f 11923 12018 12017
f 11922 12017 12016
f 11921 12016 12015
f 11920 12015 12014
f 11919 12014 12013
f 11918 12013 12012
f 11917 12012 12011
f 11916 12011 12010
f 11915 12010 12009
f 11914 12009 12008
f 11913 12008 12007
f 11912 12007 12006
f 11911 12006 12005
f 11910 12005 12004
f 11909 12004 12003
f 11908 12003 12002
f 11907 12002 12001
f 11906 12001 12000
f 11905 12000 11999
f 11904 11999 11998
f 11903 11998 11997
f 11902 11997 11996
f 11901 11996 11995
f 11900 11995 11994
f 11899 11994 11993
f 11898 11993 11992
f 11897 11992 11991
f 11896 11991 11990
f 11895 11990 11989
f 11894 11989 11988
f 11893 11988 11987
f 11892 11987 11986
f 11891 11986 11985
f 11890 11985 11984
f 11889 11984 11983
f 11982 12096 11981
f 11885 11981 11980
f 11884 11980 11979
f 11883 11979 11978
f 11882 11978 11977
f 11881 11977 11976
f 11880 11976 11975
f 11879 11975 11974
f 11878 11974 11973
f 11877 11973 11972
f 11876 11972 11971
f 11875 11971 11970
f 11874 11970 11969
f 11873 11969 11968
f 11872 11968 11967
f 11871 11967 11966
f 11870 11966 11965
f 11869 11965 11964
f 11868 11964 11963
f 11867 11963 11962
f 11866 11962 11961
f 11865 11961 11960
f 11864 11960 11959
f 11863 11959 11958
f 11862 11958 11957
f 11861 11957 11956
f 11860 11956 11955
f 11859 11955 11954
f 11858 11954 11953
f 11857 11953 11952
f 11856 11952 11951
f 11855 11951 11950
f 11854 11950 11949
f 11853 11949 11948
f 11852 11948 11947
f 11851 11947 11946
f 11850 11946 11945
f 11849 11945 11944
f 11848 11944 11943
f 11847 11943 11942
f 11846 11942 11941
f 11845 11941 11940
f 11844 11940 11939
f 11843 11939 11938
f 11842 11938 11937
f 11841 11937 11936
f 11840 11936 11935
f 11839 11935 11934
f 11838 11934 11933
f 11837 11933 11932
f 11836 11932 11931
f 11835 11931 11930
f 11834 11930 11929
f 11833 11929 11928
f 11832 11928 11927
f 11831 11927 11926
f 11830 11926 11925
f 11829 11925 11924
f 11828 11924 11923
f 11827 11923 11922
f 11826 11922 11921
f 11825 11921 11920
f 11824 11920 11919
f 11823 11919 11918
f 11822 11918 11917
f 11821 11917 11916
f 11820 11916 11915
f 11819 11915 11914
f 11818 11914 11913
f 11817 11913 11912
f 11816 11912 11911
f 11815 11911 11910
f 11814 11910 11909
f 11813 11909 11908
f 11812 11908 11907
f 11811 11907 11906
f 11810 11906 11905
f 11809 11905 11904
f 11808 11904 11903
f 11807 11903 11902
f 11806 11902 11901
f 11805 11901 11900
f 11804 11900 11899
f 11803 11899 11898
f 11802 11898 11897
f 11801 11897 11896
f 11800 11896 11895
f 11799 11895 11894
f 11798 11894 11893
f 11797 11893 11892
f 11796 11892 11891
f 11795 11891 11890
f 11794 11890 11889
f 11793 11889 11888
f 11792 11888 11887
f 11886 11982 11885
f 11788 11885 11884
f 11787 11884 11883
f 11786 11883 11882
f 11785 11882 11881
f 11784 11881 11880
f 11783 11880 11879
f 11782 11879 11878
f 11781 11878 11877
f 11780 11877 11876
f 11779 11876 11875
f 11778 11875 11874
f 11777 11874 11873
f 11776 11873 11872
f 11775 11872 11871
f 11774 11871 11870
f 11773 11870 11869
f 11772 11869 11868
f 11771 11868 11867
f 11770 11867 11866
f 11769 11866 11865
f 11768 11865 11864
f 11767 11864 11863
f 11766 11863 11862
f 11765 11862 11861
f 11764 11861 11860
f 11763 11860 11859
f 11762 11859 11858
f 11761 11858 11857
f 11760 11857 11856
f 11759 11856 11855
f 11758 11855 11854
f 11757 11854 11853
f 11756 11853 11852
f 11755 11852 11851
f 11754 11851 11850
f 11753 11850 11849
f 11752 11849 11848
f 11751 11848 11847
f 11750 11847 11846
f 11749 11846 11845
f 11748 11845 11844
f 11747 11844 11843
f 11746 11843 11842
f 11745 11842 11841
f 11744 11841 11840
f 11743 11840 11839
f 11742 11839 11838
f 11741 11838 11837
f 11740 11837 11836
f 11739 11836 11835
f 11738 11835 11834
f 11737 11834 11833
f 11736 11833 11832
f 11735 11832 11831
f 11734 11831 11830
f 11733 11830 11829
f 11732 11829 11828
f 11731 11828 11827
f 11730 11827 11826
f 11729 11826 11825
f 11728 11825 11824
f 11727 11824 11823
f 11726 11823 11822
f 11725 11822 11821
f 11724 11821 11820
f 11723 11820 11819
f 11722 11819 11818
f 11721 11818 11817
f 11720 11817 11816
f 11719 11816 11815
f 11718 11815 11814
f 11717 11814 11813
f 11716 11813 11812
f 11715 11812 11811
f 11714 11811 11810
f 11713 11810 11809
f 11712 11809 11808
f 11711 11808 11807
f 11710 11807 11806
f 11709 11806 11805
f 11708 11805 11804
f 11707 11804 11803
f 11706 11803 11802
f 11705 11802 11801
f 11704 11801 11800
f 11703 11800 11799
f 11702 11799 11798
f 11701 11798 11797
f 11700 11797 11796
f 11699 11796 11795
f 11698 11795 11794
f 11697 11794 11793
f 11696 11793 11792
f 11695 11792 11791
f 11694 11791 11790
f 11789 11886 11788
f 11691 11788 11787
f 11690 11787 11786
f 11689 11786 11785
f 11688 11785 11784
f 11687 11784 11783
f 11686 11783 11782
f 11685 11782 11781
f 11684 11781 11780
f 11683 11780 11779
f 11682 11779 11778
f 11681 11778 11777
f 11680 11777 11776
f 11679 11776 11775
f 11678 11775 11774
f 11677 11774 11773
f 11676 11773 11772
f 11675 11772 11771
f 11674 11771 11770
f 11673 11770 11769
f 11672 11769 11768
f 11671 11768 11767
f 11670 11767 11766
f 11669 11766 11765
f 11668 11765 11764
f 11667 11764 11763
f 11666 11763 11762
f 11665 11762 11761
f 11664 11761 11760
f 11663 11760 11759
f 11662 11759 11758
f 11661 11758 11757
f 11660 11757 11756
f 11659 11756 11755
f 11658 11755 11754
f 11657 11754 11753
f 11656 11753 11752
f 11655 11752 11751
f 11654 11751 11750
f 11653 11750 11749
f 11652 11749 11748
f 11651 11748 11747
f 11650 11747 11746
f 11649 11746 11745
f 11648 11745 11744
f 11647 11744 11743
f 11646 11743 11742
f 11645 11742 11741
f 11644 11741 11740
f 11643 11740 11739
f 11642 11739 11738
f 11641 11738 11737
f 11640 11737 11736
f 11639 11736 11735
f 11638 11735 11734
f 11637 11734 11733
f 11636 11733 11732
f 11635 11732 11731
f 11634 11731 11730
f 11633 11730 11729
f 11632 11729 11728
f 11631 11728 11727
f 11630 11727 11726
f 11629 11726 11725
f 11628 11725 11724
f 11627 11724 11723
f 11626 11723 11722
f 11625 11722 11721
f 11624 11721 11720
f 11623 11720 11719
f 11622 11719 11718
f 11621 11718 11717
f 11620 11717 11716
f 11619 11716 11715
f 11618 11715 11714
f 11617 11714 11713
f 11616 11713 11712
f 11615 11712 11711
f 11614 11711 11710
f 11613 11710 11709
f 11612 11709 11708
f 11611 11708 11707
f 11610 11707 11706
f 11609 11706 11705
f 11608 11705 11704
f 11607 11704 11703
f 11606 11703 11702
f 11605 11702 11701
f 11604 11701 11700
f 11603 11700 11699
f 11602 11699 11698
f 11601 11698 11697
f 11600 11697 11696
f 11599 11696 11695
f 11598 11695 11694
f 11597 11694 11693
f 11596 11693 11692
f 11593 11789 11691
f 11592 11691 11690
f 11591 11690 11689
f 11590 11689 11688
f 11589 11688 11687
f 11588 11687 11686
f 11587 11686 11685
f 11586 11685 11684
f 11585 11684 11683
f 11584 11683 11682
f 11583 11682 11681
f 11582 11681 11680
f 11581 11680 11679
f 11580 11679 11678
f 11579 11678 11677
f 11578 11677 11676
f 11577 11676 11675
f 11576 11675 11674
f 11575 11674 11673
f 11574 11673 11672
f 11573 11672 11671
f 11572 11671 11670
f 11571 11670 11669
f 11570 11669 11668
f 11569 11668 11667
f 11568 11667 11666
f 11567 11666 11665
f 11566 11665 11664
f 11565 11664 11663
f 11564 11663 11662
f 11563 11662 11661
f 11562 11661 11660
f 11561 11660 11659
f 11560 11659 11658
f 11559 11658 11657
f 11558 11657 11656
f 11557 11656 11655
f 11556 11655 11654
f 11555 11654 11653
f 11554 11653 11652
f 11553 11652 11651
f 11552 11651 11650
f 11551 11650 11649
f 11550 11649 11648
f 11549 11648 11647
f 11548 11647 11646
f 11547 11646 11645
f 11546 11645 11644
f 11545 11644 11643
f 11544 11643 11642
f 11543 11642 11641
f 11542 11641 11640
f 11541 11640 11639
f 11540 11639 11638
f 11539 11638 11637
f 11538 11637 11636
f 11537 11636 11635
f 11536 11635 11634
f 11535 11634 11633
f 11534 11633 11632
f 11533 11632 11631
f 11532 11631 11630
f 11531 11630 11629
f 11530 11629 11628
f 11529 11628 11627
f 11528 11627 11626
f 11527 11626 11625
f 11526 11625 11624
f 11525 11624 11623
f 11524 11623 11622
f 11523 11622 11621
f 11522 11621 11620
f 11521 11620 11619
f 11520 11619 11618
f 11519 11618 11617
f 11518 11617 11616
f 11517 11616 11615
f 11516 11615 11614
f 11515 11614 11613
f 11514 11613 11612
f 11513 11612 11611
f 11512 11611 11610
f 11511 11610 11609
f 11510 11609 11608
f 11509 11608 11607
f 11508 11607 11606
f 11507 11606 11605
f 11506 11605 11604
f 11505 11604 11603
f 11504 11603 11602
f 11503 11602 11601
f 11502 11601 11600
f 11501 11600 11599
f 11500 11599 11598
f 11499 11598 11597
f 11498 11597 11596
f 11497 11596 11595
f 11594 12095 11593
f 11493 11593 11592
f 11492 11592 11591
f 11491 11591 11590
f 11490 11590 11589
f 11489 11589 11588
f 11488 11588 11587
f 11487 11587 11586
f 11486 11586 11585
f 11485 11585 11584
f 11484 11584 11583
f 11483 11583 11582
f 11482 11582 11581
f 11481 11581 11580
f 11480 11580 11579
f 11479 11579 11578
f 11478 11578 11577
f 11477 11577 11576
f 11476 11576 11575
f 11475 11575 11574
f 11474 11574 11573
f 11473 11573 11572
f 11472 11572 11571
f 11471 11571 11570
f 11470 11570 11569
f 11469 11569 11568
f 11468 11568 11567
f 11467 11567 11566
f 11466 11566 11565
f 11465 11565 11564
f 11464 11564 11563
f 11463 11563 11562
f 11462 11562 11561
f 11461 11561 11560
f 11460 11560 11559
f 11459 11559 11558
f 11458 11558 11557
f 11457 11557 11556
f 11456 11556 11555
f 11455 11555 11554
f 11454 11554 11553
f 11453 11553 11552
f 11452 11552 11551
f 11451 11551 11550
f 11450 11550 11549
f 11449 11549 11548
f 11448 11548 11547
f 11447 11547 11546
f 11446 11546 11545
f 11445 11545 11544
f 11444 11544 11543
f 11443 11543 11542
f 11442 11542 11541
f 11441 11541 11540
f 11440 11540 11539
f 11439 11539 11538
f 11438 11538 11537
f 11437 11537 11536
f 11436 11536 11535
f 11435 11535 11534
f 11434 11534 11533
f 11433 11533 11532
f 11432 11532 11531
f 11431 11531 11530
f 11430 11530 11529
f 11429 11529 11528
f 11428 11528 11527
f 11427 11527 11526
f 11426 11526 11525
f 11425 11525 11524
f 11424 11524 11523
f 11423 11523 11522
f 11422 11522 11521
f 11421 11521 11520
f 11420 11520 11519
f 11419 11519 11518
f 11418 11518 11517
f 11417 11517 11516
f 11416 11516 11515
f 11415 11515 11514
f 11414 11514 11513
f 11413 11513 11512
f 11412 11512 11511
f 11411 11511 11510
f 11410 11510 11509
f 11409 11509 11508
f 11408 11508 11507
f 11407 11507 11506
f 11406 11506 11505
f 11405 11505 11504
f 11404 11504 11503
f 11403 11503 11502
f 11402 11502 11501
f 11401 11501 11500
f 11400 11500 11499
f 11399 11499 11498
f 11398 11498 11497
f 11397 11497 11496
f 11396 11496 11495
f 11494 11594 11493
f 11393 11493 11492
f 11392 11492 11491
f 11391 11491 11490
f 11390 11490 11489
f 11389 11489 11488
f 11388 11488 11487
f 11387 11487 11486
f 11386 11486 11485
f 11385 11485 11484
f 11384 11484 11483
f 11383 11483 11482
f 11382 11482 11481
f 11381 11481 11480
f 11380 11480 11479
f 11379 11479 11478
f 11378 11478 11477
f 11377 11477 11476
f 11376 11476 11475
f 11375 11475 11474
f 11374 11474 11473
f 11373 11473 11472
f 11372 11472 11471
f 11371 11471 11470
f 11370 11470 11469
f 11369 11469 11468
f 11368 11468 11467
f 11367 11467 11466
f 11366 11466 11465
f 11365 11465 11464
f 11364 11464 11463
f 11363 11463 11462
f 11362 11462 11461
f 11361 11461 11460
f 11360 11460 11459
f 11359 11459 11458
f 11358 11458 11457
f 11357 11457 11456
f 11356 11456 11455
f 11355 11455 11454
f 11354 11454 11453
f 11353 11453 11452
f 11352 11452 11451
f 11351 11451 11450
f 11350 11450 11449
f 11349 11449 11448
f 11348 11448 11447
f 11347 11447 11446
f 11346 11446 11445
f 11345 11445 11444
f 11344 11444 11443
f 11343 11443 11442
f 11342 11442 11441
f 11341 11441 11440
f 11340 11440 11439
f 11339 11439 11438
f 11338 11438 11437
f 11337 11437 11436
f 11336 11436 11435
f 11335 11435 11434
f 11334 11434 11433
f 11333 11433 11432
f 11332 11432 11431
f 11331 11431 11430
f 11330 11430 11429
f 11329 11429 11428
f 11328 11428 11427
f 11327 11427 11426
f 11326 11426 11425
f 11325 11425 11424
f 11324 11424 11423
f 11323 11423 11422
f 11322 11422 11421
f 11321 11421 11420
f 11320 11420 11419
f 11319 11419 11418
f 11318 11418 11417
f 11317 11417 11416
f 11316 11416 11415
f 11315 11415 11414
f 11314 11414 11413
f 11313 11413 11412
f 11312 11412 11411
f 11311 11411 11410
f 11310 11410 11409
f 11309 11409 11408
f 11308 11408 11407
f 11307 11407 11406
f 11306 11406 11405
f 11305 11405 11404
f 11304 11404 11403
f 11303 11403 11402
f 11302 11402 11401
f 11301 11401 11400
f 11300 11400 11399
f 11299 11399 11398
f 11298 11398 11397
f 11297 11397 11396
f 11296 11396 11395
f 11295 11395 11394
f 11291 11494 11393
f 11290 11393 11392
f 11289 11392 11391
f 11288 11391 11390
f 11287 11390 11389
f 11286 11389 11388
f 11285 11388 11387
f 11284 11387 11386
f 11283 11386 11385
f 11282 11385 11384
f 11281 11384 11383
f 11280 11383 11382
f 11279 11382 11381
f 11278 11381 11380
f 11277 11380 11379
f 11276 11379 11378
f 11275 11378 11377
f 11274 11377 11376
f 11273 11376 11375
f 11272 11375 11374
f 11271 11374 11373
f 11270 11373 11372
f 11269 11372 11371
f 11268 11371 11370
f 11267 11370 11369
f 11266 11369 11368
f 11265 11368 11367
f 11264 11367 11366
f 11263 11366 11365
f 11262 11365 11364
f 11261 11364 11363
f 11260 11363 11362
f 11259 11362 11361
f 11258 11361 11360
f 11257 11360 11359
f 11256 11359 11358
f 11255 11358 11357
f 11254 11357 11356
f 11253 11356 11355
f 11252 11355 11354
f 11251 11354 11353
f 11250 11353 11352
f 11249 11352 11351
f 11248 11351 11350
f 11247 11350 11349
f 11246 11349 11348
f 11245 11348 11347
f 11244 11347 11346
f 11243 11346 11345
f 11242 11345 11344
f 11241 11344 11343
f 11240 11343 11342
f 11239 11342 11341
f 11238 11341 11340
f 11237 11340 11339
f 11236 11339 11338
f 11235 11338 11337
f 11234 11337 11336
f 11233 11336 11335
f 11232 11335 11334
f 11231 11334 11333
f 11230 11333 11332
f 11229 11332 11331
f 11228 11331 11330
f 11227 11330 11329
f 11226 11329 11328
f 11225 11328 11327
f 11224 11327 11326
f 11223 11326 11325
f 11222 11325 11324
f 11221 11324 11323
f 11220 11323 11322
f 11219 11322 11321
f 11218 11321 11320
f 11217 11320 11319
f 11216 11319 11318
f 11215 11318 11317
f 11214 11317 11316
f 11213 11316 11315
f 11212 11315 11314
f 11211 11314 11313
f 11210 11313 11312
f 11209 11312 11311
f 11208 11311 11310
f 11207 11310 11309
f 11206 11309 11308
f 11205 11308 11307
f 11204 11307 11306
f 11203 11306 11305
f 11202 11305 11304
f 11201 11304 11303
f 11200 11303 11302
f 11199 11302 11301
f 11198 11301 11300
f 11197 11300 11299
f 11196 11299 11298
f 11195 11298 11297
f 11194 11297 11296
f 11193 11296 11295
f 11192 11295 11294
f 11191 11294 11293
f 11292 12094 11291
f 11187 11291 11290
f 11186 11290 11289
f 11185 11289 11288
f 11184 11288 11287
f 11183 11287 11286
f 11182 11286 11285
f 11181 11285 11284
f 11180 11284 11283
f 11179 11283 11282
f 11178 11282 11281
f 11177 11281 11280
f 11176 11280 11279
f 11175 11279 11278
f 11174 11278 11277
f 11173 11277 11276
f 11172 11276 11275
f 11171 11275 11274
f 11170 11274 11273
f 11169 11273 11272
f 11168 11272 11271
f 11167 11271 11270
f 11166 11270 11269
f 11165 11269 11268
f 11164 11268 11267
f 11163 11267 11266
f 11162 11266 11265
f 11161 11265 11264
f 11160 11264 11263
f 11159 11263 11262
f 11158 11262 11261
f 11157 11261 11260
f 11156 11260 11259
f 11155 11259 11258
f 11154 11258 11257
f 11153 11257 11256
f 11152 11256 11255
f 11151 11255 11254
f 11150 11254 11253
f 11149 11253 11252
f 11148 11252 11251
f 11147 11251 11250
f 11146 11250 11249
f 11145 11249 11248
f 11144 11248 11247
f 11143 11247 11246
f 11142 11246 11245
f 11141 11245 11244
f 11140 11244 11243
f 11139 11243 11242
f 11138 11242 11241
f 11137 11241 11240
f 11136 11240 11239
f 11135 11239 11238
f 11134 11238 11237
f 11133 11237 11236
f 11132 11236 11235
f 11131 11235 11234
f 11130 11234 11233
f 11129 11233 11232
f 11128 11232 11231
f 11127 11231 11230
f 11126 11230 11229
f 11125 11229 11228
f 11124 11228 11227
f 11123 11227 11226
f 11122 11226 11225
f 11121 11225 11224
f 11120 11224 11223
f 11119 11223 11222
f 11118 11222 11221
f 11117 11221 11220
f 11116 11220 11219
f 11115 11219 11218
f 11114 11218 11217
f 11113 11217 11216
f 11112 11216 11215
f 11111 11215 11214
f 11110 11214 11213
f 11109 11213 11212
f 11108 11212 11211
f 11107 11211 11210
f 11106 11210 11209
f 11105 11209 11208
f 11104 11208 11207
f 11103 11207 11206
f 11102 11206 11205
f 11101 11205 11204
f 11100 11204 11203
f 11099 11203 11202
f 11098 11202 11201
f 11097 11201 11200
f 11096 11200 11199
f 11095 11199 11198
f 11094 11198 11197
f 11093 11197 11196
f 11092 11196 11195
f 11091 11195 11194
f 11090 11194 11193
f 11089 11193 11192
f 11088 11192 11191
f 11087 11191 11190
f 11086 11190 11189
f 11188 11292 11187
f 11083 11187 11186
f 11082 11186 11185
f 11081 11185 11184
f 11080 11184 11183
f 11079 11183 11182
f 11078 11182 11181
f 11077 11181 11180
f 11076 11180 11179
f 11075 11179 11178
f 11074 11178 11177
f 11073 11177 11176
f 11072 11176 11175
f 11071 11175 11174
f 11070 11174 11173
f 11069 11173 11172
f 11068 11172 11171
f 11067 11171 11170
f 11066 11170 11169
f 11065 11169 11168
f 11064 11168 11167
f 11063 11167 11166
f 11062 11166 11165
f 11061 11165 11164
f 11060 11164 11163
f 11059 11163 11162
f 11058 11162 11161
f 11057 11161 11160
f 11056 11160 11159
f 11055 11159 11158
f 11054 11158 11157
f 11053 11157 11156
f 11052 11156 11155
f 11051 11155 11154
f 11050 11154 11153
f 11049 11153 11152
f 11048 11152 11151
f 11047 11151 11150
f 11046 11150 11149
f 11045 11149 11148
f 11044 11148 11147
f 11043 11147 11146
f 11042 11146 11145
f 11041 11145 11144
f 11040 11144 11143
f 11039 11143 11142
f 11038 11142 11141
f 11037 11141 11140
f 11036 11140 11139
f 11035 11139 11138
f 11034 11138 11137
f 11033 11137 11136
f 11032 11136 11135
f 11031 11135 11134
f 11030 11134 11133
f 11029 11133 11132
f 11028 11132 11131
f 11027 11131 11130
f 11026 11130 11129
f 11025 11129 11128
f 11024 11128 11127
f 11023 11127 11126
f 11022 11126 11125
f 11021 11125 11124
f 11020 11124 11123
f 11019 11123 11122
f 11018 11122 11121
f 11017 11121 11120
f 11016 11120 11119
f 11015 11119 11118
f 11014 11118 11117
f 11013 11117 11116
f 11012 11116 11115
f 11011 11115 11114
f 11010 11114 11113
f 11009 11113 11112
f 11008 11112 11111
f 11007 11111 11110
f 11006 11110 11109
f 11005 11109 11108
f 11004 11108 11107
f 11003 11107 11106
f 11002 11106 11105
f 11001 11105 11104
f 11000 11104 11103
f 10999 11103 11102
f 10998 11102 11101
f 10997 11101 11100
f 10996 11100 11099
f 10995 11099 11098
f 10994 11098 11097
f 10993 11097 11096
f 10992 11096 11095
f 10991 11095 11094
f 10990 11094 11093
f 10989 11093 11092
f 10988 11092 11091
f 10987 11091 11090
f 10986 11090 11089
f 10985 11089 11088
f 10984 11088 11087
f 10983 11087 11086
f 10982 11086 11085
f 10981 11085 11084
f 10977 11188 11083
f 10976 11083 11082
f 10975 11082 11081
f 10974 11081 11080
f 10973 11080 11079
f 10972 11079 11078
f 10971 11078 11077
f 10970 11077 11076
f 10969 11076 11075
f 10968 11075 11074
f 10967 11074 11073
f 10966 11073 11072
f 10965 11072 11071
f 10964 11071 11070
f 10963 11070 11069
f 10962 11069 11068
f 10961 11068 11067
f 10960 11067 11066
f 10959 11066 11065
f 10958 11065 11064
f 10957 11064 11063
f 10956 11063 11062
f 10955 11062 11061
f 10954 11061 11060
f 10953 11060 11059
f 10952 11059 11058
f 10951 11058 11057
f 10950 11057 11056
f 10949 11056 11055
f 10948 11055 11054
f 10947 11054 11053
f 10946 11053 11052
f 10945 11052 11051
f 10944 11051 11050
f 10943 11050 11049
f 10942 11049 11048
f 10941 11048 11047
f 10940 11047 11046
f 10939 11046 11045
f 10938 11045 11044
f 10937 11044 11043
f 10936 11043 11042
f 10935 11042 11041
f 10934 11041 11040
f 10933 11040 11039
f 10932 11039 11038
f 10931 11038 11037
f 10930 11037 11036
f 10929 11036 11035
f 10928 11035 11034
f 10927 11034 11033
f 10926 11033 11032
f 10925 11032 11031
f 10924 11031 11030
f 10923 11030 11029
f 10922 11029 11028
f 10921 11028 11027
f 10920 11027 11026
f 10919 11026 11025
f 10918 11025 11024
f 10917 11024 11023
f 10916 11023 11022
f 10915 11022 11021
f 10914 11021 11020
f 10913 11020 11019
f 10912 11019 11018
f 10911 11018 11017
f 10910 11017 11016
f 10909 11016 11015
f 10908 11015 11014
f 10907 11014 11013
f 10906 11013 11012
f 10905 11012 11011
f 10904 11011 11010
f 10903 11010 11009
f 10902 11009 11008
f 10901 11008 11007
f 10900 11007 11006
f 10899 11006 11005
f 10898 11005 11004
f 10897 11004 11003
f 10896 11003 11002
f 10895 11002 11001
f 10894 11001 11000
f 10893 11000 10999
f 10892 10999 10998
f 10891 10998 10997
f 10890 10997 10996
f 10889 10996 10995
f 10888 10995 10994
f 10887 10994 10993
f 10886 10993 10992
f 10885 10992 10991
f 10884 10991 10990
f 10883 10990 10989
f 10882 10989 10988
f 10881 10988 10987
f 10880 10987 10986
f 10879 10986 10985
f 10878 10985 10984
f 10877 10984 10983
f 10876 10983 10982
f 10875 10982 10981
f 10874 10981 10980
f 10873 10980 10979
f 10978 12093 10977
f 10870 10977 10976
f 10869 10976 10975
f 10868 10975 10974
f 10867 10974 10973
f 10866 10973 10972
f 10865 10972 10971
f 10864 10971 10970
f 10863 10970 10969
f 10862 10969 10968
f 10861 10968 10967
f 10860 10967 10966
f 10859 10966 10965
f 10858 10965 10964
f 10857 10964 10963
f 10856 10963 10962
f 10855 10962 10961
f 10854 10961 10960
f 10853 10960 10959
f 10852 10959 10958
f 10851 10958 10957
f 10850 10957 10956
f 10849 10956 10955
f 10848 10955 10954
f 10847 10954 10953
f 10846 10953 10952
f 10845 10952 10951
f 10844 10951 10950
f 10843 10950 10949
f 10842 10949 10948
f 10841 10948 10947
f 10840 10947 10946
f 10839 10946 10945
f 10838 10945 10944
f 10837 10944 10943
f 10836 10943 10942
f 10835 10942 10941
f 10834 10941 10940
f 10833 10940 10939
f 10832 10939 10938
f 10831 10938 10937
f 10830 10937 10936
f 10829 10936 10935
f 10828 10935 10934
f 10827 10934 10933
f 10826 10933 10932
f 10825 10932 10931
f 10824 10931 10930
f 10823 10930 10929
f 10822 10929 10928
f 10821 10928 10927
f 10820 10927 10926
f 10819 10926 10925
f 10818 10925 10924
f 10817 10924 10923
f 10816 10923 10922
f 10815 10922 10921
f 10814 10921 10920
f 10813 10920 10919
f 10812 10919 10918
f 10811 10918 10917
f 10810 10917 10916
f 10809 10916 10915
f 10808 10915 10914
f 10807 10914 10913
f 10806 10913 10912
f 10805 10912 10911
f 10804 10911 10910
f 10803 10910 10909
f 10802 10909 10908
f 10801 10908 10907
f 10800 10907 10906
f 10799 10906 10905
f 10798 10905 10904
f 10797 10904 10903
f 10796 10903 10902
f 10795 10902 10901
f 10794 10901 10900
f 10793 10900 10899
f 10792 10899 10898
f 10791 10898 10897
f 10790 10897 10896
f 10789 10896 10895
f 10788 10895 10894
f 10787 10894 10893
f 10786 10893 10892
f 10785 10892 10891
f 10784 10891 10890
f 10783 10890 10889
f 10782 10889 10888
f 10781 10888 10887
f 10780 10887 10886
f 10779 10886 10885
f 10778 10885 10884
f 10777 10884 10883
f 10776 10883 10882
f 10775 10882 10881
f 10774 10881 10880
f 10773 10880 10879
f 10772 10879 10878
f 10771 10878 10877
f 10770 10877 10876
f 10769 10876 10875
f 10768 10875 10874
f 10767 10874 10873
f 10766 10873 10872
f 10765 10872 10871
f 10761 10978 10870
f 10760 10870 10869
f 10759 10869 10868
f 10758 10868 10867
f 10757 10867 10866
f 10756 10866 10865
f 10755 10865 10864
f 10754 10864 10863
f 10753 10863 10862
f 10752 10862 10861
f 10751 10861 10860
f 10750 10860 10859
f 10749 10859 10858
f 10748 10858 10857
f 10747 10857 10856
f 10746 10856 10855
f 10745 10855 10854
f 10744 10854 10853
f 10743 10853 10852
f 10742 10852 10851
f 10741 10851 10850
f 10740 10850 10849
f 10739 10849 10848
f 10738 10848 10847
f 10737 10847 10846
f 10736 10846 10845
f 10735 10845 10844
f 10734 10844 10843
f 10733 10843 10842
f 10732 10842 10841
f 10731 10841 10840
f 10730 10840 10839
f 10729 10839 10838
f 10728 10838 10837
f 10727 10837 10836
f 10726 10836 10835
f 10725 10835 10834
f 10724 10834 10833
f 10723 10833 10832
f 10722 10832 10831
f 10721 10831 10830
f 10720 10830 10829
f 10719 10829 10828
f 10718 10828 10827
f 10717 10827 10826
f 10716 10826 10825
f 10715 10825 10824
f 10714 10824 10823
f 10713 10823 10822
f 10712 10822 10821
f 10711 10821 10820
f 10710 10820 10819
f 10709 10819 10818
f 10708 10818 10817
f 10707 10817 10816
f 10706 10816 10815
f 10705 10815 10814
f 10704 10814 10813
f 10703 10813 10812
f 10702 10812 10811
f 10701 10811 10810
f 10700 10810 10809
f 10699 10809 10808
f 10698 10808 10807
f 10697 10807 10806
f 10696 10806 10805
f 10695 10805 10804
f 10694 10804 10803
f 10693 10803 10802
f 10692 10802 10801
f 10691 10801 10800
f 10690 10800 10799
f 10689 10799 10798
f 10688 10798 10797
f 10687 10797 10796
f 10686 10796 10795
f 10685 10795 10794
f 10684 10794 10793
f 10683 10793 10792
f 10682 10792 10791
f 10681 10791 10790
f 10680 10790 10789
f 10679 10789 10788
f 10678 10788 10787
f 10677 10787 10786
f 10676 10786 10785
f 10675 10785 10784
f 10674 10784 10783
f 10673 10783 10782
f 10672 10782 10781
f 10671 10781 10780
f 10670 10780 10779
f 10669 10779 10778
f 10668 10778 10777
f 10667 10777 10776
f 10666 10776 10775
f 10665 10775 10774
f 10664 10774 10773
f 10663 10773 10772
f 10662 10772 10771
f 10661 10771 10770
f 10660 10770 10769
f 10659 10769 10768
f 10658 10768 10767
f 10657 10767 10766
f 10656 10766 10765
f 10655 10765 10764
f 10654 10764 10763
f 10762 12092 10761
f 10649 10761 10760
f 10648 10760 10759
f 10647 10759 10758
f 10646 10758 10757
f 10645 10757 10756
f 10644 10756 10755
f 10643 10755 10754
f 10642 10754 10753
f 10641 10753 10752
f 10640 10752 10751
f 10639 10751 10750
f 10638 10750 10749
f 10637 10749 10748
f 10636 10748 10747
f 10635 10747 10746
f 10634 10746 10745
f 10633 10745 10744
f 10632 10744 10743
f 10631 10743 10742
f 10630 10742 10741
f 10629 10741 10740
f 10628 10740 10739
f 10627 10739 10738
f 10626 10738 10737
f 10625 10737 10736
f 10624 10736 10735
f 10623 10735 10734
f 10622 10734 10733
f 10621 10733 10732
f 10620 10732 10731
f 10619 10731 10730
f 10618 10730 10729
f 10617 10729 10728
f 10616 10728 10727
f 10615 10727 10726
f 10614 10726 10725
f 10613 10725 10724
f 10612 10724 10723
f 10611 10723 10722
f 10610 10722 10721
f 10609 10721 10720
f 10608 10720 10719
f 10607 10719 10718
f 10606 10718 10717
f 10605 10717 10716
f 10604 10716 10715
f 10603 10715 10714
f 10602 10714 10713
f 10601 10713 10712
f 10600 10712 10711
f 10599 10711 10710
f 10598 10710 10709
f 10597 10709 10708
f 10596 10708 10707
f 10595 10707 10706
f 10594 10706 10705
f 10593 10705 10704
f 10592 10704 10703
f 10591 10703 10702
f 10590 10702 10701
f 10589 10701 10700
f 10588 10700 10699
f 10587 10699 10698
f 10586 10698 10697
f 10585 10697 10696
f 10584 10696 10695
f 10583 10695 10694
f 10582 10694 10693
f 10581 10693 10692
f 10580 10692 10691
f 10579 10691 10690
f 10578 10690 10689
f 10577 10689 10688
f 10576 10688 10687
f 10575 10687 10686
f 10574 10686 10685
f 10573 10685 10684
f 10572 10684 10683
f 10571 10683 10682
f 10570 10682 10681
f 10569 10681 10680
f 10568 10680 10679
f 10567 10679 10678
f 10566 10678 10677
f 10565 10677 10676
f 10564 10676 10675
f 10563 10675 10674
f 10562 10674 10673
f 10561 10673 10672
f 10560 10672 10671
f 10559 10671 10670
f 10558 10670 10669
f 10557 10669 10668
f 10556 10668 10667
f 10555 10667 10666
f 10554 10666 10665
f 10553 10665 10664
f 10552 10664 10663
f 10551 10663 10662
f 10550 10662 10661
f 10549 10661 10660
f 10548 10660 10659
f 10547 10659 10658
f 10546 10658 10657
f 10545 10657 10656
f 10544 10656 10655
f 10543 10655 10654
f 10542 10654 10653
f 10541 10653 10652
f 10540 10652 10651
f 10650 10762 10649
f 10537 10649 10648
f 10536 10648 10647
f 10535 10647 10646
f 10534 10646 10645
f 10533 10645 10644
f 10532 10644 10643
f 10531 10643 10642
f 10530 10642 10641
f 10529 10641 10640
f 10528 10640 10639
f 10527 10639 10638
f 10526 10638 10637
f 10525 10637 10636
f 10524 10636 10635
f 10523 10635 10634
f 10522 10634 10633
f 10521 10633 10632
f 10520 10632 10631
f 10519 10631 10630
f 10518 10630 10629
f 10517 10629 10628
f 10516 10628 10627
f 10515 10627 10626
f 10514 10626 10625
f 10513 10625 10624
f 10512 10624 10623
f 10511 10623 10622
f 10510 10622 10621
f 10509 10621 10620
f 10508 10620 10619
f 10507 10619 10618
f 10506 10618 10617
f 10505 10617 10616
f 10504 10616 10615
f 10503 10615 10614
f 10502 10614 10613
f 10501 10613 10612
f 10500 10612 10611
f 10499 10611 10610
f 10498 10610 10609
f 10497 10609 10608
f 10496 10608 10607
f 10495 10607 10606
f 10494 10606 10605
f 10493 10605 10604
f 10492 10604 10603
f 10491 10603 10602
f 10490 10602 10601
f 10489 10601 10600
f 10488 10600 10599
f 10487 10599 10598
f 10486 10598 10597
f 10485 10597 10596
f 10484 10596 10595
f 10483 10595 10594
f 10482 10594 10593
f 10481 10593 10592
f 10480 10592 10591
f 10479 10591 10590
f 10478 10590 10589
f 10477 10589 10588
f 10476 10588 10587
f 10475 10587 10586
f 10474 10586 10585
f 10473 10585 10584
f 10472 10584 10583
f 10471 10583 10582
f 10470 10582 10581
f 10469 10581 10580
f 10468 10580 10579
f 10467 10579 10578
f 10466 10578 10577
f 10465 10577 10576
f 10464 10576 10575
f 10463 10575 10574
f 10462 10574 10573
f 10461 10573 10572
f 10460 10572 10571
f 10459 10571 10570
f 10458 10570 10569
f 10457 10569 10568
f 10456 10568 10567
f 10455 10567 10566
f 10454 10566 10565
f 10453 10565 10564
f 10452 10564 10563
f 10451 10563 10562
f 10450 10562 10561
f 10449 10561 10560
f 10448 10560 10559
f 10447 10559 10558
f 10446 10558 10557
f 10445 10557 10556
f 10444 10556 10555
f 10443 10555 10554
f 10442 10554 10553
f 10441 10553 10552
f 10440 10552 10551
f 10439 10551 10550
f 10438 10550 10549
f 10437 10549 10548
f 10436 10548 10547
f 10435 10547 10546
f 10434 10546 10545
f 10433 10545 10544
f 10432 10544 10543
f 10431 10543 10542
f 10430 10542 10541
f 10429 10541 10540
f 10428 10540 10539
f 10427 10539 10538
f 10423 10650 10537
f 10422 10537 10536
f 10421 10536 10535
f 10420 10535 10534
f 10419 10534 10533
f 10418 10533 10532
f 10417 10532 10531
f 10416 10531 10530
f 10415 10530 10529
f 10414 10529 10528
f 10413 10528 10527
f 10412 10527 10526
f 10411 10526 10525
f 10410 10525 10524
f 10409 10524 10523
f 10408 10523 10522
f 10407 10522 10521
f 10406 10521 10520
f 10405 10520 10519
f 10404 10519 10518
f 10403 10518 10517
f 10402 10517 10516
f 10401 10516 10515
f 10400 10515 10514
f 10399 10514 10513
f 10398 10513 10512
f 10397 10512 10511
f 10396 10511 10510
f 10395 10510 10509
f 10394 10509 10508
f 10393 10508 10507
f 10392 10507 10506
f 10391 10506 10505
f 10390 10505 10504
f 10389 10504 10503
f 10388 10503 10502
f 10387 10502 10501
f 10386 10501 10500
f 10385 10500 10499
f 10384 10499 10498
f 10383 10498 10497
f 10382 10497 10496
f 10381 10496 10495
f 10380 10495 10494
f 10379 10494 10493
f 10378 10493 10492
f 10377 10492 10491
f 10376 10491 10490
f 10375 10490 10489
f 10374 10489 10488
f 10373 10488 10487
f 10372 10487 10486
f 10371 10486 10485
f 10370 10485 10484
f 10369 10484 10483
f 10368 10483 10482
f 10367 10482 10481
f 10366 10481 10480
f 10365 10480 10479
f 10364 10479 10478
f 10363 10478 10477
f 10362 10477 10476
f 10361 10476 10475
f 10360 10475 10474
f 10359 10474 10473
f 10358 10473 10472
f 10357 10472 10471
f 10356 10471 10470
f 10355 10470 10469
f 10354 10469 10468
f 10353 10468 10467
f 10352 10467 10466
f 10351 10466 10465
f 10350 10465 10464
f 10349 10464 10463
f 10348 10463 10462
f 10347 10462 10461
f 10346 10461 10460
f 10345 10460 10459
f 10344 10459 10458
f 10343 10458 10457
f 10342 10457 10456
f 10341 10456 10455
f 10340 10455 10454
f 10339 10454 10453
f 10338 10453 10452
f 10337 10452 10451
f 10336 10451 10450
f 10335 10450 10449
f 10334 10449 10448
f 10333 10448 10447
f 10332 10447 10446
f 10331 10446 10445
f 10330 10445 10444
f 10329 10444 10443
f 10328 10443 10442
f 10327 10442 10441
f 10326 10441 10440
f 10325 10440 10439
f 10324 10439 10438
f 10323 10438 10437
f 10322 10437 10436
f 10321 10436 10435
f 10320 10435 10434
f 10319 10434 10433
f 10318 10433 10432
f 10317 10432 10431
f 10316 10431 10430
f 10315 10430 10429
f 10314 10429 10428
f 10313 10428 10427
f 10312 10427 10426
f 10311 10426 10425
f 10424 12091 10423
f 10308 10423 10422
f 10307 10422 10421
f 10306 10421 10420
f 10305 10420 10419
f 10304 10419 10418
f 10303 10418 10417
f 10302 10417 10416
f 10301 10416 10415
f 10300 10415 10414
f 10299 10414 10413
f 10298 10413 10412
f 10297 10412 10411
f 10296 10411 10410
f 10295 10410 10409
f 10294 10409 10408
f 10293 10408 10407
f 10292 10407 10406
f 10291 10406 10405
f 10290 10405 10404
f 10289 10404 10403
f 10288 10403 10402
f 10287 10402 10401
f 10286 10401 10400
f 10285 10400 10399
f 10284 10399 10398
f 10283 10398 10397
f 10282 10397 10396
f 10281 10396 10395
f 10280 10395 10394
f 10279 10394 10393
f 10278 10393 10392
f 10277 10392 10391
f 10276 10391 10390
f 10275 10390 10389
f 10274 10389 10388
f 10273 10388 10387
f 10272 10387 10386
f 10271 10386 10385
f 10270 10385 10384
f 10269 10384 10383
f 10268 10383 10382
f 10267 10382 10381
f 10266 10381 10380
f 10265 10380 10379
f 10264 10379 10378
f 10263 10378 10377
f 10262 10377 10376
f 10261 10376 10375
f 10260 10375 10374
f 10259 10374 10373
f 10258 10373 10372
f 10257 10372 10371
f 10256 10371 10370
f 10255 10370 10369
f 10254 10369 10368
f 10253 10368 10367
f 10252 10367 10366
f 10251 10366 10365
f 10250 10365 10364
f 10249 10364 10363
f 10248 10363 10362
f 10247 10362 10361
f 10246 10361 10360
f 10245 10360 10359
f 10244 10359 10358
f 10243 10358 10357
f 10242 10357 10356
f 10241 10356 10355
f 10240 10355 10354
f 10239 10354 10353
f 10238 10353 10352
f 10237 10352 10351
f 10236 10351 10350
f 10235 10350 10349
f 10234 10349 10348
f 10233 10348 10347
f 10232 10347 10346
f 10231 10346 10345
f 10230 10345 10344
f 10229 10344 10343
f 10228 10343 10342
f 10227 10342 10341
f 10226 10341 10340
f 10225 10340 10339
f 10224 10339 10338
f 10223 10338 10337
f 10222 10337 10336
f 10221 10336 10335
f 10220 10335 10334
f 10219 10334 10333
f 10218 10333 10332
f 10217 10332 10331
f 10216 10331 10330
f 10215 10330 10329
f 10214 10329 10328
f 10213 10328 10327
f 10212 10327 10326
f 10211 10326 10325
f 10210 10325 10324
f 10209 10324 10323
f 10208 10323 10322
f 10207 10322 10321
f 10206 10321 10320
f 10205 10320 10319
f 10204 10319 10318
f 10203 10318 10317
f 10202 10317 10316
f 10201 10316 10315
f 10200 10315 10314
f 10199 10314 10313
f 10198 10313 10312
f 10197 10312 10311
f 10196 10311 10310
f 10195 10310 10309
f 10191 10424 10308
f 10190 10308 10307
f 10189 10307 10306
f 10188 10306 10305
f 10187 10305 10304
f 10186 10304 10303
f 10185 10303 10302
f 10184 10302 10301
f 10183 10301 10300
f 10182 10300 10299
f 10181 10299 10298
f 10180 10298 10297
f 10179 10297 10296
f 10178 10296 10295
f 10177 10295 10294
f 10176 10294 10293
f 10175 10293 10292
f 10174 10292 10291
f 10173 10291 10290
f 10172 10290 10289
f 10171 10289 10288
f 10170 10288 10287
f 10169 10287 10286
f 10168 10286 10285
f 10167 10285 10284
f 10166 10284 10283
f 10165 10283 10282
f 10164 10282 10281
f 10163 10281 10280
f 10162 10280 10279
f 10161 10279 10278
f 10160 10278 10277
f 10159 10277 10276
f 10158 10276 10275
f 10157 10275 10274
f 10156 10274 10273
f 10155 10273 10272
f 10154 10272 10271
f 10153 10271 10270
f 10152 10270 10269
f 10151 10269 10268
f 10150 10268 10267
f 10149 10267 10266
f 10148 10266 10265
f 10147 10265 10264
f 10146 10264 10263
f 10145 10263 10262
f 10144 10262 10261
f 10143 10261 10260
f 10142 10260 10259
f 10141 10259 10258
f 10140 10258 10257
f 10139 10257 10256
f 10138 10256 10255
f 10137 10255 10254
f 10136 10254 10253
f 10135 10253 10252
f 10134 10252 10251
f 10133 10251 10250
f 10132 10250 10249
f 10131 10249 10248
f 10130 10248 10247
f 10129 10247 10246
f 10128 10246 10245
f 10127 10245 10244
f 10126 10244 10243
f 10125 10243 10242
f 10124 10242 10241
f 10123 10241 10240
f 10122 10240 10239
f 10121 10239 10238
f 10120 10238 10237
f 10119 10237 10236
f 10118 10236 10235
f 10117 10235 10234
f 10116 10234 10233
f 10115 10233 10232
f 10114 10232 10231
f 10113 10231 10230
f 10112 10230 10229
f 10111 10229 10228
f 10110 10228 10227
f 10109 10227 10226
f 10108 10226 10225
f 10107 10225 10224
f 10106 10224 10223
f 10105 10223 10222
f 10104 10222 10221
f 10103 10221 10220
f 10102 10220 10219
f 10101 10219 10218
f 10100 10218 10217
f 10099 10217 10216
f 10098 10216 10215
f 10097 10215 10214
f 10096 10214 10213
f 10095 10213 10212
f 10094 10212 10211
f 10093 10211 10210
f 10092 10210 10209
f 10091 10209 10208
f 10090 10208 10207
f 10089 10207 10206
f 10088 10206 10205
f 10087 10205 10204
f 10086 10204 10203
f 10085 10203 10202
f 10084 10202 10201
f 10083 10201 10200
f 10082 10200 10199
f 10081 10199 10198
f 10080 10198 10197
f 10079 10197 10196
f 10078 10196 10195
f 10077 10195 10194
f 10076 10194 10193
f 10192 12090 10191
f 10072 10191 10190
f 10071 10190 10189
f 10070 10189 10188
f 10069 10188 10187
f 10068 10187 10186
f 10067 10186 10185
f 10066 10185 10184
f 10065 10184 10183
f 10064 10183 10182
f 10063 10182 10181
f 10062 10181 10180
f 10061 10180 10179
f 10060 10179 10178
f 10059 10178 10177
f 10058 10177 10176
f 10057 10176 10175
f 10056 10175 10174
f 10055 10174 10173
f 10054 10173 10172
f 10053 10172 10171
f 10052 10171 10170
f 10051 10170 10169
f 10050 10169 10168
f 10049 10168 10167
f 10048 10167 10166
f 10047 10166 10165
f 10046 10165 10164
f 10045 10164 10163
f 10044 10163 10162
f 10043 10162 10161
f 10042 10161 10160
f 10041 10160 10159
f 10040 10159 10158
f 10039 10158 10157
f 10038 10157 10156
f 10037 10156 10155
f 10036 10155 10154
f 10035 10154 10153
f 10034 10153 10152
f 10033 10152 10151
f 10032 10151 10150
f 10031 10150 10149
f 10030 10149 10148
f 10029 10148 10147
f 10028 10147 10146
f 10027 10146 10145
f 10026 10145 10144
f 10025 10144 10143
f 10024 10143 10142
f 10023 10142 10141
f 10022 10141 10140
f 10021 10140 10139
f 10020 10139 10138
f 10019 10138 10137
f 10018 10137 10136
f 10017 10136 10135
f 10016 10135 10134
f 10015 10134 10133
f 10014 10133 10132
f 10013 10132 10131
f 10012 10131 10130
f 10011 10130 10129
f 10010 10129 10128
f 10009 10128 10127
f 10008 10127 10126
f 10007 10126 10125
f 10006 10125 10124
f 10005 10124 10123
f 10004 10123 10122
f 10003 10122 10121
f 10002 10121 10120
f 10001 10120 10119
f 10000 10119 10118
f 9999 10118 10117
f 9998 10117 10116
f 9997 10116 10115
f 9996 10115 10114
f 9995 10114 10113
f 9994 10113 10112
f 9993 10112 10111
f 9992 10111 10110
f 9991 10110 10109
f 9990 10109 10108
f 9989 10108 10107
f 9988 10107 10106
f 9987 10106 10105
f 9986 10105 10104
f 9985 10104 10103
f 9984 10103 10102
f 9983 10102 10101
f 9982 10101 10100
f 9981 10100 10099
f 9980 10099 10098
f 9979 10098 10097
f 9978 10097 10096
f 9977 10096 10095
f 9976 10095 10094
f 9975 10094 10093
f 9974 10093 10092
f 9973 10092 10091
f 9972 10091 10090
f 9971 10090 10089
f 9970 10089 10088
f 9969 10088 10087
f 9968 10087 10086
f 9967 10086 10085
f 9966 10085 10084
f 9965 10084 10083
f 9964 10083 10082
f 9963 10082 10081
f 9962 10081 10080
f 9961 10080 10079
f 9960 10079 10078
f 9959 10078 10077
f 9958 10077 10076
f 9957 10076 10075
f 9956 10075 10074
f 9955 10074 10073
f 9951 10192 10072
f 9950 10072 10071
f 9949 10071 10070
f 9948 10070 10069
f 9947 10069 10068
f 9946 10068 10067
f 9945 10067 10066
f 9944 10066 10065
f 9943 10065 10064
f 9942 10064 10063
f 9941 10063 10062
f 9940 10062 10061
f 9939 10061 10060
f 9938 10060 10059
f 9937 10059 10058
f 9936 10058 10057
f 9935 10057 10056
f 9934 10056 10055
f 9933 10055 10054
f 9932 10054 10053
f 9931 10053 10052
f 9930 10052 10051
f 9929 10051 10050
f 9928 10050 10049
f 9927 10049 10048
f 9926 10048 10047
f 9925 10047 10046
f 9924 10046 10045
f 9923 10045 10044
f 9922 10044 10043
f 9921 10043 10042
f 9920 10042 10041
f 9919 10041 10040
f 9918 10040 10039
f 9917 10039 10038
f 9916 10038 10037
f 9915 10037 10036
f 9914 10036 10035
f 9913 10035 10034
f 9912 10034 10033
f 9911 10033 10032
f 9910 10032 10031
f 9909 10031 10030
f 9908 10030 10029
f 9907 10029 10028
f 9906 10028 10027
f 9905 10027 10026
f 9904 10026 10025
f 9903 10025 10024
f 9902 10024 10023
f 9901 10023 10022
f 9900 10022 10021
f 9899 10021 10020
f 9898 10020 10019
f 9897 10019 10018
f 9896 10018 10017
f 9895 10017 10016
f 9894 10016 10015
f 9893 10015 10014
f 9892 10014 10013
f 9891 10013 10012
f 9890 10012 10011
f 9889 10011 10010
f 9888 10010 10009
f 9887 10009 10008
f 9886 10008 10007
f 9885 10007 10006
f 9884 10006 10005
f 9883 10005 10004
f 9882 10004 10003
f 9881 10003 10002
f 9880 10002 10001
f 9879 10001 10000
f 9878 10000 9999
f 9877 9999 9998
f 9876 9998 9997
f 9875 9997 9996
f 9874 9996 9995
f 9873 9995 9994
f 9872 9994 9993
f 9871 9993 9992
f 9870 9992 9991
f 9869 9991 9990
f 9868 9990 9989
f 9867 9989 9988
f 9866 9988 9987
f 9865 9987 9986
f 9864 9986 9985
f 9863 9985 9984
f 9862 9984 9983
f 9861 9983 9982
f 9860 9982 9981
f 9859 9981 9980
f 9858 9980 9979
f 9857 9979 9978
f 9856 9978 9977
f 9855 9977 9976
f 9854 9976 9975
f 9853 9975 9974
f 9852 9974 9973
f 9851 9973 9972
f 9850 9972 9971
f 9849 9971 9970
f 9848 9970 9969
f 9847 9969 9968
f 9846 9968 9967
f 9845 9967 9966
f 9844 9966 9965
f 9843 9965 9964
f 9842 9964 9963
f 9841 9963 9962
f 9840 9962 9961
f 9839 9961 9960
f 9838 9960 9959
f 9837 9959 9958
f 9836 9958 9957
f 9835 9957 9956
f 9834 9956 9955
f 9833 9955 9954
f 9832 9954 9953
f 9952 12089 9951
f 9829 9951 9950
f 9828 9950 9949
f 9827 9949 9948
f 9826 9948 9947
f 9825 9947 9946
f 9824 9946 9945
f 9823 9945 9944
f 9822 9944 9943
f 9821 9943 9942
f 9820 9942 9941
f 9819 9941 9940
f 9818 9940 9939
f 9817 9939 9938
f 9816 9938 9937
f 9815 9937 9936
f 9814 9936 9935
f 9813 9935 9934
f 9812 9934 9933
f 9811 9933 9932
f 9810 9932 9931
f 9809 9931 9930
f 9808 9930 9929
f 9807 9929 9928
f 9806 9928 9927
f 9805 9927 9926
f 9804 9926 9925
f 9803 9925 9924
f 9802 9924 9923
f 9801 9923 9922
f 9800 9922 9921
f 9799 9921 9920
f 9798 9920 9919
f 9797 9919 9918
f 9796 9918 9917
f 9795 9917 9916
f 9794 9916 9915
f 9793 9915 9914
f 9792 9914 9913
f 9791 9913 9912
f 9790 9912 9911
f 9789 9911 9910
f 9788 9910 9909
f 9787 9909 9908
f 9786 9908 9907
f 9785 9907 9906
f 9784 9906 9905
f 9783 9905 9904
f 9782 9904 9903
f 9781 9903 9902
f 9780 9902 9901
f 9779 9901 9900
f 9778 9900 9899
f 9777 9899 9898
f 9776 9898 9897
f 9775 9897 9896
f 9774 9896 9895
f 9773 9895 9894
f 9772 9894 9893
f 9771 9893 9892
f 9770 9892 9891
f 9769 9891 9890
f 9768 9890 9889
f 9767 9889 9888
f 9766 9888 9887
f 9765 9887 9886
f 9764 9886 9885
f 9763 9885 9884
f 9762 9884 9883
f 9761 9883 9882
f 9760 9882 9881
f 9759 9881 9880
f 9758 9880 9879
f 9757 9879 9878
f 9756 9878 9877
f 9755 9877 9876
f 9754 9876 9875
f 9753 9875 9874
f 9752 9874 9873
f 9751 9873 9872
f 9750 9872 9871
f 9749 9871 9870
f 9748 9870 9869
f 9747 9869 9868
f 9746 9868 9867
f 9745 9867 9866
f 9744 9866 9865
f 9743 9865 9864
f 9742 9864 9863
f 9741 9863 9862
f 9740 9862 9861
f 9739 9861 9860
f 9738 9860 9859
f 9737 9859 9858
f 9736 9858 9857
f 9735 9857 9856
f 9734 9856 9855
f 9733 9855 9854
f 9732 9854 9853
f 9731 9853 9852
f 9730 9852 9851
f 9729 9851 9850
f 9728 9850 9849
f 9727 9849 9848
f 9726 9848 9847
f 9725 9847 9846
f 9724 9846 9845
f 9723 9845 9844
f 9722 9844 9843
f 9721 9843 9842
f 9720 9842 9841
f 9719 9841 9840
f 9718 9840 9839
f 9717 9839 9838
f 9716 9838 9837
f 9715 9837 9836
f 9714 9836 9835
f 9713 9835 9834
f 9712 9834 9833
f 9711 9833 9832
f 9710 9832 9831
f 9709 9831 9830
f 9705 9952 9829
f 9704 9829 9828
f 9703 9828 9827
f 9702 9827 9826
f 9701 9826 9825
f 9700 9825 9824
f 9699 9824 9823
f 9698 9823 9822
f 9697 9822 9821
f 9696 9821 9820
f 9695 9820 9819
f 9694 9819 9818
f 9693 9818 9817
f 9692 9817 9816
f 9691 9816 9815
f 9690 9815 9814
f 9689 9814 9813
f 9688 9813 9812
f 9687 9812 9811
f 9686 9811 9810
f 9685 9810 9809
f 9684 9809 9808
f 9683 9808 9807
f 9682 9807 9806
f 9681 9806 9805
f 9680 9805 9804
f 9679 9804 9803
f 9678 9803 9802
f 9677 9802 9801
f 9676 9801 9800
f 9675 9800 9799
f 9674 9799 9798
f 9673 9798 9797
f 9672 9797 9796
f 9671 9796 9795
f 9670 9795 9794
f 9669 9794 9793
f 9668 9793 9792
f 9667 9792 9791
f 9666 9791 9790
f 9665 9790 9789
f 9664 9789 9788
f 9663 9788 9787
f 9662 9787 9786
f 9661 9786 9785
f 9660 9785 9784
f 9659 9784 9783
f 9658 9783 9782
f 9657 9782 9781
f 9656 9781 9780
f 9655 9780 9779
f 9654 9779 9778
f 9653 9778 9777
f 9652 9777 9776
f 9651 9776 9775
f 9650 9775 9774
f 9649 9774 9773
f 9648 9773 9772
f 9647 9772 9771
f 9646 9771 9770
f 9645 9770 9769
f 9644 9769 9768
f 9643 9768 9767
f 9642 9767 9766
f 9641 9766 9765
f 9640 9765 9764
f 9639 9764 9763
f 9638 9763 9762
f 9637 9762 9761
f 9636 9761 9760
f 9635 9760 9759
f 9634 9759 9758
f 9633 9758 9757
f 9632 9757 9756
f 9631 9756 9755
f 9630 9755 9754
f 9629 9754 9753
f 9628 9753 9752
f 9627 9752 9751
f 9626 9751 9750
f 9625 9750 9749
f 9624 9749 9748
f 9623 9748 9747
f 9622 9747 9746
f 9621 9746 9745
f 9620 9745 9744
f 9619 9744 9743
f 9618 9743 9742
f 9617 9742 9741
f 9616 9741 9740
f 9615 9740 9739
f 9614 9739 9738
f 9613 9738 9737
f 9612 9737 9736
f 9611 9736 9735
f 9610 9735 9734
f 9609 9734 9733
f 9608 9733 9732
f 9607 9732 9731
f 9606 9731 9730
f 9605 9730 9729
f 9604 9729 9728
f 9603 9728 9727
f 9602 9727 9726
f 9601 9726 9725
f 9600 9725 9724
f 9599 9724 9723
f 9598 9723 9722
f 9597 9722 9721
f 9596 9721 9720
f 9595 9720 9719
f 9594 9719 9718
f 9593 9718 9717
f 9592 9717 9716
f 9591 9716 9715
f 9590 9715 9714
f 9589 9714 9713
f 9588 9713 9712
f 9587 9712 9711
f 9586 9711 9710
f 9585 9710 9709
f 9584 9709 9708
f 9583 9708 9707
f 9706 12088 9705
f 9577 9705 9704
f 9576 9704 9703
f 9575 9703 9702
f 9574 9702 9701
f 9573 9701 9700
f 9572 9700 9699
f 9571 9699 9698
f 9570 9698 9697
f 9569 9697 9696
f 9568 9696 9695
f 9567 9695 9694
f 9566 9694 9693
f 9565 9693 9692
f 9564 9692 9691
f 9563 9691 9690
f 9562 9690 9689
f 9561 9689 9688
f 9560 9688 9687
f 9559 9687 9686
f 9558 9686 9685
f 9557 9685 9684
f 9556 9684 9683
f 9555 9683 9682
f 9554 9682 9681
f 9553 9681 9680
f 9552 9680 9679
f 9551 9679 9678
f 9550 9678 9677
f 9549 9677 9676
f 9548 9676 9675
f 9547 9675 9674
f 9546 9674 9673
f 9545 9673 9672
f 9544 9672 9671
f 9543 9671 9670
f 9542 9670 9669
f 9541 9669 9668
f 9540 9668 9667
f 9539 9667 9666
f 9538 9666 9665
f 9537 9665 9664
f 9536 9664 9663
f 9535 9663 9662
f 9534 9662 9661
f 9533 9661 9660
f 9532 9660 9659
f 9531 9659 9658
f 9530 9658 9657
f 9529 9657 9656
f 9528 9656 9655
f 9527 9655 9654
f 9526 9654 9653
f 9525 9653 9652
f 9524 9652 9651
f 9523 9651 9650
f 9522 9650 9649
f 9521 9649 9648
f 9520 9648 9647
f 9519 9647 9646
f 9518 9646 9645
f 9517 9645 9644
f 9516 9644 9643
f 9515 9643 9642
f 9514 9642 9641
f 9513 9641 9640
f 9512 9640 9639
f 9511 9639 9638
f 9510 9638 9637
f 9509 9637 9636
f 9508 9636 9635
f 9507 9635 9634
f 9506 9634 9633
f 9505 9633 9632
f 9504 9632 9631
f 9503 9631 9630
f 9502 9630 9629
f 9501 9629 9628
f 9500 9628 9627
f 9499 9627 9626
f 9498 9626 9625
f 9497 9625 9624
f 9496 9624 9623
f 9495 9623 9622
f 9494 9622 9621
f 9493 9621 9620
f 9492 9620 9619
f 9491 9619 9618
f 9490 9618 9617
f 9489 9617 9616
f 9488 9616 9615
f 9487 9615 9614
f 9486 9614 9613
f 9485 9613 9612
f 9484 9612 9611
f 9483 9611 9610
f 9482 9610 9609
f 9481 9609 9608
f 9480 9608 9607
f 9479 9607 9606
f 9478 9606 9605
f 9477 9605 9604
f 9476 9604 9603
f 9475 9603 9602
f 9474 9602 9601
f 9473 9601 9600
f 9472 9600 9599
f 9471 9599 9598
f 9470 9598 9597
f 9469 9597 9596
f 9468 9596 9595
f 9467 9595 9594
f 9466 9594 9593
f 9465 9593 9592
f 9464 9592 9591
f 9463 9591 9590
f 9462 9590 9589
f 9461 9589 9588
f 9460 9588 9587
f 9459 9587 9586
f 9458 9586 9585
f 9457 9585 9584
f 9456 9584 9583
f 9455 9583 9582
f 9454 9582 9581
f 9453 9581 9580
f 9579 9706 9450
f 9450 9706 9577
f 9449 9577 9576
f 9448 9576 9575
f 9447 9575 9574
f 9446 9574 9573
f 9445 9573 9572
f 9444 9572 9571
f 9443 9571 9570
f 9442 9570 9569
f 9441 9569 9568
f 9440 9568 9567
f 9439 9567 9566
f 9438 9566 9565
f 9437 9565 9564
f 9436 9564 9563
f 9435 9563 9562
f 9434 9562 9561
f 9433 9561 9560
f 9432 9560 9559
f 9431 9559 9558
f 9430 9558 9557
f 9429 9557 9556
f 9428 9556 9555
f 9427 9555 9554
f 9426 9554 9553
f 9425 9553 9552
f 9424 9552 9551
f 9423 9551 9550
f 9422 9550 9549
f 9421 9549 9548
f 9420 9548 9547
f 9419 9547 9546
f 9418 9546 9545
f 9417 9545 9544
f 9416 9544 9543
f 9415 9543 9542
f 9414 9542 9541
f 9413 9541 9540
f 9412 9540 9539
f 9411 9539 9538
f 9410 9538 9537
f 9409 9537 9536
f 9408 9536 9535
f 9407 9535 9534
f 9406 9534 9533
f 9405 9533 9532
f 9404 9532 9531
f 9403 9531 9530
f 9402 9530 9529
f 9401 9529 9528
f 9400 9528 9527
f 9399 9527 9526
f 9398 9526 9525
f 9397 9525 9524
f 9396 9524 9523
f 9395 9523 9522
f 9394 9522 9521
f 9393 9521 9520
f 9392 9520 9519
f 9391 9519 9518
f 9390 9518 9517
f 9389 9517 9516
f 9388 9516 9515
f 9387 9515 9514
f 9386 9514 9513
f 9385 9513 9512
f 9384 9512 9511
f 9383 9511 9510
f 9382 9510 9509
f 9381 9509 9508
f 9380 9508 9507
f 9379 9507 9506
f 9378 9506 9505
f 9377 9505 9504
f 9376 9504 9503
f 9375 9503 9502
f 9374 9502 9501
f 9373 9501 9500
f 9372 9500 9499
f 9371 9499 9498
f 9370 9498 9497
f 9369 9497 9496
f 9368 9496 9495
f 9367 9495 9494
f 9366 9494 9493
f 9365 9493 9492
f 9364 9492 9491
f 9363 9491 9490
f 9362 9490 9489
f 9361 9489 9488
f 9360 9488 9487
f 9359 9487 9486
f 9358 9486 9485
f 9357 9485 9484
f 9356 9484 9483
f 9355 9483 9482
f 9354 9482 9481
f 9353 9481 9480
f 9352 9480 9479
f 9351 9479 9478
f 9350 9478 9477
f 9349 9477 9476
f 9348 9476 9475
f 9347 9475 9474
f 9346 9474 9473
f 9345 9473 9472
f 9344 9472 9471
f 9343 9471 9470
f 9342 9470 9469
f 9341 9469 9468
f 9340 9468 9467
f 9339 9467 9466
f 9338 9466 9465
f 9337 9465 9464
f 9336 9464 9463
f 9335 9463 9462
f 9334 9462 9461
f 9333 9461 9460
f 9332 9460 9459
f 9331 9459 9458
f 9330 9458 9457
f 9329 9457 9456
f 9328 9456 9455
f 9327 9455 9454
f 9326 9454 9453
f 9325 9453 9452
f 9324 9452 9451
f 9319 9578 9450
f 9318 9450 9449
f 9317 9449 9448
f 9316 9448 9447
f 9315 9447 9446
f 9314 9446 9445
f 9313 9445 9444
f 9312 9444 9443
f 9311 9443 9442
f 9310 9442 9441
f 9309 9441 9440
f 9308 9440 9439
f 9307 9439 9438
f 9306 9438 9437
f 9305 9437 9436
f 9304 9436 9435
f 9303 9435 9434
f 9302 9434 9433
f 9301 9433 9432
f 9300 9432 9431
f 9299 9431 9430
f 9298 9430 9429
f 9297 9429 9428
f 9296 9428 9427
f 9295 9427 9426
f 9294 9426 9425
f 9293 9425 9424
f 9292 9424 9423
f 9291 9423 9422
f 9290 9422 9421
f 9289 9421 9420
f 9288 9420 9419
f 9287 9419 9418
f 9286 9418 9417
f 9285 9417 9416
f 9284 9416 9415
f 9283 9415 9414
f 9282 9414 9413
f 9281 9413 9412
f 9280 9412 9411
f 9279 9411 9410
f 9278 9410 9409
f 9277 9409 9408
f 9276 9408 9407
f 9275 9407 9406
f 9274 9406 9405
f 9273 9405 9404
f 9272 9404 9403
f 9271 9403 9402
f 9270 9402 9401
f 9269 9401 9400
f 9268 9400 9399
f 9267 9399 9398
f 9266 9398 9397
f 9265 9397 9396
f 9264 9396 9395
f 9263 9395 9394
f 9262 9394 9393
f 9261 9393 9392
f 9260 9392 9391
f 9259 9391 9390
f 9258 9390 9389
f 9257 9389 9388
f 9256 9388 9387
f 9255 9387 9386
f 9254 9386 9385
f 9253 9385 9384
f 9252 9384 9383
f 9251 9383 9382
f 9250 9382 9381
f 9249 9381 9380
f 9248 9380 9379
f 9247 9379 9378
f 9246 9378 9377
f 9245 9377 9376
f 9244 9376 9375
f 9243 9375 9374
f 9242 9374 9373
f 9241 9373 9372
f 9240 9372 9371
f 9239 9371 9370
f 9238 9370 9369
f 9237 9369 9368
f 9236 9368 9367
f 9235 9367 9366
f 9234 9366 9365
f 9233 9365 9364
f 9232 9364 9363
f 9231 9363 9362
f 9230 9362 9361
f 9229 9361 9360
f 9228 9360 9359
f 9227 9359 9358
f 9226 9358 9357
f 9225 9357 9356
f 9224 9356 9355
f 9223 9355 9354
f 9222 9354 9353
f 9221 9353 9352
f 9220 9352 9351
f 9219 9351 9350
f 9218 9350 9349
f 9217 9349 9348
f 9216 9348 9347
f 9215 9347 9346
f 9214 9346 9345
f 9213 9345 9344
f 9212 9344 9343
f 9211 9343 9342
f 9210 9342 9341
f 9209 9341 9340
f 9208 9340 9339
f 9207 9339 9338
f 9206 9338 9337
f 9205 9337 9336
f 9204 9336 9335
f 9203 9335 9334
f 9202 9334 9333
f 9201 9333 9332
f 9200 9332 9331
f 9199 9331 9330
f 9198 9330 9329
f 9197 9329 9328
f 9196 9328 9327
f 9195 9327 9326
f 9194 9326 9325
f 9193 9325 9324
f 9192 9324 9323
f 9191 9323 9322
f 9190 9322 9321
f 9320 12087 9319
f 9187 9319 9318
f 9186 9318 9317
f 9185 9317 9316
f 9184 9316 9315
f 9183 9315 9314
f 9182 9314 9313
f 9181 9313 9312
f 9180 9312 9311
f 9179 9311 9310
f 9178 9310 9309
f 9177 9309 9308
f 9176 9308 9307
f 9175 9307 9306
f 9174 9306 9305
f 9173 9305 9304
f 9172 9304 9303
f 9171 9303 9302
f 9170 9302 9301
f 9169 9301 9300
f 9168 9300 9299
f 9167 9299 9298
f 9166 9298 9297
f 9165 9297 9296
f 9164 9296 9295
f 9163 9295 9294
f 9162 9294 9293
f 9161 9293 9292
f 9160 9292 9291
f 9159 9291 9290
f 9158 9290 9289
f 9157 9289 9288
f 9156 9288 9287
f 9155 9287 9286
f 9154 9286 9285
f 9153 9285 9284
f 9152 9284 9283
f 9151 9283 9282
f 9150 9282 9281
f 9149 9281 9280
f 9148 9280 9279
f 9147 9279 9278
f 9146 9278 9277
f 9145 9277 9276
f 9144 9276 9275
f 9143 9275 9274
f 9142 9274 9273
f 9141 9273 9272
f 9140 9272 9271
f 9139 9271 9270
f 9138 9270 9269
f 9137 9269 9268
f 9136 9268 9267
f 9135 9267 9266
f 9134 9266 9265
f 9133 9265 9264
f 9132 9264 9263
f 9131 9263 9262
f 9130 9262 9261
f 9129 9261 9260
f 9128 9260 9259
f 9127 9259 9258
f 9126 9258 9257
f 9125 9257 9256
f 9124 9256 9255
f 9123 9255 9254
f 9122 9254 9253
f 9121 9253 9252
f 9120 9252 9251
f 9119 9251 9250
f 9118 9250 9249
f 9117 9249 9248
f 9116 9248 9247
f 9115 9247 9246
f 9114 9246 9245
f 9113 9245 9244
f 9112 9244 9243
f 9111 9243 9242
f 9110 9242 9241
f 9109 9241 9240
f 9108 9240 9239
f 9107 9239 9238
f 9106 9238 9237
f 9105 9237 9236
f 9104 9236 9235
f 9103 9235 9234
f 9102 9234 9233
f 9101 9233 9232
f 9100 9232 9231
f 9099 9231 9230
f 9098 9230 9229
f 9097 9229 9228
f 9096 9228 9227
f 9095 9227 9226
f 9094 9226 9225
f 9093 9225 9224
f 9092 9224 9223
f 9091 9223 9222
f 9090 9222 9221
f 9089 9221 9220
f 9088 9220 9219
f 9087 9219 9218
f 9086 9218 9217
f 9085 9217 9216
f 9084 9216 9215
f 9083 9215 9214
f 9082 9214 9213
f 9081 9213 9212
f 9080 9212 9211
f 9079 9211 9210
f 9078 9210 9209
f 9077 9209 9208
f 9076 9208 9207
f 9075 9207 9206
f 9074 9206 9205
f 9073 9205 9204
f 9072 9204 9203
f 9071 9203 9202
f 9070 9202 9201
f 9069 9201 9200
f 9068 9200 9199
f 9067 9199 9198
f 9066 9198 9197
f 9065 9197 9196
f 9064 9196 9195
f 9063 9195 9194
f 9062 9194 9193
f 9061 9193 9192
f 9060 9192 9191
f 9059 9191 9190
f 9058 9190 9189
f 9057 9189 9188
f 9053 9320 9187
f 9052 9187 9186
f 9051 9186 9185
f 9050 9185 9184
f 9049 9184 9183
f 9048 9183 9182
f 9047 9182 9181
f 9046 9181 9180
f 9045 9180 9179
f 9044 9179 9178
f 9043 9178 9177
f 9042 9177 9176
f 9041 9176 9175
f 9040 9175 9174
f 9039 9174 9173
f 9038 9173 9172
f 9037 9172 9171
f 9036 9171 9170
f 9035 9170 9169
f 9034 9169 9168
f 9033 9168 9167
f 9032 9167 9166
f 9031 9166 9165
f 9030 9165 9164
f 9029 9164 9163
f 9028 9163 9162
f 9027 9162 9161
f 9026 9161 9160
f 9025 9160 9159
f 9024 9159 9158
f 9023 9158 9157
f 9022 9157 9156
f 9021 9156 9155
f 9020 9155 9154
f 9019 9154 9153
f 9018 9153 9152
f 9017 9152 9151
f 9016 9151 9150
f 9015 9150 9149
f 9014 9149 9148
f 9013 9148 9147
f 9012 9147 9146
f 9011 9146 9145
f 9010 9145 9144
f 9009 9144 9143
f 9008 9143 9142
f 9007 9142 9141
f 9006 9141 9140
f 9005 9140 9139
f 9004 9139 9138
f 9003 9138 9137
f 9002 9137 9136
f 9001 9136 9135
f 9000 9135 9134
f 8999 9134 9133
f 8998 9133 9132
f 8997 9132 9131
f 8996 9131 9130
f 8995 9130 9129
f 8994 9129 9128
f 8993 9128 9127
f 8992 9127 9126
f 8991 9126 9125
f 8990 9125 9124
f 8989 9124 9123
f 8988 9123 9122
f 8987 9122 9121
f 8986 9121 9120
f 8985 9120 9119
f 8984 9119 9118
f 8983 9118 9117
f 8982 9117 9116
f 8981 9116 9115
f 8980 9115 9114
f 8979 9114 9113
f 8978 9113 9112
f 8977 9112 9111
f 8976 9111 9110
f 8975 9110 9109
f 8974 9109 9108
f 8973 9108 9107
f 8972 9107 9106
f 8971 9106 9105
f 8970 9105 9104
f 8969 9104 9103
f 8968 9103 9102
f 8967 9102 9101
f 8966 9101 9100
f 8965 9100 9099
f 8964 9099 9098
f 8963 9098 9097
f 8962 9097 9096
f 8961 9096 9095
f 8960 9095 9094
f 8959 9094 9093
f 8958 9093 9092
f 8957 9092 9091
f 8956 9091 9090
f 8955 9090 9089
f 8954 9089 9088
f 8953 9088 9087
f 8952 9087 9086
f 8951 9086 9085
f 8950 9085 9084
f 8949 9084 9083
f 8948 9083 9082
f 8947 9082 9081
f 8946 9081 9080
f 8945 9080 9079
f 8944 9079 9078
f 8943 9078 9077
f 8942 9077 9076
f 8941 9076 9075
f 8940 9075 9074
f 8939 9074 9073
f 8938 9073 9072
f 8937 9072 9071
f 8936 9071 9070
f 8935 9070 9069
f 8934 9069 9068
f 8933 9068 9067
f 8932 9067 9066
f 8931 9066 9065
f 8930 9065 9064
f 8929 9064 9063
f 8928 9063 9062
f 8927 9062 9061
f 8926 9061 9060
f 8925 9060 9059
f 8924 9059 9058
f 8923 9058 9057
f 8922 9057 9056
f 8921 9056 9055
f 8920 9055 9054
f 8916 12086 9053
f 8915 9053 9052
f 8914 9052 9051
f 8913 9051 9050
f 8912 9050 9049
f 8911 9049 9048
f 8910 9048 9047
f 8909 9047 9046
f 8908 9046 9045
f 8907 9045 9044
f 8906 9044 9043
f 8905 9043 9042
f 8904 9042 9041
f 8903 9041 9040
f 8902 9040 9039
f 8901 9039 9038
f 8900 9038 9037
f 8899 9037 9036
f 8898 9036 9035
f 8897 9035 9034
f 8896 9034 9033
f 8895 9033 9032
f 8894 9032 9031
f 8893 9031 9030
f 8892 9030 9029
f 8891 9029 9028
f 8890 9028 9027
f 8889 9027 9026
f 8888 9026 9025
f 8887 9025 9024
f 8886 9024 9023
f 8885 9023 9022
f 8884 9022 9021
f 8883 9021 9020
f 8882 9020 9019
f 8881 9019 9018
f 8880 9018 9017
f 8879 9017 9016
f 8878 9016 9015
f 8877 9015 9014
f 8876 9014 9013
f 8875 9013 9012
f 8874 9012 9011
f 8873 9011 9010
f 8872 9010 9009
f 8871 9009 9008
f 8870 9008 9007
f 8869 9007 9006
f 8868 9006 9005
f 8867 9005 9004
f 8866 9004 9003
f 8865 9003 9002
f 8864 9002 9001
f 8863 9001 9000
f 8862 9000 8999
f 8861 8999 8998
f 8860 8998 8997
f 8859 8997 8996
f 8858 8996 8995
f 8857 8995 8994
f 8856 8994 8993
f 8855 8993 8992
f 8854 8992 8991
f 8853 8991 8990
f 8852 8990 8989
f 8851 8989 8988
f 8850 8988 8987
f 8849 8987 8986
f 8848 8986 8985
f 8847 8985 8984
f 8846 8984 8983
f 8845 8983 8982
f 8844 8982 8981
f 8843 8981 8980
f 8842 8980 8979
f 8841 8979 8978
f 8840 8978 8977
f 8839 8977 8976
f 8838 8976 8975
f 8837 8975 8974
f 8836 8974 8973
f 8835 8973 8972
f 8834 8972 8971
f 8833 8971 8970
f 8832 8970 8969
f 8831 8969 8968
f 8830 8968 8967
f 8829 8967 8966
f 8828 8966 8965
f 8827 8965 8964
f 8826 8964 8963
f 8825 8963 8962
f 8824 8962 8961
f 8823 8961 8960
f 8822 8960 8959
f 8821 8959 8958
f 8820 8958 8957
f 8819 8957 8956
f 8818 8956 8955
f 8817 8955 8954
f 8816 8954 8953
f 8815 8953 8952
f 8814 8952 8951
f 8813 8951 8950
f 8812 8950 8949
f 8811 8949 8948
f 8810 8948 8947
f 8809 8947 8946
f 8808 8946 8945
f 8807 8945 8944
f 8806 8944 8943
f 8805 8943 8942
f 8804 8942 8941
f 8803 8941 8940
f 8802 8940 8939
f 8801 8939 8938
f 8800 8938 8937
f 8799 8937 8936
f 8798 8936 8935
f 8797 8935 8934
f 8796 8934 8933
f 8795 8933 8932
f 8794 8932 8931
f 8793 8931 8930
f 8792 8930 8929
f 8791 8929 8928
f 8790 8928 8927
f 8789 8927 8926
f 8788 8926 8925
f 8787 8925 8924
f 8786 8924 8923
f 8785 8923 8922
f 8784 8922 8921
f 8783 8921 8920
f 8782 8920 8919
f 8781 8919 8918
f 8917 12085 8916
f 8777 8916 8915
f 8776 8915 8914
f 8775 8914 8913
f 8774 8913 8912
f 8773 8912 8911
f 8772 8911 8910
f 8771 8910 8909
f 8770 8909 8908
f 8769 8908 8907
f 8768 8907 8906
f 8767 8906 8905
f 8766 8905 8904
f 8765 8904 8903
f 8764 8903 8902
f 8763 8902 8901
f 8762 8901 8900
f 8761 8900 8899
f 8760 8899 8898
f 8759 8898 8897
f 8758 8897 8896
f 8757 8896 8895
f 8756 8895 8894
f 8755 8894 8893
f 8754 8893 8892
f 8753 8892 8891
f 8752 8891 8890
f 8751 8890 8889
f 8750 8889 8888
f 8749 8888 8887
f 8748 8887 8886
f 8747 8886 8885
f 8746 8885 8884
f 8745 8884 8883
f 8744 8883 8882
f 8743 8882 8881
f 8742 8881 8880
f 8741 8880 8879
f 8740 8879 8878
f 8739 8878 8877
f 8738 8877 8876
f 8737 8876 8875
f 8736 8875 8874
f 8735 8874 8873
f 8734 8873 8872
f 8733 8872 8871
f 8732 8871 8870
f 8731 8870 8869
f 8730 8869 8868
f 8729 8868 8867
f 8728 8867 8866
f 8727 8866 8865
f 8726 8865 8864
f 8725 8864 8863
f 8724 8863 8862
f 8723 8862 8861
f 8722 8861 8860
f 8721 8860 8859
f 8720 8859 8858
f 8719 8858 8857
f 8718 8857 8856
f 8717 8856 8855
f 8716 8855 8854
f 8715 8854 8853
f 8714 8853 8852
f 8713 8852 8851
f 8712 8851 8850
f 8711 8850 8849
f 8710 8849 8848
f 8709 8848 8847
f 8708 8847 8846
f 8707 8846 8845
f 8706 8845 8844
f 8705 8844 8843
f 8704 8843 8842
f 8703 8842 8841
f 8702 8841 8840
f 8701 8840 8839
f 8700 8839 8838
f 8699 8838 8837
f 8698 8837 8836
f 8697 8836 8835
f 8696 8835 8834
f 8695 8834 8833
f 8694 8833 8832
f 8693 8832 8831
f 8692 8831 8830
f 8691 8830 8829
f 8690 8829 8828
f 8689 8828 8827
f 8688 8827 8826
f 8687 8826 8825
f 8686 8825 8824
f 8685 8824 8823
f 8684 8823 8822
f 8683 8822 8821
f 8682 8821 8820
f 8681 8820 8819
f 8680 8819 8818
f 8679 8818 8817
f 8678 8817 8816
f 8677 8816 8815
f 8676 8815 8814
f 8675 8814 8813
f 8674 8813 8812
f 8673 8812 8811
f 8672 8811 8810
f 8671 8810 8809
f 8670 8809 8808
f 8669 8808 8807
f 8668 8807 8806
f 8667 8806 8805
f 8666 8805 8804
f 8665 8804 8803
f 8664 8803 8802
f 8663 8802 8801
f 8662 8801 8800
f 8661 8800 8799
f 8660 8799 8798
f 8659 8798 8797
f 8658 8797 8796
f 8657 8796 8795
f 8656 8795 8794
f 8655 8794 8793
f 8654 8793 8792
f 8653 8792 8791
f 8652 8791 8790
f 8651 8790 8789
f 8650 8789 8788
f 8649 8788 8787
f 8648 8787 8786
f 8647 8786 8785
f 8646 8785 8784
f 8645 8784 8783
f 8644 8783 8782
f 8643 8782 8781
f 8642 8781 8780
f 8641 8780 8779
f 8640 8779 8778
f 8637 8917 8777
f 8636 8777 8776
f 8635 8776 8775
f 8634 8775 8774
f 8633 8774 8773
f 8632 8773 8772
f 8631 8772 8771
f 8630 8771 8770
f 8629 8770 8769
f 8628 8769 8768
f 8627 8768 8767
f 8626 8767 8766
f 8625 8766 8765
f 8624 8765 8764
f 8623 8764 8763
f 8622 8763 8762
f 8621 8762 8761
f 8620 8761 8760
f 8619 8760 8759
f 8618 8759 8758
f 8617 8758 8757
f 8616 8757 8756
f 8615 8756 8755
f 8614 8755 8754
f 8613 8754 8753
f 8612 8753 8752
f 8611 8752 8751
f 8610 8751 8750
f 8609 8750 8749
f 8608 8749 8748
f 8607 8748 8747
f 8606 8747 8746
f 8605 8746 8745
f 8604 8745 8744
f 8603 8744 8743
f 8602 8743 8742
f 8601 8742 8741
f 8600 8741 8740
f 8599 8740 8739
f 8598 8739 8738
f 8597 8738 8737
f 8596 8737 8736
f 8595 8736 8735
f 8594 8735 8734
f 8593 8734 8733
f 8592 8733 8732
f 8591 8732 8731
f 8590 8731 8730
f 8589 8730 8729
f 8588 8729 8728
f 8587 8728 8727
f 8586 8727 8726
f 8585 8726 8725
f 8584 8725 8724
f 8583 8724 8723
f 8582 8723 8722
f 8581 8722 8721
f 8580 8721 8720
f 8579 8720 8719
f 8578 8719 8718
f 8577 8718 8717
f 8576 8717 8716
f 8575 8716 8715
f 8574 8715 8714
f 8573 8714 8713
f 8572 8713 8712
f 8571 8712 8711
f 8570 8711 8710
f 8569 8710 8709
f 8568 8709 8708
f 8567 8708 8707
f 8566 8707 8706
f 8565 8706 8705
f 8564 8705 8704
f 8563 8704 8703
f 8562 8703 8702
f 8561 8702 8701
f 8560 8701 8700
f 8559 8700 8699
f 8558 8699 8698
f 8557 8698 8697
f 8556 8697 8696
f 8555 8696 8695
f 8554 8695 8694
f 8553 8694 8693
f 8552 8693 8692
f 8551 8692 8691
f 8550 8691 8690
f 8549 8690 8689
f 8548 8689 8688
f 8547 8688 8687
f 8546 8687 8686
f 8545 8686 8685
f 8544 8685 8684
f 8543 8684 8683
f 8542 8683 8682
f 8541 8682 8681
f 8540 8681 8680
f 8539 8680 8679
f 8538 8679 8678
f 8537 8678 8677
f 8536 8677 8676
f 8535 8676 8675
f 8534 8675 8674
f 8533 8674 8673
f 8532 8673 8672
f 8531 8672 8671
f 8530 8671 8670
f 8529 8670 8669
f 8528 8669 8668
f 8527 8668 8667
f 8526 8667 8666
f 8525 8666 8665
f 8524 8665 8664
f 8523 8664 8663
f 8522 8663 8662
f 8521 8662 8661
f 8520 8661 8660
f 8519 8660 8659
f 8518 8659 8658
f 8517 8658 8657
f 8516 8657 8656
f 8515 8656 8655
f 8514 8655 8654
f 8513 8654 8653
f 8512 8653 8652
f 8511 8652 8651
f 8510 8651 8650
f 8509 8650 8649
f 8508 8649 8648
f 8507 8648 8647
f 8506 8647 8646
f 8505 8646 8645
f 8504 8645 8644
f 8503 8644 8643
f 8502 8643 8642
f 8501 8642 8641
f 8500 8641 8640
f 8499 8640 8639
f 8498 8639 8638
f 8493 12084 8637
f 8492 8637 8636
f 8491 8636 8635
f 8490 8635 8634
f 8489 8634 8633
f 8488 8633 8632
f 8487 8632 8631
f 8486 8631 8630
f 8485 8630 8629
f 8484 8629 8628
f 8483 8628 8627
f 8482 8627 8626
f 8481 8626 8625
f 8480 8625 8624
f 8479 8624 8623
f 8478 8623 8622
f 8477 8622 8621
f 8476 8621 8620
f 8475 8620 8619
f 8474 8619 8618
f 8473 8618 8617
f 8472 8617 8616
f 8471 8616 8615
f 8470 8615 8614
f 8469 8614 8613
f 8468 8613 8612
f 8467 8612 8611
f 8466 8611 8610
f 8465 8610 8609
f 8464 8609 8608
f 8463 8608 8607
f 8462 8607 8606
f 8461 8606 8605
f 8460 8605 8604
f 8459 8604 8603
f 8458 8603 8602
f 8457 8602 8601
f 8456 8601 8600
f 8455 8600 8599
f 8454 8599 8598
f 8453 8598 8597
f 8452 8597 8596
f 8451 8596 8595
f 8450 8595 8594
f 8449 8594 8593
f 8448 8593 8592
f 8447 8592 8591
f 8446 8591 8590
f 8445 8590 8589
f 8444 8589 8588
f 8443 8588 8587
f 8442 8587 8586
f 8441 8586 8585
f 8440 8585 8584
f 8439 8584 8583
f 8438 8583 8582
f 8437 8582 8581
f 8436 8581 8580
f 8435 8580 8579
f 8434 8579 8578
f 8433 8578 8577
f 8432 8577 8576
f 8431 8576 8575
f 8430 8575 8574
f 8429 8574 8573
f 8428 8573 8572
f 8427 8572 8571
f 8426 8571 8570
f 8425 8570 8569
f 8424 8569 8568
f 8423 8568 8567
f 8422 8567 8566
f 8421 8566 8565
f 8420 8565 8564
f 8419 8564 8563
f 8418 8563 8562
f 8417 8562 8561
f 8416 8561 8560
f 8415 8560 8559
f 8414 8559 8558
f 8413 8558 8557
f 8412 8557 8556
f 8411 8556 8555
f 8410 8555 8554
f 8409 8554 8553
f 8408 8553 8552
f 8407 8552 8551
f 8406 8551 8550
f 8405 8550 8549
f 8404 8549 8548
f 8403 8548 8547
f 8402 8547 8546
f 8401 8546 8545
f 8400 8545 8544
f 8399 8544 8543
f 8398 8543 8542
f 8397 8542 8541
f 8396 8541 8540
f 8395 8540 8539
f 8394 8539 8538
f 8393 8538 8537
f 8392 8537 8536
f 8391 8536 8535
f 8390 8535 8534
f 8389 8534 8533
f 8388 8533 8532
f 8387 8532 8531
f 8386 8531 8530
f 8385 8530 8529
f 8384 8529 8528
f 8383 8528 8527
f 8382 8527 8526
f 8381 8526 8525
f 8380 8525 8524
f 8379 8524 8523
f 8378 8523 8522
f 8377 8522 8521
f 8376 8521 8520
f 8375 8520 8519
f 8374 8519 8518
f 8373 8518 8517
f 8372 8517 8516
f 8371 8516 8515
f 8370 8515 8514
f 8369 8514 8513
f 8368 8513 8512
f 8367 8512 8511
f 8366 8511 8510
f 8365 8510 8509
f 8364 8509 8508
f 8363 8508 8507
f 8362 8507 8506
f 8361 8506 8505
f 8360 8505 8504
f 8359 8504 8503
f 8358 8503 8502
f 8357 8502 8501
f 8356 8501 8500
f 8355 8500 8499
f 8354 8499 8498
f 8353 8498 8497
f 8352 8497 8496
f 8351 8496 8495
f 8494 12083 8493
f 8348 8493 8492
f 8347 8492 8491
f 8346 8491 8490
f 8345 8490 8489
f 8344 8489 8488
f 8343 8488 8487
f 8342 8487 8486
f 8341 8486 8485
f 8340 8485 8484
f 8339 8484 8483
f 8338 8483 8482
f 8337 8482 8481
f 8336 8481 8480
f 8335 8480 8479
f 8334 8479 8478
f 8333 8478 8477
f 8332 8477 8476
f 8331 8476 8475
f 8330 8475 8474
f 8329 8474 8473
f 8328 8473 8472
f 8327 8472 8471
f 8326 8471 8470
f 8325 8470 8469
f 8324 8469 8468
f 8323 8468 8467
f 8322 8467 8466
f 8321 8466 8465
f 8320 8465 8464
f 8319 8464 8463
f 8318 8463 8462
f 8317 8462 8461
f 8316 8461 8460
f 8315 8460 8459
f 8314 8459 8458
f 8313 8458 8457
f 8312 8457 8456
f 8311 8456 8455
f 8310 8455 8454
f 8309 8454 8453
f 8308 8453 8452
f 8307 8452 8451
f 8306 8451 8450
f 8305 8450 8449
f 8304 8449 8448
f 8303 8448 8447
f 8302 8447 8446
f 8301 8446 8445
f 8300 8445 8444
f 8299 8444 8443
f 8298 8443 8442
f 8297 8442 8441
f 8296 8441 8440
f 8295 8440 8439
f 8294 8439 8438
f 8293 8438 8437
f 8292 8437 8436
f 8291 8436 8435
f 8290 8435 8434
f 8289 8434 8433
f 8288 8433 8432
f 8287 8432 8431
f 8286 8431 8430
f 8285 8430 8429
f 8284 8429 8428
f 8283 8428 8427
f 8282 8427 8426
f 8281 8426 8425
f 8280 8425 8424
f 8279 8424 8423
f 8278 8423 8422
f 8277 8422 8421
f 8276 8421 8420
f 8275 8420 8419
f 8274 8419 8418
f 8273 8418 8417
f 8272 8417 8416
f 8271 8416 8415
f 8270 8415 8414
f 8269 8414 8413
f 8268 8413 8412
f 8267 8412 8411
f 8266 8411 8410
f 8265 8410 8409
f 8264 8409 8408
f 8263 8408 8407
f 8262 8407 8406
f 8261 8406 8405
f 8260 8405 8404
f 8259 8404 8403
f 8258 8403 8402
f 8257 8402 8401
f 8256 8401 8400
f 8255 8400 8399
f 8254 8399 8398
f 8253 8398 8397
f 8252 8397 8396
f 8251 8396 8395
f 8250 8395 8394
f 8249 8394 8393
f 8248 8393 8392
f 8247 8392 8391
f 8246 8391 8390
f 8245 8390 8389
f 8244 8389 8388
f 8243 8388 8387
f 8242 8387 8386
f 8241 8386 8385
f 8240 8385 8384
f 8239 8384 8383
f 8238 8383 8382
f 8237 8382 8381
f 8236 8381 8380
f 8235 8380 8379
f 8234 8379 8378
f 8233 8378 8377
f 8232 8377 8376
f 8231 8376 8375
f 8230 8375 8374
f 8229 8374 8373
f 8228 8373 8372
f 8227 8372 8371
f 8226 8371 8370
f 8225 8370 8369
f 8224 8369 8368
f 8223 8368 8367
f 8222 8367 8366
f 8221 8366 8365
f 8220 8365 8364
f 8219 8364 8363
f 8218 8363 8362
f 8217 8362 8361
f 8216 8361 8360
f 8215 8360 8359
f 8214 8359 8358
f 8213 8358 8357
f 8212 8357 8356
f 8211 8356 8355
f 8210 8355 8354
f 8209 8354 8353
f 8208 8353 8352
f 8207 8352 8351
f 8206 8351 8350
f 8205 8350 8349
f 8201 8494 8348
f 8200 8348 8347
f 8199 8347 8346
f 8198 8346 8345
f 8197 8345 8344
f 8196 8344 8343
f 8195 8343 8342
f 8194 8342 8341
f 8193 8341 8340
f 8192 8340 8339
f 8191 8339 8338
f 8190 8338 8337
f 8189 8337 8336
f 8188 8336 8335
f 8187 8335 8334
f 8186 8334 8333
f 8185 8333 8332
f 8184 8332 8331
f 8183 8331 8330
f 8182 8330 8329
f 8181 8329 8328
f 8180 8328 8327
f 8179 8327 8326
f 8178 8326 8325
f 8177 8325 8324
f 8176 8324 8323
f 8175 8323 8322
f 8174 8322 8321
f 8173 8321 8320
f 8172 8320 8319
f 8171 8319 8318
f 8170 8318 8317
f 8169 8317 8316
f 8168 8316 8315
f 8167 8315 8314
f 8166 8314 8313
f 8165 8313 8312
f 8164 8312 8311
f 8163 8311 8310
f 8162 8310 8309
f 8161 8309 8308
f 8160 8308 8307
f 8159 8307 8306
f 8158 8306 8305
f 8157 8305 8304
f 8156 8304 8303
f 8155 8303 8302
f 8154 8302 8301
f 8153 8301 8300
f 8152 8300 8299
f 8151 8299 8298
f 8150 8298 8297
f 8149 8297 8296
f 8148 8296 8295
f 8147 8295 8294
f 8146 8294 8293
f 8145 8293 8292
f 8144 8292 8291
f 8143 8291 8290
f 8142 8290 8289
f 8141 8289 8288
f 8140 8288 8287
f 8139 8287 8286
f 8138 8286 8285
f 8137 8285 8284
f 8136 8284 8283
f 8135 8283 8282
f 8134 8282 8281
f 8133 8281 8280
f 8132 8280 8279
f 8131 8279 8278
f 8130 8278 8277
f 8129 8277 8276
f 8128 8276 8275
f 8127 8275 8274
f 8126 8274 8273
f 8125 8273 8272
f 8124 8272 8271
f 8123 8271 8270
f 8122 8270 8269
f 8121 8269 8268
f 8120 8268 8267
f 8119 8267 8266
f 8118 8266 8265
f 8117 8265 8264
f 8116 8264 8263
f 8115 8263 8262
f 8114 8262 8261
f 8113 8261 8260
f 8112 8260 8259
f 8111 8259 8258
f 8110 8258 8257
f 8109 8257 8256
f 8108 8256 8255
f 8107 8255 8254
f 8106 8254 8253
f 8105 8253 8252
f 8104 8252 8251
f 8103 8251 8250
f 8102 8250 8249
f 8101 8249 8248
f 8100 8248 8247
f 8099 8247 8246
f 8098 8246 8245
f 8097 8245 8244
f 8096 8244 8243
f 8095 8243 8242
f 8094 8242 8241
f 8093 8241 8240
f 8092 8240 8239
f 8091 8239 8238
f 8090 8238 8237
f 8089 8237 8236
f 8088 8236 8235
f 8087 8235 8234
f 8086 8234 8233
f 8085 8233 8232
f 8084 8232 8231
f 8083 8231 8230
f 8082 8230 8229
f 8081 8229 8228
f 8080 8228 8227
f 8079 8227 8226
f 8078 8226 8225
f 8077 8225 8224
f 8076 8224 8223
f 8075 8223 8222
f 8074 8222 8221
f 8073 8221 8220
f 8072 8220 8219
f 8071 8219 8218
f 8070 8218 8217
f 8069 8217 8216
f 8068 8216 8215
f 8067 8215 8214
f 8066 8214 8213
f 8065 8213 8212
f 8064 8212 8211
f 8063 8211 8210
f 8062 8210 8209
f 8061 8209 8208
f 8060 8208 8207
f 8059 8207 8206
f 8058 8206 8205
f 8057 8205 8204
f 8056 8204 8203
f 8055 8203 8202
f 8051 12082 8201
f 8050 8201 8200
f 8049 8200 8199
f 8048 8199 8198
f 8047 8198 8197
f 8046 8197 8196
f 8045 8196 8195
f 8044 8195 8194
f 8043 8194 8193
f 8042 8193 8192
f 8041 8192 8191
f 8040 8191 8190
f 8039 8190 8189
f 8038 8189 8188
f 8037 8188 8187
f 8036 8187 8186
f 8035 8186 8185
f 8034 8185 8184
f 8033 8184 8183
f 8032 8183 8182
f 8031 8182 8181
f 8030 8181 8180
f 8029 8180 8179
f 8028 8179 8178
f 8027 8178 8177
f 8026 8177 8176
f 8025 8176 8175
f 8024 8175 8174
f 8023 8174 8173
f 8022 8173 8172
f 8021 8172 8171
f 8020 8171 8170
f 8019 8170 8169
f 8018 8169 8168
f 8017 8168 8167
f 8016 8167 8166
f 8015 8166 8165
f 8014 8165 8164
f 8013 8164 8163
f 8012 8163 8162
f 8011 8162 8161
f 8010 8161 8160
f 8009 8160 8159
f 8008 8159 8158
f 8007 8158 8157
f 8006 8157 8156
f 8005 8156 8155
f 8004 8155 8154
f 8003 8154 8153
f 8002 8153 8152
f 8001 8152 8151
f 8000 8151 8150
f 7999 8150 8149
f 7998 8149 8148
f 7997 8148 8147
f 7996 8147 8146
f 7995 8146 8145
f 7994 8145 8144
f 7993 8144 8143
f 7992 8143 8142
f 7991 8142 8141
f 7990 8141 8140
f 7989 8140 8139
f 7988 8139 8138
f 7987 8138 8137
f 7986 8137 8136
f 7985 8136 8135
f 7984 8135 8134
f 7983 8134 8133
f 7982 8133 8132
f 7981 8132 8131
f 7980 8131 8130
f 7979 8130 8129
f 7978 8129 8128
f 7977 8128 8127
f 7976 8127 8126
f 7975 8126 8125
f 7974 8125 8124
f 7973 8124 8123
f 7972 8123 8122
f 7971 8122 8121
f 7970 8121 8120
f 7969 8120 8119
f 7968 8119 8118
f 7967 8118 8117
f 7966 8117 8116
f 7965 8116 8115
f 7964 8115 8114
f 7963 8114 8113
f 7962 8113 8112
f 7961 8112 8111
f 7960 8111 8110
f 7959 8110 8109
f 7958 8109 8108
f 7957 8108 8107
f 7956 8107 8106
f 7955 8106 8105
f 7954 8105 8104
f 7953 8104 8103
f 7952 8103 8102
f 7951 8102 8101
f 7950 8101 8100
f 7949 8100 8099
f 7948 8099 8098
f 7947 8098 8097
f 7946 8097 8096
f 7945 8096 8095
f 7944 8095 8094
f 7943 8094 8093
f 7942 8093 8092
f 7941 8092 8091
f 7940 8091 8090
f 7939 8090 8089
f 7938 8089 8088
f 7937 8088 8087
f 7936 8087 8086
f 7935 8086 8085
f 7934 8085 8084
f 7933 8084 8083
f 7932 8083 8082
f 7931 8082 8081
f 7930 8081 8080
f 7929 8080 8079
f 7928 8079 8078
f 7927 8078 8077
f 7926 8077 8076
f 7925 8076 8075
f 7924 8075 8074
f 7923 8074 8073
f 7922 8073 8072
f 7921 8072 8071
f 7920 8071 8070
f 7919 8070 8069
f 7918 8069 8068
f 7917 8068 8067
f 7916 8067 8066
f 7915 8066 8065
f 7914 8065 8064
f 7913 8064 8063
f 7912 8063 8062
f 7911 8062 8061
f 7910 8061 8060
f 7909 8060 8059
f 7908 8059 8058
f 7907 8058 8057
f 7906 8057 8056
f 7905 8056 8055
f 7904 8055 8054
f 7903 8054 8053
f 7902 8053 8052
f 7897 12081 8051
f 7896 8051 8050
f 7895 8050 8049
f 7894 8049 8048
f 7893 8048 8047
f 7892 8047 8046
f 7891 8046 8045
f 7890 8045 8044
f 7889 8044 8043
f 7888 8043 8042
f 7887 8042 8041
f 7886 8041 8040
f 7885 8040 8039
f 7884 8039 8038
f 7883 8038 8037
f 7882 8037 8036
f 7881 8036 8035
f 7880 8035 8034
f 7879 8034 8033
f 7878 8033 8032
f 7877 8032 8031
f 7876 8031 8030
f 7875 8030 8029
f 7874 8029 8028
f 7873 8028 8027
f 7872 8027 8026
f 7871 8026 8025
f 7870 8025 8024
f 7869 8024 8023
f 7868 8023 8022
f 7867 8022 8021
f 7866 8021 8020
f 7865 8020 8019
f 7864 8019 8018
f 7863 8018 8017
f 7862 8017 8016
f 7861 8016 8015
f 7860 8015 8014
f 7859 8014 8013
f 7858 8013 8012
f 7857 8012 8011
f 7856 8011 8010
f 7855 8010 8009
f 7854 8009 8008
f 7853 8008 8007
f 7852 8007 8006
f 7851 8006 8005
f 7850 8005 8004
f 7849 8004 8003
f 7848 8003 8002
f 7847 8002 8001
f 7846 8001 8000
f 7845 8000 7999
f 7844 7999 7998
f 7843 7998 7997
f 7842 7997 7996
f 7841 7996 7995
f 7840 7995 7994
f 7839 7994 7993
f 7838 7993 7992
f 7837 7992 7991
f 7836 7991 7990
f 7835 7990 7989
f 7834 7989 7988
f 7833 7988 7987
f 7832 7987 7986
f 7831 7986 7985
f 7830 7985 7984
f 7829 7984 7983
f 7828 7983 7982
f 7827 7982 7981
f 7826 7981 7980
f 7825 7980 7979
f 7824 7979 7978
f 7823 7978 7977
f 7822 7977 7976
f 7821 7976 7975
f 7820 7975 7974
f 7819 7974 7973
f 7818 7973 7972
f 7817 7972 7971
f 7816 7971 7970
f 7815 7970 7969
f 7814 7969 7968
f 7813 7968 7967
f 7812 7967 7966
f 7811 7966 7965
f 7810 7965 7964
f 7809 7964 7963
f 7808 7963 7962
f 7807 7962 7961
f 7806 7961 7960
f 7805 7960 7959
f 7804 7959 7958
f 7803 7958 7957
f 7802 7957 7956
f 7801 7956 7955
f 7800 7955 7954
f 7799 7954 7953
f 7798 7953 7952
f 7797 7952 7951
f 7796 7951 7950
f 7795 7950 7949
f 7794 7949 7948
f 7793 7948 7947
f 7792 7947 7946
f 7791 7946 7945
f 7790 7945 7944
f 7789 7944 7943
f 7788 7943 7942
f 7787 7942 7941
f 7786 7941 7940
f 7785 7940 7939
f 7784 7939 7938
f 7783 7938 7937
f 7782 7937 7936
f 7781 7936 7935
f 7780 7935 7934
f 7779 7934 7933
f 7778 7933 7932
f 7777 7932 7931
f 7776 7931 7930
f 7775 7930 7929
f 7774 7929 7928
f 7773 7928 7927
f 7772 7927 7926
f 7771 7926 7925
f 7770 7925 7924
f 7769 7924 7923
f 7768 7923 7922
f 7767 7922 7921
f 7766 7921 7920
f 7765 7920 7919
f 7764 7919 7918
f 7763 7918 7917
f 7762 7917 7916
f 7761 7916 7915
f 7760 7915 7914
f 7759 7914 7913
f 7758 7913 7912
f 7757 7912 7911
f 7756 7911 7910
f 7755 7910 7909
f 7754 7909 7908
f 7753 7908 7907
f 7752 7907 7906
f 7751 7906 7905
f 7750 7905 7904
f 7749 7904 7903
f 7748 7903 7902
f 7747 7902 7901
f 7746 7901 7900
f 7745 7900 7899
f 7898 12080 7897
f 7742 7897 7896
f 7741 7896 7895
f 7740 7895 7894
f 7739 7894 7893
f 7738 7893 7892
f 7737 7892 7891
f 7736 7891 7890
f 7735 7890 7889
f 7734 7889 7888
f 7733 7888 7887
f 7732 7887 7886
f 7731 7886 7885
f 7730 7885 7884
f 7729 7884 7883
f 7728 7883 7882
f 7727 7882 7881
f 7726 7881 7880
f 7725 7880 7879
f 7724 7879 7878
f 7723 7878 7877
f 7722 7877 7876
f 7721 7876 7875
f 7720 7875 7874
f 7719 7874 7873
f 7718 7873 7872
f 7717 7872 7871
f 7716 7871 7870
f 7715 7870 7869
f 7714 7869 7868
f 7713 7868 7867
f 7712 7867 7866
f 7711 7866 7865
f 7710 7865 7864
f 7709 7864 7863
f 7708 7863 7862
f 7707 7862 7861
f 7706 7861 7860
f 7705 7860 7859
f 7704 7859 7858
f 7703 7858 7857
f 7702 7857 7856
f 7701 7856 7855
f 7700 7855 7854
f 7699 7854 7853
f 7698 7853 7852
f 7697 7852 7851
f 7696 7851 7850
f 7695 7850 7849
f 7694 7849 7848
f 7693 7848 7847
f 7692 7847 7846
f 7691 7846 7845
f 7690 7845 7844
f 7689 7844 7843
f 7688 7843 7842
f 7687 7842 7841
f 7686 7841 7840
f 7685 7840 7839
f 7684 7839 7838
f 7683 7838 7837
f 7682 7837 7836
f 7681 7836 7835
f 7680 7835 7834
f 7679 7834 7833
f 7678 7833 7832
f 7677 7832 7831
f 7676 7831 7830
f 7675 7830 7829
f 7674 7829 7828
f 7673 7828 7827
f 7672 7827 7826
f 7671 7826 7825
f 7670 7825 7824
f 7669 7824 7823
f 7668 7823 7822
f 7667 7822 7821
f 7666 7821 7820
f 7665 7820 7819
f 7664 7819 7818
f 7663 7818 7817
f 7662 7817 7816
f 7661 7816 7815
f 7660 7815 7814
f 7659 7814 7813
f 7658 7813 7812
f 7657 7812 7811
f 7656 7811 7810
f 7655 7810 7809
f 7654 7809 7808
f 7653 7808 7807
f 7652 7807 7806
f 7651 7806 7805
f 7650 7805 7804
f 7649 7804 7803
f 7648 7803 7802
f 7647 7802 7801
f 7646 7801 7800
f 7645 7800 7799
f 7644 7799 7798
f 7643 7798 7797
f 7642 7797 7796
f 7641 7796 7795
f 7640 7795 7794
f 7639 7794 7793
f 7638 7793 7792
f 7637 7792 7791
f 7636 7791 7790
f 7635 7790 7789
f 7634 7789 7788
f 7633 7788 7787
f 7632 7787 7786
f 7631 7786 7785
f 7630 7785 7784
f 7629 7784 7783
f 7628 7783 7782
f 7627 7782 7781
f 7626 7781 7780
f 7625 7780 7779
f 7624 7779 7778
f 7623 7778 7777
f 7622 7777 7776
f 7621 7776 7775
f 7620 7775 7774
f 7619 7774 7773
f 7618 7773 7772
f 7617 7772 7771
f 7616 7771 7770
f 7615 7770 7769
f 7614 7769 7768
f 7613 7768 7767
f 7612 7767 7766
f 7611 7766 7765
f 7610 7765 7764
f 7609 7764 7763
f 7608 7763 7762
f 7607 7762 7761
f 7606 7761 7760
f 7605 7760 7759
f 7604 7759 7758
f 7603 7758 7757
f 7602 7757 7756
f 7601 7756 7755
f 7600 7755 7754
f 7599 7754 7753
f 7598 7753 7752
f 7597 7752 7751
f 7596 7751 7750
f 7595 7750 7749
f 7594 7749 7748
f 7593 7748 7747
f 7592 7747 7746
f 7591 7746 7745
f 7590 7745 7744
f 7589 7744 7743
f 7585 7898 7742
f 7584 7742 7741
f 7583 7741 7740
f 7582 7740 7739
f 7581 7739 7738
f 7580 7738 7737
f 7579 7737 7736
f 7578 7736 7735
f 7577 7735 7734
f 7576 7734 7733
f 7575 7733 7732
f 7574 7732 7731
f 7573 7731 7730
f 7572 7730 7729
f 7571 7729 7728
f 7570 7728 7727
f 7569 7727 7726
f 7568 7726 7725
f 7567 7725 7724
f 7566 7724 7723
f 7565 7723 7722
f 7564 7722 7721
f 7563 7721 7720
f 7562 7720 7719
f 7561 7719 7718
f 7560 7718 7717
f 7559 7717 7716
f 7558 7716 7715
f 7557 7715 7714
f 7556 7714 7713
f 7555 7713 7712
f 7554 7712 7711
f 7553 7711 7710
f 7552 7710 7709
f 7551 7709 7708
f 7550 7708 7707
f 7549 7707 7706
f 7548 7706 7705
f 7547 7705 7704
f 7546 7704 7703
f 7545 7703 7702
f 7544 7702 7701
f 7543 7701 7700
f 7542 7700 7699
f 7541 7699 7698
f 7540 7698 7697
f 7539 7697 7696
f 7538 7696 7695
f 7537 7695 7694
f 7536 7694 7693
f 7535 7693 7692
f 7534 7692 7691
f 7533 7691 7690
f 7532 7690 7689
f 7531 7689 7688
f 7530 7688 7687
f 7529 7687 7686
f 7528 7686 7685
f 7527 7685 7684
f 7526 7684 7683
f 7525 7683 7682
f 7524 7682 7681
f 7523 7681 7680
f 7522 7680 7679
f 7521 7679 7678
f 7520 7678 7677
f 7519 7677 7676
f 7518 7676 7675
f 7517 7675 7674
f 7516 7674 7673
f 7515 7673 7672
f 7514 7672 7671
f 7513 7671 7670
f 7512 7670 7669
f 7511 7669 7668
f 7510 7668 7667
f 7509 7667 7666
f 7508 7666 7665
f 7507 7665 7664
f 7506 7664 7663
f 7505 7663 7662
f 7504 7662 7661
f 7503 7661 7660
f 7502 7660 7659
f 7501 7659 7658
f 7500 7658 7657
f 7499 7657 7656
f 7498 7656 7655
f 7497 7655 7654
f 7496 7654 7653
f 7495 7653 7652
f 7494 7652 7651
f 7493 7651 7650
f 7492 7650 7649
f 7491 7649 7648
f 7490 7648 7647
f 7489 7647 7646
f 7488 7646 7645
f 7487 7645 7644
f 7486 7644 7643
f 7485 7643 7642
f 7484 7642 7641
f 7483 7641 7640
f 7482 7640 7639
f 7481 7639 7638
f 7480 7638 7637
f 7479 7637 7636
f 7478 7636 7635
f 7477 7635 7634
f 7476 7634 7633
f 7475 7633 7632
f 7474 7632 7631
f 7473 7631 7630
f 7472 7630 7629
f 7471 7629 7628
f 7470 7628 7627
f 7469 7627 7626
f 7468 7626 7625
f 7467 7625 7624
f 7466 7624 7623
f 7465 7623 7622
f 7464 7622 7621
f 7463 7621 7620
f 7462 7620 7619
f 7461 7619 7618
f 7460 7618 7617
f 7459 7617 7616
f 7458 7616 7615
f 7457 7615 7614
f 7456 7614 7613
f 7455 7613 7612
f 7454 7612 7611
f 7453 7611 7610
f 7452 7610 7609
f 7451 7609 7608
f 7450 7608 7607
f 7449 7607 7606
f 7448 7606 7605
f 7447 7605 7604
f 7446 7604 7603
f 7445 7603 7602
f 7444 7602 7601
f 7443 7601 7600
f 7442 7600 7599
f 7441 7599 7598
f 7440 7598 7597
f 7439 7597 7596
f 7438 7596 7595
f 7437 7595 7594
f 7436 7594 7593
f 7435 7593 7592
f 7434 7592 7591
f 7433 7591 7590
f 7432 7590 7589
f 7431 7589 7588
f 7430 7588 7587
f 7429 7587 7586
f 7425 12079 7585
f 7424 7585 7584
f 7423 7584 7583
f 7422 7583 7582
f 7421 7582 7581
f 7420 7581 7580
f 7419 7580 7579
f 7418 7579 7578
f 7417 7578 7577
f 7416 7577 7576
f 7415 7576 7575
f 7414 7575 7574
f 7413 7574 7573
f 7412 7573 7572
f 7411 7572 7571
f 7410 7571 7570
f 7409 7570 7569
f 7408 7569 7568
f 7407 7568 7567
f 7406 7567 7566
f 7405 7566 7565
f 7404 7565 7564
f 7403 7564 7563
f 7402 7563 7562
f 7401 7562 7561
f 7400 7561 7560
f 7399 7560 7559
f 7398 7559 7558
f 7397 7558 7557
f 7396 7557 7556
f 7395 7556 7555
f 7394 7555 7554
f 7393 7554 7553
f 7392 7553 7552
f 7391 7552 7551
f 7390 7551 7550
f 7389 7550 7549
f 7388 7549 7548
f 7387 7548 7547
f 7386 7547 7546
f 7385 7546 7545
f 7384 7545 7544
f 7383 7544 7543
f 7382 7543 7542
f 7381 7542 7541
f 7380 7541 7540
f 7379 7540 7539
f 7378 7539 7538
f 7377 7538 7537
f 7376 7537 7536
f 7375 7536 7535
f 7374 7535 7534
f 7373 7534 7533
f 7372 7533 7532
f 7371 7532 7531
f 7370 7531 7530
f 7369 7530 7529
f 7368 7529 7528
f 7367 7528 7527
f 7366 7527 7526
f 7365 7526 7525
f 7364 7525 7524
f 7363 7524 7523
f 7362 7523 7522
f 7361 7522 7521
f 7360 7521 7520
f 7359 7520 7519
f 7358 7519 7518
f 7357 7518 7517
f 7356 7517 7516
f 7355 7516 7515
f 7354 7515 7514
f 7353 7514 7513
f 7352 7513 7512
f 7351 7512 7511
f 7350 7511 7510
f 7349 7510 7509
f 7348 7509 7508
f 7347 7508 7507
f 7346 7507 7506
f 7345 7506 7505
f 7344 7505 7504
f 7343 7504 7503
f 7342 7503 7502
f 7341 7502 7501
f 7340 7501 7500
f 7339 7500 7499
f 7338 7499 7498
f 7337 7498 7497
f 7336 7497 7496
f 7335 7496 7495
f 7334 7495 7494
f 7333 7494 7493
f 7332 7493 7492
f 7331 7492 7491
f 7330 7491 7490
f 7329 7490 7489
f 7328 7489 7488
f 7327 7488 7487
f 7326 7487 7486
f 7325 7486 7485
f 7324 7485 7484
f 7323 7484 7483
f 7322 7483 7482
f 7321 7482 7481
f 7320 7481 7480
f 7319 7480 7479
f 7318 7479 7478
f 7317 7478 7477
f 7316 7477 7476
f 7315 7476 7475
f 7314 7475 7474
f 7313 7474 7473
f 7312 7473 7472
f 7311 7472 7471
f 7310 7471 7470
f 7309 7470 7469
f 7308 7469 7468
f 7307 7468 7467
f 7306 7467 7466
f 7305 7466 7465
f 7304 7465 7464
f 7303 7464 7463
f 7302 7463 7462
f 7301 7462 7461
f 7300 7461 7460
f 7299 7460 7459
f 7298 7459 7458
f 7297 7458 7457
f 7296 7457 7456
f 7295 7456 7455
f 7294 7455 7454
f 7293 7454 7453
f 7292 7453 7452
f 7291 7452 7451
f 7290 7451 7450
f 7289 7450 7449
f 7288 7449 7448
f 7287 7448 7447
f 7286 7447 7446
f 7285 7446 7445
f 7284 7445 7444
f 7283 7444 7443
f 7282 7443 7442
f 7281 7442 7441
f 7280 7441 7440
f 7279 7440 7439
f 7278 7439 7438
f 7277 7438 7437
f 7276 7437 7436
f 7275 7436 7435
f 7274 7435 7434
f 7273 7434 7433
f 7272 7433 7432
f 7271 7432 7431
f 7270 7431 7430
f 7269 7430 7429
f 7268 7429 7428
f 7267 7428 7427
f 7266 7427 7426
f 7262 12078 7425
f 7261 7425 7424
f 7260 7424 7423
f 7259 7423 7422
f 7258 7422 7421
f 7257 7421 7420
f 7256 7420 7419
f 7255 7419 7418
f 7254 7418 7417
f 7253 7417 7416
f 7252 7416 7415
f 7251 7415 7414
f 7250 7414 7413
f 7249 7413 7412
f 7248 7412 7411
f 7247 7411 7410
f 7246 7410 7409
f 7245 7409 7408
f 7244 7408 7407
f 7243 7407 7406
f 7242 7406 7405
f 7241 7405 7404
f 7240 7404 7403
f 7239 7403 7402
f 7238 7402 7401
f 7237 7401 7400
f 7236 7400 7399
f 7235 7399 7398
f 7234 7398 7397
f 7233 7397 7396
f 7232 7396 7395
f 7231 7395 7394
f 7230 7394 7393
f 7229 7393 7392
f 7228 7392 7391
f 7227 7391 7390
f 7226 7390 7389
f 7225 7389 7388
f 7224 7388 7387
f 7223 7387 7386
f 7222 7386 7385
f 7221 7385 7384
f 7220 7384 7383
f 7219 7383 7382
f 7218 7382 7381
f 7217 7381 7380
f 7216 7380 7379
f 7215 7379 7378
f 7214 7378 7377
f 7213 7377 7376
f 7212 7376 7375
f 7211 7375 7374
f 7210 7374 7373
f 7209 7373 7372
f 7208 7372 7371
f 7207 7371 7370
f 7206 7370 7369
f 7205 7369 7368
f 7204 7368 7367
f 7203 7367 7366
f 7202 7366 7365
f 7201 7365 7364
f 7200 7364 7363
f 7199 7363 7362
f 7198 7362 7361
f 7197 7361 7360
f 7196 7360 7359
f 7195 7359 7358
f 7194 7358 7357
f 7193 7357 7356
f 7192 7356 7355
f 7191 7355 7354
f 7190 7354 7353
f 7189 7353 7352
f 7188 7352 7351
f 7187 7351 7350
f 7186 7350 7349
f 7185 7349 7348
f 7184 7348 7347
f 7183 7347 7346
f 7182 7346 7345
f 7181 7345 7344
f 7180 7344 7343
f 7179 7343 7342
f 7178 7342 7341
f 7177 7341 7340
f 7176 7340 7339
f 7175 7339 7338
f 7174 7338 7337
f 7173 7337 7336
f 7172 7336 7335
f 7171 7335 7334
f 7170 7334 7333
f 7169 7333 7332
f 7168 7332 7331
f 7167 7331 7330
f 7166 7330 7329
f 7165 7329 7328
f 7164 7328 7327
f 7163 7327 7326
f 7162 7326 7325
f 7161 7325 7324
f 7160 7324 7323
f 7159 7323 7322
f 7158 7322 7321
f 7157 7321 7320
f 7156 7320 7319
f 7155 7319 7318
f 7154 7318 7317
f 7153 7317 7316
f 7152 7316 7315
f 7151 7315 7314
f 7150 7314 7313
f 7149 7313 7312
f 7148 7312 7311
f 7147 7311 7310
f 7146 7310 7309
f 7145 7309 7308
f 7144 7308 7307
f 7143 7307 7306
f 7142 7306 7305
f 7141 7305 7304
f 7140 7304 7303
f 7139 7303 7302
f 7138 7302 7301
f 7137 7301 7300
f 7136 7300 7299
f 7135 7299 7298
f 7134 7298 7297
f 7133 7297 7296
f 7132 7296 7295
f 7131 7295 7294
f 7130 7294 7293
f 7129 7293 7292
f 7128 7292 7291
f 7127 7291 7290
f 7126 7290 7289
f 7125 7289 7288
f 7124 7288 7287
f 7123 7287 7286
f 7122 7286 7285
f 7121 7285 7284
f 7120 7284 7283
f 7119 7283 7282
f 7118 7282 7281
f 7117 7281 7280
f 7116 7280 7279
f 7115 7279 7278
f 7114 7278 7277
f 7113 7277 7276
f 7112 7276 7275
f 7111 7275 7274
f 7110 7274 7273
f 7109 7273 7272
f 7108 7272 7271
f 7107 7271 7270
f 7106 7270 7269
f 7105 7269 7268
f 7104 7268 7267
f 7103 7267 7266
f 7102 7266 7265
f 7101 7265 7264
f 7100 7264 7263
f 1322 12077 7262
f 1323 7262 7261
f 1324 7261 7260
f 1381 7260 7259
f 1325 7259 7258
f 1326 7258 7257
f 1352 7257 7256
f 1300 7256 7255
f 1301 7255 7254
f 1327 7254 7253
f 1302 7253 7252
f 1353 7252 7251
f 1354 7251 7250
f 1328 7250 7249
f 1382 7249 7248
f 1355 7248 7247
f 1329 7247 7246
f 1330 7246 7245
f 1331 7245 7244
f 1303 7244 7243
f 1304 7243 7242
f 1356 7242 7241
f 1332 7241 7240
f 1305 7240 7239
f 1383 7239 7238
f 1407 7238 7237
f 1384 7237 7236
f 1408 7236 7235
f 1409 7235 7234
f 1385 7234 7233
f 1410 7233 7232
f 1386 7232 7231
f 1357 7231 7230
f 1387 7230 7229
f 1388 7229 7228
f 1358 7228 7227
f 1411 7227 7226
f 1389 7226 7225
f 1359 7225 7224
f 1412 7224 7223
f 1390 7223 7222
f 1360 7222 7221
f 1391 7221 7220
f 1392 7220 7219
f 1361 7219 7218
f 1413 7218 7217
f 1393 7217 7216
f 1362 7216 7215
f 1394 7215 7214
f 1363 7214 7213
f 1333 7213 7212
f 1364 7212 7211
f 1365 7211 7210
f 1334 7210 7209
f 1414 7209 7208
f 1395 7208 7207
f 1366 7207 7206
f 1430 7206 7205
f 1431 7205 7204
f 1415 7204 7203
f 1432 7203 7202
f 1433 7202 7201
f 1416 7201 7200
f 1483 7200 7199
f 1457 7199 7198
f 1434 7198 7197
f 1515 7197 7196
f 1516 7196 7195
f 1484 7195 7194
f 1485 7194 7193
f 1486 7193 7192
f 1458 7192 7191
f 1487 7191 7190
f 1459 7190 7189
f 1435 7189 7188
f 1436 7188 7187
f 1559 7187 7186
f 1517 7186 7185
f 1518 7185 7184
f 1572 7184 7183
f 1519 7183 7182
f 1520 7182 7181
f 1573 7181 7180
f 1521 7180 7179
f 1522 7179 7178
f 1523 7178 7177
f 1488 7177 7176
f 1489 7176 7175
f 1490 7175 7174
f 1460 7174 7173
f 1461 7173 7172
f 1524 7172 7171
f 1462 7171 7170
f 1463 7170 7169
f 1525 7169 7168
f 1491 7168 7167
f 1492 7167 7166
f 1464 7166 7165
f 1437 7165 7164
f 1438 7164 7163
f 1465 7163 7162
f 1439 7162 7161
f 1440 7161 7160
f 1526 7160 7159
f 1466 7159 7158
f 1467 7158 7157
f 1527 7157 7156
f 1493 7156 7155
f 1494 7155 7154
f 1560 7154 7153
f 1495 7153 7152
f 1496 7152 7151
f 1528 7151 7150
f 1497 7150 7149
f 1498 7149 7148
f 1529 7148 7147
f 1499 7147 7146
f 1500 7146 7145
f 1561 7145 7144
f 1530 7144 7143
f 1531 7143 7142
f 1562 7142 7141
f 1532 7141 7140
f 1533 7140 7139
f 1574 7139 7138
f 1534 7138 7137
f 1563 7137 7136
f 1564 7136 7135
f 1535 7135 7134
f 1575 7134 7133
f 1576 7133 7132
f 1536 7132 7131
f 1537 7131 7130
f 1577 7130 7129
f 1538 7129 7128
f 1539 7128 7127
f 1578 7127 7126
f 1565 7126 7125
f 1540 7125 7124
f 1541 7124 7123
f 1542 7123 7122
f 1501 7122 7121
f 1543 7121 7120
f 1544 7120 7119
f 1502 7119 7118
f 1566 7118 7117
f 1545 7117 7116
f 1503 7116 7115
f 1567 7115 7114
f 1546 7114 7113
f 1504 7113 7112
f 1579 7112 7111
f 1568 7111 7110
f 1547 7110 7109
f 1569 7109 7108
f 1548 7108 7107
f 1505 7107 7106
f 1549 7106 7105
f 1550 7105 7104
f 1506 7104 7103
f 1570 7103 7102
f 1571 7102 7101
f 1551 7101 7100
f 1552 7100 7099
f 1553 7099 7098
f 1507 7098 7097
f 7033 12097 12098
f 7033 12099 12100
f 12100 12097 7033
f 12098 12101 7033
f 7033 12102 12099
f 7033 12103 12102
f 7033 12104 12103
f 7034 12105 12106
f 7033 12107 12104
f 7094 7093 12108
f 7035 12109 12110
f 7035 7036 12111
f 7034 12112 12105
f 7034 7035 12113
f 7033 12114 12107
f 7033 7034 12115
f 1657 1658 6961
f 7036 12116 12117
f 12116 7036 7094
f 12111 12109 7035
f 12113 12112 7034
f 12115 12114 7033
f 6978 12118 1600
f 6977 1600 1601
f 12118 1594 1595
f 12119 1672 1580
f 6962 1656 1657
f 12108 12116 7094
f 12106 12115 7034
f 12101 7032 7033
f 6984 12120 12121
f 6982 12122 12123
f 1601 6976 6977
f 12118 1597 1598
f 12118 1593 1594
f 1582 12124 12125
f 1582 12118 12126
f 1581 12127 12119
f 1581 12125 12128
f 6972 1627 1628
f 6961 6962 1657
f 6964 1651 1652
f 6964 1649 1650
f 12110 12113 7035
f 12101 7031 7032
f 12101 7028 7029
f 6985 12129 12130
f 6984 12130 12120
f 6983 12121 12131
f 6982 12131 12122
f 12118 1599 1600
f 12118 1596 1597
f 12118 1592 1593
f 12118 1590 1591
f 12118 1582 1583
f 12126 12124 1582
f 12128 12127 1581
f 1628 6971 6972
f 1660 6957 6958
f 6962 6963 1656
f 1650 1651 6964
f 7029 7030 12101
f 12101 7020 7021
f 12101 7018 7019
f 12132 6992 6993
f 12132 6990 6991
f 6986 12133 12129
f 12121 6983 6984
f 12123 6981 6982
f 12134 12118 6980
f 12118 6978 6979
f 1598 1599 12118
f 1591 1592 12118
f 12118 1588 1589
f 12118 1586 1587
f 1583 1584 12118
f 1580 1581 12119
f 6974 1619 1620
f 6974 1617 1618
f 6973 1626 1627
f 6958 1658 1659
f 1645 6965 6966
f 6965 1645 1646
f 6967 1642 1643
f 6964 1655 1656
f 6964 1653 1654
f 6964 1648 1649
f 6964 1646 1647
f 6955 6956 1663
f 7030 7031 12101
f 12101 7026 7027
f 12101 7023 7024
f 7019 7020 12101
f 12101 12132 7016
f 12132 6997 6998
f 12132 6995 6996
f 6991 6992 12132
f 6988 12135 12136
f 6987 12136 12137
f 6986 12137 12133
f 12131 6982 6983
f 6981 12123 12134
f 1600 6977 6978
f 1589 1590 12118
f 12118 1585 1586
f 12125 1581 1582
f 6975 1615 1616
f 1618 1619 6974
f 6973 1625 1626
f 6973 1623 1624
f 6976 1605 1606
f 6976 1601 1602
f 1660 6956 6957
f 1646 6964 6965
f 1643 1644 6967
f 1654 1655 6964
f 1647 1648 6964
f 6951 1671 1829
f 1664 6954 6955
f 7027 7028 12101
f 7024 7025 12101
f 7021 7022 12101
f 7016 7017 12101
f 12132 7007 7008
f 6996 6997 12132
f 6993 6994 12132
f 12132 6988 6989
f 6988 12132 12135
f 12129 6985 6986
f 6980 6981 12134
f 1595 1596 12118
f 1584 1585 12118
f 1616 6974 6975
f 6974 1616 1617
f 6976 1612 1613
f 1624 1625 6973
f 6976 1608 1609
f 1606 1607 6976
f 1602 1603 6976
f 1603 1604 6976
f 6971 1630 1631
f 6956 1660 1661
f 6958 1659 1660
f 1644 1645 6967
f 1652 1653 6964
f 6951 1670 1671
f 6951 1668 1669
f 6951 1665 1666
f 1663 1664 6955
f 1827 6942 6945
f 7025 7026 12101
f 7017 7018 12101
f 12132 7012 7013
f 7008 7009 12132
f 12132 7002 7003
f 6994 6995 12132
f 12136 6987 6988
f 12130 6984 6985
f 1587 1588 12118
f 1620 6973 6974
f 1613 1614 6976
f 6973 1622 1623
f 6973 1620 1621
f 1607 1608 6976
f 1604 1605 6976
f 6968 1638 1639
f 1631 1632 6971
f 1658 6959 6960
f 6958 6959 1658
f 6963 6964 1656
f 6967 1640 1641
f 1669 1670 6951
f 1666 1667 6951
f 1665 6953 6954
f 1665 6951 6952
f 1827 6947 6948
f 6945 6946 1827
f 7022 7023 12101
f 12132 7014 7015
f 12132 7011 7012
f 7009 7010 12132
f 12132 7001 7002
f 12132 6999 7000
f 6989 6990 12132
f 6979 6980 12118
f 1614 1615 6976
f 1621 1622 6973
f 6976 1610 1611
f 1639 6967 6968
f 6971 1634 1635
f 1632 1633 6971
f 6971 1628 1629
f 1661 1662 6956
f 1641 1642 6967
f 1667 1668 6951
f 6952 6953 1665
f 1827 6949 6950
f 6946 6947 1827
f 7015 7016 12132
f 7010 7011 12132
f 12132 7004 7005
f 7000 7001 12132
f 12137 6986 6987
f 6972 6973 1627
f 1609 1610 6976
f 1637 6969 6970
f 6969 1637 1638
f 1635 1636 6971
f 1629 1630 6971
f 6960 6961 1658
f 6967 1639 1640
f 1664 1665 6954
f 6948 6949 1827
f 7013 7014 12132
f 7005 7006 12132
f 6998 6999 12132
f 1611 1612 6976
f 6968 6969 1638
f 1633 1634 6971
f 6966 6967 1645
f 6950 6951 1827
f 7006 7007 12132
f 6975 6976 1615
f 1636 1637 6971
f 1829 1827 6951
f 7003 7004 12132
f 1662 1663 6956
f 6970 6971 1637
f 12117 12111 7036
f 12138 1219 1218
f 12138 1215 1219
f 12138 1208 1211
f 1211 1215 12138
f 12138 1209 1206
f 1206 1208 12138
f 1218 12139 12140
f 12140 12141 1218
f 1218 12142 12139
f 12141 12143 1218
f 1218 12144 12145
f 12145 12146 1218
f 1218 12147 12144
f 12146 12142 1218
f 1218 12148 12147
f 12149 1203 1209
f 12149 1198 1204
f 1204 1203 12149
f 12149 1192 1199
f 1199 1196 12149
f 1196 1198 12149
f 12149 1190 1192
f 1209 12150 12149
f 12149 12151 1190
f 1209 12152 12150
f 1209 12153 12154
f 12154 12152 1209
f 1209 12138 12155
f 12155 12153 1209
f 12156 1191 1190
f 12156 1187 1191
f 12156 1182 1188
f 1188 1187 12156
f 12156 1183 1180
f 1180 1182 12156
f 1190 12157 12158
f 1190 12159 12160
f 1190 12161 12159
f 1190 12151 12162
f 12162 12161 1190
f 12160 12157 1190
f 12163 1176 1183
f 12163 1175 1174
f 12163 1171 1175
f 12163 1166 1172
f 1172 1171 12163
f 12163 1163 1166
f 1174 1176 12163
f 1183 12164 12163
f 12163 12165 1163
f 1183 12166 12164
f 1183 12167 12168
f 1183 12156 12167
f 12168 12166 1183
f 12169 1167 1163
f 12169 1160 1167
f 12169 1155 1161
f 1161 1157 12169
f 12169 1152 1155
f 1157 1160 12169
f 1163 12170 12171
f 12171 12172 1163
f 1163 12165 12173
f 12173 12174 1163
f 12174 12170 1163
f 12175 1156 1152
f 12175 1146 1156
f 12175 1150 1149
f 12175 1140 1150
f 1149 1146 12175
f 12175 1143 1140
f 1152 12176 12177
f 1152 12178 12176
f 1152 12169 12179
f 12179 12178 1152
f 12177 12180 1152
f 12181 1144 1143
f 12181 1134 1144
f 12181 1138 1137
f 12181 1132 1138
f 1137 1134 12181
f 12181 1128 1132
f 1143 12182 12183
f 1143 12184 12182
f 1143 12175 12185
f 12185 12184 1143
f 12183 12186 1143
f 12187 1129 1128
f 12187 1124 1129
f 12187 1118 1125
f 1125 1121 12187
f 1121 1124 12187
f 12187 1115 1118
f 1128 12188 12189
f 1128 12190 12188
f 1128 12181 12190
f 12191 1119 1115
f 12191 1112 1119
f 12191 1104 1113
f 1113 1109 12191
f 1109 1112 12191
f 12191 1107 1104
f 1115 12192 12193
f 1115 12194 12192
f 12193 12195 1115
f 1115 12187 12194
f 12196 1102 1107
f 12196 1103 1102
f 12196 1096 1103
f 12196 1100 1099
f 1099 1096 12196
f 1107 12197 12198
f 1107 12199 12197
f 12198 12200 1107
f 1107 12191 12201
f 12201 12199 1107
f 12202 1093 1100
f 12202 1091 1090
f 12202 1086 1091
f 1090 1093 12202
f 12202 1087 1083
f 1083 1086 12202
f 1100 12203 12204
f 12204 12205 1100
f 1100 12206 12203
f 1100 12196 12207
f 12207 12206 1100
f 12098 249 248
f 12101 1078 1087
f 12101 248 1081
f 1081 1078 12101
f 1087 12208 12101
f 1087 12202 12209
f 12209 12208 1087
f 249 12098 12097
f 257 12097 12100
f 258 12100 12099
f 269 12099 12102
f 296 12102 12103
f 364 12103 12104
f 405 12104 12107
f 404 12107 12114
f 244 12114 12115
f 245 12115 12106
f 12105 259 250
f 12105 12112 270
f 270 12112 12113
f 297 12113 12110
f 339 12110 12109
f 12109 12111 408
f 408 12111 12117
f 406 12117 12116
f 407 12116 12108
f 409 7092 7091
f 409 7093 7092
f 409 12108 7093
f 464 7088 7087
f 464 7091 7090
f 7090 7089 464
f 7089 7088 464
f 515 7084 7083
f 515 7087 7086
f 7086 7085 515
f 7085 7084 515
f 514 7080 7079
f 514 7083 7082
f 7082 7081 514
f 7081 7080 514
f 465 7076 7075
f 465 7079 7078
f 7078 7077 465
f 7077 7076 465
f 466 7072 7071
f 466 7075 7074
f 7074 7073 466
f 7073 7072 466
f 518 7069 7068
f 518 7070 7069
f 518 7071 7070
f 516 7065 7064
f 516 7068 7067
f 7067 7066 516
f 7066 7065 516
f 517 7062 7061
f 517 7064 7063
f 7063 7062 517
f 521 7059 7058
f 521 7061 7060
f 7060 7059 521
f 519 7056 7055
f 519 7058 7057
f 7057 7056 519
f 520 7054 7053
f 520 7055 7054
f 639 7052 7051
f 639 7053 7052
f 637 7050 7049
f 637 7051 7050
f 638 7048 7047
f 638 7049 7048
f 640 7046 7045
f 640 7047 7046
f 641 7044 7043
f 641 7045 7044
f 685 7042 7041
f 685 7043 7042
f 642 7040 7039
f 642 7041 7040
f 603 7038 7096
f 603 7039 7095
f 7095 7038 603
f 605 604 1265
f 604 7096 7037
f 7037 1265 604
f 605 1264 1266
f 643 606 1266
f 643 1299 1263
f 644 1263 1321
f 686 1321 1320
f 646 645 1320
f 646 1298 1244
f 1244 1262 608
f 608 1262 707
f 707 609 608
f 608 607 1244
f 1244 607 646
f 1320 1298 646
f 1320 645 686
f 1321 686 644
f 1263 644 643
f 1266 1299 643
f 1266 606 605
f 1265 1264 605
f 7096 604 603
f 7039 603 642
f 7041 642 685
f 7043 685 641
f 7045 641 640
f 7047 640 638
f 7049 638 637
f 7051 637 639
f 7053 639 520
f 7055 520 519
f 7058 519 521
f 7061 521 517
f 7064 517 516
f 7068 516 518
f 7071 518 466
f 7075 466 465
f 7079 465 514
f 7083 514 515
f 7087 515 464
f 7091 464 409
f 12108 409 407
f 12116 407 406
f 12117 406 408
f 408 365 12109
f 12109 365 339
f 12110 339 297
f 12113 297 270
f 270 259 12105
f 250 12106 12105
f 12106 250 245
f 12115 245 244
f 12114 244 404
f 12107 404 405
f 12104 405 364
f 12103 364 296
f 12102 296 269
f 12099 269 258
f 12100 258 257
f 12097 257 249
f 248 12101 12098
f 1100 12205 12202
f 1107 12200 12196
f 1115 12195 12191
f 1128 12189 12187
f 1143 12186 12181
f 1152 12180 12175
f 1163 12172 12169
f 1190 12158 12156
f 1218 12143 12138
f 687 850 1297
f 1297 1296 661
f 661 1296 1295
f 1295 1294 699
f 699 1294 1261
f 690 1261 1260
f 700 1260 1291
f 663 1291 1290
f 691 1290 1293
f 1293 622 691
f 664 622 1727
f 1727 1726 664
f 587 664 1725
f 1725 1724 587
f 623 587 1723
f 1723 1722 623
f 591 623 1721
f 1721 1720 591
f 589 591 1719
f 1719 1718 589
f 590 1716 1715
f 590 589 1717
f 1717 1716 590
f 665 590 1714
f 1714 1713 665
f 701 665 1834
f 1834 1711 701
f 555 701 1712
f 1712 1709 555
f 552 1708 1707
f 552 555 1710
f 1710 1708 552
f 553 1706 1705
f 553 552 1835
f 1835 1706 553
f 436 1704 1703
f 436 553 1836
f 1836 1704 436
f 434 1701 1700
f 434 436 1702
f 1702 1701 434
f 378 434 1699
f 1699 1837 378
f 1837 1698 378
f 379 1696 1694
f 379 1695 1696
f 379 378 1697
f 1697 1695 379
f 438 1692 1689
f 438 1691 1692
f 438 379 1693
f 1693 1691 438
f 437 1687 1686
f 437 1688 1687
f 437 438 1690
f 1690 1688 437
f 380 1683 1682
f 380 1684 1683
f 380 437 1685
f 1685 1684 380
f 346 1679 1678
f 346 1680 1679
f 346 380 1681
f 1681 1680 346
f 299 1675 1674
f 299 1677 1675
f 299 346 1676
f 1676 1677 299
f 300 299 1672
f 299 1673 1672
f 300 12119 12127
f 440 12127 12128
f 439 12128 12125
f 381 12125 12124
f 347 12124 12126
f 301 12126 12118
f 271 12118 12134
f 260 12134 12123
f 252 12123 12122
f 253 12122 12131
f 12131 12121 382
f 382 12121 12120
f 383 12120 12130
f 350 12130 12129
f 305 12129 12133
f 306 12133 12137
f 348 12137 12136
f 303 12136 12135
f 12132 12210 1079
f 12135 12132 349
f 349 304 12135
f 1095 12211 12212
f 12213 12214 1095
f 12215 12213 1085
f 1085 1084 12215
f 12210 1082 1080
f 12210 12215 1084
f 1084 1088 12210
f 1088 1082 12210
f 1080 1079 12210
f 1095 1085 12213
f 12214 12211 1095
f 1098 12216 12217
f 12217 12218 1098
f 12219 1092 1089
f 12219 1094 1092
f 12219 12216 1098
f 1098 1097 12219
f 1097 1094 12219
f 1089 1095 12219
f 12218 12220 1098
f 1110 12221 12222
f 1110 12223 12221
f 12222 12224 1110
f 12225 1106 1105
f 12225 1108 1106
f 12225 12226 1110
f 1110 1114 12225
f 1114 1108 12225
f 1105 1101 12225
f 1101 1098 12225
f 12226 12223 1110
f 1122 12227 12228
f 1122 12229 12227
f 12228 12230 1122
f 12231 1117 1116
f 1116 1120 12231
f 12231 12232 1122
f 1122 1126 12231
f 1126 1117 12231
f 1120 1111 12231
f 1111 1110 12231
f 12232 12229 1122
f 1135 12233 12234
f 1135 12235 12233
f 12236 1130 1127
f 12236 1131 1130
f 1127 1133 12236
f 12236 12237 1135
f 1135 1131 12236
f 1133 1123 12236
f 1123 1122 12236
f 12237 12235 1135
f 12234 12238 1135
f 1147 12239 12240
f 1147 12241 12239
f 12242 1139 1136
f 12242 1142 1141
f 12242 1145 1142
f 12242 12243 1147
f 1147 1145 12242
f 1141 1139 12242
f 1136 1135 12242
f 12243 12241 1147
f 12240 12244 1147
f 1158 12245 12246
f 1158 12247 12245
f 12248 1151 1148
f 12248 1154 1153
f 12248 12249 1158
f 1158 1162 12248
f 1162 1154 12248
f 1153 1151 12248
f 1148 1147 12248
f 12249 12247 1158
f 12246 12250 1158
f 1169 12251 12252
f 1169 12253 12254
f 12254 12255 1169
f 12255 12251 1169
f 12256 1165 1164
f 1164 1168 12256
f 1168 1159 12256
f 12256 12253 1169
f 1169 1173 12256
f 1173 1165 12256
f 1159 1158 12256
f 1189 12257 12258
f 12258 12259 1189
f 1189 12260 12261
f 12262 1178 1177
f 12262 1179 1178
f 12262 1184 1181
f 1181 1179 12262
f 1177 1170 12262
f 12262 12260 1189
f 1189 1184 12262
f 1170 1169 12262
f 12261 12257 1189
f 1197 12263 12264
f 1197 12265 12266
f 1197 12267 12265
f 12268 1186 1185
f 12268 1194 1193
f 12268 1195 1194
f 12268 12269 1197
f 1197 1195 12268
f 1193 1186 12268
f 1185 1189 12268
f 12269 12267 1197
f 12266 12263 1197
f 1214 12270 12271
f 12271 12272 1214
f 1214 12273 12274
f 12275 1202 1201
f 1201 1205 12275
f 12275 1210 1207
f 12275 12273 1214
f 1214 1210 12275
f 1207 1202 12275
f 1205 1200 12275
f 1200 1197 12275
f 12274 12270 1214
f 1217 12276 12277
f 1217 12278 12276
f 12279 1213 1212
f 12279 12280 1217
f 1217 1216 12279
f 1216 1220 12279
f 1220 1213 12279
f 1212 1214 12279
f 12280 12278 1217
f 12277 12281 1217
f 12281 12282 1217
f 12272 12279 1214
f 12264 12275 1197
f 12259 12268 1189
f 12252 12262 1169
f 12250 12256 1158
f 12244 12248 1147
f 12238 12242 1135
f 12230 12236 1122
f 12224 12231 1110
f 12220 12225 1098
f 12212 12219 1095
f 1079 349 12132
f 12135 304 303
f 12136 303 348
f 12137 348 306
f 12133 306 305
f 12129 305 350
f 12130 350 383
f 12120 383 382
f 382 441 12131
f 12131 441 253
f 12122 253 252
f 12123 252 260
f 12134 260 271
f 12118 271 301
f 12126 301 347
f 12124 347 381
f 12125 381 439
f 12128 439 440
f 12127 440 300
f 1672 12119 300
f 1674 1673 299
f 1678 1676 346
f 1682 1681 380
f 1686 1685 437
f 1689 1690 438
f 1694 1693 379
f 1698 1697 378
f 1700 1699 434
f 1703 1702 436
f 1705 1836 553
f 1707 1835 552
f 1709 1710 555
f 1711 1712 701
f 1713 1834 665
f 1715 1714 590
f 1718 1717 589
f 1720 1719 591
f 1722 1721 623
f 1724 1723 587
f 1726 1725 664
f 1293 1727 622
f 1290 691 663
f 1291 663 700
f 1260 700 690
f 1261 690 699
f 699 688 1295
f 1295 688 661
f 661 657 1297
f 1297 657 687
f 12283 12284 12285
f 12286 12287 12283
f 12288 12287 12286
f 12289 12288 12290
f 12291 12292 12289
f 12293 12294 12292
f 12295 12296 12294
f 12297 12296 12295
f 12298 12299 12297
f 12300 12299 12298
f 12301 12302 12300
f 12303 12304 12302
f 12305 12304 12303
f 12306 12307 12305
f 12308 12307 12306
f 12309 12310 12308
f 12311 12310 12309
f 12312 12311 12313
f 12314 12315 12312
f 1218 1217 12315
f 12315 12314 1218
f 12312 12316 12314
f 12313 12316 12312
f 12309 12313 12311
f 12308 12317 12309
f 12306 12317 12308
f 12305 12318 12306
f 12303 12318 12305
f 12302 12301 12303
f 12300 12319 12301
f 12298 12319 12300
f 12297 12320 12298
f 12295 12320 12297
f 12294 12293 12295
f 12292 12291 12293
f 12289 12321 12291
f 12290 12321 12289
f 12286 12290 12288
f 12283 12322 12286
f 12285 12322 12283
f 12147 12148 12282
f 12281 12145 12144
f 12144 12147 12281
f 12282 12281 12147
f 12276 12142 12146
f 12146 12277 12276
f 12146 12145 12277
f 12278 12140 12139
f 12139 12142 12278
f 12276 12278 12142
f 12280 12143 12141
f 12279 12155 12138
f 12138 12280 12279
f 12138 12143 12280
f 12141 12140 12280
f 12279 12272 12155
f 12270 12154 12153
f 12153 12271 12270
f 12270 12274 12154
f 12153 12155 12271
f 12273 12152 12154
f 12154 12274 12273
f 12273 12275 12152
f 12264 12149 12150
f 12150 12152 12264
f 12263 12162 12151
f 12151 12264 12263
f 12263 12266 12162
f 12151 12149 12264
f 12265 12161 12162
f 12162 12266 12265
f 12267 12160 12159
f 12159 12161 12267
f 12265 12267 12161
f 12157 12268 12259
f 12268 12157 12160
f 12160 12269 12268
f 12258 12158 12157
f 12258 12167 12156
f 12257 12168 12167
f 12167 12258 12257
f 12156 12158 12258
f 12260 12166 12168
f 12168 12261 12260
f 12260 12262 12166
f 12252 12163 12164
f 12164 12166 12252
f 12165 12251 12255
f 12251 12165 12163
f 12163 12252 12251
f 12254 12173 12165
f 12254 12170 12174
f 12253 12171 12170
f 12170 12254 12253
f 12174 12173 12254
f 12256 12169 12172
f 12250 12179 12169
f 12169 12256 12250
f 12172 12171 12256
f 12245 12178 12179
f 12179 12246 12245
f 12247 12177 12176
f 12176 12178 12247
f 12245 12247 12178
f 12248 12180 12177
f 12177 12249 12248
f 12248 12244 12180
f 12240 12185 12175
f 12175 12180 12240
f 12239 12184 12185
f 12185 12240 12239
f 12239 12241 12184
f 12243 12183 12182
f 12182 12184 12243
f 12242 12186 12183
f 12183 12243 12242
f 12242 12238 12186
f 12234 12181 12186
f 12233 12190 12181
f 12181 12234 12233
f 12233 12235 12190
f 12237 12188 12190
f 12236 12189 12188
f 12188 12237 12236
f 12236 12230 12189
f 12228 12187 12189
f 12227 12194 12187
f 12187 12228 12227
f 12227 12229 12194
f 12232 12193 12192
f 12192 12194 12232
f 12231 12195 12193
f 12193 12232 12231
f 12231 12224 12195
f 12222 12201 12191
f 12191 12195 12222
f 12221 12199 12201
f 12201 12222 12221
f 12223 12198 12197
f 12197 12199 12223
f 12221 12223 12199
f 12207 12220 12218
f 12225 12200 12198
f 12198 12226 12225
f 12220 12207 12196
f 12196 12200 12220
f 12225 12220 12200
f 12204 12216 12219
f 12217 12203 12206
f 12216 12204 12203
f 12203 12217 12216
f 12206 12207 12217
f 12212 12202 12205
f 12209 12211 12214
f 12211 12209 12202
f 12202 12212 12211
f 12214 12213 12209
f 12205 12204 12212
f 12215 12208 12209
f 12209 12213 12215
f 12215 12210 12208
f 12132 12101 12208
f 12210 12132 12208
f 12219 12212 12204
f 12218 12217 12207
f 12223 12226 12198
f 12224 12222 12195
f 12229 12232 12194
f 12230 12228 12189
f 12235 12237 12190
f 12238 12234 12186
f 12241 12243 12184
f 12244 12240 12180
f 12247 12249 12177
f 12250 12246 12179
f 12253 12256 12171
f 12255 12254 12165
f 12262 12252 12166
f 12257 12261 12168
f 12259 12258 12157
f 12267 12269 12160
f 12275 12264 12152
f 12272 12271 12155
f 12278 12280 12140
f 12281 12277 12145
f 12282 12148 12323
f 12324 12323 12325
f 12325 12326 12327
f 12326 12328 12329
f 12329 12328 12330
f 12331 12330 12332
f 12332 12333 12334
f 12334 12333 12335
f 12336 12335 12337
f 12338 12337 12339
f 12339 12340 12341
f 12341 12340 12342
f 12343 12342 12344
f 12344 12345 12346
f 12346 12345 12347
f 12348 12347 12349
f 12349 12350 12351
f 12351 12350 12352
f 12352 12353 12354
f 12354 12353 12355
f 12356 12355 12357
f 12357 12358 12359
f 12359 12358 12360
f 12360 12361 12362
f 12362 12361 12363
f 12364 12363 12365
f 12365 12366 12364
f 12363 12364 12362
f 12362 12367 12360
f 12360 12367 12359
f 12359 12368 12357
f 12357 12368 12356
f 12355 12356 12354
f 12354 12369 12352
f 12352 12369 12351
f 12351 12370 12349
f 12349 12370 12348
f 12347 12348 12346
f 12346 12371 12344
f 12344 12371 12343
f 12342 12343 12341
f 12341 12372 12339
f 12339 12372 12338
f 12337 12338 12336
f 12335 12336 12334
f 12334 12373 12332
f 12332 12373 12331
f 12330 12331 12329
f 12329 12327 12326
f 12327 12374 12325
f 12325 12374 12324
f 12323 12324 12282
f 12355 12322 12285
f 12285 12357 12355
f 12285 12358 12357
f 12322 12352 12350
f 12285 12360 12358
f 12322 12353 12352
f 12286 12349 12347
f 12350 12286 12322
f 12286 12350 12349
f 12290 12345 12344
f 12347 12290 12286
f 12290 12347 12345
f 12321 12342 12340
f 12344 12321 12290
f 12321 12344 12342
f 12291 12339 12337
f 12340 12291 12321
f 12291 12340 12339
f 12293 12335 12333
f 12337 12293 12291
f 12293 12337 12335
f 12295 12332 12330
f 12333 12295 12293
f 12295 12333 12332
f 12320 12328 12326
f 12330 12320 12295
f 12320 12330 12328
f 12298 12325 12323
f 12326 12298 12320
f 12298 12326 12325
f 12323 12319 12298
f 12319 12323 12148
f 12148 12301 12319
f 12148 12303 12301
f 12148 12318 12303
f 12148 12306 12318
f 12148 12317 12306
f 12148 12309 12317
f 12148 12313 12309
f 12285 12363 12361
f 12148 12316 12313
f 12285 12365 12363
f 12375 12365 12285
f 12148 12314 12316
f 12285 12376 12375
f 12148 1218 12314
f 12355 12353 12322
f 12361 12360 12285
f 12356 12368 12284
f 12283 12354 12356
f 12283 12287 12351
f 12284 12283 12356
f 12287 12288 12348
f 12351 12369 12283
f 12368 12359 12284
f 12288 12289 12371
f 12348 12370 12287
f 12359 12367 12284
f 12289 12292 12341
f 12371 12346 12288
f 12369 12354 12283
f 12292 12294 12338
f 12341 12343 12289
f 12370 12351 12287
f 12294 12296 12334
f 12338 12372 12292
f 12346 12348 12288
f 12296 12297 12331
f 12334 12336 12294
f 12343 12371 12289
f 12297 12299 12327
f 12331 12373 12296
f 12372 12341 12292
f 12299 12300 12324
f 12327 12329 12297
f 12336 12338 12294
f 12324 12374 12299
f 12373 12334 12296
f 12300 12302 12282
f 12329 12331 12297
f 12374 12327 12299
f 12282 12324 12300
f 12302 12304 12282
f 12304 12305 12282
f 12305 12307 12282
f 12307 12308 12282
f 12308 12310 12282
f 12310 12311 12282
f 12284 12367 12362
f 12311 12312 12282
f 12377 12378 12284
f 12362 12364 12284
f 12312 12315 12282
f 12364 12366 12284
f 12284 12366 12377
f 12315 1217 12282
f 12375 12376 12379
f 12379 12380 12375
f 12381 12382 12383
f 12384 12383 12385
f 12386 12385 12387
f 12388 12387 12389
f 12390 12389 12391
f 12392 12391 12393
f 12394 12393 12395
f 12396 12395 12397
f 12398 12397 12399
f 12400 12399 12401
f 12402 12401 12403
f 12404 12403 12405
f 12406 12405 12407
f 12408 12407 12409
f 12410 12409 12411
f 12412 12411 12413
f 12414 12413 12415
f 12416 12415 12417
f 12418 12417 12419
f 12420 12419 12421
f 12422 12421 12423
f 12424 12423 12425
f 12426 12425 12427
f 12428 12427 12429
f 12430 12429 12431
f 12432 12431 12433
f 12434 12433 12435
f 12436 12435 12437
f 12438 12437 12439
f 12440 12439 12441
f 12442 12441 12443
f 12444 12443 12445
f 12446 12445 12447
f 12448 12447 12449
f 12450 12449 12451
f 12452 12451 12453
f 12454 12453 12455
f 12456 12455 12457
f 12458 12457 12459
f 12460 12459 12461
f 12462 12461 12463
f 12464 12463 12465
f 12466 12465 12467
f 12468 12467 12469
f 12470 12469 12471
f 12472 12471 12473
f 12474 12473 12475
f 12476 12475 12477
f 12478 12477 12479
f 12480 12479 12481
f 12482 12481 12483
f 12484 12483 12485
f 12486 12485 12487
f 12488 12487 12489
f 12490 12489 12491
f 12492 12491 12493
f 12494 12493 12495
f 12496 12495 12497
f 12498 12497 12499
f 12500 12499 12501
f 12502 12501 12503
f 12504 12503 12505
f 12506 12505 12507
f 12508 12507 12509
f 12510 12509 12511
f 12512 12511 12513
f 12514 12513 12515
f 12516 12515 12517
f 12518 12517 12519
f 12520 12519 12521
f 12522 12521 12523
f 12524 12523 12525
f 12526 12525 12527
f 12528 12527 12380
f 12380 12379 12528
f 12527 12528 12526
f 12525 12526 12524
f 12523 12524 12522
f 12521 12522 12520
f 12519 12520 12518
f 12517 12518 12516
f 12515 12516 12514
f 12513 12514 12512
f 12511 12512 12510
f 12509 12510 12508
f 12507 12508 12506
f 12505 12506 12504
f 12503 12504 12502
f 12501 12502 12500
f 12499 12500 12498
f 12497 12498 12496
f 12495 12496 12494
f 12493 12494 12492
f 12491 12492 12490
f 12489 12490 12488
f 12487 12488 12486
f 12485 12486 12484
f 12483 12484 12482
f 12481 12482 12480
f 12479 12480 12478
f 12477 12478 12476
f 12475 12476 12474
f 12473 12474 12472
f 12471 12472 12470
f 12469 12470 12468
f 12467 12468 12466
f 12465 12466 12464
f 12463 12464 12462
f 12461 12462 12460
f 12459 12460 12458
f 12457 12458 12456
f 12455 12456 12454
f 12453 12454 12452
f 12451 12452 12450
f 12449 12450 12448
f 12447 12448 12446
f 12445 12446 12444
f 12443 12444 12442
f 12441 12442 12440
f 12439 12440 12438
f 12437 12438 12436
f 12435 12436 12434
f 12433 12434 12432
f 12431 12432 12430
f 12429 12430 12428
f 12427 12428 12426
f 12425 12426 12424
f 12423 12424 12422
f 12421 12422 12420
f 12419 12420 12418
f 12417 12418 12416
f 12415 12416 12414
f 12413 12414 12412
f 12411 12412 12410
f 12409 12410 12408
f 12407 12408 12406
f 12405 12406 12404
f 12403 12404 12402
f 12401 12402 12400
f 12399 12400 12398
f 12397 12398 12396
f 12395 12396 12394
f 12393 12394 12392
f 12391 12392 12390
f 12389 12390 12388
f 12387 12388 12386
f 12385 12386 12384
f 12383 12384 12381
f 12382 12381 12378
f 12378 12377 12382
f 12382 12377 12529
f 12529 12530 12382
f 12382 12531 12532
f 12382 12533 12534
f 12530 12535 12382
f 12377 12536 12537
f 12377 12538 12539
f 12523 12540 12541
f 12382 12542 12531
f 12382 12543 12544
f 12382 12545 12546
f 12535 12533 12382
f 12539 12536 12377
f 12541 12525 12523
f 12521 12519 12547
f 12382 12548 12549
f 12532 12550 12382
f 12546 12543 12382
f 12537 12529 12377
f 12377 12551 12552
f 12377 12553 12554
f 12377 12555 12556
f 12377 12557 12558
f 12380 12559 12560
f 12380 12561 12562
f 12547 12540 12521
f 12517 12563 12547
f 12550 12548 12382
f 12534 12545 12382
f 12552 12564 12377
f 12556 12553 12377
f 12377 12565 12557
f 12377 12566 12567
f 12377 12568 12569
f 12380 12570 12559
f 12562 12571 12380
f 12380 12572 12573
f 12380 12574 12575
f 12547 12519 12517
f 12515 12576 12563
f 12513 12511 12577
f 12544 12542 12382
f 12554 12551 12377
f 12567 12565 12377
f 12377 12578 12568
f 12377 12579 12580
f 12377 12581 12582
f 12377 12583 12584
f 12377 12585 12586
f 12380 12587 12588
f 12571 12570 12380
f 12380 12589 12572
f 12575 12590 12380
f 12380 12527 12591
f 12525 12541 12591
f 12563 12517 12515
f 12576 12515 12513
f 12387 12385 12592
f 12382 12593 12594
f 12564 12538 12377
f 12569 12566 12377
f 12377 12595 12579
f 12377 12596 12581
f 12377 12597 12598
f 12377 12599 12583
f 12377 12600 12601
f 12377 12602 12603
f 12377 12604 12585
f 12560 12587 12380
f 12590 12589 12380
f 12591 12527 12525
f 12577 12576 12513
f 12455 12605 12606
f 12425 12423 12607
f 12407 12608 12609
f 12389 12610 12611
f 12610 12389 12387
f 12385 12383 12594
f 12382 12612 12593
f 12558 12555 12377
f 12377 12613 12614
f 12582 12595 12377
f 12584 12597 12377
f 12603 12600 12377
f 12586 12615 12377
f 12375 12616 12617
f 12375 12618 12619
f 12375 12620 12621
f 12380 12622 12623
f 12573 12561 12380
f 12380 12624 12625
f 12523 12521 12540
f 12503 12501 12626
f 12493 12491 12627
f 12475 12628 12629
f 12457 12606 12630
f 12606 12457 12455
f 12631 12427 12425
f 12423 12421 12632
f 12609 12409 12407
f 12405 12403 12633
f 12403 12401 12634
f 12399 12635 12634
f 12592 12610 12387
f 12594 12383 12382
f 12382 12636 12637
f 12614 12578 12377
f 12598 12596 12377
f 12615 12602 12377
f 12375 12638 12639
f 12375 12640 12641
f 12375 12642 12616
f 12375 12643 12618
f 12375 12644 12620
f 12621 12645 12375
f 12375 12646 12647
f 12588 12622 12380
f 12591 12624 12380
f 12511 12509 12648
f 12507 12649 12648
f 12650 12505 12503
f 12501 12499 12651
f 12495 12652 12653
f 12652 12495 12493
f 12491 12489 12654
f 12487 12655 12654
f 12477 12629 12656
f 12629 12477 12475
f 12473 12471 12657
f 12471 12469 12658
f 12463 12461 12659
f 12461 12459 12630
f 12455 12453 12605
f 12453 12451 12660
f 12429 12661 12662
f 12427 12631 12661
f 12632 12607 12423
f 12419 12663 12632
f 12417 12664 12663
f 12633 12608 12405
f 12634 12401 12399
f 12594 12592 12385
f 12382 12665 12666
f 12382 12667 12668
f 12549 12636 12382
f 12601 12599 12377
f 12377 12669 12670
f 12641 12638 12375
f 12375 12671 12672
f 12375 12673 12674
f 12375 12675 12676
f 12617 12677 12375
f 12619 12678 12375
f 12375 12679 12680
f 12375 12681 12682
f 12375 12683 12684
f 12375 12685 12686
f 12375 12645 12687
f 12647 12644 12375
f 12625 12574 12380
f 12648 12509 12507
f 12651 12626 12501
f 12497 12653 12651
f 12627 12652 12493
f 12654 12489 12487
f 12485 12688 12655
f 12475 12473 12628
f 12658 12657 12471
f 12465 12689 12690
f 12630 12659 12461
f 12660 12605 12453
f 12449 12691 12660
f 12447 12692 12691
f 12661 12429 12427
f 12632 12421 12419
f 12663 12419 12417
f 12415 12413 12693
f 12409 12609 12694
f 12634 12633 12403
f 12397 12695 12635
f 12395 12393 12696
f 12393 12391 12611
f 12666 12612 12382
f 12668 12697 12382
f 12580 12613 12377
f 12670 12698 12377
f 12672 12640 12375
f 12674 12699 12375
f 12677 12675 12375
f 12680 12643 12375
f 12684 12681 12375
f 12682 12700 12375
f 12687 12685 12375
f 12686 12683 12375
f 12375 12623 12646
f 12648 12577 12511
f 12505 12650 12649
f 12651 12499 12497
f 12654 12627 12491
f 12655 12487 12485
f 12483 12481 12701
f 12481 12479 12656
f 12657 12628 12473
f 12467 12690 12658
f 12690 12467 12465
f 12630 12459 12457
f 12691 12449 12447
f 12445 12443 12702
f 12435 12433 12703
f 12607 12631 12425
f 12693 12664 12415
f 12413 12411 12694
f 12407 12405 12608
f 12635 12399 12397
f 12611 12696 12393
f 12697 12665 12382
f 12698 12604 12377
f 12375 12704 12705
f 12375 12706 12707
f 12699 12671 12375
f 12375 12708 12709
f 12678 12642 12375
f 12375 12710 12711
f 12649 12507 12505
f 12653 12497 12495
f 12701 12688 12483
f 12656 12479 12477
f 12465 12463 12689
f 12660 12451 12449
f 12692 12447 12445
f 12443 12441 12712
f 12439 12713 12712
f 12437 12714 12713
f 12714 12437 12435
f 12433 12431 12662
f 12417 12415 12664
f 12694 12411 12409
f 12696 12695 12395
f 12637 12667 12382
f 12375 12715 12704
f 12375 12716 12717
f 12639 12706 12375
f 12375 12718 12708
f 12711 12679 12375
f 12626 12650 12503
f 12656 12701 12481
f 12659 12689 12463
f 12712 12702 12443
f 12713 12439 12437
f 12662 12703 12433
f 12694 12693 12413
f 12611 12391 12389
f 12717 12715 12375
f 12375 12719 12720
f 12709 12673 12375
f 12700 12710 12375
f 12721 12669 12377
f 12366 12722 12723
f 12485 12483 12688
f 12702 12692 12445
f 12703 12714 12435
f 12397 12395 12695
f 12705 12366 12375
f 12375 12724 12725
f 12720 12726 12375
f 12676 12718 12375
f 12723 12721 12366
f 12658 12469 12467
f 12662 12431 12429
f 12725 12716 12375
f 12707 12719 12375
f 12366 12727 12722
f 12712 12441 12439
f 12726 12724 12375
f 12623 12375 12380
f 12366 12365 12375
f 12705 12727 12366
f 12377 12366 12721
f 12378 12728 12729
f 12729 12376 12378
f 12729 12730 12376
f 12378 12731 12728
f 12730 12732 12376
f 12376 12733 12734
f 12378 12735 12731
f 12732 12733 12376
f 12378 12736 12737
f 12737 12735 12378
f 12378 12738 12739
f 12734 12740 12376
f 12378 12741 12742
f 12378 12743 12738
f 12378 12744 12745
f 12376 12746 12747
f 12742 12736 12378
f 12378 12748 12743
f 12745 12749 12378
f 12740 12746 12376
f 12739 12750 12378
f 12378 12751 12752
f 12378 12753 12744
f 12376 12754 12755
f 12376 12756 12757
f 12376 12758 12759
f 12750 12741 12378
f 12749 12751 12378
f 12462 12464 12760
f 12466 12468 12761
f 12470 12472 12762
f 12376 12763 12764
f 12376 12765 12754
f 12757 12766 12376
f 12759 12767 12376
f 12752 12748 12378
f 12442 12768 12769
f 12446 12770 12768
f 12450 12771 12770
f 12458 12460 12772
f 12772 12460 12462
f 12760 12464 12466
f 12761 12468 12470
f 12476 12773 12762
f 12500 12502 12774
f 12376 12775 12776
f 12764 12777 12376
f 12766 12765 12376
f 12747 12758 12376
f 12428 12430 12778
f 12432 12434 12779
f 12436 12438 12769
f 12769 12440 12442
f 12768 12444 12446
f 12770 12448 12450
f 12454 12780 12771
f 12780 12456 12458
f 12761 12760 12466
f 12762 12761 12470
f 12762 12474 12476
f 12480 12781 12773
f 12484 12782 12781
f 12488 12490 12783
f 12492 12494 12784
f 12496 12498 12785
f 12785 12498 12500
f 12379 12786 12787
f 12376 12788 12786
f 12777 12775 12376
f 12767 12756 12376
f 12378 12789 12790
f 12378 12791 12792
f 12381 12793 12794
f 12381 12795 12796
f 12424 12797 12798
f 12797 12426 12428
f 12778 12430 12432
f 12779 12434 12436
f 12769 12438 12440
f 12450 12452 12771
f 12771 12452 12454
f 12760 12772 12462
f 12476 12478 12773
f 12773 12478 12480
f 12781 12482 12484
f 12782 12486 12488
f 12783 12490 12492
f 12784 12494 12496
f 12774 12785 12500
f 12786 12379 12376
f 12787 12799 12379
f 12376 12800 12801
f 12755 12763 12376
f 12792 12789 12378
f 12794 12378 12381
f 12381 12802 12803
f 12381 12804 12805
f 12381 12806 12795
f 12386 12807 12808
f 12390 12809 12807
f 12394 12810 12809
f 12398 12400 12811
f 12402 12404 12812
f 12412 12813 12814
f 12416 12815 12813
f 12420 12798 12815
f 12798 12422 12424
f 12779 12778 12432
f 12442 12444 12768
f 12454 12456 12780
f 12472 12474 12762
f 12484 12486 12782
f 12784 12783 12492
f 12502 12504 12774
f 12510 12816 12817
f 12514 12818 12816
f 12518 12520 12819
f 12522 12524 12820
f 12379 12821 12822
f 12379 12823 12824
f 12379 12825 12826
f 12801 12788 12376
f 12790 12753 12378
f 12378 12827 12828
f 12794 12829 12378
f 12381 12830 12831
f 12803 12832 12381
f 12805 12833 12381
f 12381 12834 12806
f 12381 12384 12808
f 12808 12384 12386
f 12807 12388 12390
f 12809 12392 12394
f 12810 12396 12398
f 12811 12400 12402
f 12406 12408 12814
f 12814 12408 12410
f 12813 12414 12416
f 12815 12418 12420
f 12778 12797 12428
f 12446 12448 12770
f 12480 12482 12781
f 12785 12784 12496
f 12506 12817 12774
f 12817 12508 12510
f 12816 12512 12514
f 12818 12516 12518
f 12819 12520 12522
f 12526 12528 12835
f 12822 12836 12379
f 12379 12837 12823
f 12379 12838 12825
f 12379 12799 12839
f 12776 12800 12376
f 12829 12827 12378
f 12381 12840 12830
f 12833 12802 12381
f 12381 12841 12834
f 12386 12388 12807
f 12394 12396 12810
f 12812 12811 12402
f 12812 12404 12406
f 12814 12410 12412
f 12420 12422 12798
f 12769 12779 12436
f 12783 12782 12488
f 12774 12504 12506
f 12514 12516 12818
f 12820 12819 12522
f 12820 12524 12526
f 12379 12842 12835
f 12836 12843 12379
f 12826 12837 12379
f 12839 12844 12379
f 12828 12791 12378
f 12832 12840 12381
f 12808 12841 12381
f 12811 12810 12398
f 12412 12414 12813
f 12424 12426 12797
f 12506 12508 12817
f 12819 12818 12518
f 12835 12528 12379
f 12843 12845 12379
f 12844 12838 12379
f 12831 12793 12381
f 12390 12392 12809
f 12416 12418 12815
f 12510 12512 12816
f 12845 12842 12379
f 12814 12812 12406
f 12835 12820 12526
f 12796 12804 12381
f 12824 12821 12379
f 12772 12780 12458
f 12285 12284 12378
f 12376 12285 12378
f 12771 12780 12846
f 12770 12771 12847
f 12768 12770 12848
f 12769 12768 12849
f 12779 12769 12850
f 12778 12779 12851
f 12797 12778 12852
f 12798 12797 12853
f 12815 12798 12854
f 12813 12815 12855
f 12814 12813 12856
f 12812 12814 12857
f 12811 12812 12858
f 12810 12811 12859
f 12809 12810 12860
f 12807 12809 12861
f 12808 12807 12862
f 12841 12808 12863
f 12834 12841 12864
f 12806 12834 12865
f 12795 12806 12866
f 12796 12795 12867
f 12804 12796 12868
f 12805 12804 12869
f 12833 12805 12870
f 12802 12833 12871
f 12803 12802 12872
f 12832 12803 12873
f 12840 12832 12874
f 12830 12840 12875
f 12831 12830 12876
f 12793 12831 12877
f 12794 12793 12878
f 12829 12794 12879
f 12827 12829 12880
f 12828 12827 12881
f 12791 12828 12882
f 12792 12791 12883
f 12789 12792 12884
f 12790 12789 12885
f 12753 12790 12886
f 12744 12753 12887
f 12745 12744 12888
f 12749 12745 12889
f 12751 12749 12890
f 12752 12751 12891
f 12748 12752 12892
f 12743 12748 12893
f 12738 12743 12894
f 12739 12738 12895
f 12750 12739 12896
f 12741 12750 12897
f 12742 12741 12898
f 12736 12742 12899
f 12737 12736 12900
f 12735 12737 12901
f 12731 12735 12902
f 12728 12731 12903
f 12904 12905 12729
f 12905 12730 12729
f 12732 12730 12905
f 12733 12732 12906
f 12734 12733 12907
f 12740 12734 12908
f 12746 12740 12909
f 12747 12746 12910
f 12758 12747 12911
f 12759 12758 12912
f 12767 12759 12913
f 12756 12767 12914
f 12757 12756 12915
f 12766 12757 12916
f 12765 12766 12917
f 12754 12765 12918
f 12755 12754 12919
f 12763 12755 12920
f 12764 12763 12921
f 12777 12764 12922
f 12775 12777 12923
f 12776 12775 12924
f 12800 12776 12925
f 12801 12800 12926
f 12788 12801 12927
f 12786 12788 12928
f 12787 12786 12929
f 12799 12787 12930
f 12839 12799 12931
f 12844 12839 12932
f 12838 12844 12933
f 12825 12838 12934
f 12826 12825 12935
f 12837 12826 12936
f 12823 12837 12937
f 12824 12823 12938
f 12821 12824 12939
f 12822 12821 12940
f 12836 12822 12941
f 12843 12836 12942
f 12845 12843 12943
f 12842 12845 12944
f 12835 12842 12945
f 12820 12835 12946
f 12819 12820 12947
f 12818 12819 12948
f 12816 12818 12949
f 12817 12816 12950
f 12774 12817 12951
f 12785 12774 12952
f 12784 12785 12953
f 12783 12784 12954
f 12782 12783 12955
f 12781 12782 12956
f 12773 12781 12957
f 12762 12773 12958
f 12761 12762 12959
f 12760 12761 12960
f 12772 12760 12961
f 12780 12772 12962
f 12962 12846 12780
f 12961 12962 12772
f 12960 12961 12760
f 12959 12960 12761
f 12958 12959 12762
f 12957 12958 12773
f 12956 12957 12781
f 12955 12956 12782
f 12954 12955 12783
f 12953 12954 12784
f 12952 12953 12785
f 12951 12952 12774
f 12950 12951 12817
f 12949 12950 12816
f 12948 12949 12818
f 12947 12948 12819
f 12946 12947 12820
f 12945 12946 12835
f 12944 12945 12842
f 12943 12944 12845
f 12942 12943 12843
f 12941 12942 12836
f 12940 12941 12822
f 12939 12940 12821
f 12938 12939 12824
f 12937 12938 12823
f 12936 12937 12837
f 12935 12936 12826
f 12934 12935 12825
f 12933 12934 12838
f 12932 12933 12844
f 12931 12932 12839
f 12930 12931 12799
f 12929 12930 12787
f 12928 12929 12786
f 12927 12928 12788
f 12926 12927 12801
f 12925 12926 12800
f 12924 12925 12776
f 12923 12924 12775
f 12922 12923 12777
f 12921 12922 12764
f 12920 12921 12763
f 12919 12920 12755
f 12918 12919 12754
f 12917 12918 12765
f 12916 12917 12766
f 12915 12916 12757
f 12914 12915 12756
f 12913 12914 12767
f 12912 12913 12759
f 12911 12912 12758
f 12910 12911 12747
f 12909 12910 12746
f 12908 12909 12740
f 12907 12908 12734
f 12906 12907 12733
f 12905 12906 12732
f 12729 12728 12904
f 12903 12904 12728
f 12902 12903 12731
f 12901 12902 12735
f 12900 12901 12737
f 12899 12900 12736
f 12898 12899 12742
f 12897 12898 12741
f 12896 12897 12750
f 12895 12896 12739
f 12894 12895 12738
f 12893 12894 12743
f 12892 12893 12748
f 12891 12892 12752
f 12890 12891 12751
f 12889 12890 12749
f 12888 12889 12745
f 12887 12888 12744
f 12886 12887 12753
f 12885 12886 12790
f 12884 12885 12789
f 12883 12884 12792
f 12882 12883 12791
f 12881 12882 12828
f 12880 12881 12827
f 12879 12880 12829
f 12878 12879 12794
f 12877 12878 12793
f 12876 12877 12831
f 12875 12876 12830
f 12874 12875 12840
f 12873 12874 12832
f 12872 12873 12803
f 12871 12872 12802
f 12870 12871 12833
f 12869 12870 12805
f 12868 12869 12804
f 12867 12868 12796
f 12866 12867 12795
f 12865 12866 12806
f 12864 12865 12834
f 12863 12864 12841
f 12862 12863 12808
f 12861 12862 12807
f 12860 12861 12809
f 12859 12860 12810
f 12858 12859 12811
f 12857 12858 12812
f 12856 12857 12814
f 12855 12856 12813
f 12854 12855 12815
f 12853 12854 12798
f 12852 12853 12797
f 12851 12852 12778
f 12850 12851 12779
f 12849 12850 12769
f 12848 12849 12768
f 12847 12848 12770
f 12846 12847 12771
f 12963 12964 12945
f 12965 12946 12945
f 12944 12966 12963
f 12945 12964 12965
f 12967 12968 12948
f 12969 12949 12948
f 12970 12971 12941
f 12972 12942 12941
f 12965 12973 12946
f 12973 12974 12947
f 12947 12974 12967
f 12948 12968 12969
f 12975 12976 12878
f 12977 12879 12878
f 12978 12979 12881
f 12980 12882 12881
f 12981 12926 12925
f 12982 12983 12928
f 12984 12929 12928
f 12985 12986 12931
f 12987 12932 12931
f 12988 12989 12934
f 12990 12991 12935
f 12992 12936 12935
f 12993 12940 12939
f 12940 12993 12970
f 12941 12971 12972
f 12994 12943 12942
f 12995 12966 12944
f 12947 12946 12973
f 12969 12996 12949
f 12997 12998 12951
f 12999 12952 12951
f 13000 13001 12871
f 13002 12875 12874
f 13003 12876 12875
f 12877 13004 12975
f 12878 12976 12977
f 12880 13005 12978
f 12881 12979 12980
f 13006 13007 12925
f 12925 13007 12981
f 13008 13009 12927
f 12927 13009 12982
f 12928 12983 12984
f 12930 13010 12985
f 12931 12986 12987
f 12933 13011 12988
f 12934 12989 12990
f 12935 12991 12992
f 13012 13013 12937
f 12941 12940 12970
f 12942 13014 12994
f 12943 12994 12995
f 12948 12947 12967
f 12950 13015 12997
f 12951 12998 12999
f 13016 13017 12868
f 13018 13019 12870
f 12870 13019 13000
f 13020 12872 12871
f 13021 13022 12874
f 12874 13022 13002
f 12875 13023 13003
f 13024 13004 12877
f 12977 13025 12879
f 12980 13026 12882
f 13027 12883 12882
f 12924 13028 13006
f 12927 12926 13008
f 12984 13029 12929
f 13010 12930 12929
f 12987 13030 12932
f 13011 12933 12932
f 12935 12934 12990
f 12937 12936 13012
f 13031 13032 12938
f 13033 12939 12938
f 12972 13014 12942
f 12945 12944 12963
f 13015 12950 12949
f 12999 13034 12952
f 13035 13036 12864
f 13037 12865 12864
f 13038 12866 12865
f 13039 13040 12867
f 12867 13040 13016
f 12871 12870 13000
f 12871 13001 13020
f 13041 12873 12872
f 12873 13041 13021
f 13003 13024 12876
f 12878 12877 12975
f 13025 13005 12880
f 12882 13026 13027
f 13042 13043 12914
f 13044 13045 12915
f 13046 12916 12915
f 13047 13048 12918
f 13049 12919 12918
f 13050 13051 12921
f 13052 12922 12921
f 12981 13008 12926
f 12929 13029 13010
f 12932 13030 13011
f 12992 13012 12936
f 12937 13013 13031
f 12938 13032 13033
f 12944 12943 12995
f 12951 12950 12997
f 12863 13053 13035
f 12864 13036 13037
f 12865 13054 13038
f 12868 12867 13016
f 13020 13055 12872
f 12874 12873 13021
f 12877 12876 13024
f 12881 12880 12978
f 13056 13057 12884
f 13058 12885 12884
f 13059 13060 12894
f 13061 12895 12894
f 13062 13063 12911
f 13064 12912 12911
f 13065 12913 12912
f 12913 13065 13042
f 12914 13043 13044
f 12915 13045 13046
f 13066 13067 12917
f 12917 13067 13047
f 12918 13048 13049
f 13068 12920 12919
f 12920 13068 13050
f 12921 13051 13052
f 13069 13028 12924
f 12928 12927 12982
f 12934 12933 12988
f 13033 13070 12939
f 12949 12996 13015
f 13037 13054 12865
f 12867 12866 13039
f 13071 12869 12868
f 12872 13055 13041
f 12880 12879 13025
f 12883 13027 13056
f 12884 13057 13058
f 13072 12886 12885
f 13073 13074 12888
f 13075 12889 12888
f 12893 13076 13059
f 12894 13060 13061
f 13077 12910 12909
f 12910 13077 13062
f 12911 13063 13064
f 12914 12913 13042
f 13046 13066 12916
f 12918 12917 13047
f 12919 13078 13068
f 13052 13079 12922
f 13080 12923 12922
f 12923 13080 13069
f 12931 12930 12985
f 12939 13070 12993
f 13081 13082 12954
f 13083 13084 12955
f 13085 12956 12955
f 13038 13039 12866
f 12868 13017 13071
f 13002 13023 12875
f 13058 13086 12885
f 12885 13086 13072
f 13087 13088 12887
f 12887 13088 13073
f 12888 13074 13075
f 13089 13090 12891
f 13091 12892 12891
f 13076 12893 12892
f 13061 13092 12895
f 13093 12906 12905
f 13094 13095 12908
f 13096 12909 12908
f 12911 12910 13062
f 12912 13097 13065
f 12917 12916 13066
f 12921 12920 13050
f 12924 12923 13069
f 12938 12937 13031
f 13098 12953 12952
f 12953 13098 13081
f 12954 13082 13083
f 12955 13084 13085
f 13099 13100 12861
f 13071 13018 12869
f 12884 12883 13056
f 12887 12886 13087
f 13075 13101 12889
f 13101 13102 12890
f 12890 13102 13089
f 12891 13090 13091
f 12894 12893 13059
f 13103 12896 12895
f 12905 13104 13093
f 13105 13106 12907
f 12907 13106 13094
f 12908 13095 13096
f 13064 13097 12912
f 13049 13078 12919
f 12925 12924 13006
f 12954 12953 13081
f 13085 13107 12956
f 13107 13108 12957
f 13109 13110 12958
f 13111 12959 12958
f 13112 13113 12961
f 13114 12962 12961
f 13115 12846 12962
f 13116 13117 12858
f 13118 12859 12858
f 13119 13120 12860
f 12860 13120 13099
f 13121 12862 12861
f 12870 12869 13018
f 12888 12887 13073
f 12891 12890 13089
f 12892 13122 13076
f 12895 13092 13103
f 13123 13124 12897
f 13125 13126 12898
f 13127 12899 12898
f 12907 12906 13105
f 13096 13128 12909
f 12915 12914 13044
f 12952 13034 13098
f 12957 12956 13107
f 12957 13108 13109
f 12958 13110 13111
f 13129 12960 12959
f 12960 13129 13112
f 12961 13113 13114
f 12962 13130 13115
f 13131 13132 12847
f 13133 13134 12848
f 13135 12849 12848
f 13136 13137 12854
f 13138 12855 12854
f 13139 12856 12855
f 13140 13141 12857
f 12857 13141 13116
f 12858 13117 13118
f 12861 12860 13099
f 12861 13100 13121
f 13053 12863 12862
f 13072 13087 12886
f 13091 13122 12892
f 12897 12896 13123
f 12897 13124 13125
f 12898 13126 13127
f 13142 13143 12900
f 13144 13145 12904
f 12908 12907 13094
f 12922 13079 13080
f 12958 12957 13109
f 12959 13146 13129
f 13114 13130 12962
f 12847 12846 13131
f 12847 13132 13133
f 12848 13134 13135
f 13147 13148 12851
f 13149 12852 12851
f 13150 12853 12852
f 12853 13150 13136
f 12854 13137 13138
f 12855 13151 13139
f 12858 12857 13116
f 12860 12859 13119
f 12862 13152 13053
f 12890 12889 13101
f 12898 12897 13125
f 12900 12899 13142
f 13153 13154 12901
f 13155 12902 12901
f 13156 12903 12902
f 12903 13156 13144
f 13157 13104 12905
f 12909 13128 13077
f 13111 13146 12959
f 13115 13131 12846
f 13135 13158 12849
f 13158 13159 12850
f 12850 13159 13147
f 12851 13148 13149
f 12854 12853 13136
f 13139 13140 12856
f 13118 13119 12859
f 12864 12863 13035
f 13127 13142 12899
f 12900 13143 13153
f 12901 13154 13155
f 12904 12903 13144
f 12904 13145 13157
f 12955 12954 13083
f 12848 12847 13133
f 12851 12850 13147
f 12852 13160 13150
f 12857 12856 13140
f 13103 13123 12896
f 13155 13161 12902
f 12905 12904 13157
f 12961 12960 13112
f 13149 13160 12852
f 13121 13152 12862
f 12902 13161 13156
f 12850 12849 13158
f 12901 12900 13153
f 13138 13151 12855
f 13093 13105 12906
f 12722 12727 13157
f 12723 12722 13145
f 12721 12723 13144
f 12669 12721 13156
f 12670 12669 13161
f 12698 12670 13155
f 12604 12698 13154
f 12585 12604 13153
f 12586 12585 13143
f 12615 12586 13142
f 12602 12615 13127
f 12603 12602 13126
f 12600 12603 13125
f 12601 12600 13124
f 12599 12601 13123
f 12583 12599 13103
f 12584 12583 13092
f 12597 12584 13061
f 12598 12597 13060
f 12596 12598 13059
f 12581 12596 13076
f 12582 12581 13122
f 12595 12582 13091
f 12579 12595 13090
f 12580 12579 13089
f 12613 12580 13102
f 12614 12613 13101
f 12578 12614 13075
f 12568 12578 13074
f 12569 12568 13073
f 12566 12569 13088
f 12567 12566 13087
f 12565 12567 13072
f 12557 12565 13086
f 12558 12557 13058
f 12555 12558 13057
f 12556 12555 13056
f 12553 12556 13027
f 12554 12553 13026
f 12551 12554 12980
f 12552 12551 12979
f 12564 12552 12978
f 12538 12564 13005
f 12539 12538 13025
f 12536 12539 12977
f 12537 12536 12976
f 12529 12537 12975
f 12530 12529 13004
f 12535 12530 13024
f 12533 12535 13003
f 12534 12533 13023
f 12545 12534 13002
f 12546 12545 13022
f 12543 12546 13021
f 12544 12543 13041
f 12542 12544 13055
f 12531 12542 13020
f 12532 12531 13001
f 12550 12532 13000
f 12548 12550 13019
f 12549 12548 13018
f 12636 12549 13071
f 12637 12636 13017
f 12667 12637 13016
f 12668 12667 13040
f 12697 12668 13039
f 12665 12697 13038
f 12666 12665 13054
f 12612 12666 13037
f 12593 12612 13036
f 12594 12593 13035
f 12592 12594 13053
f 12610 12592 13152
f 12611 12610 13121
f 12696 12611 13100
f 12695 12696 13099
f 12635 12695 13120
f 12634 12635 13119
f 12633 12634 13118
f 12608 12633 13117
f 12609 12608 13116
f 12694 12609 13141
f 12693 12694 13140
f 12664 12693 13139
f 12663 12664 13151
f 12632 12663 13138
f 12607 12632 13137
f 12631 12607 13136
f 12661 12631 13150
f 12662 12661 13160
f 12703 12662 13149
f 12714 12703 13148
f 12713 12714 13147
f 12712 12713 13159
f 12702 12712 13158
f 12692 12702 13135
f 12691 12692 13134
f 12660 12691 13133
f 12605 12660 13132
f 12606 12605 13131
f 12630 12606 13115
f 12659 12630 13130
f 12689 12659 13114
f 12690 12689 13113
f 12658 12690 13112
f 12657 12658 13129
f 12628 12657 13146
f 12629 12628 13111
f 12656 12629 13110
f 12701 12656 13109
f 12688 12701 13108
f 12655 12688 13107
f 12654 12655 13085
f 12627 12654 13084
f 12652 12627 13083
f 12653 12652 13082
f 12651 12653 13081
f 12626 12651 13098
f 12650 12626 13034
f 12649 12650 12999
f 12648 12649 12998
f 12577 12648 12997
f 12576 12577 13015
f 12563 12576 12996
f 12547 12563 12969
f 12540 12547 12968
f 12541 12540 12967
f 12591 12541 12974
f 12624 12591 12973
f 12625 12624 12965
f 12574 12625 12964
f 12575 12574 12963
f 12590 12575 12966
f 12589 12590 12995
f 12572 12589 12994
f 12573 12572 13014
f 12561 12573 12972
f 12562 12561 12971
f 12571 12562 12970
f 12570 12571 12993
f 12559 12570 13070
f 12560 12559 13033
f 12587 12560 13032
f 12588 12587 13031
f 12622 12588 13013
f 12623 12622 13012
f 12646 12623 12992
f 12647 12646 12991
f 12644 12647 12990
f 12620 12644 12989
f 12621 12620 12988
f 12645 12621 13011
f 12687 12645 13030
f 12685 12687 12987
f 12686 12685 12986
f 12683 12686 12985
f 12684 12683 13010
f 12681 12684 13029
f 12682 12681 12984
f 12700 12682 12983
f 12710 12700 12982
f 12711 12710 13009
f 12679 12711 13008
f 12680 12679 12981
f 12643 12680 13007
f 12618 12643 13006
f 12619 12618 13028
f 12678 12619 13069
f 12642 12678 13080
f 12616 12642 13079
f 12617 12616 13052
f 12677 12617 13051
f 12675 12677 13050
f 12676 12675 13068
f 12718 12676 13078
f 12708 12718 13049
f 12709 12708 13048
f 12673 12709 13047
f 12674 12673 13067
f 12699 12674 13066
f 12671 12699 13046
f 12672 12671 13045
f 12640 12672 13044
f 12641 12640 13043
f 12638 12641 13042
f 12639 12638 13065
f 12706 12639 13097
f 12707 12706 13064
f 12719 12707 13063
f 12720 12719 13062
f 12726 12720 13077
f 12724 12726 13128
f 12725 12724 13096
f 12716 12725 13095
f 12717 12716 13094
f 12715 12717 13106
f 12704 12715 13105
f 12705 12704 13093
f 12727 12705 13104
f 13104 13157 12727
f 13093 13104 12705
f 13105 13093 12704
f 13106 13105 12715
f 13094 13106 12717
f 13095 13094 12716
f 13096 13095 12725
f 13128 13096 12724
f 13077 13128 12726
f 13062 13077 12720
f 13063 13062 12719
f 13064 13063 12707
f 13097 13064 12706
f 13065 13097 12639
f 13042 13065 12638
f 13043 13042 12641
f 13044 13043 12640
f 13045 13044 12672
f 13046 13045 12671
f 13066 13046 12699
f 13067 13066 12674
f 13047 13067 12673
f 13048 13047 12709
f 13049 13048 12708
f 13078 13049 12718
f 13068 13078 12676
f 13050 13068 12675
f 13051 13050 12677
f 13052 13051 12617
f 13079 13052 12616
f 13080 13079 12642
f 13069 13080 12678
f 13028 13069 12619
f 13006 13028 12618
f 13007 13006 12643
f 12981 13007 12680
f 13008 12981 12679
f 13009 13008 12711
f 12982 13009 12710
f 12983 12982 12700
f 12984 12983 12682
f 13029 12984 12681
f 13010 13029 12684
f 12985 13010 12683
f 12986 12985 12686
f 12987 12986 12685
f 13030 12987 12687
f 13011 13030 12645
f 12988 13011 12621
f 12989 12988 12620
f 12990 12989 12644
f 12991 12990 12647
f 12992 12991 12646
f 13012 12992 12623
f 13013 13012 12622
f 13031 13013 12588
f 13032 13031 12587
f 13033 13032 12560
f 13070 13033 12559
f 12993 13070 12570
f 12970 12993 12571
f 12971 12970 12562
f 12972 12971 12561
f 13014 12972 12573
f 12994 13014 12572
f 12995 12994 12589
f 12966 12995 12590
f 12963 12966 12575
f 12964 12963 12574
f 12965 12964 12625
f 12973 12965 12624
f 12974 12973 12591
f 12967 12974 12541
f 12968 12967 12540
f 12969 12968 12547
f 12996 12969 12563
f 13015 12996 12576
f 12997 13015 12577
f 12998 12997 12648
f 12999 12998 12649
f 13034 12999 12650
f 13098 13034 12626
f 13081 13098 12651
f 13082 13081 12653
f 13083 13082 12652
f 13084 13083 12627
f 13085 13084 12654
f 13107 13085 12655
f 13108 13107 12688
f 13109 13108 12701
f 13110 13109 12656
f 13111 13110 12629
f 13146 13111 12628
f 13129 13146 12657
f 13112 13129 12658
f 13113 13112 12690
f 13114 13113 12689
f 13130 13114 12659
f 13115 13130 12630
f 13131 13115 12606
f 13132 13131 12605
f 13133 13132 12660
f 13134 13133 12691
f 13135 13134 12692
f 13158 13135 12702
f 13159 13158 12712
f 13147 13159 12713
f 13148 13147 12714
f 13149 13148 12703
f 13160 13149 12662
f 13150 13160 12661
f 13136 13150 12631
f 13137 13136 12607
f 13138 13137 12632
f 13151 13138 12663
f 13139 13151 12664
f 13140 13139 12693
f 13141 13140 12694
f 13116 13141 12609
f 13117 13116 12608
f 13118 13117 12633
f 13119 13118 12634
f 13120 13119 12635
f 13099 13120 12695
f 13100 13099 12696
f 13121 13100 12611
f 13152 13121 12610
f 13053 13152 12592
f 13035 13053 12594
f 13036 13035 12593
f 13037 13036 12612
f 13054 13037 12666
f 13038 13054 12665
f 13039 13038 12697
f 13040 13039 12668
f 13016 13040 12667
f 13017 13016 12637
f 13071 13017 12636
f 13018 13071 12549
f 13019 13018 12548
f 13000 13019 12550
f 13001 13000 12532
f 13020 13001 12531
f 13055 13020 12542
f 13041 13055 12544
f 13021 13041 12543
f 13022 13021 12546
f 13002 13022 12545
f 13023 13002 12534
f 13003 13023 12533
f 13024 13003 12535
f 13004 13024 12530
f 12975 13004 12529
f 12976 12975 12537
f 12977 12976 12536
f 13025 12977 12539
f 13005 13025 12538
f 12978 13005 12564
f 12979 12978 12552
f 12980 12979 12551
f 13026 12980 12554
f 13027 13026 12553
f 13056 13027 12556
f 13057 13056 12555
f 13058 13057 12558
f 13086 13058 12557
f 13072 13086 12565
f 13087 13072 12567
f 13088 13087 12566
f 13073 13088 12569
f 13074 13073 12568
f 13075 13074 12578
f 13101 13075 12614
f 13102 13101 12613
f 13089 13102 12580
f 13090 13089 12579
f 13091 13090 12595
f 13122 13091 12582
f 13076 13122 12581
f 13059 13076 12596
f 13060 13059 12598
f 13061 13060 12597
f 13092 13061 12584
f 13103 13092 12583
f 13123 13103 12599
f 13124 13123 12601
f 13125 13124 12600
f 13126 13125 12603
f 13127 13126 12602
f 13142 13127 12615
f 13143 13142 12586
f 13153 13143 12585
f 13154 13153 12604
f 13155 13154 12698
f 13161 13155 12670
f 13156 13161 12669
f 13144 13156 12721
f 13145 13144 12723
f 13157 13145 12722
