# 
# Wavefront OBJ file
# Created with Kaydara FBX
# 
mtllib drzac_konektora_poklopac.mtl

g drzac_konektora_poklopac
v -6.118142 0.000000 20.753992
v -6.000000 0.000000 20.750000
v -6.000000 3.000000 20.750000
v -6.235745 0.000000 20.765951
v -6.118142 3.000000 20.753992
v -6.352272 0.000000 20.785823
v -6.235745 3.000000 20.765951
v -6.467192 0.000000 20.813515
v -6.352272 3.000000 20.785823
v -6.579981 0.000000 20.848903
v -6.467192 3.000000 20.813515
v -6.690123 0.000000 20.891824
v -6.579981 3.000000 20.848903
v -6.797116 0.000000 20.942083
v -6.690123 3.000000 20.891824
v -6.900472 0.000000 20.999450
v -6.797116 3.000000 20.942083
v -6.999719 0.000000 21.063664
v -6.900472 3.000000 20.999450
v -7.094405 0.000000 21.134432
v -6.999719 3.000000 21.063664
v -7.184098 0.000000 21.211430
v -7.094405 3.000000 21.134432
v -7.268387 0.000000 21.294308
v -7.184098 3.000000 21.211430
v -7.346890 0.000000 21.382687
v -7.268387 3.000000 21.294308
v -7.419246 0.000000 21.476164
v -7.346890 3.000000 21.382687
v -7.485127 0.000000 21.574313
v -7.419246 3.000000 21.476164
v -7.544232 0.000000 21.676685
v -7.485127 3.000000 21.574313
v -7.596291 0.000000 21.782814
v -7.544232 3.000000 21.676685
v -7.641066 0.000000 21.892216
v -7.596291 3.000000 21.782814
v -7.678354 0.000000 22.004390
v -7.641066 3.000000 21.892216
v -7.707983 0.000000 22.118826
v -7.678354 3.000000 22.004390
v -7.729820 0.000000 22.235001
v -7.707983 3.000000 22.118826
v -7.743763 0.000000 22.352386
v -7.729820 3.000000 22.235001
v -7.749750 0.000000 22.470443
v -7.743763 3.000000 22.352386
v -7.747754 0.000000 22.588636
v -7.750000 0.000000 22.500000
v -7.750000 3.000000 22.500000
v -7.749750 3.000000 22.470443
v -7.737783 0.000000 22.706424
v -7.747754 3.000000 22.588636
v -7.719883 0.000000 22.823271
v -7.737783 3.000000 22.706424
v -7.694135 0.000000 22.938642
v -7.719883 3.000000 22.823271
v -7.660657 0.000000 23.052012
v -7.694135 3.000000 22.938642
v -7.619603 0.000000 23.162863
v -7.660657 3.000000 23.052012
v -7.571158 0.000000 23.270690
v -7.619603 3.000000 23.162863
v -7.515544 0.000000 23.375000
v -7.571158 3.000000 23.270690
v -7.453016 0.000000 23.475318
v -7.515544 3.000000 23.375000
v -7.383858 0.000000 23.571185
v -7.453016 3.000000 23.475318
v -7.308385 0.000000 23.662166
v -7.383858 3.000000 23.571185
v -7.226943 0.000000 23.747843
v -7.308385 3.000000 23.662166
v -7.139902 0.000000 23.827827
v -7.226943 3.000000 23.747843
v -7.047660 0.000000 23.901752
v -7.139902 3.000000 23.827827
v -6.950638 0.000000 23.969281
v -7.047660 3.000000 23.901752
v -6.849278 0.000000 24.030107
v -6.950638 3.000000 23.969281
v -6.744044 0.000000 24.083950
v -6.849278 3.000000 24.030107
v -6.635414 0.000000 24.130567
v -6.744044 3.000000 24.083950
v -6.523885 0.000000 24.169744
v -6.635414 3.000000 24.130567
v -6.409966 0.000000 24.201302
v -6.523885 3.000000 24.169744
v -6.294177 0.000000 24.225097
v -6.409966 3.000000 24.201302
v -6.177045 0.000000 24.241021
v -6.294177 3.000000 24.225097
v -6.059105 0.000000 24.249002
v -6.177045 3.000000 24.241021
v -5.940895 0.000000 24.249002
v -6.059105 3.000000 24.249002
v -5.822955 0.000000 24.241021
v -5.940895 3.000000 24.249002
v -5.705823 0.000000 24.225097
v -5.822955 3.000000 24.241021
v -5.590034 0.000000 24.201302
v -5.705823 3.000000 24.225097
v -5.476115 0.000000 24.169744
v -5.590034 3.000000 24.201302
v -5.364586 0.000000 24.130567
v -5.476115 3.000000 24.169744
v -5.255956 0.000000 24.083950
v -5.364586 3.000000 24.130567
v -5.150722 0.000000 24.030107
v -5.255956 3.000000 24.083950
v -5.049362 0.000000 23.969281
v -5.150722 3.000000 24.030107
v -4.952340 0.000000 23.901752
v -5.049362 3.000000 23.969281
v -4.860098 0.000000 23.827827
v -4.952340 3.000000 23.901752
v -4.773057 0.000000 23.747843
v -4.860098 3.000000 23.827827
v -4.691615 0.000000 23.662166
v -4.773057 3.000000 23.747843
v -4.616142 0.000000 23.571185
v -4.691615 3.000000 23.662166
v -4.546984 0.000000 23.475318
v -4.616142 3.000000 23.571185
v -4.484456 0.000000 23.375000
v -4.546984 3.000000 23.475318
v -4.428842 0.000000 23.270690
v -4.484456 3.000000 23.375000
v -4.380397 0.000000 23.162863
v -4.428842 3.000000 23.270690
v -4.339343 0.000000 23.052012
v -4.380397 3.000000 23.162863
v -4.305865 0.000000 22.938642
v -4.339343 3.000000 23.052012
v -4.280117 0.000000 22.823271
v -4.305865 3.000000 22.938642
v -4.262217 0.000000 22.706424
v -4.280117 3.000000 22.823271
v -4.252246 0.000000 22.588636
v -4.262217 3.000000 22.706424
v -4.250250 0.000000 22.470443
v -4.252246 3.000000 22.588636
v -4.256237 0.000000 22.352386
v -4.250250 3.000000 22.470443
v -4.270180 0.000000 22.235001
v -4.256237 3.000000 22.352386
v -4.292017 0.000000 22.118826
v -4.270180 3.000000 22.235001
v -4.321646 0.000000 22.004390
v -4.292017 3.000000 22.118826
v -4.358934 0.000000 21.892216
v -4.321646 3.000000 22.004390
v -4.403709 0.000000 21.782814
v -4.358934 3.000000 21.892216
v -4.455768 0.000000 21.676685
v -4.403709 3.000000 21.782814
v -4.514873 0.000000 21.574313
v -4.455768 3.000000 21.676685
v -4.580754 0.000000 21.476164
v -4.514873 3.000000 21.574313
v -4.653110 0.000000 21.382687
v -4.580754 3.000000 21.476164
v -4.731613 0.000000 21.294308
v -4.653110 3.000000 21.382687
v -4.815902 0.000000 21.211430
v -4.731613 3.000000 21.294308
v -4.905595 0.000000 21.134432
v -4.815902 3.000000 21.211430
v -5.000281 0.000000 21.063664
v -4.905595 3.000000 21.134432
v -5.099528 0.000000 20.999450
v -5.000281 3.000000 21.063664
v -5.202884 0.000000 20.942083
v -5.099528 3.000000 20.999450
v -5.309877 0.000000 20.891824
v -5.202884 3.000000 20.942083
v -5.420019 0.000000 20.848903
v -5.309877 3.000000 20.891824
v -5.532808 0.000000 20.813515
v -5.420019 3.000000 20.848903
v -5.647728 0.000000 20.785823
v -5.532808 3.000000 20.813515
v -5.764255 0.000000 20.765951
v -5.647728 3.000000 20.785823
v -5.881858 0.000000 20.753992
v -5.764255 3.000000 20.765951
v -5.881858 3.000000 20.753992
v -3.761445 0.000000 23.613046
v -3.826596 0.000000 23.735441
v -7.432492 0.000000 24.548894
v -7.848256 0.000000 24.183434
v -7.837802 0.000000 10.402639
v -4.151744 0.000000 24.183434
v -4.247917 0.000000 24.283313
v -3.976732 0.000000 23.968465
v -4.061257 0.000000 24.078377
v -3.703180 0.000000 23.487228
v -7.316697 0.000000 24.625161
v -7.543881 0.000000 24.466325
v -7.650520 0.000000 24.377707
v -4.567508 0.000000 24.548894
v -4.683303 0.000000 24.625161
v -4.349480 0.000000 24.377707
v -4.456119 0.000000 24.466325
v -3.898432 0.000000 23.854035
v -7.752083 0.000000 24.283313
v -6.291341 0.000000 11.374345
v -6.000000 0.000000 25.000000
v -6.138601 0.000000 24.996155
v -6.276776 0.000000 24.984632
v -6.414099 0.000000 24.965466
v -6.550149 0.000000 24.938716
v -6.684507 0.000000 24.904465
v -6.816758 0.000000 24.862817
v -6.946498 0.000000 24.813902
v -7.196853 0.000000 24.694890
v -4.803147 0.000000 24.694890
v -3.651980 0.000000 23.358373
v -5.183242 0.000000 24.862817
v -5.315493 0.000000 24.904465
v -5.449851 0.000000 24.938716
v -5.585901 0.000000 24.965466
v -5.723224 0.000000 24.984632
v -5.861399 0.000000 24.996155
v -7.073326 0.000000 24.757869
v -2.000000 0.000000 20.000000
v -6.500000 0.000000 8.589981
v -6.604622 0.000000 8.593896
v -6.291341 0.000000 8.605618
v -6.395378 0.000000 8.593896
v 15.000000 0.000000 5.169991
v -5.547758 0.000000 8.963709
v -5.627114 0.000000 8.895417
v 15.000000 0.000000 20.000000
v -5.115637 0.000000 10.198641
v -5.103915 0.000000 10.094604
v -5.053502 0.000000 24.813902
v -6.395378 0.000000 11.386067
v -6.708659 0.000000 8.605618
v -6.811529 0.000000 8.625082
v -5.800000 0.000000 8.777546
v -5.892563 0.000000 8.728625
v -5.711352 0.000000 8.833247
v -5.100000 0.000000 9.989981
v -5.103915 0.000000 9.885359
v -4.926674 0.000000 24.757869
v -6.087343 0.000000 11.327783
v -5.988523 0.000000 11.293205
v -6.188471 0.000000 11.354880
v -6.912657 0.000000 11.327783
v -6.811529 0.000000 11.354880
v -7.712436 0.000000 9.289981
v -7.761356 0.000000 9.382544
v -7.372886 0.000000 8.895417
v -7.452242 0.000000 8.963709
v -7.200000 0.000000 8.777546
v -7.288648 0.000000 8.833247
v -7.011477 0.000000 8.686758
v -7.107437 0.000000 8.728625
v -6.087343 0.000000 8.652179
v -6.188471 0.000000 8.625082
v -5.405436 0.000000 9.117096
v -5.473727 0.000000 9.037740
v -5.238644 0.000000 9.382544
v -5.287564 0.000000 9.289981
v -5.162198 0.000000 10.402639
v -5.135101 0.000000 10.301511
v -7.803223 0.000000 10.501459
v -6.500000 0.000000 11.389981
v -6.708659 0.000000 11.374345
v -6.604622 0.000000 11.386067
v -7.011477 0.000000 11.293205
v -7.803223 0.000000 9.478504
v -7.594564 0.000000 9.117096
v -7.656734 0.000000 9.201333
v -6.912657 0.000000 8.652179
v -5.988523 0.000000 8.686758
v -5.343266 0.000000 9.201333
v -5.162198 0.000000 9.577324
v -5.196777 0.000000 9.478504
v -5.115637 0.000000 9.781322
v -5.135101 0.000000 9.678452
v -5.405436 0.000000 10.862867
v -5.343266 0.000000 10.778629
v -7.452242 0.000000 11.016254
v -7.372886 0.000000 11.084545
v -7.594564 0.000000 10.862867
v -7.526273 0.000000 10.942223
v -7.712436 0.000000 10.689981
v -7.656734 0.000000 10.778629
v -7.107437 0.000000 11.251338
v -7.526273 0.000000 9.037740
v -5.238644 0.000000 10.597419
v -5.196777 0.000000 10.501459
v -5.287564 0.000000 10.689981
v -7.288648 0.000000 11.146716
v -7.761356 0.000000 10.597419
v -5.711352 0.000000 11.146716
v -5.627114 0.000000 11.084545
v -7.200000 0.000000 11.202417
v -5.547758 0.000000 11.016254
v -5.892563 0.000000 11.251338
v -5.800000 0.000000 11.202417
v -5.473727 0.000000 10.942223
v -7.837802 0.000000 9.577324
v -10.000000 0.000000 20.000000
v -10.000000 0.000000 5.169991
v -7.896085 0.000000 10.094604
v -7.884363 0.000000 10.198641
v -7.884363 0.000000 9.781322
v -7.896085 0.000000 9.885359
v -7.900000 0.000000 9.989981
v -7.864899 0.000000 9.678452
v -8.173404 0.000000 23.735441
v -8.238555 0.000000 23.613046
v -8.023268 0.000000 23.968465
v -8.101568 0.000000 23.854035
v -7.938743 0.000000 24.078377
v -7.864899 0.000000 10.301511
v -8.296820 0.000000 23.487228
v -8.348020 0.000000 23.358373
v -8.023268 0.000000 -23.997658
v -8.238555 0.000000 -23.642239
v -8.173404 0.000000 -23.764634
v -7.896085 0.000000 -9.885359
v -7.884363 0.000000 -9.781322
v -10.000000 0.000000 -20.000000
v -7.900000 0.000000 -9.989981
v -7.864899 0.000000 -10.301511
v -7.884363 0.000000 -10.198641
v -8.296820 0.000000 -23.516421
v -7.896085 0.000000 -10.094604
v -8.348020 0.000000 -23.387566
v -7.938743 0.000000 -24.107570
v -7.864899 0.000000 -9.678452
v -7.837802 0.000000 -9.577324
v -9.986719 0.000000 -20.029193
v -7.837802 0.000000 -10.402639
v -8.101568 0.000000 -23.883228
v -10.000000 0.000000 -20.029193
v -7.848256 0.000000 -24.212627
v 15.000000 0.000000 4.488170
v 17.559105 0.000000 1.749002
v 17.677045 0.000000 1.741021
v 17.440895 0.000000 1.749002
v 18.816004 0.000000 2.125590
v 17.794177 0.000000 1.725097
v 17.322955 0.000000 1.741021
v 17.909966 0.000000 1.701302
v 17.205823 0.000000 1.725097
v 16.976115 0.000000 1.669744
v 17.090034 0.000000 1.701302
v 18.933872 0.000000 2.047929
v 18.450638 0.000000 1.469281
v 16.650722 0.000000 1.530107
v 16.755956 0.000000 1.583950
v 19.901013 0.000000 0.696516
v 19.857876 0.000000 0.830915
v 19.160657 0.000000 0.552012
v 19.533019 0.000000 1.454935
v 19.447664 0.000000 1.567356
v 18.883858 0.000000 1.071185
v 19.356100 0.000000 1.674781
v 18.808385 0.000000 1.162166
v 19.258620 0.000000 1.776867
v 18.726943 0.000000 1.247843
v 19.047168 0.000000 1.963739
v 18.547660 0.000000 1.401752
v 18.639902 0.000000 1.327827
v 16.864586 0.000000 1.630567
v 16.549362 0.000000 1.469281
v 19.936497 0.000000 0.559896
v 19.194135 0.000000 0.438642
v 19.219883 0.000000 0.323271
v 18.953016 0.000000 0.975318
v 19.611893 0.000000 1.337875
v 19.155533 0.000000 1.873289
v 18.244044 0.000000 1.583950
v 18.349278 0.000000 1.530107
v 18.023885 0.000000 1.669744
v 18.135414 0.000000 1.630567
v 16.360098 0.000000 1.327827
v 16.452340 0.000000 1.401752
v 15.000000 0.000000 -4.488170
v 18.816004 0.000000 -2.125590
v 17.852272 0.000000 -1.714177
v 18.297116 0.000000 -1.557917
v 18.190123 0.000000 -1.608176
v 19.047168 0.000000 -1.963739
v 18.594405 0.000000 -1.365568
v 18.499719 0.000000 -1.436336
v 19.155533 0.000000 -1.873289
v 18.684098 0.000000 -1.288570
v 19.258620 0.000000 -1.776867
v 18.768387 0.000000 -1.205692
v 19.964213 0.000000 0.421491
v 19.237783 0.000000 0.206424
v 17.735745 0.000000 -1.734049
v 17.618142 0.000000 -1.746008
v 17.967192 0.000000 -1.686485
v 18.400472 0.000000 -1.500550
v 18.933872 0.000000 -2.047929
v 19.996015 0.000000 0.141096
v 19.984073 0.000000 0.281743
v 19.684034 0.000000 1.216550
v 19.015544 0.000000 0.875000
v 19.071158 0.000000 0.770690
v 19.356100 0.000000 -1.674781
v 19.447664 0.000000 -1.567356
v 18.846890 0.000000 -1.117313
v 19.533019 0.000000 -1.454935
v 18.919246 0.000000 -1.023836
v 19.611893 0.000000 -1.337875
v 18.985127 0.000000 -0.925687
v 19.684034 0.000000 -1.216550
v 19.044232 0.000000 -0.823315
v 19.984073 0.000000 -0.281743
v 19.243763 0.000000 -0.147614
v 19.229820 0.000000 -0.264999
v 19.807222 0.000000 0.962666
v 19.119603 0.000000 0.662863
v 18.079981 0.000000 -1.651097
v 19.749213 0.000000 -1.091348
v 19.096291 0.000000 -0.717186
v 19.807222 0.000000 -0.962666
v 19.857876 0.000000 -0.830915
v 19.141066 0.000000 -0.607784
v 19.901013 0.000000 -0.696516
v 19.178354 0.000000 -0.495610
v 19.936497 0.000000 -0.559896
v 19.207983 0.000000 -0.381174
v 19.964213 0.000000 -0.421491
v 19.996015 0.000000 -0.141096
v 20.000000 0.000000 0.000000
v 19.249750 0.000000 -0.029557
v 19.247754 0.000000 0.088636
v 19.749213 0.000000 1.091348
v -7.749750 0.000000 -22.558750
v -7.750000 0.000000 -22.529193
v -7.107437 0.000000 -8.728625
v -7.011477 0.000000 -8.686758
v -3.000000 0.000000 -20.000000
v -7.372886 0.000000 -11.084545
v -7.452242 0.000000 -11.016254
v -7.200000 0.000000 -11.202417
v -7.288648 0.000000 -11.146716
v -7.803223 0.000000 -10.501459
v -7.747754 0.000000 -22.440557
v 16.191615 0.000000 1.162166
v 16.273057 0.000000 1.247843
v -7.200000 0.000000 -8.777546
v -6.087343 0.000000 -11.327783
v -6.188471 0.000000 -11.354880
v -5.892563 0.000000 -11.251338
v -5.988523 0.000000 -11.293205
v -7.743763 0.000000 -22.676807
v 16.116142 0.000000 1.071185
v 17.500000 0.000000 -1.750000
v -7.526273 0.000000 -10.942223
v -7.594564 0.000000 -10.862867
v -7.107437 0.000000 -11.251338
v -6.500000 0.000000 -11.389981
v -6.604622 0.000000 -11.386067
v -6.291341 0.000000 -11.374345
v -6.395378 0.000000 -11.386067
v -5.711352 0.000000 -11.146716
v -5.800000 0.000000 -11.202417
v -5.547758 0.000000 -11.016254
v -5.627114 0.000000 -11.084545
v -5.405436 0.000000 -10.862867
v -5.473727 0.000000 -10.942223
v -7.761356 0.000000 -10.597419
v -5.255956 0.000000 -20.945243
v 15.984456 0.000000 0.875000
v 16.046984 0.000000 0.975318
v -6.912657 0.000000 -11.327783
v -7.011477 0.000000 -11.293205
v -6.708659 0.000000 -11.374345
v -6.811529 0.000000 -11.354880
v -5.287564 0.000000 -10.689981
v -5.343266 0.000000 -10.778629
v -5.196777 0.000000 -10.501459
v -5.238644 0.000000 -10.597419
v -4.952340 0.000000 -21.127441
v -4.860098 0.000000 -21.201366
v -5.150722 0.000000 -20.999086
v -7.139902 0.000000 -21.201366
v -7.047660 0.000000 -21.127441
v -7.453016 0.000000 -21.553875
v -7.383858 0.000000 -21.458008
v -7.737783 0.000000 -22.322769
v -3.761445 0.000000 -23.642239
v -3.703180 0.000000 -23.516421
v -4.403709 0.000000 -23.246379
v -6.912657 0.000000 -8.652179
v 16.405595 0.000000 -1.365568
v 16.315902 0.000000 -1.288570
v 16.599528 0.000000 -1.500550
v 16.500281 0.000000 -1.436336
v 17.381858 0.000000 -1.746008
v 15.880397 0.000000 0.662863
v 15.928842 0.000000 0.770690
v -5.100000 0.000000 -9.989981
v -5.103915 0.000000 -10.094604
v -5.049362 0.000000 -21.059912
v -5.364586 0.000000 -20.898626
v -5.705823 0.000000 -20.804096
v -5.590034 0.000000 -20.827891
v -6.294177 0.000000 -20.804096
v -6.177045 0.000000 -20.788172
v -7.226943 0.000000 -21.281350
v -7.308385 0.000000 -21.367027
v -7.729820 0.000000 -22.794192
v -7.678354 0.000000 -23.024803
v -7.707983 0.000000 -22.910367
v -4.247917 0.000000 -24.312506
v -4.151744 0.000000 -24.212627
v -4.731613 0.000000 -23.734885
v -4.455768 0.000000 -23.352508
v -3.826596 0.000000 -23.764634
v -3.651980 0.000000 -23.387566
v -4.358934 0.000000 -23.136977
v 17.264255 0.000000 -1.734049
v 17.147728 0.000000 -1.714177
v 15.805865 0.000000 0.438642
v 15.839343 0.000000 0.552012
v 15.000000 0.000000 -20.000000
v -5.115637 0.000000 -10.198641
v -5.115637 0.000000 -9.781322
v -5.103915 0.000000 -9.885359
v -5.287564 0.000000 -9.289981
v -5.238644 0.000000 -9.382544
v -4.428842 0.000000 -21.758503
v -3.000000 0.000000 -22.062130
v -4.691615 0.000000 -21.367027
v -4.616142 0.000000 -21.458008
v -5.476115 0.000000 -20.859449
v -6.523885 0.000000 -20.859449
v -6.409966 0.000000 -20.827891
v -6.950638 0.000000 -21.059912
v -6.849278 0.000000 -20.999086
v -7.571158 0.000000 -21.758503
v -7.515544 0.000000 -21.654193
v -7.719883 0.000000 -22.205922
v -7.694135 0.000000 -22.090551
v -7.596291 0.000000 -23.246379
v -7.641066 0.000000 -23.136977
v -7.485127 0.000000 -23.454880
v -7.544232 0.000000 -23.352508
v -7.752083 0.000000 -24.312506
v -7.184098 0.000000 -23.817763
v -7.268387 0.000000 -23.734885
v -4.349480 0.000000 -24.406900
v -4.815902 0.000000 -23.817763
v -4.905595 0.000000 -23.894761
v -4.514873 0.000000 -23.454880
v 16.231613 0.000000 -1.205692
v 16.809877 0.000000 -1.608176
v 16.702884 0.000000 -1.557917
v 17.032808 0.000000 -1.686485
v 16.920019 0.000000 -1.651097
v 15.750250 0.000000 -0.029557
v 15.750000 0.000000 0.000000
v 15.762217 0.000000 0.206424
v 15.780117 0.000000 0.323271
v -5.162198 0.000000 -10.402639
v -5.135101 0.000000 -10.301511
v -5.162198 0.000000 -9.577324
v -5.135101 0.000000 -9.678452
v -5.196777 0.000000 -9.478504
v -6.500000 0.000000 -8.589981
v -6.395378 0.000000 -8.593896
v -6.708659 0.000000 -8.605618
v -6.604622 0.000000 -8.593896
v -4.484456 0.000000 -21.654193
v -4.773057 0.000000 -21.281350
v -5.940895 0.000000 -20.780191
v -5.822955 0.000000 -20.788172
v -6.059105 0.000000 -20.780191
v -6.635414 0.000000 -20.898626
v -6.744044 0.000000 -20.945243
v -7.660657 0.000000 -21.977181
v -7.619603 0.000000 -21.866330
v -7.346890 0.000000 -23.646506
v -7.419246 0.000000 -23.553029
v -7.650520 0.000000 -24.406900
v -7.543881 0.000000 -24.495518
v -7.094405 0.000000 -23.894761
v -4.061257 0.000000 -24.107570
v -4.653110 0.000000 -23.646506
v -3.898432 0.000000 -23.883228
v -4.580754 0.000000 -23.553029
v 16.153110 0.000000 -1.117313
v 16.080754 0.000000 -1.023836
v 15.752246 0.000000 0.088636
v -7.656734 0.000000 -10.778629
v -5.405436 0.000000 -9.117096
v -5.343266 0.000000 -9.201333
v -6.291341 0.000000 -8.605618
v -4.546984 0.000000 -21.553875
v -7.073326 0.000000 -24.787062
v -6.946498 0.000000 -24.843095
v -6.690123 0.000000 -24.137369
v -6.414099 0.000000 -24.994659
v -6.235745 0.000000 -24.263242
v -6.352272 0.000000 -24.243370
v -5.449851 0.000000 -24.967909
v -5.315493 0.000000 -24.933658
v -5.532808 0.000000 -24.215678
v -5.183242 0.000000 -24.892010
v -5.420019 0.000000 -24.180290
v -4.926674 0.000000 -24.787062
v -5.202884 0.000000 -24.087110
v -5.309877 0.000000 -24.137369
v -4.803147 0.000000 -24.724083
v -4.683303 0.000000 -24.654354
v -5.099528 0.000000 -24.029743
v -4.567508 0.000000 -24.578087
v -5.000281 0.000000 -23.965529
v -4.456119 0.000000 -24.495518
v -3.976732 0.000000 -23.997658
v -4.250250 0.000000 -22.558750
v -4.256237 0.000000 -22.676807
v 15.821646 0.000000 -0.495610
v 15.955768 0.000000 -0.823315
v 15.903709 0.000000 -0.717186
v 16.014873 0.000000 -0.925687
v 15.770180 0.000000 -0.264999
v 15.756237 0.000000 -0.147614
v -6.188471 0.000000 -8.625082
v -7.432492 0.000000 -24.578087
v -6.999719 0.000000 -23.965529
v -7.316697 0.000000 -24.654354
v -6.900472 0.000000 -24.029743
v -7.196853 0.000000 -24.724083
v -6.797116 0.000000 -24.087110
v -6.816758 0.000000 -24.892010
v -6.579981 0.000000 -24.180290
v -6.684507 0.000000 -24.933658
v -6.467192 0.000000 -24.215678
v -6.550149 0.000000 -24.967909
v -6.276776 0.000000 -25.013825
v -6.138601 0.000000 -25.025348
v -6.118142 0.000000 -24.275201
v -5.585901 0.000000 -24.994659
v -5.647728 0.000000 -24.243370
v -5.053502 0.000000 -24.843095
v -4.292017 0.000000 -22.910367
v -4.321646 0.000000 -23.024803
v -4.270180 0.000000 -22.794192
v -7.288648 0.000000 -8.833247
v 15.858934 0.000000 -0.607784
v 15.792017 0.000000 -0.381174
v -7.712436 0.000000 -10.689981
v -5.547758 0.000000 -8.963709
v -5.473727 0.000000 -9.037740
v -5.711352 0.000000 -8.833247
v -5.627114 0.000000 -8.895417
v -6.087343 0.000000 -8.652179
v -5.988523 0.000000 -8.686758
v -6.000000 0.000000 -25.029193
v -6.000000 0.000000 -24.279193
v -5.723224 0.000000 -25.013825
v -5.764255 0.000000 -24.263242
v -5.881858 0.000000 -24.275201
v -4.305865 0.000000 -22.090551
v -4.280117 0.000000 -22.205922
v -7.372886 0.000000 -8.895417
v -7.526273 0.000000 -9.037740
v -7.452242 0.000000 -8.963709
v -6.811529 0.000000 -8.625082
v -5.892563 0.000000 -8.728625
v -5.800000 0.000000 -8.777546
v -5.861399 0.000000 -25.025348
v -4.339343 0.000000 -21.977181
v -4.380397 0.000000 -21.866330
v -7.656734 0.000000 -9.201333
v -7.594564 0.000000 -9.117096
v -7.761356 0.000000 -9.382544
v -7.712436 0.000000 -9.289981
v -7.803223 0.000000 -9.478504
v -4.262217 0.000000 -22.322769
v -4.252246 0.000000 -22.440557
v -7.825000 0.000000 5.169991
v -3.000000 3.000000 -22.062130
v -3.651980 3.000000 -23.387566
v -8.348020 3.000000 -23.387566
v -8.296820 3.000000 -23.516421
v -8.238555 3.000000 -23.642239
v -8.173404 3.000000 -23.764634
v -8.101568 3.000000 -23.883228
v -8.023268 3.000000 -23.997658
v -7.938743 3.000000 -24.107570
v -7.848256 3.000000 -24.212627
v -7.752083 3.000000 -24.312506
v -7.650520 3.000000 -24.406900
v -7.543881 3.000000 -24.495518
v -7.432492 3.000000 -24.578087
v -7.316697 3.000000 -24.654354
v -7.196853 3.000000 -24.724083
v -7.073326 3.000000 -24.787062
v -6.946498 3.000000 -24.843095
v -6.816758 3.000000 -24.892010
v -6.684507 3.000000 -24.933658
v -6.550149 3.000000 -24.967909
v -6.414099 3.000000 -24.994659
v -6.276776 3.000000 -25.013825
v -6.138601 3.000000 -25.025348
v -6.000000 3.000000 -25.029193
v -5.861399 3.000000 -25.025348
v -5.723224 3.000000 -25.013825
v -5.585901 3.000000 -24.994659
v -5.449851 3.000000 -24.967909
v -5.315493 3.000000 -24.933658
v -5.183242 3.000000 -24.892010
v -5.053502 3.000000 -24.843095
v -4.926674 3.000000 -24.787062
v -4.803147 3.000000 -24.724083
v -4.683303 3.000000 -24.654354
v -4.567508 3.000000 -24.578087
v -4.456119 3.000000 -24.495518
v -4.349480 3.000000 -24.406900
v -4.247917 3.000000 -24.312506
v -4.151744 3.000000 -24.212627
v -4.061257 3.000000 -24.107570
v -3.976732 3.000000 -23.997658
v -3.898432 3.000000 -23.883228
v -3.826596 3.000000 -23.764634
v -3.761445 3.000000 -23.642239
v -3.703180 3.000000 -23.516421
v -10.000000 3.000000 -20.029193
v -9.986719 3.000000 -20.029193
v -10.000000 3.000000 -20.000000
v -10.000000 3.000000 20.000000
v -8.348020 3.000000 23.358373
v -3.651980 3.000000 23.358373
v -3.703180 3.000000 23.487228
v -3.761445 3.000000 23.613046
v -3.826596 3.000000 23.735441
v -3.898432 3.000000 23.854035
v -3.976732 3.000000 23.968465
v -4.061257 3.000000 24.078377
v -4.151744 3.000000 24.183434
v -4.247917 3.000000 24.283313
v -4.349480 3.000000 24.377707
v -4.456119 3.000000 24.466325
v -4.567508 3.000000 24.548894
v -4.683303 3.000000 24.625161
v -4.803147 3.000000 24.694890
v -4.926674 3.000000 24.757869
v -5.053502 3.000000 24.813902
v -5.183242 3.000000 24.862817
v -5.315493 3.000000 24.904465
v -5.449851 3.000000 24.938716
v -5.585901 3.000000 24.965466
v -5.723224 3.000000 24.984632
v -5.861399 3.000000 24.996155
v -6.000000 3.000000 25.000000
v -6.138601 3.000000 24.996155
v -6.276776 3.000000 24.984632
v -6.414099 3.000000 24.965466
v -6.550149 3.000000 24.938716
v -6.684507 3.000000 24.904465
v -6.816758 3.000000 24.862817
v -6.946498 3.000000 24.813902
v -7.073326 3.000000 24.757869
v -7.196853 3.000000 24.694890
v -7.316697 3.000000 24.625161
v -7.432492 3.000000 24.548894
v -7.543881 3.000000 24.466325
v -7.650520 3.000000 24.377707
v -7.752083 3.000000 24.283313
v -7.848256 3.000000 24.183434
v -7.938743 3.000000 24.078377
v -8.023268 3.000000 23.968465
v -8.101568 3.000000 23.854035
v -8.173404 3.000000 23.735441
v -8.238555 3.000000 23.613046
v -8.296820 3.000000 23.487228
v -2.000000 3.000000 20.000000
v 15.000000 3.000000 20.000000
v 15.000000 3.000000 4.488170
v 18.816004 3.000000 2.125590
v 18.816004 3.000000 -2.125590
v 18.933872 3.000000 -2.047929
v 19.047168 3.000000 -1.963739
v 19.155533 3.000000 -1.873289
v 19.258620 3.000000 -1.776867
v 19.356100 3.000000 -1.674781
v 19.447664 3.000000 -1.567356
v 19.533019 3.000000 -1.454935
v 19.611893 3.000000 -1.337875
v 19.684034 3.000000 -1.216550
v 19.749213 3.000000 -1.091348
v 19.807222 3.000000 -0.962666
v 19.857876 3.000000 -0.830915
v 19.901013 3.000000 -0.696516
v 19.936497 3.000000 -0.559896
v 19.964213 3.000000 -0.421491
v 19.984073 3.000000 -0.281743
v 19.996015 3.000000 -0.141096
v 20.000000 3.000000 0.000000
v 19.996015 3.000000 0.141096
v 19.984073 3.000000 0.281743
v 19.964213 3.000000 0.421491
v 19.936497 3.000000 0.559896
v 19.901013 3.000000 0.696516
v 19.857876 3.000000 0.830915
v 19.807222 3.000000 0.962666
v 19.749213 3.000000 1.091348
v 19.684034 3.000000 1.216550
v 19.611893 3.000000 1.337875
v 19.533019 3.000000 1.454935
v 19.447664 3.000000 1.567356
v 19.356100 3.000000 1.674781
v 19.258620 3.000000 1.776867
v 19.155533 3.000000 1.873289
v 19.047168 3.000000 1.963739
v 18.933872 3.000000 2.047929
v 15.000000 3.000000 -4.488170
v 15.000000 3.000000 -20.000000
v -3.000000 3.000000 -20.000000
v 17.500000 3.000000 -1.750000
v 17.381858 3.000000 -1.746008
v 17.264255 3.000000 -1.734049
v 17.147728 3.000000 -1.714177
v 17.032808 3.000000 -1.686485
v 16.920019 3.000000 -1.651097
v 16.809877 3.000000 -1.608176
v 16.702884 3.000000 -1.557917
v 16.599528 3.000000 -1.500550
v 16.500281 3.000000 -1.436336
v 16.405595 3.000000 -1.365568
v 16.315902 3.000000 -1.288570
v 16.231613 3.000000 -1.205692
v 16.153110 3.000000 -1.117313
v 16.080754 3.000000 -1.023836
v 16.014873 3.000000 -0.925687
v 15.955768 3.000000 -0.823315
v 15.903709 3.000000 -0.717186
v 15.858934 3.000000 -0.607784
v 15.821646 3.000000 -0.495610
v 15.792017 3.000000 -0.381174
v 15.770180 3.000000 -0.264999
v 15.756237 3.000000 -0.147614
v 15.752246 3.000000 0.088636
v 15.750250 3.000000 -0.029557
v 15.750000 3.000000 0.000000
v 15.762217 3.000000 0.206424
v 15.780117 3.000000 0.323271
v 15.805865 3.000000 0.438642
v 15.839343 3.000000 0.552012
v 15.880397 3.000000 0.662863
v 15.928842 3.000000 0.770690
v 15.984456 3.000000 0.875000
v 16.046984 3.000000 0.975318
v 16.116142 3.000000 1.071185
v 16.191615 3.000000 1.162166
v 16.273057 3.000000 1.247843
v 16.360098 3.000000 1.327827
v 16.452340 3.000000 1.401752
v 16.549362 3.000000 1.469281
v 16.650722 3.000000 1.530107
v 16.755956 3.000000 1.583950
v 16.864586 3.000000 1.630567
v 16.976115 3.000000 1.669744
v 17.090034 3.000000 1.701302
v 17.205823 3.000000 1.725097
v 17.322955 3.000000 1.741021
v 17.440895 3.000000 1.749002
v 17.559105 3.000000 1.749002
v 17.677045 3.000000 1.741021
v 17.794177 3.000000 1.725097
v 17.909966 3.000000 1.701302
v 18.023885 3.000000 1.669744
v 18.135414 3.000000 1.630567
v 18.244044 3.000000 1.583950
v 18.349278 3.000000 1.530107
v 18.450638 3.000000 1.469281
v 18.547660 3.000000 1.401752
v 18.639902 3.000000 1.327827
v 18.726943 3.000000 1.247843
v 18.808385 3.000000 1.162166
v 18.883858 3.000000 1.071185
v 18.953016 3.000000 0.975318
v 19.015544 3.000000 0.875000
v 19.071158 3.000000 0.770690
v 19.119603 3.000000 0.662863
v 19.160657 3.000000 0.552012
v 19.194135 3.000000 0.438642
v 19.219883 3.000000 0.323271
v 19.237783 3.000000 0.206424
v 19.247754 3.000000 0.088636
v 19.249750 3.000000 -0.029557
v 19.243763 3.000000 -0.147614
v 19.229820 3.000000 -0.264999
v 19.207983 3.000000 -0.381174
v 19.178354 3.000000 -0.495610
v 19.141066 3.000000 -0.607784
v 19.096291 3.000000 -0.717186
v 19.044232 3.000000 -0.823315
v 18.985127 3.000000 -0.925687
v 18.919246 3.000000 -1.023836
v 18.846890 3.000000 -1.117313
v 18.768387 3.000000 -1.205692
v 18.684098 3.000000 -1.288570
v 18.594405 3.000000 -1.365568
v 18.499719 3.000000 -1.436336
v 18.400472 3.000000 -1.500550
v 18.297116 3.000000 -1.557917
v 18.190123 3.000000 -1.608176
v 18.079981 3.000000 -1.651097
v 17.967192 3.000000 -1.686485
v 17.852272 3.000000 -1.714177
v 17.735745 3.000000 -1.734049
v 17.618142 3.000000 -1.746008
v -6.000000 3.000000 -24.279193
v -6.118142 3.000000 -24.275201
v -6.235745 3.000000 -24.263242
v -6.352272 3.000000 -24.243370
v -6.467192 3.000000 -24.215678
v -6.579981 3.000000 -24.180290
v -6.690123 3.000000 -24.137369
v -6.797116 3.000000 -24.087110
v -6.900472 3.000000 -24.029743
v -6.999719 3.000000 -23.965529
v -7.094405 3.000000 -23.894761
v -7.184098 3.000000 -23.817763
v -7.268387 3.000000 -23.734885
v -7.346890 3.000000 -23.646506
v -7.419246 3.000000 -23.553029
v -7.485127 3.000000 -23.454880
v -7.544232 3.000000 -23.352508
v -7.596291 3.000000 -23.246379
v -7.641066 3.000000 -23.136977
v -7.678354 3.000000 -23.024803
v -7.707983 3.000000 -22.910367
v -7.729820 3.000000 -22.794192
v -7.743763 3.000000 -22.676807
v -7.750000 3.000000 -22.529193
v -7.749750 3.000000 -22.558750
v -7.747754 3.000000 -22.440557
v -7.737783 3.000000 -22.322769
v -7.719883 3.000000 -22.205922
v -7.694135 3.000000 -22.090551
v -7.660657 3.000000 -21.977181
v -7.619603 3.000000 -21.866330
v -7.571158 3.000000 -21.758503
v -7.515544 3.000000 -21.654193
v -7.453016 3.000000 -21.553875
v -7.383858 3.000000 -21.458008
v -7.308385 3.000000 -21.367027
v -7.226943 3.000000 -21.281350
v -7.139902 3.000000 -21.201366
v -7.047660 3.000000 -21.127441
v -6.950638 3.000000 -21.059912
v -6.849278 3.000000 -20.999086
v -6.744044 3.000000 -20.945243
v -6.635414 3.000000 -20.898626
v -6.523885 3.000000 -20.859449
v -6.409966 3.000000 -20.827891
v -6.294177 3.000000 -20.804096
v -6.177045 3.000000 -20.788172
v -6.059105 3.000000 -20.780191
v -5.940895 3.000000 -20.780191
v -5.822955 3.000000 -20.788172
v -5.705823 3.000000 -20.804096
v -5.590034 3.000000 -20.827891
v -5.476115 3.000000 -20.859449
v -5.364586 3.000000 -20.898626
v -5.255956 3.000000 -20.945243
v -5.150722 3.000000 -20.999086
v -5.049362 3.000000 -21.059912
v -4.952340 3.000000 -21.127441
v -4.860098 3.000000 -21.201366
v -4.773057 3.000000 -21.281350
v -4.691615 3.000000 -21.367027
v -4.616142 3.000000 -21.458008
v -4.546984 3.000000 -21.553875
v -4.484456 3.000000 -21.654193
v -4.428842 3.000000 -21.758503
v -4.380397 3.000000 -21.866330
v -4.339343 3.000000 -21.977181
v -4.305865 3.000000 -22.090551
v -4.280117 3.000000 -22.205922
v -4.262217 3.000000 -22.322769
v -4.252246 3.000000 -22.440557
v -4.250250 3.000000 -22.558750
v -4.256237 3.000000 -22.676807
v -4.270180 3.000000 -22.794192
v -4.292017 3.000000 -22.910367
v -4.321646 3.000000 -23.024803
v -4.358934 3.000000 -23.136977
v -4.403709 3.000000 -23.246379
v -4.455768 3.000000 -23.352508
v -4.514873 3.000000 -23.454880
v -4.580754 3.000000 -23.553029
v -4.653110 3.000000 -23.646506
v -4.731613 3.000000 -23.734885
v -4.815902 3.000000 -23.817763
v -4.905595 3.000000 -23.894761
v -5.000281 3.000000 -23.965529
v -5.099528 3.000000 -24.029743
v -5.202884 3.000000 -24.087110
v -5.309877 3.000000 -24.137369
v -5.420019 3.000000 -24.180290
v -5.532808 3.000000 -24.215678
v -5.647728 3.000000 -24.243370
v -5.764255 3.000000 -24.263242
v -5.881858 3.000000 -24.275201
v -6.500000 6.000000 8.589981
v -6.604622 6.000000 8.593896
v -6.708659 6.000000 8.605618
v -6.811529 6.000000 8.625082
v -6.912657 6.000000 8.652179
v -7.011477 6.000000 8.686758
v -7.107437 6.000000 8.728625
v -7.200000 6.000000 8.777546
v -7.288648 6.000000 8.833247
v -7.372886 6.000000 8.895417
v -7.452242 6.000000 8.963709
v -7.526273 6.000000 9.037740
v -7.594564 6.000000 9.117096
v -7.656734 6.000000 9.201333
v -7.712436 6.000000 9.289981
v -7.761356 6.000000 9.382544
v -7.803223 6.000000 9.478504
v -7.837802 6.000000 9.577324
v -7.864899 6.000000 9.678452
v -7.884363 6.000000 9.781322
v -7.896085 6.000000 9.885359
v -7.900000 6.000000 9.989981
v -7.896085 6.000000 10.094604
v -7.884363 6.000000 10.198641
v -7.864899 6.000000 10.301511
v -7.837802 6.000000 10.402639
v -7.803223 6.000000 10.501459
v -7.761356 6.000000 10.597419
v -7.712436 6.000000 10.689981
v -7.656734 6.000000 10.778629
v -7.594564 6.000000 10.862867
v -7.526273 6.000000 10.942223
v -7.452242 6.000000 11.016254
v -7.372886 6.000000 11.084545
v -7.288648 6.000000 11.146716
v -7.200000 6.000000 11.202417
v -7.107437 6.000000 11.251338
v -7.011477 6.000000 11.293205
v -6.912657 6.000000 11.327783
v -6.811529 6.000000 11.354880
v -6.708659 6.000000 11.374345
v -6.604622 6.000000 11.386067
v -6.500000 6.000000 11.389981
v -6.395378 6.000000 11.386067
v -6.291341 6.000000 11.374345
v -6.188471 6.000000 11.354880
v -6.087343 6.000000 11.327783
v -5.988523 6.000000 11.293205
v -5.892563 6.000000 11.251338
v -5.800000 6.000000 11.202417
v -5.711352 6.000000 11.146716
v -5.627114 6.000000 11.084545
v -5.547758 6.000000 11.016254
v -5.473727 6.000000 10.942223
v -5.405436 6.000000 10.862867
v -5.343266 6.000000 10.778629
v -5.287564 6.000000 10.689981
v -5.238644 6.000000 10.597419
v -5.196777 6.000000 10.501459
v -5.162198 6.000000 10.402639
v -5.135101 6.000000 10.301511
v -5.115637 6.000000 10.198641
v -5.103915 6.000000 10.094604
v -5.100000 6.000000 9.989981
v -5.103915 6.000000 9.885359
v -5.115637 6.000000 9.781322
v -5.135101 6.000000 9.678452
v -5.162198 6.000000 9.577324
v -5.196777 6.000000 9.478504
v -5.238644 6.000000 9.382544
v -5.287564 6.000000 9.289981
v -5.343266 6.000000 9.201333
v -5.405436 6.000000 9.117096
v -5.473727 6.000000 9.037740
v -5.547758 6.000000 8.963709
v -5.627114 6.000000 8.895417
v -5.711352 6.000000 8.833247
v -5.800000 6.000000 8.777546
v -5.892563 6.000000 8.728625
v -5.988523 6.000000 8.686758
v -6.087343 6.000000 8.652179
v -6.188471 6.000000 8.625082
v -6.291341 6.000000 8.605618
v -6.395378 6.000000 8.593896
v -6.500000 6.000000 -8.589981
v -6.395378 6.000000 -8.593896
v -6.291341 6.000000 -8.605618
v -6.188471 6.000000 -8.625082
v -6.087343 6.000000 -8.652179
v -5.988523 6.000000 -8.686758
v -5.892563 6.000000 -8.728625
v -5.800000 6.000000 -8.777546
v -5.711352 6.000000 -8.833247
v -5.627114 6.000000 -8.895417
v -5.547758 6.000000 -8.963709
v -5.473727 6.000000 -9.037740
v -5.405436 6.000000 -9.117096
v -5.343266 6.000000 -9.201333
v -5.287564 6.000000 -9.289981
v -5.238644 6.000000 -9.382544
v -5.196777 6.000000 -9.478504
v -5.162198 6.000000 -9.577324
v -5.135101 6.000000 -9.678452
v -5.115637 6.000000 -9.781322
v -5.103915 6.000000 -9.885359
v -5.100000 6.000000 -9.989981
v -5.103915 6.000000 -10.094604
v -5.115637 6.000000 -10.198641
v -5.135101 6.000000 -10.301511
v -5.162198 6.000000 -10.402639
v -5.196777 6.000000 -10.501459
v -5.238644 6.000000 -10.597419
v -5.287564 6.000000 -10.689981
v -5.343266 6.000000 -10.778629
v -5.405436 6.000000 -10.862867
v -5.473727 6.000000 -10.942223
v -5.547758 6.000000 -11.016254
v -5.627114 6.000000 -11.084545
v -5.711352 6.000000 -11.146716
v -5.800000 6.000000 -11.202417
v -5.892563 6.000000 -11.251338
v -5.988523 6.000000 -11.293205
v -6.087343 6.000000 -11.327783
v -6.188471 6.000000 -11.354880
v -6.291341 6.000000 -11.374345
v -6.395378 6.000000 -11.386067
v -6.500000 6.000000 -11.389981
v -6.604622 6.000000 -11.386067
v -6.708659 6.000000 -11.374345
v -6.811529 6.000000 -11.354880
v -6.912657 6.000000 -11.327783
v -7.011477 6.000000 -11.293205
v -7.107437 6.000000 -11.251338
v -7.200000 6.000000 -11.202417
v -7.288648 6.000000 -11.146716
v -7.372886 6.000000 -11.084545
v -7.452242 6.000000 -11.016254
v -7.526273 6.000000 -10.942223
v -7.594564 6.000000 -10.862867
v -7.656734 6.000000 -10.778629
v -7.712436 6.000000 -10.689981
v -7.761356 6.000000 -10.597419
v -7.803223 6.000000 -10.501459
v -7.837802 6.000000 -10.402639
v -7.864899 6.000000 -10.301511
v -7.884363 6.000000 -10.198641
v -7.896085 6.000000 -10.094604
v -7.900000 6.000000 -9.989981
v -7.896085 6.000000 -9.885359
v -7.884363 6.000000 -9.781322
v -7.864899 6.000000 -9.678452
v -7.837802 6.000000 -9.577324
v -7.803223 6.000000 -9.478504
v -7.761356 6.000000 -9.382544
v -7.712436 6.000000 -9.289981
v -7.656734 6.000000 -9.201333
v -7.594564 6.000000 -9.117096
v -7.526273 6.000000 -9.037740
v -7.452242 6.000000 -8.963709
v -7.372886 6.000000 -8.895417
v -7.288648 6.000000 -8.833247
v -7.200000 6.000000 -8.777546
v -7.107437 6.000000 -8.728625
v -7.011477 6.000000 -8.686758
v -6.912657 6.000000 -8.652179
v -6.811529 6.000000 -8.625082
v -6.708659 6.000000 -8.605618
v -6.604622 6.000000 -8.593896
v -4.209483 6.000000 12.636400
v -4.471346 6.000000 12.842097
v -4.337967 6.000000 12.742364
v -3.854472 6.000000 7.698436
v -4.086186 6.000000 12.524444
v -3.968353 6.000000 12.406749
v -3.856254 6.000000 12.283582
v -3.750140 6.000000 12.155222
v -3.004093 6.000000 10.159194
v -3.000000 6.000000 9.992702
v -3.648673 6.000000 7.960219
v -3.748458 6.000000 7.826879
v -9.936782 6.000000 10.652199
v -3.390134 6.000000 11.595825
v -3.063734 6.000000 10.654870
v -3.035995 6.000000 10.490653
v -3.016100 6.000000 10.325303
v -3.966476 6.000000 7.575182
v -4.084216 6.000000 7.457396
v -4.207427 6.000000 7.345344
v -4.335828 6.000000 7.239280
v -9.443183 6.000000 8.095866
v -9.529955 6.000000 8.238018
v -9.995907 6.000000 9.820769
v -10.000000 6.000000 9.987261
v -9.996038 6.000000 10.156477
v -9.964393 6.000000 10.487961
v -9.858295 6.000000 10.975808
v -9.807597 6.000000 11.134447
v -9.749410 6.000000 11.290494
v -9.145528 6.000000 12.281527
v -3.650252 6.000000 12.021960
v -3.556817 6.000000 11.884096
v -3.470045 6.000000 11.741944
v -3.317265 6.000000 11.446071
v -3.251601 6.000000 11.293019
v -3.193293 6.000000 11.137017
v -3.099253 6.000000 10.817581
v -3.003962 6.000000 9.823486
v -4.607029 6.000000 7.046062
v -4.749215 6.000000 6.959346
v -4.895365 6.000000 6.879492
v -5.354249 6.000000 6.682829
v -7.643180 6.000000 6.681940
v -7.799250 6.000000 6.740066
v -9.143746 6.000000 7.696381
v -9.249860 6.000000 7.824741
v -9.349748 6.000000 7.958003
v -9.609866 6.000000 8.384137
v -9.806707 6.000000 8.842946
v -9.983900 6.000000 9.654659
v -10.000000 6.000000 9.989981
v -9.984160 6.000000 10.322595
v -9.901389 6.000000 10.814937
v -9.251543 6.000000 12.153084
v -8.915784 6.000000 12.522567
v -7.163553 6.000000 13.426505
v -6.999326 6.000000 13.454180
v -4.897783 6.000000 13.101717
v -4.751571 6.000000 13.021977
v -4.609318 6.000000 12.935371
v -3.000000 6.000000 9.989981
v -3.015840 6.000000 9.657367
v -3.035607 6.000000 9.492002
v -3.063218 6.000000 9.327764
v -3.192403 6.000000 8.845516
v -3.250590 6.000000 8.689469
v -3.555345 6.000000 8.098155
v -4.469129 6.000000 7.139444
v -5.045148 6.000000 6.806680
v -5.198225 6.000000 6.741077
v -6.332146 6.000000 6.494009
v -6.498640 6.000000 6.489982
v -6.665137 6.000000 6.493879
v -7.484521 6.000000 6.631303
v -7.952378 6.000000 6.805551
v -8.102217 6.000000 6.878246
v -8.248429 6.000000 6.957986
v -8.390682 6.000000 7.044592
v -8.790517 6.000000 7.343563
v -9.031647 6.000000 7.573214
v -9.682735 6.000000 8.533892
v -9.748399 6.000000 8.686944
v -9.936266 6.000000 9.325093
v -9.964005 6.000000 9.489309
v -9.611113 6.000000 11.593408
v -9.531316 6.000000 11.739589
v -9.444655 6.000000 11.881808
v -9.351327 6.000000 12.019744
v -9.033524 6.000000 12.404781
v -7.645751 6.000000 13.297134
v -7.326278 6.000000 13.391050
v -5.047622 6.000000 13.174412
v -3.142472 6.000000 10.978418
v -3.141705 6.000000 9.004155
v -3.316134 6.000000 8.536366
v -3.388887 6.000000 8.386555
v -3.468684 6.000000 8.240374
v -5.512868 6.000000 6.632070
v -5.836447 6.000000 6.553457
v -6.000674 6.000000 6.525783
v -6.166032 6.000000 6.505951
v -6.831260 6.000000 6.505693
v -6.996633 6.000000 6.525395
v -8.528654 6.000000 7.137866
v -8.662033 6.000000 7.237598
v -9.857528 6.000000 9.001545
v -9.900747 6.000000 9.162382
v -9.683866 6.000000 11.443596
v -8.792573 6.000000 12.634619
v -8.664172 6.000000 12.740683
v -8.392971 6.000000 12.933901
v -8.250785 6.000000 13.020617
v -8.104635 6.000000 13.100471
v -7.801775 6.000000 13.238886
v -6.667854 6.000000 13.485954
v -6.501360 6.000000 13.489981
v -3.098611 6.000000 9.165025
v -5.673722 6.000000 6.588913
v -7.160882 6.000000 6.552943
v -8.913814 6.000000 7.455519
v -8.530871 6.000000 12.840519
v -7.954852 6.000000 13.173282
v -7.487132 6.000000 13.347893
v -6.833968 6.000000 13.474011
v -6.334863 6.000000 13.486083
v -5.839118 6.000000 13.427020
v -6.168740 6.000000 13.474270
v -6.003367 6.000000 13.454567
v -5.515479 6.000000 13.348659
v -5.356820 6.000000 13.298023
v -5.200750 6.000000 13.239897
v -7.323634 6.000000 6.588272
v -5.676366 6.000000 13.391691
v -3.000000 3.000000 9.992702
v -3.004093 3.000000 10.159194
v -3.016100 3.000000 10.325303
v -3.035995 3.000000 10.490653
v -3.063734 3.000000 10.654870
v -3.099253 3.000000 10.817581
v -3.142472 3.000000 10.978418
v -3.193293 3.000000 11.137017
v -3.251601 3.000000 11.293019
v -3.317265 3.000000 11.446071
v -3.390134 3.000000 11.595825
v -3.470045 3.000000 11.741944
v -3.556817 3.000000 11.884096
v -3.650252 3.000000 12.021960
v -3.750140 3.000000 12.155222
v -3.856254 3.000000 12.283582
v -3.968353 3.000000 12.406749
v -4.086186 3.000000 12.524444
v -4.209483 3.000000 12.636400
v -4.337967 3.000000 12.742364
v -4.471346 3.000000 12.842097
v -4.609318 3.000000 12.935371
v -4.751571 3.000000 13.021977
v -4.897783 3.000000 13.101717
v -5.047622 3.000000 13.174412
v -5.200750 3.000000 13.239897
v -5.356820 3.000000 13.298023
v -5.515479 3.000000 13.348659
v -5.676366 3.000000 13.391691
v -5.839118 3.000000 13.427020
v -6.003367 3.000000 13.454567
v -6.168740 3.000000 13.474270
v -6.334863 3.000000 13.486083
v -6.501360 3.000000 13.489981
v -6.667854 3.000000 13.485954
v -6.833968 3.000000 13.474011
v -6.999326 3.000000 13.454180
v -7.163553 3.000000 13.426505
v -7.326278 3.000000 13.391050
v -7.487132 3.000000 13.347893
v -7.645751 3.000000 13.297134
v -7.801775 3.000000 13.238886
v -7.954852 3.000000 13.173282
v -8.104635 3.000000 13.100471
v -8.250785 3.000000 13.020617
v -8.392971 3.000000 12.933901
v -8.530871 3.000000 12.840519
v -8.664172 3.000000 12.740683
v -8.792573 3.000000 12.634619
v -8.915784 3.000000 12.522567
v -9.033524 3.000000 12.404781
v -9.145528 3.000000 12.281527
v -9.251543 3.000000 12.153084
v -9.351327 3.000000 12.019744
v -9.444655 3.000000 11.881808
v -9.531316 3.000000 11.739589
v -9.611113 3.000000 11.593408
v -9.683866 3.000000 11.443596
v -9.749410 3.000000 11.290494
v -9.807597 3.000000 11.134447
v -9.858295 3.000000 10.975808
v -9.901389 3.000000 10.814937
v -9.936782 3.000000 10.652199
v -9.964393 3.000000 10.487961
v -9.984160 3.000000 10.322595
v -9.996038 3.000000 10.156477
v -10.000000 3.000000 9.989981
v -3.000000 3.000000 9.989981
v -10.000000 3.000000 9.987261
v -9.995907 3.000000 9.820769
v -9.983900 3.000000 9.654659
v -9.964005 3.000000 9.489309
v -9.936266 3.000000 9.325093
v -9.900747 3.000000 9.162382
v -9.857528 3.000000 9.001545
v -9.806707 3.000000 8.842946
v -9.748399 3.000000 8.686944
v -9.682735 3.000000 8.533892
v -9.609866 3.000000 8.384137
v -9.529955 3.000000 8.238018
v -9.443183 3.000000 8.095866
v -9.349748 3.000000 7.958003
v -9.249860 3.000000 7.824741
v -9.143746 3.000000 7.696381
v -9.031647 3.000000 7.573214
v -8.913814 3.000000 7.455519
v -8.790517 3.000000 7.343563
v -8.662033 3.000000 7.237598
v -8.528654 3.000000 7.137866
v -8.390682 3.000000 7.044592
v -8.248429 3.000000 6.957986
v -8.102217 3.000000 6.878246
v -7.952378 3.000000 6.805551
v -7.799250 3.000000 6.740066
v -7.643180 3.000000 6.681940
v -7.484521 3.000000 6.631303
v -7.323634 3.000000 6.588272
v -7.160882 3.000000 6.552943
v -6.996633 3.000000 6.525395
v -6.831260 3.000000 6.505693
v -6.665137 3.000000 6.493879
v -6.498640 3.000000 6.489982
v -6.332146 3.000000 6.494009
v -6.166032 3.000000 6.505951
v -6.000674 3.000000 6.525783
v -5.836447 3.000000 6.553457
v -5.673722 3.000000 6.588913
v -5.512868 3.000000 6.632070
v -5.354249 3.000000 6.682829
v -5.198225 3.000000 6.741077
v -5.045148 3.000000 6.806680
v -4.895365 3.000000 6.879492
v -4.749215 3.000000 6.959346
v -4.607029 3.000000 7.046062
v -4.469129 3.000000 7.139444
v -4.335828 3.000000 7.239280
v -4.207427 3.000000 7.345344
v -4.084216 3.000000 7.457396
v -3.966476 3.000000 7.575182
v -3.854472 3.000000 7.698436
v -3.748458 3.000000 7.826879
v -3.648673 3.000000 7.960219
v -3.555345 3.000000 8.098155
v -3.468684 3.000000 8.240374
v -3.388887 3.000000 8.386555
v -3.316134 3.000000 8.536366
v -3.250590 3.000000 8.689469
v -3.192403 3.000000 8.845516
v -3.141705 3.000000 9.004155
v -3.098611 3.000000 9.165025
v -3.063218 3.000000 9.327764
v -3.035607 3.000000 9.492002
v -3.015840 3.000000 9.657367
v -3.003962 3.000000 9.823486
v -10.000000 3.000000 -9.987261
v -10.000000 3.000000 -9.989981
v -10.000000 6.000000 -9.989981
v -10.000000 6.000000 -9.987261
v -6.332146 3.000000 -6.494009
v -6.498640 3.000000 -6.489982
v -6.166032 3.000000 -6.505951
v -5.673722 3.000000 -6.588913
v -5.836447 3.000000 -6.553457
v -6.000674 3.000000 -6.525783
v -5.512868 3.000000 -6.632070
v -5.198225 3.000000 -6.741077
v -5.354249 3.000000 -6.682829
v -6.665137 3.000000 -6.493879
v -5.045148 3.000000 -6.806680
v -4.607029 3.000000 -7.046062
v -4.749215 3.000000 -6.959346
v -4.084216 3.000000 -7.457396
v -4.207427 3.000000 -7.345344
v -3.854472 3.000000 -7.698436
v -3.966476 3.000000 -7.575182
v -3.000000 3.000000 -9.992702
v -3.000000 3.000000 -9.989981
v -4.895365 3.000000 -6.879492
v -4.335828 3.000000 -7.239280
v -4.469129 3.000000 -7.139444
v -3.004093 3.000000 -10.159194
v -3.016100 3.000000 -10.325303
v -3.193293 3.000000 -11.137017
v -3.142472 3.000000 -10.978418
v -3.648673 3.000000 -7.960219
v -3.748458 3.000000 -7.826879
v -3.035995 3.000000 -10.490653
v -3.099253 3.000000 -10.817581
v -3.063734 3.000000 -10.654870
v -3.251601 3.000000 -11.293019
v -3.390134 3.000000 -11.595825
v -3.317265 3.000000 -11.446071
v -3.856254 3.000000 -12.283582
v -3.750140 3.000000 -12.155222
v -4.337967 3.000000 -12.742364
v -4.209483 3.000000 -12.636400
v -4.609318 3.000000 -12.935371
v -3.968353 3.000000 -12.406749
v -7.484521 3.000000 -6.631303
v -3.556817 3.000000 -11.884096
v -3.470045 3.000000 -11.741944
v -3.650252 3.000000 -12.021960
v -4.086186 3.000000 -12.524444
v -9.609866 3.000000 -8.384137
v -9.529955 3.000000 -8.238018
v -7.643180 3.000000 -6.681940
v -7.160882 3.000000 -6.552943
v -7.323634 3.000000 -6.588272
v -3.388887 3.000000 -8.386555
v -3.468684 3.000000 -8.240374
v -3.192403 3.000000 -8.845516
v -3.250590 3.000000 -8.689469
v -9.682735 3.000000 -8.533892
v -6.831260 3.000000 -6.505693
v -6.996633 3.000000 -6.525395
v -5.676366 3.000000 -13.391691
v -3.555345 3.000000 -8.098155
v -3.141705 3.000000 -9.004155
v -3.063218 3.000000 -9.327764
v -3.098611 3.000000 -9.165025
v -4.471346 3.000000 -12.842097
v -9.748399 3.000000 -8.686944
v -9.349748 3.000000 -7.958003
v -9.443183 3.000000 -8.095866
v -9.031647 3.000000 -7.573214
v -9.143746 3.000000 -7.696381
v -8.528654 3.000000 -7.137866
v -8.662033 3.000000 -7.237598
v -8.102217 3.000000 -6.878246
v -6.999326 3.000000 -13.454180
v -5.356820 3.000000 -13.298023
v -5.200750 3.000000 -13.239897
v -5.515479 3.000000 -13.348659
v -4.897783 3.000000 -13.101717
v -4.751571 3.000000 -13.021977
v -5.047622 3.000000 -13.174412
v -3.316134 3.000000 -8.536366
v -3.035607 3.000000 -9.492002
v -3.003962 3.000000 -9.823486
v -3.015840 3.000000 -9.657367
v -8.913814 3.000000 -7.455519
v -8.390682 3.000000 -7.044592
v -8.248429 3.000000 -6.957986
v -7.799250 3.000000 -6.740066
v -7.952378 3.000000 -6.805551
v -6.833968 3.000000 -13.474011
v -7.645751 3.000000 -13.297134
v -9.857528 3.000000 -9.001545
v -9.900747 3.000000 -9.162382
v -9.806707 3.000000 -8.842946
v -9.249860 3.000000 -7.824741
v -8.790517 3.000000 -7.343563
v -6.667854 3.000000 -13.485954
v -6.501360 3.000000 -13.489981
v -7.163553 3.000000 -13.426505
v -7.954852 3.000000 -13.173282
v -7.801775 3.000000 -13.238886
v -9.749410 3.000000 -11.290494
v -9.683866 3.000000 -11.443596
v -9.858295 3.000000 -10.975808
v -9.807597 3.000000 -11.134447
v -9.936266 3.000000 -9.325093
v -9.964005 3.000000 -9.489309
v -7.487132 3.000000 -13.347893
v -7.326278 3.000000 -13.391050
v -8.250785 3.000000 -13.020617
v -8.104635 3.000000 -13.100471
v -9.145528 3.000000 -12.281527
v -9.033524 3.000000 -12.404781
v -9.351327 3.000000 -12.019744
v -9.251543 3.000000 -12.153084
v -9.611113 3.000000 -11.593408
v -9.531316 3.000000 -11.739589
v -9.983900 3.000000 -9.654659
v -9.995907 3.000000 -9.820769
v -6.168740 3.000000 -13.474270
v -6.003367 3.000000 -13.454567
v -6.334863 3.000000 -13.486083
v -8.392971 3.000000 -12.933901
v -8.792573 3.000000 -12.634619
v -8.664172 3.000000 -12.740683
v -8.915784 3.000000 -12.522567
v -9.444655 3.000000 -11.881808
v -5.839118 3.000000 -13.427020
v -8.530871 3.000000 -12.840519
v -9.936782 3.000000 -10.652199
v -9.901389 3.000000 -10.814937
v -9.984160 3.000000 -10.322595
v -9.964393 3.000000 -10.487961
v -9.996038 3.000000 -10.156477
v -3.004093 6.000000 -10.159194
v -3.193293 6.000000 -11.137017
v -3.251601 6.000000 -11.293019
v -3.856254 6.000000 -12.283582
v -9.143746 6.000000 -7.696381
v -3.000000 6.000000 -9.992702
v -3.063734 6.000000 -10.654870
v -3.099253 6.000000 -10.817581
v -3.142472 6.000000 -10.978418
v -3.556817 6.000000 -11.884096
v -3.650252 6.000000 -12.021960
v -3.750140 6.000000 -12.155222
v -8.104635 6.000000 -13.100471
v -8.250785 6.000000 -13.020617
v -8.392971 6.000000 -12.933901
v -9.995907 6.000000 -9.820769
v -9.349748 6.000000 -7.958003
v -9.249860 6.000000 -7.824741
v -3.555345 6.000000 -8.098155
v -3.468684 6.000000 -8.240374
v -3.003962 6.000000 -9.823486
v -3.000000 6.000000 -9.989981
v -3.016100 6.000000 -10.325303
v -3.035995 6.000000 -10.490653
v -3.390134 6.000000 -11.595825
v -3.470045 6.000000 -11.741944
v -3.968353 6.000000 -12.406749
v -7.645751 6.000000 -13.297134
v -7.801775 6.000000 -13.238886
v -7.954852 6.000000 -13.173282
v -8.792573 6.000000 -12.634619
v -9.145528 6.000000 -12.281527
v -9.251543 6.000000 -12.153084
v -9.996038 6.000000 -10.156477
v -9.031647 6.000000 -7.573214
v -8.913814 6.000000 -7.455519
v -8.790517 6.000000 -7.343563
v -8.662033 6.000000 -7.237598
v -3.648673 6.000000 -7.960219
v -3.388887 6.000000 -8.386555
v -3.192403 6.000000 -8.845516
v -3.063218 6.000000 -9.327764
v -3.035607 6.000000 -9.492002
v -3.015840 6.000000 -9.657367
v -3.317265 6.000000 -11.446071
v -4.086186 6.000000 -12.524444
v -4.209483 6.000000 -12.636400
v -4.337967 6.000000 -12.742364
v -4.609318 6.000000 -12.935371
v -4.751571 6.000000 -13.021977
v -4.897783 6.000000 -13.101717
v -7.487132 6.000000 -13.347893
v -8.530871 6.000000 -12.840519
v -8.664172 6.000000 -12.740683
v -8.915784 6.000000 -12.522567
v -9.033524 6.000000 -12.404781
v -9.351327 6.000000 -12.019744
v -9.444655 6.000000 -11.881808
v -9.531316 6.000000 -11.739589
v -9.611113 6.000000 -11.593408
v -9.807597 6.000000 -11.134447
v -9.984160 6.000000 -10.322595
v -9.983900 6.000000 -9.654659
v -9.964005 6.000000 -9.489309
v -9.936266 6.000000 -9.325093
v -8.390682 6.000000 -7.044592
v -8.248429 6.000000 -6.957986
v -8.102217 6.000000 -6.878246
v -7.643180 6.000000 -6.681940
v -3.854472 6.000000 -7.698436
v -3.748458 6.000000 -7.826879
v -3.316134 6.000000 -8.536366
v -3.250590 6.000000 -8.689469
v -3.141705 6.000000 -9.004155
v -3.098611 6.000000 -9.165025
v -4.471346 6.000000 -12.842097
v -6.334863 6.000000 -13.486083
v -6.501360 6.000000 -13.489981
v -6.667854 6.000000 -13.485954
v -9.683866 6.000000 -11.443596
v -9.749410 6.000000 -11.290494
v -9.936782 6.000000 -10.652199
v -9.964393 6.000000 -10.487961
v -9.900747 6.000000 -9.162382
v -9.857528 6.000000 -9.001545
v -9.806707 6.000000 -8.842946
v -9.748399 6.000000 -8.686944
v -9.443183 6.000000 -8.095866
v -8.528654 6.000000 -7.137866
v -7.952378 6.000000 -6.805551
v -7.799250 6.000000 -6.740066
v -4.207427 6.000000 -7.345344
v -4.084216 6.000000 -7.457396
v -3.966476 6.000000 -7.575182
v -5.047622 6.000000 -13.174412
v -5.200750 6.000000 -13.239897
v -5.839118 6.000000 -13.427020
v -6.003367 6.000000 -13.454567
v -6.168740 6.000000 -13.474270
v -6.833968 6.000000 -13.474011
v -6.999326 6.000000 -13.454180
v -7.163553 6.000000 -13.426505
v -9.858295 6.000000 -10.975808
v -9.901389 6.000000 -10.814937
v -9.682735 6.000000 -8.533892
v -9.609866 6.000000 -8.384137
v -9.529955 6.000000 -8.238018
v -7.484521 6.000000 -6.631303
v -4.335828 6.000000 -7.239280
v -5.356820 6.000000 -13.298023
v -5.515479 6.000000 -13.348659
v -5.676366 6.000000 -13.391691
v -7.326278 6.000000 -13.391050
v -7.160882 6.000000 -6.552943
v -6.996633 6.000000 -6.525395
v -6.665137 6.000000 -6.493879
v -6.498640 6.000000 -6.489982
v -6.332146 6.000000 -6.494009
v -5.836447 6.000000 -6.553457
v -5.354249 6.000000 -6.682829
v -5.198225 6.000000 -6.741077
v -4.895365 6.000000 -6.879492
v -4.749215 6.000000 -6.959346
v -4.607029 6.000000 -7.046062
v -4.469129 6.000000 -7.139444
v -7.323634 6.000000 -6.588272
v -6.831260 6.000000 -6.505693
v -6.166032 6.000000 -6.505951
v -6.000674 6.000000 -6.525783
v -5.673722 6.000000 -6.588913
v -5.512868 6.000000 -6.632070
v -5.045148 6.000000 -6.806680
usemtl drzac_konektora_poklopacMaterial0
f 1 2 3
f 4 1 5
f 6 4 7
f 8 6 9
f 10 8 11
f 12 10 13
f 14 12 15
f 16 14 17
f 18 16 19
f 20 18 21
f 22 20 23
f 24 22 25
f 26 24 27
f 28 26 29
f 30 28 31
f 32 30 33
f 34 32 35
f 36 34 37
f 38 36 39
f 40 38 41
f 42 40 43
f 44 42 45
f 46 44 47
f 48 49 50
f 51 50 49
f 49 46 51
f 52 48 53
f 54 52 55
f 56 54 57
f 58 56 59
f 60 58 61
f 62 60 63
f 64 62 65
f 66 64 67
f 68 66 69
f 70 68 71
f 72 70 73
f 74 72 75
f 76 74 77
f 78 76 79
f 80 78 81
f 82 80 83
f 84 82 85
f 86 84 87
f 88 86 89
f 90 88 91
f 92 90 93
f 94 92 95
f 96 94 97
f 98 96 99
f 100 98 101
f 102 100 103
f 104 102 105
f 106 104 107
f 108 106 109
f 110 108 111
f 112 110 113
f 114 112 115
f 116 114 117
f 118 116 119
f 120 118 121
f 122 120 123
f 124 122 125
f 126 124 127
f 128 126 129
f 130 128 131
f 132 130 133
f 134 132 135
f 136 134 137
f 138 136 139
f 140 138 141
f 142 140 143
f 144 142 145
f 146 144 147
f 148 146 149
f 150 148 151
f 152 150 153
f 154 152 155
f 156 154 157
f 158 156 159
f 160 158 161
f 162 160 163
f 164 162 165
f 166 164 167
f 168 166 169
f 170 168 171
f 172 170 173
f 174 172 175
f 176 174 177
f 178 176 179
f 180 178 181
f 182 180 183
f 184 182 185
f 186 184 187
f 2 186 188
f 188 3 2
f 187 188 186
f 185 187 184
f 183 185 182
f 181 183 180
f 179 181 178
f 177 179 176
f 175 177 174
f 173 175 172
f 171 173 170
f 169 171 168
f 167 169 166
f 165 167 164
f 163 165 162
f 161 163 160
f 159 161 158
f 157 159 156
f 155 157 154
f 153 155 152
f 151 153 150
f 149 151 148
f 147 149 146
f 145 147 144
f 143 145 142
f 141 143 140
f 139 141 138
f 137 139 136
f 135 137 134
f 133 135 132
f 131 133 130
f 129 131 128
f 127 129 126
f 125 127 124
f 123 125 122
f 121 123 120
f 119 121 118
f 117 119 116
f 115 117 114
f 113 115 112
f 111 113 110
f 109 111 108
f 107 109 106
f 105 107 104
f 103 105 102
f 101 103 100
f 99 101 98
f 97 99 96
f 95 97 94
f 93 95 92
f 91 93 90
f 89 91 88
f 87 89 86
f 85 87 84
f 83 85 82
f 81 83 80
f 79 81 78
f 77 79 76
f 75 77 74
f 73 75 72
f 71 73 70
f 69 71 68
f 67 69 66
f 65 67 64
f 63 65 62
f 61 63 60
f 59 61 58
f 57 59 56
f 55 57 54
f 53 55 52
f 50 53 48
f 47 51 46
f 45 47 44
f 43 45 42
f 41 43 40
f 39 41 38
f 37 39 36
f 35 37 34
f 33 35 32
f 31 33 30
f 29 31 28
f 27 29 26
f 25 27 24
f 23 25 22
f 21 23 20
f 19 21 18
f 17 19 16
f 15 17 14
f 13 15 12
f 11 13 10
f 9 11 8
f 7 9 6
f 5 7 4
f 3 5 1
f 108 189 190
f 191 76 78
f 192 46 49
f 193 44 46
f 108 194 195
f 108 196 197
f 108 198 189
f 78 199 191
f 200 201 74
f 46 192 193
f 49 48 192
f 108 202 203
f 108 204 205
f 197 194 108
f 190 206 108
f 74 76 200
f 201 207 72
f 192 70 72
f 192 66 68
f 193 38 40
f 208 180 182
f 205 202 108
f 206 196 108
f 209 210 94
f 210 211 92
f 211 212 90
f 213 88 90
f 214 86 88
f 215 216 84
f 217 80 82
f 199 78 80
f 72 74 201
f 68 70 192
f 48 52 192
f 40 42 193
f 42 44 193
f 208 152 154
f 208 178 180
f 208 170 172
f 203 218 108
f 108 219 198
f 220 104 106
f 221 222 102
f 222 223 100
f 224 98 100
f 225 96 98
f 96 225 209
f 90 92 211
f 88 213 214
f 86 214 215
f 216 226 82
f 80 217 199
f 72 207 192
f 192 62 64
f 192 54 56
f 52 54 192
f 193 34 36
f 193 30 32
f 227 124 126
f 154 156 208
f 208 176 178
f 172 174 208
f 685 228 229
f 685 230 231
f 232 233 234
f 235 236 237
f 195 204 108
f 238 106 108
f 106 238 220
f 100 102 222
f 98 224 225
f 92 94 210
f 84 86 215
f 82 226 217
f 64 66 192
f 192 58 60
f 32 34 193
f 193 26 28
f 227 134 136
f 227 128 130
f 227 122 124
f 126 128 227
f 156 158 208
f 174 176 208
f 208 166 168
f 239 186 2
f 239 182 184
f 685 240 241
f 231 228 685
f 232 242 243
f 234 244 232
f 244 242 232
f 232 245 246
f 237 232 235
f 108 247 238
f 102 104 221
f 94 96 209
f 82 84 216
f 60 62 192
f 36 38 193
f 193 24 26
f 193 20 22
f 248 249 227
f 227 132 134
f 130 132 227
f 208 162 164
f 158 160 208
f 208 148 150
f 250 146 148
f 168 170 208
f 184 186 239
f 2 251 252
f 685 253 254
f 685 255 256
f 685 257 258
f 685 259 260
f 229 240 685
f 685 261 262
f 232 263 264
f 232 265 266
f 237 245 232
f 235 267 268
f 220 221 104
f 90 212 213
f 56 58 192
f 22 24 193
f 6 193 269
f 227 144 146
f 227 138 140
f 160 162 208
f 148 208 250
f 150 152 208
f 2 270 239
f 2 271 272
f 2 273 251
f 254 274 685
f 685 275 276
f 258 255 685
f 685 277 259
f 262 230 685
f 685 243 278
f 264 233 232
f 266 279 232
f 279 263 232
f 232 280 281
f 232 282 283
f 268 236 235
f 235 284 285
f 2 286 287
f 2 288 289
f 2 290 291
f 100 223 224
f 28 30 193
f 193 16 18
f 193 12 14
f 193 8 10
f 269 1 4
f 227 142 144
f 136 138 227
f 164 166 208
f 272 270 2
f 2 292 273
f 276 253 685
f 256 293 685
f 241 277 685
f 243 685 232
f 281 265 232
f 246 282 232
f 235 294 295
f 285 296 235
f 287 297 2
f 291 288 2
f 289 286 2
f 2 269 298
f 191 200 76
f 14 16 193
f 193 6 8
f 269 2 1
f 219 114 116
f 227 299 300
f 140 142 227
f 252 271 2
f 293 275 685
f 278 261 685
f 283 280 232
f 296 294 235
f 297 301 2
f 298 290 2
f 18 20 193
f 269 4 6
f 219 120 122
f 219 112 114
f 219 108 110
f 300 302 227
f 227 303 304
f 227 146 248
f 182 239 208
f 260 257 685
f 295 267 235
f 10 12 193
f 219 118 120
f 110 112 219
f 304 299 227
f 250 248 146
f 235 227 305
f 218 247 108
f 301 292 2
f 116 118 219
f 249 303 227
f 305 284 235
f 122 227 219
f 274 306 685
f 302 305 227
f 307 308 309
f 309 310 307
f 308 311 312
f 308 313 309
f 308 314 311
f 193 315 316
f 193 317 318
f 312 313 308
f 308 685 306
f 318 315 193
f 193 192 319
f 307 320 193
f 306 314 308
f 319 317 193
f 310 320 307
f 316 321 193
f 321 322 193
f 323 324 325
f 308 326 327
f 308 328 329
f 328 330 331
f 323 332 324
f 329 326 308
f 331 333 328
f 333 329 328
f 334 323 335
f 323 334 332
f 308 336 337
f 328 338 339
f 325 340 323
f 338 341 334
f 327 336 308
f 339 330 328
f 334 342 338
f 338 342 339
f 337 685 308
f 343 344 345
f 343 346 344
f 347 343 348
f 343 349 346
f 348 350 347
f 343 351 349
f 345 348 343
f 343 352 353
f 354 347 355
f 353 351 343
f 343 356 357
f 358 359 360
f 361 362 363
f 362 364 365
f 364 366 367
f 368 369 370
f 369 368 354
f 343 371 352
f 343 372 356
f 373 374 375
f 374 373 358
f 376 377 361
f 367 365 364
f 378 370 367
f 355 369 354
f 347 379 380
f 347 381 382
f 357 371 343
f 343 383 384
f 385 386 387
f 386 388 389
f 390 391 392
f 393 394 391
f 395 396 394
f 397 375 398
f 360 374 358
f 365 363 362
f 370 378 368
f 382 379 347
f 384 372 343
f 385 399 400
f 386 401 387
f 386 402 388
f 386 403 392
f 391 390 393
f 394 393 395
f 404 405 398
f 375 397 373
f 406 407 408
f 377 376 407
f 367 366 378
f 350 381 347
f 387 399 385
f 392 402 386
f 395 409 396
f 409 410 411
f 410 412 413
f 414 415 413
f 416 417 415
f 418 419 420
f 398 405 397
f 359 421 422
f 407 406 377
f 380 355 347
f 386 423 401
f 392 403 390
f 413 411 410
f 415 414 416
f 424 425 417
f 426 427 428
f 427 429 430
f 431 432 430
f 433 420 432
f 420 433 418
f 434 435 436
f 435 404 437
f 422 360 359
f 421 438 408
f 363 376 361
f 389 423 386
f 413 412 414
f 417 416 424
f 430 428 427
f 432 431 433
f 436 419 434
f 398 437 404
f 408 438 406
f 411 396 409
f 428 425 426
f 418 434 419
f 408 422 421
f 342 439 440
f 424 426 425
f 437 436 435
f 343 441 442
f 443 444 445
f 443 446 447
f 440 448 342
f 440 449 448
f 442 450 451
f 430 429 431
f 343 452 441
f 442 383 343
f 447 444 443
f 443 453 454
f 443 455 456
f 342 457 439
f 442 458 450
f 451 383 442
f 400 459 385
f 443 460 461
f 443 462 446
f 443 463 464
f 443 465 466
f 456 453 443
f 443 467 468
f 443 469 470
f 443 471 472
f 443 473 474
f 442 475 476
f 445 460 443
f 443 477 478
f 443 479 480
f 466 463 443
f 468 455 443
f 472 469 443
f 443 481 482
f 443 483 484
f 443 485 486
f 474 487 443
f 448 488 489
f 448 490 491
f 449 492 448
f 493 494 495
f 496 497 498
f 496 499 500
f 496 459 501
f 442 502 503
f 476 458 442
f 478 462 443
f 464 479 443
f 470 467 443
f 484 481 443
f 385 504 505
f 443 506 485
f 473 507 474
f 473 508 509
f 510 511 473
f 448 512 488
f 491 513 448
f 342 514 457
f 342 515 516
f 517 518 519
f 520 521 493
f 494 522 523
f 500 497 496
f 501 524 496
f 524 525 496
f 442 526 527
f 503 475 442
f 480 477 443
f 482 471 443
f 505 528 385
f 505 529 528
f 385 530 531
f 385 532 533
f 534 522 535
f 443 536 537
f 487 506 443
f 509 538 473
f 473 448 510
f 448 539 540
f 448 541 542
f 513 512 448
f 448 543 544
f 448 545 546
f 516 514 342
f 342 547 548
f 342 549 550
f 551 552 553
f 554 555 556
f 555 554 517
f 521 520 557
f 523 495 494
f 498 558 496
f 496 559 560
f 496 561 562
f 525 561 496
f 442 563 564
f 442 565 566
f 527 502 442
f 454 465 443
f 528 567 483
f 528 529 568
f 531 504 385
f 385 569 570
f 533 571 385
f 385 572 573
f 385 574 575
f 443 576 534
f 443 577 536
f 538 507 473
f 473 578 579
f 511 580 473
f 448 581 539
f 542 582 448
f 544 490 448
f 448 583 584
f 492 545 448
f 550 547 342
f 342 585 586
f 553 342 551
f 587 588 589
f 519 555 517
f 518 590 591
f 592 557 593
f 495 520 493
f 496 594 595
f 560 499 496
f 564 596 442
f 596 565 442
f 566 526 442
f 483 443 528
f 461 597 443
f 571 569 385
f 385 598 599
f 575 572 385
f 573 600 385
f 443 601 576
f 486 577 443
f 580 578 473
f 582 581 448
f 584 543 448
f 548 515 342
f 342 553 585
f 589 552 587
f 602 603 604
f 605 606 607
f 608 609 610
f 609 611 612
f 613 614 615
f 616 617 618
f 617 619 620
f 621 556 620
f 591 519 518
f 590 622 593
f 557 592 521
f 522 623 624
f 685 452 343
f 625 442 496
f 496 626 627
f 595 628 496
f 628 626 496
f 562 559 496
f 442 629 630
f 568 567 528
f 599 532 385
f 600 631 385
f 537 601 443
f 540 510 448
f 546 583 448
f 551 587 552
f 588 632 633
f 634 635 633
f 636 637 635
f 637 636 602
f 603 638 639
f 640 641 639
f 607 642 605
f 643 644 645
f 646 608 647
f 612 610 609
f 648 615 612
f 615 648 613
f 620 618 617
f 556 621 554
f 593 622 592
f 522 649 650
f 624 651 522
f 685 652 452
f 627 653 496
f 496 653 625
f 558 594 496
f 442 625 654
f 630 563 442
f 443 597 655
f 570 530 385
f 385 656 657
f 385 658 659
f 385 660 661
f 631 660 385
f 579 508 473
f 586 549 342
f 633 632 634
f 604 637 602
f 639 638 640
f 642 607 641
f 645 606 643
f 644 662 663
f 664 665 666
f 665 664 646
f 612 611 648
f 618 614 616
f 593 591 590
f 651 649 522
f 522 667 668
f 685 669 652
f 685 670 671
f 459 672 574
f 654 629 442
f 659 656 385
f 385 673 674
f 489 541 448
f 635 634 636
f 641 640 642
f 663 645 644
f 675 666 663
f 647 665 646
f 613 616 614
f 650 523 522
f 522 676 667
f 522 534 677
f 671 669 685
f 685 678 679
f 685 680 681
f 685 337 682
f 459 496 672
f 574 385 459
f 657 598 385
f 661 673 385
f 633 589 588
f 605 643 606
f 666 675 664
f 620 619 621
f 522 683 684
f 677 676 522
f 679 670 685
f 682 680 685
f 681 678 685
f 674 658 385
f 639 604 603
f 610 647 608
f 668 683 522
f 655 473 443
f 535 443 534
f 684 623 522
f 663 662 675
f 448 339 342
f 343 232 685
f 335 342 334
f 193 322 307
f 686 535 522
f 522 687 686
f 334 688 689
f 332 689 690
f 324 690 691
f 325 691 692
f 340 692 693
f 323 693 694
f 335 694 695
f 342 695 696
f 551 696 697
f 587 697 698
f 588 698 699
f 632 699 700
f 634 700 701
f 636 701 702
f 602 702 703
f 603 703 704
f 638 704 705
f 640 705 706
f 642 706 707
f 605 707 708
f 643 708 709
f 644 709 710
f 662 710 711
f 675 711 712
f 664 712 713
f 646 713 714
f 608 714 715
f 609 715 716
f 611 716 717
f 648 717 718
f 613 718 719
f 616 719 720
f 617 720 721
f 619 721 722
f 621 722 723
f 554 723 724
f 517 724 725
f 518 725 726
f 590 726 727
f 622 727 728
f 592 728 729
f 521 729 730
f 493 730 731
f 494 731 687
f 687 522 494
f 731 494 493
f 730 493 521
f 729 521 592
f 728 592 622
f 727 622 590
f 726 590 518
f 725 518 517
f 724 517 554
f 723 554 621
f 722 621 619
f 721 619 617
f 720 617 616
f 719 616 613
f 718 613 648
f 717 648 611
f 716 611 609
f 715 609 608
f 714 608 646
f 713 646 664
f 712 664 675
f 711 675 662
f 710 662 644
f 709 644 643
f 708 643 605
f 707 605 642
f 706 642 640
f 705 640 638
f 704 638 603
f 703 603 602
f 702 602 636
f 701 636 634
f 700 634 632
f 699 632 588
f 698 588 587
f 697 587 551
f 696 551 342
f 695 342 335
f 694 335 323
f 693 323 340
f 692 340 325
f 691 325 324
f 690 324 332
f 689 332 334
f 688 334 341
f 341 732 688
f 732 341 338
f 338 733 732
f 733 338 328
f 328 734 733
f 735 307 322
f 322 736 735
f 219 737 738
f 198 738 739
f 189 739 740
f 190 740 741
f 206 741 742
f 196 742 743
f 197 743 744
f 194 744 745
f 195 745 746
f 204 746 747
f 205 747 748
f 202 748 749
f 203 749 750
f 218 750 751
f 247 751 752
f 238 752 753
f 220 753 754
f 221 754 755
f 222 755 756
f 223 756 757
f 224 757 758
f 225 758 759
f 209 759 760
f 210 760 761
f 211 761 762
f 212 762 763
f 213 763 764
f 214 764 765
f 215 765 766
f 216 766 767
f 226 767 768
f 217 768 769
f 199 769 770
f 191 770 771
f 200 771 772
f 201 772 773
f 207 773 774
f 192 774 775
f 319 775 776
f 317 776 777
f 318 777 778
f 315 778 779
f 316 779 780
f 321 780 736
f 736 322 321
f 780 321 316
f 779 316 315
f 778 315 318
f 777 318 317
f 776 317 319
f 775 319 192
f 774 192 207
f 773 207 201
f 772 201 200
f 771 200 191
f 770 191 199
f 769 199 217
f 768 217 226
f 767 226 216
f 766 216 215
f 765 215 214
f 764 214 213
f 763 213 212
f 762 212 211
f 761 211 210
f 760 210 209
f 759 209 225
f 758 225 224
f 757 224 223
f 756 223 222
f 755 222 221
f 754 221 220
f 753 220 238
f 752 238 247
f 751 247 218
f 750 218 203
f 749 203 202
f 748 202 205
f 747 205 204
f 746 204 195
f 745 195 194
f 744 194 197
f 743 197 196
f 742 196 206
f 741 206 190
f 740 190 189
f 739 189 198
f 738 198 219
f 737 219 227
f 227 781 737
f 781 227 235
f 235 782 781
f 782 235 232
f 232 783 782
f 232 343 783
f 343 347 784
f 784 783 343
f 386 785 786
f 403 786 787
f 390 787 788
f 393 788 789
f 395 789 790
f 409 790 791
f 410 791 792
f 412 792 793
f 414 793 794
f 416 794 795
f 424 795 796
f 426 796 797
f 427 797 798
f 429 798 799
f 431 799 800
f 433 800 801
f 418 801 802
f 434 802 803
f 435 803 804
f 404 804 805
f 405 805 806
f 397 806 807
f 373 807 808
f 358 808 809
f 359 809 810
f 421 810 811
f 438 811 812
f 406 812 813
f 377 813 814
f 361 814 815
f 362 815 816
f 364 816 817
f 366 817 818
f 378 818 819
f 368 819 820
f 354 820 784
f 784 347 354
f 820 354 368
f 819 368 378
f 818 378 366
f 817 366 364
f 816 364 362
f 815 362 361
f 814 361 377
f 813 377 406
f 812 406 438
f 811 438 421
f 810 421 359
f 809 359 358
f 808 358 373
f 807 373 397
f 806 397 405
f 805 405 404
f 804 404 435
f 803 435 434
f 802 434 418
f 801 418 433
f 800 433 431
f 799 431 429
f 798 429 427
f 797 427 426
f 796 426 424
f 795 424 416
f 794 416 414
f 793 414 412
f 792 412 410
f 791 410 409
f 790 409 395
f 789 395 393
f 788 393 390
f 787 390 403
f 786 403 386
f 785 386 385
f 385 821 785
f 821 385 528
f 528 822 821
f 822 528 443
f 443 823 822
f 823 443 535
f 535 686 823
f 501 459 824
f 524 501 825
f 525 524 826
f 561 525 827
f 562 561 828
f 559 562 829
f 560 559 830
f 499 560 831
f 500 499 832
f 497 500 833
f 498 497 834
f 558 498 835
f 594 558 836
f 595 594 837
f 628 595 838
f 626 628 839
f 627 626 840
f 653 627 841
f 625 653 842
f 654 625 843
f 629 654 844
f 630 629 845
f 563 630 846
f 847 596 564
f 563 848 849
f 849 564 563
f 565 596 847
f 566 565 850
f 526 566 851
f 527 526 852
f 502 527 853
f 503 502 854
f 475 503 855
f 476 475 856
f 458 476 857
f 450 458 858
f 451 450 859
f 383 451 860
f 384 383 861
f 372 384 862
f 356 372 863
f 357 356 864
f 371 357 865
f 352 371 866
f 353 352 867
f 351 353 868
f 349 351 869
f 346 349 870
f 344 346 871
f 345 344 872
f 348 345 873
f 350 348 874
f 381 350 875
f 382 381 876
f 379 382 877
f 380 379 878
f 355 380 879
f 369 355 880
f 370 369 881
f 367 370 882
f 365 367 883
f 363 365 884
f 376 363 885
f 407 376 886
f 408 407 887
f 422 408 888
f 360 422 889
f 374 360 890
f 375 374 891
f 398 375 892
f 437 398 893
f 436 437 894
f 419 436 895
f 420 419 896
f 432 420 897
f 430 432 898
f 428 430 899
f 425 428 900
f 417 425 901
f 415 417 902
f 413 415 903
f 411 413 904
f 396 411 905
f 394 396 906
f 391 394 907
f 392 391 908
f 402 392 909
f 388 402 910
f 389 388 911
f 423 389 912
f 401 423 913
f 387 401 914
f 399 387 915
f 400 399 916
f 459 400 917
f 917 824 459
f 916 917 400
f 915 916 399
f 914 915 387
f 913 914 401
f 912 913 423
f 911 912 389
f 910 911 388
f 909 910 402
f 908 909 392
f 907 908 391
f 906 907 394
f 905 906 396
f 904 905 411
f 903 904 413
f 902 903 415
f 901 902 417
f 900 901 425
f 899 900 428
f 898 899 430
f 897 898 432
f 896 897 420
f 895 896 419
f 894 895 436
f 893 894 437
f 892 893 398
f 891 892 375
f 890 891 374
f 889 890 360
f 888 889 422
f 887 888 408
f 886 887 407
f 885 886 376
f 884 885 363
f 883 884 365
f 882 883 367
f 881 882 370
f 880 881 369
f 879 880 355
f 878 879 380
f 877 878 379
f 876 877 382
f 875 876 381
f 874 875 350
f 873 874 348
f 872 873 345
f 871 872 344
f 870 871 346
f 869 870 349
f 868 869 351
f 867 868 353
f 866 867 352
f 865 866 371
f 864 865 357
f 863 864 356
f 862 863 372
f 861 862 384
f 860 861 383
f 859 860 451
f 858 859 450
f 857 858 458
f 856 857 476
f 855 856 475
f 854 855 503
f 853 854 502
f 852 853 527
f 851 852 526
f 850 851 566
f 847 850 565
f 564 849 847
f 846 848 563
f 845 846 630
f 844 845 629
f 843 844 654
f 842 843 625
f 841 842 653
f 840 841 627
f 839 840 626
f 838 839 628
f 837 838 595
f 836 837 594
f 835 836 558
f 834 835 498
f 833 834 497
f 832 833 500
f 831 832 499
f 830 831 560
f 829 830 559
f 828 829 562
f 827 828 561
f 826 827 525
f 825 826 524
f 824 825 501
f 645 663 918
f 606 645 919
f 607 606 920
f 641 607 921
f 639 641 922
f 604 639 923
f 637 604 924
f 635 637 925
f 633 635 926
f 589 633 927
f 552 589 928
f 553 552 929
f 585 553 930
f 586 585 931
f 549 586 932
f 550 549 933
f 547 550 934
f 548 547 935
f 515 548 936
f 516 515 937
f 514 516 938
f 457 514 939
f 439 457 940
f 449 440 941
f 942 941 440
f 440 439 942
f 492 449 943
f 545 492 944
f 546 545 945
f 583 546 946
f 584 583 947
f 543 584 948
f 544 543 949
f 490 544 950
f 491 490 951
f 513 491 952
f 512 513 953
f 488 512 954
f 489 488 955
f 541 489 956
f 542 541 957
f 582 542 958
f 581 582 959
f 539 581 960
f 540 539 961
f 510 540 962
f 511 510 963
f 580 511 964
f 578 580 965
f 579 578 966
f 508 579 967
f 509 508 968
f 538 509 969
f 507 538 970
f 474 507 971
f 487 474 972
f 506 487 973
f 485 506 974
f 486 485 975
f 577 486 976
f 536 577 977
f 537 536 978
f 601 537 979
f 576 601 980
f 534 576 981
f 677 534 982
f 676 677 983
f 667 676 984
f 668 667 985
f 683 668 986
f 684 683 987
f 623 684 988
f 624 623 989
f 651 624 990
f 649 651 991
f 650 649 992
f 523 650 993
f 495 523 994
f 520 495 995
f 557 520 996
f 593 557 997
f 591 593 998
f 519 591 999
f 555 519 1000
f 556 555 1001
f 620 556 1002
f 618 620 1003
f 614 618 1004
f 615 614 1005
f 612 615 1006
f 610 612 1007
f 647 610 1008
f 665 647 1009
f 666 665 1010
f 663 666 1011
f 1011 918 663
f 1010 1011 666
f 1009 1010 665
f 1008 1009 647
f 1007 1008 610
f 1006 1007 612
f 1005 1006 615
f 1004 1005 614
f 1003 1004 618
f 1002 1003 620
f 1001 1002 556
f 1000 1001 555
f 999 1000 519
f 998 999 591
f 997 998 593
f 996 997 557
f 995 996 520
f 994 995 495
f 993 994 523
f 992 993 650
f 991 992 649
f 990 991 651
f 989 990 624
f 988 989 623
f 987 988 684
f 986 987 683
f 985 986 668
f 984 985 667
f 983 984 676
f 982 983 677
f 981 982 534
f 980 981 576
f 979 980 601
f 978 979 537
f 977 978 536
f 976 977 577
f 975 976 486
f 974 975 485
f 973 974 506
f 972 973 487
f 971 972 474
f 970 971 507
f 969 970 538
f 968 969 509
f 967 968 508
f 966 967 579
f 965 966 578
f 964 965 580
f 963 964 511
f 962 963 510
f 961 962 540
f 960 961 539
f 959 960 581
f 958 959 582
f 957 958 542
f 956 957 541
f 955 956 489
f 954 955 488
f 953 954 512
f 952 953 513
f 951 952 491
f 950 951 490
f 949 950 544
f 948 949 543
f 947 948 584
f 946 947 583
f 945 946 546
f 944 945 545
f 943 944 492
f 941 943 449
f 940 942 439
f 939 940 457
f 938 939 514
f 937 938 516
f 936 937 515
f 935 936 548
f 934 935 547
f 933 934 550
f 932 933 549
f 931 932 586
f 930 931 585
f 929 930 553
f 928 929 552
f 927 928 589
f 926 927 633
f 925 926 635
f 924 925 637
f 923 924 604
f 922 923 639
f 921 922 641
f 920 921 607
f 919 920 606
f 918 919 645
f 229 228 1012
f 240 229 1013
f 241 240 1014
f 277 241 1015
f 259 277 1016
f 260 259 1017
f 257 260 1018
f 258 257 1019
f 255 258 1020
f 256 255 1021
f 293 256 1022
f 275 293 1023
f 276 275 1024
f 253 276 1025
f 254 253 1026
f 274 254 1027
f 306 274 1028
f 314 306 1029
f 311 314 1030
f 312 311 1031
f 313 312 1032
f 309 313 1033
f 310 309 1034
f 320 310 1035
f 193 320 1036
f 269 193 1037
f 298 269 1038
f 290 298 1039
f 291 290 1040
f 288 291 1041
f 289 288 1042
f 286 289 1043
f 287 286 1044
f 297 287 1045
f 301 297 1046
f 292 301 1047
f 273 292 1048
f 251 273 1049
f 252 251 1050
f 271 252 1051
f 272 271 1052
f 270 272 1053
f 239 270 1054
f 208 239 1055
f 250 208 1056
f 248 250 1057
f 249 248 1058
f 303 249 1059
f 304 303 1060
f 299 304 1061
f 300 299 1062
f 302 300 1063
f 305 302 1064
f 284 305 1065
f 285 284 1066
f 296 285 1067
f 294 296 1068
f 295 294 1069
f 267 295 1070
f 268 267 1071
f 236 268 1072
f 237 236 1073
f 245 237 1074
f 246 245 1075
f 282 246 1076
f 283 282 1077
f 280 283 1078
f 281 280 1079
f 265 281 1080
f 266 265 1081
f 279 266 1082
f 263 279 1083
f 264 263 1084
f 233 264 1085
f 234 233 1086
f 244 234 1087
f 242 244 1088
f 243 242 1089
f 278 243 1090
f 261 278 1091
f 262 261 1092
f 230 262 1093
f 231 230 1094
f 228 231 1095
f 1095 1012 228
f 1094 1095 231
f 1093 1094 230
f 1092 1093 262
f 1091 1092 261
f 1090 1091 278
f 1089 1090 243
f 1088 1089 242
f 1087 1088 244
f 1086 1087 234
f 1085 1086 233
f 1084 1085 264
f 1083 1084 263
f 1082 1083 279
f 1081 1082 266
f 1080 1081 265
f 1079 1080 281
f 1078 1079 280
f 1077 1078 283
f 1076 1077 282
f 1075 1076 246
f 1074 1075 245
f 1073 1074 237
f 1072 1073 236
f 1071 1072 268
f 1070 1071 267
f 1069 1070 295
f 1068 1069 294
f 1067 1068 296
f 1066 1067 285
f 1065 1066 284
f 1064 1065 305
f 1063 1064 302
f 1062 1063 300
f 1061 1062 299
f 1060 1061 304
f 1059 1060 303
f 1058 1059 249
f 1057 1058 248
f 1056 1057 250
f 1055 1056 208
f 1054 1055 239
f 1053 1054 270
f 1052 1053 272
f 1051 1052 271
f 1050 1051 252
f 1049 1050 251
f 1048 1049 273
f 1047 1048 292
f 1046 1047 301
f 1045 1046 297
f 1044 1045 287
f 1043 1044 286
f 1042 1043 289
f 1041 1042 288
f 1040 1041 291
f 1039 1040 290
f 1038 1039 298
f 1037 1038 269
f 1036 1037 193
f 1035 1036 320
f 1034 1035 310
f 1033 1034 309
f 1032 1033 313
f 1031 1032 312
f 1030 1031 311
f 1029 1030 314
f 1028 1029 306
f 1027 1028 274
f 1026 1027 254
f 1025 1026 253
f 1024 1025 276
f 1023 1024 275
f 1022 1023 293
f 1021 1022 256
f 1020 1021 255
f 1019 1020 258
f 1018 1019 257
f 1017 1018 260
f 1016 1017 259
f 1015 1016 277
f 1014 1015 241
f 1013 1014 240
f 1012 1013 229
f 573 572 1096
f 600 573 1097
f 631 600 1098
f 660 631 1099
f 661 660 1100
f 673 661 1101
f 674 673 1102
f 658 674 1103
f 659 658 1104
f 656 659 1105
f 657 656 1106
f 598 657 1107
f 599 598 1108
f 532 599 1109
f 533 532 1110
f 571 533 1111
f 569 571 1112
f 570 569 1113
f 530 570 1114
f 531 530 1115
f 504 531 1116
f 505 504 1117
f 529 505 1118
f 568 529 1119
f 567 568 1120
f 483 567 1121
f 484 483 1122
f 481 484 1123
f 482 481 1124
f 471 482 1125
f 472 471 1126
f 469 472 1127
f 470 469 1128
f 467 470 1129
f 468 467 1130
f 455 468 1131
f 456 455 1132
f 453 456 1133
f 454 453 1134
f 465 454 1135
f 466 465 1136
f 463 466 1137
f 464 463 1138
f 479 464 1139
f 480 479 1140
f 477 480 1141
f 478 477 1142
f 462 478 1143
f 446 462 1144
f 447 446 1145
f 444 447 1146
f 445 444 1147
f 460 445 1148
f 461 460 1149
f 597 461 1150
f 655 597 1151
f 473 655 1152
f 448 473 1153
f 339 448 1154
f 330 339 1155
f 331 330 1156
f 333 331 1157
f 329 333 1158
f 326 329 1159
f 327 326 1160
f 336 327 1161
f 337 336 1162
f 682 337 1163
f 680 682 1164
f 681 680 1165
f 678 681 1166
f 679 678 1167
f 670 679 1168
f 671 670 1169
f 669 671 1170
f 652 669 1171
f 452 652 1172
f 441 452 1173
f 442 441 1174
f 496 442 1175
f 672 496 1176
f 574 672 1177
f 575 574 1178
f 572 575 1179
f 1179 1096 572
f 1178 1179 575
f 1177 1178 574
f 1176 1177 672
f 1175 1176 496
f 1174 1175 442
f 1173 1174 441
f 1172 1173 452
f 1171 1172 652
f 1170 1171 669
f 1169 1170 671
f 1168 1169 670
f 1167 1168 679
f 1166 1167 678
f 1165 1166 681
f 1164 1165 680
f 1163 1164 682
f 1162 1163 337
f 1161 1162 336
f 1160 1161 327
f 1159 1160 326
f 1158 1159 329
f 1157 1158 333
f 1156 1157 331
f 1155 1156 330
f 1154 1155 339
f 1153 1154 448
f 1152 1153 473
f 1151 1152 655
f 1150 1151 597
f 1149 1150 461
f 1148 1149 460
f 1147 1148 445
f 1146 1147 444
f 1145 1146 447
f 1144 1145 446
f 1143 1144 462
f 1142 1143 478
f 1141 1142 477
f 1140 1141 480
f 1139 1140 479
f 1138 1139 464
f 1137 1138 463
f 1136 1137 466
f 1135 1136 465
f 1134 1135 454
f 1133 1134 453
f 1132 1133 456
f 1131 1132 455
f 1130 1131 468
f 1129 1130 467
f 1128 1129 470
f 1127 1128 469
f 1126 1127 472
f 1125 1126 471
f 1124 1125 482
f 1123 1124 481
f 1122 1123 484
f 1121 1122 483
f 1120 1121 567
f 1119 1120 568
f 1118 1119 529
f 1117 1118 505
f 1116 1117 504
f 1115 1116 531
f 1114 1115 530
f 1113 1114 570
f 1112 1113 569
f 1111 1112 571
f 1110 1111 533
f 1109 1110 532
f 1108 1109 599
f 1107 1108 598
f 1106 1107 657
f 1105 1106 656
f 1104 1105 659
f 1103 1104 658
f 1102 1103 674
f 1101 1102 673
f 1100 1101 661
f 1099 1100 660
f 1098 1099 631
f 1097 1098 600
f 1096 1097 573
f 1180 1064 1063
f 1181 1182 1063
f 1063 1182 1180
f 1183 1085 1084
f 1180 1184 1064
f 1185 1065 1064
f 1186 1187 1066
f 1188 1189 1075
f 1190 1191 1084
f 1084 1191 1183
f 1192 1036 1035
f 1064 1184 1185
f 1065 1185 1186
f 1193 1069 1068
f 1194 1195 1073
f 1074 1196 1188
f 1183 1197 1085
f 1198 1086 1085
f 1199 1200 1087
f 1201 1202 1026
f 1203 1204 1033
f 1205 1034 1033
f 1035 1206 1192
f 1207 1037 1036
f 1208 1209 1038
f 1210 1043 1042
f 1066 1065 1186
f 1211 1067 1066
f 1212 1213 1068
f 1068 1213 1193
f 1214 1215 1070
f 1216 1071 1070
f 1217 1072 1071
f 1072 1217 1194
f 1196 1074 1073
f 1075 1074 1188
f 1218 1076 1075
f 1085 1197 1198
f 1086 1198 1199
f 1219 1220 1089
f 1221 1090 1089
f 1222 1092 1091
f 1223 1224 1017
f 1225 1226 1024
f 1227 1025 1024
f 1025 1227 1201
f 1228 1027 1026
f 1229 1029 1028
f 1032 1230 1203
f 1033 1231 1205
f 1232 1206 1035
f 1036 1233 1207
f 1037 1207 1208
f 1042 1234 1210
f 1235 1044 1043
f 1236 1237 1052
f 1238 1239 1061
f 1240 1062 1061
f 1066 1187 1211
f 1067 1211 1212
f 1070 1069 1214
f 1070 1215 1216
f 1073 1072 1194
f 1189 1241 1075
f 1075 1241 1218
f 1242 1243 1077
f 1244 1078 1077
f 1245 1246 1080
f 1247 1083 1082
f 1087 1086 1199
f 1248 1088 1087
f 1088 1248 1219
f 1089 1220 1221
f 1249 1250 1091
f 1091 1250 1222
f 1251 1252 1012
f 1253 1013 1012
f 1016 1254 1223
f 1255 1018 1017
f 1256 1257 1019
f 1258 1020 1019
f 1259 1022 1021
f 1260 1023 1022
f 1023 1260 1225
f 1026 1025 1201
f 1026 1202 1228
f 1261 1262 1028
f 1028 1262 1229
f 1263 1264 1031
f 1230 1032 1031
f 1033 1032 1203
f 1035 1034 1232
f 1038 1037 1208
f 1265 1266 1040
f 1267 1041 1040
f 1268 1234 1042
f 1043 1269 1235
f 1270 1050 1049
f 1271 1051 1050
f 1051 1271 1236
f 1060 1272 1238
f 1061 1239 1240
f 1068 1067 1212
f 1216 1273 1071
f 1073 1195 1196
f 1077 1076 1242
f 1077 1243 1244
f 1274 1079 1078
f 1079 1274 1245
f 1275 1081 1080
f 1276 1277 1082
f 1082 1277 1247
f 1087 1200 1248
f 1221 1249 1090
f 1222 1278 1092
f 1279 1280 1094
f 1281 1095 1094
f 1095 1281 1251
f 1012 1252 1253
f 1282 1283 1014
f 1017 1224 1255
f 1018 1255 1256
f 1019 1257 1258
f 1284 1285 1021
f 1021 1285 1259
f 1024 1023 1225
f 1228 1261 1027
f 1229 1286 1029
f 1287 1030 1029
f 1030 1287 1263
f 1204 1231 1033
f 1192 1233 1036
f 1288 1039 1038
f 1039 1288 1265
f 1040 1266 1267
f 1210 1269 1043
f 1289 1290 1045
f 1291 1292 1047
f 1293 1048 1047
f 1049 1294 1270
f 1052 1051 1236
f 1295 1296 1054
f 1240 1181 1062
f 1193 1214 1069
f 1218 1242 1076
f 1078 1297 1274
f 1080 1246 1275
f 1081 1275 1276
f 1084 1083 1190
f 1091 1090 1249
f 1298 1093 1092
f 1093 1298 1279
f 1012 1095 1251
f 1014 1013 1282
f 1299 1015 1014
f 1019 1018 1256
f 1021 1020 1284
f 1022 1300 1260
f 1028 1027 1261
f 1031 1030 1263
f 1205 1232 1034
f 1040 1039 1265
f 1042 1041 1268
f 1044 1235 1289
f 1301 1046 1045
f 1046 1301 1291
f 1047 1292 1293
f 1302 1294 1049
f 1050 1303 1271
f 1304 1053 1052
f 1053 1304 1295
f 1305 1055 1054
f 1306 1057 1056
f 1063 1062 1181
f 1244 1297 1078
f 1082 1081 1276
f 1089 1088 1219
f 1094 1093 1279
f 1253 1282 1013
f 1014 1283 1299
f 1254 1016 1015
f 1258 1284 1020
f 1024 1226 1227
f 1031 1264 1230
f 1267 1268 1041
f 1045 1290 1301
f 1293 1302 1048
f 1270 1303 1050
f 1054 1053 1295
f 1054 1296 1305
f 1307 1308 1056
f 1056 1308 1306
f 1309 1058 1057
f 1310 1311 1059
f 1071 1273 1217
f 1247 1190 1083
f 1094 1280 1281
f 1015 1312 1254
f 1259 1300 1022
f 1038 1209 1288
f 1047 1046 1291
f 1052 1237 1304
f 1056 1055 1307
f 1057 1313 1309
f 1058 1309 1310
f 1272 1060 1059
f 1080 1079 1245
f 1299 1312 1015
f 1029 1286 1287
f 1049 1048 1302
f 1306 1313 1057
f 1059 1311 1272
f 1092 1278 1298
f 1045 1044 1289
f 1059 1058 1310
f 1017 1016 1223
f 1061 1060 1238
f 1305 1307 1055
f 1314 1189 1188
f 1315 1188 1196
f 1316 1196 1195
f 1317 1195 1194
f 1318 1194 1217
f 1319 1217 1273
f 1320 1273 1216
f 1321 1216 1215
f 1322 1215 1214
f 1323 1214 1193
f 1324 1193 1213
f 1325 1213 1212
f 1326 1212 1211
f 1327 1211 1187
f 1328 1187 1186
f 1329 1186 1185
f 1330 1185 1184
f 1331 1184 1180
f 1332 1180 1182
f 1333 1182 1181
f 1334 1181 1240
f 1335 1240 1239
f 1336 1239 1238
f 1337 1238 1272
f 1338 1272 1311
f 1339 1311 1310
f 1340 1310 1309
f 1341 1309 1313
f 1342 1313 1306
f 1343 1306 1308
f 1344 1308 1307
f 1345 1307 1305
f 1346 1305 1296
f 1347 1296 1295
f 1348 1295 1304
f 1349 1304 1237
f 1350 1237 1236
f 1351 1236 1271
f 1352 1271 1303
f 1353 1303 1270
f 1354 1270 1294
f 1355 1294 1302
f 1356 1302 1293
f 1357 1293 1292
f 1358 1292 1291
f 1359 1291 1301
f 1360 1301 1290
f 1361 1290 1289
f 1362 1289 1235
f 1363 1235 1269
f 1364 1269 1210
f 1365 1210 1234
f 1366 1234 1268
f 1367 1268 1267
f 1368 1267 1266
f 1369 1266 1265
f 1370 1265 1288
f 1371 1288 1209
f 1372 1209 1208
f 1373 1208 1207
f 1374 1207 1233
f 1375 1233 1192
f 1376 1192 1206
f 1377 1206 1232
f 1378 1232 1205
f 1379 1205 1231
f 1231 1380 1379
f 1205 1379 1378
f 1232 1378 1377
f 1206 1377 1376
f 1192 1376 1375
f 1233 1375 1374
f 1207 1374 1373
f 1208 1373 1372
f 1209 1372 1371
f 1288 1371 1370
f 1265 1370 1369
f 1266 1369 1368
f 1267 1368 1367
f 1268 1367 1366
f 1234 1366 1365
f 1210 1365 1364
f 1269 1364 1363
f 1235 1363 1362
f 1289 1362 1361
f 1290 1361 1360
f 1301 1360 1359
f 1291 1359 1358
f 1292 1358 1357
f 1293 1357 1356
f 1302 1356 1355
f 1294 1355 1354
f 1270 1354 1353
f 1303 1353 1352
f 1271 1352 1351
f 1236 1351 1350
f 1237 1350 1349
f 1304 1349 1348
f 1295 1348 1347
f 1296 1347 1346
f 1305 1346 1345
f 1307 1345 1344
f 1308 1344 1343
f 1306 1343 1342
f 1313 1342 1341
f 1309 1341 1340
f 1310 1340 1339
f 1311 1339 1338
f 1272 1338 1337
f 1238 1337 1336
f 1239 1336 1335
f 1240 1335 1334
f 1181 1334 1333
f 1182 1333 1332
f 1180 1332 1331
f 1184 1331 1330
f 1185 1330 1329
f 1186 1329 1328
f 1187 1328 1327
f 1211 1327 1326
f 1212 1326 1325
f 1213 1325 1324
f 1193 1324 1323
f 1214 1323 1322
f 1215 1322 1321
f 1216 1321 1320
f 1273 1320 1319
f 1217 1319 1318
f 1194 1318 1317
f 1195 1317 1316
f 1196 1316 1315
f 1188 1315 1314
f 1189 1314 1381
f 1381 1241 1189
f 1382 1204 1203
f 1383 1203 1230
f 1384 1230 1264
f 1385 1264 1263
f 1386 1263 1287
f 1387 1287 1286
f 1388 1286 1229
f 1389 1229 1262
f 1390 1262 1261
f 1391 1261 1228
f 1392 1228 1202
f 1393 1202 1201
f 1394 1201 1227
f 1395 1227 1226
f 1396 1226 1225
f 1397 1225 1260
f 1398 1260 1300
f 1399 1300 1259
f 1400 1259 1285
f 1401 1285 1284
f 1402 1284 1258
f 1403 1258 1257
f 1404 1257 1256
f 1405 1256 1255
f 1406 1255 1224
f 1407 1224 1223
f 1408 1223 1254
f 1409 1254 1312
f 1410 1312 1299
f 1411 1299 1283
f 1412 1283 1282
f 1413 1282 1253
f 1414 1253 1252
f 1415 1252 1251
f 1416 1251 1281
f 1417 1281 1280
f 1418 1280 1279
f 1419 1279 1298
f 1420 1298 1278
f 1421 1278 1222
f 1422 1222 1250
f 1423 1250 1249
f 1424 1249 1221
f 1425 1221 1220
f 1426 1220 1219
f 1427 1219 1248
f 1428 1248 1200
f 1429 1200 1199
f 1430 1199 1198
f 1431 1198 1197
f 1432 1197 1183
f 1433 1183 1191
f 1434 1191 1190
f 1435 1190 1247
f 1436 1247 1277
f 1437 1277 1276
f 1438 1276 1275
f 1439 1275 1246
f 1440 1246 1245
f 1441 1245 1274
f 1442 1274 1297
f 1443 1297 1244
f 1444 1244 1243
f 1445 1243 1242
f 1446 1242 1218
f 1447 1218 1241
f 1241 1381 1447
f 1218 1447 1446
f 1242 1446 1445
f 1243 1445 1444
f 1244 1444 1443
f 1297 1443 1442
f 1274 1442 1441
f 1245 1441 1440
f 1246 1440 1439
f 1275 1439 1438
f 1276 1438 1437
f 1277 1437 1436
f 1247 1436 1435
f 1190 1435 1434
f 1191 1434 1433
f 1183 1433 1432
f 1197 1432 1431
f 1198 1431 1430
f 1199 1430 1429
f 1200 1429 1428
f 1248 1428 1427
f 1219 1427 1426
f 1220 1426 1425
f 1221 1425 1424
f 1249 1424 1423
f 1250 1423 1422
f 1222 1422 1421
f 1278 1421 1420
f 1298 1420 1419
f 1279 1419 1418
f 1280 1418 1417
f 1281 1417 1416
f 1251 1416 1415
f 1252 1415 1414
f 1253 1414 1413
f 1282 1413 1412
f 1283 1412 1411
f 1299 1411 1410
f 1312 1410 1409
f 1254 1409 1408
f 1223 1408 1407
f 1224 1407 1406
f 1255 1406 1405
f 1256 1405 1404
f 1257 1404 1403
f 1258 1403 1402
f 1284 1402 1401
f 1285 1401 1400
f 1259 1400 1399
f 1300 1399 1398
f 1260 1398 1397
f 1225 1397 1396
f 1226 1396 1395
f 1227 1395 1394
f 1201 1394 1393
f 1202 1393 1392
f 1228 1392 1391
f 1261 1391 1390
f 1262 1390 1389
f 1229 1389 1388
f 1286 1388 1387
f 1287 1387 1386
f 1263 1386 1385
f 1264 1385 1384
f 1230 1384 1383
f 1203 1383 1382
f 308 1380 1382
f 1382 328 308
f 1382 1448 328
f 1380 1231 1204
f 328 1448 1449
f 1450 1449 1448
f 1204 1382 1380
f 307 735 1380
f 1448 1451 1450
f 1380 308 307
f 1449 734 328
f 1416 1452 1453
f 1416 1454 1452
f 1454 1417 1418
f 1453 1415 1416
f 1421 1455 1456
f 1454 1419 1420
f 1416 1417 1454
f 1456 1457 1421
f 821 916 915
f 821 824 917
f 1418 1419 1454
f 1421 1458 1455
f 1421 1459 1460
f 789 788 907
f 788 787 908
f 787 786 909
f 785 913 912
f 915 785 821
f 821 825 824
f 781 1381 1314
f 1461 1410 1411
f 1457 1454 1421
f 1421 1462 1459
f 1421 1463 1464
f 1421 1465 1466
f 1421 1467 1468
f 821 1469 1470
f 906 790 789
f 909 908 787
f 785 910 909
f 912 911 785
f 915 914 785
f 821 826 825
f 781 1447 1381
f 1314 1315 781
f 185 1320 1321
f 735 736 53
f 1461 1414 1415
f 1411 1412 1461
f 1461 1408 1409
f 1460 1458 1421
f 1464 1471 1421
f 1421 1472 1473
f 1468 1465 1421
f 821 1474 1469
f 821 822 1475
f 820 881 880
f 908 907 788
f 911 910 785
f 917 916 821
f 821 828 827
f 781 1318 171
f 781 1316 1317
f 1315 1316 781
f 185 1326 1327
f 185 1324 1325
f 1321 1322 185
f 1322 1323 185
f 53 50 735
f 1461 1413 1414
f 1409 1410 1461
f 1461 1406 1407
f 1471 1462 1421
f 1466 1472 1421
f 1475 1474 821
f 822 1476 1477
f 784 875 874
f 880 784 820
f 819 818 882
f 816 884 883
f 815 885 884
f 814 886 885
f 808 891 890
f 909 786 785
f 827 826 821
f 1423 847 849
f 1317 1318 781
f 171 169 781
f 781 1446 1447
f 1325 1326 185
f 185 1335 1336
f 185 1332 1333
f 13 1364 1365
f 50 51 735
f 1412 1413 1461
f 1461 1405 1406
f 1473 1463 1421
f 1421 1478 1479
f 822 1480 1475
f 822 1481 1482
f 822 1483 1476
f 822 1484 1485
f 822 1486 1487
f 823 1488 1489
f 783 874 873
f 784 876 875
f 784 878 877
f 784 880 879
f 882 881 819
f 818 817 883
f 884 816 815
f 885 815 814
f 890 809 808
f 807 806 892
f 914 913 785
f 821 830 829
f 821 834 833
f 821 836 835
f 849 848 1423
f 781 159 157
f 185 1328 1329
f 1323 1324 185
f 185 1334 1335
f 185 1331 1332
f 187 1339 1340
f 188 1343 1344
f 5 3 1346
f 9 1352 1353
f 9 7 1351
f 13 1369 1370
f 13 1367 1368
f 1365 1366 13
f 13 1362 1363
f 13 11 1361
f 735 1375 1376
f 736 55 53
f 688 732 942
f 732 943 941
f 1006 727 726
f 1006 729 728
f 1490 823 974
f 1478 1422 1423
f 1407 1408 1461
f 1479 1467 1421
f 1482 1480 822
f 1485 1483 822
f 822 1491 1486
f 1489 822 823
f 1492 1385 1386
f 874 783 784
f 879 878 784
f 883 882 818
f 814 813 886
f 892 891 807
f 806 805 893
f 829 828 821
f 821 832 831
f 835 834 821
f 1423 850 847
f 1423 853 852
f 781 161 159
f 1327 1328 185
f 183 1319 1320
f 1333 1334 185
f 187 1338 1339
f 187 1336 1337
f 188 1342 1343
f 3 1345 1346
f 7 1349 1350
f 7 5 1348
f 9 1354 1355
f 1351 1352 9
f 1370 1371 13
f 1371 1372 13
f 1366 1367 13
f 1361 1362 13
f 735 1378 1379
f 1376 1377 735
f 1374 735 25
f 736 57 55
f 941 942 732
f 1006 725 724
f 728 727 1006
f 974 973 1490
f 823 977 976
f 1478 1421 1422
f 1420 1421 1454
f 1461 1403 1404
f 1461 1401 1402
f 1461 1399 1400
f 1461 1395 1396
f 1477 1481 822
f 822 1493 1494
f 1487 1495 822
f 1489 1496 822
f 1497 1382 1383
f 1383 1498 1497
f 1385 1492 1499
f 1386 1500 1501
f 1386 1501 1492
f 877 876 784
f 883 817 816
f 813 812 887
f 812 811 888
f 893 892 806
f 804 894 893
f 794 793 903
f 793 792 904
f 791 905 904
f 790 906 905
f 831 830 821
f 821 837 836
f 821 840 839
f 848 846 1423
f 852 851 1423
f 783 866 865
f 783 1432 1433
f 776 71 69
f 770 769 81
f 781 149 147
f 781 163 161
f 169 167 781
f 1320 185 183
f 1329 1330 185
f 185 1330 1331
f 1337 1338 187
f 188 1341 1342
f 3 1344 1345
f 1348 1349 7
f 1353 1354 9
f 11 1358 1359
f 11 9 1356
f 1363 1364 13
f 1377 1378 735
f 25 23 1374
f 735 45 43
f 51 47 735
f 732 944 943
f 1006 723 722
f 726 725 1006
f 1006 731 730
f 713 1010 1009
f 707 706 921
f 1490 970 969
f 973 972 1490
f 976 975 823
f 823 686 983
f 1415 1453 1461
f 1402 1403 1461
f 821 1502 1503
f 1461 1398 1399
f 1396 1397 1461
f 1461 1388 1389
f 1461 1386 1387
f 821 1504 1505
f 1494 1484 822
f 1496 1491 822
f 1497 1506 1382
f 1386 1507 1508
f 820 819 881
f 888 887 812
f 809 890 889
f 893 805 804
f 801 800 897
f 797 900 899
f 796 901 900
f 795 794 902
f 904 903 793
f 905 791 790
f 833 832 821
f 839 838 821
f 1423 845 844
f 851 850 1423
f 783 860 859
f 865 864 783
f 783 1431 1432
f 69 777 776
f 775 774 73
f 771 79 77
f 79 771 770
f 781 151 149
f 781 155 153
f 781 165 163
f 1318 173 171
f 1318 177 175
f 177 1318 1319
f 1340 188 187
f 188 1340 1341
f 1346 1347 5
f 1355 1356 9
f 1359 1360 11
f 1356 1357 11
f 1368 1369 13
f 15 13 1373
f 1374 1375 735
f 735 33 31
f 735 37 35
f 735 41 39
f 47 45 735
f 736 61 59
f 750 113 111
f 749 115 113
f 748 117 115
f 747 746 119
f 746 745 121
f 732 945 944
f 733 953 952
f 733 957 956
f 1006 719 718
f 1006 721 720
f 724 723 1006
f 1006 687 731
f 1009 714 713
f 712 711 1011
f 708 920 919
f 920 708 707
f 696 695 930
f 694 693 932
f 692 933 932
f 690 689 935
f 967 966 1509
f 1490 971 970
f 975 974 823
f 823 980 979
f 983 982 823
f 687 996 995
f 1404 1405 1461
f 1503 1510 821
f 1397 1398 1461
f 1461 1393 1394
f 1387 1388 1461
f 1389 1390 1461
f 821 1511 1504
f 821 1512 1513
f 1495 1493 822
f 823 1490 1514
f 1506 1515 1382
f 1383 1516 1517
f 1383 1518 1519
f 1384 1520 1521
f 1522 1384 1385
f 1508 1500 1386
f 887 886 813
f 810 889 888
f 808 807 891
f 803 895 894
f 802 896 895
f 896 802 801
f 800 799 898
f 799 798 899
f 900 797 796
f 901 796 795
f 904 792 791
f 838 837 821
f 846 845 1423
f 783 861 860
f 783 867 866
f 783 869 868
f 783 871 870
f 783 1438 1439
f 1433 1434 783
f 783 1428 1429
f 73 71 775
f 774 773 75
f 772 77 75
f 81 79 770
f 769 768 83
f 768 767 85
f 765 89 87
f 764 763 91
f 763 762 93
f 153 151 781
f 167 165 781
f 1319 179 177
f 183 181 1319
f 1344 3 188
f 1350 1351 7
f 1357 1358 11
f 1373 1374 15
f 735 27 25
f 31 29 735
f 39 37 735
f 59 57 736
f 755 105 103
f 754 107 105
f 753 752 109
f 752 751 111
f 113 750 749
f 115 749 748
f 121 119 746
f 742 741 127
f 966 733 1523
f 688 939 938
f 942 940 688
f 950 732 733
f 733 954 953
f 956 955 733
f 720 719 1006
f 730 729 1006
f 1011 1010 712
f 711 710 918
f 709 919 918
f 921 920 707
f 705 704 923
f 703 924 923
f 702 925 924
f 697 929 928
f 929 697 696
f 695 694 931
f 932 693 692
f 691 934 933
f 934 691 690
f 967 1524 1525
f 1509 1526 967
f 968 1527 1528
f 968 967 1529
f 972 971 1490
f 979 978 823
f 686 984 983
f 686 687 991
f 687 997 996
f 687 1002 1001
f 1510 1478 821
f 1394 1395 1461
f 1461 1391 1392
f 1390 1391 1461
f 1505 1530 821
f 821 1531 1512
f 821 1532 1533
f 1514 1488 823
f 1517 1498 1383
f 1383 1534 1518
f 1534 1383 1384
f 1384 1535 1520
f 1384 1522 1536
f 1385 1537 1538
f 1386 1461 1507
f 888 811 810
f 894 804 803
f 897 896 801
f 899 898 799
f 902 901 795
f 907 906 789
f 1423 841 840
f 1423 843 842
f 1423 854 853
f 1423 857 856
f 1423 859 858
f 783 862 861
f 868 867 783
f 783 872 871
f 782 783 1446
f 783 1443 1444
f 783 1437 1438
f 1434 1435 783
f 1429 1430 783
f 783 1423 1424
f 778 67 65
f 777 69 67
f 75 73 774
f 77 772 771
f 85 83 768
f 766 87 85
f 87 766 765
f 93 91 763
f 761 95 93
f 760 97 95
f 759 99 97
f 157 155 781
f 181 179 1319
f 1347 1348 5
f 1372 1373 13
f 1374 19 17
f 1374 23 21
f 29 27 735
f 43 41 735
f 105 755 754
f 107 754 753
f 111 751 750
f 119 117 747
f 743 125 123
f 125 743 742
f 740 739 131
f 738 133 131
f 1523 1539 966
f 1540 733 734
f 940 939 688
f 732 947 946
f 733 951 950
f 955 954 733
f 733 959 958
f 733 963 962
f 722 721 1006
f 717 716 1007
f 715 1008 1007
f 714 1009 1008
f 918 1011 711
f 919 709 708
f 706 705 922
f 923 704 703
f 924 703 702
f 701 700 926
f 700 699 927
f 698 928 927
f 930 929 696
f 932 931 694
f 935 934 690
f 689 688 936
f 1526 1524 967
f 1529 1527 968
f 978 977 823
f 982 981 823
f 991 990 686
f 687 998 997
f 1001 1000 687
f 1382 1541 1542
f 1382 1515 1543
f 1400 1401 1461
f 1392 1393 1461
f 1513 1511 821
f 1470 1532 821
f 1383 1544 1516
f 1384 1545 1534
f 1536 1535 1384
f 1499 1537 1385
f 889 810 809
f 898 897 800
f 903 902 794
f 842 841 1423
f 1423 855 854
f 858 857 1423
f 783 863 862
f 870 869 783
f 783 1445 1446
f 783 1442 1443
f 783 1436 1437
f 1430 1431 783
f 783 1426 1427
f 1424 1425 783
f 1425 1426 783
f 736 780 63
f 780 779 65
f 67 778 777
f 75 773 772
f 85 767 766
f 91 89 764
f 95 761 760
f 97 760 759
f 737 141 139
f 781 145 143
f 175 173 1318
f 1360 1361 11
f 21 19 1374
f 35 33 735
f 109 107 753
f 748 747 117
f 744 123 121
f 127 125 742
f 131 739 738
f 737 135 133
f 966 1546 1547
f 733 1548 1523
f 734 1549 1550
f 734 1551 1552
f 734 1553 1554
f 946 945 732
f 732 949 948
f 952 951 733
f 733 960 959
f 962 961 733
f 733 965 964
f 1007 1006 717
f 1008 715 714
f 918 710 709
f 923 922 705
f 926 925 701
f 927 699 698
f 931 930 695
f 936 935 689
f 1528 1490 968
f 981 980 823
f 686 987 986
f 687 992 991
f 687 994 993
f 687 999 998
f 687 1003 1002
f 1382 1555 1556
f 1543 1541 1382
f 1533 1531 821
f 1519 1544 1383
f 1385 1538 1522
f 895 803 802
f 840 821 1423
f 856 855 1423
f 864 863 783
f 1444 1445 783
f 783 1440 1441
f 1435 1436 783
f 65 63 780
f 776 775 71
f 765 764 89
f 759 758 99
f 139 137 737
f 143 737 781
f 1336 187 185
f 1379 1380 735
f 111 109 752
f 123 744 743
f 741 740 129
f 133 738 737
f 1539 1546 966
f 733 1557 1558
f 734 1550 1540
f 734 1559 1560
f 734 1561 1562
f 734 1563 1564
f 734 1565 1566
f 1554 1551 734
f 938 937 688
f 950 949 732
f 961 960 733
f 733 966 965
f 1007 716 715
f 922 921 706
f 927 926 700
f 933 692 691
f 969 968 1490
f 986 985 686
f 993 992 687
f 1000 999 687
f 687 1006 1005
f 1382 1567 1568
f 1542 1555 1382
f 1530 1502 821
f 1521 1545 1384
f 899 798 797
f 859 1423 783
f 1441 1442 783
f 1427 1428 783
f 65 779 778
f 93 762 761
f 143 141 737
f 17 15 1374
f 758 757 101
f 757 756 103
f 121 745 744
f 131 129 740
f 966 1569 1570
f 1547 1571 966
f 1540 1557 733
f 734 1572 1559
f 734 1573 1574
f 1562 1575 734
f 734 1576 1563
f 1552 1565 734
f 948 947 732
f 964 963 733
f 713 712 1010
f 928 698 697
f 985 984 686
f 686 989 988
f 995 994 687
f 1005 1004 687
f 1004 1003 687
f 1556 1567 1382
f 1423 821 1478
f 844 843 1423
f 1439 1440 783
f 83 81 769
f 147 145 781
f 103 101 757
f 129 127 741
f 1570 1577 966
f 1558 1548 733
f 734 1578 1572
f 1575 1573 734
f 1566 1576 734
f 734 1579 1580
f 734 1581 1582
f 734 1449 1583
f 958 957 733
f 702 701 925
f 988 987 686
f 1446 781 782
f 137 135 737
f 103 756 755
f 1571 1569 966
f 1574 1578 734
f 1580 1553 734
f 1564 1561 734
f 1583 1581 734
f 1582 1579 734
f 718 717 1006
f 990 989 686
f 873 872 783
f 101 99 758
f 1560 1549 734
f 1525 1529 967
f 63 61 736
f 1568 1448 1382
f 937 936 688
f 1577 1509 966
f 1584 1118 1117
f 1585 1586 1122
f 1587 1127 1126
f 1588 1169 1168
f 1117 1589 1584
f 1590 1120 1119
f 1591 1592 1121
f 1121 1592 1585
f 1593 1125 1124
f 1594 1595 1126
f 1126 1595 1587
f 1596 1597 1145
f 1598 1146 1145
f 1599 1160 1159
f 1600 1601 1168
f 1168 1601 1588
f 1602 1603 1110
f 1604 1605 1117
f 1117 1605 1589
f 1606 1607 1119
f 1119 1607 1590
f 1122 1121 1585
f 1608 1609 1124
f 1124 1609 1593
f 1587 1610 1127
f 1611 1612 1143
f 1144 1613 1596
f 1145 1597 1598
f 1614 1148 1147
f 1615 1616 1150
f 1617 1450 1159
f 1159 1451 1599
f 1588 1618 1169
f 1618 1619 1170
f 1620 1621 1171
f 1622 1109 1108
f 1109 1622 1602
f 1623 1111 1110
f 1624 1113 1112
f 1625 1626 1115
f 1627 1116 1115
f 1116 1627 1604
f 1119 1118 1606
f 1121 1120 1591
f 1628 1123 1122
f 1123 1628 1608
f 1126 1125 1594
f 1610 1629 1128
f 1630 1631 1129
f 1632 1633 1131
f 1634 1132 1131
f 1142 1635 1611
f 1613 1144 1143
f 1598 1636 1146
f 1636 1637 1147
f 1147 1637 1614
f 1638 1639 1149
f 1149 1639 1615
f 1640 1151 1150
f 1641 1642 1152
f 1643 1153 1152
f 1644 1155 1154
f 1645 1158 1157
f 1158 1645 1617
f 1159 1450 1451
f 1646 1647 1161
f 1648 1162 1161
f 1170 1169 1618
f 1170 1619 1620
f 1649 1650 1173
f 1651 1174 1173
f 1652 1176 1175
f 1653 1654 1108
f 1110 1109 1602
f 1110 1603 1623
f 1655 1656 1112
f 1112 1656 1624
f 1657 1658 1114
f 1114 1658 1625
f 1117 1116 1604
f 1590 1591 1120
f 1124 1123 1608
f 1128 1127 1610
f 1128 1629 1630
f 1659 1130 1129
f 1130 1659 1632
f 1131 1633 1634
f 1660 1661 1138
f 1662 1139 1138
f 1143 1612 1613
f 1147 1146 1636
f 1149 1148 1638
f 1150 1616 1640
f 1151 1640 1641
f 1152 1642 1643
f 1663 1664 1154
f 1154 1664 1644
f 1665 1666 1157
f 1159 1158 1617
f 1161 1160 1646
f 1161 1647 1648
f 1667 1668 1163
f 1669 1670 1164
f 1671 1167 1166
f 1171 1170 1620
f 1672 1172 1171
f 1172 1672 1649
f 1173 1650 1651
f 1673 1674 1175
f 1175 1674 1652
f 1675 1106 1105
f 1676 1677 1107
f 1107 1677 1653
f 1623 1655 1111
f 1624 1657 1113
f 1115 1114 1625
f 1584 1606 1118
f 1593 1594 1125
f 1129 1631 1659
f 1634 1678 1132
f 1678 1679 1133
f 1680 1681 1136
f 1682 1137 1136
f 1137 1682 1660
f 1138 1661 1662
f 1683 1684 1140
f 1685 1141 1140
f 1145 1144 1596
f 1150 1149 1615
f 1643 1663 1153
f 1644 1686 1155
f 1686 1687 1156
f 1156 1687 1665
f 1599 1646 1160
f 1163 1162 1667
f 1163 1668 1669
f 1688 1165 1164
f 1689 1690 1166
f 1166 1690 1671
f 1171 1621 1672
f 1651 1673 1174
f 1652 1691 1176
f 1105 1692 1675
f 1108 1107 1653
f 1112 1111 1655
f 1115 1626 1627
f 1129 1128 1630
f 1133 1132 1678
f 1693 1134 1133
f 1694 1695 1135
f 1135 1695 1680
f 1138 1137 1660
f 1140 1139 1683
f 1140 1684 1685
f 1696 1635 1142
f 1614 1638 1148
f 1154 1153 1663
f 1157 1156 1665
f 1648 1667 1162
f 1164 1670 1688
f 1165 1688 1689
f 1168 1167 1600
f 1175 1174 1673
f 1697 1698 1178
f 1699 1700 1096
f 1701 1097 1096
f 1702 1099 1098
f 1703 1704 1101
f 1705 1706 1103
f 1707 1104 1103
f 1708 1692 1105
f 1107 1106 1676
f 1114 1113 1657
f 1131 1130 1632
f 1133 1679 1693
f 1136 1135 1680
f 1662 1683 1139
f 1142 1141 1696
f 1152 1151 1641
f 1157 1666 1645
f 1166 1165 1689
f 1173 1172 1649
f 1691 1709 1177
f 1177 1709 1697
f 1710 1179 1178
f 1179 1710 1699
f 1096 1700 1701
f 1711 1712 1098
f 1098 1712 1702
f 1713 1714 1100
f 1100 1714 1703
f 1715 1102 1101
f 1102 1715 1705
f 1103 1706 1707
f 1675 1676 1106
f 1122 1586 1628
f 1135 1134 1694
f 1685 1696 1141
f 1156 1155 1686
f 1671 1600 1167
f 1178 1177 1697
f 1096 1179 1699
f 1098 1097 1711
f 1100 1099 1713
f 1101 1704 1715
f 1707 1708 1104
f 1108 1654 1622
f 1136 1681 1682
f 1164 1163 1669
f 1178 1698 1710
f 1702 1713 1099
f 1103 1102 1705
f 1693 1694 1134
f 1177 1176 1691
f 1101 1100 1703
f 1143 1142 1611
f 1105 1104 1708
f 1701 1711 1097
f 1470 1605 1604
f 1532 1604 1627
f 1533 1627 1626
f 1531 1626 1625
f 1512 1625 1658
f 1513 1658 1657
f 1511 1657 1624
f 1504 1624 1656
f 1505 1656 1655
f 1530 1655 1623
f 1502 1623 1603
f 1503 1603 1602
f 1510 1602 1622
f 1478 1622 1654
f 1479 1654 1653
f 1467 1653 1677
f 1468 1677 1676
f 1465 1676 1675
f 1466 1675 1692
f 1472 1692 1708
f 1473 1708 1707
f 1463 1707 1706
f 1464 1706 1705
f 1471 1705 1715
f 1462 1715 1704
f 1459 1704 1703
f 1460 1703 1714
f 1458 1714 1713
f 1455 1713 1702
f 1456 1702 1712
f 1457 1712 1711
f 1454 1711 1701
f 1452 1701 1700
f 1453 1700 1699
f 1461 1699 1710
f 1507 1710 1698
f 1508 1698 1697
f 1500 1697 1709
f 1501 1709 1691
f 1492 1691 1652
f 1499 1652 1674
f 1537 1674 1673
f 1538 1673 1651
f 1522 1651 1650
f 1536 1650 1649
f 1535 1649 1672
f 1520 1672 1621
f 1521 1621 1620
f 1545 1620 1619
f 1534 1619 1618
f 1518 1618 1588
f 1519 1588 1601
f 1544 1601 1600
f 1516 1600 1671
f 1517 1671 1690
f 1498 1690 1689
f 1497 1689 1688
f 1506 1688 1670
f 1515 1670 1669
f 1543 1669 1668
f 1541 1668 1667
f 1542 1667 1648
f 1555 1648 1647
f 1556 1647 1646
f 1567 1646 1599
f 1568 1599 1451
f 1451 1448 1568
f 1599 1568 1567
f 1646 1567 1556
f 1647 1556 1555
f 1648 1555 1542
f 1667 1542 1541
f 1668 1541 1543
f 1669 1543 1515
f 1670 1515 1506
f 1688 1506 1497
f 1689 1497 1498
f 1690 1498 1517
f 1671 1517 1516
f 1600 1516 1544
f 1601 1544 1519
f 1588 1519 1518
f 1618 1518 1534
f 1619 1534 1545
f 1620 1545 1521
f 1621 1521 1520
f 1672 1520 1535
f 1649 1535 1536
f 1650 1536 1522
f 1651 1522 1538
f 1673 1538 1537
f 1674 1537 1499
f 1652 1499 1492
f 1691 1492 1501
f 1709 1501 1500
f 1697 1500 1508
f 1698 1508 1507
f 1710 1507 1461
f 1699 1461 1453
f 1700 1453 1452
f 1701 1452 1454
f 1711 1454 1457
f 1712 1457 1456
f 1702 1456 1455
f 1713 1455 1458
f 1714 1458 1460
f 1703 1460 1459
f 1704 1459 1462
f 1715 1462 1471
f 1705 1471 1464
f 1706 1464 1463
f 1707 1463 1473
f 1708 1473 1472
f 1692 1472 1466
f 1675 1466 1465
f 1676 1465 1468
f 1677 1468 1467
f 1653 1467 1479
f 1654 1479 1478
f 1622 1478 1510
f 1602 1510 1503
f 1603 1503 1502
f 1623 1502 1530
f 1655 1530 1505
f 1656 1505 1504
f 1624 1504 1511
f 1657 1511 1513
f 1658 1513 1512
f 1625 1512 1531
f 1626 1531 1533
f 1627 1533 1532
f 1604 1532 1470
f 1449 1450 1617
f 1583 1617 1645
f 1581 1645 1666
f 1582 1666 1665
f 1579 1665 1687
f 1580 1687 1686
f 1553 1686 1644
f 1554 1644 1664
f 1551 1664 1663
f 1552 1663 1643
f 1565 1643 1642
f 1566 1642 1641
f 1576 1641 1640
f 1563 1640 1616
f 1564 1616 1615
f 1561 1615 1639
f 1562 1639 1638
f 1575 1638 1614
f 1573 1614 1637
f 1574 1637 1636
f 1578 1636 1598
f 1572 1598 1597
f 1559 1597 1596
f 1560 1596 1613
f 1549 1613 1612
f 1550 1612 1611
f 1540 1611 1635
f 1557 1635 1696
f 1558 1696 1685
f 1548 1685 1684
f 1523 1684 1683
f 1539 1683 1662
f 1546 1662 1661
f 1547 1661 1660
f 1571 1660 1682
f 1569 1682 1681
f 1570 1681 1680
f 1577 1680 1695
f 1509 1695 1694
f 1526 1694 1693
f 1524 1693 1679
f 1525 1679 1678
f 1529 1678 1634
f 1527 1634 1633
f 1528 1633 1632
f 1490 1632 1659
f 1514 1659 1631
f 1488 1631 1630
f 1489 1630 1629
f 1496 1629 1610
f 1491 1610 1587
f 1486 1587 1595
f 1487 1595 1594
f 1495 1594 1593
f 1493 1593 1609
f 1494 1609 1608
f 1484 1608 1628
f 1485 1628 1586
f 1483 1586 1585
f 1476 1585 1592
f 1477 1592 1591
f 1481 1591 1590
f 1482 1590 1607
f 1480 1607 1606
f 1475 1606 1584
f 1474 1584 1589
f 1589 1469 1474
f 1584 1474 1475
f 1606 1475 1480
f 1607 1480 1482
f 1590 1482 1481
f 1591 1481 1477
f 1592 1477 1476
f 1585 1476 1483
f 1586 1483 1485
f 1628 1485 1484
f 1608 1484 1494
f 1609 1494 1493
f 1593 1493 1495
f 1594 1495 1487
f 1595 1487 1486
f 1587 1486 1491
f 1610 1491 1496
f 1629 1496 1489
f 1630 1489 1488
f 1631 1488 1514
f 1659 1514 1490
f 1632 1490 1528
f 1633 1528 1527
f 1634 1527 1529
f 1678 1529 1525
f 1679 1525 1524
f 1693 1524 1526
f 1694 1526 1509
f 1695 1509 1577
f 1680 1577 1570
f 1681 1570 1569
f 1682 1569 1571
f 1660 1571 1547
f 1661 1547 1546
f 1662 1546 1539
f 1683 1539 1523
f 1684 1523 1548
f 1685 1548 1558
f 1696 1558 1557
f 1635 1557 1540
f 1611 1540 1550
f 1612 1550 1549
f 1613 1549 1560
f 1596 1560 1559
f 1597 1559 1572
f 1598 1572 1578
f 1636 1578 1574
f 1637 1574 1573
f 1614 1573 1575
f 1638 1575 1562
f 1639 1562 1561
f 1615 1561 1564
f 1616 1564 1563
f 1640 1563 1576
f 1641 1576 1566
f 1642 1566 1565
f 1643 1565 1552
f 1663 1552 1551
f 1664 1551 1554
f 1644 1554 1553
f 1686 1553 1580
f 1687 1580 1579
f 1665 1579 1582
f 1666 1582 1581
f 1645 1581 1583
f 1617 1583 1449
f 1605 1470 1469
f 1469 1589 1605
